group,interval_start,interval_end,owner_date,effective_version,price_yuan_kWh,actual_load_kW,actual_pv_kW,net_kWh,q0_kWh,q_eff_kWh,charge_kWh,discharge_kWh,emergency_kWh,unused_kWh,state_start_kWh,state_end_kWh,ordinary_cost_yuan,adjustment_cost_yuan,emergency_cost_yuan,total_cost_yuan
Q43,2025-03-20 00:00:00,2025-03-20 00:10:00,2025-03-19,2025-03-19 12:00,0.4495,3410.51,0.0,568.4183333333333,0.0,0.0,0.0,568.4183333333333,0.0,0.0,2852.911395410464,2221.3354694845384,0.0,0.0,0.0,0.0
Q43,2025-03-20 00:10:00,2025-03-20 00:20:00,2025-03-20,2025-03-20 00:00,0.4487,3299.0689,0.0,549.8448166666667,598.9244615470104,598.9244615470104,49.07964488034372,0.0,0.0,0.0,2221.3354694845384,2265.507149876848,268.73740589614357,0.0,0.0,268.73740589614357
Q43,2025-03-20 00:20:00,2025-03-20 00:30:00,2025-03-20,2025-03-20 00:00,0.4373,3421.881,0.0,570.3135,992.6212395732127,992.6212395732127,422.30773957321276,0.0,0.0,0.0,2265.507149876848,2645.5841154927393,434.07326806536594,0.0,0.0,434.07326806536594
Q43,2025-03-20 00:30:00,2025-03-20 00:40:00,2025-03-20,2025-03-20 00:00,0.4311,3683.11,0.0,613.8516666666667,1423.5854735331445,1423.5854735331445,809.7338068664778,0.0,0.0,0.0,2645.5841154927393,3374.3445416725694,613.7076976401386,0.0,0.0,613.7076976401386
Q43,2025-03-20 00:40:00,2025-03-20 00:50:00,2025-03-20,2025-03-20 00:00,0.4344,3476.737,0.0,579.4561666666666,1428.506378349246,1428.506378349246,833.3333333333334,0.0,0.0,15.71687834924603,3374.3445416725694,4124.34454167257,620.5431707549125,0.0,0.0,620.5431707549125
Q43,2025-03-20 00:50:00,2025-03-20 01:00:00,2025-03-20,2025-03-20 00:00,0.4238,3302.6695,0.0,550.4449166666666,1434.2092951527284,1434.2092951527284,833.3333333333334,0.0,0.0,50.431045152728416,4124.34454167257,4874.34454167257,607.8178992857263,0.0,0.0,607.8178992857263
Q43,2025-03-20 01:00:00,2025-03-20 01:10:00,2025-03-20,2025-03-20 00:00,0.4296,3426.94,0.0,571.1566666666666,1431.649388801448,1431.649388801448,833.3333333333334,0.0,0.0,27.159388801447903,4874.34454167257,5624.34454167257,615.036577429102,0.0,0.0,615.036577429102
Q43,2025-03-20 01:10:00,2025-03-20 01:20:00,2025-03-20,2025-03-20 00:00,0.4989,3609.5343,0.0,601.5890499999999,597.872223787549,597.872223787549,0.0,3.716826212450883,0.0,0.0,5624.34454167257,5620.2147347698465,298.27845244760823,0.0,0.0,298.27845244760823
Q43,2025-03-20 01:20:00,2025-03-20 01:30:00,2025-03-20,2025-03-20 00:00,0.5083,3668.9025,0.0,611.48375,594.0289596091945,594.0289596091945,0.0,17.454790390805442,0.0,0.0,5620.2147347698465,5600.820523224507,301.94492016935357,0.0,0.0,301.94492016935357
Q43,2025-03-20 01:30:00,2025-03-20 01:40:00,2025-03-20,2025-03-20 00:00,0.4468,3589.3,0.0,598.2166666666667,579.7397909004395,579.7397909004395,0.0,18.47687576622718,0.0,0.0,5600.820523224507,5580.290661262033,259.02773857431634,0.0,0.0,259.02773857431634
Q43,2025-03-20 01:40:00,2025-03-20 01:50:00,2025-03-20,2025-03-20 00:00,0.4284,3503.6157,0.0,583.9359499999999,1416.0465659867596,1416.0465659867596,832.1106159867596,0.0,0.0,0.0,5580.290661262033,6329.190215650116,606.6343488687278,0.0,0.0,606.6343488687278
Q43,2025-03-20 01:50:00,2025-03-20 02:00:00,2025-03-20,2025-03-20 00:00,0.4436,3545.9703,0.0,590.99505,597.5551074156919,597.5551074156919,6.560057415691858,0.0,0.0,0.0,6329.190215650116,6335.094267324239,265.0754456496009,0.0,0.0,265.0754456496009
Q43,2025-03-20 02:00:00,2025-03-20 02:10:00,2025-03-20,2025-03-20 00:00,0.454,3590.66,0.0,598.4433333333333,618.6201895341919,618.6201895341919,20.17685620085865,0.0,0.0,0.0,6335.094267324239,6353.253437905012,280.85356604852313,0.0,0.0,280.85356604852313
Q43,2025-03-20 02:10:00,2025-03-20 02:20:00,2025-03-20,2025-03-20 00:00,0.4404,3395.9017,0.0,565.9836166666666,602.6298698247585,602.6298698247585,36.646253158091895,0.0,0.0,0.0,6353.253437905012,6386.235065747294,265.39819467082367,0.0,0.0,265.39819467082367
Q43,2025-03-20 02:20:00,2025-03-20 02:30:00,2025-03-20,2025-03-20 00:00,0.4405,3276.7246,0.0,546.1207666666667,589.3618703188015,589.3618703188015,43.241103652134825,0.0,0.0,0.0,6386.235065747294,6425.152059034216,259.6139038754321,0.0,0.0,259.6139038754321
Q43,2025-03-20 02:30:00,2025-03-20 02:40:00,2025-03-20,2025-03-20 00:00,0.4545,3394.28,0.0,565.7133333333334,583.8414911857924,583.8414911857924,18.128157852459026,0.0,0.0,0.0,6425.152059034216,6441.4674011014295,265.35595774394267,0.0,0.0,265.35595774394267
Q43,2025-03-20 02:40:00,2025-03-20 02:50:00,2025-03-20,2025-03-20 00:00,0.4389,3587.5594,0.0,597.9265666666666,598.9096118614834,598.9096118614834,0.983045194816782,0.0,0.0,0.0,6441.4674011014295,6442.352141776764,262.8614286460051,0.0,0.0,262.8614286460051
Q43,2025-03-20 02:50:00,2025-03-20 03:00:00,2025-03-20,2025-03-20 00:00,0.3868,3605.7268,0.0,600.9544666666666,1446.7316733990385,1446.7316733990385,833.3333333333334,0.0,0.0,12.44387339903858,6442.352141776764,7192.352141776764,559.5958112707481,0.0,0.0,559.5958112707481
Q43,2025-03-20 03:00:00,2025-03-20 03:10:00,2025-03-20,2025-03-20 00:00,0.3634,3522.79,0.0,587.1316666666667,1452.2589339633696,1452.2589339633696,833.3333333333334,0.0,0.0,31.793933963369568,7192.352141776764,7942.352141776764,527.7508966022885,0.0,0.0,527.7508966022885
Q43,2025-03-20 03:10:00,2025-03-20 03:20:00,2025-03-20,2025-03-20 00:00,0.4416,3631.2618,0.0,605.2103,603.9971236104338,603.9971236104338,0.0,1.2131763895661152,0.0,0.0,7942.352141776764,7941.00416801058,266.7251297863676,0.0,0.0,266.7251297863676
Q43,2025-03-20 03:20:00,2025-03-20 03:30:00,2025-03-20,2025-03-20 00:00,0.4839,3731.3543,0.0,621.8923833333333,582.387075519209,582.387075519209,0.0,39.50530781412431,0.0,0.0,7941.00416801058,7897.109381550442,281.81710584374525,0.0,0.0,281.81710584374525
Q43,2025-03-20 03:30:00,2025-03-20 03:40:00,2025-03-20,2025-03-20 00:00,0.4574,3721.01,0.0,620.1683333333333,600.959305076836,600.959305076836,0.0,19.209028256497277,0.0,0.0,7897.109381550442,7875.766016821,274.8787861421448,0.0,0.0,274.8787861421448
Q43,2025-03-20 03:40:00,2025-03-20 03:50:00,2025-03-20,2025-03-20 00:00,0.4575,3699.7385,0.0,616.6230833333333,617.6169879704601,617.6169879704601,0.993904637126775,0.0,0.0,0.0,7875.766016821,7876.660530994414,282.5597719964855,0.0,0.0,282.5597719964855
Q43,2025-03-20 03:50:00,2025-03-20 04:00:00,2025-03-20,2025-03-20 00:00,0.4629,3674.7825,0.0,612.4637499999999,608.6089349480554,608.6089349480554,0.0,3.854815051944456,0.0,0.0,7876.660530994414,7872.37740315892,281.72507598745483,0.0,0.0,281.72507598745483
Q43,2025-03-20 04:00:00,2025-03-20 04:10:00,2025-03-20,2025-03-20 00:00,0.4426,3623.58,0.0,603.93,596.4085891630274,596.4085891630274,0.0,7.521410836972564,0.0,0.0,7872.37740315892,7864.020280006728,263.97044156355594,0.0,0.0,263.97044156355594
Q43,2025-03-20 04:10:00,2025-03-20 04:20:00,2025-03-20,2025-03-20 00:00,0.4023,3538.7697,0.0019,589.7946333333332,1457.7623830338744,1457.7623830338744,833.3333333333334,0.0,0.0,34.63441636720779,7864.020280006728,8614.020280006727,586.4578066945277,0.0,0.0,586.4578066945277
Q43,2025-03-20 04:20:00,2025-03-20 04:30:00,2025-03-20,2025-03-20 00:00,0.4075,3488.7843,0.0,581.4640499999999,1454.0309304652928,1454.0309304652928,833.3333333333334,0.0,0.0,39.23354713195954,8614.020280006727,9364.020280006727,592.5176041646068,0.0,0.0,592.5176041646068
Q43,2025-03-20 04:30:00,2025-03-20 04:40:00,2025-03-20,2025-03-20 00:00,0.452,3513.51,0.0,585.585,624.0710982079923,624.0710982079923,38.48609820799231,0.0,0.0,0.0,9364.020280006727,9398.65776839392,282.08013639001257,0.0,0.0,282.08013639001257
Q43,2025-03-20 04:40:00,2025-03-20 04:50:00,2025-03-20,2025-03-20 00:00,0.4646,3598.3779,0.0271,599.7251333333334,618.4410995052019,618.4410995052019,18.71596617186856,0.0,0.0,0.0,9398.65776839392,9415.5021379486,287.3277348301168,0.0,0.0,287.3277348301168
Q43,2025-03-20 04:50:00,2025-03-20 05:00:00,2025-03-20,2025-03-20 00:00,0.4561,3700.4359,0.0,616.7393166666666,625.8354664692126,625.8354664692126,9.096149802546051,0.0,0.0,0.0,9415.5021379486,9423.688672770892,285.4435562566079,0.0,0.0,285.4435562566079
Q43,2025-03-20 05:00:00,2025-03-20 05:10:00,2025-03-20,2025-03-20 00:00,0.4379,3753.57,0.0,625.595,617.8535352123372,617.8535352123372,0.0,7.741464787662835,0.0,0.0,9423.688672770892,9415.087045229044,270.55806306948244,0.0,0.0,270.55806306948244
Q43,2025-03-20 05:10:00,2025-03-20 05:20:00,2025-03-20,2025-03-20 00:00,0.4177,3716.9811,0.3776,619.4339166666666,1435.7326494888162,1435.7326494888162,816.2987328221495,0.0,0.0,0.0,9415.087045229044,10149.75590476898,599.7055276914786,0.0,0.0,599.7055276914786
Q43,2025-03-20 05:20:00,2025-03-20 05:30:00,2025-03-20,2025-03-20 00:00,0.464,3707.0664,0.0,617.8444,609.9066159980481,609.9066159980481,0.0,7.937784001951854,0.0,0.0,10149.75590476898,10140.93614476681,282.99666982309435,0.0,0.0,282.99666982309435
Q43,2025-03-20 05:30:00,2025-03-20 05:40:00,2025-03-20,2025-03-20 00:00,0.4802,3642.69,0.0,607.115,618.6626608046897,618.6626608046897,11.547660804689713,0.0,0.0,0.0,10140.93614476681,10151.329039491031,297.081809718412,0.0,0.0,297.081809718412
Q43,2025-03-20 05:40:00,2025-03-20 05:50:00,2025-03-20,2025-03-20 00:00,0.352,3457.8398,5.2594,575.4300666666667,1440.488937806303,1440.488937806303,720.7455116766323,0.0,0.0,144.31335946300408,10151.329039491031,10800.0,507.05210610781864,0.0,0.0,507.05210610781864
Q43,2025-03-20 05:50:00,2025-03-20 06:00:00,2025-03-20,2025-03-20 00:00,0.5794,4028.7787,0.0,671.4631166666666,691.6172111109706,691.6172111109706,0.0,0.0,0.0,20.154094444304064,10800.0,10800.0,400.7230121176964,0.0,0.0,400.7230121176964
Q43,2025-03-20 06:00:00,2025-03-20 06:10:00,2025-03-20,2025-03-20 06:00,1.0185,4962.09,0.0,827.015,0.0,0.0,0.0,827.015,0.0,0.0,10800.0,9881.094444444445,0.0,0.0,0.0,0.0
Q43,2025-03-20 06:10:00,2025-03-20 06:20:00,2025-03-20,2025-03-20 06:00,0.995,4905.1198,153.4202,791.9499333333334,0.0,0.0,0.0,791.9499333333334,0.0,0.0,9881.094444444445,9001.150074074074,0.0,0.0,0.0,0.0
Q43,2025-03-20 06:20:00,2025-03-20 06:30:00,2025-03-20,2025-03-20 06:00,0.8932,4660.8239,401.044,709.9633166666667,0.0,0.0,0.0,709.9633166666667,0.0,0.0,9001.150074074074,8212.301944444444,0.0,0.0,0.0,0.0
Q43,2025-03-20 06:30:00,2025-03-20 06:40:00,2025-03-20,2025-03-20 06:00,0.9281,4703.75,675.525,671.3708333333333,0.0,0.0,0.0,671.3708333333333,0.0,0.0,8212.301944444444,7466.334351851851,0.0,0.0,0.0,0.0
Q43,2025-03-20 06:40:00,2025-03-20 06:50:00,2025-03-20,2025-03-20 06:00,0.9231,4726.9008,952.6316,629.0448666666666,0.0,0.0,0.0,629.0448666666666,0.0,0.0,7466.334351851851,6767.395611111111,0.0,0.0,0.0,0.0
Q43,2025-03-20 06:50:00,2025-03-20 07:00:00,2025-03-20,2025-03-20 06:00,0.902,4819.4733,1302.5378,586.1559166666666,0.0,0.0,0.0,586.1559166666666,0.0,0.0,6767.395611111111,6116.111259259259,0.0,0.0,0.0,0.0
Q43,2025-03-20 07:00:00,2025-03-20 07:10:00,2025-03-20,2025-03-20 06:00,0.8707,4880.33,1693.2375,531.1820833333333,0.0,0.0,0.0,531.1820833333333,0.0,0.0,6116.111259259259,5525.908944444444,0.0,0.0,0.0,0.0
Q43,2025-03-20 07:10:00,2025-03-20 07:20:00,2025-03-20,2025-03-20 06:00,0.7992,4689.3761,2009.9231,446.57550000000003,467.17437434475374,467.17437434475374,20.59887434475371,0.0,0.0,0.0,5525.908944444444,5544.447931354723,373.3657599763272,0.0,0.0,373.3657599763272
Q43,2025-03-20 07:20:00,2025-03-20 07:30:00,2025-03-20,2025-03-20 06:00,0.7957,4713.3646,2305.9149,401.2416166666666,422.68452510662615,422.68452510662615,21.44290843995958,0.0,0.0,0.0,5544.447931354723,5563.746548950687,336.3300766273424,0.0,0.0,336.3300766273424
Q43,2025-03-20 07:30:00,2025-03-20 07:40:00,2025-03-20,2025-03-20 06:00,0.8046,4827.2,2609.7375,369.57708333333323,0.0,0.0,0.0,369.57708333333323,0.0,0.0,5563.746548950687,5153.105345246983,0.0,0.0,0.0,0.0
Q43,2025-03-20 07:40:00,2025-03-20 07:50:00,2025-03-20,2025-03-20 06:00,0.7001,4578.156,2894.0148,280.6902,277.3372721577899,298.74611123460403,18.055911234604025,0.0,0.0,0.0,5153.105345246983,5169.355665358127,209.15215247534627,7.494164118838777,0.0,216.64631659418504
Q43,2025-03-20 07:50:00,2025-03-20 08:00:00,2025-03-20,2025-03-20 06:00,0.8467,5187.0368,3179.5684,334.5780666666666,0.0,0.0,0.0,334.5780666666666,0.0,0.0,5169.355665358127,4797.60225795072,0.0,0.0,0.0,0.0
Q43,2025-03-20 08:00:00,2025-03-20 08:10:00,2025-03-20,2025-03-20 06:00,1.1788,6405.59,3476.5125,488.17958333333337,0.0,0.0,0.0,488.17958333333337,0.0,0.0,4797.60225795072,4255.18049869146,0.0,0.0,0.0,0.0
Q43,2025-03-20 08:10:00,2025-03-20 08:20:00,2025-03-20,2025-03-20 06:00,1.2356,6658.0486,3761.2255,482.80385,0.0,0.0,0.0,482.80385,0.0,0.0,4255.18049869146,3718.731776469238,0.0,0.0,0.0,0.0
Q43,2025-03-20 08:20:00,2025-03-20 08:30:00,2025-03-20,2025-03-20 06:00,1.1876,6606.6001,3976.3717,438.3713999999999,0.0,0.0,0.0,438.3713999999999,0.0,0.0,3718.731776469238,3231.652443135905,0.0,0.0,0.0,0.0
Q43,2025-03-20 08:30:00,2025-03-20 08:40:00,2025-03-20,2025-03-20 06:00,1.1569,6687.27,4220.325,411.1575000000001,0.0,0.0,0.0,411.1575000000001,0.0,0.0,3231.652443135905,2774.810776469238,0.0,0.0,0.0,0.0
Q43,2025-03-20 08:40:00,2025-03-20 08:50:00,2025-03-20,2025-03-20 06:00,1.0869,6649.776,4653.7429,332.67218333333324,0.0,0.0,0.0,332.67218333333324,0.0,0.0,2774.810776469238,2405.175017209979,0.0,0.0,0.0,0.0
Q43,2025-03-20 08:50:00,2025-03-20 09:00:00,2025-03-20,2025-03-20 06:00,1.0527,6705.5335,5037.5027,278.0051333333332,0.0,0.0,0.0,278.0051333333332,0.0,0.0,2405.175017209979,2096.280424617387,0.0,0.0,0.0,0.0
Q43,2025-03-20 09:00:00,2025-03-20 09:10:00,2025-03-20,2025-03-20 06:00,1.068,6757.81,5180.8875,262.82041666666674,0.0,0.0,0.0,262.82041666666674,0.0,0.0,2096.280424617387,1804.2577394322016,0.0,0.0,0.0,0.0
Q43,2025-03-20 09:10:00,2025-03-20 09:20:00,2025-03-20,2025-03-20 06:00,1.0672,6494.2004,5166.4978,221.2837666666666,0.0,0.0,0.0,221.2837666666666,0.0,0.0,1804.2577394322016,1558.3868875803498,0.0,0.0,0.0,0.0
Q43,2025-03-20 09:20:00,2025-03-20 09:30:00,2025-03-20,2025-03-20 06:00,1.0563,6436.4392,5533.329,150.51836666666668,0.0,0.0,0.0,150.51836666666668,0.0,0.0,1558.3868875803498,1391.1442579507202,0.0,0.0,0.0,0.0
Q43,2025-03-20 09:30:00,2025-03-20 09:40:00,2025-03-20,2025-03-20 06:00,1.0344,6570.85,6107.7375,77.1854166666667,0.0,0.0,0.0,77.1854166666667,0.0,0.0,1391.1442579507202,1305.382683876646,0.0,0.0,0.0,0.0
Q43,2025-03-20 09:40:00,2025-03-20 09:50:00,2025-03-20,2025-03-20 06:00,0.9937,6399.3635,6182.795,36.09475000000005,0.0,0.0,0.0,36.09475000000005,0.0,0.0,1305.382683876646,1265.2774060988681,0.0,0.0,0.0,0.0
Q43,2025-03-20 09:50:00,2025-03-20 10:00:00,2025-03-20,2025-03-20 06:00,0.9971,6445.9301,6198.386,41.25734999999986,0.0,0.0,0.0,41.25734999999986,0.0,0.0,1265.2774060988681,1219.4359060988684,0.0,0.0,0.0,0.0
Q43,2025-03-20 10:00:00,2025-03-20 10:10:00,2025-03-20,2025-03-20 06:00,1.0131,6697.43,6426.1875,45.20708333333338,0.0,0.0,0.0,17.492315488981536,27.714767844351844,0.0,1219.4359060988684,1200.0,0.0,0.0,140.38915651556425,140.38915651556425
Q43,2025-03-20 10:10:00,2025-03-20 10:20:00,2025-03-20,2025-03-20 06:00,0.948,6577.9956,6675.2481,-16.20874999999993,0.0,0.0,16.20874999999993,0.0,0.0,0.0,1200.0,1214.587875,0.0,0.0,0.0,0.0
Q43,2025-03-20 10:20:00,2025-03-20 10:30:00,2025-03-20,2025-03-20 06:00,0.9058,6445.2772,6774.004,-54.787799999999905,0.0,0.0,54.787799999999905,0.0,0.0,0.0,1214.587875,1263.8968949999999,0.0,0.0,0.0,0.0
Q43,2025-03-20 10:30:00,2025-03-20 10:40:00,2025-03-20,2025-03-20 06:00,0.9279,6473.61,6879.075,-67.57750000000001,0.0,0.0,67.57750000000001,0.0,0.0,0.0,1263.8968949999999,1324.716645,0.0,0.0,0.0,0.0
Q43,2025-03-20 10:40:00,2025-03-20 10:50:00,2025-03-20,2025-03-20 06:00,0.927,6454.2353,7268.5137,-135.7130666666667,0.0,0.0,135.7130666666667,0.0,0.0,0.0,1324.716645,1446.858405,0.0,0.0,0.0,0.0
Q43,2025-03-20 10:50:00,2025-03-20 11:00:00,2025-03-20,2025-03-20 06:00,0.7628,6352.336,7455.3554,-183.83656666666667,0.0,0.0,183.83656666666667,0.0,0.0,0.0,1446.858405,1612.311315,0.0,0.0,0.0,0.0
Q43,2025-03-20 11:00:00,2025-03-20 11:10:00,2025-03-20,2025-03-20 06:00,0.544,6279.9,7263.0,-163.85000000000005,619.4909247239045,461.20042536976115,625.0504253697612,0.0,0.0,0.0,1612.311315,2174.856697832785,250.8930314011501,43.055015824327,0.0,293.9480472254771
Q43,2025-03-20 11:10:00,2025-03-20 11:20:00,2025-03-20,2025-03-20 06:00,0.5346,6362.0436,7021.6679,-109.9373833333334,622.1927971093394,622.1927971093394,732.1301804426728,0.0,0.0,0.0,2174.856697832785,2833.77386023119,332.6242693346528,0.0,0.0,332.6242693346528
Q43,2025-03-20 11:20:00,2025-03-20 11:30:00,2025-03-20,2025-03-20 06:00,0.5872,6393.8373,7052.8842,-109.84115000000004,605.3974545986391,0.0,109.84115000000004,0.0,0.0,0.0,2833.77386023119,2932.63089523119,0.0,177.74469267016045,0.0,177.74469267016045
Q43,2025-03-20 11:30:00,2025-03-20 11:40:00,2025-03-20,2025-03-20 06:00,0.577,6360.1,7317.5625,-159.57708333333326,608.8174870904348,0.0,159.57708333333326,0.0,0.0,0.0,2932.63089523119,3076.25027023119,0.0,175.64384502559045,0.0,175.64384502559045
Q43,2025-03-20 11:40:00,2025-03-20 11:50:00,2025-03-20,2025-03-20 06:00,0.5241,6424.0276,7505.6333,-180.26761666666667,611.3634598357244,611.3634598357244,791.631076502391,0.0,0.0,0.0,3076.25027023119,3788.718239083342,320.41558929990316,0.0,0.0,320.41558929990316
Q43,2025-03-20 11:50:00,2025-03-20 12:00:00,2025-03-20,2025-03-20 06:00,0.5111,6379.6216,7635.0323,-209.23511666666656,644.9419812797988,553.6065084135867,762.8416250802532,0.0,0.0,0.0,3788.718239083342,4475.27570165557,282.9482864501841,23.34078009096052,0.0,306.2890665411446
Q43,2025-03-20 12:00:00,2025-03-20 12:10:00,2025-03-20,2025-03-20 12:00,0.5158,6168.32,7818.45,-275.02166666666665,618.1664157532072,524.6113079688027,799.6329746354694,0.0,0.0,0.0,4475.27570165557,5194.945378827492,270.5945126503085,24.1278622975979,0.0,294.7223749479064
Q43,2025-03-20 12:10:00,2025-03-20 12:20:00,2025-03-20,2025-03-20 12:00,0.4519,5958.8116,8082.9395,-354.02131666666673,645.59313970166,491.4491740976306,833.3333333333334,0.0,0.0,12.137157430963953,5194.945378827492,5944.945378827492,222.08588177471927,34.828829028230444,0.0,256.9147108029497
Q43,2025-03-20 12:20:00,2025-03-20 12:30:00,2025-03-20,2025-03-20 12:00,0.4435,5855.2299,8090.5707,-372.55679999999995,717.6640595954552,526.3145766107159,833.3333333333334,0.0,0.0,65.53804327738249,5944.945378827492,6694.945378827492,233.4205147268525,42.43174785186594,0.0,275.85226257871847
Q43,2025-03-20 12:30:00,2025-03-20 12:40:00,2025-03-20,2025-03-20 12:00,0.4915,5883.66,7709.3625,-304.28375000000005,755.1955779821446,537.2393800265103,833.3333333333334,0.0,0.0,8.189796693176959,6694.945378827492,7444.945378827492,264.0531552830298,53.562735647597144,0.0,317.61589093062696
Q43,2025-03-20 12:40:00,2025-03-20 12:50:00,2025-03-20,2025-03-20 12:00,0.4972,6006.2794,7205.256,-199.82943333333333,773.7563037969356,540.7230987866808,740.5525321200141,0.0,0.0,0.0,7444.945378827492,8111.442657735505,268.84752471673767,57.93205476554935,0.0,326.77957948228703
Q43,2025-03-20 12:50:00,2025-03-20 13:00:00,2025-03-20,2025-03-20 12:00,0.6604,6168.3548,7206.9442,-173.0982333333333,0.0,0.0,173.0982333333333,0.0,0.0,0.0,8111.442657735505,8267.231067735505,0.0,0.0,0.0,0.0
Q43,2025-03-20 13:00:00,2025-03-20 13:10:00,2025-03-20,2025-03-20 12:00,0.9001,6351.38,7525.8,-195.73666666666668,0.0,0.0,195.73666666666668,0.0,0.0,0.0,8267.231067735505,8443.394067735506,0.0,0.0,0.0,0.0
Q43,2025-03-20 13:10:00,2025-03-20 13:20:00,2025-03-20,2025-03-20 12:00,0.9125,6510.6216,7339.075,-138.07556666666656,0.0,0.0,138.07556666666656,0.0,0.0,0.0,8443.394067735506,8567.662077735506,0.0,0.0,0.0,0.0
Q43,2025-03-20 13:20:00,2025-03-20 13:30:00,2025-03-20,2025-03-20 12:00,0.919,6358.8315,6900.6338,-90.30038333333323,0.0,0.0,90.30038333333323,0.0,0.0,0.0,8567.662077735506,8648.932422735506,0.0,0.0,0.0,0.0
Q43,2025-03-20 13:30:00,2025-03-20 13:40:00,2025-03-20,2025-03-20 12:00,0.9817,6039.3,6610.0125,-95.11874999999993,0.0,0.0,95.11874999999993,0.0,0.0,0.0,8648.932422735506,8734.539297735506,0.0,0.0,0.0,0.0
Q43,2025-03-20 13:40:00,2025-03-20 13:50:00,2025-03-20,2025-03-20 12:00,0.9361,6028.9848,6642.1795,-102.19911666666667,0.0,0.0,102.19911666666667,0.0,0.0,0.0,8734.539297735506,8826.518502735506,0.0,0.0,0.0,0.0
Q43,2025-03-20 13:50:00,2025-03-20 14:00:00,2025-03-20,2025-03-20 12:00,0.8829,6177.7813,6806.5377,-104.79273333333336,25.995185276288936,0.0,104.79273333333336,0.0,0.0,0.0,8826.518502735506,8920.831962735505,0.0,11.475574540217751,0.0,11.475574540217751
Q43,2025-03-20 14:00:00,2025-03-20 14:10:00,2025-03-20,2025-03-20 12:00,0.8924,6280.02,6799.95,-86.65499999999989,0.0,0.0,86.65499999999989,0.0,0.0,0.0,8920.831962735505,8998.821462735505,0.0,0.0,0.0,0.0
Q43,2025-03-20 14:10:00,2025-03-20 14:20:00,2025-03-20,2025-03-20 12:00,0.9351,6283.4823,6453.6137,-28.355233333333366,0.0,0.0,28.355233333333366,0.0,0.0,0.0,8998.821462735505,9024.341172735505,0.0,0.0,0.0,0.0
Q43,2025-03-20 14:20:00,2025-03-20 14:30:00,2025-03-20,2025-03-20 12:00,0.9817,6314.912,6203.5886,18.553900000000034,0.0,0.0,0.0,18.553900000000034,0.0,0.0,9024.341172735505,9003.725728291061,0.0,0.0,0.0,0.0
Q43,2025-03-20 14:30:00,2025-03-20 14:40:00,2025-03-20,2025-03-20 12:00,1.0267,6352.79,6115.6875,39.517083333333325,0.0,0.0,0.0,39.517083333333325,0.0,0.0,9003.725728291061,8959.81785792069,0.0,0.0,0.0,0.0
Q43,2025-03-20 14:40:00,2025-03-20 14:50:00,2025-03-20,2025-03-20 12:00,1.0547,6259.4213,5837.6616,70.29328333333326,0.0,0.0,0.0,70.29328333333326,0.0,0.0,8959.81785792069,8881.714209772543,0.0,0.0,0.0,0.0
Q43,2025-03-20 14:50:00,2025-03-20 15:00:00,2025-03-20,2025-03-20 12:00,0.9267,6190.1146,5431.9635,126.35851666666667,0.0,0.0,0.0,126.35851666666667,0.0,0.0,8881.714209772543,8741.31585792069,0.0,0.0,0.0,0.0
Q43,2025-03-20 15:00:00,2025-03-20 15:10:00,2025-03-20,2025-03-20 12:00,0.7137,6156.64,5072.775,180.64416666666676,1261.4108110614434,519.4433961327236,338.79922946605683,0.0,0.0,0.0,8741.31585792069,9046.23516444014,370.7267518199248,264.77107201731366,0.0,635.4978238372385
Q43,2025-03-20 15:10:00,2025-03-20 15:20:00,2025-03-20,2025-03-20 12:00,0.6525,6039.3659,4855.4545,197.31856666666664,1277.6077711009941,1069.6685351791757,833.3333333333334,0.0,0.0,39.01663517917575,9046.23516444014,9796.23516444014,697.9587192044121,67.84017571949325,0.0,765.7988949239053
Q43,2025-03-20 15:20:00,2025-03-20 15:30:00,2025-03-20,2025-03-20 12:00,0.6799,6054.6789,4561.8383,248.8067666666666,1319.4382952133828,1122.1498674344973,833.3333333333334,0.0,0.0,40.00976743449735,9796.23516444014,10546.23516444014,762.9496948687147,67.06820102343214,0.0,830.0178958921468
Q43,2025-03-20 15:30:00,2025-03-20 15:40:00,2025-03-20,2025-03-20 12:00,0.7301,6187.68,4146.825,340.14250000000004,543.9478510841149,368.3397880833434,28.19728808334338,0.0,0.0,0.0,10546.23516444014,10571.61272371515,268.924879279649,64.1057233984316,0.0,333.03060267808064
Q43,2025-03-20 15:40:00,2025-03-20 15:50:00,2025-03-20,2025-03-20 12:00,0.805,6195.3721,3778.6785,402.7822666666666,585.991689303697,410.27040231045254,7.488135643785938,0.0,0.0,0.0,10571.61272371515,10578.352045794558,330.26767385991434,70.72781801478088,0.0,400.99549187469523
Q43,2025-03-20 15:50:00,2025-03-20 16:00:00,2025-03-20,2025-03-20 12:00,0.8788,6186.1376,3471.4229,452.45245,621.9303723191359,457.96575571009276,5.513305710092766,0.0,0.0,0.0,10578.352045794558,10583.314020933642,402.4603061180295,72.04605253801357,0.0,474.50635865604306
Q43,2025-03-20 16:00:00,2025-03-20 16:10:00,2025-03-20,2025-03-20 12:00,0.9089,6200.17,3156.225,507.32416666666666,630.5870917063854,492.44509399832174,0.0,14.879072668344918,0.0,0.0,10583.314020933642,10566.781717968814,447.58334593507465,62.778630858429544,0.0,510.3619767935042
Q43,2025-03-20 16:10:00,2025-03-20 16:20:00,2025-03-20,2025-03-20 12:00,0.8767,6153.3743,2779.805,562.26155,659.3733147142332,544.1811416174169,0.0,18.080408382583187,0.0,0.0,10566.781717968814,10546.6923753215,477.0836068559894,50.49448907698943,0.0,527.5780959329788
Q43,2025-03-20 16:20:00,2025-03-20 16:30:00,2025-03-20,2025-03-20 12:00,0.8888,6101.7592,2507.3559,599.0672166666667,699.4883959537656,591.1174996489528,0.0,7.949717017713851,0.0,0.0,10546.6923753215,10537.859356412928,525.3852336879893,48.16002631785878,0.0,573.545260005848
Q43,2025-03-20 16:30:00,2025-03-20 16:40:00,2025-03-20,2025-03-20 12:00,0.9441,6118.95,2334.4125,630.7562499999999,736.1559810770498,658.5967709487858,27.840520948785866,0.0,0.0,0.0,10537.859356412928,10562.915825266835,621.7812114527487,36.61182514104702,0.0,658.3930365937957
Q43,2025-03-20 16:40:00,2025-03-20 16:50:00,2025-03-20,2025-03-20 12:00,0.946,6209.4949,2077.0816,688.73555,756.8601239697908,698.8635407531744,10.127990753174458,0.0,0.0,0.0,10562.915825266835,10572.031016944691,661.124909552503,27.43238386145955,0.0,688.5572934139626
Q43,2025-03-20 16:50:00,2025-03-20 17:00:00,2025-03-20,2025-03-20 12:00,0.9677,6190.199,1733.8533,742.7242833333332,786.8355020535215,749.8755102271409,7.151226893807689,0.0,0.0,0.0,10572.031016944691,10578.467121149119,725.6545312468043,17.883092045194246,0.0,743.5376232919984
Q43,2025-03-20 17:00:00,2025-03-20 17:10:00,2025-03-20,2025-03-20 12:00,1.0139,6102.19,1377.7125,787.4129166666664,830.5106294165225,807.8098530594456,20.39693639277914,0.0,0.0,0.0,10578.467121149119,10596.82436390262,819.0384100169719,11.508158574220166,0.0,830.546568591192
Q43,2025-03-20 17:10:00,2025-03-20 17:20:00,2025-03-20,2025-03-20 12:00,1.0152,6143.2969,1083.9022,843.2324500000001,900.7096705958237,886.2871761913791,43.05472619137902,0.0,0.0,0.0,10596.82436390262,10635.573617474862,899.7587412694882,7.320858159696075,0.0,907.0795994291842
Q43,2025-03-20 17:20:00,2025-03-20 17:30:00,2025-03-20,2025-03-20 12:00,1.0487,6075.0134,831.8823,873.8551833333332,937.0215394580914,928.6363967275533,54.78121339422012,0.0,0.0,0.0,10635.573617474862,10684.87670952966,973.8609892481852,4.396749590757634,0.0,978.2577388389428
Q43,2025-03-20 17:30:00,2025-03-20 17:40:00,2025-03-20,2025-03-20 12:00,1.0879,6025.68,597.3375,904.7237500000001,988.1602292004662,973.9849653115773,69.26121531157719,0.0,0.0,0.0,10684.87670952966,10747.21180331008,1059.598243762465,7.7106347923611365,0.0,1067.3088785548262
Q43,2025-03-20 17:40:00,2025-03-20 17:50:00,2025-03-20,2025-03-20 12:00,1.0391,6213.4416,374.8971,973.09075,1060.0653409660226,1057.0801729414425,58.653551877689296,0.0,0.0,25.335871063753217,10747.21180331008,10800.0,1098.4120077034527,1.5509440471706228,0.0,1099.9629517506232
Q43,2025-03-20 17:50:00,2025-03-20 18:00:00,2025-03-20,2025-03-20 12:00,1.0932,5394.1467,156.1276,873.0031833333334,953.4600915493584,947.1575957160251,0.0,0.0,0.0,74.1544123826917,10800.0,10800.0,1035.4326836367586,3.4449442224999793,0.0,1038.8776278592586
Q43,2025-03-20 18:00:00,2025-03-20 18:10:00,2025-03-20,2025-03-20 12:00,1.2488,4094.12,0.0,682.3533333333332,736.3870312126563,736.3870312126563,0.0,0.0,0.0,54.033697879323086,10800.0,10800.0,919.6001245783651,0.0,0.0,919.6001245783651
Q43,2025-03-20 18:10:00,2025-03-20 18:20:00,2025-03-20,2025-03-20 12:00,1.2993,4187.9837,0.0,697.9972833333333,0.0,0.0,0.0,697.9972833333333,0.0,0.0,10800.0,10024.447462962962,0.0,0.0,0.0,0.0
Q43,2025-03-20 18:20:00,2025-03-20 18:30:00,2025-03-20,2025-03-20 12:00,1.2761,4441.4267,5.5774,739.3082166666666,0.0,0.0,0.0,739.3082166666666,0.0,0.0,10024.447462962962,9202.993888888888,0.0,0.0,0.0,0.0
Q43,2025-03-20 18:30:00,2025-03-20 18:40:00,2025-03-20,2025-03-20 12:00,1.2567,4255.45,0.0,709.2416666666666,747.8376298108149,747.8376298108149,38.5959631441483,0.0,0.0,0.0,9202.993888888888,9237.730255718621,939.807549383251,0.0,0.0,939.807549383251
Q43,2025-03-20 18:40:00,2025-03-20 18:50:00,2025-03-20,2025-03-20 12:00,1.2773,4286.5369,0.0,714.4228166666667,0.0,0.0,0.0,714.4228166666667,0.0,0.0,9237.730255718621,8443.927126088991,0.0,0.0,0.0,0.0
Q43,2025-03-20 18:50:00,2025-03-20 19:00:00,2025-03-20,2025-03-20 12:00,1.2813,4470.2464,0.4004,744.9743333333332,0.0,0.0,0.0,744.9743333333332,0.0,0.0,8443.927126088991,7616.177866829732,0.0,0.0,0.0,0.0
Q43,2025-03-20 19:00:00,2025-03-20 19:10:00,2025-03-20,2025-03-20 12:00,1.2693,4579.24,0.0,763.2066666666666,0.0,0.0,0.0,763.2066666666666,0.0,0.0,7616.177866829732,6768.170459422325,0.0,0.0,0.0,0.0
Q43,2025-03-20 19:10:00,2025-03-20 19:20:00,2025-03-20,2025-03-20 12:00,1.2899,4480.3082,0.0,746.7180333333333,0.0,0.0,0.0,746.7180333333333,0.0,0.0,6768.170459422325,5938.483755718621,0.0,0.0,0.0,0.0
Q43,2025-03-20 19:20:00,2025-03-20 19:30:00,2025-03-20,2025-03-20 12:00,1.2669,4285.5618,0.0288,714.2555,227.52407284304468,227.52407284304468,0.0,486.7314271569553,0.0,0.0,5938.483755718621,5397.6710588775595,288.2502478848533,0.0,0.0,288.2502478848533
Q43,2025-03-20 19:30:00,2025-03-20 19:40:00,2025-03-20,2025-03-20 12:00,1.2323,4196.78,0.0,699.4633333333333,735.4954792013447,735.4954792013447,36.03214586801141,0.0,0.0,0.0,5397.6710588775595,5430.09999015877,906.351079019817,0.0,0.0,906.351079019817
Q43,2025-03-20 19:40:00,2025-03-20 19:50:00,2025-03-20,2025-03-20 12:00,1.2902,4330.8684,0.0,721.8114,0.0,0.0,0.0,721.8114,0.0,0.0,5430.09999015877,4628.087323492104,0.0,0.0,0.0,0.0
Q43,2025-03-20 19:50:00,2025-03-20 20:00:00,2025-03-20,2025-03-20 12:00,1.2824,4370.9481,0.0021,728.491,0.0,0.0,0.0,728.491,0.0,0.0,4628.087323492104,3818.6528790476596,0.0,0.0,0.0,0.0
Q43,2025-03-20 20:00:00,2025-03-20 20:10:00,2025-03-20,2025-03-20 12:00,1.2233,4358.21,0.0,726.3683333333333,725.5206567083129,725.5206567083129,0.0,0.8476766250204264,0.0,0.0,3818.6528790476596,3817.71101613097,887.5294193512792,0.0,0.0,887.5294193512792
Q43,2025-03-20 20:10:00,2025-03-20 20:20:00,2025-03-20,2025-03-20 12:00,1.2789,4586.0191,0.0,764.3365166666667,0.0,0.0,0.0,764.3365166666667,0.0,0.0,3817.71101613097,2968.448219834674,0.0,0.0,0.0,0.0
Q43,2025-03-20 20:20:00,2025-03-20 20:30:00,2025-03-20,2025-03-20 12:00,1.2779,4523.6629,0.0,753.9438166666666,0.0,0.0,0.0,753.9438166666666,0.0,0.0,2968.448219834674,2130.7328679828224,0.0,0.0,0.0,0.0
Q43,2025-03-20 20:30:00,2025-03-20 20:40:00,2025-03-20,2025-03-20 12:00,1.2388,4215.37,0.0,702.5616666666666,734.5921283131263,734.5921283131263,32.030461646459685,0.0,0.0,0.0,2130.7328679828224,2159.560283464636,910.0127285543008,0.0,0.0,910.0127285543008
Q43,2025-03-20 20:40:00,2025-03-20 20:50:00,2025-03-20,2025-03-20 12:00,1.3228,4256.2469,0.0,709.3744833333333,0.0,0.0,0.0,709.3744833333333,0.0,0.0,2159.560283464636,1371.3664130942657,0.0,0.0,0.0,0.0
Q43,2025-03-20 20:50:00,2025-03-20 21:00:00,2025-03-20,2025-03-20 12:00,1.1769,4319.0159,0.0,719.8359833333334,760.7274453904708,760.7274453904708,40.89146205713746,0.0,0.0,0.0,1371.3664130942657,1408.1687289456895,895.3001304800451,0.0,0.0,895.3001304800451
Q43,2025-03-20 21:00:00,2025-03-20 21:10:00,2025-03-20,2025-03-20 12:00,0.8862,4257.25,0.0,709.5416666666666,765.9801971713168,765.9801971713168,56.4385305046502,0.0,0.0,0.0,1408.1687289456895,1458.9634063998747,678.811650733221,0.0,0.0,678.811650733221
Q43,2025-03-20 21:10:00,2025-03-20 21:20:00,2025-03-20,2025-03-20 12:00,0.917,4290.2681,0.0,715.0446833333333,752.8952181325482,752.8952181325482,37.85053479921487,0.0,0.0,0.0,1458.9634063998747,1493.028887719168,690.4049150275467,0.0,0.0,690.4049150275467
Q43,2025-03-20 21:20:00,2025-03-20 21:30:00,2025-03-20,2025-03-20 12:00,0.9999,4418.7036,0.0,736.4505999999999,748.3297450041354,748.3297450041354,11.879145004135466,0.0,0.0,0.0,1493.028887719168,1503.72011822289,748.254912029635,0.0,0.0,748.254912029635
Q43,2025-03-20 21:30:00,2025-03-20 21:40:00,2025-03-20,2025-03-20 12:00,0.9964,4553.6,0.0,758.9333333333334,747.9496586234452,747.9496586234452,0.0,10.983674709888192,0.0,0.0,1503.72011822289,1491.5160352119033,745.2570398524008,0.0,0.0,745.2570398524008
Q43,2025-03-20 21:40:00,2025-03-20 21:50:00,2025-03-20,2025-03-20 12:00,1.0003,4526.2528,0.0,754.3754666666666,759.9898045610898,759.9898045610898,5.614337894423215,0.0,0.0,0.0,1491.5160352119033,1496.568939316884,760.2178015024581,0.0,0.0,760.2178015024581
Q43,2025-03-20 21:50:00,2025-03-20 22:00:00,2025-03-20,2025-03-20 12:00,0.7708,4001.6252,0.0,666.9375333333332,685.988933025443,685.988933025443,19.051399692109726,0.0,0.0,0.0,1496.568939316884,1513.7151990397829,528.7602695760115,0.0,0.0,528.7602695760115
Q43,2025-03-20 22:00:00,2025-03-20 22:10:00,2025-03-20,2025-03-20 12:00,0.419,3318.94,0.0,553.1566666666666,573.6737071581232,573.6737071581232,20.517040491456555,0.0,0.0,0.0,1513.7151990397829,1532.1805354820938,240.3692832992536,0.0,0.0,240.3692832992536
Q43,2025-03-20 22:10:00,2025-03-20 22:20:00,2025-03-20,2025-03-20 12:00,0.3484,3233.4088,0.0,538.9014666666667,1393.4780138909005,1393.4780138909005,833.3333333333334,0.0,0.0,21.243213890900392,1532.1805354820938,2282.1805354820935,485.4877400395897,0.0,0.0,485.4877400395897
Q43,2025-03-20 22:20:00,2025-03-20 22:30:00,2025-03-20,2025-03-20 12:00,0.3833,3319.971,0.0,553.3285,573.8650695985291,573.8650695985291,20.536569598529127,0.0,0.0,0.0,2282.1805354820935,2300.6634481207698,219.9624811771162,0.0,0.0,219.9624811771162
Q43,2025-03-20 22:30:00,2025-03-20 22:40:00,2025-03-20,2025-03-20 12:00,0.3903,3255.84,0.0,542.64,569.963872335175,569.963872335175,27.323872335174997,0.0,0.0,0.0,2300.6634481207698,2325.254933222427,222.45689937241877,0.0,0.0,222.45689937241877
Q43,2025-03-20 22:40:00,2025-03-20 22:50:00,2025-03-20,2025-03-20 12:00,0.4126,3144.1326,0.0,524.0220999999999,585.4868033994941,585.4868033994941,61.46470339949417,0.0,0.0,0.0,2325.254933222427,2380.5731662819717,241.57185508263126,0.0,0.0,241.57185508263126
Q43,2025-03-20 22:50:00,2025-03-20 23:00:00,2025-03-20,2025-03-20 12:00,0.4343,3161.8174,0.0,526.9695666666667,583.7815970741008,583.7815970741008,56.81203040743412,0.0,0.0,0.0,2380.5731662819717,2431.7039936486626,253.536347609282,0.0,0.0,253.536347609282
Q43,2025-03-20 23:00:00,2025-03-20 23:10:00,2025-03-20,2025-03-20 12:00,0.4428,3296.4,0.0,549.4,0.0,0.0,0.0,549.4,0.0,0.0,2431.7039936486626,1821.2595492042183,0.0,0.0,0.0,0.0
Q43,2025-03-20 23:10:00,2025-03-20 23:20:00,2025-03-20,2025-03-20 12:00,0.4397,3356.4081,0.0,559.40135,492.0283560833921,492.0283560833921,0.0,67.37299391660787,0.0,0.0,1821.2595492042183,1746.400667074654,216.3448681698675,0.0,0.0,216.3448681698675
Q43,2025-03-20 23:20:00,2025-03-20 23:30:00,2025-03-20,2025-03-20 12:00,0.4049,3261.7676,0.0,543.6279333333333,594.1092898676421,594.1092898676421,50.481356534308816,0.0,0.0,0.0,1746.400667074654,1791.833887955532,240.5548514674083,0.0,0.0,240.5548514674083
Q43,2025-03-20 23:30:00,2025-03-20 23:40:00,2025-03-20,2025-03-20 12:00,0.3814,3267.73,0.0,544.6216666666667,577.3389354458756,577.3389354458756,32.717268779208894,0.0,0.0,0.0,1791.833887955532,1821.27942985682,220.19706997905695,0.0,0.0,220.19706997905695
Q43,2025-03-20 23:40:00,2025-03-20 23:50:00,2025-03-20,2025-03-20 12:00,0.4248,3604.076,0.0,600.6793333333333,572.5513610783705,572.5513610783705,0.0,28.127972254962742,0.0,0.0,1821.27942985682,1790.0261273513058,243.2198181860918,0.0,0.0,243.2198181860918
Q43,2025-03-20 23:50:00,2025-03-21 00:00:00,2025-03-20,2025-03-20 12:00,0.3795,3245.8691,0.0,540.9781833333333,533.7197460631794,533.7197460631794,0.0,7.258437270153877,0.0,0.0,1790.0261273513058,1781.9611970511348,202.54664363097658,0.0,0.0,202.54664363097658
Q43,2025-06-21 00:00:00,2025-06-21 00:10:00,2025-06-20,2025-06-20 18:00,0.3917,3230.95,0.0,538.4916666666666,566.1480790637115,566.1480790637115,27.65641239704496,0.0,0.0,0.0,2659.6789839036164,2684.569755060957,221.7602025692558,0.0,0.0,221.7602025692558
Q43,2025-06-21 00:10:00,2025-06-21 00:20:00,2025-06-21,2025-06-21 00:00,0.3564,3087.9838,0.0,514.6639666666666,585.9150174647684,585.9150174647684,71.2510507981018,0.0,0.0,0.0,2684.569755060957,2748.6957007792485,208.82011222444348,0.0,0.0,208.82011222444348
Q43,2025-06-21 00:20:00,2025-06-21 00:30:00,2025-06-21,2025-06-21 00:00,0.3908,3200.0919,0.0,533.3486499999999,553.1925669535344,553.1925669535344,19.843916953534517,0.0,0.0,0.0,2748.6957007792485,2766.5552260374297,216.18765516544124,0.0,0.0,216.18765516544124
Q43,2025-06-21 00:30:00,2025-06-21 00:40:00,2025-06-21,2025-06-21 00:00,0.4598,3401.46,0.0,566.91,0.0,0.0,0.0,566.91,0.0,0.0,2766.5552260374297,2136.6552260374297,0.0,0.0,0.0,0.0
Q43,2025-06-21 00:40:00,2025-06-21 00:50:00,2025-06-21,2025-06-21 00:00,0.409,3063.5261,0.0,510.5876833333333,550.3154408430512,550.3154408430512,39.72775750971789,0.0,0.0,0.0,2136.6552260374297,2172.4102077961757,225.0790153048079,0.0,0.0,225.0790153048079
Q43,2025-06-21 00:50:00,2025-06-21 01:00:00,2025-06-21,2025-06-21 00:00,0.3618,2820.2572,0.0,470.04286666666667,550.7129543964779,550.7129543964779,80.67008772981126,0.0,0.0,0.0,2172.4102077961757,2245.0132867530056,199.24794690064573,0.0,0.0,199.24794690064573
Q43,2025-06-21 01:00:00,2025-06-21 01:10:00,2025-06-21,2025-06-21 00:00,0.3786,2883.38,0.0,480.56333333333333,554.5760271317884,554.5760271317884,74.01269379845502,0.0,0.0,0.0,2245.0132867530056,2311.624711171615,209.96248387209508,0.0,0.0,209.96248387209508
Q43,2025-06-21 01:10:00,2025-06-21 01:20:00,2025-06-21,2025-06-21 00:00,0.3988,2869.9796,0.0,478.3299333333333,567.1066116977934,567.1066116977934,88.77667836446005,0.0,0.0,0.0,2311.624711171615,2391.5237216996293,226.16211674508,0.0,0.0,226.16211674508
Q43,2025-06-21 01:20:00,2025-06-21 01:30:00,2025-06-21,2025-06-21 00:00,0.4164,2985.8287,0.0,497.63811666666663,551.5127192378502,551.5127192378502,53.87460257118357,0.0,0.0,0.0,2391.5237216996293,2440.0108640136946,229.6498962906408,0.0,0.0,229.6498962906408
Q43,2025-06-21 01:30:00,2025-06-21 01:40:00,2025-06-21,2025-06-21 00:00,0.4254,3164.18,0.0,527.3633333333332,528.8400638012193,528.8400638012193,1.4767304678861137,0.0,0.0,0.0,2440.0108640136946,2441.339921434792,224.96856314103871,0.0,0.0,224.96856314103871
Q43,2025-06-21 01:40:00,2025-06-21 01:50:00,2025-06-21,2025-06-21 00:00,0.4165,3064.8457,0.0,510.8076166666666,522.1570319578437,522.1570319578437,11.349415291177138,0.0,0.0,0.0,2441.339921434792,2451.554395196851,217.4784038104419,0.0,0.0,217.4784038104419
Q43,2025-06-21 01:50:00,2025-06-21 02:00:00,2025-06-21,2025-06-21 00:00,0.4295,2954.0459,0.0,492.3409833333333,244.44233173183602,244.44233173183602,0.0,247.8986516014973,0.0,0.0,2451.554395196851,2176.1114489729653,104.98798147882357,0.0,0.0,104.98798147882357
Q43,2025-06-21 02:00:00,2025-06-21 02:10:00,2025-06-21,2025-06-21 00:00,0.4451,2994.62,0.0,499.1033333333333,0.0,0.0,0.0,499.1033333333333,0.0,0.0,2176.1114489729653,1621.552189713706,0.0,0.0,0.0,0.0
Q43,2025-06-21 02:10:00,2025-06-21 02:20:00,2025-06-21,2025-06-21 00:00,0.405,3072.4014,0.0,512.0669,510.2035320956104,510.2035320956104,0.0,1.8633679043896336,0.0,0.0,1621.552189713706,1619.4817809310507,206.63243049872221,0.0,0.0,206.63243049872221
Q43,2025-06-21 02:20:00,2025-06-21 02:30:00,2025-06-21,2025-06-21 00:00,0.3784,3013.1015,0.0,502.18358333333333,514.6589393010785,514.6589393010785,12.475355967745145,0.0,0.0,0.0,1619.4817809310507,1630.7096013020214,194.7469426315281,0.0,0.0,194.7469426315281
Q43,2025-06-21 02:30:00,2025-06-21 02:40:00,2025-06-21,2025-06-21 00:00,0.3917,2838.75,0.0,473.125,480.66183191560606,480.66183191560606,7.536831915606058,0.0,0.0,0.0,1630.7096013020214,1637.492750026067,188.2752395613429,0.0,0.0,188.2752395613429
Q43,2025-06-21 02:40:00,2025-06-21 02:50:00,2025-06-21,2025-06-21 00:00,0.3964,2749.9199,0.0,458.3199833333333,505.3337438246458,505.3337438246458,47.013760491312496,0.0,0.0,0.0,1637.492750026067,1679.805134468248,200.3142960520896,0.0,0.0,200.3142960520896
Q43,2025-06-21 02:50:00,2025-06-21 03:00:00,2025-06-21,2025-06-21 00:00,0.3495,2820.5847,0.0,470.09745,496.3097423639382,496.3097423639382,26.212292363938218,0.0,0.0,0.0,1679.805134468248,1703.3961975957925,173.4602549561964,0.0,0.0,173.4602549561964
Q43,2025-06-21 03:00:00,2025-06-21 03:10:00,2025-06-21,2025-06-21 00:00,0.3048,2936.24,0.0,489.3733333333333,1316.6912922600332,1316.6912922600332,827.3179589266999,0.0,0.0,0.0,1703.3961975957925,2447.9823606298223,401.3275058808581,0.0,0.0,401.3275058808581
Q43,2025-06-21 03:10:00,2025-06-21 03:20:00,2025-06-21,2025-06-21 00:00,0.3585,2920.1894,0.0012,486.69803333333334,477.9984711481446,477.9984711481446,0.0,8.699562185188768,0.0,0.0,2447.9823606298223,2438.316180424057,171.36245190660983,0.0,0.0,171.36245190660983
Q43,2025-06-21 03:20:00,2025-06-21 03:30:00,2025-06-21,2025-06-21 00:00,0.4058,2951.0328,0.0,491.8388,300.7455926222605,300.7455926222605,0.0,191.09320737773947,0.0,0.0,2438.316180424057,2225.990394448791,122.04256148611331,0.0,0.0,122.04256148611331
Q43,2025-06-21 03:30:00,2025-06-21 03:40:00,2025-06-21,2025-06-21 00:00,0.4053,2977.51,0.0,496.25166666666667,485.31381392056676,485.31381392056676,0.0,10.937852746099907,0.0,0.0,2225.990394448791,2213.837224730902,196.6976887820057,0.0,0.0,196.6976887820057
Q43,2025-06-21 03:40:00,2025-06-21 03:50:00,2025-06-21,2025-06-21 00:00,0.4087,2780.298,0.0162,463.3802999999999,0.0,0.0,0.0,463.3802999999999,0.0,0.0,2213.837224730902,1698.9702247309024,0.0,0.0,0.0,0.0
Q43,2025-06-21 03:50:00,2025-06-21 04:00:00,2025-06-21,2025-06-21 00:00,0.3866,2728.3059,0.0,454.71764999999994,498.37782594439,498.37782594439,43.66017594439006,0.0,0.0,0.0,1698.9702247309024,1738.2643830808533,192.67286751010118,0.0,0.0,192.67286751010118
Q43,2025-06-21 04:00:00,2025-06-21 04:10:00,2025-06-21,2025-06-21 00:00,0.3566,2862.19,0.0,477.03166666666664,496.27670272849707,496.27670272849707,19.245036061830433,0.0,0.0,0.0,1738.2643830808533,1755.5849155365008,176.97227219298205,0.0,0.0,176.97227219298205
Q43,2025-06-21 04:10:00,2025-06-21 04:20:00,2025-06-21,2025-06-21 00:00,0.3708,2845.9182,0.2263,474.28198333333336,494.34453409726467,494.34453409726467,20.062550763931313,0.0,0.0,0.0,1755.5849155365008,1773.6412112240391,183.30295324326576,0.0,0.0,183.30295324326576
Q43,2025-06-21 04:20:00,2025-06-21 04:30:00,2025-06-21,2025-06-21 00:00,0.3532,2748.951,0.0,458.1585,471.16069554796707,471.16069554796707,13.002195547967062,0.0,0.0,0.0,1773.6412112240391,1785.3431872172096,166.41395766754198,0.0,0.0,166.41395766754198
Q43,2025-06-21 04:30:00,2025-06-21 04:40:00,2025-06-21,2025-06-21 00:00,0.3096,2677.31,0.0,446.2183333333333,1306.9329274336155,1306.9329274336155,833.3333333333334,0.0,0.0,27.381260766948913,1785.3431872172096,2535.3431872172096,404.6264343334474,0.0,0.0,404.6264343334474
Q43,2025-06-21 04:40:00,2025-06-21 04:50:00,2025-06-21,2025-06-21 00:00,0.3237,2660.8713,3.1516,442.9532833333333,475.6324556920937,475.6324556920937,32.67917235876041,0.0,0.0,0.0,2535.3431872172096,2564.754442340094,153.96222590753072,0.0,0.0,153.96222590753072
Q43,2025-06-21 04:50:00,2025-06-21 05:00:00,2025-06-21,2025-06-21 00:00,0.3321,2702.3205,0.0,450.38674999999995,478.7428267576902,478.7428267576902,28.356076757690232,0.0,0.0,0.0,2564.754442340094,2590.2749114220155,158.99049276622893,0.0,0.0,158.99049276622893
Q43,2025-06-21 05:00:00,2025-06-21 05:10:00,2025-06-21,2025-06-21 00:00,0.3143,2732.32,7.275,454.1741666666667,1291.6255624465648,1291.6255624465648,833.3333333333334,0.0,0.0,4.11806244656475,2590.2749114220155,3340.2749114220155,405.95791427695536,0.0,0.0,405.95791427695536
Q43,2025-06-21 05:10:00,2025-06-21 05:20:00,2025-06-21,2025-06-21 00:00,0.3191,2664.7178,116.7655,424.65871666666663,494.9910266314874,494.9910266314874,70.33230996482075,0.0,0.0,0.0,3340.2749114220155,3403.573990390354,157.95163659810763,0.0,0.0,157.95163659810763
Q43,2025-06-21 05:20:00,2025-06-21 05:30:00,2025-06-21,2025-06-21 00:00,0.3488,2606.871,263.9703,390.48345,434.4042921087328,434.4042921087328,43.92084210873281,0.0,0.0,0.0,3403.573990390354,3443.1027482882137,151.520217087526,0.0,0.0,151.520217087526
Q43,2025-06-21 05:30:00,2025-06-21 05:40:00,2025-06-21,2025-06-21 00:00,0.3395,2642.15,417.075,370.84583333333336,427.0164466164324,427.0164466164324,56.170613283099044,0.0,0.0,0.0,3443.1027482882137,3493.656300243003,144.97208362627882,0.0,0.0,144.97208362627882
Q43,2025-06-21 05:40:00,2025-06-21 05:50:00,2025-06-21,2025-06-21 00:00,0.2621,2745.0641,587.5961,359.578,1235.9250649314615,1235.9250649314615,833.3333333333334,0.0,0.0,43.013731598128174,3493.656300243003,4243.656300243003,323.93595951853604,0.0,0.0,323.93595951853604
Q43,2025-06-21 05:50:00,2025-06-21 06:00:00,2025-06-21,2025-06-21 00:00,0.4169,2758.042,735.8325,337.0349166666666,0.0,0.0,0.0,337.0349166666666,0.0,0.0,4243.656300243003,3869.1730595022623,0.0,0.0,0.0,0.0
Q43,2025-06-21 06:00:00,2025-06-21 06:10:00,2025-06-21,2025-06-21 06:00,0.7087,2741.64,890.7,308.48999999999995,0.0,0.0,0.0,308.48999999999995,0.0,0.0,3869.1730595022623,3526.406392835596,0.0,0.0,0.0,0.0
Q43,2025-06-21 06:10:00,2025-06-21 06:20:00,2025-06-21,2025-06-21 06:00,0.7158,2888.7304,1136.9554,291.9625,0.0,0.0,0.0,291.9625,0.0,0.0,3526.406392835596,3202.003615057818,0.0,0.0,0.0,0.0
Q43,2025-06-21 06:20:00,2025-06-21 06:30:00,2025-06-21,2025-06-21 06:00,0.6144,2932.231,1453.4028,246.47136666666668,0.0,0.0,0.0,246.47136666666668,0.0,0.0,3202.003615057818,2928.1465409837438,0.0,0.0,0.0,0.0
Q43,2025-06-21 06:30:00,2025-06-21 06:40:00,2025-06-21,2025-06-21 06:00,0.5732,2764.02,1765.9125,166.35125,0.0,0.0,0.0,166.35125,0.0,0.0,2928.1465409837438,2743.3118187615214,0.0,0.0,0.0,0.0
Q43,2025-06-21 06:40:00,2025-06-21 06:50:00,2025-06-21,2025-06-21 06:00,0.586,2606.6137,2022.3026,97.38518333333332,0.0,0.0,0.0,97.38518333333332,0.0,0.0,2743.3118187615214,2635.1060595022623,0.0,0.0,0.0,0.0
Q43,2025-06-21 06:50:00,2025-06-21 07:00:00,2025-06-21,2025-06-21 06:00,0.6004,2867.7649,2350.4923,86.21210000000004,0.0,0.0,0.0,86.21210000000004,0.0,0.0,2635.1060595022623,2539.31483728004,0.0,0.0,0.0,0.0
Q43,2025-06-21 07:00:00,2025-06-21 07:10:00,2025-06-21,2025-06-21 06:00,0.5991,3304.27,2699.25,100.83666666666666,0.0,0.0,0.0,100.83666666666666,0.0,0.0,2539.31483728004,2427.2740965392995,0.0,0.0,0.0,0.0
Q43,2025-06-21 07:10:00,2025-06-21 07:20:00,2025-06-21,2025-06-21 06:00,0.598,3254.3169,2874.6231,63.2823,0.0,0.0,0.0,63.2823,0.0,0.0,2427.2740965392995,2356.960429872633,0.0,0.0,0.0,0.0
Q43,2025-06-21 07:20:00,2025-06-21 07:30:00,2025-06-21,2025-06-21 06:00,0.5678,3137.5948,3006.0287,21.927683333333334,0.0,0.0,0.0,21.927683333333334,0.0,0.0,2356.960429872633,2332.5963372800406,0.0,0.0,0.0,0.0
Q43,2025-06-21 07:30:00,2025-06-21 07:40:00,2025-06-21,2025-06-21 06:00,0.5032,3174.85,3224.8875,-8.339583333333318,0.0,0.0,8.339583333333318,0.0,0.0,0.0,2332.5963372800406,2340.1019622800404,0.0,0.0,0.0,0.0
Q43,2025-06-21 07:40:00,2025-06-21 07:50:00,2025-06-21,2025-06-21 06:00,0.4634,3159.7263,3537.527,-62.96678333333337,0.0,0.0,62.96678333333337,0.0,0.0,0.0,2340.1019622800404,2396.7720672800406,0.0,0.0,0.0,0.0
Q43,2025-06-21 07:50:00,2025-06-21 08:00:00,2025-06-21,2025-06-21 06:00,0.6087,3087.5763,3785.3986,-116.30371666666663,0.0,0.0,116.30371666666663,0.0,0.0,0.0,2396.7720672800406,2501.4454122800407,0.0,0.0,0.0,0.0
Q43,2025-06-21 08:00:00,2025-06-21 08:10:00,2025-06-21,2025-06-21 06:00,0.8359,3062.36,4003.425,-156.84416666666667,0.0,0.0,156.84416666666667,0.0,0.0,0.0,2501.4454122800407,2642.6051622800405,0.0,0.0,0.0,0.0
Q43,2025-06-21 08:10:00,2025-06-21 08:20:00,2025-06-21,2025-06-21 06:00,0.8537,3162.0197,4334.7324,-195.45211666666665,0.0,0.0,195.45211666666665,0.0,0.0,0.0,2642.6051622800405,2818.5120672800404,0.0,0.0,0.0,0.0
Q43,2025-06-21 08:20:00,2025-06-21 08:30:00,2025-06-21,2025-06-21 06:00,0.7708,3160.9922,4441.8035,-213.46854999999996,0.0,0.0,213.46854999999996,0.0,0.0,0.0,2818.5120672800404,3010.63376228004,0.0,0.0,0.0,0.0
Q43,2025-06-21 08:30:00,2025-06-21 08:40:00,2025-06-21,2025-06-21 06:00,0.7264,3037.59,4358.7,-220.18499999999995,0.0,0.0,220.18499999999995,0.0,0.0,0.0,3010.63376228004,3208.80026228004,0.0,0.0,0.0,0.0
Q43,2025-06-21 08:40:00,2025-06-21 08:50:00,2025-06-21,2025-06-21 06:00,0.7632,3030.9974,4479.895,-241.48293333333336,0.0,0.0,241.48293333333336,0.0,0.0,0.0,3208.80026228004,3426.13490228004,0.0,0.0,0.0,0.0
Q43,2025-06-21 08:50:00,2025-06-21 09:00:00,2025-06-21,2025-06-21 06:00,0.8305,3289.939,4668.5166,-229.76293333333334,0.0,0.0,229.76293333333334,0.0,0.0,0.0,3426.13490228004,3632.92154228004,0.0,0.0,0.0,0.0
Q43,2025-06-21 09:00:00,2025-06-21 09:10:00,2025-06-21,2025-06-21 06:00,0.8764,3650.62,4746.075,-182.57583333333332,0.0,0.0,182.57583333333332,0.0,0.0,0.0,3632.92154228004,3797.2397922800396,0.0,0.0,0.0,0.0
Q43,2025-06-21 09:10:00,2025-06-21 09:20:00,2025-06-21,2025-06-21 06:00,0.8731,3785.9011,4746.9534,-160.17538333333337,0.0,0.0,160.17538333333337,0.0,0.0,0.0,3797.2397922800396,3941.39763728004,0.0,0.0,0.0,0.0
Q43,2025-06-21 09:20:00,2025-06-21 09:30:00,2025-06-21,2025-06-21 06:00,0.8073,3849.6183,5139.4381,-214.9699666666667,0.0,0.0,214.9699666666667,0.0,0.0,0.0,3941.39763728004,4134.87060728004,0.0,0.0,0.0,0.0
Q43,2025-06-21 09:30:00,2025-06-21 09:40:00,2025-06-21,2025-06-21 06:00,0.7234,3824.6,5794.3125,-328.28541666666666,0.0,0.0,328.28541666666666,0.0,0.0,0.0,4134.87060728004,4430.3274822800395,0.0,0.0,0.0,0.0
Q43,2025-06-21 09:40:00,2025-06-21 09:50:00,2025-06-21,2025-06-21 06:00,0.6977,3582.3586,6109.068,-421.11823333333336,0.0,0.0,421.11823333333336,0.0,0.0,0.0,4430.3274822800395,4809.333892280039,0.0,0.0,0.0,0.0
Q43,2025-06-21 09:50:00,2025-06-21 10:00:00,2025-06-21,2025-06-21 06:00,0.7164,3687.9447,6385.1018,-449.5261833333334,0.0,0.0,449.5261833333334,0.0,0.0,0.0,4809.333892280039,5213.907457280039,0.0,0.0,0.0,0.0
Q43,2025-06-21 10:00:00,2025-06-21 10:10:00,2025-06-21,2025-06-21 06:00,0.7212,4000.14,6643.5375,-440.5662500000001,0.0,0.0,440.5662500000001,0.0,0.0,0.0,5213.907457280039,5610.417082280039,0.0,0.0,0.0,0.0
Q43,2025-06-21 10:10:00,2025-06-21 10:20:00,2025-06-21,2025-06-21 06:00,0.6702,3826.1041,6589.8893,-460.63086666666663,0.0,0.0,460.63086666666663,0.0,0.0,0.0,5610.417082280039,6024.984862280039,0.0,0.0,0.0,0.0
Q43,2025-06-21 10:20:00,2025-06-21 10:30:00,2025-06-21,2025-06-21 06:00,0.6649,3761.4976,6695.6004,-489.01713333333333,0.0,0.0,489.01713333333333,0.0,0.0,0.0,6024.984862280039,6465.100282280039,0.0,0.0,0.0,0.0
Q43,2025-06-21 10:30:00,2025-06-21 10:40:00,2025-06-21,2025-06-21 06:00,0.7152,3901.91,7000.9875,-516.5129166666667,0.0,0.0,516.5129166666667,0.0,0.0,0.0,6465.100282280039,6929.96190728004,0.0,0.0,0.0,0.0
Q43,2025-06-21 10:40:00,2025-06-21 10:50:00,2025-06-21,2025-06-21 06:00,0.7053,3726.7535,7093.8409,-561.1812333333334,0.0,0.0,561.1812333333334,0.0,0.0,0.0,6929.96190728004,7435.02501728004,0.0,0.0,0.0,0.0
Q43,2025-06-21 10:50:00,2025-06-21 11:00:00,2025-06-21,2025-06-21 06:00,0.5367,3565.5609,7243.1188,-612.9263166666667,0.0,0.0,612.9263166666667,0.0,0.0,0.0,7435.02501728004,7986.6587022800395,0.0,0.0,0.0,0.0
Q43,2025-06-21 11:00:00,2025-06-21 11:10:00,2025-06-21,2025-06-21 06:00,0.3314,3679.21,7400.1,-620.1483333333333,0.0,0.0,620.1483333333333,0.0,0.0,0.0,7986.6587022800395,8544.79220228004,0.0,0.0,0.0,0.0
Q43,2025-06-21 11:10:00,2025-06-21 11:20:00,2025-06-21,2025-06-21 06:00,0.3161,3945.6166,7306.5816,-560.1608333333334,0.0,0.0,560.1608333333334,0.0,0.0,0.0,8544.79220228004,9048.936952280039,0.0,0.0,0.0,0.0
Q43,2025-06-21 11:20:00,2025-06-21 11:30:00,2025-06-21,2025-06-21 06:00,0.2901,3900.6403,7782.8954,-647.0425166666666,0.0,0.0,647.0425166666666,0.0,0.0,0.0,9048.936952280039,9631.27521728004,0.0,0.0,0.0,0.0
Q43,2025-06-21 11:30:00,2025-06-21 11:40:00,2025-06-21,2025-06-21 06:00,0.2072,3645.76,8490.225,-807.4108333333334,0.0,0.0,807.4108333333334,0.0,0.0,0.0,9631.27521728004,10357.94496728004,0.0,0.0,0.0,0.0
Q43,2025-06-21 11:40:00,2025-06-21 11:50:00,2025-06-21,2025-06-21 06:00,0.2258,3705.1427,8180.7164,-745.9289500000001,0.0,0.0,491.17225857773315,0.0,0.0,254.75669142226695,10357.94496728004,10800.0,0.0,0.0,0.0,0.0
Q43,2025-06-21 11:50:00,2025-06-21 12:00:00,2025-06-21,2025-06-21 06:00,0.2711,3724.3133,7677.6706,-658.8928833333334,0.0,0.0,0.0,0.0,0.0,658.8928833333334,10800.0,10800.0,0.0,0.0,0.0,0.0
Q43,2025-06-21 12:00:00,2025-06-21 12:10:00,2025-06-21,2025-06-21 12:00,0.2744,3631.08,7665.1125,-672.33875,0.0,0.0,0.0,0.0,0.0,672.33875,10800.0,10800.0,0.0,0.0,0.0,0.0
Q43,2025-06-21 12:10:00,2025-06-21 12:20:00,2025-06-21,2025-06-21 12:00,0.2473,3735.5415,8044.2631,-718.1202666666668,0.0,0.0,0.0,0.0,0.0,718.1202666666668,10800.0,10800.0,0.0,0.0,0.0,0.0
Q43,2025-06-21 12:20:00,2025-06-21 12:30:00,2025-06-21,2025-06-21 12:00,0.2497,3852.2352,8300.9755,-741.4567166666667,0.0,0.0,0.0,0.0,0.0,741.4567166666667,10800.0,10800.0,0.0,0.0,0.0,0.0
Q43,2025-06-21 12:30:00,2025-06-21 12:40:00,2025-06-21,2025-06-21 12:00,0.2484,3928.56,8383.0125,-742.4087500000002,0.0,0.0,0.0,0.0,0.0,742.4087500000002,10800.0,10800.0,0.0,0.0,0.0,0.0
Q43,2025-06-21 12:40:00,2025-06-21 12:50:00,2025-06-21,2025-06-21 12:00,0.1828,4059.9044,8605.7877,-757.6472166666668,0.0,0.0,0.0,0.0,0.0,757.6472166666668,10800.0,10800.0,0.0,0.0,0.0,0.0
Q43,2025-06-21 12:50:00,2025-06-21 13:00:00,2025-06-21,2025-06-21 12:00,0.2868,3912.5928,8542.7209,-771.6880166666666,0.0,0.0,0.0,0.0,0.0,771.6880166666666,10800.0,10800.0,0.0,0.0,0.0,0.0
Q43,2025-06-21 13:00:00,2025-06-21 13:10:00,2025-06-21,2025-06-21 12:00,0.5464,3688.01,8049.6,-726.9316666666666,0.0,0.0,0.0,0.0,0.0,726.9316666666666,10800.0,10800.0,0.0,0.0,0.0,0.0
Q43,2025-06-21 13:10:00,2025-06-21 13:20:00,2025-06-21,2025-06-21 12:00,0.681,3910.4683,7493.4162,-597.1579833333333,0.0,0.0,0.0,0.0,0.0,597.1579833333333,10800.0,10800.0,0.0,0.0,0.0,0.0
Q43,2025-06-21 13:20:00,2025-06-21 13:30:00,2025-06-21,2025-06-21 12:00,0.6383,3862.6154,7354.9231,-582.0512833333332,0.0,0.0,0.0,0.0,0.0,582.0512833333332,10800.0,10800.0,0.0,0.0,0.0,0.0
Q43,2025-06-21 13:30:00,2025-06-21 13:40:00,2025-06-21,2025-06-21 12:00,0.5716,3589.29,7340.8875,-625.2662499999999,0.0,0.0,0.0,0.0,0.0,625.2662499999999,10800.0,10800.0,0.0,0.0,0.0,0.0
Q43,2025-06-21 13:40:00,2025-06-21 13:50:00,2025-06-21,2025-06-21 12:00,0.6829,3849.2221,6714.7449,-477.58713333333327,0.0,0.0,0.0,0.0,0.0,477.58713333333327,10800.0,10800.0,0.0,0.0,0.0,0.0
Q43,2025-06-21 13:50:00,2025-06-21 14:00:00,2025-06-21,2025-06-21 12:00,0.797,3978.2382,6127.755,-358.25280000000004,0.0,0.0,0.0,0.0,0.0,358.25280000000004,10800.0,10800.0,0.0,0.0,0.0,0.0
Q43,2025-06-21 14:00:00,2025-06-21 14:10:00,2025-06-21,2025-06-21 12:00,0.8133,3861.85,5956.2,-349.0583333333333,0.0,0.0,0.0,0.0,0.0,349.0583333333333,10800.0,10800.0,0.0,0.0,0.0,0.0
Q43,2025-06-21 14:10:00,2025-06-21 14:20:00,2025-06-21,2025-06-21 12:00,0.7993,4047.8905,5941.7978,-315.6512166666667,0.0,0.0,0.0,0.0,0.0,315.6512166666667,10800.0,10800.0,0.0,0.0,0.0,0.0
Q43,2025-06-21 14:20:00,2025-06-21 14:30:00,2025-06-21,2025-06-21 12:00,0.8114,4095.2281,5827.294,-288.67764999999997,0.0,0.0,0.0,0.0,0.0,288.67764999999997,10800.0,10800.0,0.0,0.0,0.0,0.0
Q43,2025-06-21 14:30:00,2025-06-21 14:40:00,2025-06-21,2025-06-21 12:00,0.8574,4007.39,5738.1375,-288.4579166666666,0.0,0.0,0.0,0.0,0.0,288.4579166666666,10800.0,10800.0,0.0,0.0,0.0,0.0
Q43,2025-06-21 14:40:00,2025-06-21 14:50:00,2025-06-21,2025-06-21 12:00,0.8672,4227.0513,5964.2607,-289.53489999999994,0.0,0.0,0.0,0.0,0.0,289.53489999999994,10800.0,10800.0,0.0,0.0,0.0,0.0
Q43,2025-06-21 14:50:00,2025-06-21 15:00:00,2025-06-21,2025-06-21 12:00,0.6527,4182.4486,5979.2451,-299.46608333333336,0.0,0.0,0.0,0.0,0.0,299.46608333333336,10800.0,10800.0,0.0,0.0,0.0,0.0
Q43,2025-06-21 15:00:00,2025-06-21 15:10:00,2025-06-21,2025-06-21 12:00,0.3818,3879.68,5680.4625,-300.13041666666663,0.0,0.0,0.0,0.0,0.0,300.13041666666663,10800.0,10800.0,0.0,0.0,0.0,0.0
Q43,2025-06-21 15:10:00,2025-06-21 15:20:00,2025-06-21,2025-06-21 12:00,0.4347,3916.2335,5457.1539,-256.8200666666667,0.0,0.0,0.0,0.0,0.0,256.8200666666667,10800.0,10800.0,0.0,0.0,0.0,0.0
Q43,2025-06-21 15:20:00,2025-06-21 15:30:00,2025-06-21,2025-06-21 12:00,0.5156,3924.3398,5153.0688,-204.78816666666663,0.0,0.0,0.0,0.0,0.0,204.78816666666663,10800.0,10800.0,0.0,0.0,0.0,0.0
Q43,2025-06-21 15:30:00,2025-06-21 15:40:00,2025-06-21,2025-06-21 12:00,0.4952,3875.5,4811.1,-155.9333333333334,0.0,0.0,0.0,0.0,0.0,155.9333333333334,10800.0,10800.0,0.0,0.0,0.0,0.0
Q43,2025-06-21 15:40:00,2025-06-21 15:50:00,2025-06-21,2025-06-21 12:00,0.5311,4137.0155,4680.9532,-90.65628333333325,0.0,0.0,0.0,0.0,0.0,90.65628333333325,10800.0,10800.0,0.0,0.0,0.0,0.0
Q43,2025-06-21 15:50:00,2025-06-21 16:00:00,2025-06-21,2025-06-21 12:00,0.5692,4317.2602,4481.2341,-27.328983333333326,97.51408524048027,97.51408524048027,0.0,0.0,0.0,124.8430685738136,10800.0,10800.0,55.50501731888137,0.0,0.0,55.50501731888137
Q43,2025-06-21 16:00:00,2025-06-21 16:10:00,2025-06-21,2025-06-21 12:00,0.5723,4217.43,4055.4,27.00500000000003,158.72599071442704,151.85932237646904,0.0,0.0,0.0,124.85432237646901,10800.0,10800.0,86.90909019605324,1.9648971449066828,0.0,88.87398734095993
Q43,2025-06-21 16:10:00,2025-06-21 16:20:00,2025-06-21,2025-06-21 12:00,0.5744,4034.2858,3562.8565,78.57155000000003,187.4884550457175,150.8358203086288,0.0,0.0,0.0,72.26427030862877,10800.0,10800.0,86.64009518527638,10.526636696491876,0.0,97.16673188176826
Q43,2025-06-21 16:20:00,2025-06-21 16:30:00,2025-06-21,2025-06-21 12:00,0.599,3980.7146,3361.4888,103.20429999999995,197.79025022616992,151.42929615409565,0.0,0.0,0.0,48.224996154095706,10800.0,10800.0,90.70614839630329,13.885105744586241,0.0,104.59125414088953
Q43,2025-06-21 16:30:00,2025-06-21 16:40:00,2025-06-21,2025-06-21 12:00,0.6284,4042.02,3406.575,105.90750000000003,219.40796620371867,186.29476016616698,0.0,0.0,0.0,80.38726016616695,10800.0,10800.0,117.06762728841932,10.404169336998741,0.0,127.47179662541805
Q43,2025-06-21 16:40:00,2025-06-21 16:50:00,2025-06-21,2025-06-21 12:00,0.6239,3983.774,3291.2298,115.4240333333333,281.0279570015083,269.24648349332836,0.0,0.0,0.0,153.82245015999507,10800.0,10800.0,167.98288105148757,3.6752306608767333,0.0,171.6581117123643
Q43,2025-06-21 16:50:00,2025-06-21 17:00:00,2025-06-21,2025-06-21 12:00,0.6144,3621.8931,2964.175,109.61968333333326,289.21983933737766,289.21983933737766,0.0,0.0,0.0,179.6001560040444,10800.0,10800.0,177.69666928888483,0.0,0.0,177.69666928888483
Q43,2025-06-21 17:00:00,2025-06-21 17:10:00,2025-06-21,2025-06-21 12:00,0.6289,3240.3,2623.6125,102.78125,229.74562081843686,220.37995917815232,0.0,0.0,0.0,117.59870917815232,10800.0,10800.0,138.59695632714,2.9450323027874745,0.0,141.54198862992746
Q43,2025-06-21 17:10:00,2025-06-21 17:20:00,2025-06-21,2025-06-21 12:00,0.6705,3335.0072,2479.2426,142.62743333333333,234.26653299147793,236.94655771537992,0.0,0.0,0.0,94.3191243820466,10800.0,10800.0,158.87266694816225,0.8984782886881434,0.0,159.7711452368504
Q43,2025-06-21 17:20:00,2025-06-21 17:30:00,2025-06-21,2025-06-21 12:00,0.7075,3462.6248,2185.8548,212.795,308.4773155927087,310.6741214761862,0.0,0.0,0.0,97.87912147618621,10800.0,10800.0,219.80194094440174,0.777120081280169,0.0,220.5790610256819
Q43,2025-06-21 17:30:00,2025-06-21 17:40:00,2025-06-21,2025-06-21 12:00,0.7038,3484.27,1750.4625,288.9679166666666,350.11259441057103,353.8268835986015,0.0,0.0,0.0,64.8589669319349,10800.0,10800.0,249.02336067669575,1.3070583652679248,0.0,250.33041904196367
Q43,2025-06-21 17:40:00,2025-06-21 17:50:00,2025-06-21,2025-06-21 12:00,0.6796,3649.2081,1528.3871,353.4701666666666,390.92537576517395,391.6653750574434,0.0,0.0,0.0,38.19520839077677,10800.0,10800.0,266.17578888903853,0.25145175951315263,0.0,266.4272406485517
Q43,2025-06-21 17:50:00,2025-06-21 18:00:00,2025-06-21,2025-06-21 12:00,0.8445,3604.3529,1310.4274,382.3209166666666,414.55187606930417,414.55187606930417,0.0,0.0,0.0,32.23095940263755,10800.0,10800.0,350.0890593405274,0.0,0.0,350.0890593405274
Q43,2025-06-21 18:00:00,2025-06-21 18:10:00,2025-06-21,2025-06-21 18:00,1.1012,3349.51,1034.1,385.9016666666667,438.1730900220897,456.68850604272484,0.0,0.0,0.0,70.78683937605814,10800.0,10800.0,502.90538285424856,10.19458806096171,0.0,513.0999709152103
Q43,2025-06-21 18:10:00,2025-06-21 18:20:00,2025-06-21,2025-06-21 18:00,1.1314,3274.4828,860.3286,402.3590333333333,484.3050900562541,505.8368108895875,0.0,0.0,0.0,103.47777755625424,10800.0,10800.0,572.3037678404793,12.180494475416733,0.0,584.484262315896
Q43,2025-06-21 18:20:00,2025-06-21 18:30:00,2025-06-21,2025-06-21 18:00,1.1374,3297.0032,677.2547,436.62475,153.67688898944613,174.60334826855603,0.0,262.021401731444,0.0,0.0,10800.0,10508.865109187285,198.59384832065564,11.900877392029804,0.0,210.49472571268544
Q43,2025-06-21 18:30:00,2025-06-21 18:40:00,2025-06-21,2025-06-21 18:00,1.1803,3342.79,452.7,481.6816666666667,0.0,0.0,0.0,481.6816666666667,0.0,0.0,10508.865109187285,9973.663257335433,0.0,0.0,0.0,0.0
Q43,2025-06-21 18:40:00,2025-06-21 18:50:00,2025-06-21,2025-06-21 18:00,1.1266,3456.8314,276.0564,530.1291666666666,597.8396964920869,600.7470859810517,70.61791931438506,0.0,0.0,0.0,9973.663257335433,10037.219384718379,676.8016670662529,1.6377324991338615,0.0,678.4393995653868
Q43,2025-06-21 18:50:00,2025-06-21 19:00:00,2025-06-21,2025-06-21 18:00,1.153,3634.5648,121.8367,585.4546833333334,0.0,0.0,0.0,585.4546833333334,0.0,0.0,10037.219384718379,9386.714181014675,0.0,0.0,0.0,0.0
Q43,2025-06-21 19:00:00,2025-06-21 19:10:00,2025-06-21,2025-06-21 18:00,1.2618,3852.72,7.7625,640.82625,0.0,0.0,0.0,640.82625,0.0,0.0,9386.714181014675,8674.685014348008,0.0,0.0,0.0,0.0
Q43,2025-06-21 19:10:00,2025-06-21 19:20:00,2025-06-21,2025-06-21 18:00,1.2633,4004.9442,0.0,667.4907,0.0,0.0,0.0,667.4907,0.0,0.0,8674.685014348008,7933.0286810146745,0.0,0.0,0.0,0.0
Q43,2025-06-21 19:20:00,2025-06-21 19:30:00,2025-06-21,2025-06-21 18:00,1.2161,3706.7434,3.2619,617.2469166666666,0.0,0.0,0.0,617.2469166666666,0.0,0.0,7933.0286810146745,7247.198773607267,0.0,0.0,0.0,0.0
Q43,2025-06-21 19:30:00,2025-06-21 19:40:00,2025-06-21,2025-06-21 18:00,1.1876,3293.48,0.0,548.9133333333333,0.0,0.0,0.0,548.9133333333333,0.0,0.0,7247.198773607267,6637.295069903564,0.0,0.0,0.0,0.0
Q43,2025-06-21 19:40:00,2025-06-21 19:50:00,2025-06-21,2025-06-21 18:00,1.1812,3492.5254,0.0,582.0875666666666,0.0,0.0,0.0,582.0875666666666,0.0,0.0,6637.295069903564,5990.531106940601,0.0,0.0,0.0,0.0
Q43,2025-06-21 19:50:00,2025-06-21 20:00:00,2025-06-21,2025-06-21 18:00,1.1704,3490.6667,0.2342,581.73875,0.0,0.0,0.0,581.73875,0.0,0.0,5990.531106940601,5344.154718051712,0.0,0.0,0.0,0.0
Q43,2025-06-21 20:00:00,2025-06-21 20:10:00,2025-06-21,2025-06-21 18:00,1.1558,3189.62,0.0,531.6033333333332,0.0,0.0,0.0,531.6033333333332,0.0,0.0,5344.154718051712,4753.484347681341,0.0,0.0,0.0,0.0
Q43,2025-06-21 20:10:00,2025-06-21 20:20:00,2025-06-21,2025-06-21 18:00,1.1611,3348.2366,0.0,558.0394333333334,0.0,0.0,0.0,558.0394333333334,0.0,0.0,4753.484347681341,4133.440532866526,0.0,0.0,0.0,0.0
Q43,2025-06-21 20:20:00,2025-06-21 20:30:00,2025-06-21,2025-06-21 18:00,1.1692,3725.2052,0.0168,620.8647333333333,0.0,0.0,0.0,620.8647333333333,0.0,0.0,4133.440532866526,3443.5908291628225,0.0,0.0,0.0,0.0
Q43,2025-06-21 20:30:00,2025-06-21 20:40:00,2025-06-21,2025-06-21 18:00,1.198,3960.13,0.0,660.0216666666666,0.0,0.0,0.0,660.0216666666666,0.0,0.0,3443.5908291628225,2710.2334217554153,0.0,0.0,0.0,0.0
Q43,2025-06-21 20:40:00,2025-06-21 20:50:00,2025-06-21,2025-06-21 18:00,1.2507,3881.8245,0.0,646.97075,0.0,0.0,0.0,646.97075,0.0,0.0,2710.2334217554153,1991.3770328665264,0.0,0.0,0.0,0.0
Q43,2025-06-21 20:50:00,2025-06-21 21:00:00,2025-06-21,2025-06-21 18:00,1.1066,3513.6729,0.0012,585.61195,689.3026682797221,689.3026682797221,103.69071827972209,0.0,0.0,0.0,1991.3770328665264,2084.6986793182764,762.7823327183405,0.0,0.0,762.7823327183405
Q43,2025-06-21 21:00:00,2025-06-21 21:10:00,2025-06-21,2025-06-21 18:00,0.857,3160.32,0.0,526.72,702.6542994748386,702.6542994748386,175.93429947483855,0.0,0.0,0.0,2084.6986793182764,2243.039548845631,602.1747346499367,0.0,0.0,602.1747346499367
Q43,2025-06-21 21:10:00,2025-06-21 21:20:00,2025-06-21,2025-06-21 18:00,0.8345,3214.7106,0.0,535.7850999999999,645.1194078953946,645.1194078953946,109.33430789539466,0.0,0.0,0.0,2243.039548845631,2341.4404259514863,538.3521458887068,0.0,0.0,538.3521458887068
Q43,2025-06-21 21:20:00,2025-06-21 21:30:00,2025-06-21,2025-06-21 18:00,0.871,3489.1029,0.0,581.5171499999999,624.025832063586,624.025832063586,42.50868206358609,0.0,0.0,0.0,2341.4404259514863,2379.698239808714,543.5264997273835,0.0,0.0,543.5264997273835
Q43,2025-06-21 21:30:00,2025-06-21 21:40:00,2025-06-21,2025-06-21 18:00,0.8848,3713.49,0.0,618.915,635.9518780123325,635.9518780123325,17.036878012332522,0.0,0.0,0.0,2379.698239808714,2395.0314300198133,562.6902216653118,0.0,0.0,562.6902216653118
Q43,2025-06-21 21:40:00,2025-06-21 21:50:00,2025-06-21,2025-06-21 18:00,0.9243,3715.4477,0.0,619.2412833333333,628.23351587515,628.23351587515,8.992232541816747,0.0,0.0,0.0,2395.0314300198133,2403.1244393074485,580.6762387234012,0.0,0.0,580.6762387234012
Q43,2025-06-21 21:50:00,2025-06-21 22:00:00,2025-06-21,2025-06-21 18:00,0.7155,3460.6768,0.0,576.7794666666666,618.6076620090869,618.6076620090869,41.82819534242026,0.0,0.0,0.0,2403.1244393074485,2440.769815115627,442.61378216750165,0.0,0.0,442.61378216750165
Q43,2025-06-21 22:00:00,2025-06-21 22:10:00,2025-06-21,2025-06-21 18:00,0.3942,3169.68,0.0,528.28,569.5478703253845,569.5478703253845,41.26787032538448,0.0,0.0,0.0,2440.769815115627,2477.910898408473,224.51577048226656,0.0,0.0,224.51577048226656
Q43,2025-06-21 22:10:00,2025-06-21 22:20:00,2025-06-21,2025-06-21 18:00,0.4048,3161.2424,0.0,526.8737333333333,547.6071041921521,547.6071041921521,20.733370858818716,0.0,0.0,0.0,2477.910898408473,2496.5709321814097,221.67135577698315,0.0,0.0,221.67135577698315
Q43,2025-06-21 22:20:00,2025-06-21 22:30:00,2025-06-21,2025-06-21 18:00,0.4701,3268.4465,0.0,544.7410833333333,540.6952249731856,540.6952249731856,0.0,4.04585836014769,0.0,0.0,2496.5709321814097,2492.075534003468,254.1808252598946,0.0,0.0,254.1808252598946
Q43,2025-06-21 22:30:00,2025-06-21 22:40:00,2025-06-21,2025-06-21 18:00,0.4227,3317.19,0.0,552.865,559.6558332795905,559.6558332795905,6.790833279590515,0.0,0.0,0.0,2492.075534003468,2498.1872839550992,236.56652072728292,0.0,0.0,236.56652072728292
Q43,2025-06-21 22:40:00,2025-06-21 22:50:00,2025-06-21,2025-06-21 18:00,0.374,3281.0391,0.0,546.83985,598.4789065394646,598.4789065394646,51.639056539464605,0.0,0.0,0.0,2498.1872839550992,2544.6624348406176,223.83111104575974,0.0,0.0,223.83111104575974
Q43,2025-06-21 22:50:00,2025-06-21 23:00:00,2025-06-21,2025-06-21 18:00,0.3646,3250.7574,0.0,541.7928999999999,683.2303387386169,683.2303387386169,141.43743873861695,0.0,0.0,0.0,2544.6624348406176,2671.956129705373,249.1057815040997,0.0,0.0,249.1057815040997
Q43,2025-06-21 23:00:00,2025-06-21 23:10:00,2025-06-21,2025-06-21 18:00,0.3809,3190.39,0.0,531.7316666666666,603.9079895585919,603.9079895585919,72.17632289192534,0.0,0.0,0.0,2671.956129705373,2736.914820308106,230.02855322286766,0.0,0.0,230.02855322286766
Q43,2025-06-21 23:10:00,2025-06-21 23:20:00,2025-06-21,2025-06-21 18:00,0.3872,2998.9363,0.0,499.8227166666666,539.9737762809384,539.9737762809384,40.15105961427179,0.0,0.0,0.0,2736.914820308106,2773.0507739609507,209.07784617597935,0.0,0.0,209.07784617597935
Q43,2025-06-21 23:20:00,2025-06-21 23:30:00,2025-06-21,2025-06-21 18:00,0.3936,2920.9743,0.0,486.82904999999994,546.655389311123,546.655389311123,59.82633931112309,0.0,0.0,0.0,2773.0507739609507,2826.8944793409614,215.16356123285803,0.0,0.0,215.16356123285803
Q43,2025-06-21 23:30:00,2025-06-21 23:40:00,2025-06-21,2025-06-21 18:00,0.3844,2989.3,0.0,498.2166666666667,556.1081309876669,556.1081309876669,57.89146432100017,0.0,0.0,0.0,2826.8944793409614,2878.9967972298614,213.76796555165916,0.0,0.0,213.76796555165916
Q43,2025-06-21 23:40:00,2025-06-21 23:50:00,2025-06-21,2025-06-21 18:00,0.3399,3024.571,0.0,504.0951666666666,1401.906290631439,1401.906290631439,833.3333333333334,0.0,0.0,64.47779063143912,2878.9967972298614,3628.9967972298614,476.5079481856261,0.0,0.0,476.5079481856261
Q43,2025-06-21 23:50:00,2025-06-22 00:00:00,2025-06-21,2025-06-21 18:00,0.3684,3193.3141,0.0,532.2190166666667,609.8231079807708,609.8231079807708,77.60409131410415,0.0,0.0,0.0,3628.9967972298614,3698.840479412555,224.658832980116,0.0,0.0,224.658832980116
Q43,2025-09-23 00:00:00,2025-09-23 00:10:00,2025-09-22,2025-09-22 18:00,0.4085,3425.14,0.0,570.8566666666666,619.2764337078744,619.2764337078744,48.41976704120782,0.0,0.0,0.0,1618.6189293386194,1662.1967196757064,252.97442316966666,0.0,0.0,252.97442316966666
Q43,2025-09-23 00:10:00,2025-09-23 00:20:00,2025-09-23,2025-09-23 00:00,0.4059,3421.106,0.0,570.1843333333334,1499.2448525613577,1499.2448525613577,833.3333333333334,0.0,0.0,95.72718589469093,1662.1967196757064,2412.1967196757064,608.543485654655,0.0,0.0,608.543485654655
Q43,2025-09-23 00:20:00,2025-09-23 00:30:00,2025-09-23,2025-09-23 00:00,0.4324,3361.9091,0.0,560.3181833333333,645.837651996172,645.837651996172,85.51946866283868,0.0,0.0,0.0,2412.1967196757064,2489.164241472261,279.26020072314475,0.0,0.0,279.26020072314475
Q43,2025-09-23 00:30:00,2025-09-23 00:40:00,2025-09-23,2025-09-23 00:00,0.4539,3388.6,0.0,564.7666666666667,606.0062471888225,606.0062471888225,41.23958052215585,0.0,0.0,0.0,2489.164241472261,2526.2798639422012,275.0662355990066,0.0,0.0,275.0662355990066
Q43,2025-09-23 00:40:00,2025-09-23 00:50:00,2025-09-23,2025-09-23 00:00,0.4117,3591.0535,0.0,598.5089166666667,1440.079183411277,1440.079183411277,833.3333333333334,0.0,0.0,8.236933411276937,2526.2798639422012,3276.2798639422012,592.8805998104227,0.0,0.0,592.8805998104227
Q43,2025-09-23 00:50:00,2025-09-23 01:00:00,2025-09-23,2025-09-23 00:00,0.4114,3639.0639,0.0,606.5106499999999,1438.2160238816095,1438.2160238816095,831.7053738816096,0.0,0.0,0.0,3276.2798639422012,4024.8147004356497,591.6820722248941,0.0,0.0,591.6820722248941
Q43,2025-09-23 01:00:00,2025-09-23 01:10:00,2025-09-23,2025-09-23 00:00,0.4549,3538.62,0.0,589.77,599.3750050945919,599.3750050945919,9.605005094591888,0.0,0.0,0.0,4024.8147004356497,4033.4592050207825,272.65568981752983,0.0,0.0,272.65568981752983
Q43,2025-09-23 01:10:00,2025-09-23 01:20:00,2025-09-23,2025-09-23 00:00,0.4413,3584.1201,0.0,597.35335,601.9240579671111,601.9240579671111,4.5707079671111615,0.0,0.0,0.0,4033.4592050207825,4037.5728421911826,265.62908678088615,0.0,0.0,265.62908678088615
Q43,2025-09-23 01:20:00,2025-09-23 01:30:00,2025-09-23,2025-09-23 00:00,0.4365,3479.83,0.0,579.9716666666666,592.4698304128242,592.4698304128242,12.498163746157616,0.0,0.0,0.0,4037.5728421911826,4048.8211895627246,258.61308097519776,0.0,0.0,258.61308097519776
Q43,2025-09-23 01:30:00,2025-09-23 01:40:00,2025-09-23,2025-09-23 00:00,0.4529,3316.08,0.0,552.68,579.948014668868,579.948014668868,27.26801466886809,0.0,0.0,0.0,4048.8211895627246,4073.362402764706,262.65845584353036,0.0,0.0,262.65845584353036
Q43,2025-09-23 01:40:00,2025-09-23 01:50:00,2025-09-23,2025-09-23 00:00,0.4318,3504.3201,0.0,584.0533499999999,609.1285970966032,609.1285970966032,25.075247096603334,0.0,0.0,0.0,4073.362402764706,4095.930125151649,263.0217282263133,0.0,0.0,263.0217282263133
Q43,2025-09-23 01:50:00,2025-09-23 02:00:00,2025-09-23,2025-09-23 00:00,0.418,3611.1697,0.0,601.8616166666666,1449.1762529670264,1449.1762529670264,833.3333333333334,0.0,0.0,13.981302967026409,4095.930125151649,4845.930125151649,605.755673740217,0.0,0.0,605.755673740217
Q43,2025-09-23 02:00:00,2025-09-23 02:10:00,2025-09-23,2025-09-23 00:00,0.4413,3543.64,0.0,590.6066666666666,613.4656761944243,613.4656761944243,22.859009527757735,0.0,0.0,0.0,4845.930125151649,4866.503233726631,270.72240290459945,0.0,0.0,270.72240290459945
Q43,2025-09-23 02:10:00,2025-09-23 02:20:00,2025-09-23,2025-09-23 00:00,0.4794,3627.3783,0.0,604.56305,593.3318682959562,593.3318682959562,0.0,11.23118170404382,0.0,0.0,4866.503233726631,4854.02414294436,284.4432976610814,0.0,0.0,284.4432976610814
Q43,2025-09-23 02:20:00,2025-09-23 02:30:00,2025-09-23,2025-09-23 00:00,0.4675,3646.7973,0.0,607.79955,590.1119603719598,590.1119603719598,0.0,17.6875896280402,0.0,0.0,4854.02414294436,4834.371265579871,275.8773414738912,0.0,0.0,275.8773414738912
Q43,2025-09-23 02:30:00,2025-09-23 02:40:00,2025-09-23,2025-09-23 00:00,0.4225,3569.92,0.0,594.9866666666667,605.8054033373136,605.8054033373136,10.8187366706469,0.0,0.0,0.0,4834.371265579871,4844.108128583453,255.95278291001497,0.0,0.0,255.95278291001497
Q43,2025-09-23 02:40:00,2025-09-23 02:50:00,2025-09-23,2025-09-23 00:00,0.4268,3591.0744,0.0,598.5124,632.8185005246518,632.8185005246518,34.30610052465181,0.0,0.0,0.0,4844.108128583453,4874.98361905564,270.0869360239214,0.0,0.0,270.0869360239214
Q43,2025-09-23 02:50:00,2025-09-23 03:00:00,2025-09-23,2025-09-23 00:00,0.4588,3523.6786,0.0,587.2797666666667,619.1281699295054,619.1281699295054,31.8484032628387,0.0,0.0,0.0,4874.98361905564,4903.647181992194,284.05600436365705,0.0,0.0,284.05600436365705
Q43,2025-09-23 03:00:00,2025-09-23 03:10:00,2025-09-23,2025-09-23 00:00,0.4777,3402.03,0.0,567.005,614.503569162684,614.503569162684,47.49856916268402,0.0,0.0,0.0,4903.647181992194,4946.39589423861,293.5483549890142,0.0,0.0,293.5483549890142
Q43,2025-09-23 03:10:00,2025-09-23 03:20:00,2025-09-23,2025-09-23 00:00,0.4584,3470.8796,0.0,578.4799333333333,605.6025972598102,605.6025972598102,27.12266392647689,0.0,0.0,0.0,4946.39589423861,4970.806291772439,277.60823058389695,0.0,0.0,277.60823058389695
Q43,2025-09-23 03:20:00,2025-09-23 03:30:00,2025-09-23,2025-09-23 00:00,0.4106,3546.3118,0.0,591.0519666666667,1441.7733079706138,1441.7733079706138,833.3333333333334,0.0,0.0,17.388007970613785,4970.806291772439,5720.806291772439,591.992120252734,0.0,0.0,591.992120252734
Q43,2025-09-23 03:30:00,2025-09-23 03:40:00,2025-09-23,2025-09-23 00:00,0.3812,3521.1,0.0,586.8499999999999,1436.5580881977205,1436.5580881977205,833.3333333333334,0.0,0.0,16.374754864387228,5720.806291772439,6470.806291772439,547.6159432209711,0.0,0.0,547.6159432209711
Q43,2025-09-23 03:40:00,2025-09-23 03:50:00,2025-09-23,2025-09-23 00:00,0.4192,3493.0415,0.0,582.1735833333332,1449.1393225423544,1449.1393225423544,833.3333333333334,0.0,0.0,33.63240587568782,6470.806291772439,7220.806291772439,607.479204009755,0.0,0.0,607.479204009755
Q43,2025-09-23 03:50:00,2025-09-23 04:00:00,2025-09-23,2025-09-23 00:00,0.4681,3616.52,0.0,602.7533333333333,612.5609190886377,612.5609190886377,9.80758575530433,0.0,0.0,0.0,7220.806291772439,7229.633118952213,286.7397662253913,0.0,0.0,286.7397662253913
Q43,2025-09-23 04:00:00,2025-09-23 04:10:00,2025-09-23,2025-09-23 00:00,0.4666,3738.77,0.0,623.1283333333333,622.1698763854362,622.1698763854362,0.0,0.9584569478971616,0.0,0.0,7229.633118952213,7228.5681667878835,290.3044643214445,0.0,0.0,290.3044643214445
Q43,2025-09-23 04:10:00,2025-09-23 04:20:00,2025-09-23,2025-09-23 00:00,0.4048,3573.138,0.0019,595.5226833333332,1466.2988200350883,1466.2988200350883,833.3333333333334,0.0,0.0,37.442803368421664,7228.5681667878835,7978.5681667878835,593.5577623502037,0.0,0.0,593.5577623502037
Q43,2025-09-23 04:20:00,2025-09-23 04:30:00,2025-09-23,2025-09-23 00:00,0.3873,3548.8256,0.0,591.4709333333333,1476.2588206072937,1476.2588206072937,833.3333333333334,0.0,0.0,51.45455394062708,7978.5681667878835,8728.568166787883,571.7550412212048,0.0,0.0,571.7550412212048
Q43,2025-09-23 04:30:00,2025-09-23 04:40:00,2025-09-23,2025-09-23 00:00,0.4222,3696.43,0.0,616.0716666666666,1468.964350456557,1468.964350456557,833.3333333333334,0.0,0.0,19.559350456557013,8728.568166787883,9478.568166787883,620.1967487627584,0.0,0.0,620.1967487627584
Q43,2025-09-23 04:40:00,2025-09-23 04:50:00,2025-09-23,2025-09-23 00:00,0.4225,3629.4046,0.0268,604.8962999999999,820.082973772829,820.082973772829,215.18667377282907,0.0,0.0,0.0,9478.568166787883,9672.23617318343,346.4850564190202,0.0,0.0,346.4850564190202
Q43,2025-09-23 04:50:00,2025-09-23 05:00:00,2025-09-23,2025-09-23 00:00,0.4173,3602.4949,0.0,600.4158166666666,1446.2366088860613,1446.2366088860613,833.3333333333334,0.0,0.0,12.48745888606129,9672.23617318343,10422.23617318343,603.5145368881534,0.0,0.0,603.5145368881534
Q43,2025-09-23 05:00:00,2025-09-23 05:10:00,2025-09-23,2025-09-23 00:00,0.4256,3708.74,0.0,618.1233333333332,614.6607243006744,614.6607243006744,0.0,3.462609032658861,0.0,0.0,10422.23617318343,10418.388829813808,261.599604262367,0.0,0.0,261.599604262367
Q43,2025-09-23 05:10:00,2025-09-23 05:20:00,2025-09-23,2025-09-23 00:00,0.433,3751.3647,0.3731,625.1652666666666,613.707473187542,613.707473187542,0.0,11.457793479124689,0.0,0.0,10418.388829813808,10405.657948170336,265.73533589020565,0.0,0.0,265.73533589020565
Q43,2025-09-23 05:20:00,2025-09-23 05:30:00,2025-09-23,2025-09-23 00:00,0.4518,3689.4488,0.0,614.9081333333334,665.0486756985292,665.0486756985292,50.14054236519587,0.0,0.0,0.0,10405.657948170336,10450.784436299013,300.4689916805955,0.0,0.0,300.4689916805955
Q43,2025-09-23 05:30:00,2025-09-23 05:40:00,2025-09-23,2025-09-23 00:00,0.4325,3557.68,0.0,592.9466666666666,672.8294309978378,672.8294309978378,79.88276433117119,0.0,0.0,0.0,10450.784436299013,10522.678924197067,290.99872890656485,0.0,0.0,290.99872890656485
Q43,2025-09-23 05:40:00,2025-09-23 05:50:00,2025-09-23,2025-09-23 00:00,0.3613,3509.0644,5.1961,583.9780499999999,1463.4519017001771,1463.4519017001771,308.1345286699252,0.0,0.0,571.339323030252,10522.678924197067,10800.0,528.745172084274,0.0,0.0,528.745172084274
Q43,2025-09-23 05:50:00,2025-09-23 06:00:00,2025-09-23,2025-09-23 00:00,0.6152,4001.4806,0.0,666.9134333333333,695.5943682452631,695.5943682452631,0.0,0.0,0.0,28.680934911929853,10800.0,10800.0,427.92965534448587,0.0,0.0,427.92965534448587
Q43,2025-09-23 06:00:00,2025-09-23 06:10:00,2025-09-23,2025-09-23 06:00,1.0325,4743.74,0.0,790.6233333333332,0.0,0.0,0.0,790.6233333333332,0.0,0.0,10800.0,9921.52962962963,0.0,0.0,0.0,0.0
Q43,2025-09-23 06:10:00,2025-09-23 06:20:00,2025-09-23,2025-09-23 06:00,1.0391,4911.4158,148.7833,793.7720833333333,0.0,0.0,0.0,793.7720833333333,0.0,0.0,9921.52962962963,9039.560648148148,0.0,0.0,0.0,0.0
Q43,2025-09-23 06:20:00,2025-09-23 06:30:00,2025-09-23,2025-09-23 06:00,0.9449,4831.9735,376.0146,742.6598166666665,0.0,0.0,0.0,742.6598166666665,0.0,0.0,9039.560648148148,8214.383074074074,0.0,0.0,0.0,0.0
Q43,2025-09-23 06:30:00,2025-09-23 06:40:00,2025-09-23,2025-09-23 06:00,0.9432,4792.2,649.3875,690.46875,0.0,0.0,0.0,690.46875,0.0,0.0,8214.383074074074,7447.195574074074,0.0,0.0,0.0,0.0
Q43,2025-09-23 06:40:00,2025-09-23 06:50:00,2025-09-23,2025-09-23 06:00,0.9146,4757.3085,973.8044,630.5840166666667,0.0,0.0,0.0,630.5840166666667,0.0,0.0,7447.195574074074,6746.546666666667,0.0,0.0,0.0,0.0
Q43,2025-09-23 06:50:00,2025-09-23 07:00:00,2025-09-23,2025-09-23 06:00,0.8673,4755.1526,1245.8597,584.88215,0.0,0.0,0.0,584.88215,0.0,0.0,6746.546666666667,6096.677611111111,0.0,0.0,0.0,0.0
Q43,2025-09-23 07:00:00,2025-09-23 07:10:00,2025-09-23,2025-09-23 06:00,0.8271,4789.05,1511.775,546.2125,280.34268284493993,0.0,0.0,546.2125,0.0,0.0,6096.677611111111,5489.774833333334,0.0,115.9357164905249,0.0,115.9357164905249
Q43,2025-09-23 07:10:00,2025-09-23 07:20:00,2025-09-23,2025-09-23 06:00,0.8061,4816.282,1907.945,484.72283333333337,495.39902822558474,495.39902822558474,10.676194892251374,0.0,0.0,0.0,5489.774833333334,5499.38340873636,399.34115665264386,0.0,0.0,399.34115665264386
Q43,2025-09-23 07:20:00,2025-09-23 07:30:00,2025-09-23,2025-09-23 06:00,0.8269,4786.2179,2234.3678,425.3083499999999,478.3305133741719,0.0,0.0,425.3083499999999,0.0,0.0,5499.38340873636,5026.818575403027,0.0,197.76575075455136,0.0,197.76575075455136
Q43,2025-09-23 07:30:00,2025-09-23 07:40:00,2025-09-23,2025-09-23 06:00,0.8096,4660.51,2492.5875,361.3204166666667,419.5883736399526,150.38723030017437,0.0,210.93318636649232,0.0,0.0,5026.818575403027,4792.448368329147,121.75350165102117,108.97262282394223,0.0,230.7261244749634
Q43,2025-09-23 07:40:00,2025-09-23 07:50:00,2025-09-23,2025-09-23 06:00,0.6878,4606.8822,2894.0726,285.46826666666664,302.7200606001585,281.421215469182,0.0,4.04705119748462,0.0,0.0,4792.448368329147,4787.951644776386,193.56151199970338,7.324672840542809,0.0,200.8861848402462
Q43,2025-09-23 07:50:00,2025-09-23 08:00:00,2025-09-23,2025-09-23 06:00,0.8469,5489.8417,3343.4604,357.73021666666665,0.0,0.0,0.0,357.73021666666665,0.0,0.0,4787.951644776386,4390.473626257868,0.0,0.0,0.0,0.0
Q43,2025-09-23 08:00:00,2025-09-23 08:10:00,2025-09-23,2025-09-23 06:00,1.1849,6701.06,3753.1125,491.32458333333335,0.0,0.0,0.0,491.32458333333335,0.0,0.0,4390.473626257868,3844.5574225541645,0.0,0.0,0.0,0.0
Q43,2025-09-23 08:10:00,2025-09-23 08:20:00,2025-09-23,2025-09-23 06:00,1.1921,6664.9869,4119.6249,424.227,0.0,0.0,0.0,424.227,0.0,0.0,3844.5574225541645,3373.1940892208313,0.0,0.0,0.0,0.0
Q43,2025-09-23 08:20:00,2025-09-23 08:30:00,2025-09-23,2025-09-23 06:00,1.1184,6469.7028,4427.9049,340.29964999999993,0.0,0.0,0.0,340.29964999999993,0.0,0.0,3373.1940892208313,2995.083366998609,0.0,0.0,0.0,0.0
Q43,2025-09-23 08:30:00,2025-09-23 08:40:00,2025-09-23,2025-09-23 06:00,1.1227,6635.97,4698.6375,322.8887500000001,0.0,0.0,0.0,322.8887500000001,0.0,0.0,2995.083366998609,2636.318089220831,0.0,0.0,0.0,0.0
Q43,2025-09-23 08:40:00,2025-09-23 08:50:00,2025-09-23,2025-09-23 06:00,1.0962,6600.0815,4997.093,267.16475,0.0,0.0,0.0,267.16475,0.0,0.0,2636.318089220831,2339.468366998609,0.0,0.0,0.0,0.0
Q43,2025-09-23 08:50:00,2025-09-23 09:00:00,2025-09-23,2025-09-23 06:00,1.0174,6462.4233,5400.3214,177.01698333333343,0.0,0.0,0.0,177.01698333333343,0.0,0.0,2339.468366998609,2142.7828299615717,0.0,0.0,0.0,0.0
Q43,2025-09-23 09:00:00,2025-09-23 09:10:00,2025-09-23,2025-09-23 06:00,0.9516,6427.57,5807.85,103.28666666666655,0.0,0.0,0.0,103.28666666666655,0.0,0.0,2142.7828299615717,2028.019866998609,0.0,0.0,0.0,0.0
Q43,2025-09-23 09:10:00,2025-09-23 09:20:00,2025-09-23,2025-09-23 06:00,0.9817,6551.7343,6020.5511,88.5305333333334,0.0,0.0,0.0,88.5305333333334,0.0,0.0,2028.019866998609,1929.6526077393496,0.0,0.0,0.0,0.0
Q43,2025-09-23 09:20:00,2025-09-23 09:30:00,2025-09-23,2025-09-23 06:00,1.0171,6611.8297,6159.4673,75.39373333333333,0.0,0.0,0.0,75.39373333333333,0.0,0.0,1929.6526077393496,1845.8817929245347,0.0,0.0,0.0,0.0
Q43,2025-09-23 09:30:00,2025-09-23 09:40:00,2025-09-23,2025-09-23 06:00,1.0072,6584.42,6306.2625,46.359583333333376,0.0,0.0,0.0,46.359583333333376,0.0,0.0,1845.8817929245347,1794.3711447763865,0.0,0.0,0.0,0.0
Q43,2025-09-23 09:40:00,2025-09-23 09:50:00,2025-09-23,2025-09-23 06:00,0.9839,6627.8893,6423.4053,34.08066666666657,0.0,0.0,0.0,34.08066666666657,0.0,0.0,1794.3711447763865,1756.5037373689793,0.0,0.0,0.0,0.0
Q43,2025-09-23 09:50:00,2025-09-23 10:00:00,2025-09-23,2025-09-23 06:00,0.9725,6567.1756,6483.305,13.978433333333214,0.0,0.0,0.0,13.978433333333214,0.0,0.0,1756.5037373689793,1740.9721447763868,0.0,0.0,0.0,0.0
Q43,2025-09-23 10:00:00,2025-09-23 10:10:00,2025-09-23,2025-09-23 06:00,0.9784,6455.96,6487.7625,-5.30041666666663,0.0,0.0,5.30041666666663,0.0,0.0,0.0,1740.9721447763868,1745.7425197763869,0.0,0.0,0.0,0.0
Q43,2025-09-23 10:10:00,2025-09-23 10:20:00,2025-09-23,2025-09-23 06:00,0.9839,6527.0912,6506.7574,3.388966666666571,0.0,0.0,0.0,3.388966666666571,0.0,0.0,1745.7425197763869,1741.9770012578686,0.0,0.0,0.0,0.0
Q43,2025-09-23 10:20:00,2025-09-23 10:30:00,2025-09-23,2025-09-23 06:00,0.9513,6488.4499,6763.9313,-45.91356666666676,0.0,0.0,45.91356666666676,0.0,0.0,0.0,1741.9770012578686,1783.2992112578686,0.0,0.0,0.0,0.0
Q43,2025-09-23 10:30:00,2025-09-23 10:40:00,2025-09-23,2025-09-23 06:00,0.9073,6336.11,7139.7,-133.93166666666667,0.0,0.0,133.93166666666667,0.0,0.0,0.0,1783.2992112578686,1903.8377112578687,0.0,0.0,0.0,0.0
Q43,2025-09-23 10:40:00,2025-09-23 10:50:00,2025-09-23,2025-09-23 06:00,0.8981,6376.9432,7257.6775,-146.78905,0.0,0.0,146.78905,0.0,0.0,0.0,1903.8377112578687,2035.9478562578688,0.0,0.0,0.0,0.0
Q43,2025-09-23 10:50:00,2025-09-23 11:00:00,2025-09-23,2025-09-23 06:00,0.7781,6473.6947,7240.5731,-127.8130666666666,0.0,0.0,127.8130666666666,0.0,0.0,0.0,2035.9478562578688,2150.9796162578687,0.0,0.0,0.0,0.0
Q43,2025-09-23 11:00:00,2025-09-23 11:10:00,2025-09-23,2025-09-23 06:00,0.5639,6470.56,7359.675,-148.18583333333328,787.9484282203136,0.0,148.18583333333328,0.0,0.0,0.0,2150.9796162578687,2284.3468662578684,0.0,222.16205933671742,0.0,222.16205933671742
Q43,2025-09-23 11:10:00,2025-09-23 11:20:00,2025-09-23,2025-09-23 06:00,0.4409,6357.1346,7784.7849,-237.94171666666654,766.9602668970831,653.2911057223264,833.3333333333334,0.0,0.0,57.8994890556595,2284.3468662578684,3034.3468662578684,288.0360485129737,25.058366580975118,0.0,313.09441509394884
Q43,2025-09-23 11:20:00,2025-09-23 11:30:00,2025-09-23,2025-09-23 06:00,0.4252,6310.6975,8209.6886,-316.49851666666655,703.4639826084374,629.6265720671652,833.3333333333334,0.0,0.0,112.79175540049835,3034.3468662578684,3784.3468662578684,267.71721844295865,15.697833481074476,0.0,283.41505192403315
Q43,2025-09-23 11:30:00,2025-09-23 11:40:00,2025-09-23,2025-09-23 06:00,0.4696,6431.52,8399.7375,-328.03624999999977,650.589834544404,598.3079345444033,833.3333333333334,0.0,0.0,93.01085121106973,3784.3468662578684,4534.346866257869,280.96540606205184,12.27579012000015,0.0,293.24119618205197
Q43,2025-09-23 11:40:00,2025-09-23 11:50:00,2025-09-23,2025-09-23 06:00,0.5048,6604.0357,8379.679,-295.9405499999999,625.58821892079,341.0779020486767,637.0184520486766,0.0,0.0,0.0,4534.346866257869,5107.663473101678,172.17612495417202,71.8104039785214,0.0,243.98652893269343
Q43,2025-09-23 11:50:00,2025-09-23 12:00:00,2025-09-23,2025-09-23 06:00,0.4546,6371.5522,8435.4109,-343.9764500000001,521.8900076537349,470.88773267530667,814.8641826753068,0.0,0.0,0.0,5107.663473101678,5841.041237509455,214.0655632741944,11.592817102596731,0.0,225.65838037679114
Q43,2025-09-23 12:00:00,2025-09-23 12:10:00,2025-09-23,2025-09-23 12:00,0.3613,5893.69,8613.5625,-453.31208333333336,473.65617383807626,382.7608430262593,833.3333333333334,0.0,0.0,2.7395930262592856,5841.041237509455,6591.041237509455,138.2914925853875,16.420241511154735,0.0,154.71173409654222
Q43,2025-09-23 12:10:00,2025-09-23 12:20:00,2025-09-23,2025-09-23 12:00,0.3481,5815.5593,8690.3915,-479.1387,467.680114673983,397.9575996290788,833.3333333333334,0.0,0.0,43.7629662957454,6591.041237509455,7341.041237509455,138.52904043088233,12.135203743565574,0.0,150.6642441744479
Q43,2025-09-23 12:20:00,2025-09-23 12:30:00,2025-09-23,2025-09-23 12:00,0.3859,5929.8452,8581.2694,-441.90403333333325,511.71233865590807,247.94343754121195,689.8474708745453,0.0,0.0,0.0,7341.041237509455,7961.903961296545,95.6813725471537,50.89420947008062,0.0,146.57558201723432
Q43,2025-09-23 12:30:00,2025-09-23 12:40:00,2025-09-23,2025-09-23 12:00,0.387,5958.43,8484.4875,-421.0095833333331,563.9975979771621,0.0,421.0095833333331,0.0,0.0,0.0,7961.903961296545,8340.812586296544,0.0,109.13353520858087,0.0,109.13353520858087
Q43,2025-09-23 12:40:00,2025-09-23 12:50:00,2025-09-23,2025-09-23 12:00,0.3271,5882.5546,8645.3297,-460.4625166666666,590.2793666787925,462.9821744691958,833.3333333333334,0.0,0.0,90.11135780252903,8340.812586296544,9090.812586296544,151.44146926887396,20.819455785879537,0.0,172.2609250547535
Q43,2025-09-23 12:50:00,2025-09-23 13:00:00,2025-09-23,2025-09-23 12:00,0.4936,6091.5912,8546.664,-409.17880000000014,652.1156932951703,0.0,409.17880000000014,0.0,0.0,0.0,9090.812586296544,9459.073506296545,0.0,160.94215310524802,0.0,160.94215310524802
Q43,2025-09-23 13:00:00,2025-09-23 13:10:00,2025-09-23,2025-09-23 12:00,0.8213,6408.53,8135.1375,-287.7679166666667,0.0,0.0,287.7679166666667,0.0,0.0,0.0,9459.073506296545,9718.064631296545,0.0,0.0,0.0,0.0
Q43,2025-09-23 13:10:00,2025-09-23 13:20:00,2025-09-23,2025-09-23 12:00,0.9285,6253.4833,7884.9488,-271.9109166666667,0.0,0.0,271.9109166666667,0.0,0.0,0.0,9718.064631296545,9962.784456296546,0.0,0.0,0.0,0.0
Q43,2025-09-23 13:20:00,2025-09-23 13:30:00,2025-09-23,2025-09-23 12:00,0.8854,6080.4251,7754.0988,-278.9456166666665,0.0,0.0,278.9456166666665,0.0,0.0,0.0,9962.784456296546,10213.835511296546,0.0,0.0,0.0,0.0
Q43,2025-09-23 13:30:00,2025-09-23 13:40:00,2025-09-23,2025-09-23 12:00,0.8377,6115.63,7607.2875,-248.60958333333338,0.0,0.0,248.60958333333338,0.0,0.0,0.0,10213.835511296546,10437.584136296546,0.0,0.0,0.0,0.0
Q43,2025-09-23 13:40:00,2025-09-23 13:50:00,2025-09-23,2025-09-23 12:00,0.8574,6161.9414,7394.5585,-205.4361833333334,0.0,0.0,205.4361833333334,0.0,0.0,0.0,10437.584136296546,10622.476701296546,0.0,0.0,0.0,0.0
Q43,2025-09-23 13:50:00,2025-09-23 14:00:00,2025-09-23,2025-09-23 12:00,0.8948,6291.8498,7228.1769,-156.05451666666673,0.0,0.0,156.05451666666673,0.0,0.0,0.0,10622.476701296546,10762.925766296546,0.0,0.0,0.0,0.0
Q43,2025-09-23 14:00:00,2025-09-23 14:10:00,2025-09-23,2025-09-23 12:00,0.9188,6409.53,7094.9625,-114.23874999999998,0.0,0.0,41.19359300383722,0.0,0.0,73.04515699616276,10762.925766296546,10800.0,0.0,0.0,0.0,0.0
Q43,2025-09-23 14:10:00,2025-09-23 14:20:00,2025-09-23,2025-09-23 12:00,0.9422,6298.6605,6838.0168,-89.89271666666673,0.0,0.0,0.0,0.0,0.0,89.89271666666673,10800.0,10800.0,0.0,0.0,0.0,0.0
Q43,2025-09-23 14:20:00,2025-09-23 14:30:00,2025-09-23,2025-09-23 12:00,0.9638,6212.8259,6393.4647,-30.10646666666677,0.0,0.0,0.0,0.0,0.0,30.10646666666677,10800.0,10800.0,0.0,0.0,0.0,0.0
Q43,2025-09-23 14:30:00,2025-09-23 14:40:00,2025-09-23,2025-09-23 12:00,1.0143,6236.6,5854.05,63.75833333333336,0.0,0.0,0.0,63.75833333333336,0.0,0.0,10800.0,10729.157407407407,0.0,0.0,0.0,0.0
Q43,2025-09-23 14:40:00,2025-09-23 14:50:00,2025-09-23,2025-09-23 12:00,1.099,6217.1274,5393.4146,137.2854666666667,0.0,0.0,0.0,137.2854666666667,0.0,0.0,10729.157407407407,10576.617999999999,0.0,0.0,0.0,0.0
Q43,2025-09-23 14:50:00,2025-09-23 15:00:00,2025-09-23,2025-09-23 12:00,0.9913,6206.2876,4990.8009,202.58111666666656,0.0,0.0,0.0,202.58111666666656,0.0,0.0,10576.617999999999,10351.52787037037,0.0,0.0,0.0,0.0
Q43,2025-09-23 15:00:00,2025-09-23 15:10:00,2025-09-23,2025-09-23 12:00,0.7708,6262.68,4761.6375,250.17375000000007,372.0340618961915,248.98756194388065,0.0,1.1861880561194198,0.0,0.0,10351.52787037037,10350.209883641348,191.9196127463432,47.422121081620595,0.0,239.3417338279638
Q43,2025-09-23 15:10:00,2025-09-23 15:20:00,2025-09-23,2025-09-23 12:00,0.7575,6377.3851,4842.082,255.88385,369.5200258442643,268.71023491084225,12.82638491084225,0.0,0.0,0.0,10350.209883641348,10361.753630061106,203.54800294496297,38.1817083160336,0.0,241.72971126099657
Q43,2025-09-23 15:20:00,2025-09-23 15:30:00,2025-09-23,2025-09-23 12:00,0.7846,6461.0017,4734.2965,287.7841999999999,425.82478879093446,346.16620028709303,58.38200028709315,0.0,0.0,0.0,10361.753630061106,10414.29743031949,271.6020007452532,31.250064270056992,0.0,302.8520650153102
Q43,2025-09-23 15:30:00,2025-09-23 15:40:00,2025-09-23,2025-09-23 12:00,0.7548,6382.45,4417.2375,327.5354166666666,767.4712839631463,418.32197846528857,90.78656179862196,0.0,0.0,0.0,10414.29743031949,10496.00533593825,315.7494293455998,131.76894789489154,0.0,447.51837724049136
Q43,2025-09-23 15:40:00,2025-09-23 15:50:00,2025-09-23,2025-09-23 12:00,0.7536,6120.1976,4306.354,302.3072666666667,1313.1813333758512,898.8062602300847,337.771848957501,0.0,0.0,258.72714460591703,10496.00533593825,10800.0,677.3403977093919,156.1365275613248,0.0,833.4769252707167
Q43,2025-09-23 15:50:00,2025-09-23 16:00:00,2025-09-23,2025-09-23 12:00,0.8148,6153.6297,4035.9346,352.9491833333334,495.3085749913918,417.04567922218416,0.0,0.0,0.0,64.09649588885077,10800.0,10800.0,339.80881943023564,31.884303736375198,0.0,371.69312316661086
Q43,2025-09-23 16:00:00,2025-09-23 16:10:00,2025-09-23,2025-09-23 12:00,0.8978,6505.17,3543.675,493.5825,532.1106614047902,456.2731977571881,0.0,37.309302242811896,0.0,0.0,10800.0,10758.54521973021,409.6420769464035,34.0434374314086,0.0,443.6855143778121
Q43,2025-09-23 16:10:00,2025-09-23 16:20:00,2025-09-23,2025-09-23 12:00,0.9325,6704.9712,3168.3753,589.43265,617.2569608612325,548.6850427906556,0.0,40.747607209344324,0.0,0.0,10758.54521973021,10713.270100608715,511.6488024022864,31.97165680040647,0.0,543.6204592026928
Q43,2025-09-23 16:20:00,2025-09-23 16:30:00,2025-09-23,2025-09-23 12:00,0.9637,6651.3841,2836.5022,635.81365,680.9068115505855,634.6718703973432,0.0,1.1417796026568112,0.0,0.0,10713.270100608715,10712.001456605763,611.6332815019197,22.278306394689796,0.0,633.9115878966095
Q43,2025-09-23 16:30:00,2025-09-23 16:40:00,2025-09-23,2025-09-23 12:00,0.9927,6512.95,2503.5375,668.2354166666667,693.1091707005719,670.909070102725,2.6736534360583164,0.0,0.0,0.0,10712.001456605763,10714.407744698216,666.0114338909751,11.019019931741322,0.0,677.0304538227165
Q43,2025-09-23 16:40:00,2025-09-23 16:50:00,2025-09-23,2025-09-23 12:00,0.9735,6516.7553,2218.6701,716.3475333333332,745.8789130480031,737.0146984551419,20.667165121808694,0.0,0.0,0.0,10714.407744698216,10733.008193307844,717.4838089460807,4.314656453075204,0.0,721.7984653991559
Q43,2025-09-23 16:50:00,2025-09-23 17:00:00,2025-09-23,2025-09-23 12:00,0.9613,6452.5286,1863.5925,764.8226833333333,823.761572761817,794.9415944835471,30.118911150213762,0.0,0.0,0.0,10733.008193307844,10760.115213343037,764.1773547770339,13.852322559450428,0.0,778.0296773364843
Q43,2025-09-23 17:00:00,2025-09-23 17:10:00,2025-09-23,2025-09-23 12:00,1.0104,6349.71,1465.3875,814.05375,885.600997818332,881.9835453147047,44.316429618847906,0.0,0.0,23.613365695856714,10760.115213343037,10800.0,891.1561741859775,1.8275370048325146,0.0,892.98371119081
Q43,2025-09-23 17:10:00,2025-09-23 17:20:00,2025-09-23,2025-09-23 12:00,1.1132,6441.2731,1178.7512,877.0869833333334,903.6562026534708,903.6562026534708,0.0,0.0,0.0,26.56921932013745,10800.0,10800.0,1005.9500847938436,0.0,0.0,1005.9500847938436
Q43,2025-09-23 17:20:00,2025-09-23 17:30:00,2025-09-23,2025-09-23 12:00,1.1301,6397.9351,917.9154,913.3366166666666,938.0960144149791,930.6091844886025,0.0,0.0,0.0,17.272567821935922,10800.0,10800.0,1051.6814393905697,4.230433249899082,0.0,1055.9118726404688
Q43,2025-09-23 17:30:00,2025-09-23 17:40:00,2025-09-23,2025-09-23 12:00,1.0787,6368.49,630.1875,956.38375,980.5232310440157,978.5317424154507,0.0,0.0,0.0,22.147992415450744,10800.0,10800.0,1055.5421905435467,1.0741093918165219,0.0,1056.6162999353633
Q43,2025-09-23 17:40:00,2025-09-23 17:50:00,2025-09-23,2025-09-23 12:00,1.1143,6667.634,356.458,1051.8626666666667,1050.7685292212268,1046.3351097017337,0.0,5.5275569649329555,0.0,0.0,10800.0,10793.858270038963,1165.931212740642,2.470079685285581,0.0,1168.4012924259275
Q43,2025-09-23 17:50:00,2025-09-23 18:00:00,2025-09-23,2025-09-23 12:00,1.1899,5886.4358,131.4439,959.1653166666666,960.1770051556232,958.666123079799,0.0,0.49919358686759097,0.0,0.0,10793.858270038963,10793.303610498,1140.7168198526529,0.8988992910115818,0.0,1141.6157191436644
Q43,2025-09-23 18:00:00,2025-09-23 18:10:00,2025-09-23,2025-09-23 18:00,1.26,4515.87,0.0,752.645,789.1841083830028,791.0668562753037,7.440432779999861,0.0,0.0,30.981423495303893,10793.303610498,10800.0,996.7442389068827,1.1861311721495837,0.0,997.9303700790323
Q43,2025-09-23 18:10:00,2025-09-23 18:20:00,2025-09-23,2025-09-23 18:00,1.3273,4585.9791,0.0,764.3298499999999,0.0,0.0,0.0,764.3298499999999,0.0,0.0,10800.0,9950.744611111111,0.0,0.0,0.0,0.0
Q43,2025-09-23 18:20:00,2025-09-23 18:30:00,2025-09-23,2025-09-23 18:00,1.3739,4985.787,4.4234,830.2272666666668,0.0,0.0,0.0,830.2272666666668,0.0,0.0,9950.744611111111,9028.26987037037,0.0,0.0,0.0,0.0
Q43,2025-09-23 18:30:00,2025-09-23 18:40:00,2025-09-23,2025-09-23 18:00,1.3863,5006.5,0.0,834.4166666666666,0.0,0.0,0.0,833.3333333333334,1.0833333333332575,0.0,9028.26987037037,8102.343944444444,0.0,0.0,7.509124999999475,7.509124999999475
Q43,2025-09-23 18:40:00,2025-09-23 18:50:00,2025-09-23,2025-09-23 18:00,1.3617,5016.9579,0.0,836.15965,0.0,0.0,0.0,833.3333333333334,2.826316666666685,0.0,8102.343944444444,7176.418018518518,0.0,0.0,19.242977025000123,19.242977025000123
Q43,2025-09-23 18:50:00,2025-09-23 19:00:00,2025-09-23,2025-09-23 18:00,1.2989,4862.5058,0.3176,810.3646999999999,810.987431966696,811.0535083555849,0.6888083555850244,0.0,0.0,0.0,7176.418018518518,7177.037946038545,1053.477402003069,0.04291331076386985,0.0,1053.520315313833
Q43,2025-09-23 19:00:00,2025-09-23 19:10:00,2025-09-23,2025-09-23 18:00,1.242,4664.56,0.0,777.4266666666667,809.140419478298,809.140419478298,31.713752811631252,0.0,0.0,0.0,7177.037946038545,7205.580323569013,1004.9524009920461,0.0,0.0,1004.9524009920461
Q43,2025-09-23 19:10:00,2025-09-23 19:20:00,2025-09-23,2025-09-23 18:00,1.2579,4794.5933,0.0,799.0988833333333,817.969942059131,817.969942059131,18.87105872579764,0.0,0.0,0.0,7205.580323569013,7222.56427642223,1028.9243901161808,0.0,0.0,1028.9243901161808
Q43,2025-09-23 19:20:00,2025-09-23 19:30:00,2025-09-23,2025-09-23 18:00,1.3209,4953.598,0.0228,825.5958666666667,0.0,0.0,0.0,825.5958666666667,0.0,0.0,7222.56427642223,6305.23553568149,0.0,0.0,0.0,0.0
Q43,2025-09-23 19:30:00,2025-09-23 19:40:00,2025-09-23,2025-09-23 18:00,1.3658,4906.9,0.0,817.8166666666666,0.0,0.0,0.0,817.8166666666666,0.0,0.0,6305.23553568149,5396.550350496304,0.0,0.0,0.0,0.0
Q43,2025-09-23 19:40:00,2025-09-23 19:50:00,2025-09-23,2025-09-23 18:00,1.3425,4721.0181,0.0,786.83635,0.0,0.0,0.0,786.83635,0.0,0.0,5396.550350496304,4522.287739385193,0.0,0.0,0.0,0.0
Q43,2025-09-23 19:50:00,2025-09-23 20:00:00,2025-09-23,2025-09-23 18:00,1.3213,4705.315,0.0016,784.2189,5.516218140610931,5.516218140610931,0.0,778.702681859389,0.0,0.0,4522.287739385193,3657.062537319205,7.288579029189223,0.0,0.0,7.288579029189223
Q43,2025-09-23 20:00:00,2025-09-23 20:10:00,2025-09-23,2025-09-23 18:00,1.3115,4871.47,0.0,811.9116666666666,374.7837807961001,379.9037163467388,0.0,432.00795031992783,0.0,0.0,3657.062537319205,3177.0537036303963,498.243723988748,3.357397737331347,0.0,501.6011217260793
Q43,2025-09-23 20:10:00,2025-09-23 20:20:00,2025-09-23,2025-09-23 18:00,1.2687,4963.0687,0.0,827.1781166666666,814.1398130257796,814.1398130257796,0.0,13.038303640886966,0.0,0.0,3177.0537036303963,3162.5666995849665,1032.8991807858065,0.0,0.0,1032.8991807858065
Q43,2025-09-23 20:20:00,2025-09-23 20:30:00,2025-09-23,2025-09-23 18:00,1.2951,5061.4062,0.0,843.5677000000001,810.4288505334629,810.4288505334629,0.0,33.13884946653718,0.0,0.0,3162.5666995849665,3125.7457557332586,1049.5864043258878,0.0,0.0,1049.5864043258878
Q43,2025-09-23 20:30:00,2025-09-23 20:40:00,2025-09-23,2025-09-23 18:00,1.3829,5038.25,0.0,839.7083333333333,0.0,0.0,0.0,833.3333333333334,6.374999999999886,0.0,3125.7457557332586,2199.8198298073326,0.0,0.0,44.07993749999922,44.07993749999922
Q43,2025-09-23 20:40:00,2025-09-23 20:50:00,2025-09-23,2025-09-23 18:00,1.3866,4709.3717,0.0,784.8952833333333,0.0,0.0,0.0,784.8952833333333,0.0,0.0,2199.8198298073326,1327.7139594369623,0.0,0.0,0.0,0.0
Q43,2025-09-23 20:50:00,2025-09-23 21:00:00,2025-09-23,2025-09-23 18:00,1.2125,4809.9708,0.0,801.6618,833.1251272400699,833.1251272400699,31.46332724006993,0.0,0.0,0.0,1327.7139594369623,1356.0309539530253,1010.1642167785847,0.0,0.0,1010.1642167785847
Q43,2025-09-23 21:00:00,2025-09-23 21:10:00,2025-09-23,2025-09-23 18:00,0.9884,5215.3,0.0,869.2166666666667,802.3688670765266,802.3688670765266,0.0,66.84779959014008,0.0,0.0,1356.0309539530253,1281.755621075092,793.0613882184389,0.0,0.0,793.0613882184389
Q43,2025-09-23 21:10:00,2025-09-23 21:20:00,2025-09-23,2025-09-23 18:00,0.9549,5055.1463,0.0,842.5243833333334,848.9282971520686,848.9282971520686,6.403913818735191,0.0,0.0,0.0,1281.755621075092,1287.5191435119536,810.6416309505103,0.0,0.0,810.6416309505103
Q43,2025-09-23 21:20:00,2025-09-23 21:30:00,2025-09-23,2025-09-23 18:00,0.9828,4827.5711,0.0,804.5951833333334,845.5140337713267,845.5140337713267,40.91885043799334,0.0,0.0,0.0,1287.5191435119536,1324.3461089061477,830.9711923904599,0.0,0.0,830.9711923904599
Q43,2025-09-23 21:30:00,2025-09-23 21:40:00,2025-09-23,2025-09-23 18:00,1.0059,4880.29,0.0,813.3816666666667,790.993307947036,790.993307947036,0.0,22.388358719630673,0.0,0.0,1324.3461089061477,1299.4701547732247,795.6601684639235,0.0,0.0,795.6601684639235
Q43,2025-09-23 21:40:00,2025-09-23 21:50:00,2025-09-23,2025-09-23 18:00,1.0449,4979.2148,0.0,829.8691333333333,835.7106333134635,835.7106333134635,5.841499980130266,0.0,0.0,0.0,1299.4701547732247,1304.727504755342,873.234040749238,0.0,0.0,873.234040749238
Q43,2025-09-23 21:50:00,2025-09-23 22:00:00,2025-09-23,2025-09-23 18:00,0.8538,4609.119,0.0,768.1864999999999,784.485772086035,784.485772086035,16.299272086035103,0.0,0.0,0.0,1304.727504755342,1319.3968496327734,669.7939522070567,0.0,0.0,669.7939522070567
Q43,2025-09-23 22:00:00,2025-09-23 22:10:00,2025-09-23,2025-09-23 18:00,0.5154,3835.46,0.0,639.2433333333333,643.8320529703786,643.8320529703786,4.588719637045301,0.0,0.0,0.0,1319.3968496327734,1323.526697306114,331.83104010093314,0.0,0.0,331.83104010093314
Q43,2025-09-23 22:10:00,2025-09-23 22:20:00,2025-09-23,2025-09-23 18:00,0.3997,3320.6494,0.0,553.4415666666666,592.5396893937267,592.5396893937267,39.09812272706006,0.0,0.0,0.0,1323.526697306114,1358.715007760468,236.83811385067256,0.0,0.0,236.83811385067256
Q43,2025-09-23 22:20:00,2025-09-23 22:30:00,2025-09-23,2025-09-23 18:00,0.4421,3496.0714,0.0,582.6785666666666,596.6353431420166,596.6353431420166,13.956776475350011,0.0,0.0,0.0,1358.715007760468,1371.276106588283,263.7724852030855,0.0,0.0,263.7724852030855
Q43,2025-09-23 22:30:00,2025-09-23 22:40:00,2025-09-23,2025-09-23 18:00,0.4839,3883.24,0.0,647.2066666666666,604.5811850618368,604.5811850618368,0.0,42.625481604829815,0.0,0.0,1371.276106588283,1323.9144603606944,292.55683545142284,0.0,0.0,292.55683545142284
Q43,2025-09-23 22:40:00,2025-09-23 22:50:00,2025-09-23,2025-09-23 18:00,0.4396,3580.1991,0.0,596.69985,634.6362860362901,634.6362860362901,37.93643603629016,0.0,0.0,0.0,1323.9144603606944,1358.0572527933555,278.9861113415531,0.0,0.0,278.9861113415531
Q43,2025-09-23 22:50:00,2025-09-23 23:00:00,2025-09-23,2025-09-23 18:00,0.4292,3332.1137,0.0,555.3522833333333,642.5910831918028,642.5910831918028,87.23879985846952,0.0,0.0,0.0,1358.0572527933555,1436.572172665978,275.80009290592176,0.0,0.0,275.80009290592176
Q43,2025-09-23 23:00:00,2025-09-23 23:10:00,2025-09-23,2025-09-23 18:00,0.4608,3416.1,0.0,569.3499999999999,636.9639972957596,636.9639972957596,67.61399729575965,0.0,0.0,0.0,1436.572172665978,1497.4247702321618,293.513009953886,0.0,0.0,293.513009953886
Q43,2025-09-23 23:10:00,2025-09-23 23:20:00,2025-09-23,2025-09-23 18:00,0.4279,3387.9352,0.0,564.6558666666666,619.3496120065747,619.3496120065747,54.693745339908105,0.0,0.0,0.0,1497.4247702321618,1546.649141038079,265.0196989776133,0.0,0.0,265.0196989776133
Q43,2025-09-23 23:20:00,2025-09-23 23:30:00,2025-09-23,2025-09-23 18:00,0.4124,3459.0094,0.0,576.5015666666666,618.6326289946863,618.6326289946863,42.131062328019766,0.0,0.0,0.0,1546.649141038079,1584.5670971332968,255.12409619740865,0.0,0.0,255.12409619740865
Q43,2025-09-23 23:30:00,2025-09-23 23:40:00,2025-09-23,2025-09-23 18:00,0.4355,3661.95,0.0,610.3249999999999,644.8611547602715,644.8611547602715,34.53615476027153,0.0,0.0,0.0,1584.5670971332968,1615.6496364175412,280.83703289809824,0.0,0.0,280.83703289809824
Q43,2025-09-23 23:40:00,2025-09-23 23:50:00,2025-09-23,2025-09-23 18:00,0.4312,3702.4038,0.0,617.0672999999999,614.3820859479304,614.3820859479304,0.0,2.6852140520695684,0.0,0.0,1615.6496364175412,1612.666065248575,264.9215554607476,0.0,0.0,264.9215554607476
Q43,2025-09-23 23:50:00,2025-09-24 00:00:00,2025-09-23,2025-09-23 18:00,0.4204,3409.7885,0.0,568.2980833333334,607.8243141430024,607.8243141430024,39.52623080966907,0.0,0.0,0.0,1612.666065248575,1648.2396729772772,255.52934166571822,0.0,0.0,255.52934166571822
Q43,2025-12-21 00:00:00,2025-12-21 00:10:00,2025-12-20,2025-12-20 12:00,0.4221,3373.27,0.0,562.2116666666666,0.0,0.0,0.0,562.2116666666666,0.0,0.0,2583.606431305502,1958.9268016758726,0.0,0.0,0.0,0.0
Q43,2025-12-21 00:10:00,2025-12-21 00:20:00,2025-12-21,2025-12-21 00:00,0.4264,3576.1063,0.0,596.0177166666666,1443.9282236312429,1443.9282236312429,833.3333333333334,0.0,0.0,14.577173631242886,1958.9268016758726,2708.9268016758724,615.6909945563619,0.0,0.0,615.6909945563619
Q43,2025-12-21 00:20:00,2025-12-21 00:30:00,2025-12-21,2025-12-21 00:00,0.4293,3537.871,0.0,589.6451666666667,1425.165587287342,1425.165587287342,833.3333333333334,0.0,0.0,2.187087287342024,2708.9268016758724,3458.9268016758724,611.823586622456,0.0,0.0,611.823586622456
Q43,2025-12-21 00:30:00,2025-12-21 00:40:00,2025-12-21,2025-12-21 00:00,0.4388,3472.1,0.0,578.6833333333333,1450.1530476754383,1450.1530476754383,833.3333333333334,0.0,0.0,38.13638100877165,3458.9268016758724,4208.926801675872,636.3271573199823,0.0,0.0,636.3271573199823
Q43,2025-12-21 00:40:00,2025-12-21 00:50:00,2025-12-21,2025-12-21 00:00,0.4138,3388.2602,0.0,564.7100333333333,1475.8730745074336,1475.8730745074336,833.3333333333334,0.0,0.0,77.8297078407669,4208.926801675872,4958.926801675872,610.716278231176,0.0,0.0,610.716278231176
Q43,2025-12-21 00:50:00,2025-12-21 01:00:00,2025-12-21,2025-12-21 00:00,0.41,3299.4233,0.0,549.9038833333333,1482.5080563299302,1482.5080563299302,833.3333333333334,0.0,0.0,99.27083966326359,4958.926801675872,5708.926801675872,607.8283030952714,0.0,0.0,607.8283030952714
Q43,2025-12-21 01:00:00,2025-12-21 01:10:00,2025-12-21,2025-12-21 00:00,0.4471,3349.26,0.0,558.21,625.181559349743,625.181559349743,66.97155934974296,0.0,0.0,0.0,5708.926801675872,5769.201205090641,279.51867518527007,0.0,0.0,279.51867518527007
Q43,2025-12-21 01:10:00,2025-12-21 01:20:00,2025-12-21,2025-12-21 00:00,0.4797,3662.0911,0.0,610.3485166666667,608.4761446963456,608.4761446963456,0.0,1.872371970321069,0.0,0.0,5769.201205090641,5767.120791790285,291.886006610837,0.0,0.0,291.886006610837
Q43,2025-12-21 01:20:00,2025-12-21 01:30:00,2025-12-21,2025-12-21 00:00,0.4466,3799.4157,0.0,633.23595,1317.4273444285177,1317.4273444285177,684.1913944285177,0.0,0.0,0.0,5767.120791790285,6382.893046775951,588.363052021776,0.0,0.0,588.363052021776
Q43,2025-12-21 01:30:00,2025-12-21 01:40:00,2025-12-21,2025-12-21 00:00,0.3961,3736.18,0.0,622.6966666666666,1478.748649386367,1478.748649386367,833.3333333333334,0.0,0.0,22.718649386367133,6382.893046775951,7132.893046775951,585.73234002194,0.0,0.0,585.73234002194
Q43,2025-12-21 01:40:00,2025-12-21 01:50:00,2025-12-21,2025-12-21 00:00,0.4368,3824.9356,0.0,637.4892666666666,1460.1839873834651,1460.1839873834651,822.6947207167985,0.0,0.0,0.0,7132.893046775951,7873.31829542107,637.8083656890976,0.0,0.0,637.8083656890976
Q43,2025-12-21 01:50:00,2025-12-21 02:00:00,2025-12-21,2025-12-21 00:00,0.475,3734.208,0.0,622.3679999999999,629.6040771530816,629.6040771530816,7.236077153081624,0.0,0.0,0.0,7873.31829542107,7879.830764858843,299.0619366477137,0.0,0.0,299.0619366477137
Q43,2025-12-21 02:00:00,2025-12-21 02:10:00,2025-12-21,2025-12-21 00:00,0.4651,3587.15,0.0,597.8583333333333,647.0400609654157,647.0400609654157,49.18172763208236,0.0,0.0,0.0,7879.830764858843,7924.094319727717,300.93833235501484,0.0,0.0,300.93833235501484
Q43,2025-12-21 02:10:00,2025-12-21 02:20:00,2025-12-21,2025-12-21 00:00,0.455,3856.4774,0.0,642.7462333333333,638.4552803370423,638.4552803370423,0.0,4.290952996291026,0.0,0.0,7924.094319727717,7919.326594176283,290.4971525533542,0.0,0.0,290.4971525533542
Q43,2025-12-21 02:20:00,2025-12-21 02:30:00,2025-12-21,2025-12-21 00:00,0.4629,3923.2147,0.0,653.8691166666666,647.2771057222499,647.2771057222499,0.0,6.5920109444167565,0.0,0.0,7919.326594176283,7912.002137571375,299.62457223882944,0.0,0.0,299.62457223882944
Q43,2025-12-21 02:30:00,2025-12-21 02:40:00,2025-12-21,2025-12-21 00:00,0.4713,3730.5,0.0,621.75,672.9003917095073,672.9003917095073,51.15039170950729,0.0,0.0,0.0,7912.002137571375,7958.037490109931,317.1379546126908,0.0,0.0,317.1379546126908
Q43,2025-12-21 02:40:00,2025-12-21 02:50:00,2025-12-21,2025-12-21 00:00,0.4513,3819.86,0.0,636.6433333333333,674.0927501411103,674.0927501411103,37.44941680777697,0.0,0.0,0.0,7958.037490109931,7991.741965236931,304.21805813868303,0.0,0.0,304.21805813868303
Q43,2025-12-21 02:50:00,2025-12-21 03:00:00,2025-12-21,2025-12-21 00:00,0.4352,3791.4644,0.0,631.9107333333333,1508.6364511003535,1508.6364511003535,833.3333333333334,0.0,0.0,43.39238443368686,7991.741965236931,8741.741965236932,656.5585835188738,0.0,0.0,656.5585835188738
Q43,2025-12-21 03:00:00,2025-12-21 03:10:00,2025-12-21,2025-12-21 00:00,0.4577,3751.73,0.0,625.2883333333333,674.0352361658336,674.0352361658336,48.74690283250027,0.0,0.0,0.0,8741.741965236932,8785.614177786181,308.505927593102,0.0,0.0,308.505927593102
Q43,2025-12-21 03:10:00,2025-12-21 03:20:00,2025-12-21,2025-12-21 00:00,0.5147,4180.5461,0.0,696.7576833333333,661.6726395795973,661.6726395795973,0.0,35.08504375373593,0.0,0.0,8785.614177786181,8746.630795837586,340.5629075916188,0.0,0.0,340.5629075916188
Q43,2025-12-21 03:20:00,2025-12-21 03:30:00,2025-12-21,2025-12-21 00:00,0.5083,4115.3327,0.0,685.8887833333333,676.1775639123637,676.1775639123637,0.0,9.711219420969655,0.0,0.0,8746.630795837586,8735.840552036509,343.70105573665444,0.0,0.0,343.70105573665444
Q43,2025-12-21 03:30:00,2025-12-21 03:40:00,2025-12-21,2025-12-21 00:00,0.4686,3748.74,0.0,624.79,703.3660653853212,703.3660653853212,78.57606538532127,0.0,0.0,0.0,8735.840552036509,8806.559010883298,329.59733823956157,0.0,0.0,329.59733823956157
Q43,2025-12-21 03:40:00,2025-12-21 03:50:00,2025-12-21,2025-12-21 00:00,0.5119,4220.4858,0.0,703.4143,666.4702616966626,666.4702616966626,0.0,36.94403830333738,0.0,0.0,8806.559010883298,8765.510079435146,341.1661269625216,0.0,0.0,341.1661269625216
Q43,2025-12-21 03:50:00,2025-12-21 04:00:00,2025-12-21,2025-12-21 00:00,0.5023,4423.9257,0.0,737.3209499999999,671.7237156475577,671.7237156475577,0.0,65.59723435244223,0.0,0.0,8765.510079435146,8692.624263487987,337.40682236976824,0.0,0.0,337.40682236976824
Q43,2025-12-21 04:00:00,2025-12-21 04:10:00,2025-12-21,2025-12-21 00:00,0.4324,4079.15,0.0,679.8583333333333,1513.0886032906442,1513.0886032906442,833.2302699573108,0.0,0.0,0.0,8692.624263487987,9442.531506449566,654.2595120628746,0.0,0.0,654.2595120628746
Q43,2025-12-21 04:10:00,2025-12-21 04:20:00,2025-12-21,2025-12-21 00:00,0.4412,4038.9424,0.0,673.1570666666667,1521.3383149768651,1521.3383149768651,833.3333333333334,0.0,0.0,14.847914976865127,9442.531506449566,10192.531506449566,671.2144645677929,0.0,0.0,671.2144645677929
Q43,2025-12-21 04:20:00,2025-12-21 04:30:00,2025-12-21,2025-12-21 00:00,0.4805,4082.3954,0.0,680.3992333333333,703.0000111956167,703.0000111956167,22.600777862283394,0.0,0.0,0.0,10192.531506449566,10212.87220652562,337.7915053794938,0.0,0.0,337.7915053794938
Q43,2025-12-21 04:30:00,2025-12-21 04:40:00,2025-12-21,2025-12-21 00:00,0.5015,4064.87,0.0,677.4783333333332,729.0240506296662,729.0240506296662,51.54571729633301,0.0,0.0,0.0,10212.87220652562,10259.263352092321,365.6055613907776,0.0,0.0,365.6055613907776
Q43,2025-12-21 04:40:00,2025-12-21 04:50:00,2025-12-21,2025-12-21 00:00,0.5024,4121.8784,0.0,686.9797333333332,743.3804086635625,743.3804086635625,56.40067533022932,0.0,0.0,0.0,10259.263352092321,10310.023959889528,373.4743173125738,0.0,0.0,373.4743173125738
Q43,2025-12-21 04:50:00,2025-12-21 05:00:00,2025-12-21,2025-12-21 00:00,0.4798,4083.6154,0.0,680.6025666666667,725.1281002855746,725.1281002855746,44.52553361890796,0.0,0.0,0.0,10310.023959889528,10350.096940146545,347.9164625170187,0.0,0.0,347.9164625170187
Q43,2025-12-21 05:00:00,2025-12-21 05:10:00,2025-12-21,2025-12-21 00:00,0.4753,4032.31,0.0,672.0516666666666,704.5274048966742,704.5274048966742,32.47573823000755,0.0,0.0,0.0,10350.096940146545,10379.32510455355,334.8618755473892,0.0,0.0,334.8618755473892
Q43,2025-12-21 05:10:00,2025-12-21 05:20:00,2025-12-21,2025-12-21 00:00,0.535,4217.9422,0.0023,702.9899833333334,698.2861717845815,698.2861717845815,0.0,4.703811548751901,0.0,0.0,10379.32510455355,10374.09864727716,373.5831019047511,0.0,0.0,373.5831019047511
Q43,2025-12-21 05:20:00,2025-12-21 05:30:00,2025-12-21,2025-12-21 00:00,0.5436,4253.2484,0.0,708.8747333333333,706.2159980640185,706.2159980640185,0.0,2.658735269314775,0.0,0.0,10374.09864727716,10371.144496977922,383.89901654760047,0.0,0.0,383.89901654760047
Q43,2025-12-21 05:30:00,2025-12-21 05:40:00,2025-12-21,2025-12-21 00:00,0.468,4066.58,0.0,677.7633333333333,691.766431545094,691.766431545094,14.00309821176063,0.0,0.0,0.0,10371.144496977922,10383.747285368507,323.74668996310396,0.0,0.0,323.74668996310396
Q43,2025-12-21 05:40:00,2025-12-21 05:50:00,2025-12-21,2025-12-21 00:00,0.4338,4077.7781,0.0316,679.6244166666667,1545.8329670863795,1545.8329670863795,462.50301625721477,0.0,0.0,403.7055341624981,10383.747285368507,10800.0,670.5823411220715,0.0,0.0,670.5823411220715
Q43,2025-12-21 05:50:00,2025-12-21 06:00:00,2025-12-21,2025-12-21 00:00,0.6915,4717.7146,0.0,786.2857666666666,792.7361956522558,792.7361956522558,0.0,0.0,0.0,6.450428985589156,10800.0,10800.0,548.1770792935349,0.0,0.0,548.1770792935349
Q43,2025-12-21 06:00:00,2025-12-21 06:10:00,2025-12-21,2025-12-21 06:00,1.0594,5490.65,0.0,915.1083333333332,905.2406682344393,905.240668234439,0.0,9.867665098894236,0.0,0.0,10800.0,10789.035927667896,959.0119639275646,1.8065975382342e-13,0.0,959.0119639275648
Q43,2025-12-21 06:10:00,2025-12-21 06:20:00,2025-12-21,2025-12-21 06:00,1.081,5439.318,0.4406,906.4795666666666,932.8577142046374,932.8577142046374,12.182302591227199,0.0,0.0,14.195844946743591,10789.035927667896,10800.0,1008.419189055213,0.0,0.0,1008.419189055213
Q43,2025-12-21 06:20:00,2025-12-21 06:30:00,2025-12-21,2025-12-21 06:00,1.0359,5407.8325,0.0,901.3054166666667,922.1274414303871,922.1274414303871,0.0,0.0,0.0,20.82202476372038,10800.0,10800.0,955.231816577738,0.0,0.0,955.231816577738
Q43,2025-12-21 06:30:00,2025-12-21 06:40:00,2025-12-21,2025-12-21 06:00,1.0597,5587.05,0.0,931.175,911.687232212371,911.687232212371,0.0,19.487767787628968,0.0,0.0,10800.0,10778.346924680412,966.1149599754497,0.0,0.0,966.1149599754497
Q43,2025-12-21 06:40:00,2025-12-21 06:50:00,2025-12-21,2025-12-21 06:00,1.0176,5351.2866,6.1366,890.8583333333333,911.8794925444013,911.8794925444013,21.021159211067925,0.0,0.0,0.0,10778.346924680412,10797.265967970374,927.9285716131828,0.0,0.0,927.9285716131828
Q43,2025-12-21 06:50:00,2025-12-21 07:00:00,2025-12-21,2025-12-21 06:00,1.0168,5233.249,0.0,872.2081666666666,945.8393200469401,945.8393200469401,3.0378133662513087,0.0,0.0,70.59334001402222,10797.265967970374,10800.0,961.7294206237286,0.0,0.0,961.7294206237286
Q43,2025-12-21 07:00:00,2025-12-21 07:10:00,2025-12-21,2025-12-21 06:00,1.0595,5374.2,0.0,895.6999999999999,951.1221638921036,951.1221638921036,0.0,0.0,0.0,55.42216389210364,10800.0,10800.0,1007.7139326436838,0.0,0.0,1007.7139326436838
Q43,2025-12-21 07:10:00,2025-12-21 07:20:00,2025-12-21,2025-12-21 06:00,1.0282,5360.7841,172.6829,864.6835333333333,879.2910772696239,879.2910772696239,0.0,0.0,0.0,14.60754393629054,10800.0,10800.0,904.0870856486273,0.0,0.0,904.0870856486273
Q43,2025-12-21 07:20:00,2025-12-21 07:30:00,2025-12-21,2025-12-21 06:00,0.9987,5321.3096,420.0356,816.8789999999999,828.1961497505542,825.5071942578961,0.0,0.0,0.0,8.628194257896212,10800.0,10800.0,824.4340349053609,1.3427299252588343,0.0,825.7767648306198
Q43,2025-12-21 07:30:00,2025-12-21 07:40:00,2025-12-21,2025-12-21 06:00,0.9724,5231.72,690.675,756.8408333333333,788.9786783029335,786.2078355553892,0.0,0.0,0.0,29.36700222205593,10800.0,10800.0,764.5084992940606,1.3471837438560355,0.0,765.8556830379166
Q43,2025-12-21 07:40:00,2025-12-21 07:50:00,2025-12-21,2025-12-21 06:00,0.9109,5065.8847,996.7377,678.1911666666665,738.3794193501382,737.2849904782834,0.0,0.0,0.0,59.09382381161686,10800.0,10800.0,671.5928978266684,0.4984576296862697,0.0,672.0913554563547
Q43,2025-12-21 07:50:00,2025-12-21 08:00:00,2025-12-21,2025-12-21 06:00,1.0903,5889.1246,1276.7125,768.7353499999999,799.2072376525409,799.2072376525409,0.0,0.0,0.0,30.471887652541,10800.0,10800.0,871.3756512125655,0.0,0.0,871.3756512125655
Q43,2025-12-21 08:00:00,2025-12-21 08:10:00,2025-12-21,2025-12-21 06:00,1.4063,7180.79,1539.8625,940.1545833333332,90.5564841292952,93.90346209307063,0.0,833.3333333333334,12.91778790692922,0.0,10800.0,9874.074074074075,132.05643874148524,2.3534275552286936,90.83142566757282,225.24129196428675
Q43,2025-12-21 08:10:00,2025-12-21 08:20:00,2025-12-21,2025-12-21 06:00,1.4458,7254.351,1860.1541,899.0328166666666,84.83960436418579,83.59581477816232,0.0,815.4370018885043,0.0,0.0,9874.074074074075,8968.032960864626,120.86282900626708,0.8991354917363646,0.0,121.76196449800344
Q43,2025-12-21 08:20:00,2025-12-21 08:30:00,2025-12-21,2025-12-21 06:00,1.3908,7152.8955,2211.6206,823.5458166666665,52.10315281742055,22.449576470988063,0.0,801.0962401956784,0.0,0.0,8968.032960864626,8077.9260273138725,31.222870955850198,20.62109699130915,0.0,51.84396794715935
Q43,2025-12-21 08:30:00,2025-12-21 08:40:00,2025-12-21,2025-12-21 06:00,1.3742,7367.01,2579.625,797.8975,0.0,0.0,0.0,797.8975,0.0,0.0,8077.9260273138725,7191.373249536095,0.0,0.0,0.0,0.0
Q43,2025-12-21 08:40:00,2025-12-21 08:50:00,2025-12-21,2025-12-21 06:00,1.345,7333.1326,2953.1787,729.9923166666667,0.0,0.0,0.0,729.9923166666667,0.0,0.0,7191.373249536095,6380.27067546202,0.0,0.0,0.0,0.0
Q43,2025-12-21 08:50:00,2025-12-21 09:00:00,2025-12-21,2025-12-21 06:00,1.3284,7276.0603,3195.6035,680.0761333333332,0.0,0.0,0.0,680.0761333333332,0.0,0.0,6380.27067546202,5624.630527313872,0.0,0.0,0.0,0.0
Q43,2025-12-21 09:00:00,2025-12-21 09:10:00,2025-12-21,2025-12-21 06:00,1.3231,7255.65,3341.5875,652.3437499999999,0.0,0.0,0.0,652.3437499999999,0.0,0.0,5624.630527313872,4899.804138424984,0.0,0.0,0.0,0.0
Q43,2025-12-21 09:10:00,2025-12-21 09:20:00,2025-12-21,2025-12-21 06:00,1.2929,7076.8086,3572.7867,584.00365,1.49317706289321,0.0,0.0,584.00365,0.0,0.0,4899.804138424984,4250.911193980539,0.0,0.9652643123073156,0.0,0.9652643123073156
Q43,2025-12-21 09:20:00,2025-12-21 09:30:00,2025-12-21,2025-12-21 06:00,1.2522,7014.1683,3848.0561,527.6853666666667,648.6704748850678,180.33098888476445,0.0,347.35437778190226,0.0,0.0,4250.911193980539,3864.9618853339807,225.81046428150205,293.22735218478994,0.0,519.037816466292
Q43,2025-12-21 09:30:00,2025-12-21 09:40:00,2025-12-21,2025-12-21 06:00,1.2211,7150.59,4116.6,505.66499999999996,628.3344558670515,557.6885804461241,52.02358044612413,0.0,0.0,0.0,3864.9618853339807,3911.7831077354926,680.9935255827621,43.132839238247215,0.0,724.1263648210094
Q43,2025-12-21 09:40:00,2025-12-21 09:50:00,2025-12-21,2025-12-21 06:00,1.2184,7259.4501,4370.6969,481.45886666666667,581.4952750756524,484.8993319388944,3.4404652722277547,0.0,0.0,0.0,3911.7831077354926,3914.8795264804976,590.801346034349,58.84624855891298,0.0,649.6475945932619
Q43,2025-12-21 09:50:00,2025-12-21 10:00:00,2025-12-21,2025-12-21 06:00,1.2822,7142.682,4583.0793,426.6004499999999,496.3006824181992,0.0,0.0,426.6004499999999,0.0,0.0,3914.8795264804976,3440.8790264804975,0.0,318.1783674983075,0.0,318.1783674983075
Q43,2025-12-21 10:00:00,2025-12-21 10:10:00,2025-12-21,2025-12-21 06:00,1.3753,6912.23,4750.3875,360.30708333333325,0.0,0.0,0.0,360.30708333333325,0.0,0.0,3440.8790264804975,3040.5378227767937,0.0,0.0,0.0,0.0
Q43,2025-12-21 10:10:00,2025-12-21 10:20:00,2025-12-21,2025-12-21 06:00,1.4027,6873.3728,4886.2111,331.19361666666657,0.0,0.0,0.0,331.19361666666657,0.0,0.0,3040.5378227767937,2672.544915369386,0.0,0.0,0.0,0.0
Q43,2025-12-21 10:20:00,2025-12-21 10:30:00,2025-12-21,2025-12-21 06:00,1.3591,6913.1885,4956.6279,326.0934333333333,0.0,0.0,0.0,326.0934333333333,0.0,0.0,2672.544915369386,2310.218878332349,0.0,0.0,0.0,0.0
Q43,2025-12-21 10:30:00,2025-12-21 10:40:00,2025-12-21,2025-12-21 06:00,1.3321,6951.47,4960.7625,331.7845833333334,0.0,0.0,0.0,331.7845833333334,0.0,0.0,2310.218878332349,1941.569341295312,0.0,0.0,0.0,0.0
Q43,2025-12-21 10:40:00,2025-12-21 10:50:00,2025-12-21,2025-12-21 06:00,1.3769,7040.6919,4946.2149,349.07949999999994,0.0,0.0,0.0,349.07949999999994,0.0,0.0,1941.569341295312,1553.703230184201,0.0,0.0,0.0,0.0
Q43,2025-12-21 10:50:00,2025-12-21 11:00:00,2025-12-21,2025-12-21 06:00,1.1651,7195.1724,4968.8079,371.0607500000001,417.4176276235483,315.84415817910394,0.0,55.216591820896156,0.0,0.0,1553.703230184201,1492.3514614943163,367.990028694474,59.17162462486106,0.0,427.1616533193351
Q43,2025-12-21 11:00:00,2025-12-21 11:10:00,2025-12-21,2025-12-21 06:00,0.8057,7266.62,4979.2125,381.2345833333334,1253.6903980386896,1173.825223418441,792.5906400851077,0.0,0.0,0.0,1492.3514614943163,2205.6830375709133,945.7509825082379,32.17368559576714,0.0,977.924668104005
Q43,2025-12-21 11:10:00,2025-12-21 11:20:00,2025-12-21,2025-12-21 06:00,0.7611,7080.5804,4907.9946,362.0976333333333,1174.4157928902346,1098.5681348250882,736.4705014917549,0.0,0.0,0.0,2205.6830375709133,2868.506488913493,836.1202074153747,28.863826276691437,0.0,864.9840336920661
Q43,2025-12-21 11:20:00,2025-12-21 11:30:00,2025-12-21,2025-12-21 06:00,0.7807,6948.6094,5015.1025,322.25115000000005,1130.3852898965347,1020.6751803085816,698.4240303085816,0.0,0.0,0.0,2868.506488913493,3497.088116191216,796.8411132669096,42.82534127765748,0.0,839.666454544567
Q43,2025-12-21 11:30:00,2025-12-21 11:40:00,2025-12-21,2025-12-21 06:00,0.7378,6954.16,5256.3375,282.97041666666667,1129.9923474102839,983.0868353286116,700.116418661945,0.0,0.0,0.0,3497.088116191216,4127.192892986966,725.3214671054496,54.19344340692888,0.0,779.5149105123785
Q43,2025-12-21 11:40:00,2025-12-21 11:50:00,2025-12-21,2025-12-21 06:00,0.7527,6860.0706,5348.0182,252.00873333333325,1136.181659562429,985.0873410546769,733.0786077213437,0.0,0.0,0.0,4127.192892986966,4786.963639936175,741.4752416118554,56.86434677039254,0.0,798.3395883822479
Q43,2025-12-21 11:50:00,2025-12-21 12:00:00,2025-12-21,2025-12-21 06:00,0.7117,6565.9337,5577.6892,164.70741666666663,1116.7298577535962,945.775460922476,781.0680442558094,0.0,0.0,0.0,4786.963639936175,5489.924879766404,673.1083955385261,60.83412211235413,0.0,733.9425176508803
Q43,2025-12-21 12:00:00,2025-12-21 12:10:00,2025-12-21,2025-12-21 12:00,0.6418,6330.9,5890.8,73.34999999999991,1073.1018212323313,878.5880321356893,805.2380321356894,0.0,0.0,0.0,5489.924879766404,6214.639108688524,563.8777990246855,62.41947492111241,0.0,626.2972739457979
Q43,2025-12-21 12:10:00,2025-12-21 12:20:00,2025-12-21,2025-12-21 12:00,0.6936,6501.863,5904.8948,99.49470000000004,1032.3247653147841,856.2992605021607,756.8045605021606,0.0,0.0,0.0,6214.639108688524,6895.763213140469,593.9291670842987,61.045645069017816,0.0,654.9748121533165
Q43,2025-12-21 12:20:00,2025-12-21 12:30:00,2025-12-21,2025-12-21 12:00,0.7105,6520.3344,5868.1645,108.69498333333331,1017.1080078502985,899.5825913254564,790.8876079921231,0.0,0.0,0.0,6895.763213140469,7607.56206033338,639.1534311367368,41.750904220450145,0.0,680.9043353571869
Q43,2025-12-21 12:30:00,2025-12-21 12:40:00,2025-12-21,2025-12-21 12:00,0.6294,6273.31,5864.7,68.10166666666676,1019.0482164073667,940.8406662396197,833.3333333333334,0.0,0.0,39.40566623961956,7607.56206033338,8357.562060333381,592.1651153312166,24.61191603778996,0.0,616.7770313690065
Q43,2025-12-21 12:40:00,2025-12-21 12:50:00,2025-12-21,2025-12-21 12:00,0.5829,6234.7567,5722.7661,85.33176666666668,957.7661846843788,922.4643739869837,833.3333333333334,0.0,0.0,3.7992739869836214,8357.562060333381,9107.562060333381,537.7044835970128,10.28871272775581,0.0,547.9931963247686
Q43,2025-12-21 12:50:00,2025-12-21 13:00:00,2025-12-21,2025-12-21 12:00,0.7799,6512.763,5549.8704,160.4821,985.5415153677726,981.8592394149423,821.3771394149423,0.0,0.0,0.0,9107.562060333381,9846.801485806829,765.7520208197135,1.4359035078061793,0.0,767.1879243275197
Q43,2025-12-21 13:00:00,2025-12-21 13:10:00,2025-12-21,2025-12-21 12:00,1.0833,6836.44,5390.4375,241.00041666666658,220.25076936671303,240.4605483160367,0.0,0.539868350629888,0.0,0.0,9846.801485806829,9846.201632083907,260.4909119907625,10.946626767901162,0.0,271.43753875866366
Q43,2025-12-21 13:10:00,2025-12-21 13:20:00,2025-12-21,2025-12-21 12:00,1.1248,6797.3346,5211.4597,264.31248333333326,232.1642775616178,270.6489151297689,6.336431796435647,0.0,0.0,0.0,9846.201632083907,9851.9044207007,304.4258997379641,21.64376016832818,0.0,326.06965990629226
Q43,2025-12-21 13:20:00,2025-12-21 13:30:00,2025-12-21,2025-12-21 12:00,1.0564,6554.3856,5202.0686,225.38616666666667,248.30918994223882,274.1443823642871,48.758215697620415,0.0,0.0,0.0,9851.9044207007,9895.786814828558,289.6061255296329,13.646148637325894,0.0,303.2522741669588
Q43,2025-12-21 13:30:00,2025-12-21 13:40:00,2025-12-21,2025-12-21 12:00,1.0304,6350.08,5287.95,177.02166666666668,276.3711418972299,289.6362264677683,112.61455980110165,0.0,0.0,0.0,9895.786814828558,9997.13991864955,298.4411677523885,6.834171570741394,0.0,305.27533932312986
Q43,2025-12-21 13:40:00,2025-12-21 13:50:00,2025-12-21,2025-12-21 12:00,1.0675,6333.408,5178.3498,192.50970000000007,285.621775561939,285.621775561939,93.11207556193892,0.0,0.0,0.0,9997.13991864955,10080.940786655294,304.90124541236986,0.0,0.0,304.90124541236986
Q43,2025-12-21 13:50:00,2025-12-21 14:00:00,2025-12-21,2025-12-21 12:00,1.1926,6515.4464,4993.7017,253.62411666666668,292.44179565846053,292.44179565846053,38.817678991793855,0.0,0.0,0.0,10080.940786655294,10115.876697747908,348.7660855022801,0.0,0.0,348.7660855022801
Q43,2025-12-21 14:00:00,2025-12-21 14:10:00,2025-12-21,2025-12-21 12:00,1.3352,6658.81,4847.5125,301.88291666666674,0.0,0.0,0.0,301.88291666666674,0.0,0.0,10115.876697747908,9780.451234784945,0.0,0.0,0.0,0.0
Q43,2025-12-21 14:10:00,2025-12-21 14:20:00,2025-12-21,2025-12-21 12:00,1.3689,6474.7834,4705.4039,294.8965833333333,0.0,0.0,0.0,294.8965833333333,0.0,0.0,9780.451234784945,9452.788364414575,0.0,0.0,0.0,0.0
Q43,2025-12-21 14:20:00,2025-12-21 14:30:00,2025-12-21,2025-12-21 12:00,1.3382,6311.1097,4404.8152,317.71574999999996,0.0,0.0,0.0,317.71574999999996,0.0,0.0,9452.788364414575,9099.770864414575,0.0,0.0,0.0,0.0
Q43,2025-12-21 14:30:00,2025-12-21 14:40:00,2025-12-21,2025-12-21 12:00,1.3596,6293.57,3988.3875,384.1970833333333,0.0,0.0,0.0,384.1970833333333,0.0,0.0,9099.770864414575,8672.885216266426,0.0,0.0,0.0,0.0
Q43,2025-12-21 14:40:00,2025-12-21 14:50:00,2025-12-21,2025-12-21 12:00,1.4656,6241.0875,3658.7815,430.38433333333325,0.0,0.0,0.0,430.38433333333325,0.0,0.0,8672.885216266426,8194.680401451611,0.0,0.0,0.0,0.0
Q43,2025-12-21 14:50:00,2025-12-21 15:00:00,2025-12-21,2025-12-21 12:00,1.2648,6267.633,3321.4365,491.03274999999996,0.0,0.0,0.0,491.03274999999996,0.0,0.0,8194.680401451611,7649.088457007167,0.0,0.0,0.0,0.0
Q43,2025-12-21 15:00:00,2025-12-21 15:10:00,2025-12-21,2025-12-21 12:00,0.8874,6308.83,2957.5875,558.5404166666666,1433.2965715065768,1476.3284208153327,833.3333333333334,0.0,0.0,84.45467081533275,7649.088457007167,8399.088457007167,1310.0938406315263,19.093231538294997,0.0,1329.1870721698212
Q43,2025-12-21 15:10:00,2025-12-21 15:20:00,2025-12-21,2025-12-21 12:00,0.882,6184.3165,2665.595,586.4535833333333,1459.1564200011521,1497.8341607394236,833.3333333333334,0.0,0.0,78.04724407275694,8399.088457007167,9149.088457007167,1321.0897297721717,17.05688366557773,0.0,1338.1466134377495
Q43,2025-12-21 15:20:00,2025-12-21 15:30:00,2025-12-21,2025-12-21 12:00,0.9712,6249.441,2404.6045,640.8060833333333,657.0956147326737,679.5544520731597,38.74836873982645,0.0,0.0,0.0,9149.088457007167,9183.96198887301,659.9832838534527,10.906011412540035,0.0,670.8892952659927
Q43,2025-12-21 15:30:00,2025-12-21 15:40:00,2025-12-21,2025-12-21 12:00,0.9596,6412.99,2166.8625,707.6879166666665,1535.3273406459928,1557.2842121936103,833.3333333333334,0.0,0.0,16.262962193610406,9183.96198887301,9933.96198887301,1494.3699300209885,10.534906968546895,0.0,1504.9048369895354
Q43,2025-12-21 15:40:00,2025-12-21 15:50:00,2025-12-21,2025-12-21 12:00,0.9392,6229.2355,1977.0681,708.6945666666667,1618.4411895666926,1622.2802905797423,833.3333333333334,0.0,0.0,80.25239057974227,9933.96198887301,10683.96198887301,1523.645648912494,1.8028418357281322,0.0,1525.448490748222
Q43,2025-12-21 15:50:00,2025-12-21 16:00:00,2025-12-21,2025-12-21 12:00,0.9693,6140.1248,1719.0539,736.8451499999999,824.0967145049963,824.0967145049963,87.2515645049964,0.0,0.0,0.0,10683.96198887301,10762.488396927507,798.7969453696929,0.0,0.0,798.7969453696929
Q43,2025-12-21 16:00:00,2025-12-21 16:10:00,2025-12-21,2025-12-21 12:00,1.0104,6190.42,1414.8375,795.9304166666667,837.7971509117491,837.7971509117491,41.679558969436684,0.0,0.0,0.18717527564571412,10762.488396927507,10800.0,846.5102412812313,0.0,0.0,846.5102412812313
Q43,2025-12-21 16:10:00,2025-12-21 16:20:00,2025-12-21,2025-12-21 12:00,0.98,6007.344,1199.0528,801.3818666666666,878.2023482250431,878.2023482250431,0.0,0.0,0.0,76.82048155837651,10800.0,10800.0,860.6383012605422,0.0,0.0,860.6383012605422
Q43,2025-12-21 16:20:00,2025-12-21 16:30:00,2025-12-21,2025-12-21 12:00,0.9673,6021.8302,965.9713,842.64315,1444.902697466729,1722.6725246386168,0.0,0.0,0.0,880.0293746386168,10800.0,10800.0,1666.341133082934,134.34337691168352,0.0,1800.6845099946174
Q43,2025-12-21 16:30:00,2025-12-21 16:40:00,2025-12-21,2025-12-21 12:00,1.0182,6231.28,680.625,925.1091666666666,928.6005870629788,940.7363588092918,0.0,0.0,0.0,15.627192142625177,10800.0,10800.0,957.8577605396209,6.178321396047961,0.0,964.0360819356689
Q43,2025-12-21 16:40:00,2025-12-21 16:50:00,2025-12-21,2025-12-21 12:00,1.0861,6177.7882,419.0314,959.7927999999999,1007.9132894201031,1007.9132894201031,0.0,0.0,0.0,48.12048942010313,10800.0,10800.0,1094.694623639174,0.0,0.0,1094.694623639174
Q43,2025-12-21 16:50:00,2025-12-21 17:00:00,2025-12-21,2025-12-21 12:00,1.1066,6130.9976,173.8125,992.8641833333332,1041.5836847498294,1042.1305833609406,0.0,0.0,0.0,49.26640002760735,10800.0,10800.0,1153.221703547217,0.30259900152779723,0.0,1153.5243025487448
Q43,2025-12-21 17:00:00,2025-12-21 17:10:00,2025-12-21,2025-12-21 12:00,1.0879,6172.78,0.0,1028.7966666666666,1045.0383797751897,1045.0383797751897,0.0,0.0,0.0,16.241713108523072,10800.0,10800.0,1136.897253357429,0.0,0.0,1136.897253357429
Q43,2025-12-21 17:10:00,2025-12-21 17:20:00,2025-12-21,2025-12-21 12:00,1.0972,6112.1742,0.0,1018.6957,1047.0369513349583,1047.0369513349583,0.0,0.0,0.0,28.341251334958315,10800.0,10800.0,1148.8089430047162,0.0,0.0,1148.8089430047162
Q43,2025-12-21 17:20:00,2025-12-21 17:30:00,2025-12-21,2025-12-21 12:00,1.1283,6160.7027,6.2009,1025.7503,1053.432482230327,1053.432482230327,0.0,0.0,0.0,27.682182230327044,10800.0,10800.0,1188.587869700478,0.0,0.0,1188.587869700478
Q43,2025-12-21 17:30:00,2025-12-21 17:40:00,2025-12-21,2025-12-21 12:00,1.1382,6338.77,0.0,1056.4616666666666,1049.8531726900353,1049.8531726900353,0.0,6.60849397663128,0.0,0.0,10800.0,10792.657228914853,1194.9428811557982,0.0,0.0,1194.9428811557982
Q43,2025-12-21 17:40:00,2025-12-21 17:50:00,2025-12-21,2025-12-21 12:00,1.103,6290.0948,0.0,1048.3491333333332,1074.0997346514937,1074.0997346514937,8.158634539051693,0.0,0.0,17.59196677910884,10792.657228914853,10800.0,1184.7320073205976,0.0,0.0,1184.7320073205976
Q43,2025-12-21 17:50:00,2025-12-21 18:00:00,2025-12-21,2025-12-21 12:00,1.1407,5392.9058,0.4452,898.7434333333333,939.3839250723971,939.4773264612859,0.0,0.0,0.0,40.73389312795257,10800.0,10800.0,1071.6617862943888,0.053271482152707016,0.0,1071.7150577765415
Q43,2025-12-21 18:00:00,2025-12-21 18:10:00,2025-12-21,2025-12-21 12:00,1.2479,4275.8,0.0,712.6333333333333,727.8769417639949,727.8769417639949,0.0,0.0,0.0,15.243608430661538,10800.0,10800.0,908.3176356272892,0.0,0.0,908.3176356272892
Q43,2025-12-21 18:10:00,2025-12-21 18:20:00,2025-12-21,2025-12-21 12:00,1.2957,4292.4867,0.0,715.41445,729.9929002369015,729.9929002369015,0.0,0.0,0.0,14.578450236901517,10800.0,10800.0,945.8518008369533,0.0,0.0,945.8518008369533
Q43,2025-12-21 18:20:00,2025-12-21 18:30:00,2025-12-21,2025-12-21 12:00,1.2826,4489.6396,0.032,748.2679333333333,757.6551774793746,757.6551774793746,0.0,0.0,0.0,9.387244146041326,10800.0,10800.0,971.7685306350459,0.0,0.0,971.7685306350459
Q43,2025-12-21 18:30:00,2025-12-21 18:40:00,2025-12-21,2025-12-21 12:00,1.238,4380.05,0.0,730.0083333333333,742.9765683158113,742.9765683158113,0.0,0.0,0.0,12.968234982477952,10800.0,10800.0,919.8049915749743,0.0,0.0,919.8049915749743
Q43,2025-12-21 18:40:00,2025-12-21 18:50:00,2025-12-21,2025-12-21 12:00,1.2107,4406.0663,0.0,734.3443833333333,729.286009383627,729.286009383627,0.0,5.058373949706379,0.0,0.0,10800.0,10794.379584500326,882.9465715607572,0.0,0.0,882.9465715607572
Q43,2025-12-21 18:50:00,2025-12-21 19:00:00,2025-12-21,2025-12-21 12:00,1.3293,4500.5016,0.0023,750.0832166666665,743.9743544218768,743.9743544218768,0.0,6.108862244789748,0.0,0.0,10794.379584500326,10787.591959783893,988.9651093330008,0.0,0.0,988.9651093330008
Q43,2025-12-21 19:00:00,2025-12-21 19:10:00,2025-12-21,2025-12-21 12:00,1.5214,4490.76,0.0,748.46,0.0,0.0,0.0,748.46,0.0,0.0,10787.591959783893,9955.96973756167,0.0,0.0,0.0,0.0
Q43,2025-12-21 19:10:00,2025-12-21 19:20:00,2025-12-21,2025-12-21 12:00,1.5659,4334.8994,0.0,722.4832333333334,0.0,0.0,0.0,722.4832333333334,0.0,0.0,9955.96973756167,9153.210589413522,0.0,0.0,0.0,0.0
Q43,2025-12-21 19:20:00,2025-12-21 19:30:00,2025-12-21,2025-12-21 12:00,1.5266,4356.9931,0.0,726.1655166666666,0.0,0.0,0.0,726.1655166666666,0.0,0.0,9153.210589413522,8346.360015339447,0.0,0.0,0.0,0.0
Q43,2025-12-21 19:30:00,2025-12-21 19:40:00,2025-12-21,2025-12-21 12:00,1.4847,4466.59,0.0,744.4316666666666,0.0,0.0,0.0,744.4316666666666,0.0,0.0,8346.360015339447,7519.213719043151,0.0,0.0,0.0,0.0
Q43,2025-12-21 19:40:00,2025-12-21 19:50:00,2025-12-21,2025-12-21 12:00,1.4671,4301.5722,0.0,716.9286999999999,0.0,0.0,0.0,716.9286999999999,0.0,0.0,7519.213719043151,6722.626274598707,0.0,0.0,0.0,0.0
Q43,2025-12-21 19:50:00,2025-12-21 20:00:00,2025-12-21,2025-12-21 12:00,1.5039,4398.717,0.0,733.1194999999999,0.0,0.0,0.0,733.1194999999999,0.0,0.0,6722.626274598707,5908.049052376485,0.0,0.0,0.0,0.0
Q43,2025-12-21 20:00:00,2025-12-21 20:10:00,2025-12-21,2025-12-21 12:00,1.5483,4681.61,0.0,780.2683333333332,0.0,0.0,0.0,780.2683333333332,0.0,0.0,5908.049052376485,5041.08423756167,0.0,0.0,0.0,0.0
Q43,2025-12-21 20:10:00,2025-12-21 20:20:00,2025-12-21,2025-12-21 12:00,1.5137,4485.5154,0.0,747.5859,0.0,0.0,0.0,747.5859,0.0,0.0,5041.08423756167,4210.4332375616705,0.0,0.0,0.0,0.0
Q43,2025-12-21 20:20:00,2025-12-21 20:30:00,2025-12-21,2025-12-21 12:00,1.4654,4156.9026,0.0,692.8171,0.0,0.0,0.0,692.8171,0.0,0.0,4210.4332375616705,3440.636459783893,0.0,0.0,0.0,0.0
Q43,2025-12-21 20:30:00,2025-12-21 20:40:00,2025-12-21,2025-12-21 12:00,1.488,4090.51,0.0,681.7516666666667,0.0,0.0,0.0,681.7516666666667,0.0,0.0,3440.636459783893,2683.134607932041,0.0,0.0,0.0,0.0
Q43,2025-12-21 20:40:00,2025-12-21 20:50:00,2025-12-21,2025-12-21 12:00,1.5616,4322.2266,0.0,720.3711,0.0,0.0,0.0,720.3711,0.0,0.0,2683.134607932041,1882.7222745987078,0.0,0.0,0.0,0.0
Q43,2025-12-21 20:50:00,2025-12-21 21:00:00,2025-12-21,2025-12-21 12:00,1.3465,4336.801,0.0,722.8001666666667,291.2315480582312,291.2315480582312,0.0,431.56861860843543,0.0,0.0,1882.7222745987078,1403.2015872560019,392.14327946040834,0.0,0.0,392.14327946040834
Q43,2025-12-21 21:00:00,2025-12-21 21:10:00,2025-12-21,2025-12-21 12:00,0.9601,4144.46,0.0,690.7433333333333,744.6335466647429,744.6335466647429,53.89021333140954,0.0,0.0,0.0,1403.2015872560019,1451.7027792542704,714.9226681528196,0.0,0.0,714.9226681528196
Q43,2025-12-21 21:10:00,2025-12-21 21:20:00,2025-12-21,2025-12-21 12:00,0.8829,4227.261,0.0,704.5435,745.2506928106608,745.2506928106608,40.707192810660786,0.0,0.0,0.0,1451.7027792542704,1488.339252783865,657.9818366825324,0.0,0.0,657.9818366825324
Q43,2025-12-21 21:20:00,2025-12-21 21:30:00,2025-12-21,2025-12-21 12:00,0.9151,4326.9643,0.0,721.1607166666665,750.1709830030844,750.1709830030844,29.010266336417885,0.0,0.0,0.0,1488.339252783865,1514.448492486641,686.4814665461225,0.0,0.0,686.4814665461225
Q43,2025-12-21 21:30:00,2025-12-21 21:40:00,2025-12-21,2025-12-21 12:00,0.9345,4357.83,0.0,726.305,756.3490043955321,756.3490043955321,30.04400439553217,0.0,0.0,0.0,1514.448492486641,1541.48809644262,706.8081446076247,0.0,0.0,706.8081446076247
Q43,2025-12-21 21:40:00,2025-12-21 21:50:00,2025-12-21,2025-12-21 12:00,0.9815,4437.1142,0.0,739.5190333333333,761.7606598746173,761.7606598746173,22.241626541284063,0.0,0.0,0.0,1541.48809644262,1561.5055603297756,747.6680876669369,0.0,0.0,747.6680876669369
Q43,2025-12-21 21:50:00,2025-12-21 22:00:00,2025-12-21,2025-12-21 12:00,0.7546,4070.9954,0.0,678.4992333333332,688.0818844138762,688.0818844138762,9.582651080542973,0.0,0.0,0.0,1561.5055603297756,1570.1299463022642,519.226589978711,0.0,0.0,519.226589978711
Q43,2025-12-21 22:00:00,2025-12-21 22:10:00,2025-12-21,2025-12-21 12:00,0.4001,3434.4,0.0,572.4,572.152607489013,572.152607489013,0.0,0.24739251098696968,0.0,0.0,1570.1299463022642,1569.8550657345008,228.9182582563541,0.0,0.0,228.9182582563541
Q43,2025-12-21 22:10:00,2025-12-21 22:20:00,2025-12-21,2025-12-21 12:00,0.4032,3270.5539,0.0,545.0923166666666,567.8967103620065,567.8967103620065,22.804393695339854,0.0,0.0,0.0,1569.8550657345008,1590.3790200603066,228.975953617961,0.0,0.0,228.975953617961
Q43,2025-12-21 22:20:00,2025-12-21 22:30:00,2025-12-21,2025-12-21 12:00,0.4747,3305.0168,0.0,550.8361333333332,585.3563850224365,585.3563850224365,34.52025168910325,0.0,0.0,0.0,1590.3790200603066,1621.4472465804995,277.8686759701506,0.0,0.0,277.8686759701506
Q43,2025-12-21 22:30:00,2025-12-21 22:40:00,2025-12-21,2025-12-21 12:00,0.4323,3255.6,0.0,542.5999999999999,581.263807773325,581.263807773325,38.66380777332506,0.0,0.0,0.0,1621.4472465804995,1656.244673576492,251.2803441004084,0.0,0.0,251.2803441004084
Q43,2025-12-21 22:40:00,2025-12-21 22:50:00,2025-12-21,2025-12-21 12:00,0.3905,3155.514,0.0,525.919,558.5745047977582,558.5745047977582,32.655504797758226,0.0,0.0,0.0,1656.244673576492,1685.6346278944743,218.1233441235246,0.0,0.0,218.1233441235246
Q43,2025-12-21 22:50:00,2025-12-21 23:00:00,2025-12-21,2025-12-21 12:00,0.4205,3260.3635,0.0,543.3939166666667,569.5951339824966,569.5951339824966,26.201217315829922,0.0,0.0,0.0,1685.6346278944743,1709.2157234787212,239.5147538396398,0.0,0.0,239.5147538396398
Q43,2025-12-21 23:00:00,2025-12-21 23:10:00,2025-12-21,2025-12-21 12:00,0.4738,3508.97,0.0,584.8283333333333,583.4338894780035,583.4338894780035,0.0,1.3944438553297687,0.0,0.0,1709.2157234787212,1707.6663414172438,276.43097683467806,0.0,0.0,276.43097683467806
Q43,2025-12-21 23:10:00,2025-12-21 23:20:00,2025-12-21,2025-12-21 12:00,0.4471,3554.7154,0.0,592.4525666666666,595.2901275209177,595.2901275209177,2.8375608542511372,0.0,0.0,0.0,1707.6663414172438,1710.2201461860698,266.1542160146023,0.0,0.0,266.1542160146023
Q43,2025-12-21 23:20:00,2025-12-21 23:30:00,2025-12-21,2025-12-21 12:00,0.4314,3395.6628,0.0,565.9438,609.2107001066754,609.2107001066754,43.26690010667539,0.0,0.0,0.0,1710.2201461860698,1749.1603562820776,262.8134960260198,0.0,0.0,262.8134960260198
Q43,2025-12-21 23:30:00,2025-12-21 23:40:00,2025-12-21,2025-12-21 12:00,0.4502,3305.59,0.0,550.9316666666666,601.7832370666137,601.7832370666137,50.851570399947036,0.0,0.0,0.0,1749.1603562820776,1794.92676964203,270.92281332738946,0.0,0.0,270.92281332738946
Q43,2025-12-21 23:40:00,2025-12-21 23:50:00,2025-12-21,2025-12-21 12:00,0.4334,3539.7613,0.0,589.9602166666666,599.5495983466064,599.5495983466064,9.589381679939834,0.0,0.0,0.0,1794.92676964203,1803.557213153976,259.8447959234192,0.0,0.0,259.8447959234192
Q43,2025-12-21 23:50:00,2025-12-22 00:00:00,2025-12-21,2025-12-21 12:00,0.406,3571.991,0.0,595.3318333333333,595.1780065037789,595.1780065037789,0.0,0.1538268295544185,0.0,0.0,1803.557213153976,1803.386294454471,241.64227064053424,0.0,0.0,241.64227064053424
