group,published_at,accepted,state_kWh,old_total_yuan,new_total_yuan,old_ordinary_yuan,old_adjustment_yuan,old_emergency_yuan,new_ordinary_yuan,new_adjustment_yuan,new_emergency_yuan
Q43,2025-02-01 06:00:00,True,10209.798703703704,10996.21443144527,9884.771953447616,10996.21443144527,0.0,0.0,8773.329475449958,1111.442477997657,0.0
Q43,2025-02-01 12:00:00,True,6709.567392037039,10687.908594582217,9654.324436401528,8773.329475449958,811.9488000474003,1102.6303190848585,8911.4217972583,742.9026391432296,0.0
Q43,2025-02-01 18:00:00,False,10800.0,4406.249815696115,4406.2498156961165,4406.249815696115,6.957350251468598e-14,0.0,4406.249815696116,1.1578919156818301e-12,0.0
Q43,2025-02-02 06:00:00,True,10800.0,50857.58917570694,49337.451047219234,50687.799390119006,0.0,169.78978558793233,47919.18679008427,1418.264257134955,1.166745278169401e-11
Q43,2025-02-02 12:00:00,True,7206.254740622471,36194.72173327968,34748.88875201502,34543.47650490723,882.7553662626384,768.4898621098115,33097.47004527972,1651.4187067352916,7.926018952275627e-12
Q43,2025-02-02 18:00:00,False,10800.0,13505.099303816194,13505.099303816196,13505.099303816187,0.0,7.926018952275627e-12,13505.099303816192,3.443017249082914e-12,0.0
Q43,2025-02-03 06:00:00,True,10800.0,53186.277073237834,50977.04727709879,53167.17869909015,0.0,19.09837414768375,48780.545721479095,2196.501555619697,0.0
Q43,2025-02-03 12:00:00,True,6310.333450174338,37265.10177847874,36269.6078012933,35707.25794724689,1240.3743088610659,317.469522370783,34357.57917124591,1912.028630047389,0.0
Q43,2025-02-03 18:00:00,False,10800.0,13491.292982548044,13491.292982548048,13491.292982548044,0.0,0.0,13491.292982548046,2.1543030470638763e-12,0.0
Q43,2025-02-04 06:00:00,True,10800.0,53513.17653238273,51622.887336882755,53513.17653238273,0.0,0.0,49732.59814138275,1890.289195499989,2.1594814825220967e-11
Q43,2025-02-04 12:00:00,True,7085.17484350717,36686.6487310238,35719.14355730284,34776.923761138525,1811.3006775692775,98.424292315998,33038.761998328606,2680.381558974236,0.0
Q43,2025-02-04 18:00:00,False,10800.0,12809.83354728732,12809.833547287328,12809.83354728732,0.0,0.0,12809.833547287322,2.2074573280406186e-12,3.631248546298593e-12
Q43,2025-02-05 06:00:00,True,10800.0,51572.53510501309,49187.82569719187,48447.694954144084,0.0,3124.840150869008,48795.46543513382,392.36026205804615,2.16957118936989e-12
Q43,2025-02-05 12:00:00,True,6336.396324903044,34478.88233794427,33457.405898651414,34338.74555628598,140.13678165828867,0.0,32419.389761207054,1038.0161374443485,8.93646756594535e-12
Q43,2025-02-05 18:00:00,True,10763.248376204288,12649.46824685566,12495.072286434333,12432.800886349234,0.0,216.66736050642643,12474.315153072634,20.75713336169893,0.0
Q43,2025-02-06 06:00:00,True,10800.0,53037.41506024294,50650.061875732994,53037.41506024294,0.0,0.0,48262.708691223044,2387.353184509948,0.0
Q43,2025-02-06 12:00:00,True,7182.741176766082,36096.578084806584,34861.62518290878,34135.27384259302,1961.3042422135618,0.0,31665.368038797405,3196.2571441113696,0.0
Q43,2025-02-06 18:00:00,True,10722.701646345517,12839.514902882,12504.598142134928,12373.8232414552,0.0,465.6916614267985,12461.00650857502,43.591633559909376,0.0
Q43,2025-02-07 06:00:00,True,10284.15564283711,9975.462807286336,9486.762281692843,9973.452827744946,0.0,2.009979541389334,8999.31813566253,487.444146030306,6.7420842242427165e-12
Q43,2025-02-07 12:00:00,True,6809.985062918681,9148.803925713126,8601.14604517301,8864.979851909718,283.8240738034079,0.0,7770.417690807669,830.7283543653347,6.9828729465370994e-12
Q43,2025-02-07 18:00:00,False,10800.0,3859.2119444169757,3859.2119444169716,3859.211944416968,7.223661668831482e-13,6.9828729465370994e-12,3859.2119444169707,7.905669008323456e-13,0.0
Q43,2025-02-08 06:00:00,True,8884.055969066501,9779.295575496193,7692.4829169763225,7111.749539403324,0.0,2667.5460360928687,7498.90512445199,193.577792524333,0.0
Q43,2025-02-08 12:00:00,True,7093.077931288724,7692.482916976323,7482.160999439788,7498.905124451991,193.577792524333,0.0,7358.690512760966,123.47048667882117,0.0
Q43,2025-02-08 18:00:00,True,10755.668950063551,3952.43015377655,3833.1053749388693,3781.9661840084304,0.0,170.46396976811943,3816.0589779620564,17.046396976813,0.0
Q43,2025-02-09 06:00:00,True,10800.0,50722.23545939616,49653.92420998232,50266.641650040845,0.0,455.59380935530965,48912.60288840223,741.3213215800878,0.0
Q43,2025-02-09 12:00:00,True,7638.4836490597045,34085.59823427336,33169.9654247672,34036.799093288864,35.057142199834765,13.741998784665483,32331.537169089646,838.4282556775577,0.0
Q43,2025-02-09 18:00:00,False,10800.0,12738.884559813909,12738.884559813907,12738.884559813909,0.0,0.0,12738.884559813907,4.2458623283891935e-13,0.0
Q43,2025-02-10 06:00:00,True,10800.0,45200.343006616065,41881.8481422655,45197.170500741064,0.0,3.172505874999905,38565.25678143994,3316.5913608255632,0.0
Q43,2025-02-10 12:00:00,True,6590.404860028802,41220.40699305105,31739.202754531147,29160.557666690147,1836.8302928939415,10223.019033466962,30613.018104174764,1126.184650356383,0.0
Q43,2025-02-10 18:00:00,False,10800.0,12962.654149960677,12962.654149960681,12962.654149960677,0.0,0.0,12962.65414996068,1.2113972047700374e-12,0.0
Q43,2025-02-11 06:00:00,True,10800.0,46137.0494092785,43789.20509584343,46043.980286662234,0.0,93.06912261626536,41504.09923156517,2285.105864278256,7.619860298291315e-13
Q43,2025-02-11 12:00:00,True,5908.051084412752,33350.50107769658,32897.541648728344,31214.624161183045,2135.8769165135336,7.619860298291315e-13,30308.70530324657,2588.8363454817722,7.619860298291315e-13
Q43,2025-02-11 18:00:00,False,10800.0,12924.97991550142,12924.979915501424,12924.831695783258,0.14821971816172436,7.619860298291315e-13,12924.831695783261,0.14821971816284316,0.0
Q43,2025-02-12 06:00:00,True,10800.0,45459.48068210368,42788.937297604425,45459.48068210368,0.0,0.0,40118.39391310517,2670.5433844992567,1.203829924634192e-12
Q43,2025-02-12 12:00:00,True,5757.039683403352,32324.426022123338,31938.735112217986,30757.136711432348,1282.3883799648127,284.90093072617793,30555.556753073997,1383.178359143989,0.0
Q43,2025-02-12 18:00:00,True,10789.166798836854,12841.70292368939,12797.25029103258,12779.016063498795,0.0,62.68686019059612,12791.172215187986,6.0780758445949274,0.0
Q43,2025-02-13 06:00:00,True,10798.413241397375,40687.64920855979,38817.0740971144,40687.64920855979,0.0,0.0,36946.49898566899,1870.575111445401,0.0
Q43,2025-02-13 12:00:00,True,6274.187297278062,34369.68197536288,30079.93134240052,28848.5759144563,742.4572554299211,4778.64880547666,29483.6317284504,596.2996139501206,0.0
Q43,2025-02-13 18:00:00,False,10800.0,12908.868078467392,12908.868078467392,12908.868078467392,0.0,0.0,12908.868078467392,2.1014443518652114e-13,0.0
Q43,2025-02-14 06:00:00,True,9510.606972265408,10140.535361076167,7559.096322361525,7178.617599720014,0.0,2961.9177613561533,7183.698311388758,375.39801097276694,0.0
Q43,2025-02-14 12:00:00,True,7290.748727265408,7729.425389048635,7534.78949757404,7183.698311388757,375.39801097276694,170.32906668711075,7167.493761530434,367.2957360436054,0.0
Q43,2025-02-14 18:00:00,True,10559.517197476542,4183.480222684276,3935.070202189165,3828.608764834117,0.0,354.8714578501586,3899.583056404149,35.48714578501589,0.0
Q43,2025-02-15 06:00:00,True,7574.350670763545,8027.413055962548,7447.649071148447,8027.413055962548,0.0,0.0,6867.885086334345,579.7639848141013,0.0
Q43,2025-02-15 12:00:00,True,6366.22716168947,8269.869816362654,7331.246145354662,6867.885086334345,395.6015720542598,1006.3831579740486,7003.404060266459,327.84208508820336,0.0
Q43,2025-02-15 18:00:00,True,10377.662703793641,4176.9134570171545,4015.319934741695,3946.0655680522123,0.0,230.8478889649421,3992.235145845201,23.08478889649424,0.0
Q43,2025-02-16 06:00:00,True,10800.0,45683.246229397344,42482.230644631,45683.246229397344,0.0,2.7671376301441343e-13,39281.21505986466,3201.0155847663405,2.0619950191758107e-12
Q43,2025-02-16 12:00:00,True,5421.271934549621,31157.500103778733,30977.589109187273,28989.924700432897,2114.9741946697345,52.6012086761028,28735.305128602176,2242.2839805850977,2.7671376301441343e-13
Q43,2025-02-16 18:00:00,True,10273.2930744287,15458.074010613751,13184.169604468083,12291.5119740791,0.0,3166.5620365346517,12886.617061005083,297.55254346299455,5.3951225709170115e-12
Q43,2025-02-17 06:00:00,True,10800.0,44928.64917548619,41117.4447375477,44177.04337465401,0.0,751.6058008321819,37855.49315145187,3261.9515860958195,1.2732812137983273e-11
Q43,2025-02-17 12:00:00,True,6764.159506898006,31043.614845381067,29909.603174084186,29573.163064783766,1470.451780597302,0.0,27507.49267117949,2402.110502904688,7.416360858769622e-12
Q43,2025-02-17 18:00:00,False,10800.0,12632.759041195055,12632.759041195051,12632.759041195046,1.0107555681315717e-12,7.416360858769622e-12,12632.759041195048,1.6977878658508418e-12,2.510375907149864e-12
Q43,2025-02-18 06:00:00,True,10800.0,41068.570249704564,38054.16528588464,37488.93052643376,0.0,3579.639723270801,37865.753699401015,188.4115864836308,0.0
Q43,2025-02-18 12:00:00,True,7781.641753574176,28563.96045716842,27830.291887438456,28452.028501353838,111.93195581458443,0.0,27432.41918515224,397.8727022862154,0.0
Q43,2025-02-18 18:00:00,True,10652.528079976732,13563.723747237551,12937.110397541486,12685.484221922983,0.0,878.2395253145675,12853.235005668652,83.87539187283404,0.0
Q43,2025-02-19 06:00:00,True,10793.791282969054,37640.55190442351,36887.171378529085,37326.2924299445,0.0,314.25947447900927,36353.991716325916,533.1796622031711,0.0
Q43,2025-02-19 12:00:00,True,5524.4039820053895,35246.009199385364,29802.420555962337,28469.412161652494,209.70775572218196,6566.889282010685,29430.63561718122,371.7849387811174,0.0
Q43,2025-02-19 18:00:00,False,10800.0,12702.377733074325,12702.377733074329,12702.377733074325,0.0,0.0,12702.377733074327,1.9845742826873904e-12,0.0
Q43,2025-02-20 06:00:00,True,10800.0,46144.02441913638,40294.259404489654,40360.39453520093,0.0,5783.62988393545,38644.187587591536,1650.0718168981157,4.761659511132166e-12
Q43,2025-02-20 12:00:00,True,6201.138448603651,30327.366158423836,28877.96250286972,29557.882410831025,769.4837475928124,0.0,27886.69906930965,991.2634335600708,0.0
Q43,2025-02-20 18:00:00,True,10779.02097631638,12820.24885860452,12729.406119620422,12693.421928794281,0.38950092261852504,126.43742888762014,12717.151722063296,12.254397557126536,0.0
Q43,2025-02-21 06:00:00,True,7882.603231199831,6574.630842548666,6402.727669202418,6374.515514915831,0.0,200.11532763283475,6374.702566362038,28.025102840380384,0.0
Q43,2025-02-21 12:00:00,True,7975.7799547183495,7007.035402369043,6496.681184869795,6374.702566362038,28.025102840380384,604.3077331666253,6455.9592948851405,40.721889984654545,0.0
Q43,2025-02-21 18:00:00,True,10464.439968771363,4176.400299941042,3979.806751676867,3895.55237384936,0.0,280.8479260916827,3951.7219590676978,28.084792609169135,0.0
Q43,2025-02-22 06:00:00,True,7022.421769938527,8438.101082336589,7212.385623810743,6972.302813080516,0.0,1465.7982692560722,7069.223284544557,143.1623392661862,0.0
Q43,2025-02-22 12:00:00,True,6764.406392901489,7212.385623810742,6902.797027533743,7069.223284544556,143.1623392661862,0.0,6821.451932336839,81.34509519689959,4.643879947252572e-12
Q43,2025-02-22 18:00:00,True,10349.928436188051,4573.810497450291,4185.421660357774,4018.4862498058505,0.48305179798606374,554.8411958464544,4129.454488975142,55.96717138263194,0.0
Q43,2025-02-23 06:00:00,True,10800.0,41027.67638921455,38883.53023681231,38575.76702712208,0.0,2451.9093620924764,38327.52896593942,556.0012708728909,0.0
Q43,2025-02-23 12:00:00,True,6076.465731817355,30423.699372665378,29054.691892260675,30034.527004236075,389.17236842930294,0.0,27541.934194356232,1512.7576979044409,0.0
Q43,2025-02-23 18:00:00,True,10798.427883355067,12437.857375485746,12431.184966578994,12427.734441323424,0.776779314032215,9.346154848290688,12429.516938617782,1.6680279612111826,0.0
Q43,2025-02-24 06:00:00,True,10800.0,39042.1636645789,36837.11677696876,36568.48495870467,0.0,2473.6787058742293,36660.62171103264,176.49506593612134,0.0
Q43,2025-02-24 12:00:00,True,7269.457950976314,29392.984511211303,28089.14566423735,29233.060418502093,159.9240927092104,0.0,27069.433841091628,1019.7118231457192,0.0
Q43,2025-02-24 18:00:00,True,10699.543972038045,13391.468902090473,12949.777810985677,12778.036456700607,0.26894191569200454,613.1635034741736,12892.351398280192,57.4264127054851,0.0
Q43,2025-02-25 06:00:00,True,10751.559923425526,39456.46646685385,36422.109279614626,37464.745334939216,0.0,1991.721131914637,34803.876334143766,1618.2329454708565,0.0
Q43,2025-02-25 12:00:00,True,6730.081446319915,28965.07609891829,27364.704113590382,28777.090606495734,187.98549242255595,0.0,26096.277375110876,1268.4267384795044,0.0
Q43,2025-02-25 18:00:00,False,10800.0,12746.00540855811,12746.005408558114,12746.00540855811,0.0,0.0,12746.005408558112,6.940297225810355e-13,1.7976162780541926e-12
Q43,2025-02-26 06:00:00,True,10800.0,38284.35427959412,33634.512663522466,32523.01643842702,0.0,5761.337841167096,33254.19510866922,380.3175548532424,4.564299160847441e-12
Q43,2025-02-26 12:00:00,True,5959.423917801763,33938.01284356308,29108.11836316997,27558.551009468025,306.4549503546199,6073.006883740437,28386.936929460688,721.1814337092846,0.0
Q43,2025-02-26 18:00:00,True,10776.723216668619,12778.983971222615,12683.560797955626,12643.872718536457,0.0,135.11125268615797,12670.331438149236,13.229359806390383,0.0
Q43,2025-02-27 06:00:00,True,10800.0,36659.28478837958,33334.039823155275,32898.89191891729,0.0,3760.392869462287,32760.907443968605,573.1323791866719,0.0
Q43,2025-02-27 12:00:00,True,6214.5786734033345,26992.523160899684,26495.6302804188,26145.228040478098,429.96523340172746,417.3298870198577,26097.206324748207,398.4239556705936,0.0
Q43,2025-02-27 18:00:00,True,10788.04669467596,12513.547774943725,12461.835265917822,12441.576923587692,0.0,71.97085135603268,12455.082485141113,6.752780776709562,0.0
Q43,2025-02-28 06:00:00,True,6834.805563448494,6461.898751932444,6334.373999947347,6461.898751932444,0.0,0.0,6206.849247962251,127.52475198509651,0.0
Q43,2025-02-28 12:00:00,True,8749.442321596642,7757.30352414663,6427.87510898415,6206.849247962251,127.52475198509651,1422.929524199282,6393.851466035856,34.023642948294054,0.0
Q43,2025-02-28 18:00:00,True,10569.928109866163,3888.6174664951814,3873.4237379934934,3888.6174664951814,0.0,0.0,3858.2300094918055,15.193728501687747,3.0933478001315964e-14
Q43,2025-03-01 06:00:00,True,8083.818429187157,7839.103589822842,7254.783706803645,7828.585045402595,0.0,10.51854442024661,6677.449583813162,577.3341229904838,0.0
Q43,2025-03-01 12:00:00,True,8603.230208816789,7143.810481002432,7138.022290073995,6677.449583813161,466.360897189272,0.0,6668.535433437953,469.4868566360417,0.0
Q43,2025-03-01 18:00:00,True,10571.829949346262,4043.53645510509,4030.3182113329094,4043.53645510509,0.0,0.0,4017.0999675607286,13.218243772180955,0.0
Q43,2025-03-02 06:00:00,True,10800.0,44223.44333217743,40185.4086308786,38813.12992774603,0.0,5410.313404431403,39498.84936609294,686.5592647856578,4.364210326457396e-12
Q43,2025-03-02 12:00:00,True,7625.627829713506,31774.54221193994,30547.151542790805,31531.912222735325,172.33456479477422,70.295424409842,29217.617411603398,1329.5341311874065,0.0
Q43,2025-03-02 18:00:00,True,10704.235675440184,12384.636323706574,12001.373410192473,11841.695697398482,0.0,542.9406263080936,11948.14750592781,53.225904264663285,0.0
Q43,2025-03-03 06:00:00,True,10800.0,48072.55500185456,40089.414351596446,41064.23235694983,0.0,7008.322644904728,37073.65818486288,3015.7561667335685,0.0
Q43,2025-03-03 12:00:00,True,6541.446259733431,30414.64579724776,30113.768392146045,28588.642081895552,1826.0037153522069,0.0,28377.25254200508,1736.5158501409642,0.0
Q43,2025-03-03 18:00:00,True,10764.79517617249,12608.803751312333,12460.061610399918,12400.243746322403,0.2196178199252958,208.34038717000354,12439.97591049413,20.085699905788807,0.0
Q43,2025-03-04 06:00:00,True,10611.71468767603,42455.65443924518,35866.95144035909,33910.03854390865,0.0,8545.61589533653,35212.96298795649,653.9884524026019,0.0
Q43,2025-03-04 12:00:00,True,7125.306772259004,27259.904167968718,26575.054612308595,27140.801223295242,119.10294467347649,0.0,26245.20389454841,329.8507177601794,5.152720916612452e-12
Q43,2025-03-04 18:00:00,True,10709.804531980992,13065.582211684672,12696.824354371722,12542.921775346731,0.5774990301189155,522.0829373078213,12645.138495343312,51.68585902840983,0.0
Q43,2025-03-05 06:00:00,True,10774.254323591282,37976.78843031351,35336.91641555856,36322.30309506689,0.0,1654.4853352466137,33856.0056152016,1480.910800356966,0.0
Q43,2025-03-05 12:00:00,True,7299.09641744506,28840.163074952692,27415.132084541274,27959.627418741104,880.5356562115902,0.0,25559.3270562813,1855.8050282599709,0.0
Q43,2025-03-05 18:00:00,True,10555.162548571534,14188.577413009862,13141.787131300036,12721.855226454478,0.8191554903116062,1465.9030310650721,13001.263726024641,140.5234052753943,0.0
Q43,2025-03-06 06:00:00,True,10794.20509561324,35129.46616945889,32885.715457401995,32630.840798346027,0.0,2498.625371112859,32231.321008530067,654.3944488719292,0.0
Q43,2025-03-06 12:00:00,True,6976.992168331154,29050.89210054201,27422.718906203958,27226.067757929002,383.9328228851697,1440.8915197278377,26816.77127541584,605.9476307881133,7.668099044622068e-12
Q43,2025-03-06 18:00:00,True,10750.59617974238,12797.897245666301,12583.965858957547,12498.717842398957,0.5184886639605534,298.6609146033837,12555.20419432871,28.76166462883639,0.0
Q43,2025-03-07 06:00:00,True,6612.642690197398,6871.02635052391,6559.014689238812,6863.582450521852,0.0,7.443900002058197,6251.6081739706315,307.4065152681779,2.2559163426194574e-12
Q43,2025-03-07 12:00:00,True,10591.808630567768,6561.165670967851,6549.506920193347,6251.6081739706315,307.4065152681779,2.1509817290411846,6233.610570831693,315.8963493616541,0.0
Q43,2025-03-07 18:00:00,True,10568.623991326951,3828.020504997978,3822.0000589950905,3827.5653002396907,0.4552047582873787,0.0,3817.345227267065,4.654831728025238,0.0
Q43,2025-03-08 06:00:00,True,5230.784977006455,6936.521615061919,6356.362126743682,6174.346729672437,0.0,762.174885389482,6255.99659872535,100.36552801833234,0.0
Q43,2025-03-08 12:00:00,True,9540.447383385577,6827.923465259183,6239.522220700253,6114.806136180561,29.770296745937703,683.3470323326841,6217.797057024314,21.72516367593837,0.0
Q43,2025-03-08 18:00:00,False,10800.0,3720.076311547753,3720.076311547754,3720.076311547753,3.5004177334485576e-14,0.0,3720.0763115477534,2.8525448669824983e-13,0.0
Q43,2025-03-09 06:00:00,True,10800.0,34531.03813333157,31741.72169580782,34531.03813333157,0.0,2.2472477212431844e-12,28952.405258284067,2789.3164375237534,2.2472477212431844e-12
Q43,2025-03-09 12:00:00,True,6176.513029481544,35942.85033562553,26602.799167332116,24227.810441047783,1888.7096595443973,9826.330235033352,25093.276636284965,1509.5225310471474,2.2472477212431844e-12
Q43,2025-03-09 18:00:00,False,10800.0,12616.944499213385,12616.944499213392,12616.944499213383,0.0,2.2472477212431844e-12,12616.94449921339,1.973182861547684e-12,0.0
Q43,2025-03-10 06:00:00,True,10800.0,37730.0592757662,34863.59337014732,33923.41078404457,0.0,3806.648491721628,34517.94020703012,345.6531631171949,2.193360160163138e-12
Q43,2025-03-10 12:00:00,True,6535.092333706674,28557.859466830414,27937.748623379477,27977.1845967749,39.5920411958659,541.082828859649,27711.333885330205,226.41473804927017,2.193360160163138e-12
Q43,2025-03-10 18:00:00,False,10800.0,13021.434140395135,13021.43414039514,13021.434140395133,0.0,2.193360160163138e-12,13021.434140395137,3.1541176781502153e-12,2.837623469531536e-13
Q43,2025-03-11 06:00:00,True,10800.0,74233.3161531096,36376.32095679231,27728.3136914149,0.0,46505.00246169469,33493.651868333174,2882.669088459138,0.0
Q43,2025-03-11 12:00:00,True,6960.050072551816,30410.032492349237,26669.776721359958,28931.704688936927,1478.32780341231,0.0,26438.200841610742,231.57587974921626,0.0
Q43,2025-03-11 18:00:00,False,10800.0,12830.584713921064,12830.584713921064,12830.584713921064,0.0,0.0,12830.584713921064,5.735387276217807e-13,0.0
Q43,2025-03-12 06:00:00,True,10777.31496111442,34175.112339089996,31327.535211186358,34175.112339089996,0.0,0.0,28479.958083282723,2847.5771279036344,0.0
Q43,2025-03-12 12:00:00,True,6672.5174651144225,35364.24924422144,27458.317534292564,25073.252381095008,1960.703062959061,8330.29380016737,25921.97656157198,1536.340972720576,8.947381502366625e-12
Q43,2025-03-12 18:00:00,False,10800.0,12920.578083215665,12920.578083215672,12920.578083215665,0.0,0.0,12920.578083215669,2.940976173704257e-12,0.0
Q43,2025-03-13 06:00:00,True,10800.0,38607.07032457871,35336.9318567056,34693.65561075908,0.0,3913.4147138196254,34896.282666221035,440.6491904845652,0.0
Q43,2025-03-13 12:00:00,True,7960.982998551364,27666.985215119334,26865.420554710134,27390.201216260757,276.7839988585774,0.0,26464.326782096316,401.09377261381854,0.0
Q43,2025-03-13 18:00:00,False,10800.0,12758.362943902042,12758.362943902044,12758.362943902042,0.0,0.0,12758.362943902042,5.670585778716487e-13,7.504468158003874e-13
Q43,2025-03-14 06:00:00,True,5963.670596326641,8956.831499931064,6531.07269698848,5984.517708257179,0.0,2972.313791673884,6348.887700744713,182.18499624376688,0.0
Q43,2025-03-14 12:00:00,True,10800.0,6692.179983538126,6356.501838416198,6348.887700744714,182.18499624376688,161.1072865496459,6232.507128363191,123.99471005300614,0.0
Q43,2025-03-14 18:00:00,True,10595.537803292202,3911.2081856679665,3896.5811782554997,3911.2081856679665,0.0,0.0,3881.9541708430334,14.62700741246644,0.0
Q43,2025-03-15 06:00:00,True,5632.295932404735,9795.970237636167,6653.329732796704,6004.847585150865,0.0,3791.1226524853037,6437.169016914757,216.16071588194671,0.0
Q43,2025-03-15 12:00:00,True,8419.729649071403,6797.176760323104,6479.939503011962,6437.169016914758,216.16071588194671,143.8470275263995,6321.575530391596,158.36397262036604,0.0
Q43,2025-03-15 18:00:00,True,10724.864051792685,4034.0607982695456,4007.9965773201648,4034.0607982695456,0.0,0.0,3981.932356370784,26.064220949381003,0.0
Q43,2025-03-16 06:00:00,True,10779.48417471403,42659.22132907116,33844.67582809749,32211.446243263315,0.0,10447.775085807843,33261.975792945064,582.7000351524274,0.0
Q43,2025-03-16 12:00:00,True,6819.656093496191,29680.579378140123,27841.091648285706,29248.036432856883,413.282191299526,19.260753983712824,26991.508920644304,849.5827276414033,0.0
Q43,2025-03-16 18:00:00,False,10800.0,12998.377077504918,12998.377077504922,12997.030133237042,1.346944267876479,0.0,12997.030133237044,1.3469442678776886,0.0
Q43,2025-03-17 06:00:00,True,10800.0,27562.742918858767,25861.46066815294,27553.94864109965,0.0,8.794277759115111,24165.454984102587,1696.0056840503532,7.497078513551969e-13
Q43,2025-03-17 12:00:00,True,4858.408649829793,37034.180140543336,25662.721515450732,23583.721323966605,800.8796138676255,12649.579202709103,25159.122484193696,503.5990312570337,7.497078513551969e-13
Q43,2025-03-17 18:00:00,False,10800.0,12876.831992689768,12876.83199268977,12875.952564913856,0.8794277759114362,7.497078513551969e-13,12875.952564913856,0.8794277759114335,1.2589339348778595e-12
Q43,2025-03-18 06:00:00,True,10800.0,37118.14656646936,33430.77172153411,34874.41406267227,0.0,2243.732503797088,31451.065176835797,1979.7065446983106,0.0
Q43,2025-03-18 12:00:00,True,7071.462004987313,27398.022697792618,25785.892210390444,26898.90628426839,499.1164135242301,0.0,24210.709513024194,1575.1826973662512,0.0
Q43,2025-03-18 18:00:00,False,10800.0,12880.620635946894,12880.620635946896,12880.620635946894,0.0,0.0,12880.620635946894,1.0090843716170638e-12,0.0
Q43,2025-03-19 06:00:00,True,10795.601584111073,55720.821974886756,30753.800446653404,25552.357025575897,0.0,30168.464949310855,29019.985972960898,1733.8144736925015,3.5771172690601813e-12
Q43,2025-03-19 12:00:00,True,5973.981735870095,27097.957399247593,24999.813033471954,26016.14744004867,1081.8099591989233,0.0,24617.384529531577,382.4285039403753,0.0
Q43,2025-03-19 18:00:00,False,10800.0,12972.72038086102,12972.72038086103,12972.72038086102,0.0,0.0,12972.720380861027,3.2341120004275576e-12,0.0
Q43,2025-03-20 06:00:00,True,10800.0,31503.175522349793,29068.293609185806,31396.441755132342,0.0,106.73376721745062,26710.168806763915,2358.1248024218903,0.0
Q43,2025-03-20 12:00:00,True,4475.27570165557,39510.53630947033,27355.921667052826,24604.43964119901,1930.8463046920133,12975.250363579307,26245.71108352262,1110.210583530208,0.0
Q43,2025-03-20 18:00:00,False,10800.0,12808.707554851891,12808.707554851895,12808.707554851891,0.0,0.0,12808.707554851895,8.160299103110447e-13,0.0
Q43,2025-03-21 06:00:00,True,4742.686446288171,5611.220918258032,5446.0617689340515,5611.220918258032,0.0,0.0,5280.902619610071,165.15914932398027,0.0
Q43,2025-03-21 12:00:00,True,10800.0,7245.095849789856,5592.93769898105,5280.902619610071,165.15914932398027,1799.0340808558049,5523.334105389569,69.6035935914804,0.0
Q43,2025-03-21 18:00:00,True,10587.70031917001,3775.9879531635634,3754.0505222712723,3775.9879531635634,0.0,0.0,3732.113091378981,21.937430892291164,2.916422658927331e-14
Q43,2025-03-22 06:00:00,True,5198.760109295547,6417.165783071059,6345.420993216612,6417.165783071059,0.0,0.0,6273.676203362165,71.74478985444736,0.0
Q43,2025-03-22 12:00:00,True,10800.0,6345.420993216612,6314.6719497156455,6273.676203362165,71.74478985444736,0.0,6212.178116360232,102.49383335541373,0.0
Q43,2025-03-22 18:00:00,True,10800.0,4097.9419589970685,4086.6161101416315,4097.9419589970685,0.0,0.0,4075.290261286195,11.325848855436652,0.0
Q43,2025-03-23 06:00:00,True,10729.953619946014,31476.182096114422,30109.63675318958,31476.182096114422,0.0,0.0,28743.09141026474,1366.5453429248414,0.0
Q43,2025-03-23 12:00:00,True,7151.40066245751,25425.499281395725,24392.242725732576,24629.52477063729,795.9745107584348,0.0,22563.01165931097,1829.2310664215968,1.0034341357822995e-11
Q43,2025-03-23 18:00:00,False,10800.0,12667.418853007712,12667.418853007714,12666.992737593822,0.42611541388872265,0.0,12666.992737593826,0.4261154138878343,0.0
Q43,2025-03-24 06:00:00,True,10778.125674697885,36305.00138144885,29255.25816004382,28836.829520106043,0.0,7468.171861342807,27794.909721045096,1460.3484389987252,0.0
Q43,2025-03-24 12:00:00,True,6305.764176669815,26515.1197738811,25242.662675249503,25646.635876649154,599.8004312637695,268.6834659681738,24472.736283489885,769.926391759617,0.0
Q43,2025-03-24 18:00:00,False,10800.0,12933.99352118079,12933.993521180795,12932.848487086,1.1450340947910889,0.0,12932.848487086001,1.1450340947938982,0.0
Q43,2025-03-25 06:00:00,True,10748.427513976885,33876.07230940952,30272.510369509764,33867.01096830954,0.0,9.061341099979057,26674.544841811923,3597.96552769784,1.5609700199092914e-12
Q43,2025-03-25 12:00:00,True,5205.4266304832845,30396.932402374292,25985.112121855796,23498.299501539088,2183.6111995189467,4715.021701316257,24091.681477161,1893.4306446947974,0.0
Q43,2025-03-25 18:00:00,False,10800.0,12962.17496292994,12962.174962929943,12960.193213353205,1.9817495767344582,0.0,12960.193213353206,1.981749576736592,0.0
Q43,2025-03-26 06:00:00,True,10767.570195189392,30578.13311537912,27290.64860001206,26723.6444924108,0.0,3854.4886229683225,26763.222797915234,527.4258020968232,3.659863523353124e-12
Q43,2025-03-26 12:00:00,True,7725.67813451845,25068.30626177643,23984.07142803182,24813.953793141904,254.35246863452474,0.0,22647.620701501575,1336.450726530245,0.0
Q43,2025-03-26 18:00:00,True,10800.0,12946.23457008458,12946.187393817912,12946.197292832912,0.03727725166679505,0.0,12946.102940299581,0.08445351833185144,0.0
Q43,2025-03-27 06:00:00,True,10731.725363692804,37886.53289975579,29750.366835351786,29122.596066879658,0.0,8763.936832876132,28056.528598435514,1693.83823691627,0.0
Q43,2025-03-27 12:00:00,True,6199.98653512354,26629.39924657322,24306.267021518837,25923.209999634026,706.1892469391935,0.0,23579.78823601185,726.4787855069887,0.0
Q43,2025-03-27 18:00:00,True,10800.0,12986.03042198113,12984.808846390022,12986.03042198113,0.0,0.0,12983.587270798911,1.221575591110882,0.0
Q43,2025-03-28 06:00:00,True,5635.933403488317,5663.444009790881,5648.406874169769,5663.444009790881,0.0,0.0,5633.3697385486585,15.03713562111106,0.0
Q43,2025-03-28 12:00:00,True,10800.0,5695.7061226239375,5642.572086519322,5633.36973854866,15.03713562111106,47.299248454166474,5621.700163247761,20.871923271560362,0.0
Q43,2025-03-28 18:00:00,False,10800.0,3806.3958730934783,3806.3958730934796,3804.4985098518123,1.8973632416658293,0.0,3804.498509851815,1.8973632416645092,0.0
Q43,2025-03-29 06:00:00,True,4234.060515373626,7792.728542363842,5735.887711670728,5186.70488700712,0.0,2606.0236553567224,5552.826770116192,183.0609415545357,0.0
Q43,2025-03-29 12:00:00,True,10800.0,5735.887711670727,5583.999071822851,5552.826770116191,183.0609415545357,0.0,5451.567676884274,132.43139493857703,0.0
Q43,2025-03-29 18:00:00,False,10800.0,3695.6333803773186,3695.6333803773186,3694.855844194818,0.7775361825005871,0.0,3694.855844194818,0.7775361825005809,0.0
Q43,2025-03-30 06:00:00,True,10640.407045456357,27225.795554157812,25502.563620709207,27201.53948050781,0.0,24.25607365000196,23794.160908820042,1708.4027118891634,2.2524950793467727e-12
Q43,2025-03-30 12:00:00,True,5343.457193273372,23458.461616932516,22884.381432342052,22967.753706912634,490.70791001988124,0.0,21829.020189822262,1055.3612425197891,0.0
Q43,2025-03-30 18:00:00,True,10665.45841380693,13319.171539224248,12767.241518780202,12541.612346981095,2.7812869124295387,774.7779053307231,12693.885986122119,73.35553265808244,0.0
Q43,2025-03-31 06:00:00,True,9955.817463706248,74381.56520420164,32060.64329645018,23365.332951123703,0.0,51016.232253077935,29162.206514674686,2898.436781775492,0.0
Q43,2025-03-31 12:00:00,True,7705.904928649087,29351.856548592383,23194.155558129933,27240.776373055804,2111.080175536579,0.0,23135.64237941417,58.51317871576151,0.0
Q43,2025-03-31 18:00:00,False,10800.0,12825.878625701705,12825.878625701707,12822.976414492608,2.902211209097268,0.0,12822.976414492608,2.902211209098019,1.381927461352461e-12
Q43,2025-04-01 06:00:00,True,10483.556822819099,42923.263977783834,32048.794131189654,31159.38628146378,0.0,11763.877696320058,29988.969268246485,2059.8248629431673,7.499352250306401e-13
Q43,2025-04-01 12:00:00,True,8224.838742496868,27230.504195040103,24468.05265592563,26168.962872918044,1061.5413221220604,0.0,23231.597479586388,1236.4551763392406,7.499352250306401e-13
Q43,2025-04-01 18:00:00,True,10790.446720405975,12589.625817019407,12584.79948428959,12589.625817019407,0.0,0.0,12579.973151559772,4.8263327298167145,0.0
Q43,2025-04-02 06:00:00,True,10727.641016142294,38901.78944717933,30099.952919934763,28295.786235946303,0.0,10606.00321123303,29404.46199778052,695.4909221542448,0.0
Q43,2025-04-02 12:00:00,True,8450.528112323103,23992.78265014728,21585.998721010747,23367.868248611605,624.9144015356768,0.0,20885.923508969077,700.075212041663,4.541561793303116e-12
Q43,2025-04-02 18:00:00,False,10800.0,12628.508117160216,12628.508117160216,12626.617186693342,1.8909304668742974,0.0,12626.617186693342,1.8909304668747793,0.0
Q43,2025-04-03 06:00:00,True,10800.0,29827.707154741645,27823.949725917864,29827.707154741645,0.0,0.0,25820.192297094083,2003.7574288237815,0.0
Q43,2025-04-03 12:00:00,True,7297.532229970831,25185.33244495633,24310.625125445622,23749.48083592602,1060.3081486632627,375.54346036704555,22751.153117638696,1559.4720078069242,0.0
Q43,2025-04-03 18:00:00,False,10800.0,13013.260035623824,13013.260035623824,13001.762238941394,11.497796682430453,0.0,13001.762238941394,11.4977966824305,0.0
Q43,2025-04-04 06:00:00,True,4572.81877869983,5055.709025945919,4967.177554267978,5055.709025945919,0.0,0.0,4878.646082590032,88.5314716779436,1.7528805074107367e-12
Q43,2025-04-04 12:00:00,True,10800.0,6474.8276150356305,5087.643447989992,4878.646082590032,88.5314716779436,1507.6500607676546,5073.299900705082,14.343547284909217,0.0
Q43,2025-04-04 18:00:00,True,10505.875293609633,3872.6820912972967,3854.5517922835807,3872.6820912972967,0.0,0.0,3836.4214932698646,18.130299013715984,8.832401476865924e-14
Q43,2025-04-05 06:00:00,True,3920.71747458639,5798.654635830295,5362.476165544178,5255.826981530758,0.0,542.827654299537,5326.926437539704,35.549728004473565,0.0
Q43,2025-04-05 12:00:00,True,10800.0,5362.476165544177,5314.242544601599,5326.926437539703,35.549728004473565,0.0,5294.770690244652,19.4718543569474,0.0
Q43,2025-04-05 18:00:00,True,10766.724805523272,4015.7973694595735,3970.8870113385856,3951.6397150010193,0.0,64.15765445855409,3964.47124589273,6.4157654458553965,1.2249756764504126e-13
Q43,2025-04-06 06:00:00,True,10786.574195712143,28402.537264035545,25135.034531655216,26076.162567003274,0.0,2326.3746970322713,23514.614633905527,1620.419897749689,5.315996531862766e-13
Q43,2025-04-06 12:00:00,True,6229.755253101931,25526.970024559585,23250.256736821877,22542.230846005023,651.157146938717,2333.582031615844,22128.38113908543,1121.8755977364422,2.235140073025832e-12
Q43,2025-04-06 18:00:00,False,10800.0,12672.194479580985,12672.194479580989,12649.847276933197,22.347202647788002,0.0,12649.8472769332,22.347202647789192,0.0
Q43,2025-04-07 06:00:00,True,10697.440730055336,41284.484132295904,25098.15036290472,21642.76603848535,0.0,19641.718093810552,23930.48166109204,1167.668701812679,0.0
Q43,2025-04-07 12:00:00,True,7813.076629774966,24467.457735029107,22270.326760650798,23334.18454868835,1133.2731863407562,0.0,21524.840696196712,745.4860644540868,0.0
Q43,2025-04-07 18:00:00,True,10800.0,12682.374091894542,12681.524692586723,12680.55608916653,1.8180027280119015,0.0,12678.857290550895,2.667402035828385,0.0
Q43,2025-04-08 06:00:00,True,10782.510500663733,29124.798921400983,26118.983301412518,27114.455465806786,0.0,2010.343455594196,24526.553780507264,1592.4295209052489,6.944333108549472e-12
Q43,2025-04-08 12:00:00,True,6464.94702470866,24045.311713442974,23016.242209892975,23050.950422108584,994.3612913343889,0.0,21495.54921162282,1520.6929982701565,0.0
Q43,2025-04-08 18:00:00,False,10800.0,12535.853698052337,12535.853698052337,12531.28256605604,4.5711319962975026,0.0,12531.28256605604,4.571131996297003,0.0
Q43,2025-04-09 06:00:00,True,10800.0,39060.657603741645,28537.391624986314,26555.129655868644,0.0,12505.527947872999,27842.980595798068,694.4110291882467,0.0
Q43,2025-04-09 12:00:00,True,7241.124460670462,25352.794603867667,23869.36804996444,24960.31234630947,232.67890902353062,159.80334853466593,23019.41795478598,849.9500951784604,0.0
Q43,2025-04-09 18:00:00,False,10800.0,12687.330509844276,12687.33050984428,12681.416876883157,5.913632961118698,0.0,12681.41687688316,5.9136329611196965,0.0
Q43,2025-04-10 06:00:00,True,10800.0,33829.57038348817,26836.3479886116,25921.93160207746,0.0,7907.638781410709,26531.542526433554,304.80546217804687,0.0
Q43,2025-04-10 12:00:00,True,6976.631579730469,24976.736842870625,23243.553523108025,24838.654902383107,138.08194048751957,0.0,21924.61602480798,1318.9374983000464,0.0
Q43,2025-04-10 18:00:00,True,10741.375399687166,13209.262556547368,12904.005239256867,12832.403390259436,34.32735158010597,342.53181470782584,12903.022857311127,0.9823819457400789,0.0
Q43,2025-04-11 06:00:00,True,3594.208821819823,6444.830956065634,4902.126425386713,4516.051197989413,0.0,1928.779758076222,4773.434682920946,128.6917424657666,0.0
Q43,2025-04-11 12:00:00,True,10800.0,4902.126425386713,4569.748086788154,4773.434682920946,128.6917424657666,0.0,4551.849123855241,17.898962932913616,0.0
Q43,2025-04-11 18:00:00,True,10366.318808567821,4046.333729753167,3885.0102611061166,3814.2241663755135,1.6474653104387484,230.4620980672147,3860.3165859889564,24.69367511716022,0.0
Q43,2025-04-12 06:00:00,True,4131.2478195797585,5351.724185335268,5094.441050155043,5351.724185335268,0.0,0.0,4837.157914974817,257.2831351802256,2.643218977027573e-13
Q43,2025-04-12 12:00:00,True,10800.0,5941.656467756723,5159.528756679898,4837.157914974818,257.2831351802256,847.2154176016799,4956.233507570663,203.29524910923493,0.0
Q43,2025-04-12 18:00:00,True,10537.890783487435,3997.3173869826974,3954.2130463896774,3935.7397575640935,0.0,61.57762941860407,3948.0552834478162,6.157762941861209,0.0
Q43,2025-04-13 06:00:00,True,10800.0,23158.794858600664,22657.2554238177,23158.794858600664,0.0,0.0,22155.715989034736,501.53943478296276,0.0
Q43,2025-04-13 12:00:00,True,5929.591257538871,25251.98242379259,21526.229270966644,21149.090447616538,252.57865769146724,3850.3133184845833,21239.62792105745,286.6013499091714,2.1187588572502136e-11
Q43,2025-04-13 18:00:00,True,10800.0,12389.470033953767,12369.199445921618,12389.470033953767,0.0,0.0,12348.928857889463,20.27058803215226,2.804426912916824e-12
Q43,2025-04-14 06:00:00,True,10773.66563046286,25717.995638025506,22930.951049602103,25717.995638025506,0.0,0.0,20143.906461178696,2787.0445884234055,3.11857206725108e-14
Q43,2025-04-14 12:00:00,True,6032.12577731471,21437.98486611704,21255.323870291268,19698.522810177587,1705.7834865109987,33.67856942845387,19400.557957382953,1854.765912908315,0.0
Q43,2025-04-14 18:00:00,True,10502.438267282283,14192.566563628818,12876.548935583447,12413.108654915302,36.71323061903609,1742.7446780944783,12746.544329106757,130.00460647669067,3.11857206725108e-14
Q43,2025-04-15 06:00:00,True,10111.913611111111,40744.49203063705,24004.86049765903,20717.668156632357,0.0,20026.823874004695,22909.129717316806,1095.730780342224,0.0
Q43,2025-04-15 12:00:00,True,8648.774118703706,23414.80697789311,21030.68790357478,22357.59699202897,1057.2099858641386,0.0,20350.243632023332,680.4442715514485,0.0
Q43,2025-04-15 18:00:00,True,10742.319717719147,12828.829022669343,12589.508340260683,12468.332269019422,22.625848147485915,337.8709055024342,12534.032417748605,55.47592251207739,0.0
Q43,2025-04-16 06:00:00,True,10800.0,39390.059433592236,27032.55040434145,24333.302374666673,0.0,15056.757058925563,25772.806318484236,1259.7440858572133,2.326032699784264e-12
Q43,2025-04-16 12:00:00,True,7186.420745650816,24752.845120056823,22361.25469073829,23759.389828914384,993.4552911424396,0.0,21523.89480289831,837.3598878399795,0.0
Q43,2025-04-16 18:00:00,False,10800.0,12716.597935854978,12716.597935854981,12674.960445581006,41.637490273972375,0.0,12674.960445581004,41.637490273971125,5.834715466335183e-12
Q43,2025-04-17 06:00:00,True,9520.39459806032,47677.10030026318,25185.32907597205,21857.120980303152,0.0,25819.979319960024,24075.92637741575,1109.4026985562994,0.0
Q43,2025-04-17 12:00:00,True,6982.367700436798,22862.790273666003,21354.521824675456,22527.567175878386,335.22309778761814,0.0,20851.92266904776,502.5991556276957,0.0
Q43,2025-04-17 18:00:00,False,10800.0,12636.635689082992,12636.635689082996,12607.72648578064,28.90920330235191,0.0,12607.726485780642,28.90920330235287,0.0
Q43,2025-04-18 06:00:00,True,3702.457325039723,4532.531768622459,4456.27060173639,4532.531768622459,0.0,0.0,4380.009434850321,76.26116688606939,0.0
Q43,2025-04-18 12:00:00,True,10800.0,5389.006328046921,4537.246172817028,4380.009434850321,76.26116688606939,932.7357263105308,4532.681935991952,4.564236825076293,0.0
Q43,2025-04-18 18:00:00,True,10800.0,3552.7349627778617,3550.97942761461,3552.7349627778617,0.0,0.0,3549.223892451357,1.7555351632526792,0.0
Q43,2025-04-19 06:00:00,True,4066.7239113717314,4287.899101259116,4216.371594311652,4287.899101259116,0.0,0.0,4144.84408736419,71.52750694746234,0.0
Q43,2025-04-19 12:00:00,True,10800.0,8092.983773268372,4826.490071705957,4144.84408736419,71.52750694746234,3876.612178956719,4646.959748223677,179.53032348228044,0.0
Q43,2025-04-19 18:00:00,True,10470.88901851852,3922.243054304448,3874.170703189804,3883.7883500918288,38.45470421261908,0.0,3851.7401160153995,22.43058717440448,0.0
Q43,2025-04-20 06:00:00,True,10800.0,26048.231269499902,22037.47557041784,21437.11435533464,0.0,4611.11691416526,21828.378476435275,209.09709398256294,0.0
Q43,2025-04-20 12:00:00,True,7133.785853879967,23247.36980120067,21204.464124928294,21118.537362447525,69.34234592573515,2059.490092827412,20819.563702182997,384.90042274529645,0.0
Q43,2025-04-20 18:00:00,False,10800.0,12567.31383517919,12567.31383517919,12548.753066218405,18.56076896078377,0.0,12548.753066218402,18.560768960784436,4.018033905595075e-12
Q43,2025-04-21 06:00:00,True,10132.693944444445,23276.063295229327,21037.188991229516,23276.063295229327,0.0,0.0,18795.51109719321,2241.677894036304,0.0
Q43,2025-04-21 12:00:00,True,6195.81579666667,23687.35572794821,20674.591003706664,18795.51109719321,1680.9901124835615,3210.854518271436,19191.690685252994,1482.9003184536714,0.0
Q43,2025-04-21 18:00:00,False,10800.0,12416.386200744419,12416.38620074442,12383.637166077384,32.74903466703472,0.0,12383.637166077386,32.74903466703441,0.0
Q43,2025-04-22 06:00:00,True,10643.168729833671,50899.691066803214,24410.680078329176,19812.29421291028,0.0,31087.396853892933,22877.884789856213,1532.7952884729655,0.0
Q43,2025-04-22 12:00:00,True,8251.079364648487,22902.82677106124,20572.132486980998,21818.643283131787,1084.1834879294556,0.0,20241.17319652859,330.959290452407,0.0
Q43,2025-04-22 18:00:00,False,10800.0,12825.509773900545,12825.509773900567,12775.897773220962,49.61200067958289,0.0,12775.89777322096,49.612000679582316,2.453384695400018e-11
Q43,2025-04-23 06:00:00,True,8850.367519915384,43587.829312617236,23250.01912889321,19708.296310239035,0.0,23879.533002378197,22069.444856008486,1180.5742728847265,0.0
Q43,2025-04-23 12:00:00,True,7016.2332494735565,21530.020452193436,20311.72172986891,20922.77907154197,607.2413806514671,0.0,20110.57992332562,201.141806543292,0.0
Q43,2025-04-23 18:00:00,False,10800.0,12496.526523130986,12496.526523130988,12491.349201262987,5.177321867999207,0.0,12491.349201262989,5.17732186799941,0.0
Q43,2025-04-24 06:00:00,True,10132.268592592593,21100.991919692093,20117.399054193476,20428.225530517797,0.0,672.7663891742967,19620.85148177194,496.54757242153704,0.0
Q43,2025-04-24 12:00:00,True,6678.5785116666675,24626.96653140602,20804.069564002297,19620.851481771944,391.30334337619956,4614.811706257874,20195.14118278844,608.9283812138558,0.0
Q43,2025-04-24 18:00:00,False,10800.0,12571.415534051173,12571.415534051173,12538.00875804774,33.406776003433805,0.0,12538.00875804774,33.40677600343426,0.0
Q43,2025-04-25 06:00:00,True,3416.5049328127566,4652.8539761780585,4418.916795727971,4411.370957227533,0.0,241.48301895052552,4332.1884876338645,86.72830809410618,0.0
Q43,2025-04-25 12:00:00,True,10800.0,4418.91679572797,4217.77806473281,4332.188487633864,86.72830809410618,0.0,4022.6877847404057,195.0902799924043,0.0
Q43,2025-04-25 18:00:00,True,10800.0,3316.9913209748306,3315.799266056115,3297.694957263641,19.29636371118967,0.0,3295.3108474262085,20.488418629906214,0.0
Q43,2025-04-26 06:00:00,True,3348.551054958174,4629.109901963944,4546.365899322708,4629.109901963944,0.0,0.0,4463.621896681471,82.74400264123662,0.0
Q43,2025-04-26 12:00:00,True,10800.0,5882.436712561662,4693.118658087258,4463.62189668147,82.74400264123662,1336.0708132389545,4671.7824060461535,21.336252041104444,0.0
Q43,2025-04-26 18:00:00,False,10800.0,3653.583461275886,3653.583461275888,3653.247995314896,0.33546596099004355,0.0,3653.2479953148973,0.33546596099073533,0.0
Q43,2025-04-27 06:00:00,True,8900.629592197873,29758.07404644225,22083.951766308488,20427.55180713182,0.0,9330.522239310432,21522.64543989664,561.3063264118389,6.7125824898539576e-12
Q43,2025-04-27 12:00:00,True,6914.720469057688,22159.723681226515,20509.188828842773,20736.240709678244,234.41760346718902,1189.0653680810801,19739.823964433926,769.3648644088462,0.0
Q43,2025-04-27 18:00:00,True,10704.148248456542,12918.384268735175,12515.099578595818,12279.67168631326,72.7607080211497,565.9518744007652,12388.116475820865,126.98310277495251,0.0
Q43,2025-04-28 06:00:00,True,10800.0,31822.588396243522,27519.106034256813,26695.80738158203,0.0,5126.78101466149,27169.281450612278,349.8245836445352,0.0
Q43,2025-04-28 12:00:00,True,7290.826677824619,24731.172024096155,23233.408560626813,24478.159414101377,100.20573277145823,152.8068772233197,21751.472419238544,1481.9361413882705,0.0
Q43,2025-04-28 18:00:00,False,10800.0,12476.39623467331,12476.396234673311,12450.27635453421,26.1198801391,0.0,12450.276354534211,26.11988013910014,0.0
Q43,2025-04-29 06:00:00,True,9079.989771017103,24907.468136833297,21454.308087607762,21334.45686571779,0.0,3573.011271115504,20609.36459550594,844.9434921018105,1.1285692380624824e-11
Q43,2025-04-29 12:00:00,True,7901.737158609697,22343.737204952125,21401.45803024441,20609.36459550594,749.7398903418059,984.632719104379,20473.442830837615,928.0151994067929,7.523794920416549e-13
Q43,2025-04-29 18:00:00,False,10800.0,12533.170990103963,12533.170990103978,12502.89283712064,30.278152983322475,7.523794920416549e-13,12502.89283712064,30.2781529833237,1.3062617654213682e-11
Q43,2025-04-30 06:00:00,True,9992.469893439453,19672.966404349285,19670.904488779728,19672.966404349285,0.0,0.0,19668.84257321017,2.061915569556852,0.0
Q43,2025-04-30 12:00:00,True,6979.36221177279,19670.904488779724,19134.827894302067,19668.842573210168,2.061915569556852,0.0,18596.689384254856,538.1385100472124,0.0
Q43,2025-04-30 18:00:00,False,10800.0,12481.612340868533,12481.612340868533,12420.947250786348,60.665090082184875,0.0,12420.947250786347,60.665090082186516,0.0
Q43,2025-05-01 06:00:00,True,9790.195638988112,24850.195832449128,22127.706849316564,22007.911988434957,0.0,2842.2838440141722,21443.73500923939,683.9718400771371,3.574497497993434e-11
Q43,2025-05-01 12:00:00,True,7129.274339077908,21520.426726631355,21261.25806056496,21105.898853166815,414.5278734645417,0.0,20712.490712642746,548.7673479222144,0.0
Q43,2025-05-01 18:00:00,True,10555.694487071249,14431.163305821447,13341.825824853187,12924.132109013843,11.221832798740984,1495.8093640088625,13209.020742370954,132.8050824822323,0.0
Q43,2025-05-02 06:00:00,True,4104.102719023155,5294.406509516015,5246.709715210255,5294.406509516015,0.0,0.0,5199.012920904494,47.69679430576048,0.0
Q43,2025-05-02 12:00:00,True,10800.0,5246.709715210255,5151.924553254465,5199.012920904494,47.69679430576048,0.0,5009.442596992913,142.48195626155115,0.0
Q43,2025-05-02 18:00:00,True,10518.360713216825,4911.219037032109,4092.3401180760075,3785.2684549673063,23.625778085185388,1102.3248039796174,4005.733415763231,86.60670231277678,0.0
Q43,2025-05-03 06:00:00,True,3852.349610866505,5073.952253969006,4980.819003371659,5073.952253969006,0.0,0.0,4887.685752774312,93.1332505973472,0.0
Q43,2025-05-03 12:00:00,True,10800.0,5662.278916604256,5030.815919404987,4887.685752774312,93.1332505973472,681.4599132325964,4984.13457477686,46.68134462812644,0.0
Q43,2025-05-03 18:00:00,True,10736.49746391327,4288.389000972779,4107.539175913348,4029.145855514705,0.8862525160266085,258.3568929420476,4080.817234103116,26.72194181023211,0.0
Q43,2025-05-04 06:00:00,True,10185.148583746059,24738.060011835078,22987.81052150823,24399.60198680535,0.0,338.4580250297254,21483.94051264994,1503.8700088582868,0.0
Q43,2025-05-04 12:00:00,True,7984.4815546719865,22427.707692352713,21628.206739651414,21483.940512649937,943.7671797027767,0.0,19977.017150808497,1651.189588842917,0.0
Q43,2025-05-04 18:00:00,True,10249.844468067313,16666.11492469179,14310.120779250641,13378.80700377681,39.1896603844033,3248.118260530574,14025.809294348966,284.31148490167527,0.0
Q43,2025-05-05 06:00:00,True,10800.0,26819.623773014173,25711.365728954857,26819.623773014173,0.0,0.0,24603.107684895545,1108.258044059312,0.0
Q43,2025-05-05 12:00:00,True,8787.409788971318,25572.85955383686,23142.22771877117,22558.882798293664,1065.1446448779634,1948.8321106652336,21595.28334949275,1546.9443692784193,0.0
Q43,2025-05-05 18:00:00,True,10519.104528253441,15903.799104920205,14574.736056064516,14135.23887393724,66.7971497272078,1701.7630812557575,14472.768428506895,101.96762755761988,0.0
Q43,2025-05-06 06:00:00,True,8591.652847530773,40957.59399391897,25761.856560412372,23150.16948608812,0.0,17807.424507830845,24891.29420230429,870.5623581080847,0.0
Q43,2025-05-06 12:00:00,True,6749.617330194663,25463.64624766215,22929.506762214132,23210.67940234177,198.38901774157875,2054.577827578799,22466.88066144058,462.6261007735528,0.0
Q43,2025-05-06 18:00:00,True,10745.161976114028,15128.24690369068,14916.820397952566,14826.97891969017,4.055204502975969,297.21277949753454,14884.169768863117,32.65062908944925,0.0
Q43,2025-05-07 06:00:00,True,9912.593193844976,40302.189689861625,27295.15060721023,25111.001452082557,0.0,15191.188237779072,26567.10088883434,728.0497183758921,1.558873918838799e-12
Q43,2025-05-07 12:00:00,True,6912.221846544061,25944.69968341072,24483.53102809514,25601.591176270555,340.14020194017144,2.9683051999930212,24043.989914517293,439.54111357784916,0.0
Q43,2025-05-07 18:00:00,True,10750.380300570034,14976.600316419377,14734.88880562509,14655.431450619439,14.995472437284326,306.17339336265366,14717.812879153804,17.075926471287765,0.0
Q43,2025-05-08 06:00:00,True,10800.0,30626.964109783992,27715.36431632917,28538.39832253385,0.0,2088.5657872501442,26160.83189619918,1554.532420129991,0.0
Q43,2025-05-08 12:00:00,True,7569.691406017197,27836.067736963178,25419.956821248597,25218.135750721267,596.3085187714933,2021.6234674704185,24654.912868514864,765.0439527337342,0.0
Q43,2025-05-08 18:00:00,True,10780.568476286915,16110.280641478199,16029.674114708254,15929.26805560966,66.56868380795513,114.4439020605842,15951.82630580342,77.84780890483384,0.0
Q43,2025-05-09 06:00:00,True,3597.319463056753,8454.856696791514,6317.711513002029,5782.00597342411,0.0,2672.850723367404,6126.0135978088565,191.6979151931726,7.286615755219828e-14
Q43,2025-05-09 12:00:00,True,10800.0,6378.061885733337,6241.807932969188,6126.013597808856,191.6979151931726,60.350372731308,6065.5487024130025,176.25923055618614,0.0
Q43,2025-05-09 18:00:00,True,10774.27053653016,5171.688205429204,5088.573676345999,4977.578461209453,75.37470267231451,118.73504154743618,5001.325469518941,87.24820682705857,0.0
Q43,2025-05-10 06:00:00,True,3909.497236419669,11644.647763110659,7133.197493119552,6246.592095902849,0.0,5398.05566720781,6837.662360713984,295.5351324055678,0.0
Q43,2025-05-10 12:00:00,True,10800.0,7133.197493119552,6615.950765285426,6837.662360713984,295.5351324055678,0.0,6492.831208824567,123.11955646085939,0.0
Q43,2025-05-10 18:00:00,True,10800.0,5475.148976631496,5474.999905317316,5475.148976631496,0.0,0.0,5474.850834003134,0.14907131418191727,0.0
Q43,2025-05-11 06:00:00,True,10800.0,33366.3043391751,25843.733024501456,24788.069362420567,0.0,8578.234976754527,24872.457296370714,971.2757281307433,0.0
Q43,2025-05-11 12:00:00,True,7243.44935543502,26059.81959087886,23311.016824450388,24085.189127611604,620.4008624634522,1354.2296008038006,22249.175741683805,1061.8410827665843,0.0
Q43,2025-05-11 18:00:00,True,10744.297619913108,15075.150591119567,14828.380567654134,14649.397809428898,80.54285134017458,345.2099303504953,14715.024414018939,113.35615363519582,0.0
Q43,2025-05-12 06:00:00,True,10636.541351524378,54692.11493954239,26809.3171907743,21658.561360256026,0.0,33033.55357928637,25092.398580601544,1716.9186101727576,0.0
Q43,2025-05-12 12:00:00,True,10359.28156885819,25584.587824745835,23110.705803088862,24275.912336582565,1308.6754881632705,0.0,22626.657655477917,484.04814761094667,0.0
Q43,2025-05-12 18:00:00,False,10800.0,14956.997865501979,14956.997865501979,14903.990390560864,53.00747494111359,0.0,14903.990390560864,53.0074749411138,0.0
Q43,2025-05-13 06:00:00,True,10792.718035407044,33508.197092664246,26048.88264131903,26845.532321808765,0.0,6662.664770855479,23519.129771879732,2529.752869439297,0.0
Q43,2025-05-13 12:00:00,True,6307.63213985149,24353.89764296667,23950.45804829279,23519.129771879736,834.7678710869316,0.0,23189.57128888256,760.886759410231,0.0
Q43,2025-05-13 18:00:00,False,10800.0,15098.913304312087,15098.913304312087,15048.183683163605,50.72962114848244,0.0,15048.183683163605,50.72962114848244,0.0
Q43,2025-05-14 06:00:00,True,10800.0,34007.62194741631,27067.353488841316,26044.105287664082,0.0,7963.516659752224,26726.27075511557,341.08273372574297,2.3845245777920353e-12
Q43,2025-05-14 12:00:00,True,7942.573894264783,25968.79073667775,24076.233906101115,25900.62410886672,68.16662781102983,0.0,22388.17695895757,1688.0569471435426,2.3845245777920353e-12
Q43,2025-05-14 18:00:00,False,10800.0,15289.979017974343,15289.979017974343,15229.725144545739,60.2538734286014,2.3845245777920353e-12,15229.725144545739,60.25387342860152,2.3845245777920353e-12
Q43,2025-05-15 06:00:00,True,10699.384729831454,43328.00219188299,28926.35080207375,26455.781487106284,0.0,16872.2207047767,28102.827697084595,823.5231049891565,0.0
Q43,2025-05-15 12:00:00,True,8473.114569090794,28112.390862033455,24919.770633800654,27448.031635161246,664.359226872211,0.0,23720.22808618448,1199.542547616172,0.0
Q43,2025-05-15 18:00:00,False,10800.0,15624.685037812482,15624.685037812482,15555.216827527562,69.46821028491962,0.0,15555.216827527562,69.46821028491962,0.0
Q43,2025-05-16 06:00:00,True,2882.6009741917464,7024.022776110254,6829.655256986412,7024.022776110254,0.0,0.0,6635.28773786257,194.36751912384204,0.0
Q43,2025-05-16 12:00:00,True,10800.0,6829.6552569864125,6765.190147591955,6635.287737862571,194.36751912384204,0.0,6506.357519073653,258.83262851830096,1.3272938303998672e-12
Q43,2025-05-16 18:00:00,True,10791.084651512,5751.97237719846,5709.36713034635,5626.037528976844,79.09583610277984,46.83901211883565,5634.505059510293,74.86207083605561,1.3272938303998672e-12
Q43,2025-05-17 06:00:00,True,2503.6700073531583,7008.43872508936,6876.026009159103,7008.43872508936,0.0,0.0,6743.613293228838,132.4127159302605,4.067487680003979e-12
Q43,2025-05-17 12:00:00,True,10800.0,7724.94281622215,6931.1459390269465,6743.613293228837,132.4127159302605,848.9168070630524,6845.212882141426,85.93305688551999,0.0
Q43,2025-05-17 18:00:00,True,10800.0,5843.222717972058,5841.485742217855,5843.222717972058,0.0,0.0,5839.748766463653,1.7369757542023703,0.0
Q43,2025-05-18 06:00:00,True,10800.0,28904.788555346073,26797.035273286336,27780.770276784562,0.0,1124.0182785615116,25441.902238654246,1355.1330346320813,7.655671652173624e-12
Q43,2025-05-18 12:00:00,True,10085.18172958665,24270.464007534527,23633.309930659558,23257.497207838478,1012.9667996960484,0.0,22273.33484483827,1359.975085821285,0.0
Q43,2025-05-18 18:00:00,True,10800.0,15499.173198811739,15497.091534775678,15490.718080477654,8.455118334084105,0.0,15486.554752405533,10.536782370145604,0.0
Q43,2025-05-19 06:00:00,True,10211.982018518518,26598.389914575186,23441.772732481146,23644.180894512723,0.0,2954.209020062461,22566.944720399504,874.8280120816421,7.825633474567439e-13
Q43,2025-05-19 12:00:00,True,7942.597779999999,23255.691652063793,22844.247211691247,22566.944720399504,404.08056450985663,284.6663671544332,22288.09565545106,556.1515562401883,7.825633474567439e-13
Q43,2025-05-19 18:00:00,True,10800.0,15137.639270819769,15117.506109219474,15137.639270819769,0.0,0.0,15097.372947619177,20.13316160029709,0.0
Q43,2025-05-20 06:00:00,True,10800.0,38893.65596580418,26222.91400837948,23773.881714185427,0.0,15119.774251618754,25406.569910314796,816.3440980646856,0.0
Q43,2025-05-20 12:00:00,True,9200.89096351852,25078.813951998214,23331.26067495974,24405.968866708896,672.8450852893183,0.0,22715.34574451433,615.9149304454022,9.121322364080697e-12
Q43,2025-05-20 18:00:00,True,10800.0,15254.907223973876,15202.656815660137,15254.710755494849,0.19646847902657963,0.0,15150.20993886737,52.4468767927671,0.0
Q43,2025-05-21 06:00:00,True,7847.944352990392,54121.60022456368,28292.267428973122,23728.611827710916,0.0,30392.98839685276,26771.048895219054,1521.21853375407,0.0
Q43,2025-05-21 12:00:00,True,7478.32351801083,26038.933482032542,24413.76243294462,25238.33676649159,800.596715540951,0.0,23661.567360890444,752.1950720541707,3.095010470133275e-12
Q43,2025-05-21 18:00:00,True,10800.0,15537.413052155249,15530.000609466493,15537.413052155249,0.0,0.0,15522.58816677774,7.412442688754236,0.0
Q43,2025-05-22 06:00:00,True,10788.16738571785,25196.52189138818,24028.879656147263,24059.584948045434,0.0,1136.9369433427462,23748.275878225875,280.6037779213864,0.0
Q43,2025-05-22 12:00:00,True,8003.374129236367,24028.879656147263,23505.52709802687,23748.275878225875,280.6037779213864,0.0,22951.469248008307,554.0578500185635,0.0
Q43,2025-05-22 18:00:00,False,10800.0,15653.737413641917,15653.737413641918,15590.27262008631,63.46479355560516,0.0,15590.272620086313,63.46479355560521,0.0
Q43,2025-05-23 06:00:00,True,2845.0774590126516,6644.979450382445,6599.139817416915,6590.0086777600945,0.0,54.97077262235061,6587.948201408773,11.191616008140558,1.9969093045801857e-12
Q43,2025-05-23 12:00:00,True,10800.0,10996.341509045702,7302.606954179855,6587.948201408771,11.191616008140558,4397.20169162879,7065.074195373268,237.5327588065872,0.0
Q43,2025-05-23 18:00:00,False,10800.0,5903.697112833208,5903.69711283321,5869.380101993504,34.31701083970478,0.0,5869.3801019935045,34.31701083970519,0.0
Q43,2025-05-24 06:00:00,True,2547.5149210420536,7438.510545189388,7213.781778902784,7438.510545189388,0.0,0.0,6989.05301261618,224.72876628660302,6.681943887087982e-13
Q43,2025-05-24 12:00:00,True,10800.0,8157.155190181666,7261.290495188302,6989.053012616181,224.72876628660302,943.3734112788815,7084.070445187215,177.220050001086,6.681943887087982e-13
Q43,2025-05-24 18:00:00,False,10800.0,6323.241474674445,6323.241474674445,6262.085079325446,61.1563953489989,6.681943887087982e-13,6262.085079325446,61.156395348998416,6.681943887087982e-13
Q43,2025-05-25 06:00:00,True,10205.315740740742,26090.981691851983,23974.302901277795,24051.658449114486,0.0,2039.3232427374958,23383.958965018497,590.3439362592993,0.0
Q43,2025-05-25 12:00:00,True,8976.292577962964,23480.832839965547,22985.4543139748,23152.375991080655,191.1621644663514,137.29468441854095,22544.88250935393,440.57180462086706,0.0
Q43,2025-05-25 18:00:00,True,10800.0,15562.541579547511,15555.169235118216,15543.61708181849,18.924497729021972,0.0,15528.872392959896,26.29684215831984,0.0
Q43,2025-05-26 06:00:00,True,10799.244095891088,40065.96684982284,25532.07460737173,23154.879380704493,0.0,16911.08746911835,24739.676198482644,792.3984088890757,9.744724138727178e-12
Q43,2025-05-26 12:00:00,True,5932.92531449339,25006.341370986935,24456.468805616194,24119.708410232666,482.41451476408776,404.21844599017953,24022.60566397896,433.86314163723443,0.0
Q43,2025-05-26 18:00:00,True,10800.0,15477.708796371733,15469.79759930495,15463.832059257567,13.876737114166033,0.0,15448.009665123998,21.787934180950575,0.0
Q43,2025-05-27 06:00:00,True,7110.93916893903,53148.4076737681,27683.50204700872,23729.57365968037,0.0,29418.83401408773,26365.525917899267,1317.9761291094496,5.193712127038452e-14
Q43,2025-05-27 12:00:00,True,6746.134052718982,25961.344527983496,23346.641071043094,25119.00145089544,842.3430770880532,5.193712127038452e-14,23170.707881762602,175.93318928049024,5.193712127038452e-14
Q43,2025-05-27 18:00:00,True,10800.0,15887.695064373425,15879.189501110648,15872.2586865613,15.436377812125352,5.193712127038452e-14,15855.247560035747,23.941941074901827,5.193712127038452e-14
Q43,2025-05-28 06:00:00,True,10800.0,29699.622533431437,26187.32235868416,26249.121854343954,0.0,3450.500679087483,25223.544141079503,963.7782176046568,0.0
Q43,2025-05-28 12:00:00,True,6757.4091624205685,24983.951957436886,24162.800252478686,24389.81401014264,372.89765505660387,221.24029223764092,23209.279281654337,953.5209708243475,0.0
Q43,2025-05-28 18:00:00,True,10800.0,15816.262916102927,15806.529539712606,15804.769149583992,11.493766518936011,0.0,15785.302396803349,21.227142909257164,0.0
Q43,2025-05-29 06:00:00,True,10791.338160289599,42491.08424299455,28274.036326883648,25796.057853445414,0.0,16695.026389549137,27439.94015341883,834.0961734648207,0.0
Q43,2025-05-29 12:00:00,True,7842.3756311651005,25902.408681360972,23783.529117717466,25423.120187354623,479.2884940063499,0.0,23102.51503609301,681.0140816244561,0.0
Q43,2025-05-29 18:00:00,True,10800.0,15931.34405338143,15927.933986444636,15900.935137898814,30.40891548261571,0.0,15894.115004025227,33.818982419409544,0.0
Q43,2025-05-30 06:00:00,True,3194.693777174776,9276.397100664833,7804.729640580529,7487.551304445288,0.0,1788.845796219546,7699.003528535449,105.7261120450803,0.0
Q43,2025-05-30 12:00:00,True,10800.0,7808.006958754687,7657.210054890972,7699.003528535447,105.7261120450803,3.2773181741593014,7595.559508383809,61.650546507163455,0.0
Q43,2025-05-30 18:00:00,True,10800.0,6332.970977366049,6326.870939127617,6322.656179123237,10.314798242811698,0.0,6310.456102646375,16.414836481241867,0.0
Q43,2025-05-31 06:00:00,True,3575.253382986778,7731.936605334021,7326.47420519981,7731.936605334021,0.0,0.0,6921.011805065598,405.4624001342115,0.0
Q43,2025-05-31 12:00:00,True,10800.0,7511.443018074855,7330.090621860653,6921.011805065598,405.4624001342115,184.96881287504513,6928.244638387285,401.84598347336816,0.0
Q43,2025-05-31 18:00:00,False,10800.0,6044.095698472281,6044.095698472282,6020.154630599535,23.941067872745748,0.0,6020.154630599537,23.941067872744846,0.0
Q43,2025-06-01 06:00:00,True,9609.135056275174,39150.74378154305,37721.13240256918,39081.96691379989,0.0,68.77686774315619,36333.420349698405,1387.7120528707685,4.676962817029561e-12
Q43,2025-06-01 12:00:00,True,7382.201445786032,31990.251499487287,30463.4820505457,30757.658745506724,1232.5927539805648,0.0,27730.997389263575,2732.4846612821193,3.7484438886181684e-12
Q43,2025-06-01 18:00:00,True,8536.764145823821,30933.917733442195,21001.230274537676,16930.830242106116,88.50478491377497,13914.582706422303,19703.433453669673,1297.7968208680031,0.0
Q43,2025-06-02 06:00:00,True,10748.990221459271,42555.84481642747,38093.09600839858,42480.53512265569,0.0,75.30969377178043,33675.62702514647,4417.46898325211,0.0
Q43,2025-06-02 12:00:00,True,7325.242958645607,35666.12955356509,34542.15572913509,31994.604053508352,2493.7228100981997,1177.802689958544,32080.51749593411,2461.6382332009766,4.656840246752836e-12
Q43,2025-06-02 18:00:00,True,9995.51785084313,23322.249053661515,19836.29272521874,18365.362012988713,13.907371608242412,4942.979669064561,19337.99601633879,498.2967088799486,0.0
Q43,2025-06-03 06:00:00,True,10425.918697163082,49308.51439792936,38978.218133519586,37011.20303281205,0.0,12297.311365117306,37791.38421112241,1186.8339223971761,0.0
Q43,2025-06-03 12:00:00,True,9028.334307465684,33035.726880845075,29631.704771630604,32173.66741535994,862.0594654851352,0.0,28366.189741248247,1265.5150303823575,0.0
Q43,2025-06-03 18:00:00,True,10270.647578351556,22042.87609566071,19577.775780518517,18605.52993123033,17.76966675896576,3419.5764976714177,19241.84738624981,335.92839426870717,0.0
Q43,2025-06-04 06:00:00,True,10734.405299514692,47519.10485830413,40473.307409908346,47453.461136631166,0.0,65.64372167295997,33468.17607121232,7005.1313386960255,0.0
Q43,2025-06-04 12:00:00,True,7995.555170790049,58890.003891851826,36162.99650722187,30497.87516406923,4325.828124853886,24066.30060292871,33127.90619125292,3035.0903159689483,0.0
Q43,2025-06-04 18:00:00,True,10800.0,19375.156949119235,19370.028890644942,19363.056561017216,12.10038810202008,0.0,19352.80044406861,17.22844657632333,1.0381711490481393e-11
Q43,2025-06-05 06:00:00,True,10800.0,46987.15722159689,40578.4651595879,39621.27444281441,0.0,7365.882778782485,39377.618994865225,1200.8461647226693,0.0
Q43,2025-06-05 12:00:00,True,8723.890562216086,37253.77320268731,34621.430563466936,34469.82910096032,684.9500241462359,2098.994077580756,33343.41198050178,1278.0185829651514,0.0
Q43,2025-06-05 18:00:00,False,10800.0,19731.970034701713,19731.970034701713,19692.13854150433,39.83149319738365,0.0,19692.13854150433,39.83149319738354,1.0815028872457333e-12
Q43,2025-06-06 06:00:00,True,5698.799513668382,13529.592754852494,12854.595554099931,13529.592754852494,0.0,0.0,12174.855419566702,679.7401345332297,0.0
Q43,2025-06-06 12:00:00,True,10800.0,12632.190483820033,12570.305350910607,12174.855419566704,457.33506425332945,0.0,12051.085153747848,519.2201971627577,0.0
Q43,2025-06-06 18:00:00,True,10500.682755370808,10807.24657462257,9546.3556841714,9098.283187646395,42.409866467535295,1666.55352050864,9423.690451714532,122.66523245686683,0.0
Q43,2025-06-07 06:00:00,True,10472.973992197081,12927.229218561713,12204.20780463584,12830.96082941192,0.0,96.2683891497922,11543.235985974557,660.9718186612818,0.0
Q43,2025-06-07 12:00:00,True,10800.0,19827.78007570562,12761.487526623596,11543.235985974557,439.1388598344488,7845.405229896615,12426.30137815465,335.18614846894593,0.0
Q43,2025-06-07 18:00:00,False,10800.0,9823.429808778343,9823.429808778345,9773.762727454698,49.667081323644936,0.0,9773.7627274547,49.66708132364528,0.0
Q43,2025-06-08 06:00:00,True,10800.0,53776.818218761524,41113.11497666149,40408.070276984916,0.0,13368.747941776606,38539.01850539599,2574.096471265503,0.0
Q43,2025-06-08 12:00:00,True,9278.484605229918,37647.90885996462,36512.538890307085,36499.66420456028,1148.244655404339,0.0,34995.91875311642,1516.620137190668,0.0
Q43,2025-06-08 18:00:00,True,10800.0,21943.635436992397,21930.092765710782,21936.973495563743,6.661941428652837,0.0,21909.888153000516,20.20461271026651,0.0
Q43,2025-06-09 06:00:00,True,10568.991778350693,43538.200567207656,40478.60851682081,43538.200567207656,0.0,0.0,37419.01646643396,3059.592050386849,0.0
Q43,2025-06-09 12:00:00,True,7409.178843201431,38526.29850173058,35473.594736082276,33824.81537246418,1572.2058057737554,3129.2773234926426,33977.96248815286,1495.6322479294167,0.0
Q43,2025-06-09 18:00:00,True,10706.167213856528,19487.73460949174,18956.890752926087,18819.633449424782,69.81862397687728,598.2825360900825,18954.510808473642,2.379944452446448,0.0
Q43,2025-06-10 06:00:00,True,10574.867571581697,39558.980846832485,37809.0227828307,38240.35814063974,0.0,1318.6227061927418,36953.19739674549,855.8253860852105,0.0
Q43,2025-06-10 12:00:00,True,7068.269094911887,43830.0060568637,35267.949982132406,33501.69205454852,526.7896598674981,9801.52434244768,34792.74410389236,475.20587824004195,1.0620397006277927e-11
Q43,2025-06-10 18:00:00,False,10800.0,18965.006632751207,18965.006632751203,18921.647957984616,43.35867476658988,0.0,18921.647957984613,43.3586747665896,1.0422809282317754e-13
Q43,2025-06-11 06:00:00,True,10800.0,43379.98587734119,42850.67194680157,43379.98587734119,0.0,0.0,42321.358016261955,529.3139305396182,0.0
Q43,2025-06-11 12:00:00,True,6250.76620326864,40415.29338313954,37698.48173306812,37259.51959300986,529.3139305396182,2626.459859590061,37057.46609261092,641.0156404571973,0.0
Q43,2025-06-11 18:00:00,True,10711.55884674557,19616.165353137065,19172.82210551938,19017.944598208007,24.32611146105789,573.8946434680012,19130.297037577555,42.52506794182426,0.0
Q43,2025-06-12 06:00:00,True,10800.0,44070.60597373527,41824.01646157978,42014.50914148984,0.0,2056.0968322454255,41088.08979933957,735.9266622402049,0.0
Q43,2025-06-12 12:00:00,True,8021.2879480818365,37090.66132548408,36003.39131317536,36944.50295776893,136.35849558253437,9.799872132614398,35331.296443067295,672.0948701080614,0.0
Q43,2025-06-12 18:00:00,True,10800.0,19388.249813572613,19387.975335497824,19366.168475609702,21.705238112367358,0.3760998505424054,19366.238758386688,21.736577111137855,0.0
Q43,2025-06-13 06:00:00,True,4619.902750766955,11693.42987183747,11164.718865988332,11603.580292259503,0.0,89.84957957796813,10693.970443890028,470.7484220983012,2.196600235038204e-12
Q43,2025-06-13 12:00:00,True,8228.750543359547,18086.405263590794,11679.803958472092,10693.97044389003,470.7484220983012,6921.6863976024615,11493.080930832266,186.7230276398261,0.0
Q43,2025-06-13 18:00:00,True,10683.974567696454,9476.509957729733,8984.361685314258,8752.626569885288,51.83291672726039,672.0504711171856,8872.56136901976,111.80031629449707,0.0
Q43,2025-06-14 06:00:00,True,3420.006359714087,12584.565376891378,12298.117835804038,12584.565376891378,0.0,0.0,12011.6702947167,286.44754108733923,0.0
Q43,2025-06-14 12:00:00,True,10077.125347862237,12298.117835804034,12093.825265550233,12011.670294716696,286.44754108733923,0.0,11603.085154209093,490.74011134113994,0.0
Q43,2025-06-14 18:00:00,True,10800.0,9332.454365238886,9332.16541512305,9310.446880256372,21.632247026959103,0.3752379555550349,9310.619455935814,21.54595918723711,0.0
Q43,2025-06-15 06:00:00,True,10800.0,57214.453472714915,40613.191473158025,37511.33845107333,0.0,19703.11502164158,39501.97581435193,1111.2156588060952,0.0
Q43,2025-06-15 12:00:00,True,7920.393046787994,35335.43339392345,34513.183515402154,35055.8902861036,279.5431078198497,0.0,34297.76900600682,215.41450939533476,0.0
Q43,2025-06-15 18:00:00,True,10800.0,19393.26276828419,19393.216856069055,19350.04753833995,43.212127985905376,0.003101958333654693,19349.961917826346,43.25493824270859,0.0
Q43,2025-06-16 06:00:00,True,10778.833153693713,46587.20957461292,41884.10278198014,40989.57052987241,0.0,5597.639044740505,41531.813739977566,352.2890420025719,0.0
Q43,2025-06-16 12:00:00,True,6602.763799700762,37758.613283203806,36859.92616673777,37632.37182857757,112.7261528901723,13.51530173606432,36061.48066697372,798.4454997640528,0.0
Q43,2025-06-16 18:00:00,True,10800.0,19505.54566758849,19503.026064372458,19478.860705284704,23.107319918378817,3.577642385404563,19479.566064730956,23.45999964150353,0.0
Q43,2025-06-17 06:00:00,True,10800.0,58814.13570405642,45109.696570181426,41948.27474309898,0.0,16865.860960957445,44000.314973714136,1109.3815964672863,4.948446985508781e-12
Q43,2025-06-17 12:00:00,True,7656.615401750462,40258.31168937869,37824.67285679876,39617.31186290913,640.9998264695553,0.0,36911.80487523438,912.8679815643457,2.8865940748801222e-11
Q43,2025-06-17 18:00:00,True,10800.0,19374.306874100923,19366.80107727788,19374.306874100923,0.0,0.0,19359.295280454837,7.505796823042159,0.0
Q43,2025-06-18 06:00:00,True,10800.0,59838.66518940356,45995.805335575715,42685.23275972536,0.0,17153.4324296782,44872.519568514705,1123.2857670610094,0.0
Q43,2025-06-18 12:00:00,True,8677.529739515612,40840.102648216984,36704.82194826471,39789.24120226545,882.5929732919368,168.26847265959,35115.26888079464,1589.5530674700738,0.0
Q43,2025-06-18 18:00:00,True,10800.0,19619.674283164517,19618.826264690986,19603.52306391994,16.151219244578595,0.0,19602.957718270918,15.868546420067423,0.0
Q43,2025-06-19 06:00:00,True,10800.0,50488.62919061307,38444.201532108986,37758.22617508523,0.0,12730.403015527843,35708.57958922456,2735.621942884427,0.0
Q43,2025-06-19 12:00:00,True,6187.537786591758,45806.86288325222,36401.5558102281,33227.91303724772,947.0968958110336,11631.852950193468,34784.63530771989,1616.9205025082088,0.0
Q43,2025-06-19 18:00:00,True,10748.494390499294,19555.00412865514,19322.05730738336,19161.514464151456,66.92029787936823,326.5693666243144,19223.929494386477,98.12781299687774,4.762227945320774e-12
Q43,2025-06-20 06:00:00,True,3760.6798312212118,12152.387928095046,11884.084608886043,12152.387928095046,0.0,0.0,11615.781289677043,268.30331920900096,0.0
Q43,2025-06-20 12:00:00,True,10800.0,12715.40095534933,11918.19406563331,11615.781289677047,268.30331920900096,831.3163464632837,11684.000203171572,234.1938624617381,0.0
Q43,2025-06-20 18:00:00,True,10800.0,9055.380996952777,9055.288552051737,9002.956348745862,52.42464820691522,0.0,9002.77145894378,52.51709310795688,7.124329182151001e-13
Q43,2025-06-21 06:00:00,True,3869.1730595022623,11881.025981483937,11203.584037876743,11136.070537547595,0.0,744.9554439363412,11035.39601282592,168.18802505082212,0.0
Q43,2025-06-21 12:00:00,True,10800.0,12265.920901678726,11210.796739289068,11035.39601282592,168.18802505082212,1062.3368638019838,11128.01990952638,82.77682976268763,0.0
Q43,2025-06-21 18:00:00,True,10800.0,8999.094257056398,8998.410386195155,8962.952607675108,36.14164938129049,0.0,8962.496693767613,35.91369242754211,0.0
Q43,2025-06-22 06:00:00,True,10800.0,61714.23297195599,41356.8624766568,37298.83906482318,0.0,24415.39390713281,38687.356961545265,2669.5055151115357,3.1877789297141133e-13
Q43,2025-06-22 12:00:00,True,6990.862958141063,38870.595766479186,36948.54739836802,37130.72922096161,1739.866545517573,0.0,35668.027533962406,1280.5198644056118,3.1877789297141133e-13
Q43,2025-06-22 18:00:00,True,10800.0,19996.45354108083,19996.08046416445,19904.42899193819,91.5481249495935,0.47642419304701084,19904.497890122635,91.58257404181464,3.1877789297141133e-13
Q43,2025-06-23 06:00:00,True,10800.0,43816.40602142603,38899.518524211235,37776.61726226848,0.0,6039.788759157549,38462.82704166397,436.69148254725997,0.0
Q43,2025-06-23 12:00:00,True,9770.882626965018,35442.48968738141,33515.41837195951,35046.34476354043,396.14492384097923,0.0,32749.52289682276,765.8954751367501,0.0
Q43,2025-06-23 18:00:00,True,10800.0,19713.56882972443,19713.428163942717,19701.264976754992,12.303852969438688,0.0,19701.043586623775,12.384577318936282,4.782691576110665e-12
Q43,2025-06-24 06:00:00,True,10800.0,48160.46441737762,46585.664055026085,48145.05857091095,0.0,15.405846466667303,45020.10720055454,1565.5568544715409,0.0
Q43,2025-06-24 12:00:00,True,7015.408160250993,40813.81354020808,39380.695728969724,38136.62935799852,1449.362505800293,1227.8216764092697,37732.15429278366,1648.541436186055,4.828734745387919e-12
Q43,2025-06-24 18:00:00,True,10800.0,19978.56998617941,19978.141057884895,19963.78095950472,14.78902667469005,0.0,19962.968237059027,15.17282082586906,0.0
Q43,2025-06-25 06:00:00,True,10800.0,48618.89709641344,40865.39835595094,38994.33153207308,0.0,9624.56556434036,40192.44143141176,672.9569245391807,0.0
Q43,2025-06-25 12:00:00,True,9250.506267604062,39129.54633524748,34506.81675666127,33494.63859370408,636.0059371042596,4998.901804439144,32895.63674126592,1611.1800153953486,0.0
Q43,2025-06-25 18:00:00,True,10800.0,19673.8269495398,19673.219041875556,19601.251959094017,72.5749904457832,0.0,19600.846687317855,72.37235455770245,0.0
Q43,2025-06-26 06:00:00,True,10800.0,50631.93845253742,38564.614825154,36439.04057078473,0.0,14192.897881752688,37819.098710410595,745.5161147433992,4.832827471545897e-12
Q43,2025-06-26 12:00:00,True,8829.199363984946,35075.14865342428,32432.815554898698,32491.95273256739,541.4137810273394,2041.78213982955,31713.843258125424,718.9722967732648,1.0471126188349445e-11
Q43,2025-06-26 18:00:00,True,10800.0,19588.555015167673,19563.30091630048,19588.555015167673,0.0,0.0,19538.04681743329,25.254098867190436,0.0
Q43,2025-06-27 06:00:00,True,5137.309440588526,11763.35906148284,11310.116834920966,11633.26521912404,0.0,130.09384235880128,10939.333953097339,370.782881823626,0.0
Q43,2025-06-27 12:00:00,True,10800.0,11460.755288946088,11226.669283303829,10939.333953097339,370.782881823626,150.63845402512268,10717.78765080035,508.8816325034778,0.0
Q43,2025-06-27 18:00:00,True,10800.0,8872.304112298994,8872.018255740251,8846.732688128177,25.57142417081659,0.0,8846.542117089015,25.4761386512357,0.0
Q43,2025-06-28 06:00:00,True,4057.347674813858,11566.239788819885,11461.387060575624,11445.957174971725,0.0,120.28261384815988,11456.243765374324,5.143295201299944,0.0
Q43,2025-06-28 12:00:00,True,10800.0,11461.387060575626,11399.491781900531,11456.243765374325,5.143295201299944,0.0,11353.02638882934,46.46539307119246,0.0
Q43,2025-06-28 18:00:00,True,10800.0,8995.557385093409,8995.339277556337,8987.153135409186,8.404249684223679,0.0,8986.71692033502,8.62235722131075,6.178061084938237e-12
Q43,2025-06-29 06:00:00,True,10800.0,60097.67181672634,41270.89307728769,36958.990194886916,0.0,23138.681621839423,39289.38686656415,1981.506210723544,3.078639565501362e-13
Q43,2025-06-29 12:00:00,True,7676.157189728337,39338.22132398674,37014.34615196348,35180.4933655214,1573.3522732810784,2584.3756851842677,35208.99384352236,1805.3523084411195,3.078639565501362e-13
Q43,2025-06-29 18:00:00,True,10800.0,20257.84207854323,20257.693248198964,20140.000778456928,117.66782200019388,0.17347808611071922,20140.017210284823,117.67603791414055,3.078639565501362e-13
Q43,2025-06-30 06:00:00,True,10800.0,46644.09577936512,41534.68275593808,41586.257605669285,0.0,5057.838173695831,39997.730579160845,1536.9521767772408,0.0
Q43,2025-06-30 12:00:00,True,8134.9087763892385,38411.04744948993,35590.84016830204,34916.97130384814,1392.5357279581153,2101.540417683673,34332.599545753736,1258.2406225483064,0.0
Q43,2025-06-30 18:00:00,True,10800.0,20064.569794753275,20064.15908515724,19989.63130289284,74.6480325645991,0.2904592958334126,19989.55113602604,74.60794913119574,4.870003067480866e-12
Q43,2025-07-01 06:00:00,True,8098.941518634119,60021.88666347713,40568.30753029896,36110.572271011115,0.0,23911.314392466018,39067.14345905796,1501.1640712409999,0.0
Q43,2025-07-01 12:00:00,True,4748.60688069604,41404.922581848434,35874.38973743798,34408.743057045394,586.9088731693253,6409.270651633715,34994.5682618609,879.8214755770788,0.0
Q43,2025-07-01 18:00:00,True,7839.318397897903,44021.778926195606,27816.71179910732,21300.75430358401,30.304324989156058,22690.720297622443,25624.523083940112,2192.18871516721,0.0
Q43,2025-07-02 06:00:00,True,10101.507769463187,40103.68751468741,39868.4918742101,40086.802053310945,0.0,16.885461376466974,39643.85080407195,224.64107013813717,5.7700617617229e-12
Q43,2025-07-02 12:00:00,True,5992.427911052805,38450.80441671282,38424.38715263703,38229.70796581792,215.66883838916718,5.427612505731539,38189.3461189406,235.0410336964292,1.3036412921385577e-13
Q43,2025-07-02 18:00:00,True,10770.55850246924,24881.49701859548,24679.044121662,24608.575215870896,48.782037844881906,224.13976487970183,24651.96749806779,27.076623594211267,6.517211770251663e-14
Q43,2025-07-03 06:00:00,True,10061.94620825831,60937.53744179681,49722.41892797675,47926.60514154992,0.0,13010.932300246895,48969.62831321355,752.790614763194,6.117261364124715e-12
Q43,2025-07-03 12:00:00,True,8152.150867117971,43165.62375100906,41336.80614834586,42808.61296967693,357.0107813321331,0.0,40168.20826107302,1168.5978872728408,0.0
Q43,2025-07-03 18:00:00,True,10790.763035924969,25184.889239189415,25139.36609583447,25129.33771815522,4.467103328701189,51.08441770549176,25138.959798098855,0.40629773561565113,0.0
Q43,2025-07-04 06:00:00,True,3375.5515080429677,24680.374993947167,16348.088639730599,15023.855440000527,0.0,9656.51955394664,15906.677573153907,441.41106657669076,0.0
Q43,2025-07-04 12:00:00,True,10800.0,16348.39589850559,15370.28159317634,15906.677573153907,441.41106657669076,0.3072587749918898,15254.806208784401,115.47538439193852,0.0
Q43,2025-07-04 18:00:00,True,10800.0,12730.05262333216,12729.92845148941,12726.678725744323,3.373897587836127,0.0,12726.595944515824,3.332506973585768,0.0
Q43,2025-07-05 06:00:00,True,4431.59817012539,15803.737033673684,15517.213339580863,15474.285736666623,0.0,329.4512970070603,15502.904138609445,14.309200971410865,6.7202279296907364e-12
Q43,2025-07-05 12:00:00,True,10800.0,15987.517397585452,15587.274960088922,15502.904138609443,14.309200971410865,470.3040580045978,15549.611885614822,37.66307447410027,0.0
Q43,2025-07-05 18:00:00,True,10741.42627388067,12853.23385485231,12755.48848598749,12713.261148445874,0.33717567930601244,139.6355307271295,12741.187923020747,14.300562966742325,0.0
Q43,2025-07-06 06:00:00,True,9916.423936216755,86796.69737369794,47411.04128272843,40436.473796190636,0.0,46360.223577507306,45044.05154152621,2366.989741202217,0.0
Q43,2025-07-06 12:00:00,True,6811.608162278228,42883.21293341014,42149.026721949514,41425.313544993456,1224.5334213417023,233.36596707498225,41072.49746645513,1076.5292554943844,0.0
Q43,2025-07-06 18:00:00,True,10698.755078851296,24201.00174834934,23613.534905451797,23274.482327195128,118.66020935834959,807.8592117958601,23421.41057312734,192.12433232445457,0.0
Q43,2025-07-07 06:00:00,True,10800.0,45273.75916693705,42872.806935297915,45261.57073964617,0.0,12.188427290881812,40479.167760033306,2393.639175264611,0.0
Q43,2025-07-07 12:00:00,True,6985.24285882772,56758.54136711825,41538.584732144336,38717.543440685455,1699.9150117139493,16341.08291471884,40491.418599557524,1047.1661325868147,0.0
Q43,2025-07-07 18:00:00,True,10800.0,25473.674923517123,25473.127891789823,25471.06258478095,2.5876760278391098,0.024662708334672632,25470.134127616348,2.993764173474596,0.0
Q43,2025-07-08 06:00:00,True,10800.0,56452.17586636825,52277.63998208765,54419.83723683803,0.0,2032.3386295302207,49546.46381645578,2731.176165631868,0.0
Q43,2025-07-08 12:00:00,True,8429.774528889346,57561.54578011143,47345.200670553655,45460.65503532152,1554.5995806060303,10546.291164183878,45389.175103137226,1956.0255674164284,0.0
Q43,2025-07-08 18:00:00,True,10800.0,28662.048751855364,28661.953377984544,28580.636078235613,81.40412873641625,0.008544883335188274,28580.578192243942,81.37518574058319,1.9903154679923318e-11
Q43,2025-07-09 06:00:00,True,10800.0,46579.353082673166,44191.93525422704,45923.166600103934,0.0,656.1864825692298,42266.93137804103,1925.00387618601,0.0
Q43,2025-07-09 12:00:00,True,8308.016377654836,45087.61310083091,40264.99607725774,39221.529290500344,1145.093144392711,4720.990665937857,38104.405982682285,2160.5900945754465,5.880224307475146e-12
Q43,2025-07-09 18:00:00,True,10694.808282763623,25841.6069251481,25257.712080907368,24908.888109078005,116.77671565308677,815.9421004170064,25063.58627986219,194.12580104518003,0.0
Q43,2025-07-10 06:00:00,True,10800.0,49444.00158241904,42401.47215205965,41515.879706029344,0.0,7928.121876389698,41242.273496976784,1159.1986550828642,0.0
Q43,2025-07-10 12:00:00,True,6226.641426697804,41345.29523407849,39883.23831816746,40307.61239918737,1037.4309524911225,0.2518823999992819,39144.14218904312,739.0961291243339,0.0
Q43,2025-07-10 18:00:00,True,10800.0,24627.784316546524,24627.633644387915,24589.462176665293,38.29422235345133,0.027917527778601542,24589.38034024474,38.25330414317363,0.0
Q43,2025-07-11 06:00:00,True,4475.894416975227,16461.771965746393,16217.867778819313,16459.513980359898,0.0,2.257985386495327,15975.45480405047,242.4129747688402,1.7346337699564175e-12
Q43,2025-07-11 12:00:00,True,9372.902308641893,16217.86777881931,15962.34174883647,15975.45480405047,242.4129747688402,0.0,15465.169517313045,497.1722315234259,0.0
Q43,2025-07-11 18:00:00,True,10800.0,13061.595275072854,13061.555133713568,12995.27888619735,66.27436580052374,0.04202307497976631,12995.282649628738,66.27248408483018,0.0
Q43,2025-07-12 06:00:00,True,4056.7948336917366,19471.287861046152,16046.221052949295,15343.659488757534,0.0,4127.628372288618,15812.033864885372,234.18718806392053,1.5329533198382705e-12
Q43,2025-07-12 12:00:00,True,10161.925586839885,18399.059692525097,16335.712425022213,15812.033864885372,234.18718806392053,2352.8386395758052,16005.028112933986,330.6843120882269,0.0
Q43,2025-07-12 18:00:00,True,10778.423032998762,12781.423284854578,12688.770294176587,12632.886105402238,17.686663407021072,130.85051604531955,12658.35112231379,30.419171862797256,0.0
Q43,2025-07-13 06:00:00,True,10800.0,44809.63350627761,41317.027421683975,44809.17922935261,0.0,0.45427692500018496,37824.69390324534,3492.333518438637,0.0
Q43,2025-07-13 12:00:00,True,6698.733805008279,39445.15328253281,38758.80270102922,36761.55372343555,2683.5995590972593,0.0,35388.912446403374,3369.890254625846,0.0
Q43,2025-07-13 18:00:00,True,10559.599428743008,26167.885905278934,24560.048637281096,24162.141401665347,144.18904890319675,1861.5554547103914,24523.498316412977,36.5503208681173,0.0
Q43,2025-07-14 06:00:00,True,10800.0,42191.22025094077,40705.98871618567,42182.13863165538,0.0,9.081619285386195,39226.87278417355,1479.1159320121146,0.0
Q43,2025-07-14 12:00:00,True,7272.570729691033,44202.75520369885,38988.85560951042,37681.25873684176,528.5128341830147,5992.983632674073,37929.275647686256,1059.579961824168,0.0
Q43,2025-07-14 18:00:00,True,10788.01515819914,25465.092831968304,25397.637925271523,25296.166983491174,75.2907136176285,93.63513485950385,25313.620468932986,84.0174563385361,0.0
Q43,2025-07-15 06:00:00,True,10800.0,47453.15217530016,43465.215469331684,45904.94293371456,0.0,1548.2092415855952,40575.10316161639,2890.112307715296,3.5095126804662865e-13
Q43,2025-07-15 12:00:00,True,8776.46402821558,40287.29591493524,39914.70595116893,38246.064510930686,2041.2314040045528,0.0,37793.865057395684,2120.8408937732297,1.3018279787502252e-11
Q43,2025-07-15 18:00:00,True,10800.0,25338.47481001236,25338.44584110237,25302.3194675926,36.149052686428796,0.006289733334241646,25302.304348141493,36.141492960874814,3.5095126804662865e-13
Q43,2025-07-16 06:00:00,True,10800.0,44333.37751803459,42137.1852889522,44332.911016788756,0.0,0.4665012458335233,39941.2729606173,2195.9123283348954,0.0
Q43,2025-07-16 12:00:00,True,7879.736476530716,50008.689483094924,40657.136193790204,38512.37393903911,1637.6117801784176,9858.703763877395,39526.73638565529,1130.3998081349137,0.0
Q43,2025-07-16 18:00:00,True,10800.0,25514.849231985954,25514.828013355946,25360.899507051603,153.925868657677,0.023856276674290144,25360.902213551602,153.92579980434354,0.0
Q43,2025-07-17 06:00:00,True,10800.0,54710.126953850835,43593.42420498464,41653.69966708125,0.0,13056.427286769584,42602.69293421944,990.7312707652037,0.0
Q43,2025-07-17 12:00:00,True,7708.153405564308,42599.517094563154,40553.6699808469,40338.05804233258,871.1252885619588,1390.333763668613,39294.89292099206,1258.7770598548386,0.0
Q43,2025-07-17 18:00:00,True,10800.0,25162.959882192834,25162.944364146162,25117.978425654346,44.975245005153816,0.0062115333342303534,25117.97222131212,44.97214283404253,0.0
Q43,2025-07-18 06:00:00,True,6704.990375489886,19725.166105473654,18862.974913257236,19692.184236346675,0.0,32.981869126978935,18021.82289797044,841.152015286796,9.594458560968633e-14
Q43,2025-07-18 12:00:00,True,10800.0,18746.297704514047,18339.75224433781,18021.82289797044,724.474806543607,0.0,17220.577549487818,1119.1746948499922,2.87833756829059e-13
Q43,2025-07-18 18:00:00,True,10800.0,14359.52540697917,14359.484321294183,14335.502301647037,23.977120115472342,0.045985216659910004,14335.5103603237,23.97396097047376,8.755625913181575e-12
Q43,2025-07-19 06:00:00,True,4031.371651745291,17787.224091521224,16597.34250211792,17547.46502021791,0.0,239.75907130331436,15574.449197824862,1022.8933042930548,5.3870508054387745e-12
Q43,2025-07-19 12:00:00,True,10800.0,21768.07624799916,16856.435496709826,15574.449197824862,1022.8933042930548,5170.7337458812435,16018.435521481457,837.9999752283695,0.0
Q43,2025-07-19 18:00:00,True,10800.0,12940.021818013354,12940.017865925023,12912.793433714103,27.223294799254454,0.005089499997325788,12912.794191988547,27.22367393647613,0.0
Q43,2025-07-20 06:00:00,True,10800.0,46933.675957262756,44061.56470840859,44555.627731354136,0.0,2378.048225908621,42932.82654601124,1128.738162397351,0.0
Q43,2025-07-20 12:00:00,True,8227.295137201538,42487.33565959154,39889.73802075583,39710.55172931517,991.2604847753371,1785.5234455010284,37700.093797978734,2189.644222777094,0.0
Q43,2025-07-20 18:00:00,True,10773.79834157405,25216.52533061272,25072.376207475536,24953.534310030685,62.336329933256486,200.65469064877928,24991.20468837175,81.17151910378738,0.0
Q43,2025-07-21 06:00:00,True,10785.796620180028,47961.796753410235,45609.42377894048,47763.23046313017,0.0,198.56629028006893,43393.26325914492,2216.160519795556,0.0
Q43,2025-07-21 12:00:00,True,8424.999116502931,57542.231483071024,42754.30115196488,40427.53478240155,1743.3666238778405,15371.330076791637,41370.113232549345,1384.1879194155313,0.0
Q43,2025-07-21 18:00:00,False,10800.0,25752.429939757243,25752.42987198725,25706.115653210643,46.314286546600606,0.0,25706.115608030646,46.31426395660234,0.0
Q43,2025-07-22 06:00:00,True,10800.0,103581.80187447756,54328.354605090666,45670.399317813215,0.0,57911.402556664354,51442.36950933151,2885.985095759153,0.0
Q43,2025-07-22 12:00:00,True,10090.906472636745,48762.73911380631,41135.822294542755,46657.65091810828,2105.088195698032,0.0,39824.1700623733,1311.6522321694579,0.0
Q43,2025-07-22 18:00:00,False,10800.0,26108.107712258516,26108.107689850207,26041.90028955305,66.2074227054666,0.0,26041.90024473638,66.20744511380171,2.7794249035650863e-11
Q43,2025-07-23 06:00:00,True,10800.0,53664.34098756405,49049.67968096176,53599.59703582053,0.0,64.74395174352318,44478.61001671713,4571.069664244629,0.0
Q43,2025-07-23 12:00:00,True,7020.034848196178,47476.0605312962,44518.93956164923,41911.43463591253,2729.6302132423525,2834.995682141323,41572.5114287706,2946.4281328786283,0.0
Q43,2025-07-23 18:00:00,False,10800.0,25924.85621269474,25924.856143979745,25901.05186164777,23.804351046969963,0.0,25901.051815837774,23.804328141970487,0.0
Q43,2025-07-24 06:00:00,True,10797.506779650588,52310.139533595844,49068.935242025145,52310.139533595844,0.0,0.0,45827.73095045445,3241.2042915707007,0.0
Q43,2025-07-24 12:00:00,True,8852.55101315402,45812.79629937627,44765.80801943569,43670.09774048011,2142.6985588961643,0.0,41576.12118059894,3189.686838836754,0.0
Q43,2025-07-24 18:00:00,False,10800.0,25267.848286342596,25267.848264149266,25197.78573117865,70.06255516394633,0.0,25197.785686791987,70.06257735728012,0.0
Q43,2025-07-25 06:00:00,True,4216.294255864272,17328.233099402678,16209.938546139265,16163.325593247173,0.0,1164.9075061555068,15996.090185878122,213.84836026114294,0.0
Q43,2025-07-25 12:00:00,True,10800.0,16209.938546139265,16009.194405530068,15996.090185878122,213.84836026114294,0.0,15775.569822291058,233.6245832390096,0.0
Q43,2025-07-25 18:00:00,False,10800.0,13081.75856223113,13081.75850238114,13064.464908638309,17.293653592822878,0.0,13064.464868738314,17.293633642827338,0.0
Q43,2025-07-26 06:00:00,True,4780.651010200515,19056.766227785218,15999.885842586265,15561.142810234855,0.0,3495.6234175503632,15731.77563800789,268.11020457837475,0.0
Q43,2025-07-26 12:00:00,True,10800.0,16119.085489501125,15792.02111025084,15731.775638007888,268.11020457837475,119.19964691486283,15571.292426553964,220.7286836968761,0.0
Q43,2025-07-26 18:00:00,True,10800.0,12991.580559715934,12991.568337569272,12938.214133700994,53.36642601493942,0.0,12938.20598560322,53.362351966051826,0.0
Q43,2025-07-27 06:00:00,True,10800.0,52512.70087582595,44617.405663490674,44282.14283782439,0.0,8230.558038001558,43016.73787516488,1600.6677883257935,0.0
Q43,2025-07-27 12:00:00,True,7903.452321599173,43873.3230772705,40015.96192872392,39443.89193332499,641.731325156618,3787.6998187888958,38655.951212095686,1360.0107166282337,0.0
Q43,2025-07-27 18:00:00,True,10800.0,25417.19248689488,25417.17837349655,25361.961490498292,55.230996396589134,0.0,25361.952081566073,55.226291930478205,0.0
Q43,2025-07-28 06:00:00,True,10800.0,58458.74752436043,49307.61208545596,47536.82525997135,0.0,10921.922264389077,48304.61920287154,1002.9928825844289,0.0
Q43,2025-07-28 12:00:00,True,7555.283488043169,45006.92588528609,42989.838460993546,44010.950771593445,995.975113692642,0.0,41618.27952596848,1371.558935025065,0.0
Q43,2025-07-28 18:00:00,True,10778.313917844012,25346.878795192828,25223.100118375572,25108.736372944662,67.91125003408852,170.23117221407625,25139.70470320921,83.39541516636267,0.0
Q43,2025-07-29 06:00:00,True,10800.0,72780.75696261757,51057.609670064296,47172.79936711156,0.0,25607.95759550601,49744.166507836926,1313.4431622273719,0.0
Q43,2025-07-29 12:00:00,True,9428.094679094556,44417.403928660606,41902.76069057683,43367.21596261688,480.9403454989611,569.2476205447624,41167.06482330623,735.6958672706054,0.0
Q43,2025-07-29 18:00:00,False,10800.0,26156.819587002934,26156.819518877925,26112.419061378157,44.40052562477469,0.0,26112.419015961485,44.40050291644105,0.0
Q43,2025-07-30 06:00:00,True,10800.0,93951.4851167615,50220.68196197235,41704.51848463969,0.0,52246.96663212182,47381.96080286146,2838.721159110886,0.0
Q43,2025-07-30 12:00:00,True,8829.029933851776,46745.142350932016,42780.15711734334,42335.79630217746,1348.7823847589088,3060.563663995646,40969.22751823661,1810.9295991067306,0.0
Q43,2025-07-30 18:00:00,False,10800.0,26159.599505802373,26159.599505802373,26120.850809249772,38.74869655259953,0.0,26120.850809249772,38.74869655259953,0.0
Q43,2025-07-31 06:00:00,True,10800.0,57817.02224840861,46034.11574798804,44193.86290203292,0.0,13623.159346375698,45385.722100765495,648.393647222546,0.0
Q43,2025-07-31 12:00:00,True,9072.555171056456,48331.84106940431,41680.08310260218,41111.69926959665,261.6262930922052,6958.515506715462,40620.97611676957,1059.1069858325927,1.2886800959677202e-11
Q43,2025-07-31 18:00:00,True,10800.0,25397.382775659615,25386.560368422695,25397.382775659615,0.0,0.0,25375.73796118577,10.822407236924864,0.0
Q43,2025-08-01 06:00:00,True,4250.618652698837,16251.16203300351,15792.91833345988,16247.729316859059,0.0,3.4327161444504855,15336.998154196535,455.920179263344,9.033556125359609e-13
Q43,2025-08-01 12:00:00,True,10800.0,15792.91833345988,15691.440342872893,15336.998154196535,455.920179263344,0.0,15135.151368886722,556.2889739861695,9.033556125359609e-13
Q43,2025-08-01 18:00:00,True,10788.126051488667,12868.221591230487,12790.48271839403,12744.148145734143,39.15809011239782,84.91535538394686,12758.50111082912,31.98160756490947,9.033556125359609e-13
Q43,2025-08-02 06:00:00,True,5151.950608560074,16338.811207723742,15790.236845329193,16321.232783052124,0.0,17.5784246716181,15253.78304231398,536.4538030152048,6.990376277826726e-12
Q43,2025-08-02 12:00:00,True,10800.0,17406.745822632183,15856.05734133013,15253.783042313982,536.4538030152048,1616.5089773029981,15390.88189960812,465.17544172200235,6.990376277826726e-12
Q43,2025-08-02 18:00:00,False,10800.0,12628.920503940753,12628.920503940755,12616.49492524628,12.425578694467948,6.990376277826726e-12,12616.494925246281,12.425578694467557,6.990376277826726e-12
Q43,2025-08-03 06:00:00,True,9331.574392660283,46759.89200389139,37164.51998952582,35722.1604585696,0.0,11037.731545321798,36541.485706502266,623.0342830235516,0.0
Q43,2025-08-03 12:00:00,True,6445.587777692893,37043.03081174159,34872.00338162522,36525.10806689741,517.9227448441806,0.0,34239.95703126647,632.046350358745,0.0
Q43,2025-08-03 18:00:00,False,10800.0,24538.63306250775,24538.63306250775,24510.02547569051,28.60758681724062,0.0,24510.02547569051,28.60758681724017,0.0
Q43,2025-08-04 06:00:00,True,9753.259473758293,51929.4243310599,40463.28252570054,39128.46674586701,0.0,12800.957585192886,40018.3439324227,444.93859327784224,0.0
Q43,2025-08-04 12:00:00,True,8335.409222624852,38843.815087854906,36706.26473587516,38734.23692190352,109.57816595138839,0.0,34897.44888174957,1808.8158541255837,0.0
Q43,2025-08-04 18:00:00,True,10509.810595701247,26731.453165564002,24934.458647419677,24417.62824781476,107.71800944883243,2206.106908300411,24833.993853850592,100.46479356908407,0.0
Q43,2025-08-05 06:00:00,True,10084.62162962963,57613.07524839889,39705.531539797754,37545.89263185616,0.0,20067.18261654273,38985.651903817205,719.8796359805244,2.7086116460850463e-11
Q43,2025-08-05 12:00:00,True,8130.917750794041,37677.89233335335,36157.31000766289,37403.13561684081,274.75671651254413,0.0,35444.08158962896,713.2284180339329,0.0
Q43,2025-08-05 18:00:00,False,10800.0,24788.459881602674,24788.459881602674,24771.493942189238,16.965939413437024,0.0,24771.493942189238,16.9659394134371,0.0
Q43,2025-08-06 06:00:00,True,10104.266185185184,44708.4035127586,42449.71790776014,44708.4035127586,0.0,0.0,40191.032302761676,2258.6856049984663,0.0
Q43,2025-08-06 12:00:00,True,7785.60467695867,48296.88060643037,41611.39465062629,39537.44444809032,2258.6856049984663,6500.750553341589,39167.97364316533,2443.4210074609605,0.0
Q43,2025-08-06 18:00:00,False,10800.0,24841.749702929195,24841.749702929195,24759.615339710155,82.13436321903887,0.0,24759.615339710155,82.13436321903941,0.0
Q43,2025-08-07 06:00:00,True,10800.0,48403.82676088308,40236.23621188938,41195.833472416,0.0,7207.993288467081,37622.648430679306,2613.5877812100744,0.0
Q43,2025-08-07 12:00:00,True,7838.810520950444,39273.73128393543,37657.431517634046,37361.99272389175,1075.8459717083133,835.8925883353655,35842.12935520805,1815.302162425996,0.0
Q43,2025-08-07 18:00:00,False,10800.0,24243.111380878414,24243.11138087841,24202.002714323084,41.10866655532873,0.0,24202.00271432308,41.108666555329336,3.607851795095485e-13
Q43,2025-08-08 06:00:00,True,5022.473706546058,15243.639585190358,14636.49595289021,14562.462737332044,0.0,681.1768478583148,14546.998308329792,89.4976445604182,0.0
Q43,2025-08-08 12:00:00,True,10800.0,14636.49595289021,14536.243849312817,14546.998308329792,89.4976445604182,0.0,14469.599918023301,66.64393128950148,1.409307515132241e-11
Q43,2025-08-08 18:00:00,True,10800.0,12210.013519423126,12205.511745073349,12210.013519423126,0.0,0.0,12201.009970723571,4.501774349778143,0.0
Q43,2025-08-09 06:00:00,True,4214.295529333446,14524.843188869494,14376.636328317729,14524.843188869494,0.0,0.0,14228.429467765962,148.20686055176625,0.0
Q43,2025-08-09 12:00:00,True,10800.0,16035.449433022854,14475.186432694243,14228.429467765964,148.20686055176625,1658.8131047051238,14425.529676518992,49.65675617525129,0.0
Q43,2025-08-09 18:00:00,True,10800.0,12050.545150672258,12045.174013384541,12038.963148659861,11.582002012397124,0.0,12028.220874084427,16.953139300113676,0.0
Q43,2025-08-10 06:00:00,True,8765.607566514494,40064.08799975552,38918.19293218275,40064.08799975552,0.0,0.0,37772.29786460997,1145.8950675727729,0.0
Q43,2025-08-10 12:00:00,True,8558.117737587389,38022.15433583225,37107.565696608544,36510.40655861297,1025.5350400644923,486.21273715478924,35653.65475447513,1453.9109421334122,0.0
Q43,2025-08-10 18:00:00,False,10800.0,24626.18360918927,24626.183609189273,24565.851314166885,60.332295022385146,0.0,24565.851314166885,60.332295022386205,1.0556846063991543e-12
Q43,2025-08-11 06:00:00,True,10344.351689325484,47981.24461099303,38015.21326234807,36301.891297306116,0.0,11679.353313686915,37444.105940667425,571.1073216806496,0.0
Q43,2025-08-11 12:00:00,True,8313.710100414157,36974.88261671685,36034.68449234523,36198.06774719317,537.0597688937628,239.75510062991887,34987.065598566944,1047.6188937782845,0.0
Q43,2025-08-11 18:00:00,False,10800.0,23918.03799192004,23918.037991920057,23899.29117493839,18.746816981649424,0.0,23899.291174938397,18.746816981651378,8.714403065823718e-12
Q43,2025-08-12 06:00:00,True,10800.0,49744.924569571376,41405.048611978054,40613.27175858196,0.0,9131.65281098941,40032.314471319725,1372.7341406583273,0.0
Q43,2025-08-12 12:00:00,True,8435.809879665576,39719.19365203944,38169.801815213046,38734.754960757964,957.8204081088224,26.618283172653072,36740.485207584294,1429.3166076287498,0.0
Q43,2025-08-12 18:00:00,False,10800.0,24172.627575214814,24172.62757521481,24146.345864685507,26.281710529306096,0.0,24146.345864685503,26.28171052930594,0.0
Q43,2025-08-13 06:00:00,True,10000.303000444002,45007.12605926891,35757.62371880516,34591.00951306254,0.0,10416.116546206367,35314.482877245275,443.14084155988485,0.0
Q43,2025-08-13 12:00:00,True,6884.239762246954,39080.33537958268,34632.42870276392,34340.72725859315,176.41665080341153,4563.191470186113,34155.35831825946,477.0703845044616,0.0
Q43,2025-08-13 18:00:00,True,10722.212252215162,23872.79606629578,23434.49438944355,23233.41609570156,32.85723295367321,606.5227376405472,23345.563469560435,88.93091988311257,0.0
Q43,2025-08-14 06:00:00,True,10095.411781544095,58984.53861154085,39564.88343634406,36767.394177584836,0.0,22217.144433956015,38632.38701675765,932.4964195864069,0.0
Q43,2025-08-14 12:00:00,True,7770.0778958312685,37029.29476955074,35095.49809151508,36661.33632806453,367.9584414862076,0.0,34265.57673793805,829.9213535770349,0.0
Q43,2025-08-14 18:00:00,False,10800.0,23463.059031059845,23463.05903105986,23399.509540827843,63.549490232002,0.0,23399.50954082785,63.549490232001524,6.552454578923062e-12
Q43,2025-08-15 06:00:00,True,4038.3856411435218,14893.106889810337,14511.383903708429,14893.106889810337,0.0,0.0,14129.660917606518,381.7229861019106,0.0
Q43,2025-08-15 12:00:00,True,10800.0,14511.383903708427,14385.972220357686,14129.660917606516,381.7229861019106,0.0,13878.837550905035,507.1346694526513,0.0
Q43,2025-08-15 18:00:00,False,10800.0,11788.456000676986,11788.456000676988,11699.826438976703,88.62956170028293,0.0,11699.826438976706,88.62956170028222,0.0
Q43,2025-08-16 06:00:00,True,3356.5787006336404,16084.220101374252,15067.037156848915,16081.342529063737,0.0,2.877572310516131,14051.580755709887,1015.4564011390293,0.0
Q43,2025-08-16 12:00:00,True,10800.0,15493.590051088137,15094.852343083541,14051.580755709887,1015.4564011390293,426.55289423922045,14107.584306772473,987.268036311069,0.0
Q43,2025-08-16 18:00:00,False,10800.0,11842.278242433602,11842.278242433602,11781.630597469763,60.64764496383952,0.0,11781.630597469763,60.647644963840264,0.0
Q43,2025-08-17 06:00:00,True,10800.0,38012.57574601215,36318.38830355315,37043.48763211231,0.0,969.0881138998441,35356.0629260276,962.325377525541,1.266289473278448e-11
Q43,2025-08-17 12:00:00,True,9466.507401666666,41056.37843621515,35444.31820494423,34302.47689703285,684.8873770365344,6069.014162145763,34314.47060484782,1129.847600096414,0.0
Q43,2025-08-17 18:00:00,False,10800.0,23837.314283707987,23837.314283707987,23799.52707845629,37.787205251697415,0.0,23799.52707845629,37.78720525169764,0.0
Q43,2025-08-18 06:00:00,True,10800.0,36679.368344166855,36456.38089217847,36667.40147827388,0.0,11.96686589296962,36240.573559725875,215.80733245259648,0.0
Q43,2025-08-18 12:00:00,True,8664.361736550585,35504.90722800577,34895.14212172003,35327.966683144085,176.94054486168892,0.0,34108.436470572604,786.7056511474262,0.0
Q43,2025-08-18 18:00:00,True,10756.373042117453,23861.755168371234,23549.19757507195,23453.416856502157,62.498691342553926,345.839620526524,23519.980910956638,29.216664115314057,0.0
Q43,2025-08-19 06:00:00,True,10408.022172293087,37021.31101160776,35845.81045130637,37021.31101160776,0.0,0.0,34670.309891005,1175.5005603013724,0.0
Q43,2025-08-19 12:00:00,True,8281.926389330123,47000.30451965004,35560.59878525368,34208.82047462064,1051.1517350271156,11740.332310002283,34810.07362583249,750.5251594211904,0.0
Q43,2025-08-19 18:00:00,False,10800.0,23906.870728209124,23906.87072820912,23879.818392126588,27.052336082535124,0.0,23879.818392126585,27.052336082534605,9.717268767417408e-13
Q43,2025-08-20 06:00:00,True,10800.0,49206.83521230781,40930.46170640163,41133.92617358537,0.0,8072.909038722433,38520.28799335456,2410.173713047063,0.0
Q43,2025-08-20 12:00:00,True,6761.914055028847,37284.50020274214,36645.11979018953,35838.60837434813,1445.8918283940175,0.0,35016.40333690304,1628.7164532864806,1.261707893718267e-11
Q43,2025-08-20 18:00:00,True,10741.003252513916,24190.286717484923,23864.24646909932,23716.74033844855,20.256669076542067,453.28970995982945,23801.573312831366,62.6731562679515,0.0
Q43,2025-08-21 06:00:00,True,10800.0,43030.07911653191,37250.427582787204,38022.152063220215,0.0,5007.927053311696,35288.839664436164,1961.5879183510442,0.0
Q43,2025-08-21 12:00:00,True,8587.805046167965,35873.15757755406,34929.853621071255,34678.94085875651,1194.216718797549,0.0,33964.95163026212,964.901990809138,0.0
Q43,2025-08-21 18:00:00,True,10800.0,23368.286606520447,23351.79105370906,23368.286606520447,0.0,0.0,23335.29550089768,16.495552811383398,0.0
Q43,2025-08-22 06:00:00,True,3496.8814692841324,14732.159725517795,14289.59497106797,14732.159725517795,0.0,0.0,13847.030216618148,442.5647544498231,0.0
Q43,2025-08-22 12:00:00,True,10800.0,14762.473620813236,14307.508812708931,13847.030216618146,442.5647544498231,472.8786497452671,13882.857899900067,424.6509128088636,0.0
Q43,2025-08-22 18:00:00,True,10764.00823222043,11730.923958152584,11546.567832195322,11471.03953821131,52.23171532544442,207.65270461582938,11517.632695528446,28.935136666876424,0.0
Q43,2025-08-23 06:00:00,True,4145.371331153342,17498.985462986137,14099.305702923508,13406.589310619649,0.0,4092.3961523664857,13868.400238822222,230.90546410128678,0.0
Q43,2025-08-23 12:00:00,True,10800.0,14754.606910998864,14183.557111816657,13868.400238822223,230.90546410128678,655.3012080753535,13924.567844750987,258.98926706566976,0.0
Q43,2025-08-23 18:00:00,False,10800.0,11494.84088760665,11494.84088760665,11450.994449144797,43.846438461852586,0.0,11450.994449144797,43.84643846185306,0.0
Q43,2025-08-24 06:00:00,True,9653.278504825259,37557.60634497493,35572.21622438224,37465.027287051525,0.0,92.57905792340024,33655.71576069397,1916.5004636882518,1.34083251168704e-11
Q43,2025-08-24 12:00:00,True,6533.005263741589,59291.302834165166,36787.0410448136,33643.871060184494,1826.9130635234064,23820.518710457265,36255.43039282787,531.6106519857318,0.0
Q43,2025-08-24 18:00:00,True,10800.0,23971.200290832,23965.362458627096,23960.282716070724,10.917574761274293,0.0,23948.60705166092,16.755406966174725,0.0
Q43,2025-08-25 06:00:00,True,10800.0,51555.20983179089,46212.50989006664,51154.79945305475,0.0,400.4103787361372,41157.57048430881,5054.939405757831,0.0
Q43,2025-08-25 12:00:00,True,7506.938948462926,42679.92272415787,41562.44379394742,39731.50536436384,2948.41735979403,0.0,37609.19734671267,3953.246447234746,0.0
Q43,2025-08-25 18:00:00,True,10794.043415503034,23508.03597240009,23466.88186392628,23422.990050268778,39.44588517324147,45.60003695807015,23431.8819072373,34.99995668897853,0.0
Q43,2025-08-26 06:00:00,True,10737.235511846751,50953.90298280749,39239.472060028565,37882.810463107635,0.0,13071.092519699858,38787.251527721586,452.2205323069785,0.0
Q43,2025-08-26 12:00:00,True,7983.373817587492,38226.88373962928,36798.362908621624,37997.76618995231,229.11754967697541,0.0,36057.1947266449,741.1681819767252,0.0
Q43,2025-08-26 18:00:00,False,10800.0,23908.528444083146,23908.52844408316,23841.72668982926,66.80175425388768,0.0,23841.72668982926,66.80175425388822,1.4929719327483325e-11
Q43,2025-08-27 06:00:00,True,10800.0,87932.77888127948,43398.28114148147,36895.91286973028,0.0,51036.866011549195,41215.61674744758,2182.6643940338927,0.0
Q43,2025-08-27 12:00:00,True,8292.210255672682,40826.30808096129,37002.28280059086,38994.22181958131,1832.08626137998,0.0,36082.4832101848,919.7995904060583,0.0
Q43,2025-08-27 18:00:00,True,10800.0,23226.829133155734,23210.142283465688,23221.453856469678,5.375276686054669,0.0,23188.080157089586,22.062126376102288,0.0
Q43,2025-08-28 06:00:00,True,10800.0,83231.35350241105,42455.51335788772,35228.3813247354,0.0,48002.97217767565,40046.469346836944,2409.044011050776,0.0
Q43,2025-08-28 12:00:00,True,5459.8003248453415,39920.4229378459,37779.721126079225,37913.04021079625,1996.6050498829852,10.777677166663851,36493.090787729576,1286.630338349646,0.0
Q43,2025-08-28 18:00:00,False,10800.0,23138.380257455243,23138.38025745525,23095.19198666205,43.18827079319327,0.0,23095.19198666205,43.18827079319372,8.039057775022229e-12
Q43,2025-08-29 06:00:00,True,5565.201577141019,15379.757093302533,14734.41726848794,15379.757093302533,0.0,0.0,14089.077443673348,645.3398248145921,0.0
Q43,2025-08-29 12:00:00,True,10800.0,21148.989395075143,15051.97295967808,14089.07744367335,645.3398248145921,6414.572126587201,14724.188826053625,327.784133624454,0.0
Q43,2025-08-29 18:00:00,False,10800.0,11700.313304439842,11700.31330443986,11653.842669012352,46.47063542749017,0.0,11653.842669012349,46.470635427491516,1.9378390447855054e-11
Q43,2025-08-30 06:00:00,True,3960.2496459852155,15145.762456272118,14530.585428034037,14615.32321543659,0.0,530.4392408355268,14332.221563678659,198.3638643553795,0.0
Q43,2025-08-30 12:00:00,True,10800.0,14530.585428034037,14335.81124619569,14332.221563678659,198.3638643553795,0.0,14056.29927695479,279.5119692409005,0.0
Q43,2025-08-30 18:00:00,True,10757.80715477681,11690.553519351304,11461.734126769135,11405.127139637281,28.425667855371145,257.0007118586515,11461.489778190245,0.2443485788892564,0.0
Q43,2025-08-31 06:00:00,True,10010.316666666666,48686.57221530334,38196.85661138474,36939.31827919882,0.0,11747.253936104516,37777.67716732277,419.1794440619729,0.0
Q43,2025-08-31 12:00:00,True,6056.625792222222,37260.063298130335,36010.305666546425,36866.57880113855,393.48449699178036,0.0,35941.00152593786,69.30414060856259,0.0
Q43,2025-08-31 18:00:00,False,10800.0,23286.798933405178,23286.79893340519,23254.735130630623,32.06380277455682,0.0,23254.73513063062,32.06380277455756,1.2766702184308086e-11
Q43,2025-09-01 06:00:00,True,10800.0,37202.337118469666,34376.39121856438,37202.337118469666,0.0,0.0,31550.445318659084,2825.9458999052918,0.0
Q43,2025-09-01 12:00:00,True,8342.775111472321,40947.25765975564,32238.266873208864,30841.27190435545,1198.047298414402,8907.93845698579,30808.113647418577,1430.1532257902873,0.0
Q43,2025-09-01 18:00:00,True,10800.0,20244.483366848734,20224.737143583403,20243.470304077484,1.0130627712500244,0.0,20203.977857546815,20.75928603658459,2.982005753437989e-12
Q43,2025-09-02 06:00:00,True,10786.833025850645,61028.541577551994,35161.406425076704,30646.31433271926,0.0,30382.227244832735,33656.375727624225,1505.0306974524824,0.0
Q43,2025-09-02 12:00:00,True,8308.497215968731,33217.143840583325,30355.279816785245,32046.266252319172,1139.5347526716441,31.34283559250526,29689.932876016752,665.3469407684813,1.0539679351495579e-11
Q43,2025-09-02 18:00:00,True,10800.0,19996.991371890937,19992.040263090483,19995.846440631027,1.1449312599112564,0.0,19985.944223030117,6.096040060365496,0.0
Q43,2025-09-03 06:00:00,True,10800.0,38668.76235437937,34608.02593604308,34647.32137156286,0.0,4021.4409828165108,33529.54337770195,1078.4825583411282,0.0
Q43,2025-09-03 12:00:00,True,7887.718684573375,33916.66896633286,33140.337250420365,33387.634821787455,504.1340966322405,24.900047913163675,32300.318442614214,840.0188078061478,4.71550265501719e-12
Q43,2025-09-03 18:00:00,True,10800.0,20467.942707460687,20458.412617507485,20462.398805217592,5.543902243094785,0.0,20443.338625311168,15.073992196308224,1.1143333722429817e-11
Q43,2025-09-04 06:00:00,True,9303.335744515298,32930.90395901985,29446.45601852614,29190.575268046687,0.0,3740.328690973167,28841.778939343334,604.6770791828058,0.0
Q43,2025-09-04 12:00:00,True,6606.802678959743,29446.456018526136,28591.312795544432,28841.77893934333,604.6770791828058,0.0,27992.05032304218,599.2624725022541,0.0
Q43,2025-09-04 18:00:00,False,10800.0,17504.17259410205,17504.17259410206,17471.967336371297,32.20525773075079,0.0,17471.967336371297,32.20525773075134,1.2089617484889458e-11
Q43,2025-09-05 06:00:00,True,5607.789508097627,10336.701895749702,9983.562305611404,10336.701895749702,0.0,0.0,9630.422715473103,353.13959013829975,0.0
Q43,2025-09-05 12:00:00,True,10800.0,9995.469965867052,9947.570639949965,9630.422715473105,353.13959013829975,11.907660255647498,9558.439384150228,389.1312557997372,0.0
Q43,2025-09-05 18:00:00,False,10800.0,7900.931673183229,7900.93167318323,7836.872176034882,64.05949714834726,0.0,7836.872176034883,64.05949714834657,0.0
Q43,2025-09-06 06:00:00,True,4188.799225187004,8620.062966471438,8469.107364675087,8620.062966471438,0.0,0.0,8318.151762878735,150.95560179635106,0.0
Q43,2025-09-06 12:00:00,True,10800.0,8469.107364675087,8431.286270073619,8318.151762878735,150.95560179635106,0.0,8242.509573675798,188.77669639782056,0.0
Q43,2025-09-06 18:00:00,True,10762.278629565106,6930.503562286506,6753.215714804375,6701.084789894452,32.83573643913017,196.58303595292384,6739.675166836035,13.540547968338974,1.3166072676540352e-12
Q43,2025-09-07 06:00:00,True,9355.804619857578,59813.815836755035,29916.512118206992,25578.949412939317,0.0,34234.86642381572,28470.657883117758,1445.8542350892192,1.5777459339005873e-11
Q43,2025-09-07 12:00:00,True,7126.819666359845,27952.766103770085,25696.850356975858,27050.119492577112,735.5850398188974,167.06157137407584,25539.809585528266,157.0407714475855,4.733237801701762e-12
Q43,2025-09-07 18:00:00,True,10766.72987834687,16602.458819464657,16548.640355405456,16527.41795912484,0.0,75.04086033981606,16541.56622331192,7.074132093538285,0.0
Q43,2025-09-08 06:00:00,True,9526.368417408057,29030.680908339156,24723.180062482996,24491.50484237673,0.0,4539.176065962428,23823.822991422192,899.3570710607972,5.255735402442951e-12
Q43,2025-09-08 12:00:00,True,6382.619754733865,25489.616070889904,23849.70132773479,22861.035687553955,602.1537995114952,2026.4265838244555,23126.318883777552,723.382443957227,1.0475041278823483e-11
Q43,2025-09-08 18:00:00,True,9323.538390152265,21688.51107297754,15684.332113591548,13113.3735121822,2.315348772538632,8572.822212022802,14825.802347273406,858.5297663181426,3.642952606242034e-14
Q43,2025-09-09 06:00:00,True,10098.047666666667,57267.827600553195,31476.100328898545,26796.852994217217,0.0,30470.974606335978,29916.351217338102,1559.7491115604419,0.0
Q43,2025-09-09 12:00:00,True,7547.906050925926,31496.862838075558,28286.236083223288,29916.351217338102,1559.7491115604419,20.762509177013136,27700.997328567235,585.2387546560542,0.0
Q43,2025-09-09 18:00:00,True,10796.218709383433,17198.529362740366,17181.285671133224,17196.384445435553,2.144917304812585,0.0,17162.171727769713,19.11394336351089,6.040618005798137e-13
Q43,2025-09-10 06:00:00,True,10800.0,33844.16085112358,32022.89700270323,33807.090084153555,0.0,37.07076697002686,30224.277245228128,1798.6197574751018,0.0
Q43,2025-09-10 12:00:00,True,6436.551479518093,40275.00596026854,30465.70630646183,28405.18181761627,808.1757158264462,11061.648426825825,29731.395622946897,734.3106835149343,0.0
Q43,2025-09-10 18:00:00,True,10800.0,17478.896501834275,17477.871591378647,17471.7602904868,7.136211347474362,0.0,17469.710469575548,8.161121803099912,0.0
Q43,2025-09-11 06:00:00,True,10055.508981481482,32623.23601829936,29792.790383304677,32221.005206115587,0.0,402.2308121837739,27256.48140677603,2536.3089765286395,5.368633537727873e-12
Q43,2025-09-11 12:00:00,True,5584.836537922759,29482.99410517416,28696.745012997802,27202.43432991717,1700.2191293403603,580.3406459166283,26773.09802101882,1923.646991978981,0.0
Q43,2025-09-11 18:00:00,False,10800.0,17008.430125997165,17008.430125997165,16996.903243420787,11.526882576379144,0.0,16996.903243420787,11.52688257637885,0.0
Q43,2025-09-12 06:00:00,True,5556.494775565279,9612.484502147981,9365.309390683304,9612.484502147981,0.0,0.0,9118.134279218624,247.17511146467868,0.0
Q43,2025-09-12 12:00:00,True,10800.0,13445.005384187638,9589.785839257043,9118.134279218624,247.17511146467868,4079.6959935043355,9562.791919625799,26.993919631243877,0.0
Q43,2025-09-12 18:00:00,True,10800.0,7359.831625124193,7359.470848473854,7359.831625124193,0.0,0.0,7359.110071823515,0.3607766503392368,0.0
Q43,2025-09-13 06:00:00,True,5223.242740623844,8739.718340955904,8630.094381230923,8739.718340955904,0.0,0.0,8520.470421505941,109.62395972498139,1.0800249583553522e-13
Q43,2025-09-13 12:00:00,True,10800.0,9404.537132571571,8674.895026127571,8520.470421505943,109.62395972498139,774.4427513406464,8610.071711299239,64.82331482833274,1.0800249583553522e-13
Q43,2025-09-13 18:00:00,True,10699.876037962733,7153.535881535222,6730.729400581459,6580.872192280972,1.6717523500209797,570.991936904229,6681.8914993813105,48.83790120014834,1.0800249583553522e-13
Q43,2025-09-14 06:00:00,True,10800.0,35672.41133621253,33192.43240530412,35672.41133621253,0.0,0.0,30712.453474395705,2479.9789309084117,0.0
Q43,2025-09-14 12:00:00,True,8026.442717448022,29092.322037210324,28500.257238428432,28232.511463894287,859.8105733160361,0.0,27048.381866330506,1451.875372097926,0.0
Q43,2025-09-14 18:00:00,False,10800.0,16486.842987622276,16486.842987622276,16469.610849859557,17.232137762720036,0.0,16469.610849859557,17.232137762720036,0.0
Q43,2025-09-15 06:00:00,True,10614.074909392331,30933.99578629856,26942.628324858153,26194.049992809945,0.0,4739.945793488618,26693.102214175415,249.52611068273396,3.860520791931777e-12
Q43,2025-09-15 12:00:00,True,6512.53068,26967.398191731692,26479.475276736666,26693.102214175415,249.52611068273396,24.769866873544494,26384.33351542776,95.14176130890569,0.0
Q43,2025-09-15 18:00:00,True,10800.0,16019.39975600045,16016.702652272095,16019.39975600045,0.0,0.0,16014.00554854374,2.697103728354255,0.0
Q43,2025-09-16 06:00:00,True,10800.0,36119.928707216946,33802.35762077513,35470.360254508145,0.0,649.5684527088042,31931.82263601029,1870.5349847648392,5.381650680646999e-12
Q43,2025-09-16 12:00:00,True,8372.12745212539,31058.931301830893,29800.913618074013,29686.01117748732,1328.0290000935754,44.89112424999995,27265.59251748878,2535.321100585231,0.0
Q43,2025-09-16 18:00:00,True,10762.160745941499,17005.40891293718,16961.125643128693,16936.48523992124,6.306712831959027,62.616960183980055,16948.70770017157,12.41794295712377,0.0
Q43,2025-09-17 06:00:00,True,10800.0,32362.45222516487,31363.494436417786,32345.388744361117,0.0,17.063480803754747,30371.046815326936,992.4476210908496,0.0
Q43,2025-09-17 12:00:00,True,5594.623553276721,29342.171371261218,28467.418107390033,28683.180750274543,656.6997321567121,2.2908888299642323,26943.75555183769,1523.662555552336,5.317588147590868e-12
Q43,2025-09-17 18:00:00,True,10774.589105512507,16429.21349538571,16293.738460660034,16251.03088047194,25.366577644886682,152.81603726888176,16285.712885558352,8.02557510168169,0.0
Q43,2025-09-18 06:00:00,True,10800.0,73724.86761386838,33486.46535932308,26805.565914406434,0.0,46919.301699461954,31259.4988776842,2226.9664816388854,0.0
Q43,2025-09-18 12:00:00,True,7587.8047472399185,30041.598728892455,26274.389514006165,28779.916334271533,1251.2089553512253,10.473439269695632,26262.85289815852,11.536615847647003,0.0
Q43,2025-09-18 18:00:00,True,10797.826222985186,16100.82640849833,16093.463324816144,16094.200639507224,6.625768991105877,0.0,16079.474472142854,13.988852673290454,0.0
Q43,2025-09-19 06:00:00,True,5075.950114179872,11302.915062971038,9649.698161087623,9329.28514427843,0.0,1973.629918692609,9542.893822151225,106.80433893639727,0.0
Q43,2025-09-19 12:00:00,True,10800.0,9649.698161087623,9151.476292192434,9542.893822151225,106.80433893639727,0.0,8973.667440106437,177.80885208599705,0.0
Q43,2025-09-19 18:00:00,True,10775.211245546923,6804.8425246013485,6689.125713875109,6663.750422636045,11.717113599253665,129.37498836605002,6688.478692528257,0.6470213468519704,0.0
Q43,2025-09-20 06:00:00,True,4859.053315195742,8787.826208562414,8674.255228130383,8787.826208562414,0.0,0.0,8560.684247698353,113.57098043203041,0.0
Q43,2025-09-20 12:00:00,True,10800.0,8674.255228130383,8530.842490345069,8560.684247698353,113.57098043203041,0.0,8273.858772127724,256.9837182173454,0.0
Q43,2025-09-20 18:00:00,True,10705.19081537712,6467.750847815695,6113.8463192014715,5979.226199489252,9.107784903162305,479.4168634232801,6075.0448025661735,38.80151663529833,0.0
Q43,2025-09-21 06:00:00,True,10800.0,34007.13305562143,31831.611025359,31963.63601459873,0.0,2043.4970410227004,31129.948249242996,701.6627761160056,0.0
Q43,2025-09-21 12:00:00,True,8772.747883336338,28766.667289800138,27729.20226823282,28467.57804678813,289.7199609665911,9.36928204541577,26715.305064781922,1013.8972034508978,0.0
Q43,2025-09-21 18:00:00,False,10800.0,16031.242657956838,16031.242657956844,16026.581067833791,4.661590123046556,0.0,16026.581067833795,4.661590123048561,0.0
Q43,2025-09-22 06:00:00,True,10800.0,34836.572936613564,32246.227762065373,34835.437103112854,0.0,1.135833500709963,29656.564087617586,2589.663674447782,4.239154804963619e-12
Q43,2025-09-22 12:00:00,True,5373.199481526789,30495.652325564075,30054.526839807764,28838.339725996113,1616.6642238884683,40.64837567949485,28027.290163532114,2027.2366762756487,0.0
Q43,2025-09-22 18:00:00,True,10556.411854237069,17431.617691963897,16364.763128305485,15930.442148394448,2.5238355775908468,1498.651707991858,16218.306911283413,146.4562170220726,0.0
Q43,2025-09-23 06:00:00,True,10800.0,33910.29683752139,32762.600468203353,33909.26041974396,0.0,1.0364177774313725,31615.56380055152,1147.036667651832,0.0
Q43,2025-09-23 12:00:00,True,5841.041237509455,30042.575735705184,29461.45228883617,29677.9472690018,358.44063414238536,6.187832560999383,28525.826893111323,935.6253957248475,1.5763816918479278e-12
Q43,2025-09-23 18:00:00,True,10793.303610498,16052.780502807358,16022.78697035321,16010.34057538531,0.6564658464181935,41.783461575630035,16018.200528132964,4.5864422202448,1.5763816918479278e-12
Q43,2025-09-24 06:00:00,True,10800.0,43354.31341708464,29944.706802189652,27845.677606903595,0.0,15508.635810181042,29245.030403760964,699.6763984286875,7.646576705155894e-13
Q43,2025-09-24 12:00:00,True,5712.664979312058,33108.76407726205,28361.43341607595,26913.6131081459,447.43501794601536,5747.715951170134,27580.536634801923,780.8967812740257,7.646576705155894e-13
Q43,2025-09-24 18:00:00,True,10799.126658892614,16222.251278640379,16218.462764216889,16215.513053123095,1.4515424578306049,5.286683059452812,16216.511832213737,1.9509320031507573,7.646576705155894e-13
Q43,2025-09-25 06:00:00,True,10800.0,41348.68591285602,32737.54523116768,31346.57630399448,0.0,10002.109608861538,32248.13490368221,489.4103274854717,5.658193913404829e-13
Q43,2025-09-25 12:00:00,True,8877.164769816227,28973.226795917268,27967.092143723024,28650.6841872168,322.5426087004673,0.0,27247.9611164172,719.1310273058218,5.1783217713818885e-12
Q43,2025-09-25 18:00:00,True,10752.008182121674,16280.728792524147,16089.930581323888,16012.054186104546,0.0,268.67460641960093,16063.97178291744,25.95879840644806,0.0
Q43,2025-09-26 06:00:00,True,5493.969520893714,8999.65416271858,8677.449501001567,8992.079291699662,0.0,7.574871018917515,8360.002959153586,317.44654184798054,6.813820618845058e-13
Q43,2025-09-26 12:00:00,True,10776.138000523346,9151.26170901668,8702.705817897855,8360.002959153586,317.44654184798054,473.81220801511483,8406.841731114082,295.86408678377296,6.813820618845058e-13
Q43,2025-09-26 18:00:00,False,10800.0,6020.360434023341,6020.360434023345,6018.73778077785,1.622653245490529,6.813820618845058e-13,6018.73778077785,1.6226532454912679,3.820446181634907e-12
Q43,2025-09-27 06:00:00,True,5149.637451236186,15808.53674769393,9735.028340808516,8572.312229336118,0.0,7236.2245183578125,9347.456303651046,387.5720371574646,5.296442395774648e-12
Q43,2025-09-27 12:00:00,True,10800.0,9746.310917361798,9054.8594304638,9347.456303651046,387.5720371574646,11.282576553287685,8894.010363421236,160.84906704255937,5.296442395774648e-12
Q43,2025-09-27 18:00:00,True,10699.775695725499,6556.976580849737,6187.148898076826,6029.971628331629,1.7143401697994443,525.2906123483077,6133.613581381891,53.5353166949303,5.296442395774648e-12
Q43,2025-09-28 06:00:00,True,10800.0,64481.21158144403,37669.84666822924,32329.225240867414,0.0,32151.986340576623,35889.639525775296,1780.207142453944,0.0
Q43,2025-09-28 12:00:00,True,7690.756577251543,33191.66783364917,28532.167856681488,31201.590195009576,1502.9114613434501,487.16617729614387,27932.383304170628,599.7845525108619,0.0
Q43,2025-09-28 18:00:00,True,10564.623245190029,17403.894388908542,16369.113446156342,15955.567207678985,0.9366717143465924,1447.3905095152095,16230.640252187659,138.47319396868306,0.0
Q43,2025-09-29 06:00:00,True,10655.290517979081,33691.3017203413,31011.655365907045,33691.3017203413,0.0,0.0,28332.0090114728,2679.646354434245,0.0
Q43,2025-09-29 12:00:00,True,4647.05869135767,38832.47027964761,28731.31121826204,26833.098248784027,1375.9286544450667,10623.443376418521,27867.55516065333,863.7560576087083,0.0
Q43,2025-09-29 18:00:00,True,10746.37544423433,15437.348413393485,15209.155551279375,15112.574440881705,2.5279295491468745,322.2460429626338,15175.276561447386,33.87898983198779,0.0
Q43,2025-09-30 06:00:00,True,10541.130980081793,37964.669688150396,34074.49420409467,33634.81189891224,0.0,4329.857789238159,33113.94552355524,960.5486805394286,1.5667183106415906e-12
Q43,2025-09-30 12:00:00,True,5013.236480325173,33357.10754507064,30757.279907233242,29976.770146317067,611.5244671951326,2768.812931558439,30307.213131422555,450.0667758106864,1.5667183106415906e-12
Q43,2025-09-30 18:00:00,True,10716.935924119107,16047.499046514442,15679.030234515396,15529.465899472558,2.915433670317412,515.1177133715663,15627.231833720904,51.798400794490234,1.5667183106415906e-12
Q43,2025-10-01 06:00:00,True,10800.0,30853.728587168407,27891.136801088483,28003.418283975272,0.0,2850.3103031931337,26988.1649518674,902.9718492210845,0.0
Q43,2025-10-01 12:00:00,True,9024.128215555556,26951.736458561754,26054.946864641985,26376.468765486155,519.6235631425299,55.64412993306965,25204.66602789642,850.2808367455655,0.0
Q43,2025-10-01 18:00:00,True,10800.0,14588.735778421402,14588.08993538168,14586.528774056342,2.2070043650606683,0.0,14585.237087976897,2.852847404782869,0.0
Q43,2025-10-02 06:00:00,True,10791.884014099334,32380.03216637839,29255.05397060541,32380.03216637839,0.0,0.0,26130.075774832418,3124.9781957729874,4.660680730239619e-12
Q43,2025-10-02 12:00:00,True,7280.976270091726,26327.91845471258,25697.742051394962,24730.44049185412,1541.944087285885,55.53387557257622,23573.63744780535,2124.1046035896125,0.0
Q43,2025-10-02 18:00:00,True,10744.585098179276,14551.582405213225,14310.572672848892,14215.32918355283,2.5252876803655653,333.7279339800276,14278.00237201755,32.57030083133663,3.803677373070969e-12
Q43,2025-10-03 06:00:00,True,4966.013643027518,7388.1900145102845,6735.3320474117345,6604.796081868051,0.0,783.3939326422336,6688.433336872263,46.89871053947006,1.3354792827158235e-12
Q43,2025-10-03 12:00:00,True,10800.0,7933.437533764868,6910.704749532315,6688.433336872264,46.89871053947006,1198.1054863531344,6808.735193644227,101.96955588808785,0.0
Q43,2025-10-03 18:00:00,True,10800.0,4746.7557656759145,4746.331378985291,4746.7557656759145,0.0,0.0,4745.906992294667,0.42438669062376455,0.0
Q43,2025-10-04 06:00:00,True,6011.290072351509,7267.74532630488,7166.680089209689,7267.74532630488,0.0,0.0,7065.614852114499,101.06523709519035,0.0
Q43,2025-10-04 12:00:00,True,10800.0,7178.17251438367,7154.196430035526,7065.614852114499,101.06523709519035,11.492425173981092,7040.647533766172,113.54889626935335,0.0
Q43,2025-10-04 18:00:00,False,10800.0,4733.047075681588,4733.047075681598,4732.651920605337,0.3951550762502272,0.0,4732.651920605336,0.39515507625195945,9.2959453468211e-12
Q43,2025-10-05 06:00:00,True,10442.016057719255,31152.1010221388,27507.383638040963,30042.74561418814,0.0,1109.3554079506584,24665.765377476368,2841.6182605645845,1.1885094686192587e-11
Q43,2025-10-05 12:00:00,True,5274.580781610467,25293.0475746624,24561.260008874975,23894.88591835785,639.056801505736,759.1048547988141,23784.795945790578,776.4640630843976,7.48762829516636e-13
Q43,2025-10-05 18:00:00,True,10766.530190863894,13606.973076022708,13479.787506200804,13425.931209679495,0.0,181.0418663432135,13461.835407360368,17.95209884043647,7.48762829516636e-13
Q43,2025-10-06 06:00:00,True,10800.0,45543.45772430593,27719.887588695048,24931.44961012364,0.0,20612.00811418229,26790.408262504578,929.4793261904694,0.0
Q43,2025-10-06 12:00:00,True,6065.142266004061,26143.78094742804,24788.511804709484,25362.293665925135,559.3764697842306,222.1108117186757,24606.85477859188,181.65702611760173,0.0
Q43,2025-10-06 18:00:00,True,10643.699842720536,14379.898929000301,13703.561714271951,13444.484844127455,0.04074930902775971,935.3733355638184,13617.1755913511,86.3861229208497,0.0
Q43,2025-10-07 06:00:00,True,10800.0,29201.11337515819,27322.000453933906,27267.348966344638,0.0,1933.7644088135535,26854.863392286785,467.1370616471206,7.469793672498781e-13
Q43,2025-10-07 12:00:00,True,6469.4708266679,30332.99743219755,25138.321906358182,24107.957821244054,206.7911672402044,6018.24844371329,24328.829422147654,809.4924842105181,1.1204690508748172e-11
Q43,2025-10-07 18:00:00,True,10787.951250554017,13626.500677028627,13575.754055330774,13554.436178278736,0.8148213385417594,71.24967741134876,13568.104882087733,7.6491732430394865,7.469793672498781e-13
Q43,2025-10-08 06:00:00,True,10800.0,24873.229906368102,24235.25730260106,24609.262278771843,0.0,263.96762759626006,23774.775564507232,460.481738093824,3.598643161240034e-12
Q43,2025-10-08 12:00:00,True,5188.313512888555,23883.67342887852,22654.94591207968,22413.088436454076,274.64458818416307,1195.9404042402807,22232.629638672275,422.31627340740454,0.0
Q43,2025-10-08 18:00:00,True,10553.966677647735,13328.46866337931,12275.110982616929,11861.205833957416,1.5070098421672016,1465.7558195797267,12136.137926502313,138.9730561146153,0.0
Q43,2025-10-09 06:00:00,True,10800.0,31684.96094068534,27724.780040048096,31656.65877560273,0.0,28.302165082611822,23782.561225868747,3942.218814179348,0.0
Q43,2025-10-09 12:00:00,True,4329.32596958704,26726.160219893773,24590.642198761685,22723.04998981205,1751.8306361732273,2251.279593908494,22963.070353018466,1627.5718457432135,7.0563714871241246e-12
Q43,2025-10-09 18:00:00,True,10696.82349222497,12989.945346359045,12523.278517575129,12349.08352383283,0.46071524277616865,640.4011072834388,12464.906376165845,58.37214140928369,0.0
Q43,2025-10-10 06:00:00,True,5853.93968566318,6521.236109392573,6275.852637145327,6296.0090888315135,0.0,225.22702056105908,6192.908054476297,82.94458266902929,5.950937520537991e-13
Q43,2025-10-10 12:00:00,True,10800.0,6275.852637145327,6127.287266404895,6192.908054476298,82.94458266902929,0.0,5958.565443978275,168.72182242661904,5.950937520537991e-13
Q43,2025-10-10 18:00:00,True,10415.519839169903,4736.490020197357,4104.676377498762,3833.8991020565068,0.0,902.5909181408504,4014.4172856846767,90.25909181408515,0.0
Q43,2025-10-11 06:00:00,True,6453.171897108819,8007.848694665672,6610.900863266354,6294.776867950015,0.0,1713.0718267156574,6505.526198160907,105.37466510544661,0.0
Q43,2025-10-11 12:00:00,True,10800.0,6610.900863266354,6281.5571062966665,6505.526198160907,105.37466510544661,0.0,6256.332368778371,25.22473751829522,0.0
Q43,2025-10-11 18:00:00,True,10547.983543645518,4316.4330988260035,4122.082137780816,4038.3973261385413,0.3915426229088237,277.6442300645534,4093.9261721514517,28.15596562936419,0.0
Q43,2025-10-12 06:00:00,True,10800.0,30399.579154903757,27921.351278400474,27683.71034058076,0.0,2715.8688143229942,27412.98521797766,508.3660604228145,7.304947757802437e-13
Q43,2025-10-12 12:00:00,True,7635.645583122146,24436.032714088942,23541.754636160986,24049.296393813034,186.50174956063123,200.23457071527562,22851.717793431148,690.0368427298386,7.304947757802437e-13
Q43,2025-10-12 18:00:00,True,10433.994680521486,14896.108921225676,13405.996954112596,12779.100165671363,0.41829327604173344,2116.5904622782714,13196.75249578149,209.2444583311054,0.0
Q43,2025-10-13 06:00:00,True,10794.405980525073,32250.413771953226,27967.350445036747,29190.77893232907,0.0,3059.6348396241547,25791.544602757207,2175.805842279541,0.0
Q43,2025-10-13 12:00:00,True,6751.6981070715365,26828.899418253266,24937.901314591996,23683.82413487047,1392.3240065094471,1752.7512768733516,23407.17274320574,1530.7285713862536,0.0
Q43,2025-10-13 18:00:00,True,10675.745712365942,13675.871774442525,13144.66232903516,12934.740589317831,0.041337388888870556,741.0898477358046,13074.660857536792,70.00147149836864,0.0
Q43,2025-10-14 06:00:00,True,10800.0,33179.650350764685,29254.823283048554,31378.046819278017,0.0,1801.6035314866679,26538.734949506197,2716.0883335423578,0.0
Q43,2025-10-14 12:00:00,True,4054.497777325436,41039.881652406744,26524.996152225198,24194.63558610428,1580.6560683421662,15264.589997960298,25727.63264834693,797.3635038782661,0.0
Q43,2025-10-14 18:00:00,True,10800.0,12616.981839567698,12616.957695594372,12616.572529376725,0.40931019097218135,0.0,12616.524241430061,0.43345416430750167,3.2099336522151137e-12
Q43,2025-10-15 06:00:00,True,10800.0,33264.83393343675,30398.939766424286,33264.813929915916,0.0,0.020003520836145185,27533.05788074932,2865.8818856749676,2.319211489520967e-13
Q43,2025-10-15 12:00:00,True,6159.528023921602,31949.38449054925,26765.74852221813,24261.94044508589,2191.9002233247434,5495.543822138619,24885.59612014811,1880.1524020700213,2.319211489520967e-13
Q43,2025-10-15 18:00:00,True,10742.897985475129,12869.742816244252,12629.619708844844,12531.722618889691,0.041938684027903496,337.97825867053376,12596.959386403774,32.66032244107012,2.319211489520967e-13
Q43,2025-10-16 06:00:00,True,10800.0,34930.091239899404,31936.641293159333,31795.760354872684,0.0,3134.3308850267176,30946.914451242537,989.7268419167974,0.0
Q43,2025-10-16 12:00:00,True,7647.585688087319,27965.622205654818,26845.16066695562,26513.189225374303,725.0465177811263,727.3864624993885,25788.889531946606,1056.271135009015,0.0
Q43,2025-10-16 18:00:00,True,10544.757706358287,14164.015638505569,13084.777200723262,12648.680427498773,0.0,1515.335211006796,12939.411609648432,145.3655910748291,0.0
Q43,2025-10-17 06:00:00,True,5812.804025117259,11167.777501532477,7069.802663227013,6154.755410622806,0.0,5013.02209090967,6764.786912358944,305.01575086806866,0.0
Q43,2025-10-17 12:00:00,True,10800.0,7069.802663227012,7030.440356696311,6764.7869123589435,305.01575086806866,0.0,6738.545374671809,291.89498202450153,0.0
Q43,2025-10-17 18:00:00,True,10585.25117732919,4185.917348752756,4179.3099175731595,4185.47617681454,0.4411719382156515,0.0,4174.026002208211,5.283915364948447,0.0
Q43,2025-10-18 06:00:00,True,6054.166892780732,7394.504720978629,7236.380617629282,7379.948901510077,0.0,14.555819468551544,7088.190022009195,148.1905956200876,0.0
Q43,2025-10-18 12:00:00,True,10800.0,7236.380617629284,7070.326630878903,7088.190022009196,148.1905956200876,0.0,6760.70436024773,309.622270631174,0.0
Q43,2025-10-18 18:00:00,False,10800.0,3961.0396948457574,3961.0396948457574,3961.0396948457574,0.0,0.0,3961.0396948457574,0.0,0.0
Q43,2025-10-19 06:00:00,True,10794.450886655779,33374.70965314014,32981.83553735197,33363.12503381875,0.0,11.58461932138838,32596.519807936627,385.31572941534483,0.0
Q43,2025-10-19 12:00:00,True,7364.815899179181,28714.89008519495,27800.87776500379,28269.04315045774,322.1475031664751,123.69943157073722,26674.578694439064,1126.2990705647248,0.0
Q43,2025-10-19 18:00:00,False,10800.0,12840.3319783957,12840.331978395703,12840.3319783957,0.0,0.0,12840.331978395701,1.0513588222238468e-12,0.0
Q43,2025-10-20 06:00:00,True,10769.861876355317,36394.068644033796,35129.852938407384,36394.068644033796,0.0,7.502194421249442e-13,33865.63723278097,1264.215705626411,7.502194421249442e-13
Q43,2025-10-20 12:00:00,True,7065.171942310205,28575.185454458573,27473.484047561717,27821.313048316108,594.6443657186632,159.22804042380184,25936.366315369978,1537.117732191727,1.1253291631874163e-11
Q43,2025-10-20 18:00:00,False,10800.0,12767.272409256706,12767.272409256711,12767.272409256706,0.0,7.502194421249442e-13,12767.272409256706,1.482555944676278e-12,4.3535379745662796e-12
Q43,2025-10-21 06:00:00,True,10697.242191252202,35811.89548076255,35618.61935486394,35782.22929956066,0.0,29.666181201886403,35443.14293768647,175.4764171774734,0.0
Q43,2025-10-21 12:00:00,True,6643.462248719812,29653.42973564792,28443.48792431,29288.956434424334,173.01370676106782,191.45959446251734,27244.249703890568,1199.2382204194319,0.0
Q43,2025-10-21 18:00:00,True,10776.190766860873,13002.615395171799,12902.626615865387,12861.616774099,0.5039077037831452,140.49471336901559,12888.620730140736,14.005885724650774,0.0
Q43,2025-10-22 06:00:00,True,10800.0,33475.07569630391,32542.1165771259,33470.689151416576,0.0,4.386544887330932,31611.789384880296,930.3271922456056,0.0
Q43,2025-10-22 12:00:00,True,6691.3465333081185,31906.461813336744,26074.63746279567,24973.90939785525,685.834110310411,6246.718305171086,25710.218616800514,364.418845995154,0.0
Q43,2025-10-22 18:00:00,False,10800.0,12456.076806902247,12456.076806902256,12456.076806902247,0.0,0.0,12456.076806902252,3.2364141588914205e-12,0.0
Q43,2025-10-23 06:00:00,True,10800.0,41391.22462579586,35004.95313851122,39851.48007345227,0.0,1539.7445523435865,29724.416786293805,5280.536352217405,1.3426642908598297e-11
Q43,2025-10-23 12:00:00,True,7333.198828573481,30201.04374504511,27577.182816926208,24903.345162037895,2275.7760904574125,3021.922492549802,25299.336185159806,2277.8466317663924,9.510472409601789e-12
Q43,2025-10-23 18:00:00,True,10694.617584185418,12946.630683918696,12512.633227045355,12336.308422728558,0.0,610.3222611901377,12453.85829227309,58.774934772265624,0.0
Q43,2025-10-24 06:00:00,True,6937.811114960519,8159.740107374243,6953.640244805826,6647.978016491623,0.0,1511.7620908826204,6851.752835367757,101.88740943806683,2.5160034056170844e-12
Q43,2025-10-24 12:00:00,True,10800.0,6965.900502726126,6834.99363639919,6851.752835367758,101.88740943806683,12.26025792030158,6772.6550964299995,62.33853996918774,2.5160034056170844e-12
Q43,2025-10-24 18:00:00,True,10432.347042111902,4175.582054684325,4006.4996129701244,3933.655797393407,0.3799119849170156,241.54634530600157,3981.965066454607,24.5345465155172,0.0
Q43,2025-10-25 06:00:00,True,7012.8864958705,6855.746083455961,6611.287431383725,6544.884381808091,0.0,310.86170164786915,6585.809500159108,25.477931224616086,0.0
Q43,2025-10-25 12:00:00,True,10800.0,6825.353184219113,6639.079698923045,6585.809500159108,25.477931224616086,214.0657528353892,6582.678959646914,56.400739276130466,0.0
Q43,2025-10-25 18:00:00,True,10466.2989131093,4036.239610665654,3855.2100420025395,3777.6259411469164,0.0,258.61366951873737,3829.348675050665,25.861366951874352,0.0
Q43,2025-10-26 06:00:00,True,10800.0,37372.17943864115,33857.26991955127,36395.53177813409,0.0,976.6476605070598,31010.798071462046,2846.4718480892143,6.535401553264818e-12
Q43,2025-10-26 12:00:00,True,6653.42913238306,29446.425141509008,27116.980187563167,26305.051671273886,673.450586864868,2467.9228833702523,26591.997062852315,524.9831247108532,0.0
Q43,2025-10-26 18:00:00,True,10724.651716397546,13053.47139045597,12737.725161502727,12609.496698985235,0.0,443.97469147073554,12694.982340663562,42.74282083916411,0.0
Q43,2025-10-27 06:00:00,True,10800.0,62840.23970100764,37299.352882659034,31876.22531224178,0.0,30964.014388765856,35491.64369251995,1807.709190139085,0.0
Q43,2025-10-27 12:00:00,True,8178.4565224457165,31703.90278047697,28334.90413690871,29671.21416937303,1526.9539137157944,505.7346973881448,27408.60232765998,926.3018092487257,3.61666252501891e-12
Q43,2025-10-27 18:00:00,False,10800.0,12694.523463744086,12694.523463744088,12694.523463744086,0.0,0.0,12694.523463744084,1.5048229329295286e-12,1.854073161666747e-12
Q43,2025-10-28 06:00:00,True,10800.0,54760.45999281892,36470.11378911947,32310.399846921915,0.0,22450.060145897005,35054.42467356562,1415.689115553842,3.086370270466432e-12
Q43,2025-10-28 12:00:00,True,8506.62312356517,29348.168983332154,27591.924346231972,28063.475071889876,1259.4791729146916,25.214738527588235,26732.234116007203,859.690230224767,3.086370270466432e-12
Q43,2025-10-28 18:00:00,False,10800.0,12786.606913943828,12786.60691394383,12786.606913943824,0.0,3.086370270466432e-12,12786.606913943824,7.406242730212398e-13,5.178753781365231e-12
Q43,2025-10-29 06:00:00,True,10800.0,38203.26459164124,37779.737393859024,37790.065507973806,0.0,413.19908366743334,37633.76782230771,145.96957155131435,7.568132787127979e-13
Q43,2025-10-29 12:00:00,True,7234.95115560808,29631.650209101786,28752.276070502896,29498.268997069303,130.30001198253916,3.0812000499431833,27754.695370452482,997.5807000504042,1.1352199180691969e-11
Q43,2025-10-29 18:00:00,True,10736.99180065191,12758.242679191613,12487.612381679668,12380.741654437397,0.0,377.5010247542165,12451.988805932244,35.62357574742358,7.568132787127979e-13
Q43,2025-10-30 06:00:00,True,10800.0,42014.85581059285,33944.17501963603,31861.38175737648,0.0,10153.474053216374,33246.268439679436,697.906579956596,7.364633347606287e-13
Q43,2025-10-30 12:00:00,True,7236.771526013579,28377.393849611697,27904.45355366429,27638.261084355912,695.1749605540341,43.95780470174919,27067.60445936714,836.8490942971396,1.1046950021409431e-11
Q43,2025-10-30 18:00:00,True,10795.358477662783,12467.141451531777,12448.055256397414,12440.080448001336,0.0,27.06100353044232,12445.396986932054,2.658269465359211,7.364633347606287e-13
Q43,2025-10-31 06:00:00,True,7209.823025576031,7867.15848725069,7474.410176066035,7867.15848725069,0.0,0.0,7081.661864881381,392.7483111846544,0.0
Q43,2025-10-31 12:00:00,True,9277.27195983529,8232.586399749109,7528.13856129988,7081.661864881381,392.7483111846544,758.1762236830738,7189.11863534907,339.01992595080986,0.0
Q43,2025-10-31 18:00:00,False,10800.0,3648.910840658097,3648.910840658099,3648.910840658097,0.0,0.0,3648.910840658098,6.859863788122311e-13,0.0
Q43,2025-11-01 06:00:00,True,7144.255407654742,7312.473579470694,7148.078777937028,7312.473579470694,0.0,0.0,6983.683976403361,164.39480153366657,0.0
Q43,2025-11-01 12:00:00,True,10103.12918580289,8742.692683099387,7257.208167054722,6983.683976403361,164.39480153366657,1594.613905162359,7187.937954749661,69.27021230506102,0.0
Q43,2025-11-01 18:00:00,True,10589.339866062432,3929.4761368991185,3914.0569685991986,3929.4761368991185,0.0,0.0,3898.6378002992788,15.419168299919795,0.0
Q43,2025-11-02 06:00:00,True,10800.0,58351.035303197066,40470.9660106399,36547.59231320227,0.0,21803.442989994794,39151.76453525225,1319.2014753876485,0.0
Q43,2025-11-02 12:00:00,True,7220.737073155908,32114.94083684484,29277.389204113515,31478.730344443175,636.2104924016637,0.0,28317.12366349131,960.2655406222041,0.0
Q43,2025-11-02 18:00:00,False,10800.0,12420.962211804715,12420.96221180472,12420.962211804715,0.0,0.0,12420.962211804717,1.5903367511782562e-12,0.0
Q43,2025-11-03 06:00:00,True,10800.0,40825.03635063573,39398.9611543121,40779.858286561794,0.0,45.1780640739344,38002.70491524772,1396.256239064377,0.0
Q43,2025-11-03 12:00:00,True,6760.246986588118,31453.162461247928,30699.811861314964,30895.213385166233,556.7093603362614,1.2397157454346408,29390.59795735503,1309.2139039599351,0.0
Q43,2025-11-03 18:00:00,True,10792.404897535956,12856.93055055211,12825.123514624602,12812.184763895444,0.0,44.7457866566651,12820.810597714883,4.312916909719419,0.0
Q43,2025-11-04 06:00:00,True,10800.0,48399.60491531782,38689.89992651506,36388.33918448425,0.0,12011.265730833573,37887.715308405845,802.1846181092164,0.0
Q43,2025-11-04 12:00:00,True,8239.254301892397,30126.22994234877,27949.360583383146,29562.333580864844,563.8963614839273,0.0,27299.778023426075,649.5825599570694,0.0
Q43,2025-11-04 18:00:00,True,10767.392638014515,13115.511083459043,12976.289223394537,12920.8549146143,0.0,194.6561688447434,12957.811120467792,18.478102926745677,0.0
Q43,2025-11-05 06:00:00,True,10800.0,42756.638529444856,39649.74823375995,42696.93566537561,0.0,59.70286406924586,36578.679656516586,3071.0685772433635,1.4841816664556974e-12
Q43,2025-11-05 12:00:00,True,6379.132863296261,34645.101385539296,31419.9684394046,29290.334172646944,2004.1997314517528,3350.5674814406016,29541.203243258755,1878.7651961458469,1.4841816664556974e-12
Q43,2025-11-05 18:00:00,False,10800.0,12953.679189908415,12953.679189908416,12953.679189908413,0.0,1.4841816664556974e-12,12953.67918990841,1.515189751444268e-12,4.929893293592613e-12
Q43,2025-11-06 06:00:00,True,10777.432367479774,50827.77067138512,41312.12882606108,38592.33546346308,0.0,12235.435207922044,40389.764535995375,922.3642900657088,0.0
Q43,2025-11-06 12:00:00,True,6513.872899017753,32041.250676405118,29855.887740611033,31079.84232930064,604.5683735326182,356.8399735718561,29468.515711457796,387.3720291532362,0.0
Q43,2025-11-06 18:00:00,True,10794.458008567919,12875.811062673529,12852.70361855765,12843.285669157802,0.0,32.525393515726996,12849.564302091034,3.1393164666166187,0.0
Q43,2025-11-07 06:00:00,True,8315.731470520046,8069.8660768620275,7168.071778642436,6949.506131742684,0.0,1120.3599451193434,7095.216563009185,72.85521563325034,2.897024842241081e-13
Q43,2025-11-07 12:00:00,True,8413.352390705233,7211.938577588088,7147.018854832021,7095.216563009186,72.85521563325034,43.86679894565211,7081.181280468909,65.83757436311232,2.897024842241081e-13
Q43,2025-11-07 18:00:00,True,10541.077166416148,4072.179854978311,3923.00772907499,3859.076817973566,0.0,213.10303700474495,3901.697425374515,21.310303700474723,0.0
Q43,2025-11-08 06:00:00,True,8202.450003478301,7921.792254129464,7646.62007868251,7581.990299400222,0.0,339.80195472924146,7594.018632430158,52.60144625235219,0.0
Q43,2025-11-08 12:00:00,True,9433.865722737559,7646.620078682511,7596.3032632768245,7594.0186324301585,52.60144625235219,0.0,7566.026158922746,30.277104354079107,0.0
Q43,2025-11-08 18:00:00,False,10800.0,3854.5367673813275,3854.53676738133,3854.5367673813275,0.0,0.0,3854.536767381329,7.561368420283543e-13,0.0
Q43,2025-11-09 06:00:00,True,10800.0,40973.16001498165,40160.55256008051,40788.93375667838,0.0,184.2262583032701,39472.12327168825,688.4292883922578,0.0
Q43,2025-11-09 12:00:00,True,7673.155673789005,32405.45639750839,30446.247472532905,30419.04839481516,401.33146893739985,1585.076533755832,29462.243924494644,984.0035480382523,8.091717518254882e-12
Q43,2025-11-09 18:00:00,False,10800.0,12797.451531290002,12797.451531290008,12797.451531290002,0.0,0.0,12797.451531289997,1.7501974980405066e-12,8.797428563411813e-12
Q43,2025-11-10 06:00:00,True,10800.0,58091.93102926358,45471.75218088902,42289.09889512464,0.0,15802.832134138938,44309.792610018645,1161.9595708703687,1.0709825915000693e-11
Q43,2025-11-10 12:00:00,True,7377.618893709458,33984.083137559144,31867.847585861382,33530.026584009196,454.05655354994667,0.0,30809.754322392644,1058.093263468731,5.94134519360523e-12
Q43,2025-11-10 18:00:00,False,10800.0,12666.382011694122,12666.382011694128,12666.181525300608,0.20048639351524325,0.0,12666.181525300612,0.20048639351672007,0.0
Q43,2025-11-11 06:00:00,True,10800.0,43599.91918241205,42358.76132904585,43536.24047378019,0.0,63.67870863185965,41159.783074699284,1198.9782543465585,4.843059286940842e-12
Q43,2025-11-11 12:00:00,True,7054.2363079776,32054.141282193275,30854.63807825155,31953.764381867753,100.37690032552149,0.0,29574.03688431097,1280.60119394058,0.0
Q43,2025-11-11 18:00:00,False,10800.0,13125.702592831043,13125.702592831047,13125.702592831043,0.0,0.0,13125.702592831045,1.0442164466439862e-12,0.0
Q43,2025-11-12 06:00:00,True,10800.0,58205.370698292114,44363.68770628091,40340.47507640095,0.0,17864.89562189116,43018.556087427685,1345.1316188532232,0.0
Q43,2025-11-12 12:00:00,True,7515.391258525115,33676.58608335999,30256.240491455952,32910.78957509085,765.796508269138,0.0,29115.163822135448,1141.0766693205037,0.0
Q43,2025-11-12 18:00:00,False,10800.0,12749.802903828271,12749.802903828275,12748.31830994223,1.4845938860425516,0.0,12748.318309942231,1.4845938860429087,0.0
Q43,2025-11-13 06:00:00,True,10800.0,48334.44737677215,41187.89569024097,39544.394585948474,0.0,8790.052790823676,40183.47887457116,1004.4168156698103,0.0
Q43,2025-11-13 12:00:00,True,8237.877879427711,32051.215092800263,30888.053524186955,30839.812474165574,658.8186410909692,552.5839775437196,29746.481180272945,1141.57234391401,0.0
Q43,2025-11-13 18:00:00,True,10673.246339172012,13584.671592742012,13058.228782066652,12841.850776508712,0.0,742.8208162332985,12986.102780214005,72.12600185264581,0.0
Q43,2025-11-14 06:00:00,True,7798.165478456705,7925.462653156995,7721.328832682231,7920.3257757240235,0.0,5.1368774329715565,7520.703508969991,200.62532371224046,0.0
Q43,2025-11-14 12:00:00,True,8050.164901790039,9364.920492636156,7826.677265895303,7520.703508969991,200.62532371224046,1643.5916599539248,7732.628429839611,94.04883605569155,0.0
Q43,2025-11-14 18:00:00,False,10800.0,3810.249799203291,3810.2497992032927,3810.249799203291,0.0,0.0,3810.249799203292,6.891696102684364e-13,0.0
Q43,2025-11-15 06:00:00,True,8897.100902180997,8820.002650597444,8360.449845703202,8820.002650597444,0.0,0.0,7900.897040808953,459.55280489424604,3.863306119455957e-12
Q43,2025-11-15 12:00:00,True,8523.526132551367,8154.931233512888,8078.213490751042,7900.8970408089535,254.03419270393465,0.0,7747.461555285254,330.7519354657843,3.863306119455957e-12
Q43,2025-11-15 18:00:00,True,10649.629576236764,4014.5440048077703,3995.1831200740617,4014.5440048077703,0.0,0.0,3975.822235340353,19.36088473370882,0.0
Q43,2025-11-16 06:00:00,True,10800.0,59011.87728207007,45265.94752238496,41221.02973683141,0.0,17790.847545238656,43887.327063849574,1378.620458535383,0.0
Q43,2025-11-16 12:00:00,True,7550.233492339438,33469.80959067478,31071.864938505416,32541.2844114715,928.5251792032739,0.0,30361.85533218897,710.0096063164458,0.0
Q43,2025-11-16 18:00:00,False,10800.0,12836.168080361409,12836.168080361409,12836.168080361409,0.0,0.0,12836.168080361409,0.0,0.0
Q43,2025-11-17 06:00:00,True,10800.0,77626.12433328413,47112.71542433435,39141.360610055555,0.0,38484.76372322858,44455.487880301254,2657.227544033092,0.0
Q43,2025-11-17 12:00:00,True,7479.811681997358,35037.54540087458,30990.0207848813,33380.29408607729,1657.2513147972911,0.0,30515.985917611975,474.0348672693238,0.0
Q43,2025-11-17 18:00:00,False,10800.0,13012.68223094893,13012.682230948933,13011.66512430179,1.0171066471406893,0.0,13011.665124301791,1.01710664714197,0.0
Q43,2025-11-18 06:00:00,True,10800.0,42765.57627431484,41428.49216915638,42138.915234809516,0.0,626.6610395053243,40492.62761357935,935.8645555770202,4.690718924393878e-12
Q43,2025-11-18 12:00:00,True,6321.908644915293,34763.02998012374,32579.83300800566,31552.28071374847,878.7123972684074,2332.0368691068643,31849.960507726035,729.8725002796249,0.0
Q43,2025-11-18 18:00:00,False,10800.0,12449.662883601593,12449.662883601593,12449.662883601593,0.0,0.0,12449.662883601592,2.2143268552099467e-12,0.0
Q43,2025-11-19 06:00:00,True,10775.048405930524,72890.96943144526,49231.66895902291,42327.77100760177,0.0,30563.1984238435,46930.36964188253,2301.2993171403796,0.0
Q43,2025-11-19 12:00:00,True,7982.024730177295,34705.62935087003,31560.427107604868,33706.16843216641,926.729079693908,72.7318390097154,30921.23023502512,639.1968725797387,9.400366707268403e-12
Q43,2025-11-19 18:00:00,False,10800.0,12978.43628882994,12978.436288829944,12978.43628882994,0.0,0.0,12978.436288829942,1.3472856608132135e-12,8.552774488634895e-13
Q43,2025-11-20 06:00:00,True,10800.0,49065.41520529922,43228.09196843173,41661.395382391274,0.0,7404.01982290795,42689.45843377951,538.6335346522202,0.0
Q43,2025-11-20 12:00:00,True,7170.17544001054,33930.34416365504,33065.0546442704,33234.38945070008,485.6194931268638,210.33521982809435,32519.571966537416,545.4826777329858,0.0
Q43,2025-11-20 18:00:00,False,10800.0,12975.138958585256,12975.138958585256,12974.279180517584,0.8597780676719075,0.0,12974.279180517584,0.8597780676722042,0.0
Q43,2025-11-21 06:00:00,True,8264.533981982257,14239.459029955613,8872.585917138074,8314.10820640916,0.0,5925.350823546452,8686.426680228436,186.15923690963822,0.0
Q43,2025-11-21 12:00:00,True,8429.089355130405,8500.969044045896,8290.459629511568,8438.682098166984,62.2869458789123,0.0,8266.811052613975,23.648576897592537,5.488232091011014e-13
Q43,2025-11-21 18:00:00,True,10770.983803019502,3962.776033930481,3958.6891335565006,3962.776033930481,0.0,0.0,3954.60223318252,4.0869003739802094,0.0
Q43,2025-11-22 06:00:00,True,10168.855745013425,9469.332971960197,8889.800771918224,9469.332971960197,0.0,0.0,8310.268571876253,579.5322000419701,0.0
Q43,2025-11-22 12:00:00,True,8447.588472791203,9059.108042031106,8693.709153719035,8310.268571876255,359.860235582635,388.9792345722157,8357.429264396544,336.2798893224908,0.0
Q43,2025-11-22 18:00:00,True,10693.481103005071,4177.232097627098,4162.3415490304915,4177.232097627098,0.0,0.0,4147.4510004338845,14.89054859660673,0.0
Q43,2025-11-23 06:00:00,True,10792.406601324918,60572.36289624238,46754.925994355806,42562.64193617739,0.0,18009.720960064995,45300.66203317769,1454.2639611781208,0.0
Q43,2025-11-23 12:00:00,True,7030.982491938086,33442.38074714127,30837.635108169157,32696.51599300259,745.8647541386795,0.0,30299.975906257136,537.6592019120209,0.0
Q43,2025-11-23 18:00:00,False,10800.0,12816.70425555666,12816.704255556664,12816.70425555666,0.0,0.0,12816.70425555666,9.056151384356779e-13,3.2100615499075503e-12
Q43,2025-11-24 06:00:00,True,10800.0,47323.94515048731,42729.63801913312,41668.07559126969,0.0,5655.869559217617,42069.294207471765,660.3438116613486,3.4100224866051577e-12
Q43,2025-11-24 12:00:00,True,7109.910152808922,33083.78760803739,31686.345405770327,32608.146839122663,474.1156941851464,1.5250747295818061,31300.570056913213,385.77534885711304,0.0
Q43,2025-11-24 18:00:00,False,10800.0,13022.37480638111,13022.37480638111,13021.967677054845,0.40712932626526266,0.0,13021.967677054845,0.4071293262655344,0.0
Q43,2025-11-25 06:00:00,True,10800.0,51021.71068929719,48167.16654397152,50999.03742759459,0.0,22.673261702606258,45327.57335797636,2839.5931859951584,0.0
Q43,2025-11-25 12:00:00,True,7713.9193786082005,35097.484462104265,33938.13947544955,33215.053242633825,1758.5756308298744,123.85558864056728,31143.994139114373,2794.1453363351784,0.0
Q43,2025-11-25 18:00:00,False,10800.0,12834.223418603078,12834.22341860308,12833.92764959141,0.29576901166936487,0.0,12833.92764959141,0.29576901167036423,0.0
Q43,2025-11-26 06:00:00,True,10800.0,51548.88130519027,48437.03937317959,47562.011842556145,0.0,3986.869462634123,47829.92562720521,607.1137459743783,3.499053491395898e-12
Q43,2025-11-26 12:00:00,True,7380.103546531829,35680.159619000406,34235.44891047785,35433.7937022085,246.36591679190593,0.0,32791.72979512814,1443.719115349702,0.0
Q43,2025-11-26 18:00:00,False,10800.0,12884.104114384958,12884.104114384963,12884.104114384958,0.0,0.0,12884.104114384962,2.032984980360197e-12,0.0
Q43,2025-11-27 06:00:00,True,10799.89689768706,53104.56001845009,47139.027598983725,45452.72257879881,0.0,7651.837439651274,46539.66135687502,599.3662421087037,0.0
Q43,2025-11-27 12:00:00,True,8089.225741517235,34857.44990684877,33234.07263397763,34547.77742240762,261.415796026712,48.25668841444215,32414.319124717906,819.7535092597267,0.0
Q43,2025-11-27 18:00:00,False,10800.0,12809.218839395406,12809.218839395407,12809.218839395406,0.0,0.0,12809.218839395406,9.98818450170802e-13,0.0
Q43,2025-11-28 06:00:00,True,9431.112301779069,11537.94761976845,8658.811592703407,8196.524574220824,0.0,3341.423045547626,8504.715919875875,154.09567282752548,6.552028253281605e-12
Q43,2025-11-28 12:00:00,True,7590.857571593885,8478.998746190144,8099.630176650304,8384.840688867038,94.15805732310632,0.0,8002.735779079771,96.8943975705257,6.552028253281605e-12
Q43,2025-11-28 18:00:00,True,10689.800017874246,3854.3134790975378,3840.2578913883967,3854.3134790975378,0.0,0.0,3826.2023036792557,14.055587709141044,0.0
Q43,2025-11-29 06:00:00,True,10800.0,12154.846350084188,10547.842773778148,12154.81532436228,0.0,0.03102572190814647,8940.86008821978,1606.982685558367,0.0
Q43,2025-11-29 12:00:00,True,8845.74288111551,11013.622885410046,9494.097096783218,8344.919713851365,1037.6415824587689,1631.0615890999136,8567.344299744367,926.7527970388488,1.4863417163724082e-12
Q43,2025-11-29 18:00:00,True,10674.970797915577,4004.3082344874215,3995.659049385413,4004.1439469805723,0.1642875068490319,0.0,3987.5027268039507,8.156322581461934,0.0
Q43,2025-11-30 06:00:00,True,10800.0,61574.08505228419,50979.93387349834,48029.35388220119,0.0,13544.731170082996,49646.86431548855,1333.0695580097872,0.0
Q43,2025-11-30 12:00:00,True,6909.590899856201,37603.61284931421,35558.49380380988,36431.02365855413,1165.9808162301158,6.608374529967479,34652.424928168424,906.0688756414542,0.0
Q43,2025-11-30 18:00:00,False,10800.0,12987.702247279141,12987.702247279141,12987.702247279141,0.0,0.0,12987.702247279141,2.152773959096521e-13,0.0
Q43,2025-12-01 06:00:00,True,9102.760745299192,53737.16018219604,52871.653411701554,53459.32741510264,0.0,277.83276709339793,52208.65699711905,662.9964145825063,0.0
Q43,2025-12-01 12:00:00,True,5489.544798546117,38268.49162275165,37425.14773224387,38053.996478563146,206.95672298651533,7.538421201988917,36437.14501878331,988.0027134605593,0.0
Q43,2025-12-01 18:00:00,True,10424.76342450909,15972.455539253137,13972.924894703236,13292.196966007912,0.0,2680.258573245225,13746.015585138128,226.90930956510798,0.0
Q43,2025-12-02 06:00:00,True,9221.672241448103,60725.28273479668,56898.1807052002,57045.392844351925,0.0,3679.8898904447583,55583.04884965159,1315.1318555486098,0.0
Q43,2025-12-02 12:00:00,True,5673.937535597119,39772.89342519169,39001.018623350305,39107.24968332469,655.0356631461566,10.608078720840622,37589.722746043146,1411.295877307159,0.0
Q43,2025-12-02 18:00:00,True,10638.458057339405,14818.882889474165,13965.158761514034,13666.999092408252,0.41282978119511576,1151.4709672847184,13865.49698529131,99.66177622272473,0.0
Q43,2025-12-03 06:00:00,True,9618.703569042887,83799.7431743906,55437.61331632362,47896.998252488906,0.0,35902.7449219017,52905.936893685124,2531.676422638497,0.0
Q43,2025-12-03 12:00:00,True,5669.609522837751,44095.6102104923,40148.76955284357,37420.14975060382,1486.9369400847,5188.523519803777,38247.938325373856,1900.8312274697162,0.0
Q43,2025-12-03 18:00:00,True,10791.226343270127,13320.376408570477,13283.060905922957,13267.068547645447,0.0,53.30786092503019,13277.730119830454,5.330786092503249,0.0
Q43,2025-12-04 06:00:00,True,10783.402915328865,60794.16943434924,57626.758512552246,59818.68310676782,0.0,975.4863275814216,55096.282399838296,2530.4761127139473,9.591616390025593e-13
Q43,2025-12-04 12:00:00,True,5680.193451551839,41848.53456160102,41705.557386399756,39420.33288595813,2413.038655028966,15.163020613928873,39165.28598009205,2540.2714063077046,0.0
Q43,2025-12-04 18:00:00,False,10800.0,14447.07057961364,14447.07057961364,14447.07057961364,0.0,0.0,14447.07057961364,7.074220320646417e-13,0.0
Q43,2025-12-05 06:00:00,True,10800.0,13606.732661236983,13000.405506684121,13136.338562731315,0.0,470.3940985056681,12756.81257485407,243.59293183004772,4.009166332252789e-12
Q43,2025-12-05 12:00:00,True,7184.885073599155,11458.246989089124,10954.40868867882,11236.034452189091,73.02995190433325,149.18258499569993,10504.38450166838,450.02418701043587,4.009166332252789e-12
Q43,2025-12-05 18:00:00,False,10800.0,4722.207109231855,4722.207109231856,4722.207109231851,0.0,4.009166332252789e-12,4722.207109231851,1.8942500901175662e-13,4.009166332252789e-12
Q43,2025-12-06 06:00:00,True,10800.0,15473.705870424326,14556.767985214814,15466.258990874338,0.0,7.446879549988707,13645.397515570292,911.3704696445227,0.0
Q43,2025-12-06 12:00:00,True,6139.584028574444,11895.477749698506,11530.912352827989,11486.863049349224,402.36858696429033,6.246113384992843,10770.169087135477,760.743265692513,0.0
Q43,2025-12-06 18:00:00,False,10800.0,4642.229261443749,4642.229261443752,4642.229261443749,0.0,0.0,4642.229261443751,8.781412930147781e-13,0.0
Q43,2025-12-07 06:00:00,True,10800.0,62038.34934359197,58273.63287891588,62017.90909212537,0.0,20.440251466604913,54521.57534462701,3752.0575342888665,0.0
Q43,2025-12-07 12:00:00,True,5970.658055439717,47247.51378839828,41469.40967782894,38846.62331875381,2202.4962433215846,6198.394226322891,39686.622317977926,1782.7873598510105,0.0
Q43,2025-12-07 18:00:00,False,10800.0,14075.51733635789,14075.517336357896,14075.51733635789,0.0,0.0,14075.517336357889,3.910690793418326e-12,2.6364205041318205e-12
Q43,2025-12-08 06:00:00,True,10800.0,68476.6221037002,65059.68022567284,65106.42277191501,0.0,3370.1993317851893,64053.499560184246,1006.1806654885879,6.798671847718651e-12
Q43,2025-12-08 12:00:00,True,9310.255321636407,42587.32659864352,39984.01562249309,42307.58077980564,239.85952981160352,39.8862890262753,38089.916068323335,1894.099554169754,0.0
Q43,2025-12-08 18:00:00,False,10800.0,13987.206542062355,13987.206542062355,13987.206542062355,0.0,0.0,13987.206542062351,1.955410766640853e-12,1.5470504877157508e-12
Q43,2025-12-09 06:00:00,True,10800.0,60114.65115649247,57102.73869363665,59158.132626451596,0.0,956.5185300408751,54787.038154839945,2315.7005387966983,1.2294435691728722e-11
Q43,2025-12-09 12:00:00,True,6273.6005605235305,38981.78774001268,38483.69361461154,38292.35097958289,689.4367604297943,1.7380443750880659e-12,37505.12157503466,978.5720395768817,1.7380443750880659e-12
Q43,2025-12-09 18:00:00,True,10752.432756633863,13630.405922668173,13390.823274497303,13303.162315206499,0.0,327.2436074616746,13361.6029547337,29.22031976360088,1.7380443750880659e-12
Q43,2025-12-10 06:00:00,True,10762.481360429892,68486.40384412602,58453.28235151558,56043.40309943392,0.0,12443.000744692095,57589.388892096154,863.8934594194284,0.0
Q43,2025-12-10 12:00:00,True,5968.991498864018,42025.44121505229,40246.334558595685,41496.75849537798,528.6827196743095,0.0,39878.59867951311,367.7358790825773,0.0
Q43,2025-12-10 18:00:00,False,10800.0,13215.144533401794,13215.144533401795,13215.144533401794,0.0,0.0,13215.144533401795,2.0985453375033101e-13,0.0
Q43,2025-12-11 06:00:00,True,10800.0,58366.631880270164,56159.676810106306,58363.98803910659,0.0,2.6438411635756593,53954.30804464059,2205.368765465714,1.8002310753217897e-12
Q43,2025-12-11 12:00:00,True,6673.701152077278,38645.10671515687,37944.77495607777,36687.64413622791,1659.7058978772072,297.75668105175845,35882.49398017321,2062.280975904552,1.8002310753217897e-12
Q43,2025-12-11 18:00:00,False,10800.0,13216.527242657072,13216.52724265707,13216.262858540713,0.2643841163573859,1.8002310753217897e-12,13216.262858540711,0.26438411635752873,1.8002310753217897e-12
Q43,2025-12-12 06:00:00,True,10800.0,18571.131277777156,14521.540244071812,13828.009669948578,0.0,4743.121607828579,14287.403984815863,234.13625925594775,2.089507233904442e-12
Q43,2025-12-12 12:00:00,True,8029.6029637242855,12459.96521570979,10672.047401474572,11096.995003397347,144.37539920199168,1218.59481311045,9986.745748298988,685.3016531755814,2.089507233904442e-12
Q43,2025-12-12 18:00:00,True,10772.683368079644,4021.551723850368,4002.2641711016013,4021.551723850368,0.0,0.0,3982.976618352835,19.287552748766412,8.617107027930616e-14
Q43,2025-12-13 06:00:00,True,10782.51683541105,24251.00831932926,14976.375677149405,14114.788322391609,0.0,10136.219996937649,13636.825297172561,1339.5503799768421,0.0
Q43,2025-12-13 12:00:00,True,6759.43419907158,12293.01461231401,10824.007121072034,11694.658651138343,598.3559611756664,0.0,10409.194065714848,414.8130553571862,0.0
Q43,2025-12-13 18:00:00,True,10770.689889746318,4237.107517484938,4220.288162938951,4237.107517484938,0.0,0.0,4203.468808392964,16.81935454598673,0.0
Q43,2025-12-14 06:00:00,True,10800.0,68284.30680155578,57933.88194600611,55319.28258633092,0.0,12965.024215224863,57044.794509106745,889.0874368993691,0.0
Q43,2025-12-14 12:00:00,True,5702.112215298601,40603.91215439958,40299.42375716562,39816.3976176149,472.61647480908846,314.8980619755883,39833.840862222045,465.58289494357496,0.0
Q43,2025-12-14 18:00:00,False,10800.0,13560.618399277497,13560.6183992775,13560.618399277497,0.0,0.0,13560.618399277497,2.2198321403266166e-12,1.9940443962696008e-12
Q43,2025-12-15 06:00:00,True,10800.0,78150.73922061677,60842.64008832542,56002.76914273357,0.0,22147.9700778832,59218.05920128219,1624.58088704323,1.9927028915844856e-12
Q43,2025-12-15 12:00:00,True,6547.627311454823,40657.20438321325,38759.76093257431,40046.78050861509,610.4238745981518,1.9927028915844856e-12,38663.01804384065,96.74288873365839,1.9927028915844856e-12
Q43,2025-12-15 18:00:00,True,10775.792387779358,13359.73994118582,13239.481970386423,13194.660971169596,0.0,165.07897001622462,13224.541637314147,14.940333072274603,1.9927028915844856e-12
Q43,2025-12-16 06:00:00,True,10800.0,61020.96419087454,59421.9497057392,61020.026645326754,0.0,0.937545547783082,57823.59534003628,1598.3543657029186,1.2759642231685575e-12
Q43,2025-12-16 12:00:00,True,6565.861892278253,39957.25892051757,39435.35667540265,38846.5832460491,1110.6756744684685,8.735128176340367e-13,37803.056181934626,1632.30049346802,8.735128176340367e-13
Q43,2025-12-16 18:00:00,False,10800.0,13432.80784135437,13432.807841354374,13432.80784135437,0.0,8.735128176340367e-13,13432.80784135437,1.5105740658327705e-12,1.4311694940261076e-12
Q43,2025-12-17 06:00:00,True,10664.842405609146,60996.581836863465,58230.4713998378,60994.17572191019,0.0,2.406114953272396,55465.80463178409,2764.66676805371,0.0
Q43,2025-12-17 12:00:00,True,6469.833751853382,39134.115610015666,38470.840458509425,37807.7065463162,971.3277625118583,355.0813011876087,37191.318845678936,1279.5216128304885,0.0
Q43,2025-12-17 18:00:00,False,10800.0,13075.189941041188,13075.18994104119,13074.94932954586,0.24061149532809264,0.0,13074.94932954586,0.24061149532939147,0.0
Q43,2025-12-18 06:00:00,True,10783.280049639267,61326.42963199009,57649.65257139549,56785.09686996572,0.0,4541.332762024371,57263.63195832661,386.0206130688804,0.0
Q43,2025-12-18 12:00:00,True,7052.529820349826,38604.9210139947,37218.61743904788,38278.852238827916,326.0687751667857,0.0,36584.69968963284,633.9177494150163,2.2309620817395627e-11
Q43,2025-12-18 18:00:00,False,10800.0,13398.807391541122,13398.807391541135,13398.807391541122,0.0,0.0,13398.807391541122,3.1548239576295605e-12,1.0360110991314287e-11
Q43,2025-12-19 06:00:00,True,10800.0,20421.151085285725,13545.02930289137,12463.619405422385,0.0,7957.531679863339,13184.559337068375,360.4699658229953,0.0
Q43,2025-12-19 12:00:00,True,8067.720729247815,10850.225646762374,9945.978656285772,10747.352297632497,102.8733491298768,0.0,9350.2335956188,595.7450606669717,0.0
Q43,2025-12-19 18:00:00,True,10713.465853583943,4097.367367656132,4092.021614573732,4097.367367656132,0.0,0.0,4086.6758614913324,5.345753082399662,0.0
Q43,2025-12-20 06:00:00,True,10800.0,13890.464917278463,12984.427045668686,13890.464917278463,0.0,4.798721420229413e-13,12078.389174058906,906.0378716097794,4.798721420229413e-13
Q43,2025-12-20 12:00:00,True,7006.976255315705,10788.919186912488,10182.342587258978,10018.5638982399,463.485285405861,306.8700032667265,9418.947027985778,763.3955592731995,4.798721420229413e-13
Q43,2025-12-20 18:00:00,False,10800.0,4092.6101986919834,4092.610198691987,4092.610198691983,0.0,4.798721420229413e-13,4092.6101986919857,1.4771899259358178e-12,0.0
Q43,2025-12-21 06:00:00,True,10800.0,59250.34320212146,57690.8668906839,59155.71018660791,0.0,94.63301551354834,56194.8500607618,1496.0168299221073,0.0
Q43,2025-12-21 12:00:00,True,5489.924879766404,45114.05060072083,39880.417873978615,38504.34712671491,419.6783367278142,6190.0251372781095,39425.523166138286,454.8947078403287,0.0
Q43,2025-12-21 18:00:00,False,10800.0,13313.43583047477,13313.435830474775,13313.43583047477,0.0,0.0,13313.435830474767,1.963445583896828e-12,5.326495511326357e-12
Q43,2025-12-22 06:00:00,True,10800.0,58542.27103119689,57911.97473738968,58396.4602798719,0.0,145.81075132499473,57369.59141168277,542.3833257069124,0.0
Q43,2025-12-22 12:00:00,True,6835.971800522537,39262.664010580585,38878.18210746959,38783.434834558,381.21228111663675,98.01689490594899,38210.51571421391,667.6663932556864,0.0
Q43,2025-12-22 18:00:00,False,10800.0,13396.179702106745,13396.179702106749,13396.179702106745,0.0,0.0,13396.179702106747,1.982982666959287e-12,0.0
Q43,2025-12-23 06:00:00,True,10800.0,60650.934927491464,58341.19761294482,60175.56442812197,0.0,475.3704993694883,56364.61991594512,1976.5776969997012,0.0
Q43,2025-12-23 12:00:00,True,6662.326474051777,39137.136193330334,38546.34037095658,38600.71938499613,536.3685651717228,0.048243162481785014,37555.15084164876,991.1895293078211,0.0
Q43,2025-12-23 18:00:00,True,10773.69856549484,13938.042433235923,13823.2295702336,13774.024057518312,0.0,164.01837571761075,13806.827732661837,16.401837571762652,0.0
Q43,2025-12-24 06:00:00,True,10800.0,59464.01150489124,58717.62048845297,59262.004730233995,0.0,202.0067746572474,58092.70096875906,624.9195196939129,0.0
Q43,2025-12-24 12:00:00,True,7310.740925808879,39976.33498101736,38889.69475775132,39582.72252597355,367.7284984249798,25.883956618831768,37461.79376681663,1427.9009909346912,0.0
Q43,2025-12-24 18:00:00,False,10800.0,13352.267145181799,13352.267145181799,13352.267145181799,0.0,0.0,13352.267145181799,3.518323410389712e-13,0.0
Q43,2025-12-25 06:00:00,True,10800.0,56073.08639198215,55594.976695336954,55882.54678289803,0.0,190.53960908411835,55232.087748723934,362.8889466130213,0.0
Q43,2025-12-25 12:00:00,True,6303.421225024645,45246.4447138731,38879.71187002476,37619.41716051099,223.61614089942887,7403.411412462678,38607.6052275722,272.1066424525562,0.0
Q43,2025-12-25 18:00:00,False,10800.0,13194.22055842426,13194.220558424267,13194.22055842426,0.0,0.0,13194.220558424262,2.0132858935539845e-12,2.698175194382202e-12
Q43,2025-12-26 06:00:00,True,10800.0,15354.491323914743,13213.189757808526,12892.543019925908,0.0,2461.9483039888355,12723.415617660292,489.77414014823427,6.645706207564217e-14
Q43,2025-12-26 12:00:00,True,7259.260180258796,11668.243029439313,10697.24521685273,10813.594404405392,158.631012869399,696.0176121645204,10263.623611333769,433.6216055189611,0.0
Q43,2025-12-26 18:00:00,False,10800.0,4053.856854896061,4053.856854896063,4053.856854896061,0.0,0.0,4053.856854896062,8.162462705740836e-13,0.0
Q43,2025-12-27 06:00:00,True,10800.0,15545.05208442599,13757.210603691079,13709.942793607897,0.0,1835.1092908180924,13222.62771222402,534.5828914670591,0.0
Q43,2025-12-27 12:00:00,True,7559.059487343518,11214.825302595671,10788.431863150612,10860.430841403586,354.3553040920998,0.03915709998617468,10011.743296766708,776.6885663839046,0.0
Q43,2025-12-27 18:00:00,True,10703.598876226233,4138.871451978549,4089.230728200974,4069.7932803776357,0.0,69.07817160091318,4082.751578926528,6.4791492744461365,0.0
Q43,2025-12-28 06:00:00,True,10800.0,58249.6835025158,57306.81519412915,58185.529461491635,0.0,64.15404102416593,56403.54880251384,903.2663916153118,0.0
Q43,2025-12-28 12:00:00,True,6791.964683533176,38663.80798173897,38034.57249719199,37825.659315591816,799.9427740199221,38.20589212723787,36645.96732043542,1388.6051767565723,0.0
Q43,2025-12-28 18:00:00,True,10745.237853879691,13675.137342541348,13389.51797656116,13292.234940653545,0.0,382.902401887803,13357.090297925288,32.42767863587151,0.0
Q43,2025-12-29 06:00:00,True,10800.0,67723.72390238877,59252.464334289405,57016.695848807525,0.0,10707.028053581238,58474.159068443085,778.3052658463189,0.0
Q43,2025-12-29 12:00:00,True,7287.64549599358,40729.19986022528,39340.615330248795,40362.63896501701,366.5608952082662,0.0,38952.56617384002,388.04915640876817,0.0
Q43,2025-12-29 18:00:00,False,10800.0,13502.470758459462,13502.470758459462,13502.470758459462,0.0,0.0,13502.470758459462,2.141860022675246e-13,0.0
Q43,2025-12-30 06:00:00,True,10800.0,61362.73730143388,58373.29295489236,57978.85427798088,0.0,3383.883023453,57763.606807463584,609.6861474287704,0.0
Q43,2025-12-30 12:00:00,True,6281.381034130964,40400.74515148174,38467.268544184546,40063.17096550894,337.57418597279394,0.0,36952.97697933494,1514.2915648496084,0.0
Q43,2025-12-30 18:00:00,False,10800.0,13569.455228770597,13569.455228770597,13567.276176915693,2.1790518549035034,0.0,13567.276176915693,2.1790518549036015,0.0
Q43,2025-12-31 06:00:00,True,10800.0,60101.92441818334,59235.12699464298,60053.341349600785,0.0,48.58306858255666,58403.82613221078,831.3008624321925,1.3328644854482263e-11
Q43,2025-12-31 12:00:00,True,6853.545172025713,39361.20013576428,38926.83118786218,39142.24883316833,218.94996736260916,0.0013352333464008552,38286.599715213495,640.2314726486711,1.3328644854482263e-11
Q43,2025-12-31 18:00:00,False,10800.0,13267.462806655953,13267.462806655956,13267.46280665594,0.0,1.3328644854482263e-11,13267.462806655942,4.25472990173148e-13,1.3328644854482263e-11
