strategy_id,date,day_index,residual_window_days,validation_window_days,window_start,window_end,common_start_state_kWh,candidate_theta,window_cost_yuan,window_end_state_kWh,valuation_score_yuan,rank,selected,residual_days_min,residual_days_max,fallback_days,solver_failures,tied_within_tolerance
B_adaptive,2025-02-01,31,28,14,17,30,8368.995643333334,base,773363.1785548368,8801.462273333342,772975.2319618029,4,0,16,28,0,0,0
B_adaptive,2025-02-01,31,28,14,17,30,8368.995643333334,0.50,804584.4189544126,8244.36310407408,804696.221266158,5,0,16,28,0,0,0
B_adaptive,2025-02-01,31,28,14,17,30,8368.995643333334,0.65,745301.2881724888,10800.0,743120.5422087612,2,0,16,28,0,0,0
B_adaptive,2025-02-01,31,28,14,17,30,8368.995643333334,0.80,734706.4535605382,10800.0,732525.7075968107,1,1,16,28,0,0,1
B_adaptive,2025-02-01,31,28,14,17,30,8368.995643333334,0.90,762292.0850308851,10800.0,760111.3390671575,3,0,16,28,0,0,0
B_adaptive,2025-02-02,32,28,14,18,31,8212.515670555556,base,770029.3580681301,9221.38512481482,769124.3461193566,4,0,17,28,0,0,0
B_adaptive,2025-02-02,32,28,14,18,31,8212.515670555556,0.50,797972.8780965286,8529.422162037044,797688.5953677535,5,0,17,28,0,0,0
B_adaptive,2025-02-02,32,28,14,18,31,8212.515670555556,0.65,742944.1403017865,10800.0,740623.0231091453,2,0,17,28,0,0,0
B_adaptive,2025-02-02,32,28,14,18,31,8212.515670555556,0.80,732515.4324216412,10800.0,730194.315229,1,1,17,28,0,0,1
B_adaptive,2025-02-02,32,28,14,18,31,8212.515670555556,0.90,759552.1245672179,10800.0,757231.0073745768,3,0,17,28,0,0,0
B_adaptive,2025-02-03,33,28,14,19,32,8153.316651111111,base,757910.8120030002,9576.779617592596,756633.8866407904,4,0,18,28,0,0,0
B_adaptive,2025-02-03,33,28,14,19,32,8153.316651111111,0.50,783484.594969284,8770.338673518525,782931.0919361833,5,0,18,28,0,0,0
B_adaptive,2025-02-03,33,28,14,19,32,8153.316651111111,0.65,739309.7561898401,10800.0,736935.534187923,2,0,18,28,0,0,0
B_adaptive,2025-02-03,33,28,14,19,32,8153.316651111111,0.80,729532.1868326415,10800.0,727157.9648307243,1,1,18,28,0,0,1
B_adaptive,2025-02-03,33,28,14,19,32,8153.316651111111,0.90,756400.1077226247,10800.0,754025.8857207075,3,0,18,28,0,0,0
B_adaptive,2025-02-04,34,28,14,20,33,8222.930176666665,base,748841.488821599,9802.780789444445,747424.2750524589,3,0,19,28,0,0,0
B_adaptive,2025-02-04,34,28,14,20,33,8222.930176666665,0.50,774774.3665564924,8905.789558888891,774161.8037540067,5,0,19,28,0,0,0
B_adaptive,2025-02-04,34,28,14,20,33,8222.930176666665,0.65,733001.5570132704,10800.0,730689.7822111947,2,0,19,28,0,0,0
B_adaptive,2025-02-04,34,28,14,20,33,8222.930176666665,0.80,723112.2915581968,10800.0,720800.5167561211,1,1,19,28,0,0,1
B_adaptive,2025-02-04,34,28,14,20,33,8222.930176666665,0.90,749135.4583502542,10800.0,746823.6835481785,4,0,19,28,0,0,0
B_adaptive,2025-02-05,35,28,14,21,34,8443.394277037043,base,745008.0138732407,9997.819855555552,743613.607772333,4,0,20,28,0,0,0
B_adaptive,2025-02-05,35,28,14,21,34,8443.394277037043,0.50,774853.2375094752,8966.308069629637,774384.1547867534,5,0,20,28,0,0,0
B_adaptive,2025-02-05,35,28,14,21,34,8443.394277037043,0.65,728682.9219730627,10800.0,726568.9157170247,2,0,20,28,0,0,0
B_adaptive,2025-02-05,35,28,14,21,34,8443.394277037043,0.80,718279.9336452194,10800.0,716165.9273891815,1,1,20,28,0,0,1
B_adaptive,2025-02-05,35,28,14,21,34,8443.394277037043,0.90,743555.2417916064,10800.0,741441.2355355684,3,0,20,28,0,0,0
B_adaptive,2025-02-06,36,28,14,22,35,8267.548353703709,base,721295.8146705482,10150.09851444444,719607.0625902438,3,0,21,28,0,0,0
B_adaptive,2025-02-06,36,28,14,22,35,8267.548353703709,0.50,745690.3664208155,9068.820012037042,744971.5812281984,5,0,21,28,0,0,0
B_adaptive,2025-02-06,36,28,14,22,35,8267.548353703709,0.65,709702.9492671406,10800.0,707431.1994486547,1,1,21,28,0,0,1
B_adaptive,2025-02-06,36,28,14,22,35,8267.548353703709,0.80,711721.6435021217,10800.0,709449.8936836357,2,0,21,28,0,0,0
B_adaptive,2025-02-06,36,28,14,22,35,8267.548353703709,0.90,743263.3048664246,10800.0,740991.5550479387,4,0,21,28,0,0,0
B_adaptive,2025-02-07,37,28,14,23,36,8227.942094629636,base,713490.6664934258,10537.008327962963,711419.3058006684,3,0,22,28,0,0,0
B_adaptive,2025-02-07,37,28,14,23,36,8227.942094629636,0.50,733787.2748600963,9243.334251296303,732876.4116848909,4,0,22,28,0,0,0
B_adaptive,2025-02-07,37,28,14,23,36,8227.942094629636,0.65,705672.4466775631,10800.0,703365.1678443401,1,1,22,28,0,0,1
B_adaptive,2025-02-07,37,28,14,23,36,8227.942094629636,0.80,707731.7887228386,10800.0,705424.5098896156,2,0,22,28,0,0,0
B_adaptive,2025-02-07,37,28,14,23,36,8227.942094629636,0.90,739377.7133016995,10800.0,737070.4344684765,5,0,22,28,0,0,0
B_adaptive,2025-02-08,38,28,14,24,37,8238.075438333342,base,710362.7076718415,10573.523100740744,708267.6813715697,3,0,23,28,0,0,0
B_adaptive,2025-02-08,38,28,14,24,37,8238.075438333342,0.50,730284.6685463644,9334.634791666675,729300.9938864603,4,0,23,28,0,0,0
B_adaptive,2025-02-08,38,28,14,24,37,8238.075438333342,0.65,701531.0160240575,10800.0,699232.8273631003,1,1,23,28,0,0,1
B_adaptive,2025-02-08,38,28,14,24,37,8238.075438333342,0.80,703430.8492138103,10800.0,701132.660552853,2,0,23,28,0,0,0
B_adaptive,2025-02-08,38,28,14,24,37,8238.075438333342,0.90,734996.5493985031,10800.0,732698.3607375459,5,0,23,28,0,0,0
B_adaptive,2025-02-09,39,28,14,25,38,8374.715879259267,base,707006.3335231713,10506.993585740744,705093.5619605848,3,0,24,28,0,0,0
B_adaptive,2025-02-09,39,28,14,25,38,8374.715879259267,0.50,727565.1412189952,9280.989345370377,726752.1635713676,4,0,24,28,0,0,0
B_adaptive,2025-02-09,39,28,14,25,38,8374.715879259267,0.65,697571.2491563546,10800.0,695395.6345620435,1,1,24,28,0,0,1
B_adaptive,2025-02-09,39,28,14,25,38,8374.715879259267,0.80,697789.2612483496,10800.0,695613.6466540385,2,0,24,28,0,0,0
B_adaptive,2025-02-09,39,28,14,25,38,8374.715879259267,0.90,729176.6288251436,10800.0,727001.0142308325,5,0,24,28,0,0,0
B_adaptive,2025-02-10,40,28,14,26,39,8399.850666111119,base,692095.0665464638,10450.954320740742,690255.112618058,2,0,25,28,0,0,0
B_adaptive,2025-02-10,40,28,14,26,39,8399.850666111119,0.50,715222.9190209304,9213.862257962968,714492.7054001731,4,0,25,28,0,0,0
B_adaptive,2025-02-10,40,28,14,26,39,8399.850666111119,0.65,683785.4986977982,10769.032709999998,681660.2107832052,1,1,25,28,0,0,1
B_adaptive,2025-02-10,40,28,14,26,39,8399.850666111119,0.80,692174.8032511901,10800.0,690021.7359570621,3,0,25,28,0,0,0
B_adaptive,2025-02-10,40,28,14,26,39,8399.850666111119,0.90,723599.4433698178,10800.0,721446.3760756898,5,0,25,28,0,0,0
B_adaptive,2025-02-11,41,28,14,27,40,8275.783400555563,base,686891.0115744116,10282.438365740742,685090.9305898092,3,0,26,28,0,0,0
B_adaptive,2025-02-11,41,28,14,27,40,8275.783400555563,0.50,709890.9006978882,9028.153922037043,709215.982541757,4,0,26,28,0,0,0
B_adaptive,2025-02-11,41,28,14,27,40,8275.783400555563,0.65,677739.3073233453,10722.075973888886,675544.8469799224,1,1,26,28,0,0,1
B_adaptive,2025-02-11,41,28,14,27,40,8275.783400555563,0.80,686279.6030298023,10800.0,684015.2405058452,2,0,26,28,0,0,0
B_adaptive,2025-02-11,41,28,14,27,40,8275.783400555563,0.90,717231.5973551308,10800.0,714967.2348311737,5,0,26,28,0,0,0
B_adaptive,2025-02-12,42,28,14,28,41,8250.404954259266,base,668602.0270911576,10253.349945740742,666805.274159077,2,0,27,28,0,0,0
B_adaptive,2025-02-12,42,28,14,28,41,8250.404954259266,0.50,694556.792430197,8955.271109629635,693924.4883295989,4,0,27,28,0,0,0
B_adaptive,2025-02-12,42,28,14,28,41,8250.404954259266,0.65,662012.1367277191,10733.207878888885,659784.9245708305,1,1,27,28,0,0,1
B_adaptive,2025-02-12,42,28,14,28,41,8250.404954259266,0.80,677677.0048505112,10800.0,675389.8764503126,3,0,27,28,0,0,0
B_adaptive,2025-02-12,42,28,14,28,41,8250.404954259266,0.90,708934.0560555386,10800.0,706646.9276553399,5,0,27,28,0,0,0
B_adaptive,2025-02-13,43,28,14,29,42,8724.84956148149,base,664179.3957573639,10214.67244574074,662842.9418622453,2,0,28,28,0,0,0
B_adaptive,2025-02-13,43,28,14,29,42,8724.84956148149,0.50,696460.486130195,8876.792955000006,696324.1844649093,4,0,28,28,0,0,0
B_adaptive,2025-02-13,43,28,14,29,42,8724.84956148149,0.65,654927.8260994388,10719.879073888884,653138.1737918365,1,1,28,28,0,0,1
B_adaptive,2025-02-13,43,28,14,29,42,8724.84956148149,0.80,668391.0428390002,10800.0,666529.5176095137,3,0,28,28,0,0,0
B_adaptive,2025-02-13,43,28,14,29,42,8724.84956148149,0.90,699084.2519123285,10800.0,697222.726682842,5,0,28,28,0,0,0
B_adaptive,2025-02-14,44,28,14,30,43,8736.336912407414,base,648984.6973349315,10202.88687074074,647669.1205473088,2,0,28,28,0,0,0
B_adaptive,2025-02-14,44,28,14,30,43,8736.336912407414,0.50,676625.7775344722,8862.38559018519,676512.7048678012,4,0,28,28,0,0,0
B_adaptive,2025-02-14,44,28,14,30,43,8736.336912407414,0.65,644614.4250476223,10748.065752222217,642809.7925155951,1,1,28,28,0,0,1
B_adaptive,2025-02-14,44,28,14,30,43,8736.336912407414,0.80,661084.1199904414,10800.0,659232.8995529215,3,0,28,28,0,0,0
B_adaptive,2025-02-14,44,28,14,30,43,8736.336912407414,0.90,693041.2480177421,10800.0,691190.0275802222,5,0,28,28,0,0,0
B_adaptive,2025-02-15,45,28,14,31,44,8801.462273333342,base,641701.5631160038,10169.296214814816,640474.5400797203,1,1,28,28,0,0,1
B_adaptive,2025-02-15,45,28,14,31,44,8801.462273333342,0.50,669723.8522833004,8787.980187962969,669735.9464628823,4,0,28,28,0,0,0
B_adaptive,2025-02-15,45,28,14,31,44,8801.462273333342,0.65,641773.0486424253,10784.749174444438,639993.930109523,2,0,28,28,0,0,0
B_adaptive,2025-02-15,45,28,14,31,44,8801.462273333342,0.80,655876.697542092,10800.0,654083.8981713982,3,0,28,28,0,0,0
B_adaptive,2025-02-15,45,28,14,31,44,8801.462273333342,0.90,686369.8326586557,10800.0,684577.033287962,5,0,28,28,0,0,0
B_adaptive,2025-02-16,46,28,14,32,45,10071.787214814824,base,639336.036698355,10227.95257407407,639195.9476952462,2,0,28,28,0,0,0
B_adaptive,2025-02-16,46,28,14,32,45,10071.787214814824,0.50,671681.1387982396,9296.374137777782,672376.7274068461,4,0,28,28,0,0,0
B_adaptive,2025-02-16,46,28,14,32,45,10071.787214814824,0.65,637287.9698966187,10644.815734444437,636773.9314795933,1,1,28,28,0,0,1
B_adaptive,2025-02-16,46,28,14,32,45,10071.787214814824,0.80,650198.6117501773,10800.0,649545.3644256004,3,0,28,28,0,0,0
B_adaptive,2025-02-16,46,28,14,32,45,10071.787214814824,0.90,680010.2720598056,10800.0,679357.0247352286,5,0,28,28,0,0,0
B_adaptive,2025-02-17,47,28,14,33,46,10800.0,base,636759.0706974504,10134.39892407407,637356.1518403935,2,0,28,28,0,0,0
B_adaptive,2025-02-17,47,28,14,33,46,10800.0,0.50,678717.2811100084,9516.752274629624,679868.4256112059,5,0,28,28,0,0,0
B_adaptive,2025-02-17,47,28,14,33,46,10800.0,0.65,631244.0392294913,10603.977132407403,631419.8826318812,1,1,28,28,0,0,1
B_adaptive,2025-02-17,47,28,14,33,46,10800.0,0.80,641963.6828657099,10800.0,641963.6828657099,3,0,28,28,0,0,0
B_adaptive,2025-02-17,47,28,14,33,46,10800.0,0.90,671295.664180293,10800.0,671295.664180293,4,0,28,28,0,0,0
B_adaptive,2025-02-18,48,28,14,34,47,10800.0,base,632972.4457600084,10097.917108333331,633602.2531184385,2,0,28,28,0,0,0
B_adaptive,2025-02-18,48,28,14,34,47,10800.0,0.50,673614.0927461501,9365.66465555555,674900.7712354137,5,0,28,28,0,0,0
B_adaptive,2025-02-18,48,28,14,34,47,10800.0,0.65,626343.3120499903,10626.074702222217,626499.3327046135,1,1,28,28,0,0,1
B_adaptive,2025-02-18,48,28,14,34,47,10800.0,0.80,636305.5290549047,10800.0,636305.5290549047,3,0,28,28,0,0,0
B_adaptive,2025-02-18,48,28,14,34,47,10800.0,0.90,666028.0222811259,10800.0,666028.0222811259,4,0,28,28,0,0,0
B_adaptive,2025-02-19,49,28,14,35,48,10800.0,base,629887.0174496867,10124.090374629628,630493.3459341786,3,0,28,28,0,0,0
B_adaptive,2025-02-19,49,28,14,35,48,10800.0,0.50,675907.7758868658,9272.73996907407,677277.8129823859,5,0,28,28,0,0,0
B_adaptive,2025-02-19,49,28,14,35,48,10800.0,0.65,617592.5360029194,10716.000738703699,617667.8880069278,1,1,28,28,0,0,1
B_adaptive,2025-02-19,49,28,14,35,48,10800.0,0.80,626872.8377666033,10800.0,626872.8377666033,2,0,28,28,0,0,0
B_adaptive,2025-02-19,49,28,14,35,48,10800.0,0.90,656850.552595322,10800.0,656850.552595322,4,0,28,28,0,0,0
B_adaptive,2025-02-20,50,28,14,36,49,10800.0,base,628366.7076118618,9851.846736296295,629217.2537645852,3,0,28,28,0,0,0
B_adaptive,2025-02-20,50,28,14,36,49,10800.0,0.50,681640.3400058531,8903.364007777775,683341.7278595427,5,0,28,28,0,0,0
B_adaptive,2025-02-20,50,28,14,36,49,10800.0,0.65,611723.019010693,10494.661506851848,611996.9246022964,1,1,28,28,0,0,1
B_adaptive,2025-02-20,50,28,14,36,49,10800.0,0.80,617219.6587345155,10800.0,617219.6587345155,2,0,28,28,0,0,0
B_adaptive,2025-02-20,50,28,14,36,49,10800.0,0.90,647191.8196750828,10800.0,647191.8196750828,4,0,28,28,0,0,0
B_adaptive,2025-02-21,51,28,14,37,50,10800.0,base,620573.7647538208,9737.617517407405,621526.7808619555,3,0,28,28,0,0,0
B_adaptive,2025-02-21,51,28,14,37,50,10800.0,0.50,676454.5583896089,8673.494482777776,678362.1519777526,5,0,28,28,0,0,0
B_adaptive,2025-02-21,51,28,14,37,50,10800.0,0.65,602752.1674114846,10433.260255740739,603081.1533365154,1,1,28,28,0,0,1
B_adaptive,2025-02-21,51,28,14,37,50,10800.0,0.80,607999.4336182043,10800.0,607999.4336182043,2,0,28,28,0,0,0
B_adaptive,2025-02-21,51,28,14,37,50,10800.0,0.90,638081.5581396983,10800.0,638081.5581396983,4,0,28,28,0,0,0
B_adaptive,2025-02-22,52,28,14,38,51,10800.0,base,616721.7311277138,9664.428692407406,617740.4016779192,3,0,28,28,0,0,0
B_adaptive,2025-02-22,52,28,14,38,51,10800.0,0.50,675019.9027678483,8464.345093491082,677115.1149775927,5,0,28,28,0,0,0
B_adaptive,2025-02-22,52,28,14,38,51,10800.0,0.65,598734.3383656726,10600.100669814816,598913.659170367,1,1,28,28,0,0,1
B_adaptive,2025-02-22,52,28,14,38,51,10800.0,0.80,603080.8966308156,10800.0,603080.8966308156,2,0,28,28,0,0,0
B_adaptive,2025-02-22,52,28,14,38,51,10800.0,0.90,632274.5096601464,10800.0,632274.5096601464,4,0,28,28,0,0,0
B_adaptive,2025-02-23,53,28,14,39,52,10800.0,base,615855.1896498482,9638.46609219021,616897.1500948151,3,0,28,28,0,0,0
B_adaptive,2025-02-23,53,28,14,39,52,10800.0,0.50,676149.3063361322,8333.307188333332,678362.0668266867,5,0,28,28,0,0,0
B_adaptive,2025-02-23,53,28,14,39,52,10800.0,0.65,596989.7988967514,10610.427818518518,597159.8556753282,1,1,28,28,0,0,1
B_adaptive,2025-02-23,53,28,14,39,52,10800.0,0.80,601203.664747179,10800.0,601203.664747179,2,0,28,28,0,0,0
B_adaptive,2025-02-23,53,28,14,39,52,10800.0,0.90,629694.9914799432,10800.0,629694.9914799432,4,0,28,28,0,0,0
B_adaptive,2025-02-24,54,28,14,40,53,10769.032709999998,base,600209.3434364714,9526.228087592586,601324.2082274721,3,0,28,28,0,0,0
B_adaptive,2025-02-24,54,28,14,40,53,10769.032709999998,0.50,654679.8352512325,8234.262404259258,656953.6650360544,5,0,28,28,0,0,0
B_adaptive,2025-02-24,54,28,14,40,53,10769.032709999998,0.65,587071.6689153543,10596.816215185188,587226.1566787863,1,1,28,28,0,0,1
B_adaptive,2025-02-24,54,28,14,40,53,10769.032709999998,0.80,597932.1131000689,10800.0,597904.3337205339,2,0,28,28,0,0,0
B_adaptive,2025-02-24,54,28,14,40,53,10769.032709999998,0.90,626450.0328044572,10800.0,626422.2534249222,4,0,28,28,0,0,0
B_adaptive,2025-02-25,55,28,14,41,54,10722.075973888886,base,596568.9633619736,9605.294616111109,597570.7782833091,3,0,28,28,0,0,0
B_adaptive,2025-02-25,55,28,14,41,54,10722.075973888886,0.50,652687.7348452708,8359.340404629622,654807.2399139835,5,0,28,28,0,0,0
B_adaptive,2025-02-25,55,28,14,41,54,10722.075973888886,0.65,582153.5587768278,10602.550658703707,582260.7796248442,1,1,28,28,0,0,1
B_adaptive,2025-02-25,55,28,14,41,54,10722.075973888886,0.80,590814.3746409172,10800.0,590744.472460383,2,0,28,28,0,0,0
B_adaptive,2025-02-25,55,28,14,41,54,10722.075973888886,0.90,618953.7738697217,10800.0,618883.8716891875,4,0,28,28,0,0,0
B_adaptive,2025-02-26,56,28,14,42,55,10733.207878888885,base,586704.7594021226,9475.90252518518,587832.6321546922,3,0,28,28,0,0,0
B_adaptive,2025-02-26,56,28,14,42,55,10733.207878888885,0.50,637383.9634786661,8202.233405740739,639654.388190773,5,0,28,28,0,0,0
B_adaptive,2025-02-26,56,28,14,42,55,10733.207878888885,0.65,575998.3950685357,10524.96957555556,576185.1963954204,1,1,28,28,0,0,1
B_adaptive,2025-02-26,56,28,14,42,55,10733.207878888885,0.80,586697.5710315685,10800.0,586637.6547882584,2,0,28,28,0,0,0
B_adaptive,2025-02-26,56,28,14,42,55,10733.207878888885,0.90,614581.9299138468,10800.0,614522.0136705367,4,0,28,28,0,0,0
B_adaptive,2025-02-27,57,28,14,43,56,10719.879073888884,base,591983.9975516922,9552.166185185182,593031.5008857977,3,0,28,28,0,0,0
B_adaptive,2025-02-27,57,28,14,43,56,10719.879073888884,0.50,644523.7294852035,8339.252491296284,646659.2837868214,5,0,28,28,0,0,0
B_adaptive,2025-02-27,57,28,14,43,56,10719.879073888884,0.65,578077.5984404179,10635.427010555559,578153.3566330092,1,1,28,28,0,0,1
B_adaptive,2025-02-27,57,28,14,43,56,10719.879073888884,0.80,579732.7757299851,10800.0,579660.9028081009,2,0,28,28,0,0,0
B_adaptive,2025-02-27,57,28,14,43,56,10719.879073888884,0.90,607358.9465864927,10800.0,607287.0736646085,4,0,28,28,0,0,0
B_adaptive,2025-02-28,58,28,14,44,57,10748.065752222217,base,593952.6150904959,9644.044078518515,594942.9838663456,3,0,28,28,0,0,0
B_adaptive,2025-02-28,58,28,14,44,57,10748.065752222217,0.50,649319.1128417191,8411.392831111109,651415.238267118,5,0,28,28,0,0,0
B_adaptive,2025-02-28,58,28,14,44,57,10748.065752222217,0.65,578320.9798318424,10691.962074629633,578371.3079475139,2,0,28,28,0,0,0
B_adaptive,2025-02-28,58,28,14,44,57,10748.065752222217,0.80,575956.168451575,10800.0,575909.5805460823,1,1,28,28,0,0,1
B_adaptive,2025-02-28,58,28,14,44,57,10748.065752222217,0.90,601465.802980988,10800.0,601419.2150754954,4,0,28,28,0,0,0
B_adaptive,2025-03-01,59,28,14,45,58,10784.749174444438,base,591435.6862396476,9666.585768888881,592438.7409346201,3,0,28,28,0,0,0
B_adaptive,2025-03-01,59,28,14,45,58,10784.749174444438,0.50,643794.702367518,8530.373476666651,645817.002611519,5,0,28,28,0,0,0
B_adaptive,2025-03-01,59,28,14,45,58,10784.749174444438,0.65,576001.2986071806,10738.286889259265,576042.9778582298,2,0,28,28,0,0,0
B_adaptive,2025-03-01,59,28,14,45,58,10784.749174444438,0.80,574879.6587463086,10800.0,574865.9779085172,1,1,28,28,0,0,1
B_adaptive,2025-03-01,59,28,14,45,58,10784.749174444438,0.90,600276.9810399578,10800.0,600263.3002021664,4,0,28,28,0,0,0
B_adaptive,2025-03-02,60,28,14,46,59,10616.928634444439,base,590602.1121878824,9673.123803888882,591448.7575544924,3,0,28,28,0,0,0
B_adaptive,2025-03-02,60,28,14,46,59,10616.928634444439,0.50,639221.6252344404,8572.374614949691,641055.7037762617,5,0,28,28,0,0,0
B_adaptive,2025-03-02,60,28,14,46,59,10616.928634444439,0.65,574660.9346305551,10737.389754259264,574552.8743137968,2,0,28,28,0,0,0
B_adaptive,2025-03-02,60,28,14,46,59,10616.928634444439,0.80,573557.1594647383,10800.0,573392.9342792035,1,1,28,28,0,0,1
B_adaptive,2025-03-02,60,28,14,46,59,10616.928634444439,0.90,598078.7384913954,10800.0,597914.5133058606,4,0,28,28,0,0,0
B_adaptive,2025-03-03,61,28,14,47,60,10576.090032407403,base,598082.4390779973,9674.020061851843,598891.645956584,4,0,28,28,0,0,0
B_adaptive,2025-03-03,61,28,14,47,60,10576.090032407403,0.50,639786.7495680379,8565.686180555542,641590.193512252,5,0,28,28,0,0,0
B_adaptive,2025-03-03,61,28,14,47,60,10576.090032407403,0.65,581080.1517679358,10708.752174259263,580961.1464565757,2,0,28,28,0,0,0
B_adaptive,2025-03-03,61,28,14,47,60,10576.090032407403,0.80,576570.3537496312,10800.0,576369.494069258,1,1,28,28,0,0,1
B_adaptive,2025-03-03,61,28,14,47,60,10576.090032407403,0.90,596586.5859593374,10800.0,596385.7262789642,3,0,28,28,0,0,0
B_adaptive,2025-03-04,62,28,14,48,61,10598.187602222217,base,598956.2487757846,9664.777027962948,599793.5699170382,4,0,28,28,0,0,0
B_adaptive,2025-03-04,62,28,14,48,61,10598.187602222217,0.50,640557.8826052861,8610.649112777764,642340.8150491227,5,0,28,28,0,0,0
B_adaptive,2025-03-04,62,28,14,48,61,10598.187602222217,0.65,580646.926072531,10673.598144259264,580579.2786268493,2,0,28,28,0,0,0
B_adaptive,2025-03-04,62,28,14,48,61,10598.187602222217,0.80,576649.2991583186,10800.0,576468.262225712,1,1,28,28,0,0,1
B_adaptive,2025-03-04,62,28,14,48,61,10598.187602222217,0.90,596449.3503126382,10800.0,596268.3133800316,3,0,28,28,0,0,0
B_adaptive,2025-03-05,63,28,14,49,62,10688.113638703699,base,595744.0328925912,9571.719371666657,596745.5005720272,3,0,28,28,0,0,0
B_adaptive,2025-03-05,63,28,14,49,62,10688.113638703699,0.50,627445.1717522055,8590.859114999981,629326.5255741079,5,0,28,28,0,0,0
B_adaptive,2025-03-05,63,28,14,49,62,10688.113638703699,0.65,583059.8779660359,10761.687750740744,582993.877900088,2,0,28,28,0,0,0
B_adaptive,2025-03-05,63,28,14,49,62,10688.113638703699,0.80,579711.206247123,10800.0,579610.8379651313,1,1,28,28,0,0,1
B_adaptive,2025-03-05,63,28,14,49,62,10688.113638703699,0.90,599468.5417735073,10800.0,599368.1734915156,4,0,28,28,0,0,0
B_adaptive,2025-03-06,64,28,14,50,63,10466.774406851848,base,587879.9265670318,9543.663785370365,588708.008078424,3,0,28,28,0,0,0
B_adaptive,2025-03-06,64,28,14,50,63,10466.774406851848,0.50,611406.8204488431,8603.412789444426,613078.3593397473,5,0,28,28,0,0,0
B_adaptive,2025-03-06,64,28,14,50,63,10466.774406851848,0.65,579211.7785556581,10797.213799444451,578915.3560627585,1,1,28,28,0,0,1
B_adaptive,2025-03-06,64,28,14,50,63,10466.774406851848,0.80,579548.013018651,10800.0,579249.0911490642,2,0,28,28,0,0,0
B_adaptive,2025-03-06,64,28,14,50,63,10466.774406851848,0.90,599450.5138781553,10800.0,599151.5920085685,4,0,28,28,0,0,0
B_adaptive,2025-03-07,65,28,14,51,64,10405.37315574074,base,587562.4303792934,9426.06057259259,588440.9281726319,3,0,28,28,0,0,0
B_adaptive,2025-03-07,65,28,14,51,64,10405.37315574074,0.50,609342.1063997021,8535.450540740734,611019.5308699468,5,0,28,28,0,0,0
B_adaptive,2025-03-07,65,28,14,51,64,10405.37315574074,0.65,578151.8272330866,10755.09591444445,577838.1064894872,2,0,28,28,0,0,0
B_adaptive,2025-03-07,65,28,14,51,64,10405.37315574074,0.80,577118.472899176,10800.0,576764.4706961619,1,1,28,28,0,0,1
B_adaptive,2025-03-07,65,28,14,51,64,10405.37315574074,0.90,597066.5081779555,10800.0,596712.5059749414,4,0,28,28,0,0,0
B_adaptive,2025-03-08,66,28,14,52,65,10572.213569814816,base,586606.9145087148,9554.904855925923,587519.4969422239,3,0,28,28,0,0,0
B_adaptive,2025-03-08,66,28,14,52,65,10572.213569814816,0.50,605938.6037963278,8769.275883888875,607555.9390638082,5,0,28,28,0,0,0
B_adaptive,2025-03-08,66,28,14,52,65,10572.213569814816,0.65,577375.5951563574,10800.0,577171.2580736796,2,0,28,28,0,0,0
B_adaptive,2025-03-08,66,28,14,52,65,10572.213569814816,0.80,576255.2395835839,10800.0,576050.9025009061,1,1,28,28,0,0,1
B_adaptive,2025-03-08,66,28,14,52,65,10572.213569814816,0.90,596102.2949218942,10800.0,595897.9578392165,4,0,28,28,0,0,0
B_adaptive,2025-03-09,67,28,14,53,66,10582.540718518518,base,584769.8045898974,9529.65200537037,585714.3042594087,3,0,28,28,0,0,0
B_adaptive,2025-03-09,67,28,14,53,66,10582.540718518518,0.50,603302.0164422932,8945.045189213522,604770.9409040536,5,0,28,28,0,0,0
B_adaptive,2025-03-09,67,28,14,53,66,10582.540718518518,0.65,576894.8826548053,10800.0,576699.8095982452,2,0,28,28,0,0,0
B_adaptive,2025-03-09,67,28,14,53,66,10582.540718518518,0.80,574843.8985434597,10800.0,574648.8254868996,1,1,28,28,0,0,1
B_adaptive,2025-03-09,67,28,14,53,66,10582.540718518518,0.90,594590.791806976,10800.0,594395.7187504158,4,0,28,28,0,0,0
B_adaptive,2025-03-10,68,28,14,54,67,10568.929115185188,base,578665.0012766685,9589.600358703705,579543.5135783856,3,0,28,28,0,0,0
B_adaptive,2025-03-10,68,28,14,54,67,10568.929115185188,0.50,599470.3759811064,9085.89665187928,600800.7384913842,5,0,28,28,0,0,0
B_adaptive,2025-03-10,68,28,14,54,67,10568.929115185188,0.65,570628.1400445895,10800.0,570420.8566236392,2,0,28,28,0,0,0
B_adaptive,2025-03-10,68,28,14,54,67,10568.929115185188,0.80,568647.3893983116,10800.0,568440.1059773613,1,1,28,28,0,0,1
B_adaptive,2025-03-10,68,28,14,54,67,10568.929115185188,0.90,588581.0590909163,10800.0,588373.775669966,4,0,28,28,0,0,0
B_adaptive,2025-03-11,69,28,14,55,68,10574.663558703707,base,595188.4914161433,9626.491913518517,596039.0540580769,4,0,28,28,0,0,0
B_adaptive,2025-03-11,69,28,14,55,68,10574.663558703707,0.50,623298.3120308933,9183.127677037037,624546.5970242972,5,0,28,28,0,0,0
B_adaptive,2025-03-11,69,28,14,55,68,10574.663558703707,0.65,581820.2869641082,10800.0,581618.1476575743,2,0,28,28,0,0,0
B_adaptive,2025-03-11,69,28,14,55,68,10574.663558703707,0.80,568367.8876510869,10800.0,568165.7483445529,1,1,28,28,0,0,1
B_adaptive,2025-03-11,69,28,14,55,68,10574.663558703707,0.90,583808.0712173666,10800.0,583605.9319108326,3,0,28,28,0,0,0
B_adaptive,2025-03-12,70,28,14,56,69,10497.08247555556,base,597309.5271220023,9673.225153888892,598048.5729093886,4,0,28,28,0,0,0
B_adaptive,2025-03-12,70,28,14,56,69,10497.08247555556,0.50,624084.6207888909,9361.085015555556,625103.6736214808,5,0,28,28,0,0,0
B_adaptive,2025-03-12,70,28,14,56,69,10497.08247555556,0.65,581945.615439677,10800.0,581673.881591499,2,0,28,28,0,0,0
B_adaptive,2025-03-12,70,28,14,56,69,10497.08247555556,0.80,567628.7691571836,10800.0,567357.0353090055,1,1,28,28,0,0,1
B_adaptive,2025-03-12,70,28,14,56,69,10497.08247555556,0.90,583525.6558828691,10800.0,583253.9220346911,3,0,28,28,0,0,0
B_adaptive,2025-03-13,71,28,14,57,70,10607.539910555559,base,580884.97454023,9582.119958333333,581804.8332051485,3,0,28,28,0,0,0
B_adaptive,2025-03-13,71,28,14,57,70,10607.539910555559,0.50,602156.0486301384,9267.511147962961,603358.1288762264,5,0,28,28,0,0,0
B_adaptive,2025-03-13,71,28,14,57,70,10607.539910555559,0.65,569715.1389498692,10800.0,569542.4915574103,2,0,28,28,0,0,0
B_adaptive,2025-03-13,71,28,14,57,70,10607.539910555559,0.80,566426.2482660019,10800.0,566253.6008735431,1,1,28,28,0,0,1
B_adaptive,2025-03-13,71,28,14,57,70,10607.539910555559,0.90,582843.32419376,10800.0,582670.6768013012,4,0,28,28,0,0,0
B_adaptive,2025-03-14,72,28,14,58,71,10664.074974629633,base,598151.7912252306,9544.12274244399,599156.4505970696,4,0,28,28,0,0,0
B_adaptive,2025-03-14,72,28,14,58,71,10664.074974629633,0.50,625933.6713535639,9242.278332592592,627209.1019301735,5,0,28,28,0,0,0
B_adaptive,2025-03-14,72,28,14,58,71,10664.074974629633,0.65,582977.8364003353,10800.0,582855.9041011878,3,0,28,28,0,0,0
B_adaptive,2025-03-14,72,28,14,58,71,10664.074974629633,0.80,571288.3915949144,10800.0,571166.4592957669,1,1,28,28,0,0,1
B_adaptive,2025-03-14,72,28,14,58,71,10664.074974629633,0.90,579829.611278332,10800.0,579707.6789791845,2,0,28,28,0,0,0
B_adaptive,2025-03-15,73,28,14,59,72,10800.0,base,597274.8031317618,9719.265334259257,598244.2821677461,4,0,28,28,0,0,0
B_adaptive,2025-03-15,73,28,14,59,72,10800.0,0.50,625136.9587922762,9436.411570925917,626360.1733680684,5,0,28,28,0,0,0
B_adaptive,2025-03-15,73,28,14,59,72,10800.0,0.65,582896.1956105827,10800.0,582896.1956105827,3,0,28,28,0,0,0
B_adaptive,2025-03-15,73,28,14,59,72,10800.0,0.80,569755.9227565376,10800.0,569755.9227565376,1,1,28,28,0,0,1
B_adaptive,2025-03-15,73,28,14,59,72,10800.0,0.90,578473.7946518322,10800.0,578473.7946518322,2,0,28,28,0,0,0
B_adaptive,2025-03-16,74,28,14,60,73,10800.0,base,596576.4357465587,9571.234069259255,597678.7070512071,4,0,28,28,0,0,0
B_adaptive,2025-03-16,74,28,14,60,73,10800.0,0.50,625689.5847084082,9337.952720555546,627001.1223429188,5,0,28,28,0,0,0
B_adaptive,2025-03-16,74,28,14,60,73,10800.0,0.65,581752.1446979728,10713.258937222223,581829.9562502324,3,0,28,28,0,0,0
B_adaptive,2025-03-16,74,28,14,60,73,10800.0,0.80,568344.1074575059,10800.0,568344.1074575059,1,1,28,28,0,0,1
B_adaptive,2025-03-16,74,28,14,60,73,10800.0,0.90,577070.5991486371,10800.0,577070.5991486371,2,0,28,28,0,0,0
B_adaptive,2025-03-17,75,28,14,61,74,10800.0,base,580626.4206915809,9508.29666185185,581785.1503471963,4,0,28,28,0,0,0
B_adaptive,2025-03-17,75,28,14,61,74,10800.0,0.50,608503.1193744357,9324.131905370361,609827.0550479904,5,0,28,28,0,0,0
B_adaptive,2025-03-17,75,28,14,61,74,10800.0,0.65,567023.2444663049,10800.0,567023.2444663049,2,0,28,28,0,0,0
B_adaptive,2025-03-17,75,28,14,61,74,10800.0,0.80,559210.6725135031,10800.0,559210.6725135031,1,1,28,28,0,0,1
B_adaptive,2025-03-17,75,28,14,61,74,10800.0,0.90,572914.3070556481,10800.0,572914.3070556481,3,0,28,28,0,0,0
B_adaptive,2025-03-18,76,28,14,62,75,10800.0,base,569680.3633640734,9634.54949,570725.837218794,4,0,28,28,0,0,0
B_adaptive,2025-03-18,76,28,14,62,75,10800.0,0.50,596089.8145604009,9521.79413518518,597236.4362325767,5,0,28,28,0,0,0
B_adaptive,2025-03-18,76,28,14,62,75,10800.0,0.65,558529.6260043762,10800.0,558529.6260043762,2,0,28,28,0,0,0
B_adaptive,2025-03-18,76,28,14,62,75,10800.0,0.80,551109.6021940897,10800.0,551109.6021940897,1,1,28,28,0,0,1
B_adaptive,2025-03-18,76,28,14,62,75,10800.0,0.90,565240.8596891694,10800.0,565240.8596891694,3,0,28,28,0,0,0
B_adaptive,2025-03-19,77,28,14,63,76,10800.0,base,577241.8640444425,9645.729025555549,578277.3092346844,4,0,28,28,0,0,0
B_adaptive,2025-03-19,77,28,14,63,76,10800.0,0.50,612292.0623176551,9565.796034629624,613399.2118414793,5,0,28,28,0,0,0
B_adaptive,2025-03-19,77,28,14,63,76,10800.0,0.65,558049.4351515879,10800.0,558049.4351515879,3,0,28,28,0,0,0
B_adaptive,2025-03-19,77,28,14,63,76,10800.0,0.80,545622.843327323,10800.0,545622.843327323,1,1,28,28,0,0,1
B_adaptive,2025-03-19,77,28,14,63,76,10800.0,0.90,554589.836549232,10800.0,554589.836549232,2,0,28,28,0,0,0
B_adaptive,2025-03-20,78,28,14,64,77,10800.0,base,569419.7058659646,9840.485116481483,570280.4440228632,4,0,28,28,0,0,0
B_adaptive,2025-03-20,78,28,14,64,77,10800.0,0.50,604701.3917179214,9731.826006481482,605659.6031331071,5,0,28,28,0,0,0
B_adaptive,2025-03-20,78,28,14,64,77,10800.0,0.65,551174.9056383638,10800.0,551174.9056383638,3,0,28,28,0,0,0
B_adaptive,2025-03-20,78,28,14,64,77,10800.0,0.80,539165.1610574666,10800.0,539165.1610574666,1,1,28,28,0,0,1
B_adaptive,2025-03-20,78,28,14,64,77,10800.0,0.90,548398.4589451811,10800.0,548398.4589451811,2,0,28,28,0,0,0
B_adaptive,2025-03-21,79,28,14,65,78,10757.882115,base,572086.3159192915,9914.25777425926,572843.0938209548,4,0,28,28,0,0,0
B_adaptive,2025-03-21,79,28,14,65,78,10757.882115,0.50,617020.212576591,9818.404684259267,617862.976025156,5,0,28,28,0,0,0
B_adaptive,2025-03-21,79,28,14,65,78,10757.882115,0.65,548031.2151111023,10800.0,547993.4330283748,3,0,28,28,0,0,0
B_adaptive,2025-03-21,79,28,14,65,78,10757.882115,0.80,533839.2142318524,10800.0,533801.4321491249,1,1,28,28,0,0,1
B_adaptive,2025-03-21,79,28,14,65,78,10757.882115,0.90,543483.7781522605,10800.0,543445.9960695329,2,0,28,28,0,0,0
B_adaptive,2025-03-22,80,28,14,66,79,10800.0,base,573249.9509388397,9885.911286111112,574069.9392979044,4,0,28,28,0,0,0
B_adaptive,2025-03-22,80,28,14,66,79,10800.0,0.50,620196.6280971491,9832.277605555566,621064.728847321,5,0,28,28,0,0,0
B_adaptive,2025-03-22,80,28,14,66,79,10800.0,0.65,547398.6851937205,10792.725012592593,547405.211261591,3,0,28,28,0,0,0
B_adaptive,2025-03-22,80,28,14,66,79,10800.0,0.80,532509.39595542,10800.0,532509.39595542,1,1,28,28,0,0,1
B_adaptive,2025-03-22,80,28,14,66,79,10800.0,0.90,542141.8266064994,10800.0,542141.8266064994,2,0,28,28,0,0,0
B_adaptive,2025-03-23,81,28,14,67,80,10800.0,base,571097.2936930689,10066.268276666662,571755.4918117725,4,0,28,28,0,0,0
B_adaptive,2025-03-23,81,28,14,67,80,10800.0,0.50,616680.2893909003,9931.342231666675,617459.5236678602,5,0,28,28,0,0,0
B_adaptive,2025-03-23,81,28,14,67,80,10800.0,0.65,545400.6263631668,10800.0,545400.6263631668,3,0,28,28,0,0,0
B_adaptive,2025-03-23,81,28,14,67,80,10800.0,0.80,531690.023493845,10800.0,531690.023493845,1,1,28,28,0,0,1
B_adaptive,2025-03-23,81,28,14,67,80,10800.0,0.90,541288.1985613079,10800.0,541288.1985613079,2,0,28,28,0,0,0
B_adaptive,2025-03-24,82,28,14,68,81,10800.0,base,570281.9881026694,10143.332778333332,570871.0550820166,4,0,28,28,0,0,0
B_adaptive,2025-03-24,82,28,14,68,81,10800.0,0.50,613754.939594778,9993.443338292196,614478.4657290333,5,0,28,28,0,0,0
B_adaptive,2025-03-24,82,28,14,68,81,10800.0,0.65,543927.4428026545,10800.0,543927.4428026545,3,0,28,28,0,0,0
B_adaptive,2025-03-24,82,28,14,68,81,10800.0,0.80,530300.7017829453,10800.0,530300.7017829453,1,1,28,28,0,0,1
B_adaptive,2025-03-24,82,28,14,68,81,10800.0,0.90,540365.0316789004,10800.0,540365.0316789004,2,0,28,28,0,0,0
B_adaptive,2025-03-25,83,28,14,69,82,10800.0,base,548988.4943204854,9915.554285370363,549781.8912623812,4,0,28,28,0,0,0
B_adaptive,2025-03-25,83,28,14,69,82,10800.0,0.50,586504.121034036,9720.112498333341,587472.8401167812,5,0,28,28,0,0,0
B_adaptive,2025-03-25,83,28,14,69,82,10800.0,0.65,526193.6905699632,10685.050716851852,526296.8064630184,2,0,28,28,0,0,0
B_adaptive,2025-03-25,83,28,14,69,82,10800.0,0.80,522608.7177247798,10800.0,522608.7177247798,1,1,28,28,0,0,1
B_adaptive,2025-03-25,83,28,14,69,82,10800.0,0.90,537834.639815686,10800.0,537834.639815686,3,0,28,28,0,0,0
B_adaptive,2025-03-26,84,28,14,70,83,10800.0,base,555955.7305412155,9847.730573732624,556809.9691204344,4,0,28,28,0,0,0
B_adaptive,2025-03-26,84,28,14,70,83,10800.0,0.50,602165.3002712937,9661.311532962964,603186.7670866963,5,0,28,28,0,0,0
B_adaptive,2025-03-26,84,28,14,70,83,10800.0,0.65,526952.8058259434,10635.673416851852,527100.2159002819,2,0,28,28,0,0,0
B_adaptive,2025-03-26,84,28,14,70,83,10800.0,0.80,516506.26313751494,10800.0,516506.26313751494,1,1,28,28,0,0,1
B_adaptive,2025-03-26,84,28,14,70,83,10800.0,0.90,532024.7396457344,10800.0,532024.7396457344,3,0,28,28,0,0,0
B_adaptive,2025-03-27,85,28,14,71,84,10800.0,base,552786.1341084103,9834.042365740734,553652.6517706539,4,0,28,28,0,0,0
B_adaptive,2025-03-27,85,28,14,71,84,10800.0,0.50,597145.07966261,9597.754622222228,598223.5605578865,5,0,28,28,0,0,0
B_adaptive,2025-03-27,85,28,14,71,84,10800.0,0.65,524136.6062046719,10638.676026851852,524281.32277102873,2,0,28,28,0,0,0
B_adaptive,2025-03-27,85,28,14,71,84,10800.0,0.80,514225.22245866735,10800.0,514225.22245866735,1,1,28,28,0,0,1
B_adaptive,2025-03-27,85,28,14,71,84,10800.0,0.90,530239.0973735064,10800.0,530239.0973735064,3,0,28,28,0,0,0
B_adaptive,2025-03-28,86,28,14,72,85,10800.0,base,538232.7425142301,9717.41293351851,539203.8832565899,4,0,28,28,0,0,0
B_adaptive,2025-03-28,86,28,14,72,85,10800.0,0.50,581200.5944558743,9469.171385185193,582394.4216582862,5,0,28,28,0,0,0
B_adaptive,2025-03-28,86,28,14,72,85,10800.0,0.65,506268.72709911887,10534.766541851852,506506.6562462699,2,0,28,28,0,0,0
B_adaptive,2025-03-28,86,28,14,72,85,10800.0,0.80,499483.4567505946,10800.0,499483.4567505946,1,1,28,28,0,0,1
B_adaptive,2025-03-28,86,28,14,72,85,10800.0,0.90,526075.0447154847,10800.0,526075.0447154847,3,0,28,28,0,0,0
B_adaptive,2025-03-29,87,28,14,73,86,10800.0,base,535739.8620131867,9783.194743333328,536651.9928175976,4,0,28,28,0,0,0
B_adaptive,2025-03-29,87,28,14,73,86,10800.0,0.50,578126.5683055011,9505.824661296305,579287.5154829483,5,0,28,28,0,0,0
B_adaptive,2025-03-29,87,28,14,73,86,10800.0,0.65,504342.4061388344,10800.0,504342.4061388344,2,0,28,28,0,0,0
B_adaptive,2025-03-29,87,28,14,73,86,10800.0,0.80,499136.7099373363,10800.0,499136.7099373363,1,1,28,28,0,0,1
B_adaptive,2025-03-29,87,28,14,73,86,10800.0,0.90,525486.2274393903,10800.0,525486.2274393903,3,0,28,28,0,0,0
B_adaptive,2025-03-30,88,28,14,74,87,10800.0,base,534293.7392525106,9923.411481666662,535080.0878528177,4,0,28,28,0,0,0
B_adaptive,2025-03-30,88,28,14,74,87,10800.0,0.50,576186.4503009462,9640.093417962968,577226.950944288,5,0,28,28,0,0,0
B_adaptive,2025-03-30,88,28,14,74,87,10800.0,0.65,502947.6575911376,10794.366914999999,502952.7107813318,2,0,28,28,0,0,0
B_adaptive,2025-03-30,88,28,14,74,87,10800.0,0.80,498128.6264102546,10800.0,498128.6264102546,1,1,28,28,0,0,1
B_adaptive,2025-03-30,88,28,14,74,87,10800.0,0.90,524412.3341678802,10800.0,524412.3341678802,3,0,28,28,0,0,0
B_adaptive,2025-03-31,89,28,14,75,88,10800.0,base,536494.2561958245,9917.189474999996,537286.1862817786,4,0,28,28,0,0,0
B_adaptive,2025-03-31,89,28,14,75,88,10800.0,0.50,585270.0512955015,9618.984695,586329.4876360479,5,0,28,28,0,0,0
B_adaptive,2025-03-31,89,28,14,75,88,10800.0,0.65,499735.77060327213,10800.0,499735.77060327213,2,0,28,28,0,0,0
B_adaptive,2025-03-31,89,28,14,75,88,10800.0,0.80,490333.76891693537,10800.0,490333.76891693537,1,1,28,28,0,0,1
B_adaptive,2025-03-31,89,28,14,75,88,10800.0,0.90,516538.75685475126,10800.0,516538.75685475126,3,0,28,28,0,0,0
B_adaptive,2025-04-01,90,28,14,76,89,10800.0,base,544718.9835838162,9902.573939999995,545524.0246166396,4,0,28,28,0,0,0
B_adaptive,2025-04-01,90,28,14,76,89,10800.0,0.50,602665.5582400624,9609.815584999998,603733.2197816739,5,0,28,28,0,0,0
B_adaptive,2025-04-01,90,28,14,76,89,10800.0,0.65,499155.0836769347,10800.0,499155.0836769347,2,0,28,28,0,0,0
B_adaptive,2025-04-01,90,28,14,76,89,10800.0,0.80,484612.9459356435,10800.0,484612.9459356435,1,1,28,28,0,0,1
B_adaptive,2025-04-01,90,28,14,76,89,10800.0,0.90,510976.1788641901,10800.0,510976.1788641901,3,0,28,28,0,0,0
B_adaptive,2025-04-02,91,28,14,77,90,10800.0,base,539357.7507276393,9905.057616111102,540160.5637650089,4,0,28,28,0,0,0
B_adaptive,2025-04-02,91,28,14,77,90,10800.0,0.50,597067.5810685981,9679.345204986275,598072.8706783251,5,0,28,28,0,0,0
B_adaptive,2025-04-02,91,28,14,77,90,10800.0,0.65,490711.127681718,10800.0,490711.127681718,2,0,28,28,0,0,0
B_adaptive,2025-04-02,91,28,14,77,90,10800.0,0.80,478011.8649795245,10800.0,478011.8649795245,1,1,28,28,0,0,1
B_adaptive,2025-04-02,91,28,14,77,90,10800.0,0.90,510175.8770367566,10800.0,510175.8770367566,3,0,28,28,0,0,0
B_adaptive,2025-04-03,92,28,14,78,91,10800.0,base,548625.2990527495,9859.686171111101,549468.8127969201,4,0,28,28,0,0,0
B_adaptive,2025-04-03,92,28,14,78,91,10800.0,0.50,607954.6860870102,9610.525264986274,609021.7110062472,5,0,28,28,0,0,0
B_adaptive,2025-04-03,92,28,14,78,91,10800.0,0.65,498004.23435086233,10800.0,498004.23435086233,2,0,28,28,0,0,0
B_adaptive,2025-04-03,92,28,14,78,91,10800.0,0.80,481554.75378146867,10800.0,481554.75378146867,1,1,28,28,0,0,1
B_adaptive,2025-04-03,92,28,14,78,91,10800.0,0.90,508457.6200555541,10800.0,508457.6200555541,3,0,28,28,0,0,0
B_adaptive,2025-04-04,93,28,14,79,92,10800.0,base,542975.1253271876,9872.682340555548,543806.9807853571,4,0,28,28,0,0,0
B_adaptive,2025-04-04,93,28,14,79,92,10800.0,0.50,592719.9823535023,9624.005453333324,593774.9147948927,5,0,28,28,0,0,0
B_adaptive,2025-04-04,93,28,14,79,92,10800.0,0.65,497680.1531647004,10800.0,497680.1531647004,2,0,28,28,0,0,0
B_adaptive,2025-04-04,93,28,14,79,92,10800.0,0.80,481431.1529545309,10800.0,481431.1529545309,1,1,28,28,0,0,1
B_adaptive,2025-04-04,93,28,14,79,92,10800.0,0.90,508522.95064549276,10800.0,508522.95064549276,3,0,28,28,0,0,0
B_adaptive,2025-04-05,94,28,14,80,93,10800.0,base,539391.4780146464,9825.647778333325,540265.5260881605,4,0,28,28,0,0,0
B_adaptive,2025-04-05,94,28,14,80,93,10800.0,0.50,588686.99205911,9652.579268333322,589716.2922010112,5,0,28,28,0,0,0
B_adaptive,2025-04-05,94,28,14,80,93,10800.0,0.65,495835.3071473311,10800.0,495835.3071473311,2,0,28,28,0,0,0
B_adaptive,2025-04-05,94,28,14,80,93,10800.0,0.80,480347.04659694765,10800.0,480347.04659694765,1,1,28,28,0,0,1
B_adaptive,2025-04-05,94,28,14,80,93,10800.0,0.90,507409.4177062078,10800.0,507409.4177062078,3,0,28,28,0,0,0
B_adaptive,2025-04-06,95,28,14,81,94,10800.0,base,539373.6015002953,9713.173728333324,540348.5450452176,4,0,28,28,0,0,0
B_adaptive,2025-04-06,95,28,14,81,94,10800.0,0.50,587706.2511208165,9511.210973333322,588862.3664771268,5,0,28,28,0,0,0
B_adaptive,2025-04-06,95,28,14,81,94,10800.0,0.65,494683.1871611128,10800.0,494683.1871611128,2,0,28,28,0,0,0
B_adaptive,2025-04-06,95,28,14,81,94,10800.0,0.80,479128.06813210266,10800.0,479128.06813210266,1,1,28,28,0,0,1
B_adaptive,2025-04-06,95,28,14,81,94,10800.0,0.90,506182.0169842894,10800.0,506182.0169842894,3,0,28,28,0,0,0
B_adaptive,2025-04-07,96,28,14,82,95,10800.0,base,535279.3837651624,9770.7393124074,536202.6877830822,4,0,28,28,0,0,0
B_adaptive,2025-04-07,96,28,14,82,95,10800.0,0.50,581266.8922208635,9539.600044444434,582397.5410032166,5,0,28,28,0,0,0
B_adaptive,2025-04-07,96,28,14,82,95,10800.0,0.65,491715.46298323944,10800.0,491715.46298323944,2,0,28,28,0,0,0
B_adaptive,2025-04-07,96,28,14,82,95,10800.0,0.80,476423.5044730307,10800.0,476423.5044730307,1,1,28,28,0,0,1
B_adaptive,2025-04-07,96,28,14,82,95,10800.0,0.90,503944.6522382631,10800.0,503944.6522382631,3,0,28,28,0,0,0
B_adaptive,2025-04-08,97,28,14,83,96,10800.0,base,525482.943380632,9794.252399259249,526385.1548533632,4,0,28,28,0,0,0
B_adaptive,2025-04-08,97,28,14,83,96,10800.0,0.50,567980.7270442805,9579.682959087775,569075.4192253699,5,0,28,28,0,0,0
B_adaptive,2025-04-08,97,28,14,83,96,10800.0,0.65,486287.7756272915,10800.0,486287.7756272915,2,0,28,28,0,0,0
B_adaptive,2025-04-08,97,28,14,83,96,10800.0,0.80,473912.13656781253,10800.0,473912.13656781253,1,1,28,28,0,0,1
B_adaptive,2025-04-08,97,28,14,83,96,10800.0,0.90,501733.88042993855,10800.0,501733.88042993855,3,0,28,28,0,0,0
B_adaptive,2025-04-09,98,28,14,84,97,10800.0,base,513795.08227299876,9694.404819814805,514786.86257157935,4,0,28,28,0,0,0
B_adaptive,2025-04-09,98,28,14,84,97,10800.0,0.50,550804.7427486975,9465.420723333333,552001.9345031606,5,0,28,28,0,0,0
B_adaptive,2025-04-09,98,28,14,84,97,10800.0,0.65,478405.90876738227,10771.62741,478431.36055686726,2,0,28,28,0,0,0
B_adaptive,2025-04-09,98,28,14,84,97,10800.0,0.80,472211.02673658147,10800.0,472211.02673658147,1,1,28,28,0,0,1
B_adaptive,2025-04-09,98,28,14,84,97,10800.0,0.90,499590.3413194439,10800.0,499590.3413194439,3,0,28,28,0,0,0
B_adaptive,2025-04-10,99,28,14,85,98,10800.0,base,536518.7259698762,9645.326265370362,537554.5324583797,4,0,28,28,0,0,0
B_adaptive,2025-04-10,99,28,14,85,98,10800.0,0.50,576295.5611060559,9413.290994444435,577539.5161234284,5,0,28,28,0,0,0
B_adaptive,2025-04-10,99,28,14,85,98,10800.0,0.65,487918.4932757743,10726.647134999997,487984.29487083846,2,0,28,28,0,0,0
B_adaptive,2025-04-10,99,28,14,85,98,10800.0,0.80,469382.5717513249,10800.0,469382.5717513249,1,1,28,28,0,0,1
B_adaptive,2025-04-10,99,28,14,85,98,10800.0,0.90,496760.518787205,10800.0,496760.518787205,3,0,28,28,0,0,0
B_adaptive,2025-04-11,100,28,14,86,99,10800.0,base,522776.9071573448,9656.407780555552,523802.77291108755,4,0,28,28,0,0,0
B_adaptive,2025-04-11,100,28,14,86,99,10800.0,0.50,555834.4339813306,9436.91759314814,557057.1946270771,5,0,28,28,0,0,0
B_adaptive,2025-04-11,100,28,14,86,99,10800.0,0.65,481095.84509268263,10668.982979999995,481213.37463834597,2,0,28,28,0,0,0
B_adaptive,2025-04-11,100,28,14,86,99,10800.0,0.80,472006.0358412098,10800.0,472006.0358412098,1,1,28,28,0,0,1
B_adaptive,2025-04-11,100,28,14,86,99,10800.0,0.90,499791.9284658232,10800.0,499791.9284658232,3,0,28,28,0,0,0
B_adaptive,2025-04-12,101,28,14,87,100,10800.0,base,521129.46260623424,9433.365175555551,522355.40996791783,4,0,28,28,0,0,0
B_adaptive,2025-04-12,101,28,14,87,100,10800.0,0.50,553177.4319324908,9200.212392962954,554612.5302930922,5,0,28,28,0,0,0
B_adaptive,2025-04-12,101,28,14,87,100,10800.0,0.65,480177.6760513236,10800.0,480177.6760513236,2,0,28,28,0,0,0
B_adaptive,2025-04-12,101,28,14,87,100,10800.0,0.80,471037.82764592307,10800.0,471037.82764592307,1,1,28,28,0,0,1
B_adaptive,2025-04-12,101,28,14,87,100,10800.0,0.90,498879.74783801986,10800.0,498879.74783801986,3,0,28,28,0,0,0
B_adaptive,2025-04-13,102,28,14,88,101,10800.0,base,518609.65633106657,9439.19476055555,519830.3742311393,4,0,28,28,0,0,0
B_adaptive,2025-04-13,102,28,14,88,101,10800.0,0.50,549761.3647107185,9218.273067407405,551180.2616429726,5,0,28,28,0,0,0
B_adaptive,2025-04-13,102,28,14,88,101,10800.0,0.65,479496.7938313881,10800.0,479496.7938313881,2,0,28,28,0,0,0
B_adaptive,2025-04-13,102,28,14,88,101,10800.0,0.80,470184.13991190813,10800.0,470184.13991190813,1,1,28,28,0,0,1
B_adaptive,2025-04-13,102,28,14,88,101,10800.0,0.90,498011.6704529349,10800.0,498011.6704529349,3,0,28,28,0,0,0
B_adaptive,2025-04-14,103,28,14,89,102,10800.0,base,510849.3411867978,9483.092024259253,512030.6808025915,4,0,28,28,0,0,0
B_adaptive,2025-04-14,103,28,14,89,102,10800.0,0.50,538306.7561618093,9264.702727962956,539684.0031091195,5,0,28,28,0,0,0
B_adaptive,2025-04-14,103,28,14,89,102,10800.0,0.65,475690.3455811741,10800.0,475690.3455811741,2,0,28,28,0,0,0
B_adaptive,2025-04-14,103,28,14,89,102,10800.0,0.80,470537.7897441908,10800.0,470537.7897441908,1,1,28,28,0,0,1
B_adaptive,2025-04-14,103,28,14,89,102,10800.0,0.90,498320.481218012,10800.0,498320.481218012,3,0,28,28,0,0,0
B_adaptive,2025-04-15,104,28,14,90,103,10800.0,base,497732.9683899596,9507.091093888883,498892.77950701385,3,0,28,28,0,0,0
B_adaptive,2025-04-15,104,28,14,90,103,10800.0,0.50,516621.36613493395,9267.046936851848,517996.5101966369,5,0,28,28,0,0,0
B_adaptive,2025-04-15,104,28,14,90,103,10800.0,0.65,471039.3704506354,10800.0,471039.3704506354,2,0,28,28,0,0,0
B_adaptive,2025-04-15,104,28,14,90,103,10800.0,0.80,470296.9024812109,10800.0,470296.9024812109,1,1,28,28,0,0,1
B_adaptive,2025-04-15,104,28,14,90,103,10800.0,0.90,497911.4675761085,10800.0,497911.4675761085,4,0,28,28,0,0,0
B_adaptive,2025-04-16,105,28,14,91,104,10800.0,base,486268.79818775336,9583.661458888882,487359.92143349344,3,0,28,28,0,0,0
B_adaptive,2025-04-16,105,28,14,91,104,10800.0,0.50,498498.2209357664,9366.996466851844,499783.7047163077,5,0,28,28,0,0,0
B_adaptive,2025-04-16,105,28,14,91,104,10800.0,0.65,467224.56159865746,10800.0,467224.56159865746,2,0,28,28,0,0,0
B_adaptive,2025-04-16,105,28,14,91,104,10800.0,0.80,467065.1218917487,10800.0,467065.1218917487,1,1,28,28,0,0,1
B_adaptive,2025-04-16,105,28,14,91,104,10800.0,0.90,494293.7699294062,10800.0,494293.7699294062,4,0,28,28,0,0,0
B_adaptive,2025-04-17,106,28,14,92,105,10800.0,base,499113.62411234673,9545.215908518514,500239.23515263293,4,0,28,28,0,0,0
B_adaptive,2025-04-17,106,28,14,92,105,10800.0,0.50,514074.44130131113,9320.608512855495,515401.53765369573,5,0,28,28,0,0,0
B_adaptive,2025-04-17,106,28,14,92,105,10800.0,0.65,467127.93329006026,10747.140734999999,467175.3509873911,2,0,28,28,0,0,0
B_adaptive,2025-04-17,106,28,14,92,105,10800.0,0.80,456658.2425910487,10800.0,456658.2425910487,1,1,28,28,0,0,1
B_adaptive,2025-04-17,106,28,14,92,105,10800.0,0.90,488974.27990806015,10800.0,488974.27990806015,3,0,28,28,0,0,0
B_adaptive,2025-04-18,107,28,14,93,106,10800.0,base,490860.30994707404,9592.287439629627,491943.69520886854,4,0,28,28,0,0,0
B_adaptive,2025-04-18,107,28,14,93,106,10800.0,0.50,506101.3120095179,9360.269484444443,507392.8302669999,5,0,28,28,0,0,0
B_adaptive,2025-04-18,107,28,14,93,106,10800.0,0.65,460516.4954993092,10800.0,460516.4954993092,2,0,28,28,0,0,0
B_adaptive,2025-04-18,107,28,14,93,106,10800.0,0.80,453667.12686084874,10800.0,453667.12686084874,1,1,28,28,0,0,1
B_adaptive,2025-04-18,107,28,14,93,106,10800.0,0.90,485974.31563926995,10800.0,485974.31563926995,3,0,28,28,0,0,0
B_adaptive,2025-04-19,108,28,14,94,107,10800.0,base,490286.1410164131,9802.199982777776,491181.2230651957,4,0,28,28,0,0,0
B_adaptive,2025-04-19,108,28,14,94,107,10800.0,0.50,505319.7944288988,9536.76185203704,506452.9892275187,5,0,28,28,0,0,0
B_adaptive,2025-04-19,108,28,14,94,107,10800.0,0.65,460013.7199416991,10800.0,460013.7199416991,2,0,28,28,0,0,0
B_adaptive,2025-04-19,108,28,14,94,107,10800.0,0.80,453157.833549562,10800.0,453157.833549562,1,1,28,28,0,0,1
B_adaptive,2025-04-19,108,28,14,94,107,10800.0,0.90,485482.0124677499,10800.0,485482.0124677499,3,0,28,28,0,0,0
B_adaptive,2025-04-20,109,28,14,95,108,10800.0,base,488636.753800292,9845.294738518516,489493.1774590221,4,0,28,28,0,0,0
B_adaptive,2025-04-20,109,28,14,95,108,10800.0,0.50,503933.462697658,9532.117322592589,505070.823897219,5,0,28,28,0,0,0
B_adaptive,2025-04-20,109,28,14,95,108,10800.0,0.65,458993.65250077745,10800.0,458993.65250077745,2,0,28,28,0,0,0
B_adaptive,2025-04-20,109,28,14,95,108,10800.0,0.80,452180.688255652,10800.0,452180.688255652,1,1,28,28,0,0,1
B_adaptive,2025-04-20,109,28,14,95,108,10800.0,0.90,484480.33228336996,10800.0,484480.33228336996,3,0,28,28,0,0,0
B_adaptive,2025-04-21,110,28,14,96,109,10800.0,base,485744.34845069377,9809.527702962961,486632.85712737474,4,0,28,28,0,0,0
B_adaptive,2025-04-21,110,28,14,96,109,10800.0,0.50,505241.51576934825,9493.75293146319,506413.29195910733,5,0,28,28,0,0,0
B_adaptive,2025-04-21,110,28,14,96,109,10800.0,0.65,455523.9691467764,10800.0,455523.9691467764,2,0,28,28,0,0,0
B_adaptive,2025-04-21,110,28,14,96,109,10800.0,0.80,448695.8120774143,10800.0,448695.8120774143,1,1,28,28,0,0,1
B_adaptive,2025-04-21,110,28,14,96,109,10800.0,0.90,480677.7401813849,10800.0,480677.7401813849,3,0,28,28,0,0,0
B_adaptive,2025-04-22,111,28,14,97,110,10800.0,base,484893.9808794935,9884.43871537037,485715.2902163221,4,0,28,28,0,0,0
B_adaptive,2025-04-22,111,28,14,97,110,10800.0,0.50,504609.5051929067,9584.600756851853,505699.7858361908,5,0,28,28,0,0,0
B_adaptive,2025-04-22,111,28,14,97,110,10800.0,0.65,454646.8320939073,10800.0,454646.8320939073,2,0,28,28,0,0,0
B_adaptive,2025-04-22,111,28,14,97,110,10800.0,0.80,447803.92694402393,10800.0,447803.92694402393,1,1,28,28,0,0,1
B_adaptive,2025-04-22,111,28,14,97,110,10800.0,0.90,479670.61866996274,10800.0,479670.61866996274,3,0,28,28,0,0,0
B_adaptive,2025-04-23,112,28,14,98,111,10800.0,base,499453.94801763014,9755.262345555555,500391.1357346476,4,0,28,28,0,0,0
B_adaptive,2025-04-23,112,28,14,98,111,10800.0,0.50,518507.9345417104,9473.758238518516,519697.6470818572,5,0,28,28,0,0,0
B_adaptive,2025-04-23,112,28,14,98,111,10800.0,0.65,460522.7325569644,10633.835751851853,460671.7911189004,2,0,28,28,0,0,0
B_adaptive,2025-04-23,112,28,14,98,111,10800.0,0.80,443117.56662989594,10800.0,443117.56662989594,1,1,28,28,0,0,1
B_adaptive,2025-04-23,112,28,14,98,111,10800.0,0.90,475128.9739107695,10800.0,475128.9739107695,3,0,28,28,0,0,0
B_adaptive,2025-04-24,113,28,14,99,112,10800.0,base,471193.7289768083,9885.549990185182,472014.0414383905,3,0,28,28,0,0,0
B_adaptive,2025-04-24,113,28,14,99,112,10800.0,0.50,486473.6529690307,9580.089359798816,487567.9805861045,5,0,28,28,0,0,0
B_adaptive,2025-04-24,113,28,14,99,112,10800.0,0.65,446057.82549355546,10800.0,446057.82549355546,2,0,28,28,0,0,0
B_adaptive,2025-04-24,113,28,14,99,112,10800.0,0.80,440690.2785416269,10800.0,440690.2785416269,1,1,28,28,0,0,1
B_adaptive,2025-04-24,113,28,14,99,112,10800.0,0.90,472353.8972122805,10800.0,472353.8972122805,4,0,28,28,0,0,0
B_adaptive,2025-04-25,114,28,14,100,113,10800.0,base,463910.16986060754,9910.082906851858,464708.47493299993,3,0,28,28,0,0,0
B_adaptive,2025-04-25,114,28,14,100,113,10800.0,0.50,479285.15473401116,9566.808461296298,480391.3960548694,5,0,28,28,0,0,0
B_adaptive,2025-04-25,114,28,14,100,113,10800.0,0.65,439279.10255256266,10800.0,439279.10255256266,2,0,28,28,0,0,0
B_adaptive,2025-04-25,114,28,14,100,113,10800.0,0.80,434907.55136065907,10800.0,434907.55136065907,1,1,28,28,0,0,1
B_adaptive,2025-04-25,114,28,14,100,113,10800.0,0.90,466002.7557227792,10800.0,466002.7557227792,4,0,28,28,0,0,0
B_adaptive,2025-04-26,115,28,14,101,114,10800.0,base,463111.43939371477,9909.13735388889,463910.5926796457,3,0,28,28,0,0,0
B_adaptive,2025-04-26,115,28,14,101,114,10800.0,0.50,478280.55778820306,9553.255617222225,479398.95676313154,5,0,28,28,0,0,0
B_adaptive,2025-04-26,115,28,14,101,114,10800.0,0.65,437696.325622336,10789.085462222225,437706.11656908586,2,0,28,28,0,0,0
B_adaptive,2025-04-26,115,28,14,101,114,10800.0,0.80,433274.53582797904,10800.0,433274.53582797904,1,1,28,28,0,0,1
B_adaptive,2025-04-26,115,28,14,101,114,10800.0,0.90,464364.0985741975,10800.0,464364.0985741975,4,0,28,28,0,0,0
B_adaptive,2025-04-27,116,28,14,102,115,10800.0,base,464794.07023926545,9825.222551481478,465668.49976488925,4,0,28,28,0,0,0
B_adaptive,2025-04-27,116,28,14,102,115,10800.0,0.50,479817.1470309778,9443.942201666661,481033.6062126272,5,0,28,28,0,0,0
B_adaptive,2025-04-27,116,28,14,102,115,10800.0,0.65,437570.14891265414,10732.598012222224,437630.6122402457,2,0,28,28,0,0,0
B_adaptive,2025-04-27,116,28,14,102,115,10800.0,0.80,431728.86668065237,10800.0,431728.86668065237,1,1,28,28,0,0,1
B_adaptive,2025-04-27,116,28,14,102,115,10800.0,0.90,462888.12894153415,10800.0,462888.12894153415,3,0,28,28,0,0,0
B_adaptive,2025-04-28,117,28,14,103,116,10800.0,base,466561.01868694974,9769.815036851847,467485.15183139156,4,0,28,28,0,0,0
B_adaptive,2025-04-28,117,28,14,103,116,10800.0,0.50,479599.46900685364,9402.59757425925,480853.0166162112,5,0,28,28,0,0,0
B_adaptive,2025-04-28,117,28,14,103,116,10800.0,0.65,437145.99865936337,10754.637617222224,437186.69123684743,2,0,28,28,0,0,0
B_adaptive,2025-04-28,117,28,14,103,116,10800.0,0.80,427026.7921775177,10800.0,427026.7921775177,1,1,28,28,0,0,1
B_adaptive,2025-04-28,117,28,14,103,116,10800.0,0.90,457825.9728595511,10800.0,457825.9728595511,3,0,28,28,0,0,0
B_adaptive,2025-04-29,118,28,14,104,117,10800.0,base,501585.5989029389,9703.86983518518,502568.88855689805,4,0,28,28,0,0,0
B_adaptive,2025-04-29,118,28,14,104,117,10800.0,0.50,517378.90596857906,9363.033758591671,518667.94451858016,5,0,28,28,0,0,0
B_adaptive,2025-04-29,118,28,14,104,117,10800.0,0.65,457732.7640782103,10794.033467222223,457738.116389586,3,0,28,28,0,0,0
B_adaptive,2025-04-29,118,28,14,104,117,10800.0,0.80,429385.54744195036,10800.0,429385.54744195036,1,1,28,28,0,0,1
B_adaptive,2025-04-29,118,28,14,104,117,10800.0,0.90,455702.0980716223,10800.0,455702.0980716223,2,0,28,28,0,0,0
B_adaptive,2025-04-30,119,28,14,105,118,10800.0,base,500050.41360948584,9917.83949518518,500841.7605912217,4,0,28,28,0,0,0
B_adaptive,2025-04-30,119,28,14,105,118,10800.0,0.50,515433.9323597564,9566.836193591671,516540.148803205,5,0,28,28,0,0,0
B_adaptive,2025-04-30,119,28,14,105,118,10800.0,0.65,457866.025884753,10800.0,457866.025884753,2,0,28,28,0,0,0
B_adaptive,2025-04-30,119,28,14,105,118,10800.0,0.80,432392.04665320023,10800.0,432392.04665320023,1,1,28,28,0,0,1
B_adaptive,2025-04-30,119,28,14,105,118,10800.0,0.90,459027.84484935703,10800.0,459027.84484935703,3,0,28,28,0,0,0
B_adaptive,2025-05-01,120,28,14,106,119,10800.0,base,470398.674559918,9824.54404592592,471273.7127427199,4,0,28,28,0,0,0
B_adaptive,2025-05-01,120,28,14,106,119,10800.0,0.50,484403.0170878245,9539.372677777777,485533.86983070907,5,0,28,28,0,0,0
B_adaptive,2025-05-01,120,28,14,106,119,10800.0,0.65,443102.51586081897,10800.0,443102.51586081897,2,0,28,28,0,0,0
B_adaptive,2025-05-01,120,28,14,106,119,10800.0,0.80,431052.6321645749,10800.0,431052.6321645749,1,1,28,28,0,0,1
B_adaptive,2025-05-01,120,28,14,106,119,10800.0,0.90,457684.5859744007,10800.0,457684.5859744007,3,0,28,28,0,0,0
B_adaptive,2025-05-02,121,28,14,107,120,10800.0,base,483855.66017946147,9014.538398148145,485457.3184286338,4,0,28,28,0,0,0
B_adaptive,2025-05-02,121,28,14,107,120,10800.0,0.50,502043.10548136476,8705.837845925927,503921.6852759111,5,0,28,28,0,0,0
B_adaptive,2025-05-02,121,28,14,107,120,10800.0,0.65,454293.4337620862,10153.657844999998,454873.2385830187,2,0,28,28,0,0,0
B_adaptive,2025-05-02,121,28,14,107,120,10800.0,0.80,439208.1456769175,10278.706489444441,439675.7749166364,1,1,28,28,0,0,1
B_adaptive,2025-05-02,121,28,14,107,120,10800.0,0.90,461489.75782224134,10413.137868888887,461836.7946461886,3,0,28,28,0,0,0
B_adaptive,2025-05-03,122,28,14,108,121,10800.0,base,497786.50211446756,8420.418822037032,499921.11863005464,4,0,28,28,0,0,0
B_adaptive,2025-05-03,122,28,14,108,121,10800.0,0.50,516475.84577400173,8105.889440711021,518892.6126184928,5,0,28,28,0,0,0
B_adaptive,2025-05-03,122,28,14,108,121,10800.0,0.65,464064.0690460572,9714.463499814812,465037.85559430666,2,0,28,28,0,0,0
B_adaptive,2025-05-03,122,28,14,108,121,10800.0,0.80,446449.9392621323,9975.85173444444,447189.24604235037,1,1,28,28,0,0,1
B_adaptive,2025-05-03,122,28,14,108,121,10800.0,0.90,465496.6493867277,10204.934088888886,466030.45656821167,3,0,28,28,0,0,0
B_adaptive,2025-05-04,123,28,14,109,122,10800.0,base,506085.4498878538,8133.928342777777,508477.0642794742,4,0,28,28,0,0,0
B_adaptive,2025-05-04,123,28,14,109,122,10800.0,0.50,524866.1521481122,7902.158133888883,527465.6772932287,5,0,28,28,0,0,0
B_adaptive,2025-05-04,123,28,14,109,122,10800.0,0.65,471498.7622141475,9507.151008703699,472658.5195842842,3,0,28,28,0,0,0
B_adaptive,2025-05-04,123,28,14,109,122,10800.0,0.80,452051.22185017273,9864.176370925921,452890.7076356538,1,1,28,28,0,0,1
B_adaptive,2025-05-04,123,28,14,109,122,10800.0,0.90,469514.3107621584,10173.220098888885,470076.5671545607,2,0,28,28,0,0,0
B_adaptive,2025-05-05,124,28,14,110,123,10800.0,base,516680.2725625751,7594.453955185182,519555.8254506654,4,0,28,28,0,0,0
B_adaptive,2025-05-05,124,28,14,110,123,10800.0,0.50,530454.5470816168,7412.076693518509,533493.7025054921,5,0,28,28,0,0,0
B_adaptive,2025-05-05,124,28,14,110,123,10800.0,0.65,480700.4478010989,9139.39147629629,482190.10590289027,3,0,28,28,0,0,0
B_adaptive,2025-05-05,124,28,14,110,123,10800.0,0.80,459256.4448519313,9615.863096666662,460318.68143960484,1,1,28,28,0,0,1
B_adaptive,2025-05-05,124,28,14,110,123,10800.0,0.90,472804.4976800081,10007.163419999999,473515.7161387448,2,0,28,28,0,0,0
B_adaptive,2025-05-06,125,28,14,111,124,10800.0,base,550589.1279838606,7081.332589444445,553924.9792437628,4,0,28,28,0,0,0
B_adaptive,2025-05-06,125,28,14,111,124,10800.0,0.50,568289.5361089911,6998.17519351851,571699.9841728943,5,0,28,28,0,0,0
B_adaptive,2025-05-06,125,28,14,111,124,10800.0,0.65,497972.1564940497,8769.240591111102,499793.8605037902,3,0,28,28,0,0,0
B_adaptive,2025-05-06,125,28,14,111,124,10800.0,0.80,465160.64317882736,9392.053242592587,466423.6496394861,1,1,28,28,0,0,1
B_adaptive,2025-05-06,125,28,14,111,124,10800.0,0.90,473347.405970953,10123.524368333332,473954.24219453754,2,0,28,28,0,0,0
B_adaptive,2025-05-07,126,28,14,112,125,10800.0,base,539504.5301498652,6460.217170839046,543397.5564466687,4,0,28,28,0,0,0
B_adaptive,2025-05-07,126,28,14,112,125,10800.0,0.50,554215.2008590673,6481.800765822336,558088.865472082,5,0,28,28,0,0,0
B_adaptive,2025-05-07,126,28,14,112,125,10800.0,0.65,496971.1061514545,8167.168715370361,499332.902082172,3,0,28,28,0,0,0
B_adaptive,2025-05-07,126,28,14,112,125,10800.0,0.80,474055.63995537034,8942.82041092592,475721.6332234136,1,1,28,28,0,0,1
B_adaptive,2025-05-07,126,28,14,112,125,10800.0,0.90,478230.1434825137,9897.011739629628,479040.1741180804,2,0,28,28,0,0,0
B_adaptive,2025-05-08,127,28,14,113,126,10800.0,base,568702.606587089,5876.258625283489,573119.4761413973,4,0,28,28,0,0,0
B_adaptive,2025-05-08,127,28,14,113,126,10800.0,0.50,585371.7770521824,5988.7669183333255,589687.7204171641,5,0,28,28,0,0,0
B_adaptive,2025-05-08,127,28,14,113,126,10800.0,0.65,512698.67800166714,7850.992546666657,515344.1015210546,3,0,28,28,0,0,0
B_adaptive,2025-05-08,127,28,14,113,126,10800.0,0.80,483228.4457209255,8801.737100925922,485020.9985560005,2,0,28,28,0,0,0
B_adaptive,2025-05-08,127,28,14,113,126,10800.0,0.90,480525.3903020645,10115.039079629627,481139.83830102114,1,1,28,28,0,0,1
B_adaptive,2025-05-09,128,28,14,114,127,10800.0,base,580467.0166076348,5939.168832962951,584827.452210643,4,0,28,28,0,0,0
B_adaptive,2025-05-09,128,28,14,114,127,10800.0,0.50,599789.3064146711,6175.705860489249,603937.5551630423,5,0,28,28,0,0,0
B_adaptive,2025-05-09,128,28,14,114,127,10800.0,0.65,517125.0443571491,8287.022959629623,519379.3243721969,3,0,28,28,0,0,0
B_adaptive,2025-05-09,128,28,14,114,127,10800.0,0.80,488356.5740379994,9650.3201037037,489387.90077608253,2,0,28,28,0,0,0
B_adaptive,2025-05-09,128,28,14,114,127,10800.0,0.90,486568.36265019357,10800.0,486568.36265019357,1,1,28,28,0,0,1
B_adaptive,2025-05-10,129,28,14,115,128,10800.0,base,585574.8033377506,6486.666000370362,589444.103565085,4,0,28,28,0,0,0
B_adaptive,2025-05-10,129,28,14,115,128,10800.0,0.50,604490.2956700478,6729.55034962963,608141.7151425217,5,0,28,28,0,0,0
B_adaptive,2025-05-10,129,28,14,115,128,10800.0,0.65,519590.7507823637,8922.964259814808,521274.55612107314,3,0,28,28,0,0,0
B_adaptive,2025-05-10,129,28,14,115,128,10800.0,0.80,491456.0907286579,10800.0,491456.0907286579,2,0,28,28,0,0,0
B_adaptive,2025-05-10,129,28,14,115,128,10800.0,0.90,490792.46912356524,10800.0,490792.46912356524,1,1,28,28,0,0,1
B_adaptive,2025-05-11,130,28,14,116,129,10800.0,base,585672.5921869995,6493.904063888879,589535.3994692432,4,0,28,28,0,0,0
B_adaptive,2025-05-11,130,28,14,116,129,10800.0,0.50,604938.9094065444,7017.774626296294,608331.7756903885,5,0,28,28,0,0,0
B_adaptive,2025-05-11,130,28,14,116,129,10800.0,0.65,521786.709184377,9702.374806111105,522771.3399624728,3,0,28,28,0,0,0
B_adaptive,2025-05-11,130,28,14,116,129,10800.0,0.80,495602.47238257295,10800.0,495602.47238257295,1,1,28,28,0,0,1
B_adaptive,2025-05-11,130,28,14,116,129,10800.0,0.90,495981.70311886026,10800.0,495981.70311886026,2,0,28,28,0,0,0
B_adaptive,2025-05-12,131,28,14,117,130,10800.0,base,584172.1338328178,6486.434083148138,588041.6421027848,4,0,28,28,0,0,0
B_adaptive,2025-05-12,131,28,14,117,130,10800.0,0.50,600887.3005600893,7168.684531851851,604144.7922747664,5,0,28,28,0,0,0
B_adaptive,2025-05-12,131,28,14,117,130,10800.0,0.65,525851.4059168793,10162.878777407399,526422.9390491684,3,0,28,28,0,0,0
B_adaptive,2025-05-12,131,28,14,117,130,10800.0,0.80,505600.1808219329,10800.0,505600.1808219329,1,1,28,28,0,0,1
B_adaptive,2025-05-12,131,28,14,117,130,10800.0,0.90,507525.9121456861,10800.0,507525.9121456861,2,0,28,28,0,0,0
B_adaptive,2025-05-13,132,28,14,118,131,10800.0,base,553810.4409490074,6613.3790711111005,557566.0725122724,4,0,28,28,0,0,0
B_adaptive,2025-05-13,132,28,14,118,131,10800.0,0.50,566982.9833165335,7385.523140740742,570045.9587524479,5,0,28,28,0,0,0
B_adaptive,2025-05-13,132,28,14,118,131,10800.0,0.65,506868.88321505324,10572.575857407408,507072.89530563337,2,0,28,28,0,0,0
B_adaptive,2025-05-13,132,28,14,118,131,10800.0,0.80,506252.4823294813,10800.0,506252.4823294813,1,1,28,28,0,0,1
B_adaptive,2025-05-13,132,28,14,118,131,10800.0,0.90,513559.3413792192,10800.0,513559.3413792192,3,0,28,28,0,0,0
B_adaptive,2025-05-14,133,28,14,119,132,10800.0,base,560185.0161878407,6811.46009074073,563762.9580719968,4,0,28,28,0,0,0
B_adaptive,2025-05-14,133,28,14,119,132,10800.0,0.50,574428.982057065,7659.989242777778,577245.7461513354,5,0,28,28,0,0,0
B_adaptive,2025-05-14,133,28,14,119,132,10800.0,0.65,505849.0862043753,10800.0,505849.0862043753,2,0,28,28,0,0,0
B_adaptive,2025-05-14,133,28,14,119,132,10800.0,0.80,505669.66272114904,10800.0,505669.66272114904,1,1,28,28,0,0,1
B_adaptive,2025-05-14,133,28,14,119,132,10800.0,0.90,513251.9372583277,10800.0,513251.9372583277,3,0,28,28,0,0,0
B_adaptive,2025-05-15,134,28,14,120,133,10800.0,base,562463.9713916208,6833.322731481477,566022.3012724413,4,0,28,28,0,0,0
B_adaptive,2025-05-15,134,28,14,120,133,10800.0,0.50,573861.9285030303,7811.154123731133,576543.0893010367,5,0,28,28,0,0,0
B_adaptive,2025-05-15,134,28,14,120,133,10800.0,0.65,509982.3963534063,10800.0,509982.3963534063,1,1,28,28,0,0,1
B_adaptive,2025-05-15,134,28,14,120,133,10800.0,0.80,510872.29668086674,10800.0,510872.29668086674,2,0,28,28,0,0,0
B_adaptive,2025-05-15,134,28,14,120,133,10800.0,0.90,519580.796413096,10800.0,519580.796413096,3,0,28,28,0,0,0
B_adaptive,2025-05-16,135,28,14,121,134,10278.706489444441,base,552409.7530442763,7146.5422711111005,555219.4783572445,4,0,28,28,0,0,0
B_adaptive,2025-05-16,135,28,14,121,134,10278.706489444441,0.50,558113.3539537669,8186.924941111102,559989.7982127079,5,0,28,28,0,0,0
B_adaptive,2025-05-16,135,28,14,121,134,10278.706489444441,0.65,498439.53727006505,10800.0,497971.90803034615,1,1,28,28,0,0,1
B_adaptive,2025-05-16,135,28,14,121,134,10278.706489444441,0.80,502912.0252765774,10800.0,502444.3960368585,2,0,28,28,0,0,0
B_adaptive,2025-05-16,135,28,14,121,134,10278.706489444441,0.90,516538.0703691899,10800.0,516070.441129471,3,0,28,28,0,0,0
B_adaptive,2025-05-17,136,28,14,122,135,9975.85173444444,base,539197.7893855447,6928.070723342461,541931.8182736705,4,0,28,28,0,0,0
B_adaptive,2025-05-17,136,28,14,122,135,9975.85173444444,0.50,543948.830258332,8198.324326111102,545543.3710951296,5,0,28,28,0,0,0
B_adaptive,2025-05-17,136,28,14,122,135,9975.85173444444,0.65,490232.9344298622,10800.0,489493.6276496441,1,1,28,28,0,0,1
B_adaptive,2025-05-17,136,28,14,122,135,9975.85173444444,0.80,497882.75855421927,10800.0,497143.4517740012,2,0,28,28,0,0,0
B_adaptive,2025-05-17,136,28,14,122,135,9975.85173444444,0.90,515763.9057785665,10800.0,515024.5989983484,3,0,28,28,0,0,0
B_adaptive,2025-05-18,137,28,14,123,136,9864.176370925921,base,535994.6865150495,7123.708734999985,538453.0382326772,4,0,28,28,0,0,0
B_adaptive,2025-05-18,137,28,14,123,136,9864.176370925921,0.50,539560.266576173,8483.359657455412,540798.9358801957,5,0,28,28,0,0,0
B_adaptive,2025-05-18,137,28,14,123,136,9864.176370925921,0.65,484846.31466932275,10800.0,484006.8288838417,1,1,28,28,0,0,1
B_adaptive,2025-05-18,137,28,14,123,136,9864.176370925921,0.80,494609.7435657171,10800.0,493770.257780236,2,0,28,28,0,0,0
B_adaptive,2025-05-18,137,28,14,123,136,9864.176370925921,0.90,515032.5178918537,10800.0,514193.03210637264,3,0,28,28,0,0,0
B_adaptive,2025-05-19,138,28,14,124,137,9615.863096666662,base,526864.769513791,7553.853852962951,528714.5063614623,4,0,28,28,0,0,0
B_adaptive,2025-05-19,138,28,14,124,137,9615.863096666662,0.50,531408.8234229002,9136.48198981481,531838.85490803,5,0,28,28,0,0,0
B_adaptive,2025-05-19,138,28,14,124,137,9615.863096666662,0.65,479806.4049872564,10800.0,478744.16839958285,1,1,28,28,0,0,1
B_adaptive,2025-05-19,138,28,14,124,137,9615.863096666662,0.80,492214.99347578763,10800.0,491152.7568881141,2,0,28,28,0,0,0
B_adaptive,2025-05-19,138,28,14,124,137,9615.863096666662,0.90,517329.96178130276,10800.0,516267.7251936292,3,0,28,28,0,0,0
B_adaptive,2025-05-20,139,28,14,125,138,9392.053242592587,base,494905.39332854934,7625.287147037022,496490.28066993464,4,0,28,28,0,0,0
B_adaptive,2025-05-20,139,28,14,125,138,9392.053242592587,0.50,494679.82047606754,9300.285487962954,494762.1412501789,3,0,28,28,0,0,0
B_adaptive,2025-05-20,139,28,14,125,138,9392.053242592587,0.65,464558.22460664215,10800.0,463295.2181459834,1,1,28,28,0,0,1
B_adaptive,2025-05-20,139,28,14,125,138,9392.053242592587,0.80,488968.3496132109,10800.0,487705.34315255214,2,0,28,28,0,0,0
B_adaptive,2025-05-20,139,28,14,125,138,9392.053242592587,0.90,520210.6980577418,10800.0,518947.69159708306,5,0,28,28,0,0,0
B_adaptive,2025-05-21,140,28,14,126,139,8942.82041092592,base,515504.8481262937,7705.867352962956,516614.4637389008,3,0,28,28,0,0,0
B_adaptive,2025-05-21,140,28,14,126,139,8942.82041092592,0.50,516953.41869751125,9484.805850018281,516467.22764834325,4,0,28,28,0,0,0
B_adaptive,2025-05-21,140,28,14,126,139,8942.82041092592,0.65,470896.3365095684,10800.0,469230.3432415251,1,1,28,28,0,0,1
B_adaptive,2025-05-21,140,28,14,126,139,8942.82041092592,0.80,482971.9940595727,10800.0,481306.0007915294,2,0,28,28,0,0,0
B_adaptive,2025-05-21,140,28,14,126,139,8942.82041092592,0.90,519151.92641069426,10800.0,517485.933142651,5,0,28,28,0,0,0
B_adaptive,2025-05-22,141,28,14,127,140,8801.737100925922,base,490844.4701454303,7935.893518333328,491621.1799414371,4,0,28,28,0,0,0
B_adaptive,2025-05-22,141,28,14,127,140,8801.737100925922,0.50,489234.93716766464,9608.382732777773,488511.33122224733,3,0,28,28,0,0,0
B_adaptive,2025-05-22,141,28,14,127,140,8801.737100925922,0.65,458327.85064587987,10800.0,456535.2978108049,1,1,28,28,0,0,1
B_adaptive,2025-05-22,141,28,14,127,140,8801.737100925922,0.80,477820.72092031053,10800.0,476028.1680852356,2,0,28,28,0,0,0
B_adaptive,2025-05-22,141,28,14,127,140,8801.737100925922,0.90,522049.2254477652,10800.0,520256.67261269025,5,0,28,28,0,0,0
B_adaptive,2025-05-23,142,28,14,128,141,10305.12446222222,base,483195.81099630316,9385.106782187926,484021.11796738725,3,0,28,28,0,0,0
B_adaptive,2025-05-23,142,28,14,128,141,10305.12446222222,0.50,483227.8212086052,10798.971944444445,482784.8125810806,4,0,28,28,0,0,0
B_adaptive,2025-05-23,142,28,14,128,141,10305.12446222222,0.65,456109.443751285,10800.0,455665.5129008129,1,1,28,28,0,0,1
B_adaptive,2025-05-23,142,28,14,128,141,10305.12446222222,0.80,475514.16443983425,10800.0,475070.2335893621,2,0,28,28,0,0,0
B_adaptive,2025-05-23,142,28,14,128,141,10305.12446222222,0.90,519795.3056549172,10800.0,519351.3748044451,5,0,28,28,0,0,0
B_adaptive,2025-05-24,143,28,14,129,142,10800.0,base,483309.9356229493,9938.904671851844,484082.38597092754,4,0,28,28,0,0,0
B_adaptive,2025-05-24,143,28,14,129,142,10800.0,0.50,482594.85015865485,10800.0,482594.85015865485,3,0,28,28,0,0,0
B_adaptive,2025-05-24,143,28,14,129,142,10800.0,0.65,456177.43991108955,10800.0,456177.43991108955,1,1,28,28,0,0,1
B_adaptive,2025-05-24,143,28,14,129,142,10800.0,0.80,475589.7703588435,10800.0,475589.7703588435,2,0,28,28,0,0,0
B_adaptive,2025-05-24,143,28,14,129,142,10800.0,0.90,519691.71808349143,10800.0,519691.71808349143,5,0,28,28,0,0,0
B_adaptive,2025-05-25,144,28,14,130,143,10800.0,base,483593.4419616692,10033.939753703706,484280.6405614995,4,0,28,28,0,0,0
B_adaptive,2025-05-25,144,28,14,130,143,10800.0,0.50,482490.54033703776,10800.0,482490.54033703776,3,0,28,28,0,0,0
B_adaptive,2025-05-25,144,28,14,130,143,10800.0,0.65,455788.5244738295,10800.0,455788.5244738295,1,1,28,28,0,0,1
B_adaptive,2025-05-25,144,28,14,130,143,10800.0,0.80,475211.0984874318,10800.0,475211.0984874318,2,0,28,28,0,0,0
B_adaptive,2025-05-25,144,28,14,130,143,10800.0,0.90,519083.558031113,10800.0,519083.558031113,5,0,28,28,0,0,0
B_adaptive,2025-05-26,145,28,14,131,144,10800.0,base,482859.56600742217,10040.434226296298,483540.9387045329,4,0,28,28,0,0,0
B_adaptive,2025-05-26,145,28,14,131,144,10800.0,0.50,481375.4450644644,10800.0,481375.4450644644,3,0,28,28,0,0,0
B_adaptive,2025-05-26,145,28,14,131,144,10800.0,0.65,450659.94450475625,10800.0,450659.94450475625,1,1,28,28,0,0,1
B_adaptive,2025-05-26,145,28,14,131,144,10800.0,0.80,469704.90497691877,10800.0,469704.90497691877,2,0,28,28,0,0,0
B_adaptive,2025-05-26,145,28,14,131,144,10800.0,0.90,513340.21077131643,10800.0,513340.21077131643,5,0,28,28,0,0,0
B_adaptive,2025-05-27,146,28,14,132,145,10800.0,base,510970.756578966,9931.869701296298,511749.51768636424,4,0,28,28,0,0,0
B_adaptive,2025-05-27,146,28,14,132,145,10800.0,0.50,512553.6466138925,10691.512094999998,512650.9662917834,5,0,28,28,0,0,0
B_adaptive,2025-05-27,146,28,14,132,145,10800.0,0.65,463109.5767853847,10800.0,463109.5767853847,1,1,28,28,0,0,1
B_adaptive,2025-05-27,146,28,14,132,145,10800.0,0.80,465957.7749749228,10800.0,465957.7749749228,2,0,28,28,0,0,0
B_adaptive,2025-05-27,146,28,14,132,145,10800.0,0.90,509433.24197800923,10800.0,509433.24197800923,3,0,28,28,0,0,0
B_adaptive,2025-05-28,147,28,14,133,146,10800.0,base,501029.3423447079,9847.139447592594,501884.11119691475,3,0,28,28,0,0,0
B_adaptive,2025-05-28,147,28,14,133,146,10800.0,0.50,501652.79175193276,10800.0,501652.79175193276,4,0,28,28,0,0,0
B_adaptive,2025-05-28,147,28,14,133,146,10800.0,0.65,464894.5152698307,10800.0,464894.5152698307,1,1,28,28,0,0,1
B_adaptive,2025-05-28,147,28,14,133,146,10800.0,0.80,467766.5119803816,10800.0,467766.5119803816,2,0,28,28,0,0,0
B_adaptive,2025-05-28,147,28,14,133,146,10800.0,0.90,512005.3754058035,10800.0,512005.3754058035,5,0,28,28,0,0,0
B_adaptive,2025-05-29,148,28,14,134,147,10800.0,base,516440.7113058901,9980.537331707817,517175.814845052,4,0,28,28,0,0,0
B_adaptive,2025-05-29,148,28,14,134,147,10800.0,0.50,519081.1866293503,10800.0,519081.1866293503,5,0,28,28,0,0,0
B_adaptive,2025-05-29,148,28,14,134,147,10800.0,0.65,462616.7686802559,10800.0,462616.7686802559,1,1,28,28,0,0,1
B_adaptive,2025-05-29,148,28,14,134,147,10800.0,0.80,465221.0207838308,10800.0,465221.0207838308,2,0,28,28,0,0,0
B_adaptive,2025-05-29,148,28,14,134,147,10800.0,0.90,509501.04723072087,10800.0,509501.04723072087,3,0,28,28,0,0,0
B_adaptive,2025-05-30,149,28,14,135,148,10800.0,base,524547.1472899296,9913.964534999997,525341.970326227,4,0,28,28,0,0,0
B_adaptive,2025-05-30,149,28,14,135,148,10800.0,0.50,528665.6832472063,10741.831259999997,528717.8638385829,5,0,28,28,0,0,0
B_adaptive,2025-05-30,149,28,14,135,148,10800.0,0.65,462548.3219066357,10800.0,462548.3219066357,1,1,28,28,0,0,1
B_adaptive,2025-05-30,149,28,14,135,148,10800.0,0.80,464992.5302117239,10800.0,464992.5302117239,2,0,28,28,0,0,0
B_adaptive,2025-05-30,149,28,14,135,148,10800.0,0.90,509299.52613055974,10800.0,509299.52613055974,3,0,28,28,0,0,0
B_adaptive,2025-05-31,150,28,14,136,149,10800.0,base,526409.8378147194,10098.794796851846,527038.857837788,4,0,28,28,0,0,0
B_adaptive,2025-05-31,150,28,14,136,149,10800.0,0.50,529123.7862374431,10715.133793148145,529199.9159397784,5,0,28,28,0,0,0
B_adaptive,2025-05-31,150,28,14,136,149,10800.0,0.65,462174.5483878774,10800.0,462174.5483878774,1,1,28,28,0,0,1
B_adaptive,2025-05-31,150,28,14,136,149,10800.0,0.80,464497.36818652553,10800.0,464497.36818652553,2,0,28,28,0,0,0
B_adaptive,2025-05-31,150,28,14,136,149,10800.0,0.90,508613.78197234805,10800.0,508613.78197234805,3,0,28,28,0,0,0
B_adaptive,2025-06-01,151,28,14,137,150,10800.0,base,522967.0925701603,10096.692381851846,523597.9985762846,4,0,28,28,0,0,0
B_adaptive,2025-06-01,151,28,14,137,150,10800.0,0.50,526749.7763299261,10800.0,526749.7763299261,5,0,28,28,0,0,0
B_adaptive,2025-06-01,151,28,14,137,150,10800.0,0.65,462891.31937516475,10800.0,462891.31937516475,1,1,28,28,0,0,1
B_adaptive,2025-06-01,151,28,14,137,150,10800.0,0.80,464903.0502898812,10800.0,464903.0502898812,2,0,28,28,0,0,0
B_adaptive,2025-06-01,151,28,14,137,150,10800.0,0.90,508810.31025724474,10800.0,508810.31025724474,3,0,28,28,0,0,0
B_adaptive,2025-06-02,152,28,14,138,151,10800.0,base,610950.7397437681,8817.680738703697,612728.9902499988,4,0,28,28,0,0,0
B_adaptive,2025-06-02,152,28,14,138,151,10800.0,0.50,615295.4625371749,9568.768394999997,616399.9456886158,5,0,28,28,0,0,0
B_adaptive,2025-06-02,152,28,14,138,151,10800.0,0.65,531496.6324650068,9786.62238,532405.6884889035,3,0,28,28,0,0,0
B_adaptive,2025-06-02,152,28,14,138,151,10800.0,0.80,509150.9413932366,9977.309295,509888.94066066074,1,1,28,28,0,0,1
B_adaptive,2025-06-02,152,28,14,138,151,10800.0,0.90,525680.3413110517,10213.79142,526206.2029744551,2,0,28,28,0,0,0
B_adaptive,2025-06-03,153,28,14,139,152,10800.0,base,662745.0595814659,7643.532238273885,665576.5865230543,4,0,28,28,0,0,0
B_adaptive,2025-06-03,153,28,14,139,152,10800.0,0.50,667337.4701355232,8290.892804629626,669588.2786846147,5,0,28,28,0,0,0
B_adaptive,2025-06-03,153,28,14,139,152,10800.0,0.65,564677.6870699752,8738.065216666668,566527.3571225576,3,0,28,28,0,0,0
B_adaptive,2025-06-03,153,28,14,139,152,10800.0,0.80,532487.3923015447,9165.75387574074,533953.4018664566,1,1,28,28,0,0,1
B_adaptive,2025-06-03,153,28,14,139,152,10800.0,0.90,541428.4752318233,9758.258555740738,542362.9751818485,2,0,28,28,0,0,0
B_adaptive,2025-06-04,154,28,14,140,153,10800.0,base,674076.9110319037,6674.8577718518445,677777.3927851209,4,0,28,28,0,0,0
B_adaptive,2025-06-04,154,28,14,140,153,10800.0,0.50,677176.0402313898,7230.629096481476,680377.9642302295,5,0,28,28,0,0,0
B_adaptive,2025-06-04,154,28,14,140,153,10800.0,0.65,575302.8530523324,7936.787948539096,577871.313329829,3,0,28,28,0,0,0
B_adaptive,2025-06-04,154,28,14,140,153,10800.0,0.80,548206.5000425717,8580.99819962963,550197.0679353817,1,1,28,28,0,0,1
B_adaptive,2025-06-04,154,28,14,140,153,10800.0,0.90,552487.9928942288,9515.75088574074,553640.0356968923,2,0,28,28,0,0,0
B_adaptive,2025-06-05,155,28,14,141,154,10800.0,base,724166.0779712319,5390.416651296289,729018.7747674274,4,0,28,28,0,0,0
B_adaptive,2025-06-05,155,28,14,141,154,10800.0,0.50,727484.7864189504,5979.870418063552,731808.7104389241,5,0,28,28,0,0,0
B_adaptive,2025-06-05,155,28,14,141,154,10800.0,0.65,601513.0783473896,6961.661657427985,604956.2810816957,3,0,28,28,0,0,0
B_adaptive,2025-06-05,155,28,14,141,154,10800.0,0.80,562605.1028134954,7878.283092037039,565226.0451975443,2,0,28,28,0,0,0
B_adaptive,2025-06-05,155,28,14,141,154,10800.0,0.90,558792.4384977928,9253.387167407405,560179.8361315635,1,1,28,28,0,0,1
B_adaptive,2025-06-06,156,28,14,142,155,10800.0,base,775503.3690833373,3776.777139259252,781803.5901684695,5,0,28,28,0,0,0
B_adaptive,2025-06-06,156,28,14,142,155,10800.0,0.50,774724.8454827773,4426.52969084133,780442.2024317766,4,0,28,28,0,0,0
B_adaptive,2025-06-06,156,28,14,142,155,10800.0,0.65,631359.7374992508,5697.016594279836,635937.3971132599,3,0,28,28,0,0,0
B_adaptive,2025-06-06,156,28,14,142,155,10800.0,0.80,579039.04090077,6900.1045177777805,582537.4638091834,2,0,28,28,0,0,0
B_adaptive,2025-06-06,156,28,14,142,155,10800.0,0.90,568757.0988525271,9013.97319351852,570359.2641216525,1,1,28,28,0,0,1
B_adaptive,2025-06-07,157,28,14,143,156,10800.0,base,815612.5673517582,2469.6370359259186,823085.3657284752,5,0,28,28,0,0,0
B_adaptive,2025-06-07,157,28,14,143,156,10800.0,0.50,813208.3736835632,3224.7445225079973,820003.7986944,4,0,28,28,0,0,0
B_adaptive,2025-06-07,157,28,14,143,156,10800.0,0.65,662431.6386797128,4798.15168372428,667815.6300554296,3,0,28,28,0,0,0
B_adaptive,2025-06-07,157,28,14,143,156,10800.0,0.80,600581.0913442663,6396.049702962966,604531.679424614,2,0,28,28,0,0,0
B_adaptive,2025-06-07,157,28,14,143,156,10800.0,0.90,581267.4433218475,8944.315412777778,582932.095490174,1,1,28,28,0,0,1
B_adaptive,2025-06-08,158,28,14,144,157,10800.0,base,841638.5452437798,1371.9037883333258,850096.0713287677,5,0,28,28,0,0,0
B_adaptive,2025-06-08,158,28,14,144,157,10800.0,0.50,836541.8980809429,2269.182553619109,844194.5152646492,4,0,28,28,0,0,0
B_adaptive,2025-06-08,158,28,14,144,157,10800.0,0.65,677657.3259992792,4039.285975205761,683722.0620747432,3,0,28,28,0,0,0
B_adaptive,2025-06-08,158,28,14,144,157,10800.0,0.80,609896.8676734832,6162.864000740745,614056.6362834853,2,0,28,28,0,0,0
B_adaptive,2025-06-08,158,28,14,144,157,10800.0,0.90,586901.1702999416,9151.122410185188,588380.305102316,1,1,28,28,0,0,1
B_adaptive,2025-06-09,159,28,14,145,158,10800.0,base,853696.0605031924,1409.58427703703,862119.7850964526,5,0,28,28,0,0,0
B_adaptive,2025-06-09,159,28,14,145,158,10800.0,0.50,850006.6432308668,2622.788263063554,857342.0564484397,4,0,28,28,0,0,0
B_adaptive,2025-06-09,159,28,14,145,158,10800.0,0.65,697411.0017606704,5146.001833168726,702482.9522273274,3,0,28,28,0,0,0
B_adaptive,2025-06-09,159,28,14,145,158,10800.0,0.80,631144.2955848455,8077.448349629636,633586.5756680971,2,0,28,28,0,0,0
B_adaptive,2025-06-09,159,28,14,145,158,10800.0,0.90,609104.0414723388,10800.0,609104.0414723388,1,1,28,28,0,0,1
B_adaptive,2025-06-10,160,28,14,146,159,10800.0,base,868966.743363718,1710.5178487722856,877120.5138245999,5,0,28,28,0,0,0
B_adaptive,2025-06-10,160,28,14,146,159,10800.0,0.50,860595.5130126305,2902.440412137628,867680.0627162535,4,0,28,28,0,0,0
B_adaptive,2025-06-10,160,28,14,146,159,10800.0,0.65,704791.0097140765,5706.664263539096,709360.0148327785,3,0,28,28,0,0,0
B_adaptive,2025-06-10,160,28,14,146,159,10800.0,0.80,644489.9708367053,9532.174645555566,645627.2806143839,2,0,28,28,0,0,0
B_adaptive,2025-06-10,160,28,14,146,159,10800.0,0.90,623420.2173091421,10800.0,623420.2173091421,1,1,28,28,0,0,1
B_adaptive,2025-06-11,161,28,14,147,160,10800.0,base,886163.8885069501,1695.0722396141546,894331.5145373362,5,0,28,28,0,0,0
B_adaptive,2025-06-11,161,28,14,147,160,10800.0,0.50,872981.6126542182,3026.8982813968796,879954.5167347896,4,0,28,28,0,0,0
B_adaptive,2025-06-11,161,28,14,147,160,10800.0,0.65,717531.3914309017,6588.481085576132,721309.357870413,3,0,28,28,0,0,0
B_adaptive,2025-06-11,161,28,14,147,160,10800.0,0.80,658600.3799443071,10800.0,658600.3799443071,2,0,28,28,0,0,0
B_adaptive,2025-06-11,161,28,14,147,160,10800.0,0.90,638166.0433994049,10800.0,638166.0433994049,1,1,28,28,0,0,1
B_adaptive,2025-06-12,162,28,14,148,161,10800.0,base,909694.4827576552,1766.509689984525,917798.0254263119,5,0,28,28,0,0,0
B_adaptive,2025-06-12,162,28,14,148,161,10800.0,0.50,891174.9500683232,3253.2389339894726,897944.8140090383,4,0,28,28,0,0,0
B_adaptive,2025-06-12,162,28,14,148,161,10800.0,0.65,739473.8417783547,7613.966004650209,742331.8912740721,3,0,28,28,0,0,0
B_adaptive,2025-06-12,162,28,14,148,161,10800.0,0.80,676966.3840378631,10800.0,676966.3840378631,2,0,28,28,0,0,0
B_adaptive,2025-06-12,162,28,14,148,161,10800.0,0.90,657502.4179094636,10800.0,657502.4179094636,1,1,28,28,0,0,1
B_adaptive,2025-06-13,163,28,14,149,162,10800.0,base,911315.5772017136,2164.5634638888887,919062.0435210795,5,0,28,28,0,0,0
B_adaptive,2025-06-13,163,28,14,149,162,10800.0,0.50,893683.6863711234,3938.3532602857704,899838.9646992438,4,0,28,28,0,0,0
B_adaptive,2025-06-13,163,28,14,149,162,10800.0,0.65,758435.2458892099,8915.55900298354,760125.6941547001,3,0,28,28,0,0,0
B_adaptive,2025-06-13,163,28,14,149,162,10800.0,0.80,697513.90950515,10800.0,697513.90950515,2,0,28,28,0,0,0
B_adaptive,2025-06-13,163,28,14,149,162,10800.0,0.90,679176.9844599738,10800.0,679176.9844599738,1,1,28,28,0,0,1
B_adaptive,2025-06-14,164,28,14,150,163,10800.0,base,916290.4880425608,2513.349728888888,923724.073705207,5,0,28,28,0,0,0
B_adaptive,2025-06-14,164,28,14,150,163,10800.0,0.50,899043.7465413782,4570.848198248733,904631.6417715381,4,0,28,28,0,0,0
B_adaptive,2025-06-14,164,28,14,150,163,10800.0,0.65,765606.8823994874,10163.150458353912,766178.1718188741,3,0,28,28,0,0,0
B_adaptive,2025-06-14,164,28,14,150,163,10800.0,0.80,706343.7368096139,10800.0,706343.7368096139,2,0,28,28,0,0,0
B_adaptive,2025-06-14,164,28,14,150,163,10800.0,0.90,690153.7842525442,10800.0,690153.7842525442,1,1,28,28,0,0,1
B_adaptive,2025-06-15,165,28,14,151,164,10800.0,base,920064.6191318305,2450.4537607407397,927554.625972126,5,0,28,28,0,0,0
B_adaptive,2025-06-15,165,28,14,151,164,10800.0,0.50,902796.919668054,4822.71170343392,908158.8793416457,4,0,28,28,0,0,0
B_adaptive,2025-06-15,165,28,14,151,164,10800.0,0.65,772356.8269040842,10800.0,772356.8269040842,3,0,28,28,0,0,0
B_adaptive,2025-06-15,165,28,14,151,164,10800.0,0.80,715580.0280770119,10800.0,715580.0280770119,2,0,28,28,0,0,0
B_adaptive,2025-06-15,165,28,14,151,164,10800.0,0.90,701726.6326466239,10800.0,701726.6326466239,1,1,28,28,0,0,1
B_adaptive,2025-06-16,166,28,14,152,165,9786.62238,base,846108.0729498537,2784.1541261591246,852389.6759995631,5,0,28,28,0,0,0
B_adaptive,2025-06-16,166,28,14,152,165,9786.62238,0.50,826594.27075144,5687.939161296303,830271.0173032405,4,0,28,28,0,0,0
B_adaptive,2025-06-16,166,28,14,152,165,9786.62238,0.65,716402.6375047433,10800.0,715493.5814808466,3,0,28,28,0,0,0
B_adaptive,2025-06-16,166,28,14,152,165,9786.62238,0.80,685088.686309267,10800.0,684179.6302853703,1,1,28,28,0,0,1
B_adaptive,2025-06-16,166,28,14,152,165,9786.62238,0.90,699826.6455849153,10800.0,698917.5895610186,2,0,28,28,0,0,0
B_adaptive,2025-06-17,167,28,14,153,166,8975.066960740742,base,819920.4964790221,3451.057239629629,824875.8400882877,5,0,28,28,0,0,0
B_adaptive,2025-06-17,167,28,14,153,166,8975.066960740742,0.50,795972.949959633,6267.622394814822,798401.6781488556,4,0,28,28,0,0,0
B_adaptive,2025-06-17,167,28,14,153,166,8975.066960740742,0.65,697295.2543397039,10800.0,695658.1880183195,2,0,28,28,0,0,0
B_adaptive,2025-06-17,167,28,14,153,166,8975.066960740742,0.80,676917.0233131689,10800.0,675279.9569917845,1,1,28,28,0,0,1
B_adaptive,2025-06-17,167,28,14,153,166,8975.066960740742,0.90,700480.0200708786,10800.0,698842.9537494942,3,0,28,28,0,0,0
B_adaptive,2025-06-18,168,28,14,154,167,8390.311284629632,base,806836.5402096539,3909.613837592594,810855.9747472821,5,0,28,28,0,0,0
B_adaptive,2025-06-18,168,28,14,154,167,8390.311284629632,0.50,776974.4449275543,6705.560238333338,778485.7602133625,4,0,28,28,0,0,0
B_adaptive,2025-06-18,168,28,14,154,167,8390.311284629632,0.65,689551.6780999475,10800.0,687390.053450665,2,0,28,28,0,0,0
B_adaptive,2025-06-18,168,28,14,154,167,8390.311284629632,0.80,680480.108045329,10800.0,678318.4833960464,1,1,28,28,0,0,1
B_adaptive,2025-06-18,168,28,14,154,167,8390.311284629632,0.90,710062.8403906295,10800.0,707901.2157413469,3,0,28,28,0,0,0
B_adaptive,2025-06-19,169,28,14,155,168,7687.59617703704,base,768319.1981791019,4567.468516851852,771118.1260307136,5,0,28,28,0,0,0
B_adaptive,2025-06-19,169,28,14,155,168,7687.59617703704,0.50,740600.8828132208,7826.1066324074145,740476.6312397283,4,0,28,28,0,0,0
B_adaptive,2025-06-19,169,28,14,155,168,7687.59617703704,0.65,680090.517638354,10800.0,677298.5184978327,1,1,28,28,0,0,1
B_adaptive,2025-06-19,169,28,14,155,168,7687.59617703704,0.80,683642.1593746982,10800.0,680850.1602341769,2,0,28,28,0,0,0
B_adaptive,2025-06-19,169,28,14,155,168,7687.59617703704,0.90,722114.4029631995,10800.0,719322.4038226783,3,0,28,28,0,0,0
B_adaptive,2025-06-20,170,28,14,156,169,7474.299539814819,base,726853.4101320999,5696.958112407406,728447.7841336747,4,0,28,28,0,0,0
B_adaptive,2025-06-20,170,28,14,156,169,7474.299539814819,0.50,701471.3953713479,8935.32158629631,700160.7774277625,3,0,28,28,0,0,0
B_adaptive,2025-06-20,170,28,14,156,169,7474.299539814819,0.65,666368.7673010698,10800.0,663385.429227147,1,1,28,28,0,0,1
B_adaptive,2025-06-20,170,28,14,156,169,7474.299539814819,0.80,684057.8768975222,10800.0,681074.5388235995,2,0,28,28,0,0,0
B_adaptive,2025-06-20,170,28,14,156,169,7474.299539814819,0.90,729952.8666317352,10800.0,726969.5285578124,5,0,28,28,0,0,0
B_adaptive,2025-06-21,171,28,14,157,170,7445.802089074078,base,688556.2774694636,6585.545824999999,689327.9751303528,4,0,28,28,0,0,0
B_adaptive,2025-06-21,171,28,14,157,170,7445.802089074078,0.50,666360.0621453244,10383.406209444458,663724.8680491233,2,0,28,28,0,0,0
B_adaptive,2025-06-21,171,28,14,157,170,7445.802089074078,0.65,641300.1044069096,10800.0,638291.2025364806,1,1,28,28,0,0,1
B_adaptive,2025-06-21,171,28,14,157,170,7445.802089074078,0.80,669466.0297393474,10800.0,666457.1278689185,3,0,28,28,0,0,0
B_adaptive,2025-06-21,171,28,14,157,170,7445.802089074078,0.90,725871.1531953883,10800.0,722862.2513249593,5,0,28,28,0,0,0
B_adaptive,2025-06-22,172,28,14,158,171,7773.6752414814855,base,669255.0753130262,8497.432250818472,668605.8250669282,4,0,28,28,0,0,0
B_adaptive,2025-06-22,172,28,14,158,171,7773.6752414814855,0.50,650336.6002508117,10800.0,647621.8188132673,2,0,28,28,0,0,0
B_adaptive,2025-06-22,172,28,14,158,171,7773.6752414814855,0.65,631819.1033925238,10800.0,629104.3219549794,1,1,28,28,0,0,1
B_adaptive,2025-06-22,172,28,14,158,171,7773.6752414814855,0.80,666823.1692759031,10800.0,664108.3878383588,3,0,28,28,0,0,0
B_adaptive,2025-06-22,172,28,14,158,171,7773.6752414814855,0.90,728487.3648487257,10800.0,725772.5834111813,5,0,28,28,0,0,0
B_adaptive,2025-06-23,173,28,14,159,172,10328.79995833334,base,676272.227616885,10637.41583268405,675995.382032266,4,0,28,28,0,0,0
B_adaptive,2025-06-23,173,28,14,159,172,10328.79995833334,0.50,652971.7141885468,10800.0,652549.0215733916,2,0,28,28,0,0,0
B_adaptive,2025-06-23,173,28,14,159,172,10328.79995833334,0.65,624146.6650788822,10800.0,623723.9724637271,1,1,28,28,0,0,1
B_adaptive,2025-06-23,173,28,14,159,172,10328.79995833334,0.80,658826.6469352718,10800.0,658403.9543201167,3,0,28,28,0,0,0
B_adaptive,2025-06-23,173,28,14,159,172,10328.79995833334,0.90,720659.4187327232,10800.0,720236.7261175681,5,0,28,28,0,0,0
B_adaptive,2025-06-24,174,28,14,160,173,10800.0,base,641694.9285500087,10560.15339,641910.0842839903,3,0,28,28,0,0,0
B_adaptive,2025-06-24,174,28,14,160,173,10800.0,0.50,620608.2771108656,10612.044453518518,620776.8836780343,2,0,28,28,0,0,0
B_adaptive,2025-06-24,174,28,14,160,173,10800.0,0.65,615271.4259382662,10800.0,615271.4259382662,1,1,28,28,0,0,1
B_adaptive,2025-06-24,174,28,14,160,173,10800.0,0.80,661283.2438482264,10800.0,661283.2438482264,4,0,28,28,0,0,0
B_adaptive,2025-06-24,174,28,14,160,173,10800.0,0.90,723440.7460317241,10800.0,723440.7460317241,5,0,28,28,0,0,0
B_adaptive,2025-06-25,175,28,14,161,174,10800.0,base,684360.661168039,10548.207599999998,684586.5329393056,4,0,28,28,0,0,0
B_adaptive,2025-06-25,175,28,14,161,174,10800.0,0.50,663120.8690529779,10646.573568518517,663258.5010857075,2,0,28,28,0,0,0
B_adaptive,2025-06-25,175,28,14,161,174,10800.0,0.65,633110.2323563528,10800.0,633110.2323563528,1,1,28,28,0,0,1
B_adaptive,2025-06-25,175,28,14,161,174,10800.0,0.80,666333.4027974727,10800.0,666333.4027974727,3,0,28,28,0,0,0
B_adaptive,2025-06-25,175,28,14,161,174,10800.0,0.90,723874.840160042,10800.0,723874.840160042,5,0,28,28,0,0,0
B_adaptive,2025-06-26,176,28,14,162,175,10800.0,base,660485.7305736204,10506.56181111111,660748.9609311754,3,0,28,28,0,0,0
B_adaptive,2025-06-26,176,28,14,162,175,10800.0,0.50,643837.6244570791,10797.819337407405,643839.5806325725,2,0,28,28,0,0,0
B_adaptive,2025-06-26,176,28,14,162,175,10800.0,0.65,630842.1697972902,10800.0,630842.1697972902,1,1,28,28,0,0,1
B_adaptive,2025-06-26,176,28,14,162,175,10800.0,0.80,669243.8651014438,10800.0,669243.8651014438,4,0,28,28,0,0,0
B_adaptive,2025-06-26,176,28,14,162,175,10800.0,0.90,726982.0393456154,10800.0,726982.0393456154,5,0,28,28,0,0,0
B_adaptive,2025-06-27,177,28,14,163,176,10800.0,base,657366.6516400552,10340.542957962958,657778.8101321537,3,0,28,28,0,0,0
B_adaptive,2025-06-27,177,28,14,163,176,10800.0,0.50,640284.2386017643,10800.0,640284.2386017643,2,0,28,28,0,0,0
B_adaptive,2025-06-27,177,28,14,163,176,10800.0,0.65,626694.5544793922,10800.0,626694.5544793922,1,1,28,28,0,0,1
B_adaptive,2025-06-27,177,28,14,163,176,10800.0,0.80,664930.0172163087,10800.0,664930.0172163087,4,0,28,28,0,0,0
B_adaptive,2025-06-27,177,28,14,163,176,10800.0,0.90,722735.1090748477,10800.0,722735.1090748477,5,0,28,28,0,0,0
B_adaptive,2025-06-28,178,28,14,164,177,10800.0,base,654243.3900506924,10454.696746666661,654553.1462524465,3,0,28,28,0,0,0
B_adaptive,2025-06-28,178,28,14,164,177,10800.0,0.50,637086.2780292844,10800.0,637086.2780292844,2,0,28,28,0,0,0
B_adaptive,2025-06-28,178,28,14,164,177,10800.0,0.65,624156.085468994,10800.0,624156.085468994,1,1,28,28,0,0,1
B_adaptive,2025-06-28,178,28,14,164,177,10800.0,0.80,661718.0280610448,10800.0,661718.0280610448,4,0,28,28,0,0,0
B_adaptive,2025-06-28,178,28,14,164,177,10800.0,0.90,718997.5238736208,10800.0,718997.5238736208,5,0,28,28,0,0,0
B_adaptive,2025-06-29,179,28,14,165,178,10800.0,base,653314.6761598663,10321.834557962957,653743.6171261203,3,0,28,28,0,0,0
B_adaptive,2025-06-29,179,28,14,165,178,10800.0,0.50,634760.9859989128,10800.0,634760.9859989128,2,0,28,28,0,0,0
B_adaptive,2025-06-29,179,28,14,165,178,10800.0,0.65,621393.4973900232,10800.0,621393.4973900232,1,1,28,28,0,0,1
B_adaptive,2025-06-29,179,28,14,165,178,10800.0,0.80,658075.0084558676,10800.0,658075.0084558676,4,0,28,28,0,0,0
B_adaptive,2025-06-29,179,28,14,165,178,10800.0,0.90,714448.4402706913,10800.0,714448.4402706913,5,0,28,28,0,0,0
B_adaptive,2025-06-30,180,28,14,166,179,10800.0,base,658137.1643548014,10279.354857962957,658604.2119719387,4,0,28,28,0,0,0
B_adaptive,2025-06-30,180,28,14,166,179,10800.0,0.50,639680.4143157753,10800.0,639680.4143157753,2,0,28,28,0,0,0
B_adaptive,2025-06-30,180,28,14,166,179,10800.0,0.65,618495.5617293,10800.0,618495.5617293,1,1,28,28,0,0,1
B_adaptive,2025-06-30,180,28,14,166,179,10800.0,0.80,655421.1138676556,10800.0,655421.1138676556,3,0,28,28,0,0,0
B_adaptive,2025-06-30,180,28,14,166,179,10800.0,0.90,711622.0540012405,10800.0,711622.0540012405,5,0,28,28,0,0,0
B_adaptive,2025-07-01,181,28,14,167,180,10800.0,base,645928.7523535413,10023.546582962957,646625.2742049245,3,0,28,28,0,0,0
B_adaptive,2025-07-01,181,28,14,167,180,10800.0,0.50,631365.997299209,10731.478574999994,631427.4648241799,2,0,28,28,0,0,0
B_adaptive,2025-07-01,181,28,14,167,180,10800.0,0.65,616737.2032347276,10800.0,616737.2032347276,1,1,28,28,0,0,1
B_adaptive,2025-07-01,181,28,14,167,180,10800.0,0.80,653080.1493797469,10800.0,653080.1493797469,4,0,28,28,0,0,0
B_adaptive,2025-07-01,181,28,14,167,180,10800.0,0.90,708923.206913602,10800.0,708923.206913602,5,0,28,28,0,0,0
B_adaptive,2025-07-02,182,28,14,168,181,10800.0,base,669146.5296458412,8748.28930481481,670987.0281233499,4,0,28,28,0,0,0
B_adaptive,2025-07-02,182,28,14,168,181,10800.0,0.50,658964.6021942163,9496.633484999995,660133.7943674221,3,0,28,28,0,0,0
B_adaptive,2025-07-02,182,28,14,168,181,10800.0,0.65,631713.1860382839,9826.774889999999,632586.2230300155,1,1,28,28,0,0,1
B_adaptive,2025-07-02,182,28,14,168,181,10800.0,0.80,658078.7663235576,10201.513514999999,658615.6419498518,2,0,28,28,0,0,0
B_adaptive,2025-07-02,182,28,14,168,181,10800.0,0.90,707748.8901661822,10627.586444999997,707903.554703548,5,0,28,28,0,0,0
B_adaptive,2025-07-03,183,28,14,169,182,10800.0,base,708613.205229239,7385.270757363965,711676.4070670636,5,0,28,28,0,0,0
B_adaptive,2025-07-03,183,28,14,169,182,10800.0,0.50,696536.0752281677,8172.070576111103,698893.4739174751,3,0,28,28,0,0,0
B_adaptive,2025-07-03,183,28,14,169,182,10800.0,0.65,652458.3786260127,8777.124055185186,654273.0107305085,1,1,28,28,0,0,1
B_adaptive,2025-07-03,183,28,14,169,182,10800.0,0.80,662578.3864868511,9529.334589629629,663718.2439524762,2,0,28,28,0,0,0
B_adaptive,2025-07-03,183,28,14,169,182,10800.0,0.90,702539.4775613722,10509.504209999997,702800.0684236572,4,0,28,28,0,0,0
B_adaptive,2025-07-04,184,28,14,170,183,10800.0,base,810530.5002041932,6079.19418866026,814765.3252839544,5,0,28,28,0,0,0
B_adaptive,2025-07-04,184,28,14,170,183,10800.0,0.50,796639.825381494,6910.4377774074,800128.9787819497,4,0,28,28,0,0,0
B_adaptive,2025-07-04,184,28,14,170,183,10800.0,0.65,733797.6568141879,7794.756346666667,736493.5273292087,3,0,28,28,0,0,0
B_adaptive,2025-07-04,184,28,14,170,183,10800.0,0.80,715198.3521536678,8971.71668037037,716838.4238626711,1,1,28,28,0,0,1
B_adaptive,2025-07-04,184,28,14,170,183,10800.0,0.90,720543.1574321379,10404.958139999997,720897.5319273279,2,0,28,28,0,0,0
B_adaptive,2025-07-05,185,28,14,171,184,10800.0,base,849611.41966565,4480.897705326927,855280.0054852103,5,0,28,28,0,0,0
B_adaptive,2025-07-05,185,28,14,171,184,10800.0,0.50,834183.4694031555,5355.166217962955,839067.7877964084,4,0,28,28,0,0,0
B_adaptive,2025-07-05,185,28,14,171,184,10800.0,0.65,763904.8820766142,6538.847447592591,767727.372646821,3,0,28,28,0,0,0
B_adaptive,2025-07-05,185,28,14,171,184,10800.0,0.80,735514.4095862595,8195.79845611111,737850.5230489915,2,0,28,28,0,0,0
B_adaptive,2025-07-05,185,28,14,171,184,10800.0,0.90,723905.9294282545,10149.631874999995,724489.345767942,1,1,28,28,0,0,1
B_adaptive,2025-07-06,186,28,14,172,185,10800.0,base,891140.7691927599,2992.6778325491496,898144.3709170837,5,0,28,28,0,0,0
B_adaptive,2025-07-06,186,28,14,172,185,10800.0,0.50,874093.1733882917,3911.133599259251,880272.8692645562,4,0,28,28,0,0,0
B_adaptive,2025-07-06,186,28,14,172,185,10800.0,0.65,798210.7317006036,5441.351011163693,803017.7375463113,3,0,28,28,0,0,0
B_adaptive,2025-07-06,186,28,14,172,185,10800.0,0.80,759567.9889515463,7601.236107962961,762437.4578718086,2,0,28,28,0,0,0
B_adaptive,2025-07-06,186,28,14,172,185,10800.0,0.90,728301.3273064678,10028.155079999993,728993.7150799811,1,1,28,28,0,0,1
B_adaptive,2025-07-07,187,28,14,173,186,10800.0,base,979048.5257630092,1310.5899866232244,987561.0537344534,5,0,28,28,0,0,0
B_adaptive,2025-07-07,187,28,14,173,186,10800.0,0.50,966114.8609440261,2136.4440444444363,973886.5519448237,4,0,28,28,0,0,0
B_adaptive,2025-07-07,187,28,14,173,186,10800.0,0.65,877303.7125711075,4036.521512274805,883370.928523402,3,0,28,28,0,0,0
B_adaptive,2025-07-07,187,28,14,173,186,10800.0,0.80,806712.8932212845,6736.695274074073,810357.9032995915,2,0,28,28,0,0,0
B_adaptive,2025-07-07,187,28,14,173,186,10800.0,0.90,740334.7521830563,9841.219509259254,741194.8315488336,1,1,28,28,0,0,1
B_adaptive,2025-07-08,188,28,14,174,187,10800.0,base,1020603.4724840613,1218.2505,1029198.8341049779,5,0,28,28,0,0,0
B_adaptive,2025-07-08,188,28,14,174,187,10800.0,0.50,1002607.8649812734,1222.815,1011199.1319921068,4,0,28,28,0,0,0
B_adaptive,2025-07-08,188,28,14,174,187,10800.0,0.65,896369.5614144583,3141.640355793324,903239.5354797364,3,0,28,28,0,0,0
B_adaptive,2025-07-08,188,28,14,174,187,10800.0,0.80,810941.2518038839,6376.8046116666665,814909.1038002961,2,0,28,28,0,0,0
B_adaptive,2025-07-08,188,28,14,174,187,10800.0,0.90,740295.8261179406,10005.63012296296,741008.4200293027,1,1,28,28,0,0,1
B_adaptive,2025-07-09,189,28,14,175,188,10800.0,base,997390.9100184221,1332.165595185185,1005884.0834703412,5,0,28,28,0,0,0
B_adaptive,2025-07-09,189,28,14,175,188,10800.0,0.50,980093.6931415179,1459.5163655555548,988472.6258773721,4,0,28,28,0,0,0
B_adaptive,2025-07-09,189,28,14,175,188,10800.0,0.65,880623.1007321725,3801.075247274805,886901.52506452,3,0,28,28,0,0,0
B_adaptive,2025-07-09,189,28,14,175,188,10800.0,0.80,808112.5233624121,8553.901797407409,810127.3982333712,2,0,28,28,0,0,0
B_adaptive,2025-07-09,189,28,14,175,188,10800.0,0.90,742623.4084263092,10800.0,742623.4084263092,1,1,28,28,0,0,1
B_adaptive,2025-07-10,190,28,14,176,189,10800.0,base,998285.6483119372,1472.5486929629633,1006652.8903260888,5,0,28,28,0,0,0
B_adaptive,2025-07-10,190,28,14,176,189,10800.0,0.50,980436.3359957013,1902.0974635185166,988418.2488988439,4,0,28,28,0,0,0
B_adaptive,2025-07-10,190,28,14,176,189,10800.0,0.65,880546.1550001099,5039.615135793324,885713.5402446847,3,0,28,28,0,0,0
B_adaptive,2025-07-10,190,28,14,176,189,10800.0,0.80,808900.5769721414,10740.827032222223,808953.6584116252,2,0,28,28,0,0,0
B_adaptive,2025-07-10,190,28,14,176,189,10800.0,0.90,743924.3159636649,10800.0,743924.3159636649,1,1,28,28,0,0,1
B_adaptive,2025-07-11,191,28,14,177,190,10800.0,base,1004585.4683466224,1613.4941942592598,1012826.2744158055,5,0,28,28,0,0,0
B_adaptive,2025-07-11,191,28,14,177,190,10800.0,0.50,984358.7270785328,2197.120709444441,992075.9877398995,4,0,28,28,0,0,0
B_adaptive,2025-07-11,191,28,14,177,190,10800.0,0.65,882865.5693436647,5924.028327089621,887239.5868215804,3,0,28,28,0,0,0
B_adaptive,2025-07-11,191,28,14,177,190,10800.0,0.80,812510.8254922924,10800.0,812510.8254922924,2,0,28,28,0,0,0
B_adaptive,2025-07-11,191,28,14,177,190,10800.0,0.90,748035.6432081348,10800.0,748035.6432081348,1,1,28,28,0,0,1
B_adaptive,2025-07-12,192,28,14,178,191,10800.0,base,1012373.859479591,1862.1573666666707,1020391.600868504,5,0,28,28,0,0,0
B_adaptive,2025-07-12,192,28,14,178,191,10800.0,0.50,992167.9636570322,2776.099656111111,999365.8480377418,4,0,28,28,0,0,0
B_adaptive,2025-07-12,192,28,14,178,191,10800.0,0.65,889747.8913227816,7093.000306534065,893073.275992248,3,0,28,28,0,0,0
B_adaptive,2025-07-12,192,28,14,178,191,10800.0,0.80,820927.3996275024,10800.0,820927.3996275024,2,0,28,28,0,0,0
B_adaptive,2025-07-12,192,28,14,178,191,10800.0,0.90,756105.5943165644,10800.0,756105.5943165644,1,1,28,28,0,0,1
B_adaptive,2025-07-13,193,28,14,179,192,10800.0,base,1020102.2701117506,1896.208139074078,1028089.4660661045,5,0,28,28,0,0,0
B_adaptive,2025-07-13,193,28,14,179,192,10800.0,0.50,998376.6661297105,2879.107039444443,1005482.1471649378,4,0,28,28,0,0,0
B_adaptive,2025-07-13,193,28,14,179,192,10800.0,0.65,896361.1061375849,7874.876325793323,898985.104580219,3,0,28,28,0,0,0
B_adaptive,2025-07-13,193,28,14,179,192,10800.0,0.80,829084.9122093183,10800.0,829084.9122093183,2,0,28,28,0,0,0
B_adaptive,2025-07-13,193,28,14,179,192,10800.0,0.90,765206.5783055751,10800.0,765206.5783055751,1,1,28,28,0,0,1
B_adaptive,2025-07-14,194,28,14,180,193,10800.0,base,1016728.1577642534,2188.0354387037087,1024453.5684182119,5,0,28,28,0,0,0
B_adaptive,2025-07-14,194,28,14,180,193,10800.0,0.50,997881.4796335843,3371.2450448148156,1004545.485536994,4,0,28,28,0,0,0
B_adaptive,2025-07-14,194,28,14,180,193,10800.0,0.65,903516.8559904889,8802.855182089617,905308.4058446444,3,0,28,28,0,0,0
B_adaptive,2025-07-14,194,28,14,180,193,10800.0,0.80,837012.2860230304,10800.0,837012.2860230304,2,0,28,28,0,0,0
B_adaptive,2025-07-14,194,28,14,180,193,10800.0,0.90,773413.3371110803,10800.0,773413.3371110803,1,1,28,28,0,0,1
B_adaptive,2025-07-15,195,28,14,181,194,10800.0,base,1022136.099197698,2392.0851133333385,1029678.4659574205,5,0,28,28,0,0,0
B_adaptive,2025-07-15,195,28,14,181,194,10800.0,0.50,1002623.9573023971,3619.8074920370373,1009064.9888816237,4,0,28,28,0,0,0
B_adaptive,2025-07-15,195,28,14,181,194,10800.0,0.65,905093.6594471664,9430.155155052582,906322.4863755755,3,0,28,28,0,0,0
B_adaptive,2025-07-15,195,28,14,181,194,10800.0,0.80,840312.1838273301,10800.0,840312.1838273301,2,0,28,28,0,0,0
B_adaptive,2025-07-15,195,28,14,181,194,10800.0,0.90,777214.8246786312,10800.0,777214.8246786312,1,1,28,28,0,0,1
B_adaptive,2025-07-16,196,28,14,182,195,9826.774889999999,base,990555.7594788426,2716.979226111118,996933.641177999,5,0,28,28,0,0,0
B_adaptive,2025-07-16,196,28,14,182,195,9826.774889999999,0.50,971221.7753488153,3997.940271191254,976450.5638260322,4,0,28,28,0,0,0
B_adaptive,2025-07-16,196,28,14,182,195,9826.774889999999,0.65,889198.3255606657,10442.343178333333,888646.1266077925,3,0,28,28,0,0,0
B_adaptive,2025-07-16,196,28,14,182,195,9826.774889999999,0.80,835779.8676027224,10800.0,834906.8306109908,2,0,28,28,0,0,0
B_adaptive,2025-07-16,196,28,14,182,195,9826.774889999999,0.90,779270.4109866999,10800.0,778397.3739949682,1,1,28,28,0,0,1
B_adaptive,2025-07-17,197,28,14,183,196,8777.124055185186,base,953037.831086648,2996.4358902674944,958223.4295199217,5,0,28,28,0,0,0
B_adaptive,2025-07-17,197,28,14,183,196,8777.124055185186,0.50,932723.796909959,4582.5831362962945,936486.5331442534,4,0,28,28,0,0,0
B_adaptive,2025-07-17,197,28,14,183,196,8777.124055185186,0.65,866886.9118860367,10800.0,865072.279781541,3,0,28,28,0,0,0
B_adaptive,2025-07-17,197,28,14,183,196,8777.124055185186,0.80,830610.3214668565,10800.0,828795.6893623607,2,0,28,28,0,0,0
B_adaptive,2025-07-17,197,28,14,183,196,8777.124055185186,0.90,784198.2360212716,10800.0,782383.6039167758,1,1,28,28,0,0,1
B_adaptive,2025-07-18,198,28,14,184,197,7794.756346666667,base,862874.5893566625,3113.5390950000074,867073.9012990326,5,0,28,28,0,0,0
B_adaptive,2025-07-18,198,28,14,184,197,7794.756346666667,0.50,838382.9649577537,4574.385804444444,841271.8162436016,4,0,28,28,0,0,0
B_adaptive,2025-07-18,198,28,14,184,197,7794.756346666667,0.65,785815.4758057917,10800.0,783119.6052907709,3,0,28,28,0,0,0
B_adaptive,2025-07-18,198,28,14,184,197,7794.756346666667,0.80,779519.5201029363,10800.0,776823.6495879155,2,0,28,28,0,0,0
B_adaptive,2025-07-18,198,28,14,184,197,7794.756346666667,0.90,767931.4073182922,10800.0,765235.5368032714,1,1,28,28,0,0,1
B_adaptive,2025-07-19,199,28,14,185,198,6997.280592222222,base,828542.4071029348,3959.422902962969,831267.534220072,5,0,28,28,0,0,0
B_adaptive,2025-07-19,199,28,14,185,198,6997.280592222222,0.50,805901.3006409779,5703.536429074075,807061.8610299976,4,0,28,28,0,0,0
B_adaptive,2025-07-19,199,28,14,185,198,6997.280592222222,0.65,761657.8106647144,10800.0,758246.5600937485,1,1,28,28,0,0,1
B_adaptive,2025-07-19,199,28,14,185,198,6997.280592222222,0.80,766208.1651405559,10800.0,762796.91456959,2,0,28,28,0,0,0
B_adaptive,2025-07-19,199,28,14,185,198,6997.280592222222,0.90,771398.1654376438,10800.0,767986.9148666778,3,0,28,28,0,0,0
B_adaptive,2025-07-20,200,28,14,186,199,6869.995135555555,base,791586.9876735089,4883.768788333334,793368.7430528754,5,0,28,28,0,0,0
B_adaptive,2025-07-20,200,28,14,186,199,6869.995135555555,0.50,769205.053723321,6881.2966381847245,769194.9156476014,3,0,28,28,0,0,0
B_adaptive,2025-07-20,200,28,14,186,199,6869.995135555555,0.65,733142.9528557857,10800.0,729617.5201587755,1,1,28,28,0,0,1
B_adaptive,2025-07-20,200,28,14,186,199,6869.995135555555,0.80,748980.9135447345,10800.0,745455.4808477242,2,0,28,28,0,0,0
B_adaptive,2025-07-20,200,28,14,186,199,6869.995135555555,0.90,774807.1387423537,10800.0,771281.7060453434,4,0,28,28,0,0,0
B_adaptive,2025-07-21,201,28,14,187,200,6709.552583333336,base,695543.5751727333,6311.963340153189,695900.2348121571,3,0,28,28,0,0,0
B_adaptive,2025-07-21,201,28,14,187,200,6709.552583333336,0.50,674707.6946781351,8473.37088888889,673125.451668146,2,0,28,28,0,0,0
B_adaptive,2025-07-21,201,28,14,187,200,6709.552583333336,0.65,659876.8027852712,10800.0,656207.4442054424,1,1,28,28,0,0,1
B_adaptive,2025-07-21,201,28,14,187,200,6709.552583333336,0.80,708665.2586396021,10800.0,704995.9000597734,4,0,28,28,0,0,0
B_adaptive,2025-07-21,201,28,14,187,200,6709.552583333336,0.90,769991.6894350211,10800.0,766322.3308551924,5,0,28,28,0,0,0
B_adaptive,2025-07-22,202,28,14,188,201,6981.971762037042,base,661320.5778415877,7610.853374629637,660756.4360972248,3,0,28,28,0,0,0
B_adaptive,2025-07-22,202,28,14,188,201,6981.971762037042,0.50,641953.2924185708,9886.354076296297,639347.9001281073,1,1,28,28,0,0,1
B_adaptive,2025-07-22,202,28,14,188,201,6981.971762037042,0.65,645337.0253448628,10800.0,641912.0419027301,2,0,28,28,0,0,0
B_adaptive,2025-07-22,202,28,14,188,201,6981.971762037042,0.80,710141.8956976545,10800.0,706716.9122555217,4,0,28,28,0,0,0
B_adaptive,2025-07-22,202,28,14,188,201,6981.971762037042,0.90,776169.6342211027,10800.0,772744.65077897,5,0,28,28,0,0,0
B_adaptive,2025-07-23,203,28,14,189,202,9883.766219444447,base,640346.7300527471,10247.664769444465,640020.2928368109,2,0,28,28,0,0,0
B_adaptive,2025-07-23,203,28,14,189,202,9883.766219444447,0.50,626125.63434241,10800.0,625303.721739375,1,1,28,28,0,0,1
B_adaptive,2025-07-23,203,28,14,189,202,9883.766219444447,0.65,646766.7747396969,10800.0,645944.8621366619,3,0,28,28,0,0,0
B_adaptive,2025-07-23,203,28,14,189,202,9883.766219444447,0.80,711837.8450359325,10800.0,711015.9324328975,4,0,28,28,0,0,0
B_adaptive,2025-07-23,203,28,14,189,202,9883.766219444447,0.90,777844.0134922386,10800.0,777022.1008892036,5,0,28,28,0,0,0
B_adaptive,2025-07-24,204,28,14,190,203,10800.0,base,644030.8815194903,10690.449945925937,644129.1540041089,2,0,28,28,0,0,0
B_adaptive,2025-07-24,204,28,14,190,203,10800.0,0.50,626749.0752378224,10779.95664,626767.0552452623,1,1,28,28,0,0,1
B_adaptive,2025-07-24,204,28,14,190,203,10800.0,0.65,645696.5145108509,10800.0,645696.5145108509,3,0,28,28,0,0,0
B_adaptive,2025-07-24,204,28,14,190,203,10800.0,0.80,710730.384781169,10800.0,710730.384781169,4,0,28,28,0,0,0
B_adaptive,2025-07-24,204,28,14,190,203,10800.0,0.90,776486.0814812061,10800.0,776486.0814812061,5,0,28,28,0,0,0
B_adaptive,2025-07-25,205,28,14,191,204,10800.0,base,642857.4559519169,10698.641945925936,642948.3797574244,2,0,28,28,0,0,0
B_adaptive,2025-07-25,205,28,14,191,204,10800.0,0.50,625181.4152063413,10800.0,625181.4152063413,1,1,28,28,0,0,1
B_adaptive,2025-07-25,205,28,14,191,204,10800.0,0.65,645530.0530181377,10800.0,645530.0530181377,3,0,28,28,0,0,0
B_adaptive,2025-07-25,205,28,14,191,204,10800.0,0.80,710429.5043229829,10800.0,710429.5043229829,4,0,28,28,0,0,0
B_adaptive,2025-07-25,205,28,14,191,204,10800.0,0.90,775757.7773199443,10800.0,775757.7773199443,5,0,28,28,0,0,0
B_adaptive,2025-07-26,206,28,14,192,205,10800.0,base,640465.197223569,10688.053115925935,640565.6197978548,2,0,28,28,0,0,0
B_adaptive,2025-07-26,206,28,14,192,205,10800.0,0.50,622575.8674959344,10800.0,622575.8674959344,1,1,28,28,0,0,1
B_adaptive,2025-07-26,206,28,14,192,205,10800.0,0.65,644957.3868240525,10800.0,644957.3868240525,3,0,28,28,0,0,0
B_adaptive,2025-07-26,206,28,14,192,205,10800.0,0.80,710014.357990988,10800.0,710014.357990988,4,0,28,28,0,0,0
B_adaptive,2025-07-26,206,28,14,192,205,10800.0,0.90,775129.8912658595,10800.0,775129.8912658595,5,0,28,28,0,0,0
B_adaptive,2025-07-27,207,28,14,193,206,10800.0,base,638375.8392601663,10797.291196296308,638378.2692075776,2,0,28,28,0,0,0
B_adaptive,2025-07-27,207,28,14,193,206,10800.0,0.50,622231.8063229744,10800.0,622231.8063229744,1,1,28,28,0,0,1
B_adaptive,2025-07-27,207,28,14,193,206,10800.0,0.65,644651.1645883893,10800.0,644651.1645883893,3,0,28,28,0,0,0
B_adaptive,2025-07-27,207,28,14,193,206,10800.0,0.80,709625.732243689,10800.0,709625.732243689,4,0,28,28,0,0,0
B_adaptive,2025-07-27,207,28,14,193,206,10800.0,0.90,773561.7817263487,10800.0,773561.7817263487,5,0,28,28,0,0,0
B_adaptive,2025-07-28,208,28,14,194,207,10800.0,base,644969.6251482639,10800.0,644969.6251482639,3,0,28,28,0,0,0
B_adaptive,2025-07-28,208,28,14,194,207,10800.0,0.50,624434.2593048692,10800.0,624434.2593048692,1,1,28,28,0,0,1
B_adaptive,2025-07-28,208,28,14,194,207,10800.0,0.65,643586.8270616513,10800.0,643586.8270616513,2,0,28,28,0,0,0
B_adaptive,2025-07-28,208,28,14,194,207,10800.0,0.80,706791.15161525,10800.0,706791.15161525,4,0,28,28,0,0,0
B_adaptive,2025-07-28,208,28,14,194,207,10800.0,0.90,770708.4833432595,10800.0,770708.4833432595,5,0,28,28,0,0,0
B_adaptive,2025-07-29,209,28,14,195,208,10800.0,base,662185.9187479693,10589.679929999998,662374.5875352076,3,0,28,28,0,0,0
B_adaptive,2025-07-29,209,28,14,195,208,10800.0,0.50,640304.2545678455,10597.863929999998,640485.5818524172,1,1,28,28,0,0,1
B_adaptive,2025-07-29,209,28,14,195,208,10800.0,0.65,645946.8442949121,10800.0,645946.8442949121,2,0,28,28,0,0,0
B_adaptive,2025-07-29,209,28,14,195,208,10800.0,0.80,709156.1203528369,10800.0,709156.1203528369,4,0,28,28,0,0,0
B_adaptive,2025-07-29,209,28,14,195,208,10800.0,0.90,773027.2355528389,10800.0,773027.2355528389,5,0,28,28,0,0,0
B_adaptive,2025-07-30,210,28,14,196,209,10800.0,base,659045.5625330808,10800.0,659045.5625330808,3,0,28,28,0,0,0
B_adaptive,2025-07-30,210,28,14,196,209,10800.0,0.50,639758.4883119243,10800.0,639758.4883119243,1,1,28,28,0,0,1
B_adaptive,2025-07-30,210,28,14,196,209,10800.0,0.65,651576.1035485918,10800.0,651576.1035485918,2,0,28,28,0,0,0
B_adaptive,2025-07-30,210,28,14,196,209,10800.0,0.80,714235.6710861186,10800.0,714235.6710861186,4,0,28,28,0,0,0
B_adaptive,2025-07-30,210,28,14,196,209,10800.0,0.90,777826.387831079,10800.0,777826.387831079,5,0,28,28,0,0,0
B_adaptive,2025-07-31,211,28,14,197,210,10800.0,base,659899.8493480354,10800.0,659899.8493480354,3,0,28,28,0,0,0
B_adaptive,2025-07-31,211,28,14,197,210,10800.0,0.50,641354.9732943135,10800.0,641354.9732943135,1,1,28,28,0,0,1
B_adaptive,2025-07-31,211,28,14,197,210,10800.0,0.65,653634.1215292031,10800.0,653634.1215292031,2,0,28,28,0,0,0
B_adaptive,2025-07-31,211,28,14,197,210,10800.0,0.80,716333.9579517823,10800.0,716333.9579517823,4,0,28,28,0,0,0
B_adaptive,2025-07-31,211,28,14,197,210,10800.0,0.90,780181.4459186867,10800.0,780181.4459186867,5,0,28,28,0,0,0
B_adaptive,2025-08-01,212,28,14,198,211,10800.0,base,657925.9563370612,10707.935235,658008.5435459755,3,0,28,28,0,0,0
B_adaptive,2025-08-01,212,28,14,198,211,10800.0,0.50,641196.3376045931,10717.942515,641269.9477273873,1,1,28,28,0,0,1
B_adaptive,2025-08-01,212,28,14,198,211,10800.0,0.65,654718.1021804062,10800.0,654718.1021804062,2,0,28,28,0,0,0
B_adaptive,2025-08-01,212,28,14,198,211,10800.0,0.80,716329.4615715423,10800.0,716329.4615715423,4,0,28,28,0,0,0
B_adaptive,2025-08-01,212,28,14,198,211,10800.0,0.90,781068.37858916,10800.0,781068.37858916,5,0,28,28,0,0,0
B_adaptive,2025-08-02,213,28,14,199,212,10800.0,base,657491.4608893591,10747.903020000002,657538.1947746958,3,0,28,28,0,0,0
B_adaptive,2025-08-02,213,28,14,199,212,10800.0,0.50,639965.9183296191,10749.15204,640011.5317746258,1,1,28,28,0,0,1
B_adaptive,2025-08-02,213,28,14,199,212,10800.0,0.65,652832.6596906246,10800.0,652832.6596906246,2,0,28,28,0,0,0
B_adaptive,2025-08-02,213,28,14,199,212,10800.0,0.80,713082.4272169442,10800.0,713082.4272169442,4,0,28,28,0,0,0
B_adaptive,2025-08-02,213,28,14,199,212,10800.0,0.90,778767.9941374768,10800.0,778767.9941374768,5,0,28,28,0,0,0
B_adaptive,2025-08-03,214,28,14,200,213,10800.0,base,655632.9465220241,10800.0,655632.9465220241,3,0,28,28,0,0,0
B_adaptive,2025-08-03,214,28,14,200,213,10800.0,0.50,639629.2389572468,10800.0,639629.2389572468,1,1,28,28,0,0,1
B_adaptive,2025-08-03,214,28,14,200,213,10800.0,0.65,650210.378835743,10800.0,650210.378835743,2,0,28,28,0,0,0
B_adaptive,2025-08-03,214,28,14,200,213,10800.0,0.80,708449.9341300228,10800.0,708449.9341300228,4,0,28,28,0,0,0
B_adaptive,2025-08-03,214,28,14,200,213,10800.0,0.90,773299.1521607707,10800.0,773299.1521607707,5,0,28,28,0,0,0
B_adaptive,2025-08-04,215,28,14,201,214,10800.0,base,655610.9776141461,10547.386949999998,655837.5855540544,3,0,28,28,0,0,0
B_adaptive,2025-08-04,215,28,14,201,214,10800.0,0.50,637870.2283806442,10498.287644999999,638140.8811248767,1,1,28,28,0,0,1
B_adaptive,2025-08-04,215,28,14,201,214,10800.0,0.65,646367.8318083744,10629.76440944444,646520.5425906355,2,0,28,28,0,0,0
B_adaptive,2025-08-04,215,28,14,201,214,10800.0,0.80,701565.1460034117,10800.0,701565.1460034117,4,0,28,28,0,0,0
B_adaptive,2025-08-04,215,28,14,201,214,10800.0,0.90,764216.0256100196,10800.0,764216.0256100196,5,0,28,28,0,0,0
B_adaptive,2025-08-05,216,28,14,202,215,10800.0,base,661664.1472705406,10607.30188333333,661837.0081866415,3,0,28,28,0,0,0
B_adaptive,2025-08-05,216,28,14,202,215,10800.0,0.50,652436.1860555154,10479.59435925926,652723.6077155733,2,0,28,28,0,0,0
B_adaptive,2025-08-05,216,28,14,202,215,10800.0,0.65,640264.1895733012,10800.0,640264.1895733012,1,1,28,28,0,0,1
B_adaptive,2025-08-05,216,28,14,202,215,10800.0,0.80,689819.298777685,10800.0,689819.298777685,4,0,28,28,0,0,0
B_adaptive,2025-08-05,216,28,14,202,215,10800.0,0.90,749788.5840346082,10800.0,749788.5840346082,5,0,28,28,0,0,0
B_adaptive,2025-08-06,217,28,14,203,216,10800.0,base,655291.0047273185,10420.411993333331,655631.5162575211,3,0,28,28,0,0,0
B_adaptive,2025-08-06,217,28,14,203,216,10800.0,0.50,651185.7104241948,10231.25975925926,651695.9020168193,2,0,28,28,0,0,0
B_adaptive,2025-08-06,217,28,14,203,216,10800.0,0.65,631795.5598291315,10800.0,631795.5598291315,1,1,28,28,0,0,1
B_adaptive,2025-08-06,217,28,14,203,216,10800.0,0.80,678830.125844401,10800.0,678830.125844401,4,0,28,28,0,0,0
B_adaptive,2025-08-06,217,28,14,203,216,10800.0,0.90,736169.2826800111,10800.0,736169.2826800111,5,0,28,28,0,0,0
B_adaptive,2025-08-07,218,28,14,204,217,10779.95664,base,658950.0090601939,10141.301878333332,659522.917862229,2,0,28,28,0,0,0
B_adaptive,2025-08-07,218,28,14,204,217,10779.95664,0.50,660287.9140443341,9888.87361425926,661087.265023036,3,0,28,28,0,0,0
B_adaptive,2025-08-07,218,28,14,204,217,10779.95664,0.65,631797.7497893824,10595.076015,631963.5979811533,1,1,28,28,0,0,1
B_adaptive,2025-08-07,218,28,14,204,217,10779.95664,0.80,670096.0616856765,10743.687423703705,670128.5971876507,4,0,28,28,0,0,0
B_adaptive,2025-08-07,218,28,14,204,217,10779.95664,0.90,723839.3920324134,10800.0,723821.4120249734,5,0,28,28,0,0,0
B_adaptive,2025-08-08,219,28,14,205,218,10800.0,base,653548.5962506263,10160.577363148146,654122.1938793622,2,0,28,28,0,0,0
B_adaptive,2025-08-08,219,28,14,205,218,10800.0,0.50,655729.1253765904,9713.270355370372,656703.9822416924,3,0,28,28,0,0,0
B_adaptive,2025-08-08,219,28,14,205,218,10800.0,0.65,626278.7961786509,10800.0,626278.7961786509,1,1,28,28,0,0,1
B_adaptive,2025-08-08,219,28,14,205,218,10800.0,0.80,662145.8270923512,10800.0,662145.8270923512,4,0,28,28,0,0,0
B_adaptive,2025-08-08,219,28,14,205,218,10800.0,0.90,713598.9847176981,10800.0,713598.9847176981,5,0,28,28,0,0,0
B_adaptive,2025-08-09,220,28,14,206,219,10800.0,base,651185.8797383507,10187.898746851852,651734.9685680498,2,0,28,28,0,0,0
B_adaptive,2025-08-09,220,28,14,206,219,10800.0,0.50,653651.3316334761,9529.349661296297,654791.1755789787,3,0,28,28,0,0,0
B_adaptive,2025-08-09,220,28,14,206,219,10800.0,0.65,623663.4644140808,10800.0,623663.4644140808,1,1,28,28,0,0,1
B_adaptive,2025-08-09,220,28,14,206,219,10800.0,0.80,657312.7035446893,10800.0,657312.7035446893,4,0,28,28,0,0,0
B_adaptive,2025-08-09,220,28,14,206,219,10800.0,0.90,707352.0354279347,10800.0,707352.0354279347,5,0,28,28,0,0,0
B_adaptive,2025-08-10,221,28,14,207,220,10800.0,base,649321.3809184701,9936.648643148148,650095.8550495305,2,0,28,28,0,0,0
B_adaptive,2025-08-10,221,28,14,207,220,10800.0,0.50,653001.4279472348,9262.721816111114,654380.4518825267,4,0,28,28,0,0,0
B_adaptive,2025-08-10,221,28,14,207,220,10800.0,0.65,620302.2004414559,10800.0,620302.2004414559,1,1,28,28,0,0,1
B_adaptive,2025-08-10,221,28,14,207,220,10800.0,0.80,651613.9235599993,10800.0,651613.9235599993,3,0,28,28,0,0,0
B_adaptive,2025-08-10,221,28,14,207,220,10800.0,0.90,700228.9531774496,10800.0,700228.9531774496,5,0,28,28,0,0,0
B_adaptive,2025-08-11,222,28,14,208,221,10800.0,base,635474.6911866869,9989.354737962964,636201.885022582,2,0,28,28,0,0,0
B_adaptive,2025-08-11,222,28,14,208,221,10800.0,0.50,645444.6180835819,9250.226322037039,646834.8511712523,4,0,28,28,0,0,0
B_adaptive,2025-08-11,222,28,14,208,221,10800.0,0.65,612071.9129525904,10800.0,612071.9129525904,1,1,28,28,0,0,1
B_adaptive,2025-08-11,222,28,14,208,221,10800.0,0.80,642350.1853460151,10800.0,642350.1853460151,3,0,28,28,0,0,0
B_adaptive,2025-08-11,222,28,14,208,221,10800.0,0.90,688642.1598541295,10800.0,688642.1598541295,5,0,28,28,0,0,0
B_adaptive,2025-08-12,223,28,14,209,222,10597.863929999998,base,608642.9474428074,9991.189940555558,609187.1677154496,2,0,28,28,0,0,0
B_adaptive,2025-08-12,223,28,14,209,222,10597.863929999998,0.50,622329.7361568753,9155.413027222223,623623.6947528282,3,0,28,28,0,0,0
B_adaptive,2025-08-12,223,28,14,209,222,10597.863929999998,0.65,606299.5457014703,10800.0,606118.2184168986,1,1,28,28,0,0,1
B_adaptive,2025-08-12,223,28,14,209,222,10597.863929999998,0.80,633364.2125189567,10800.0,633182.885234385,4,0,28,28,0,0,0
B_adaptive,2025-08-12,223,28,14,209,222,10597.863929999998,0.90,677061.7396085704,10800.0,676880.4123239986,5,0,28,28,0,0,0
B_adaptive,2025-08-13,224,28,14,210,223,10800.0,base,619927.1719841762,10149.051515555557,620511.1089385275,2,0,28,28,0,0,0
B_adaptive,2025-08-13,224,28,14,210,223,10800.0,0.50,640768.7266247969,9276.123629444446,642135.7283889835,4,0,28,28,0,0,0
B_adaptive,2025-08-13,224,28,14,210,223,10800.0,0.65,601657.7218507947,10800.0,601657.7218507947,1,1,28,28,0,0,1
B_adaptive,2025-08-13,224,28,14,210,223,10800.0,0.80,620762.5980983152,10800.0,620762.5980983152,3,0,28,28,0,0,0
B_adaptive,2025-08-13,224,28,14,210,223,10800.0,0.90,660513.3435677397,10800.0,660513.3435677397,5,0,28,28,0,0,0
B_adaptive,2025-08-14,225,28,14,211,224,10800.0,base,613386.2841958732,10340.533643148148,613798.451043878,3,0,28,28,0,0,0
B_adaptive,2025-08-14,225,28,14,211,224,10800.0,0.50,636596.3851279855,9304.745864444445,637937.711157253,4,0,28,28,0,0,0
B_adaptive,2025-08-14,225,28,14,211,224,10800.0,0.65,594851.887255247,10800.0,594851.887255247,1,1,28,28,0,0,1
B_adaptive,2025-08-14,225,28,14,211,224,10800.0,0.80,610953.8951141414,10800.0,610953.8951141414,2,0,28,28,0,0,0
B_adaptive,2025-08-14,225,28,14,211,224,10800.0,0.90,647836.5897905064,10800.0,647836.5897905064,5,0,28,28,0,0,0
B_adaptive,2025-08-15,226,28,14,212,225,10717.942515,base,607801.1281655196,10327.730828148147,608151.1697270527,3,0,28,28,0,0,0
B_adaptive,2025-08-15,226,28,14,212,225,10717.942515,0.50,636492.1133554301,9242.625197777776,637815.5549510516,5,0,28,28,0,0,0
B_adaptive,2025-08-15,226,28,14,212,225,10717.942515,0.65,591201.7892143147,10800.0,591128.1790915205,1,1,28,28,0,0,1
B_adaptive,2025-08-15,226,28,14,212,225,10717.942515,0.80,602793.7240351915,10800.0,602720.1139123973,2,0,28,28,0,0,0
B_adaptive,2025-08-15,226,28,14,212,225,10717.942515,0.90,636426.438329997,10800.0,636352.8282072028,4,0,28,28,0,0,0
B_adaptive,2025-08-16,227,28,14,213,226,10749.15204,base,606946.9553313529,10169.94654185185,607466.534841275,3,0,28,28,0,0,0
B_adaptive,2025-08-16,227,28,14,213,226,10749.15204,0.50,637420.2784316484,8933.299462407404,639049.1990744477,5,0,28,28,0,0,0
B_adaptive,2025-08-16,227,28,14,213,226,10749.15204,0.65,589572.7452115859,10800.0,589527.1317665792,1,1,28,28,0,0,1
B_adaptive,2025-08-16,227,28,14,213,226,10749.15204,0.80,600406.2557399526,10800.0,600360.6422949459,2,0,28,28,0,0,0
B_adaptive,2025-08-16,227,28,14,213,226,10749.15204,0.90,631656.2989589,10800.0,631610.6855138934,4,0,28,28,0,0,0
B_adaptive,2025-08-17,228,28,14,214,227,10800.0,base,606586.3439166814,10286.587419814816,607046.9035240286,3,0,28,28,0,0,0
B_adaptive,2025-08-17,228,28,14,214,227,10800.0,0.50,638840.8192335176,9009.677468518516,640446.8380066194,5,0,28,28,0,0,0
B_adaptive,2025-08-17,228,28,14,214,227,10800.0,0.65,589498.9537727878,10800.0,589498.9537727878,1,1,28,28,0,0,1
B_adaptive,2025-08-17,228,28,14,214,227,10800.0,0.80,599304.4838378653,10800.0,599304.4838378653,2,0,28,28,0,0,0
B_adaptive,2025-08-17,228,28,14,214,227,10800.0,0.90,628619.1898241864,10800.0,628619.1898241864,4,0,28,28,0,0,0
B_adaptive,2025-08-18,229,28,14,215,228,10498.287644999999,base,604879.5218763432,10317.793354074072,605041.4352827644,3,0,28,28,0,0,0
B_adaptive,2025-08-18,229,28,14,215,228,10498.287644999999,0.50,643641.3734861932,8950.746292037034,645029.6040543206,5,0,28,28,0,0,0
B_adaptive,2025-08-18,229,28,14,215,228,10498.287644999999,0.65,586257.8743133222,10800.0,585987.2215690898,1,1,28,28,0,0,1
B_adaptive,2025-08-18,229,28,14,215,228,10498.287644999999,0.80,595845.6488359701,10800.0,595574.9960917376,2,0,28,28,0,0,0
B_adaptive,2025-08-18,229,28,14,215,228,10498.287644999999,0.90,624313.42651757,10800.0,624042.7737733376,4,0,28,28,0,0,0
B_adaptive,2025-08-19,230,28,14,216,229,10479.59435925926,base,593209.3221390685,10300.610764999998,593369.880366652,2,0,28,28,0,0,0
B_adaptive,2025-08-19,230,28,14,216,229,10479.59435925926,0.50,633518.1371796731,8996.270017037035,634848.7615215543,5,0,28,28,0,0,0
B_adaptive,2025-08-19,230,28,14,216,229,10479.59435925926,0.65,584665.056952125,10800.0,584377.6352920672,1,1,28,28,0,0,1
B_adaptive,2025-08-19,230,28,14,216,229,10479.59435925926,0.80,597003.8791603378,10800.0,596716.45750028,3,0,28,28,0,0,0
B_adaptive,2025-08-19,230,28,14,216,229,10479.59435925926,0.90,625124.1998529,10800.0,624836.7781928421,4,0,28,28,0,0,0
B_adaptive,2025-08-20,231,28,14,217,230,10800.0,base,595123.6433108698,10616.336131028806,595288.4000048853,2,0,28,28,0,0,0
B_adaptive,2025-08-20,231,28,14,217,230,10800.0,0.50,630133.6369707967,9373.799100816188,631413.0184107479,5,0,28,28,0,0,0
B_adaptive,2025-08-20,231,28,14,217,230,10800.0,0.65,585296.2711156181,10800.0,585296.2711156181,1,1,28,28,0,0,1
B_adaptive,2025-08-20,231,28,14,217,230,10800.0,0.80,597569.930162927,10800.0,597569.930162927,3,0,28,28,0,0,0
B_adaptive,2025-08-20,231,28,14,217,230,10800.0,0.90,625580.6385731589,10800.0,625580.6385731589,4,0,28,28,0,0,0
B_adaptive,2025-08-21,232,28,14,218,231,10595.076015,base,616004.4611117607,10582.576111028808,616015.674220062,3,0,28,28,0,0,0
B_adaptive,2025-08-21,232,28,14,218,231,10595.076015,0.50,651976.3230233013,9185.591780555555,653240.7086862776,5,0,28,28,0,0,0
B_adaptive,2025-08-21,232,28,14,218,231,10595.076015,0.65,596037.8400770423,10800.0,595854.0118778315,1,1,28,28,0,0,1
B_adaptive,2025-08-21,232,28,14,218,231,10595.076015,0.80,599185.5519238452,10800.0,599001.7237246344,2,0,28,28,0,0,0
B_adaptive,2025-08-21,232,28,14,218,231,10595.076015,0.90,627896.0451220577,10800.0,627712.2169228469,4,0,28,28,0,0,0
B_adaptive,2025-08-22,233,28,14,219,232,10800.0,base,618832.5598122168,10621.552444362142,618992.637183377,3,0,28,28,0,0,0
B_adaptive,2025-08-22,233,28,14,219,232,10800.0,0.50,653872.6041372714,9275.564263518514,655240.1076837695,5,0,28,28,0,0,0
B_adaptive,2025-08-22,233,28,14,219,232,10800.0,0.65,597448.6476867348,10800.0,597448.6476867348,1,1,28,28,0,0,1
B_adaptive,2025-08-22,233,28,14,219,232,10800.0,0.80,600712.4712078071,10800.0,600712.4712078071,2,0,28,28,0,0,0
B_adaptive,2025-08-22,233,28,14,219,232,10800.0,0.90,629951.0582279549,10800.0,629951.0582279549,4,0,28,28,0,0,0
B_adaptive,2025-08-23,234,28,14,220,233,10800.0,base,625312.5824224188,10437.955639362142,625637.3563274865,3,0,28,28,0,0,0
B_adaptive,2025-08-23,234,28,14,220,233,10800.0,0.50,663133.142827351,9248.219780000001,664525.1758947033,5,0,28,28,0,0,0
B_adaptive,2025-08-23,234,28,14,220,233,10800.0,0.65,601174.0089579909,10697.774699999998,601265.7107312742,2,0,28,28,0,0,0
B_adaptive,2025-08-23,234,28,14,220,233,10800.0,0.80,600304.8692612536,10800.0,600304.8692612536,1,1,28,28,0,0,1
B_adaptive,2025-08-23,234,28,14,220,233,10800.0,0.90,629303.4977265082,10800.0,629303.4977265082,4,0,28,28,0,0,0
B_adaptive,2025-08-24,235,28,14,221,234,10800.0,base,626425.2105824181,10340.77096936214,626837.1645356242,3,0,28,28,0,0,0
B_adaptive,2025-08-24,235,28,14,221,234,10800.0,0.50,663515.2478182028,9368.874631111103,664799.0467810611,5,0,28,28,0,0,0
B_adaptive,2025-08-24,235,28,14,221,234,10800.0,0.65,601816.230327661,10800.0,601816.230327661,2,0,28,28,0,0,0
B_adaptive,2025-08-24,235,28,14,221,234,10800.0,0.80,601142.9110880054,10800.0,601142.9110880054,1,1,28,28,0,0,1
B_adaptive,2025-08-24,235,28,14,221,234,10800.0,0.90,630366.2920314715,10800.0,630366.2920314715,4,0,28,28,0,0,0
B_adaptive,2025-08-25,236,28,14,222,235,10800.0,base,630975.9686314262,10153.17043936214,631556.210682294,3,0,28,28,0,0,0
B_adaptive,2025-08-25,236,28,14,222,235,10800.0,0.50,666386.8326580456,9191.558709074068,667829.6938538556,5,0,28,28,0,0,0
B_adaptive,2025-08-25,236,28,14,222,235,10800.0,0.65,602691.0803498308,10800.0,602691.0803498308,2,0,28,28,0,0,0
B_adaptive,2025-08-25,236,28,14,222,235,10800.0,0.80,602258.5714377005,10800.0,602258.5714377005,1,1,28,28,0,0,1
B_adaptive,2025-08-25,236,28,14,222,235,10800.0,0.90,632164.1023307921,10800.0,632164.1023307921,4,0,28,28,0,0,0
B_adaptive,2025-08-26,237,28,14,223,236,10800.0,base,665814.4699865676,10119.48669010288,666424.9282318404,4,0,28,28,0,0,0
B_adaptive,2025-08-26,237,28,14,223,236,10800.0,0.50,705897.7024731672,9124.972672962962,707400.2950425931,5,0,28,28,0,0,0
B_adaptive,2025-08-26,237,28,14,223,236,10800.0,0.65,625500.1641312955,10800.0,625500.1641312955,2,0,28,28,0,0,0
B_adaptive,2025-08-26,237,28,14,223,236,10800.0,0.80,604885.0931040357,10800.0,604885.0931040357,1,1,28,28,0,0,1
B_adaptive,2025-08-26,237,28,14,223,236,10800.0,0.90,631651.6241811303,10800.0,631651.6241811303,3,0,28,28,0,0,0
B_adaptive,2025-08-27,238,28,14,224,237,10800.0,base,648391.230464098,10385.189324362142,648763.3386851827,4,0,28,28,0,0,0
B_adaptive,2025-08-27,238,28,14,224,237,10800.0,0.50,680383.8479917306,9194.320920925928,681824.2313300533,5,0,28,28,0,0,0
B_adaptive,2025-08-27,238,28,14,224,237,10800.0,0.65,622543.6262915249,10800.0,622543.6262915249,2,0,28,28,0,0,0
B_adaptive,2025-08-27,238,28,14,224,237,10800.0,0.80,607811.826417641,10800.0,607811.826417641,1,1,28,28,0,0,1
B_adaptive,2025-08-27,238,28,14,224,237,10800.0,0.90,636898.7629172279,10800.0,636898.7629172279,3,0,28,28,0,0,0
B_adaptive,2025-08-28,239,28,14,225,238,10800.0,base,660473.2136636345,10388.873070843623,660842.0173594727,4,0,28,28,0,0,0
B_adaptive,2025-08-28,239,28,14,225,238,10800.0,0.50,697864.1794077115,9238.69597888889,699264.7558537604,5,0,28,28,0,0,0
B_adaptive,2025-08-28,239,28,14,225,238,10800.0,0.65,621188.3985633897,10800.0,621188.3985633897,2,0,28,28,0,0,0
B_adaptive,2025-08-28,239,28,14,225,238,10800.0,0.80,607008.6917079077,10800.0,607008.6917079077,1,1,28,28,0,0,1
B_adaptive,2025-08-28,239,28,14,225,238,10800.0,0.90,636661.6476204444,10800.0,636661.6476204444,3,0,28,28,0,0,0
B_adaptive,2025-08-29,240,28,14,226,239,10800.0,base,669137.5888017028,10265.892135843624,669616.7132285102,4,0,28,28,0,0,0
B_adaptive,2025-08-29,240,28,14,226,239,10800.0,0.50,708254.6084888909,9264.203254814818,709632.3034913634,5,0,28,28,0,0,0
B_adaptive,2025-08-29,240,28,14,226,239,10800.0,0.65,620904.7940733857,10800.0,620904.7940733857,2,0,28,28,0,0,0
B_adaptive,2025-08-29,240,28,14,226,239,10800.0,0.80,610091.098445597,10800.0,610091.098445597,1,1,28,28,0,0,1
B_adaptive,2025-08-29,240,28,14,226,239,10800.0,0.90,639739.415652496,10800.0,639739.415652496,3,0,28,28,0,0,0
B_adaptive,2025-08-30,241,28,14,227,240,10800.0,base,670265.3645589835,10646.622105658436,670402.953051202,4,0,28,28,0,0,0
B_adaptive,2025-08-30,241,28,14,227,240,10800.0,0.50,709413.1662362362,9513.656277599448,710567.0880187696,5,0,28,28,0,0,0
B_adaptive,2025-08-30,241,28,14,227,240,10800.0,0.65,621968.1292264923,10800.0,621968.1292264923,2,0,28,28,0,0,0
B_adaptive,2025-08-30,241,28,14,227,240,10800.0,0.80,611178.7760001054,10800.0,611178.7760001054,1,1,28,28,0,0,1
B_adaptive,2025-08-30,241,28,14,227,240,10800.0,0.90,641028.370639651,10800.0,641028.370639651,3,0,28,28,0,0,0
B_adaptive,2025-08-31,242,28,14,228,241,10800.0,base,669851.4925019754,10532.852880658436,670091.1383095314,4,0,28,28,0,0,0
B_adaptive,2025-08-31,242,28,14,228,241,10800.0,0.50,707747.3281822992,9325.21569480795,709070.2916365179,5,0,28,28,0,0,0
B_adaptive,2025-08-31,242,28,14,228,241,10800.0,0.65,622512.7568437223,10800.0,622512.7568437223,2,0,28,28,0,0,0
B_adaptive,2025-08-31,242,28,14,228,241,10800.0,0.80,612601.6992039004,10800.0,612601.6992039004,1,1,28,28,0,0,1
B_adaptive,2025-08-31,242,28,14,228,241,10800.0,0.90,642751.6256845794,10800.0,642751.6256845794,3,0,28,28,0,0,0
B_adaptive,2025-09-01,243,28,14,229,242,10800.0,base,685285.0404121703,10670.744642510288,685400.9896486918,4,0,28,28,0,0,0
B_adaptive,2025-09-01,243,28,14,229,242,10800.0,0.50,721686.429967897,9631.464858148149,722734.6709087571,5,0,28,28,0,0,0
B_adaptive,2025-09-01,243,28,14,229,242,10800.0,0.65,627315.0258202563,10800.0,627315.0258202563,2,0,28,28,0,0,0
B_adaptive,2025-09-01,243,28,14,229,242,10800.0,0.80,613812.5985512147,10800.0,613812.5985512147,1,1,28,28,0,0,1
B_adaptive,2025-09-01,243,28,14,229,242,10800.0,0.90,644495.5685225645,10800.0,644495.5685225645,3,0,28,28,0,0,0
B_adaptive,2025-09-02,244,28,14,230,243,10800.0,base,680445.2096198284,10800.0,680445.2096198284,4,0,28,28,0,0,0
B_adaptive,2025-09-02,244,28,14,230,243,10800.0,0.50,709298.8005449472,10800.0,709298.8005449472,5,0,28,28,0,0,0
B_adaptive,2025-09-02,244,28,14,230,243,10800.0,0.65,628620.6477220097,10800.0,628620.6477220097,2,0,28,28,0,0,0
B_adaptive,2025-09-02,244,28,14,230,243,10800.0,0.80,615701.8032956964,10800.0,615701.8032956964,1,1,28,28,0,0,1
B_adaptive,2025-09-02,244,28,14,230,243,10800.0,0.90,647539.3794746256,10800.0,647539.3794746256,3,0,28,28,0,0,0
B_adaptive,2025-09-03,245,28,14,231,244,10800.0,base,680037.7199773806,10800.0,680037.7199773806,4,0,28,28,0,0,0
B_adaptive,2025-09-03,245,28,14,231,244,10800.0,0.50,706658.3528864887,10800.0,706658.3528864887,5,0,28,28,0,0,0
B_adaptive,2025-09-03,245,28,14,231,244,10800.0,0.65,628242.2508305581,10800.0,628242.2508305581,2,0,28,28,0,0,0
B_adaptive,2025-09-03,245,28,14,231,244,10800.0,0.80,615832.3303696122,10800.0,615832.3303696122,1,1,28,28,0,0,1
B_adaptive,2025-09-03,245,28,14,231,244,10800.0,0.90,648489.3037038118,10800.0,648489.3037038118,3,0,28,28,0,0,0
B_adaptive,2025-09-04,246,28,14,232,245,10800.0,base,648125.5439338762,10800.0,648125.5439338762,4,0,28,28,0,0,0
B_adaptive,2025-09-04,246,28,14,232,245,10800.0,0.50,667371.5982332174,10800.0,667371.5982332174,5,0,28,28,0,0,0
B_adaptive,2025-09-04,246,28,14,232,245,10800.0,0.65,609797.4973126599,10800.0,609797.4973126599,1,1,28,28,0,0,1
B_adaptive,2025-09-04,246,28,14,232,245,10800.0,0.80,613142.0933394099,10800.0,613142.0933394099,2,0,28,28,0,0,0
B_adaptive,2025-09-04,246,28,14,232,245,10800.0,0.90,647067.7318892949,10800.0,647067.7318892949,3,0,28,28,0,0,0
B_adaptive,2025-09-05,247,28,14,233,246,10800.0,base,647108.244608738,10800.0,647108.244608738,4,0,28,28,0,0,0
B_adaptive,2025-09-05,247,28,14,233,246,10800.0,0.50,665437.6354129883,10800.0,665437.6354129883,5,0,28,28,0,0,0
B_adaptive,2025-09-05,247,28,14,233,246,10800.0,0.65,607924.6409694691,10800.0,607924.6409694691,1,1,28,28,0,0,1
B_adaptive,2025-09-05,247,28,14,233,246,10800.0,0.80,611300.9934002827,10800.0,611300.9934002827,2,0,28,28,0,0,0
B_adaptive,2025-09-05,247,28,14,233,246,10800.0,0.90,645483.885042883,10800.0,645483.885042883,3,0,28,28,0,0,0
B_adaptive,2025-09-06,248,28,14,234,247,10697.774699999998,base,640703.0129405573,10800.0,640611.311167274,3,0,28,28,0,0,0
B_adaptive,2025-09-06,248,28,14,234,247,10697.774699999998,0.50,655850.4490254049,10800.0,655758.7472521216,5,0,28,28,0,0,0
B_adaptive,2025-09-06,248,28,14,234,247,10697.774699999998,0.65,604626.8480162479,10800.0,604535.1462429645,1,1,28,28,0,0,1
B_adaptive,2025-09-06,248,28,14,234,247,10697.774699999998,0.80,612296.4192546239,10800.0,612204.7174813406,2,0,28,28,0,0,0
B_adaptive,2025-09-06,248,28,14,234,247,10697.774699999998,0.90,647002.058814442,10800.0,646910.3570411587,4,0,28,28,0,0,0
B_adaptive,2025-09-07,249,28,14,235,248,10800.0,base,642821.6736260804,10800.0,642821.6736260804,3,0,28,28,0,0,0
B_adaptive,2025-09-07,249,28,14,235,248,10800.0,0.50,654193.6990127759,10800.0,654193.6990127759,5,0,28,28,0,0,0
B_adaptive,2025-09-07,249,28,14,235,248,10800.0,0.65,604638.2464697462,10800.0,604638.2464697462,1,1,28,28,0,0,1
B_adaptive,2025-09-07,249,28,14,235,248,10800.0,0.80,612306.768088251,10800.0,612306.768088251,2,0,28,28,0,0,0
B_adaptive,2025-09-07,249,28,14,235,248,10800.0,0.90,647071.3613093413,10800.0,647071.3613093413,4,0,28,28,0,0,0
B_adaptive,2025-09-08,250,28,14,236,249,10800.0,base,638299.2970311245,10800.0,638299.2970311245,3,0,28,28,0,0,0
B_adaptive,2025-09-08,250,28,14,236,249,10800.0,0.50,647374.4593005712,10800.0,647374.4593005712,5,0,28,28,0,0,0
B_adaptive,2025-09-08,250,28,14,236,249,10800.0,0.65,602571.2859879571,10800.0,602571.2859879571,1,1,28,28,0,0,1
B_adaptive,2025-09-08,250,28,14,236,249,10800.0,0.80,610850.2751323469,10800.0,610850.2751323469,2,0,28,28,0,0,0
B_adaptive,2025-09-08,250,28,14,236,249,10800.0,0.90,645523.6420241813,10800.0,645523.6420241813,4,0,28,28,0,0,0
B_adaptive,2025-09-09,251,28,14,237,250,10800.0,base,618572.746984611,10654.94661,618702.8679339627,3,0,28,28,0,0,0
B_adaptive,2025-09-09,251,28,14,237,250,10800.0,0.50,641950.1764283498,10487.459789999997,642230.5423600648,5,0,28,28,0,0,0
B_adaptive,2025-09-09,251,28,14,237,250,10800.0,0.65,584399.9787452612,10662.31629,584523.4886822262,1,1,28,28,0,0,1
B_adaptive,2025-09-09,251,28,14,237,250,10800.0,0.80,606725.7250022128,10732.42173,606786.3464647512,2,0,28,28,0,0,0
B_adaptive,2025-09-09,251,28,14,237,250,10800.0,0.90,637715.6160125677,10800.0,637715.6160125677,4,0,28,28,0,0,0
B_adaptive,2025-09-10,252,28,14,238,251,10800.0,base,611203.3381738223,10581.07947,611399.7220514839,3,0,28,28,0,0,0
B_adaptive,2025-09-10,252,28,14,238,251,10800.0,0.50,638193.3899003806,10185.561644999996,638744.5752402798,5,0,28,28,0,0,0
B_adaptive,2025-09-10,252,28,14,238,251,10800.0,0.65,575817.4088231098,10588.805235,576006.8622603574,1,1,28,28,0,0,1
B_adaptive,2025-09-10,252,28,14,238,251,10800.0,0.80,597540.6718852774,10800.0,597540.6718852774,2,0,28,28,0,0,0
B_adaptive,2025-09-10,252,28,14,238,251,10800.0,0.90,628754.1721666022,10800.0,628754.1721666022,4,0,28,28,0,0,0
B_adaptive,2025-09-11,253,28,14,239,252,10800.0,base,626392.5268535033,10545.474761851852,626620.8501324132,4,0,28,28,0,0,0
B_adaptive,2025-09-11,253,28,14,239,252,10800.0,0.50,656970.3046731558,10037.565030370368,657654.2511984119,5,0,28,28,0,0,0
B_adaptive,2025-09-11,253,28,14,239,252,10800.0,0.65,599381.5361701738,10553.767237407408,599602.4206378172,1,1,28,28,0,0,1
B_adaptive,2025-09-11,253,28,14,239,252,10800.0,0.80,602203.7456057983,10800.0,602203.7456057983,2,0,28,28,0,0,0
B_adaptive,2025-09-11,253,28,14,239,252,10800.0,0.90,619843.6677873975,10800.0,619843.6677873975,3,0,28,28,0,0,0
B_adaptive,2025-09-12,254,28,14,240,253,10800.0,base,608490.5249607526,10478.442566851852,608778.9798425883,3,0,28,28,0,0,0
B_adaptive,2025-09-12,254,28,14,240,253,10800.0,0.50,636373.7453387954,9825.084162777775,637248.2990067747,5,0,28,28,0,0,0
B_adaptive,2025-09-12,254,28,14,240,253,10800.0,0.65,592587.1189503167,10442.911897407408,592907.4468165701,1,1,28,28,0,0,1
B_adaptive,2025-09-12,254,28,14,240,253,10800.0,0.80,594781.3804500867,10800.0,594781.3804500867,2,0,28,28,0,0,0
B_adaptive,2025-09-12,254,28,14,240,253,10800.0,0.90,613635.508908591,10800.0,613635.508908591,4,0,28,28,0,0,0
B_adaptive,2025-09-13,255,28,14,241,254,10800.0,base,604728.5647623719,10492.664110555555,605004.2621294197,3,0,28,28,0,0,0
B_adaptive,2025-09-13,255,28,14,241,254,10800.0,0.50,637520.0983963107,9582.368886666662,638612.3811511437,5,0,28,28,0,0,0
B_adaptive,2025-09-13,255,28,14,241,254,10800.0,0.65,587325.2592711442,10448.140952592596,587640.8963843934,2,0,28,28,0,0,0
B_adaptive,2025-09-13,255,28,14,241,254,10800.0,0.80,587290.4298236116,10800.0,587290.4298236116,1,1,28,28,0,0,1
B_adaptive,2025-09-13,255,28,14,241,254,10800.0,0.90,606086.9445511994,10800.0,606086.9445511994,4,0,28,28,0,0,0
B_adaptive,2025-09-14,256,28,14,242,255,10800.0,base,599861.002842671,10411.407369814815,600209.5920204265,4,0,28,28,0,0,0
B_adaptive,2025-09-14,256,28,14,242,255,10800.0,0.50,638055.7553634277,9342.499898333328,639363.2139268506,5,0,28,28,0,0,0
B_adaptive,2025-09-14,256,28,14,242,255,10800.0,0.65,581373.0301130944,10405.634829629633,581726.7975800927,2,0,28,28,0,0,0
B_adaptive,2025-09-14,256,28,14,242,255,10800.0,0.80,579911.3613128649,10800.0,579911.3613128649,1,1,28,28,0,0,1
B_adaptive,2025-09-14,256,28,14,242,255,10800.0,0.90,598738.5866465595,10800.0,598738.5866465595,3,0,28,28,0,0,0
B_adaptive,2025-09-15,257,28,14,243,256,10800.0,base,599656.781060615,10113.222534259257,600272.858601688,4,0,28,28,0,0,0
B_adaptive,2025-09-15,257,28,14,243,256,10800.0,0.50,642375.823734059,8771.031472777771,644195.921223451,5,0,28,28,0,0,0
B_adaptive,2025-09-15,257,28,14,243,256,10800.0,0.65,589465.3294049725,10118.136022962964,590076.9992737068,2,0,28,28,0,0,0
B_adaptive,2025-09-15,257,28,14,243,256,10800.0,0.80,571465.8022350095,10800.0,571465.8022350095,1,1,28,28,0,0,1
B_adaptive,2025-09-15,257,28,14,243,256,10800.0,0.90,591025.1123735158,10800.0,591025.1123735158,3,0,28,28,0,0,0
B_adaptive,2025-09-16,258,28,14,244,257,10800.0,base,596437.5765780827,10211.983614259258,596965.0599436691,4,0,28,28,0,0,0
B_adaptive,2025-09-16,258,28,14,244,257,10800.0,0.50,646777.2982877707,8604.853222777772,648746.4668995378,5,0,28,28,0,0,0
B_adaptive,2025-09-16,258,28,14,244,257,10800.0,0.65,584622.2127766673,10240.441357962965,585124.1679651658,2,0,28,28,0,0,0
B_adaptive,2025-09-16,258,28,14,244,257,10800.0,0.80,565585.405483864,10800.0,565585.405483864,1,1,28,28,0,0,1
B_adaptive,2025-09-16,258,28,14,244,257,10800.0,0.90,585504.0484445175,10800.0,585504.0484445175,3,0,28,28,0,0,0
B_adaptive,2025-09-17,259,28,14,245,258,10800.0,base,606834.702120138,10015.876344259255,607538.1046017627,4,0,28,28,0,0,0
B_adaptive,2025-09-17,259,28,14,245,258,10800.0,0.50,668037.6046757404,8133.910035185179,670429.2354902884,5,0,28,28,0,0,0
B_adaptive,2025-09-17,259,28,14,245,258,10800.0,0.65,586308.0290120767,10020.744667962967,587007.0643368767,3,0,28,28,0,0,0
B_adaptive,2025-09-17,259,28,14,245,258,10800.0,0.80,558211.4432680464,10797.280262592592,558213.8830235973,1,1,28,28,0,0,1
B_adaptive,2025-09-17,259,28,14,245,258,10800.0,0.90,578393.0567747605,10800.0,578393.0567747605,2,0,28,28,0,0,0
B_adaptive,2025-09-18,260,28,14,246,259,10800.0,base,611147.1474258864,9824.356698703701,612022.3536695548,4,0,28,28,0,0,0
B_adaptive,2025-09-18,260,28,14,246,259,10800.0,0.50,685938.1121783078,7666.089073333328,688749.4043856905,5,0,28,28,0,0,0
B_adaptive,2025-09-18,260,28,14,246,259,10800.0,0.65,584037.7618250466,9844.588168888893,584894.8193159883,3,0,28,28,0,0,0
B_adaptive,2025-09-18,260,28,14,246,259,10800.0,0.80,552269.3907434845,10800.0,552269.3907434845,1,1,28,28,0,0,1
B_adaptive,2025-09-18,260,28,14,246,259,10800.0,0.90,572750.2216176355,10800.0,572750.2216176355,2,0,28,28,0,0,0
B_adaptive,2025-09-19,261,28,14,247,260,10800.0,base,606345.6963809542,9702.77483648148,607329.9683095838,4,0,28,28,0,0,0
B_adaptive,2025-09-19,261,28,14,247,260,10800.0,0.50,692802.658585219,7293.242086296292,695948.4152536952,5,0,28,28,0,0,0
B_adaptive,2025-09-19,261,28,14,247,260,10800.0,0.65,578926.3984537665,9665.796041851856,579943.8424155564,3,0,28,28,0,0,0
B_adaptive,2025-09-19,261,28,14,247,260,10800.0,0.80,545854.0878168369,10724.292287407407,545922.0018410165,1,1,28,28,0,0,1
B_adaptive,2025-09-19,261,28,14,247,260,10800.0,0.90,566421.205102632,10800.0,566421.205102632,2,0,28,28,0,0,0
B_adaptive,2025-09-20,262,28,14,248,261,10800.0,base,602925.6182235482,9735.989650740741,603880.0946185198,4,0,28,28,0,0,0
B_adaptive,2025-09-20,262,28,14,248,261,10800.0,0.50,695577.1009931708,7010.708593888884,698976.3059006416,5,0,28,28,0,0,0
B_adaptive,2025-09-20,262,28,14,248,261,10800.0,0.65,573984.0949206243,9740.139686111113,574934.8485033112,3,0,28,28,0,0,0
B_adaptive,2025-09-20,262,28,14,248,261,10800.0,0.80,538580.7141699265,10800.0,538580.7141699265,1,1,28,28,0,0,1
B_adaptive,2025-09-20,262,28,14,248,261,10800.0,0.90,558993.1571836671,10800.0,558993.1571836671,2,0,28,28,0,0,0
B_adaptive,2025-09-21,263,28,14,249,262,10800.0,base,600190.7879456995,9944.950077592592,600957.8152288725,4,0,28,28,0,0,0
B_adaptive,2025-09-21,263,28,14,249,262,10800.0,0.50,699247.3706338324,6924.910223518513,702723.5414461016,5,0,28,28,0,0,0
B_adaptive,2025-09-21,263,28,14,249,262,10800.0,0.65,570191.2184370727,9930.044185370372,570971.6171336741,3,0,28,28,0,0,0
B_adaptive,2025-09-21,263,28,14,249,262,10800.0,0.80,532064.4151849916,10800.0,532064.4151849916,1,1,28,28,0,0,1
B_adaptive,2025-09-21,263,28,14,249,262,10800.0,0.90,552274.1609561236,10800.0,552274.1609561236,2,0,28,28,0,0,0
B_adaptive,2025-09-22,264,28,14,250,263,10800.0,base,597743.9095295921,9975.271347592592,598483.7369490601,4,0,28,28,0,0,0
B_adaptive,2025-09-22,264,28,14,250,263,10800.0,0.50,701455.3746244363,6804.223827037031,705039.8078391493,5,0,28,28,0,0,0
B_adaptive,2025-09-22,264,28,14,250,263,10800.0,0.65,568126.231365642,9966.22912037037,568874.1701652743,3,0,28,28,0,0,0
B_adaptive,2025-09-22,264,28,14,250,263,10800.0,0.80,528802.0138582871,10800.0,528802.0138582871,1,1,28,28,0,0,1
B_adaptive,2025-09-22,264,28,14,250,263,10800.0,0.90,549241.2048590892,10800.0,549241.2048590892,2,0,28,28,0,0,0
B_adaptive,2025-09-23,265,28,14,251,264,10662.31629,base,589351.3217221983,9874.831197592592,590057.7395992596,4,0,28,28,0,0,0
B_adaptive,2025-09-23,265,28,14,251,264,10662.31629,0.50,689653.1583231825,6626.939574259258,693273.1154247973,5,0,28,28,0,0,0
B_adaptive,2025-09-23,265,28,14,251,264,10662.31629,0.65,564477.6708359126,9823.91107037037,565229.7668959881,3,0,28,28,0,0,0
B_adaptive,2025-09-23,265,28,14,251,264,10662.31629,0.80,524507.3026882998,10767.937109999999,524412.5549449364,1,1,28,28,0,0,1
B_adaptive,2025-09-23,265,28,14,251,264,10662.31629,0.90,551287.4484457102,10800.0,551163.9385087453,2,0,28,28,0,0,0
B_adaptive,2025-09-24,266,28,14,252,265,10588.805235,base,602407.3870488092,9982.82867759259,602950.981686168,4,0,28,28,0,0,0
B_adaptive,2025-09-24,266,28,14,252,265,10588.805235,0.50,710164.464298246,6849.588534629629,713518.7494127393,5,0,28,28,0,0,0
B_adaptive,2025-09-24,266,28,14,252,265,10588.805235,0.65,569265.9403849113,9916.96895537037,569868.6148519767,3,0,28,28,0,0,0
B_adaptive,2025-09-24,266,28,14,252,265,10588.805235,0.80,525692.4270590269,10800.0,525502.9736217794,1,1,28,28,0,0,1
B_adaptive,2025-09-24,266,28,14,252,265,10588.805235,0.90,552390.6700046023,10800.0,552201.2165673547,2,0,28,28,0,0,0
B_adaptive,2025-09-25,267,28,14,253,266,10553.767237407408,base,574417.3819243212,10077.276927222221,574844.8202042412,4,0,28,28,0,0,0
B_adaptive,2025-09-25,267,28,14,253,266,10553.767237407408,0.50,677684.7074689607,6824.446345740737,681030.1154932796,5,0,28,28,0,0,0
B_adaptive,2025-09-25,267,28,14,253,266,10553.767237407408,0.65,542120.4102806076,9981.120253148149,542634.1064392095,2,0,28,28,0,0,0
B_adaptive,2025-09-25,267,28,14,253,266,10553.767237407408,0.80,516874.45061310544,10800.0,516653.566145462,1,1,28,28,0,0,1
B_adaptive,2025-09-25,267,28,14,253,266,10553.767237407408,0.90,557609.2775280497,10800.0,557388.3930604062,3,0,28,28,0,0,0
B_adaptive,2025-09-26,268,28,14,254,267,10442.911897407408,base,576944.03096638,9966.490215555554,577371.4076828724,4,0,28,28,0,0,0
B_adaptive,2025-09-26,268,28,14,254,267,10442.911897407408,0.50,683695.7956523532,6540.178774595332,687196.7640820225,5,0,28,28,0,0,0
B_adaptive,2025-09-26,268,28,14,254,267,10442.911897407408,0.65,543423.3885782388,9929.187718148147,543884.2277072666,2,0,28,28,0,0,0
B_adaptive,2025-09-26,268,28,14,254,267,10442.911897407408,0.80,516979.6314434974,10800.0,516659.3035772439,1,1,28,28,0,0,1
B_adaptive,2025-09-26,268,28,14,254,267,10442.911897407408,0.90,557181.9413630978,10800.0,556861.6134968443,3,0,28,28,0,0,0
B_adaptive,2025-09-27,269,28,14,255,268,10448.140952592596,base,574527.2948199906,10047.310489259264,574886.8620139597,4,0,28,28,0,0,0
B_adaptive,2025-09-27,269,28,14,255,268,10448.140952592596,0.50,677037.7491383555,6462.263296002769,680613.3028339641,5,0,28,28,0,0,0
B_adaptive,2025-09-27,269,28,14,255,268,10448.140952592596,0.65,542109.5676953811,10042.186112592592,542473.7317399078,2,0,28,28,0,0,0
B_adaptive,2025-09-27,269,28,14,255,268,10448.140952592596,0.80,517995.8575262808,10800.0,517680.2204130315,1,1,28,28,0,0,1
B_adaptive,2025-09-27,269,28,14,255,268,10448.140952592596,0.90,558070.4452398878,10800.0,557754.8081266385,3,0,28,28,0,0,0
B_adaptive,2025-09-28,270,28,14,256,269,10800.0,base,579795.1515138147,10070.227991296299,580449.7975485113,4,0,28,28,0,0,0
B_adaptive,2025-09-28,270,28,14,256,269,10800.0,0.50,680785.8975645916,6516.356595185184,684628.5636788997,5,0,28,28,0,0,0
B_adaptive,2025-09-28,270,28,14,256,269,10800.0,0.65,544798.7001318744,10052.665609444442,545469.10059878,2,0,28,28,0,0,0
B_adaptive,2025-09-28,270,28,14,256,269,10800.0,0.80,518588.46256163996,10800.0,518588.46256163996,1,1,28,28,0,0,1
B_adaptive,2025-09-28,270,28,14,256,269,10800.0,0.90,558467.8050083184,10800.0,558467.8050083184,3,0,28,28,0,0,0
B_adaptive,2025-09-29,271,28,14,257,270,10800.0,base,564347.0230901847,10126.703282222219,564951.0076514046,4,0,28,28,0,0,0
B_adaptive,2025-09-29,271,28,14,257,270,10800.0,0.50,663132.1783477003,6529.059804444442,666963.4489775689,5,0,28,28,0,0,0
B_adaptive,2025-09-29,271,28,14,257,270,10800.0,0.65,532643.3558226101,10038.571015370373,533326.3999234331,2,0,28,28,0,0,0
B_adaptive,2025-09-29,271,28,14,257,270,10800.0,0.80,524253.0952656532,10800.0,524253.0952656532,1,1,28,28,0,0,1
B_adaptive,2025-09-29,271,28,14,257,270,10800.0,0.90,563827.8217712623,10800.0,563827.8217712623,3,0,28,28,0,0,0
B_adaptive,2025-09-30,272,28,14,258,271,10800.0,base,566004.5000310495,10063.706119999997,566664.996546625,3,0,28,28,0,0,0
B_adaptive,2025-09-30,272,28,14,258,271,10800.0,0.50,662836.8815746114,6425.203401364883,666761.3171678426,5,0,28,28,0,0,0
B_adaptive,2025-09-30,272,28,14,258,271,10800.0,0.65,535289.7116158652,10008.360058703707,535999.8566232048,2,0,28,28,0,0,0
B_adaptive,2025-09-30,272,28,14,258,271,10800.0,0.80,526915.2792012371,10800.0,526915.2792012371,1,1,28,28,0,0,1
B_adaptive,2025-09-30,272,28,14,258,271,10800.0,0.90,566265.8549679267,10800.0,566265.8549679267,4,0,28,28,0,0,0
B_adaptive,2025-10-01,273,28,14,259,272,10797.280262592592,base,571701.2449977389,10270.678456666668,572173.6360733103,4,0,28,28,0,0,0
B_adaptive,2025-10-01,273,28,14,259,272,10797.280262592592,0.50,665117.5533804093,6580.598626666662,668900.1510679257,5,0,28,28,0,0,0
B_adaptive,2025-10-01,273,28,14,259,272,10797.280262592592,0.65,536921.9883946353,10306.938022407408,537361.8526253169,2,0,28,28,0,0,0
B_adaptive,2025-10-01,273,28,14,259,272,10797.280262592592,0.80,531653.3419927509,10800.0,531650.9022372,1,1,28,28,0,0,1
B_adaptive,2025-10-01,273,28,14,259,272,10797.280262592592,0.90,570839.4296503258,10800.0,570836.9898947749,3,0,28,28,0,0,0
B_adaptive,2025-10-02,274,28,14,260,273,10800.0,base,565332.7528352505,10800.0,565332.7528352505,3,0,28,28,0,0,0
B_adaptive,2025-10-02,274,28,14,260,273,10800.0,0.50,645661.1183405999,8306.983701499765,647897.4924612601,5,0,28,28,0,0,0
B_adaptive,2025-10-02,274,28,14,260,273,10800.0,0.65,537660.294012974,10800.0,537660.294012974,2,0,28,28,0,0,0
B_adaptive,2025-10-02,274,28,14,260,273,10800.0,0.80,536648.047224929,10800.0,536648.047224929,1,1,28,28,0,0,1
B_adaptive,2025-10-02,274,28,14,260,273,10800.0,0.90,575594.9199132443,10800.0,575594.9199132443,4,0,28,28,0,0,0
B_adaptive,2025-10-03,275,28,14,261,274,10724.292287407407,base,565487.6746991647,10800.0,565419.7606749851,3,0,28,28,0,0,0
B_adaptive,2025-10-03,275,28,14,261,274,10724.292287407407,0.50,634270.0334766963,10112.881302962962,634818.50309702,5,0,28,28,0,0,0
B_adaptive,2025-10-03,275,28,14,261,274,10724.292287407407,0.65,534156.3575627888,10800.0,534088.4435386092,2,0,28,28,0,0,0
B_adaptive,2025-10-03,275,28,14,261,274,10724.292287407407,0.80,532881.9755178103,10800.0,532814.0614936308,1,1,28,28,0,0,1
B_adaptive,2025-10-03,275,28,14,261,274,10724.292287407407,0.90,571343.1239934047,10800.0,571275.2099692251,4,0,28,28,0,0,0
B_adaptive,2025-10-04,276,28,14,262,275,10800.0,base,561856.4895558656,10800.0,561856.4895558656,3,0,28,28,0,0,0
B_adaptive,2025-10-04,276,28,14,262,275,10800.0,0.50,625030.3822945859,10800.0,625030.3822945859,5,0,28,28,0,0,0
B_adaptive,2025-10-04,276,28,14,262,275,10800.0,0.65,531932.9034966761,10800.0,531932.9034966761,1,1,28,28,0,0,1
B_adaptive,2025-10-04,276,28,14,262,275,10800.0,0.80,532853.0563651241,10800.0,532853.0563651241,2,0,28,28,0,0,0
B_adaptive,2025-10-04,276,28,14,262,275,10800.0,0.90,571096.1670494927,10800.0,571096.1670494927,4,0,28,28,0,0,0
B_adaptive,2025-10-05,277,28,14,263,276,10800.0,base,560248.1750854215,10800.0,560248.1750854215,3,0,28,28,0,0,0
B_adaptive,2025-10-05,277,28,14,263,276,10800.0,0.50,617223.6117833479,10800.0,617223.6117833479,5,0,28,28,0,0,0
B_adaptive,2025-10-05,277,28,14,263,276,10800.0,0.65,530156.3079059968,10800.0,530156.3079059968,1,1,28,28,0,0,1
B_adaptive,2025-10-05,277,28,14,263,276,10800.0,0.80,533778.9736727173,10800.0,533778.9736727173,2,0,28,28,0,0,0
B_adaptive,2025-10-05,277,28,14,263,276,10800.0,0.90,571879.5007203477,10800.0,571879.5007203477,4,0,28,28,0,0,0
B_adaptive,2025-10-06,278,28,14,264,277,10800.0,base,558725.4222328883,10800.0,558725.4222328883,3,0,28,28,0,0,0
B_adaptive,2025-10-06,278,28,14,264,277,10800.0,0.50,612450.6460125485,10800.0,612450.6460125485,5,0,28,28,0,0,0
B_adaptive,2025-10-06,278,28,14,264,277,10800.0,0.65,529235.1470833392,10800.0,529235.1470833392,1,1,28,28,0,0,1
B_adaptive,2025-10-06,278,28,14,264,277,10800.0,0.80,533687.9562795968,10800.0,533687.9562795968,2,0,28,28,0,0,0
B_adaptive,2025-10-06,278,28,14,264,277,10800.0,0.90,571495.5918563931,10800.0,571495.5918563931,4,0,28,28,0,0,0
B_adaptive,2025-10-07,279,28,14,265,278,10767.937109999999,base,546661.8040033608,10800.0,546633.0418097591,3,0,28,28,0,0,0
B_adaptive,2025-10-07,279,28,14,265,278,10767.937109999999,0.50,590578.904156554,10800.0,590550.1419629523,5,0,28,28,0,0,0
B_adaptive,2025-10-07,279,28,14,265,278,10767.937109999999,0.65,522027.48256245605,10800.0,521998.72036885435,1,1,28,28,0,0,1
B_adaptive,2025-10-07,279,28,14,265,278,10767.937109999999,0.80,533234.9700403909,10800.0,533206.2078467892,2,0,28,28,0,0,0
B_adaptive,2025-10-07,279,28,14,265,278,10767.937109999999,0.90,572230.0091177289,10800.0,572201.2469241272,4,0,28,28,0,0,0
B_adaptive,2025-10-08,280,28,14,266,279,10800.0,base,536786.2908727678,10800.0,536786.2908727678,3,0,28,28,0,0,0
B_adaptive,2025-10-08,280,28,14,266,279,10800.0,0.50,569349.2429422418,10800.0,569349.2429422418,4,0,28,28,0,0,0
B_adaptive,2025-10-08,280,28,14,266,279,10800.0,0.65,518598.03724120674,10800.0,518598.03724120674,1,1,28,28,0,0,1
B_adaptive,2025-10-08,280,28,14,266,279,10800.0,0.80,533595.626405747,10800.0,533595.626405747,2,0,28,28,0,0,0
B_adaptive,2025-10-08,280,28,14,266,279,10800.0,0.90,572216.8495540365,10800.0,572216.8495540365,5,0,28,28,0,0,0
B_adaptive,2025-10-09,281,28,14,267,280,10800.0,base,528357.6356841412,10749.539144999997,528402.901874457,2,0,28,28,0,0,0
B_adaptive,2025-10-09,281,28,14,267,280,10800.0,0.50,558989.7317902799,10611.444555000002,559158.8764997474,4,0,28,28,0,0,0
B_adaptive,2025-10-09,281,28,14,267,280,10800.0,0.65,515480.15873315505,10780.871564999998,515497.3180020409,1,1,28,28,0,0,1
B_adaptive,2025-10-09,281,28,14,267,280,10800.0,0.80,530190.7937021392,10800.0,530190.7937021392,3,0,28,28,0,0,0
B_adaptive,2025-10-09,281,28,14,267,280,10800.0,0.90,568278.8256384067,10800.0,568278.8256384067,5,0,28,28,0,0,0
B_adaptive,2025-10-10,282,28,14,268,281,10800.0,base,526978.669367945,10691.460359999997,527076.035455005,3,0,28,28,0,0,0
B_adaptive,2025-10-10,282,28,14,268,281,10800.0,0.50,554741.0760007082,10433.517195,555069.831436949,4,0,28,28,0,0,0
B_adaptive,2025-10-10,282,28,14,268,281,10800.0,0.65,513796.47434079106,10728.032699999998,513861.0330070744,1,1,28,28,0,0,1
B_adaptive,2025-10-10,282,28,14,268,281,10800.0,0.80,525884.484163305,10800.0,525884.484163305,2,0,28,28,0,0,0
B_adaptive,2025-10-10,282,28,14,268,281,10800.0,0.90,563176.5316048125,10800.0,563176.5316048125,5,0,28,28,0,0,0
B_adaptive,2025-10-11,283,28,14,269,282,10800.0,base,528066.6921906269,10473.230069999996,528359.8229717219,3,0,28,28,0,0,0
B_adaptive,2025-10-11,283,28,14,269,282,10800.0,0.50,556809.2446968933,10063.559925,557469.8723575057,4,0,28,28,0,0,0
B_adaptive,2025-10-11,283,28,14,269,282,10800.0,0.65,512786.62575885176,10550.920934999996,513010.0635178826,1,1,28,28,0,0,1
B_adaptive,2025-10-11,283,28,14,269,282,10800.0,0.80,522984.49775839003,10800.0,522984.49775839003,2,0,28,28,0,0,0
B_adaptive,2025-10-11,283,28,14,269,282,10800.0,0.90,560145.1904166992,10800.0,560145.1904166992,5,0,28,28,0,0,0
B_adaptive,2025-10-12,284,28,14,270,283,10800.0,base,521854.4692247121,10500.892647777773,522122.7851367306,3,0,28,28,0,0,0
B_adaptive,2025-10-12,284,28,14,270,283,10800.0,0.50,548657.9721066703,9932.64534,549436.0374230603,4,0,28,28,0,0,0
B_adaptive,2025-10-12,284,28,14,270,283,10800.0,0.65,509112.6751960939,10656.715411481478,509241.20943224995,1,1,28,28,0,0,1
B_adaptive,2025-10-12,284,28,14,270,283,10800.0,0.80,520924.42244506505,10800.0,520924.42244506505,2,0,28,28,0,0,0
B_adaptive,2025-10-12,284,28,14,270,283,10800.0,0.90,557948.8242496741,10800.0,557948.8242496741,5,0,28,28,0,0,0
B_adaptive,2025-10-13,285,28,14,271,284,10800.0,base,514061.0423473341,10329.902389629624,514482.7460203702,2,0,28,28,0,0,0
B_adaptive,2025-10-13,285,28,14,271,284,10800.0,0.50,536819.6777659667,9538.267371111111,537951.5220303372,4,0,28,28,0,0,0
B_adaptive,2025-10-13,285,28,14,271,284,10800.0,0.65,503957.4321843682,10542.543653888886,504188.3848299602,1,1,28,28,0,0,1
B_adaptive,2025-10-13,285,28,14,271,284,10800.0,0.80,518159.1520088819,10800.0,518159.1520088819,3,0,28,28,0,0,0
B_adaptive,2025-10-13,285,28,14,271,284,10800.0,0.90,554526.348515382,10800.0,554526.348515382,5,0,28,28,0,0,0
B_adaptive,2025-10-14,286,28,14,272,285,10800.0,base,511286.39698530897,10282.185079629624,511750.90573637676,2,0,28,28,0,0,0
B_adaptive,2025-10-14,286,28,14,272,285,10800.0,0.50,531587.2835018855,9414.85246685185,532829.8377917601,4,0,28,28,0,0,0
B_adaptive,2025-10-14,286,28,14,272,285,10800.0,0.65,498582.7779562387,10505.589308888886,498846.8807023149,1,1,28,28,0,0,1
B_adaptive,2025-10-14,286,28,14,272,285,10800.0,0.80,513213.42520916235,10800.0,513213.42520916235,3,0,28,28,0,0,0
B_adaptive,2025-10-14,286,28,14,272,285,10800.0,0.90,548638.7740269701,10800.0,548638.7740269701,5,0,28,28,0,0,0
B_adaptive,2025-10-15,287,28,14,273,286,10800.0,base,512268.1491531166,10072.160344629623,512921.06175952026,3,0,28,28,0,0,0
B_adaptive,2025-10-15,287,28,14,273,286,10800.0,0.50,527066.8420736269,9108.646789814813,528584.0798672303,4,0,28,28,0,0,0
B_adaptive,2025-10-15,287,28,14,273,286,10800.0,0.65,497823.49744640925,10321.950008888887,498252.33484676876,1,1,28,28,0,0,1
B_adaptive,2025-10-15,287,28,14,273,286,10800.0,0.80,507816.2087501151,10800.0,507816.2087501151,2,0,28,28,0,0,0
B_adaptive,2025-10-15,287,28,14,273,286,10800.0,0.90,542202.4010848379,10800.0,542202.4010848379,5,0,28,28,0,0,0
B_adaptive,2025-10-16,288,28,14,274,287,10800.0,base,519086.7534248272,10025.985565740733,519781.08737315965,3,0,28,28,0,0,0
B_adaptive,2025-10-16,288,28,14,274,287,10800.0,0.50,536157.3905875919,8949.963739814813,537816.9758927702,4,0,28,28,0,0,0
B_adaptive,2025-10-16,288,28,14,274,287,10800.0,0.65,493904.5260387891,10260.553658888886,494388.4393760069,1,1,28,28,0,0,1
B_adaptive,2025-10-16,288,28,14,274,287,10800.0,0.80,502971.1577883072,10800.0,502971.1577883072,2,0,28,28,0,0,0
B_adaptive,2025-10-16,288,28,14,274,287,10800.0,0.90,536355.2860067181,10800.0,536355.2860067181,5,0,28,28,0,0,0
B_adaptive,2025-10-17,289,28,14,275,288,10800.0,base,531330.800851292,10012.631980740733,532037.1137072353,3,0,28,28,0,0,0
B_adaptive,2025-10-17,289,28,14,275,288,10800.0,0.50,550786.1251629256,8841.990243518516,552542.5686928093,5,0,28,28,0,0,0
B_adaptive,2025-10-17,289,28,14,275,288,10800.0,0.65,503040.3184951678,10261.042178888885,503523.79360280564,1,1,28,28,0,0,1
B_adaptive,2025-10-17,289,28,14,275,288,10800.0,0.80,507262.77489707497,10800.0,507262.77489707497,2,0,28,28,0,0,0
B_adaptive,2025-10-17,289,28,14,275,288,10800.0,0.90,539953.5581166766,10800.0,539953.5581166766,4,0,28,28,0,0,0
B_adaptive,2025-10-18,290,28,14,276,289,10800.0,base,531085.5613274515,9978.708370740731,531822.3055462098,3,0,28,28,0,0,0
B_adaptive,2025-10-18,290,28,14,276,289,10800.0,0.50,551955.5997981707,8694.423903518515,553844.4185331644,5,0,28,28,0,0,0
B_adaptive,2025-10-18,290,28,14,276,289,10800.0,0.65,502673.0169072025,10203.151223888884,503208.4234176395,1,1,28,28,0,0,1
B_adaptive,2025-10-18,290,28,14,276,289,10800.0,0.80,506702.4780843933,10800.0,506702.4780843933,2,0,28,28,0,0,0
B_adaptive,2025-10-18,290,28,14,276,289,10800.0,0.90,539438.0577550932,10800.0,539438.0577550932,4,0,28,28,0,0,0
B_adaptive,2025-10-19,291,28,14,277,290,10800.0,base,528085.6765632511,9907.868877962954,528885.9677425585,3,0,28,28,0,0,0
B_adaptive,2025-10-19,291,28,14,277,290,10800.0,0.50,550807.4142880107,8436.62376444444,552927.4940699837,5,0,28,28,0,0,0
B_adaptive,2025-10-19,291,28,14,277,290,10800.0,0.65,500702.03201930044,10383.642780788745,501075.52757588954,1,1,28,28,0,0,1
B_adaptive,2025-10-19,291,28,14,277,290,10800.0,0.80,504470.62983076164,10800.0,504470.62983076164,2,0,28,28,0,0,0
B_adaptive,2025-10-19,291,28,14,277,290,10800.0,0.90,537126.3620929898,10800.0,537126.3620929898,4,0,28,28,0,0,0
B_adaptive,2025-10-20,292,28,14,278,291,10800.0,base,544065.3409905737,9894.853632962953,544877.3075677153,4,0,28,28,0,0,0
B_adaptive,2025-10-20,292,28,14,278,291,10800.0,0.50,569013.5199927217,8364.54994296296,571198.2539966649,5,0,28,28,0,0,0
B_adaptive,2025-10-20,292,28,14,278,291,10800.0,0.65,504380.1044343633,10387.990440788744,504749.69989839575,2,0,28,28,0,0,0
B_adaptive,2025-10-20,292,28,14,278,291,10800.0,0.80,503419.25903519365,10800.0,503419.25903519365,1,1,28,28,0,0,1
B_adaptive,2025-10-20,292,28,14,278,291,10800.0,0.90,535370.5617896058,10800.0,535370.5617896058,3,0,28,28,0,0,0
B_adaptive,2025-10-21,293,28,14,279,292,10800.0,base,549643.8345799092,9760.490112962952,550576.3326991308,4,0,28,28,0,0,0
B_adaptive,2025-10-21,293,28,14,279,292,10800.0,0.50,573018.0879052305,8079.201438333328,575458.7953705211,5,0,28,28,0,0,0
B_adaptive,2025-10-21,293,28,14,279,292,10800.0,0.65,508813.2928983819,10335.813120788744,509229.69431719434,2,0,28,28,0,0,0
B_adaptive,2025-10-21,293,28,14,279,292,10800.0,0.80,505479.97915696783,10800.0,505479.97915696783,1,1,28,28,0,0,1
B_adaptive,2025-10-21,293,28,14,279,292,10800.0,0.90,536924.8568577998,10800.0,536924.8568577998,3,0,28,28,0,0,0
B_adaptive,2025-10-22,294,28,14,280,293,10800.0,base,559647.9133396519,9732.926997962953,560605.1371043125,4,0,28,28,0,0,0
B_adaptive,2025-10-22,294,28,14,280,293,10800.0,0.50,585266.7474716867,7920.0790998148095,587850.1965147584,5,0,28,28,0,0,0
B_adaptive,2025-10-22,294,28,14,280,293,10800.0,0.65,510594.4603159824,10441.204304492447,510916.3199879469,2,0,28,28,0,0,0
B_adaptive,2025-10-22,294,28,14,280,293,10800.0,0.80,506753.62574950664,10800.0,506753.62574950664,1,1,28,28,0,0,1
B_adaptive,2025-10-22,294,28,14,280,293,10800.0,0.90,537572.1837749131,10800.0,537572.1837749131,3,0,28,28,0,0,0
B_adaptive,2025-10-23,295,28,14,281,294,10780.871564999998,base,572421.3798663882,9684.713555370367,573404.6944986931,4,0,28,28,0,0,0
B_adaptive,2025-10-23,295,28,14,281,294,10780.871564999998,0.50,597121.190313268,7874.275221666658,599728.5687108126,5,0,28,28,0,0,0
B_adaptive,2025-10-23,295,28,14,281,294,10780.871564999998,0.65,516912.2338324877,10470.702183751706,517190.47299909976,2,0,28,28,0,0,0
B_adaptive,2025-10-23,295,28,14,281,294,10780.871564999998,0.80,511754.830259938,10800.0,511737.6709910522,1,1,28,28,0,0,1
B_adaptive,2025-10-23,295,28,14,281,294,10780.871564999998,0.90,542002.9153971769,10800.0,541985.756128291,3,0,28,28,0,0,0
B_adaptive,2025-10-24,296,28,14,282,295,10728.032699999998,base,573619.9571813806,9594.007007592585,574637.2412288974,4,0,28,28,0,0,0
B_adaptive,2025-10-24,296,28,14,282,295,10728.032699999998,0.50,596938.1527804633,7746.600041851846,599612.66350997,5,0,28,28,0,0,0
B_adaptive,2025-10-24,296,28,14,282,295,10728.032699999998,0.65,519582.00271413114,10524.32197912208,519764.7425480209,2,0,28,28,0,0,0
B_adaptive,2025-10-24,296,28,14,282,295,10728.032699999998,0.80,518220.320376753,10800.0,518155.76171046967,1,1,28,28,0,0,1
B_adaptive,2025-10-24,296,28,14,282,295,10728.032699999998,0.90,548227.7332671034,10800.0,548163.17460082,3,0,28,28,0,0,0
B_adaptive,2025-10-25,297,28,14,283,296,10550.920934999996,base,575787.7505938547,9544.48320925925,576690.5811470512,4,0,28,28,0,0,0
B_adaptive,2025-10-25,297,28,14,283,296,10550.920934999996,0.50,599000.4189880773,7760.176506753535,601503.8717815715,5,0,28,28,0,0,0
B_adaptive,2025-10-25,297,28,14,283,296,10550.920934999996,0.65,521656.0713536659,10505.56030912208,521696.76235511317,2,0,28,28,0,0,0
B_adaptive,2025-10-25,297,28,14,283,296,10550.920934999996,0.80,519328.3508678673,10800.0,519104.91310883645,1,1,28,28,0,0,1
B_adaptive,2025-10-25,297,28,14,283,296,10550.920934999996,0.90,549090.533387472,10800.0,548867.0956284412,3,0,28,28,0,0,0
B_adaptive,2025-10-26,298,28,14,284,297,10656.715411481478,base,577242.9958528688,9510.056798333333,578271.6123321189,4,0,28,28,0,0,0
B_adaptive,2025-10-26,298,28,14,284,297,10656.715411481478,0.50,599772.6197092291,7865.121267037034,602276.8347453594,5,0,28,28,0,0,0
B_adaptive,2025-10-26,298,28,14,284,297,10656.715411481478,0.65,523248.26568112796,10430.93380912208,523450.8043218667,2,0,28,28,0,0,0
B_adaptive,2025-10-26,298,28,14,284,297,10656.715411481478,0.80,520174.4430611258,10800.0,520045.9088249698,1,1,28,28,0,0,1
B_adaptive,2025-10-26,298,28,14,284,297,10656.715411481478,0.90,549611.9135406236,10800.0,549483.3793044676,3,0,28,28,0,0,0
B_adaptive,2025-10-27,299,28,14,285,298,10542.543653888886,base,579028.0535979595,9694.183259814812,579789.0800025769,4,0,28,28,0,0,0
B_adaptive,2025-10-27,299,28,14,285,298,10542.543653888886,0.50,600309.8511576991,8002.5051566666625,602588.4068029573,5,0,28,28,0,0,0
B_adaptive,2025-10-27,299,28,14,285,298,10542.543653888886,0.65,525933.5567324775,10749.45440041838,525747.9462977991,2,0,28,28,0,0,0
B_adaptive,2025-10-27,299,28,14,285,298,10542.543653888886,0.80,523558.2769804534,10800.0,523327.3243348614,1,1,28,28,0,0,1
B_adaptive,2025-10-27,299,28,14,285,298,10542.543653888886,0.90,552704.3846324522,10800.0,552473.4319868601,3,0,28,28,0,0,0
B_adaptive,2025-10-28,300,28,14,286,299,10505.589308888886,base,588343.0206288638,9661.388071851849,589100.3160385548,4,0,28,28,0,0,0
B_adaptive,2025-10-28,300,28,14,286,299,10505.589308888886,0.50,608761.2803655047,7936.887054492453,611065.5489933791,5,0,28,28,0,0,0
B_adaptive,2025-10-28,300,28,14,286,299,10505.589308888886,0.65,533107.0339732554,10727.756143196159,532907.73798028,2,0,28,28,0,0,0
B_adaptive,2025-10-28,300,28,14,286,299,10505.589308888886,0.80,527743.1898117921,10800.0,527479.0870657159,1,1,28,28,0,0,1
B_adaptive,2025-10-28,300,28,14,286,299,10505.589308888886,0.90,556430.8331507631,10800.0,556166.7304046869,3,0,28,28,0,0,0
B_adaptive,2025-10-29,301,28,14,287,300,10321.950008888887,base,584126.2061420118,9610.69731611111,584764.239321472,4,0,28,28,0,0,0
B_adaptive,2025-10-29,301,28,14,287,300,10321.950008888887,0.50,602883.2869996215,7936.832415925924,605022.8699870423,5,0,28,28,0,0,0
B_adaptive,2025-10-29,301,28,14,287,300,10321.950008888887,0.65,529623.048331749,10691.748943196159,529291.3181432902,1,1,28,28,0,0,1
B_adaptive,2025-10-29,301,28,14,287,300,10321.950008888887,0.80,532128.708194159,10800.0,531699.8707937995,2,0,28,28,0,0,0
B_adaptive,2025-10-29,301,28,14,287,300,10321.950008888887,0.90,560607.5222360147,10800.0,560178.6848356553,3,0,28,28,0,0,0
B_adaptive,2025-10-30,302,28,14,288,301,10260.553658888886,base,596588.8049592718,9556.915278703698,597220.007677319,4,0,28,28,0,0,0
B_adaptive,2025-10-30,302,28,14,288,301,10260.553658888886,0.50,615062.4881845759,7899.8152266666675,617180.2017104144,5,0,28,28,0,0,0
B_adaptive,2025-10-30,302,28,14,288,301,10260.553658888886,0.65,539991.2097282292,10698.42500819616,539598.4148017145,2,0,28,28,0,0,0
B_adaptive,2025-10-30,302,28,14,288,301,10260.553658888886,0.80,535948.2118463769,10800.0,535464.298509159,1,1,28,28,0,0,1
B_adaptive,2025-10-30,302,28,14,288,301,10260.553658888886,0.90,564147.249205048,10800.0,563663.3358678301,3,0,28,28,0,0,0
B_adaptive,2025-10-31,303,28,14,289,302,10261.042178888885,base,589986.4145762582,9516.9504487037,590653.9061966637,4,0,28,28,0,0,0
B_adaptive,2025-10-31,303,28,14,289,302,10261.042178888885,0.50,608207.8831516379,7803.8214699451255,610412.146639822,5,0,28,28,0,0,0
B_adaptive,2025-10-31,303,28,14,289,302,10261.042178888885,0.65,539085.8150693771,10684.412008196161,538706.0288119423,1,1,28,28,0,0,1
B_adaptive,2025-10-31,303,28,14,289,302,10261.042178888885,0.80,540326.371360722,10800.0,539842.8962530842,2,0,28,28,0,0,0
B_adaptive,2025-10-31,303,28,14,289,302,10261.042178888885,0.90,568528.5144504977,10800.0,568045.0393428599,3,0,28,28,0,0,0
B_adaptive,2025-11-01,304,28,14,290,303,10203.151223888884,base,590655.9773878353,9473.177430603562,591310.8044345118,4,0,28,28,0,0,0
B_adaptive,2025-11-01,304,28,14,290,303,10203.151223888884,0.50,608165.6106436391,7856.610074862822,610270.5884177127,5,0,28,28,0,0,0
B_adaptive,2025-11-01,304,28,14,290,303,10203.151223888884,0.65,540124.5756193391,10800.0,539589.1691089021,1,1,28,28,0,0,1
B_adaptive,2025-11-01,304,28,14,290,303,10203.151223888884,0.80,541198.7620281873,10800.0,540663.3555177503,2,0,28,28,0,0,0
B_adaptive,2025-11-01,304,28,14,290,303,10203.151223888884,0.90,569107.6332295084,10800.0,568572.2267190714,3,0,28,28,0,0,0
B_adaptive,2025-11-02,305,28,14,291,304,10383.642780788745,base,592435.2504074464,10007.466959307263,592772.7010179721,4,0,28,28,0,0,0
B_adaptive,2025-11-02,305,28,14,291,304,10383.642780788745,0.50,608457.2942961621,8357.393852455416,610274.952154262,5,0,28,28,0,0,0
B_adaptive,2025-11-02,305,28,14,291,304,10383.642780788745,0.65,541682.9704544996,10800.0,541309.4748979105,1,1,28,28,0,0,1
B_adaptive,2025-11-02,305,28,14,291,304,10383.642780788745,0.80,542639.6537579254,10800.0,542266.1582013363,2,0,28,28,0,0,0
B_adaptive,2025-11-02,305,28,14,291,304,10383.642780788745,0.90,570437.6588907813,10800.0,570064.1633341922,3,0,28,28,0,0,0
B_adaptive,2025-11-03,306,28,14,292,305,10387.990440788744,base,587572.9367602634,9991.46030449245,587928.6463219732,4,0,28,28,0,0,0
B_adaptive,2025-11-03,306,28,14,292,305,10387.990440788744,0.50,602713.0978973054,8344.504641344301,604546.2181863959,5,0,28,28,0,0,0
B_adaptive,2025-11-03,306,28,14,292,305,10387.990440788744,0.65,543431.658868642,10800.0,543062.0634046094,1,1,28,28,0,0,1
B_adaptive,2025-11-03,306,28,14,292,305,10387.990440788744,0.80,547513.2014292716,10800.0,547143.6059652391,2,0,28,28,0,0,0
B_adaptive,2025-11-03,306,28,14,292,305,10387.990440788744,0.90,574153.1306120205,10800.0,573783.535147988,3,0,28,28,0,0,0
B_adaptive,2025-11-04,307,28,14,293,306,10704.707988196153,base,590159.5611014453,10324.569630973932,590500.5663266713,4,0,28,28,0,0,0
B_adaptive,2025-11-04,307,28,14,293,306,10704.707988196153,0.50,603142.9194679697,8757.003860048002,604890.1182767035,5,0,28,28,0,0,0
B_adaptive,2025-11-04,307,28,14,293,306,10704.707988196153,0.65,545551.8289380524,10800.0,545466.3467094637,1,1,28,28,0,0,1
B_adaptive,2025-11-04,307,28,14,293,306,10704.707988196153,0.80,551050.3295659361,10800.0,550964.8473373475,2,0,28,28,0,0,0
B_adaptive,2025-11-04,307,28,14,293,306,10704.707988196153,0.90,577126.3875064447,10800.0,577040.905277856,3,0,28,28,0,0,0
B_adaptive,2025-11-05,308,28,14,294,307,10800.0,base,585908.7399715385,10374.787827777782,586290.1789129203,4,0,28,28,0,0,0
B_adaptive,2025-11-05,308,28,14,294,307,10800.0,0.50,597739.8105687944,8917.298915185187,599428.698036378,5,0,28,28,0,0,0
B_adaptive,2025-11-05,308,28,14,294,307,10800.0,0.65,550198.4614927571,10800.0,550198.4614927571,1,1,28,28,0,0,1
B_adaptive,2025-11-05,308,28,14,294,307,10800.0,0.80,554011.2494509117,10800.0,554011.2494509117,2,0,28,28,0,0,0
B_adaptive,2025-11-05,308,28,14,294,307,10800.0,0.90,579629.1121785919,10800.0,579629.1121785919,3,0,28,28,0,0,0
B_adaptive,2025-11-06,309,28,14,295,308,10800.0,base,589806.3745009751,10383.23724925926,590180.2338418757,4,0,28,28,0,0,0
B_adaptive,2025-11-06,309,28,14,295,308,10800.0,0.50,599027.8346071865,9097.91187074074,600554.7022195837,5,0,28,28,0,0,0
B_adaptive,2025-11-06,309,28,14,295,308,10800.0,0.65,549740.2654114746,10800.0,549740.2654114746,1,1,28,28,0,0,1
B_adaptive,2025-11-06,309,28,14,295,308,10800.0,0.80,555817.0421181733,10800.0,555817.0421181733,2,0,28,28,0,0,0
B_adaptive,2025-11-06,309,28,14,295,308,10800.0,0.90,581023.2716530479,10800.0,581023.2716530479,3,0,28,28,0,0,0
B_adaptive,2025-11-07,310,28,14,296,309,10800.0,base,604094.0171074406,10325.513784814817,604519.657602807,4,0,28,28,0,0,0
B_adaptive,2025-11-07,310,28,14,296,309,10800.0,0.50,609981.5443479115,9187.44519611111,611428.0955933778,5,0,28,28,0,0,0
B_adaptive,2025-11-07,310,28,14,296,309,10800.0,0.65,557784.9744231048,10800.0,557784.9744231048,1,1,28,28,0,0,1
B_adaptive,2025-11-07,310,28,14,296,309,10800.0,0.80,559596.2584898773,10800.0,559596.2584898773,2,0,28,28,0,0,0
B_adaptive,2025-11-07,310,28,14,296,309,10800.0,0.90,582827.23501004,10800.0,582827.23501004,3,0,28,28,0,0,0
B_adaptive,2025-11-08,311,28,14,297,310,10800.0,base,603223.6139110574,10304.689737222217,603667.9347340058,4,0,28,28,0,0,0
B_adaptive,2025-11-08,311,28,14,297,310,10800.0,0.50,606995.2143261785,9253.00343999999,608382.9561847519,5,0,28,28,0,0,0
B_adaptive,2025-11-08,311,28,14,297,310,10800.0,0.65,556751.129450923,10800.0,556751.129450923,1,1,28,28,0,0,1
B_adaptive,2025-11-08,311,28,14,297,310,10800.0,0.80,560958.9239990223,10800.0,560958.9239990223,2,0,28,28,0,0,0
B_adaptive,2025-11-08,311,28,14,297,310,10800.0,0.90,584185.1489336588,10800.0,584185.1489336588,3,0,28,28,0,0,0
B_adaptive,2025-11-09,312,28,14,298,311,10800.0,base,603464.1940870248,10263.368142222218,603945.5826763324,4,0,28,28,0,0,0
B_adaptive,2025-11-09,312,28,14,298,311,10800.0,0.50,605870.6750391917,9354.197154629623,607167.6405138692,5,0,28,28,0,0,0
B_adaptive,2025-11-09,312,28,14,298,311,10800.0,0.65,555921.3777399418,10800.0,555921.3777399418,1,1,28,28,0,0,1
B_adaptive,2025-11-09,312,28,14,298,311,10800.0,0.80,561696.9197746887,10800.0,561696.9197746887,2,0,28,28,0,0,0
B_adaptive,2025-11-09,312,28,14,298,311,10800.0,0.90,584961.2645175988,10800.0,584961.2645175988,3,0,28,28,0,0,0
B_adaptive,2025-11-10,313,28,14,299,312,10800.0,base,619339.4221301861,10165.642572222217,619908.4759849821,4,0,28,28,0,0,0
B_adaptive,2025-11-10,313,28,14,299,312,10800.0,0.50,620339.0169037256,9367.023413925459,621624.4765112448,5,0,28,28,0,0,0
B_adaptive,2025-11-10,313,28,14,299,312,10800.0,0.65,559221.5801330209,10780.011465,559239.5109593901,1,1,28,28,0,0,1
B_adaptive,2025-11-10,313,28,14,299,312,10800.0,0.80,564661.0560035865,10800.0,564661.0560035865,2,0,28,28,0,0,0
B_adaptive,2025-11-10,313,28,14,299,312,10800.0,0.90,587792.8807073794,10800.0,587792.8807073794,3,0,28,28,0,0,0
B_adaptive,2025-11-11,314,28,14,300,313,10800.0,base,631821.4604896273,10163.74167,632392.2195593223,5,0,28,28,0,0,0
B_adaptive,2025-11-11,314,28,14,300,313,10800.0,0.50,629347.8254471321,9499.293843518517,630514.6311309491,4,0,28,28,0,0,0
B_adaptive,2025-11-11,314,28,14,300,313,10800.0,0.65,563162.8256600912,10798.00455,563164.6156895995,1,1,28,28,0,0,1
B_adaptive,2025-11-11,314,28,14,300,313,10800.0,0.80,569253.4354841465,10800.0,569253.4354841465,2,0,28,28,0,0,0
B_adaptive,2025-11-11,314,28,14,300,313,10800.0,0.90,592427.0034267524,10800.0,592427.0034267524,3,0,28,28,0,0,0
B_adaptive,2025-11-12,315,28,14,301,314,10800.0,base,624225.853639206,10119.474715,624836.3226268113,5,0,28,28,0,0,0
B_adaptive,2025-11-12,315,28,14,301,314,10800.0,0.50,620962.1217320081,9531.971785066295,622099.6134868156,4,0,28,28,0,0,0
B_adaptive,2025-11-12,315,28,14,301,314,10800.0,0.65,569069.4974267655,10800.0,569069.4974267655,1,1,28,28,0,0,1
B_adaptive,2025-11-12,315,28,14,301,314,10800.0,0.80,575961.7596064885,10800.0,575961.7596064885,2,0,28,28,0,0,0
B_adaptive,2025-11-12,315,28,14,301,314,10800.0,0.90,599101.591406722,10800.0,599101.591406722,3,0,28,28,0,0,0
B_adaptive,2025-11-13,316,28,14,302,315,10800.0,base,611019.0726557501,10053.993517037039,611688.2819157725,5,0,28,28,0,0,0
B_adaptive,2025-11-13,316,28,14,302,315,10800.0,0.50,605810.754200905,9550.412559259252,606931.703556774,4,0,28,28,0,0,0
B_adaptive,2025-11-13,316,28,14,302,315,10800.0,0.65,566944.9784565419,10800.0,566944.9784565419,1,1,28,28,0,0,1
B_adaptive,2025-11-13,316,28,14,302,315,10800.0,0.80,579883.7845289276,10800.0,579883.7845289276,2,0,28,28,0,0,0
B_adaptive,2025-11-13,316,28,14,302,315,10800.0,0.90,602903.8209573997,10800.0,602903.8209573997,3,0,28,28,0,0,0
B_adaptive,2025-11-14,317,28,14,303,316,10800.0,base,620070.8557860114,10132.249147037039,620669.8653983888,5,0,28,28,0,0,0
B_adaptive,2025-11-14,317,28,14,303,316,10800.0,0.50,612244.0427246301,9734.99113259259,613199.4148458538,4,0,28,28,0,0,0
B_adaptive,2025-11-14,317,28,14,303,316,10800.0,0.65,570091.3395598965,10800.0,570091.3395598965,1,1,28,28,0,0,1
B_adaptive,2025-11-14,317,28,14,303,316,10800.0,0.80,582045.826589397,10800.0,582045.826589397,2,0,28,28,0,0,0
B_adaptive,2025-11-14,317,28,14,303,316,10800.0,0.90,604765.6146397699,10800.0,604765.6146397699,3,0,28,28,0,0,0
B_adaptive,2025-11-15,318,28,14,304,317,10800.0,base,621591.1533298171,10100.149282037039,622218.9583044254,5,0,28,28,0,0,0
B_adaptive,2025-11-15,318,28,14,304,317,10800.0,0.50,613374.1446847306,9735.331897962953,614329.2111204857,4,0,28,28,0,0,0
B_adaptive,2025-11-15,318,28,14,304,317,10800.0,0.65,570767.9112284131,10800.0,570767.9112284131,1,1,28,28,0,0,1
B_adaptive,2025-11-15,318,28,14,304,317,10800.0,0.80,582760.1376214854,10800.0,582760.1376214854,2,0,28,28,0,0,0
B_adaptive,2025-11-15,318,28,14,304,317,10800.0,0.90,605628.093173342,10800.0,605628.093173342,3,0,28,28,0,0,0
B_adaptive,2025-11-16,319,28,14,305,318,10800.0,base,624023.993255574,10054.201192037039,624693.0162195839,5,0,28,28,0,0,0
B_adaptive,2025-11-16,319,28,14,305,318,10800.0,0.50,616157.7570429009,9665.704522962951,617175.2831022185,4,0,28,28,0,0,0
B_adaptive,2025-11-16,319,28,14,305,318,10800.0,0.65,571660.8643522831,10800.0,571660.8643522831,1,1,28,28,0,0,1
B_adaptive,2025-11-16,319,28,14,305,318,10800.0,0.80,583408.4808743912,10800.0,583408.4808743912,2,0,28,28,0,0,0
B_adaptive,2025-11-16,319,28,14,305,318,10800.0,0.90,606627.0687109148,10800.0,606627.0687109148,3,0,28,28,0,0,0
B_adaptive,2025-11-17,320,28,14,306,319,10800.0,base,629374.9133511963,10014.17697276406,630079.8402634618,5,0,28,28,0,0,0
B_adaptive,2025-11-17,320,28,14,306,319,10800.0,0.50,619718.1238025909,9633.477869444434,620764.5589604842,4,0,28,28,0,0,0
B_adaptive,2025-11-17,320,28,14,306,319,10800.0,0.65,574563.6353499133,10800.0,574563.6353499133,1,1,28,28,0,0,1
B_adaptive,2025-11-17,320,28,14,306,319,10800.0,0.80,587153.7884902217,10800.0,587153.7884902217,2,0,28,28,0,0,0
B_adaptive,2025-11-17,320,28,14,306,319,10800.0,0.90,610931.4029798155,10800.0,610931.4029798155,3,0,28,28,0,0,0
B_adaptive,2025-11-18,321,28,14,307,320,10800.0,base,628747.2748057242,10142.643332222218,629336.9602565357,5,0,28,28,0,0,0
B_adaptive,2025-11-18,321,28,14,307,320,10800.0,0.50,621370.4033220216,9778.442475370366,622286.7971748102,4,0,28,28,0,0,0
B_adaptive,2025-11-18,321,28,14,307,320,10800.0,0.65,578775.7744010551,10800.0,578775.7744010551,1,1,28,28,0,0,1
B_adaptive,2025-11-18,321,28,14,307,320,10800.0,0.80,591497.274894615,10800.0,591497.274894615,2,0,28,28,0,0,0
B_adaptive,2025-11-18,321,28,14,307,320,10800.0,0.90,615227.5949872143,10800.0,615227.5949872143,3,0,28,28,0,0,0
B_adaptive,2025-11-19,322,28,14,308,321,10800.0,base,637928.8487099868,10127.25393222222,638532.339307565,5,0,28,28,0,0,0
B_adaptive,2025-11-19,322,28,14,308,321,10800.0,0.50,629657.4002069692,9776.969365925921,630575.1155207689,4,0,28,28,0,0,0
B_adaptive,2025-11-19,322,28,14,308,321,10800.0,0.65,582271.6823245699,10800.0,582271.6823245699,1,1,28,28,0,0,1
B_adaptive,2025-11-19,322,28,14,308,321,10800.0,0.80,594865.2430044032,10800.0,594865.2430044032,2,0,28,28,0,0,0
B_adaptive,2025-11-19,322,28,14,308,321,10800.0,0.90,618620.6444960115,10800.0,618620.6444960115,3,0,28,28,0,0,0
B_adaptive,2025-11-20,323,28,14,309,322,10800.0,base,640942.1454359803,10057.269741703245,641608.4157404646,5,0,28,28,0,0,0
B_adaptive,2025-11-20,323,28,14,309,322,10800.0,0.50,632162.3464386902,9663.621995555546,633181.7406407882,4,0,28,28,0,0,0
B_adaptive,2025-11-20,323,28,14,309,322,10800.0,0.65,588034.0649798554,10800.0,588034.0649798554,1,1,28,28,0,0,1
B_adaptive,2025-11-20,323,28,14,309,322,10800.0,0.80,599276.7033038985,10800.0,599276.7033038985,2,0,28,28,0,0,0
B_adaptive,2025-11-20,323,28,14,309,322,10800.0,0.90,622954.912921401,10800.0,622954.912921401,3,0,28,28,0,0,0
B_adaptive,2025-11-21,324,28,14,310,323,10800.0,base,637746.6800864798,10077.443007037036,638394.8538512227,5,0,28,28,0,0,0
B_adaptive,2025-11-21,324,28,14,310,323,10800.0,0.50,630195.2912877479,9647.425910555545,631229.2142778734,4,0,28,28,0,0,0
B_adaptive,2025-11-21,324,28,14,310,323,10800.0,0.65,586853.3273008419,10800.0,586853.3273008419,1,1,28,28,0,0,1
B_adaptive,2025-11-21,324,28,14,310,323,10800.0,0.80,602364.4344481243,10800.0,602364.4344481243,2,0,28,28,0,0,0
B_adaptive,2025-11-21,324,28,14,310,323,10800.0,0.90,627653.668676115,10800.0,627653.668676115,3,0,28,28,0,0,0
B_adaptive,2025-11-22,325,28,14,311,324,10800.0,base,638732.1548356122,10051.513198333332,639403.5890793073,5,0,28,28,0,0,0
B_adaptive,2025-11-22,325,28,14,311,324,10800.0,0.50,631158.2976538745,9584.454422777773,632248.7095669527,4,0,28,28,0,0,0
B_adaptive,2025-11-22,325,28,14,311,324,10800.0,0.65,588347.0195047436,10800.0,588347.0195047436,1,1,28,28,0,0,1
B_adaptive,2025-11-22,325,28,14,311,324,10800.0,0.80,603325.2901306764,10800.0,603325.2901306764,2,0,28,28,0,0,0
B_adaptive,2025-11-22,325,28,14,311,324,10800.0,0.90,629112.5256053841,10800.0,629112.5256053841,3,0,28,28,0,0,0
B_adaptive,2025-11-23,326,28,14,312,325,10800.0,base,641473.6058185985,9963.970304814811,642223.5709012739,5,0,28,28,0,0,0
B_adaptive,2025-11-23,326,28,14,312,325,10800.0,0.50,633831.6982041751,9471.531977377674,635023.4078242463,4,0,28,28,0,0,0
B_adaptive,2025-11-23,326,28,14,312,325,10800.0,0.65,589476.941450621,10800.0,589476.941450621,1,1,28,28,0,0,1
B_adaptive,2025-11-23,326,28,14,312,325,10800.0,0.80,604832.7920680039,10800.0,604832.7920680039,2,0,28,28,0,0,0
B_adaptive,2025-11-23,326,28,14,312,325,10800.0,0.90,631098.0104402703,10800.0,631098.0104402703,3,0,28,28,0,0,0
B_adaptive,2025-11-24,327,28,14,313,326,10780.011465,base,635092.0530238026,10062.194637037039,635735.9745971981,4,0,28,28,0,0,0
B_adaptive,2025-11-24,327,28,14,313,326,10780.011465,0.50,628017.5073333881,9585.222858148134,629089.299090879,3,0,28,28,0,0,0
B_adaptive,2025-11-24,327,28,14,313,326,10780.011465,0.65,593955.0646202313,10800.0,593937.1337938621,1,1,28,28,0,0,1
B_adaptive,2025-11-24,327,28,14,313,326,10780.011465,0.80,609666.3387387424,10800.0,609648.4079123732,2,0,28,28,0,0,0
B_adaptive,2025-11-24,327,28,14,313,326,10780.011465,0.90,635781.9908849616,10800.0,635764.0600585924,5,0,28,28,0,0,0
B_adaptive,2025-11-25,328,28,14,314,327,10798.00455,base,629680.3379656611,9907.515027037038,630479.1565393991,4,0,28,28,0,0,0
B_adaptive,2025-11-25,328,28,14,314,327,10798.00455,0.50,624824.361843009,9411.984769259248,626067.6985874324,3,0,28,28,0,0,0
B_adaptive,2025-11-25,328,28,14,314,327,10798.00455,0.65,597211.756135435,10716.373169999997,597284.9840183717,1,1,28,28,0,0,1
B_adaptive,2025-11-25,328,28,14,314,327,10798.00455,0.80,612306.3834585085,10800.0,612304.5934290002,2,0,28,28,0,0,0
B_adaptive,2025-11-25,328,28,14,314,327,10798.00455,0.90,638279.3479854044,10800.0,638277.5579558961,5,0,28,28,0,0,0
B_adaptive,2025-11-26,329,28,14,315,328,10800.0,base,642103.6764180224,9803.908116296288,642997.2261761426,5,0,28,28,0,0,0
B_adaptive,2025-11-26,329,28,14,315,328,10800.0,0.50,636979.1921859283,9376.061383888882,638256.5442322809,3,0,28,28,0,0,0
B_adaptive,2025-11-26,329,28,14,315,328,10800.0,0.65,598141.176359304,10769.863429074076,598168.2105376784,1,1,28,28,0,0,1
B_adaptive,2025-11-26,329,28,14,315,328,10800.0,0.80,613052.6137233304,10800.0,613052.6137233304,2,0,28,28,0,0,0
B_adaptive,2025-11-26,329,28,14,315,328,10800.0,0.90,638935.6781100522,10800.0,638935.6781100522,4,0,28,28,0,0,0
B_adaptive,2025-11-27,330,28,14,316,329,10800.0,base,648894.0328433738,9864.84604351851,649732.9178953354,5,0,28,28,0,0,0
B_adaptive,2025-11-27,330,28,14,316,329,10800.0,0.50,643690.4198809206,9450.859201481471,644900.6741294583,4,0,28,28,0,0,0
B_adaptive,2025-11-27,330,28,14,316,329,10800.0,0.65,601473.78165007,10800.0,601473.78165007,1,1,28,28,0,0,1
B_adaptive,2025-11-27,330,28,14,316,329,10800.0,0.80,617155.8261406936,10800.0,617155.8261406936,2,0,28,28,0,0,0
B_adaptive,2025-11-27,330,28,14,316,329,10800.0,0.90,642679.7713729778,10800.0,642679.7713729778,3,0,28,28,0,0,0
B_adaptive,2025-11-28,331,28,14,317,330,10800.0,base,647892.2380014999,9920.541869074064,648681.1608037255,5,0,28,28,0,0,0
B_adaptive,2025-11-28,331,28,14,317,330,10800.0,0.50,644206.1220676702,9468.401271851842,645400.6401045262,3,0,28,28,0,0,0
B_adaptive,2025-11-28,331,28,14,317,330,10800.0,0.65,603946.9705980443,10800.0,603946.9705980443,1,1,28,28,0,0,1
B_adaptive,2025-11-28,331,28,14,317,330,10800.0,0.80,620965.2161331814,10800.0,620965.2161331814,2,0,28,28,0,0,0
B_adaptive,2025-11-28,331,28,14,317,330,10800.0,0.90,646433.7696967025,10800.0,646433.7696967025,4,0,28,28,0,0,0
B_adaptive,2025-11-29,332,28,14,318,331,10800.0,base,650376.7045043642,9942.80293407407,651145.657894559,5,0,28,28,0,0,0
B_adaptive,2025-11-29,332,28,14,318,331,10800.0,0.50,646772.7995390664,9494.057721851843,647944.3023149141,3,0,28,28,0,0,0
B_adaptive,2025-11-29,332,28,14,318,331,10800.0,0.65,605637.5532768873,10800.0,605637.5532768873,1,1,28,28,0,0,1
B_adaptive,2025-11-29,332,28,14,318,331,10800.0,0.80,622278.0999265765,10800.0,622278.0999265765,2,0,28,28,0,0,0
B_adaptive,2025-11-29,332,28,14,318,331,10800.0,0.90,648062.6394551127,10800.0,648062.6394551127,4,0,28,28,0,0,0
B_adaptive,2025-11-30,333,28,14,319,332,10800.0,base,660341.8231321544,9782.407461111115,661254.6601724565,5,0,28,28,0,0,0
B_adaptive,2025-11-30,333,28,14,319,332,10800.0,0.50,656003.488606438,9321.19240592592,657330.0611742999,4,0,28,28,0,0,0
B_adaptive,2025-11-30,333,28,14,319,332,10800.0,0.65,613187.7821727579,10740.414471481481,613241.2337021461,1,1,28,28,0,0,1
B_adaptive,2025-11-30,333,28,14,319,332,10800.0,0.80,623697.2089559918,10800.0,623697.2089559918,2,0,28,28,0,0,0
B_adaptive,2025-11-30,333,28,14,319,332,10800.0,0.90,649609.7404673741,10800.0,649609.7404673741,3,0,28,28,0,0,0
B_adaptive,2025-12-01,334,28,14,320,333,10800.0,base,658725.7061357057,9713.46592833333,659700.3875609947,5,0,28,28,0,0,0
B_adaptive,2025-12-01,334,28,14,320,333,10800.0,0.50,654944.6342294022,9304.429606111104,656286.2439599646,4,0,28,28,0,0,0
B_adaptive,2025-12-01,334,28,14,320,333,10800.0,0.65,617959.4972705394,10800.0,617959.4972705394,1,1,28,28,0,0,1
B_adaptive,2025-12-01,334,28,14,320,333,10800.0,0.80,628416.4247901388,10800.0,628416.4247901388,2,0,28,28,0,0,0
B_adaptive,2025-12-01,334,28,14,320,333,10800.0,0.90,654306.8504421203,10800.0,654306.8504421203,3,0,28,28,0,0,0
B_adaptive,2025-12-02,335,28,14,321,334,10800.0,base,696934.6115537804,9559.413454259256,698047.4866067846,5,0,28,28,0,0,0
B_adaptive,2025-12-02,335,28,14,321,334,10800.0,0.50,692758.0986277843,9105.763762222214,694277.9226573064,4,0,28,28,0,0,0
B_adaptive,2025-12-02,335,28,14,321,334,10800.0,0.65,644646.730130834,10782.72487796296,644662.2268750303,1,1,28,28,0,0,1
B_adaptive,2025-12-02,335,28,14,321,334,10800.0,0.80,646762.810504646,10800.0,646762.810504646,2,0,28,28,0,0,0
B_adaptive,2025-12-02,335,28,14,321,334,10800.0,0.90,668214.0595941424,10800.0,668214.0595941424,3,0,28,28,0,0,0
B_adaptive,2025-12-03,336,28,14,322,335,10800.0,base,742672.0919397614,9527.448299444444,743813.6415124765,5,0,28,28,0,0,0
B_adaptive,2025-12-03,336,28,14,322,335,10800.0,0.50,738159.5255521591,9101.332088888881,739683.3250388652,4,0,28,28,0,0,0
B_adaptive,2025-12-03,336,28,14,322,335,10800.0,0.65,682462.8936392461,10791.88900796296,682470.169649714,2,0,28,28,0,0,0
B_adaptive,2025-12-03,336,28,14,322,335,10800.0,0.80,672548.9550692199,10800.0,672548.9550692199,1,1,28,28,0,0,1
B_adaptive,2025-12-03,336,28,14,322,335,10800.0,0.90,685738.9902814707,10800.0,685738.9902814707,3,0,28,28,0,0,0
B_adaptive,2025-12-04,337,28,14,323,336,10800.0,base,771396.4041838906,9407.497379999999,772645.5563952873,5,0,28,28,0,0,0
B_adaptive,2025-12-04,337,28,14,323,336,10800.0,0.50,765747.411364892,9033.167415185175,767332.3583508368,4,0,28,28,0,0,0
B_adaptive,2025-12-04,337,28,14,323,336,10800.0,0.65,702454.2151015216,10661.081027962959,702578.8331371595,3,0,28,28,0,0,0
B_adaptive,2025-12-04,337,28,14,323,336,10800.0,0.80,683046.0707061291,10800.0,683046.0707061291,1,1,28,28,0,0,1
B_adaptive,2025-12-04,337,28,14,323,336,10800.0,0.90,691708.9360465156,10800.0,691708.9360465156,2,0,28,28,0,0,0
B_adaptive,2025-12-05,338,28,14,324,337,10800.0,base,806532.1546860189,9245.565127962958,807926.569123729,5,0,28,28,0,0,0
B_adaptive,2025-12-05,338,28,14,324,337,10800.0,0.50,797779.9653349797,8923.505842962955,799463.2848435174,4,0,28,28,0,0,0
B_adaptive,2025-12-05,338,28,14,324,337,10800.0,0.65,729326.5961925978,10618.616762962958,729489.3070330665,3,0,28,28,0,0,0
B_adaptive,2025-12-05,338,28,14,324,337,10800.0,0.80,702989.4620580642,10800.0,702989.4620580642,1,1,28,28,0,0,1
B_adaptive,2025-12-05,338,28,14,324,337,10800.0,0.90,703872.1897190246,10800.0,703872.1897190246,2,0,28,28,0,0,0
B_adaptive,2025-12-06,339,28,14,325,338,10800.0,base,842437.0545306001,8986.600039259261,844063.7750398268,5,0,28,28,0,0,0
B_adaptive,2025-12-06,339,28,14,325,338,10800.0,0.50,831496.3280173562,8710.158717222217,833371.0317503014,4,0,28,28,0,0,0
B_adaptive,2025-12-06,339,28,14,325,338,10800.0,0.65,751604.8883805475,10386.988715370366,751975.3824479317,3,0,28,28,0,0,0
B_adaptive,2025-12-06,339,28,14,325,338,10800.0,0.80,712412.4096647426,10691.576717962964,712509.6713722455,2,0,28,28,0,0,0
B_adaptive,2025-12-06,339,28,14,325,338,10800.0,0.90,707810.2355488217,10800.0,707810.2355488217,1,1,28,28,0,0,1
B_adaptive,2025-12-07,340,28,14,326,339,10800.0,base,888361.0402987055,8954.63707255144,890016.4333647895,5,0,28,28,0,0,0
B_adaptive,2025-12-07,340,28,14,326,339,10800.0,0.50,874302.9940859259,8715.813446666662,876172.6252124077,4,0,28,28,0,0,0
B_adaptive,2025-12-07,340,28,14,326,339,10800.0,0.65,782630.9043372326,10401.984859259253,782987.9460304293,3,0,28,28,0,0,0
B_adaptive,2025-12-07,340,28,14,326,339,10800.0,0.80,726920.122710952,10769.557352962964,726947.4314566023,2,0,28,28,0,0,0
B_adaptive,2025-12-07,340,28,14,326,339,10800.0,0.90,711900.8911815754,10800.0,711900.8911815754,1,1,28,28,0,0,1
B_adaptive,2025-12-08,341,28,14,327,340,10800.0,base,921324.5329258572,8824.372144958847,923096.7808689323,5,0,28,28,0,0,0
B_adaptive,2025-12-08,341,28,14,327,340,10800.0,0.50,902571.4036934262,8611.535950555552,904534.577527114,4,0,28,28,0,0,0
B_adaptive,2025-12-08,341,28,14,327,340,10800.0,0.65,799578.3968680201,10464.424924259252,799879.4263540193,3,0,28,28,0,0,0
B_adaptive,2025-12-08,341,28,14,327,340,10800.0,0.80,733254.3562391477,10800.0,733254.3562391477,2,0,28,28,0,0,0
B_adaptive,2025-12-08,341,28,14,327,340,10800.0,0.90,718826.7843879127,10800.0,718826.7843879127,1,1,28,28,0,0,1
B_adaptive,2025-12-09,342,28,14,328,341,10716.373169999997,base,928781.6473206475,9002.110920925918,930319.4357948586,5,0,28,28,0,0,0
B_adaptive,2025-12-09,342,28,14,328,341,10716.373169999997,0.50,905149.8204019434,8804.377819947407,906864.9864529044,4,0,28,28,0,0,0
B_adaptive,2025-12-09,342,28,14,328,341,10716.373169999997,0.65,807343.4659462564,10646.868090740734,807405.8158637453,3,0,28,28,0,0,0
B_adaptive,2025-12-09,342,28,14,328,341,10716.373169999997,0.80,744425.235084164,10800.0,744350.217171719,2,0,28,28,0,0,0
B_adaptive,2025-12-09,342,28,14,328,341,10716.373169999997,0.90,730670.3994726086,10800.0,730595.3815601636,1,1,28,28,0,0,1
B_adaptive,2025-12-10,343,28,14,329,342,10769.863429074076,base,931155.3686174742,9185.951544814805,932576.2255727595,5,0,28,28,0,0,0
B_adaptive,2025-12-10,343,28,14,329,342,10769.863429074076,0.50,908833.1763287946,9054.94042948559,910371.5575329254,4,0,28,28,0,0,0
B_adaptive,2025-12-10,343,28,14,329,342,10769.863429074076,0.65,819099.1581132902,10800.0,819072.1239349158,3,0,28,28,0,0,0
B_adaptive,2025-12-10,343,28,14,329,342,10769.863429074076,0.80,756928.846620796,10800.0,756901.8124424216,2,0,28,28,0,0,0
B_adaptive,2025-12-10,343,28,14,329,342,10769.863429074076,0.90,743830.5094340881,10800.0,743803.4752557137,1,1,28,28,0,0,1
B_adaptive,2025-12-11,344,28,14,330,343,10800.0,base,940352.7270411116,9101.402595925918,941876.4632790885,5,0,28,28,0,0,0
B_adaptive,2025-12-11,344,28,14,330,343,10800.0,0.50,914662.0365658903,8951.50557522633,916320.238759047,4,0,28,28,0,0,0
B_adaptive,2025-12-11,344,28,14,330,343,10800.0,0.65,827742.4565732216,10800.0,827742.4565732216,3,0,28,28,0,0,0
B_adaptive,2025-12-11,344,28,14,330,343,10800.0,0.80,766098.2987647164,10800.0,766098.2987647164,2,0,28,28,0,0,0
B_adaptive,2025-12-11,344,28,14,330,343,10800.0,0.90,753922.3257171083,10800.0,753922.3257171083,1,1,28,28,0,0,1
B_adaptive,2025-12-12,345,28,14,331,344,10800.0,base,945650.4465213096,9074.280154629625,947198.5130959315,5,0,28,28,0,0,0
B_adaptive,2025-12-12,345,28,14,331,344,10800.0,0.50,920109.3728966322,8927.505063189295,921789.1048824479,4,0,28,28,0,0,0
B_adaptive,2025-12-12,345,28,14,331,344,10800.0,0.65,837830.1306822199,10800.0,837830.1306822199,3,0,28,28,0,0,0
B_adaptive,2025-12-12,345,28,14,331,344,10800.0,0.80,776920.514255228,10800.0,776920.514255228,2,0,28,28,0,0,0
B_adaptive,2025-12-12,345,28,14,331,344,10800.0,0.90,765332.8260222331,10800.0,765332.8260222331,1,1,28,28,0,0,1
B_adaptive,2025-12-13,346,28,14,332,345,10800.0,base,962921.03448643,9071.983681296297,964471.1611252138,5,0,28,28,0,0,0
B_adaptive,2025-12-13,346,28,14,332,345,10800.0,0.50,932149.0851432361,8941.099807592593,933816.6218880585,4,0,28,28,0,0,0
B_adaptive,2025-12-13,346,28,14,332,345,10800.0,0.65,842835.9305211103,10800.0,842835.9305211103,3,0,28,28,0,0,0
B_adaptive,2025-12-13,346,28,14,332,345,10800.0,0.80,783830.7459470931,10800.0,783830.7459470931,2,0,28,28,0,0,0
B_adaptive,2025-12-13,346,28,14,332,345,10800.0,0.90,773086.807404656,10800.0,773086.807404656,1,1,28,28,0,0,1
B_adaptive,2025-12-14,347,28,14,333,346,10740.414471481481,base,958792.9153208298,9195.417457962962,960178.8634751234,5,0,28,28,0,0,0
B_adaptive,2025-12-14,347,28,14,333,346,10740.414471481481,0.50,926130.6219574227,9119.914439999997,927584.3005134411,4,0,28,28,0,0,0
B_adaptive,2025-12-14,347,28,14,333,346,10740.414471481481,0.65,843553.813032786,10800.0,843500.3615033978,3,0,28,28,0,0,0
B_adaptive,2025-12-14,347,28,14,333,346,10740.414471481481,0.80,792493.14138384,10800.0,792439.6898544518,2,0,28,28,0,0,0
B_adaptive,2025-12-14,347,28,14,333,346,10740.414471481481,0.90,782631.4051478361,10800.0,782577.9536184479,1,1,28,28,0,0,1
B_adaptive,2025-12-15,348,28,14,334,347,10800.0,base,963744.507562722,9309.08403166667,965081.9420149819,5,0,28,28,0,0,0
B_adaptive,2025-12-15,348,28,14,334,347,10800.0,0.50,933154.3991129587,9290.803015740737,934508.2326521161,4,0,28,28,0,0,0
B_adaptive,2025-12-15,348,28,14,334,347,10800.0,0.65,851807.1375835342,10800.0,851807.1375835342,3,0,28,28,0,0,0
B_adaptive,2025-12-15,348,28,14,334,347,10800.0,0.80,801553.5234410149,10800.0,801553.5234410149,2,0,28,28,0,0,0
B_adaptive,2025-12-15,348,28,14,334,347,10800.0,0.90,792370.1895951024,10800.0,792370.1895951024,1,1,28,28,0,0,1
B_adaptive,2025-12-16,349,28,14,335,348,10782.72487796296,base,940979.4264101629,9336.385258518518,942276.8734010056,5,0,28,28,0,0,0
B_adaptive,2025-12-16,349,28,14,335,348,10782.72487796296,0.50,907602.785990882,9367.891957407406,908871.9697224492,4,0,28,28,0,0,0
B_adaptive,2025-12-16,349,28,14,335,348,10782.72487796296,0.65,836098.9028982475,10800.0,836083.4061540512,3,0,28,28,0,0,0
B_adaptive,2025-12-16,349,28,14,335,348,10782.72487796296,0.80,794879.9003437955,10800.0,794864.4035995993,2,0,28,28,0,0,0
B_adaptive,2025-12-16,349,28,14,335,348,10782.72487796296,0.90,790797.5091322341,10800.0,790782.0123880379,1,1,28,28,0,0,1
B_adaptive,2025-12-17,350,28,14,336,349,10791.88900796296,base,896513.9586125915,9354.942781851854,897802.979207759,5,0,28,28,0,0,0
B_adaptive,2025-12-17,350,28,14,336,349,10791.88900796296,0.50,865398.6748297594,9371.650352592587,866672.7078057742,4,0,28,28,0,0,0
B_adaptive,2025-12-17,350,28,14,336,349,10791.88900796296,0.65,809623.3773261753,10800.0,809616.1013157074,3,0,28,28,0,0,0
B_adaptive,2025-12-17,350,28,14,336,349,10791.88900796296,0.80,782890.2899426158,10800.0,782883.0139321479,1,1,28,28,0,0,1
B_adaptive,2025-12-17,350,28,14,336,349,10791.88900796296,0.90,787695.2299831281,10800.0,787687.9539726602,2,0,28,28,0,0,0
B_adaptive,2025-12-18,351,28,14,337,350,10800.0,base,869745.6838237338,9604.466850740744,870818.1434771277,5,0,28,28,0,0,0
B_adaptive,2025-12-18,351,28,14,337,350,10800.0,0.50,841968.7022160542,9655.893841851852,842995.0290013663,4,0,28,28,0,0,0
B_adaptive,2025-12-18,351,28,14,337,350,10800.0,0.65,799944.0678983573,10800.0,799944.0678983573,3,0,28,28,0,0,0
B_adaptive,2025-12-18,351,28,14,337,350,10800.0,0.80,784702.3758404437,10800.0,784702.3758404437,1,1,28,28,0,0,1
B_adaptive,2025-12-18,351,28,14,337,350,10800.0,0.90,794685.3265859396,10800.0,794685.3265859396,2,0,28,28,0,0,0
B_adaptive,2025-12-19,352,28,14,338,351,10800.0,base,845012.5097092404,9781.440527777786,845926.2141424611,5,0,28,28,0,0,0
B_adaptive,2025-12-19,352,28,14,338,351,10800.0,0.50,817982.0738032572,9794.989491527205,818883.6240632745,4,0,28,28,0,0,0
B_adaptive,2025-12-19,352,28,14,338,351,10800.0,0.65,783271.5913384536,10800.0,783271.5913384536,2,0,28,28,0,0,0
B_adaptive,2025-12-19,352,28,14,338,351,10800.0,0.80,775165.9545211612,10800.0,775165.9545211612,1,1,28,28,0,0,1
B_adaptive,2025-12-19,352,28,14,338,351,10800.0,0.90,793622.39407713,10800.0,793622.39407713,3,0,28,28,0,0,0
B_adaptive,2025-12-20,353,28,14,339,352,10691.576717962964,base,818183.6873139335,9839.547931111114,818948.0044706722,5,0,28,28,0,0,0
B_adaptive,2025-12-20,353,28,14,339,352,10691.576717962964,0.50,789498.6367538603,9866.66023018519,790238.6326720907,3,0,28,28,0,0,0
B_adaptive,2025-12-20,353,28,14,339,352,10691.576717962964,0.65,766781.4439206485,10800.0,766684.1822131457,1,1,28,28,0,0,1
B_adaptive,2025-12-20,353,28,14,339,352,10691.576717962964,0.80,773863.9925912545,10800.0,773766.7308837516,2,0,28,28,0,0,0
B_adaptive,2025-12-20,353,28,14,339,352,10691.576717962964,0.90,798889.7347584094,10800.0,798792.4730509066,4,0,28,28,0,0,0
B_adaptive,2025-12-21,354,28,14,340,353,10800.0,base,775967.6445285443,9858.06628037037,776812.6114047031,4,0,28,28,0,0,0
B_adaptive,2025-12-21,354,28,14,340,353,10800.0,0.50,749666.6243998075,9851.987189629626,750517.0445580881,2,0,28,28,0,0,0
B_adaptive,2025-12-21,354,28,14,340,353,10800.0,0.65,743256.1698771123,10800.0,743256.1698771123,1,1,28,28,0,0,1
B_adaptive,2025-12-21,354,28,14,340,353,10800.0,0.80,768005.3550183333,10800.0,768005.3550183333,3,0,28,28,0,0,0
B_adaptive,2025-12-21,354,28,14,340,353,10800.0,0.90,804438.3365780028,10800.0,804438.3365780028,5,0,28,28,0,0,0
B_adaptive,2025-12-22,355,28,14,341,354,10800.0,base,754633.5883667166,9989.94825407408,755360.249785687,3,0,28,28,0,0,0
B_adaptive,2025-12-22,355,28,14,341,354,10800.0,0.50,730125.9282801404,9998.445909074071,730844.9668304838,1,1,28,28,0,0,1
B_adaptive,2025-12-22,355,28,14,341,354,10800.0,0.65,736655.1856421897,10800.0,736655.1856421897,2,0,28,28,0,0,0
B_adaptive,2025-12-22,355,28,14,341,354,10800.0,0.80,772697.1724797455,10800.0,772697.1724797455,4,0,28,28,0,0,0
B_adaptive,2025-12-22,355,28,14,341,354,10800.0,0.90,809303.2428853391,10800.0,809303.2428853391,5,0,28,28,0,0,0
B_adaptive,2025-12-23,356,28,14,342,355,10800.0,base,756122.854166855,9903.849979074079,756926.7505217378,3,0,28,28,0,0,0
B_adaptive,2025-12-23,356,28,14,342,355,10800.0,0.50,732493.6143181096,9926.804184074072,733276.9194758738,1,1,28,28,0,0,1
B_adaptive,2025-12-23,356,28,14,342,355,10800.0,0.65,737844.3490006903,10800.0,737844.3490006903,2,0,28,28,0,0,0
B_adaptive,2025-12-23,356,28,14,342,355,10800.0,0.80,773366.3660377145,10800.0,773366.3660377145,4,0,28,28,0,0,0
B_adaptive,2025-12-23,356,28,14,342,355,10800.0,0.90,809994.7199760824,10800.0,809994.7199760824,5,0,28,28,0,0,0
B_adaptive,2025-12-24,357,28,14,343,356,10800.0,base,753925.3184049993,9882.835253518522,754748.0661361902,3,0,28,28,0,0,0
B_adaptive,2025-12-24,357,28,14,343,356,10800.0,0.50,730652.1896354757,9870.161367407403,731486.3065466131,1,1,28,28,0,0,1
B_adaptive,2025-12-24,357,28,14,343,356,10800.0,0.65,737479.3221271725,10800.0,737479.3221271725,2,0,28,28,0,0,0
B_adaptive,2025-12-24,357,28,14,343,356,10800.0,0.80,773244.5719801972,10800.0,773244.5719801972,4,0,28,28,0,0,0
B_adaptive,2025-12-24,357,28,14,343,356,10800.0,0.90,809927.196883689,10800.0,809927.196883689,5,0,28,28,0,0,0
B_adaptive,2025-12-25,358,28,14,344,357,10800.0,base,753348.6021268859,9936.674435925925,754123.0531203917,3,0,28,28,0,0,0
B_adaptive,2025-12-25,358,28,14,344,357,10800.0,0.50,732346.5374468372,9895.941288888887,733157.5283361878,1,1,28,28,0,0,1
B_adaptive,2025-12-25,358,28,14,344,357,10800.0,0.65,737910.7968564156,10800.0,737910.7968564156,2,0,28,28,0,0,0
B_adaptive,2025-12-25,358,28,14,344,357,10800.0,0.80,773175.348294149,10800.0,773175.348294149,4,0,28,28,0,0,0
B_adaptive,2025-12-25,358,28,14,344,357,10800.0,0.90,810031.7023695023,10800.0,810031.7023695023,5,0,28,28,0,0,0
B_adaptive,2025-12-26,359,28,14,345,358,10800.0,base,754333.2117374197,9891.628691111111,755148.0712665657,3,0,28,28,0,0,0
B_adaptive,2025-12-26,359,28,14,345,358,10800.0,0.50,732994.2605005834,9875.336196481476,733823.7353025508,1,1,28,28,0,0,1
B_adaptive,2025-12-26,359,28,14,345,358,10800.0,0.65,736997.1091436429,10800.0,736997.1091436429,2,0,28,28,0,0,0
B_adaptive,2025-12-26,359,28,14,345,358,10800.0,0.80,772247.6441071574,10800.0,772247.6441071574,4,0,28,28,0,0,0
B_adaptive,2025-12-26,359,28,14,345,358,10800.0,0.90,809306.6725480624,10800.0,809306.6725480624,5,0,28,28,0,0,0
B_adaptive,2025-12-27,360,28,14,346,359,10800.0,base,744029.3472567876,9911.110221296298,744826.7307710503,3,0,28,28,0,0,0
B_adaptive,2025-12-27,360,28,14,346,359,10800.0,0.50,724098.822757696,9897.917382037032,724908.0409817098,1,1,28,28,0,0,1
B_adaptive,2025-12-27,360,28,14,346,359,10800.0,0.65,737763.1294983932,10800.0,737763.1294983932,2,0,28,28,0,0,0
B_adaptive,2025-12-27,360,28,14,346,359,10800.0,0.80,772974.6895481665,10800.0,772974.6895481665,4,0,28,28,0,0,0
B_adaptive,2025-12-27,360,28,14,346,359,10800.0,0.90,810188.5040055203,10800.0,810188.5040055203,5,0,28,28,0,0,0
B_adaptive,2025-12-28,361,28,14,347,360,10800.0,base,743218.493854672,10002.293807222224,743934.0806266044,3,0,28,28,0,0,0
B_adaptive,2025-12-28,361,28,14,347,360,10800.0,0.50,724302.7400666841,9961.18897796296,725055.2001540636,1,1,28,28,0,0,1
B_adaptive,2025-12-28,361,28,14,347,360,10800.0,0.65,737091.0091532137,10800.0,737091.0091532137,2,0,28,28,0,0,0
B_adaptive,2025-12-28,361,28,14,347,360,10800.0,0.80,772332.7848353236,10800.0,772332.7848353236,4,0,28,28,0,0,0
B_adaptive,2025-12-28,361,28,14,347,360,10800.0,0.90,809650.0653363265,10800.0,809650.0653363265,5,0,28,28,0,0,0
B_adaptive,2025-12-29,362,28,14,348,361,10800.0,base,743196.972063585,10002.910817222222,743912.005343269,3,0,28,28,0,0,0
B_adaptive,2025-12-29,362,28,14,348,361,10800.0,0.50,723707.0892765251,9951.636782962962,724468.1182134971,1,1,28,28,0,0,1
B_adaptive,2025-12-29,362,28,14,348,361,10800.0,0.65,736256.7604769381,10800.0,736256.7604769381,2,0,28,28,0,0,0
B_adaptive,2025-12-29,362,28,14,348,361,10800.0,0.80,771343.0022573703,10800.0,771343.0022573703,4,0,28,28,0,0,0
B_adaptive,2025-12-29,362,28,14,348,361,10800.0,0.90,808764.1057178114,10800.0,808764.1057178114,5,0,28,28,0,0,0
B_adaptive,2025-12-30,363,28,14,349,362,10800.0,base,737941.060937991,9906.895597407407,738742.2252040278,3,0,28,28,0,0,0
B_adaptive,2025-12-30,363,28,14,349,362,10800.0,0.50,721369.3767365194,9914.34771037036,722163.8560432221,1,1,28,28,0,0,1
B_adaptive,2025-12-30,363,28,14,349,362,10800.0,0.65,735497.312539177,10800.0,735497.312539177,2,0,28,28,0,0,0
B_adaptive,2025-12-30,363,28,14,349,362,10800.0,0.80,770626.5081211925,10800.0,770626.5081211925,4,0,28,28,0,0,0
B_adaptive,2025-12-30,363,28,14,349,362,10800.0,0.90,808099.920206099,10800.0,808099.920206099,5,0,28,28,0,0,0
B_adaptive,2025-12-31,364,28,14,350,363,10800.0,base,741815.9416375831,9940.650236111109,742586.826117445,3,0,28,28,0,0,0
B_adaptive,2025-12-31,364,28,14,350,363,10800.0,0.50,723747.1237605312,9929.405379444437,724528.0955015373,1,1,28,28,0,0,1
B_adaptive,2025-12-31,364,28,14,350,363,10800.0,0.65,734470.0224053841,10800.0,734470.0224053841,2,0,28,28,0,0,0
B_adaptive,2025-12-31,364,28,14,350,363,10800.0,0.80,767937.3317687062,10800.0,767937.3317687062,4,0,28,28,0,0,0
B_adaptive,2025-12-31,364,28,14,350,363,10800.0,0.90,805706.933938999,10800.0,805706.933938999,5,0,28,28,0,0,0
S_adaptive_W14,2025-02-01,31,14,14,17,30,8368.995643333334,base,773363.1785548368,8801.462273333342,772975.2319618029,4,0,14,14,0,0,0
S_adaptive_W14,2025-02-01,31,14,14,17,30,8368.995643333334,0.50,818065.174325031,7955.73089407407,818435.8957642693,5,0,14,14,0,0,0
S_adaptive_W14,2025-02-01,31,14,14,17,30,8368.995643333334,0.65,742667.5552637479,10800.0,740486.8093000203,2,0,14,14,0,0,0
S_adaptive_W14,2025-02-01,31,14,14,17,30,8368.995643333334,0.80,736723.082139927,10800.0,734542.3361761994,1,1,14,14,0,0,1
S_adaptive_W14,2025-02-01,31,14,14,17,30,8368.995643333334,0.90,748071.3299235633,10800.0,745890.5839598357,3,0,14,14,0,0,0
S_adaptive_W14,2025-02-02,32,14,14,18,31,8212.515670555556,base,770029.3580681301,9221.38512481482,769124.3461193566,4,0,14,14,0,0,0
S_adaptive_W14,2025-02-02,32,14,14,18,31,8212.515670555556,0.50,813102.7641409356,7968.424129124369,813321.7278142406,5,0,14,14,0,0,0
S_adaptive_W14,2025-02-02,32,14,14,18,31,8212.515670555556,0.65,739249.7092805771,10800.0,736928.592087936,2,0,14,14,0,0,0
S_adaptive_W14,2025-02-02,32,14,14,18,31,8212.515670555556,0.80,733386.7696684409,10800.0,731065.6524757998,1,1,14,14,0,0,1
S_adaptive_W14,2025-02-02,32,14,14,18,31,8212.515670555556,0.90,744374.8129491897,10800.0,742053.6957565485,3,0,14,14,0,0,0
S_adaptive_W14,2025-02-03,33,14,14,19,32,8153.316651111111,base,757910.8120030002,9576.779617592596,756633.8866407904,4,0,14,14,0,0,0
S_adaptive_W14,2025-02-03,33,14,14,19,32,8153.316651111111,0.50,797081.2531412493,8084.458024545038,797143.0231547583,5,0,14,14,0,0,0
S_adaptive_W14,2025-02-03,33,14,14,19,32,8153.316651111111,0.65,735207.6880330478,10800.0,732833.4660311306,2,0,14,14,0,0,0
S_adaptive_W14,2025-02-03,33,14,14,19,32,8153.316651111111,0.80,729458.1465884603,10800.0,727083.9245865431,1,1,14,14,0,0,1
S_adaptive_W14,2025-02-03,33,14,14,19,32,8153.316651111111,0.90,740099.4804712557,10800.0,737725.2584693385,3,0,14,14,0,0,0
S_adaptive_W14,2025-02-04,34,14,14,20,33,8222.930176666665,base,748841.488821599,9802.780789444445,747424.2750524589,4,0,14,14,0,0,0
S_adaptive_W14,2025-02-04,34,14,14,20,33,8222.930176666665,0.50,792950.7598971033,8201.425739814811,792970.0505716504,5,0,14,14,0,0,0
S_adaptive_W14,2025-02-04,34,14,14,20,33,8222.930176666665,0.65,728642.1589941222,10800.0,726330.3841920465,2,0,14,14,0,0,0
S_adaptive_W14,2025-02-04,34,14,14,20,33,8222.930176666665,0.80,723784.7402522713,10800.0,721472.9654501956,1,1,14,14,0,0,1
S_adaptive_W14,2025-02-04,34,14,14,20,33,8222.930176666665,0.90,734604.391388263,10800.0,732292.6165861873,3,0,14,14,0,0,0
S_adaptive_W14,2025-02-05,35,14,14,21,34,8443.394277037043,base,745008.0138732407,9997.819855555552,743613.607772333,4,0,14,14,0,0,0
S_adaptive_W14,2025-02-05,35,14,14,21,34,8443.394277037043,0.50,795355.6718535891,8308.634794259264,795476.5585962788,5,0,14,14,0,0,0
S_adaptive_W14,2025-02-05,35,14,14,21,34,8443.394277037043,0.65,724268.6785407263,10800.0,722154.6722846883,2,0,14,14,0,0,0
S_adaptive_W14,2025-02-05,35,14,14,21,34,8443.394277037043,0.80,719605.5650578575,10800.0,717491.5588018196,1,1,14,14,0,0,1
S_adaptive_W14,2025-02-05,35,14,14,21,34,8443.394277037043,0.90,730846.7252177675,10800.0,728732.7189617296,3,0,14,14,0,0,0
S_adaptive_W14,2025-02-06,36,14,14,22,35,8267.548353703709,base,721295.8146705482,10150.09851444444,719607.0625902438,3,0,14,14,0,0,0
S_adaptive_W14,2025-02-06,36,14,14,22,35,8267.548353703709,0.50,764250.0713793049,8368.217956481487,764159.7651528575,5,0,14,14,0,0,0
S_adaptive_W14,2025-02-06,36,14,14,22,35,8267.548353703709,0.65,706549.4423872192,10800.0,704277.6925687332,1,1,14,14,0,0,1
S_adaptive_W14,2025-02-06,36,14,14,22,35,8267.548353703709,0.80,713556.3764474659,10800.0,711284.6266289799,2,0,14,14,0,0,0
S_adaptive_W14,2025-02-06,36,14,14,22,35,8267.548353703709,0.90,731288.1773044541,10800.0,729016.4274859682,4,0,14,14,0,0,0
S_adaptive_W14,2025-02-07,37,14,14,23,36,8227.942094629636,base,713490.6664934258,10537.008327962963,711419.3058006684,3,0,14,14,0,0,0
S_adaptive_W14,2025-02-07,37,14,14,23,36,8227.942094629636,0.50,749454.6663768261,8407.268582962966,749293.8005542085,5,0,14,14,0,0,0
S_adaptive_W14,2025-02-07,37,14,14,23,36,8227.942094629636,0.65,702231.7733482914,10800.0,699924.4945150684,1,1,14,14,0,0,1
S_adaptive_W14,2025-02-07,37,14,14,23,36,8227.942094629636,0.80,709366.266060603,10800.0,707058.9872273799,2,0,14,14,0,0,0
S_adaptive_W14,2025-02-07,37,14,14,23,36,8227.942094629636,0.90,727559.6091156242,10800.0,725252.3302824012,4,0,14,14,0,0,0
S_adaptive_W14,2025-02-08,38,14,14,24,37,8238.075438333342,base,710362.7076718415,10573.523100740744,708267.6813715697,3,0,14,14,0,0,0
S_adaptive_W14,2025-02-08,38,14,14,24,37,8238.075438333342,0.50,745552.2944750063,8374.158548518528,745430.2203649974,5,0,14,14,0,0,0
S_adaptive_W14,2025-02-08,38,14,14,24,37,8238.075438333342,0.65,697784.9737052312,10800.0,695486.785044274,1,1,14,14,0,0,1
S_adaptive_W14,2025-02-08,38,14,14,24,37,8238.075438333342,0.80,704907.3042497733,10800.0,702609.115588816,2,0,14,14,0,0,0
S_adaptive_W14,2025-02-08,38,14,14,24,37,8238.075438333342,0.90,723387.8014034317,10800.0,721089.6127424744,4,0,14,14,0,0,0
S_adaptive_W14,2025-02-09,39,14,14,25,38,8374.715879259267,base,707006.3335231713,10506.993585740744,705093.5619605848,3,0,14,14,0,0,0
S_adaptive_W14,2025-02-09,39,14,14,25,38,8374.715879259267,0.50,744108.4602436853,8295.190037407414,744179.7993419287,5,0,14,14,0,0,0
S_adaptive_W14,2025-02-09,39,14,14,25,38,8374.715879259267,0.65,693509.7273273946,10800.0,691334.1127330835,1,1,14,14,0,0,1
S_adaptive_W14,2025-02-09,39,14,14,25,38,8374.715879259267,0.80,699250.5368912583,10800.0,697074.9222969472,2,0,14,14,0,0,0
S_adaptive_W14,2025-02-09,39,14,14,25,38,8374.715879259267,0.90,717804.4844337619,10800.0,715628.8698394508,4,0,14,14,0,0,0
S_adaptive_W14,2025-02-10,40,14,14,26,39,8399.850666111119,base,692095.0665464638,10450.954320740742,690255.112618058,2,0,14,14,0,0,0
S_adaptive_W14,2025-02-10,40,14,14,26,39,8399.850666111119,0.50,734373.1900932388,8121.076566666677,734623.2659478905,5,0,14,14,0,0,0
S_adaptive_W14,2025-02-10,40,14,14,26,39,8399.850666111119,0.65,681345.0140187914,10736.997944999997,679248.4630681126,1,1,14,14,0,0,1
S_adaptive_W14,2025-02-10,40,14,14,26,39,8399.850666111119,0.80,693016.5818419203,10800.0,690863.5145477923,3,0,14,14,0,0,0
S_adaptive_W14,2025-02-10,40,14,14,26,39,8399.850666111119,0.90,712780.3032125762,10800.0,710627.2359184482,4,0,14,14,0,0,0
S_adaptive_W14,2025-02-11,41,14,14,27,40,8275.783400555563,base,686891.0115744116,10282.438365740742,685090.9305898092,3,0,14,14,0,0,0
S_adaptive_W14,2025-02-11,41,14,14,27,40,8275.783400555563,0.50,729348.2411732429,7895.365865555554,729689.4968364454,5,0,14,14,0,0,0
S_adaptive_W14,2025-02-11,41,14,14,27,40,8275.783400555563,0.65,674791.5215450553,10614.251557777772,672693.7856931294,1,1,14,14,0,0,1
S_adaptive_W14,2025-02-11,41,14,14,27,40,8275.783400555563,0.80,686666.554870088,10800.0,684402.1923461308,2,0,14,14,0,0,0
S_adaptive_W14,2025-02-11,41,14,14,27,40,8275.783400555563,0.90,706579.5247930938,10800.0,704315.1622691366,4,0,14,14,0,0,0
S_adaptive_W14,2025-02-12,42,14,14,28,41,8250.404954259266,base,668602.0270911576,10253.349945740742,666805.274159077,2,0,14,14,0,0,0
S_adaptive_W14,2025-02-12,42,14,14,28,41,8250.404954259266,0.50,718993.469171979,7773.966680925937,719420.860771952,5,0,14,14,0,0,0
S_adaptive_W14,2025-02-12,42,14,14,28,41,8250.404954259266,0.65,662513.7248396568,10571.351257777773,660431.7070639394,1,1,14,14,0,0,1
S_adaptive_W14,2025-02-12,42,14,14,28,41,8250.404954259266,0.80,677784.2139330839,10800.0,675497.0855328853,3,0,14,14,0,0,0
S_adaptive_W14,2025-02-12,42,14,14,28,41,8250.404954259266,0.90,698471.0747043169,10800.0,696183.9463041183,4,0,14,14,0,0,0
S_adaptive_W14,2025-02-13,43,14,14,29,42,8724.84956148149,base,664179.3957573639,10214.67244574074,662842.9418622453,2,0,14,14,0,0,0
S_adaptive_W14,2025-02-13,43,14,14,29,42,8724.84956148149,0.50,727448.8241277103,7668.018098703716,728396.860662681,5,0,14,14,0,0,0
S_adaptive_W14,2025-02-13,43,14,14,29,42,8724.84956148149,0.65,656004.7436840491,10527.545767777772,654387.6250372122,1,1,14,14,0,0,1
S_adaptive_W14,2025-02-13,43,14,14,29,42,8724.84956148149,0.80,667797.166572309,10800.0,665935.6413428225,3,0,14,14,0,0,0
S_adaptive_W14,2025-02-13,43,14,14,29,42,8724.84956148149,0.90,688544.4625747432,10800.0,686682.9373452567,4,0,14,14,0,0,0
S_adaptive_W14,2025-02-14,44,14,14,30,43,8736.336912407414,base,648984.6973349315,10202.88687074074,647669.1205473088,2,0,14,14,0,0,0
S_adaptive_W14,2025-02-14,44,14,14,30,43,8736.336912407414,0.50,702779.5765025689,7603.721609444455,703795.595352399,5,0,14,14,0,0,0
S_adaptive_W14,2025-02-14,44,14,14,30,43,8736.336912407414,0.65,645271.8468280379,10541.381804259254,643652.621279775,1,1,14,14,0,0,1
S_adaptive_W14,2025-02-14,44,14,14,30,43,8736.336912407414,0.80,660580.6987205473,10800.0,658729.4782830274,3,0,14,14,0,0,0
S_adaptive_W14,2025-02-14,44,14,14,30,43,8736.336912407414,0.90,682261.4981071339,10800.0,680410.2776696141,4,0,14,14,0,0,0
S_adaptive_W14,2025-02-15,45,14,14,31,44,8801.462273333342,base,641701.5631160038,10169.296214814816,640474.5400797203,1,1,14,14,0,0,1
S_adaptive_W14,2025-02-15,45,14,14,31,44,8801.462273333342,0.50,694945.1316518042,7495.819284805681,696116.3659482352,5,0,14,14,0,0,0
S_adaptive_W14,2025-02-15,45,14,14,31,44,8801.462273333342,0.65,643458.7577950206,10535.568194259253,641903.1684447322,2,0,14,14,0,0,0
S_adaptive_W14,2025-02-15,45,14,14,31,44,8801.462273333342,0.80,655079.0942947466,10800.0,653286.2949240529,3,0,14,14,0,0,0
S_adaptive_W14,2025-02-15,45,14,14,31,44,8801.462273333342,0.90,675965.8722614008,10800.0,674173.0728907071,4,0,14,14,0,0,0
S_adaptive_W14,2025-02-16,46,14,14,32,45,9961.223528703711,base,639310.1944233291,10227.95257407407,639070.9236513516,1,1,14,14,0,0,1
S_adaptive_W14,2025-02-16,46,14,14,32,45,9961.223528703711,0.50,699132.5640939343,8300.68511500001,700622.1593031606,5,0,14,14,0,0,0
S_adaptive_W14,2025-02-16,46,14,14,32,45,9961.223528703711,0.65,639608.5981514554,10350.578264259253,639259.3253228434,2,0,14,14,0,0,0
S_adaptive_W14,2025-02-16,46,14,14,32,45,9961.223528703711,0.80,649020.593176594,10800.0,648268.1640831484,3,0,14,14,0,0,0
S_adaptive_W14,2025-02-16,46,14,14,32,45,9961.223528703711,0.90,669862.3250884248,10800.0,669109.8959949792,4,0,14,14,0,0,0
S_adaptive_W14,2025-02-17,47,14,14,33,46,10800.0,base,636759.0706974504,10134.39892407407,637356.1518403935,2,0,14,14,0,0,0
S_adaptive_W14,2025-02-17,47,14,14,33,46,10800.0,0.50,710297.8738257696,8769.101445185182,712119.702657136,5,0,14,14,0,0,0
S_adaptive_W14,2025-02-17,47,14,14,33,46,10800.0,0.65,634322.0816182566,10300.650286296292,634770.0260530997,1,1,14,14,0,0,1
S_adaptive_W14,2025-02-17,47,14,14,33,46,10800.0,0.80,640459.7025653097,10800.0,640459.7025653097,3,0,14,14,0,0,0
S_adaptive_W14,2025-02-17,47,14,14,33,46,10800.0,0.90,661510.5180388642,10800.0,661510.5180388642,4,0,14,14,0,0,0
S_adaptive_W14,2025-02-18,48,14,14,34,47,10800.0,base,632972.4457600084,10097.917108333331,633602.2531184385,2,0,14,14,0,0,0
S_adaptive_W14,2025-02-18,48,14,14,34,47,10800.0,0.50,700432.1770023722,8662.367195370367,702349.752385503,5,0,14,14,0,0,0
S_adaptive_W14,2025-02-18,48,14,14,34,47,10800.0,0.65,629296.2698430622,10323.243646296292,629723.9467787985,1,1,14,14,0,0,1
S_adaptive_W14,2025-02-18,48,14,14,34,47,10800.0,0.80,634567.071878749,10800.0,634567.071878749,3,0,14,14,0,0,0
S_adaptive_W14,2025-02-18,48,14,14,34,47,10800.0,0.90,655775.5212713162,10800.0,655775.5212713162,4,0,14,14,0,0,0
S_adaptive_W14,2025-02-19,49,14,14,35,48,10800.0,base,629887.0174496867,10124.090374629628,630493.3459341786,3,0,14,14,0,0,0
S_adaptive_W14,2025-02-19,49,14,14,35,48,10800.0,0.50,702076.4259173216,8765.478903148147,703901.5043701475,5,0,14,14,0,0,0
S_adaptive_W14,2025-02-19,49,14,14,35,48,10800.0,0.65,620971.1239129636,10410.462524814811,621320.5606691755,1,1,14,14,0,0,1
S_adaptive_W14,2025-02-19,49,14,14,35,48,10800.0,0.80,624966.6950117996,10800.0,624966.6950117996,2,0,14,14,0,0,0
S_adaptive_W14,2025-02-19,49,14,14,35,48,10800.0,0.90,646242.3527573954,10800.0,646242.3527573954,4,0,14,14,0,0,0
S_adaptive_W14,2025-02-20,50,14,14,36,49,10800.0,base,628366.7076118618,9851.846736296295,629217.2537645852,3,0,14,14,0,0,0
S_adaptive_W14,2025-02-20,50,14,14,36,49,10800.0,0.50,709602.3936008328,8403.945425182896,711751.7876685868,5,0,14,14,0,0,0
S_adaptive_W14,2025-02-20,50,14,14,36,49,10800.0,0.65,613655.0238425749,10216.915470925924,614178.0830587393,1,1,14,14,0,0,1
S_adaptive_W14,2025-02-20,50,14,14,36,49,10800.0,0.80,614861.2074209787,10800.0,614861.2074209787,2,0,14,14,0,0,0
S_adaptive_W14,2025-02-20,50,14,14,36,49,10800.0,0.90,636053.1890880065,10800.0,636053.1890880065,4,0,14,14,0,0,0
S_adaptive_W14,2025-02-21,51,14,14,37,50,10800.0,base,620573.7647538208,9737.617517407405,621526.7808619555,3,0,14,14,0,0,0
S_adaptive_W14,2025-02-21,51,14,14,37,50,10800.0,0.50,705186.8589382544,8217.954376666663,707503.0973093635,5,0,14,14,0,0,0
S_adaptive_W14,2025-02-21,51,14,14,37,50,10800.0,0.65,605347.9776781335,10240.890339259258,605849.5301054658,1,1,14,14,0,0,1
S_adaptive_W14,2025-02-21,51,14,14,37,50,10800.0,0.80,606339.3482355364,10800.0,606339.3482355364,2,0,14,14,0,0,0
S_adaptive_W14,2025-02-21,51,14,14,37,50,10800.0,0.90,627546.4085929702,10800.0,627546.4085929702,4,0,14,14,0,0,0
S_adaptive_W14,2025-02-22,52,14,14,38,51,10800.0,base,616721.7311277138,9664.428692407406,617740.4016779192,3,0,14,14,0,0,0
S_adaptive_W14,2025-02-22,52,14,14,38,51,10800.0,0.50,703378.0766117965,8197.87359851851,705712.3285565033,5,0,14,14,0,0,0
S_adaptive_W14,2025-02-22,52,14,14,38,51,10800.0,0.65,601872.0420242565,10539.288332777778,602105.9148737364,2,0,14,14,0,0,0
S_adaptive_W14,2025-02-22,52,14,14,38,51,10800.0,0.80,601866.4348842355,10800.0,601866.4348842355,1,1,14,14,0,0,1
S_adaptive_W14,2025-02-22,52,14,14,38,51,10800.0,0.90,622221.941958052,10800.0,622221.941958052,4,0,14,14,0,0,0
S_adaptive_W14,2025-02-23,53,14,14,39,52,10800.0,base,615855.1896498482,9638.46609219021,616897.1500948151,3,0,14,14,0,0,0
S_adaptive_W14,2025-02-23,53,14,14,39,52,10800.0,0.50,701554.6798228229,8271.020191481473,703823.3152099423,5,0,14,14,0,0,0
S_adaptive_W14,2025-02-23,53,14,14,39,52,10800.0,0.65,600155.4274868177,10707.14524759259,600238.7233583245,1,1,14,14,0,0,1
S_adaptive_W14,2025-02-23,53,14,14,39,52,10800.0,0.80,600475.3992408232,10800.0,600475.3992408232,2,0,14,14,0,0,0
S_adaptive_W14,2025-02-23,53,14,14,39,52,10800.0,0.90,620203.1627729682,10800.0,620203.1627729682,4,0,14,14,0,0,0
S_adaptive_W14,2025-02-24,54,14,14,40,53,10736.997944999997,base,600180.6768924022,9495.396342962962,601294.4625072962,3,0,14,14,0,0,0
S_adaptive_W14,2025-02-24,54,14,14,40,53,10736.997944999997,0.50,673542.4326250101,8280.572813518509,675745.9824360119,5,0,14,14,0,0,0
S_adaptive_W14,2025-02-24,54,14,14,40,53,10736.997944999997,0.65,590753.6023748922,10784.503806851853,590710.9869775965,1,1,14,14,0,0,1
S_adaptive_W14,2025-02-24,54,14,14,40,53,10736.997944999997,0.80,597588.6138835652,10800.0,597532.097540116,2,0,14,14,0,0,0
S_adaptive_W14,2025-02-24,54,14,14,40,53,10736.997944999997,0.90,617531.9286110956,10800.0,617475.4122676465,4,0,14,14,0,0,0
S_adaptive_W14,2025-02-25,55,14,14,41,54,10614.251557777772,base,596475.9573434578,9494.213176127107,597480.6939961531,3,0,14,14,0,0,0
S_adaptive_W14,2025-02-25,55,14,14,41,54,10614.251557777772,0.50,670472.121330909,8468.640429999987,672396.8537131438,5,0,14,14,0,0,0
S_adaptive_W14,2025-02-25,55,14,14,41,54,10614.251557777772,0.65,585882.9450835269,10800.0,585716.3184114957,1,1,14,14,0,0,1
S_adaptive_W14,2025-02-25,55,14,14,41,54,10614.251557777772,0.80,591048.141871533,10800.0,590881.5151995018,2,0,14,14,0,0,0
S_adaptive_W14,2025-02-25,55,14,14,41,54,10614.251557777772,0.90,610584.2384320018,10800.0,610417.6117599705,4,0,14,14,0,0,0
S_adaptive_W14,2025-02-26,56,14,14,42,55,10571.351257777773,base,586574.0294678791,9308.726794259252,587706.6737574587,2,0,14,14,0,0,0
S_adaptive_W14,2025-02-26,56,14,14,42,55,10571.351257777773,0.50,646899.3597763007,8396.296022526281,648850.5051587232,5,0,14,14,0,0,0
S_adaptive_W14,2025-02-26,56,14,14,42,55,10571.351257777773,0.65,579781.1480368967,10800.0,579576.0374124155,1,1,14,14,0,0,1
S_adaptive_W14,2025-02-26,56,14,14,42,55,10571.351257777773,0.80,587690.2446313918,10800.0,587485.1340069106,3,0,14,14,0,0,0
S_adaptive_W14,2025-02-26,56,14,14,42,55,10571.351257777773,0.90,606834.4194276374,10800.0,606629.3088031561,4,0,14,14,0,0,0
S_adaptive_W14,2025-02-27,57,14,14,43,56,10527.545767777772,base,591841.206486277,9406.036054259253,592847.2630053983,3,0,14,14,0,0,0
S_adaptive_W14,2025-02-27,57,14,14,43,56,10527.545767777772,0.50,646783.5449041309,8646.03378648147,648471.365679797,5,0,14,14,0,0,0
S_adaptive_W14,2025-02-27,57,14,14,43,56,10527.545767777772,0.65,577711.0498256837,10800.0,577466.6432430341,1,1,14,14,0,0,1
S_adaptive_W14,2025-02-27,57,14,14,43,56,10527.545767777772,0.80,581841.3165812638,10800.0,581596.9099986142,2,0,14,14,0,0,0
S_adaptive_W14,2025-02-27,57,14,14,43,56,10527.545767777772,0.90,600690.6605988096,10800.0,600446.25401616,4,0,14,14,0,0,0
S_adaptive_W14,2025-02-28,58,14,14,44,57,10541.381804259254,base,593762.956329303,9490.260918758568,594705.8701592018,3,0,14,14,0,0,0
S_adaptive_W14,2025-02-28,58,14,14,44,57,10541.381804259254,0.50,650930.1220911788,8830.840347407397,652464.5728080558,5,0,14,14,0,0,0
S_adaptive_W14,2025-02-28,58,14,14,44,57,10541.381804259254,0.65,577868.6406663648,10800.0,577636.6457771078,1,1,14,14,0,0,1
S_adaptive_W14,2025-02-28,58,14,14,44,57,10541.381804259254,0.80,578433.0017806077,10800.0,578201.0068913507,2,0,14,14,0,0,0
S_adaptive_W14,2025-02-28,58,14,14,44,57,10541.381804259254,0.90,595603.5791743718,10800.0,595371.5842851148,4,0,14,14,0,0,0
S_adaptive_W14,2025-03-01,59,14,14,45,58,10535.568194259253,base,591268.6070402835,9464.618274814802,592229.308615243,3,0,14,14,0,0,0
S_adaptive_W14,2025-03-01,59,14,14,45,58,10535.568194259253,0.50,642304.8804725811,8991.610755925913,643689.8960701794,5,0,14,14,0,0,0
S_adaptive_W14,2025-03-01,59,14,14,45,58,10535.568194259253,0.65,574885.6716166486,10800.0,574648.4615962432,1,1,14,14,0,0,1
S_adaptive_W14,2025-03-01,59,14,14,45,58,10535.568194259253,0.80,578018.1805036218,10800.0,577780.9704832165,2,0,14,14,0,0,0
S_adaptive_W14,2025-03-01,59,14,14,45,58,10535.568194259253,0.90,595177.2084328404,10800.0,594939.9984124351,4,0,14,14,0,0,0
S_adaptive_W14,2025-03-02,60,14,14,46,59,10367.747654259252,base,590441.3479427894,9471.156309814804,591245.6401893863,3,0,14,14,0,0,0
S_adaptive_W14,2025-03-02,60,14,14,46,59,10367.747654259252,0.50,635346.9795364076,9114.310583265122,636471.3822244823,5,0,14,14,0,0,0
S_adaptive_W14,2025-03-02,60,14,14,46,59,10367.747654259252,0.65,573316.743185186,10800.0,572928.9888170373,1,1,14,14,0,0,1
S_adaptive_W14,2025-03-02,60,14,14,46,59,10367.747654259252,0.80,577469.111780202,10800.0,577081.3574120534,2,0,14,14,0,0,0
S_adaptive_W14,2025-03-02,60,14,14,46,59,10367.747654259252,0.90,593890.0835509537,10800.0,593502.329182805,4,0,14,14,0,0,0
S_adaptive_W14,2025-03-03,61,14,14,47,60,10274.194004259252,base,597905.864398597,9419.337519814804,598672.7181571706,4,0,14,14,0,0,0
S_adaptive_W14,2025-03-03,61,14,14,47,60,10274.194004259252,0.50,631418.4545089036,9111.535042962949,632461.4241893508,5,0,14,14,0,0,0
S_adaptive_W14,2025-03-03,61,14,14,47,60,10274.194004259252,0.65,577919.3536553701,10798.967009999998,577448.6031151648,1,1,14,14,0,0,1
S_adaptive_W14,2025-03-03,61,14,14,47,60,10274.194004259252,0.80,579341.8557004697,10800.0,578870.178510846,2,0,14,14,0,0,0
S_adaptive_W14,2025-03-03,61,14,14,47,60,10274.194004259252,0.90,593120.4615436895,10800.0,592648.7843540658,3,0,14,14,0,0,0
S_adaptive_W14,2025-03-04,62,14,14,48,61,10296.787364259253,base,598784.5535862112,9365.807958436211,599619.6938343125,4,0,14,14,0,0,0
S_adaptive_W14,2025-03-04,62,14,14,48,61,10296.787364259253,0.50,631599.1413720397,9145.20344765202,632632.1761221206,5,0,14,14,0,0,0
S_adaptive_W14,2025-03-04,62,14,14,48,61,10296.787364259253,0.65,578375.5043527159,10800.0,577924.0946621989,1,1,14,14,0,0,1
S_adaptive_W14,2025-03-04,62,14,14,48,61,10296.787364259253,0.80,580323.1380823159,10800.0,579871.7283917989,2,0,14,14,0,0,0
S_adaptive_W14,2025-03-04,62,14,14,48,61,10296.787364259253,0.90,593705.4895936355,10800.0,593254.0799031185,3,0,14,14,0,0,0
S_adaptive_W14,2025-03-05,63,14,14,49,62,10384.00624277777,base,595585.1148377876,9256.315750925914,596596.7158584505,3,0,14,14,0,0,0
S_adaptive_W14,2025-03-05,63,14,14,49,62,10384.00624277777,0.50,617036.4470149353,9069.855392222222,618215.3133362642,5,0,14,14,0,0,0
S_adaptive_W14,2025-03-05,63,14,14,49,62,10384.00624277777,0.65,581286.5670198931,10800.0,580913.3975089005,1,1,14,14,0,0,1
S_adaptive_W14,2025-03-05,63,14,14,49,62,10384.00624277777,0.80,584236.9240152172,10800.0,583863.7545042246,2,0,14,14,0,0,0
S_adaptive_W14,2025-03-05,63,14,14,49,62,10384.00624277777,0.90,597391.280048681,10800.0,597018.1105376884,4,0,14,14,0,0,0
S_adaptive_W14,2025-03-06,64,14,14,50,63,10190.459188888883,base,587747.1555802966,9254.910199814805,588586.3949984399,3,0,14,14,0,0,0
S_adaptive_W14,2025-03-06,64,14,14,50,63,10190.459188888883,0.50,599100.7196383292,9093.56162680154,600084.697690275,5,0,14,14,0,0,0
S_adaptive_W14,2025-03-06,64,14,14,50,63,10190.459188888883,0.65,579281.0199575999,10800.0,578734.2279866548,1,1,14,14,0,0,1
S_adaptive_W14,2025-03-06,64,14,14,50,63,10190.459188888883,0.80,584926.1214117701,10800.0,584379.329440825,2,0,14,14,0,0,0
S_adaptive_W14,2025-03-06,64,14,14,50,63,10190.459188888883,0.90,597932.4733492974,10800.0,597385.6813783523,4,0,14,14,0,0,0
S_adaptive_W14,2025-03-07,65,14,14,51,64,10210.47057981481,base,587471.3567067635,9218.081644910828,588361.584714091,3,0,14,14,0,0,0
S_adaptive_W14,2025-03-07,65,14,14,51,64,10210.47057981481,0.50,597038.9437267658,9070.717863518514,598061.365232879,5,0,14,14,0,0,0
S_adaptive_W14,2025-03-07,65,14,14,51,64,10210.47057981481,0.65,576876.943892816,10783.087641481481,576363.274576442,1,1,14,14,0,0,1
S_adaptive_W14,2025-03-07,65,14,14,51,64,10210.47057981481,0.80,582639.6050758683,10800.0,582110.7644343277,2,0,14,14,0,0,0
S_adaptive_W14,2025-03-07,65,14,14,51,64,10210.47057981481,0.90,595309.4377493531,10800.0,594780.5971078125,4,0,14,14,0,0,0
S_adaptive_W14,2025-03-08,66,14,14,52,65,10508.86857333333,base,586563.3931987488,9517.911282592588,587452.336941726,3,0,14,14,0,0,0
S_adaptive_W14,2025-03-08,66,14,14,52,65,10508.86857333333,0.50,594216.7326662822,9361.375999074071,595246.0972549802,4,0,14,14,0,0,0
S_adaptive_W14,2025-03-08,66,14,14,52,65,10508.86857333333,0.65,575935.7896759964,10800.0,575674.6286123083,1,1,14,14,0,0,1
S_adaptive_W14,2025-03-08,66,14,14,52,65,10508.86857333333,0.80,581672.9008097629,10800.0,581411.7397460748,2,0,14,14,0,0,0
S_adaptive_W14,2025-03-08,66,14,14,52,65,10508.86857333333,0.90,594324.5639529028,10800.0,594063.4028892147,5,0,14,14,0,0,0
S_adaptive_W14,2025-03-09,67,14,14,53,66,10800.0,base,584973.4785836156,9748.20946574074,585916.9931256536,3,0,14,14,0,0,0
S_adaptive_W14,2025-03-09,67,14,14,53,66,10800.0,0.50,594438.9866120162,9574.922239814818,595537.9494227779,5,0,14,14,0,0,0
S_adaptive_W14,2025-03-09,67,14,14,53,66,10800.0,0.65,576442.9565700956,10800.0,576442.9565700956,1,1,14,14,0,0,1
S_adaptive_W14,2025-03-09,67,14,14,53,66,10800.0,0.80,580323.6700958306,10800.0,580323.6700958306,2,0,14,14,0,0,0
S_adaptive_W14,2025-03-09,67,14,14,53,66,10800.0,0.90,592680.5972607761,10800.0,592680.5972607761,4,0,14,14,0,0,0
S_adaptive_W14,2025-03-10,68,14,14,54,67,10800.0,base,578884.155895275,9822.887136111109,579760.6804182313,3,0,14,14,0,0,0
S_adaptive_W14,2025-03-10,68,14,14,54,67,10800.0,0.50,598640.7276458276,9643.828200875627,599677.8779814087,5,0,14,14,0,0,0
S_adaptive_W14,2025-03-10,68,14,14,54,67,10800.0,0.65,570291.8043113461,10800.0,570291.8043113461,1,1,14,14,0,0,1
S_adaptive_W14,2025-03-10,68,14,14,54,67,10800.0,0.80,573705.7815809029,10800.0,573705.7815809029,2,0,14,14,0,0,0
S_adaptive_W14,2025-03-10,68,14,14,54,67,10800.0,0.90,586292.6898009471,10800.0,586292.6898009471,4,0,14,14,0,0,0
S_adaptive_W14,2025-03-11,69,14,14,55,68,10800.0,base,595393.5019264679,9855.45540907407,596240.810899228,4,0,14,14,0,0,0
S_adaptive_W14,2025-03-11,69,14,14,55,68,10800.0,0.50,629208.7828005559,9639.364154629631,630249.9376336223,5,0,14,14,0,0,0
S_adaptive_W14,2025-03-11,69,14,14,55,68,10800.0,0.65,583109.9288079287,10800.0,583109.9288079287,3,0,14,14,0,0,0
S_adaptive_W14,2025-03-11,69,14,14,55,68,10800.0,0.80,571042.0084738603,10800.0,571042.0084738603,1,1,14,14,0,0,1
S_adaptive_W14,2025-03-11,69,14,14,55,68,10800.0,0.90,581658.484524022,10800.0,581658.484524022,2,0,14,14,0,0,0
S_adaptive_W14,2025-03-12,70,14,14,56,69,10800.0,base,597653.4194910337,9911.789627592589,598450.1935401037,4,0,14,14,0,0,0
S_adaptive_W14,2025-03-12,70,14,14,56,69,10800.0,0.50,632518.4659259394,9694.801423518513,633509.8904489642,5,0,14,14,0,0,0
S_adaptive_W14,2025-03-12,70,14,14,56,69,10800.0,0.65,582570.633077312,10800.0,582570.633077312,3,0,14,14,0,0,0
S_adaptive_W14,2025-03-12,70,14,14,56,69,10800.0,0.80,570435.3239645748,10800.0,570435.3239645748,1,1,14,14,0,0,1
S_adaptive_W14,2025-03-12,70,14,14,56,69,10800.0,0.90,581466.684994566,10800.0,581466.684994566,2,0,14,14,0,0,0
S_adaptive_W14,2025-03-13,71,14,14,57,70,10800.0,base,580998.7674090012,9750.265069444442,581940.4379603168,4,0,14,14,0,0,0
S_adaptive_W14,2025-03-13,71,14,14,57,70,10800.0,0.50,614668.4823187696,9487.07247055555,615846.2512530995,5,0,14,14,0,0,0
S_adaptive_W14,2025-03-13,71,14,14,57,70,10800.0,0.65,573726.8573190453,10800.0,573726.8573190453,2,0,14,14,0,0,0
S_adaptive_W14,2025-03-13,71,14,14,57,70,10800.0,0.80,569384.790347385,10800.0,569384.790347385,1,1,14,14,0,0,1
S_adaptive_W14,2025-03-13,71,14,14,57,70,10800.0,0.90,580708.4884663199,10800.0,580708.4884663199,3,0,14,14,0,0,0
S_adaptive_W14,2025-03-14,72,14,14,58,71,10800.0,base,598230.0711903264,9681.387536481478,599233.5287152394,4,0,14,14,0,0,0
S_adaptive_W14,2025-03-14,72,14,14,58,71,10800.0,0.50,644632.8641108343,9368.249679074068,645917.2236903894,5,0,14,14,0,0,0
S_adaptive_W14,2025-03-14,72,14,14,58,71,10800.0,0.65,588630.4639675317,10800.0,588630.4639675317,3,0,14,14,0,0,0
S_adaptive_W14,2025-03-14,72,14,14,58,71,10800.0,0.80,570223.4732250081,10800.0,570223.4732250081,1,1,14,14,0,0,1
S_adaptive_W14,2025-03-14,72,14,14,58,71,10800.0,0.90,578088.6926652817,10800.0,578088.6926652817,2,0,14,14,0,0,0
S_adaptive_W14,2025-03-15,73,14,14,59,72,10800.0,base,597274.8031317618,9719.265334259257,598244.2821677461,4,0,14,14,0,0,0
S_adaptive_W14,2025-03-15,73,14,14,59,72,10800.0,0.50,646732.3923410343,9389.010459074068,647998.1283475526,5,0,14,14,0,0,0
S_adaptive_W14,2025-03-15,73,14,14,59,72,10800.0,0.65,588787.8396230987,10800.0,588787.8396230987,3,0,14,14,0,0,0
S_adaptive_W14,2025-03-15,73,14,14,59,72,10800.0,0.80,568787.2419095135,10800.0,568787.2419095135,1,1,14,14,0,0,1
S_adaptive_W14,2025-03-15,73,14,14,59,72,10800.0,0.90,576484.3171620661,10800.0,576484.3171620661,2,0,14,14,0,0,0
S_adaptive_W14,2025-03-16,74,14,14,60,73,10800.0,base,596576.4357465587,9571.234069259255,597678.7070512071,4,0,14,14,0,0,0
S_adaptive_W14,2025-03-16,74,14,14,60,73,10800.0,0.50,649576.4038711989,9197.323305925926,651014.0939033774,5,0,14,14,0,0,0
S_adaptive_W14,2025-03-16,74,14,14,60,73,10800.0,0.65,587834.5641917632,10718.606982592592,587907.5782502119,3,0,14,14,0,0,0
S_adaptive_W14,2025-03-16,74,14,14,60,73,10800.0,0.80,567070.6506181435,10800.0,567070.6506181435,1,1,14,14,0,0,1
S_adaptive_W14,2025-03-16,74,14,14,60,73,10800.0,0.90,574855.3939049145,10800.0,574855.3939049145,2,0,14,14,0,0,0
S_adaptive_W14,2025-03-17,75,14,14,61,74,10798.967009999998,base,580625.4958751459,9507.263671851848,581784.2255307613,4,0,14,14,0,0,0
S_adaptive_W14,2025-03-17,75,14,14,61,74,10798.967009999998,0.50,637422.7287996951,9143.85134425925,638907.459502735,5,0,14,14,0,0,0
S_adaptive_W14,2025-03-17,75,14,14,61,74,10798.967009999998,0.65,574112.8827625115,10800.0,574111.9561130932,3,0,14,14,0,0,0
S_adaptive_W14,2025-03-17,75,14,14,61,74,10798.967009999998,0.80,559971.302667173,10800.0,559970.3760177547,1,1,14,14,0,0,1
S_adaptive_W14,2025-03-17,75,14,14,61,74,10798.967009999998,0.90,571041.1947261875,10800.0,571040.2680767692,2,0,14,14,0,0,0
S_adaptive_W14,2025-03-18,76,14,14,62,75,10800.0,base,569680.3633640734,9634.54949,570725.837218794,4,0,14,14,0,0,0
S_adaptive_W14,2025-03-18,76,14,14,62,75,10800.0,0.50,625296.8946245499,9288.534580555555,626652.7630760927,5,0,14,14,0,0,0
S_adaptive_W14,2025-03-18,76,14,14,62,75,10800.0,0.65,564850.0185106322,10800.0,564850.0185106322,3,0,14,14,0,0,0
S_adaptive_W14,2025-03-18,76,14,14,62,75,10800.0,0.80,551308.9089430622,10800.0,551308.9089430622,1,1,14,14,0,0,1
S_adaptive_W14,2025-03-18,76,14,14,62,75,10800.0,0.90,563202.904775886,10800.0,563202.904775886,2,0,14,14,0,0,0
S_adaptive_W14,2025-03-19,77,14,14,63,76,10800.0,base,577241.8640444425,9645.729025555549,578277.3092346844,4,0,14,14,0,0,0
S_adaptive_W14,2025-03-19,77,14,14,63,76,10800.0,0.50,646066.0209291648,9265.523613587104,647442.5314964653,5,0,14,14,0,0,0
S_adaptive_W14,2025-03-19,77,14,14,63,76,10800.0,0.65,566602.6025740834,10800.0,566602.6025740834,3,0,14,14,0,0,0
S_adaptive_W14,2025-03-19,77,14,14,63,76,10800.0,0.80,545024.209673761,10800.0,545024.209673761,1,1,14,14,0,0,1
S_adaptive_W14,2025-03-19,77,14,14,63,76,10800.0,0.90,552333.546557549,10800.0,552333.546557549,2,0,14,14,0,0,0
S_adaptive_W14,2025-03-20,78,14,14,64,77,10800.0,base,569419.7058659646,9840.485116481483,570280.4440228632,4,0,14,14,0,0,0
S_adaptive_W14,2025-03-20,78,14,14,64,77,10800.0,0.50,639137.1923378155,9368.85445703704,640421.0093979391,5,0,14,14,0,0,0
S_adaptive_W14,2025-03-20,78,14,14,64,77,10800.0,0.65,559372.43039851,10800.0,559372.43039851,3,0,14,14,0,0,0
S_adaptive_W14,2025-03-20,78,14,14,64,77,10800.0,0.80,538243.6287966875,10800.0,538243.6287966875,1,1,14,14,0,0,1
S_adaptive_W14,2025-03-20,78,14,14,64,77,10800.0,0.90,546329.0697671465,10800.0,546329.0697671465,2,0,14,14,0,0,0
S_adaptive_W14,2025-03-21,79,14,14,65,78,10783.087641481481,base,572105.0471818764,9939.463300740737,572861.8250835397,4,0,14,14,0,0,0
S_adaptive_W14,2025-03-21,79,14,14,65,78,10783.087641481481,0.50,651955.6752328044,9532.415771851853,653077.5973816327,5,0,14,14,0,0,0
S_adaptive_W14,2025-03-21,79,14,14,65,78,10783.087641481481,0.65,555417.9295555191,10800.0,555402.7582303525,3,0,14,14,0,0,0
S_adaptive_W14,2025-03-21,79,14,14,65,78,10783.087641481481,0.80,533038.7618096821,10800.0,533023.5904845155,1,1,14,14,0,0,1
S_adaptive_W14,2025-03-21,79,14,14,65,78,10783.087641481481,0.90,541809.4512096711,10800.0,541794.2798845045,2,0,14,14,0,0,0
S_adaptive_W14,2025-03-22,80,14,14,66,79,10800.0,base,573249.9509388397,9885.911286111112,574069.9392979044,4,0,14,14,0,0,0
S_adaptive_W14,2025-03-22,80,14,14,66,79,10800.0,0.50,654929.3252552883,9495.235522222223,656099.7714787704,5,0,14,14,0,0,0
S_adaptive_W14,2025-03-22,80,14,14,66,79,10800.0,0.65,554062.8979429342,10787.24869666667,554074.33657043,3,0,14,14,0,0,0
S_adaptive_W14,2025-03-22,80,14,14,66,79,10800.0,0.80,531804.5267377087,10800.0,531804.5267377087,1,1,14,14,0,0,1
S_adaptive_W14,2025-03-22,80,14,14,66,79,10800.0,0.90,540527.108126992,10800.0,540527.108126992,2,0,14,14,0,0,0
S_adaptive_W14,2025-03-23,81,14,14,67,80,10800.0,base,571097.2936930689,10066.268276666662,571755.4918117725,4,0,14,14,0,0,0
S_adaptive_W14,2025-03-23,81,14,14,67,80,10800.0,0.50,649496.8647962436,9597.663900370366,650575.4270740614,5,0,14,14,0,0,0
S_adaptive_W14,2025-03-23,81,14,14,67,80,10800.0,0.65,551210.6398754788,10800.0,551210.6398754788,3,0,14,14,0,0,0
S_adaptive_W14,2025-03-23,81,14,14,67,80,10800.0,0.80,530894.8370203354,10800.0,530894.8370203354,1,1,14,14,0,0,1
S_adaptive_W14,2025-03-23,81,14,14,67,80,10800.0,0.90,539851.5491721403,10800.0,539851.5491721403,2,0,14,14,0,0,0
S_adaptive_W14,2025-03-24,82,14,14,68,81,10800.0,base,570281.9881026694,10143.332778333332,570871.0550820166,4,0,14,14,0,0,0
S_adaptive_W14,2025-03-24,82,14,14,68,81,10800.0,0.50,639096.7784429005,9657.007831481478,640122.1059176265,5,0,14,14,0,0,0
S_adaptive_W14,2025-03-24,82,14,14,68,81,10800.0,0.65,550041.4624261451,10800.0,550041.4624261451,3,0,14,14,0,0,0
S_adaptive_W14,2025-03-24,82,14,14,68,81,10800.0,0.80,530358.1717040773,10800.0,530358.1717040773,1,1,14,14,0,0,1
S_adaptive_W14,2025-03-24,82,14,14,68,81,10800.0,0.90,539783.3491618353,10800.0,539783.3491618353,2,0,14,14,0,0,0
S_adaptive_W14,2025-03-25,83,14,14,69,82,10800.0,base,548988.4943204854,9915.554285370363,549781.8912623812,4,0,14,14,0,0,0
S_adaptive_W14,2025-03-25,83,14,14,69,82,10800.0,0.50,604901.938296907,9397.910697222216,606159.6902953489,5,0,14,14,0,0,0
S_adaptive_W14,2025-03-25,83,14,14,69,82,10800.0,0.65,531389.6569589372,10694.526842777777,531484.2722405854,2,0,14,14,0,0,0
S_adaptive_W14,2025-03-25,83,14,14,69,82,10800.0,0.80,525545.3165514325,10800.0,525545.3165514325,1,1,14,14,0,0,1
S_adaptive_W14,2025-03-25,83,14,14,69,82,10800.0,0.90,537969.4351058452,10800.0,537969.4351058452,3,0,14,14,0,0,0
S_adaptive_W14,2025-03-26,84,14,14,70,83,10800.0,base,555955.7305412155,9847.730573732624,556809.9691204344,4,0,14,14,0,0,0
S_adaptive_W14,2025-03-26,84,14,14,70,83,10800.0,0.50,619806.7103457613,9325.30111222222,621129.597175814,5,0,14,14,0,0,0
S_adaptive_W14,2025-03-26,84,14,14,70,83,10800.0,0.65,528527.0619508681,10636.788497777776,528673.4717356671,2,0,14,14,0,0,0
S_adaptive_W14,2025-03-26,84,14,14,70,83,10800.0,0.80,519482.342241229,10800.0,519482.342241229,1,1,14,14,0,0,1
S_adaptive_W14,2025-03-26,84,14,14,70,83,10800.0,0.90,532635.5701840232,10800.0,532635.5701840232,3,0,14,14,0,0,0
S_adaptive_W14,2025-03-27,85,14,14,71,84,10800.0,base,552786.1341084103,9834.042365740734,553652.6517706539,4,0,14,14,0,0,0
S_adaptive_W14,2025-03-27,85,14,14,71,84,10800.0,0.50,611018.814438314,9324.156037037035,612342.728464423,5,0,14,14,0,0,0
S_adaptive_W14,2025-03-27,85,14,14,71,84,10800.0,0.65,526472.1408028703,10700.34247,526561.5391438097,2,0,14,14,0,0,0
S_adaptive_W14,2025-03-27,85,14,14,71,84,10800.0,0.80,517705.4237052833,10800.0,517705.4237052833,1,1,14,14,0,0,1
S_adaptive_W14,2025-03-27,85,14,14,71,84,10800.0,0.90,531253.3910907828,10800.0,531253.3910907828,3,0,14,14,0,0,0
S_adaptive_W14,2025-03-28,86,14,14,72,85,10800.0,base,538232.7425142301,9717.41293351851,539203.8832565899,4,0,14,14,0,0,0
S_adaptive_W14,2025-03-28,86,14,14,72,85,10800.0,0.50,587876.4601741941,9221.942788939688,589292.0651623602,5,0,14,14,0,0,0
S_adaptive_W14,2025-03-28,86,14,14,72,85,10800.0,0.65,501273.87347491656,10582.872339999998,501468.64904858434,1,1,14,14,0,0,1
S_adaptive_W14,2025-03-28,86,14,14,72,85,10800.0,0.80,508125.0939317372,10800.0,508125.0939317372,2,0,14,14,0,0,0
S_adaptive_W14,2025-03-28,86,14,14,72,85,10800.0,0.90,527112.5231746811,10800.0,527112.5231746811,3,0,14,14,0,0,0
S_adaptive_W14,2025-03-29,87,14,14,73,86,10800.0,base,535739.8620131867,9783.194743333328,536651.9928175976,4,0,14,14,0,0,0
S_adaptive_W14,2025-03-29,87,14,14,73,86,10800.0,0.50,582041.432272461,9232.28227648148,583447.7621658862,5,0,14,14,0,0,0
S_adaptive_W14,2025-03-29,87,14,14,73,86,10800.0,0.65,498883.4154177502,10800.0,498883.4154177502,1,1,14,14,0,0,1
S_adaptive_W14,2025-03-29,87,14,14,73,86,10800.0,0.80,507427.9424464052,10800.0,507427.9424464052,2,0,14,14,0,0,0
S_adaptive_W14,2025-03-29,87,14,14,73,86,10800.0,0.90,526633.7644778609,10800.0,526633.7644778609,3,0,14,14,0,0,0
S_adaptive_W14,2025-03-30,88,14,14,74,87,10800.0,base,534293.7392525106,9923.411481666662,535080.0878528177,4,0,14,14,0,0,0
S_adaptive_W14,2025-03-30,88,14,14,74,87,10800.0,0.50,577449.4577180417,9370.05203111111,578732.2004876889,5,0,14,14,0,0,0
S_adaptive_W14,2025-03-30,88,14,14,74,87,10800.0,0.65,497158.8192799224,10800.0,497158.8192799224,1,1,14,14,0,0,1
S_adaptive_W14,2025-03-30,88,14,14,74,87,10800.0,0.80,506519.9215116419,10800.0,506519.9215116419,2,0,14,14,0,0,0
S_adaptive_W14,2025-03-30,88,14,14,74,87,10800.0,0.90,525686.5064707593,10800.0,525686.5064707593,3,0,14,14,0,0,0
S_adaptive_W14,2025-03-31,89,14,14,75,88,10800.0,base,536494.2561958245,9917.189474999996,537286.1862817786,4,0,14,14,0,0,0
S_adaptive_W14,2025-03-31,89,14,14,75,88,10800.0,0.50,582138.8233167265,9345.376663888883,583443.7012616257,5,0,14,14,0,0,0
S_adaptive_W14,2025-03-31,89,14,14,75,88,10800.0,0.65,490196.2226834084,10800.0,490196.2226834084,1,1,14,14,0,0,1
S_adaptive_W14,2025-03-31,89,14,14,75,88,10800.0,0.80,498571.10563697095,10800.0,498571.10563697095,2,0,14,14,0,0,0
S_adaptive_W14,2025-03-31,89,14,14,75,88,10800.0,0.90,516971.64442649664,10800.0,516971.64442649664,3,0,14,14,0,0,0
S_adaptive_W14,2025-04-01,90,14,14,76,89,10800.0,base,544718.9835838162,9902.573939999995,545524.0246166396,4,0,14,14,0,0,0
S_adaptive_W14,2025-04-01,90,14,14,76,89,10800.0,0.50,599033.4594124977,9376.146583888883,600310.735029717,5,0,14,14,0,0,0
S_adaptive_W14,2025-04-01,90,14,14,76,89,10800.0,0.65,486935.25842285686,10800.0,486935.25842285686,1,1,14,14,0,0,1
S_adaptive_W14,2025-04-01,90,14,14,76,89,10800.0,0.80,493196.90165585576,10800.0,493196.90165585576,2,0,14,14,0,0,0
S_adaptive_W14,2025-04-01,90,14,14,76,89,10800.0,0.90,511355.9705105919,10800.0,511355.9705105919,3,0,14,14,0,0,0
S_adaptive_W14,2025-04-02,91,14,14,77,90,10800.0,base,539357.7507276393,9905.057616111102,540160.5637650089,4,0,14,14,0,0,0
S_adaptive_W14,2025-04-02,91,14,14,77,90,10800.0,0.50,585980.9093071393,9420.25564722222,587218.6166440451,5,0,14,14,0,0,0
S_adaptive_W14,2025-04-02,91,14,14,77,90,10800.0,0.65,473009.42856998503,10800.0,473009.42856998503,1,1,14,14,0,0,1
S_adaptive_W14,2025-04-02,91,14,14,77,90,10800.0,0.80,487426.54379579914,10800.0,487426.54379579914,2,0,14,14,0,0,0
S_adaptive_W14,2025-04-02,91,14,14,77,90,10800.0,0.90,510679.5135350632,10800.0,510679.5135350632,3,0,14,14,0,0,0
S_adaptive_W14,2025-04-03,92,14,14,78,91,10800.0,base,548625.2990527495,9859.686171111101,549468.8127969201,4,0,14,14,0,0,0
S_adaptive_W14,2025-04-03,92,14,14,78,91,10800.0,0.50,596020.9999813184,9334.247882222222,597335.8610616382,5,0,14,14,0,0,0
S_adaptive_W14,2025-04-03,92,14,14,78,91,10800.0,0.65,479514.124502134,10800.0,479514.124502134,1,1,14,14,0,0,1
S_adaptive_W14,2025-04-03,92,14,14,78,91,10800.0,0.80,488883.9126248915,10800.0,488883.9126248915,2,0,14,14,0,0,0
S_adaptive_W14,2025-04-03,92,14,14,78,91,10800.0,0.90,509768.3886536244,10800.0,509768.3886536244,3,0,14,14,0,0,0
S_adaptive_W14,2025-04-04,93,14,14,79,92,10800.0,base,542975.1253271876,9872.682340555548,543806.9807853571,4,0,14,14,0,0,0
S_adaptive_W14,2025-04-04,93,14,14,79,92,10800.0,0.50,581379.4889813379,9297.858409652486,582726.9934401902,5,0,14,14,0,0,0
S_adaptive_W14,2025-04-04,93,14,14,79,92,10800.0,0.65,480495.4425735755,10800.0,480495.4425735755,1,1,14,14,0,0,1
S_adaptive_W14,2025-04-04,93,14,14,79,92,10800.0,0.80,488619.54666398396,10800.0,488619.54666398396,2,0,14,14,0,0,0
S_adaptive_W14,2025-04-04,93,14,14,79,92,10800.0,0.90,509373.4295974136,10800.0,509373.4295974136,3,0,14,14,0,0,0
S_adaptive_W14,2025-04-05,94,14,14,80,93,10800.0,base,539391.4780146464,9825.647778333325,540265.5260881605,4,0,14,14,0,0,0
S_adaptive_W14,2025-04-05,94,14,14,80,93,10800.0,0.50,577583.5549480175,9371.170704999995,578865.2942050378,5,0,14,14,0,0,0
S_adaptive_W14,2025-04-05,94,14,14,80,93,10800.0,0.65,479495.25968202273,10800.0,479495.25968202273,1,1,14,14,0,0,1
S_adaptive_W14,2025-04-05,94,14,14,80,93,10800.0,0.80,487588.43384028896,10800.0,487588.43384028896,2,0,14,14,0,0,0
S_adaptive_W14,2025-04-05,94,14,14,80,93,10800.0,0.90,508327.36500527523,10800.0,508327.36500527523,3,0,14,14,0,0,0
S_adaptive_W14,2025-04-06,95,14,14,81,94,10800.0,base,539373.6015002953,9713.173728333324,540348.5450452176,4,0,14,14,0,0,0
S_adaptive_W14,2025-04-06,95,14,14,81,94,10800.0,0.50,578037.2562757151,9201.291894999997,579471.3862630171,5,0,14,14,0,0,0
S_adaptive_W14,2025-04-06,95,14,14,81,94,10800.0,0.65,478211.15259748104,10800.0,478211.15259748104,1,1,14,14,0,0,1
S_adaptive_W14,2025-04-06,95,14,14,81,94,10800.0,0.80,486399.0981266473,10800.0,486399.0981266473,2,0,14,14,0,0,0
S_adaptive_W14,2025-04-06,95,14,14,81,94,10800.0,0.90,507093.83410779695,10800.0,507093.83410779695,3,0,14,14,0,0,0
S_adaptive_W14,2025-04-07,96,14,14,82,95,10800.0,base,535279.3837651624,9770.7393124074,536202.6877830822,4,0,14,14,0,0,0
S_adaptive_W14,2025-04-07,96,14,14,82,95,10800.0,0.50,572851.3680908657,9211.35360611111,574276.472164317,5,0,14,14,0,0,0
S_adaptive_W14,2025-04-07,96,14,14,82,95,10800.0,0.65,474452.0126874518,10800.0,474452.0126874518,1,1,14,14,0,0,1
S_adaptive_W14,2025-04-07,96,14,14,82,95,10800.0,0.80,483613.24539586547,10800.0,483613.24539586547,2,0,14,14,0,0,0
S_adaptive_W14,2025-04-07,96,14,14,82,95,10800.0,0.90,503612.44746062113,10800.0,503612.44746062113,3,0,14,14,0,0,0
S_adaptive_W14,2025-04-08,97,14,14,83,96,10800.0,base,525482.943380632,9794.252399259249,526385.1548533632,4,0,14,14,0,0,0
S_adaptive_W14,2025-04-08,97,14,14,83,96,10800.0,0.50,560497.7314270331,9237.278736111111,561899.5792185894,5,0,14,14,0,0,0
S_adaptive_W14,2025-04-08,97,14,14,83,96,10800.0,0.65,468432.1410702267,10800.0,468432.1410702267,1,1,14,14,0,0,1
S_adaptive_W14,2025-04-08,97,14,14,83,96,10800.0,0.80,480863.39850499935,10800.0,480863.39850499935,2,0,14,14,0,0,0
S_adaptive_W14,2025-04-08,97,14,14,83,96,10800.0,0.90,500086.0975934205,10800.0,500086.0975934205,3,0,14,14,0,0,0
S_adaptive_W14,2025-04-09,98,14,14,84,97,10800.0,base,513795.08227299876,9694.404819814805,514786.86257157935,4,0,14,14,0,0,0
S_adaptive_W14,2025-04-09,98,14,14,84,97,10800.0,0.50,544626.2841982832,9177.173321296299,546082.0498861182,5,0,14,14,0,0,0
S_adaptive_W14,2025-04-09,98,14,14,84,97,10800.0,0.65,463675.2759571518,10761.96891,463709.3919577201,1,1,14,14,0,0,1
S_adaptive_W14,2025-04-09,98,14,14,84,97,10800.0,0.80,478822.8080277609,10800.0,478822.8080277609,2,0,14,14,0,0,0
S_adaptive_W14,2025-04-09,98,14,14,84,97,10800.0,0.90,497259.56709746155,10800.0,497259.56709746155,3,0,14,14,0,0,0
S_adaptive_W14,2025-04-10,99,14,14,85,98,10800.0,base,536518.7259698762,9645.326265370362,537554.5324583797,4,0,14,14,0,0,0
S_adaptive_W14,2025-04-10,99,14,14,85,98,10800.0,0.50,573390.3183115477,9107.12430537036,574908.9218582802,5,0,14,14,0,0,0
S_adaptive_W14,2025-04-10,99,14,14,85,98,10800.0,0.65,470064.1683288692,10716.28053,470139.2693445409,1,1,14,14,0,0,1
S_adaptive_W14,2025-04-10,99,14,14,85,98,10800.0,0.80,474947.7815691769,10800.0,474947.7815691769,2,0,14,14,0,0,0
S_adaptive_W14,2025-04-10,99,14,14,85,98,10800.0,0.90,493338.1635087445,10800.0,493338.1635087445,3,0,14,14,0,0,0
S_adaptive_W14,2025-04-11,100,14,14,86,99,10800.0,base,522776.9071573448,9656.407780555552,523802.77291108755,4,0,14,14,0,0,0
S_adaptive_W14,2025-04-11,100,14,14,86,99,10800.0,0.50,554701.606835756,9204.043304814808,556133.2686555979,5,0,14,14,0,0,0
S_adaptive_W14,2025-04-11,100,14,14,86,99,10800.0,0.65,470260.4804559053,10661.35902,470384.849117242,1,1,14,14,0,0,1
S_adaptive_W14,2025-04-11,100,14,14,86,99,10800.0,0.80,477029.17528942454,10800.0,477029.17528942454,2,0,14,14,0,0,0
S_adaptive_W14,2025-04-11,100,14,14,86,99,10800.0,0.90,495683.7581809346,10800.0,495683.7581809346,3,0,14,14,0,0,0
S_adaptive_W14,2025-04-12,101,14,14,87,100,10800.0,base,521129.46260623424,9433.365175555551,522355.40996791783,4,0,14,14,0,0,0
S_adaptive_W14,2025-04-12,101,14,14,87,100,10800.0,0.50,553396.0933340216,8984.113881481477,555025.0440648949,5,0,14,14,0,0,0
S_adaptive_W14,2025-04-12,101,14,14,87,100,10800.0,0.65,469161.7289438578,10800.0,469161.7289438578,1,1,14,14,0,0,1
S_adaptive_W14,2025-04-12,101,14,14,87,100,10800.0,0.80,476117.3087040829,10800.0,476117.3087040829,2,0,14,14,0,0,0
S_adaptive_W14,2025-04-12,101,14,14,87,100,10800.0,0.90,494711.0457682912,10800.0,494711.0457682912,3,0,14,14,0,0,0
S_adaptive_W14,2025-04-13,102,14,14,88,101,10800.0,base,518609.65633106657,9439.19476055555,519830.3742311393,4,0,14,14,0,0,0
S_adaptive_W14,2025-04-13,102,14,14,88,101,10800.0,0.50,550322.0712647618,8956.651442777777,551975.6573288434,5,0,14,14,0,0,0
S_adaptive_W14,2025-04-13,102,14,14,88,101,10800.0,0.65,468338.6703225828,10800.0,468338.6703225828,1,1,14,14,0,0,1
S_adaptive_W14,2025-04-13,102,14,14,88,101,10800.0,0.80,475327.6597882179,10800.0,475327.6597882179,2,0,14,14,0,0,0
S_adaptive_W14,2025-04-13,102,14,14,88,101,10800.0,0.90,493871.20465859957,10800.0,493871.20465859957,3,0,14,14,0,0,0
S_adaptive_W14,2025-04-14,103,14,14,89,102,10800.0,base,510849.3411867978,9483.092024259253,512030.6808025915,4,0,14,14,0,0,0
S_adaptive_W14,2025-04-14,103,14,14,89,102,10800.0,0.50,539741.5457240155,8976.232605555555,541377.566397243,5,0,14,14,0,0,0
S_adaptive_W14,2025-04-14,103,14,14,89,102,10800.0,0.65,469015.1532381749,10800.0,469015.1532381749,1,1,14,14,0,0,1
S_adaptive_W14,2025-04-14,103,14,14,89,102,10800.0,0.80,476247.284868312,10800.0,476247.284868312,2,0,14,14,0,0,0
S_adaptive_W14,2025-04-14,103,14,14,89,102,10800.0,0.90,495001.32575386413,10800.0,495001.32575386413,3,0,14,14,0,0,0
S_adaptive_W14,2025-04-15,104,14,14,90,103,10800.0,base,497732.9683899596,9507.091093888883,498892.77950701385,4,0,14,14,0,0,0
S_adaptive_W14,2025-04-15,104,14,14,90,103,10800.0,0.50,518875.353448362,9008.639380185186,520482.3034443703,5,0,14,14,0,0,0
S_adaptive_W14,2025-04-15,104,14,14,90,103,10800.0,0.65,467769.12777456664,10800.0,467769.12777456664,1,1,14,14,0,0,1
S_adaptive_W14,2025-04-15,104,14,14,90,103,10800.0,0.80,476275.99211162643,10800.0,476275.99211162643,2,0,14,14,0,0,0
S_adaptive_W14,2025-04-15,104,14,14,90,103,10800.0,0.90,494847.0107364752,10800.0,494847.0107364752,3,0,14,14,0,0,0
S_adaptive_W14,2025-04-16,105,14,14,91,104,10800.0,base,486268.79818775336,9583.661458888882,487359.92143349344,3,0,14,14,0,0,0
S_adaptive_W14,2025-04-16,105,14,14,91,104,10800.0,0.50,504488.12942022376,9121.728399814812,505993.632282901,5,0,14,14,0,0,0
S_adaptive_W14,2025-04-16,105,14,14,91,104,10800.0,0.65,466247.19342741504,10800.0,466247.19342741504,1,1,14,14,0,0,1
S_adaptive_W14,2025-04-16,105,14,14,91,104,10800.0,0.80,472750.04221438,10800.0,472750.04221438,2,0,14,14,0,0,0
S_adaptive_W14,2025-04-16,105,14,14,91,104,10800.0,0.90,491298.7426467325,10800.0,491298.7426467325,4,0,14,14,0,0,0
S_adaptive_W14,2025-04-17,106,14,14,92,105,10800.0,base,499113.62411234673,9545.215908518514,500239.23515263293,4,0,14,14,0,0,0
S_adaptive_W14,2025-04-17,106,14,14,92,105,10800.0,0.50,524214.96304996335,9104.765888888882,525735.6822273028,5,0,14,14,0,0,0
S_adaptive_W14,2025-04-17,106,14,14,92,105,10800.0,0.65,464753.120323309,10766.84148,464782.865357889,2,0,14,14,0,0,0
S_adaptive_W14,2025-04-17,106,14,14,92,105,10800.0,0.80,464574.54717949656,10800.0,464574.54717949656,1,1,14,14,0,0,1
S_adaptive_W14,2025-04-17,106,14,14,92,105,10800.0,0.90,484915.1112836773,10800.0,484915.1112836773,3,0,14,14,0,0,0
S_adaptive_W14,2025-04-18,107,14,14,93,106,10800.0,base,490860.30994707404,9592.287439629627,491943.69520886854,4,0,14,14,0,0,0
S_adaptive_W14,2025-04-18,107,14,14,93,106,10800.0,0.50,515148.18647184456,9226.449515740736,516559.7486756965,5,0,14,14,0,0,0
S_adaptive_W14,2025-04-18,107,14,14,93,106,10800.0,0.65,458600.4953658112,10800.0,458600.4953658112,1,1,14,14,0,0,1
S_adaptive_W14,2025-04-18,107,14,14,93,106,10800.0,0.80,461672.3500885756,10800.0,461672.3500885756,2,0,14,14,0,0,0
S_adaptive_W14,2025-04-18,107,14,14,93,106,10800.0,0.90,482008.0520650212,10800.0,482008.0520650212,3,0,14,14,0,0,0
S_adaptive_W14,2025-04-19,108,14,14,94,107,10800.0,base,490286.1410164131,9802.199982777776,491181.2230651957,4,0,14,14,0,0,0
S_adaptive_W14,2025-04-19,108,14,14,94,107,10800.0,0.50,514887.3205975801,9445.63259444444,516102.2634029971,5,0,14,14,0,0,0
S_adaptive_W14,2025-04-19,108,14,14,94,107,10800.0,0.65,458043.0278644563,10800.0,458043.0278644563,1,1,14,14,0,0,1
S_adaptive_W14,2025-04-19,108,14,14,94,107,10800.0,0.80,461021.60255713563,10800.0,461021.60255713563,2,0,14,14,0,0,0
S_adaptive_W14,2025-04-19,108,14,14,94,107,10800.0,0.90,481509.2999097745,10800.0,481509.2999097745,3,0,14,14,0,0,0
S_adaptive_W14,2025-04-20,109,14,14,95,108,10800.0,base,488636.753800292,9845.294738518516,489493.1774590221,4,0,14,14,0,0,0
S_adaptive_W14,2025-04-20,109,14,14,95,108,10800.0,0.50,513436.51122710627,9444.631383333335,514652.35217451275,5,0,14,14,0,0,0
S_adaptive_W14,2025-04-20,109,14,14,95,108,10800.0,0.65,457011.44867674296,10800.0,457011.44867674296,1,1,14,14,0,0,1
S_adaptive_W14,2025-04-20,109,14,14,95,108,10800.0,0.80,459946.51366648066,10800.0,459946.51366648066,2,0,14,14,0,0,0
S_adaptive_W14,2025-04-20,109,14,14,95,108,10800.0,0.90,480504.96571257286,10800.0,480504.96571257286,3,0,14,14,0,0,0
S_adaptive_W14,2025-04-21,110,14,14,96,109,10800.0,base,485744.34845069377,9809.527702962961,486632.85712737474,4,0,14,14,0,0,0
S_adaptive_W14,2025-04-21,110,14,14,96,109,10800.0,0.50,518370.53224576736,9427.473584855969,519601.7646916191,5,0,14,14,0,0,0
S_adaptive_W14,2025-04-21,110,14,14,96,109,10800.0,0.65,453366.4131548427,10800.0,453366.4131548427,1,1,14,14,0,0,1
S_adaptive_W14,2025-04-21,110,14,14,96,109,10800.0,0.80,456008.9108913159,10800.0,456008.9108913159,2,0,14,14,0,0,0
S_adaptive_W14,2025-04-21,110,14,14,96,109,10800.0,0.90,476736.4966929172,10800.0,476736.4966929172,3,0,14,14,0,0,0
S_adaptive_W14,2025-04-22,111,14,14,97,110,10800.0,base,484893.9808794935,9884.43871537037,485715.2902163221,4,0,14,14,0,0,0
S_adaptive_W14,2025-04-22,111,14,14,97,110,10800.0,0.50,517644.7752203076,9537.922684629635,518776.92868760123,5,0,14,14,0,0,0
S_adaptive_W14,2025-04-22,111,14,14,97,110,10800.0,0.65,452429.8104656578,10800.0,452429.8104656578,1,1,14,14,0,0,1
S_adaptive_W14,2025-04-22,111,14,14,97,110,10800.0,0.80,454807.99667127966,10800.0,454807.99667127966,2,0,14,14,0,0,0
S_adaptive_W14,2025-04-22,111,14,14,97,110,10800.0,0.90,475768.1627659215,10800.0,475768.1627659215,3,0,14,14,0,0,0
S_adaptive_W14,2025-04-23,112,14,14,98,111,10761.96891,base,499434.97633810795,9755.051516296293,500338.23718011536,4,0,14,14,0,0,0
S_adaptive_W14,2025-04-23,112,14,14,98,111,10761.96891,0.50,531150.5750927861,9395.960198333332,532375.960796524,5,0,14,14,0,0,0
S_adaptive_W14,2025-04-23,112,14,14,98,111,10761.96891,0.65,455494.2979035153,10689.541556666667,455559.26926319714,2,0,14,14,0,0,0
S_adaptive_W14,2025-04-23,112,14,14,98,111,10761.96891,0.80,450070.3990716306,10800.0,450036.2830710623,1,1,14,14,0,0,1
S_adaptive_W14,2025-04-23,112,14,14,98,111,10761.96891,0.90,471098.2857750786,10800.0,471064.16977451026,3,0,14,14,0,0,0
S_adaptive_W14,2025-04-24,113,14,14,99,112,10716.28053,base,471113.194108883,9822.443520185183,471915.01556429855,4,0,14,14,0,0,0
S_adaptive_W14,2025-04-24,113,14,14,99,112,10716.28053,0.50,497723.646927131,9513.659543333335,498802.464764448,5,0,14,14,0,0,0
S_adaptive_W14,2025-04-24,113,14,14,99,112,10716.28053,0.65,443810.33046828234,10800.0,443735.22945261066,1,1,14,14,0,0,1
S_adaptive_W14,2025-04-24,113,14,14,99,112,10716.28053,0.80,447920.2952954447,10800.0,447845.19427977304,2,0,14,14,0,0,0
S_adaptive_W14,2025-04-24,113,14,14,99,112,10716.28053,0.90,468456.516697719,10800.0,468381.4156820473,3,0,14,14,0,0,0
S_adaptive_W14,2025-04-25,114,14,14,100,113,10661.35902,base,463657.60026039614,9763.890598518517,464462.6792938218,4,0,14,14,0,0,0
S_adaptive_W14,2025-04-25,114,14,14,100,113,10661.35902,0.50,490559.8001384378,9399.124634542753,491692.09450632543,5,0,14,14,0,0,0
S_adaptive_W14,2025-04-25,114,14,14,100,113,10661.35902,0.65,436944.94224765844,10800.0,436820.5735863218,1,1,14,14,0,0,1
S_adaptive_W14,2025-04-25,114,14,14,100,113,10661.35902,0.80,441695.21419366915,10800.0,441570.8455323325,2,0,14,14,0,0,0
S_adaptive_W14,2025-04-25,114,14,14,100,113,10661.35902,0.90,461479.82330461784,10800.0,461355.4546432812,3,0,14,14,0,0,0
S_adaptive_W14,2025-04-26,115,14,14,101,114,10800.0,base,463111.43939371477,9909.13735388889,463910.5926796457,4,0,14,14,0,0,0
S_adaptive_W14,2025-04-26,115,14,14,101,114,10800.0,0.50,489894.0268896456,9507.649400740742,491053.33717443666,5,0,14,14,0,0,0
S_adaptive_W14,2025-04-26,115,14,14,101,114,10800.0,0.65,435429.59658567933,10800.0,435429.59658567933,1,1,14,14,0,0,1
S_adaptive_W14,2025-04-26,115,14,14,101,114,10800.0,0.80,439978.5342576905,10800.0,439978.5342576905,2,0,14,14,0,0,0
S_adaptive_W14,2025-04-26,115,14,14,101,114,10800.0,0.90,459766.7052786309,10800.0,459766.7052786309,3,0,14,14,0,0,0
S_adaptive_W14,2025-04-27,116,14,14,102,115,10800.0,base,464794.07023926545,9825.222551481478,465668.49976488925,4,0,14,14,0,0,0
S_adaptive_W14,2025-04-27,116,14,14,102,115,10800.0,0.50,492005.2408646941,9368.558495740739,493289.3234185427,5,0,14,14,0,0,0
S_adaptive_W14,2025-04-27,116,14,14,102,115,10800.0,0.65,434838.03696441924,10702.624784999998,434925.3879420084,1,1,14,14,0,0,1
S_adaptive_W14,2025-04-27,116,14,14,102,115,10800.0,0.80,438302.54953824705,10800.0,438302.54953824705,2,0,14,14,0,0,0
S_adaptive_W14,2025-04-27,116,14,14,102,115,10800.0,0.90,458020.69104583416,10800.0,458020.69104583416,3,0,14,14,0,0,0
S_adaptive_W14,2025-04-28,117,14,14,103,116,10800.0,base,466561.01868694974,9769.815036851847,467485.15183139156,4,0,14,14,0,0,0
S_adaptive_W14,2025-04-28,117,14,14,103,116,10800.0,0.50,492103.94272715267,9309.603734259257,493440.91097731463,5,0,14,14,0,0,0
S_adaptive_W14,2025-04-28,117,14,14,103,116,10800.0,0.65,432658.0796533609,10732.613434999997,432718.52914586395,2,0,14,14,0,0,0
S_adaptive_W14,2025-04-28,117,14,14,103,116,10800.0,0.80,432522.9570219729,10800.0,432522.9570219729,1,1,14,14,0,0,1
S_adaptive_W14,2025-04-28,117,14,14,103,116,10800.0,0.90,451926.6687191807,10800.0,451926.6687191807,3,0,14,14,0,0,0
S_adaptive_W14,2025-04-29,118,14,14,104,117,10800.0,base,501585.5989029389,9703.86983518518,502568.88855689805,4,0,14,14,0,0,0
S_adaptive_W14,2025-04-29,118,14,14,104,117,10800.0,0.50,530130.8854913295,9274.517979074071,531499.3276131012,5,0,14,14,0,0,0
S_adaptive_W14,2025-04-29,118,14,14,104,117,10800.0,0.65,452083.8839139944,10770.868744999996,452110.0162681325,3,0,14,14,0,0,0
S_adaptive_W14,2025-04-29,118,14,14,104,117,10800.0,0.80,434070.27090715,10800.0,434070.27090715,1,1,14,14,0,0,1
S_adaptive_W14,2025-04-29,118,14,14,104,117,10800.0,0.90,448927.2840304484,10800.0,448927.2840304484,2,0,14,14,0,0,0
S_adaptive_W14,2025-04-30,119,14,14,105,118,10800.0,base,500050.41360948584,9917.83949518518,500841.7605912217,4,0,14,14,0,0,0
S_adaptive_W14,2025-04-30,119,14,14,105,118,10800.0,0.50,527789.0176520948,9472.768179074072,528979.6183305666,5,0,14,14,0,0,0
S_adaptive_W14,2025-04-30,119,14,14,105,118,10800.0,0.65,452976.1940826829,10800.0,452976.1940826829,3,0,14,14,0,0,0
S_adaptive_W14,2025-04-30,119,14,14,105,118,10800.0,0.80,436817.4858995637,10800.0,436817.4858995637,1,1,14,14,0,0,1
S_adaptive_W14,2025-04-30,119,14,14,105,118,10800.0,0.90,451736.32813715434,10800.0,451736.32813715434,2,0,14,14,0,0,0
S_adaptive_W14,2025-05-01,120,14,14,106,119,10766.84148,base,470393.3960192462,9824.54404592592,471238.6891674681,4,0,14,14,0,0,0
S_adaptive_W14,2025-05-01,120,14,14,106,119,10766.84148,0.50,493057.1584630336,9391.278040740735,494291.11528824025,5,0,14,14,0,0,0
S_adaptive_W14,2025-05-01,120,14,14,106,119,10766.84148,0.65,440610.0027325236,10800.0,440580.2576979436,2,0,14,14,0,0,0
S_adaptive_W14,2025-05-01,120,14,14,106,119,10766.84148,0.80,435154.3359481607,10800.0,435124.5909135807,1,1,14,14,0,0,1
S_adaptive_W14,2025-05-01,120,14,14,106,119,10766.84148,0.90,450074.536672597,10800.0,450044.791638017,3,0,14,14,0,0,0
S_adaptive_W14,2025-05-02,121,14,14,107,120,10800.0,base,483855.66017946147,9014.538398148145,485457.3184286338,4,0,14,14,0,0,0
S_adaptive_W14,2025-05-02,121,14,14,107,120,10800.0,0.50,512628.5820754607,8499.548263703697,514692.2150857927,5,0,14,14,0,0,0
S_adaptive_W14,2025-05-02,121,14,14,107,120,10800.0,0.65,452216.3851001805,10133.881604999997,452813.930307073,2,0,14,14,0,0,0
S_adaptive_W14,2025-05-02,121,14,14,107,120,10800.0,0.80,442415.841979229,10297.525324444441,442866.58967846207,1,1,14,14,0,0,1
S_adaptive_W14,2025-05-02,121,14,14,107,120,10800.0,0.90,455071.1609246307,10384.516398888885,455443.87279724964,3,0,14,14,0,0,0
S_adaptive_W14,2025-05-03,122,14,14,108,121,10800.0,base,497786.50211446756,8420.418822037032,499921.11863005464,4,0,14,14,0,0,0
S_adaptive_W14,2025-05-03,122,14,14,108,121,10800.0,0.50,526842.764456097,7886.723152037029,529456.1356374336,5,0,14,14,0,0,0
S_adaptive_W14,2025-05-03,122,14,14,108,121,10800.0,0.65,461634.19079615275,9747.672416666663,462578.18710104626,3,0,14,14,0,0,0
S_adaptive_W14,2025-05-03,122,14,14,108,121,10800.0,0.80,449131.38661246933,10037.891179444441,449815.0405638866,1,1,14,14,0,0,1
S_adaptive_W14,2025-05-03,122,14,14,108,121,10800.0,0.90,458723.19185164466,10171.361883888883,459287.1151661361,2,0,14,14,0,0,0
S_adaptive_W14,2025-05-04,123,14,14,109,122,10800.0,base,506085.4498878538,8133.928342777777,508477.0642794742,4,0,14,14,0,0,0
S_adaptive_W14,2025-05-04,123,14,14,109,122,10800.0,0.50,534083.3884284646,7657.196270896198,536902.657973678,5,0,14,14,0,0,0
S_adaptive_W14,2025-05-04,123,14,14,109,122,10800.0,0.65,468650.05880549655,9602.412310370366,469724.36149574374,3,0,14,14,0,0,0
S_adaptive_W14,2025-05-04,123,14,14,109,122,10800.0,0.80,454213.83317914035,9984.37927944444,454945.49027774093,1,1,14,14,0,0,1
S_adaptive_W14,2025-05-04,123,14,14,109,122,10800.0,0.90,461025.0561458943,10199.004783888886,461564.18224336905,2,0,14,14,0,0,0
S_adaptive_W14,2025-05-05,124,14,14,110,123,10800.0,base,516680.2725625751,7594.453955185182,519555.8254506654,4,0,14,14,0,0,0
S_adaptive_W14,2025-05-05,124,14,14,110,123,10800.0,0.50,536053.1368035164,7190.994235185176,539290.6154748756,5,0,14,14,0,0,0
S_adaptive_W14,2025-05-05,124,14,14,110,123,10800.0,0.65,477522.04454966006,9321.738688333327,478848.1270718535,3,0,14,14,0,0,0
S_adaptive_W14,2025-05-05,124,14,14,110,123,10800.0,0.80,459808.78429957386,9854.965223703699,460656.5329958437,1,1,14,14,0,0,1
S_adaptive_W14,2025-05-05,124,14,14,110,123,10800.0,0.90,463684.8754892746,10107.892530000001,464305.7343402796,2,0,14,14,0,0,0
S_adaptive_W14,2025-05-06,125,14,14,111,124,10800.0,base,550589.1279838606,7081.332589444445,553924.9792437628,4,0,14,14,0,0,0
S_adaptive_W14,2025-05-06,125,14,14,111,124,10800.0,0.50,574130.1619521485,6836.457676111105,577685.6796134727,5,0,14,14,0,0,0
S_adaptive_W14,2025-05-06,125,14,14,111,124,10800.0,0.65,491010.2307724115,9064.704959259254,492566.886829236,3,0,14,14,0,0,0
S_adaptive_W14,2025-05-06,125,14,14,111,124,10800.0,0.80,462233.1840441747,9942.047803518515,463002.8148284295,1,1,14,14,0,0,1
S_adaptive_W14,2025-05-06,125,14,14,111,124,10800.0,0.90,463229.5424677064,10399.651156296297,463588.67762211105,2,0,14,14,0,0,0
S_adaptive_W14,2025-05-07,126,14,14,112,125,10689.541556666667,base,539389.9746345435,6361.542486011248,543272.4302453143,4,0,14,14,0,0,0
S_adaptive_W14,2025-05-07,126,14,14,112,125,10689.541556666667,0.50,557508.7630132156,6272.2466637037,561471.3219374752,5,0,14,14,0,0,0
S_adaptive_W14,2025-05-07,126,14,14,112,125,10689.541556666667,0.65,491020.80961888726,8596.749472592584,492898.16038452863,3,0,14,14,0,0,0
S_adaptive_W14,2025-05-07,126,14,14,112,125,10689.541556666667,0.80,468056.3404702045,9667.680834629626,468973.0063079118,1,1,14,14,0,0,1
S_adaptive_W14,2025-05-07,126,14,14,112,125,10689.541556666667,0.90,469498.7082703714,10537.231528333334,469635.33882745466,2,0,14,14,0,0,0
S_adaptive_W14,2025-05-08,127,14,14,113,126,10800.0,base,568702.606587089,5876.258625283489,573119.4761413973,4,0,14,14,0,0,0
S_adaptive_W14,2025-05-08,127,14,14,113,126,10800.0,0.50,588065.3881481538,5970.169088518517,592398.0147996922,5,0,14,14,0,0,0
S_adaptive_W14,2025-05-08,127,14,14,113,126,10800.0,0.65,502803.89395089314,8440.520752592583,504920.477917998,3,0,14,14,0,0,0
S_adaptive_W14,2025-05-08,127,14,14,113,126,10800.0,0.80,472572.63124898804,9846.416244629627,473428.04885443056,2,0,14,14,0,0,0
S_adaptive_W14,2025-05-08,127,14,14,113,126,10800.0,0.90,471709.94888464105,10800.0,471709.94888464105,1,1,14,14,0,0,1
S_adaptive_W14,2025-05-09,128,14,14,114,127,10800.0,base,580467.0166076348,5939.168832962951,584827.452210643,4,0,14,14,0,0,0
S_adaptive_W14,2025-05-09,128,14,14,114,127,10800.0,0.50,600874.4357422922,6431.544609444435,604793.1829195867,5,0,14,14,0,0,0
S_adaptive_W14,2025-05-09,128,14,14,114,127,10800.0,0.65,509058.6361213479,9451.183083703696,510268.5998295388,3,0,14,14,0,0,0
S_adaptive_W14,2025-05-09,128,14,14,114,127,10800.0,0.80,479738.73419369594,10800.0,479738.73419369594,2,0,14,14,0,0,0
S_adaptive_W14,2025-05-09,128,14,14,114,127,10800.0,0.90,479522.2373141352,10800.0,479522.2373141352,1,1,14,14,0,0,1
S_adaptive_W14,2025-05-10,129,14,14,115,128,10800.0,base,585574.8033377506,6486.666000370362,589444.103565085,4,0,14,14,0,0,0
S_adaptive_W14,2025-05-10,129,14,14,115,128,10800.0,0.50,603912.0537739575,7295.90420592593,607055.4223732306,5,0,14,14,0,0,0
S_adaptive_W14,2025-05-10,129,14,14,115,128,10800.0,0.65,512836.9435742556,10800.0,512836.9435742556,3,0,14,14,0,0,0
S_adaptive_W14,2025-05-10,129,14,14,115,128,10800.0,0.80,484360.3932235093,10800.0,484360.3932235093,2,0,14,14,0,0,0
S_adaptive_W14,2025-05-10,129,14,14,115,128,10800.0,0.90,484285.28199108184,10800.0,484285.28199108184,1,1,14,14,0,0,1
S_adaptive_W14,2025-05-11,130,14,14,116,129,10702.624784999998,base,585092.2336605907,6399.44085851851,588952.4287084183,4,0,14,14,0,0,0
S_adaptive_W14,2025-05-11,130,14,14,116,129,10702.624784999998,0.50,603478.4422764323,8086.633186568352,605825.132073092,5,0,14,14,0,0,0
S_adaptive_W14,2025-05-11,130,14,14,116,129,10702.624784999998,0.65,516711.9141692008,10800.0,516624.56319161167,3,0,14,14,0,0,0
S_adaptive_W14,2025-05-11,130,14,14,116,129,10702.624784999998,0.80,489994.95907611935,10800.0,489907.6080985302,1,1,14,14,0,0,1
S_adaptive_W14,2025-05-11,130,14,14,116,129,10702.624784999998,0.90,490126.2655161302,10800.0,490038.91453854105,2,0,14,14,0,0,0
S_adaptive_W14,2025-05-12,131,14,14,117,130,10732.613434999997,base,584161.3431472903,6486.434083148138,587970.4019247543,4,0,14,14,0,0,0
S_adaptive_W14,2025-05-12,131,14,14,117,130,10732.613434999997,0.50,599435.6610527568,8555.764367222226,601388.4156026128,5,0,14,14,0,0,0
S_adaptive_W14,2025-05-12,131,14,14,117,130,10732.613434999997,0.65,524430.3840346363,10800.0,524369.9345421332,3,0,14,14,0,0,0
S_adaptive_W14,2025-05-12,131,14,14,117,130,10732.613434999997,0.80,502470.6165708946,10800.0,502410.16707839153,1,1,14,14,0,0,1
S_adaptive_W14,2025-05-12,131,14,14,117,130,10732.613434999997,0.90,503118.8815440779,10800.0,503058.4320515748,2,0,14,14,0,0,0
S_adaptive_W14,2025-05-13,132,14,14,118,131,10800.0,base,553810.4409490074,6613.3790711111005,557566.0725122724,4,0,14,14,0,0,0
S_adaptive_W14,2025-05-13,132,14,14,118,131,10800.0,0.50,563253.8116428221,8913.567850555562,564946.0460826599,5,0,14,14,0,0,0
S_adaptive_W14,2025-05-13,132,14,14,118,131,10800.0,0.65,507972.0068807033,10800.0,507972.0068807033,2,0,14,14,0,0,0
S_adaptive_W14,2025-05-13,132,14,14,118,131,10800.0,0.80,505139.31995551276,10800.0,505139.31995551276,1,1,14,14,0,0,1
S_adaptive_W14,2025-05-13,132,14,14,118,131,10800.0,0.90,510374.62856112426,10800.0,510374.62856112426,3,0,14,14,0,0,0
S_adaptive_W14,2025-05-14,133,14,14,119,132,10800.0,base,560185.0161878407,6811.46009074073,563762.9580719968,4,0,14,14,0,0,0
S_adaptive_W14,2025-05-14,133,14,14,119,132,10800.0,0.50,568887.9554388011,9313.166324074082,570221.7278479775,5,0,14,14,0,0,0
S_adaptive_W14,2025-05-14,133,14,14,119,132,10800.0,0.65,507878.89903720806,10800.0,507878.89903720806,2,0,14,14,0,0,0
S_adaptive_W14,2025-05-14,133,14,14,119,132,10800.0,0.80,505582.8286713149,10800.0,505582.8286713149,1,1,14,14,0,0,1
S_adaptive_W14,2025-05-14,133,14,14,119,132,10800.0,0.90,510445.27889870683,10800.0,510445.27889870683,3,0,14,14,0,0,0
S_adaptive_W14,2025-05-15,134,14,14,120,133,10800.0,base,562463.9713916208,6833.322731481477,566022.3012724413,4,0,14,14,0,0,0
S_adaptive_W14,2025-05-15,134,14,14,120,133,10800.0,0.50,568495.62357787,10093.51939740741,569129.3759273179,5,0,14,14,0,0,0
S_adaptive_W14,2025-05-15,134,14,14,120,133,10800.0,0.65,513384.5814549296,10800.0,513384.5814549296,2,0,14,14,0,0,0
S_adaptive_W14,2025-05-15,134,14,14,120,133,10800.0,0.80,512207.7263435216,10800.0,512207.7263435216,1,1,14,14,0,0,1
S_adaptive_W14,2025-05-15,134,14,14,120,133,10800.0,0.90,517253.91596708586,10800.0,517253.91596708586,3,0,14,14,0,0,0
S_adaptive_W14,2025-05-16,135,14,14,121,134,10297.525324444441,base,552439.6362418849,7184.796171111095,555231.9272218223,5,0,14,14,0,0,0
S_adaptive_W14,2025-05-16,135,14,14,121,134,10297.525324444441,0.50,548313.7480446682,10551.77928537037,548085.6681164976,4,0,14,14,0,0,0
S_adaptive_W14,2025-05-16,135,14,14,121,134,10297.525324444441,0.65,503066.7852113897,10800.0,502616.03751215665,1,1,14,14,0,0,1
S_adaptive_W14,2025-05-16,135,14,14,121,134,10297.525324444441,0.80,506382.7362556339,10800.0,505931.9885564008,2,0,14,14,0,0,0
S_adaptive_W14,2025-05-16,135,14,14,121,134,10297.525324444441,0.90,513362.0291768468,10800.0,512911.2814776137,3,0,14,14,0,0,0
S_adaptive_W14,2025-05-17,136,14,14,122,135,10037.891179444441,base,539147.3190814957,7011.839223148133,541861.855800291,5,0,14,14,0,0,0
S_adaptive_W14,2025-05-17,136,14,14,122,135,10037.891179444441,0.50,534856.687713204,10800.0,534173.0337617866,4,0,14,14,0,0,0
S_adaptive_W14,2025-05-17,136,14,14,122,135,10037.891179444441,0.65,496126.5978300631,10800.0,495442.94387864583,1,1,14,14,0,0,1
S_adaptive_W14,2025-05-17,136,14,14,122,135,10037.891179444441,0.80,502984.70719516685,10800.0,502301.0532437496,2,0,14,14,0,0,0
S_adaptive_W14,2025-05-17,136,14,14,122,135,10037.891179444441,0.90,513261.5209948826,10800.0,512577.8670434654,3,0,14,14,0,0,0
S_adaptive_W14,2025-05-18,137,14,14,123,136,9984.37927944444,base,536024.1051761686,7218.798065800165,538504.9851682083,5,0,14,14,0,0,0
S_adaptive_W14,2025-05-18,137,14,14,123,136,9984.37927944444,0.50,531712.4617895915,10800.0,530980.8046909908,4,0,14,14,0,0,0
S_adaptive_W14,2025-05-18,137,14,14,123,136,9984.37927944444,0.65,491449.62949339824,10800.0,490717.97239479766,1,1,14,14,0,0,1
S_adaptive_W14,2025-05-18,137,14,14,123,136,9984.37927944444,0.80,500929.73283318407,10800.0,500198.0757345835,2,0,14,14,0,0,0
S_adaptive_W14,2025-05-18,137,14,14,123,136,9984.37927944444,0.90,514319.79544045805,10800.0,513588.13834185747,3,0,14,14,0,0,0
S_adaptive_W14,2025-05-19,138,14,14,124,137,9854.965223703699,base,526993.6937512595,7733.675500555555,528896.6084823525,5,0,14,14,0,0,0
S_adaptive_W14,2025-05-19,138,14,14,124,137,9854.965223703699,0.50,524326.225394752,10800.0,523478.4766984822,4,0,14,14,0,0,0
S_adaptive_W14,2025-05-19,138,14,14,124,137,9854.965223703699,0.65,487058.1809360014,10800.0,486210.4322397316,1,1,14,14,0,0,1
S_adaptive_W14,2025-05-19,138,14,14,124,137,9854.965223703699,0.80,500503.5507876909,10800.0,499655.8020914211,2,0,14,14,0,0,0
S_adaptive_W14,2025-05-19,138,14,14,124,137,9854.965223703699,0.90,516785.326430867,10800.0,515937.5777345972,3,0,14,14,0,0,0
S_adaptive_W14,2025-05-20,139,14,14,125,138,9942.047803518515,base,493776.44607811276,8166.304622672614,495369.3863637305,3,0,14,14,0,0,0
S_adaptive_W14,2025-05-20,139,14,14,125,138,9942.047803518515,0.50,488645.6940108681,10633.929945000002,488025.0372920624,2,0,14,14,0,0,0
S_adaptive_W14,2025-05-20,139,14,14,125,138,9942.047803518515,0.65,475778.30417997437,10800.0,475008.67339571955,1,1,14,14,0,0,1
S_adaptive_W14,2025-05-20,139,14,14,125,138,9942.047803518515,0.80,500827.6396591046,10800.0,500058.00887484977,4,0,14,14,0,0,0
S_adaptive_W14,2025-05-20,139,14,14,125,138,9942.047803518515,0.90,520182.31205680827,10800.0,519412.68127255345,5,0,14,14,0,0,0
S_adaptive_W14,2025-05-21,140,14,14,126,139,9667.680834629626,base,514761.6732858562,8399.138884551892,515899.6258896287,3,0,14,14,0,0,0
S_adaptive_W14,2025-05-21,140,14,14,126,139,9667.680834629626,0.50,516436.1466091842,10296.222477777781,515872.30983630015,5,0,14,14,0,0,0
S_adaptive_W14,2025-05-21,140,14,14,126,139,9667.680834629626,0.65,485127.8596343936,10800.0,484112.10643643606,1,1,14,14,0,0,1
S_adaptive_W14,2025-05-21,140,14,14,126,139,9667.680834629626,0.80,497197.41839508415,10800.0,496181.6651971266,2,0,14,14,0,0,0
S_adaptive_W14,2025-05-21,140,14,14,126,139,9667.680834629626,0.90,516347.034405912,10800.0,515331.28120795445,4,0,14,14,0,0,0
S_adaptive_W14,2025-05-22,141,14,14,127,140,9846.416244629627,base,491133.77363446204,8752.29459462962,492115.26153904817,2,0,14,14,0,0,0
S_adaptive_W14,2025-05-22,141,14,14,127,140,9846.416244629627,0.50,491442.47621026926,10042.780928333337,491266.3261798379,3,0,14,14,0,0,0
S_adaptive_W14,2025-05-22,141,14,14,127,140,9846.416244629627,0.65,475922.61758854234,10800.0,475067.1999830998,1,1,14,14,0,0,1
S_adaptive_W14,2025-05-22,141,14,14,127,140,9846.416244629627,0.80,495866.42585207324,10800.0,495011.0082466307,4,0,14,14,0,0,0
S_adaptive_W14,2025-05-22,141,14,14,127,140,9846.416244629627,0.90,518753.60799186706,10800.0,517898.19038642454,5,0,14,14,0,0,0
S_adaptive_W14,2025-05-23,142,14,14,128,141,10800.0,base,484882.9087422534,9793.106211666658,485786.1484089322,2,0,14,14,0,0,0
S_adaptive_W14,2025-05-23,142,14,14,128,141,10800.0,0.50,489624.5365878412,10182.917875555559,490178.09353580815,3,0,14,14,0,0,0
S_adaptive_W14,2025-05-23,142,14,14,128,141,10800.0,0.65,471680.7845443532,10800.0,471680.7845443532,1,1,14,14,0,0,1
S_adaptive_W14,2025-05-23,142,14,14,128,141,10800.0,0.80,490381.07856834447,10800.0,490381.07856834447,4,0,14,14,0,0,0
S_adaptive_W14,2025-05-23,142,14,14,128,141,10800.0,0.90,513641.3188165039,10800.0,513641.3188165039,5,0,14,14,0,0,0
S_adaptive_W14,2025-05-24,143,14,14,129,142,10800.0,base,483309.9356229493,9938.904671851844,484082.38597092754,2,0,14,14,0,0,0
S_adaptive_W14,2025-05-24,143,14,14,129,142,10800.0,0.50,491103.1475903443,10243.294930000002,491602.54296619375,4,0,14,14,0,0,0
S_adaptive_W14,2025-05-24,143,14,14,129,142,10800.0,0.65,469818.90892842325,10800.0,469818.90892842325,1,1,14,14,0,0,1
S_adaptive_W14,2025-05-24,143,14,14,129,142,10800.0,0.80,488080.9495226878,10800.0,488080.9495226878,3,0,14,14,0,0,0
S_adaptive_W14,2025-05-24,143,14,14,129,142,10800.0,0.90,511420.18726765894,10800.0,511420.18726765894,5,0,14,14,0,0,0
S_adaptive_W14,2025-05-25,144,14,14,130,143,10800.0,base,483593.4419616692,10033.939753703706,484280.6405614995,2,0,14,14,0,0,0
S_adaptive_W14,2025-05-25,144,14,14,130,143,10800.0,0.50,490634.88470897224,10175.032900000002,491195.5149180667,4,0,14,14,0,0,0
S_adaptive_W14,2025-05-25,144,14,14,130,143,10800.0,0.65,467365.5321074949,10800.0,467365.5321074949,1,1,14,14,0,0,1
S_adaptive_W14,2025-05-25,144,14,14,130,143,10800.0,0.80,485264.25126466446,10800.0,485264.25126466446,3,0,14,14,0,0,0
S_adaptive_W14,2025-05-25,144,14,14,130,143,10800.0,0.90,508707.429872574,10800.0,508707.429872574,5,0,14,14,0,0,0
S_adaptive_W14,2025-05-26,145,14,14,131,144,10800.0,base,482859.56600742217,10040.434226296298,483540.9387045329,3,0,14,14,0,0,0
S_adaptive_W14,2025-05-26,145,14,14,131,144,10800.0,0.50,492263.05202245864,10121.04132,492872.1156783453,4,0,14,14,0,0,0
S_adaptive_W14,2025-05-26,145,14,14,131,144,10800.0,0.65,462014.0501834158,10800.0,462014.0501834158,1,1,14,14,0,0,1
S_adaptive_W14,2025-05-26,145,14,14,131,144,10800.0,0.80,476356.3037801988,10800.0,476356.3037801988,2,0,14,14,0,0,0
S_adaptive_W14,2025-05-26,145,14,14,131,144,10800.0,0.90,500019.1770525899,10800.0,500019.1770525899,5,0,14,14,0,0,0
S_adaptive_W14,2025-05-27,146,14,14,132,145,10800.0,base,510970.756578966,9931.869701296298,511749.51768636424,4,0,14,14,0,0,0
S_adaptive_W14,2025-05-27,146,14,14,132,145,10800.0,0.50,530142.1417021053,9990.4407,530868.3613697219,5,0,14,14,0,0,0
S_adaptive_W14,2025-05-27,146,14,14,132,145,10800.0,0.65,475811.1281076968,10800.0,475811.1281076968,2,0,14,14,0,0,0
S_adaptive_W14,2025-05-27,146,14,14,132,145,10800.0,0.80,469565.1653818578,10800.0,469565.1653818578,1,1,14,14,0,0,1
S_adaptive_W14,2025-05-27,146,14,14,132,145,10800.0,0.90,493515.42225491477,10800.0,493515.42225491477,3,0,14,14,0,0,0
S_adaptive_W14,2025-05-28,147,14,14,133,146,10800.0,base,501029.3423447079,9847.139447592594,501884.11119691475,4,0,14,14,0,0,0
S_adaptive_W14,2025-05-28,147,14,14,133,146,10800.0,0.50,519724.6574927909,9874.56549796296,520554.823654146,5,0,14,14,0,0,0
S_adaptive_W14,2025-05-28,147,14,14,133,146,10800.0,0.65,475565.5224101733,10800.0,475565.5224101733,2,0,14,14,0,0,0
S_adaptive_W14,2025-05-28,147,14,14,133,146,10800.0,0.80,469548.7776241828,10800.0,469548.7776241828,1,1,14,14,0,0,1
S_adaptive_W14,2025-05-28,147,14,14,133,146,10800.0,0.90,494157.29474835884,10800.0,494157.29474835884,3,0,14,14,0,0,0
S_adaptive_W14,2025-05-29,148,14,14,134,147,10800.0,base,516440.7113058901,9980.537331707817,517175.814845052,4,0,14,14,0,0,0
S_adaptive_W14,2025-05-29,148,14,14,134,147,10800.0,0.50,543285.0532494807,9854.488852222219,544133.2292774344,5,0,14,14,0,0,0
S_adaptive_W14,2025-05-29,148,14,14,134,147,10800.0,0.65,470712.5530894654,10800.0,470712.5530894654,2,0,14,14,0,0,0
S_adaptive_W14,2025-05-29,148,14,14,134,147,10800.0,0.80,464456.79511858907,10800.0,464456.79511858907,1,1,14,14,0,0,1
S_adaptive_W14,2025-05-29,148,14,14,134,147,10800.0,0.90,489275.1547969968,10800.0,489275.1547969968,3,0,14,14,0,0,0
S_adaptive_W14,2025-05-30,149,14,14,135,148,10800.0,base,524547.1472899296,9913.964534999997,525341.970326227,4,0,14,14,0,0,0
S_adaptive_W14,2025-05-30,149,14,14,135,148,10800.0,0.50,563407.7985947105,9737.056400370368,564361.3180560005,5,0,14,14,0,0,0
S_adaptive_W14,2025-05-30,149,14,14,135,148,10800.0,0.65,469845.9156346093,10780.869734999997,469863.0765451068,2,0,14,14,0,0,0
S_adaptive_W14,2025-05-30,149,14,14,135,148,10800.0,0.80,461918.96124191326,10800.0,461918.96124191326,1,1,14,14,0,0,1
S_adaptive_W14,2025-05-30,149,14,14,135,148,10800.0,0.90,486972.14315992064,10800.0,486972.14315992064,3,0,14,14,0,0,0
S_adaptive_W14,2025-05-31,150,14,14,136,149,10800.0,base,526409.8378147194,10098.794796851846,527038.857837788,4,0,14,14,0,0,0
S_adaptive_W14,2025-05-31,150,14,14,136,149,10800.0,0.50,565343.0213515362,9634.688765370365,566388.3702685119,5,0,14,14,0,0,0
S_adaptive_W14,2025-05-31,150,14,14,136,149,10800.0,0.65,467877.82830265275,10800.0,467877.82830265275,2,0,14,14,0,0,0
S_adaptive_W14,2025-05-31,150,14,14,136,149,10800.0,0.80,459584.73931233486,10800.0,459584.73931233486,1,1,14,14,0,0,1
S_adaptive_W14,2025-05-31,150,14,14,136,149,10800.0,0.90,484463.127251044,10800.0,484463.127251044,3,0,14,14,0,0,0
S_adaptive_W14,2025-06-01,151,14,14,137,150,10800.0,base,522967.0925701603,10096.692381851846,523597.9985762846,4,0,14,14,0,0,0
S_adaptive_W14,2025-06-01,151,14,14,137,150,10800.0,0.50,563294.7436287225,9563.057270370364,564404.3499762408,5,0,14,14,0,0,0
S_adaptive_W14,2025-06-01,151,14,14,137,150,10800.0,0.65,467503.8568301306,10800.0,467503.8568301306,2,0,14,14,0,0,0
S_adaptive_W14,2025-06-01,151,14,14,137,150,10800.0,0.80,458650.22708190547,10800.0,458650.22708190547,1,1,14,14,0,0,1
S_adaptive_W14,2025-06-01,151,14,14,137,150,10800.0,0.90,483225.79775370384,10800.0,483225.79775370384,3,0,14,14,0,0,0
S_adaptive_W14,2025-06-02,152,14,14,138,151,10800.0,base,610950.7397437681,8817.680738703697,612728.9902499988,4,0,14,14,0,0,0
S_adaptive_W14,2025-06-02,152,14,14,138,151,10800.0,0.50,655899.9705150799,8192.126221815262,658239.3781759882,5,0,14,14,0,0,0
S_adaptive_W14,2025-06-02,152,14,14,138,151,10800.0,0.65,534238.9851978484,9667.374345,535255.0133340309,3,0,14,14,0,0,0
S_adaptive_W14,2025-06-02,152,14,14,138,151,10800.0,0.80,499688.3524647936,9904.935285,500491.2752399661,1,1,14,14,0,0,1
S_adaptive_W14,2025-06-02,152,14,14,138,151,10800.0,0.90,510618.6064812101,9979.920074999998,511354.26373393094,2,0,14,14,0,0,0
S_adaptive_W14,2025-06-03,153,14,14,139,152,10800.0,base,662745.0595814659,7643.532238273885,665576.5865230543,4,0,14,14,0,0,0
S_adaptive_W14,2025-06-03,153,14,14,139,152,10800.0,0.50,707442.0699359763,6963.1955803703595,710883.8966561852,5,0,14,14,0,0,0
S_adaptive_W14,2025-06-03,153,14,14,139,152,10800.0,0.65,565061.8703274443,8543.409788888888,567086.1571129338,3,0,14,14,0,0,0
S_adaptive_W14,2025-06-03,153,14,14,139,152,10800.0,0.80,523239.13248456706,9044.226842777776,524814.1585495486,1,1,14,14,0,0,1
S_adaptive_W14,2025-06-03,153,14,14,139,152,10800.0,0.90,530066.7788794512,9438.410854259257,531288.1999870221,2,0,14,14,0,0,0
S_adaptive_W14,2025-06-04,154,14,14,140,153,10800.0,base,674076.9110319037,6674.8577718518445,677777.3927851209,4,0,14,14,0,0,0
S_adaptive_W14,2025-06-04,154,14,14,140,153,10800.0,0.50,713962.1950230228,6167.644552962958,718117.6752120955,5,0,14,14,0,0,0
S_adaptive_W14,2025-06-04,154,14,14,140,153,10800.0,0.65,572243.1094747874,7710.768844259257,575014.32144544,3,0,14,14,0,0,0
S_adaptive_W14,2025-06-04,154,14,14,140,153,10800.0,0.80,539936.2946548967,8589.45078888889,541919.2801055529,1,1,14,14,0,0,1
S_adaptive_W14,2025-06-04,154,14,14,140,153,10800.0,0.90,543727.3928077477,9427.720362407405,544958.403880426,2,0,14,14,0,0,0
S_adaptive_W14,2025-06-05,155,14,14,141,154,10800.0,base,724166.0779712319,5390.416651296289,729018.7747674274,4,0,14,14,0,0,0
S_adaptive_W14,2025-06-05,155,14,14,141,154,10800.0,0.50,759720.8353624899,4919.7609050388555,764995.7365106198,5,0,14,14,0,0,0
S_adaptive_W14,2025-06-05,155,14,14,141,154,10800.0,0.65,595281.2620665597,6776.220144629627,598890.8161401523,3,0,14,14,0,0,0
S_adaptive_W14,2025-06-05,155,14,14,141,154,10800.0,0.80,552438.0406576535,8262.012293888889,554714.7566293521,2,0,14,14,0,0,0
S_adaptive_W14,2025-06-05,155,14,14,141,154,10800.0,0.90,551775.637424094,9521.482140185188,552922.538973118,1,1,14,14,0,0,1
S_adaptive_W14,2025-06-06,156,14,14,142,155,10800.0,base,775503.3690833373,3776.777139259252,781803.5901684695,4,0,14,14,0,0,0
S_adaptive_W14,2025-06-06,156,14,14,142,155,10800.0,0.50,797051.40592437,3347.9110872610772,803736.3436840364,5,0,14,14,0,0,0
S_adaptive_W14,2025-06-06,156,14,14,142,155,10800.0,0.65,617025.1552338916,5741.383301111109,621563.0154470559,3,0,14,14,0,0,0
S_adaptive_W14,2025-06-06,156,14,14,142,155,10800.0,0.80,566168.3979025921,7944.317781851851,568730.1035012831,2,0,14,14,0,0,0
S_adaptive_W14,2025-06-06,156,14,14,142,155,10800.0,0.90,564685.079854567,9669.37011444445,565699.3176746817,1,1,14,14,0,0,1
S_adaptive_W14,2025-06-07,157,14,14,143,156,10800.0,base,815612.5673517582,2469.6370359259186,823085.3657284752,4,0,14,14,0,0,0
S_adaptive_W14,2025-06-07,157,14,14,143,156,10800.0,0.50,830177.7521935733,2226.213821705522,837868.9147169577,5,0,14,14,0,0,0
S_adaptive_W14,2025-06-07,157,14,14,143,156,10800.0,0.65,640598.6658095241,5376.081227222219,645464.2222775265,3,0,14,14,0,0,0
S_adaptive_W14,2025-06-07,157,14,14,143,156,10800.0,0.80,581904.2595452415,7894.29287925926,584510.8402607193,2,0,14,14,0,0,0
S_adaptive_W14,2025-06-07,157,14,14,143,156,10800.0,0.90,575387.2031067287,9726.635726851857,576350.0704910911,1,1,14,14,0,0,1
S_adaptive_W14,2025-06-08,158,14,14,144,157,10800.0,base,841638.5452437798,1371.9037883333258,850096.0713287677,4,0,14,14,0,0,0
S_adaptive_W14,2025-06-08,158,14,14,144,157,10800.0,0.50,848726.1231214856,1413.2234009258814,857146.5832184439,5,0,14,14,0,0,0
S_adaptive_W14,2025-06-08,158,14,14,144,157,10800.0,0.65,650288.0417754106,5223.136146851849,655290.7984774541,3,0,14,14,0,0,0
S_adaptive_W14,2025-06-08,158,14,14,144,157,10800.0,0.80,589234.8440470888,8215.058919259262,591553.6798043511,2,0,14,14,0,0,0
S_adaptive_W14,2025-06-08,158,14,14,144,157,10800.0,0.90,583864.1209629053,10356.357489259264,584262.0929418459,1,1,14,14,0,0,1
S_adaptive_W14,2025-06-09,159,14,14,145,158,10800.0,base,853696.0605031924,1409.58427703703,862119.7850964526,4,0,14,14,0,0,0
S_adaptive_W14,2025-06-09,159,14,14,145,158,10800.0,0.50,861388.4861944077,2460.117876188833,868869.823786251,5,0,14,14,0,0,0
S_adaptive_W14,2025-06-09,159,14,14,145,158,10800.0,0.65,671520.499744262,7401.735880185183,674568.931452187,3,0,14,14,0,0,0
S_adaptive_W14,2025-06-09,159,14,14,145,158,10800.0,0.80,614954.1668980999,10683.623913333338,615058.5627131781,2,0,14,14,0,0,0
S_adaptive_W14,2025-06-09,159,14,14,145,158,10800.0,0.90,609835.8075947581,10800.0,609835.8075947581,1,1,14,14,0,0,1
S_adaptive_W14,2025-06-10,160,14,14,146,159,10800.0,base,868966.743363718,1710.5178487722856,877120.5138245999,5,0,14,14,0,0,0
S_adaptive_W14,2025-06-10,160,14,14,146,159,10800.0,0.50,857497.3460309686,3250.981848148149,864269.234703077,4,0,14,14,0,0,0
S_adaptive_W14,2025-06-10,160,14,14,146,159,10800.0,0.65,667618.3822194379,9031.217551111115,669205.0783417828,3,0,14,14,0,0,0
S_adaptive_W14,2025-06-10,160,14,14,146,159,10800.0,0.80,632556.3645651557,10800.0,632556.3645651557,2,0,14,14,0,0,0
S_adaptive_W14,2025-06-10,160,14,14,146,159,10800.0,0.90,627670.1027428054,10800.0,627670.1027428054,1,1,14,14,0,0,1
S_adaptive_W14,2025-06-11,161,14,14,147,160,10800.0,base,886163.8885069501,1695.0722396141546,894331.5145373362,5,0,14,14,0,0,0
S_adaptive_W14,2025-06-11,161,14,14,147,160,10800.0,0.50,871067.1343647355,4179.766717222221,877005.851410125,4,0,14,14,0,0,0
S_adaptive_W14,2025-06-11,161,14,14,147,160,10800.0,0.65,683972.8760589809,10740.851827777782,684025.9352554738,3,0,14,14,0,0,0
S_adaptive_W14,2025-06-11,161,14,14,147,160,10800.0,0.80,650272.5800610356,10800.0,650272.5800610356,2,0,14,14,0,0,0
S_adaptive_W14,2025-06-11,161,14,14,147,160,10800.0,0.90,645382.611546142,10800.0,645382.611546142,1,1,14,14,0,0,1
S_adaptive_W14,2025-06-12,162,14,14,148,161,10800.0,base,909694.4827576552,1766.509689984525,917798.0254263119,5,0,14,14,0,0,0
S_adaptive_W14,2025-06-12,162,14,14,148,161,10800.0,0.50,873365.6237149739,4844.176734444446,878708.3280632476,4,0,14,14,0,0,0
S_adaptive_W14,2025-06-12,162,14,14,148,161,10800.0,0.65,706966.805163693,10800.0,706966.805163693,3,0,14,14,0,0,0
S_adaptive_W14,2025-06-12,162,14,14,148,161,10800.0,0.80,672772.1104260057,10800.0,672772.1104260057,2,0,14,14,0,0,0
S_adaptive_W14,2025-06-12,162,14,14,148,161,10800.0,0.90,668136.9543779356,10800.0,668136.9543779356,1,1,14,14,0,0,1
S_adaptive_W14,2025-06-13,163,14,14,149,162,10800.0,base,911315.5772017136,2164.5634638888887,919062.0435210795,5,0,14,14,0,0,0
S_adaptive_W14,2025-06-13,163,14,14,149,162,10800.0,0.50,871611.5462441184,6319.872523703705,875630.469486327,4,0,14,14,0,0,0
S_adaptive_W14,2025-06-13,163,14,14,149,162,10800.0,0.65,728364.2525736627,10800.0,728364.2525736627,3,0,14,14,0,0,0
S_adaptive_W14,2025-06-13,163,14,14,149,162,10800.0,0.80,696922.8598910318,10800.0,696922.8598910318,2,0,14,14,0,0,0
S_adaptive_W14,2025-06-13,163,14,14,149,162,10800.0,0.90,692790.7326610722,10800.0,692790.7326610722,1,1,14,14,0,0,1
S_adaptive_W14,2025-06-14,164,14,14,150,163,10800.0,base,916290.4880425608,2513.349728888888,923724.073705207,5,0,14,14,0,0,0
S_adaptive_W14,2025-06-14,164,14,14,150,163,10800.0,0.50,876987.5129148443,7753.451690848196,879720.4360008374,4,0,14,14,0,0,0
S_adaptive_W14,2025-06-14,164,14,14,150,163,10800.0,0.65,738798.6971126813,10800.0,738798.6971126813,3,0,14,14,0,0,0
S_adaptive_W14,2025-06-14,164,14,14,150,163,10800.0,0.80,709156.7566858492,10800.0,709156.7566858492,2,0,14,14,0,0,0
S_adaptive_W14,2025-06-14,164,14,14,150,163,10800.0,0.90,706137.510964938,10800.0,706137.510964938,1,1,14,14,0,0,1
S_adaptive_W14,2025-06-15,165,14,14,151,164,10800.0,base,920064.6191318305,2450.4537607407397,927554.625972126,5,0,14,14,0,0,0
S_adaptive_W14,2025-06-15,165,14,14,151,164,10800.0,0.50,882065.7681693991,8878.802939638894,883789.1886657131,4,0,14,14,0,0,0
S_adaptive_W14,2025-06-15,165,14,14,151,164,10800.0,0.65,749099.9944457689,10800.0,749099.9944457689,3,0,14,14,0,0,0
S_adaptive_W14,2025-06-15,165,14,14,151,164,10800.0,0.80,721763.4646914613,10800.0,721763.4646914613,2,0,14,14,0,0,0
S_adaptive_W14,2025-06-15,165,14,14,151,164,10800.0,0.90,719862.7800021146,10800.0,719862.7800021146,1,1,14,14,0,0,1
S_adaptive_W14,2025-06-16,166,14,14,152,165,9904.935285,base,846271.7313826968,2903.6516157407414,852552.2717942261,5,0,14,14,0,0,0
S_adaptive_W14,2025-06-16,166,14,14,152,165,9904.935285,0.50,802872.2394883424,10471.61240925926,802363.8986258194,4,0,14,14,0,0,0
S_adaptive_W14,2025-06-16,166,14,14,152,165,9904.935285,0.65,697911.7484085503,10800.0,697108.8256333778,2,0,14,14,0,0,0
S_adaptive_W14,2025-06-16,166,14,14,152,165,9904.935285,0.80,697334.5171886255,10800.0,696531.594413453,1,1,14,14,0,0,1
S_adaptive_W14,2025-06-16,166,14,14,152,165,9904.935285,0.90,709631.3822554627,10800.0,708828.4594802902,3,0,14,14,0,0,0
S_adaptive_W14,2025-06-17,167,14,14,153,166,9044.226842777776,base,819931.3943755821,3511.2394364586185,824894.7914672396,5,0,14,14,0,0,0
S_adaptive_W14,2025-06-17,167,14,14,153,166,9044.226842777776,0.50,768932.0428971696,10800.0,767357.0168321881,4,0,14,14,0,0,0
S_adaptive_W14,2025-06-17,167,14,14,153,166,9044.226842777776,0.65,682931.0767169853,10800.0,681356.0506520038,1,1,14,14,0,0,1
S_adaptive_W14,2025-06-17,167,14,14,153,166,9044.226842777776,0.80,690610.2744466565,10800.0,689035.248381675,2,0,14,14,0,0,0
S_adaptive_W14,2025-06-17,167,14,14,153,166,9044.226842777776,0.90,707675.9441727257,10800.0,706100.9181077442,3,0,14,14,0,0,0
S_adaptive_W14,2025-06-18,168,14,14,154,167,8589.45078888889,base,806931.6344409757,4169.214568518516,810896.8318993269,5,0,14,14,0,0,0
S_adaptive_W14,2025-06-18,168,14,14,154,167,8589.45078888889,0.50,750950.4721985313,10800.0,748967.4867478751,4,0,14,14,0,0,0
S_adaptive_W14,2025-06-18,168,14,14,154,167,8589.45078888889,0.65,679004.5859966513,10800.0,677021.6005459952,1,1,14,14,0,0,1
S_adaptive_W14,2025-06-18,168,14,14,154,167,8589.45078888889,0.80,694857.9849828591,10800.0,692874.999532203,2,0,14,14,0,0,0
S_adaptive_W14,2025-06-18,168,14,14,154,167,8589.45078888889,0.90,715439.9460937106,10800.0,713456.9606430545,3,0,14,14,0,0,0
S_adaptive_W14,2025-06-19,169,14,14,155,168,8262.012293888889,base,768284.1744619397,5092.3635309259225,771127.5254939154,5,0,14,14,0,0,0
S_adaptive_W14,2025-06-19,169,14,14,155,168,8262.012293888889,0.50,716298.9369838901,10800.0,714022.2210121915,3,0,14,14,0,0,0
S_adaptive_W14,2025-06-19,169,14,14,155,168,8262.012293888889,0.65,673750.5815128072,10800.0,671473.8655411085,1,1,14,14,0,0,1
S_adaptive_W14,2025-06-19,169,14,14,155,168,8262.012293888889,0.80,701398.2229022548,10800.0,699121.5069305561,2,0,14,14,0,0,0
S_adaptive_W14,2025-06-19,169,14,14,155,168,8262.012293888889,0.90,725921.0394715184,10800.0,723644.3234998197,4,0,14,14,0,0,0
S_adaptive_W14,2025-06-20,170,14,14,156,169,8445.007522407408,base,726666.5989302036,6444.010970304063,728461.6040039154,4,0,14,14,0,0,0
S_adaptive_W14,2025-06-20,170,14,14,156,169,8445.007522407408,0.50,681795.1103519553,10711.665512592595,679761.7922093152,2,0,14,14,0,0,0
S_adaptive_W14,2025-06-20,170,14,14,156,169,8445.007522407408,0.65,668001.0373882086,10800.0,665888.4783028925,1,1,14,14,0,0,1
S_adaptive_W14,2025-06-20,170,14,14,156,169,8445.007522407408,0.80,705444.2927488625,10800.0,703331.7336635465,3,0,14,14,0,0,0
S_adaptive_W14,2025-06-20,170,14,14,156,169,8445.007522407408,0.90,730881.0806568963,10800.0,728768.5215715803,5,0,14,14,0,0,0
S_adaptive_W14,2025-06-21,171,14,14,157,170,8552.882819814815,base,688884.0816138217,7509.707341666666,689819.8679719138,3,0,14,14,0,0,0
S_adaptive_W14,2025-06-21,171,14,14,157,170,8552.882819814815,0.50,650251.9976568933,10713.06072592593,648314.198065228,2,0,14,14,0,0,0
S_adaptive_W14,2025-06-21,171,14,14,157,170,8552.882819814815,0.65,650087.1711946961,10800.0,648071.3822442266,1,1,14,14,0,0,1
S_adaptive_W14,2025-06-21,171,14,14,157,170,8552.882819814815,0.80,696279.2248643747,10800.0,694263.4359139053,4,0,14,14,0,0,0
S_adaptive_W14,2025-06-21,171,14,14,157,170,8552.882819814815,0.90,728164.548397974,10800.0,726148.7594475045,5,0,14,14,0,0,0
S_adaptive_W14,2025-06-22,172,14,14,158,171,9373.562187222222,base,669357.5211704795,9733.352895555548,669034.7689167318,3,0,14,14,0,0,0
S_adaptive_W14,2025-06-22,172,14,14,158,171,9373.562187222222,0.50,638913.0388264976,10800.0,637633.4448618907,1,1,14,14,0,0,1
S_adaptive_W14,2025-06-22,172,14,14,158,171,9373.562187222222,0.65,645899.6698703441,10800.0,644620.0759057372,2,0,14,14,0,0,0
S_adaptive_W14,2025-06-22,172,14,14,158,171,9373.562187222222,0.80,694510.6584043455,10800.0,693231.0644397386,4,0,14,14,0,0,0
S_adaptive_W14,2025-06-22,172,14,14,158,171,9373.562187222222,0.90,725649.6436997731,10800.0,724370.0497351662,5,0,14,14,0,0,0
S_adaptive_W14,2025-06-23,173,14,14,159,172,10800.0,base,677136.162710133,10800.0,677136.162710133,3,0,14,14,0,0,0
S_adaptive_W14,2025-06-23,173,14,14,159,172,10800.0,0.50,654895.7140115501,10800.0,654895.7140115501,2,0,14,14,0,0,0
S_adaptive_W14,2025-06-23,173,14,14,159,172,10800.0,0.65,636790.0537442835,10800.0,636790.0537442835,1,1,14,14,0,0,1
S_adaptive_W14,2025-06-23,173,14,14,159,172,10800.0,0.80,680046.3919533478,10800.0,680046.3919533478,4,0,14,14,0,0,0
S_adaptive_W14,2025-06-23,173,14,14,159,172,10800.0,0.90,710354.4002178266,10800.0,710354.4002178266,5,0,14,14,0,0,0
S_adaptive_W14,2025-06-24,174,14,14,160,173,10800.0,base,641694.9285500087,10560.15339,641910.0842839903,3,0,14,14,0,0,0
S_adaptive_W14,2025-06-24,174,14,14,160,173,10800.0,0.50,636491.2813573633,10457.345865,636798.6611527991,2,0,14,14,0,0,0
S_adaptive_W14,2025-06-24,174,14,14,160,173,10800.0,0.65,635847.5950170611,10690.679160370371,635945.6618835889,1,1,14,14,0,0,1
S_adaptive_W14,2025-06-24,174,14,14,160,173,10800.0,0.80,676424.377547547,10800.0,676424.377547547,4,0,14,14,0,0,0
S_adaptive_W14,2025-06-24,174,14,14,160,173,10800.0,0.90,705937.1213043815,10800.0,705937.1213043815,5,0,14,14,0,0,0
S_adaptive_W14,2025-06-25,175,14,14,161,174,10800.0,base,684360.661168039,10548.207599999998,684586.5329393056,3,0,14,14,0,0,0
S_adaptive_W14,2025-06-25,175,14,14,161,174,10800.0,0.50,690867.2635887859,10391.514,691233.6982244526,4,0,14,14,0,0,0
S_adaptive_W14,2025-06-25,175,14,14,161,174,10800.0,0.65,657531.048552453,10768.064475370371,657559.6964922417,1,1,14,14,0,0,1
S_adaptive_W14,2025-06-25,175,14,14,161,174,10800.0,0.80,677969.1424476306,10800.0,677969.1424476306,2,0,14,14,0,0,0
S_adaptive_W14,2025-06-25,175,14,14,161,174,10800.0,0.90,701757.1864873708,10800.0,701757.1864873708,5,0,14,14,0,0,0
S_adaptive_W14,2025-06-26,176,14,14,162,175,10800.0,base,660485.7305736204,10506.56181111111,660748.9609311754,2,0,14,14,0,0,0
S_adaptive_W14,2025-06-26,176,14,14,162,175,10800.0,0.50,678875.6395984123,10232.638510370369,679384.5943746929,4,0,14,14,0,0,0
S_adaptive_W14,2025-06-26,176,14,14,162,175,10800.0,0.65,653579.456803545,10800.0,653579.456803545,1,1,14,14,0,0,1
S_adaptive_W14,2025-06-26,176,14,14,162,175,10800.0,0.80,675022.2074225805,10800.0,675022.2074225805,3,0,14,14,0,0,0
S_adaptive_W14,2025-06-26,176,14,14,162,175,10800.0,0.90,698707.866401526,10800.0,698707.866401526,5,0,14,14,0,0,0
S_adaptive_W14,2025-06-27,177,14,14,163,176,10800.0,base,657366.6516400552,10340.542957962958,657778.8101321537,2,0,14,14,0,0,0
S_adaptive_W14,2025-06-27,177,14,14,163,176,10800.0,0.50,673374.2339744576,9876.968946691813,674202.244108778,4,0,14,14,0,0,0
S_adaptive_W14,2025-06-27,177,14,14,163,176,10800.0,0.65,644524.2172211878,10800.0,644524.2172211878,1,1,14,14,0,0,1
S_adaptive_W14,2025-06-27,177,14,14,163,176,10800.0,0.80,664440.0838660424,10800.0,664440.0838660424,3,0,14,14,0,0,0
S_adaptive_W14,2025-06-27,177,14,14,163,176,10800.0,0.90,688039.4669101589,10800.0,688039.4669101589,5,0,14,14,0,0,0
S_adaptive_W14,2025-06-28,178,14,14,164,177,10800.0,base,654243.3900506924,10454.696746666661,654553.1462524465,2,0,14,14,0,0,0
S_adaptive_W14,2025-06-28,178,14,14,164,177,10800.0,0.50,672588.5499177185,9943.369295951072,673356.9952498451,4,0,14,14,0,0,0
S_adaptive_W14,2025-06-28,178,14,14,164,177,10800.0,0.65,638237.7103926269,10800.0,638237.7103926269,1,1,14,14,0,0,1
S_adaptive_W14,2025-06-28,178,14,14,164,177,10800.0,0.80,656096.6770192417,10800.0,656096.6770192417,3,0,14,14,0,0,0
S_adaptive_W14,2025-06-28,178,14,14,164,177,10800.0,0.90,678694.6263272075,10800.0,678694.6263272075,5,0,14,14,0,0,0
S_adaptive_W14,2025-06-29,179,14,14,165,178,10800.0,base,653314.6761598663,10321.834557962957,653743.6171261203,3,0,14,14,0,0,0
S_adaptive_W14,2025-06-29,179,14,14,165,178,10800.0,0.50,671366.3315184152,9741.714867617737,672315.6720757806,5,0,14,14,0,0,0
S_adaptive_W14,2025-06-29,179,14,14,165,178,10800.0,0.65,631433.9198061567,10800.0,631433.9198061567,1,1,14,14,0,0,1
S_adaptive_W14,2025-06-29,179,14,14,165,178,10800.0,0.80,647190.4837068574,10800.0,647190.4837068574,2,0,14,14,0,0,0
S_adaptive_W14,2025-06-29,179,14,14,165,178,10800.0,0.90,668836.8950210009,10800.0,668836.8950210009,4,0,14,14,0,0,0
S_adaptive_W14,2025-06-30,180,14,14,166,179,10800.0,base,658137.1643548014,10279.354857962957,658604.2119719387,3,0,14,14,0,0,0
S_adaptive_W14,2025-06-30,180,14,14,166,179,10800.0,0.50,685360.6967780136,9628.666032617735,686411.4484208648,5,0,14,14,0,0,0
S_adaptive_W14,2025-06-30,180,14,14,166,179,10800.0,0.65,623265.2254171795,10800.0,623265.2254171795,1,1,14,14,0,0,1
S_adaptive_W14,2025-06-30,180,14,14,166,179,10800.0,0.80,637673.1877845912,10800.0,637673.1877845912,2,0,14,14,0,0,0
S_adaptive_W14,2025-06-30,180,14,14,166,179,10800.0,0.90,658917.4037641524,10800.0,658917.4037641524,4,0,14,14,0,0,0
S_adaptive_W14,2025-07-01,181,14,14,167,180,10800.0,base,645928.7523535413,10023.546582962957,646625.2742049245,3,0,14,14,0,0,0
S_adaptive_W14,2025-07-01,181,14,14,167,180,10800.0,0.50,687766.8580546844,9284.0438355807,689126.7549539554,5,0,14,14,0,0,0
S_adaptive_W14,2025-07-01,181,14,14,167,180,10800.0,0.65,617950.4920630207,10800.0,617950.4920630207,1,1,14,14,0,0,1
S_adaptive_W14,2025-07-01,181,14,14,167,180,10800.0,0.80,631370.1763408962,10800.0,631370.1763408962,2,0,14,14,0,0,0
S_adaptive_W14,2025-07-01,181,14,14,167,180,10800.0,0.90,651799.2096361261,10800.0,651799.2096361261,4,0,14,14,0,0,0
S_adaptive_W14,2025-07-02,182,14,14,168,181,10800.0,base,669146.5296458412,8748.28930481481,670987.0281233499,4,0,14,14,0,0,0
S_adaptive_W14,2025-07-02,182,14,14,168,181,10800.0,0.50,724601.1439398469,7877.875161136257,727222.4522605765,5,0,14,14,0,0,0
S_adaptive_W14,2025-07-02,182,14,14,168,181,10800.0,0.65,636815.5187472219,9664.377404999997,637834.2353050811,1,1,14,14,0,0,1
S_adaptive_W14,2025-07-02,182,14,14,168,181,10800.0,0.80,638297.7634956854,9925.85595,639081.9192720938,2,0,14,14,0,0,0
S_adaptive_W14,2025-07-02,182,14,14,168,181,10800.0,0.90,656404.424603532,10036.908615,657088.9599698428,3,0,14,14,0,0,0
S_adaptive_W14,2025-07-03,183,14,14,169,182,10800.0,base,708613.205229239,7385.270757363965,711676.4070670636,4,0,14,14,0,0,0
S_adaptive_W14,2025-07-03,183,14,14,169,182,10800.0,0.50,771832.4092688846,6420.039776876997,775761.4769201494,5,0,14,14,0,0,0
S_adaptive_W14,2025-07-03,183,14,14,169,182,10800.0,0.65,659618.0298817126,8490.922468888886,661689.4007092044,3,0,14,14,0,0,0
S_adaptive_W14,2025-07-03,183,14,14,169,182,10800.0,0.80,646027.1493161763,9062.546111111109,647585.7419797257,1,1,14,14,0,0,1
S_adaptive_W14,2025-07-03,183,14,14,169,182,10800.0,0.90,658017.2525675822,9388.636706481482,659283.3238509401,2,0,14,14,0,0,0
S_adaptive_W14,2025-07-04,184,14,14,170,183,10800.0,base,810530.5002041932,6079.19418866026,814765.3252839544,4,0,14,14,0,0,0
S_adaptive_W14,2025-07-04,184,14,14,170,183,10800.0,0.50,876086.7012721573,5037.32741872885,881256.1387260342,5,0,14,14,0,0,0
S_adaptive_W14,2025-07-04,184,14,14,170,183,10800.0,0.65,742770.6202466026,7545.6887922222195,745689.9181950464,3,0,14,14,0,0,0
S_adaptive_W14,2025-07-04,184,14,14,170,183,10800.0,0.80,698169.6248193261,8504.17214574074,700229.1099505886,2,0,14,14,0,0,0
S_adaptive_W14,2025-07-04,184,14,14,170,183,10800.0,0.90,685674.774183456,9122.450625185185,687179.6291698524,1,1,14,14,0,0,1
S_adaptive_W14,2025-07-05,185,14,14,171,184,10800.0,base,849611.41966565,4480.897705326927,855280.0054852103,4,0,14,14,0,0,0
S_adaptive_W14,2025-07-05,185,14,14,171,184,10800.0,0.50,914024.3116546306,3437.1546871343817,920629.1929472329,5,0,14,14,0,0,0
S_adaptive_W14,2025-07-05,185,14,14,171,184,10800.0,0.65,771264.8366261895,6466.683888148145,775152.0619183047,3,0,14,14,0,0,0
S_adaptive_W14,2025-07-05,185,14,14,171,184,10800.0,0.80,712816.91973018,7959.431842962962,715365.0671763843,2,0,14,14,0,0,0
S_adaptive_W14,2025-07-05,185,14,14,171,184,10800.0,0.90,689225.011966371,8880.343672777777,690947.050339463,1,1,14,14,0,0,1
S_adaptive_W14,2025-07-06,186,14,14,172,185,10800.0,base,891140.7691927599,2992.6778325491496,898144.3709170837,4,0,14,14,0,0,0
S_adaptive_W14,2025-07-06,186,14,14,172,185,10800.0,0.50,951777.8785984984,2047.3234882454926,959629.5156893485,5,0,14,14,0,0,0
S_adaptive_W14,2025-07-06,186,14,14,172,185,10800.0,0.65,800270.3080949603,5724.941786849561,804822.9172598347,3,0,14,14,0,0,0
S_adaptive_W14,2025-07-06,186,14,14,172,185,10800.0,0.80,725139.1329586385,7788.95898390489,727840.2040301323,2,0,14,14,0,0,0
S_adaptive_W14,2025-07-06,186,14,14,172,185,10800.0,0.90,694547.7852997632,8925.240522037035,696229.5487048003,1,1,14,14,0,0,1
S_adaptive_W14,2025-07-07,187,14,14,173,186,10800.0,base,979048.5257630092,1310.5899866232244,987561.0537344534,4,0,14,14,0,0,0
S_adaptive_W14,2025-07-07,187,14,14,173,186,10800.0,0.50,1024284.4866447548,1200.0,1032896.219978088,5,0,14,14,0,0,0
S_adaptive_W14,2025-07-07,187,14,14,173,186,10800.0,0.65,855185.2187838852,5045.644635740199,860347.1952320354,3,0,14,14,0,0,0
S_adaptive_W14,2025-07-07,187,14,14,173,186,10800.0,0.80,755252.6430463592,7640.327049830818,758087.045220047,2,0,14,14,0,0,0
S_adaptive_W14,2025-07-07,187,14,14,173,186,10800.0,0.90,708520.4310818943,9029.06553685185,710109.0576805861,1,1,14,14,0,0,1
S_adaptive_W14,2025-07-08,188,14,14,174,187,10690.679160370371,base,1020201.9231021368,1218.2505,1028699.2178565257,4,0,14,14,0,0,0
S_adaptive_W14,2025-07-08,188,14,14,174,187,10690.679160370371,0.50,1044254.9371193456,1291.8975,1052686.1664232346,5,0,14,14,0,0,0
S_adaptive_W14,2025-07-08,188,14,14,174,187,10690.679160370371,0.65,860160.893604169,4957.943189258719,865303.4762555879,3,0,14,14,0,0,0
S_adaptive_W14,2025-07-08,188,14,14,174,187,10690.679160370371,0.80,761387.3293746368,7904.042433534524,763887.09733176,2,0,14,14,0,0,0
S_adaptive_W14,2025-07-08,188,14,14,174,187,10690.679160370371,0.90,716090.5831788008,9675.72899574074,717001.0498625938,1,1,14,14,0,0,1
S_adaptive_W14,2025-07-09,189,14,14,175,188,10768.064475370371,base,997412.4249533284,1332.165595185185,1005876.950465459,4,0,14,14,0,0,0
S_adaptive_W14,2025-07-09,189,14,14,175,188,10768.064475370371,0.50,999668.7081261039,2108.875227037038,1007436.4819479282,5,0,14,14,0,0,0
S_adaptive_W14,2025-07-09,189,14,14,175,188,10768.064475370371,0.65,841015.7171727109,7412.132898703165,844026.1742376245,3,0,14,14,0,0,0
S_adaptive_W14,2025-07-09,189,14,14,175,188,10768.064475370371,0.80,762891.947759302,10620.393297407407,763024.4170098891,2,0,14,14,0,0,0
S_adaptive_W14,2025-07-09,189,14,14,175,188,10768.064475370371,0.90,724630.3318913659,10800.0,724601.6839515773,1,1,14,14,0,0,1
S_adaptive_W14,2025-07-10,190,14,14,176,189,10800.0,base,998285.6483119372,1472.5486929629633,1006652.8903260888,4,0,14,14,0,0,0
S_adaptive_W14,2025-07-10,190,14,14,176,189,10800.0,0.50,1003258.6082338266,3646.101634629632,1009676.0525063619,5,0,14,14,0,0,0
S_adaptive_W14,2025-07-10,190,14,14,176,189,10800.0,0.65,846252.8539295199,9933.813971295758,847029.8709187136,3,0,14,14,0,0,0
S_adaptive_W14,2025-07-10,190,14,14,176,189,10800.0,0.80,769436.6598940131,10800.0,769436.6598940131,2,0,14,14,0,0,0
S_adaptive_W14,2025-07-10,190,14,14,176,189,10800.0,0.90,732771.0538756831,10800.0,732771.0538756831,1,1,14,14,0,0,1
S_adaptive_W14,2025-07-11,191,14,14,177,190,10800.0,base,1004585.4683466224,1613.4941942592598,1012826.2744158055,4,0,14,14,0,0,0
S_adaptive_W14,2025-07-11,191,14,14,177,190,10800.0,0.50,1007825.9363748915,4907.189971481484,1013112.1143488076,5,0,14,14,0,0,0
S_adaptive_W14,2025-07-11,191,14,14,177,190,10800.0,0.65,854760.4968104623,10800.0,854760.4968104623,3,0,14,14,0,0,0
S_adaptive_W14,2025-07-11,191,14,14,177,190,10800.0,0.80,779686.151964954,10800.0,779686.151964954,2,0,14,14,0,0,0
S_adaptive_W14,2025-07-11,191,14,14,177,190,10800.0,0.90,744208.3492720487,10800.0,744208.3492720487,1,1,14,14,0,0,1
S_adaptive_W14,2025-07-12,192,14,14,178,191,10800.0,base,1012373.859479591,1862.1573666666707,1020391.600868504,4,0,14,14,0,0,0
S_adaptive_W14,2025-07-12,192,14,14,178,191,10800.0,0.50,1013059.6656606585,6422.036035740738,1016986.9425568193,5,0,14,14,0,0,0
S_adaptive_W14,2025-07-12,192,14,14,178,191,10800.0,0.65,867093.1300886857,10800.0,867093.1300886857,3,0,14,14,0,0,0
S_adaptive_W14,2025-07-12,192,14,14,178,191,10800.0,0.80,793196.821921083,10800.0,793196.821921083,2,0,14,14,0,0,0
S_adaptive_W14,2025-07-12,192,14,14,178,191,10800.0,0.90,758408.8920544533,10800.0,758408.8920544533,1,1,14,14,0,0,1
S_adaptive_W14,2025-07-13,193,14,14,179,192,10800.0,base,1020102.2701117506,1896.208139074078,1028089.4660661045,5,0,14,14,0,0,0
S_adaptive_W14,2025-07-13,193,14,14,179,192,10800.0,0.50,1019009.9614583568,7491.620045925923,1021977.7620760476,4,0,14,14,0,0,0
S_adaptive_W14,2025-07-13,193,14,14,179,192,10800.0,0.65,879178.3201199773,10800.0,879178.3201199773,3,0,14,14,0,0,0
S_adaptive_W14,2025-07-13,193,14,14,179,192,10800.0,0.80,807043.1471458399,10800.0,807043.1471458399,2,0,14,14,0,0,0
S_adaptive_W14,2025-07-13,193,14,14,179,192,10800.0,0.90,773644.7126369466,10800.0,773644.7126369466,1,1,14,14,0,0,1
S_adaptive_W14,2025-07-14,194,14,14,180,193,10800.0,base,1016728.1577642534,2188.0354387037087,1024453.5684182119,5,0,14,14,0,0,0
S_adaptive_W14,2025-07-14,194,14,14,180,193,10800.0,0.50,1009724.2111720318,8455.815385185182,1011827.0750039993,4,0,14,14,0,0,0
S_adaptive_W14,2025-07-14,194,14,14,180,193,10800.0,0.65,893007.8012109705,10800.0,893007.8012109705,3,0,14,14,0,0,0
S_adaptive_W14,2025-07-14,194,14,14,180,193,10800.0,0.80,822161.2974056036,10800.0,822161.2974056036,2,0,14,14,0,0,0
S_adaptive_W14,2025-07-14,194,14,14,180,193,10800.0,0.90,790089.2225894809,10800.0,790089.2225894809,1,1,14,14,0,0,1
S_adaptive_W14,2025-07-15,195,14,14,181,194,10800.0,base,1022136.099197698,2392.0851133333385,1029678.4659574205,5,0,14,14,0,0,0
S_adaptive_W14,2025-07-15,195,14,14,181,194,10800.0,0.50,1002584.514379627,9132.610720925926,1004080.2551956942,4,0,14,14,0,0,0
S_adaptive_W14,2025-07-15,195,14,14,181,194,10800.0,0.65,900666.7913713716,10800.0,900666.7913713716,3,0,14,14,0,0,0
S_adaptive_W14,2025-07-15,195,14,14,181,194,10800.0,0.80,831084.5120814296,10800.0,831084.5120814296,2,0,14,14,0,0,0
S_adaptive_W14,2025-07-15,195,14,14,181,194,10800.0,0.90,800229.0911568712,10800.0,800229.0911568712,1,1,14,14,0,0,1
S_adaptive_W14,2025-07-16,196,14,14,182,195,9664.377404999997,base,990727.8274725857,2716.979226111118,996960.0296056145,5,0,14,14,0,0,0
S_adaptive_W14,2025-07-16,196,14,14,182,195,9664.377404999997,0.50,957872.7387308562,10349.795023703702,957257.8810481224,4,0,14,14,0,0,0
S_adaptive_W14,2025-07-16,196,14,14,182,195,9664.377404999997,0.65,884442.9223219139,10800.0,883424.2057640547,3,0,14,14,0,0,0
S_adaptive_W14,2025-07-16,196,14,14,182,195,9664.377404999997,0.80,827448.2818715988,10800.0,826429.5653137396,2,0,14,14,0,0,0
S_adaptive_W14,2025-07-16,196,14,14,182,195,9664.377404999997,0.90,799460.9194488379,10800.0,798442.2028909787,1,1,14,14,0,0,1
S_adaptive_W14,2025-07-17,197,14,14,183,196,8490.922468888886,base,953272.6142898351,2800.115375137182,958377.58440888,5,0,14,14,0,0,0
S_adaptive_W14,2025-07-17,197,14,14,183,196,8490.922468888886,0.50,910950.9258347746,10800.0,908879.5550072829,4,0,14,14,0,0,0
S_adaptive_W14,2025-07-17,197,14,14,183,196,8490.922468888886,0.65,863562.3597462655,10800.0,861490.9889187737,3,0,14,14,0,0,0
S_adaptive_W14,2025-07-17,197,14,14,183,196,8490.922468888886,0.80,821674.1713631637,10800.0,819602.800535672,2,0,14,14,0,0,0
S_adaptive_W14,2025-07-17,197,14,14,183,196,8490.922468888886,0.90,800395.8291954744,10800.0,798324.4583679826,1,1,14,14,0,0,1
S_adaptive_W14,2025-07-18,198,14,14,184,197,7932.548503518517,base,862901.2390713666,3204.510896851856,867142.5514733025,5,0,14,14,0,0,0
S_adaptive_W14,2025-07-18,198,14,14,184,197,7932.548503518517,0.50,809291.4345406162,10786.7437362963,806731.0628504128,4,0,14,14,0,0,0
S_adaptive_W14,2025-07-18,198,14,14,184,197,7932.548503518517,0.65,784121.3321398214,10800.0,781549.0688446165,3,0,14,14,0,0,0
S_adaptive_W14,2025-07-18,198,14,14,184,197,7932.548503518517,0.80,774345.841986822,10800.0,771773.5786916171,1,1,14,14,0,0,1
S_adaptive_W14,2025-07-18,198,14,14,184,197,7932.548503518517,0.90,778050.1706868149,10800.0,775477.9073916101,2,0,14,14,0,0,0
S_adaptive_W14,2025-07-19,199,14,14,185,198,7693.033731296296,base,828183.3149362976,4354.939097777782,831177.7712722656,5,0,14,14,0,0,0
S_adaptive_W14,2025-07-19,199,14,14,185,198,7693.033731296296,0.50,778106.4904938615,10800.0,775319.3691415971,3,0,14,14,0,0,0
S_adaptive_W14,2025-07-19,199,14,14,185,198,7693.033731296296,0.65,763253.2366065494,10800.0,760466.1152542849,1,1,14,14,0,0,1
S_adaptive_W14,2025-07-19,199,14,14,185,198,7693.033731296296,0.80,768968.0867223728,10800.0,766180.9653701084,2,0,14,14,0,0,0
S_adaptive_W14,2025-07-19,199,14,14,185,198,7693.033731296296,0.90,783359.0805836327,10800.0,780571.9592313683,4,0,14,14,0,0,0
S_adaptive_W14,2025-07-20,200,14,14,186,199,7740.23538685185,base,791998.4044137098,5708.954277777779,793820.5764174997,5,0,14,14,0,0,0
S_adaptive_W14,2025-07-20,200,14,14,186,199,7740.23538685185,0.50,743306.5683376504,10696.781380925926,740654.3823284107,2,0,14,14,0,0,0
S_adaptive_W14,2025-07-20,200,14,14,186,199,7740.23538685185,0.65,740229.3706049918,10800.0,737484.591760075,1,1,14,14,0,0,1
S_adaptive_W14,2025-07-20,200,14,14,186,199,7740.23538685185,0.80,765505.2124260061,10800.0,762760.4335810893,3,0,14,14,0,0,0
S_adaptive_W14,2025-07-20,200,14,14,186,199,7740.23538685185,0.90,788659.7523817949,10800.0,785914.973536878,4,0,14,14,0,0,0
S_adaptive_W14,2025-07-21,201,14,14,187,200,7909.813006666665,base,696110.7449462422,7317.716480370376,696641.8884245814,3,0,14,14,0,0,0
S_adaptive_W14,2025-07-21,201,14,14,187,200,7909.813006666665,0.50,656721.7117625163,10558.807525925926,654345.4165123786,1,1,14,14,0,0,1
S_adaptive_W14,2025-07-21,201,14,14,187,200,7909.813006666665,0.65,688328.286694973,10800.0,685735.628396009,2,0,14,14,0,0,0
S_adaptive_W14,2025-07-21,201,14,14,187,200,7909.813006666665,0.80,743210.327484428,10800.0,740617.6691854639,4,0,14,14,0,0,0
S_adaptive_W14,2025-07-21,201,14,14,187,200,7909.813006666665,0.90,784773.2357380503,10800.0,782180.5774390863,5,0,14,14,0,0,0
S_adaptive_W14,2025-07-22,202,14,14,188,201,8616.70095388889,base,661202.7685042282,9080.000036666672,660787.1634881386,2,0,14,14,0,0,0
S_adaptive_W14,2025-07-22,202,14,14,188,201,8616.70095388889,0.50,643804.3299956976,10550.868666666667,642069.2741035741,1,1,14,14,0,0,1
S_adaptive_W14,2025-07-22,202,14,14,188,201,8616.70095388889,0.65,686827.8352347765,10800.0,684869.2946960233,3,0,14,14,0,0,0
S_adaptive_W14,2025-07-22,202,14,14,188,201,8616.70095388889,0.80,741784.4774172584,10800.0,739825.9368785053,4,0,14,14,0,0,0
S_adaptive_W14,2025-07-22,202,14,14,188,201,8616.70095388889,0.90,782697.7650737114,10800.0,780739.2245349583,5,0,14,14,0,0,0
S_adaptive_W14,2025-07-23,203,14,14,189,202,10800.0,base,641608.9858781184,10746.105150925936,641657.3325518961,2,0,14,14,0,0,0
S_adaptive_W14,2025-07-23,203,14,14,189,202,10800.0,0.50,640711.5827628828,10303.625691666666,641156.8580938083,1,1,14,14,0,0,1
S_adaptive_W14,2025-07-23,203,14,14,189,202,10800.0,0.65,683271.1434755931,10800.0,683271.1434755931,3,0,14,14,0,0,0
S_adaptive_W14,2025-07-23,203,14,14,189,202,10800.0,0.80,735985.8777103312,10800.0,735985.8777103312,4,0,14,14,0,0,0
S_adaptive_W14,2025-07-23,203,14,14,189,202,10800.0,0.90,775013.1885976136,10800.0,775013.1885976136,5,0,14,14,0,0,0
S_adaptive_W14,2025-07-24,204,14,14,190,203,10800.0,base,644030.8815194903,10690.449945925937,644129.1540041089,1,1,14,14,0,0,1
S_adaptive_W14,2025-07-24,204,14,14,190,203,10800.0,0.50,649865.9937111223,10184.795541666666,650417.8662882728,2,0,14,14,0,0,0
S_adaptive_W14,2025-07-24,204,14,14,190,203,10800.0,0.65,676850.8040572439,10789.832400000001,676859.9249593106,3,0,14,14,0,0,0
S_adaptive_W14,2025-07-24,204,14,14,190,203,10800.0,0.80,727663.9467261048,10800.0,727663.9467261048,4,0,14,14,0,0,0
S_adaptive_W14,2025-07-24,204,14,14,190,203,10800.0,0.90,764875.3083002837,10800.0,764875.3083002837,5,0,14,14,0,0,0
S_adaptive_W14,2025-07-25,205,14,14,191,204,10800.0,base,642857.4559519169,10698.641945925936,642948.3797574244,1,1,14,14,0,0,1
S_adaptive_W14,2025-07-25,205,14,14,191,204,10800.0,0.50,655662.4665631757,10072.651801296297,656314.9383056462,2,0,14,14,0,0,0
S_adaptive_W14,2025-07-25,205,14,14,191,204,10800.0,0.65,670670.0070949683,10800.0,670670.0070949683,3,0,14,14,0,0,0
S_adaptive_W14,2025-07-25,205,14,14,191,204,10800.0,0.80,719522.0752427044,10800.0,719522.0752427044,4,0,14,14,0,0,0
S_adaptive_W14,2025-07-25,205,14,14,191,204,10800.0,0.90,755241.9002490256,10800.0,755241.9002490256,5,0,14,14,0,0,0
S_adaptive_W14,2025-07-26,206,14,14,192,205,10800.0,base,640465.197223569,10688.053115925935,640565.6197978548,1,1,14,14,0,0,1
S_adaptive_W14,2025-07-26,206,14,14,192,205,10800.0,0.50,655954.1627787146,10028.724136296296,656646.0400771159,2,0,14,14,0,0,0
S_adaptive_W14,2025-07-26,206,14,14,192,205,10800.0,0.65,664609.5956815467,10800.0,664609.5956815467,3,0,14,14,0,0,0
S_adaptive_W14,2025-07-26,206,14,14,192,205,10800.0,0.80,712509.1680993302,10800.0,712509.1680993302,4,0,14,14,0,0,0
S_adaptive_W14,2025-07-26,206,14,14,192,205,10800.0,0.90,747600.1665165367,10800.0,747600.1665165367,5,0,14,14,0,0,0
S_adaptive_W14,2025-07-27,207,14,14,193,206,10800.0,base,638375.8392601663,10797.291196296308,638378.2692075776,1,1,14,14,0,0,1
S_adaptive_W14,2025-07-27,207,14,14,193,206,10800.0,0.50,654455.1296978027,9922.495527407407,655242.2999599668,2,0,14,14,0,0,0
S_adaptive_W14,2025-07-27,207,14,14,193,206,10800.0,0.65,658696.4619421537,10800.0,658696.4619421537,3,0,14,14,0,0,0
S_adaptive_W14,2025-07-27,207,14,14,193,206,10800.0,0.80,704972.0489542717,10800.0,704972.0489542717,4,0,14,14,0,0,0
S_adaptive_W14,2025-07-27,207,14,14,193,206,10800.0,0.90,738884.80227037,10800.0,738884.80227037,5,0,14,14,0,0,0
S_adaptive_W14,2025-07-28,208,14,14,194,207,10800.0,base,644969.6251482639,10800.0,644969.6251482639,1,1,14,14,0,0,1
S_adaptive_W14,2025-07-28,208,14,14,194,207,10800.0,0.50,665934.7163342984,9796.534048518517,666834.8810408857,3,0,14,14,0,0,0
S_adaptive_W14,2025-07-28,208,14,14,194,207,10800.0,0.65,651996.9919707787,10800.0,651996.9919707787,2,0,14,14,0,0,0
S_adaptive_W14,2025-07-28,208,14,14,194,207,10800.0,0.80,693499.9694258203,10800.0,693499.9694258203,4,0,14,14,0,0,0
S_adaptive_W14,2025-07-28,208,14,14,194,207,10800.0,0.90,726359.3244852773,10800.0,726359.3244852773,5,0,14,14,0,0,0
S_adaptive_W14,2025-07-29,209,14,14,195,208,10800.0,base,662185.9187479693,10589.679929999998,662374.5875352076,2,0,14,14,0,0,0
S_adaptive_W14,2025-07-29,209,14,14,195,208,10800.0,0.50,694107.8383931131,9560.500030555553,695219.7387268142,4,0,14,14,0,0,0
S_adaptive_W14,2025-07-29,209,14,14,195,208,10800.0,0.65,651593.2225200748,10610.672384999998,651763.0599089307,1,1,14,14,0,0,1
S_adaptive_W14,2025-07-29,209,14,14,195,208,10800.0,0.80,687489.1349867624,10800.0,687489.1349867624,3,0,14,14,0,0,0
S_adaptive_W14,2025-07-29,209,14,14,195,208,10800.0,0.90,719561.6060442023,10800.0,719561.6060442023,5,0,14,14,0,0,0
S_adaptive_W14,2025-07-30,210,14,14,196,209,10800.0,base,659045.5625330808,10800.0,659045.5625330808,2,0,14,14,0,0,0
S_adaptive_W14,2025-07-30,210,14,14,196,209,10800.0,0.50,696611.968997847,9582.238804074077,697704.3684439923,4,0,14,14,0,0,0
S_adaptive_W14,2025-07-30,210,14,14,196,209,10800.0,0.65,651114.144469796,10800.0,651114.144469796,1,1,14,14,0,0,1
S_adaptive_W14,2025-07-30,210,14,14,196,209,10800.0,0.80,684763.4305818751,10800.0,684763.4305818751,3,0,14,14,0,0,0
S_adaptive_W14,2025-07-30,210,14,14,196,209,10800.0,0.90,715690.8740630766,10800.0,715690.8740630766,5,0,14,14,0,0,0
S_adaptive_W14,2025-07-31,211,14,14,197,210,10800.0,base,659899.8493480354,10800.0,659899.8493480354,2,0,14,14,0,0,0
S_adaptive_W14,2025-07-31,211,14,14,197,210,10800.0,0.50,702671.9564214511,9571.273963518523,703774.1919387325,4,0,14,14,0,0,0
S_adaptive_W14,2025-07-31,211,14,14,197,210,10800.0,0.65,647111.2625669687,10800.0,647111.2625669687,1,1,14,14,0,0,1
S_adaptive_W14,2025-07-31,211,14,14,197,210,10800.0,0.80,679269.1959483082,10800.0,679269.1959483082,3,0,14,14,0,0,0
S_adaptive_W14,2025-07-31,211,14,14,197,210,10800.0,0.90,709039.8621611552,10800.0,709039.8621611552,5,0,14,14,0,0,0
S_adaptive_W14,2025-08-01,212,14,14,198,211,10800.0,base,657925.9563370612,10707.935235,658008.5435459755,2,0,14,14,0,0,0
S_adaptive_W14,2025-08-01,212,14,14,198,211,10800.0,0.50,714203.5175908442,9383.273368518525,715474.4000863181,5,0,14,14,0,0,0
S_adaptive_W14,2025-08-01,212,14,14,198,211,10800.0,0.65,645471.4615324243,10800.0,645471.4615324243,1,1,14,14,0,0,1
S_adaptive_W14,2025-08-01,212,14,14,198,211,10800.0,0.80,673399.1802332004,10800.0,673399.1802332004,3,0,14,14,0,0,0
S_adaptive_W14,2025-08-01,212,14,14,198,211,10800.0,0.90,701775.4605418443,10800.0,701775.4605418443,4,0,14,14,0,0,0
S_adaptive_W14,2025-08-02,213,14,14,199,212,10800.0,base,657491.4608893591,10747.903020000002,657538.1947746958,2,0,14,14,0,0,0
S_adaptive_W14,2025-08-02,213,14,14,199,212,10800.0,0.50,714146.6306871729,9389.508732037044,715411.9197151617,5,0,14,14,0,0,0
S_adaptive_W14,2025-08-02,213,14,14,199,212,10800.0,0.65,641686.8849330526,10800.0,641686.8849330526,1,1,14,14,0,0,1
S_adaptive_W14,2025-08-02,213,14,14,199,212,10800.0,0.80,667584.6001722622,10800.0,667584.6001722622,3,0,14,14,0,0,0
S_adaptive_W14,2025-08-02,213,14,14,199,212,10800.0,0.90,695224.2000379876,10800.0,695224.2000379876,4,0,14,14,0,0,0
S_adaptive_W14,2025-08-03,214,14,14,200,213,10800.0,base,655632.9465220241,10800.0,655632.9465220241,2,0,14,14,0,0,0
S_adaptive_W14,2025-08-03,214,14,14,200,213,10800.0,0.50,716310.058327527,9448.317429865123,717522.5926864141,5,0,14,14,0,0,0
S_adaptive_W14,2025-08-03,214,14,14,200,213,10800.0,0.65,638632.8284436925,10800.0,638632.8284436925,1,1,14,14,0,0,1
S_adaptive_W14,2025-08-03,214,14,14,200,213,10800.0,0.80,662010.1027128593,10800.0,662010.1027128593,3,0,14,14,0,0,0
S_adaptive_W14,2025-08-03,214,14,14,200,213,10800.0,0.90,687660.7278331321,10800.0,687660.7278331321,4,0,14,14,0,0,0
S_adaptive_W14,2025-08-04,215,14,14,201,214,10800.0,base,655610.9776141461,10547.386949999998,655837.5855540544,2,0,14,14,0,0,0
S_adaptive_W14,2025-08-04,215,14,14,201,214,10800.0,0.50,713281.8633214287,9190.930427777785,714725.2881204659,5,0,14,14,0,0,0
S_adaptive_W14,2025-08-04,215,14,14,201,214,10800.0,0.65,635151.1030733761,10595.33325074074,635334.7005178366,1,1,14,14,0,0,1
S_adaptive_W14,2025-08-04,215,14,14,201,214,10800.0,0.80,656613.2912277619,10800.0,656613.2912277619,3,0,14,14,0,0,0
S_adaptive_W14,2025-08-04,215,14,14,201,214,10800.0,0.90,679623.8447419512,10800.0,679623.8447419512,4,0,14,14,0,0,0
S_adaptive_W14,2025-08-05,216,14,14,202,215,10792.061140740743,base,661601.387888884,10607.30188333333,661767.1272071816,3,0,14,14,0,0,0
S_adaptive_W14,2025-08-05,216,14,14,202,215,10792.061140740743,0.50,718625.5447330801,9074.029326666672,720166.7147165164,5,0,14,14,0,0,0
S_adaptive_W14,2025-08-05,216,14,14,202,215,10792.061140740743,0.65,630591.3060319021,10760.261308518518,630619.8322480628,1,1,14,14,0,0,1
S_adaptive_W14,2025-08-05,216,14,14,202,215,10792.061140740743,0.80,648210.3915540862,10800.0,648203.2699562829,2,0,14,14,0,0,0
S_adaptive_W14,2025-08-05,216,14,14,202,215,10792.061140740743,0.90,670524.1802290131,10800.0,670517.0586312098,4,0,14,14,0,0,0
S_adaptive_W14,2025-08-06,217,14,14,203,216,10544.818165740742,base,654376.3937295466,10413.18822055556,654494.4731031525,3,0,14,14,0,0,0
S_adaptive_W14,2025-08-06,217,14,14,203,216,10544.818165740742,0.50,715539.3750197522,8787.448002962969,717115.8336874396,5,0,14,14,0,0,0
S_adaptive_W14,2025-08-06,217,14,14,203,216,10544.818165740742,0.65,623273.4968066487,10800.0,623044.5845245495,1,1,14,14,0,0,1
S_adaptive_W14,2025-08-06,217,14,14,203,216,10544.818165740742,0.80,640513.6545932665,10800.0,640284.7423111674,2,0,14,14,0,0,0
S_adaptive_W14,2025-08-06,217,14,14,203,216,10544.818165740742,0.90,662919.6042099693,10800.0,662690.6919278702,4,0,14,14,0,0,0
S_adaptive_W14,2025-08-07,218,14,14,204,217,10425.988015740742,base,657322.529815584,10070.903160555554,657641.0606576215,4,0,14,14,0,0,0
S_adaptive_W14,2025-08-07,218,14,14,204,217,10425.988015740742,0.50,715158.6292664176,8381.661080925931,716992.5041006651,5,0,14,14,0,0,0
S_adaptive_W14,2025-08-07,218,14,14,204,217,10425.988015740742,0.65,624002.6164851518,10627.93329,623821.4603549594,1,1,14,14,0,0,1
S_adaptive_W14,2025-08-07,218,14,14,204,217,10425.988015740742,0.80,635768.9294502856,10800.0,635433.4199219615,2,0,14,14,0,0,0
S_adaptive_W14,2025-08-07,218,14,14,204,217,10425.988015740742,0.90,656874.3466105192,10800.0,656538.8370821951,3,0,14,14,0,0,0
S_adaptive_W14,2025-08-08,219,14,14,205,218,10434.180015740742,base,651851.3727416629,10090.178645370368,652159.9610820723,3,0,14,14,0,0,0
S_adaptive_W14,2025-08-08,219,14,14,205,218,10434.180015740742,0.50,701708.1836742142,8255.791373148155,703662.319308211,5,0,14,14,0,0,0
S_adaptive_W14,2025-08-08,219,14,14,205,218,10434.180015740742,0.65,620212.3906372249,10800.0,619884.2297880119,1,1,14,14,0,0,1
S_adaptive_W14,2025-08-08,219,14,14,205,218,10434.180015740742,0.80,632313.488547395,10800.0,631985.327698182,2,0,14,14,0,0,0
S_adaptive_W14,2025-08-08,219,14,14,205,218,10434.180015740742,0.90,653076.7163844085,10800.0,652748.5555351955,4,0,14,14,0,0,0
S_adaptive_W14,2025-08-09,220,14,14,206,219,10423.591185740741,base,649769.2144353638,10117.500029074074,650043.7952079581,3,0,14,14,0,0,0
S_adaptive_W14,2025-08-09,220,14,14,206,219,10423.591185740741,0.50,696419.0777147235,8105.398487037043,698498.625353944,5,0,14,14,0,0,0
S_adaptive_W14,2025-08-09,220,14,14,206,219,10423.591185740741,0.65,618996.284901965,10800.0,618658.6252839736,1,1,14,14,0,0,1
S_adaptive_W14,2025-08-09,220,14,14,206,219,10423.591185740741,0.80,631540.5548012258,10800.0,631202.8951832345,2,0,14,14,0,0,0
S_adaptive_W14,2025-08-09,220,14,14,206,219,10423.591185740741,0.90,652345.5303574917,10800.0,652007.8707395004,4,0,14,14,0,0,0
S_adaptive_W14,2025-08-10,221,14,14,207,220,10532.829266111112,base,648430.9686163397,9900.567672222222,648998.1423917022,3,0,14,14,0,0,0
S_adaptive_W14,2025-08-10,221,14,14,207,220,10532.829266111112,0.50,695386.268107279,8063.86966833333,697601.0620309077,5,0,14,14,0,0,0
S_adaptive_W14,2025-08-10,221,14,14,207,220,10532.829266111112,0.65,617503.005139627,10800.0,617263.3381485102,1,1,14,14,0,0,1
S_adaptive_W14,2025-08-10,221,14,14,207,220,10532.829266111112,0.80,629917.3204706664,10800.0,629677.6534795496,2,0,14,14,0,0,0
S_adaptive_W14,2025-08-10,221,14,14,207,220,10532.829266111112,0.90,650596.0567634524,10800.0,650356.3897723355,4,0,14,14,0,0,0
S_adaptive_W14,2025-08-11,222,14,14,208,221,10558.052734074074,base,634669.8254275114,9953.273767037035,635212.3457597751,3,0,14,14,0,0,0
S_adaptive_W14,2025-08-11,222,14,14,208,221,10558.052734074074,0.50,680304.4688858782,8133.787477777777,682479.1695021791,5,0,14,14,0,0,0
S_adaptive_W14,2025-08-11,222,14,14,208,221,10558.052734074074,0.65,610858.0026906979,10800.0,610640.9625516476,1,1,14,14,0,0,1
S_adaptive_W14,2025-08-11,222,14,14,208,221,10558.052734074074,0.80,625820.0414620003,10800.0,625603.00132295,2,0,14,14,0,0,0
S_adaptive_W14,2025-08-11,222,14,14,208,221,10558.052734074074,0.90,646108.6705043714,10800.0,645891.6303653211,4,0,14,14,0,0,0
S_adaptive_W14,2025-08-12,223,14,14,209,222,10347.732664074074,base,607854.9701757522,9955.10896962963,608207.1754420963,2,0,14,14,0,0,0
S_adaptive_W14,2025-08-12,223,14,14,209,222,10347.732664074074,0.50,649511.5403398069,8068.746836666664,651555.9172373151,5,0,14,14,0,0,0
S_adaptive_W14,2025-08-12,223,14,14,209,222,10347.732664074074,0.65,603393.9285387076,10800.0,602988.2196124189,1,1,14,14,0,0,1
S_adaptive_W14,2025-08-12,223,14,14,209,222,10347.732664074074,0.80,622105.403468251,10800.0,621699.6945419624,3,0,14,14,0,0,0
S_adaptive_W14,2025-08-12,223,14,14,209,222,10347.732664074074,0.90,641585.0087339894,10800.0,641179.2998077008,4,0,14,14,0,0,0
S_adaptive_W14,2025-08-13,224,14,14,210,223,10711.792467592597,base,619735.3689112467,10149.051515555557,620240.1788086101,3,0,14,14,0,0,0
S_adaptive_W14,2025-08-13,224,14,14,210,223,10711.792467592597,0.50,677377.4626100616,8429.927666666668,679424.4221067589,5,0,14,14,0,0,0
S_adaptive_W14,2025-08-13,224,14,14,210,223,10711.792467592597,0.65,600695.2795618058,10800.0,600616.1525048178,1,1,14,14,0,0,1
S_adaptive_W14,2025-08-13,224,14,14,210,223,10711.792467592597,0.80,612657.1840672409,10800.0,612578.057010253,2,0,14,14,0,0,0
S_adaptive_W14,2025-08-13,224,14,14,210,223,10711.792467592597,0.90,631134.6714648922,10800.0,631055.5444079043,4,0,14,14,0,0,0
S_adaptive_W14,2025-08-14,225,14,14,211,224,10800.0,base,613386.2841958732,10340.533643148148,613798.451043878,3,0,14,14,0,0,0
S_adaptive_W14,2025-08-14,225,14,14,211,224,10800.0,0.50,673618.4140786056,8623.056109629622,675571.253689595,5,0,14,14,0,0,0
S_adaptive_W14,2025-08-14,225,14,14,211,224,10800.0,0.65,595838.1588415386,10800.0,595838.1588415386,1,1,14,14,0,0,1
S_adaptive_W14,2025-08-14,225,14,14,211,224,10800.0,0.80,607182.6878629574,10800.0,607182.6878629574,2,0,14,14,0,0,0
S_adaptive_W14,2025-08-14,225,14,14,211,224,10800.0,0.90,624807.5761682969,10800.0,624807.5761682969,4,0,14,14,0,0,0
S_adaptive_W14,2025-08-15,226,14,14,212,225,10800.0,base,607886.1505436562,10327.730828148147,608309.8022279835,3,0,14,14,0,0,0
S_adaptive_W14,2025-08-15,226,14,14,212,225,10800.0,0.50,668874.1408981674,8672.673169074074,670782.4712503318,5,0,14,14,0,0,0
S_adaptive_W14,2025-08-15,226,14,14,212,225,10800.0,0.65,592159.7956066321,10800.0,592159.7956066321,1,1,14,14,0,0,1
S_adaptive_W14,2025-08-15,226,14,14,212,225,10800.0,0.80,601905.2705565321,10800.0,601905.2705565321,2,0,14,14,0,0,0
S_adaptive_W14,2025-08-15,226,14,14,212,225,10800.0,0.90,619532.700126294,10800.0,619532.700126294,4,0,14,14,0,0,0
S_adaptive_W14,2025-08-16,227,14,14,213,226,10800.0,base,607025.1603943539,10169.94654185185,607590.3533492826,3,0,14,14,0,0,0
S_adaptive_W14,2025-08-16,227,14,14,213,226,10800.0,0.50,668888.5720630229,8410.584090441234,671032.0108792254,5,0,14,14,0,0,0
S_adaptive_W14,2025-08-16,227,14,14,213,226,10800.0,0.65,591436.5725891505,10800.0,591436.5725891505,1,1,14,14,0,0,1
S_adaptive_W14,2025-08-16,227,14,14,213,226,10800.0,0.80,601274.1136174805,10800.0,601274.1136174805,2,0,14,14,0,0,0
S_adaptive_W14,2025-08-16,227,14,14,213,226,10800.0,0.90,618847.6238503911,10800.0,618847.6238503911,4,0,14,14,0,0,0
S_adaptive_W14,2025-08-17,228,14,14,214,227,10800.0,base,606586.3439166814,10286.587419814816,607046.9035240286,3,0,14,14,0,0,0
S_adaptive_W14,2025-08-17,228,14,14,214,227,10800.0,0.50,668037.3659886534,8508.732453589384,670092.7602704251,5,0,14,14,0,0,0
S_adaptive_W14,2025-08-17,228,14,14,214,227,10800.0,0.65,592050.3420955437,10800.0,592050.3420955437,1,1,14,14,0,0,1
S_adaptive_W14,2025-08-17,228,14,14,214,227,10800.0,0.80,601225.4119430805,10800.0,601225.4119430805,2,0,14,14,0,0,0
S_adaptive_W14,2025-08-17,228,14,14,214,227,10800.0,0.90,618887.7082519095,10800.0,618887.7082519095,4,0,14,14,0,0,0
S_adaptive_W14,2025-08-18,229,14,14,215,228,10595.33325074074,base,605520.0090521408,10322.130854814814,605765.0867791972,3,0,14,14,0,0,0
S_adaptive_W14,2025-08-18,229,14,14,215,228,10595.33325074074,0.50,675930.4664807469,8660.128178148148,677666.4529422553,5,0,14,14,0,0,0
S_adaptive_W14,2025-08-18,229,14,14,215,228,10595.33325074074,0.65,588978.721655095,10800.0,588795.1242106345,1,1,14,14,0,0,1
S_adaptive_W14,2025-08-18,229,14,14,215,228,10595.33325074074,0.80,598462.8566969375,10800.0,598279.259252477,2,0,14,14,0,0,0
S_adaptive_W14,2025-08-18,229,14,14,215,228,10595.33325074074,0.90,616376.1444014129,10800.0,616192.5469569524,4,0,14,14,0,0,0
S_adaptive_W14,2025-08-19,230,14,14,216,229,10760.261308518518,base,593406.1318599998,10445.645423888887,593688.3597871729,2,0,14,14,0,0,0
S_adaptive_W14,2025-08-19,230,14,14,216,229,10760.261308518518,0.50,665554.9820554457,8968.203469629623,667162.5574956979,5,0,14,14,0,0,0
S_adaptive_W14,2025-08-19,230,14,14,216,229,10760.261308518518,0.65,587721.67049319,10800.0,587686.022679226,1,1,14,14,0,0,1
S_adaptive_W14,2025-08-19,230,14,14,216,229,10760.261308518518,0.80,600632.6574342997,10800.0,600597.0096203358,3,0,14,14,0,0,0
S_adaptive_W14,2025-08-19,230,14,14,216,229,10760.261308518518,0.90,618256.1417572963,10800.0,618220.4939433323,4,0,14,14,0,0,0
S_adaptive_W14,2025-08-20,231,14,14,217,230,10800.0,base,595123.6433108698,10616.336131028806,595288.4000048853,2,0,14,14,0,0,0
S_adaptive_W14,2025-08-20,231,14,14,217,230,10800.0,0.50,660779.981346807,9109.544265443523,662296.4140549116,5,0,14,14,0,0,0
S_adaptive_W14,2025-08-20,231,14,14,217,230,10800.0,0.65,588424.6532768605,10800.0,588424.6532768605,1,1,14,14,0,0,1
S_adaptive_W14,2025-08-20,231,14,14,217,230,10800.0,0.80,601872.5069516097,10800.0,601872.5069516097,3,0,14,14,0,0,0
S_adaptive_W14,2025-08-20,231,14,14,217,230,10800.0,0.90,619128.4909266393,10800.0,619128.4909266393,4,0,14,14,0,0,0
S_adaptive_W14,2025-08-21,232,14,14,218,231,10627.93329,base,616247.3758220295,10615.433386028812,616258.5889303308,3,0,14,14,0,0,0
S_adaptive_W14,2025-08-21,232,14,14,218,231,10627.93329,0.50,681579.6477976677,9108.259122213072,682942.8799525151,5,0,14,14,0,0,0
S_adaptive_W14,2025-08-21,232,14,14,218,231,10627.93329,0.65,598322.709073325,10800.0,598168.3556751934,1,1,14,14,0,0,1
S_adaptive_W14,2025-08-21,232,14,14,218,231,10627.93329,0.80,604022.2201811112,10800.0,603867.8667829796,2,0,14,14,0,0,0
S_adaptive_W14,2025-08-21,232,14,14,218,231,10627.93329,0.90,621800.2862453327,10800.0,621645.932847201,4,0,14,14,0,0,0
S_adaptive_W14,2025-08-22,233,14,14,219,232,10800.0,base,618832.5598122168,10621.552444362142,618992.637183377,3,0,14,14,0,0,0
S_adaptive_W14,2025-08-22,233,14,14,219,232,10800.0,0.50,682743.352085211,9256.025718518516,684128.3827920489,5,0,14,14,0,0,0
S_adaptive_W14,2025-08-22,233,14,14,219,232,10800.0,0.65,599889.4657215776,10800.0,599889.4657215776,1,1,14,14,0,0,1
S_adaptive_W14,2025-08-22,233,14,14,219,232,10800.0,0.80,605991.2629467282,10800.0,605991.2629467282,2,0,14,14,0,0,0
S_adaptive_W14,2025-08-22,233,14,14,219,232,10800.0,0.90,624089.6378863072,10800.0,624089.6378863072,4,0,14,14,0,0,0
S_adaptive_W14,2025-08-23,234,14,14,220,233,10800.0,base,625312.5824224188,10437.955639362142,625637.3563274865,4,0,14,14,0,0,0
S_adaptive_W14,2025-08-23,234,14,14,220,233,10800.0,0.50,692724.0102728663,9235.857255370367,694127.1332116183,5,0,14,14,0,0,0
S_adaptive_W14,2025-08-23,234,14,14,220,233,10800.0,0.65,602966.0352486554,10706.944049999998,603049.5116055803,1,1,14,14,0,0,1
S_adaptive_W14,2025-08-23,234,14,14,220,233,10800.0,0.80,605233.9628072815,10800.0,605233.9628072815,2,0,14,14,0,0,0
S_adaptive_W14,2025-08-23,234,14,14,220,233,10800.0,0.90,623437.9452622589,10800.0,623437.9452622589,3,0,14,14,0,0,0
S_adaptive_W14,2025-08-24,235,14,14,221,234,10800.0,base,626425.2105824181,10340.77096936214,626837.1645356242,4,0,14,14,0,0,0
S_adaptive_W14,2025-08-24,235,14,14,221,234,10800.0,0.50,692541.2904773719,9334.300119259258,693856.1046981675,5,0,14,14,0,0,0
S_adaptive_W14,2025-08-24,235,14,14,221,234,10800.0,0.65,603641.9237725702,10800.0,603641.9237725702,1,1,14,14,0,0,1
S_adaptive_W14,2025-08-24,235,14,14,221,234,10800.0,0.80,606233.0559808081,10800.0,606233.0559808081,2,0,14,14,0,0,0
S_adaptive_W14,2025-08-24,235,14,14,221,234,10800.0,0.90,624609.6588524256,10800.0,624609.6588524256,3,0,14,14,0,0,0
S_adaptive_W14,2025-08-25,236,14,14,222,235,10800.0,base,630975.9686314262,10153.17043936214,631556.210682294,4,0,14,14,0,0,0
S_adaptive_W14,2025-08-25,236,14,14,222,235,10800.0,0.50,691620.377678474,9160.261295450384,693091.3143930497,5,0,14,14,0,0,0
S_adaptive_W14,2025-08-25,236,14,14,222,235,10800.0,0.65,604683.9661659843,10800.0,604683.9661659843,1,1,14,14,0,0,1
S_adaptive_W14,2025-08-25,236,14,14,222,235,10800.0,0.80,607865.1544543928,10800.0,607865.1544543928,2,0,14,14,0,0,0
S_adaptive_W14,2025-08-25,236,14,14,222,235,10800.0,0.90,626570.9508849339,10800.0,626570.9508849339,3,0,14,14,0,0,0
S_adaptive_W14,2025-08-26,237,14,14,223,236,10800.0,base,665814.4699865676,10119.48669010288,666424.9282318404,4,0,14,14,0,0,0
S_adaptive_W14,2025-08-26,237,14,14,223,236,10800.0,0.50,727763.7739330127,9080.483754444442,729306.2755339564,5,0,14,14,0,0,0
S_adaptive_W14,2025-08-26,237,14,14,223,236,10800.0,0.65,622005.7944367249,10800.0,622005.7944367249,2,0,14,14,0,0,0
S_adaptive_W14,2025-08-26,237,14,14,223,236,10800.0,0.80,606909.3336717295,10800.0,606909.3336717295,1,1,14,14,0,0,1
S_adaptive_W14,2025-08-26,237,14,14,223,236,10800.0,0.90,625972.4229325969,10800.0,625972.4229325969,3,0,14,14,0,0,0
S_adaptive_W14,2025-08-27,238,14,14,224,237,10800.0,base,648391.230464098,10385.189324362142,648763.3386851827,4,0,14,14,0,0,0
S_adaptive_W14,2025-08-27,238,14,14,224,237,10800.0,0.50,694634.2183988418,9146.483257407408,696117.5147789886,5,0,14,14,0,0,0
S_adaptive_W14,2025-08-27,238,14,14,224,237,10800.0,0.65,619206.9305847852,10800.0,619206.9305847852,2,0,14,14,0,0,0
S_adaptive_W14,2025-08-27,238,14,14,224,237,10800.0,0.80,611786.3883870206,10800.0,611786.3883870206,1,1,14,14,0,0,1
S_adaptive_W14,2025-08-27,238,14,14,224,237,10800.0,0.90,632055.2751670734,10800.0,632055.2751670734,3,0,14,14,0,0,0
S_adaptive_W14,2025-08-28,239,14,14,225,238,10800.0,base,660473.2136636345,10388.873070843623,660842.0173594727,4,0,14,14,0,0,0
S_adaptive_W14,2025-08-28,239,14,14,225,238,10800.0,0.50,708215.0224849243,9091.797475740745,709747.375049325,5,0,14,14,0,0,0
S_adaptive_W14,2025-08-28,239,14,14,225,238,10800.0,0.65,618201.0329345644,10800.0,618201.0329345644,2,0,14,14,0,0,0
S_adaptive_W14,2025-08-28,239,14,14,225,238,10800.0,0.80,611160.1419511796,10800.0,611160.1419511796,1,1,14,14,0,0,1
S_adaptive_W14,2025-08-28,239,14,14,225,238,10800.0,0.90,632417.7200505144,10800.0,632417.7200505144,3,0,14,14,0,0,0
S_adaptive_W14,2025-08-29,240,14,14,226,239,10800.0,base,669137.5888017028,10265.892135843624,669616.7132285102,4,0,14,14,0,0,0
S_adaptive_W14,2025-08-29,240,14,14,226,239,10800.0,0.50,716249.7104300798,9063.187144069507,717807.7280514525,5,0,14,14,0,0,0
S_adaptive_W14,2025-08-29,240,14,14,226,239,10800.0,0.65,618242.9342457667,10800.0,618242.9342457667,2,0,14,14,0,0,0
S_adaptive_W14,2025-08-29,240,14,14,226,239,10800.0,0.80,614628.6921251271,10800.0,614628.6921251271,1,1,14,14,0,0,1
S_adaptive_W14,2025-08-29,240,14,14,226,239,10800.0,0.90,635953.4241892645,10800.0,635953.4241892645,3,0,14,14,0,0,0
S_adaptive_W14,2025-08-30,241,14,14,227,240,10800.0,base,670265.3645589835,10646.622105658436,670402.953051202,4,0,14,14,0,0,0
S_adaptive_W14,2025-08-30,241,14,14,227,240,10800.0,0.50,717530.940715086,9303.826031296296,718873.0918857892,5,0,14,14,0,0,0
S_adaptive_W14,2025-08-30,241,14,14,227,240,10800.0,0.65,619417.71376757,10800.0,619417.71376757,2,0,14,14,0,0,0
S_adaptive_W14,2025-08-30,241,14,14,227,240,10800.0,0.80,615630.9253543204,10800.0,615630.9253543204,1,1,14,14,0,0,1
S_adaptive_W14,2025-08-30,241,14,14,227,240,10800.0,0.90,637114.154761024,10800.0,637114.154761024,3,0,14,14,0,0,0
S_adaptive_W14,2025-08-31,242,14,14,228,241,10800.0,base,669851.4925019754,10532.852880658436,670091.1383095314,4,0,14,14,0,0,0
S_adaptive_W14,2025-08-31,242,14,14,228,241,10800.0,0.50,715777.1794220363,9047.281522407407,717349.4652696856,5,0,14,14,0,0,0
S_adaptive_W14,2025-08-31,242,14,14,228,241,10800.0,0.65,619975.9527674048,10800.0,619975.9527674048,2,0,14,14,0,0,0
S_adaptive_W14,2025-08-31,242,14,14,228,241,10800.0,0.80,616996.8911029088,10800.0,616996.8911029088,1,1,14,14,0,0,1
S_adaptive_W14,2025-08-31,242,14,14,228,241,10800.0,0.90,638654.7486742641,10800.0,638654.7486742641,3,0,14,14,0,0,0
S_adaptive_W14,2025-09-01,243,14,14,229,242,10800.0,base,685285.0404121703,10670.744642510288,685400.9896486918,4,0,14,14,0,0,0
S_adaptive_W14,2025-09-01,243,14,14,229,242,10800.0,0.50,726719.0150097939,9251.96716037037,728107.6864687661,5,0,14,14,0,0,0
S_adaptive_W14,2025-09-01,243,14,14,229,242,10800.0,0.65,621421.0958721692,10800.0,621421.0958721692,2,0,14,14,0,0,0
S_adaptive_W14,2025-09-01,243,14,14,229,242,10800.0,0.80,618652.6884097892,10800.0,618652.6884097892,1,1,14,14,0,0,1
S_adaptive_W14,2025-09-01,243,14,14,229,242,10800.0,0.90,640499.8909482707,10800.0,640499.8909482707,3,0,14,14,0,0,0
S_adaptive_W14,2025-09-02,244,14,14,230,243,10800.0,base,680445.2096198284,10800.0,680445.2096198284,4,0,14,14,0,0,0
S_adaptive_W14,2025-09-02,244,14,14,230,243,10800.0,0.50,712626.4032399773,10800.0,712626.4032399773,5,0,14,14,0,0,0
S_adaptive_W14,2025-09-02,244,14,14,230,243,10800.0,0.65,622642.6825322248,10800.0,622642.6825322248,2,0,14,14,0,0,0
S_adaptive_W14,2025-09-02,244,14,14,230,243,10800.0,0.80,620607.9846164199,10800.0,620607.9846164199,1,1,14,14,0,0,1
S_adaptive_W14,2025-09-02,244,14,14,230,243,10800.0,0.90,643320.3208771474,10800.0,643320.3208771474,3,0,14,14,0,0,0
S_adaptive_W14,2025-09-03,245,14,14,231,244,10800.0,base,680037.7199773806,10800.0,680037.7199773806,4,0,14,14,0,0,0
S_adaptive_W14,2025-09-03,245,14,14,231,244,10800.0,0.50,707040.3464085202,10800.0,707040.3464085202,5,0,14,14,0,0,0
S_adaptive_W14,2025-09-03,245,14,14,231,244,10800.0,0.65,622484.2227199129,10800.0,622484.2227199129,2,0,14,14,0,0,0
S_adaptive_W14,2025-09-03,245,14,14,231,244,10800.0,0.80,620872.3137727958,10800.0,620872.3137727958,1,1,14,14,0,0,1
S_adaptive_W14,2025-09-03,245,14,14,231,244,10800.0,0.90,644129.2276424014,10800.0,644129.2276424014,3,0,14,14,0,0,0
S_adaptive_W14,2025-09-04,246,14,14,232,245,10800.0,base,648125.5439338762,10800.0,648125.5439338762,4,0,14,14,0,0,0
S_adaptive_W14,2025-09-04,246,14,14,232,245,10800.0,0.50,666051.0038852365,10800.0,666051.0038852365,5,0,14,14,0,0,0
S_adaptive_W14,2025-09-04,246,14,14,232,245,10800.0,0.65,606015.501986681,10800.0,606015.501986681,1,1,14,14,0,0,1
S_adaptive_W14,2025-09-04,246,14,14,232,245,10800.0,0.80,618271.901221222,10800.0,618271.901221222,2,0,14,14,0,0,0
S_adaptive_W14,2025-09-04,246,14,14,232,245,10800.0,0.90,642442.0068839011,10800.0,642442.0068839011,3,0,14,14,0,0,0
S_adaptive_W14,2025-09-05,247,14,14,233,246,10800.0,base,647108.244608738,10800.0,647108.244608738,4,0,14,14,0,0,0
S_adaptive_W14,2025-09-05,247,14,14,233,246,10800.0,0.50,663107.1205540213,10800.0,663107.1205540213,5,0,14,14,0,0,0
S_adaptive_W14,2025-09-05,247,14,14,233,246,10800.0,0.65,603494.5307975201,10800.0,603494.5307975201,1,1,14,14,0,0,1
S_adaptive_W14,2025-09-05,247,14,14,233,246,10800.0,0.80,615857.5024938553,10800.0,615857.5024938553,2,0,14,14,0,0,0
S_adaptive_W14,2025-09-05,247,14,14,233,246,10800.0,0.90,639965.7706506765,10800.0,639965.7706506765,3,0,14,14,0,0,0
S_adaptive_W14,2025-09-06,248,14,14,234,247,10706.944049999998,base,640708.172635684,10800.0,640624.696278759,3,0,14,14,0,0,0
S_adaptive_W14,2025-09-06,248,14,14,234,247,10706.944049999998,0.50,651963.5225950493,10800.0,651880.0462381244,5,0,14,14,0,0,0
S_adaptive_W14,2025-09-06,248,14,14,234,247,10706.944049999998,0.65,600385.9810722808,10800.0,600302.5047153558,1,1,14,14,0,0,1
S_adaptive_W14,2025-09-06,248,14,14,234,247,10706.944049999998,0.80,616696.8449434623,10800.0,616613.3685865373,2,0,14,14,0,0,0
S_adaptive_W14,2025-09-06,248,14,14,234,247,10706.944049999998,0.90,640826.9088946634,10800.0,640743.4325377385,4,0,14,14,0,0,0
S_adaptive_W14,2025-09-07,249,14,14,235,248,10800.0,base,642821.6736260804,10800.0,642821.6736260804,4,0,14,14,0,0,0
S_adaptive_W14,2025-09-07,249,14,14,235,248,10800.0,0.50,648791.3767513332,10800.0,648791.3767513332,5,0,14,14,0,0,0
S_adaptive_W14,2025-09-07,249,14,14,235,248,10800.0,0.65,599528.7974271424,10800.0,599528.7974271424,1,1,14,14,0,0,1
S_adaptive_W14,2025-09-07,249,14,14,235,248,10800.0,0.80,615787.2706548003,10800.0,615787.2706548003,2,0,14,14,0,0,0
S_adaptive_W14,2025-09-07,249,14,14,235,248,10800.0,0.90,639758.7226630333,10800.0,639758.7226630333,3,0,14,14,0,0,0
S_adaptive_W14,2025-09-08,250,14,14,236,249,10800.0,base,638299.2970311245,10800.0,638299.2970311245,4,0,14,14,0,0,0
S_adaptive_W14,2025-09-08,250,14,14,236,249,10800.0,0.50,640447.7682508215,10800.0,640447.7682508215,5,0,14,14,0,0,0
S_adaptive_W14,2025-09-08,250,14,14,236,249,10800.0,0.65,595870.6545697843,10800.0,595870.6545697843,1,1,14,14,0,0,1
S_adaptive_W14,2025-09-08,250,14,14,236,249,10800.0,0.80,612766.2014494746,10800.0,612766.2014494746,2,0,14,14,0,0,0
S_adaptive_W14,2025-09-08,250,14,14,236,249,10800.0,0.90,636742.7108630395,10800.0,636742.7108630395,3,0,14,14,0,0,0
S_adaptive_W14,2025-09-09,251,14,14,237,250,10800.0,base,618572.746984611,10654.94661,618702.8679339627,3,0,14,14,0,0,0
S_adaptive_W14,2025-09-09,251,14,14,237,250,10800.0,0.50,656980.3190329239,9909.04194,657779.557910414,5,0,14,14,0,0,0
S_adaptive_W14,2025-09-09,251,14,14,237,250,10800.0,0.65,592414.0209331416,10498.419914999999,592684.5550238357,1,1,14,14,0,0,1
S_adaptive_W14,2025-09-09,251,14,14,237,250,10800.0,0.80,614922.8045826405,10688.83368,615022.5269475871,2,0,14,14,0,0,0
S_adaptive_W14,2025-09-09,251,14,14,237,250,10800.0,0.90,634419.1355916293,10732.383255,634479.7915683802,4,0,14,14,0,0,0
S_adaptive_W14,2025-09-10,252,14,14,238,251,10800.0,base,611203.3381738223,10581.07947,611399.7220514839,3,0,14,14,0,0,0
S_adaptive_W14,2025-09-10,252,14,14,238,251,10800.0,0.50,666843.6638149373,9056.990308333332,668407.2403422341,5,0,14,14,0,0,0
S_adaptive_W14,2025-09-10,252,14,14,238,251,10800.0,0.65,585792.0449515743,10237.215449999998,586296.8939587326,1,1,14,14,0,0,1
S_adaptive_W14,2025-09-10,252,14,14,238,251,10800.0,0.80,603439.4967878588,10702.106655,603527.3125568429,2,0,14,14,0,0,0
S_adaptive_W14,2025-09-10,252,14,14,238,251,10800.0,0.90,623035.2183262341,10800.0,623035.2183262341,4,0,14,14,0,0,0
S_adaptive_W14,2025-09-11,253,14,14,239,252,10800.0,base,626392.5268535033,10545.474761851852,626620.8501324132,4,0,14,14,0,0,0
S_adaptive_W14,2025-09-11,253,14,14,239,252,10800.0,0.50,700122.3535499827,8315.870836851851,702350.7554165022,5,0,14,14,0,0,0
S_adaptive_W14,2025-09-11,253,14,14,239,252,10800.0,0.65,617198.246839376,10154.173529999998,617777.5890622144,3,0,14,14,0,0,0
S_adaptive_W14,2025-09-11,253,14,14,239,252,10800.0,0.80,610385.8667929824,10795.633804444446,610389.7835129622,1,1,14,14,0,0,1
S_adaptive_W14,2025-09-11,253,14,14,239,252,10800.0,0.90,614490.8977161056,10800.0,614490.8977161056,2,0,14,14,0,0,0
S_adaptive_W14,2025-09-12,254,14,14,240,253,10800.0,base,608490.5249607526,10478.442566851852,608778.9798425883,3,0,14,14,0,0,0
S_adaptive_W14,2025-09-12,254,14,14,240,253,10800.0,0.50,696875.6103815747,7570.863417407407,699772.3252926371,5,0,14,14,0,0,0
S_adaptive_W14,2025-09-12,254,14,14,240,253,10800.0,0.65,612979.5497950774,10000.106226296295,613697.0989486326,4,0,14,14,0,0,0
S_adaptive_W14,2025-09-12,254,14,14,240,253,10800.0,0.80,601983.9036967052,10731.869329444446,602045.0206932308,1,1,14,14,0,0,1
S_adaptive_W14,2025-09-12,254,14,14,240,253,10800.0,0.90,607281.2358047488,10800.0,607281.2358047488,2,0,14,14,0,0,0
S_adaptive_W14,2025-09-13,255,14,14,241,254,10800.0,base,604728.5647623719,10492.664110555555,605004.2621294197,3,0,14,14,0,0,0
S_adaptive_W14,2025-09-13,255,14,14,241,254,10800.0,0.50,712401.7180835081,6739.850789814815,716043.8974888892,5,0,14,14,0,0,0
S_adaptive_W14,2025-09-13,255,14,14,241,254,10800.0,0.65,611071.7095399969,9809.873770925926,611959.9077744891,4,0,14,14,0,0,0
S_adaptive_W14,2025-09-13,255,14,14,241,254,10800.0,0.80,594169.8116823749,10800.0,594169.8116823749,1,1,14,14,0,0,1
S_adaptive_W14,2025-09-13,255,14,14,241,254,10800.0,0.90,598941.3524737754,10800.0,598941.3524737754,2,0,14,14,0,0,0
S_adaptive_W14,2025-09-14,256,14,14,242,255,10800.0,base,599861.002842671,10411.407369814815,600209.5920204265,3,0,14,14,0,0,0
S_adaptive_W14,2025-09-14,256,14,14,242,255,10800.0,0.50,726116.8845315246,5956.480412962963,730461.7906855183,5,0,14,14,0,0,0
S_adaptive_W14,2025-09-14,256,14,14,242,255,10800.0,0.65,607792.9059994717,9637.068283703702,608836.120356307,4,0,14,14,0,0,0
S_adaptive_W14,2025-09-14,256,14,14,242,255,10800.0,0.80,586014.2685086098,10800.0,586014.2685086098,1,1,14,14,0,0,1
S_adaptive_W14,2025-09-14,256,14,14,242,255,10800.0,0.90,590834.7223442753,10800.0,590834.7223442753,2,0,14,14,0,0,0
S_adaptive_W14,2025-09-15,257,14,14,243,256,10800.0,base,599656.781060615,10113.222534259257,600272.858601688,3,0,14,14,0,0,0
S_adaptive_W14,2025-09-15,257,14,14,243,256,10800.0,0.50,746156.8045277686,4743.24669611111,751590.0487276516,5,0,14,14,0,0,0
S_adaptive_W14,2025-09-15,257,14,14,243,256,10800.0,0.65,624742.8666567544,9075.51891537037,626289.8219941718,4,0,14,14,0,0,0
S_adaptive_W14,2025-09-15,257,14,14,243,256,10800.0,0.80,578058.6903836845,10528.504184259258,578302.2372135048,1,1,14,14,0,0,1
S_adaptive_W14,2025-09-15,257,14,14,243,256,10800.0,0.90,581665.0450924927,10800.0,581665.0450924927,2,0,14,14,0,0,0
S_adaptive_W14,2025-09-16,258,14,14,244,257,10800.0,base,596437.5765780827,10211.983614259258,596965.0599436691,3,0,14,14,0,0,0
S_adaptive_W14,2025-09-16,258,14,14,244,257,10800.0,0.50,767636.7875913146,3971.020384629628,773762.7616940583,5,0,14,14,0,0,0
S_adaptive_W14,2025-09-16,258,14,14,244,257,10800.0,0.65,622923.2744424536,9021.44808537037,624518.7343183161,4,0,14,14,0,0,0
S_adaptive_W14,2025-09-16,258,14,14,244,257,10800.0,0.80,572725.8766152265,10644.064739259258,572865.7592071809,1,1,14,14,0,0,1
S_adaptive_W14,2025-09-16,258,14,14,244,257,10800.0,0.90,575057.7644525517,10800.0,575057.7644525517,2,0,14,14,0,0,0
S_adaptive_W14,2025-09-17,259,14,14,245,258,10800.0,base,606834.702120138,10015.876344259255,607538.1046017627,3,0,14,14,0,0,0
S_adaptive_W14,2025-09-17,259,14,14,245,258,10800.0,0.50,795089.5660684347,3164.6580120370345,801938.8920173035,5,0,14,14,0,0,0
S_adaptive_W14,2025-09-17,259,14,14,245,258,10800.0,0.65,626598.8526414883,8631.655938888889,628543.9777278639,4,0,14,14,0,0,0
S_adaptive_W14,2025-09-17,259,14,14,245,258,10800.0,0.80,564932.1391783719,10547.363029629627,565158.7685761814,1,1,14,14,0,0,1
S_adaptive_W14,2025-09-17,259,14,14,245,258,10800.0,0.90,567271.5681283128,10800.0,567271.5681283128,2,0,14,14,0,0,0
S_adaptive_W14,2025-09-18,260,14,14,246,259,10800.0,base,611147.1474258864,9824.356698703701,612022.3536695548,3,0,14,14,0,0,0
S_adaptive_W14,2025-09-18,260,14,14,246,259,10800.0,0.50,819052.1988771386,2539.609153518516,826462.228377035,5,0,14,14,0,0,0
S_adaptive_W14,2025-09-18,260,14,14,246,259,10800.0,0.65,624495.3149462957,8393.854305,626653.7613094716,4,0,14,14,0,0,0
S_adaptive_W14,2025-09-18,260,14,14,246,259,10800.0,0.80,558412.9596455349,10800.0,558412.9596455349,1,1,14,14,0,0,1
S_adaptive_W14,2025-09-18,260,14,14,246,259,10800.0,0.90,561357.6449492162,10800.0,561357.6449492162,2,0,14,14,0,0,0
S_adaptive_W14,2025-09-19,261,14,14,247,260,10800.0,base,606345.6963809542,9702.77483648148,607329.9683095838,3,0,14,14,0,0,0
S_adaptive_W14,2025-09-19,261,14,14,247,260,10800.0,0.50,827465.1007451891,2115.73289333333,835255.3707991529,5,0,14,14,0,0,0
S_adaptive_W14,2025-09-19,261,14,14,247,260,10800.0,0.65,620338.2698456382,8207.58442925926,622663.8106356799,4,0,14,14,0,0,0
S_adaptive_W14,2025-09-19,261,14,14,247,260,10800.0,0.80,552603.0684851911,10783.804899814813,552617.596389785,1,1,14,14,0,0,1
S_adaptive_W14,2025-09-19,261,14,14,247,260,10800.0,0.90,555848.1848247801,10800.0,555848.1848247801,2,0,14,14,0,0,0
S_adaptive_W14,2025-09-20,262,14,14,248,261,10800.0,base,602925.6182235482,9735.989650740741,603880.0946185198,3,0,14,14,0,0,0
S_adaptive_W14,2025-09-20,262,14,14,248,261,10800.0,0.50,830034.2847785389,1925.5306194444422,837995.1768389739,5,0,14,14,0,0,0
S_adaptive_W14,2025-09-20,262,14,14,248,261,10800.0,0.65,614634.6192624032,8393.487322777779,616793.3948290203,4,0,14,14,0,0,0
S_adaptive_W14,2025-09-20,262,14,14,248,261,10800.0,0.80,546063.5642835249,10800.0,546063.5642835249,1,1,14,14,0,0,1
S_adaptive_W14,2025-09-20,262,14,14,248,261,10800.0,0.90,549061.3197824084,10800.0,549061.3197824084,2,0,14,14,0,0,0
S_adaptive_W14,2025-09-21,263,14,14,249,262,10800.0,base,600190.7879456995,9944.950077592592,600957.8152288725,3,0,14,14,0,0,0
S_adaptive_W14,2025-09-21,263,14,14,249,262,10800.0,0.50,832170.5436450513,1974.983412962961,840087.0738023228,5,0,14,14,0,0,0
S_adaptive_W14,2025-09-21,263,14,14,249,262,10800.0,0.65,609433.2867862682,8736.878340000001,611284.0215331583,4,0,14,14,0,0,0
S_adaptive_W14,2025-09-21,263,14,14,249,262,10800.0,0.80,540747.1003936966,10800.0,540747.1003936966,1,1,14,14,0,0,1
S_adaptive_W14,2025-09-21,263,14,14,249,262,10800.0,0.90,543589.0598527318,10800.0,543589.0598527318,2,0,14,14,0,0,0
S_adaptive_W14,2025-09-22,264,14,14,250,263,10800.0,base,597743.9095295921,9975.271347592592,598483.7369490601,3,0,14,14,0,0,0
S_adaptive_W14,2025-09-22,264,14,14,250,263,10800.0,0.50,834597.8642341192,2143.4050438888867,842363.3108316929,5,0,14,14,0,0,0
S_adaptive_W14,2025-09-22,264,14,14,250,263,10800.0,0.65,608642.5933552076,8891.394472222224,610354.7185472647,4,0,14,14,0,0,0
S_adaptive_W14,2025-09-22,264,14,14,250,263,10800.0,0.80,539807.405120436,10800.0,539807.405120436,1,1,14,14,0,0,1
S_adaptive_W14,2025-09-22,264,14,14,250,263,10800.0,0.90,542391.3439577247,10800.0,542391.3439577247,2,0,14,14,0,0,0
S_adaptive_W14,2025-09-23,265,14,14,251,264,10498.419914999999,base,589232.2362377499,9709.941375925928,589939.5452916627,3,0,14,14,0,0,0
S_adaptive_W14,2025-09-23,265,14,14,251,264,10498.419914999999,0.50,793657.5253635179,2714.1577779629574,800640.4409594478,5,0,14,14,0,0,0
S_adaptive_W14,2025-09-23,265,14,14,251,264,10498.419914999999,0.65,591714.1666960986,8838.747667222224,593202.984906369,4,0,14,14,0,0,0
S_adaptive_W14,2025-09-23,265,14,14,251,264,10498.419914999999,0.80,532093.0334210186,10800.0,531822.4993303245,1,1,14,14,0,0,1
S_adaptive_W14,2025-09-23,265,14,14,251,264,10498.419914999999,0.90,539387.0485583076,10800.0,539116.5144676134,2,0,14,14,0,0,0
S_adaptive_W14,2025-09-24,266,14,14,252,265,10237.215449999998,base,602154.3920879537,9672.305311296297,602661.1478662676,4,0,14,14,0,0,0
S_adaptive_W14,2025-09-24,266,14,14,252,265,10237.215449999998,0.50,793368.051134558,3511.4532930361133,799401.4334428078,5,0,14,14,0,0,0
S_adaptive_W14,2025-09-24,266,14,14,252,265,10237.215449999998,0.65,590805.5876841703,9161.100497592588,591770.9225806438,3,0,14,14,0,0,0
S_adaptive_W14,2025-09-24,266,14,14,252,265,10237.215449999998,0.80,535854.3688821347,10800.0,535349.5198749764,1,1,14,14,0,0,1
S_adaptive_W14,2025-09-24,266,14,14,252,265,10237.215449999998,0.90,542877.9890395459,10800.0,542373.1400323876,2,0,14,14,0,0,0
S_adaptive_W14,2025-09-25,267,14,14,253,266,10154.173529999998,base,574187.5144319917,9766.18685037037,574535.560038435,4,0,14,14,0,0,0
S_adaptive_W14,2025-09-25,267,14,14,253,266,10154.173529999998,0.50,740768.0328773491,4201.160115370364,746108.2166332393,5,0,14,14,0,0,0
S_adaptive_W14,2025-09-25,267,14,14,253,266,10154.173529999998,0.65,555723.7133699778,9641.268937037035,556183.8172845652,3,0,14,14,0,0,0
S_adaptive_W14,2025-09-25,267,14,14,253,266,10154.173529999998,0.80,525579.1857545354,10800.0,524999.843531697,1,1,14,14,0,0,1
S_adaptive_W14,2025-09-25,267,14,14,253,266,10154.173529999998,0.90,548170.1128974333,10800.0,547590.770674595,2,0,14,14,0,0,0
S_adaptive_W14,2025-09-26,268,14,14,254,267,10136.235525,base,576769.3242226351,9701.649799074074,577159.1717624421,4,0,14,14,0,0,0
S_adaptive_W14,2025-09-26,268,14,14,254,267,10136.235525,0.50,723735.5697289082,4722.209093047546,728592.2522176158,5,0,14,14,0,0,0
S_adaptive_W14,2025-09-26,268,14,14,254,267,10136.235525,0.65,552718.6147506062,9980.793389444447,552858.0549818737,3,0,14,14,0,0,0
S_adaptive_W14,2025-09-26,268,14,14,254,267,10136.235525,0.80,526882.7627912698,10800.0,526287.3291813907,1,1,14,14,0,0,1
S_adaptive_W14,2025-09-26,268,14,14,254,267,10136.235525,0.90,548394.5700253947,10800.0,547799.1364155156,2,0,14,14,0,0,0
S_adaptive_W14,2025-09-27,269,14,14,255,268,10486.263003148148,base,574549.7786114243,10086.42598648148,574908.4546285418,4,0,14,14,0,0,0
S_adaptive_W14,2025-09-27,269,14,14,255,268,10486.263003148148,0.50,701424.4202342255,5678.6370264814805,705737.1278256275,5,0,14,14,0,0,0
S_adaptive_W14,2025-09-27,269,14,14,255,268,10486.263003148148,0.65,549018.7106067635,10800.0,548737.2710907542,2,0,14,14,0,0,0
S_adaptive_W14,2025-09-27,269,14,14,255,268,10486.263003148148,0.80,528774.2155204464,10800.0,528492.7760044371,1,1,14,14,0,0,1
S_adaptive_W14,2025-09-27,269,14,14,255,268,10486.263003148148,0.90,550447.2768732759,10800.0,550165.8373572666,3,0,14,14,0,0,0
S_adaptive_W14,2025-09-28,270,14,14,256,269,10622.593385925924,base,578858.2290907578,10023.024920000002,579396.0753140525,4,0,14,14,0,0,0
S_adaptive_W14,2025-09-28,270,14,14,256,269,10622.593385925924,0.50,687387.9472571778,6243.525828703701,691316.214137537,5,0,14,14,0,0,0
S_adaptive_W14,2025-09-28,270,14,14,256,269,10622.593385925924,0.65,546406.7773458881,10678.571354999998,546356.5619977415,2,0,14,14,0,0,0
S_adaptive_W14,2025-09-28,270,14,14,256,269,10622.593385925924,0.80,530468.6514508567,10800.0,530309.5078621092,1,1,14,14,0,0,1
S_adaptive_W14,2025-09-28,270,14,14,256,269,10622.593385925924,0.90,551886.0121720076,10800.0,551726.8685832601,3,0,14,14,0,0,0
S_adaptive_W14,2025-09-29,271,14,14,257,270,10351.097570185182,base,564192.9674658765,9922.794501296295,564577.1791132848,4,0,14,14,0,0,0
S_adaptive_W14,2025-09-29,271,14,14,257,270,10351.097570185182,0.50,647438.7334123409,6847.092650185183,650582.0204925209,5,0,14,14,0,0,0
S_adaptive_W14,2025-09-29,271,14,14,257,270,10351.097570185182,0.65,529795.3433890921,10800.0,529392.6529705244,1,1,14,14,0,0,1
S_adaptive_W14,2025-09-29,271,14,14,257,270,10351.097570185182,0.80,535923.7219840975,10800.0,535521.0315655298,2,0,14,14,0,0,0
S_adaptive_W14,2025-09-29,271,14,14,257,270,10351.097570185182,0.90,558343.1011096153,10800.0,557940.4106910476,3,0,14,14,0,0,0
S_adaptive_W14,2025-09-30,272,14,14,258,271,10466.658125185182,base,565825.2070460699,9880.311390555558,566351.1926418513,4,0,14,14,0,0,0
S_adaptive_W14,2025-09-30,272,14,14,258,271,10466.658125185182,0.50,626130.7243011082,7406.656926296287,628875.7153765782,5,0,14,14,0,0,0
S_adaptive_W14,2025-09-30,272,14,14,258,271,10466.658125185182,0.65,529106.6964677945,10800.0,528807.6702870926,1,1,14,14,0,0,1
S_adaptive_W14,2025-09-30,272,14,14,258,271,10466.658125185182,0.80,537999.6979304585,10800.0,537700.6717497566,2,0,14,14,0,0,0
S_adaptive_W14,2025-09-30,272,14,14,258,271,10466.658125185182,0.90,561181.0778405695,10800.0,560882.0516598676,3,0,14,14,0,0,0
S_adaptive_W14,2025-10-01,273,14,14,259,272,10369.956415555553,base,570518.8453377305,9886.26372925926,570952.7445491542,4,0,14,14,0,0,0
S_adaptive_W14,2025-10-01,273,14,14,259,272,10369.956415555553,0.50,616044.6333468131,7826.178094251538,618326.5438220407,5,0,14,14,0,0,0
S_adaptive_W14,2025-10-01,273,14,14,259,272,10369.956415555553,0.65,524016.7542217002,10800.0,523630.98123514326,1,1,14,14,0,0,1
S_adaptive_W14,2025-10-01,273,14,14,259,272,10369.956415555553,0.80,543053.814547723,10800.0,542668.0415611662,2,0,14,14,0,0,0
S_adaptive_W14,2025-10-01,273,14,14,259,272,10369.956415555553,0.90,565872.8670958314,10800.0,565487.0941092746,3,0,14,14,0,0,0
S_adaptive_W14,2025-10-02,274,14,14,260,273,10686.926219444445,base,565281.4063278293,10800.0,565179.9728647943,3,0,14,14,0,0,0
S_adaptive_W14,2025-10-02,274,14,14,260,273,10686.926219444445,0.50,592916.3492204924,10031.153920740742,593504.613404224,5,0,14,14,0,0,0
S_adaptive_W14,2025-10-02,274,14,14,260,273,10686.926219444445,0.65,525864.6873276336,10800.0,525763.2538645986,1,1,14,14,0,0,1
S_adaptive_W14,2025-10-02,274,14,14,260,273,10686.926219444445,0.80,548464.8268476867,10800.0,548363.3933846516,2,0,14,14,0,0,0
S_adaptive_W14,2025-10-02,274,14,14,260,273,10686.926219444445,0.90,570091.0135013242,10800.0,569989.5800382892,4,0,14,14,0,0,0
S_adaptive_W14,2025-10-03,275,14,14,261,274,10670.73111925926,base,565282.6529026527,10800.0,565166.6915350239,4,0,14,14,0,0,0
S_adaptive_W14,2025-10-03,275,14,14,261,274,10670.73111925926,0.50,580664.1769982482,10800.0,580548.2156306193,5,0,14,14,0,0,0
S_adaptive_W14,2025-10-03,275,14,14,261,274,10670.73111925926,0.65,521760.82175324834,10800.0,521644.8603856194,1,1,14,14,0,0,1
S_adaptive_W14,2025-10-03,275,14,14,261,274,10670.73111925926,0.80,544362.8327375092,10800.0,544246.8713698803,2,0,14,14,0,0,0
S_adaptive_W14,2025-10-03,275,14,14,261,274,10670.73111925926,0.90,565003.7975743101,10800.0,564887.8362066812,3,0,14,14,0,0,0
S_adaptive_W14,2025-10-04,276,14,14,262,275,10800.0,base,561856.4895558656,10800.0,561856.4895558656,3,0,14,14,0,0,0
S_adaptive_W14,2025-10-04,276,14,14,262,275,10800.0,0.50,572347.2440349269,10800.0,572347.2440349269,5,0,14,14,0,0,0
S_adaptive_W14,2025-10-04,276,14,14,262,275,10800.0,0.65,520722.6020531138,10800.0,520722.6020531138,1,1,14,14,0,0,1
S_adaptive_W14,2025-10-04,276,14,14,262,275,10800.0,0.80,544104.6237686006,10800.0,544104.6237686006,2,0,14,14,0,0,0
S_adaptive_W14,2025-10-04,276,14,14,262,275,10800.0,0.90,564658.2203809184,10800.0,564658.2203809184,4,0,14,14,0,0,0
S_adaptive_W14,2025-10-05,277,14,14,263,276,10800.0,base,560248.1750854215,10800.0,560248.1750854215,3,0,14,14,0,0,0
S_adaptive_W14,2025-10-05,277,14,14,263,276,10800.0,0.50,567097.009391618,10800.0,567097.009391618,5,0,14,14,0,0,0
S_adaptive_W14,2025-10-05,277,14,14,263,276,10800.0,0.65,520795.419731732,10800.0,520795.419731732,1,1,14,14,0,0,1
S_adaptive_W14,2025-10-05,277,14,14,263,276,10800.0,0.80,544427.2575347306,10800.0,544427.2575347306,2,0,14,14,0,0,0
S_adaptive_W14,2025-10-05,277,14,14,263,276,10800.0,0.90,565001.6506487682,10800.0,565001.6506487682,4,0,14,14,0,0,0
S_adaptive_W14,2025-10-06,278,14,14,264,277,10800.0,base,558725.4222328883,10800.0,558725.4222328883,3,0,14,14,0,0,0
S_adaptive_W14,2025-10-06,278,14,14,264,277,10800.0,0.50,564103.3754677515,10800.0,564103.3754677515,5,0,14,14,0,0,0
S_adaptive_W14,2025-10-06,278,14,14,264,277,10800.0,0.65,519764.0094186079,10800.0,519764.0094186079,1,1,14,14,0,0,1
S_adaptive_W14,2025-10-06,278,14,14,264,277,10800.0,0.80,542592.6365376865,10800.0,542592.6365376865,2,0,14,14,0,0,0
S_adaptive_W14,2025-10-06,278,14,14,264,277,10800.0,0.90,562902.0567717571,10800.0,562902.0567717571,4,0,14,14,0,0,0
S_adaptive_W14,2025-10-07,279,14,14,265,278,10800.0,base,546973.490741467,10800.0,546973.490741467,3,0,14,14,0,0,0
S_adaptive_W14,2025-10-07,279,14,14,265,278,10800.0,0.50,553923.7204177525,10800.0,553923.7204177525,4,0,14,14,0,0,0
S_adaptive_W14,2025-10-07,279,14,14,265,278,10800.0,0.65,515337.72352806694,10800.0,515337.72352806694,1,1,14,14,0,0,1
S_adaptive_W14,2025-10-07,279,14,14,265,278,10800.0,0.80,541744.651864781,10800.0,541744.651864781,2,0,14,14,0,0,0
S_adaptive_W14,2025-10-07,279,14,14,265,278,10800.0,0.90,561929.1451766683,10800.0,561929.1451766683,5,0,14,14,0,0,0
S_adaptive_W14,2025-10-08,280,14,14,266,279,10800.0,base,536786.2908727678,10800.0,536786.2908727678,2,0,14,14,0,0,0
S_adaptive_W14,2025-10-08,280,14,14,266,279,10800.0,0.50,538549.5420988317,10800.0,538549.5420988317,3,0,14,14,0,0,0
S_adaptive_W14,2025-10-08,280,14,14,266,279,10800.0,0.65,514081.34055287513,10800.0,514081.34055287513,1,1,14,14,0,0,1
S_adaptive_W14,2025-10-08,280,14,14,266,279,10800.0,0.80,540085.9497185828,10800.0,540085.9497185828,4,0,14,14,0,0,0
S_adaptive_W14,2025-10-08,280,14,14,266,279,10800.0,0.90,560278.4527972569,10800.0,560278.4527972569,5,0,14,14,0,0,0
S_adaptive_W14,2025-10-09,281,14,14,267,280,10800.0,base,528357.6356841412,10749.539144999997,528402.901874457,2,0,14,14,0,0,0
S_adaptive_W14,2025-10-09,281,14,14,267,280,10800.0,0.50,536377.036944487,10523.28858,536625.2624610837,4,0,14,14,0,0,0
S_adaptive_W14,2025-10-09,281,14,14,267,280,10800.0,0.65,513508.96179555135,10697.021699999998,513601.339051668,1,1,14,14,0,0,1
S_adaptive_W14,2025-10-09,281,14,14,267,280,10800.0,0.80,534540.6874078353,10800.0,534540.6874078353,3,0,14,14,0,0,0
S_adaptive_W14,2025-10-09,281,14,14,267,280,10800.0,0.90,554598.229587788,10800.0,554598.229587788,5,0,14,14,0,0,0
S_adaptive_W14,2025-10-10,282,14,14,268,281,10800.0,base,526978.669367945,10691.460359999997,527076.035455005,2,0,14,14,0,0,0
S_adaptive_W14,2025-10-10,282,14,14,268,281,10800.0,0.50,543931.1141069351,10253.393385,544421.4506076243,4,0,14,14,0,0,0
S_adaptive_W14,2025-10-10,282,14,14,268,281,10800.0,0.65,515869.6799295732,10614.767774999997,516035.8435260774,1,1,14,14,0,0,1
S_adaptive_W14,2025-10-10,282,14,14,268,281,10800.0,0.80,530496.4397452553,10800.0,530496.4397452553,3,0,14,14,0,0,0
S_adaptive_W14,2025-10-10,282,14,14,268,281,10800.0,0.90,549060.214456862,10800.0,549060.214456862,5,0,14,14,0,0,0
S_adaptive_W14,2025-10-11,283,14,14,269,282,10800.0,base,528066.6921906269,10473.230069999996,528359.8229717219,3,0,14,14,0,0,0
S_adaptive_W14,2025-10-11,283,14,14,269,282,10800.0,0.50,553251.1964377858,9755.076644999997,554188.5507385182,5,0,14,14,0,0,0
S_adaptive_W14,2025-10-11,283,14,14,269,282,10800.0,0.65,516305.3699237684,10341.598469999995,516716.5815629301,1,1,14,14,0,0,1
S_adaptive_W14,2025-10-11,283,14,14,269,282,10800.0,0.80,527188.6961605161,10708.730445000001,527270.570021882,2,0,14,14,0,0,0
S_adaptive_W14,2025-10-11,283,14,14,269,282,10800.0,0.90,545100.6689149569,10800.0,545100.6689149569,4,0,14,14,0,0,0
S_adaptive_W14,2025-10-12,284,14,14,270,283,10800.0,base,521854.4692247121,10500.892647777773,522122.7851367306,2,0,14,14,0,0,0
S_adaptive_W14,2025-10-12,284,14,14,270,283,10800.0,0.50,552637.6632755914,9495.432674999996,553807.932642079,5,0,14,14,0,0,0
S_adaptive_W14,2025-10-12,284,14,14,270,283,10800.0,0.65,515757.26339645096,10300.164599999996,516205.6435188843,1,1,14,14,0,0,1
S_adaptive_W14,2025-10-12,284,14,14,270,283,10800.0,0.80,524348.5989590691,10800.0,524348.5989590691,3,0,14,14,0,0,0
S_adaptive_W14,2025-10-12,284,14,14,270,283,10800.0,0.90,542133.1371659252,10800.0,542133.1371659252,4,0,14,14,0,0,0
S_adaptive_W14,2025-10-13,285,14,14,271,284,10800.0,base,514061.0423473341,10329.902389629624,514482.7460203702,2,0,14,14,0,0,0
S_adaptive_W14,2025-10-13,285,14,14,271,284,10800.0,0.50,550650.6623379745,8955.40202296296,552305.3692010421,5,0,14,14,0,0,0
S_adaptive_W14,2025-10-13,285,14,14,271,284,10800.0,0.65,511434.4312617431,10021.188404999997,512133.06852976896,1,1,14,14,0,0,1
S_adaptive_W14,2025-10-13,285,14,14,271,284,10800.0,0.80,520229.2033295984,10800.0,520229.2033295984,3,0,14,14,0,0,0
S_adaptive_W14,2025-10-13,285,14,14,271,284,10800.0,0.90,537871.3080314188,10800.0,537871.3080314188,4,0,14,14,0,0,0
S_adaptive_W14,2025-10-14,286,14,14,272,285,10800.0,base,511286.39698530897,10282.185079629624,511750.90573637676,2,0,14,14,0,0,0
S_adaptive_W14,2025-10-14,286,14,14,272,285,10800.0,0.50,553830.9630192377,8744.768110555553,555674.6202036188,5,0,14,14,0,0,0
S_adaptive_W14,2025-10-14,286,14,14,272,285,10800.0,0.65,507525.71396796696,9975.164324999998,508265.6373926461,1,1,14,14,0,0,1
S_adaptive_W14,2025-10-14,286,14,14,272,285,10800.0,0.80,514212.5025156769,10800.0,514212.5025156769,3,0,14,14,0,0,0
S_adaptive_W14,2025-10-14,286,14,14,272,285,10800.0,0.90,531596.9701591465,10800.0,531596.9701591465,4,0,14,14,0,0,0
S_adaptive_W14,2025-10-15,287,14,14,273,286,10800.0,base,512268.1491531166,10072.160344629623,512921.06175952026,3,0,14,14,0,0,0
S_adaptive_W14,2025-10-15,287,14,14,273,286,10800.0,0.50,561099.4626718143,8346.746837962959,563300.1670500038,5,0,14,14,0,0,0
S_adaptive_W14,2025-10-15,287,14,14,273,286,10800.0,0.65,511587.8282893733,9755.360739259258,512524.92774177226,2,0,14,14,0,0,0
S_adaptive_W14,2025-10-15,287,14,14,273,286,10800.0,0.80,508115.4832450936,10765.529046851852,508146.40560512047,1,1,14,14,0,0,1
S_adaptive_W14,2025-10-15,287,14,14,273,286,10800.0,0.90,524866.0275158623,10800.0,524866.0275158623,4,0,14,14,0,0,0
S_adaptive_W14,2025-10-16,288,14,14,274,287,10800.0,base,519086.7534248272,10025.985565740733,519781.08737315965,4,0,14,14,0,0,0
S_adaptive_W14,2025-10-16,288,14,14,274,287,10800.0,0.50,575388.8380972684,8107.581801296293,577804.0868002945,5,0,14,14,0,0,0
S_adaptive_W14,2025-10-16,288,14,14,274,287,10800.0,0.65,507080.75378720224,9676.563753333332,508088.53851358703,2,0,14,14,0,0,0
S_adaptive_W14,2025-10-16,288,14,14,274,287,10800.0,0.80,502436.91710069356,10800.0,502436.91710069356,1,1,14,14,0,0,1
S_adaptive_W14,2025-10-16,288,14,14,274,287,10800.0,0.90,518879.4483127444,10800.0,518879.4483127444,3,0,14,14,0,0,0
S_adaptive_W14,2025-10-17,289,14,14,275,288,10800.0,base,531330.800851292,10012.631980740733,532037.1137072353,4,0,14,14,0,0,0
S_adaptive_W14,2025-10-17,289,14,14,275,288,10800.0,0.50,591941.5891052199,7948.70059444444,594499.3630775257,5,0,14,14,0,0,0
S_adaptive_W14,2025-10-17,289,14,14,275,288,10800.0,0.65,517158.0057322391,9662.542173333331,518178.3685948606,2,0,14,14,0,0,0
S_adaptive_W14,2025-10-17,289,14,14,275,288,10800.0,0.80,507259.4404759744,10800.0,507259.4404759744,1,1,14,14,0,0,1
S_adaptive_W14,2025-10-17,289,14,14,275,288,10800.0,0.90,522422.57826576335,10800.0,522422.57826576335,3,0,14,14,0,0,0
S_adaptive_W14,2025-10-18,290,14,14,276,289,10800.0,base,531085.5613274515,9978.708370740731,531822.3055462098,4,0,14,14,0,0,0
S_adaptive_W14,2025-10-18,290,14,14,276,289,10800.0,0.50,593428.3031169772,7774.489685925921,596142.353952608,5,0,14,14,0,0,0
S_adaptive_W14,2025-10-18,290,14,14,276,289,10800.0,0.65,516530.47834915266,9644.912382037039,517566.6561139998,2,0,14,14,0,0,0
S_adaptive_W14,2025-10-18,290,14,14,276,289,10800.0,0.80,506390.2387750027,10800.0,506390.2387750027,1,1,14,14,0,0,1
S_adaptive_W14,2025-10-18,290,14,14,276,289,10800.0,0.90,521427.7647651817,10800.0,521427.7647651817,3,0,14,14,0,0,0
S_adaptive_W14,2025-10-19,291,14,14,277,290,10800.0,base,528085.6765632511,9907.868877962954,528885.9677425585,4,0,14,14,0,0,0
S_adaptive_W14,2025-10-19,291,14,14,277,290,10800.0,0.50,592681.3188304798,7527.9779068518465,595616.5044270388,5,0,14,14,0,0,0
S_adaptive_W14,2025-10-19,291,14,14,277,290,10800.0,0.65,514594.2317005014,9950.731892222218,515356.0723747396,2,0,14,14,0,0,0
S_adaptive_W14,2025-10-19,291,14,14,277,290,10800.0,0.80,504123.68600197096,10800.0,504123.68600197096,1,1,14,14,0,0,1
S_adaptive_W14,2025-10-19,291,14,14,277,290,10800.0,0.90,518947.2936589317,10800.0,518947.2936589317,3,0,14,14,0,0,0
S_adaptive_W14,2025-10-20,292,14,14,278,291,10800.0,base,544065.3409905737,9894.853632962953,544877.3075677153,4,0,14,14,0,0,0
S_adaptive_W14,2025-10-20,292,14,14,278,291,10800.0,0.50,611901.4473301881,7535.210224259255,614830.1451362374,5,0,14,14,0,0,0
S_adaptive_W14,2025-10-20,292,14,14,278,291,10800.0,0.65,518621.7755573277,9982.980932222217,519354.6870510726,3,0,14,14,0,0,0
S_adaptive_W14,2025-10-20,292,14,14,278,291,10800.0,0.80,502929.3034133662,10800.0,502929.3034133662,1,1,14,14,0,0,1
S_adaptive_W14,2025-10-20,292,14,14,278,291,10800.0,0.90,517479.07631904894,10800.0,517479.07631904894,2,0,14,14,0,0,0
S_adaptive_W14,2025-10-21,293,14,14,279,292,10800.0,base,549643.8345799092,9760.490112962952,550576.3326991308,4,0,14,14,0,0,0
S_adaptive_W14,2025-10-21,293,14,14,279,292,10800.0,0.50,613348.2155632526,7322.944986666661,616467.3270799356,5,0,14,14,0,0,0
S_adaptive_W14,2025-10-21,293,14,14,279,292,10800.0,0.65,523856.88550226286,10068.426907037032,524513.1472096002,3,0,14,14,0,0,0
S_adaptive_W14,2025-10-21,293,14,14,279,292,10800.0,0.80,505225.3230200595,10800.0,505225.3230200595,1,1,14,14,0,0,1
S_adaptive_W14,2025-10-21,293,14,14,279,292,10800.0,0.90,519401.54249449534,10800.0,519401.54249449534,2,0,14,14,0,0,0
S_adaptive_W14,2025-10-22,294,14,14,280,293,10800.0,base,559647.9133396519,9732.926997962953,560605.1371043125,4,0,14,14,0,0,0
S_adaptive_W14,2025-10-22,294,14,14,280,293,10800.0,0.50,625580.8592920052,7255.138451481476,628760.797037779,5,0,14,14,0,0,0
S_adaptive_W14,2025-10-22,294,14,14,280,293,10800.0,0.65,526368.3972952486,10431.289855925923,526699.1507783799,3,0,14,14,0,0,0
S_adaptive_W14,2025-10-22,294,14,14,280,293,10800.0,0.80,507043.6537074256,10800.0,507043.6537074256,1,1,14,14,0,0,1
S_adaptive_W14,2025-10-22,294,14,14,280,293,10800.0,0.90,520723.8821804015,10800.0,520723.8821804015,2,0,14,14,0,0,0
S_adaptive_W14,2025-10-23,295,14,14,281,294,10697.021699999998,base,572114.8102868419,9600.672681641514,573098.2962645883,4,0,14,14,0,0,0
S_adaptive_W14,2025-10-23,295,14,14,281,294,10697.021699999998,0.50,630957.7093364678,7349.34934499999,633960.7574207003,5,0,14,14,0,0,0
S_adaptive_W14,2025-10-23,295,14,14,281,294,10697.021699999998,0.65,529257.5778936404,10551.559671296292,529388.0654146114,3,0,14,14,0,0,0
S_adaptive_W14,2025-10-23,295,14,14,281,294,10697.021699999998,0.80,512954.29826994747,10800.0,512861.9210138308,1,1,14,14,0,0,1
S_adaptive_W14,2025-10-23,295,14,14,281,294,10697.021699999998,0.90,526070.7761229317,10800.0,525978.398866815,2,0,14,14,0,0,0
S_adaptive_W14,2025-10-24,296,14,14,282,295,10614.767774999997,base,573594.2489175749,9474.880362011874,574616.7912541038,4,0,14,14,0,0,0
S_adaptive_W14,2025-10-24,296,14,14,282,295,10614.767774999997,0.50,622021.4774476968,7426.337301806112,624881.6767171781,5,0,14,14,0,0,0
S_adaptive_W14,2025-10-24,296,14,14,282,295,10614.767774999997,0.65,529159.2344891563,10800.0,528993.0708926521,2,0,14,14,0,0,0
S_adaptive_W14,2025-10-24,296,14,14,282,295,10614.767774999997,0.80,518664.2505357092,10800.0,518498.086939205,1,1,14,14,0,0,1
S_adaptive_W14,2025-10-24,296,14,14,282,295,10614.767774999997,0.90,532696.2497845229,10800.0,532530.0861880188,3,0,14,14,0,0,0
S_adaptive_W14,2025-10-25,297,14,14,283,296,10341.598469999995,base,575775.3703109894,9349.387281666663,576665.4388697683,4,0,14,14,0,0,0
S_adaptive_W14,2025-10-25,297,14,14,283,296,10341.598469999995,0.50,616558.7371648985,7539.622239483297,619072.2655090182,5,0,14,14,0,0,0
S_adaptive_W14,2025-10-25,297,14,14,283,296,10341.598469999995,0.65,527253.0462139642,10800.0,526841.8345748025,2,0,14,14,0,0,0
S_adaptive_W14,2025-10-25,297,14,14,283,296,10341.598469999995,0.80,519800.4832430112,10800.0,519389.2716038495,1,1,14,14,0,0,1
S_adaptive_W14,2025-10-25,297,14,14,283,296,10341.598469999995,0.90,534305.5470781241,10800.0,533894.3354389624,3,0,14,14,0,0,0
S_adaptive_W14,2025-10-26,298,14,14,284,297,10300.164599999996,base,577139.8047281565,9209.898353333325,578117.8341217636,4,0,14,14,0,0,0
S_adaptive_W14,2025-10-26,298,14,14,284,297,10300.164599999996,0.50,611776.6339930978,7698.278181851841,614110.6706594222,5,0,14,14,0,0,0
S_adaptive_W14,2025-10-26,298,14,14,284,297,10300.164599999996,0.65,527135.6169475019,10800.0,526687.2368250686,2,0,14,14,0,0,0
S_adaptive_W14,2025-10-26,298,14,14,284,297,10300.164599999996,0.80,520947.5232871813,10800.0,520499.1431647479,1,1,14,14,0,0,1
S_adaptive_W14,2025-10-26,298,14,14,284,297,10300.164599999996,0.90,535430.3159461425,10800.0,534981.9358237092,3,0,14,14,0,0,0
S_adaptive_W14,2025-10-27,299,14,14,285,298,10021.188404999997,base,578878.0230516259,9259.848361666662,579560.987367165,4,0,14,14,0,0,0
S_adaptive_W14,2025-10-27,299,14,14,285,298,10021.188404999997,0.50,608674.8356222742,8025.1451075925825,610465.397351343,5,0,14,14,0,0,0
S_adaptive_W14,2025-10-27,299,14,14,285,298,10021.188404999997,0.65,529029.3602293471,10800.0,528330.7229613212,2,0,14,14,0,0,0
S_adaptive_W14,2025-10-27,299,14,14,285,298,10021.188404999997,0.80,524917.6535465571,10800.0,524219.0162785312,1,1,14,14,0,0,1
S_adaptive_W14,2025-10-27,299,14,14,285,298,10021.188404999997,0.90,539310.6018557195,10800.0,538611.9645876936,3,0,14,14,0,0,0
S_adaptive_W14,2025-10-28,300,14,14,286,299,9975.164324999998,base,588218.2220320017,9232.708458703699,588884.2461916176,4,0,14,14,0,0,0
S_adaptive_W14,2025-10-28,300,14,14,286,299,9975.164324999998,0.50,611373.1860512437,8161.135489629619,613000.4706959507,5,0,14,14,0,0,0
S_adaptive_W14,2025-10-28,300,14,14,286,299,9975.164324999998,0.65,532891.0885795682,10800.0,532151.165154889,2,0,14,14,0,0,0
S_adaptive_W14,2025-10-28,300,14,14,286,299,9975.164324999998,0.80,529700.8334260561,10800.0,528960.9100013769,1,1,14,14,0,0,1
S_adaptive_W14,2025-10-28,300,14,14,286,299,9975.164324999998,0.90,544013.1319673619,10800.0,543273.2085426827,3,0,14,14,0,0,0
S_adaptive_W14,2025-10-29,301,14,14,287,300,9755.360739259258,base,583988.9464730094,9156.108604814812,584526.5089293914,4,0,14,14,0,0,0
S_adaptive_W14,2025-10-29,301,14,14,287,300,9755.360739259258,0.50,599616.0987587867,8297.329141828981,600924.0341034371,5,0,14,14,0,0,0
S_adaptive_W14,2025-10-29,301,14,14,287,300,9755.360739259258,0.65,528386.9827743457,10800.0,527449.8833219467,1,1,14,14,0,0,1
S_adaptive_W14,2025-10-29,301,14,14,287,300,9755.360739259258,0.80,534706.5833148113,10800.0,533769.4838624124,2,0,14,14,0,0,0
S_adaptive_W14,2025-10-29,301,14,14,287,300,9755.360739259258,0.90,549267.1621706672,10800.0,548330.0627182683,3,0,14,14,0,0,0
S_adaptive_W14,2025-10-30,302,14,14,288,301,9912.767409074077,base,596556.2322532047,9303.542546851852,597102.7408004437,4,0,14,14,0,0,0
S_adaptive_W14,2025-10-30,302,14,14,288,301,9912.767409074077,0.50,605132.5177384001,8593.103635185178,606316.3294582326,5,0,14,14,0,0,0
S_adaptive_W14,2025-10-30,302,14,14,288,301,9912.767409074077,0.65,536940.4170818075,10800.0,536144.5201570474,1,1,14,14,0,0,1
S_adaptive_W14,2025-10-30,302,14,14,288,301,9912.767409074077,0.80,539375.742006595,10800.0,538579.8450818349,2,0,14,14,0,0,0
S_adaptive_W14,2025-10-30,302,14,14,288,301,9912.767409074077,0.90,553889.1790527913,10800.0,553093.2821280312,3,0,14,14,0,0,0
S_adaptive_W14,2025-10-31,303,14,14,289,302,10027.435081666668,base,589895.460321559,9333.859937962961,590517.6357574137,4,0,14,14,0,0,0
S_adaptive_W14,2025-10-31,303,14,14,289,302,10027.435081666668,0.50,595223.2329537881,8734.27638814814,596383.2681440238,5,0,14,14,0,0,0
S_adaptive_W14,2025-10-31,303,14,14,289,302,10027.435081666668,0.65,535047.5223433278,10800.0,534354.4886913095,1,1,14,14,0,0,1
S_adaptive_W14,2025-10-31,303,14,14,289,302,10027.435081666668,0.80,543137.2770429208,10800.0,542444.2433909025,2,0,14,14,0,0,0
S_adaptive_W14,2025-10-31,303,14,14,289,302,10027.435081666668,0.90,558968.4349480782,10800.0,558275.40129606,3,0,14,14,0,0,0
S_adaptive_W14,2025-11-01,304,14,14,290,303,10403.49087666667,base,590770.8603210548,9677.956557962963,591421.7049123942,4,0,14,14,0,0,0
S_adaptive_W14,2025-11-01,304,14,14,290,303,10403.49087666667,0.50,595253.6277495946,9100.338666856418,596422.6276791394,5,0,14,14,0,0,0
S_adaptive_W14,2025-11-01,304,14,14,290,303,10403.49087666667,0.65,536421.9239295998,10800.0,536066.2332176851,1,1,14,14,0,0,1
S_adaptive_W14,2025-11-01,304,14,14,290,303,10403.49087666667,0.80,544396.8598608007,10800.0,544041.169148886,2,0,14,14,0,0,0
S_adaptive_W14,2025-11-01,304,14,14,290,303,10403.49087666667,0.90,560186.5057500533,10800.0,559830.8150381387,3,0,14,14,0,0,0
S_adaptive_W14,2025-11-02,305,14,14,291,304,10800.0,base,592870.6545041644,10408.4339212963,593221.9110304326,4,0,14,14,0,0,0
S_adaptive_W14,2025-11-02,305,14,14,291,304,10800.0,0.50,595892.970840827,9881.437330555555,596716.9725865781,5,0,14,14,0,0,0
S_adaptive_W14,2025-11-02,305,14,14,291,304,10800.0,0.65,538230.3630002865,10800.0,538230.3630002865,1,1,14,14,0,0,1
S_adaptive_W14,2025-11-02,305,14,14,291,304,10800.0,0.80,546097.6489661504,10800.0,546097.6489661504,2,0,14,14,0,0,0
S_adaptive_W14,2025-11-02,305,14,14,291,304,10800.0,0.90,561912.2921654003,10800.0,561912.2921654003,3,0,14,14,0,0,0
S_adaptive_W14,2025-11-03,306,14,14,292,305,10800.0,base,588003.8201495802,10368.782155148607,588390.6465129589,4,0,14,14,0,0,0
S_adaptive_W14,2025-11-03,306,14,14,292,305,10800.0,0.50,589582.5859832556,9829.751258246457,590452.9530073164,5,0,14,14,0,0,0
S_adaptive_W14,2025-11-03,306,14,14,292,305,10800.0,0.65,539865.5898648337,10800.0,539865.5898648337,1,1,14,14,0,0,1
S_adaptive_W14,2025-11-03,306,14,14,292,305,10800.0,0.80,551706.8190864434,10800.0,551706.8190864434,2,0,14,14,0,0,0
S_adaptive_W14,2025-11-03,306,14,14,292,305,10800.0,0.90,566943.1601332221,10800.0,566943.1601332221,3,0,14,14,0,0,0
S_adaptive_W14,2025-11-04,307,14,14,293,306,10800.0,base,590877.4141280521,10419.861642777774,591218.419353278,4,0,14,14,0,0,0
S_adaptive_W14,2025-11-04,307,14,14,293,306,10800.0,0.50,592398.4214758915,9874.512118086423,593228.6355219614,5,0,14,14,0,0,0
S_adaptive_W14,2025-11-04,307,14,14,293,306,10800.0,0.65,541276.808136108,10800.0,541276.808136108,1,1,14,14,0,0,1
S_adaptive_W14,2025-11-04,307,14,14,293,306,10800.0,0.80,555608.8325025854,10800.0,555608.8325025854,2,0,14,14,0,0,0
S_adaptive_W14,2025-11-04,307,14,14,293,306,10800.0,0.90,570651.0448077836,10800.0,570651.0448077836,3,0,14,14,0,0,0
S_adaptive_W14,2025-11-05,308,14,14,294,307,10800.0,base,585908.7399715385,10374.787827777782,586290.1789129203,4,0,14,14,0,0,0
S_adaptive_W14,2025-11-05,308,14,14,294,307,10800.0,0.50,588541.7107633936,9787.812321481484,589449.6993436734,5,0,14,14,0,0,0
S_adaptive_W14,2025-11-05,308,14,14,294,307,10800.0,0.65,545683.2763280476,10800.0,545683.2763280476,1,1,14,14,0,0,1
S_adaptive_W14,2025-11-05,308,14,14,294,307,10800.0,0.80,558634.5789137998,10800.0,558634.5789137998,2,0,14,14,0,0,0
S_adaptive_W14,2025-11-05,308,14,14,294,307,10800.0,0.90,573584.4564496938,10800.0,573584.4564496938,3,0,14,14,0,0,0
S_adaptive_W14,2025-11-06,309,14,14,295,308,10800.0,base,589806.3745009751,10383.23724925926,590180.2338418757,4,0,14,14,0,0,0
S_adaptive_W14,2025-11-06,309,14,14,295,308,10800.0,0.50,594513.3139051988,9737.958120640145,595466.0244733113,5,0,14,14,0,0,0
S_adaptive_W14,2025-11-06,309,14,14,295,308,10800.0,0.65,546379.5065345361,10800.0,546379.5065345361,1,1,14,14,0,0,1
S_adaptive_W14,2025-11-06,309,14,14,295,308,10800.0,0.80,560165.8019630633,10800.0,560165.8019630633,2,0,14,14,0,0,0
S_adaptive_W14,2025-11-06,309,14,14,295,308,10800.0,0.90,575118.9144725362,10800.0,575118.9144725362,3,0,14,14,0,0,0
S_adaptive_W14,2025-11-07,310,14,14,296,309,10800.0,base,604094.0171074406,10325.513784814817,604519.657602807,4,0,14,14,0,0,0
S_adaptive_W14,2025-11-07,310,14,14,296,309,10800.0,0.50,609441.8519544142,9685.708917962966,610441.4329600615,5,0,14,14,0,0,0
S_adaptive_W14,2025-11-07,310,14,14,296,309,10800.0,0.65,554286.1191348672,10768.1663087037,554314.6757244983,1,1,14,14,0,0,1
S_adaptive_W14,2025-11-07,310,14,14,296,309,10800.0,0.80,563567.0828689177,10800.0,563567.0828689177,2,0,14,14,0,0,0
S_adaptive_W14,2025-11-07,310,14,14,296,309,10800.0,0.90,576934.9640358072,10800.0,576934.9640358072,3,0,14,14,0,0,0
S_adaptive_W14,2025-11-08,311,14,14,297,310,10800.0,base,603223.6139110574,10304.689737222217,603667.9347340058,4,0,14,14,0,0,0
S_adaptive_W14,2025-11-08,311,14,14,297,310,10800.0,0.50,607810.3568757826,9619.771849074077,608869.0870953938,5,0,14,14,0,0,0
S_adaptive_W14,2025-11-08,311,14,14,297,310,10800.0,0.65,555062.6974458987,10800.0,555062.6974458987,1,1,14,14,0,0,1
S_adaptive_W14,2025-11-08,311,14,14,297,310,10800.0,0.80,564765.6830691319,10800.0,564765.6830691319,2,0,14,14,0,0,0
S_adaptive_W14,2025-11-08,311,14,14,297,310,10800.0,0.90,578191.6185802706,10800.0,578191.6185802706,3,0,14,14,0,0,0
S_adaptive_W14,2025-11-09,312,14,14,298,311,10800.0,base,603464.1940870248,10263.368142222218,603945.5826763324,4,0,14,14,0,0,0
S_adaptive_W14,2025-11-09,312,14,14,298,311,10800.0,0.50,608372.1725877341,9603.803935000002,609445.226913376,5,0,14,14,0,0,0
S_adaptive_W14,2025-11-09,312,14,14,298,311,10800.0,0.65,554874.8663668296,10800.0,554874.8663668296,1,1,14,14,0,0,1
S_adaptive_W14,2025-11-09,312,14,14,298,311,10800.0,0.80,565435.3151648123,10800.0,565435.3151648123,2,0,14,14,0,0,0
S_adaptive_W14,2025-11-09,312,14,14,298,311,10800.0,0.90,578789.0326280455,10800.0,578789.0326280455,3,0,14,14,0,0,0
S_adaptive_W14,2025-11-10,313,14,14,299,312,10800.0,base,619339.4221301861,10165.642572222217,619908.4759849821,4,0,14,14,0,0,0
S_adaptive_W14,2025-11-10,313,14,14,299,312,10800.0,0.50,624012.5004564993,9494.869289629632,625183.2752109632,5,0,14,14,0,0,0
S_adaptive_W14,2025-11-10,313,14,14,299,312,10800.0,0.65,558875.3234397983,10757.815935,558913.1648896625,1,1,14,14,0,0,1
S_adaptive_W14,2025-11-10,313,14,14,299,312,10800.0,0.80,568408.0457792084,10800.0,568408.0457792084,2,0,14,14,0,0,0
S_adaptive_W14,2025-11-10,313,14,14,299,312,10800.0,0.90,581823.7634908854,10800.0,581823.7634908854,3,0,14,14,0,0,0
S_adaptive_W14,2025-11-11,314,14,14,300,313,10800.0,base,631821.4604896273,10163.74167,632392.2195593223,4,0,14,14,0,0,0
S_adaptive_W14,2025-11-11,314,14,14,300,313,10800.0,0.50,635059.2218423901,9504.75252240741,636221.1307879839,5,0,14,14,0,0,0
S_adaptive_W14,2025-11-11,314,14,14,300,313,10800.0,0.65,564707.3324572614,10773.250095,564731.3286081522,1,1,14,14,0,0,1
S_adaptive_W14,2025-11-11,314,14,14,300,313,10800.0,0.80,573096.7885591042,10800.0,573096.7885591042,2,0,14,14,0,0,0
S_adaptive_W14,2025-11-11,314,14,14,300,313,10800.0,0.90,586533.4510023914,10800.0,586533.4510023914,3,0,14,14,0,0,0
S_adaptive_W14,2025-11-12,315,14,14,301,314,10800.0,base,624225.853639206,10119.474715,624836.3226268113,4,0,14,14,0,0,0
S_adaptive_W14,2025-11-12,315,14,14,301,314,10800.0,0.50,627344.6027227791,9436.123888148148,628568.0753660054,5,0,14,14,0,0,0
S_adaptive_W14,2025-11-12,315,14,14,301,314,10800.0,0.65,570204.5995093506,10800.0,570204.5995093506,1,1,14,14,0,0,1
S_adaptive_W14,2025-11-12,315,14,14,301,314,10800.0,0.80,579720.6755597682,10800.0,579720.6755597682,2,0,14,14,0,0,0
S_adaptive_W14,2025-11-12,315,14,14,301,314,10800.0,0.90,593122.7458823576,10800.0,593122.7458823576,3,0,14,14,0,0,0
S_adaptive_W14,2025-11-13,316,14,14,302,315,10800.0,base,611019.0726557501,10053.993517037039,611688.2819157725,4,0,14,14,0,0,0
S_adaptive_W14,2025-11-13,316,14,14,302,315,10800.0,0.50,613419.4567331813,9394.484325960217,614680.282376999,5,0,14,14,0,0,0
S_adaptive_W14,2025-11-13,316,14,14,302,315,10800.0,0.65,569957.1432047078,10800.0,569957.1432047078,1,1,14,14,0,0,1
S_adaptive_W14,2025-11-13,316,14,14,302,315,10800.0,0.80,583414.0221705111,10800.0,583414.0221705111,2,0,14,14,0,0,0
S_adaptive_W14,2025-11-13,316,14,14,302,315,10800.0,0.90,596989.9626386372,10800.0,596989.9626386372,3,0,14,14,0,0,0
S_adaptive_W14,2025-11-14,317,14,14,303,316,10800.0,base,620070.8557860114,10132.249147037039,620669.8653983888,4,0,14,14,0,0,0
S_adaptive_W14,2025-11-14,317,14,14,303,316,10800.0,0.50,621886.5083509592,9515.11003685185,623039.1260306787,5,0,14,14,0,0,0
S_adaptive_W14,2025-11-14,317,14,14,303,316,10800.0,0.65,573581.972978578,10800.0,573581.972978578,1,1,14,14,0,0,1
S_adaptive_W14,2025-11-14,317,14,14,303,316,10800.0,0.80,585327.2392765719,10800.0,585327.2392765719,2,0,14,14,0,0,0
S_adaptive_W14,2025-11-14,317,14,14,303,316,10800.0,0.90,598843.1602484817,10800.0,598843.1602484817,3,0,14,14,0,0,0
S_adaptive_W14,2025-11-15,318,14,14,304,317,10800.0,base,621591.1533298171,10100.149282037039,622218.9583044254,4,0,14,14,0,0,0
S_adaptive_W14,2025-11-15,318,14,14,304,317,10800.0,0.50,623038.9981047133,9453.244246851847,624247.1128350513,5,0,14,14,0,0,0
S_adaptive_W14,2025-11-15,318,14,14,304,317,10800.0,0.65,574190.3009026813,10800.0,574190.3009026813,1,1,14,14,0,0,1
S_adaptive_W14,2025-11-15,318,14,14,304,317,10800.0,0.80,585951.1812349686,10800.0,585951.1812349686,2,0,14,14,0,0,0
S_adaptive_W14,2025-11-15,318,14,14,304,317,10800.0,0.90,599553.6026821575,10800.0,599553.6026821575,3,0,14,14,0,0,0
S_adaptive_W14,2025-11-16,319,14,14,305,318,10800.0,base,624023.993255574,10054.201192037039,624693.0162195839,4,0,14,14,0,0,0
S_adaptive_W14,2025-11-16,319,14,14,305,318,10800.0,0.50,625547.9958732529,9367.135216851848,626833.3551873359,5,0,14,14,0,0,0
S_adaptive_W14,2025-11-16,319,14,14,305,318,10800.0,0.65,574673.426067543,10800.0,574673.426067543,1,1,14,14,0,0,1
S_adaptive_W14,2025-11-16,319,14,14,305,318,10800.0,0.80,586430.5016992319,10800.0,586430.5016992319,2,0,14,14,0,0,0
S_adaptive_W14,2025-11-16,319,14,14,305,318,10800.0,0.90,600251.3184094224,10800.0,600251.3184094224,3,0,14,14,0,0,0
S_adaptive_W14,2025-11-17,320,14,14,306,319,10800.0,base,629374.9133511963,10014.17697276406,630079.8402634618,4,0,14,14,0,0,0
S_adaptive_W14,2025-11-17,320,14,14,306,319,10800.0,0.50,629737.5989224182,9306.996601451758,631076.9059155493,5,0,14,14,0,0,0
S_adaptive_W14,2025-11-17,320,14,14,306,319,10800.0,0.65,577180.665355459,10800.0,577180.665355459,1,1,14,14,0,0,1
S_adaptive_W14,2025-11-17,320,14,14,306,319,10800.0,0.80,589697.812712693,10800.0,589697.812712693,2,0,14,14,0,0,0
S_adaptive_W14,2025-11-17,320,14,14,306,319,10800.0,0.90,603844.5197423518,10800.0,603844.5197423518,3,0,14,14,0,0,0
S_adaptive_W14,2025-11-18,321,14,14,307,320,10800.0,base,628747.2748057242,10142.643332222218,629336.9602565357,4,0,14,14,0,0,0
S_adaptive_W14,2025-11-18,321,14,14,307,320,10800.0,0.50,629133.8598192416,9455.87313314815,630339.6162925225,5,0,14,14,0,0,0
S_adaptive_W14,2025-11-18,321,14,14,307,320,10800.0,0.65,581300.3344055716,10800.0,581300.3344055716,1,1,14,14,0,0,1
S_adaptive_W14,2025-11-18,321,14,14,307,320,10800.0,0.80,593700.512245794,10800.0,593700.512245794,2,0,14,14,0,0,0
S_adaptive_W14,2025-11-18,321,14,14,307,320,10800.0,0.90,607861.4540100284,10800.0,607861.4540100284,3,0,14,14,0,0,0
S_adaptive_W14,2025-11-19,322,14,14,308,321,10800.0,base,637928.8487099868,10127.25393222222,638532.339307565,4,0,14,14,0,0,0
S_adaptive_W14,2025-11-19,322,14,14,308,321,10800.0,0.50,638155.881165552,9493.547539074072,639327.8416036948,5,0,14,14,0,0,0
S_adaptive_W14,2025-11-19,322,14,14,308,321,10800.0,0.65,584561.2817532511,10800.0,584561.2817532511,1,1,14,14,0,0,1
S_adaptive_W14,2025-11-19,322,14,14,308,321,10800.0,0.80,597000.2748763093,10800.0,597000.2748763093,2,0,14,14,0,0,0
S_adaptive_W14,2025-11-19,322,14,14,308,321,10800.0,0.90,611074.3266001355,10800.0,611074.3266001355,3,0,14,14,0,0,0
S_adaptive_W14,2025-11-20,323,14,14,309,322,10800.0,base,640942.1454359803,10057.269741703245,641608.4157404646,5,0,14,14,0,0,0
S_adaptive_W14,2025-11-20,323,14,14,309,322,10800.0,0.50,639948.9478559312,9450.907928148148,641159.1583939419,4,0,14,14,0,0,0
S_adaptive_W14,2025-11-20,323,14,14,309,322,10800.0,0.65,590325.1703291713,10800.0,590325.1703291713,1,1,14,14,0,0,1
S_adaptive_W14,2025-11-20,323,14,14,309,322,10800.0,0.80,601577.166905713,10800.0,601577.166905713,2,0,14,14,0,0,0
S_adaptive_W14,2025-11-20,323,14,14,309,322,10800.0,0.90,615526.3556495771,10800.0,615526.3556495771,3,0,14,14,0,0,0
S_adaptive_W14,2025-11-21,324,14,14,310,323,10768.1663087037,base,637565.3488559481,10053.410815740737,638206.5242417743,5,0,14,14,0,0,0
S_adaptive_W14,2025-11-21,324,14,14,310,323,10768.1663087037,0.50,636808.2124652098,9448.256391851854,637992.2449889546,4,0,14,14,0,0,0
S_adaptive_W14,2025-11-21,324,14,14,310,323,10768.1663087037,0.65,589069.6000227807,10800.0,589041.0434331496,1,1,14,14,0,0,1
S_adaptive_W14,2025-11-21,324,14,14,310,323,10768.1663087037,0.80,604984.7853846386,10800.0,604956.2287950075,2,0,14,14,0,0,0
S_adaptive_W14,2025-11-21,324,14,14,310,323,10768.1663087037,0.90,620457.6606937776,10800.0,620429.1041041465,3,0,14,14,0,0,0
S_adaptive_W14,2025-11-22,325,14,14,311,324,10800.0,base,638732.1548356122,10051.513198333332,639403.5890793073,4,0,14,14,0,0,0
S_adaptive_W14,2025-11-22,325,14,14,311,324,10800.0,0.50,638998.7549577402,9491.506007777776,640172.5467628742,5,0,14,14,0,0,0
S_adaptive_W14,2025-11-22,325,14,14,311,324,10800.0,0.65,590597.643698397,10800.0,590597.643698397,1,1,14,14,0,0,1
S_adaptive_W14,2025-11-22,325,14,14,311,324,10800.0,0.80,606013.614194957,10800.0,606013.614194957,2,0,14,14,0,0,0
S_adaptive_W14,2025-11-22,325,14,14,311,324,10800.0,0.90,621797.8787404419,10800.0,621797.8787404419,3,0,14,14,0,0,0
S_adaptive_W14,2025-11-23,326,14,14,312,325,10800.0,base,641473.6058185985,9963.970304814811,642223.5709012739,4,0,14,14,0,0,0
S_adaptive_W14,2025-11-23,326,14,14,312,325,10800.0,0.50,642228.0222314711,9423.432032222216,643462.8801745661,5,0,14,14,0,0,0
S_adaptive_W14,2025-11-23,326,14,14,312,325,10800.0,0.65,591922.3806692687,10800.0,591922.3806692687,1,1,14,14,0,0,1
S_adaptive_W14,2025-11-23,326,14,14,312,325,10800.0,0.80,607568.7583342058,10800.0,607568.7583342058,2,0,14,14,0,0,0
S_adaptive_W14,2025-11-23,326,14,14,312,325,10800.0,0.90,623742.2726797127,10800.0,623742.2726797127,3,0,14,14,0,0,0
S_adaptive_W14,2025-11-24,327,14,14,313,326,10757.815935,base,634967.9452577143,10039.999107037038,635611.8668311097,4,0,14,14,0,0,0
S_adaptive_W14,2025-11-24,327,14,14,313,326,10757.815935,0.50,635454.9846007549,9474.695837962961,636606.014612247,5,0,14,14,0,0,0
S_adaptive_W14,2025-11-24,327,14,14,313,326,10757.815935,0.65,595622.1786042516,10800.0,595584.3371543874,1,1,14,14,0,0,1
S_adaptive_W14,2025-11-24,327,14,14,313,326,10757.815935,0.80,612262.8812348791,10800.0,612225.0397850149,2,0,14,14,0,0,0
S_adaptive_W14,2025-11-24,327,14,14,313,326,10757.815935,0.90,628180.7323855476,10800.0,628142.8909356834,3,0,14,14,0,0,0
S_adaptive_W14,2025-11-25,328,14,14,314,327,10773.250095,base,629543.6048906369,9882.760572037036,630342.4234643748,3,0,14,14,0,0,0
S_adaptive_W14,2025-11-25,328,14,14,314,327,10773.250095,0.50,632673.9051516829,9261.593530925924,634029.9450705776,5,0,14,14,0,0,0
S_adaptive_W14,2025-11-25,328,14,14,314,327,10773.250095,0.65,599236.3538851197,10780.925444999999,599229.4686697613,1,1,14,14,0,0,1
S_adaptive_W14,2025-11-25,328,14,14,314,327,10773.250095,0.80,614518.8967633167,10800.0,614494.9006124259,2,0,14,14,0,0,0
S_adaptive_W14,2025-11-25,328,14,14,314,327,10773.250095,0.90,630115.8345952594,10800.0,630091.8384443686,4,0,14,14,0,0,0
S_adaptive_W14,2025-11-26,329,14,14,315,328,10800.0,base,642103.6764180224,9803.908116296288,642997.2261761426,4,0,14,14,0,0,0
S_adaptive_W14,2025-11-26,329,14,14,315,328,10800.0,0.50,648648.0547532118,9275.478068888891,650015.6356210813,5,0,14,14,0,0,0
S_adaptive_W14,2025-11-26,329,14,14,315,328,10800.0,0.65,600383.8508848328,10800.0,600383.8508848328,1,1,14,14,0,0,1
S_adaptive_W14,2025-11-26,329,14,14,315,328,10800.0,0.80,614842.0368163252,10800.0,614842.0368163252,2,0,14,14,0,0,0
S_adaptive_W14,2025-11-26,329,14,14,315,328,10800.0,0.90,630373.0016117792,10800.0,630373.0016117792,3,0,14,14,0,0,0
S_adaptive_W14,2025-11-27,330,14,14,316,329,10800.0,base,648894.0328433738,9864.84604351851,649732.9178953354,4,0,14,14,0,0,0
S_adaptive_W14,2025-11-27,330,14,14,316,329,10800.0,0.50,657111.0041187903,9367.807850925923,658395.7600427403,5,0,14,14,0,0,0
S_adaptive_W14,2025-11-27,330,14,14,316,329,10800.0,0.65,603761.0890043445,10800.0,603761.0890043445,1,1,14,14,0,0,1
S_adaptive_W14,2025-11-27,330,14,14,316,329,10800.0,0.80,618759.3018852624,10800.0,618759.3018852624,2,0,14,14,0,0,0
S_adaptive_W14,2025-11-27,330,14,14,316,329,10800.0,0.90,634030.8087359754,10800.0,634030.8087359754,3,0,14,14,0,0,0
S_adaptive_W14,2025-11-28,331,14,14,317,330,10800.0,base,647892.2380014999,9920.541869074064,648681.1608037255,4,0,14,14,0,0,0
S_adaptive_W14,2025-11-28,331,14,14,317,330,10800.0,0.50,657024.8397120924,9365.150949814812,658311.9790239447,5,0,14,14,0,0,0
S_adaptive_W14,2025-11-28,331,14,14,317,330,10800.0,0.65,606147.0653008342,10800.0,606147.0653008342,1,1,14,14,0,0,1
S_adaptive_W14,2025-11-28,331,14,14,317,330,10800.0,0.80,622773.7403141425,10800.0,622773.7403141425,2,0,14,14,0,0,0
S_adaptive_W14,2025-11-28,331,14,14,317,330,10800.0,0.90,637955.7796108944,10800.0,637955.7796108944,3,0,14,14,0,0,0
S_adaptive_W14,2025-11-29,332,14,14,318,331,10800.0,base,650376.7045043642,9942.80293407407,651145.657894559,4,0,14,14,0,0,0
S_adaptive_W14,2025-11-29,332,14,14,318,331,10800.0,0.50,660280.4076677717,9351.711696851853,661579.6027361569,5,0,14,14,0,0,0
S_adaptive_W14,2025-11-29,332,14,14,318,331,10800.0,0.65,607658.505236141,10800.0,607658.505236141,1,1,14,14,0,0,1
S_adaptive_W14,2025-11-29,332,14,14,318,331,10800.0,0.80,623984.9780659992,10800.0,623984.9780659992,2,0,14,14,0,0,0
S_adaptive_W14,2025-11-29,332,14,14,318,331,10800.0,0.90,639391.2236980778,10800.0,639391.2236980778,3,0,14,14,0,0,0
S_adaptive_W14,2025-11-30,333,14,14,319,332,10800.0,base,660341.8231321544,9782.407461111115,661254.6601724565,4,0,14,14,0,0,0
S_adaptive_W14,2025-11-30,333,14,14,319,332,10800.0,0.50,670480.8602217379,9167.75724740969,671945.0726509643,5,0,14,14,0,0,0
S_adaptive_W14,2025-11-30,333,14,14,319,332,10800.0,0.65,614503.2427487752,10754.110581481482,614544.4081065984,1,1,14,14,0,0,1
S_adaptive_W14,2025-11-30,333,14,14,319,332,10800.0,0.80,625419.0309983544,10800.0,625419.0309983544,2,0,14,14,0,0,0
S_adaptive_W14,2025-11-30,333,14,14,319,332,10800.0,0.90,640986.1899973891,10800.0,640986.1899973891,3,0,14,14,0,0,0
S_adaptive_W14,2025-12-01,334,14,14,320,333,10800.0,base,658725.7061357057,9713.46592833333,659700.3875609947,4,0,14,14,0,0,0
S_adaptive_W14,2025-12-01,334,14,14,320,333,10800.0,0.50,670445.372506161,9181.291342222221,671897.4441004464,5,0,14,14,0,0,0
S_adaptive_W14,2025-12-01,334,14,14,320,333,10800.0,0.65,619833.3098518306,10800.0,619833.3098518306,1,1,14,14,0,0,1
S_adaptive_W14,2025-12-01,334,14,14,320,333,10800.0,0.80,630368.6184788947,10800.0,630368.6184788947,2,0,14,14,0,0,0
S_adaptive_W14,2025-12-01,334,14,14,320,333,10800.0,0.90,646105.1987091999,10800.0,646105.1987091999,3,0,14,14,0,0,0
S_adaptive_W14,2025-12-02,335,14,14,321,334,10800.0,base,696934.6115537804,9559.413454259256,698047.4866067846,4,0,14,14,0,0,0
S_adaptive_W14,2025-12-02,335,14,14,321,334,10800.0,0.50,709916.5998862066,9003.457779444443,711528.198065946,5,0,14,14,0,0,0
S_adaptive_W14,2025-12-02,335,14,14,321,334,10800.0,0.65,645361.1265529721,10800.0,645361.1265529721,1,1,14,14,0,0,1
S_adaptive_W14,2025-12-02,335,14,14,321,334,10800.0,0.80,647924.296701318,10800.0,647924.296701318,2,0,14,14,0,0,0
S_adaptive_W14,2025-12-02,335,14,14,321,334,10800.0,0.90,660473.0763639036,10800.0,660473.0763639036,3,0,14,14,0,0,0
S_adaptive_W14,2025-12-03,336,14,14,322,335,10800.0,base,742672.0919397614,9527.448299444444,743813.6415124765,4,0,14,14,0,0,0
S_adaptive_W14,2025-12-03,336,14,14,322,335,10800.0,0.50,754924.7398674022,9011.328385925926,756529.2776758719,5,0,14,14,0,0,0
S_adaptive_W14,2025-12-03,336,14,14,322,335,10800.0,0.65,680062.2442534777,10797.21345,680064.743943636,3,0,14,14,0,0,0
S_adaptive_W14,2025-12-03,336,14,14,322,335,10800.0,0.80,670098.9835431728,10800.0,670098.9835431728,1,1,14,14,0,0,1
S_adaptive_W14,2025-12-03,336,14,14,322,335,10800.0,0.90,678041.0774723348,10800.0,678041.0774723348,2,0,14,14,0,0,0
S_adaptive_W14,2025-12-04,337,14,14,323,336,10800.0,base,771396.4041838906,9407.497379999999,772645.5563952873,4,0,14,14,0,0,0
S_adaptive_W14,2025-12-04,337,14,14,323,336,10800.0,0.50,781921.5188526853,8945.472134131223,783585.1333776956,5,0,14,14,0,0,0
S_adaptive_W14,2025-12-04,337,14,14,323,336,10800.0,0.65,696621.8074217327,10675.712535,696733.3001826969,3,0,14,14,0,0,0
S_adaptive_W14,2025-12-04,337,14,14,323,336,10800.0,0.80,676850.5074564575,10800.0,676850.5074564575,1,1,14,14,0,0,1
S_adaptive_W14,2025-12-04,337,14,14,323,336,10800.0,0.90,684919.7709483579,10800.0,684919.7709483579,2,0,14,14,0,0,0
S_adaptive_W14,2025-12-05,338,14,14,324,337,10800.0,base,806532.1546860189,9245.565127962958,807926.569123729,4,0,14,14,0,0,0
S_adaptive_W14,2025-12-05,338,14,14,324,337,10800.0,0.50,813497.6863269429,8827.064557592583,815267.5190263069,5,0,14,14,0,0,0
S_adaptive_W14,2025-12-05,338,14,14,324,337,10800.0,0.65,720159.0085136181,10654.951485,720289.125089824,3,0,14,14,0,0,0
S_adaptive_W14,2025-12-05,338,14,14,324,337,10800.0,0.80,691162.6096969887,10800.0,691162.6096969887,1,1,14,14,0,0,1
S_adaptive_W14,2025-12-05,338,14,14,324,337,10800.0,0.90,694542.6168467146,10800.0,694542.6168467146,2,0,14,14,0,0,0
S_adaptive_W14,2025-12-06,339,14,14,325,338,10800.0,base,842437.0545306001,8986.600039259261,844063.7750398268,4,0,14,14,0,0,0
S_adaptive_W14,2025-12-06,339,14,14,325,338,10800.0,0.50,844045.3559537925,8650.483397222217,845973.5917640731,5,0,14,14,0,0,0
S_adaptive_W14,2025-12-06,339,14,14,325,338,10800.0,0.65,734343.0422367291,10423.91657185185,734680.4099653017,3,0,14,14,0,0,0
S_adaptive_W14,2025-12-06,339,14,14,325,338,10800.0,0.80,695355.6236472271,10800.0,695355.6236472271,1,1,14,14,0,0,1
S_adaptive_W14,2025-12-06,339,14,14,325,338,10800.0,0.90,699169.5615907963,10800.0,699169.5615907963,2,0,14,14,0,0,0
S_adaptive_W14,2025-12-07,340,14,14,326,339,10800.0,base,888361.0402987055,8954.63707255144,890016.4333647895,5,0,14,14,0,0,0
S_adaptive_W14,2025-12-07,340,14,14,326,339,10800.0,0.50,882408.6846654688,8679.124951296291,884311.2274105476,4,0,14,14,0,0,0
S_adaptive_W14,2025-12-07,340,14,14,326,339,10800.0,0.65,753372.2728035904,10448.57415,753687.5213146987,3,0,14,14,0,0,0
S_adaptive_W14,2025-12-07,340,14,14,326,339,10800.0,0.80,699873.6407506452,10800.0,699873.6407506452,1,1,14,14,0,0,1
S_adaptive_W14,2025-12-07,340,14,14,326,339,10800.0,0.90,704026.5184750295,10800.0,704026.5184750295,2,0,14,14,0,0,0
S_adaptive_W14,2025-12-08,341,14,14,327,340,10800.0,base,921324.5329258572,8824.372144958847,923096.7808689323,5,0,14,14,0,0,0
S_adaptive_W14,2025-12-08,341,14,14,327,340,10800.0,0.50,905288.5355789413,8582.405064814808,907277.841435521,4,0,14,14,0,0,0
S_adaptive_W14,2025-12-08,341,14,14,327,340,10800.0,0.65,761720.4099969172,10506.27867,761983.8943477789,3,0,14,14,0,0,0
S_adaptive_W14,2025-12-08,341,14,14,327,340,10800.0,0.80,707902.8851086416,10800.0,707902.8851086416,1,1,14,14,0,0,1
S_adaptive_W14,2025-12-08,341,14,14,327,340,10800.0,0.90,712405.5621630317,10800.0,712405.5621630317,2,0,14,14,0,0,0
S_adaptive_W14,2025-12-09,342,14,14,328,341,10780.925444999999,base,930010.0189308103,9066.663195925923,931547.8074050213,5,0,14,14,0,0,0
S_adaptive_W14,2025-12-09,342,14,14,328,341,10780.925444999999,0.50,909014.5231855134,8853.788169259253,910743.2723850348,4,0,14,14,0,0,0
S_adaptive_W14,2025-12-09,342,14,14,328,341,10780.925444999999,0.65,771256.4278287435,10706.569779259258,771323.1289917832,3,0,14,14,0,0,0
S_adaptive_W14,2025-12-09,342,14,14,328,341,10780.925444999999,0.80,721076.4808937681,10800.0,721059.3699582356,1,1,14,14,0,0,1
S_adaptive_W14,2025-12-09,342,14,14,328,341,10780.925444999999,0.90,725992.8207022069,10800.0,725975.7097666744,2,0,14,14,0,0,0
S_adaptive_W14,2025-12-10,343,14,14,329,342,10800.0,base,931356.3319138003,9185.951544814805,932804.2230474601,5,0,14,14,0,0,0
S_adaptive_W14,2025-12-10,343,14,14,329,342,10800.0,0.50,909246.9756267659,9067.469571481473,910801.1516728374,4,0,14,14,0,0,0
S_adaptive_W14,2025-12-10,343,14,14,329,342,10800.0,0.65,784650.417877165,10800.0,784650.417877165,3,0,14,14,0,0,0
S_adaptive_W14,2025-12-10,343,14,14,329,342,10800.0,0.80,735537.4396958601,10800.0,735537.4396958601,1,1,14,14,0,0,1
S_adaptive_W14,2025-12-10,343,14,14,329,342,10800.0,0.90,740787.9748964352,10800.0,740787.9748964352,2,0,14,14,0,0,0
S_adaptive_W14,2025-12-11,344,14,14,330,343,10800.0,base,940352.7270411116,9101.402595925918,941876.4632790885,5,0,14,14,0,0,0
S_adaptive_W14,2025-12-11,344,14,14,330,343,10800.0,0.50,912228.7585174714,8976.471658518509,913864.5647469104,4,0,14,14,0,0,0
S_adaptive_W14,2025-12-11,344,14,14,330,343,10800.0,0.65,795199.3187983352,10800.0,795199.3187983352,3,0,14,14,0,0,0
S_adaptive_W14,2025-12-11,344,14,14,330,343,10800.0,0.80,746428.2198494687,10800.0,746428.2198494687,1,1,14,14,0,0,1
S_adaptive_W14,2025-12-11,344,14,14,330,343,10800.0,0.90,752283.7967945694,10800.0,752283.7967945694,2,0,14,14,0,0,0
S_adaptive_W14,2025-12-12,345,14,14,331,344,10800.0,base,945650.4465213096,9074.280154629625,947198.5130959315,5,0,14,14,0,0,0
S_adaptive_W14,2025-12-12,345,14,14,331,344,10800.0,0.50,918744.5975668293,8987.911072037034,920370.1420068191,4,0,14,14,0,0,0
S_adaptive_W14,2025-12-12,345,14,14,331,344,10800.0,0.65,807178.3811231854,10800.0,807178.3811231854,3,0,14,14,0,0,0
S_adaptive_W14,2025-12-12,345,14,14,331,344,10800.0,0.80,758842.3439850938,10800.0,758842.3439850938,1,1,14,14,0,0,1
S_adaptive_W14,2025-12-12,345,14,14,331,344,10800.0,0.90,765112.8453946144,10800.0,765112.8453946144,2,0,14,14,0,0,0
S_adaptive_W14,2025-12-13,346,14,14,332,345,10800.0,base,962921.03448643,9071.983681296297,964471.1611252138,5,0,14,14,0,0,0
S_adaptive_W14,2025-12-13,346,14,14,332,345,10800.0,0.50,924634.12217812,9028.8890437037,926222.9071009709,4,0,14,14,0,0,0
S_adaptive_W14,2025-12-13,346,14,14,332,345,10800.0,0.65,814093.4368000905,10800.0,814093.4368000905,3,0,14,14,0,0,0
S_adaptive_W14,2025-12-13,346,14,14,332,345,10800.0,0.80,767257.0097554731,10800.0,767257.0097554731,1,1,14,14,0,0,1
S_adaptive_W14,2025-12-13,346,14,14,332,345,10800.0,0.90,774239.8331085194,10800.0,774239.8331085194,2,0,14,14,0,0,0
S_adaptive_W14,2025-12-14,347,14,14,333,346,10754.110581481482,base,958875.9435872884,9209.113567962962,960261.891741582,5,0,14,14,0,0,0
S_adaptive_W14,2025-12-14,347,14,14,333,346,10754.110581481482,0.50,918568.1858570206,9285.600673888883,919885.5208280148,4,0,14,14,0,0,0
S_adaptive_W14,2025-12-14,347,14,14,333,346,10754.110581481482,0.65,817657.627353885,10800.0,817616.4619960617,3,0,14,14,0,0,0
S_adaptive_W14,2025-12-14,347,14,14,333,346,10754.110581481482,0.80,777539.8761608846,10800.0,777498.7108030614,1,1,14,14,0,0,1
S_adaptive_W14,2025-12-14,347,14,14,333,346,10754.110581481482,0.90,785177.3376764968,10800.0,785136.1723186736,2,0,14,14,0,0,0
S_adaptive_W14,2025-12-15,348,14,14,334,347,10800.0,base,963744.507562722,9309.08403166667,965081.9420149819,5,0,14,14,0,0,0
S_adaptive_W14,2025-12-15,348,14,14,334,347,10800.0,0.50,924595.2406968977,9424.026330925917,925829.5655210388,4,0,14,14,0,0,0
S_adaptive_W14,2025-12-15,348,14,14,334,347,10800.0,0.65,827380.7522013265,10800.0,827380.7522013265,3,0,14,14,0,0,0
S_adaptive_W14,2025-12-15,348,14,14,334,347,10800.0,0.80,788047.5221260636,10800.0,788047.5221260636,1,1,14,14,0,0,1
S_adaptive_W14,2025-12-15,348,14,14,334,347,10800.0,0.90,796073.3118252208,10800.0,796073.3118252208,2,0,14,14,0,0,0
S_adaptive_W14,2025-12-16,349,14,14,335,348,10800.0,base,941005.0863544315,9344.281217962964,942310.9469751844,5,0,14,14,0,0,0
S_adaptive_W14,2025-12-16,349,14,14,335,348,10800.0,0.50,897385.2689535575,9443.689133703694,898601.9551512289,4,0,14,14,0,0,0
S_adaptive_W14,2025-12-16,349,14,14,335,348,10800.0,0.65,814794.7666152995,10800.0,814794.7666152995,3,0,14,14,0,0,0
S_adaptive_W14,2025-12-16,349,14,14,335,348,10800.0,0.80,783924.4857130666,10800.0,783924.4857130666,1,1,14,14,0,0,1
S_adaptive_W14,2025-12-16,349,14,14,335,348,10800.0,0.90,795650.8069308193,10800.0,795650.8069308193,2,0,14,14,0,0,0
S_adaptive_W14,2025-12-17,350,14,14,336,349,10797.21345,base,896521.415097289,9360.267223888894,897810.4356924566,5,0,14,14,0,0,0
S_adaptive_W14,2025-12-17,350,14,14,336,349,10797.21345,0.50,854152.2281665993,9503.134050925917,855313.0892808686,4,0,14,14,0,0,0
S_adaptive_W14,2025-12-17,350,14,14,336,349,10797.21345,0.65,792974.1153394901,10800.0,792971.6156493318,2,0,14,14,0,0,0
S_adaptive_W14,2025-12-17,350,14,14,336,349,10797.21345,0.80,776893.7945724648,10800.0,776891.2948823065,1,1,14,14,0,0,1
S_adaptive_W14,2025-12-17,350,14,14,336,349,10797.21345,0.90,793924.3706676319,10800.0,793921.8709774736,3,0,14,14,0,0,0
S_adaptive_W14,2025-12-18,351,14,14,337,350,10800.0,base,869745.6838237338,9604.466850740744,870818.1434771277,5,0,14,14,0,0,0
S_adaptive_W14,2025-12-18,351,14,14,337,350,10800.0,0.50,829842.944077624,9733.961520925921,830799.2398177134,4,0,14,14,0,0,0
S_adaptive_W14,2025-12-18,351,14,14,337,350,10800.0,0.65,787688.390464979,10800.0,787688.390464979,2,0,14,14,0,0,0
S_adaptive_W14,2025-12-18,351,14,14,337,350,10800.0,0.80,782741.5466933378,10800.0,782741.5466933378,1,1,14,14,0,0,1
S_adaptive_W14,2025-12-18,351,14,14,337,350,10800.0,0.90,800406.3752966999,10800.0,800406.3752966999,3,0,14,14,0,0,0
S_adaptive_W14,2025-12-19,352,14,14,338,351,10800.0,base,845012.5097092404,9781.440527777786,845926.2141424611,5,0,14,14,0,0,0
S_adaptive_W14,2025-12-19,352,14,14,338,351,10800.0,0.50,806655.7632114475,9816.458443518515,807538.054628809,4,0,14,14,0,0,0
S_adaptive_W14,2025-12-19,352,14,14,338,351,10800.0,0.65,774372.2881130229,10800.0,774372.2881130229,1,1,14,14,0,0,1
S_adaptive_W14,2025-12-19,352,14,14,338,351,10800.0,0.80,778704.9425624936,10800.0,778704.9425624936,2,0,14,14,0,0,0
S_adaptive_W14,2025-12-19,352,14,14,338,351,10800.0,0.90,801756.1216856856,10800.0,801756.1216856856,3,0,14,14,0,0,0
S_adaptive_W14,2025-12-20,353,14,14,339,352,10800.0,base,818284.6145198274,9905.553142407412,819086.9830425801,5,0,14,14,0,0,0
S_adaptive_W14,2025-12-20,353,14,14,339,352,10800.0,0.50,782700.712154357,9889.750144814809,783517.2568438945,3,0,14,14,0,0,0
S_adaptive_W14,2025-12-20,353,14,14,339,352,10800.0,0.65,765322.620285506,10800.0,765322.620285506,1,1,14,14,0,0,1
S_adaptive_W14,2025-12-20,353,14,14,339,352,10800.0,0.80,782135.4407103973,10800.0,782135.4407103973,2,0,14,14,0,0,0
S_adaptive_W14,2025-12-20,353,14,14,339,352,10800.0,0.90,805469.1332544927,10800.0,805469.1332544927,4,0,14,14,0,0,0
S_adaptive_W14,2025-12-21,354,14,14,340,353,10800.0,base,775967.6445285443,9858.06628037037,776812.6114047031,3,0,14,14,0,0,0
S_adaptive_W14,2025-12-21,354,14,14,340,353,10800.0,0.50,748185.9042257511,9790.150395000002,749091.7954241919,1,1,14,14,0,0,1
S_adaptive_W14,2025-12-21,354,14,14,340,353,10800.0,0.65,752967.8680535975,10800.0,752967.8680535975,2,0,14,14,0,0,0
S_adaptive_W14,2025-12-21,354,14,14,340,353,10800.0,0.80,785194.5296653827,10800.0,785194.5296653827,4,0,14,14,0,0,0
S_adaptive_W14,2025-12-21,354,14,14,340,353,10800.0,0.90,808721.5749498248,10800.0,808721.5749498248,5,0,14,14,0,0,0
S_adaptive_W14,2025-12-22,355,14,14,341,354,10800.0,base,754633.5883667166,9989.94825407408,755360.249785687,3,0,14,14,0,0,0
S_adaptive_W14,2025-12-22,355,14,14,341,354,10800.0,0.50,737804.5249375682,9894.89009166667,738616.458809227,1,1,14,14,0,0,1
S_adaptive_W14,2025-12-22,355,14,14,341,354,10800.0,0.65,753591.7600393799,10800.0,753591.7600393799,2,0,14,14,0,0,0
S_adaptive_W14,2025-12-22,355,14,14,341,354,10800.0,0.80,786356.677460798,10800.0,786356.677460798,4,0,14,14,0,0,0
S_adaptive_W14,2025-12-22,355,14,14,341,354,10800.0,0.90,809622.0012284212,10800.0,809622.0012284212,5,0,14,14,0,0,0
S_adaptive_W14,2025-12-23,356,14,14,342,355,10800.0,base,756122.854166855,9903.849979074079,756926.7505217378,3,0,14,14,0,0,0
S_adaptive_W14,2025-12-23,356,14,14,342,355,10800.0,0.50,744243.3464162028,9762.654276666672,745173.9031603507,1,1,14,14,0,0,1
S_adaptive_W14,2025-12-23,356,14,14,342,355,10800.0,0.65,751434.0465293245,10769.030429999999,751461.8279541462,2,0,14,14,0,0,0
S_adaptive_W14,2025-12-23,356,14,14,342,355,10800.0,0.80,783005.8935191975,10800.0,783005.8935191975,4,0,14,14,0,0,0
S_adaptive_W14,2025-12-23,356,14,14,342,355,10800.0,0.90,806066.5040649567,10800.0,806066.5040649567,5,0,14,14,0,0,0
S_adaptive_W14,2025-12-24,357,14,14,343,356,10800.0,base,753925.3184049993,9882.835253518522,754748.0661361902,3,0,14,14,0,0,0
S_adaptive_W14,2025-12-24,357,14,14,343,356,10800.0,0.50,741371.0615830034,9660.711234629634,742393.0668993609,1,1,14,14,0,0,1
S_adaptive_W14,2025-12-24,357,14,14,343,356,10800.0,0.65,747804.3520390849,10800.0,747804.3520390849,2,0,14,14,0,0,0
S_adaptive_W14,2025-12-24,357,14,14,343,356,10800.0,0.80,778878.0965638432,10800.0,778878.0965638432,4,0,14,14,0,0,0
S_adaptive_W14,2025-12-24,357,14,14,343,356,10800.0,0.90,801781.2941882757,10800.0,801781.2941882757,5,0,14,14,0,0,0
S_adaptive_W14,2025-12-25,358,14,14,344,357,10800.0,base,753348.6021268859,9936.674435925925,754123.0531203917,3,0,14,14,0,0,0
S_adaptive_W14,2025-12-25,358,14,14,344,357,10800.0,0.50,746947.3339858671,9674.808322777777,747956.6934309842,2,0,14,14,0,0,0
S_adaptive_W14,2025-12-25,358,14,14,344,357,10800.0,0.65,745030.1511147174,10800.0,745030.1511147174,1,1,14,14,0,0,1
S_adaptive_W14,2025-12-25,358,14,14,344,357,10800.0,0.80,775116.9934413515,10800.0,775116.9934413515,4,0,14,14,0,0,0
S_adaptive_W14,2025-12-25,358,14,14,344,357,10800.0,0.90,797733.4247440724,10800.0,797733.4247440724,5,0,14,14,0,0,0
S_adaptive_W14,2025-12-26,359,14,14,345,358,10800.0,base,754333.2117374197,9891.628691111111,755148.0712665657,3,0,14,14,0,0,0
S_adaptive_W14,2025-12-26,359,14,14,345,358,10800.0,0.50,748070.5121583687,9583.199463703699,749162.0498394563,2,0,14,14,0,0,0
S_adaptive_W14,2025-12-26,359,14,14,345,358,10800.0,0.65,740853.811552509,10800.0,740853.811552509,1,1,14,14,0,0,1
S_adaptive_W14,2025-12-26,359,14,14,345,358,10800.0,0.80,770165.230852768,10800.0,770165.230852768,4,0,14,14,0,0,0
S_adaptive_W14,2025-12-26,359,14,14,345,358,10800.0,0.90,792467.9360912191,10800.0,792467.9360912191,5,0,14,14,0,0,0
S_adaptive_W14,2025-12-27,360,14,14,346,359,10800.0,base,744029.3472567876,9911.110221296298,744826.7307710503,2,0,14,14,0,0,0
S_adaptive_W14,2025-12-27,360,14,14,346,359,10800.0,0.50,751756.2787246999,9514.298238888894,752909.6246322922,3,0,14,14,0,0,0
S_adaptive_W14,2025-12-27,360,14,14,346,359,10800.0,0.65,739082.9096167225,10800.0,739082.9096167225,1,1,14,14,0,0,1
S_adaptive_W14,2025-12-27,360,14,14,346,359,10800.0,0.80,767617.7034488885,10800.0,767617.7034488885,4,0,14,14,0,0,0
S_adaptive_W14,2025-12-27,360,14,14,346,359,10800.0,0.90,789533.6918475657,10800.0,789533.6918475657,5,0,14,14,0,0,0
S_adaptive_W14,2025-12-28,361,14,14,347,360,10800.0,base,743218.493854672,10002.293807222224,743934.0806266044,2,0,14,14,0,0,0
S_adaptive_W14,2025-12-28,361,14,14,347,360,10800.0,0.50,755474.0177930832,9468.376638888893,756668.5579270755,3,0,14,14,0,0,0
S_adaptive_W14,2025-12-28,361,14,14,347,360,10800.0,0.65,735460.2166973724,10800.0,735460.2166973724,1,1,14,14,0,0,1
S_adaptive_W14,2025-12-28,361,14,14,347,360,10800.0,0.80,763286.0709214166,10800.0,763286.0709214166,4,0,14,14,0,0,0
S_adaptive_W14,2025-12-28,361,14,14,347,360,10800.0,0.90,784726.550304442,10800.0,784726.550304442,5,0,14,14,0,0,0
S_adaptive_W14,2025-12-29,362,14,14,348,361,10800.0,base,743196.972063585,10002.910817222222,743912.005343269,2,0,14,14,0,0,0
S_adaptive_W14,2025-12-29,362,14,14,348,361,10800.0,0.50,753986.4593775158,9438.877893888892,755207.4615245922,3,0,14,14,0,0,0
S_adaptive_W14,2025-12-29,362,14,14,348,361,10800.0,0.65,731650.8107141624,10800.0,731650.8107141624,1,1,14,14,0,0,1
S_adaptive_W14,2025-12-29,362,14,14,348,361,10800.0,0.80,758727.0405761119,10800.0,758727.0405761119,4,0,14,14,0,0,0
S_adaptive_W14,2025-12-29,362,14,14,348,361,10800.0,0.90,779556.9484933533,10800.0,779556.9484933533,5,0,14,14,0,0,0
S_adaptive_W14,2025-12-30,363,14,14,349,362,10800.0,base,737941.060937991,9906.895597407407,738742.2252040278,2,0,14,14,0,0,0
S_adaptive_W14,2025-12-30,363,14,14,349,362,10800.0,0.50,753962.030225092,9325.231794814821,755284.97923671,3,0,14,14,0,0,0
S_adaptive_W14,2025-12-30,363,14,14,349,362,10800.0,0.65,727721.9572181823,10800.0,727721.9572181823,1,1,14,14,0,0,1
S_adaptive_W14,2025-12-30,363,14,14,349,362,10800.0,0.80,754147.6844982301,10800.0,754147.6844982301,4,0,14,14,0,0,0
S_adaptive_W14,2025-12-30,363,14,14,349,362,10800.0,0.90,774451.0784871369,10800.0,774451.0784871369,5,0,14,14,0,0,0
S_adaptive_W14,2025-12-31,364,14,14,350,363,10800.0,base,741815.9416375831,9940.650236111109,742586.826117445,2,0,14,14,0,0,0
S_adaptive_W14,2025-12-31,364,14,14,350,363,10800.0,0.50,759319.3459257252,9290.255813518519,760673.670335676,4,0,14,14,0,0,0
S_adaptive_W14,2025-12-31,364,14,14,350,363,10800.0,0.65,726444.342135163,10800.0,726444.342135163,1,1,14,14,0,0,1
S_adaptive_W14,2025-12-31,364,14,14,350,363,10800.0,0.80,748980.3195168775,10800.0,748980.3195168775,3,0,14,14,0,0,0
S_adaptive_W14,2025-12-31,364,14,14,350,363,10800.0,0.90,768160.7994424754,10800.0,768160.7994424754,5,0,14,14,0,0,0
S_adaptive_W56,2025-02-01,31,56,14,17,30,8368.995643333334,base,773363.1785548368,8801.462273333342,772975.2319618029,4,0,16,29,0,0,0
S_adaptive_W56,2025-02-01,31,56,14,17,30,8368.995643333334,0.50,802905.9809407388,8247.08270907408,803015.3436157102,5,0,16,29,0,0,0
S_adaptive_W56,2025-02-01,31,56,14,17,30,8368.995643333334,0.65,745037.8372114619,10800.0,742857.0912477343,2,0,16,29,0,0,0
S_adaptive_W56,2025-02-01,31,56,14,17,30,8368.995643333334,0.80,734805.8328878747,10800.0,732625.0869241471,1,1,16,29,0,0,1
S_adaptive_W56,2025-02-01,31,56,14,17,30,8368.995643333334,0.90,762370.2585468984,10800.0,760189.5125831708,3,0,16,29,0,0,0
S_adaptive_W56,2025-02-02,32,56,14,18,31,8212.515670555556,base,770029.3580681301,9221.38512481482,769124.3461193566,4,0,17,30,0,0,0
S_adaptive_W56,2025-02-02,32,56,14,18,31,8212.515670555556,0.50,796174.0975677421,8473.862971111119,795939.6545198493,5,0,17,30,0,0,0
S_adaptive_W56,2025-02-02,32,56,14,18,31,8212.515670555556,0.65,742451.991938919,10800.0,740130.8747462778,2,0,17,30,0,0,0
S_adaptive_W56,2025-02-02,32,56,14,18,31,8212.515670555556,0.80,732204.8746671309,10800.0,729883.7574744897,1,1,17,30,0,0,1
S_adaptive_W56,2025-02-02,32,56,14,18,31,8212.515670555556,0.90,758684.7924462673,10800.0,756363.6752536262,3,0,17,30,0,0,0
S_adaptive_W56,2025-02-03,33,56,14,19,32,8153.316651111111,base,757910.8120030002,9576.779617592596,756633.8866407904,4,0,18,31,0,0,0
S_adaptive_W56,2025-02-03,33,56,14,19,32,8153.316651111111,0.50,781724.7779989839,8752.577232592601,781187.2079651405,5,0,18,31,0,0,0
S_adaptive_W56,2025-02-03,33,56,14,19,32,8153.316651111111,0.65,738690.4938081241,10800.0,736316.2718062069,2,0,18,31,0,0,0
S_adaptive_W56,2025-02-03,33,56,14,19,32,8153.316651111111,0.80,728844.2994335574,10800.0,726470.0774316402,1,1,18,31,0,0,1
S_adaptive_W56,2025-02-03,33,56,14,19,32,8153.316651111111,0.90,754431.2529286832,10800.0,752057.030926766,3,0,18,31,0,0,0
S_adaptive_W56,2025-02-04,34,56,14,20,33,8222.930176666665,base,748841.488821599,9802.780789444445,747424.2750524589,4,0,19,32,0,0,0
S_adaptive_W56,2025-02-04,34,56,14,20,33,8222.930176666665,0.50,772525.5976508099,8920.56567907408,771899.7798476225,5,0,19,32,0,0,0
S_adaptive_W56,2025-02-04,34,56,14,20,33,8222.930176666665,0.65,732222.8006823332,10800.0,729911.0258802575,2,0,19,32,0,0,0
S_adaptive_W56,2025-02-04,34,56,14,20,33,8222.930176666665,0.80,722635.2305719098,10800.0,720323.4557698341,1,1,19,32,0,0,1
S_adaptive_W56,2025-02-04,34,56,14,20,33,8222.930176666665,0.90,747311.7191198196,10800.0,744999.9443177439,3,0,19,32,0,0,0
S_adaptive_W56,2025-02-05,35,56,14,21,34,8443.394277037043,base,745008.0138732407,9997.819855555552,743613.607772333,4,0,20,33,0,0,0
S_adaptive_W56,2025-02-05,35,56,14,21,34,8443.394277037043,0.50,771118.8797346686,9029.672295740751,770592.9557808904,5,0,20,33,0,0,0
S_adaptive_W56,2025-02-05,35,56,14,21,34,8443.394277037043,0.65,727945.379618688,10800.0,725831.37336265,2,0,20,33,0,0,0
S_adaptive_W56,2025-02-05,35,56,14,21,34,8443.394277037043,0.80,718127.4794327192,10800.0,716013.4731766812,1,1,20,33,0,0,1
S_adaptive_W56,2025-02-05,35,56,14,21,34,8443.394277037043,0.90,741907.1308525167,10800.0,739793.1245964788,3,0,20,33,0,0,0
S_adaptive_W56,2025-02-06,36,56,14,22,35,8267.548353703709,base,721295.8146705482,10150.09851444444,719607.0625902438,3,0,21,34,0,0,0
S_adaptive_W56,2025-02-06,36,56,14,22,35,8267.548353703709,0.50,742009.9045144687,9172.149378148155,741198.4271399296,5,0,21,34,0,0,0
S_adaptive_W56,2025-02-06,36,56,14,22,35,8267.548353703709,0.65,709253.7587118912,10800.0,706982.0088934053,1,1,21,34,0,0,1
S_adaptive_W56,2025-02-06,36,56,14,22,35,8267.548353703709,0.80,712107.2052554765,10800.0,709835.4554369906,2,0,21,34,0,0,0
S_adaptive_W56,2025-02-06,36,56,14,22,35,8267.548353703709,0.90,741999.6469390767,10800.0,739727.8971205908,4,0,21,34,0,0,0
S_adaptive_W56,2025-02-07,37,56,14,23,36,8227.942094629636,base,713490.6664934258,10537.008327962963,711419.3058006684,3,0,22,35,0,0,0
S_adaptive_W56,2025-02-07,37,56,14,23,36,8227.942094629636,0.50,730477.827006072,9431.726961111122,729397.9651039011,4,0,22,35,0,0,0
S_adaptive_W56,2025-02-07,37,56,14,23,36,8227.942094629636,0.65,705273.5405621859,10800.0,702966.2617289629,1,1,22,35,0,0,1
S_adaptive_W56,2025-02-07,37,56,14,23,36,8227.942094629636,0.80,708171.4802411834,10800.0,705864.2014079604,2,0,22,35,0,0,0
S_adaptive_W56,2025-02-07,37,56,14,23,36,8227.942094629636,0.90,738560.2139206297,10800.0,736252.9350874067,5,0,22,35,0,0,0
S_adaptive_W56,2025-02-08,38,56,14,24,37,8238.075438333342,base,710362.7076718415,10573.523100740744,708267.6813715697,3,0,23,36,0,0,0
S_adaptive_W56,2025-02-08,38,56,14,24,37,8238.075438333342,0.50,726928.6031249271,9515.70523666668,725782.4982163889,4,0,23,36,0,0,0
S_adaptive_W56,2025-02-08,38,56,14,24,37,8238.075438333342,0.65,701246.4526367035,10800.0,698948.2639757462,1,1,23,36,0,0,1
S_adaptive_W56,2025-02-08,38,56,14,24,37,8238.075438333342,0.80,704021.7552569245,10800.0,701723.5665959673,2,0,23,36,0,0,0
S_adaptive_W56,2025-02-08,38,56,14,24,37,8238.075438333342,0.90,734649.0171378659,10800.0,732350.8284769086,5,0,23,36,0,0,0
S_adaptive_W56,2025-02-09,39,56,14,25,38,8374.715879259267,base,707006.3335231713,10506.993585740744,705093.5619605848,3,0,24,37,0,0,0
S_adaptive_W56,2025-02-09,39,56,14,25,38,8374.715879259267,0.50,724115.3689543596,9466.731419259271,723135.7703474496,4,0,24,37,0,0,0
S_adaptive_W56,2025-02-09,39,56,14,25,38,8374.715879259267,0.65,697301.4214580288,10800.0,695125.8068637177,1,1,24,37,0,0,1
S_adaptive_W56,2025-02-09,39,56,14,25,38,8374.715879259267,0.80,698548.3241047976,10800.0,696372.7095104865,2,0,24,37,0,0,0
S_adaptive_W56,2025-02-09,39,56,14,25,38,8374.715879259267,0.90,729340.7403390063,10800.0,727165.1257446952,5,0,24,37,0,0,0
S_adaptive_W56,2025-02-10,40,56,14,26,39,8399.850666111119,base,692095.0665464638,10450.954320740742,690255.112618058,2,0,25,38,0,0,0
S_adaptive_W56,2025-02-10,40,56,14,26,39,8399.850666111119,0.50,710124.7958385074,9403.065146851864,709224.856715145,4,0,25,38,0,0,0
S_adaptive_W56,2025-02-10,40,56,14,26,39,8399.850666111119,0.65,683821.7989634217,10774.878764999998,681691.2668127129,1,1,25,38,0,0,1
S_adaptive_W56,2025-02-10,40,56,14,26,39,8399.850666111119,0.80,693109.8366895485,10800.0,690956.7693954204,3,0,25,38,0,0,0
S_adaptive_W56,2025-02-10,40,56,14,26,39,8399.850666111119,0.90,724332.0989364887,10800.0,722179.0316423607,5,0,25,38,0,0,0
S_adaptive_W56,2025-02-11,41,56,14,27,40,8275.783400555563,base,686891.0115744116,10282.438365740742,685090.9305898092,2,0,26,39,0,0,0
S_adaptive_W56,2025-02-11,41,56,14,27,40,8275.783400555563,0.50,704621.9627393058,9244.485376851864,703752.9832497915,4,0,26,39,0,0,0
S_adaptive_W56,2025-02-11,41,56,14,27,40,8275.783400555563,0.65,677915.6569288806,10767.967054259256,675680.029736861,1,1,26,39,0,0,1
S_adaptive_W56,2025-02-11,41,56,14,27,40,8275.783400555563,0.80,687688.3488323491,10800.0,685423.9863083919,3,0,26,39,0,0,0
S_adaptive_W56,2025-02-11,41,56,14,27,40,8275.783400555563,0.90,718584.8963484453,10800.0,716320.5338244882,5,0,26,39,0,0,0
S_adaptive_W56,2025-02-12,42,56,14,28,41,8250.404954259266,base,668602.0270911576,10253.349945740742,666805.274159077,2,0,27,40,0,0,0
S_adaptive_W56,2025-02-12,42,56,14,28,41,8250.404954259266,0.50,687876.5375559747,9195.807344444453,687028.4590896235,4,0,27,40,0,0,0
S_adaptive_W56,2025-02-12,42,56,14,28,41,8250.404954259266,0.65,662402.3875707804,10787.257894259254,660126.689547326,1,1,27,40,0,0,1
S_adaptive_W56,2025-02-12,42,56,14,28,41,8250.404954259266,0.80,679126.2611883588,10800.0,676839.1327881601,3,0,27,40,0,0,0
S_adaptive_W56,2025-02-12,42,56,14,28,41,8250.404954259266,0.90,710192.201828998,10800.0,707905.0734287994,5,0,27,40,0,0,0
S_adaptive_W56,2025-02-13,43,56,14,29,42,8724.84956148149,base,664179.3957573639,10214.67244574074,662842.9418622453,2,0,28,41,0,0,0
S_adaptive_W56,2025-02-13,43,56,14,29,42,8724.84956148149,0.50,687463.7629528136,9149.148179814818,687083.1435200232,4,0,28,41,0,0,0
S_adaptive_W56,2025-02-13,43,56,14,29,42,8724.84956148149,0.65,655217.9084575668,10779.122914259253,653375.1111338277,1,1,28,41,0,0,1
S_adaptive_W56,2025-02-13,43,56,14,29,42,8724.84956148149,0.80,669930.0058306626,10800.0,668068.480601176,3,0,28,41,0,0,0
S_adaptive_W56,2025-02-13,43,56,14,29,42,8724.84956148149,0.90,700299.2058842755,10800.0,698437.680654789,5,0,28,41,0,0,0
S_adaptive_W56,2025-02-14,44,56,14,30,43,8736.336912407414,base,648984.6973349315,10202.88687074074,647669.1205473088,2,0,29,42,0,0,0
S_adaptive_W56,2025-02-14,44,56,14,30,43,8736.336912407414,0.50,667882.6736147497,9162.541590000003,667500.3443409115,4,0,29,42,0,0,0
S_adaptive_W56,2025-02-14,44,56,14,30,43,8736.336912407414,0.65,645065.5517434923,10800.0,643214.3313059724,1,1,29,42,0,0,1
S_adaptive_W56,2025-02-14,44,56,14,30,43,8736.336912407414,0.80,662826.3660813528,10800.0,660975.145643833,3,0,29,42,0,0,0
S_adaptive_W56,2025-02-14,44,56,14,30,43,8736.336912407414,0.90,694359.7059819663,10800.0,692508.4855444465,5,0,29,42,0,0,0
S_adaptive_W56,2025-02-15,45,56,14,31,44,8801.462273333342,base,641701.5631160038,10169.296214814816,640474.5400797203,1,1,30,43,0,0,1
S_adaptive_W56,2025-02-15,45,56,14,31,44,8801.462273333342,0.50,661352.9910623366,9120.721158148152,661066.598106053,4,0,30,43,0,0,0
S_adaptive_W56,2025-02-15,45,56,14,31,44,8801.462273333342,0.65,642338.564447727,10800.0,640545.7650770333,2,0,30,43,0,0,0
S_adaptive_W56,2025-02-15,45,56,14,31,44,8801.462273333342,0.80,657728.2307725415,10800.0,655935.4314018477,3,0,30,43,0,0,0
S_adaptive_W56,2025-02-15,45,56,14,31,44,8801.462273333342,0.90,687851.4437788838,10800.0,686058.64440819,5,0,30,43,0,0,0
S_adaptive_W56,2025-02-16,46,56,14,32,45,9957.11375425927,base,639308.9838664343,10227.95257407407,639066.0263984593,2,0,31,44,0,0,0
S_adaptive_W56,2025-02-16,46,56,14,32,45,9957.11375425927,0.50,662622.6251511648,9597.328254074084,662945.3727329143,4,0,31,44,0,0,0
S_adaptive_W56,2025-02-16,46,56,14,32,45,9957.11375425927,0.65,638054.0756830883,10669.305630000003,637415.2000043335,1,1,31,44,0,0,1
S_adaptive_W56,2025-02-16,46,56,14,32,45,9957.11375425927,0.80,652694.9099722839,10800.0,651938.7941828407,3,0,31,44,0,0,0
S_adaptive_W56,2025-02-16,46,56,14,32,45,9957.11375425927,0.90,682573.4880126406,10800.0,681817.3722231975,5,0,31,44,0,0,0
S_adaptive_W56,2025-02-17,47,56,14,33,46,10800.0,base,636759.0706974504,10134.39892407407,637356.1518403935,2,0,32,45,0,0,0
S_adaptive_W56,2025-02-17,47,56,14,33,46,10800.0,0.50,665985.1558789718,9739.035104999992,666936.900332281,4,0,32,45,0,0,0
S_adaptive_W56,2025-02-17,47,56,14,33,46,10800.0,0.65,631450.620994758,10679.345995925929,631558.8543394126,1,1,32,45,0,0,1
S_adaptive_W56,2025-02-17,47,56,14,33,46,10800.0,0.80,644821.8592130187,10800.0,644821.8592130187,3,0,32,45,0,0,0
S_adaptive_W56,2025-02-17,47,56,14,33,46,10800.0,0.90,675067.7983301599,10800.0,675067.7983301599,5,0,32,45,0,0,0
S_adaptive_W56,2025-02-18,48,56,14,34,47,10800.0,base,632972.4457600084,10097.917108333331,633602.2531184385,2,0,33,46,0,0,0
S_adaptive_W56,2025-02-18,48,56,14,34,47,10800.0,0.50,661413.0548436153,9632.130098333324,662460.6990270715,4,0,33,46,0,0,0
S_adaptive_W56,2025-02-18,48,56,14,34,47,10800.0,0.65,626623.8721241821,10716.535945925929,626698.7440175784,1,1,33,46,0,0,1
S_adaptive_W56,2025-02-18,48,56,14,34,47,10800.0,0.80,639160.9799787803,10800.0,639160.9799787803,3,0,33,46,0,0,0
S_adaptive_W56,2025-02-18,48,56,14,34,47,10800.0,0.90,669783.5994937645,10800.0,669783.5994937645,5,0,33,46,0,0,0
S_adaptive_W56,2025-02-19,49,56,14,35,48,10800.0,base,629887.0174496867,10124.090374629628,630493.3459341786,3,0,34,47,0,0,0
S_adaptive_W56,2025-02-19,49,56,14,35,48,10800.0,0.50,661661.3152503989,9595.881244444437,662741.4766696187,5,0,34,47,0,0,0
S_adaptive_W56,2025-02-19,49,56,14,35,48,10800.0,0.65,617482.0318980376,10800.0,617482.0318980376,1,1,34,47,0,0,1
S_adaptive_W56,2025-02-19,49,56,14,35,48,10800.0,0.80,629675.5141386404,10800.0,629675.5141386404,2,0,34,47,0,0,0
S_adaptive_W56,2025-02-19,49,56,14,35,48,10800.0,0.90,660619.5083167381,10800.0,660619.5083167381,4,0,34,47,0,0,0
S_adaptive_W56,2025-02-20,50,56,14,36,49,10800.0,base,628366.7076118618,9851.846736296295,629217.2537645852,3,0,35,48,0,0,0
S_adaptive_W56,2025-02-20,50,56,14,36,49,10800.0,0.50,665243.15461075,9275.575359999993,666610.6482030879,5,0,35,48,0,0,0
S_adaptive_W56,2025-02-20,50,56,14,36,49,10800.0,0.65,610306.9926271355,10629.091994999999,610460.3066025097,1,1,35,48,0,0,1
S_adaptive_W56,2025-02-20,50,56,14,36,49,10800.0,0.80,619648.5671362083,10800.0,619648.5671362083,2,0,35,48,0,0,0
S_adaptive_W56,2025-02-20,50,56,14,36,49,10800.0,0.90,650751.5198334043,10800.0,650751.5198334043,4,0,35,48,0,0,0
S_adaptive_W56,2025-02-21,51,56,14,37,50,10800.0,base,620573.7647538208,9737.617517407405,621526.7808619555,3,0,36,49,0,0,0
S_adaptive_W56,2025-02-21,51,56,14,37,50,10800.0,0.50,658469.1210535915,9108.19684777777,659986.7624701988,5,0,36,49,0,0,0
S_adaptive_W56,2025-02-21,51,56,14,37,50,10800.0,0.65,601398.2617154011,10588.016775,601588.4224450719,1,1,36,49,0,0,1
S_adaptive_W56,2025-02-21,51,56,14,37,50,10800.0,0.80,610910.5672490129,10800.0,610910.5672490129,2,0,36,49,0,0,0
S_adaptive_W56,2025-02-21,51,56,14,37,50,10800.0,0.90,641764.8223534831,10800.0,641764.8223534831,4,0,36,49,0,0,0
S_adaptive_W56,2025-02-22,52,56,14,38,51,10800.0,base,616721.7311277138,9664.428692407406,617740.4016779192,3,0,37,50,0,0,0
S_adaptive_W56,2025-02-22,52,56,14,38,51,10800.0,0.50,656199.2310204005,8938.388615185178,657869.1998554341,5,0,37,50,0,0,0
S_adaptive_W56,2025-02-22,52,56,14,38,51,10800.0,0.65,597414.7253440368,10800.0,597414.7253440368,1,1,37,50,0,0,1
S_adaptive_W56,2025-02-22,52,56,14,38,51,10800.0,0.80,606004.9936083163,10800.0,606004.9936083163,2,0,37,50,0,0,0
S_adaptive_W56,2025-02-22,52,56,14,38,51,10800.0,0.90,635646.3394360052,10800.0,635646.3394360052,4,0,37,50,0,0,0
S_adaptive_W56,2025-02-23,53,56,14,39,52,10800.0,base,615855.1896498482,9638.46609219021,616897.1500948151,3,0,38,51,0,0,0
S_adaptive_W56,2025-02-23,53,56,14,39,52,10800.0,0.50,656423.5941093231,8840.297565925921,658181.556065045,5,0,38,51,0,0,0
S_adaptive_W56,2025-02-23,53,56,14,39,52,10800.0,0.65,595596.8015033802,10800.0,595596.8015033802,1,1,38,51,0,0,1
S_adaptive_W56,2025-02-23,53,56,14,39,52,10800.0,0.80,604147.5563605725,10800.0,604147.5563605725,2,0,38,51,0,0,0
S_adaptive_W56,2025-02-23,53,56,14,39,52,10800.0,0.90,632735.4624922604,10800.0,632735.4624922604,4,0,38,51,0,0,0
S_adaptive_W56,2025-02-24,54,56,14,40,53,10774.878764999998,base,600214.6943489499,9532.285781524915,601329.3692880706,2,0,39,52,0,0,0
S_adaptive_W56,2025-02-24,54,56,14,40,53,10774.878764999998,0.50,635042.0934331791,8765.019197962954,636845.0491236761,5,0,39,52,0,0,0
S_adaptive_W56,2025-02-24,54,56,14,40,53,10774.878764999998,0.65,585236.1980029442,10800.0,585213.6628595251,1,1,39,52,0,0,1
S_adaptive_W56,2025-02-24,54,56,14,40,53,10774.878764999998,0.80,600831.9880970985,10800.0,600809.4529536794,3,0,39,52,0,0,0
S_adaptive_W56,2025-02-24,54,56,14,40,53,10774.878764999998,0.90,629033.7664296799,10800.0,629011.2312862608,4,0,39,52,0,0,0
S_adaptive_W56,2025-02-25,55,56,14,41,54,10767.967054259256,base,596666.2176124156,9651.18569648148,597668.032533751,3,0,40,53,0,0,0
S_adaptive_W56,2025-02-25,55,56,14,41,54,10767.967054259256,0.50,632785.587388647,8907.795606481472,634454.2645201619,5,0,40,53,0,0,0
S_adaptive_W56,2025-02-25,55,56,14,41,54,10767.967054259256,0.65,580080.2140419523,10800.0,580051.4787100147,1,1,40,53,0,0,1
S_adaptive_W56,2025-02-25,55,56,14,41,54,10767.967054259256,0.80,593552.6707047893,10800.0,593523.9353728518,2,0,40,53,0,0,0
S_adaptive_W56,2025-02-25,55,56,14,41,54,10767.967054259256,0.90,621245.7696743049,10800.0,621217.0343423673,4,0,40,53,0,0,0
S_adaptive_W56,2025-02-26,56,56,14,42,55,10787.257894259254,base,586750.636214391,9529.95254055555,587878.5089669606,2,0,41,54,0,0,0
S_adaptive_W56,2025-02-26,56,56,14,42,55,10787.257894259254,0.50,616934.9329674302,8787.103349259247,618729.1827139922,4,0,41,54,0,0,0
S_adaptive_W56,2025-02-26,56,56,14,42,55,10787.257894259254,0.65,573837.6412344879,10776.907474999998,573846.9261355867,1,1,41,54,0,0,1
S_adaptive_W56,2025-02-26,56,56,14,42,55,10787.257894259254,0.80,589717.5998875307,10800.0,589706.1695107864,3,0,41,54,0,0,0
S_adaptive_W56,2025-02-26,56,56,14,42,55,10787.257894259254,0.90,617244.1745244582,10800.0,617232.744147714,5,0,41,54,0,0,0
S_adaptive_W56,2025-02-27,57,56,14,43,56,10779.122914259253,base,592174.1189735471,9611.41002555555,593221.6223076526,3,0,42,55,0,0,0
S_adaptive_W56,2025-02-27,57,56,14,43,56,10779.122914259253,0.50,622871.8440806408,8939.792293403758,624521.8258325827,5,0,42,55,0,0,0
S_adaptive_W56,2025-02-27,57,56,14,43,56,10779.122914259253,0.65,574823.2675580727,10800.0,574804.5396523251,1,1,42,55,0,0,1
S_adaptive_W56,2025-02-27,57,56,14,43,56,10779.122914259253,0.80,582921.6699027208,10800.0,582902.9419969732,2,0,42,55,0,0,0
S_adaptive_W56,2025-02-27,57,56,14,43,56,10779.122914259253,0.90,610556.6128789316,10800.0,610537.884973184,4,0,42,55,0,0,0
S_adaptive_W56,2025-02-28,58,56,14,44,57,10800.0,base,594245.9163268075,9697.659335267492,595234.7771442205,3,0,43,56,0,0,0
S_adaptive_W56,2025-02-28,58,56,14,44,57,10800.0,0.50,626263.2714914728,9033.773262427972,627847.6749987826,5,0,43,56,0,0,0
S_adaptive_W56,2025-02-28,58,56,14,44,57,10800.0,0.65,575038.24628013,10800.0,575038.24628013,1,1,43,56,0,0,1
S_adaptive_W56,2025-02-28,58,56,14,44,57,10800.0,0.80,578838.6361957843,10800.0,578838.6361957843,2,0,43,56,0,0,0
S_adaptive_W56,2025-02-28,58,56,14,44,57,10800.0,0.90,605012.2816806519,10800.0,605012.2816806519,4,0,43,56,0,0,0
S_adaptive_W56,2025-03-01,59,56,14,45,58,10800.0,base,591446.5243574461,9681.836594444434,592449.5790524187,3,0,44,56,0,0,0
S_adaptive_W56,2025-03-01,59,56,14,45,58,10800.0,0.50,621563.2736421813,9081.023431851845,623105.2911225085,5,0,44,56,0,0,0
S_adaptive_W56,2025-03-01,59,56,14,45,58,10800.0,0.65,572966.570057472,10800.0,572966.570057472,1,1,44,56,0,0,1
S_adaptive_W56,2025-03-01,59,56,14,45,58,10800.0,0.80,577751.7275317796,10800.0,577751.7275317796,2,0,44,56,0,0,0
S_adaptive_W56,2025-03-01,59,56,14,45,58,10800.0,0.90,603916.7796443236,10800.0,603916.7796443236,4,0,44,56,0,0,0
S_adaptive_W56,2025-03-02,60,56,14,46,59,10632.179459999998,base,590612.788918056,9688.374629444435,591459.434284666,3,0,45,56,0,0,0
S_adaptive_W56,2025-03-02,60,56,14,46,59,10632.179459999998,0.50,617963.965863131,9119.303312962951,619321.0998156981,5,0,45,56,0,0,0
S_adaptive_W56,2025-03-02,60,56,14,46,59,10632.179459999998,0.65,571789.9458394253,10800.0,571639.4014916819,1,1,45,56,0,0,1
S_adaptive_W56,2025-03-02,60,56,14,46,59,10632.179459999998,0.80,576407.1692139094,10800.0,576256.624866166,2,0,45,56,0,0,0
S_adaptive_W56,2025-03-02,60,56,14,46,59,10632.179459999998,0.90,601958.8321140725,10800.0,601808.2877663291,4,0,45,56,0,0,0
S_adaptive_W56,2025-03-03,61,56,14,47,60,10642.219825925924,base,598127.1027147712,9740.149855370362,598936.3095933578,3,0,46,56,0,0,0
S_adaptive_W56,2025-03-03,61,56,14,47,60,10642.219825925924,0.50,622128.5216729472,9148.93518648147,623468.0809547866,5,0,46,56,0,0,0
S_adaptive_W56,2025-03-03,61,56,14,47,60,10642.219825925924,0.65,578679.095842435,10789.192709999998,578547.2530002603,1,1,46,56,0,0,1
S_adaptive_W56,2025-03-03,61,56,14,47,60,10642.219825925924,0.80,579039.787840332,10800.0,578898.2502586223,2,0,46,56,0,0,0
S_adaptive_W56,2025-03-03,61,56,14,47,60,10642.219825925924,0.90,600643.7053085212,10800.0,600502.1677268115,4,0,46,56,0,0,0
S_adaptive_W56,2025-03-04,62,56,14,48,61,10679.409775925924,base,599008.0713600456,9745.999201666657,599845.3925012992,3,0,47,56,0,0,0
S_adaptive_W56,2025-03-04,62,56,14,48,61,10679.409775925924,0.50,622734.6092526197,9155.911370370366,624101.2719612033,5,0,47,56,0,0,0
S_adaptive_W56,2025-03-04,62,56,14,48,61,10679.409775925924,0.65,578480.5993106085,10755.004829999996,578412.7863473787,1,1,47,56,0,0,1
S_adaptive_W56,2025-03-04,62,56,14,48,61,10679.409775925924,0.80,578737.3566421719,10800.0,578629.1805117205,2,0,47,56,0,0,0
S_adaptive_W56,2025-03-04,62,56,14,48,61,10679.409775925924,0.90,600088.6591564633,10800.0,599980.483026012,4,0,47,56,0,0,0
S_adaptive_W56,2025-03-05,63,56,14,49,62,10800.0,base,595988.370514012,9686.309746111108,596987.412543431,3,0,48,56,0,0,0
S_adaptive_W56,2025-03-05,63,56,14,49,62,10800.0,0.50,613471.8755797882,9041.619932962962,615049.240187702,5,0,48,56,0,0,0
S_adaptive_W56,2025-03-05,63,56,14,49,62,10800.0,0.65,581023.483691054,10800.0,581023.483691054,1,1,48,56,0,0,1
S_adaptive_W56,2025-03-05,63,56,14,49,62,10800.0,0.80,581294.3644753234,10800.0,581294.3644753234,2,0,48,56,0,0,0
S_adaptive_W56,2025-03-05,63,56,14,49,62,10800.0,0.90,602530.624357479,10800.0,602530.624357479,4,0,48,56,0,0,0
S_adaptive_W56,2025-03-06,64,56,14,50,63,10629.091994999999,base,587982.0928757004,9698.726700925925,588816.6822314457,3,0,49,56,0,0,0
S_adaptive_W56,2025-03-06,64,56,14,50,63,10629.091994999999,0.50,599984.0239171028,9066.091343148146,601386.1223351836,4,0,49,56,0,0,0
S_adaptive_W56,2025-03-06,64,56,14,50,63,10629.091994999999,0.65,578064.565844097,10795.630986481483,577915.1711165719,1,1,49,56,0,0,1
S_adaptive_W56,2025-03-06,64,56,14,50,63,10629.091994999999,0.80,580688.698343214,10800.0,580535.3843678398,2,0,49,56,0,0,0
S_adaptive_W56,2025-03-06,64,56,14,50,63,10629.091994999999,0.90,601960.7127686919,10800.0,601807.3987933177,5,0,49,56,0,0,0
S_adaptive_W56,2025-03-07,65,56,14,51,64,10588.016775,base,587676.7863268313,9594.528255185187,588568.0007229119,3,0,50,56,0,0,0
S_adaptive_W56,2025-03-07,65,56,14,51,64,10588.016775,0.50,599821.0364264864,8965.594140555553,601276.4396641739,5,0,50,56,0,0,0
S_adaptive_W56,2025-03-07,65,56,14,51,64,10588.016775,0.65,577080.5142575548,10738.007571481481,576945.9641802888,1,1,50,56,0,0,1
S_adaptive_W56,2025-03-07,65,56,14,51,64,10588.016775,0.80,577420.9515135551,10800.0,577230.7907838844,2,0,50,56,0,0,0
S_adaptive_W56,2025-03-07,65,56,14,51,64,10588.016775,0.90,598600.1987284184,10800.0,598410.0379987477,4,0,50,56,0,0,0
S_adaptive_W56,2025-03-08,66,56,14,52,65,10800.0,base,586793.4303632819,9727.151054814813,587755.8354698322,3,0,51,56,0,0,0
S_adaptive_W56,2025-03-08,66,56,14,52,65,10800.0,0.50,597959.9000932213,9227.265621851851,599370.7302045523,5,0,51,56,0,0,0
S_adaptive_W56,2025-03-08,66,56,14,52,65,10800.0,0.65,576011.4865882811,10800.0,576011.4865882811,1,1,51,56,0,0,1
S_adaptive_W56,2025-03-08,66,56,14,52,65,10800.0,0.80,576350.1095875368,10800.0,576350.1095875368,2,0,51,56,0,0,0
S_adaptive_W56,2025-03-08,66,56,14,52,65,10800.0,0.90,597500.7332192647,10800.0,597500.7332192647,4,0,51,56,0,0,0
S_adaptive_W56,2025-03-09,67,56,14,53,66,10800.0,base,584973.4785836156,9748.20946574074,585916.9931256536,3,0,52,56,0,0,0
S_adaptive_W56,2025-03-09,67,56,14,53,66,10800.0,0.50,596061.6767233077,9234.481609444447,597466.03369288,5,0,52,56,0,0,0
S_adaptive_W56,2025-03-09,67,56,14,53,66,10800.0,0.65,575283.7108776921,10800.0,575283.7108776921,2,0,52,56,0,0,0
S_adaptive_W56,2025-03-09,67,56,14,53,66,10800.0,0.80,574681.9586140268,10800.0,574681.9586140268,1,1,52,56,0,0,1
S_adaptive_W56,2025-03-09,67,56,14,53,66,10800.0,0.90,595792.5292127645,10800.0,595792.5292127645,4,0,52,56,0,0,0
S_adaptive_W56,2025-03-10,68,56,14,54,67,10800.0,base,578884.155895275,9822.887136111109,579760.6804182313,3,0,53,56,0,0,0
S_adaptive_W56,2025-03-10,68,56,14,54,67,10800.0,0.50,593414.714531274,9320.251484444447,594742.1311579782,5,0,53,56,0,0,0
S_adaptive_W56,2025-03-10,68,56,14,54,67,10800.0,0.65,568876.9251116762,10800.0,568876.9251116762,2,0,53,56,0,0,0
S_adaptive_W56,2025-03-10,68,56,14,54,67,10800.0,0.80,567995.0722788682,10800.0,567995.0722788682,1,1,53,56,0,0,1
S_adaptive_W56,2025-03-10,68,56,14,54,67,10800.0,0.90,589239.8423955983,10800.0,589239.8423955983,4,0,53,56,0,0,0
S_adaptive_W56,2025-03-11,69,56,14,55,68,10800.0,base,595393.5019264679,9855.45540907407,596240.810899228,4,0,54,56,0,0,0
S_adaptive_W56,2025-03-11,69,56,14,55,68,10800.0,0.50,617017.9213540358,9359.026610185187,618310.554538777,5,0,54,56,0,0,0
S_adaptive_W56,2025-03-11,69,56,14,55,68,10800.0,0.65,580693.9315108323,10800.0,580693.9315108323,2,0,54,56,0,0,0
S_adaptive_W56,2025-03-11,69,56,14,55,68,10800.0,0.80,568597.8641867313,10800.0,568597.8641867313,1,1,54,56,0,0,1
S_adaptive_W56,2025-03-11,69,56,14,55,68,10800.0,0.90,583873.8084969295,10800.0,583873.8084969295,3,0,54,56,0,0,0
S_adaptive_W56,2025-03-12,70,56,14,56,69,10776.907474999998,base,597532.7141460783,9911.789627592589,598308.7729173055,4,0,55,56,0,0,0
S_adaptive_W56,2025-03-12,70,56,14,56,69,10776.907474999998,0.50,620567.4475312042,9442.385098333334,621764.5882432063,5,0,55,56,0,0,0
S_adaptive_W56,2025-03-12,70,56,14,56,69,10776.907474999998,0.65,581320.4087108446,10797.231812962962,581302.176650562,2,0,55,56,0,0,0
S_adaptive_W56,2025-03-12,70,56,14,56,69,10776.907474999998,0.80,567190.6774638068,10800.0,567169.9621859638,1,1,55,56,0,0,1
S_adaptive_W56,2025-03-12,70,56,14,56,69,10776.907474999998,0.90,582798.8674623534,10800.0,582778.1521845104,3,0,55,56,0,0,0
S_adaptive_W56,2025-03-13,71,56,14,57,70,10800.0,base,580998.7674090012,9750.265069444442,581940.4379603168,3,0,56,56,0,0,0
S_adaptive_W56,2025-03-13,71,56,14,57,70,10800.0,0.50,602335.573442543,9244.441268333332,603730.9960447776,5,0,56,56,0,0,0
S_adaptive_W56,2025-03-13,71,56,14,57,70,10800.0,0.65,570035.2504514065,10760.642719259255,570070.5561187465,2,0,56,56,0,0,0
S_adaptive_W56,2025-03-13,71,56,14,57,70,10800.0,0.80,565413.6650607433,10800.0,565413.6650607433,1,1,56,56,0,0,1
S_adaptive_W56,2025-03-13,71,56,14,57,70,10800.0,0.90,581088.4954846343,10800.0,581088.4954846343,4,0,56,56,0,0,0
S_adaptive_W56,2025-03-14,72,56,14,58,71,10800.0,base,598230.0711903264,9681.387536481478,599233.5287152394,4,0,56,56,0,0,0
S_adaptive_W56,2025-03-14,72,56,14,58,71,10800.0,0.50,626167.1931632516,9128.229296481479,627666.864360458,5,0,56,56,0,0,0
S_adaptive_W56,2025-03-14,72,56,14,58,71,10800.0,0.65,584331.2137297891,10777.821791851846,584351.1088146206,3,0,56,56,0,0,0
S_adaptive_W56,2025-03-14,72,56,14,58,71,10800.0,0.80,571845.876389194,10800.0,571845.876389194,1,1,56,56,0,0,1
S_adaptive_W56,2025-03-14,72,56,14,58,71,10800.0,0.90,578143.5386522189,10800.0,578143.5386522189,2,0,56,56,0,0,0
S_adaptive_W56,2025-03-15,73,56,14,59,72,10800.0,base,597274.8031317618,9719.265334259257,598244.2821677461,4,0,56,56,0,0,0
S_adaptive_W56,2025-03-15,73,56,14,59,72,10800.0,0.50,626416.6080886897,9157.569626481478,627889.9593798678,5,0,56,56,0,0,0
S_adaptive_W56,2025-03-15,73,56,14,59,72,10800.0,0.65,583847.3819945066,10800.0,583847.3819945066,3,0,56,56,0,0,0
S_adaptive_W56,2025-03-15,73,56,14,59,72,10800.0,0.80,569917.6222213557,10800.0,569917.6222213557,1,1,56,56,0,0,1
S_adaptive_W56,2025-03-15,73,56,14,59,72,10800.0,0.90,576073.3254195439,10800.0,576073.3254195439,2,0,56,56,0,0,0
S_adaptive_W56,2025-03-16,74,56,14,60,73,10800.0,base,596576.4357465587,9571.234069259255,597678.7070512071,4,0,56,56,0,0,0
S_adaptive_W56,2025-03-16,74,56,14,60,73,10800.0,0.50,627303.3220393297,8996.54559074074,628921.1208363469,5,0,56,56,0,0,0
S_adaptive_W56,2025-03-16,74,56,14,60,73,10800.0,0.65,582820.2218407799,10669.020675,582937.7175719341,3,0,56,56,0,0,0
S_adaptive_W56,2025-03-16,74,56,14,60,73,10800.0,0.80,568090.076768914,10800.0,568090.076768914,1,1,56,56,0,0,1
S_adaptive_W56,2025-03-16,74,56,14,60,73,10800.0,0.90,574110.9981796372,10800.0,574110.9981796372,2,0,56,56,0,0,0
S_adaptive_W56,2025-03-17,75,56,14,61,74,10789.192709999998,base,580617.1316392856,9497.489371851849,581775.861294901,4,0,56,56,0,0,0
S_adaptive_W56,2025-03-17,75,56,14,61,74,10789.192709999998,0.50,610623.5538738689,8895.90626037036,612321.9370017672,5,0,56,56,0,0,0
S_adaptive_W56,2025-03-17,75,56,14,61,74,10789.192709999998,0.65,568342.7333470036,10681.80888,568439.062608282,2,0,56,56,0,0,0
S_adaptive_W56,2025-03-17,75,56,14,61,74,10789.192709999998,0.80,558752.5706303671,10800.0,558742.8758908322,1,1,56,56,0,0,1
S_adaptive_W56,2025-03-17,75,56,14,61,74,10789.192709999998,0.90,568727.1080244358,10800.0,568717.4132849008,3,0,56,56,0,0,0
S_adaptive_W56,2025-03-18,76,56,14,62,75,10755.004829999996,base,569661.9950522704,9613.077778333327,570686.3670580072,4,0,56,56,0,0,0
S_adaptive_W56,2025-03-18,76,56,14,62,75,10755.004829999996,0.50,598601.3510131518,9004.128331111106,600171.9845035718,5,0,56,56,0,0,0
S_adaptive_W56,2025-03-18,76,56,14,62,75,10755.004829999996,0.65,559364.4754691956,10800.0,559324.112301974,2,0,56,56,0,0,0
S_adaptive_W56,2025-03-18,76,56,14,62,75,10755.004829999996,0.80,550190.9994804166,10800.0,550150.636313195,1,1,56,56,0,0,1
S_adaptive_W56,2025-03-18,76,56,14,62,75,10755.004829999996,0.90,560437.9809458168,10800.0,560397.6177785952,3,0,56,56,0,0,0
S_adaptive_W56,2025-03-19,77,56,14,63,76,10800.0,base,577241.8640444425,9645.729025555549,578277.3092346844,4,0,56,56,0,0,0
S_adaptive_W56,2025-03-19,77,56,14,63,76,10800.0,0.50,614771.7167504715,9059.81387481481,616332.7603817696,5,0,56,56,0,0,0
S_adaptive_W56,2025-03-19,77,56,14,63,76,10800.0,0.65,560612.9043155088,10769.40942851852,560640.3457576039,3,0,56,56,0,0,0
S_adaptive_W56,2025-03-19,77,56,14,63,76,10800.0,0.80,544399.0652480534,10800.0,544399.0652480534,1,1,56,56,0,0,1
S_adaptive_W56,2025-03-19,77,56,14,63,76,10800.0,0.90,551077.2519699644,10800.0,551077.2519699644,2,0,56,56,0,0,0
S_adaptive_W56,2025-03-20,78,56,14,64,77,10795.630986481483,base,569417.0389278783,9840.485116481483,570273.8578369278,4,0,56,56,0,0,0
S_adaptive_W56,2025-03-20,78,56,14,64,77,10795.630986481483,0.50,606989.1684230391,9190.944377962962,608428.6614601363,5,0,56,56,0,0,0
S_adaptive_W56,2025-03-20,78,56,14,64,77,10795.630986481483,0.65,553599.1860555438,10800.0,553595.2668076948,3,0,56,56,0,0,0
S_adaptive_W56,2025-03-20,78,56,14,64,77,10795.630986481483,0.80,537442.997756501,10800.0,537439.0785086519,1,1,56,56,0,0,1
S_adaptive_W56,2025-03-20,78,56,14,64,77,10795.630986481483,0.90,544333.9057437434,10800.0,544329.9864958944,2,0,56,56,0,0,0
S_adaptive_W56,2025-03-21,79,56,14,65,78,10738.007571481481,base,572072.127719853,9899.074734444448,572824.697082055,4,0,56,56,0,0,0
S_adaptive_W56,2025-03-21,79,56,14,65,78,10738.007571481481,0.50,617804.326740517,9284.37067833333,619108.3197912761,5,0,56,56,0,0,0
S_adaptive_W56,2025-03-21,79,56,14,65,78,10738.007571481481,0.65,551861.8241634518,10800.0,551806.2135110468,3,0,56,56,0,0,0
S_adaptive_W56,2025-03-21,79,56,14,65,78,10738.007571481481,0.80,531964.2550618318,10800.0,531908.6444094268,1,1,56,56,0,0,1
S_adaptive_W56,2025-03-21,79,56,14,65,78,10738.007571481481,0.90,538766.2215196546,10800.0,538710.6108672497,2,0,56,56,0,0,0
S_adaptive_W56,2025-03-22,80,56,14,66,79,10800.0,base,573249.9509388397,9885.911286111112,574069.9392979044,4,0,56,56,0,0,0
S_adaptive_W56,2025-03-22,80,56,14,66,79,10800.0,0.50,620560.9903630748,9299.620028703697,621906.9145517704,5,0,56,56,0,0,0
S_adaptive_W56,2025-03-22,80,56,14,66,79,10800.0,0.65,551226.2496319677,10715.269747962964,551302.2573752812,3,0,56,56,0,0,0
S_adaptive_W56,2025-03-22,80,56,14,66,79,10800.0,0.80,530478.0334894063,10800.0,530478.0334894063,1,1,56,56,0,0,1
S_adaptive_W56,2025-03-22,80,56,14,66,79,10800.0,0.90,537235.0307581557,10800.0,537235.0307581557,2,0,56,56,0,0,0
S_adaptive_W56,2025-03-23,81,56,14,67,80,10800.0,base,571097.2936930689,10066.268276666662,571755.4918117725,4,0,56,56,0,0,0
S_adaptive_W56,2025-03-23,81,56,14,67,80,10800.0,0.50,617527.2108115109,9452.148316296289,618736.3086524422,5,0,56,56,0,0,0
S_adaptive_W56,2025-03-23,81,56,14,67,80,10800.0,0.65,549401.4490254525,10800.0,549401.4490254525,3,0,56,56,0,0,0
S_adaptive_W56,2025-03-23,81,56,14,67,80,10800.0,0.80,529524.3662604546,10800.0,529524.3662604546,1,1,56,56,0,0,1
S_adaptive_W56,2025-03-23,81,56,14,67,80,10800.0,0.90,536217.7272659774,10800.0,536217.7272659774,2,0,56,56,0,0,0
S_adaptive_W56,2025-03-24,82,56,14,68,81,10800.0,base,570281.9881026694,10143.332778333332,570871.0550820166,4,0,56,56,0,0,0
S_adaptive_W56,2025-03-24,82,56,14,68,81,10800.0,0.50,614770.8322875848,9504.577532962961,615932.8982084318,5,0,56,56,0,0,0
S_adaptive_W56,2025-03-24,82,56,14,68,81,10800.0,0.65,548066.5668544653,10800.0,548066.5668544653,3,0,56,56,0,0,0
S_adaptive_W56,2025-03-24,82,56,14,68,81,10800.0,0.80,527862.2037170266,10800.0,527862.2037170266,1,1,56,56,0,0,1
S_adaptive_W56,2025-03-24,82,56,14,68,81,10800.0,0.90,534663.5491295318,10800.0,534663.5491295318,2,0,56,56,0,0,0
S_adaptive_W56,2025-03-25,83,56,14,69,82,10800.0,base,548988.4943204854,9915.554285370363,549781.8912623812,4,0,56,56,0,0,0
S_adaptive_W56,2025-03-25,83,56,14,69,82,10800.0,0.50,588849.7013370397,9271.31290703703,590221.0185864882,5,0,56,56,0,0,0
S_adaptive_W56,2025-03-25,83,56,14,69,82,10800.0,0.65,530531.2807087762,10667.93353,530649.7516693923,2,0,56,56,0,0,0
S_adaptive_W56,2025-03-25,83,56,14,69,82,10800.0,0.80,519679.5152260926,10800.0,519679.5152260926,1,1,56,56,0,0,1
S_adaptive_W56,2025-03-25,83,56,14,69,82,10800.0,0.90,531220.8686179797,10800.0,531220.8686179797,3,0,56,56,0,0,0
S_adaptive_W56,2025-03-26,84,56,14,70,83,10800.0,base,555955.7305412155,9847.730573732624,556809.9691204344,4,0,56,56,0,0,0
S_adaptive_W56,2025-03-26,84,56,14,70,83,10800.0,0.50,602517.8296415152,9252.429077037033,603906.0867355753,5,0,56,56,0,0,0
S_adaptive_W56,2025-03-26,84,56,14,70,83,10800.0,0.65,531807.1546825595,10594.16911,531991.796425939,3,0,56,56,0,0,0
S_adaptive_W56,2025-03-26,84,56,14,70,83,10800.0,0.80,513396.2660124381,10796.532469444446,513399.376579987,1,1,56,56,0,0,1
S_adaptive_W56,2025-03-26,84,56,14,70,83,10800.0,0.90,524690.2807585052,10800.0,524690.2807585052,2,0,56,56,0,0,0
S_adaptive_W56,2025-03-27,85,56,14,71,84,10800.0,base,552786.1341084103,9834.042365740734,553652.6517706539,4,0,56,56,0,0,0
S_adaptive_W56,2025-03-27,85,56,14,71,84,10800.0,0.50,597356.741651281,9208.270790555554,598784.6111815532,5,0,56,56,0,0,0
S_adaptive_W56,2025-03-27,85,56,14,71,84,10800.0,0.65,528987.3085431539,10564.226860000002,529198.8101482417,3,0,56,56,0,0,0
S_adaptive_W56,2025-03-27,85,56,14,71,84,10800.0,0.80,510407.91393442417,10800.0,510407.91393442417,1,1,56,56,0,0,1
S_adaptive_W56,2025-03-27,85,56,14,71,84,10800.0,0.90,521901.4964485897,10800.0,521901.4964485897,2,0,56,56,0,0,0
S_adaptive_W56,2025-03-28,86,56,14,72,85,10800.0,base,538232.7425142301,9717.41293351851,539203.8832565899,4,0,56,56,0,0,0
S_adaptive_W56,2025-03-28,86,56,14,72,85,10800.0,0.50,581493.8708023021,9141.382511481477,582981.7428349192,5,0,56,56,0,0,0
S_adaptive_W56,2025-03-28,86,56,14,72,85,10800.0,0.65,511750.4669109399,10432.628545000003,512080.0195156002,2,0,56,56,0,0,0
S_adaptive_W56,2025-03-28,86,56,14,72,85,10800.0,0.80,493381.83896341687,10800.0,493381.83896341687,1,1,56,56,0,0,1
S_adaptive_W56,2025-03-28,86,56,14,72,85,10800.0,0.90,515856.5818737811,10800.0,515856.5818737811,3,0,56,56,0,0,0
S_adaptive_W56,2025-03-29,87,56,14,73,86,10800.0,base,535739.8620131867,9783.194743333328,536651.9928175976,4,0,56,56,0,0,0
S_adaptive_W56,2025-03-29,87,56,14,73,86,10800.0,0.50,578138.7327209569,9140.46704046411,579627.4259819362,5,0,56,56,0,0,0
S_adaptive_W56,2025-03-29,87,56,14,73,86,10800.0,0.65,509879.6034537899,10759.282988148148,509916.12887547724,2,0,56,56,0,0,0
S_adaptive_W56,2025-03-29,87,56,14,73,86,10800.0,0.80,492965.00953969685,10800.0,492965.00953969685,1,1,56,56,0,0,1
S_adaptive_W56,2025-03-29,87,56,14,73,86,10800.0,0.90,515421.69369261444,10800.0,515421.69369261444,3,0,56,56,0,0,0
S_adaptive_W56,2025-03-30,88,56,14,74,87,10800.0,base,534293.7392525106,9923.411481666662,535080.0878528177,4,0,56,56,0,0,0
S_adaptive_W56,2025-03-30,88,56,14,74,87,10800.0,0.50,575792.845280813,9263.231522407403,577171.4119812401,5,0,56,56,0,0,0
S_adaptive_W56,2025-03-30,88,56,14,74,87,10800.0,0.65,508496.55898301967,10746.28343314815,508544.7457277395,2,0,56,56,0,0,0
S_adaptive_W56,2025-03-30,88,56,14,74,87,10800.0,0.80,491909.40119963855,10800.0,491909.40119963855,1,1,56,56,0,0,1
S_adaptive_W56,2025-03-30,88,56,14,74,87,10800.0,0.90,514317.8568504994,10800.0,514317.8568504994,3,0,56,56,0,0,0
S_adaptive_W56,2025-03-31,89,56,14,75,88,10800.0,base,536494.2561958245,9917.189474999996,537286.1862817786,4,0,56,56,0,0,0
S_adaptive_W56,2025-03-31,89,56,14,75,88,10800.0,0.50,584353.4226692326,9297.830272222216,585700.952368923,5,0,56,56,0,0,0
S_adaptive_W56,2025-03-31,89,56,14,75,88,10800.0,0.65,506342.5165008457,10799.952985740743,506342.5586752482,3,0,56,56,0,0,0
S_adaptive_W56,2025-03-31,89,56,14,75,88,10800.0,0.80,484209.7108655859,10800.0,484209.7108655859,1,1,56,56,0,0,1
S_adaptive_W56,2025-03-31,89,56,14,75,88,10800.0,0.90,506311.82353232446,10800.0,506311.82353232446,2,0,56,56,0,0,0
S_adaptive_W56,2025-04-01,90,56,14,76,89,10800.0,base,544718.9835838162,9902.573939999995,545524.0246166396,4,0,56,56,0,0,0
S_adaptive_W56,2025-04-01,90,56,14,76,89,10800.0,0.50,600915.3568868996,9339.466702222215,602225.536395745,5,0,56,56,0,0,0
S_adaptive_W56,2025-04-01,90,56,14,76,89,10800.0,0.65,506253.2164425374,10794.754082777781,506257.9223217256,3,0,56,56,0,0,0
S_adaptive_W56,2025-04-01,90,56,14,76,89,10800.0,0.80,478722.1683258508,10800.0,478722.1683258508,1,1,56,56,0,0,1
S_adaptive_W56,2025-04-01,90,56,14,76,89,10800.0,0.90,500637.71768988355,10800.0,500637.71768988355,2,0,56,56,0,0,0
S_adaptive_W56,2025-04-02,91,56,14,77,90,10800.0,base,539357.7507276393,9905.057616111102,540160.5637650089,4,0,56,56,0,0,0
S_adaptive_W56,2025-04-02,91,56,14,77,90,10800.0,0.50,595389.6537121942,9408.33909357795,596638.0508597495,5,0,56,56,0,0,0
S_adaptive_W56,2025-04-02,91,56,14,77,90,10800.0,0.65,498207.57564672764,10800.0,498207.57564672764,3,0,56,56,0,0,0
S_adaptive_W56,2025-04-02,91,56,14,77,90,10800.0,0.80,472204.6194741801,10800.0,472204.6194741801,1,1,56,56,0,0,1
S_adaptive_W56,2025-04-02,91,56,14,77,90,10800.0,0.90,497869.47473766864,10800.0,497869.47473766864,2,0,56,56,0,0,0
S_adaptive_W56,2025-04-03,92,56,14,78,91,10800.0,base,548625.2990527495,9859.686171111101,549468.8127969201,4,0,56,56,0,0,0
S_adaptive_W56,2025-04-03,92,56,14,78,91,10800.0,0.50,607239.2023499745,9331.703298577948,608556.3460631891,5,0,56,56,0,0,0
S_adaptive_W56,2025-04-03,92,56,14,78,91,10800.0,0.65,505914.5963889998,10800.0,505914.5963889998,3,0,56,56,0,0,0
S_adaptive_W56,2025-04-03,92,56,14,78,91,10800.0,0.80,477444.4364795236,10800.0,477444.4364795236,1,1,56,56,0,0,1
S_adaptive_W56,2025-04-03,92,56,14,78,91,10800.0,0.90,497463.9665581131,10800.0,497463.9665581131,2,0,56,56,0,0,0
S_adaptive_W56,2025-04-04,93,56,14,79,92,10800.0,base,542975.1253271876,9872.682340555548,543806.9807853571,4,0,56,56,0,0,0
S_adaptive_W56,2025-04-04,93,56,14,79,92,10800.0,0.50,593058.9945577796,9365.297890740732,594346.0020554579,5,0,56,56,0,0,0
S_adaptive_W56,2025-04-04,93,56,14,79,92,10800.0,0.65,504211.17482340557,10800.0,504211.17482340557,3,0,56,56,0,0,0
S_adaptive_W56,2025-04-04,93,56,14,79,92,10800.0,0.80,478130.01594214235,10800.0,478130.01594214235,1,1,56,56,0,0,1
S_adaptive_W56,2025-04-04,93,56,14,79,92,10800.0,0.90,497382.2694030813,10800.0,497382.2694030813,2,0,56,56,0,0,0
S_adaptive_W56,2025-04-05,94,56,14,80,93,10800.0,base,539391.4780146464,9825.647778333325,540265.5260881605,4,0,56,56,0,0,0
S_adaptive_W56,2025-04-05,94,56,14,80,93,10800.0,0.50,589003.9629863683,9436.736816481472,590226.885798828,5,0,56,56,0,0,0
S_adaptive_W56,2025-04-05,94,56,14,80,93,10800.0,0.65,502374.88591078424,10800.0,502374.88591078424,3,0,56,56,0,0,0
S_adaptive_W56,2025-04-05,94,56,14,80,93,10800.0,0.80,477053.03691162064,10800.0,477053.03691162064,1,1,56,56,0,0,1
S_adaptive_W56,2025-04-05,94,56,14,80,93,10800.0,0.90,496216.5323261863,10800.0,496216.5323261863,2,0,56,56,0,0,0
S_adaptive_W56,2025-04-06,95,56,14,81,94,10800.0,base,539373.6015002953,9713.173728333324,540348.5450452176,4,0,56,56,0,0,0
S_adaptive_W56,2025-04-06,95,56,14,81,94,10800.0,0.50,588008.0680725183,9304.698056481471,589349.4369881847,5,0,56,56,0,0,0
S_adaptive_W56,2025-04-06,95,56,14,81,94,10800.0,0.65,501202.87716948433,10800.0,501202.87716948433,3,0,56,56,0,0,0
S_adaptive_W56,2025-04-06,95,56,14,81,94,10800.0,0.80,475848.7915941823,10800.0,475848.7915941823,1,1,56,56,0,0,1
S_adaptive_W56,2025-04-06,95,56,14,81,94,10800.0,0.90,494927.262688548,10800.0,494927.262688548,2,0,56,56,0,0,0
S_adaptive_W56,2025-04-07,96,56,14,82,95,10800.0,base,535279.3837651624,9770.7393124074,536202.6877830822,4,0,56,56,0,0,0
S_adaptive_W56,2025-04-07,96,56,14,82,95,10800.0,0.50,581573.6211318905,9372.844032037034,582853.8593215959,5,0,56,56,0,0,0
S_adaptive_W56,2025-04-07,96,56,14,82,95,10800.0,0.65,497916.5472274739,10800.0,497916.5472274739,3,0,56,56,0,0,0
S_adaptive_W56,2025-04-07,96,56,14,82,95,10800.0,0.80,472774.1753820162,10800.0,472774.1753820162,1,1,56,56,0,0,1
S_adaptive_W56,2025-04-07,96,56,14,82,95,10800.0,0.90,492163.9090477879,10800.0,492163.9090477879,2,0,56,56,0,0,0
S_adaptive_W56,2025-04-08,97,56,14,83,96,10800.0,base,525482.943380632,9794.252399259249,526385.1548533632,4,0,56,56,0,0,0
S_adaptive_W56,2025-04-08,97,56,14,83,96,10800.0,0.50,568061.4811180042,9447.828388703694,569274.454173982,5,0,56,56,0,0,0
S_adaptive_W56,2025-04-08,97,56,14,83,96,10800.0,0.65,491044.21109597565,10800.0,491044.21109597565,3,0,56,56,0,0,0
S_adaptive_W56,2025-04-08,97,56,14,83,96,10800.0,0.80,468648.8469152539,10800.0,468648.8469152539,1,1,56,56,0,0,1
S_adaptive_W56,2025-04-08,97,56,14,83,96,10800.0,0.90,489575.2933819871,10800.0,489575.2933819871,2,0,56,56,0,0,0
S_adaptive_W56,2025-04-09,98,56,14,84,97,10796.532469444446,base,513791.85685313214,9690.937289259251,514783.6371517127,4,0,56,56,0,0,0
S_adaptive_W56,2025-04-09,98,56,14,84,97,10796.532469444446,0.50,551452.0562440692,9413.19334129629,552692.9882941919,5,0,56,56,0,0,0
S_adaptive_W56,2025-04-09,98,56,14,84,97,10796.532469444446,0.65,483469.85413007165,10766.273550000002,483496.9980618644,2,0,56,56,0,0,0
S_adaptive_W56,2025-04-09,98,56,14,84,97,10796.532469444446,0.80,466684.5123749867,10800.0,466681.4018074378,1,1,56,56,0,0,1
S_adaptive_W56,2025-04-09,98,56,14,84,97,10796.532469444446,0.90,487816.11192664516,10800.0,487813.00135909626,3,0,56,56,0,0,0
S_adaptive_W56,2025-04-10,99,56,14,85,98,10800.0,base,536518.7259698762,9645.326265370362,537554.5324583797,4,0,56,56,0,0,0
S_adaptive_W56,2025-04-10,99,56,14,85,98,10800.0,0.50,577154.8251534229,9405.856021851845,578405.449754265,5,0,56,56,0,0,0
S_adaptive_W56,2025-04-10,99,56,14,85,98,10800.0,0.65,497716.90081110277,10729.048485000001,497780.5482618086,3,0,56,56,0,0,0
S_adaptive_W56,2025-04-10,99,56,14,85,98,10800.0,0.80,464453.9359766217,10800.0,464453.9359766217,1,1,56,56,0,0,1
S_adaptive_W56,2025-04-10,99,56,14,85,98,10800.0,0.90,485007.7978551017,10800.0,485007.7978551017,2,0,56,56,0,0,0
S_adaptive_W56,2025-04-11,100,56,14,86,99,10800.0,base,522776.9071573448,9656.407780555552,523802.77291108755,4,0,56,56,0,0,0
S_adaptive_W56,2025-04-11,100,56,14,86,99,10800.0,0.50,556657.0429898049,9458.595419444446,557860.35742104,5,0,56,56,0,0,0
S_adaptive_W56,2025-04-11,100,56,14,86,99,10800.0,0.65,488656.4185684056,10673.082120000001,488770.27095775894,3,0,56,56,0,0,0
S_adaptive_W56,2025-04-11,100,56,14,86,99,10800.0,0.80,466680.4165380169,10800.0,466680.4165380169,1,1,56,56,0,0,1
S_adaptive_W56,2025-04-11,100,56,14,86,99,10800.0,0.90,487827.7121853289,10800.0,487827.7121853289,2,0,56,56,0,0,0
S_adaptive_W56,2025-04-12,101,56,14,87,100,10800.0,base,521129.46260623424,9433.365175555551,522355.40996791783,4,0,56,56,0,0,0
S_adaptive_W56,2025-04-12,101,56,14,87,100,10800.0,0.50,554543.2443649254,9291.06409,555896.8437059682,5,0,56,56,0,0,0
S_adaptive_W56,2025-04-12,101,56,14,87,100,10800.0,0.65,487682.02779520664,10800.0,487682.02779520664,3,0,56,56,0,0,0
S_adaptive_W56,2025-04-12,101,56,14,87,100,10800.0,0.80,465827.921564637,10800.0,465827.921564637,1,1,56,56,0,0,1
S_adaptive_W56,2025-04-12,101,56,14,87,100,10800.0,0.90,486909.27879705396,10800.0,486909.27879705396,2,0,56,56,0,0,0
S_adaptive_W56,2025-04-13,102,56,14,88,101,10800.0,base,518609.65633106657,9439.19476055555,519830.3742311393,4,0,56,56,0,0,0
S_adaptive_W56,2025-04-13,102,56,14,88,101,10800.0,0.50,550590.0905746854,9286.999921540926,551947.3357006231,5,0,56,56,0,0,0
S_adaptive_W56,2025-04-13,102,56,14,88,101,10800.0,0.65,486697.37273359555,10800.0,486697.37273359555,3,0,56,56,0,0,0
S_adaptive_W56,2025-04-13,102,56,14,88,101,10800.0,0.80,465088.2553756603,10800.0,465088.2553756603,1,1,56,56,0,0,1
S_adaptive_W56,2025-04-13,102,56,14,88,101,10800.0,0.90,486081.35677733563,10800.0,486081.35677733563,2,0,56,56,0,0,0
S_adaptive_W56,2025-04-14,103,56,14,89,102,10800.0,base,510849.3411867978,9483.092024259253,512030.6808025915,4,0,56,56,0,0,0
S_adaptive_W56,2025-04-14,103,56,14,89,102,10800.0,0.50,539521.7626353117,9382.266823888887,540793.5480572376,5,0,56,56,0,0,0
S_adaptive_W56,2025-04-14,103,56,14,89,102,10800.0,0.65,481420.0442815844,10800.0,481420.0442815844,2,0,56,56,0,0,0
S_adaptive_W56,2025-04-14,103,56,14,89,102,10800.0,0.80,465337.19006660517,10800.0,465337.19006660517,1,1,56,56,0,0,1
S_adaptive_W56,2025-04-14,103,56,14,89,102,10800.0,0.90,486528.87784161593,10800.0,486528.87784161593,3,0,56,56,0,0,0
S_adaptive_W56,2025-04-15,104,56,14,90,103,10800.0,base,497732.9683899596,9507.091093888883,498892.77950701385,4,0,56,56,0,0,0
S_adaptive_W56,2025-04-15,104,56,14,90,103,10800.0,0.50,518237.1396540756,9414.285036481484,519480.2029605164,5,0,56,56,0,0,0
S_adaptive_W56,2025-04-15,104,56,14,90,103,10800.0,0.65,476272.6663692518,10800.0,476272.6663692518,2,0,56,56,0,0,0
S_adaptive_W56,2025-04-15,104,56,14,90,103,10800.0,0.80,464864.07787164196,10800.0,464864.07787164196,1,1,56,56,0,0,1
S_adaptive_W56,2025-04-15,104,56,14,90,103,10800.0,0.90,486203.821107516,10800.0,486203.821107516,3,0,56,56,0,0,0
S_adaptive_W56,2025-04-16,105,56,14,91,104,10800.0,base,486268.79818775336,9583.661458888882,487359.92143349344,4,0,56,56,0,0,0
S_adaptive_W56,2025-04-16,105,56,14,91,104,10800.0,0.50,499176.21383874834,9506.792817924097,500336.29252591386,5,0,56,56,0,0,0
S_adaptive_W56,2025-04-16,105,56,14,91,104,10800.0,0.65,470585.4156379284,10800.0,470585.4156379284,2,0,56,56,0,0,0
S_adaptive_W56,2025-04-16,105,56,14,91,104,10800.0,0.80,461477.84525555465,10800.0,461477.84525555465,1,1,56,56,0,0,1
S_adaptive_W56,2025-04-16,105,56,14,91,104,10800.0,0.90,482734.01044775476,10800.0,482734.01044775476,3,0,56,56,0,0,0
S_adaptive_W56,2025-04-17,106,56,14,92,105,10800.0,base,499113.62411234673,9545.215908518514,500239.23515263293,4,0,56,56,0,0,0
S_adaptive_W56,2025-04-17,106,56,14,92,105,10800.0,0.50,514790.3609621963,9489.351259444444,515966.08569629356,5,0,56,56,0,0,0
S_adaptive_W56,2025-04-17,106,56,14,92,105,10800.0,0.65,474331.15985060285,10755.660539999997,474370.9348095262,2,0,56,56,0,0,0
S_adaptive_W56,2025-04-17,106,56,14,92,105,10800.0,0.80,449580.96511309454,10800.0,449580.96511309454,1,1,56,56,0,0,1
S_adaptive_W56,2025-04-17,106,56,14,92,105,10800.0,0.90,476306.48806284415,10800.0,476306.48806284415,3,0,56,56,0,0,0
S_adaptive_W56,2025-04-18,107,56,14,93,106,10800.0,base,490860.30994707404,9592.287439629627,491943.69520886854,4,0,56,56,0,0,0
S_adaptive_W56,2025-04-18,107,56,14,93,106,10800.0,0.50,506418.21620865917,9529.48463888889,507557.93907176255,5,0,56,56,0,0,0
S_adaptive_W56,2025-04-18,107,56,14,93,106,10800.0,0.65,467242.79277649696,10800.0,467242.79277649696,2,0,56,56,0,0,0
S_adaptive_W56,2025-04-18,107,56,14,93,106,10800.0,0.80,445443.69573834614,10800.0,445443.69573834614,1,1,56,56,0,0,1
S_adaptive_W56,2025-04-18,107,56,14,93,106,10800.0,0.90,473524.09887083754,10800.0,473524.09887083754,3,0,56,56,0,0,0
S_adaptive_W56,2025-04-19,108,56,14,94,107,10800.0,base,490286.1410164131,9802.199982777776,491181.2230651957,4,0,56,56,0,0,0
S_adaptive_W56,2025-04-19,108,56,14,94,107,10800.0,0.50,506184.3858799618,9736.590142222225,507138.32360071386,5,0,56,56,0,0,0
S_adaptive_W56,2025-04-19,108,56,14,94,107,10800.0,0.65,466751.53085752204,10800.0,466751.53085752204,2,0,56,56,0,0,0
S_adaptive_W56,2025-04-19,108,56,14,94,107,10800.0,0.80,444977.41199727444,10800.0,444977.41199727444,1,1,56,56,0,0,1
S_adaptive_W56,2025-04-19,108,56,14,94,107,10800.0,0.90,472977.0037505842,10800.0,472977.0037505842,3,0,56,56,0,0,0
S_adaptive_W56,2025-04-20,109,56,14,95,108,10800.0,base,488636.753800292,9845.294738518516,489493.1774590221,4,0,56,56,0,0,0
S_adaptive_W56,2025-04-20,109,56,14,95,108,10800.0,0.50,505539.5009885149,9778.022479074076,506456.2716013144,5,0,56,56,0,0,0
S_adaptive_W56,2025-04-20,109,56,14,95,108,10800.0,0.65,465867.10787966364,10800.0,465867.10787966364,2,0,56,56,0,0,0
S_adaptive_W56,2025-04-20,109,56,14,95,108,10800.0,0.80,444025.12553195446,10800.0,444025.12553195446,1,1,56,56,0,0,1
S_adaptive_W56,2025-04-20,109,56,14,95,108,10800.0,0.90,471976.3956701292,10800.0,471976.3956701292,3,0,56,56,0,0,0
S_adaptive_W56,2025-04-21,110,56,14,96,109,10800.0,base,485744.34845069377,9809.527702962961,486632.85712737474,4,0,56,56,0,0,0
S_adaptive_W56,2025-04-21,110,56,14,96,109,10800.0,0.50,509119.3705179574,9744.829055370372,510065.91747589817,5,0,56,56,0,0,0
S_adaptive_W56,2025-04-21,110,56,14,96,109,10800.0,0.65,462396.89618744556,10800.0,462396.89618744556,2,0,56,56,0,0,0
S_adaptive_W56,2025-04-21,110,56,14,96,109,10800.0,0.80,440928.7710737237,10800.0,440928.7710737237,1,1,56,56,0,0,1
S_adaptive_W56,2025-04-21,110,56,14,96,109,10800.0,0.90,468947.974425943,10800.0,468947.974425943,3,0,56,56,0,0,0
S_adaptive_W56,2025-04-22,111,56,14,97,110,10800.0,base,484893.9808794935,9884.43871537037,485715.2902163221,4,0,56,56,0,0,0
S_adaptive_W56,2025-04-22,111,56,14,97,110,10800.0,0.50,507408.6265768852,9812.819951481486,508294.1819237423,5,0,56,56,0,0,0
S_adaptive_W56,2025-04-22,111,56,14,97,110,10800.0,0.65,461521.7171618871,10800.0,461521.7171618871,2,0,56,56,0,0,0
S_adaptive_W56,2025-04-22,111,56,14,97,110,10800.0,0.80,440374.2004698019,10800.0,440374.2004698019,1,1,56,56,0,0,1
S_adaptive_W56,2025-04-22,111,56,14,97,110,10800.0,0.90,468700.0745904263,10800.0,468700.0745904263,3,0,56,56,0,0,0
S_adaptive_W56,2025-04-23,112,56,14,98,111,10800.0,base,499453.94801763014,9755.262345555555,500391.1357346476,4,0,56,56,0,0,0
S_adaptive_W56,2025-04-23,112,56,14,98,111,10800.0,0.50,522020.2878504338,9637.738573706783,523062.90091989806,5,0,56,56,0,0,0
S_adaptive_W56,2025-04-23,112,56,14,98,111,10800.0,0.65,470383.14443498076,10639.044929999998,470527.5300747191,3,0,56,56,0,0,0
S_adaptive_W56,2025-04-23,112,56,14,98,111,10800.0,0.80,436028.12041269976,10800.0,436028.12041269976,1,1,56,56,0,0,1
S_adaptive_W56,2025-04-23,112,56,14,98,111,10800.0,0.90,464486.25755458116,10800.0,464486.25755458116,2,0,56,56,0,0,0
S_adaptive_W56,2025-04-24,113,56,14,99,112,10800.0,base,471193.7289768083,9885.549990185182,472014.0414383905,4,0,56,56,0,0,0
S_adaptive_W56,2025-04-24,113,56,14,99,112,10800.0,0.50,491135.6516361222,9794.212961296293,492037.8984868971,5,0,56,56,0,0,0
S_adaptive_W56,2025-04-24,113,56,14,99,112,10800.0,0.65,451343.07269498764,10800.0,451343.07269498764,2,0,56,56,0,0,0
S_adaptive_W56,2025-04-24,113,56,14,99,112,10800.0,0.80,433601.48939418484,10800.0,433601.48939418484,1,1,56,56,0,0,1
S_adaptive_W56,2025-04-24,113,56,14,99,112,10800.0,0.90,462721.09782488283,10800.0,462721.09782488283,3,0,56,56,0,0,0
S_adaptive_W56,2025-04-25,114,56,14,100,113,10800.0,base,463910.16986060754,9910.082906851858,464708.47493299993,4,0,56,56,0,0,0
S_adaptive_W56,2025-04-25,114,56,14,100,113,10800.0,0.50,483823.58162926853,9795.838090555551,484724.37064881297,5,0,56,56,0,0,0
S_adaptive_W56,2025-04-25,114,56,14,100,113,10800.0,0.65,444624.123244125,10800.0,444624.123244125,2,0,56,56,0,0,0
S_adaptive_W56,2025-04-25,114,56,14,100,113,10800.0,0.80,428582.1738585697,10800.0,428582.1738585697,1,1,56,56,0,0,1
S_adaptive_W56,2025-04-25,114,56,14,100,113,10800.0,0.90,457423.4426473385,10800.0,457423.4426473385,3,0,56,56,0,0,0
S_adaptive_W56,2025-04-26,115,56,14,101,114,10800.0,base,463111.43939371477,9909.13735388889,463910.5926796457,4,0,56,56,0,0,0
S_adaptive_W56,2025-04-26,115,56,14,101,114,10800.0,0.50,482060.3465783697,9777.383960740739,482977.68997758743,5,0,56,56,0,0,0
S_adaptive_W56,2025-04-26,115,56,14,101,114,10800.0,0.65,443091.50570272835,10782.597193888883,443107.1169866326,2,0,56,56,0,0,0
S_adaptive_W56,2025-04-26,115,56,14,101,114,10800.0,0.80,426968.70676099136,10800.0,426968.70676099136,1,1,56,56,0,0,1
S_adaptive_W56,2025-04-26,115,56,14,101,114,10800.0,0.90,455747.6341429802,10800.0,455747.6341429802,3,0,56,56,0,0,0
S_adaptive_W56,2025-04-27,116,56,14,102,115,10800.0,base,464794.07023926545,9825.222551481478,465668.49976488925,4,0,56,56,0,0,0
S_adaptive_W56,2025-04-27,116,56,14,102,115,10800.0,0.50,484349.3301487811,9673.834940740737,485359.5627716622,5,0,56,56,0,0,0
S_adaptive_W56,2025-04-27,116,56,14,102,115,10800.0,0.65,443115.0714589105,10735.759768888884,443172.69851511886,2,0,56,56,0,0,0
S_adaptive_W56,2025-04-27,116,56,14,102,115,10800.0,0.80,425433.87733698805,10800.0,425433.87733698805,1,1,56,56,0,0,1
S_adaptive_W56,2025-04-27,116,56,14,102,115,10800.0,0.90,454199.6892986969,10800.0,454199.6892986969,3,0,56,56,0,0,0
S_adaptive_W56,2025-04-28,117,56,14,103,116,10800.0,base,466561.01868694974,9769.815036851847,467485.15183139156,4,0,56,56,0,0,0
S_adaptive_W56,2025-04-28,117,56,14,103,116,10800.0,0.50,484074.7624672824,9607.635627222216,485144.37955212925,5,0,56,56,0,0,0
S_adaptive_W56,2025-04-28,117,56,14,103,116,10800.0,0.65,443779.9258985626,10742.106699814807,443831.85940512316,2,0,56,56,0,0,0
S_adaptive_W56,2025-04-28,117,56,14,103,116,10800.0,0.80,420772.98197580525,10800.0,420772.98197580525,1,1,56,56,0,0,1
S_adaptive_W56,2025-04-28,117,56,14,103,116,10800.0,0.90,449551.7306897125,10800.0,449551.7306897125,3,0,56,56,0,0,0
S_adaptive_W56,2025-04-29,118,56,14,104,117,10800.0,base,501585.5989029389,9703.86983518518,502568.88855689805,4,0,56,56,0,0,0
S_adaptive_W56,2025-04-29,118,56,14,104,117,10800.0,0.50,522304.96849984577,9570.977675185179,523407.4698042227,5,0,56,56,0,0,0
S_adaptive_W56,2025-04-29,118,56,14,104,117,10800.0,0.65,469547.08710308274,10772.940065185177,469571.36136794137,3,0,56,56,0,0,0
S_adaptive_W56,2025-04-29,118,56,14,104,117,10800.0,0.80,429202.53740996873,10800.0,429202.53740996873,1,1,56,56,0,0,1
S_adaptive_W56,2025-04-29,118,56,14,104,117,10800.0,0.90,447706.8217976328,10800.0,447706.8217976328,2,0,56,56,0,0,0
S_adaptive_W56,2025-04-30,119,56,14,105,118,10800.0,base,500050.41360948584,9917.83949518518,500841.7605912217,4,0,56,56,0,0,0
S_adaptive_W56,2025-04-30,119,56,14,105,118,10800.0,0.50,520768.2400000113,9773.63102018518,521688.94999540405,5,0,56,56,0,0,0
S_adaptive_W56,2025-04-30,119,56,14,105,118,10800.0,0.65,469200.7390030083,10800.0,469200.7390030083,3,0,56,56,0,0,0
S_adaptive_W56,2025-04-30,119,56,14,105,118,10800.0,0.80,431891.8168431332,10800.0,431891.8168431332,1,1,56,56,0,0,1
S_adaptive_W56,2025-04-30,119,56,14,105,118,10800.0,0.90,451095.529443563,10800.0,451095.529443563,2,0,56,56,0,0,0
S_adaptive_W56,2025-05-01,120,56,14,106,119,10800.0,base,470398.674559918,9824.54404592592,471273.7127427199,4,0,56,56,0,0,0
S_adaptive_W56,2025-05-01,120,56,14,106,119,10800.0,0.50,488265.6289678711,9704.97543351851,489247.9268387031,5,0,56,56,0,0,0
S_adaptive_W56,2025-05-01,120,56,14,106,119,10800.0,0.65,450147.5672549396,10800.0,450147.5672549396,3,0,56,56,0,0,0
S_adaptive_W56,2025-05-01,120,56,14,106,119,10800.0,0.80,430534.19417165965,10800.0,430534.19417165965,1,1,56,56,0,0,1
S_adaptive_W56,2025-05-01,120,56,14,106,119,10800.0,0.90,449873.1601420974,10800.0,449873.1601420974,2,0,56,56,0,0,0
S_adaptive_W56,2025-05-02,121,56,14,107,120,10800.0,base,483855.66017946147,9014.538398148145,485457.3184286338,4,0,56,56,0,0,0
S_adaptive_W56,2025-05-02,121,56,14,107,120,10800.0,0.50,505484.4277541662,8880.353136666658,507206.4576376242,5,0,56,56,0,0,0
S_adaptive_W56,2025-05-02,121,56,14,107,120,10800.0,0.65,461938.59469541605,10138.151025,462532.30999537854,3,0,56,56,0,0,0
S_adaptive_W56,2025-05-02,121,56,14,107,120,10800.0,0.80,439382.73064361874,10280.895054074073,439848.39661927795,1,1,56,56,0,0,1
S_adaptive_W56,2025-05-02,121,56,14,107,120,10800.0,0.90,455042.8239321105,10399.763358888886,455401.8584345561,2,0,56,56,0,0,0
S_adaptive_W56,2025-05-03,122,56,14,108,121,10800.0,base,497786.50211446756,8420.418822037032,499921.11863005464,4,0,56,56,0,0,0
S_adaptive_W56,2025-05-03,122,56,14,108,121,10800.0,0.50,519264.37600535405,8269.908354259249,521534.0087722305,5,0,56,56,0,0,0
S_adaptive_W56,2025-05-03,122,56,14,108,121,10800.0,0.65,472444.5586483684,9676.44485611111,473452.45003216696,3,0,56,56,0,0,0
S_adaptive_W56,2025-05-03,122,56,14,108,121,10800.0,0.80,447697.8969819117,9954.610014074071,448456.25876539754,1,1,56,56,0,0,1
S_adaptive_W56,2025-05-03,122,56,14,108,121,10800.0,0.90,460433.00219487573,10154.539968888885,461012.015701673,2,0,56,56,0,0,0
S_adaptive_W56,2025-05-04,123,56,14,109,122,10800.0,base,506085.4498878538,8133.928342777777,508477.0642794742,4,0,56,56,0,0,0
S_adaptive_W56,2025-05-04,123,56,14,109,122,10800.0,0.50,527001.5762643026,7975.336404629618,529535.4564351052,5,0,56,56,0,0,0
S_adaptive_W56,2025-05-04,123,56,14,109,122,10800.0,0.65,480178.9909756882,9444.270063888885,481395.1560467097,3,0,56,56,0,0,0
S_adaptive_W56,2025-05-04,123,56,14,109,122,10800.0,0.80,454099.9217419791,9814.851114629626,454983.6550226499,1,1,56,56,0,0,1
S_adaptive_W56,2025-05-04,123,56,14,109,122,10800.0,0.90,464962.977516863,10094.550373518516,465595.8050234628,2,0,56,56,0,0,0
S_adaptive_W56,2025-05-05,124,56,14,110,123,10800.0,base,516680.2725625751,7594.453955185182,519555.8254506654,4,0,56,56,0,0,0
S_adaptive_W56,2025-05-05,124,56,14,110,123,10800.0,0.50,531175.500966752,7452.564577222207,534178.3365096182,5,0,56,56,0,0,0
S_adaptive_W56,2025-05-05,124,56,14,110,123,10800.0,0.65,490237.1433835579,9031.643880925922,491823.457064374,3,0,56,56,0,0,0
S_adaptive_W56,2025-05-05,124,56,14,110,123,10800.0,0.80,462211.01264728984,9539.289597407402,463341.9399178822,1,1,56,56,0,0,1
S_adaptive_W56,2025-05-05,124,56,14,110,123,10800.0,0.90,470596.36432954634,9933.228224444441,471373.9067662072,2,0,56,56,0,0,0
S_adaptive_W56,2025-05-06,125,56,14,111,124,10800.0,base,550589.1279838606,7081.332589444445,553924.9792437628,4,0,56,56,0,0,0
S_adaptive_W56,2025-05-06,125,56,14,111,124,10800.0,0.50,568373.7282674195,6981.991989629618,571798.6935642778,5,0,56,56,0,0,0
S_adaptive_W56,2025-05-06,125,56,14,111,124,10800.0,0.65,510600.4048539655,8582.879388703699,512589.2852156656,3,0,56,56,0,0,0
S_adaptive_W56,2025-05-06,125,56,14,111,124,10800.0,0.80,469741.71015316853,9254.630429074066,471127.99251215416,1,1,56,56,0,0,1
S_adaptive_W56,2025-05-06,125,56,14,111,124,10800.0,0.90,474549.43415806995,9828.092330740737,475421.289332266,2,0,56,56,0,0,0
S_adaptive_W56,2025-05-07,126,56,14,112,125,10800.0,base,539504.5301498652,6460.217170839046,543397.5564466687,4,0,56,56,0,0,0
S_adaptive_W56,2025-05-07,126,56,14,112,125,10800.0,0.50,554256.2694144967,6412.483043882786,558192.1158750759,5,0,56,56,0,0,0
S_adaptive_W56,2025-05-07,126,56,14,112,125,10800.0,0.65,505756.01151653944,7899.719434629624,508357.72431037476,3,0,56,56,0,0,0
S_adaptive_W56,2025-05-07,126,56,14,112,125,10800.0,0.80,479935.1501129839,8731.512435740731,481790.69837410026,1,1,56,56,0,0,1
S_adaptive_W56,2025-05-07,126,56,14,112,125,10800.0,0.90,482415.6521157399,9457.953960925923,483619.5419709026,2,0,56,56,0,0,0
S_adaptive_W56,2025-05-08,127,56,14,113,126,10800.0,base,568702.606587089,5876.258625283489,573119.4761413973,4,0,56,56,0,0,0
S_adaptive_W56,2025-05-08,127,56,14,113,126,10800.0,0.50,584364.1029416625,5879.863331639982,588777.7388741075,5,0,56,56,0,0,0
S_adaptive_W56,2025-05-08,127,56,14,113,126,10800.0,0.65,523434.36926142336,7480.573622222217,526412.0791348666,3,0,56,56,0,0,0
S_adaptive_W56,2025-05-08,127,56,14,113,126,10800.0,0.80,492887.66106213,8467.843299814806,494979.7351864572,2,0,56,56,0,0,0
S_adaptive_W56,2025-05-08,127,56,14,113,126,10800.0,0.90,488456.5862534159,9319.292835925924,489784.86284109944,1,1,56,56,0,0,1
S_adaptive_W56,2025-05-09,128,56,14,114,127,10800.0,base,580467.0166076348,5939.168832962951,584827.452210643,4,0,56,56,0,0,0
S_adaptive_W56,2025-05-09,128,56,14,114,127,10800.0,0.50,598928.9373812813,5955.627902085035,603274.6082848943,5,0,56,56,0,0,0
S_adaptive_W56,2025-05-09,128,56,14,114,127,10800.0,0.65,527696.5379847465,7665.444742592589,530508.4081925997,3,0,56,56,0,0,0
S_adaptive_W56,2025-05-09,128,56,14,114,127,10800.0,0.80,497372.9675208049,8945.79125629629,499036.295775504,2,0,56,56,0,0,0
S_adaptive_W56,2025-05-09,128,56,14,114,127,10800.0,0.90,493474.4642793229,10252.015463518517,493966.0368521321,1,1,56,56,0,0,1
S_adaptive_W56,2025-05-10,129,56,14,115,128,10800.0,base,585574.8033377506,6486.666000370362,589444.103565085,4,0,56,56,0,0,0
S_adaptive_W56,2025-05-10,129,56,14,115,128,10800.0,0.50,604198.5105965391,6555.5861005555425,608005.985665113,5,0,56,56,0,0,0
S_adaptive_W56,2025-05-10,129,56,14,115,128,10800.0,0.65,530184.2465873661,8009.590612592589,532687.3988306143,3,0,56,56,0,0,0
S_adaptive_W56,2025-05-10,129,56,14,115,128,10800.0,0.80,499682.6360420126,9678.098444074067,500689.0440655424,2,0,56,56,0,0,0
S_adaptive_W56,2025-05-10,129,56,14,115,128,10800.0,0.90,496501.133324821,10800.0,496501.133324821,1,1,56,56,0,0,1
S_adaptive_W56,2025-05-11,130,56,14,116,129,10800.0,base,585672.5921869995,6493.904063888879,589535.3994692432,4,0,56,56,0,0,0
S_adaptive_W56,2025-05-11,130,56,14,116,129,10800.0,0.50,604072.2686473686,6700.911476666662,607749.3787799388,5,0,56,56,0,0,0
S_adaptive_W56,2025-05-11,130,56,14,116,129,10800.0,0.65,531771.6324536976,8453.298223888887,533876.7543191902,3,0,56,56,0,0,0
S_adaptive_W56,2025-05-11,130,56,14,116,129,10800.0,0.80,502991.9993906064,10515.441698703695,503247.2639956637,2,0,56,56,0,0,0
S_adaptive_W56,2025-05-11,130,56,14,116,129,10800.0,0.90,500550.95997260604,10800.0,500550.95997260604,1,1,56,56,0,0,1
S_adaptive_W56,2025-05-12,131,56,14,117,130,10800.0,base,584172.1338328178,6486.434083148138,588041.6421027848,4,0,56,56,0,0,0
S_adaptive_W56,2025-05-12,131,56,14,117,130,10800.0,0.50,599865.710653909,6758.638951296299,603491.0360346545,5,0,56,56,0,0,0
S_adaptive_W56,2025-05-12,131,56,14,117,130,10800.0,0.65,534405.2949530922,8653.382525925925,536330.930083863,3,0,56,56,0,0,0
S_adaptive_W56,2025-05-12,131,56,14,117,130,10800.0,0.80,512203.3192608052,10800.0,512203.3192608052,2,0,56,56,0,0,0
S_adaptive_W56,2025-05-12,131,56,14,117,130,10800.0,0.90,510856.95779802004,10800.0,510856.95779802004,1,1,56,56,0,0,1
S_adaptive_W56,2025-05-13,132,56,14,118,131,10800.0,base,553810.4409490074,6613.3790711111005,557566.0725122724,4,0,56,56,0,0,0
S_adaptive_W56,2025-05-13,132,56,14,118,131,10800.0,0.50,566283.763535859,6937.455654629632,569748.6803994532,5,0,56,56,0,0,0
S_adaptive_W56,2025-05-13,132,56,14,118,131,10800.0,0.65,511150.780073582,8901.905173148147,512853.4765829807,2,0,56,56,0,0,0
S_adaptive_W56,2025-05-13,132,56,14,118,131,10800.0,0.80,506090.69036860566,10800.0,506090.69036860566,1,1,56,56,0,0,1
S_adaptive_W56,2025-05-13,132,56,14,118,131,10800.0,0.90,515793.05076041905,10800.0,515793.05076041905,3,0,56,56,0,0,0
S_adaptive_W56,2025-05-14,133,56,14,119,132,10800.0,base,560185.0161878407,6811.46009074073,563762.9580719968,4,0,56,56,0,0,0
S_adaptive_W56,2025-05-14,133,56,14,119,132,10800.0,0.50,574313.889465222,7166.820672222225,577573.0531655346,5,0,56,56,0,0,0
S_adaptive_W56,2025-05-14,133,56,14,119,132,10800.0,0.65,509746.02756580553,9229.096912407405,511155.21490776987,2,0,56,56,0,0,0
S_adaptive_W56,2025-05-14,133,56,14,119,132,10800.0,0.80,505117.7838654651,10800.0,505117.7838654651,1,1,56,56,0,0,1
S_adaptive_W56,2025-05-14,133,56,14,119,132,10800.0,0.90,514673.89553981065,10800.0,514673.89553981065,3,0,56,56,0,0,0
S_adaptive_W56,2025-05-15,134,56,14,120,133,10800.0,base,562463.9713916208,6833.322731481477,566022.3012724413,4,0,56,56,0,0,0
S_adaptive_W56,2025-05-15,134,56,14,120,133,10800.0,0.50,574489.5277317148,7215.163949444443,577705.3248266215,5,0,56,56,0,0,0
S_adaptive_W56,2025-05-15,134,56,14,120,133,10800.0,0.65,513309.4666191127,9571.33905425926,514411.6437463836,2,0,56,56,0,0,0
S_adaptive_W56,2025-05-15,134,56,14,120,133,10800.0,0.80,509585.4291532994,10800.0,509585.4291532994,1,1,56,56,0,0,1
S_adaptive_W56,2025-05-15,134,56,14,120,133,10800.0,0.90,519752.65834955353,10800.0,519752.65834955353,3,0,56,56,0,0,0
S_adaptive_W56,2025-05-16,135,56,14,121,134,10280.895054074073,base,552413.0540781926,7121.224405740735,555247.4541870058,4,0,56,56,0,0,0
S_adaptive_W56,2025-05-16,135,56,14,121,134,10280.895054074073,0.50,560115.1219508396,7624.696337962964,562497.8797657867,5,0,56,56,0,0,0
S_adaptive_W56,2025-05-16,135,56,14,121,134,10280.895054074073,0.65,502715.1608977223,9795.072274814815,503150.97092087223,2,0,56,56,0,0,0
S_adaptive_W56,2025-05-16,135,56,14,121,134,10280.895054074073,0.80,500685.67592912324,10800.0,500220.00995346403,1,1,56,56,0,0,1
S_adaptive_W56,2025-05-16,135,56,14,121,134,10280.895054074073,0.90,514756.4248845275,10800.0,514290.7589088683,3,0,56,56,0,0,0
S_adaptive_W56,2025-05-17,136,56,14,122,135,9954.610014074071,base,539165.5626576452,6901.846377206203,541904.0612378955,4,0,56,56,0,0,0
S_adaptive_W56,2025-05-17,136,56,14,122,135,9954.610014074071,0.50,546013.7502721925,7501.788827777771,548214.067144144,5,0,56,56,0,0,0
S_adaptive_W56,2025-05-17,136,56,14,122,135,9954.610014074071,0.65,493280.42593558365,10080.306699074072,493167.6690259895,1,1,56,56,0,0,1
S_adaptive_W56,2025-05-17,136,56,14,122,135,9954.610014074071,0.80,493826.54800865025,10800.0,493068.1862251644,2,0,56,56,0,0,0
S_adaptive_W56,2025-05-17,136,56,14,122,135,9954.610014074071,0.90,511493.3413465066,10800.0,510734.97956302075,3,0,56,56,0,0,0
S_adaptive_W56,2025-05-18,137,56,14,123,136,9814.851114629626,base,535977.1189951703,7030.04439370369,538475.2453353254,4,0,56,56,0,0,0
S_adaptive_W56,2025-05-18,137,56,14,123,136,9814.851114629626,0.50,542970.9810285085,7644.843188888886,544917.5986938939,5,0,56,56,0,0,0
S_adaptive_W56,2025-05-18,137,56,14,123,136,9814.851114629626,0.65,488705.55101147224,10338.326896851848,488235.964152831,1,1,56,56,0,0,1
S_adaptive_W56,2025-05-18,137,56,14,123,136,9814.851114629626,0.80,489011.3931150363,10800.0,488127.6598343655,2,0,56,56,0,0,0
S_adaptive_W56,2025-05-18,137,56,14,123,136,9814.851114629626,0.90,509150.972091782,10800.0,508267.2388111112,3,0,56,56,0,0,0
S_adaptive_W56,2025-05-19,138,56,14,124,137,9539.289597407402,base,526837.5685250268,7477.280353703691,528687.3053726981,4,0,56,56,0,0,0
S_adaptive_W56,2025-05-19,138,56,14,124,137,9539.289597407402,0.50,534162.6500697156,8126.668112962957,535429.8500202335,5,0,56,56,0,0,0
S_adaptive_W56,2025-05-19,138,56,14,124,137,9539.289597407402,0.65,482423.0618804938,10800.0,481292.13460990146,1,1,56,56,0,0,1
S_adaptive_W56,2025-05-19,138,56,14,124,137,9539.289597407402,0.80,485045.14872895577,10800.0,483914.2214583634,2,0,56,56,0,0,0
S_adaptive_W56,2025-05-19,138,56,14,124,137,9539.289597407402,0.90,508160.662679828,10800.0,507029.73540923564,3,0,56,56,0,0,0
S_adaptive_W56,2025-05-20,139,56,14,125,138,9254.630429074066,base,494838.1688340608,7576.445250925925,496343.59417136956,3,0,56,56,0,0,0
S_adaptive_W56,2025-05-20,139,56,14,125,138,9254.630429074066,0.50,497690.45490565494,8257.206260370363,498585.19979743595,4,0,56,56,0,0,0
S_adaptive_W56,2025-05-20,139,56,14,125,138,9254.630429074066,0.65,463853.29618498345,10800.0,462467.0138259978,1,1,56,56,0,0,1
S_adaptive_W56,2025-05-20,139,56,14,125,138,9254.630429074066,0.80,479471.18440020736,10800.0,478084.90204122174,2,0,56,56,0,0,0
S_adaptive_W56,2025-05-20,139,56,14,125,138,9254.630429074066,0.90,506601.5084102166,10800.0,505215.226051231,5,0,56,56,0,0,0
S_adaptive_W56,2025-05-21,140,56,14,126,139,8731.512435740731,base,515867.49553096324,7491.443444629615,516979.9063087116,4,0,56,56,0,0,0
S_adaptive_W56,2025-05-21,140,56,14,126,139,8731.512435740731,0.50,519733.51218983287,8232.986208705986,520180.71791138453,5,0,56,56,0,0,0
S_adaptive_W56,2025-05-21,140,56,14,126,139,8731.512435740731,0.65,474059.99325797014,10771.95775259259,472229.6004506809,2,0,56,56,0,0,0
S_adaptive_W56,2025-05-21,140,56,14,126,139,8731.512435740731,0.80,471532.8863230119,10800.0,469677.3380618955,1,1,56,56,0,0,1
S_adaptive_W56,2025-05-21,140,56,14,126,139,8731.512435740731,0.90,501272.872052956,10800.0,499417.32379183965,3,0,56,56,0,0,0
S_adaptive_W56,2025-05-22,141,56,14,127,140,8467.843299814806,base,491053.58178096346,7613.324372407399,491820.1327321216,3,0,56,56,0,0,0
S_adaptive_W56,2025-05-22,141,56,14,127,140,8467.843299814806,0.50,492440.69430027733,8362.981523333327,492534.76113943546,4,0,56,56,0,0,0
S_adaptive_W56,2025-05-22,141,56,14,127,140,8467.843299814806,0.65,459104.8009048547,10800.0,457012.7267805275,1,1,56,56,0,0,1
S_adaptive_W56,2025-05-22,141,56,14,127,140,8467.843299814806,0.80,461762.659955379,10800.0,459670.58583105175,2,0,56,56,0,0,0
S_adaptive_W56,2025-05-22,141,56,14,127,140,8467.843299814806,0.90,498933.84294060024,10800.0,496841.768816273,5,0,56,56,0,0,0
S_adaptive_W56,2025-05-23,142,56,14,128,141,9444.2976924074,base,482769.53051725804,8688.211554839958,483447.78178744146,3,0,56,56,0,0,0
S_adaptive_W56,2025-05-23,142,56,14,128,141,9444.2976924074,0.50,484059.6516178305,9402.643891666668,484097.017391195,4,0,56,56,0,0,0
S_adaptive_W56,2025-05-23,142,56,14,128,141,9444.2976924074,0.65,457309.1100115994,10800.0,456092.9697248939,1,1,56,56,0,0,1
S_adaptive_W56,2025-05-23,142,56,14,128,141,9444.2976924074,0.80,459317.49635261035,10800.0,458101.3560659049,2,0,56,56,0,0,0
S_adaptive_W56,2025-05-23,142,56,14,128,141,9444.2976924074,0.90,496262.2703854255,10800.0,495046.13009872,5,0,56,56,0,0,0
S_adaptive_W56,2025-05-24,143,56,14,129,142,10790.651031851852,base,483243.4854530188,9929.16022187471,484016.2905701689,3,0,56,56,0,0,0
S_adaptive_W56,2025-05-24,143,56,14,129,142,10790.651031851852,0.50,485465.19681082503,10495.833446296292,485729.66456382314,4,0,56,56,0,0,0
S_adaptive_W56,2025-05-24,143,56,14,129,142,10790.651031851852,0.65,457266.6298108859,10800.0,457258.24326706986,1,1,56,56,0,0,1
S_adaptive_W56,2025-05-24,143,56,14,129,142,10790.651031851852,0.80,459471.7425306043,10800.0,459463.3559867883,2,0,56,56,0,0,0
S_adaptive_W56,2025-05-24,143,56,14,129,142,10790.651031851852,0.90,496364.1905269396,10800.0,496355.80398312357,5,0,56,56,0,0,0
S_adaptive_W56,2025-05-25,144,56,14,130,143,10800.0,base,483593.4419616692,10033.939753703706,484280.6405614995,3,0,56,56,0,0,0
S_adaptive_W56,2025-05-25,144,56,14,130,143,10800.0,0.50,485036.4930872374,10615.390262037034,485202.09827828675,4,0,56,56,0,0,0
S_adaptive_W56,2025-05-25,144,56,14,130,143,10800.0,0.65,456670.63108019246,10800.0,456670.63108019246,1,1,56,56,0,0,1
S_adaptive_W56,2025-05-25,144,56,14,130,143,10800.0,0.80,459018.9936146944,10800.0,459018.9936146944,2,0,56,56,0,0,0
S_adaptive_W56,2025-05-25,144,56,14,130,143,10800.0,0.90,495897.89964087756,10800.0,495897.89964087756,5,0,56,56,0,0,0
S_adaptive_W56,2025-05-26,145,56,14,131,144,10800.0,base,482859.56600742217,10040.434226296298,483540.9387045329,3,0,56,56,0,0,0
S_adaptive_W56,2025-05-26,145,56,14,131,144,10800.0,0.50,484408.8125897593,10588.95224259259,484598.1341530292,4,0,56,56,0,0,0
S_adaptive_W56,2025-05-26,145,56,14,131,144,10800.0,0.65,453237.4297045905,10800.0,453237.4297045905,1,1,56,56,0,0,1
S_adaptive_W56,2025-05-26,145,56,14,131,144,10800.0,0.80,453711.10986940324,10800.0,453711.10986940324,2,0,56,56,0,0,0
S_adaptive_W56,2025-05-26,145,56,14,131,144,10800.0,0.90,489996.3489672335,10800.0,489996.3489672335,5,0,56,56,0,0,0
S_adaptive_W56,2025-05-27,146,56,14,132,145,10800.0,base,510970.756578966,9931.869701296298,511749.51768636424,4,0,56,56,0,0,0
S_adaptive_W56,2025-05-27,146,56,14,132,145,10800.0,0.50,514738.29935566254,10458.338272592591,515044.78890635405,5,0,56,56,0,0,0
S_adaptive_W56,2025-05-27,146,56,14,132,145,10800.0,0.65,469840.7585658468,10788.987363703702,469850.6375124177,2,0,56,56,0,0,0
S_adaptive_W56,2025-05-27,146,56,14,132,145,10800.0,0.80,450232.7300432245,10800.0,450232.7300432245,1,1,56,56,0,0,1
S_adaptive_W56,2025-05-27,146,56,14,132,145,10800.0,0.90,486037.9813963255,10800.0,486037.9813963255,3,0,56,56,0,0,0
S_adaptive_W56,2025-05-28,147,56,14,133,146,10800.0,base,501029.3423447079,9847.139447592594,501884.11119691475,4,0,56,56,0,0,0
S_adaptive_W56,2025-05-28,147,56,14,133,146,10800.0,0.50,503162.6950195034,10413.297082592591,503509.5890199133,5,0,56,56,0,0,0
S_adaptive_W56,2025-05-28,147,56,14,133,146,10800.0,0.65,471451.99338579754,10800.0,471451.99338579754,2,0,56,56,0,0,0
S_adaptive_W56,2025-05-28,147,56,14,133,146,10800.0,0.80,452289.35633460985,10800.0,452289.35633460985,1,1,56,56,0,0,1
S_adaptive_W56,2025-05-28,147,56,14,133,146,10800.0,0.90,488393.0534399704,10800.0,488393.0534399704,3,0,56,56,0,0,0
S_adaptive_W56,2025-05-29,148,56,14,134,147,10800.0,base,516440.7113058901,9980.537331707817,517175.814845052,4,0,56,56,0,0,0
S_adaptive_W56,2025-05-29,148,56,14,134,147,10800.0,0.50,521595.7791705663,10538.200864814813,521830.6275392238,5,0,56,56,0,0,0
S_adaptive_W56,2025-05-29,148,56,14,134,147,10800.0,0.65,469364.55870650173,10800.0,469364.55870650173,2,0,56,56,0,0,0
S_adaptive_W56,2025-05-29,148,56,14,134,147,10800.0,0.80,449950.13914323907,10800.0,449950.13914323907,1,1,56,56,0,0,1
S_adaptive_W56,2025-05-29,148,56,14,134,147,10800.0,0.90,485911.8760146093,10800.0,485911.8760146093,3,0,56,56,0,0,0
S_adaptive_W56,2025-05-30,149,56,14,135,148,10800.0,base,524547.1472899296,9913.964534999997,525341.970326227,4,0,56,56,0,0,0
S_adaptive_W56,2025-05-30,149,56,14,135,148,10800.0,0.50,532168.085301638,10486.718629814814,532449.1160952147,5,0,56,56,0,0,0
S_adaptive_W56,2025-05-30,149,56,14,135,148,10800.0,0.65,468186.31514975114,10782.614369999998,468201.9110257295,2,0,56,56,0,0,0
S_adaptive_W56,2025-05-30,149,56,14,135,148,10800.0,0.80,449668.7059386603,10800.0,449668.7059386603,1,1,56,56,0,0,1
S_adaptive_W56,2025-05-30,149,56,14,135,148,10800.0,0.90,485611.7057770848,10800.0,485611.7057770848,3,0,56,56,0,0,0
S_adaptive_W56,2025-05-31,150,56,14,136,149,10800.0,base,526409.8378147194,10098.794796851846,527038.857837788,4,0,56,56,0,0,0
S_adaptive_W56,2025-05-31,150,56,14,136,149,10800.0,0.50,534011.8974737696,10510.961917407403,534271.1806915264,5,0,56,56,0,0,0
S_adaptive_W56,2025-05-31,150,56,14,136,149,10800.0,0.65,467783.9836292278,10800.0,467783.9836292278,2,0,56,56,0,0,0
S_adaptive_W56,2025-05-31,150,56,14,136,149,10800.0,0.80,449333.20537105366,10800.0,449333.20537105366,1,1,56,56,0,0,1
S_adaptive_W56,2025-05-31,150,56,14,136,149,10800.0,0.90,485270.2262820614,10800.0,485270.2262820614,3,0,56,56,0,0,0
S_adaptive_W56,2025-06-01,151,56,14,137,150,10800.0,base,522967.0925701603,10096.692381851846,523597.9985762846,4,0,56,56,0,0,0
S_adaptive_W56,2025-06-01,151,56,14,137,150,10800.0,0.50,530991.7147675635,10617.368409259256,531155.5454506575,5,0,56,56,0,0,0
S_adaptive_W56,2025-06-01,151,56,14,137,150,10800.0,0.65,467123.87431673217,10800.0,467123.87431673217,2,0,56,56,0,0,0
S_adaptive_W56,2025-06-01,151,56,14,137,150,10800.0,0.80,449990.1036551576,10800.0,449990.1036551576,1,1,56,56,0,0,1
S_adaptive_W56,2025-06-01,151,56,14,137,150,10800.0,0.90,485971.8359788414,10800.0,485971.8359788414,3,0,56,56,0,0,0
S_adaptive_W56,2025-06-02,152,56,14,138,151,10800.0,base,610950.7397437681,8817.680738703697,612728.9902499988,4,0,56,56,0,0,0
S_adaptive_W56,2025-06-02,152,56,14,138,151,10800.0,0.50,620112.7915243681,9402.644814259253,621366.2967568212,5,0,56,56,0,0,0
S_adaptive_W56,2025-06-02,152,56,14,138,151,10800.0,0.65,539096.3310559986,9746.155529999998,540041.6880925036,3,0,56,56,0,0,0
S_adaptive_W56,2025-06-02,152,56,14,138,151,10800.0,0.80,498403.44251379184,9915.63615,499196.76601856685,1,1,56,56,0,0,1
S_adaptive_W56,2025-06-02,152,56,14,138,151,10800.0,0.90,509206.73562766745,10103.39469,509831.62929103244,2,0,56,56,0,0,0
S_adaptive_W56,2025-06-03,153,56,14,139,152,10800.0,base,662745.0595814659,7643.532238273885,665576.5865230543,4,0,56,56,0,0,0
S_adaptive_W56,2025-06-03,153,56,14,139,152,10800.0,0.50,672366.0691155994,8137.720967037029,674754.2813125579,5,0,56,56,0,0,0
S_adaptive_W56,2025-06-03,153,56,14,139,152,10800.0,0.65,575576.2915404274,8674.930890925925,577482.5965906618,3,0,56,56,0,0,0
S_adaptive_W56,2025-06-03,153,56,14,139,152,10800.0,0.80,524950.4003645458,9026.386045000001,526541.4306162894,1,1,56,56,0,0,1
S_adaptive_W56,2025-06-03,153,56,14,139,152,10800.0,0.90,529131.5762337487,9499.525189259259,530298.1743875837,2,0,56,56,0,0,0
S_adaptive_W56,2025-06-04,154,56,14,140,153,10771.95775259259,base,673977.0164328348,6674.8577718518445,677652.3427322248,4,0,56,56,0,0,0
S_adaptive_W56,2025-06-04,154,56,14,140,153,10771.95775259259,0.50,682110.9720892723,7111.505934074066,685394.6007289179,5,0,56,56,0,0,0
S_adaptive_W56,2025-06-04,154,56,14,140,153,10771.95775259259,0.65,583144.5955767981,7826.967351296295,585786.4155773387,3,0,56,56,0,0,0
S_adaptive_W56,2025-06-04,154,56,14,140,153,10771.95775259259,0.80,543004.2607781023,8382.024975555558,545148.1632531477,2,0,56,56,0,0,0
S_adaptive_W56,2025-06-04,154,56,14,140,153,10771.95775259259,0.90,542880.6926446385,9113.135147962963,544368.7486778026,1,1,56,56,0,0,1
S_adaptive_W56,2025-06-05,155,56,14,141,154,10800.0,base,724166.0779712319,5390.416651296289,729018.7747674274,4,0,56,56,0,0,0
S_adaptive_W56,2025-06-05,155,56,14,141,154,10800.0,0.50,732108.3863412542,5883.792157962955,736518.4978982194,5,0,56,56,0,0,0
S_adaptive_W56,2025-06-05,155,56,14,141,154,10800.0,0.65,614131.7147022554,6833.655725555556,617689.7458688918,3,0,56,56,0,0,0
S_adaptive_W56,2025-06-05,155,56,14,141,154,10800.0,0.80,560185.9277254111,7664.199898148151,562998.914627889,2,0,56,56,0,0,0
S_adaptive_W56,2025-06-05,155,56,14,141,154,10800.0,0.90,551501.4503650195,8659.348531666667,553421.733657196,1,1,56,56,0,0,1
S_adaptive_W56,2025-06-06,156,56,14,142,155,10800.0,base,775503.3690833373,3776.777139259252,781803.5901684695,4,0,56,56,0,0,0
S_adaptive_W56,2025-06-06,156,56,14,142,155,10800.0,0.50,780833.1617128437,4367.88833777777,786603.1232133938,5,0,56,56,0,0,0
S_adaptive_W56,2025-06-06,156,56,14,142,155,10800.0,0.65,646971.8680859485,5561.964614259261,651670.6768289239,3,0,56,56,0,0,0
S_adaptive_W56,2025-06-06,156,56,14,142,155,10800.0,0.80,578639.4409659393,6666.458535185188,582347.4573010707,2,0,56,56,0,0,0
S_adaptive_W56,2025-06-06,156,56,14,142,155,10800.0,0.90,562397.5622554462,8087.228080370371,564831.0693769051,1,1,56,56,0,0,1
S_adaptive_W56,2025-06-07,157,56,14,143,156,10800.0,base,815612.5673517582,2469.6370359259186,823085.3657284752,4,0,56,56,0,0,0
S_adaptive_W56,2025-06-07,157,56,14,143,156,10800.0,0.50,819453.404473191,3184.1493479629553,826285.2456108823,5,0,56,56,0,0,0
S_adaptive_W56,2025-06-07,157,56,14,143,156,10800.0,0.65,680719.0646232513,4630.099035000002,686253.8085611322,3,0,56,56,0,0,0
S_adaptive_W56,2025-06-07,157,56,14,143,156,10800.0,0.80,603610.4624454475,6017.140689074077,607900.9529617542,2,0,56,56,0,0,0
S_adaptive_W56,2025-06-07,157,56,14,143,156,10800.0,0.90,579121.5934897794,7787.243100555557,581824.2038039643,1,1,56,56,0,0,1
S_adaptive_W56,2025-06-08,158,56,14,144,157,10800.0,base,841638.5452437798,1371.9037883333258,850096.0713287677,4,0,56,56,0,0,0
S_adaptive_W56,2025-06-08,158,56,14,144,157,10800.0,0.50,843711.4422373169,2193.6572337036964,851431.8098288383,5,0,56,56,0,0,0
S_adaptive_W56,2025-06-08,158,56,14,144,157,10800.0,0.65,698689.403033118,3773.288687222224,704992.7534535304,3,0,56,56,0,0,0
S_adaptive_W56,2025-06-08,158,56,14,144,157,10800.0,0.80,614785.4460720946,5458.976671111114,619576.6407216262,2,0,56,56,0,0,0
S_adaptive_W56,2025-06-08,158,56,14,144,157,10800.0,0.90,586423.848329398,7758.979292592594,589151.8128495372,1,1,56,56,0,0,1
S_adaptive_W56,2025-06-09,159,56,14,145,158,10800.0,base,853696.0605031924,1409.58427703703,862119.7850964526,4,0,56,56,0,0,0
S_adaptive_W56,2025-06-09,159,56,14,145,158,10800.0,0.50,856363.9782490137,2529.8823872222106,863782.7331986538,5,0,56,56,0,0,0
S_adaptive_W56,2025-06-09,159,56,14,145,158,10800.0,0.65,716058.8431016558,4645.695459444446,721579.596180342,3,0,56,56,0,0,0
S_adaptive_W56,2025-06-09,159,56,14,145,158,10800.0,0.80,635449.4544035932,6907.768737037042,638941.0020815411,2,0,56,56,0,0,0
S_adaptive_W56,2025-06-09,159,56,14,145,158,10800.0,0.90,608443.1072285118,9881.76943277778,609266.8110601194,1,1,56,56,0,0,1
S_adaptive_W56,2025-06-10,160,56,14,146,159,10788.987363703702,base,868936.5183561712,1696.9220014929106,877092.6061008166,5,0,56,56,0,0,0
S_adaptive_W56,2025-06-10,160,56,14,146,159,10788.987363703702,0.50,867560.3550352913,2917.0028209259253,874621.9625026375,4,0,56,56,0,0,0
S_adaptive_W56,2025-06-10,160,56,14,146,159,10788.987363703702,0.65,723613.1243351005,5082.620577407411,728732.0523627853,3,0,56,56,0,0,0
S_adaptive_W56,2025-06-10,160,56,14,146,159,10788.987363703702,0.80,648172.7267306205,8178.177486481488,650514.768235482,2,0,56,56,0,0,0
S_adaptive_W56,2025-06-10,160,56,14,146,159,10788.987363703702,0.90,622401.5576691825,10800.0,622391.6787226116,1,1,56,56,0,0,1
S_adaptive_W56,2025-06-11,161,56,14,147,160,10800.0,base,886163.8885069501,1695.0722396141546,894331.5145373362,5,0,56,56,0,0,0
S_adaptive_W56,2025-06-11,161,56,14,147,160,10800.0,0.50,882088.5025678987,2996.9190729629618,889088.2996639468,4,0,56,56,0,0,0
S_adaptive_W56,2025-06-11,161,56,14,147,160,10800.0,0.65,736151.7442799283,5779.247563888891,740655.6381458108,3,0,56,56,0,0,0
S_adaptive_W56,2025-06-11,161,56,14,147,160,10800.0,0.80,661652.9568823515,9415.775101111116,662894.6835180381,2,0,56,56,0,0,0
S_adaptive_W56,2025-06-11,161,56,14,147,160,10800.0,0.90,636859.4000789914,10800.0,636859.4000789914,1,1,56,56,0,0,1
S_adaptive_W56,2025-06-12,162,56,14,148,161,10800.0,base,909694.4827576552,1766.509689984525,917798.0254263119,5,0,56,56,0,0,0
S_adaptive_W56,2025-06-12,162,56,14,148,161,10800.0,0.50,900534.2334069146,3210.995919074073,907341.991678843,4,0,56,56,0,0,0
S_adaptive_W56,2025-06-12,162,56,14,148,161,10800.0,0.65,759233.1324086743,6244.95239277778,763319.263170553,3,0,56,56,0,0,0
S_adaptive_W56,2025-06-12,162,56,14,148,161,10800.0,0.80,679660.4089870376,10625.441299814815,679816.9978388093,2,0,56,56,0,0,0
S_adaptive_W56,2025-06-12,162,56,14,148,161,10800.0,0.90,655992.8946051211,10800.0,655992.8946051211,1,1,56,56,0,0,1
S_adaptive_W56,2025-06-13,163,56,14,149,162,10800.0,base,911315.5772017136,2164.5634638888887,919062.0435210795,5,0,56,56,0,0,0
S_adaptive_W56,2025-06-13,163,56,14,149,162,10800.0,0.50,901117.2664974676,3893.902526111104,907312.4196036279,4,0,56,56,0,0,0
S_adaptive_W56,2025-06-13,163,56,14,149,162,10800.0,0.65,776688.0036706342,7407.730432037039,779731.0579325175,3,0,56,56,0,0,0
S_adaptive_W56,2025-06-13,163,56,14,149,162,10800.0,0.80,699531.9699005926,10800.0,699531.9699005926,2,0,56,56,0,0,0
S_adaptive_W56,2025-06-13,163,56,14,149,162,10800.0,0.90,677164.2024330556,10800.0,677164.2024330556,1,1,56,56,0,0,1
S_adaptive_W56,2025-06-14,164,56,14,150,163,10800.0,base,916290.4880425608,2513.349728888888,923724.073705207,5,0,56,56,0,0,0
S_adaptive_W56,2025-06-14,164,56,14,150,163,10800.0,0.50,905950.1886644254,4449.2124159259165,911647.1979488723,4,0,56,56,0,0,0
S_adaptive_W56,2025-06-14,164,56,14,150,163,10800.0,0.65,783654.0984651162,8529.286428148152,785691.0546898213,3,0,56,56,0,0,0
S_adaptive_W56,2025-06-14,164,56,14,150,163,10800.0,0.80,707761.0225053971,10800.0,707761.0225053971,2,0,56,56,0,0,0
S_adaptive_W56,2025-06-14,164,56,14,150,163,10800.0,0.90,687314.2971392267,10800.0,687314.2971392267,1,1,56,56,0,0,1
S_adaptive_W56,2025-06-15,165,56,14,151,164,10800.0,base,920064.6191318305,2450.4537607407397,927554.625972126,5,0,56,56,0,0,0
S_adaptive_W56,2025-06-15,165,56,14,151,164,10800.0,0.50,909614.1260370883,4722.483261111102,915065.9961916906,4,0,56,56,0,0,0
S_adaptive_W56,2025-06-15,165,56,14,151,164,10800.0,0.65,789673.967247461,9428.581277407413,790904.2060315555,3,0,56,56,0,0,0
S_adaptive_W56,2025-06-15,165,56,14,151,164,10800.0,0.80,716278.8022485357,10800.0,716278.8022485357,2,0,56,56,0,0,0
S_adaptive_W56,2025-06-15,165,56,14,151,164,10800.0,0.90,697768.0484506403,10800.0,697768.0484506403,1,1,56,56,0,0,1
S_adaptive_W56,2025-06-16,166,56,14,152,165,9915.63615,base,846285.0568012957,2914.352480740742,852565.5972128251,5,0,56,56,0,0,0
S_adaptive_W56,2025-06-16,166,56,14,152,165,9915.63615,0.50,832662.3617786764,5332.49606388889,836773.6930548117,4,0,56,56,0,0,0
S_adaptive_W56,2025-06-16,166,56,14,152,165,9915.63615,0.65,730347.2508917717,10726.066074470391,729620.2502256371,3,0,56,56,0,0,0
S_adaptive_W56,2025-06-16,166,56,14,152,165,9915.63615,0.80,681529.8005113001,10800.0,680736.4770065252,1,1,56,56,0,0,1
S_adaptive_W56,2025-06-16,166,56,14,152,165,9915.63615,0.90,689161.8702170207,10800.0,688368.5467122458,2,0,56,56,0,0,0
S_adaptive_W56,2025-06-17,167,56,14,153,166,9026.386045000001,base,819927.4727380903,3485.272377038112,824898.1595379004,5,0,56,56,0,0,0
S_adaptive_W56,2025-06-17,167,56,14,153,166,9026.386045000001,0.50,803345.9960352744,5944.801446271148,806110.3486194785,4,0,56,56,0,0,0
S_adaptive_W56,2025-06-17,167,56,14,153,166,9026.386045000001,0.65,707706.4137706099,10800.0,706115.3835188663,3,0,56,56,0,0,0
S_adaptive_W56,2025-06-17,167,56,14,153,166,9026.386045000001,0.80,670025.9295405585,10800.0,668434.8992888149,1,1,56,56,0,0,1
S_adaptive_W56,2025-06-17,167,56,14,153,166,9026.386045000001,0.90,685398.2429424621,10800.0,683807.2126907185,2,0,56,56,0,0,0
S_adaptive_W56,2025-06-18,168,56,14,154,167,8382.024975555558,base,806835.0972317916,3901.32752851852,810854.5317694198,5,0,56,56,0,0,0
S_adaptive_W56,2025-06-18,168,56,14,154,167,8382.024975555558,0.50,786855.4336698629,6435.571667880633,788601.5104231422,4,0,56,56,0,0,0
S_adaptive_W56,2025-06-18,168,56,14,154,167,8382.024975555558,0.65,697807.0625458381,10800.0,695638.0046169657,3,0,56,56,0,0,0
S_adaptive_W56,2025-06-18,168,56,14,154,167,8382.024975555558,0.80,671072.2039318052,10800.0,668903.1460029328,1,1,56,56,0,0,1
S_adaptive_W56,2025-06-18,168,56,14,154,167,8382.024975555558,0.90,692018.6786731954,10800.0,689849.620744323,2,0,56,56,0,0,0
S_adaptive_W56,2025-06-19,169,56,14,155,168,7922.6200381481485,base,768424.4444943959,4795.625342037034,771229.532458735,5,0,56,56,0,0,0
S_adaptive_W56,2025-06-19,169,56,14,155,168,7922.6200381481485,0.50,749532.4381105982,7635.60744518519,749789.9043516301,4,0,56,56,0,0,0
S_adaptive_W56,2025-06-19,169,56,14,155,168,7922.6200381481485,0.65,683644.7077765658,10800.0,681063.5380963424,2,0,56,56,0,0,0
S_adaptive_W56,2025-06-19,169,56,14,155,168,7922.6200381481485,0.80,671426.9252190845,10800.0,668845.755538861,1,1,56,56,0,0,1
S_adaptive_W56,2025-06-19,169,56,14,155,168,7922.6200381481485,0.90,702001.7909158948,10800.0,699420.6212356713,3,0,56,56,0,0,0
S_adaptive_W56,2025-06-20,170,56,14,156,169,7340.502388518519,base,726818.4448060199,5548.705850681295,728425.7858447119,5,0,56,56,0,0,0
S_adaptive_W56,2025-06-20,170,56,14,156,169,7340.502388518519,0.50,708619.1149037401,8377.917273333336,707688.4961179009,3,0,56,56,0,0,0
S_adaptive_W56,2025-06-20,170,56,14,156,169,7340.502388518519,0.65,666312.159397201,10800.0,663208.7978453904,1,1,56,56,0,0,1
S_adaptive_W56,2025-06-20,170,56,14,156,169,7340.502388518519,0.80,669908.6257152207,10800.0,666805.2641634101,2,0,56,56,0,0,0
S_adaptive_W56,2025-06-20,170,56,14,156,169,7340.502388518519,0.90,709036.1384341761,10800.0,705932.7768823655,4,0,56,56,0,0,0
S_adaptive_W56,2025-06-21,171,56,14,157,170,7057.756804814817,base,688458.1209026226,6321.107149259259,689118.9365686368,4,0,56,56,0,0,0
S_adaptive_W56,2025-06-21,171,56,14,157,170,7057.756804814817,0.50,672828.7300557785,9523.701688518524,670616.6404981583,3,0,56,56,0,0,0
S_adaptive_W56,2025-06-21,171,56,14,157,170,7057.756804814817,0.65,638619.670132972,10800.0,635262.6700844911,1,1,56,56,0,0,1
S_adaptive_W56,2025-06-21,171,56,14,157,170,7057.756804814817,0.80,651880.4459362059,10800.0,648523.4458877251,2,0,56,56,0,0,0
S_adaptive_W56,2025-06-21,171,56,14,157,170,7057.756804814817,0.90,700362.0561341083,10800.0,697005.0560856275,5,0,56,56,0,0,0
S_adaptive_W56,2025-06-22,172,56,14,158,171,7013.728380185187,base,669026.0763746231,7829.246019259255,668294.5117458382,4,0,56,56,0,0,0
S_adaptive_W56,2025-06-22,172,56,14,158,171,7013.728380185187,0.50,655743.7908144327,10800.0,652347.2948230355,3,0,56,56,0,0,0
S_adaptive_W56,2025-06-22,172,56,14,158,171,7013.728380185187,0.65,626813.1083732408,10800.0,623416.6123818436,1,1,56,56,0,0,1
S_adaptive_W56,2025-06-22,172,56,14,158,171,7013.728380185187,0.80,647431.3783180001,10800.0,644034.8823266029,2,0,56,56,0,0,0
S_adaptive_W56,2025-06-22,172,56,14,158,171,7013.728380185187,0.90,700977.5049869651,10800.0,697581.0089955679,5,0,56,56,0,0,0
S_adaptive_W56,2025-06-23,173,56,14,159,172,9267.570370370373,base,676012.6651866734,9794.170254999994,675540.2758346115,4,0,56,56,0,0,0
S_adaptive_W56,2025-06-23,173,56,14,159,172,9267.570370370373,0.50,659658.0915554491,10800.0,658283.4170426918,3,0,56,56,0,0,0
S_adaptive_W56,2025-06-23,173,56,14,159,172,9267.570370370373,0.65,619565.5068954146,10800.0,618190.8323826573,1,1,56,56,0,0,1
S_adaptive_W56,2025-06-23,173,56,14,159,172,9267.570370370373,0.80,639874.7248578375,10800.0,638500.0503450803,2,0,56,56,0,0,0
S_adaptive_W56,2025-06-23,173,56,14,159,172,9267.570370370373,0.90,693408.8161642287,10800.0,692034.1416514715,5,0,56,56,0,0,0
S_adaptive_W56,2025-06-24,174,56,14,160,173,10800.0,base,641694.9285500087,10560.15339,641910.0842839903,3,0,56,56,0,0,0
S_adaptive_W56,2025-06-24,174,56,14,160,173,10800.0,0.50,627687.3333191983,10664.741170000001,627808.6680040878,2,0,56,56,0,0,0
S_adaptive_W56,2025-06-24,174,56,14,160,173,10800.0,0.65,605167.3686748599,10800.0,605167.3686748599,1,1,56,56,0,0,1
S_adaptive_W56,2025-06-24,174,56,14,160,173,10800.0,0.80,642673.0350083929,10800.0,642673.0350083929,4,0,56,56,0,0,0
S_adaptive_W56,2025-06-24,174,56,14,160,173,10800.0,0.90,696465.18232429,10800.0,696465.18232429,5,0,56,56,0,0,0
S_adaptive_W56,2025-06-25,175,56,14,161,174,10800.0,base,684360.661168039,10548.207599999998,684586.5329393056,4,0,56,56,0,0,0
S_adaptive_W56,2025-06-25,175,56,14,161,174,10800.0,0.50,670593.4025726523,10707.574000000002,670676.3138294301,3,0,56,56,0,0,0
S_adaptive_W56,2025-06-25,175,56,14,161,174,10800.0,0.65,627644.4816866163,10800.0,627644.4816866163,1,1,56,56,0,0,1
S_adaptive_W56,2025-06-25,175,56,14,161,174,10800.0,0.80,649295.062564566,10800.0,649295.062564566,2,0,56,56,0,0,0
S_adaptive_W56,2025-06-25,175,56,14,161,174,10800.0,0.90,698159.2936182728,10800.0,698159.2936182728,5,0,56,56,0,0,0
S_adaptive_W56,2025-06-26,176,56,14,162,175,10800.0,base,660485.7305736204,10506.56181111111,660748.9609311754,4,0,56,56,0,0,0
S_adaptive_W56,2025-06-26,176,56,14,162,175,10800.0,0.50,649415.5816544591,10800.0,649415.5816544591,2,0,56,56,0,0,0
S_adaptive_W56,2025-06-26,176,56,14,162,175,10800.0,0.65,623873.9037643637,10800.0,623873.9037643637,1,1,56,56,0,0,1
S_adaptive_W56,2025-06-26,176,56,14,162,175,10800.0,0.80,652081.1963685667,10800.0,652081.1963685667,3,0,56,56,0,0,0
S_adaptive_W56,2025-06-26,176,56,14,162,175,10800.0,0.90,701338.0596522813,10800.0,701338.0596522813,5,0,56,56,0,0,0
S_adaptive_W56,2025-06-27,177,56,14,163,176,10800.0,base,657366.6516400552,10340.542957962958,657778.8101321537,4,0,56,56,0,0,0
S_adaptive_W56,2025-06-27,177,56,14,163,176,10800.0,0.50,645837.5644230045,10800.0,645837.5644230045,2,0,56,56,0,0,0
S_adaptive_W56,2025-06-27,177,56,14,163,176,10800.0,0.65,620069.3306337629,10800.0,620069.3306337629,1,1,56,56,0,0,1
S_adaptive_W56,2025-06-27,177,56,14,163,176,10800.0,0.80,648090.1114877273,10800.0,648090.1114877273,3,0,56,56,0,0,0
S_adaptive_W56,2025-06-27,177,56,14,163,176,10800.0,0.90,697344.0691872974,10800.0,697344.0691872974,5,0,56,56,0,0,0
S_adaptive_W56,2025-06-28,178,56,14,164,177,10800.0,base,654243.3900506924,10454.696746666661,654553.1462524465,4,0,56,56,0,0,0
S_adaptive_W56,2025-06-28,178,56,14,164,177,10800.0,0.50,642550.7293253732,10800.0,642550.7293253732,2,0,56,56,0,0,0
S_adaptive_W56,2025-06-28,178,56,14,164,177,10800.0,0.65,617841.5986187479,10800.0,617841.5986187479,1,1,56,56,0,0,1
S_adaptive_W56,2025-06-28,178,56,14,164,177,10800.0,0.80,645341.9989492927,10800.0,645341.9989492927,3,0,56,56,0,0,0
S_adaptive_W56,2025-06-28,178,56,14,164,177,10800.0,0.90,693735.5814625999,10800.0,693735.5814625999,5,0,56,56,0,0,0
S_adaptive_W56,2025-06-29,179,56,14,165,178,10800.0,base,653314.6761598663,10321.834557962957,653743.6171261203,4,0,56,56,0,0,0
S_adaptive_W56,2025-06-29,179,56,14,165,178,10800.0,0.50,640261.1974477299,10800.0,640261.1974477299,2,0,56,56,0,0,0
S_adaptive_W56,2025-06-29,179,56,14,165,178,10800.0,0.65,615493.8556593178,10800.0,615493.8556593178,1,1,56,56,0,0,1
S_adaptive_W56,2025-06-29,179,56,14,165,178,10800.0,0.80,642021.7179973436,10800.0,642021.7179973436,3,0,56,56,0,0,0
S_adaptive_W56,2025-06-29,179,56,14,165,178,10800.0,0.90,689295.521139653,10800.0,689295.521139653,5,0,56,56,0,0,0
S_adaptive_W56,2025-06-30,180,56,14,166,179,10800.0,base,658137.1643548014,10279.354857962957,658604.2119719387,4,0,56,56,0,0,0
S_adaptive_W56,2025-06-30,180,56,14,166,179,10800.0,0.50,646372.9977080079,10762.257745185185,646406.8546073687,3,0,56,56,0,0,0
S_adaptive_W56,2025-06-30,180,56,14,166,179,10800.0,0.65,612558.1303468705,10800.0,612558.1303468705,1,1,56,56,0,0,1
S_adaptive_W56,2025-06-30,180,56,14,166,179,10800.0,0.80,638959.114811212,10800.0,638959.114811212,2,0,56,56,0,0,0
S_adaptive_W56,2025-06-30,180,56,14,166,179,10800.0,0.90,686284.8836719319,10800.0,686284.8836719319,5,0,56,56,0,0,0
S_adaptive_W56,2025-07-01,181,56,14,167,180,10800.0,base,645928.7523535413,10023.546582962957,646625.2742049245,4,0,56,56,0,0,0
S_adaptive_W56,2025-07-01,181,56,14,167,180,10800.0,0.50,636130.3984003993,10728.572669444446,636194.4726840926,2,0,56,56,0,0,0
S_adaptive_W56,2025-07-01,181,56,14,167,180,10800.0,0.65,611376.0314611462,10800.0,611376.0314611462,1,1,56,56,0,0,1
S_adaptive_W56,2025-07-01,181,56,14,167,180,10800.0,0.80,637215.8098473198,10800.0,637215.8098473198,3,0,56,56,0,0,0
S_adaptive_W56,2025-07-01,181,56,14,167,180,10800.0,0.90,684456.8120640559,10800.0,684456.8120640559,5,0,56,56,0,0,0
S_adaptive_W56,2025-07-02,182,56,14,168,181,10800.0,base,669146.5296458412,8748.28930481481,670987.0281233499,4,0,56,56,0,0,0
S_adaptive_W56,2025-07-02,182,56,14,168,181,10800.0,0.50,660930.2142984092,9513.556034444446,662084.2260046217,3,0,56,56,0,0,0
S_adaptive_W56,2025-07-02,182,56,14,168,181,10800.0,0.65,628849.6337987665,9781.220235000003,629763.5358468473,1,1,56,56,0,0,1
S_adaptive_W56,2025-07-02,182,56,14,168,181,10800.0,0.80,643549.5237012006,10072.681065,644201.9691925031,2,0,56,56,0,0,0
S_adaptive_W56,2025-07-02,182,56,14,168,181,10800.0,0.90,686228.608908759,10506.548130000001,686491.8515390307,5,0,56,56,0,0,0
S_adaptive_W56,2025-07-03,183,56,14,169,182,10800.0,base,708613.205229239,7385.270757363965,711676.4070670636,5,0,56,56,0,0,0
S_adaptive_W56,2025-07-03,183,56,14,169,182,10800.0,0.50,697628.9783748528,8209.119109499317,699953.1424714591,4,0,56,56,0,0,0
S_adaptive_W56,2025-07-03,183,56,14,169,182,10800.0,0.65,650890.0925694595,8687.63015518519,652785.0056741387,2,0,56,56,0,0,0
S_adaptive_W56,2025-07-03,183,56,14,169,182,10800.0,0.80,650686.0133191973,9270.540867222224,652058.0231312509,1,1,56,56,0,0,1
S_adaptive_W56,2025-07-03,183,56,14,169,182,10800.0,0.90,683648.0539379076,10206.324855,684180.6135249251,3,0,56,56,0,0,0
S_adaptive_W56,2025-07-04,184,56,14,170,183,10800.0,base,810530.5002041932,6079.19418866026,814765.3252839544,5,0,56,56,0,0,0
S_adaptive_W56,2025-07-04,184,56,14,170,183,10800.0,0.50,797517.3150702715,6969.4656733882075,800953.5171687049,4,0,56,56,0,0,0
S_adaptive_W56,2025-07-04,184,56,14,170,183,10800.0,0.65,732817.807910465,7659.352421666672,735635.1432686511,3,0,56,56,0,0,0
S_adaptive_W56,2025-07-04,184,56,14,170,183,10800.0,0.80,705460.5841106942,8594.168562407409,707439.3374564057,2,0,56,56,0,0,0
S_adaptive_W56,2025-07-04,184,56,14,170,183,10800.0,0.90,705453.7549083999,9986.584601296297,706183.4337107815,1,1,56,56,0,0,1
S_adaptive_W56,2025-07-05,185,56,14,171,184,10800.0,base,849611.41966565,4480.897705326927,855280.0054852103,5,0,56,56,0,0,0
S_adaptive_W56,2025-07-05,185,56,14,171,184,10800.0,0.50,834694.2064215788,5451.50549783265,839492.1031286063,4,0,56,56,0,0,0
S_adaptive_W56,2025-07-05,185,56,14,171,184,10800.0,0.65,762790.3651620273,6413.2775148148185,766725.4989380431,3,0,56,56,0,0,0
S_adaptive_W56,2025-07-05,185,56,14,171,184,10800.0,0.80,727242.5812517331,7738.643698518521,729988.7879295121,2,0,56,56,0,0,0
S_adaptive_W56,2025-07-05,185,56,14,171,184,10800.0,0.90,715579.4968586621,9626.059810370369,716632.5864276593,1,1,56,56,0,0,1
S_adaptive_W56,2025-07-06,186,56,14,172,185,10800.0,base,891140.7691927599,2992.6778325491496,898144.3709170837,5,0,56,56,0,0,0
S_adaptive_W56,2025-07-06,186,56,14,172,185,10800.0,0.50,873752.370631271,4071.2611193141306,879788.4232260729,4,0,56,56,0,0,0
S_adaptive_W56,2025-07-06,186,56,14,172,185,10800.0,0.65,796691.0679033416,5342.7947762962995,801586.4841670718,3,0,56,56,0,0,0
S_adaptive_W56,2025-07-06,186,56,14,172,185,10800.0,0.80,751894.4552528787,7096.054426666668,755217.1002069128,2,0,56,56,0,0,0
S_adaptive_W56,2025-07-06,186,56,14,172,185,10800.0,0.90,726134.054525446,9508.828678888885,727292.3069322228,1,1,56,56,0,0,1
S_adaptive_W56,2025-07-07,187,56,14,173,186,10800.0,base,979048.5257630092,1310.5899866232244,987561.0537344534,5,0,56,56,0,0,0
S_adaptive_W56,2025-07-07,187,56,14,173,186,10800.0,0.50,961936.0218093164,2366.2085083882052,969501.6013212639,4,0,56,56,0,0,0
S_adaptive_W56,2025-07-07,187,56,14,173,186,10800.0,0.65,875249.5542383569,4000.528763888893,881349.0576855505,3,0,56,56,0,0,0
S_adaptive_W56,2025-07-07,187,56,14,173,186,10800.0,0.80,800805.0117380269,6238.954185370373,804896.5232251838,2,0,56,56,0,0,0
S_adaptive_W56,2025-07-07,187,56,14,173,186,10800.0,0.90,743875.984303229,9295.53278574074,745225.5749759314,1,1,56,56,0,0,1
S_adaptive_W56,2025-07-08,188,56,14,174,187,10800.0,base,1020603.4724840613,1218.2505,1029198.8341049779,5,0,56,56,0,0,0
S_adaptive_W56,2025-07-08,188,56,14,174,187,10800.0,0.50,997426.6395829901,1223.314554128946,1006017.4584660168,4,0,56,56,0,0,0
S_adaptive_W56,2025-07-08,188,56,14,174,187,10800.0,0.65,895129.2086661025,3108.312644444449,902029.0795400001,3,0,56,56,0,0,0
S_adaptive_W56,2025-07-08,188,56,14,174,187,10800.0,0.80,808976.7322642688,5800.824535555561,813461.2703878457,2,0,56,56,0,0,0
S_adaptive_W56,2025-07-08,188,56,14,174,187,10800.0,0.90,744849.7100503787,9339.072213333333,746160.2434376735,1,1,56,56,0,0,1
S_adaptive_W56,2025-07-09,189,56,14,175,188,10800.0,base,997390.9100184221,1332.165595185185,1005884.0834703412,5,0,56,56,0,0,0
S_adaptive_W56,2025-07-09,189,56,14,175,188,10800.0,0.50,970979.9091828403,1485.8942435733902,979335.1794966747,4,0,56,56,0,0,0
S_adaptive_W56,2025-07-09,189,56,14,175,188,10800.0,0.65,875452.099896112,3800.9721553703794,881730.616707625,3,0,56,56,0,0,0
S_adaptive_W56,2025-07-09,189,56,14,175,188,10800.0,0.80,805332.7446493509,7676.00922870371,808135.1379262465,2,0,56,56,0,0,0
S_adaptive_W56,2025-07-09,189,56,14,175,188,10800.0,0.90,746899.7280047085,10800.0,746899.7280047085,1,1,56,56,0,0,1
S_adaptive_W56,2025-07-10,190,56,14,176,189,10800.0,base,998285.6483119372,1472.5486929629633,1006652.8903260888,5,0,56,56,0,0,0
S_adaptive_W56,2025-07-10,190,56,14,176,189,10800.0,0.50,971995.0112363114,2030.9990761659826,979861.2922317085,4,0,56,56,0,0,0
S_adaptive_W56,2025-07-10,190,56,14,176,189,10800.0,0.65,876225.8981506535,5042.0250140740845,881391.1216005282,3,0,56,56,0,0,0
S_adaptive_W56,2025-07-10,190,56,14,176,189,10800.0,0.80,806559.7833178793,9684.678527777785,807560.2886407666,2,0,56,56,0,0,0
S_adaptive_W56,2025-07-10,190,56,14,176,189,10800.0,0.90,748825.7415281205,10800.0,748825.7415281205,1,1,56,56,0,0,1
S_adaptive_W56,2025-07-11,191,56,14,177,190,10800.0,base,1004585.4683466224,1613.4941942592598,1012826.2744158055,5,0,56,56,0,0,0
S_adaptive_W56,2025-07-11,191,56,14,177,190,10800.0,0.50,976053.5305448209,2417.625433388207,983572.9862185477,4,0,56,56,0,0,0
S_adaptive_W56,2025-07-11,191,56,14,177,190,10800.0,0.65,879615.0528085639,5927.6118464814945,883985.8556705008,3,0,56,56,0,0,0
S_adaptive_W56,2025-07-11,191,56,14,177,190,10800.0,0.80,810653.4361033957,10800.0,810653.4361033957,2,0,56,56,0,0,0
S_adaptive_W56,2025-07-11,191,56,14,177,190,10800.0,0.90,753697.1179522879,10800.0,753697.1179522879,1,1,56,56,0,0,1
S_adaptive_W56,2025-07-12,192,56,14,178,191,10800.0,base,1012373.859479591,1862.1573666666707,1020391.600868504,5,0,56,56,0,0,0
S_adaptive_W56,2025-07-12,192,56,14,178,191,10800.0,0.50,984299.3148462289,3095.455389314134,991210.7193922703,4,0,56,56,0,0,0
S_adaptive_W56,2025-07-12,192,56,14,178,191,10800.0,0.65,886605.2653122795,7124.213927962979,889902.649629234,3,0,56,56,0,0,0
S_adaptive_W56,2025-07-12,192,56,14,178,191,10800.0,0.80,818950.3463074423,10800.0,818950.3463074423,2,0,56,56,0,0,0
S_adaptive_W56,2025-07-12,192,56,14,178,191,10800.0,0.90,762431.9043418344,10800.0,762431.9043418344,1,1,56,56,0,0,1
S_adaptive_W56,2025-07-13,193,56,14,179,192,10800.0,base,1020102.2701117506,1896.208139074078,1028089.4660661045,5,0,56,56,0,0,0
S_adaptive_W56,2025-07-13,193,56,14,179,192,10800.0,0.50,990733.3591953261,3349.084608017836,997417.2442416782,4,0,56,56,0,0,0
S_adaptive_W56,2025-07-13,193,56,14,179,192,10800.0,0.65,893445.295007565,7986.1345401852,895969.4886508777,3,0,56,56,0,0,0
S_adaptive_W56,2025-07-13,193,56,14,179,192,10800.0,0.80,827126.6938191759,10800.0,827126.6938191759,2,0,56,56,0,0,0
S_adaptive_W56,2025-07-13,193,56,14,179,192,10800.0,0.90,772328.8932738814,10800.0,772328.8932738814,1,1,56,56,0,0,1
S_adaptive_W56,2025-07-14,194,56,14,180,193,10800.0,base,1016728.1577642534,2188.0354387037087,1024453.5684182119,5,0,56,56,0,0,0
S_adaptive_W56,2025-07-14,194,56,14,180,193,10800.0,0.50,989573.7267018914,3948.225442962962,995720.1491336956,4,0,56,56,0,0,0
S_adaptive_W56,2025-07-14,194,56,14,180,193,10800.0,0.65,901322.9759836949,8941.714617962982,902989.9612094589,3,0,56,56,0,0,0
S_adaptive_W56,2025-07-14,194,56,14,180,193,10800.0,0.80,835706.5569267392,10800.0,835706.5569267392,2,0,56,56,0,0,0
S_adaptive_W56,2025-07-14,194,56,14,180,193,10800.0,0.90,781636.6603420322,10800.0,781636.6603420322,1,1,56,56,0,0,1
S_adaptive_W56,2025-07-15,195,56,14,181,194,10800.0,base,1022136.099197698,2392.0851133333385,1029678.4659574205,5,0,56,56,0,0,0
S_adaptive_W56,2025-07-15,195,56,14,181,194,10800.0,0.50,992031.3344162756,4166.081865370368,997982.3275340459,4,0,56,56,0,0,0
S_adaptive_W56,2025-07-15,195,56,14,181,194,10800.0,0.65,903170.8668677395,9605.815729444466,904242.1165019984,3,0,56,56,0,0,0
S_adaptive_W56,2025-07-15,195,56,14,181,194,10800.0,0.80,838721.5684242654,10800.0,838721.5684242654,2,0,56,56,0,0,0
S_adaptive_W56,2025-07-15,195,56,14,181,194,10800.0,0.90,785390.6971460889,10800.0,785390.6971460889,1,1,56,56,0,0,1
S_adaptive_W56,2025-07-16,196,56,14,182,195,9781.220235000003,base,990601.2644377591,2716.979226111118,996938.2810805662,5,0,56,56,0,0,0
S_adaptive_W56,2025-07-16,196,56,14,182,195,9781.220235000003,0.50,957990.1074559282,4697.786491796928,962550.2299365671,4,0,56,56,0,0,0
S_adaptive_W56,2025-07-16,196,56,14,182,195,9781.220235000003,0.65,885691.431622339,10635.769207777803,884924.8537188143,3,0,56,56,0,0,0
S_adaptive_W56,2025-07-16,196,56,14,182,195,9781.220235000003,0.80,833082.3909003428,10800.0,832168.488852262,2,0,56,56,0,0,0
S_adaptive_W56,2025-07-16,196,56,14,182,195,9781.220235000003,0.90,785409.6063110627,10800.0,784495.7042629819,1,1,56,56,0,0,1
S_adaptive_W56,2025-07-17,197,56,14,183,196,8687.63015518519,base,953052.9689489704,2886.1837603703793,958257.1886676968,5,0,56,56,0,0,0
S_adaptive_W56,2025-07-17,197,56,14,183,196,8687.63015518519,0.50,920579.9192643513,5292.803535925932,923625.2673433056,4,0,56,56,0,0,0
S_adaptive_W56,2025-07-17,197,56,14,183,196,8687.63015518519,0.65,862776.790533991,10800.0,860881.8774293117,3,0,56,56,0,0,0
S_adaptive_W56,2025-07-17,197,56,14,183,196,8687.63015518519,0.80,825627.2562154628,10800.0,823732.3431107836,2,0,56,56,0,0,0
S_adaptive_W56,2025-07-17,197,56,14,183,196,8687.63015518519,0.90,788311.0541523652,10800.0,786416.141047686,1,1,56,56,0,0,1
S_adaptive_W56,2025-07-18,198,56,14,184,197,8011.257850370376,base,863004.8098454505,3320.3738310257486,867212.7934154703,5,0,56,56,0,0,0
S_adaptive_W56,2025-07-18,198,56,14,184,197,8011.257850370376,0.50,825617.5767676117,5576.111484029686,827802.0383441285,4,0,56,56,0,0,0
S_adaptive_W56,2025-07-18,198,56,14,184,197,8011.257850370376,0.65,781876.1638219658,10800.0,779374.5071836286,3,0,56,56,0,0,0
S_adaptive_W56,2025-07-18,198,56,14,184,197,8011.257850370376,0.80,772375.9265317622,10800.0,769874.269893425,2,0,56,56,0,0,0
S_adaptive_W56,2025-07-18,198,56,14,184,197,8011.257850370376,0.90,768730.8756593326,10800.0,766229.2190209954,1,1,56,56,0,0,1
S_adaptive_W56,2025-07-19,199,56,14,185,198,7659.2106081481525,base,828123.9005571491,4321.115974629638,831118.3568931171,5,0,56,56,0,0,0
S_adaptive_W56,2025-07-19,199,56,14,185,198,7659.2106081481525,0.50,794197.7428221486,7358.860268518529,794467.1737629264,4,0,56,56,0,0,0
S_adaptive_W56,2025-07-19,199,56,14,185,198,7659.2106081481525,0.65,758120.8142057164,10800.0,755303.3516329257,2,0,56,56,0,0,0
S_adaptive_W56,2025-07-19,199,56,14,185,198,7659.2106081481525,0.80,757398.4745373226,10800.0,754581.011964532,1,1,56,56,0,0,1
S_adaptive_W56,2025-07-19,199,56,14,185,198,7659.2106081481525,0.90,765939.4666839116,10800.0,763122.004111121,3,0,56,56,0,0,0
S_adaptive_W56,2025-07-20,200,56,14,186,199,7538.815137962965,base,791859.5852270292,5573.072028888894,793622.9660038191,5,0,56,56,0,0,0
S_adaptive_W56,2025-07-20,200,56,14,186,199,7538.815137962965,0.50,758115.62347397,8413.366235185187,757331.1025535896,3,0,56,56,0,0,0
S_adaptive_W56,2025-07-20,200,56,14,186,199,7538.815137962965,0.65,729919.9797551847,10800.0,726994.5157570008,1,1,56,56,0,0,1
S_adaptive_W56,2025-07-20,200,56,14,186,199,7538.815137962965,0.80,739244.1820779857,10800.0,736318.7180798018,2,0,56,56,0,0,0
S_adaptive_W56,2025-07-20,200,56,14,186,199,7538.815137962965,0.90,763395.6813000347,10800.0,760470.2173018508,4,0,56,56,0,0,0
S_adaptive_W56,2025-07-21,201,56,14,187,200,7384.488209444448,base,695866.9372016374,6840.124160000011,696355.2619964363,3,0,56,56,0,0,0
S_adaptive_W56,2025-07-21,201,56,14,187,200,7384.488209444448,0.50,665889.0704864496,9986.7128088889,663554.7304527146,2,0,56,56,0,0,0
S_adaptive_W56,2025-07-21,201,56,14,187,200,7384.488209444448,0.65,657502.8135499209,10800.0,654438.9097231375,1,1,56,56,0,0,1
S_adaptive_W56,2025-07-21,201,56,14,187,200,7384.488209444448,0.80,697317.4502276387,10800.0,694253.5464008553,4,0,56,56,0,0,0
S_adaptive_W56,2025-07-21,201,56,14,187,200,7384.488209444448,0.90,752857.5300731214,10800.0,749793.626246338,5,0,56,56,0,0,0
S_adaptive_W56,2025-07-22,202,56,14,188,201,7503.552112037041,base,661099.2532784903,8107.3383907407515,660557.6234428108,3,0,56,56,0,0,0
S_adaptive_W56,2025-07-22,202,56,14,188,201,7503.552112037041,0.50,633753.98658931,10800.0,630796.8896978134,1,1,56,56,0,0,1
S_adaptive_W56,2025-07-22,202,56,14,188,201,7503.552112037041,0.65,642262.840346756,10800.0,639305.7434552595,2,0,56,56,0,0,0
S_adaptive_W56,2025-07-22,202,56,14,188,201,7503.552112037041,0.80,695058.8987531908,10800.0,692101.8018616942,4,0,56,56,0,0,0
S_adaptive_W56,2025-07-22,202,56,14,188,201,7503.552112037041,0.90,758539.9735314691,10800.0,755582.8766399726,5,0,56,56,0,0,0
S_adaptive_W56,2025-07-23,203,56,14,189,202,10036.870686481487,base,640435.2245157463,10370.37476851853,640136.0528261545,2,0,56,56,0,0,0
S_adaptive_W56,2025-07-23,203,56,14,189,202,10036.870686481487,0.50,619958.9514650112,10800.0,619274.3820747122,1,1,56,56,0,0,1
S_adaptive_W56,2025-07-23,203,56,14,189,202,10036.870686481487,0.65,643961.3090345534,10800.0,643276.7396442543,3,0,56,56,0,0,0
S_adaptive_W56,2025-07-23,203,56,14,189,202,10036.870686481487,0.80,696513.0728602465,10800.0,695828.5034699475,4,0,56,56,0,0,0
S_adaptive_W56,2025-07-23,203,56,14,189,202,10036.870686481487,0.90,760014.4982482893,10800.0,759329.9288579903,5,0,56,56,0,0,0
S_adaptive_W56,2025-07-24,204,56,14,190,203,10800.0,base,644030.8815194903,10690.449945925937,644129.1540041089,3,0,56,56,0,0,0
S_adaptive_W56,2025-07-24,204,56,14,190,203,10800.0,0.50,620426.1728509094,10800.0,620426.1728509094,1,1,56,56,0,0,1
S_adaptive_W56,2025-07-24,204,56,14,190,203,10800.0,0.65,642919.8488170604,10800.0,642919.8488170604,2,0,56,56,0,0,0
S_adaptive_W56,2025-07-24,204,56,14,190,203,10800.0,0.80,695663.9571926479,10800.0,695663.9571926479,4,0,56,56,0,0,0
S_adaptive_W56,2025-07-24,204,56,14,190,203,10800.0,0.90,759089.0330452309,10800.0,759089.0330452309,5,0,56,56,0,0,0
S_adaptive_W56,2025-07-25,205,56,14,191,204,10800.0,base,642857.4559519169,10698.641945925936,642948.3797574244,3,0,56,56,0,0,0
S_adaptive_W56,2025-07-25,205,56,14,191,204,10800.0,0.50,619369.6083173243,10800.0,619369.6083173243,1,1,56,56,0,0,1
S_adaptive_W56,2025-07-25,205,56,14,191,204,10800.0,0.65,642340.6321542984,10800.0,642340.6321542984,2,0,56,56,0,0,0
S_adaptive_W56,2025-07-25,205,56,14,191,204,10800.0,0.80,695221.7210206043,10800.0,695221.7210206043,4,0,56,56,0,0,0
S_adaptive_W56,2025-07-25,205,56,14,191,204,10800.0,0.90,758498.8162260061,10800.0,758498.8162260061,5,0,56,56,0,0,0
S_adaptive_W56,2025-07-26,206,56,14,192,205,10800.0,base,640465.197223569,10688.053115925935,640565.6197978548,2,0,56,56,0,0,0
S_adaptive_W56,2025-07-26,206,56,14,192,205,10800.0,0.50,616503.6145274921,10800.0,616503.6145274921,1,1,56,56,0,0,1
S_adaptive_W56,2025-07-26,206,56,14,192,205,10800.0,0.65,641285.7579481467,10800.0,641285.7579481467,3,0,56,56,0,0,0
S_adaptive_W56,2025-07-26,206,56,14,192,205,10800.0,0.80,694695.3172482643,10800.0,694695.3172482643,4,0,56,56,0,0,0
S_adaptive_W56,2025-07-26,206,56,14,192,205,10800.0,0.90,757951.1884104761,10800.0,757951.1884104761,5,0,56,56,0,0,0
S_adaptive_W56,2025-07-27,207,56,14,193,206,10800.0,base,638375.8392601663,10797.291196296308,638378.2692075776,2,0,56,56,0,0,0
S_adaptive_W56,2025-07-27,207,56,14,193,206,10800.0,0.50,615980.164675612,10800.0,615980.164675612,1,1,56,56,0,0,1
S_adaptive_W56,2025-07-27,207,56,14,193,206,10800.0,0.65,640761.1574676266,10800.0,640761.1574676266,3,0,56,56,0,0,0
S_adaptive_W56,2025-07-27,207,56,14,193,206,10800.0,0.80,694186.3064730173,10800.0,694186.3064730173,4,0,56,56,0,0,0
S_adaptive_W56,2025-07-27,207,56,14,193,206,10800.0,0.90,756381.748179121,10800.0,756381.748179121,5,0,56,56,0,0,0
S_adaptive_W56,2025-07-28,208,56,14,194,207,10800.0,base,644969.6251482639,10800.0,644969.6251482639,3,0,56,56,0,0,0
S_adaptive_W56,2025-07-28,208,56,14,194,207,10800.0,0.50,617747.315401079,10800.0,617747.315401079,1,1,56,56,0,0,1
S_adaptive_W56,2025-07-28,208,56,14,194,207,10800.0,0.65,639917.1646925195,10800.0,639917.1646925195,2,0,56,56,0,0,0
S_adaptive_W56,2025-07-28,208,56,14,194,207,10800.0,0.80,691400.4474339201,10800.0,691400.4474339201,4,0,56,56,0,0,0
S_adaptive_W56,2025-07-28,208,56,14,194,207,10800.0,0.90,753523.1969390984,10800.0,753523.1969390984,5,0,56,56,0,0,0
S_adaptive_W56,2025-07-29,209,56,14,195,208,10800.0,base,662185.9187479693,10589.679929999998,662374.5875352076,3,0,56,56,0,0,0
S_adaptive_W56,2025-07-29,209,56,14,195,208,10800.0,0.50,635895.0613605493,10602.582104999998,636072.1561800251,1,1,56,56,0,0,1
S_adaptive_W56,2025-07-29,209,56,14,195,208,10800.0,0.65,641697.3735145157,10800.0,641697.3735145157,2,0,56,56,0,0,0
S_adaptive_W56,2025-07-29,209,56,14,195,208,10800.0,0.80,693150.1620834833,10800.0,693150.1620834833,4,0,56,56,0,0,0
S_adaptive_W56,2025-07-29,209,56,14,195,208,10800.0,0.90,755492.0851506051,10800.0,755492.0851506051,5,0,56,56,0,0,0
S_adaptive_W56,2025-07-30,210,56,14,196,209,10800.0,base,659045.5625330808,10800.0,659045.5625330808,3,0,56,56,0,0,0
S_adaptive_W56,2025-07-30,210,56,14,196,209,10800.0,0.50,638174.5566452848,10800.0,638174.5566452848,1,1,56,56,0,0,1
S_adaptive_W56,2025-07-30,210,56,14,196,209,10800.0,0.65,646541.3078752836,10800.0,646541.3078752836,2,0,56,56,0,0,0
S_adaptive_W56,2025-07-30,210,56,14,196,209,10800.0,0.80,697275.1821386312,10800.0,697275.1821386312,4,0,56,56,0,0,0
S_adaptive_W56,2025-07-30,210,56,14,196,209,10800.0,0.90,759749.1674013922,10800.0,759749.1674013922,5,0,56,56,0,0,0
S_adaptive_W56,2025-07-31,211,56,14,197,210,10800.0,base,659899.8493480354,10800.0,659899.8493480354,3,0,56,56,0,0,0
S_adaptive_W56,2025-07-31,211,56,14,197,210,10800.0,0.50,640046.5629781921,10800.0,640046.5629781921,1,1,56,56,0,0,1
S_adaptive_W56,2025-07-31,211,56,14,197,210,10800.0,0.65,648198.3566837381,10800.0,648198.3566837381,2,0,56,56,0,0,0
S_adaptive_W56,2025-07-31,211,56,14,197,210,10800.0,0.80,698754.9762403129,10800.0,698754.9762403129,4,0,56,56,0,0,0
S_adaptive_W56,2025-07-31,211,56,14,197,210,10800.0,0.90,761671.262915252,10800.0,761671.262915252,5,0,56,56,0,0,0
S_adaptive_W56,2025-08-01,212,56,14,198,211,10800.0,base,657925.9563370612,10707.935235,658008.5435459755,3,0,56,56,0,0,0
S_adaptive_W56,2025-08-01,212,56,14,198,211,10800.0,0.50,641083.8395418731,10754.040990000001,641125.0673271214,1,1,56,56,0,0,1
S_adaptive_W56,2025-08-01,212,56,14,198,211,10800.0,0.65,648992.7238068018,10800.0,648992.7238068018,2,0,56,56,0,0,0
S_adaptive_W56,2025-08-01,212,56,14,198,211,10800.0,0.80,698922.4312062904,10800.0,698922.4312062904,4,0,56,56,0,0,0
S_adaptive_W56,2025-08-01,212,56,14,198,211,10800.0,0.90,762405.5136574748,10800.0,762405.5136574748,5,0,56,56,0,0,0
S_adaptive_W56,2025-08-02,213,56,14,199,212,10800.0,base,657491.4608893591,10747.903020000002,657538.1947746958,3,0,56,56,0,0,0
S_adaptive_W56,2025-08-02,213,56,14,199,212,10800.0,0.50,639634.629914677,10800.0,639634.629914677,1,1,56,56,0,0,1
S_adaptive_W56,2025-08-02,213,56,14,199,212,10800.0,0.65,647323.4866121985,10800.0,647323.4866121985,2,0,56,56,0,0,0
S_adaptive_W56,2025-08-02,213,56,14,199,212,10800.0,0.80,696577.9178795003,10800.0,696577.9178795003,4,0,56,56,0,0,0
S_adaptive_W56,2025-08-02,213,56,14,199,212,10800.0,0.90,760785.5734445048,10800.0,760785.5734445048,5,0,56,56,0,0,0
S_adaptive_W56,2025-08-03,214,56,14,200,213,10800.0,base,655632.9465220241,10800.0,655632.9465220241,3,0,56,56,0,0,0
S_adaptive_W56,2025-08-03,214,56,14,200,213,10800.0,0.50,638766.682368377,10800.0,638766.682368377,1,1,56,56,0,0,1
S_adaptive_W56,2025-08-03,214,56,14,200,213,10800.0,0.65,645033.9497757634,10800.0,645033.9497757634,2,0,56,56,0,0,0
S_adaptive_W56,2025-08-03,214,56,14,200,213,10800.0,0.80,693303.9459279461,10800.0,693303.9459279461,4,0,56,56,0,0,0
S_adaptive_W56,2025-08-03,214,56,14,200,213,10800.0,0.90,756951.234650238,10800.0,756951.234650238,5,0,56,56,0,0,0
S_adaptive_W56,2025-08-04,215,56,14,201,214,10800.0,base,655610.9776141461,10547.386949999998,655837.5855540544,3,0,56,56,0,0,0
S_adaptive_W56,2025-08-04,215,56,14,201,214,10800.0,0.50,637061.6469800756,10532.421359999998,637301.6798856356,1,1,56,56,0,0,1
S_adaptive_W56,2025-08-04,215,56,14,201,214,10800.0,0.65,641605.740752009,10733.705877407403,641665.2102629814,2,0,56,56,0,0,0
S_adaptive_W56,2025-08-04,215,56,14,201,214,10800.0,0.80,687644.4419805044,10800.0,687644.4419805044,4,0,56,56,0,0,0
S_adaptive_W56,2025-08-04,215,56,14,201,214,10800.0,0.90,750927.6481572355,10800.0,750927.6481572355,5,0,56,56,0,0,0
S_adaptive_W56,2025-08-05,216,56,14,202,215,10800.0,base,661664.1472705406,10607.30188333333,661837.0081866415,3,0,56,56,0,0,0
S_adaptive_W56,2025-08-05,216,56,14,202,215,10800.0,0.50,646269.1924846132,10594.240734814814,646453.7699765546,2,0,56,56,0,0,0
S_adaptive_W56,2025-08-05,216,56,14,202,215,10800.0,0.65,634249.3689442868,10800.0,634249.3689442868,1,1,56,56,0,0,1
S_adaptive_W56,2025-08-05,216,56,14,202,215,10800.0,0.80,677922.5951577293,10800.0,677922.5951577293,4,0,56,56,0,0,0
S_adaptive_W56,2025-08-05,216,56,14,202,215,10800.0,0.90,740777.7470529521,10800.0,740777.7470529521,5,0,56,56,0,0,0
S_adaptive_W56,2025-08-06,217,56,14,203,216,10800.0,base,655291.0047273185,10420.411993333331,655631.5162575211,3,0,56,56,0,0,0
S_adaptive_W56,2025-08-06,217,56,14,203,216,10800.0,0.50,639104.2469224536,10395.281650370374,639467.3017664242,2,0,56,56,0,0,0
S_adaptive_W56,2025-08-06,217,56,14,203,216,10800.0,0.65,626854.1678987357,10800.0,626854.1678987357,1,1,56,56,0,0,1
S_adaptive_W56,2025-08-06,217,56,14,203,216,10800.0,0.80,669128.8716157861,10800.0,669128.8716157861,4,0,56,56,0,0,0
S_adaptive_W56,2025-08-06,217,56,14,203,216,10800.0,0.90,731752.6323173181,10800.0,731752.6323173181,5,0,56,56,0,0,0
S_adaptive_W56,2025-08-07,218,56,14,204,217,10800.0,base,659042.569254723,10141.301878333332,659633.4580641981,3,0,56,56,0,0,0
S_adaptive_W56,2025-08-07,218,56,14,204,217,10800.0,0.50,643776.8800492287,10095.429340370374,644408.9190737308,2,0,56,56,0,0,0
S_adaptive_W56,2025-08-07,218,56,14,204,217,10800.0,0.65,625196.5392486659,10681.866695740742,625302.5113855478,1,1,56,56,0,0,1
S_adaptive_W56,2025-08-07,218,56,14,204,217,10800.0,0.80,661343.7283666832,10800.0,661343.7283666832,4,0,56,56,0,0,0
S_adaptive_W56,2025-08-07,218,56,14,204,217,10800.0,0.90,723859.291868224,10800.0,723859.291868224,5,0,56,56,0,0,0
S_adaptive_W56,2025-08-08,219,56,14,205,218,10800.0,base,653548.5962506263,10160.577363148146,654122.1938793622,3,0,56,56,0,0,0
S_adaptive_W56,2025-08-08,219,56,14,205,218,10800.0,0.50,639693.6608706963,10117.830129074078,640305.605143243,2,0,56,56,0,0,0
S_adaptive_W56,2025-08-08,219,56,14,205,218,10800.0,0.65,620730.0728601031,10800.0,620730.0728601031,1,1,56,56,0,0,1
S_adaptive_W56,2025-08-08,219,56,14,205,218,10800.0,0.80,655498.0143071001,10800.0,655498.0143071001,4,0,56,56,0,0,0
S_adaptive_W56,2025-08-08,219,56,14,205,218,10800.0,0.90,718068.9422329024,10800.0,718068.9422329024,5,0,56,56,0,0,0
S_adaptive_W56,2025-08-09,220,56,14,206,219,10800.0,base,651185.8797383507,10187.898746851852,651734.9685680498,3,0,56,56,0,0,0
S_adaptive_W56,2025-08-09,220,56,14,206,219,10800.0,0.50,638054.2746507587,10185.047785925932,638605.920950795,2,0,56,56,0,0,0
S_adaptive_W56,2025-08-09,220,56,14,206,219,10800.0,0.65,619029.9149413548,10800.0,619029.9149413548,1,1,56,56,0,0,1
S_adaptive_W56,2025-08-09,220,56,14,206,219,10800.0,0.80,652779.1192399501,10800.0,652779.1192399501,4,0,56,56,0,0,0
S_adaptive_W56,2025-08-09,220,56,14,206,219,10800.0,0.90,715580.2656002875,10800.0,715580.2656002875,5,0,56,56,0,0,0
S_adaptive_W56,2025-08-10,221,56,14,207,220,10800.0,base,649321.3809184701,9936.648643148148,650095.8550495305,4,0,56,56,0,0,0
S_adaptive_W56,2025-08-10,221,56,14,207,220,10800.0,0.50,636105.9998094778,9943.723429814814,636874.1274638545,2,0,56,56,0,0,0
S_adaptive_W56,2025-08-10,221,56,14,207,220,10800.0,0.65,616598.3557389113,10800.0,616598.3557389113,1,1,56,56,0,0,1
S_adaptive_W56,2025-08-10,221,56,14,207,220,10800.0,0.80,649241.6862663275,10800.0,649241.6862663275,3,0,56,56,0,0,0
S_adaptive_W56,2025-08-10,221,56,14,207,220,10800.0,0.90,712279.8191326808,10800.0,712279.8191326808,5,0,56,56,0,0,0
S_adaptive_W56,2025-08-11,222,56,14,208,221,10800.0,base,635474.6911866869,9989.354737962964,636201.885022582,3,0,56,56,0,0,0
S_adaptive_W56,2025-08-11,222,56,14,208,221,10800.0,0.50,626452.3614364071,10081.919329444449,627096.519691266,2,0,56,56,0,0,0
S_adaptive_W56,2025-08-11,222,56,14,208,221,10800.0,0.65,609039.4003538883,10800.0,609039.4003538883,1,1,56,56,0,0,1
S_adaptive_W56,2025-08-11,222,56,14,208,221,10800.0,0.80,642439.1420404939,10800.0,642439.1420404939,4,0,56,56,0,0,0
S_adaptive_W56,2025-08-11,222,56,14,208,221,10800.0,0.90,705360.9713239433,10800.0,705360.9713239433,5,0,56,56,0,0,0
S_adaptive_W56,2025-08-12,223,56,14,209,222,10602.582104999998,base,608643.2908210991,9991.189940555558,609191.7435588371,3,0,56,56,0,0,0
S_adaptive_W56,2025-08-12,223,56,14,209,222,10602.582104999998,0.50,603488.7736911605,10107.119973148152,603933.2307491056,1,1,56,56,0,0,1
S_adaptive_W56,2025-08-12,223,56,14,209,222,10602.582104999998,0.65,604292.9214640885,10800.0,604115.8266446127,2,0,56,56,0,0,0
S_adaptive_W56,2025-08-12,223,56,14,209,222,10602.582104999998,0.80,635960.6276106026,10800.0,635783.5327911269,4,0,56,56,0,0,0
S_adaptive_W56,2025-08-12,223,56,14,209,222,10602.582104999998,0.90,698413.6553140008,10800.0,698236.560494525,5,0,56,56,0,0,0
S_adaptive_W56,2025-08-13,224,56,14,210,223,10800.0,base,619927.1719841762,10149.051515555557,620511.1089385275,3,0,56,56,0,0,0
S_adaptive_W56,2025-08-13,224,56,14,210,223,10800.0,0.50,615563.421682553,10255.680667777782,616051.7063635193,2,0,56,56,0,0,0
S_adaptive_W56,2025-08-13,224,56,14,210,223,10800.0,0.65,599035.4184160567,10800.0,599035.4184160567,1,1,56,56,0,0,1
S_adaptive_W56,2025-08-13,224,56,14,210,223,10800.0,0.80,624893.8519746152,10800.0,624893.8519746152,4,0,56,56,0,0,0
S_adaptive_W56,2025-08-13,224,56,14,210,223,10800.0,0.90,686587.5157449686,10800.0,686587.5157449686,5,0,56,56,0,0,0
S_adaptive_W56,2025-08-14,225,56,14,211,224,10800.0,base,613386.2841958732,10340.533643148148,613798.451043878,3,0,56,56,0,0,0
S_adaptive_W56,2025-08-14,225,56,14,211,224,10800.0,0.50,610424.7170806988,10423.79087796297,610762.1975636728,2,0,56,56,0,0,0
S_adaptive_W56,2025-08-14,225,56,14,211,224,10800.0,0.65,593201.3672109348,10800.0,593201.3672109348,1,1,56,56,0,0,1
S_adaptive_W56,2025-08-14,225,56,14,211,224,10800.0,0.80,617739.8290237648,10800.0,617739.8290237648,4,0,56,56,0,0,0
S_adaptive_W56,2025-08-14,225,56,14,211,224,10800.0,0.90,678803.6713466468,10800.0,678803.6713466468,5,0,56,56,0,0,0
S_adaptive_W56,2025-08-15,226,56,14,212,225,10754.040990000001,base,607859.8198191882,10327.730828148147,608242.2437182672,3,0,56,56,0,0,0
S_adaptive_W56,2025-08-15,226,56,14,212,225,10754.040990000001,0.50,606428.3994617535,10417.77043296297,606730.0528331134,2,0,56,56,0,0,0
S_adaptive_W56,2025-08-15,226,56,14,212,225,10754.040990000001,0.65,589070.1229412061,10800.0,589028.8951559578,1,1,56,56,0,0,1
S_adaptive_W56,2025-08-15,226,56,14,212,225,10754.040990000001,0.80,611631.9386966527,10800.0,611590.7109114043,4,0,56,56,0,0,0
S_adaptive_W56,2025-08-15,226,56,14,212,225,10754.040990000001,0.90,671908.1680973292,10800.0,671866.9403120809,5,0,56,56,0,0,0
S_adaptive_W56,2025-08-16,227,56,14,213,226,10800.0,base,607025.1603943539,10169.94654185185,607590.3533492826,3,0,56,56,0,0,0
S_adaptive_W56,2025-08-16,227,56,14,213,226,10800.0,0.50,606164.740906111,10292.294424074085,606620.1810135818,2,0,56,56,0,0,0
S_adaptive_W56,2025-08-16,227,56,14,213,226,10800.0,0.65,588121.8512273504,10800.0,588121.8512273504,1,1,56,56,0,0,1
S_adaptive_W56,2025-08-16,227,56,14,213,226,10800.0,0.80,610392.6609565989,10800.0,610392.6609565989,4,0,56,56,0,0,0
S_adaptive_W56,2025-08-16,227,56,14,213,226,10800.0,0.90,670304.427111172,10800.0,670304.427111172,5,0,56,56,0,0,0
S_adaptive_W56,2025-08-17,228,56,14,214,227,10800.0,base,606586.3439166814,10286.587419814816,607046.9035240286,3,0,56,56,0,0,0
S_adaptive_W56,2025-08-17,228,56,14,214,227,10800.0,0.50,606382.3711174824,10383.215874074085,606756.2496331116,2,0,56,56,0,0,0
S_adaptive_W56,2025-08-17,228,56,14,214,227,10800.0,0.65,587807.444403402,10800.0,587807.444403402,1,1,56,56,0,0,1
S_adaptive_W56,2025-08-17,228,56,14,214,227,10800.0,0.80,610025.2801609172,10800.0,610025.2801609172,4,0,56,56,0,0,0
S_adaptive_W56,2025-08-17,228,56,14,214,227,10800.0,0.90,669688.2693140786,10800.0,669688.2693140786,5,0,56,56,0,0,0
S_adaptive_W56,2025-08-18,229,56,14,215,228,10532.421359999998,base,605105.9185586929,10322.130854814814,605294.5608246499,2,0,56,56,0,0,0
S_adaptive_W56,2025-08-18,229,56,14,215,228,10532.421359999998,0.50,605221.1309869197,10433.264372777789,605310.0803131795,3,0,56,56,0,0,0
S_adaptive_W56,2025-08-18,229,56,14,215,228,10532.421359999998,0.65,585009.4039488832,10800.0,584769.3710433232,1,1,56,56,0,0,1
S_adaptive_W56,2025-08-18,229,56,14,215,228,10532.421359999998,0.80,607554.946624674,10800.0,607314.913719114,4,0,56,56,0,0,0
S_adaptive_W56,2025-08-18,229,56,14,215,228,10532.421359999998,0.90,667168.1653285106,10800.0,666928.1324229506,5,0,56,56,0,0,0
S_adaptive_W56,2025-08-19,230,56,14,216,229,10594.240734814814,base,593286.4081739503,10383.556484814813,593475.4036508808,2,0,56,56,0,0,0
S_adaptive_W56,2025-08-19,230,56,14,216,229,10594.240734814814,0.50,594266.3311297826,10495.21318777779,594355.1643410051,3,0,56,56,0,0,0
S_adaptive_W56,2025-08-19,230,56,14,216,229,10594.240734814814,0.65,585810.7486116095,10800.0,585626.171119668,1,1,56,56,0,0,1
S_adaptive_W56,2025-08-19,230,56,14,216,229,10594.240734814814,0.80,608700.5602302997,10800.0,608515.9827383583,4,0,56,56,0,0,0
S_adaptive_W56,2025-08-19,230,56,14,216,229,10594.240734814814,0.90,668096.9870298946,10800.0,667912.4095379532,5,0,56,56,0,0,0
S_adaptive_W56,2025-08-20,231,56,14,217,230,10800.0,base,595123.6433108698,10616.336131028806,595288.4000048853,2,0,56,56,0,0,0
S_adaptive_W56,2025-08-20,231,56,14,217,230,10800.0,0.50,597887.0551920893,10800.0,597887.0551920893,3,0,56,56,0,0,0
S_adaptive_W56,2025-08-20,231,56,14,217,230,10800.0,0.65,586389.5020390846,10800.0,586389.5020390846,1,1,56,56,0,0,1
S_adaptive_W56,2025-08-20,231,56,14,217,230,10800.0,0.80,609136.3227320634,10800.0,609136.3227320634,4,0,56,56,0,0,0
S_adaptive_W56,2025-08-20,231,56,14,217,230,10800.0,0.90,668578.3656166478,10800.0,668578.3656166478,5,0,56,56,0,0,0
S_adaptive_W56,2025-08-21,232,56,14,218,231,10681.866695740742,base,616884.9250934169,10669.366791769555,616896.1382017182,3,0,56,56,0,0,0
S_adaptive_W56,2025-08-21,232,56,14,218,231,10681.866695740742,0.50,620705.7532527468,10689.13119,620699.2365978132,4,0,56,56,0,0,0
S_adaptive_W56,2025-08-21,232,56,14,218,231,10681.866695740742,0.65,595354.3364784534,10800.0,595248.3643415715,1,1,56,56,0,0,1
S_adaptive_W56,2025-08-21,232,56,14,218,231,10681.866695740742,0.80,611128.02926208,10800.0,611022.0571251981,2,0,56,56,0,0,0
S_adaptive_W56,2025-08-21,232,56,14,218,231,10681.866695740742,0.90,669929.8950669614,10800.0,669823.9229300795,5,0,56,56,0,0,0
S_adaptive_W56,2025-08-22,233,56,14,219,232,10800.0,base,618832.5598122168,10621.552444362142,618992.637183377,3,0,56,56,0,0,0
S_adaptive_W56,2025-08-22,233,56,14,219,232,10800.0,0.50,622059.7988796397,10663.101482407408,622182.6044553935,4,0,56,56,0,0,0
S_adaptive_W56,2025-08-22,233,56,14,219,232,10800.0,0.65,596677.6480963442,10800.0,596677.6480963442,1,1,56,56,0,0,1
S_adaptive_W56,2025-08-22,233,56,14,219,232,10800.0,0.80,612744.683658871,10800.0,612744.683658871,2,0,56,56,0,0,0
S_adaptive_W56,2025-08-22,233,56,14,219,232,10800.0,0.90,671748.2879652127,10800.0,671748.2879652127,5,0,56,56,0,0,0
S_adaptive_W56,2025-08-23,234,56,14,220,233,10800.0,base,625312.5824224188,10437.955639362142,625637.3563274865,3,0,56,56,0,0,0
S_adaptive_W56,2025-08-23,234,56,14,220,233,10800.0,0.50,628175.2935699598,10471.478627407407,628469.9954923628,4,0,56,56,0,0,0
S_adaptive_W56,2025-08-23,234,56,14,220,233,10800.0,0.65,598193.3529106161,10732.202103703701,598254.1713901437,1,1,56,56,0,0,1
S_adaptive_W56,2025-08-23,234,56,14,220,233,10800.0,0.80,611968.3947352694,10800.0,611968.3947352694,2,0,56,56,0,0,0
S_adaptive_W56,2025-08-23,234,56,14,220,233,10800.0,0.90,670897.0990133844,10800.0,670897.0990133844,5,0,56,56,0,0,0
S_adaptive_W56,2025-08-24,235,56,14,221,234,10800.0,base,626425.2105824181,10340.77096936214,626837.1645356242,3,0,56,56,0,0,0
S_adaptive_W56,2025-08-24,235,56,14,221,234,10800.0,0.50,629265.8715459302,10387.206137407407,629636.1705736681,4,0,56,56,0,0,0
S_adaptive_W56,2025-08-24,235,56,14,221,234,10800.0,0.65,598807.1090753753,10800.0,598807.1090753753,1,1,56,56,0,0,1
S_adaptive_W56,2025-08-24,235,56,14,221,234,10800.0,0.80,612819.3657512468,10800.0,612819.3657512468,2,0,56,56,0,0,0
S_adaptive_W56,2025-08-24,235,56,14,221,234,10800.0,0.90,671646.9047270544,10800.0,671646.9047270544,5,0,56,56,0,0,0
S_adaptive_W56,2025-08-25,236,56,14,222,235,10800.0,base,630975.9686314262,10153.17043936214,631556.210682294,3,0,56,56,0,0,0
S_adaptive_W56,2025-08-25,236,56,14,222,235,10800.0,0.50,633137.5533015593,10195.912967407407,633679.4529301856,4,0,56,56,0,0,0
S_adaptive_W56,2025-08-25,236,56,14,222,235,10800.0,0.65,599604.8280442435,10800.0,599604.8280442435,1,1,56,56,0,0,1
S_adaptive_W56,2025-08-25,236,56,14,222,235,10800.0,0.80,613939.5629660735,10800.0,613939.5629660735,2,0,56,56,0,0,0
S_adaptive_W56,2025-08-25,236,56,14,222,235,10800.0,0.90,672987.0584514637,10800.0,672987.0584514637,5,0,56,56,0,0,0
S_adaptive_W56,2025-08-26,237,56,14,223,236,10800.0,base,665814.4699865676,10119.48669010288,666424.9282318404,3,0,56,56,0,0,0
S_adaptive_W56,2025-08-26,237,56,14,223,236,10800.0,0.50,666920.8069726845,10155.216134259259,667499.2139215798,4,0,56,56,0,0,0
S_adaptive_W56,2025-08-26,237,56,14,223,236,10800.0,0.65,617088.9551309363,10800.0,617088.9551309363,2,0,56,56,0,0,0
S_adaptive_W56,2025-08-26,237,56,14,223,236,10800.0,0.80,613117.1913415353,10800.0,613117.1913415353,1,1,56,56,0,0,1
S_adaptive_W56,2025-08-26,237,56,14,223,236,10800.0,0.90,672148.0972404832,10800.0,672148.0972404832,5,0,56,56,0,0,0
S_adaptive_W56,2025-08-27,238,56,14,224,237,10800.0,base,648391.230464098,10385.189324362142,648763.3386851827,3,0,56,56,0,0,0
S_adaptive_W56,2025-08-27,238,56,14,224,237,10800.0,0.50,648533.6589982384,10491.2294475926,648810.6433376675,4,0,56,56,0,0,0
S_adaptive_W56,2025-08-27,238,56,14,224,237,10800.0,0.65,616390.3931581224,10800.0,616390.3931581224,1,1,56,56,0,0,1
S_adaptive_W56,2025-08-27,238,56,14,224,237,10800.0,0.80,617802.7564147153,10800.0,617802.7564147153,2,0,56,56,0,0,0
S_adaptive_W56,2025-08-27,238,56,14,224,237,10800.0,0.90,677380.0856774786,10800.0,677380.0856774786,5,0,56,56,0,0,0
S_adaptive_W56,2025-08-28,239,56,14,225,238,10800.0,base,660473.2136636345,10388.873070843623,660842.0173594727,3,0,56,56,0,0,0
S_adaptive_W56,2025-08-28,239,56,14,225,238,10800.0,0.50,660981.7159367428,10479.415189259265,661269.2983222445,4,0,56,56,0,0,0
S_adaptive_W56,2025-08-28,239,56,14,225,238,10800.0,0.65,615359.4580387981,10800.0,615359.4580387981,1,1,56,56,0,0,1
S_adaptive_W56,2025-08-28,239,56,14,225,238,10800.0,0.80,617088.6258561825,10800.0,617088.6258561825,2,0,56,56,0,0,0
S_adaptive_W56,2025-08-28,239,56,14,225,238,10800.0,0.90,676546.0868058874,10800.0,676546.0868058874,5,0,56,56,0,0,0
S_adaptive_W56,2025-08-29,240,56,14,226,239,10800.0,base,669137.5888017028,10265.892135843624,669616.7132285102,3,0,56,56,0,0,0
S_adaptive_W56,2025-08-29,240,56,14,226,239,10800.0,0.50,670574.3040278098,10363.310119259266,670966.0391113831,4,0,56,56,0,0,0
S_adaptive_W56,2025-08-29,240,56,14,226,239,10800.0,0.65,616857.6277739046,10800.0,616857.6277739046,1,1,56,56,0,0,1
S_adaptive_W56,2025-08-29,240,56,14,226,239,10800.0,0.80,619728.6731314117,10800.0,619728.6731314117,2,0,56,56,0,0,0
S_adaptive_W56,2025-08-29,240,56,14,226,239,10800.0,0.90,678169.7904379428,10800.0,678169.7904379428,5,0,56,56,0,0,0
S_adaptive_W56,2025-08-30,241,56,14,227,240,10800.0,base,670265.3645589835,10646.622105658436,670402.953051202,3,0,56,56,0,0,0
S_adaptive_W56,2025-08-30,241,56,14,227,240,10800.0,0.50,671028.1359666454,10700.79035222223,671117.1325323492,4,0,56,56,0,0,0
S_adaptive_W56,2025-08-30,241,56,14,227,240,10800.0,0.65,617613.2623764978,10800.0,617613.2623764978,1,1,56,56,0,0,1
S_adaptive_W56,2025-08-30,241,56,14,227,240,10800.0,0.80,620278.0419873834,10800.0,620278.0419873834,2,0,56,56,0,0,0
S_adaptive_W56,2025-08-30,241,56,14,227,240,10800.0,0.90,677518.3741445111,10800.0,677518.3741445111,5,0,56,56,0,0,0
S_adaptive_W56,2025-08-31,242,56,14,228,241,10800.0,base,669851.4925019754,10532.852880658436,670091.1383095314,3,0,56,56,0,0,0
S_adaptive_W56,2025-08-31,242,56,14,228,241,10800.0,0.50,670804.7856697801,10519.02216111112,671056.8384011433,4,0,56,56,0,0,0
S_adaptive_W56,2025-08-31,242,56,14,228,241,10800.0,0.65,618543.7411482929,10800.0,618543.7411482929,1,1,56,56,0,0,1
S_adaptive_W56,2025-08-31,242,56,14,228,241,10800.0,0.80,621018.3179850534,10800.0,621018.3179850534,2,0,56,56,0,0,0
S_adaptive_W56,2025-08-31,242,56,14,228,241,10800.0,0.90,677043.125894526,10800.0,677043.125894526,5,0,56,56,0,0,0
S_adaptive_W56,2025-09-01,243,56,14,229,242,10800.0,base,685285.0404121703,10670.744642510288,685400.9896486918,4,0,56,56,0,0,0
S_adaptive_W56,2025-09-01,243,56,14,229,242,10800.0,0.50,689009.4397126889,10610.030124444454,689179.8532449442,5,0,56,56,0,0,0
S_adaptive_W56,2025-09-01,243,56,14,229,242,10800.0,0.65,621462.3279621946,10800.0,621462.3279621946,2,0,56,56,0,0,0
S_adaptive_W56,2025-09-01,243,56,14,229,242,10800.0,0.80,621415.949309285,10800.0,621415.949309285,1,1,56,56,0,0,1
S_adaptive_W56,2025-09-01,243,56,14,229,242,10800.0,0.90,675797.108262486,10800.0,675797.108262486,3,0,56,56,0,0,0
S_adaptive_W56,2025-09-02,244,56,14,230,243,10800.0,base,680445.2096198284,10800.0,680445.2096198284,4,0,56,56,0,0,0
S_adaptive_W56,2025-09-02,244,56,14,230,243,10800.0,0.50,682989.4482598238,10800.0,682989.4482598238,5,0,56,56,0,0,0
S_adaptive_W56,2025-09-02,244,56,14,230,243,10800.0,0.65,621854.7273892993,10800.0,621854.7273892993,1,1,56,56,0,0,1
S_adaptive_W56,2025-09-02,244,56,14,230,243,10800.0,0.80,622128.531668131,10800.0,622128.531668131,2,0,56,56,0,0,0
S_adaptive_W56,2025-09-02,244,56,14,230,243,10800.0,0.90,675287.0525356532,10800.0,675287.0525356532,3,0,56,56,0,0,0
S_adaptive_W56,2025-09-03,245,56,14,231,244,10800.0,base,680037.7199773806,10800.0,680037.7199773806,4,0,56,56,0,0,0
S_adaptive_W56,2025-09-03,245,56,14,231,244,10800.0,0.50,681582.9732784934,10800.0,681582.9732784934,5,0,56,56,0,0,0
S_adaptive_W56,2025-09-03,245,56,14,231,244,10800.0,0.65,620873.9152852455,10800.0,620873.9152852455,1,1,56,56,0,0,1
S_adaptive_W56,2025-09-03,245,56,14,231,244,10800.0,0.80,621247.4664167183,10800.0,621247.4664167183,2,0,56,56,0,0,0
S_adaptive_W56,2025-09-03,245,56,14,231,244,10800.0,0.90,672462.936144334,10800.0,672462.936144334,3,0,56,56,0,0,0
S_adaptive_W56,2025-09-04,246,56,14,232,245,10800.0,base,648125.5439338762,10800.0,648125.5439338762,4,0,56,56,0,0,0
S_adaptive_W56,2025-09-04,246,56,14,232,245,10800.0,0.50,647757.5234478211,10800.0,647757.5234478211,3,0,56,56,0,0,0
S_adaptive_W56,2025-09-04,246,56,14,232,245,10800.0,0.65,605916.8216591199,10800.0,605916.8216591199,1,1,56,56,0,0,1
S_adaptive_W56,2025-09-04,246,56,14,232,245,10800.0,0.80,617864.8270896364,10800.0,617864.8270896364,2,0,56,56,0,0,0
S_adaptive_W56,2025-09-04,246,56,14,232,245,10800.0,0.90,667890.1218687597,10800.0,667890.1218687597,5,0,56,56,0,0,0
S_adaptive_W56,2025-09-05,247,56,14,233,246,10800.0,base,647108.244608738,10800.0,647108.244608738,4,0,56,56,0,0,0
S_adaptive_W56,2025-09-05,247,56,14,233,246,10800.0,0.50,645279.2065183726,10800.0,645279.2065183726,3,0,56,56,0,0,0
S_adaptive_W56,2025-09-05,247,56,14,233,246,10800.0,0.65,603441.5268318215,10800.0,603441.5268318215,1,1,56,56,0,0,1
S_adaptive_W56,2025-09-05,247,56,14,233,246,10800.0,0.80,614852.0978627183,10800.0,614852.0978627183,2,0,56,56,0,0,0
S_adaptive_W56,2025-09-05,247,56,14,233,246,10800.0,0.90,662697.7679296061,10800.0,662697.7679296061,5,0,56,56,0,0,0
S_adaptive_W56,2025-09-06,248,56,14,234,247,10732.202103703701,base,640722.831929549,10800.0,640662.0134500214,4,0,56,56,0,0,0
S_adaptive_W56,2025-09-06,248,56,14,234,247,10732.202103703701,0.50,639201.298715572,10800.0,639140.4802360444,3,0,56,56,0,0,0
S_adaptive_W56,2025-09-06,248,56,14,234,247,10732.202103703701,0.65,601896.80793683,10800.0,601835.9894573024,1,1,56,56,0,0,1
S_adaptive_W56,2025-09-06,248,56,14,234,247,10732.202103703701,0.80,615278.9243306285,10800.0,615218.1058511009,2,0,56,56,0,0,0
S_adaptive_W56,2025-09-06,248,56,14,234,247,10732.202103703701,0.90,661526.2169133066,10800.0,661465.398433779,5,0,56,56,0,0,0
S_adaptive_W56,2025-09-07,249,56,14,235,248,10800.0,base,642821.6736260804,10800.0,642821.6736260804,4,0,56,56,0,0,0
S_adaptive_W56,2025-09-07,249,56,14,235,248,10800.0,0.50,640088.3261037157,10800.0,640088.3261037157,3,0,56,56,0,0,0
S_adaptive_W56,2025-09-07,249,56,14,235,248,10800.0,0.65,601558.1751999957,10800.0,601558.1751999957,1,1,56,56,0,0,1
S_adaptive_W56,2025-09-07,249,56,14,235,248,10800.0,0.80,614328.716562485,10800.0,614328.716562485,2,0,56,56,0,0,0
S_adaptive_W56,2025-09-07,249,56,14,235,248,10800.0,0.90,659016.2312685677,10800.0,659016.2312685677,5,0,56,56,0,0,0
S_adaptive_W56,2025-09-08,250,56,14,236,249,10800.0,base,638299.2970311245,10800.0,638299.2970311245,4,0,56,56,0,0,0
S_adaptive_W56,2025-09-08,250,56,14,236,249,10800.0,0.50,634945.1075159181,10800.0,634945.1075159181,3,0,56,56,0,0,0
S_adaptive_W56,2025-09-08,250,56,14,236,249,10800.0,0.65,599010.3103955687,10800.0,599010.3103955687,1,1,56,56,0,0,1
S_adaptive_W56,2025-09-08,250,56,14,236,249,10800.0,0.80,611345.3494199447,10800.0,611345.3494199447,2,0,56,56,0,0,0
S_adaptive_W56,2025-09-08,250,56,14,236,249,10800.0,0.90,654090.3499843911,10800.0,654090.3499843911,5,0,56,56,0,0,0
S_adaptive_W56,2025-09-09,251,56,14,237,250,10800.0,base,618572.746984611,10654.94661,618702.8679339627,3,0,56,56,0,0,0
S_adaptive_W56,2025-09-09,251,56,14,237,250,10800.0,0.50,625124.3315716155,10581.287955,625320.5284266497,4,0,56,56,0,0,0
S_adaptive_W56,2025-09-09,251,56,14,237,250,10800.0,0.65,584765.6579976944,10680.236234999998,584873.092748442,1,1,56,56,0,0,1
S_adaptive_W56,2025-09-09,251,56,14,237,250,10800.0,0.80,609176.2813149877,10764.108471851852,609208.4780097103,2,0,56,56,0,0,0
S_adaptive_W56,2025-09-09,251,56,14,237,250,10800.0,0.90,644486.7080308194,10800.0,644486.7080308194,5,0,56,56,0,0,0
S_adaptive_W56,2025-09-10,252,56,14,238,251,10800.0,base,611203.3381738223,10581.07947,611399.7220514839,3,0,56,56,0,0,0
S_adaptive_W56,2025-09-10,252,56,14,238,251,10800.0,0.50,619161.9748066141,10400.253719999999,619520.5694279007,4,0,56,56,0,0,0
S_adaptive_W56,2025-09-10,252,56,14,238,251,10800.0,0.65,575010.5660653799,10652.632649999998,575142.7627654049,1,1,56,56,0,0,1
S_adaptive_W56,2025-09-10,252,56,14,238,251,10800.0,0.80,598539.5870316364,10800.0,598539.5870316364,2,0,56,56,0,0,0
S_adaptive_W56,2025-09-10,252,56,14,238,251,10800.0,0.90,632209.6029757045,10800.0,632209.6029757045,5,0,56,56,0,0,0
S_adaptive_W56,2025-09-11,253,56,14,239,252,10800.0,base,626392.5268535033,10545.474761851852,626620.8501324132,4,0,56,56,0,0,0
S_adaptive_W56,2025-09-11,253,56,14,239,252,10800.0,0.50,639608.7990038475,10330.090499999998,640030.3339314308,5,0,56,56,0,0,0
S_adaptive_W56,2025-09-11,253,56,14,239,252,10800.0,0.65,597366.2157846076,10642.759790555554,597507.2689880464,1,1,56,56,0,0,1
S_adaptive_W56,2025-09-11,253,56,14,239,252,10800.0,0.80,602517.3497056771,10800.0,602517.3497056771,2,0,56,56,0,0,0
S_adaptive_W56,2025-09-11,253,56,14,239,252,10800.0,0.90,621475.7831265086,10800.0,621475.7831265086,3,0,56,56,0,0,0
S_adaptive_W56,2025-09-12,254,56,14,240,253,10800.0,base,608490.5249607526,10478.442566851852,608778.9798425883,3,0,56,56,0,0,0
S_adaptive_W56,2025-09-12,254,56,14,240,253,10800.0,0.50,622930.7549558588,10184.856554999998,623482.5728006597,5,0,56,56,0,0,0
S_adaptive_W56,2025-09-12,254,56,14,240,253,10800.0,0.65,589463.7956287563,10584.656480555554,589656.9707292268,1,1,56,56,0,0,1
S_adaptive_W56,2025-09-12,254,56,14,240,253,10800.0,0.80,594327.6454190703,10800.0,594327.6454190703,2,0,56,56,0,0,0
S_adaptive_W56,2025-09-12,254,56,14,240,253,10800.0,0.90,613113.1593276126,10800.0,613113.1593276126,4,0,56,56,0,0,0
S_adaptive_W56,2025-09-13,255,56,14,241,254,10800.0,base,604728.5647623719,10492.664110555555,605004.2621294197,4,0,56,56,0,0,0
S_adaptive_W56,2025-09-13,255,56,14,241,254,10800.0,0.50,621731.8483298852,10002.303609814815,622447.4263083474,5,0,56,56,0,0,0
S_adaptive_W56,2025-09-13,255,56,14,241,254,10800.0,0.65,583762.329393784,10733.49029185185,583821.9922969767,1,1,56,56,0,0,1
S_adaptive_W56,2025-09-13,255,56,14,241,254,10800.0,0.80,586482.0039814652,10800.0,586482.0039814652,2,0,56,56,0,0,0
S_adaptive_W56,2025-09-13,255,56,14,241,254,10800.0,0.90,604641.9735461925,10800.0,604641.9735461925,3,0,56,56,0,0,0
S_adaptive_W56,2025-09-14,256,56,14,242,255,10800.0,base,599861.002842671,10411.407369814815,600209.5920204265,4,0,56,56,0,0,0
S_adaptive_W56,2025-09-14,256,56,14,242,255,10800.0,0.50,620023.2221091662,9843.820584814814,620880.968165666,5,0,56,56,0,0,0
S_adaptive_W56,2025-09-14,256,56,14,242,255,10800.0,0.65,577010.7009189405,10702.310397407404,577098.3339196661,1,1,56,56,0,0,1
S_adaptive_W56,2025-09-14,256,56,14,242,255,10800.0,0.80,579012.7640845269,10800.0,579012.7640845269,2,0,56,56,0,0,0
S_adaptive_W56,2025-09-14,256,56,14,242,255,10800.0,0.90,596724.3295081626,10800.0,596724.3295081626,3,0,56,56,0,0,0
S_adaptive_W56,2025-09-15,257,56,14,243,256,10800.0,base,599656.781060615,10113.222534259257,600272.858601688,4,0,56,56,0,0,0
S_adaptive_W56,2025-09-15,257,56,14,243,256,10800.0,0.50,622094.7240447373,9378.299648703702,623370.0682432029,5,0,56,56,0,0,0
S_adaptive_W56,2025-09-15,257,56,14,243,256,10800.0,0.65,586648.4033876628,10459.813810740734,586953.5692986611,2,0,56,56,0,0,0
S_adaptive_W56,2025-09-15,257,56,14,243,256,10800.0,0.80,571406.0184281361,10766.007844259257,571436.5112802887,1,1,56,56,0,0,1
S_adaptive_W56,2025-09-15,257,56,14,243,256,10800.0,0.90,588179.5878037645,10800.0,588179.5878037645,3,0,56,56,0,0,0
S_adaptive_W56,2025-09-16,258,56,14,244,257,10800.0,base,596437.5765780827,10211.983614259258,596965.0599436691,4,0,56,56,0,0,0
S_adaptive_W56,2025-09-16,258,56,14,244,257,10800.0,0.50,622714.75781901,9316.021268703702,624045.9691842456,5,0,56,56,0,0,0
S_adaptive_W56,2025-09-16,258,56,14,244,257,10800.0,0.65,581301.1615260363,10529.157550740734,581544.1222498246,2,0,56,56,0,0,0
S_adaptive_W56,2025-09-16,258,56,14,244,257,10800.0,0.80,565213.4620294922,10800.0,565213.4620294922,1,1,56,56,0,0,1
S_adaptive_W56,2025-09-16,258,56,14,244,257,10800.0,0.90,582306.459308303,10800.0,582306.459308303,3,0,56,56,0,0,0
S_adaptive_W56,2025-09-17,259,56,14,245,258,10800.0,base,606834.702120138,10015.876344259255,607538.1046017627,4,0,56,56,0,0,0
S_adaptive_W56,2025-09-17,259,56,14,245,258,10800.0,0.50,639181.7142903418,8976.41090259259,640817.5750212217,5,0,56,56,0,0,0
S_adaptive_W56,2025-09-17,259,56,14,245,258,10800.0,0.65,582939.2270603394,10351.460350740734,583341.5920445943,3,0,56,56,0,0,0
S_adaptive_W56,2025-09-17,259,56,14,245,258,10800.0,0.80,557777.3807033215,10800.0,557777.3807033215,1,1,56,56,0,0,1
S_adaptive_W56,2025-09-17,259,56,14,245,258,10800.0,0.90,575171.5983761302,10800.0,575171.5983761302,2,0,56,56,0,0,0
S_adaptive_W56,2025-09-18,260,56,14,246,259,10800.0,base,611147.1474258864,9824.356698703701,612022.3536695548,4,0,56,56,0,0,0
S_adaptive_W56,2025-09-18,260,56,14,246,259,10800.0,0.50,651680.3241117642,8617.825836481477,653637.8555683383,5,0,56,56,0,0,0
S_adaptive_W56,2025-09-18,260,56,14,246,259,10800.0,0.65,579594.4694904587,10228.292246481475,580107.3231069067,3,0,56,56,0,0,0
S_adaptive_W56,2025-09-18,260,56,14,246,259,10800.0,0.80,551804.3600521769,10800.0,551804.3600521769,1,1,56,56,0,0,1
S_adaptive_W56,2025-09-18,260,56,14,246,259,10800.0,0.90,569438.301468672,10800.0,569438.301468672,2,0,56,56,0,0,0
S_adaptive_W56,2025-09-19,261,56,14,247,260,10800.0,base,606345.6963809542,9702.77483648148,607329.9683095838,4,0,56,56,0,0,0
S_adaptive_W56,2025-09-19,261,56,14,247,260,10800.0,0.50,652237.4139809818,8372.162093518515,654415.3194629793,5,0,56,56,0,0,0
S_adaptive_W56,2025-09-19,261,56,14,247,260,10800.0,0.65,573920.5201883275,10097.064956481474,574551.0919743105,3,0,56,56,0,0,0
S_adaptive_W56,2025-09-19,261,56,14,247,260,10800.0,0.80,545081.6421935118,10800.0,545081.6421935118,1,1,56,56,0,0,1
S_adaptive_W56,2025-09-19,261,56,14,247,260,10800.0,0.90,563114.9067170845,10800.0,563114.9067170845,2,0,56,56,0,0,0
S_adaptive_W56,2025-09-20,262,56,14,248,261,10800.0,base,602925.6182235482,9735.989650740741,603880.0946185198,4,0,56,56,0,0,0
S_adaptive_W56,2025-09-20,262,56,14,248,261,10800.0,0.50,652669.3619600964,8227.888742962961,654976.6886527285,5,0,56,56,0,0,0
S_adaptive_W56,2025-09-20,262,56,14,248,261,10800.0,0.65,568062.0980449169,10191.886090740734,568607.6100056286,3,0,56,56,0,0,0
S_adaptive_W56,2025-09-20,262,56,14,248,261,10800.0,0.80,537975.6656392419,10800.0,537975.6656392419,1,1,56,56,0,0,1
S_adaptive_W56,2025-09-20,262,56,14,248,261,10800.0,0.90,556010.5782624828,10800.0,556010.5782624828,2,0,56,56,0,0,0
S_adaptive_W56,2025-09-21,263,56,14,249,262,10800.0,base,600190.7879456995,9944.950077592592,600957.8152288725,4,0,56,56,0,0,0
S_adaptive_W56,2025-09-21,263,56,14,249,262,10800.0,0.50,653750.4331390844,8247.726920925925,656039.9638839626,5,0,56,56,0,0,0
S_adaptive_W56,2025-09-21,263,56,14,249,262,10800.0,0.65,563046.8164221479,10436.455898888884,563372.9356777391,3,0,56,56,0,0,0
S_adaptive_W56,2025-09-21,263,56,14,249,262,10800.0,0.80,531634.9898374886,10800.0,531634.9898374886,1,1,56,56,0,0,1
S_adaptive_W56,2025-09-21,263,56,14,249,262,10800.0,0.90,549700.3250501776,10800.0,549700.3250501776,2,0,56,56,0,0,0
S_adaptive_W56,2025-09-22,264,56,14,250,263,10800.0,base,597743.9095295921,9975.271347592592,598483.7369490601,4,0,56,56,0,0,0
S_adaptive_W56,2025-09-22,264,56,14,250,263,10800.0,0.50,653741.0568886738,8229.787924074071,656046.6799103392,5,0,56,56,0,0,0
S_adaptive_W56,2025-09-22,264,56,14,250,263,10800.0,0.65,560217.1137113053,10476.815381666662,560507.0282686513,3,0,56,56,0,0,0
S_adaptive_W56,2025-09-22,264,56,14,250,263,10800.0,0.80,528508.7815538273,10800.0,528508.7815538273,1,1,56,56,0,0,1
S_adaptive_W56,2025-09-22,264,56,14,250,263,10800.0,0.90,546838.275194815,10800.0,546838.275194815,2,0,56,56,0,0,0
S_adaptive_W56,2025-09-23,265,56,14,251,264,10680.236234999998,base,589365.7602997499,9892.75114259259,590072.1781768112,4,0,56,56,0,0,0
S_adaptive_W56,2025-09-23,265,56,14,251,264,10680.236234999998,0.50,644331.1636945106,8061.836271296289,646680.0139286175,5,0,56,56,0,0,0
S_adaptive_W56,2025-09-23,265,56,14,251,264,10680.236234999998,0.65,556243.49007224,10378.423721666662,556514.2326640618,3,0,56,56,0,0,0
S_adaptive_W56,2025-09-23,265,56,14,251,264,10680.236234999998,0.80,523540.45053174853,10798.991579999998,523433.92038976436,1,1,56,56,0,0,1
S_adaptive_W56,2025-09-23,265,56,14,251,264,10680.236234999998,0.90,547671.2321805863,10800.0,547563.7974298388,2,0,56,56,0,0,0
S_adaptive_W56,2025-09-24,266,56,14,252,265,10652.632649999998,base,602613.4042716987,10000.710378333333,603198.2147672876,4,0,56,56,0,0,0
S_adaptive_W56,2025-09-24,266,56,14,252,265,10652.632649999998,0.50,662361.2971328198,8300.1166374074,664471.6346914493,5,0,56,56,0,0,0
S_adaptive_W56,2025-09-24,266,56,14,252,265,10652.632649999998,0.65,561054.2313094082,10396.428926666662,561284.0602827783,3,0,56,56,0,0,0
S_adaptive_W56,2025-09-24,266,56,14,252,265,10652.632649999998,0.80,524986.8248628426,10800.0,524854.6281628176,1,1,56,56,0,0,1
S_adaptive_W56,2025-09-24,266,56,14,252,265,10652.632649999998,0.90,549001.8874385215,10800.0,548869.6907384965,2,0,56,56,0,0,0
S_adaptive_W56,2025-09-25,267,56,14,253,266,10642.759790555554,base,574459.8876810264,10105.099480370367,574942.1988492797,4,0,56,56,0,0,0
S_adaptive_W56,2025-09-25,267,56,14,253,266,10642.759790555554,0.50,631729.7395206407,8299.435496481476,633831.8315971082,5,0,56,56,0,0,0
S_adaptive_W56,2025-09-25,267,56,14,253,266,10642.759790555554,0.65,535068.4433314095,10578.517606296295,535126.0721397003,2,0,56,56,0,0,0
S_adaptive_W56,2025-09-25,267,56,14,253,266,10642.759790555554,0.80,515804.68352314463,10800.0,515663.63031970576,1,1,56,56,0,0,1
S_adaptive_W56,2025-09-25,267,56,14,253,266,10642.759790555554,0.90,553342.095669192,10800.0,553201.0424657532,3,0,56,56,0,0,0
S_adaptive_W56,2025-09-26,268,56,14,254,267,10584.656480555554,base,577015.2714216991,10048.058245370365,577496.6298496732,4,0,56,56,0,0,0
S_adaptive_W56,2025-09-26,268,56,14,254,267,10584.656480555554,0.50,635488.1322171403,8150.676189071098,637671.5477597292,5,0,56,56,0,0,0
S_adaptive_W56,2025-09-26,268,56,14,254,267,10584.656480555554,0.65,535573.960356184,10582.385161296295,535575.997855744,2,0,56,56,0,0,0
S_adaptive_W56,2025-09-26,268,56,14,254,267,10584.656480555554,0.80,516150.7511872521,10800.0,515957.57608678157,1,1,56,56,0,0,1
S_adaptive_W56,2025-09-26,268,56,14,254,267,10584.656480555554,0.90,553385.8247904826,10800.0,553192.6496900121,3,0,56,56,0,0,0
S_adaptive_W56,2025-09-27,269,56,14,255,268,10733.49029185185,base,574821.0549291925,10272.483275185185,575234.6038346435,4,0,56,56,0,0,0
S_adaptive_W56,2025-09-27,269,56,14,255,268,10733.49029185185,0.50,629317.2518588993,8252.606699999991,631542.7422676566,5,0,56,56,0,0,0
S_adaptive_W56,2025-09-27,269,56,14,255,268,10733.49029185185,0.65,534677.9314992614,10800.0,534618.2685960687,2,0,56,56,0,0,0
S_adaptive_W56,2025-09-27,269,56,14,255,268,10733.49029185185,0.80,517268.04684320017,10800.0,517208.3839400075,1,1,56,56,0,0,1
S_adaptive_W56,2025-09-27,269,56,14,255,268,10733.49029185185,0.90,554527.0471656383,10800.0,554467.3842624456,3,0,56,56,0,0,0
S_adaptive_W56,2025-09-28,270,56,14,256,269,10702.310397407404,base,579279.6396028675,10067.043431481477,579849.5093639123,4,0,56,56,0,0,0
S_adaptive_W56,2025-09-28,270,56,14,256,269,10702.310397407404,0.50,633577.6005241384,7998.50999851851,636003.059693075,5,0,56,56,0,0,0
S_adaptive_W56,2025-09-28,270,56,14,256,269,10702.310397407404,0.65,536962.994308409,10627.101554999997,537030.4608183175,2,0,56,56,0,0,0
S_adaptive_W56,2025-09-28,270,56,14,256,269,10702.310397407404,0.80,517845.00184001174,10800.0,517757.36883928603,1,1,56,56,0,0,1
S_adaptive_W56,2025-09-28,270,56,14,256,269,10702.310397407404,0.90,555104.8108134908,10800.0,555017.1778127651,3,0,56,56,0,0,0
S_adaptive_W56,2025-09-29,271,56,14,257,270,10459.813810740734,base,564166.5915174094,9943.30855277778,564629.9254285387,4,0,56,56,0,0,0
S_adaptive_W56,2025-09-29,271,56,14,257,270,10459.813810740734,0.50,616843.8469557062,7799.29149833332,619230.4832767309,5,0,56,56,0,0,0
S_adaptive_W56,2025-09-29,271,56,14,257,270,10459.813810740734,0.65,525584.5345453445,10658.801743888886,525406.0313144255,2,0,56,56,0,0,0
S_adaptive_W56,2025-09-29,271,56,14,257,270,10459.813810740734,0.80,522883.8614482802,10800.0,522578.6955372819,1,1,56,56,0,0,1
S_adaptive_W56,2025-09-29,271,56,14,257,270,10459.813810740734,0.90,560944.9360317069,10800.0,560639.7701207086,3,0,56,56,0,0,0
S_adaptive_W56,2025-09-30,272,56,14,258,271,10770.657843333325,base,565968.8434488698,10032.17270584361,566631.3056441501,4,0,56,56,0,0,0
S_adaptive_W56,2025-09-30,272,56,14,258,271,10770.657843333325,0.50,618238.0285188438,8014.050555633266,620710.8584007601,5,0,56,56,0,0,0
S_adaptive_W56,2025-09-30,272,56,14,258,271,10770.657843333325,0.65,528784.7181815979,10673.770856481477,528871.6311914143,2,0,56,56,0,0,0
S_adaptive_W56,2025-09-30,272,56,14,258,271,10770.657843333325,0.80,526266.6160204593,10800.0,526240.2944758096,1,1,56,56,0,0,1
S_adaptive_W56,2025-09-30,272,56,14,258,271,10770.657843333325,0.90,564216.3079951643,10800.0,564189.9864505145,3,0,56,56,0,0,0
S_adaptive_W56,2025-10-01,273,56,14,259,272,10800.0,base,571719.9954808773,10273.398194074074,572192.3865564488,4,0,56,56,0,0,0
S_adaptive_W56,2025-10-01,273,56,14,259,272,10800.0,0.50,624480.9363046881,8176.244699629628,626834.5905733036,5,0,56,56,0,0,0
S_adaptive_W56,2025-10-01,273,56,14,259,272,10800.0,0.65,531207.7465775418,10769.637954074067,531234.9830195177,2,0,56,56,0,0,0
S_adaptive_W56,2025-10-01,273,56,14,259,272,10800.0,0.80,531140.1916071277,10800.0,531140.1916071277,1,1,56,56,0,0,1
S_adaptive_W56,2025-10-01,273,56,14,259,272,10800.0,0.90,569115.4827393311,10800.0,569115.4827393311,3,0,56,56,0,0,0
S_adaptive_W56,2025-10-02,274,56,14,260,273,10800.0,base,565332.7528352505,10800.0,565332.7528352505,3,0,56,56,0,0,0
S_adaptive_W56,2025-10-02,274,56,14,260,273,10800.0,0.50,610150.4774858275,9699.68537037037,611137.5208371958,5,0,56,56,0,0,0
S_adaptive_W56,2025-10-02,274,56,14,260,273,10800.0,0.65,532818.7248909458,10800.0,532818.7248909458,1,1,56,56,0,0,1
S_adaptive_W56,2025-10-02,274,56,14,260,273,10800.0,0.80,536314.2420004576,10800.0,536314.2420004576,2,0,56,56,0,0,0
S_adaptive_W56,2025-10-02,274,56,14,260,273,10800.0,0.90,574326.8108327714,10800.0,574326.8108327714,4,0,56,56,0,0,0
S_adaptive_W56,2025-10-03,275,56,14,261,274,10800.0,base,565793.01609228,10800.0,565793.01609228,3,0,56,56,0,0,0
S_adaptive_W56,2025-10-03,275,56,14,261,274,10800.0,0.50,605221.507885813,10800.0,605221.507885813,5,0,56,56,0,0,0
S_adaptive_W56,2025-10-03,275,56,14,261,274,10800.0,0.65,529985.2632246256,10800.0,529985.2632246256,1,1,56,56,0,0,1
S_adaptive_W56,2025-10-03,275,56,14,261,274,10800.0,0.80,532745.013921445,10800.0,532745.013921445,2,0,56,56,0,0,0
S_adaptive_W56,2025-10-03,275,56,14,261,274,10800.0,0.90,570182.3859984595,10800.0,570182.3859984595,4,0,56,56,0,0,0
S_adaptive_W56,2025-10-04,276,56,14,262,275,10800.0,base,561856.4895558656,10800.0,561856.4895558656,3,0,56,56,0,0,0
S_adaptive_W56,2025-10-04,276,56,14,262,275,10800.0,0.50,598465.6609254408,10800.0,598465.6609254408,5,0,56,56,0,0,0
S_adaptive_W56,2025-10-04,276,56,14,262,275,10800.0,0.65,528365.8957038136,10800.0,528365.8957038136,1,1,56,56,0,0,1
S_adaptive_W56,2025-10-04,276,56,14,262,275,10800.0,0.80,532386.6490948134,10800.0,532386.6490948134,2,0,56,56,0,0,0
S_adaptive_W56,2025-10-04,276,56,14,262,275,10800.0,0.90,569696.5820910146,10800.0,569696.5820910146,4,0,56,56,0,0,0
S_adaptive_W56,2025-10-05,277,56,14,263,276,10800.0,base,560248.1750854215,10800.0,560248.1750854215,3,0,56,56,0,0,0
S_adaptive_W56,2025-10-05,277,56,14,263,276,10800.0,0.50,593522.4528943619,10800.0,593522.4528943619,5,0,56,56,0,0,0
S_adaptive_W56,2025-10-05,277,56,14,263,276,10800.0,0.65,527568.9648332009,10800.0,527568.9648332009,1,1,56,56,0,0,1
S_adaptive_W56,2025-10-05,277,56,14,263,276,10800.0,0.80,532929.1988545416,10800.0,532929.1988545416,2,0,56,56,0,0,0
S_adaptive_W56,2025-10-05,277,56,14,263,276,10800.0,0.90,570127.2516401613,10800.0,570127.2516401613,4,0,56,56,0,0,0
S_adaptive_W56,2025-10-06,278,56,14,264,277,10800.0,base,558725.4222328883,10800.0,558725.4222328883,3,0,56,56,0,0,0
S_adaptive_W56,2025-10-06,278,56,14,264,277,10800.0,0.50,589898.2204667113,10800.0,589898.2204667113,5,0,56,56,0,0,0
S_adaptive_W56,2025-10-06,278,56,14,264,277,10800.0,0.65,526600.7152526077,10800.0,526600.7152526077,1,1,56,56,0,0,1
S_adaptive_W56,2025-10-06,278,56,14,264,277,10800.0,0.80,532454.7498483646,10800.0,532454.7498483646,2,0,56,56,0,0,0
S_adaptive_W56,2025-10-06,278,56,14,264,277,10800.0,0.90,569363.9535592282,10800.0,569363.9535592282,4,0,56,56,0,0,0
S_adaptive_W56,2025-10-07,279,56,14,265,278,10798.991579999998,base,546963.6877842026,10800.0,546962.7831754393,3,0,56,56,0,0,0
S_adaptive_W56,2025-10-07,279,56,14,265,278,10798.991579999998,0.50,575356.8231658333,10800.0,575355.91855707,5,0,56,56,0,0,0
S_adaptive_W56,2025-10-07,279,56,14,265,278,10798.991579999998,0.65,519961.1450454441,10800.0,519960.24043668073,1,1,56,56,0,0,1
S_adaptive_W56,2025-10-07,279,56,14,265,278,10798.991579999998,0.80,532942.8377488436,10800.0,532941.9331400803,2,0,56,56,0,0,0
S_adaptive_W56,2025-10-07,279,56,14,265,278,10798.991579999998,0.90,569841.5419884133,10800.0,569840.63737965,4,0,56,56,0,0,0
S_adaptive_W56,2025-10-08,280,56,14,266,279,10800.0,base,536786.2908727678,10800.0,536786.2908727678,3,0,56,56,0,0,0
S_adaptive_W56,2025-10-08,280,56,14,266,279,10800.0,0.50,558057.795906112,10800.0,558057.795906112,4,0,56,56,0,0,0
S_adaptive_W56,2025-10-08,280,56,14,266,279,10800.0,0.65,516082.0290950391,10800.0,516082.0290950391,1,1,56,56,0,0,1
S_adaptive_W56,2025-10-08,280,56,14,266,279,10800.0,0.80,532943.738718255,10800.0,532943.738718255,2,0,56,56,0,0,0
S_adaptive_W56,2025-10-08,280,56,14,266,279,10800.0,0.90,569693.1661942847,10800.0,569693.1661942847,5,0,56,56,0,0,0
S_adaptive_W56,2025-10-09,281,56,14,267,280,10800.0,base,528357.6356841412,10749.539144999997,528402.901874457,2,0,56,56,0,0,0
S_adaptive_W56,2025-10-09,281,56,14,267,280,10800.0,0.50,550686.2878518873,10586.342745000002,550877.9502794698,4,0,56,56,0,0,0
S_adaptive_W56,2025-10-09,281,56,14,267,280,10800.0,0.65,511917.0666435175,10738.750300185184,511972.0110270125,1,1,56,56,0,0,1
S_adaptive_W56,2025-10-09,281,56,14,267,280,10800.0,0.80,529232.2463478358,10800.0,529232.2463478358,3,0,56,56,0,0,0
S_adaptive_W56,2025-10-09,281,56,14,267,280,10800.0,0.90,565584.1202580737,10800.0,565584.1202580737,5,0,56,56,0,0,0
S_adaptive_W56,2025-10-10,282,56,14,268,281,10800.0,base,526978.669367945,10691.460359999997,527076.035455005,3,0,56,56,0,0,0
S_adaptive_W56,2025-10-10,282,56,14,268,281,10800.0,0.50,551953.1722137167,10381.953480000002,552328.1831669633,4,0,56,56,0,0,0
S_adaptive_W56,2025-10-10,282,56,14,268,281,10800.0,0.65,511621.4084993659,10672.094950185183,511736.1464348859,1,1,56,56,0,0,1
S_adaptive_W56,2025-10-10,282,56,14,268,281,10800.0,0.80,524832.1575379755,10800.0,524832.1575379755,2,0,56,56,0,0,0
S_adaptive_W56,2025-10-10,282,56,14,268,281,10800.0,0.90,560990.3153313224,10800.0,560990.3153313224,5,0,56,56,0,0,0
S_adaptive_W56,2025-10-11,283,56,14,269,282,10800.0,base,528066.6921906269,10473.230069999996,528359.8229717219,3,0,56,56,0,0,0
S_adaptive_W56,2025-10-11,283,56,14,269,282,10800.0,0.50,557219.1976333868,9963.727095,557969.3808887777,4,0,56,56,0,0,0
S_adaptive_W56,2025-10-11,283,56,14,269,282,10800.0,0.65,510778.96881841443,10445.26973518518,511097.18157319026,1,1,56,56,0,0,1
S_adaptive_W56,2025-10-11,283,56,14,269,282,10800.0,0.80,521660.38689609384,10800.0,521660.38689609384,2,0,56,56,0,0,0
S_adaptive_W56,2025-10-11,283,56,14,269,282,10800.0,0.90,557799.3495561957,10800.0,557799.3495561957,5,0,56,56,0,0,0
S_adaptive_W56,2025-10-12,284,56,14,270,283,10800.0,base,521854.4692247121,10500.892647777773,522122.7851367306,3,0,56,56,0,0,0
S_adaptive_W56,2025-10-12,284,56,14,270,283,10800.0,0.50,550157.1651004243,9794.46612,551059.1848537776,4,0,56,56,0,0,0
S_adaptive_W56,2025-10-12,284,56,14,270,283,10800.0,0.65,507580.31247587595,10452.28777351851,507892.22966037574,1,1,56,56,0,0,1
S_adaptive_W56,2025-10-12,284,56,14,270,283,10800.0,0.80,519319.30760298215,10800.0,519319.30760298215,2,0,56,56,0,0,0
S_adaptive_W56,2025-10-12,284,56,14,270,283,10800.0,0.90,555402.411203329,10800.0,555402.411203329,5,0,56,56,0,0,0
S_adaptive_W56,2025-10-13,285,56,14,271,284,10800.0,base,514061.0423473341,10329.902389629624,514482.7460203702,2,0,56,56,0,0,0
S_adaptive_W56,2025-10-13,285,56,14,271,284,10800.0,0.50,541267.1042430584,9357.347840555554,542561.2433774222,4,0,56,56,0,0,0
S_adaptive_W56,2025-10-13,285,56,14,271,284,10800.0,0.65,502467.10621642513,10283.068456851843,502930.8225290481,1,1,56,56,0,0,1
S_adaptive_W56,2025-10-13,285,56,14,271,284,10800.0,0.80,515988.6848491994,10800.0,515988.6848491994,3,0,56,56,0,0,0
S_adaptive_W56,2025-10-13,285,56,14,271,284,10800.0,0.90,552308.6113278412,10800.0,552308.6113278412,5,0,56,56,0,0,0
S_adaptive_W56,2025-10-14,286,56,14,272,285,10800.0,base,511286.39698530897,10282.185079629624,511750.90573637676,3,0,56,56,0,0,0
S_adaptive_W56,2025-10-14,286,56,14,272,285,10800.0,0.50,539791.9247308153,9204.676293888888,541223.0187242918,4,0,56,56,0,0,0
S_adaptive_W56,2025-10-14,286,56,14,272,285,10800.0,0.65,497892.07671220374,10233.157111851842,498400.5662741442,1,1,56,56,0,0,1
S_adaptive_W56,2025-10-14,286,56,14,272,285,10800.0,0.80,510978.7861377372,10800.0,510978.7861377372,2,0,56,56,0,0,0
S_adaptive_W56,2025-10-14,286,56,14,272,285,10800.0,0.90,546976.1292343503,10800.0,546976.1292343503,5,0,56,56,0,0,0
S_adaptive_W56,2025-10-15,287,56,14,273,286,10800.0,base,512268.1491531166,10072.160344629623,512921.06175952026,3,0,56,56,0,0,0
S_adaptive_W56,2025-10-15,287,56,14,273,286,10800.0,0.50,540105.6485388542,8850.651657037035,541854.3222996221,4,0,56,56,0,0,0
S_adaptive_W56,2025-10-15,287,56,14,273,286,10800.0,0.65,498170.80739333545,10020.392295249187,498870.15881603607,1,1,56,56,0,0,1
S_adaptive_W56,2025-10-15,287,56,14,273,286,10800.0,0.80,505566.7682483955,10800.0,505566.7682483955,2,0,56,56,0,0,0
S_adaptive_W56,2025-10-15,287,56,14,273,286,10800.0,0.90,541259.1544080541,10800.0,541259.1544080541,5,0,56,56,0,0,0
S_adaptive_W56,2025-10-16,288,56,14,274,287,10800.0,base,519086.7534248272,10025.985565740733,519781.08737315965,3,0,56,56,0,0,0
S_adaptive_W56,2025-10-16,288,56,14,274,287,10800.0,0.50,553376.5516731343,8659.85035685185,555296.3848002406,5,0,56,56,0,0,0
S_adaptive_W56,2025-10-16,288,56,14,274,287,10800.0,0.65,494521.5779698144,9965.368946545485,495270.288393155,1,1,56,56,0,0,1
S_adaptive_W56,2025-10-16,288,56,14,274,287,10800.0,0.80,500936.7580294375,10800.0,500936.7580294375,2,0,56,56,0,0,0
S_adaptive_W56,2025-10-16,288,56,14,274,287,10800.0,0.90,536226.9643136379,10800.0,536226.9643136379,4,0,56,56,0,0,0
S_adaptive_W56,2025-10-17,289,56,14,275,288,10800.0,base,531330.800851292,10012.631980740733,532037.1137072353,3,0,56,56,0,0,0
S_adaptive_W56,2025-10-17,289,56,14,275,288,10800.0,0.50,569646.6099460202,8520.269595925924,571691.6547701637,5,0,56,56,0,0,0
S_adaptive_W56,2025-10-17,289,56,14,275,288,10800.0,0.65,504710.78070944274,9958.493141545485,505465.6591118575,1,1,56,56,0,0,1
S_adaptive_W56,2025-10-17,289,56,14,275,288,10800.0,0.80,505519.47787074314,10800.0,505519.47787074314,2,0,56,56,0,0,0
S_adaptive_W56,2025-10-17,289,56,14,275,288,10800.0,0.90,540664.1178736176,10800.0,540664.1178736176,4,0,56,56,0,0,0
S_adaptive_W56,2025-10-18,290,56,14,276,289,10800.0,base,531085.5613274515,9978.708370740731,531822.3055462098,3,0,56,56,0,0,0
S_adaptive_W56,2025-10-18,290,56,14,276,289,10800.0,0.50,570277.618632521,8321.732584999996,572500.7621852991,5,0,56,56,0,0,0
S_adaptive_W56,2025-10-18,290,56,14,276,289,10800.0,0.65,504657.6088655272,9914.560496545484,505451.89729120943,1,1,56,56,0,0,1
S_adaptive_W56,2025-10-18,290,56,14,276,289,10800.0,0.80,504997.2404809448,10800.0,504997.2404809448,2,0,56,56,0,0,0
S_adaptive_W56,2025-10-18,290,56,14,276,289,10800.0,0.90,540184.6559922976,10800.0,540184.6559922976,4,0,56,56,0,0,0
S_adaptive_W56,2025-10-19,291,56,14,277,290,10800.0,base,528085.6765632511,9907.868877962954,528885.9677425585,3,0,56,56,0,0,0
S_adaptive_W56,2025-10-19,291,56,14,277,290,10800.0,0.50,569453.5703063023,8022.551364814811,571945.0960347654,5,0,56,56,0,0,0
S_adaptive_W56,2025-10-19,291,56,14,277,290,10800.0,0.65,502483.3426252455,9951.211324508447,503244.75322208786,1,1,56,56,0,0,1
S_adaptive_W56,2025-10-19,291,56,14,277,290,10800.0,0.80,502836.2434977582,10800.0,502836.2434977582,2,0,56,56,0,0,0
S_adaptive_W56,2025-10-19,291,56,14,277,290,10800.0,0.90,537936.7516821827,10800.0,537936.7516821827,4,0,56,56,0,0,0
S_adaptive_W56,2025-10-20,292,56,14,278,291,10800.0,base,544065.3409905737,9894.853632962953,544877.3075677153,4,0,56,56,0,0,0
S_adaptive_W56,2025-10-20,292,56,14,278,291,10800.0,0.50,590738.4716058766,7906.966498888884,593333.6833804566,5,0,56,56,0,0,0
S_adaptive_W56,2025-10-20,292,56,14,278,291,10800.0,0.65,509078.04479999514,9944.251324508448,509845.6989035041,2,0,56,56,0,0,0
S_adaptive_W56,2025-10-20,292,56,14,278,291,10800.0,0.80,502252.97375504,10800.0,502252.97375504,1,1,56,56,0,0,1
S_adaptive_W56,2025-10-20,292,56,14,278,291,10800.0,0.90,537299.0325059657,10800.0,537299.0325059657,3,0,56,56,0,0,0
S_adaptive_W56,2025-10-21,293,56,14,279,292,10800.0,base,549643.8345799092,9760.490112962952,550576.3326991308,4,0,56,56,0,0,0
S_adaptive_W56,2025-10-21,293,56,14,279,292,10800.0,0.50,593095.7722596242,7547.825575370366,596013.153394874,5,0,56,56,0,0,0
S_adaptive_W56,2025-10-21,293,56,14,279,292,10800.0,0.65,514451.2851561033,9848.954824508448,515304.42551436234,2,0,56,56,0,0,0
S_adaptive_W56,2025-10-21,293,56,14,279,292,10800.0,0.80,504774.87209888926,10800.0,504774.87209888926,1,1,56,56,0,0,1
S_adaptive_W56,2025-10-21,293,56,14,279,292,10800.0,0.90,539932.8578448024,10800.0,539932.8578448024,3,0,56,56,0,0,0
S_adaptive_W56,2025-10-22,294,56,14,280,293,10800.0,base,559647.9133396519,9732.926997962953,560605.1371043125,4,0,56,56,0,0,0
S_adaptive_W56,2025-10-22,294,56,14,280,293,10800.0,0.50,608969.5225455593,7336.744667037031,612076.2549823012,5,0,56,56,0,0,0
S_adaptive_W56,2025-10-22,294,56,14,280,293,10800.0,0.65,517297.6544440918,9863.06109450845,518138.1406944791,2,0,56,56,0,0,0
S_adaptive_W56,2025-10-22,294,56,14,280,293,10800.0,0.80,506311.4511764908,10800.0,506311.4511764908,1,1,56,56,0,0,1
S_adaptive_W56,2025-10-22,294,56,14,280,293,10800.0,0.90,541444.94070149,10800.0,541444.94070149,3,0,56,56,0,0,0
S_adaptive_W56,2025-10-23,295,56,14,281,294,10738.750300185184,base,572205.1926372912,9642.59229055555,573188.5072695961,4,0,56,56,0,0,0
S_adaptive_W56,2025-10-23,295,56,14,281,294,10738.750300185184,0.50,621117.6412611941,7217.214588518507,624276.654435432,5,0,56,56,0,0,0
S_adaptive_W56,2025-10-23,295,56,14,281,294,10738.750300185184,0.65,524538.5775381571,9836.566119323265,525347.8868697337,2,0,56,56,0,0,0
S_adaptive_W56,2025-10-23,295,56,14,281,294,10738.750300185184,0.80,511705.5321196993,10800.0,511650.5877362043,1,1,56,56,0,0,1
S_adaptive_W56,2025-10-23,295,56,14,281,294,10738.750300185184,0.90,546837.9299143679,10800.0,546782.9855308728,3,0,56,56,0,0,0
S_adaptive_W56,2025-10-24,296,56,14,282,295,10672.094950185183,base,573629.3426088294,9538.06925777777,574646.6266563461,4,0,56,56,0,0,0
S_adaptive_W56,2025-10-24,296,56,14,282,295,10672.094950185183,0.50,620569.7773217026,7034.2108072222145,623833.161502615,5,0,56,56,0,0,0
S_adaptive_W56,2025-10-24,296,56,14,282,295,10672.094950185183,0.65,526651.0457556056,9756.867761730677,527472.0553896042,2,0,56,56,0,0,0
S_adaptive_W56,2025-10-24,296,56,14,282,295,10672.094950185183,0.80,518218.5362151463,10800.0,518103.7982796263,1,1,56,56,0,0,1
S_adaptive_W56,2025-10-24,296,56,14,282,295,10672.094950185183,0.90,553294.188762887,10800.0,553179.450827367,3,0,56,56,0,0,0
S_adaptive_W56,2025-10-25,297,56,14,283,296,10445.26973518518,base,575822.2110910432,9438.832009444435,576725.0416442397,4,0,56,56,0,0,0
S_adaptive_W56,2025-10-25,297,56,14,283,296,10445.26973518518,0.50,621821.2340491948,7014.471763703694,624898.850429501,5,0,56,56,0,0,0
S_adaptive_W56,2025-10-25,297,56,14,283,296,10445.26973518518,0.65,528411.9026097909,9687.605127471421,529091.5698553884,2,0,56,56,0,0,0
S_adaptive_W56,2025-10-25,297,56,14,283,296,10445.26973518518,0.80,519439.9019398499,10800.0,519121.68918507406,1,1,56,56,0,0,1
S_adaptive_W56,2025-10-25,297,56,14,283,296,10445.26973518518,0.90,554351.9695550441,10800.0,554033.7568002683,3,0,56,56,0,0,0
S_adaptive_W56,2025-10-26,298,56,14,284,297,10452.28777351851,base,577207.7631694227,9346.963699814802,578199.300270428,4,0,56,56,0,0,0
S_adaptive_W56,2025-10-26,298,56,14,284,297,10452.28777351851,0.50,622471.189196171,7011.540142592579,625557.7309737577,5,0,56,56,0,0,0
S_adaptive_W56,2025-10-26,298,56,14,284,297,10452.28777351851,0.65,530044.0979865817,9592.374166915864,530815.4882646825,2,0,56,56,0,0,0
S_adaptive_W56,2025-10-26,298,56,14,284,297,10452.28777351851,0.80,520286.88099261903,10800.0,519974.96380811924,1,1,56,56,0,0,1
S_adaptive_W56,2025-10-26,298,56,14,284,297,10452.28777351851,0.90,555044.4452906608,10800.0,554732.528106161,3,0,56,56,0,0,0
S_adaptive_W56,2025-10-27,299,56,14,285,298,10283.068456851843,base,578975.5659423214,9510.034993888878,579669.0199049027,4,0,56,56,0,0,0
S_adaptive_W56,2025-10-27,299,56,14,285,298,10283.068456851843,0.50,623175.894949558,7130.709126111101,626003.7364003063,5,0,56,56,0,0,0
S_adaptive_W56,2025-10-27,299,56,14,285,298,10283.068456851843,0.65,532171.4897677631,9853.340940989941,532556.979223242,2,0,56,56,0,0,0
S_adaptive_W56,2025-10-27,299,56,14,285,298,10283.068456851843,0.80,523945.9270773866,10800.0,523482.21076476364,1,1,56,56,0,0,1
S_adaptive_W56,2025-10-27,299,56,14,285,298,10283.068456851843,0.90,558577.6279601093,10800.0,558113.9116474863,3,0,56,56,0,0,0
S_adaptive_W56,2025-10-28,300,56,14,286,299,10233.157111851842,base,588300.3492431503,9464.282805925914,588990.0722108051,4,0,56,56,0,0,0
S_adaptive_W56,2025-10-28,300,56,14,286,299,10233.157111851842,0.50,631979.5291486509,7034.8548322862225,634848.5839768812,5,0,56,56,0,0,0
S_adaptive_W56,2025-10-28,300,56,14,286,299,10233.157111851842,0.65,539896.6773806456,9840.405311175127,540248.9975653972,2,0,56,56,0,0,0
S_adaptive_W56,2025-10-28,300,56,14,286,299,10233.157111851842,0.80,528198.1255379261,10800.0,527689.6359759857,1,1,56,56,0,0,1
S_adaptive_W56,2025-10-28,300,56,14,286,299,10233.157111851842,0.90,562569.2753412386,10800.0,562060.7857792982,3,0,56,56,0,0,0
S_adaptive_W56,2025-10-29,301,56,14,287,300,10020.392295249187,base,584085.1543098323,9384.46653358252,584655.6150472562,4,0,56,56,0,0,0
S_adaptive_W56,2025-10-29,301,56,14,287,300,10020.392295249187,0.50,625222.7238151463,7004.571602068038,627928.0825225238,5,0,56,56,0,0,0
S_adaptive_W56,2025-10-29,301,56,14,287,300,10020.392295249187,0.65,535528.8630271159,9794.971945064017,535731.0776045849,2,0,56,56,0,0,0
S_adaptive_W56,2025-10-29,301,56,14,287,300,10020.392295249187,0.80,532893.3485272444,10800.0,532193.9971045437,1,1,56,56,0,0,1
S_adaptive_W56,2025-10-29,301,56,14,287,300,10020.392295249187,0.90,567076.8383534934,10800.0,566377.4869307927,3,0,56,56,0,0,0
S_adaptive_W56,2025-10-30,302,56,14,288,301,9965.368946545485,base,596569.3310527747,9332.290286491907,597137.2377818794,4,0,56,56,0,0,0
S_adaptive_W56,2025-10-30,302,56,14,288,301,9965.368946545485,0.50,634751.8971009626,6964.869303767704,637443.5119749588,5,0,56,56,0,0,0
S_adaptive_W56,2025-10-30,302,56,14,288,301,9965.368946545485,0.65,546653.1642470146,9790.628645434388,546809.9160049057,2,0,56,56,0,0,0
S_adaptive_W56,2025-10-30,302,56,14,288,301,9965.368946545485,0.80,536898.6223040854,10800.0,536149.9118807449,1,1,56,56,0,0,1
S_adaptive_W56,2025-10-30,302,56,14,288,301,9965.368946545485,0.90,570883.7308778958,10800.0,570135.0204545553,3,0,56,56,0,0,0
S_adaptive_W56,2025-10-31,303,56,14,289,302,9958.493141545485,base,589871.1751504391,9288.75021575117,590471.971762817,4,0,56,56,0,0,0
S_adaptive_W56,2025-10-31,303,56,14,289,302,9958.493141545485,0.50,626033.222217117,6880.255797212287,628794.5721281696,5,0,56,56,0,0,0
S_adaptive_W56,2025-10-31,303,56,14,289,302,9958.493141545485,0.65,544542.7998557505,9779.824640434388,544703.075427275,2,0,56,56,0,0,0
S_adaptive_W56,2025-10-31,303,56,14,289,302,9958.493141545485,0.80,541348.5294835476,10800.0,540593.6510811328,1,1,56,56,0,0,1
S_adaptive_W56,2025-10-31,303,56,14,289,302,9958.493141545485,0.90,575427.8273340206,10800.0,574672.9489316059,3,0,56,56,0,0,0
S_adaptive_W56,2025-11-01,304,56,14,290,303,9914.560496545484,base,590535.6321289778,9216.911490740738,591161.4620454628,4,0,56,56,0,0,0
S_adaptive_W56,2025-11-01,304,56,14,290,303,9914.560496545484,0.50,626521.4492807891,6937.649721587929,629191.903629858,5,0,56,56,0,0,0
S_adaptive_W56,2025-11-01,304,56,14,290,303,9914.560496545484,0.65,545261.5233168161,9972.469706360313,545209.5755384339,2,0,56,56,0,0,0
S_adaptive_W56,2025-11-01,304,56,14,290,303,9914.560496545484,0.80,542393.6828377267,10800.0,541599.3944120444,1,1,56,56,0,0,1
S_adaptive_W56,2025-11-01,304,56,14,290,303,9914.560496545484,0.90,576324.4726940488,10800.0,575530.1842683665,3,0,56,56,0,0,0
S_adaptive_W56,2025-11-02,305,56,14,291,304,9951.211324508447,base,592214.8475446155,9574.728496915859,592552.5735566787,4,0,56,56,0,0,0
S_adaptive_W56,2025-11-02,305,56,14,291,304,9951.211324508447,0.50,625787.2049286121,7267.06411432326,628195.0340954376,5,0,56,56,0,0,0
S_adaptive_W56,2025-11-02,305,56,14,291,304,9951.211324508447,0.65,546920.599181079,10510.577449508462,546418.8166910581,2,0,56,56,0,0,0
S_adaptive_W56,2025-11-02,305,56,14,291,304,9951.211324508447,0.80,543981.1106071239,10800.0,543219.7000102816,1,1,56,56,0,0,1
S_adaptive_W56,2025-11-02,305,56,14,291,304,9951.211324508447,0.90,578014.1640082381,10800.0,577252.7534113958,3,0,56,56,0,0,0
S_adaptive_W56,2025-11-03,306,56,14,292,305,9944.251324508448,base,587379.1960243472,9547.414182101042,587735.1809875945,4,0,56,56,0,0,0
S_adaptive_W56,2025-11-03,306,56,14,292,305,9944.251324508448,0.50,617238.9263167772,7258.718334323261,619647.9986052506,5,0,56,56,0,0,0
S_adaptive_W56,2025-11-03,306,56,14,292,305,9944.251324508448,0.65,546777.4116233196,10507.544428582536,546272.1064149038,1,1,56,56,0,0,1
S_adaptive_W56,2025-11-03,306,56,14,292,305,9944.251324508448,0.80,549168.4115916378,10800.0,548400.7574881287,2,0,56,56,0,0,0
S_adaptive_W56,2025-11-03,306,56,14,292,305,9944.251324508448,0.90,582212.4988312507,10800.0,581444.8447277417,3,0,56,56,0,0,0
S_adaptive_W56,2025-11-04,307,56,14,293,306,10232.522115249189,base,590260.8130447769,9886.06439395289,590571.6048684309,4,0,56,56,0,0,0
S_adaptive_W56,2025-11-04,307,56,14,293,306,10232.522115249189,0.50,617012.4375492034,7727.6902399784185,619259.4108986477,5,0,56,56,0,0,0
S_adaptive_W56,2025-11-04,307,56,14,293,306,10232.522115249189,0.65,548585.0262924043,10800.0,548075.9671032337,1,1,56,56,0,0,1
S_adaptive_W56,2025-11-04,307,56,14,293,306,10232.522115249189,0.80,553041.3562296743,10800.0,552532.2970405037,2,0,56,56,0,0,0
S_adaptive_W56,2025-11-04,307,56,14,293,306,10232.522115249189,0.90,585586.8929690954,10800.0,585077.8337799248,3,0,56,56,0,0,0
S_adaptive_W56,2025-11-05,308,56,14,294,307,10705.782031175117,base,585591.2778877112,10280.569858952895,585972.7168290929,3,0,56,56,0,0,0
S_adaptive_W56,2025-11-05,308,56,14,294,307,10705.782031175117,0.50,608129.9801725593,8196.994346545482,610380.5021027656,5,0,56,56,0,0,0
S_adaptive_W56,2025-11-05,308,56,14,294,307,10705.782031175117,0.65,553487.8308101656,10799.689994999997,553403.5901495056,1,1,56,56,0,0,1
S_adaptive_W56,2025-11-05,308,56,14,294,307,10705.782031175117,0.80,556272.6941450181,10800.0,556188.1753926506,2,0,56,56,0,0,0
S_adaptive_W56,2025-11-05,308,56,14,294,307,10705.782031175117,0.90,588294.5715494035,10800.0,588210.052797036,4,0,56,56,0,0,0
S_adaptive_W56,2025-11-06,309,56,14,295,308,10800.0,base,589806.3745009751,10383.23724925926,590180.2338418757,4,0,56,56,0,0,0
S_adaptive_W56,2025-11-06,309,56,14,295,308,10800.0,0.50,609056.9616924387,8432.191274444443,611181.0176641912,5,0,56,56,0,0,0
S_adaptive_W56,2025-11-06,309,56,14,295,308,10800.0,0.65,552524.6768725099,10800.0,552524.6768725099,1,1,56,56,0,0,1
S_adaptive_W56,2025-11-06,309,56,14,295,308,10800.0,0.80,558265.2027612894,10800.0,558265.2027612894,2,0,56,56,0,0,0
S_adaptive_W56,2025-11-06,309,56,14,295,308,10800.0,0.90,589785.2877102277,10800.0,589785.2877102277,3,0,56,56,0,0,0
S_adaptive_W56,2025-11-07,310,56,14,296,309,10800.0,base,604094.0171074406,10325.513784814817,604519.657602807,4,0,56,56,0,0,0
S_adaptive_W56,2025-11-07,310,56,14,296,309,10800.0,0.50,620230.3124640376,8545.422130619567,622252.7940671978,5,0,56,56,0,0,0
S_adaptive_W56,2025-11-07,310,56,14,296,309,10800.0,0.65,560603.381101432,10698.367634999997,560694.5509790796,1,1,56,56,0,0,1
S_adaptive_W56,2025-11-07,310,56,14,296,309,10800.0,0.80,561397.2533657354,10800.0,561397.2533657354,2,0,56,56,0,0,0
S_adaptive_W56,2025-11-07,310,56,14,296,309,10800.0,0.90,591489.1898427205,10800.0,591489.1898427205,3,0,56,56,0,0,0
S_adaptive_W56,2025-11-08,311,56,14,297,310,10800.0,base,603223.6139110574,10304.689737222217,603667.9347340058,4,0,56,56,0,0,0
S_adaptive_W56,2025-11-08,311,56,14,297,310,10800.0,0.50,616311.872326993,8541.333104138088,618338.0220140754,5,0,56,56,0,0,0
S_adaptive_W56,2025-11-08,311,56,14,297,310,10800.0,0.65,559602.8638270937,10751.908139999996,559646.0048972837,1,1,56,56,0,0,1
S_adaptive_W56,2025-11-08,311,56,14,297,310,10800.0,0.80,562754.390975517,10800.0,562754.390975517,2,0,56,56,0,0,0
S_adaptive_W56,2025-11-08,311,56,14,297,310,10800.0,0.90,592856.8984249794,10800.0,592856.8984249794,3,0,56,56,0,0,0
S_adaptive_W56,2025-11-09,312,56,14,298,311,10800.0,base,603464.1940870248,10263.368142222218,603945.5826763324,4,0,56,56,0,0,0
S_adaptive_W56,2025-11-09,312,56,14,298,311,10800.0,0.50,615695.1460747867,8671.899513212158,617604.1704392402,5,0,56,56,0,0,0
S_adaptive_W56,2025-11-09,312,56,14,298,311,10800.0,0.65,558649.9136099027,10750.647464999995,558694.1855756053,1,1,56,56,0,0,1
S_adaptive_W56,2025-11-09,312,56,14,298,311,10800.0,0.80,563581.9250725146,10800.0,563581.9250725146,2,0,56,56,0,0,0
S_adaptive_W56,2025-11-09,312,56,14,298,311,10800.0,0.90,593589.5899892312,10800.0,593589.5899892312,3,0,56,56,0,0,0
S_adaptive_W56,2025-11-10,313,56,14,299,312,10800.0,base,619339.4221301861,10165.642572222217,619908.4759849821,4,0,56,56,0,0,0
S_adaptive_W56,2025-11-10,313,56,14,299,312,10800.0,0.50,630458.920097506,8677.156130185185,632363.2289845005,5,0,56,56,0,0,0
S_adaptive_W56,2025-11-10,313,56,14,299,312,10800.0,0.65,563223.4060204441,10720.630094999995,563294.6052346682,1,1,56,56,0,0,1
S_adaptive_W56,2025-11-10,313,56,14,299,312,10800.0,0.80,566632.287629999,10800.0,566632.287629999,2,0,56,56,0,0,0
S_adaptive_W56,2025-11-10,313,56,14,299,312,10800.0,0.90,596115.9890387061,10800.0,596115.9890387061,3,0,56,56,0,0,0
S_adaptive_W56,2025-11-11,314,56,14,300,313,10800.0,base,631821.4604896273,10163.74167,632392.2195593223,4,0,56,56,0,0,0
S_adaptive_W56,2025-11-11,314,56,14,300,313,10800.0,0.50,638845.7436301982,8837.984880740749,640605.7801930137,5,0,56,56,0,0,0
S_adaptive_W56,2025-11-11,314,56,14,300,313,10800.0,0.65,566667.6224637082,10718.495549999994,566740.7364833831,1,1,56,56,0,0,1
S_adaptive_W56,2025-11-11,314,56,14,300,313,10800.0,0.80,571104.5226922506,10800.0,571104.5226922506,2,0,56,56,0,0,0
S_adaptive_W56,2025-11-11,314,56,14,300,313,10800.0,0.90,600139.431762788,10800.0,600139.431762788,3,0,56,56,0,0,0
S_adaptive_W56,2025-11-12,315,56,14,301,314,10800.0,base,624225.853639206,10119.474715,624836.3226268113,4,0,56,56,0,0,0
S_adaptive_W56,2025-11-12,315,56,14,301,314,10800.0,0.50,628105.4929016536,8820.337048148154,629881.3605507398,5,0,56,56,0,0,0
S_adaptive_W56,2025-11-12,315,56,14,301,314,10800.0,0.65,571548.8075375215,10800.0,571548.8075375215,1,1,56,56,0,0,1
S_adaptive_W56,2025-11-12,315,56,14,301,314,10800.0,0.80,577555.8852408798,10800.0,577555.8852408798,2,0,56,56,0,0,0
S_adaptive_W56,2025-11-12,315,56,14,301,314,10800.0,0.90,606130.1480998315,10800.0,606130.1480998315,3,0,56,56,0,0,0
S_adaptive_W56,2025-11-13,316,56,14,302,315,10800.0,base,611019.0726557501,10053.993517037039,611688.2819157725,4,0,56,56,0,0,0
S_adaptive_W56,2025-11-13,316,56,14,302,315,10800.0,0.50,611948.5811410422,8851.420640185188,613696.565081205,5,0,56,56,0,0,0
S_adaptive_W56,2025-11-13,316,56,14,302,315,10800.0,0.65,568563.0333142655,10800.0,568563.0333142655,1,1,56,56,0,0,1
S_adaptive_W56,2025-11-13,316,56,14,302,315,10800.0,0.80,581189.5455257109,10800.0,581189.5455257109,2,0,56,56,0,0,0
S_adaptive_W56,2025-11-13,316,56,14,302,315,10800.0,0.90,609266.3058407808,10800.0,609266.3058407808,3,0,56,56,0,0,0
S_adaptive_W56,2025-11-14,317,56,14,303,316,10800.0,base,620070.8557860114,10132.249147037039,620669.8653983888,5,0,56,56,0,0,0
S_adaptive_W56,2025-11-14,317,56,14,303,316,10800.0,0.50,617942.9074812985,9050.954410185192,619511.8985445618,4,0,56,56,0,0,0
S_adaptive_W56,2025-11-14,317,56,14,303,316,10800.0,0.65,572157.9123152655,10800.0,572157.9123152655,1,1,56,56,0,0,1
S_adaptive_W56,2025-11-14,317,56,14,303,316,10800.0,0.80,583158.8860313382,10800.0,583158.8860313382,2,0,56,56,0,0,0
S_adaptive_W56,2025-11-14,317,56,14,303,316,10800.0,0.90,610650.4408724768,10800.0,610650.4408724768,3,0,56,56,0,0,0
S_adaptive_W56,2025-11-15,318,56,14,304,317,10800.0,base,621591.1533298171,10100.149282037039,622218.9583044254,5,0,56,56,0,0,0
S_adaptive_W56,2025-11-15,318,56,14,304,317,10800.0,0.50,619166.6778701812,9048.10329203704,620738.2265448188,4,0,56,56,0,0,0
S_adaptive_W56,2025-11-15,318,56,14,304,317,10800.0,0.65,572839.2625925089,10800.0,572839.2625925089,1,1,56,56,0,0,1
S_adaptive_W56,2025-11-15,318,56,14,304,317,10800.0,0.80,583766.5227265222,10800.0,583766.5227265222,2,0,56,56,0,0,0
S_adaptive_W56,2025-11-15,318,56,14,304,317,10800.0,0.90,611324.6005150245,10800.0,611324.6005150245,3,0,56,56,0,0,0
S_adaptive_W56,2025-11-16,319,56,14,305,318,10800.0,base,624023.993255574,10054.201192037039,624693.0162195839,5,0,56,56,0,0,0
S_adaptive_W56,2025-11-16,319,56,14,305,318,10800.0,0.50,622435.5343919349,9004.215439494741,624046.452908517,4,0,56,56,0,0,0
S_adaptive_W56,2025-11-16,319,56,14,305,318,10800.0,0.65,573684.8306677835,10800.0,573684.8306677835,1,1,56,56,0,0,1
S_adaptive_W56,2025-11-16,319,56,14,305,318,10800.0,0.80,584240.8743576662,10800.0,584240.8743576662,2,0,56,56,0,0,0
S_adaptive_W56,2025-11-16,319,56,14,305,318,10800.0,0.90,612064.0918880726,10800.0,612064.0918880726,3,0,56,56,0,0,0
S_adaptive_W56,2025-11-17,320,56,14,306,319,10800.0,base,629374.9133511963,10014.17697276406,630079.8402634618,5,0,56,56,0,0,0
S_adaptive_W56,2025-11-17,320,56,14,306,319,10800.0,0.50,626583.2825271774,8943.596094074077,628248.5799643432,4,0,56,56,0,0,0
S_adaptive_W56,2025-11-17,320,56,14,306,319,10800.0,0.65,576043.064691982,10800.0,576043.064691982,1,1,56,56,0,0,1
S_adaptive_W56,2025-11-17,320,56,14,306,319,10800.0,0.80,587583.4019253714,10800.0,587583.4019253714,2,0,56,56,0,0,0
S_adaptive_W56,2025-11-17,320,56,14,306,319,10800.0,0.90,615521.7129826052,10800.0,615521.7129826052,3,0,56,56,0,0,0
S_adaptive_W56,2025-11-18,321,56,14,307,320,10800.0,base,628747.2748057242,10142.643332222218,629336.9602565357,5,0,56,56,0,0,0
S_adaptive_W56,2025-11-18,321,56,14,307,320,10800.0,0.50,627392.4317073416,9073.411034444445,628941.2779310541,4,0,56,56,0,0,0
S_adaptive_W56,2025-11-18,321,56,14,307,320,10800.0,0.65,580192.1263124265,10800.0,580192.1263124265,1,1,56,56,0,0,1
S_adaptive_W56,2025-11-18,321,56,14,307,320,10800.0,0.80,591564.1499494982,10800.0,591564.1499494982,2,0,56,56,0,0,0
S_adaptive_W56,2025-11-18,321,56,14,307,320,10800.0,0.90,619016.8097794459,10800.0,619016.8097794459,3,0,56,56,0,0,0
S_adaptive_W56,2025-11-19,322,56,14,308,321,10799.689994999997,base,637928.5136476271,10126.943927222217,638532.0042452053,5,0,56,56,0,0,0
S_adaptive_W56,2025-11-19,322,56,14,308,321,10799.689994999997,0.50,635554.7578512061,9096.257969444441,637082.831013242,4,0,56,56,0,0,0
S_adaptive_W56,2025-11-19,322,56,14,308,321,10799.689994999997,0.65,583768.9354229751,10784.933985,583782.1723837234,1,1,56,56,0,0,1
S_adaptive_W56,2025-11-19,322,56,14,308,321,10799.689994999997,0.80,594768.4002318403,10800.0,594768.1221401328,2,0,56,56,0,0,0
S_adaptive_W56,2025-11-19,322,56,14,308,321,10799.689994999997,0.90,621845.1849687813,10800.0,621844.9068770738,3,0,56,56,0,0,0
S_adaptive_W56,2025-11-20,323,56,14,309,322,10800.0,base,640942.1454359803,10057.269741703245,641608.4157404646,5,0,56,56,0,0,0
S_adaptive_W56,2025-11-20,323,56,14,309,322,10800.0,0.50,638328.1300348842,9064.546227962966,639884.9284824999,4,0,56,56,0,0,0
S_adaptive_W56,2025-11-20,323,56,14,309,322,10800.0,0.65,589381.5688606139,10760.739761481482,589416.7874756893,1,1,56,56,0,0,1
S_adaptive_W56,2025-11-20,323,56,14,309,322,10800.0,0.80,598923.94112327,10800.0,598923.94112327,2,0,56,56,0,0,0
S_adaptive_W56,2025-11-20,323,56,14,309,322,10800.0,0.90,625610.0357314164,10800.0,625610.0357314164,3,0,56,56,0,0,0
S_adaptive_W56,2025-11-21,324,56,14,310,323,10698.367634999997,base,637489.8171462914,9983.612142037035,638130.9925321176,5,0,56,56,0,0,0
S_adaptive_W56,2025-11-21,324,56,14,310,323,10698.367634999997,0.50,635736.0966856568,8953.193944814813,637301.6144398468,4,0,56,56,0,0,0
S_adaptive_W56,2025-11-21,324,56,14,310,323,10698.367634999997,0.65,588566.1536879721,10739.33284222222,588529.4056212489,1,1,56,56,0,0,1
S_adaptive_W56,2025-11-21,324,56,14,310,323,10698.367634999997,0.80,602625.134565104,10800.0,602533.9646874565,2,0,56,56,0,0,0
S_adaptive_W56,2025-11-21,324,56,14,310,323,10698.367634999997,0.90,629929.85297985,10800.0,629838.6831022025,3,0,56,56,0,0,0
S_adaptive_W56,2025-11-22,325,56,14,311,324,10751.908139999996,base,638578.1819897913,10003.421338333328,639249.6162334864,5,0,56,56,0,0,0
S_adaptive_W56,2025-11-22,325,56,14,311,324,10751.908139999996,0.50,636924.2106094544,9093.720167962962,638411.6973419257,4,0,56,56,0,0,0
S_adaptive_W56,2025-11-22,325,56,14,311,324,10751.908139999996,0.65,589564.4095471834,10800.0,589521.2684769934,1,1,56,56,0,0,1
S_adaptive_W56,2025-11-22,325,56,14,311,324,10751.908139999996,0.80,603492.4217125247,10800.0,603449.2806423347,2,0,56,56,0,0,0
S_adaptive_W56,2025-11-22,325,56,14,311,324,10751.908139999996,0.90,631118.7205660264,10800.0,631075.5794958364,3,0,56,56,0,0,0
S_adaptive_W56,2025-11-23,326,56,14,312,325,10750.647464999995,base,641213.5682651628,9940.095791851847,641940.6781466252,5,0,56,56,0,0,0
S_adaptive_W56,2025-11-23,326,56,14,312,325,10750.647464999995,0.50,639287.9790384077,9008.566063888888,640850.7228375043,4,0,56,56,0,0,0
S_adaptive_W56,2025-11-23,326,56,14,312,325,10750.647464999995,0.65,590595.877827501,10800.0,590551.6058617985,1,1,56,56,0,0,1
S_adaptive_W56,2025-11-23,326,56,14,312,325,10750.647464999995,0.80,604872.788239238,10800.0,604828.5162735354,2,0,56,56,0,0,0
S_adaptive_W56,2025-11-23,326,56,14,312,325,10750.647464999995,0.90,632916.391752987,10800.0,632872.1197872845,3,0,56,56,0,0,0
S_adaptive_W56,2025-11-24,327,56,14,313,326,10720.630094999995,base,634802.3083624376,10005.327474814812,635443.9745517782,4,0,56,56,0,0,0
S_adaptive_W56,2025-11-24,327,56,14,313,326,10720.630094999995,0.50,633309.0761828922,9098.998678333328,634763.7696542764,3,0,56,56,0,0,0
S_adaptive_W56,2025-11-24,327,56,14,313,326,10720.630094999995,0.65,594006.7749499271,10800.0,593935.575735703,1,1,56,56,0,0,1
S_adaptive_W56,2025-11-24,327,56,14,313,326,10720.630094999995,0.80,609403.6938758299,10800.0,609332.4946616058,2,0,56,56,0,0,0
S_adaptive_W56,2025-11-24,327,56,14,313,326,10720.630094999995,0.90,637181.8708271553,10800.0,637110.6716129312,5,0,56,56,0,0,0
S_adaptive_W56,2025-11-25,328,56,14,314,327,10718.495549999994,base,629357.71570473,9828.006027037032,630156.534278468,3,0,56,56,0,0,0
S_adaptive_W56,2025-11-25,328,56,14,314,327,10718.495549999994,0.50,629377.0086610473,8879.163771111102,631026.9914518095,4,0,56,56,0,0,0
S_adaptive_W56,2025-11-25,328,56,14,314,327,10718.495549999994,0.65,596776.9089206776,10678.379993148146,596812.8948038158,1,1,56,56,0,0,1
S_adaptive_W56,2025-11-25,328,56,14,314,327,10718.495549999994,0.80,611836.2281001604,10800.0,611763.1140804854,2,0,56,56,0,0,0
S_adaptive_W56,2025-11-25,328,56,14,314,327,10718.495549999994,0.90,639399.9621976021,10800.0,639326.8481779272,5,0,56,56,0,0,0
S_adaptive_W56,2025-11-26,329,56,14,315,328,10800.0,base,642103.6764180224,9803.908116296288,642997.2261761426,5,0,56,56,0,0,0
S_adaptive_W56,2025-11-26,329,56,14,315,328,10800.0,0.50,641898.6903816201,8920.272073888884,643584.910760671,4,0,56,56,0,0,0
S_adaptive_W56,2025-11-26,329,56,14,315,328,10800.0,0.65,597691.8207389963,10623.966240740745,597849.7328007051,1,1,56,56,0,0,1
S_adaptive_W56,2025-11-26,329,56,14,315,328,10800.0,0.80,612463.1298009641,10800.0,612463.1298009641,2,0,56,56,0,0,0
S_adaptive_W56,2025-11-26,329,56,14,315,328,10800.0,0.90,639813.5609971338,10800.0,639813.5609971338,3,0,56,56,0,0,0
S_adaptive_W56,2025-11-27,330,56,14,316,329,10800.0,base,648894.0328433738,9864.84604351851,649732.9178953354,5,0,56,56,0,0,0
S_adaptive_W56,2025-11-27,330,56,14,316,329,10800.0,0.50,648341.5809525852,9038.70836881801,649921.5573952905,4,0,56,56,0,0,0
S_adaptive_W56,2025-11-27,330,56,14,316,329,10800.0,0.65,600917.5660489472,10800.0,600917.5660489472,1,1,56,56,0,0,1
S_adaptive_W56,2025-11-27,330,56,14,316,329,10800.0,0.80,616283.831381364,10800.0,616283.831381364,2,0,56,56,0,0,0
S_adaptive_W56,2025-11-27,330,56,14,316,329,10800.0,0.90,643207.934615986,10800.0,643207.934615986,3,0,56,56,0,0,0
S_adaptive_W56,2025-11-28,331,56,14,317,330,10800.0,base,647892.2380014999,9920.541869074064,648681.1608037255,4,0,56,56,0,0,0
S_adaptive_W56,2025-11-28,331,56,14,317,330,10800.0,0.50,648573.2065074199,9051.921418744849,650141.3301102825,5,0,56,56,0,0,0
S_adaptive_W56,2025-11-28,331,56,14,317,330,10800.0,0.65,602990.1957868201,10800.0,602990.1957868201,1,1,56,56,0,0,1
S_adaptive_W56,2025-11-28,331,56,14,317,330,10800.0,0.80,620089.5698683647,10800.0,620089.5698683647,2,0,56,56,0,0,0
S_adaptive_W56,2025-11-28,331,56,14,317,330,10800.0,0.90,646728.7913681337,10800.0,646728.7913681337,3,0,56,56,0,0,0
S_adaptive_W56,2025-11-29,332,56,14,318,331,10800.0,base,650376.7045043642,9942.80293407407,651145.657894559,4,0,56,56,0,0,0
S_adaptive_W56,2025-11-29,332,56,14,318,331,10800.0,0.50,650618.3257297127,9082.931786666664,652158.6313097513,5,0,56,56,0,0,0
S_adaptive_W56,2025-11-29,332,56,14,318,331,10800.0,0.65,604779.7200156124,10800.0,604779.7200156124,1,1,56,56,0,0,1
S_adaptive_W56,2025-11-29,332,56,14,318,331,10800.0,0.80,621333.2589427885,10800.0,621333.2589427885,2,0,56,56,0,0,0
S_adaptive_W56,2025-11-29,332,56,14,318,331,10800.0,0.90,648119.1331682716,10800.0,648119.1331682716,3,0,56,56,0,0,0
S_adaptive_W56,2025-11-30,333,56,14,319,332,10800.0,base,660341.8231321544,9782.407461111115,661254.6601724565,5,0,56,56,0,0,0
S_adaptive_W56,2025-11-30,333,56,14,319,332,10800.0,0.50,659628.5555914147,8941.796866296298,661295.4670358544,4,0,56,56,0,0,0
S_adaptive_W56,2025-11-30,333,56,14,319,332,10800.0,0.65,611667.6672840228,10715.43411648148,611743.5275796435,1,1,56,56,0,0,1
S_adaptive_W56,2025-11-30,333,56,14,319,332,10800.0,0.80,622777.5383333843,10800.0,622777.5383333843,2,0,56,56,0,0,0
S_adaptive_W56,2025-11-30,333,56,14,319,332,10800.0,0.90,649538.6303382481,10800.0,649538.6303382481,3,0,56,56,0,0,0
S_adaptive_W56,2025-12-01,334,56,14,320,333,10800.0,base,658725.7061357057,9713.46592833333,659700.3875609947,5,0,56,56,0,0,0
S_adaptive_W56,2025-12-01,334,56,14,320,333,10800.0,0.50,657479.554613646,8945.047507037032,659143.55005275,4,0,56,56,0,0,0
S_adaptive_W56,2025-12-01,334,56,14,320,333,10800.0,0.65,616729.3146578991,10760.37951111111,616764.8564375706,1,1,56,56,0,0,1
S_adaptive_W56,2025-12-01,334,56,14,320,333,10800.0,0.80,627447.1704073512,10800.0,627447.1704073512,2,0,56,56,0,0,0
S_adaptive_W56,2025-12-01,334,56,14,320,333,10800.0,0.90,653941.8287808804,10800.0,653941.8287808804,3,0,56,56,0,0,0
S_adaptive_W56,2025-12-02,335,56,14,321,334,10800.0,base,696934.6115537804,9559.413454259256,698047.4866067846,5,0,56,56,0,0,0
S_adaptive_W56,2025-12-02,335,56,14,321,334,10800.0,0.50,694431.9603841044,8818.463639805663,696209.5085845521,4,0,56,56,0,0,0
S_adaptive_W56,2025-12-02,335,56,14,321,334,10800.0,0.65,643202.5853418902,10720.794280740742,643273.6372723836,1,1,56,56,0,0,1
S_adaptive_W56,2025-12-02,335,56,14,321,334,10800.0,0.80,645846.301379986,10800.0,645846.301379986,2,0,56,56,0,0,0
S_adaptive_W56,2025-12-02,335,56,14,321,334,10800.0,0.90,667728.9579227682,10800.0,667728.9579227682,3,0,56,56,0,0,0
S_adaptive_W56,2025-12-03,336,56,14,322,335,10784.933985,base,742668.7941964646,9512.382284444446,743810.3437691797,5,0,56,56,0,0,0
S_adaptive_W56,2025-12-03,336,56,14,322,335,10784.933985,0.50,739048.8761073658,8836.436132962956,740796.7869305237,4,0,56,56,0,0,0
S_adaptive_W56,2025-12-03,336,56,14,322,335,10784.933985,0.65,680684.9873159402,10710.876250740741,680751.4212178893,2,0,56,56,0,0,0
S_adaptive_W56,2025-12-03,336,56,14,322,335,10784.933985,0.80,672167.1664421962,10800.0,672153.6513897404,1,1,56,56,0,0,1
S_adaptive_W56,2025-12-03,336,56,14,322,335,10784.933985,0.90,686212.8107910211,10800.0,686199.2957385653,3,0,56,56,0,0,0
S_adaptive_W56,2025-12-04,337,56,14,323,336,10760.739761481482,base,771365.7517799765,9368.237141481482,772614.9039913733,5,0,56,56,0,0,0
S_adaptive_W56,2025-12-04,337,56,14,323,336,10760.739761481482,0.50,766245.259618287,8748.998396111103,768049.9033864334,4,0,56,56,0,0,0
S_adaptive_W56,2025-12-04,337,56,14,323,336,10760.739761481482,0.65,702330.704099373,10573.14625074074,702498.9859003691,3,0,56,56,0,0,0
S_adaptive_W56,2025-12-04,337,56,14,323,336,10760.739761481482,0.80,683916.3785331061,10800.0,683881.1599180306,1,1,56,56,0,0,1
S_adaptive_W56,2025-12-04,337,56,14,323,336,10760.739761481482,0.90,692369.1012886238,10800.0,692333.8826735483,2,0,56,56,0,0,0
S_adaptive_W56,2025-12-05,338,56,14,324,337,10739.33284222222,base,806280.8892914158,9191.018331426605,807669.8134250724,5,0,56,56,0,0,0
S_adaptive_W56,2025-12-05,338,56,14,324,337,10739.33284222222,0.50,797298.5252034563,8625.64148224279,799194.6237806556,4,0,56,56,0,0,0
S_adaptive_W56,2025-12-05,338,56,14,324,337,10739.33284222222,0.65,730629.3254234786,10483.148725740739,730859.1368084134,3,0,56,56,0,0,0
S_adaptive_W56,2025-12-05,338,56,14,324,337,10739.33284222222,0.80,705098.7789208033,10800.0,705044.357109879,1,1,56,56,0,0,1
S_adaptive_W56,2025-12-05,338,56,14,324,337,10739.33284222222,0.90,707946.3821168347,10800.0,707891.9603059104,2,0,56,56,0,0,0
S_adaptive_W56,2025-12-06,339,56,14,325,338,10800.0,base,842437.0545306001,8986.600039259261,844063.7750398268,5,0,56,56,0,0,0
S_adaptive_W56,2025-12-06,339,56,14,325,338,10800.0,0.50,830483.1849195298,8529.592290925922,832519.8667683309,4,0,56,56,0,0,0
S_adaptive_W56,2025-12-06,339,56,14,325,338,10800.0,0.65,755238.8828243224,10219.384315740737,755759.7273495299,3,0,56,56,0,0,0
S_adaptive_W56,2025-12-06,339,56,14,325,338,10800.0,0.80,716954.5661416637,10665.878446296298,717074.8806265333,2,0,56,56,0,0,0
S_adaptive_W56,2025-12-06,339,56,14,325,338,10800.0,0.90,713013.85994477,10800.0,713013.85994477,1,1,56,56,0,0,1
S_adaptive_W56,2025-12-07,340,56,14,326,339,10800.0,base,888361.0402987055,8954.63707255144,890016.4333647895,5,0,56,56,0,0,0
S_adaptive_W56,2025-12-07,340,56,14,326,339,10800.0,0.50,873888.4456084009,8547.553860370364,875909.0149315452,4,0,56,56,0,0,0
S_adaptive_W56,2025-12-07,340,56,14,326,339,10800.0,0.65,789463.1601794165,10226.271011851848,789977.8269556181,3,0,56,56,0,0,0
S_adaptive_W56,2025-12-07,340,56,14,326,339,10800.0,0.80,736561.4775661085,10734.121486296297,736620.5742528181,2,0,56,56,0,0,0
S_adaptive_W56,2025-12-07,340,56,14,326,339,10800.0,0.90,719150.8602881649,10800.0,719150.8602881649,1,1,56,56,0,0,1
S_adaptive_W56,2025-12-08,341,56,14,327,340,10800.0,base,921324.5329258572,8824.372144958847,923096.7808689323,5,0,56,56,0,0,0
S_adaptive_W56,2025-12-08,341,56,14,327,340,10800.0,0.50,903762.5863947514,8449.72679592592,905870.9120295395,4,0,56,56,0,0,0
S_adaptive_W56,2025-12-08,341,56,14,327,340,10800.0,0.65,809565.5108012492,10241.829356851847,810066.2208776332,3,0,56,56,0,0,0
S_adaptive_W56,2025-12-08,341,56,14,327,340,10800.0,0.80,745689.4799928672,10800.0,745689.4799928672,2,0,56,56,0,0,0
S_adaptive_W56,2025-12-08,341,56,14,327,340,10800.0,0.90,725040.0515865203,10800.0,725040.0515865203,1,1,56,56,0,0,1
S_adaptive_W56,2025-12-09,342,56,14,328,341,10678.379993148146,base,928109.8934755918,8962.541824259255,929649.0956374279,5,0,56,56,0,0,0
S_adaptive_W56,2025-12-09,342,56,14,328,341,10678.379993148146,0.50,905594.6534616805,8682.038715370361,907385.4824956959,4,0,56,56,0,0,0
S_adaptive_W56,2025-12-09,342,56,14,328,341,10678.379993148146,0.65,816674.1355538021,10369.343050925923,816951.3588596944,3,0,56,56,0,0,0
S_adaptive_W56,2025-12-09,342,56,14,328,341,10678.379993148146,0.80,755918.2316535853,10800.0,755809.1317507721,2,0,56,56,0,0,0
S_adaptive_W56,2025-12-09,342,56,14,328,341,10678.379993148146,0.90,735802.2602283239,10800.0,735693.1603255107,1,1,56,56,0,0,1
S_adaptive_W56,2025-12-10,343,56,14,329,342,10623.966240740745,base,929815.0490544462,9106.160928888887,931176.6047416946,5,0,56,56,0,0,0
S_adaptive_W56,2025-12-10,343,56,14,329,342,10623.966240740745,0.50,907082.4825607728,8830.53745222222,908691.2878190066,4,0,56,56,0,0,0
S_adaptive_W56,2025-12-10,343,56,14,329,342,10623.966240740745,0.65,828192.5577475644,10555.782316481478,828253.7225156208,3,0,56,56,0,0,0
S_adaptive_W56,2025-12-10,343,56,14,329,342,10623.966240740745,0.80,767578.722484068,10800.0,767420.8104223592,2,0,56,56,0,0,0
S_adaptive_W56,2025-12-10,343,56,14,329,342,10623.966240740745,0.90,747937.4506749625,10800.0,747779.5386132536,1,1,56,56,0,0,1
S_adaptive_W56,2025-12-11,344,56,14,330,343,10800.0,base,940352.7270411116,9101.402595925918,941876.4632790885,5,0,56,56,0,0,0
S_adaptive_W56,2025-12-11,344,56,14,330,343,10800.0,0.50,915579.0320386537,8940.332429259252,917247.2571644732,4,0,56,56,0,0,0
S_adaptive_W56,2025-12-11,344,56,14,330,343,10800.0,0.65,836211.6142668868,10673.879783888886,836324.7511074172,3,0,56,56,0,0,0
S_adaptive_W56,2025-12-11,344,56,14,330,343,10800.0,0.80,775862.0957077612,10800.0,775862.0957077612,2,0,56,56,0,0,0
S_adaptive_W56,2025-12-11,344,56,14,330,343,10800.0,0.90,756982.1546057481,10800.0,756982.1546057481,1,1,56,56,0,0,1
S_adaptive_W56,2025-12-12,345,56,14,331,344,10800.0,base,945650.4465213096,9074.280154629625,947198.5130959315,5,0,56,56,0,0,0
S_adaptive_W56,2025-12-12,345,56,14,331,344,10800.0,0.50,921053.2631178194,8922.133500925922,922737.8136934055,4,0,56,56,0,0,0
S_adaptive_W56,2025-12-12,345,56,14,331,344,10800.0,0.65,845588.4500748725,10800.0,845588.4500748725,3,0,56,56,0,0,0
S_adaptive_W56,2025-12-12,345,56,14,331,344,10800.0,0.80,785460.8536453795,10800.0,785460.8536453795,2,0,56,56,0,0,0
S_adaptive_W56,2025-12-12,345,56,14,331,344,10800.0,0.90,767204.3331133116,10800.0,767204.3331133116,1,1,56,56,0,0,1
S_adaptive_W56,2025-12-13,346,56,14,332,345,10800.0,base,962921.03448643,9071.983681296297,964471.1611252138,5,0,56,56,0,0,0
S_adaptive_W56,2025-12-13,346,56,14,332,345,10800.0,0.50,933943.9347188004,8936.537367962961,935615.5642254393,4,0,56,56,0,0,0
S_adaptive_W56,2025-12-13,346,56,14,332,345,10800.0,0.65,850034.4434119067,10800.0,850034.4434119067,3,0,56,56,0,0,0
S_adaptive_W56,2025-12-13,346,56,14,332,345,10800.0,0.80,791427.8144086987,10800.0,791427.8144086987,2,0,56,56,0,0,0
S_adaptive_W56,2025-12-13,346,56,14,332,345,10800.0,0.90,774034.1580193767,10800.0,774034.1580193767,1,1,56,56,0,0,1
S_adaptive_W56,2025-12-14,347,56,14,333,346,10715.43411648148,base,958604.5493441072,9170.43710296296,959990.4974984007,5,0,56,56,0,0,0
S_adaptive_W56,2025-12-14,347,56,14,333,346,10715.43411648148,0.50,927482.8805793343,9083.319065370364,928946.9784532394,4,0,56,56,0,0,0
S_adaptive_W56,2025-12-14,347,56,14,333,346,10715.43411648148,0.65,850919.7742126577,10800.0,850843.913917037,3,0,56,56,0,0,0
S_adaptive_W56,2025-12-14,347,56,14,333,346,10715.43411648148,0.80,799051.4701399766,10800.0,798975.6098443558,2,0,56,56,0,0,0
S_adaptive_W56,2025-12-14,347,56,14,333,346,10715.43411648148,0.90,782499.8301422027,10800.0,782423.9698465819,1,1,56,56,0,0,1
S_adaptive_W56,2025-12-15,348,56,14,334,347,10760.37951111111,base,963754.7488550348,9270.200664999998,965091.5220677102,5,0,56,56,0,0,0
S_adaptive_W56,2025-12-15,348,56,14,334,347,10760.37951111111,0.50,934563.2695182556,9254.589700740742,935914.0466331473,4,0,56,56,0,0,0
S_adaptive_W56,2025-12-15,348,56,14,334,347,10760.37951111111,0.65,858360.5410529942,10800.0,858324.9992733226,3,0,56,56,0,0,0
S_adaptive_W56,2025-12-15,348,56,14,334,347,10760.37951111111,0.80,806996.0359778805,10800.0,806960.4941982089,2,0,56,56,0,0,0
S_adaptive_W56,2025-12-15,348,56,14,334,347,10760.37951111111,0.90,790931.0057957798,10800.0,790895.4640161082,1,1,56,56,0,0,1
S_adaptive_W56,2025-12-16,349,56,14,335,348,10720.794280740742,base,940908.1001831206,9319.313935185186,942165.3059131032,5,0,56,56,0,0,0
S_adaptive_W56,2025-12-16,349,56,14,335,348,10720.794280740742,0.50,910304.413131451,9306.101873518517,911573.4708147519,4,0,56,56,0,0,0
S_adaptive_W56,2025-12-16,349,56,14,335,348,10720.794280740742,0.65,842280.9854714551,10800.0,842209.9335409618,3,0,56,56,0,0,0
S_adaptive_W56,2025-12-16,349,56,14,335,348,10720.794280740742,0.80,799107.9922003997,10800.0,799036.9402699064,2,0,56,56,0,0,0
S_adaptive_W56,2025-12-16,349,56,14,335,348,10720.794280740742,0.90,788288.5288879079,10800.0,788217.4769574145,1,1,56,56,0,0,1
S_adaptive_W56,2025-12-17,350,56,14,336,349,10710.876250740741,base,896406.2863211475,9297.77584777778,897673.9158881832,5,0,56,56,0,0,0
S_adaptive_W56,2025-12-17,350,56,14,336,349,10710.876250740741,0.50,868424.6112537659,9293.275005836762,869696.2783260695,4,0,56,56,0,0,0
S_adaptive_W56,2025-12-17,350,56,14,336,349,10710.876250740741,0.65,814806.1574054922,10800.0,814726.2084510872,3,0,56,56,0,0,0
S_adaptive_W56,2025-12-17,350,56,14,336,349,10710.876250740741,0.80,785267.5978568168,10800.0,785187.6489024119,2,0,56,56,0,0,0
S_adaptive_W56,2025-12-17,350,56,14,336,349,10710.876250740741,0.90,782737.1435313751,10800.0,782657.1945769702,1,1,56,56,0,0,1
S_adaptive_W56,2025-12-18,351,56,14,337,350,10800.0,base,869745.6838237338,9604.466850740744,870818.1434771277,5,0,56,56,0,0,0
S_adaptive_W56,2025-12-18,351,56,14,337,350,10800.0,0.50,845000.3755746974,9606.509805555552,846071.0025841249,4,0,56,56,0,0,0
S_adaptive_W56,2025-12-18,351,56,14,337,350,10800.0,0.65,802923.006620539,10800.0,802923.006620539,3,0,56,56,0,0,0
S_adaptive_W56,2025-12-18,351,56,14,337,350,10800.0,0.80,784674.12674009,10800.0,784674.12674009,1,1,56,56,0,0,1
S_adaptive_W56,2025-12-18,351,56,14,337,350,10800.0,0.90,788270.8491394949,10800.0,788270.8491394949,2,0,56,56,0,0,0
S_adaptive_W56,2025-12-19,352,56,14,338,351,10800.0,base,845012.5097092404,9781.440527777786,845926.2141424611,5,0,56,56,0,0,0
S_adaptive_W56,2025-12-19,352,56,14,338,351,10800.0,0.50,821667.9285720555,9758.00382537037,822602.6570293747,4,0,56,56,0,0,0
S_adaptive_W56,2025-12-19,352,56,14,338,351,10800.0,0.65,784790.0962912219,10800.0,784790.0962912219,3,0,56,56,0,0,0
S_adaptive_W56,2025-12-19,352,56,14,338,351,10800.0,0.80,772689.1646538897,10800.0,772689.1646538897,1,1,56,56,0,0,1
S_adaptive_W56,2025-12-19,352,56,14,338,351,10800.0,0.90,782509.6762816252,10800.0,782509.6762816252,2,0,56,56,0,0,0
S_adaptive_W56,2025-12-20,353,56,14,339,352,10665.878446296298,base,818159.7382094045,9813.849659444444,818924.0553661432,5,0,56,56,0,0,0
S_adaptive_W56,2025-12-20,353,56,14,339,352,10665.878446296298,0.50,793754.0879138615,9803.46234425926,794527.7230693944,4,0,56,56,0,0,0
S_adaptive_W56,2025-12-20,353,56,14,339,352,10665.878446296298,0.65,765881.5440892756,10792.541664629629,765767.9201455852,1,1,56,56,0,0,1
S_adaptive_W56,2025-12-20,353,56,14,339,352,10665.878446296298,0.80,768084.009847776,10800.0,767963.6953629064,2,0,56,56,0,0,0
S_adaptive_W56,2025-12-20,353,56,14,339,352,10665.878446296298,0.90,785565.6456819752,10800.0,785445.3311971056,3,0,56,56,0,0,0
S_adaptive_W56,2025-12-21,354,56,14,340,353,10800.0,base,775967.6445285443,9858.06628037037,776812.6114047031,4,0,56,56,0,0,0
S_adaptive_W56,2025-12-21,354,56,14,340,353,10800.0,0.50,752872.97921178,9848.211855185182,753726.786054798,2,0,56,56,0,0,0
S_adaptive_W56,2025-12-21,354,56,14,340,353,10800.0,0.65,738615.8922717586,10800.0,738615.8922717586,1,1,56,56,0,0,1
S_adaptive_W56,2025-12-21,354,56,14,340,353,10800.0,0.80,756163.8876145589,10800.0,756163.8876145589,3,0,56,56,0,0,0
S_adaptive_W56,2025-12-21,354,56,14,340,353,10800.0,0.90,788062.1109104946,10800.0,788062.1109104946,5,0,56,56,0,0,0
S_adaptive_W56,2025-12-22,355,56,14,341,354,10800.0,base,754633.5883667166,9989.94825407408,755360.249785687,3,0,56,56,0,0,0
S_adaptive_W56,2025-12-22,355,56,14,341,354,10800.0,0.50,731947.5220444157,9957.481245185183,732703.3081740821,2,0,56,56,0,0,0
S_adaptive_W56,2025-12-22,355,56,14,341,354,10800.0,0.65,728174.2068244297,10800.0,728174.2068244297,1,1,56,56,0,0,1
S_adaptive_W56,2025-12-22,355,56,14,341,354,10800.0,0.80,756928.3914362472,10800.0,756928.3914362472,4,0,56,56,0,0,0
S_adaptive_W56,2025-12-22,355,56,14,341,354,10800.0,0.90,792711.5849949308,10800.0,792711.5849949308,5,0,56,56,0,0,0
S_adaptive_W56,2025-12-23,356,56,14,342,355,10800.0,base,756122.854166855,9903.849979074079,756926.7505217378,3,0,56,56,0,0,0
S_adaptive_W56,2025-12-23,356,56,14,342,355,10800.0,0.50,734954.3643694083,9873.928590185182,735785.1018724239,2,0,56,56,0,0,0
S_adaptive_W56,2025-12-23,356,56,14,342,355,10800.0,0.65,729618.0075476057,10782.169664999998,729634.0023486748,1,1,56,56,0,0,1
S_adaptive_W56,2025-12-23,356,56,14,342,355,10800.0,0.80,757534.6985849923,10800.0,757534.6985849923,4,0,56,56,0,0,0
S_adaptive_W56,2025-12-23,356,56,14,342,355,10800.0,0.90,793294.3037553745,10800.0,793294.3037553745,5,0,56,56,0,0,0
S_adaptive_W56,2025-12-24,357,56,14,343,356,10800.0,base,753925.3184049993,9882.835253518522,754748.0661361902,3,0,56,56,0,0,0
S_adaptive_W56,2025-12-24,357,56,14,343,356,10800.0,0.50,733152.2816917846,9839.76130592592,734013.6691469632,2,0,56,56,0,0,0
S_adaptive_W56,2025-12-24,357,56,14,343,356,10800.0,0.65,729004.7940900985,10800.0,729004.7940900985,1,1,56,56,0,0,1
S_adaptive_W56,2025-12-24,357,56,14,343,356,10800.0,0.80,757270.0894311058,10800.0,757270.0894311058,4,0,56,56,0,0,0
S_adaptive_W56,2025-12-24,357,56,14,343,356,10800.0,0.90,793150.3311846461,10800.0,793150.3311846461,5,0,56,56,0,0,0
S_adaptive_W56,2025-12-25,358,56,14,344,357,10800.0,base,753348.6021268859,9936.674435925925,754123.0531203917,3,0,56,56,0,0,0
S_adaptive_W56,2025-12-25,358,56,14,344,357,10800.0,0.50,734823.1828794094,9894.027139814814,735635.890866821,2,0,56,56,0,0,0
S_adaptive_W56,2025-12-25,358,56,14,344,357,10800.0,0.65,729851.8425449344,10800.0,729851.8425449344,1,1,56,56,0,0,1
S_adaptive_W56,2025-12-25,358,56,14,344,357,10800.0,0.80,757398.4464547707,10800.0,757398.4464547707,4,0,56,56,0,0,0
S_adaptive_W56,2025-12-25,358,56,14,344,357,10800.0,0.90,793239.0952338944,10800.0,793239.0952338944,5,0,56,56,0,0,0
S_adaptive_W56,2025-12-26,359,56,14,345,358,10800.0,base,754333.2117374197,9891.628691111111,755148.0712665657,3,0,56,56,0,0,0
S_adaptive_W56,2025-12-26,359,56,14,345,358,10800.0,0.50,735868.216299694,9841.882795555553,736727.7006608143,2,0,56,56,0,0,0
S_adaptive_W56,2025-12-26,359,56,14,345,358,10800.0,0.65,729305.6567540809,10800.0,729305.6567540809,1,1,56,56,0,0,1
S_adaptive_W56,2025-12-26,359,56,14,345,358,10800.0,0.80,756495.581368134,10800.0,756495.581368134,4,0,56,56,0,0,0
S_adaptive_W56,2025-12-26,359,56,14,345,358,10800.0,0.90,792367.0977912993,10800.0,792367.0977912993,5,0,56,56,0,0,0
S_adaptive_W56,2025-12-27,360,56,14,346,359,10800.0,base,744029.3472567876,9911.110221296298,744826.7307710503,3,0,56,56,0,0,0
S_adaptive_W56,2025-12-27,360,56,14,346,359,10800.0,0.50,726549.6538586293,9856.72447185185,727395.8244115742,1,1,56,56,0,0,1
S_adaptive_W56,2025-12-27,360,56,14,346,359,10800.0,0.65,730024.9799394478,10800.0,730024.9799394478,2,0,56,56,0,0,0
S_adaptive_W56,2025-12-27,360,56,14,346,359,10800.0,0.80,757200.9668211906,10800.0,757200.9668211906,4,0,56,56,0,0,0
S_adaptive_W56,2025-12-27,360,56,14,346,359,10800.0,0.90,793121.2050790618,10800.0,793121.2050790618,5,0,56,56,0,0,0
S_adaptive_W56,2025-12-28,361,56,14,347,360,10800.0,base,743218.493854672,10002.293807222224,743934.0806266044,3,0,56,56,0,0,0
S_adaptive_W56,2025-12-28,361,56,14,347,360,10800.0,0.50,726619.6672323436,9936.153543888888,727394.5854949451,1,1,56,56,0,0,1
S_adaptive_W56,2025-12-28,361,56,14,347,360,10800.0,0.65,729394.965554948,10800.0,729394.965554948,2,0,56,56,0,0,0
S_adaptive_W56,2025-12-28,361,56,14,347,360,10800.0,0.80,756478.9878160268,10800.0,756478.9878160268,4,0,56,56,0,0,0
S_adaptive_W56,2025-12-28,361,56,14,347,360,10800.0,0.90,792383.6843505258,10800.0,792383.6843505258,5,0,56,56,0,0,0
S_adaptive_W56,2025-12-29,362,56,14,348,361,10800.0,base,743196.972063585,10002.910817222222,743912.005343269,3,0,56,56,0,0,0
S_adaptive_W56,2025-12-29,362,56,14,348,361,10800.0,0.50,726385.6349247054,9924.610803888885,727170.9076663501,1,1,56,56,0,0,1
S_adaptive_W56,2025-12-29,362,56,14,348,361,10800.0,0.65,728783.7541434027,10800.0,728783.7541434027,2,0,56,56,0,0,0
S_adaptive_W56,2025-12-29,362,56,14,348,361,10800.0,0.80,755567.9816094103,10800.0,755567.9816094103,4,0,56,56,0,0,0
S_adaptive_W56,2025-12-29,362,56,14,348,361,10800.0,0.90,791442.6278966059,10800.0,791442.6278966059,5,0,56,56,0,0,0
S_adaptive_W56,2025-12-30,363,56,14,349,362,10800.0,base,737941.060937991,9906.895597407407,738742.2252040278,3,0,56,56,0,0,0
S_adaptive_W56,2025-12-30,363,56,14,349,362,10800.0,0.50,723373.2288518561,9835.572723333335,724238.3736983192,1,1,56,56,0,0,1
S_adaptive_W56,2025-12-30,363,56,14,349,362,10800.0,0.65,728158.2815467083,10800.0,728158.2815467083,2,0,56,56,0,0,0
S_adaptive_W56,2025-12-30,363,56,14,349,362,10800.0,0.80,754837.9510476184,10800.0,754837.9510476184,4,0,56,56,0,0,0
S_adaptive_W56,2025-12-30,363,56,14,349,362,10800.0,0.90,790748.9882751366,10800.0,790748.9882751366,5,0,56,56,0,0,0
S_adaptive_W56,2025-12-31,364,56,14,350,363,10800.0,base,741815.9416375831,9940.650236111109,742586.826117445,3,0,56,56,0,0,0
S_adaptive_W56,2025-12-31,364,56,14,350,363,10800.0,0.50,726015.031558746,9866.357489259251,726852.5607599089,1,1,56,56,0,0,1
S_adaptive_W56,2025-12-31,364,56,14,350,363,10800.0,0.65,727649.1858559969,10800.0,727649.1858559969,2,0,56,56,0,0,0
S_adaptive_W56,2025-12-31,364,56,14,350,363,10800.0,0.80,752757.5364817259,10800.0,752757.5364817259,4,0,56,56,0,0,0
S_adaptive_W56,2025-12-31,364,56,14,350,363,10800.0,0.90,788588.465830285,10800.0,788588.465830285,5,0,56,56,0,0,0
