group,interval_start,interval_end,owner_date,effective_version,price_yuan_kWh,actual_load_kW,actual_pv_kW,net_kWh,q0_kWh,q_eff_kWh,charge_kWh,discharge_kWh,emergency_kWh,unused_kWh,state_start_kWh,state_end_kWh,ordinary_cost_yuan,adjustment_cost_yuan,emergency_cost_yuan,total_cost_yuan
F43,2025-03-20 00:00:00,2025-03-20 00:10:00,2025-03-19,2025-03-19 12:00,0.4495,3410.51,0.0,568.4183333333333,606.873579566767,606.873579566767,38.45524623343374,0.0,0.0,0.0,2053.7074150242574,2088.3171366343477,272.78967401526177,0.0,0.0,272.78967401526177
F43,2025-03-20 00:10:00,2025-03-20 00:20:00,2025-03-20,2025-03-20 00:00,0.4487,3299.0689,0.0,549.8448166666667,1432.2577948803437,1432.2577948803437,833.3333333333334,0.0,0.0,49.07964488034361,2088.3171366343477,2838.3171366343477,642.6540725628101,0.0,0.0,642.6540725628101
F43,2025-03-20 00:20:00,2025-03-20 00:30:00,2025-03-20,2025-03-20 00:00,0.4373,3421.881,0.0,570.3135,1422.0903549842642,1422.0903549842642,833.3333333333334,0.0,0.0,18.443521650930847,2838.3171366343477,3588.3171366343477,621.8801122346188,0.0,0.0,621.8801122346188
F43,2025-03-20 00:30:00,2025-03-20 00:40:00,2025-03-20,2025-03-20 00:00,0.4311,3683.11,0.0,613.8516666666667,1423.5854735331443,1423.5854735331443,809.7338068664776,0.0,0.0,0.0,3588.3171366343477,4317.077562814177,613.7076976401385,0.0,0.0,613.7076976401385
F43,2025-03-20 00:40:00,2025-03-20 00:50:00,2025-03-20,2025-03-20 00:00,0.4344,3476.737,0.0,579.4561666666666,1428.506378349246,1428.506378349246,833.3333333333334,0.0,0.0,15.71687834924603,4317.077562814177,5067.077562814177,620.5431707549125,0.0,0.0,620.5431707549125
F43,2025-03-20 00:50:00,2025-03-20 01:00:00,2025-03-20,2025-03-20 00:00,0.4238,3302.6695,0.0,550.4449166666666,1434.2092951527284,1434.2092951527284,833.3333333333334,0.0,0.0,50.431045152728416,5067.077562814177,5817.077562814177,607.8178992857263,0.0,0.0,607.8178992857263
F43,2025-03-20 01:00:00,2025-03-20 01:10:00,2025-03-20,2025-03-20 00:00,0.4296,3426.94,0.0,571.1566666666666,1431.649388801448,1431.649388801448,833.3333333333334,0.0,0.0,27.159388801447903,5817.077562814177,6567.077562814177,615.036577429102,0.0,0.0,615.036577429102
F43,2025-03-20 01:10:00,2025-03-20 01:20:00,2025-03-20,2025-03-20 00:00,0.4989,3609.5343,0.0,601.5890499999999,597.872223787549,597.872223787549,0.0,3.716826212450883,0.0,0.0,6567.077562814177,6562.947755911454,298.27845244760823,0.0,0.0,298.27845244760823
F43,2025-03-20 01:20:00,2025-03-20 01:30:00,2025-03-20,2025-03-20 00:00,0.5083,3668.9025,0.0,611.48375,1427.3622929425278,1427.3622929425278,815.8785429425278,0.0,0.0,0.0,6562.947755911454,7297.238444559729,725.5282535026869,0.0,0.0,725.5282535026869
F43,2025-03-20 01:30:00,2025-03-20 01:40:00,2025-03-20,2025-03-20 00:00,0.4468,3589.3,0.0,598.2166666666667,1413.073124233773,1413.073124233773,814.8564575671062,0.0,0.0,0.0,7297.238444559729,8030.609256370125,631.3610719076497,0.0,0.0,631.3610719076497
F43,2025-03-20 01:40:00,2025-03-20 01:50:00,2025-03-20,2025-03-20 00:00,0.4284,3503.6157,0.0,583.9359499999999,582.7132326534261,582.7132326534261,0.0,1.2227173465738588,0.0,0.0,8030.609256370125,8029.250681540599,249.63434886872773,0.0,0.0,249.63434886872773
F43,2025-03-20 01:50:00,2025-03-20 02:00:00,2025-03-20,2025-03-20 00:00,0.4436,3545.9703,0.0,590.99505,597.5551074156919,597.5551074156919,6.560057415691858,0.0,0.0,0.0,8029.250681540599,8035.154733214721,265.0754456496009,0.0,0.0,265.0754456496009
F43,2025-03-20 02:00:00,2025-03-20 02:10:00,2025-03-20,2025-03-20 00:00,0.454,3590.66,0.0,598.4433333333333,1162.9330878824935,1162.9330878824935,564.4897545491602,0.0,0.0,0.0,8035.154733214721,8543.195512308965,527.9716218986521,0.0,0.0,527.9716218986521
F43,2025-03-20 02:10:00,2025-03-20 02:20:00,2025-03-20,2025-03-20 00:00,0.4404,3395.9017,0.0,565.9836166666666,1435.9632031580918,1435.9632031580918,833.3333333333334,0.0,0.0,36.64625315809178,8543.195512308965,9293.195512308965,632.3981946708236,0.0,0.0,632.3981946708236
F43,2025-03-20 02:20:00,2025-03-20 02:30:00,2025-03-20,2025-03-20 00:00,0.4405,3276.7246,0.0,546.1207666666667,589.3618703188015,589.3618703188015,43.241103652134825,0.0,0.0,0.0,9293.195512308965,9332.112505595886,259.6139038754321,0.0,0.0,259.6139038754321
F43,2025-03-20 02:30:00,2025-03-20 02:40:00,2025-03-20,2025-03-20 00:00,0.4545,3394.28,0.0,565.7133333333334,583.8414911857924,583.8414911857924,18.128157852459026,0.0,0.0,0.0,9332.112505595886,9348.427847663099,265.35595774394267,0.0,0.0,265.35595774394267
F43,2025-03-20 02:40:00,2025-03-20 02:50:00,2025-03-20,2025-03-20 00:00,0.4389,3587.5594,0.0,597.9265666666666,598.9096118614834,598.9096118614834,0.983045194816782,0.0,0.0,0.0,9348.427847663099,9349.312588338435,262.8614286460051,0.0,0.0,262.8614286460051
F43,2025-03-20 02:50:00,2025-03-20 03:00:00,2025-03-20,2025-03-20 00:00,0.3868,3605.7268,0.0,600.9544666666666,613.3983400657052,613.3983400657052,12.44387339903858,0.0,0.0,0.0,9349.312588338435,9360.51207439757,237.26247793741473,0.0,0.0,237.26247793741473
F43,2025-03-20 03:00:00,2025-03-20 03:10:00,2025-03-20,2025-03-20 00:00,0.3634,3522.79,0.0,587.1316666666667,618.9256006300363,618.9256006300363,31.793933963369682,0.0,0.0,0.0,9360.51207439757,9389.126614964602,224.9175632689552,0.0,0.0,224.9175632689552
F43,2025-03-20 03:10:00,2025-03-20 03:20:00,2025-03-20,2025-03-20 00:00,0.4416,3631.2618,0.0,605.2103,603.9971236104338,603.9971236104338,0.0,1.2131763895661152,0.0,0.0,9389.126614964602,9387.778641198418,266.7251297863676,0.0,0.0,266.7251297863676
F43,2025-03-20 03:20:00,2025-03-20 03:30:00,2025-03-20,2025-03-20 00:00,0.4839,3731.3543,0.0,621.8923833333333,582.387075519209,582.387075519209,0.0,39.50530781412431,0.0,0.0,9387.778641198418,9343.88385473828,281.81710584374525,0.0,0.0,281.81710584374525
F43,2025-03-20 03:30:00,2025-03-20 03:40:00,2025-03-20,2025-03-20 00:00,0.4574,3721.01,0.0,620.1683333333333,600.959305076836,600.959305076836,0.0,19.209028256497277,0.0,0.0,9343.88385473828,9322.54049000884,274.8787861421448,0.0,0.0,274.8787861421448
F43,2025-03-20 03:40:00,2025-03-20 03:50:00,2025-03-20,2025-03-20 00:00,0.4575,3699.7385,0.0,616.6230833333333,617.6169879704601,617.6169879704601,0.993904637126775,0.0,0.0,0.0,9322.54049000884,9323.435004182254,282.5597719964855,0.0,0.0,282.5597719964855
F43,2025-03-20 03:50:00,2025-03-20 04:00:00,2025-03-20,2025-03-20 00:00,0.4629,3674.7825,0.0,612.4637499999999,608.6089349480554,608.6089349480554,0.0,3.854815051944456,0.0,0.0,9323.435004182254,9319.151876346761,281.72507598745483,0.0,0.0,281.72507598745483
F43,2025-03-20 04:00:00,2025-03-20 04:10:00,2025-03-20,2025-03-20 00:00,0.4426,3623.58,0.0,603.93,596.4085891630274,596.4085891630274,0.0,7.521410836972564,0.0,0.0,9319.151876346761,9310.79475319457,263.97044156355594,0.0,0.0,263.97044156355594
F43,2025-03-20 04:10:00,2025-03-20 04:20:00,2025-03-20,2025-03-20 00:00,0.4023,3538.7697,0.0019,589.7946333333332,624.4290497005409,624.4290497005409,34.63441636720768,0.0,0.0,0.0,9310.79475319457,9341.965727925057,251.2078066945276,0.0,0.0,251.2078066945276
F43,2025-03-20 04:20:00,2025-03-20 04:30:00,2025-03-20,2025-03-20 00:00,0.4075,3488.7843,0.0,581.4640499999999,620.6975971319595,620.6975971319595,39.23354713195954,0.0,0.0,0.0,9341.965727925057,9377.27592034382,252.93427083127347,0.0,0.0,252.93427083127347
F43,2025-03-20 04:30:00,2025-03-20 04:40:00,2025-03-20,2025-03-20 00:00,0.452,3513.51,0.0,585.585,624.0710982079923,624.0710982079923,38.48609820799231,0.0,0.0,0.0,9377.27592034382,9411.913408731012,282.08013639001257,0.0,0.0,282.08013639001257
F43,2025-03-20 04:40:00,2025-03-20 04:50:00,2025-03-20,2025-03-20 00:00,0.4646,3598.3779,0.0271,599.7251333333334,618.4410995052019,618.4410995052019,18.71596617186856,0.0,0.0,0.0,9411.913408731012,9428.757778285693,287.3277348301168,0.0,0.0,287.3277348301168
F43,2025-03-20 04:50:00,2025-03-20 05:00:00,2025-03-20,2025-03-20 00:00,0.4561,3700.4359,0.0,616.7393166666666,625.8354664692126,625.8354664692126,9.096149802546051,0.0,0.0,0.0,9428.757778285693,9436.944313107984,285.4435562566079,0.0,0.0,285.4435562566079
F43,2025-03-20 05:00:00,2025-03-20 05:10:00,2025-03-20,2025-03-20 00:00,0.4379,3753.57,0.0,625.595,617.8535352123372,617.8535352123372,0.0,7.741464787662835,0.0,0.0,9436.944313107984,9428.342685566136,270.55806306948244,0.0,0.0,270.55806306948244
F43,2025-03-20 05:10:00,2025-03-20 05:20:00,2025-03-20,2025-03-20 00:00,0.4177,3716.9811,0.3776,619.4339166666666,602.3993161554829,602.3993161554829,0.0,17.034600511183726,0.0,0.0,9428.342685566136,9409.415351664822,251.6221943581452,0.0,0.0,251.6221943581452
F43,2025-03-20 05:20:00,2025-03-20 05:30:00,2025-03-20,2025-03-20 00:00,0.464,3707.0664,0.0,617.8444,609.9066159980481,609.9066159980481,0.0,7.937784001951854,0.0,0.0,9409.415351664822,9400.595591662654,282.99666982309435,0.0,0.0,282.99666982309435
F43,2025-03-20 05:30:00,2025-03-20 05:40:00,2025-03-20,2025-03-20 00:00,0.4802,3642.69,0.0,607.115,1451.995994138023,1451.995994138023,833.3333333333334,0.0,0.0,11.547660804689599,9400.595591662654,10150.595591662654,697.2484763850787,0.0,0.0,697.2484763850787
F43,2025-03-20 05:40:00,2025-03-20 05:50:00,2025-03-20,2025-03-20 00:00,0.352,3457.8398,5.2594,575.4300666666667,1440.488937806303,1440.488937806303,721.5604537081628,0.0,0.0,143.49841743147363,10150.595591662654,10800.0,507.05210610781864,0.0,0.0,507.05210610781864
F43,2025-03-20 05:50:00,2025-03-20 06:00:00,2025-03-20,2025-03-20 00:00,0.5794,4028.7787,0.0,671.4631166666666,691.6172111109706,691.6172111109706,0.0,0.0,0.0,20.154094444304064,10800.0,10800.0,400.7230121176964,0.0,0.0,400.7230121176964
F43,2025-03-20 06:00:00,2025-03-20 06:10:00,2025-03-20,2025-03-20 06:00,1.0185,4962.09,0.0,827.015,0.0,0.0,0.0,827.015,0.0,0.0,10800.0,9881.094444444445,0.0,0.0,0.0,0.0
F43,2025-03-20 06:10:00,2025-03-20 06:20:00,2025-03-20,2025-03-20 06:00,0.995,4905.1198,153.4202,791.9499333333334,0.0,0.0,0.0,791.9499333333334,0.0,0.0,9881.094444444445,9001.150074074074,0.0,0.0,0.0,0.0
F43,2025-03-20 06:20:00,2025-03-20 06:30:00,2025-03-20,2025-03-20 06:00,0.8932,4660.8239,401.044,709.9633166666667,0.0,0.0,0.0,709.9633166666667,0.0,0.0,9001.150074074074,8212.301944444444,0.0,0.0,0.0,0.0
F43,2025-03-20 06:30:00,2025-03-20 06:40:00,2025-03-20,2025-03-20 06:00,0.9281,4703.75,675.525,671.3708333333333,0.0,0.0,0.0,671.3708333333333,0.0,0.0,8212.301944444444,7466.334351851851,0.0,0.0,0.0,0.0
F43,2025-03-20 06:40:00,2025-03-20 06:50:00,2025-03-20,2025-03-20 06:00,0.9231,4726.9008,952.6316,629.0448666666666,0.0,0.0,0.0,629.0448666666666,0.0,0.0,7466.334351851851,6767.395611111111,0.0,0.0,0.0,0.0
F43,2025-03-20 06:50:00,2025-03-20 07:00:00,2025-03-20,2025-03-20 06:00,0.902,4819.4733,1302.5378,586.1559166666666,0.0,0.0,0.0,586.1559166666666,0.0,0.0,6767.395611111111,6116.111259259259,0.0,0.0,0.0,0.0
F43,2025-03-20 07:00:00,2025-03-20 07:10:00,2025-03-20,2025-03-20 06:00,0.8707,4880.33,1693.2375,531.1820833333333,0.0,0.0,0.0,531.1820833333333,0.0,0.0,6116.111259259259,5525.908944444444,0.0,0.0,0.0,0.0
F43,2025-03-20 07:10:00,2025-03-20 07:20:00,2025-03-20,2025-03-20 06:00,0.7992,4689.3761,2009.9231,446.57550000000003,0.0,47.50352854643097,0.0,399.07197145356906,0.0,0.0,5525.908944444444,5082.495642829368,37.964820014307634,18.982410007153817,0.0,56.94723002146145
F43,2025-03-20 07:20:00,2025-03-20 07:30:00,2025-03-20,2025-03-20 06:00,0.7957,4713.3646,2305.9149,401.2416166666666,170.92182197079336,436.52297169569033,35.28135502902376,0.0,0.0,0.0,5082.495642829368,5114.248862355489,347.3413285782608,105.66941741805026,0.0,453.0107459963111
F43,2025-03-20 07:30:00,2025-03-20 07:40:00,2025-03-20,2025-03-20 06:00,0.8046,4827.2,2609.7375,369.57708333333323,370.2682566071709,401.0783007860728,31.50121745273958,0.0,0.0,0.0,5114.248862355489,5142.599958062955,322.7076008124742,12.394880773172247,0.0,335.10248158564644
F43,2025-03-20 07:40:00,2025-03-20 07:50:00,2025-03-20,2025-03-20 06:00,0.7001,4578.156,2894.0148,280.6902,277.3372721577899,303.5002096577898,22.810009657789806,0.0,0.0,0.0,5142.599958062955,5163.128966754965,212.48049678141862,9.158336271874958,0.0,221.63883305329358
F43,2025-03-20 07:50:00,2025-03-20 08:00:00,2025-03-20,2025-03-20 06:00,0.8467,5187.0368,3179.5684,334.5780666666666,0.0,0.0,0.0,334.5780666666666,0.0,0.0,5163.128966754965,4791.375559347558,0.0,0.0,0.0,0.0
F43,2025-03-20 08:00:00,2025-03-20 08:10:00,2025-03-20,2025-03-20 06:00,1.1788,6405.59,3476.5125,488.17958333333337,0.0,0.0,0.0,488.17958333333337,0.0,0.0,4791.375559347558,4248.9538000882985,0.0,0.0,0.0,0.0
F43,2025-03-20 08:10:00,2025-03-20 08:20:00,2025-03-20,2025-03-20 06:00,1.2356,6658.0486,3761.2255,482.80385,0.0,0.0,0.0,482.80385,0.0,0.0,4248.9538000882985,3712.505077866076,0.0,0.0,0.0,0.0
F43,2025-03-20 08:20:00,2025-03-20 08:30:00,2025-03-20,2025-03-20 06:00,1.1876,6606.6001,3976.3717,438.3713999999999,0.0,0.0,0.0,438.3713999999999,0.0,0.0,3712.505077866076,3225.425744532743,0.0,0.0,0.0,0.0
F43,2025-03-20 08:30:00,2025-03-20 08:40:00,2025-03-20,2025-03-20 06:00,1.1569,6687.27,4220.325,411.1575000000001,0.0,0.0,0.0,411.1575000000001,0.0,0.0,3225.425744532743,2768.5840778660763,0.0,0.0,0.0,0.0
F43,2025-03-20 08:40:00,2025-03-20 08:50:00,2025-03-20,2025-03-20 06:00,1.0869,6649.776,4653.7429,332.67218333333324,0.0,0.0,0.0,332.67218333333324,0.0,0.0,2768.5840778660763,2398.9483186068173,0.0,0.0,0.0,0.0
F43,2025-03-20 08:50:00,2025-03-20 09:00:00,2025-03-20,2025-03-20 06:00,1.0527,6705.5335,5037.5027,278.0051333333332,0.0,0.0,0.0,278.0051333333332,0.0,0.0,2398.9483186068173,2090.053726014225,0.0,0.0,0.0,0.0
F43,2025-03-20 09:00:00,2025-03-20 09:10:00,2025-03-20,2025-03-20 06:00,1.068,6757.81,5180.8875,262.82041666666674,0.0,0.0,0.0,262.82041666666674,0.0,0.0,2090.053726014225,1798.0310408290397,0.0,0.0,0.0,0.0
F43,2025-03-20 09:10:00,2025-03-20 09:20:00,2025-03-20,2025-03-20 06:00,1.0672,6494.2004,5166.4978,221.2837666666666,0.0,0.0,0.0,221.2837666666666,0.0,0.0,1798.0310408290397,1552.160188977188,0.0,0.0,0.0,0.0
F43,2025-03-20 09:20:00,2025-03-20 09:30:00,2025-03-20,2025-03-20 06:00,1.0563,6436.4392,5533.329,150.51836666666668,0.0,0.0,0.0,150.51836666666668,0.0,0.0,1552.160188977188,1384.9175593475584,0.0,0.0,0.0,0.0
F43,2025-03-20 09:30:00,2025-03-20 09:40:00,2025-03-20,2025-03-20 06:00,1.0344,6570.85,6107.7375,77.1854166666667,0.0,0.0,0.0,77.1854166666667,0.0,0.0,1384.9175593475584,1299.1559852734842,0.0,0.0,0.0,0.0
F43,2025-03-20 09:40:00,2025-03-20 09:50:00,2025-03-20,2025-03-20 06:00,0.9937,6399.3635,6182.795,36.09475000000005,0.0,0.0,0.0,36.09475000000005,0.0,0.0,1299.1559852734842,1259.0507074957063,0.0,0.0,0.0,0.0
F43,2025-03-20 09:50:00,2025-03-20 10:00:00,2025-03-20,2025-03-20 06:00,0.9971,6445.9301,6198.386,41.25734999999986,0.0,0.0,0.0,41.25734999999986,0.0,0.0,1259.0507074957063,1213.2092074957066,0.0,0.0,0.0,0.0
F43,2025-03-20 10:00:00,2025-03-20 10:10:00,2025-03-20,2025-03-20 06:00,1.0131,6697.43,6426.1875,45.20708333333338,0.0,0.0,0.0,11.888286746135895,33.31879658719748,0.0,1213.2092074957066,1200.0,0.0,0.0,168.77636411244882,168.77636411244882
F43,2025-03-20 10:10:00,2025-03-20 10:20:00,2025-03-20,2025-03-20 06:00,0.948,6577.9956,6675.2481,-16.20874999999993,0.0,0.0,16.20874999999993,0.0,0.0,0.0,1200.0,1214.587875,0.0,0.0,0.0,0.0
F43,2025-03-20 10:20:00,2025-03-20 10:30:00,2025-03-20,2025-03-20 06:00,0.9058,6445.2772,6774.004,-54.787799999999905,0.0,0.0,54.787799999999905,0.0,0.0,0.0,1214.587875,1263.8968949999999,0.0,0.0,0.0,0.0
F43,2025-03-20 10:30:00,2025-03-20 10:40:00,2025-03-20,2025-03-20 06:00,0.9279,6473.61,6879.075,-67.57750000000001,0.0,0.0,67.57750000000001,0.0,0.0,0.0,1263.8968949999999,1324.716645,0.0,0.0,0.0,0.0
F43,2025-03-20 10:40:00,2025-03-20 10:50:00,2025-03-20,2025-03-20 06:00,0.927,6454.2353,7268.5137,-135.7130666666667,0.0,0.0,135.7130666666667,0.0,0.0,0.0,1324.716645,1446.858405,0.0,0.0,0.0,0.0
F43,2025-03-20 10:50:00,2025-03-20 11:00:00,2025-03-20,2025-03-20 06:00,0.7628,6352.336,7455.3554,-183.83656666666667,0.0,0.0,183.83656666666667,0.0,0.0,0.0,1446.858405,1612.311315,0.0,0.0,0.0,0.0
F43,2025-03-20 11:00:00,2025-03-20 11:10:00,2025-03-20,2025-03-20 06:00,0.544,6279.9,7263.0,-163.85000000000005,619.4909247239045,0.0,163.85000000000005,0.0,0.0,0.0,1612.311315,1759.776315,0.0,168.50153152490205,0.0,168.50153152490205
F43,2025-03-20 11:10:00,2025-03-20 11:20:00,2025-03-20,2025-03-20 06:00,0.5346,6362.0436,7021.6679,-109.9373833333334,622.1927971093394,622.1927971093394,732.1301804426728,0.0,0.0,0.0,1759.776315,2418.693477398406,332.6242693346528,0.0,0.0,332.6242693346528
F43,2025-03-20 11:20:00,2025-03-20 11:30:00,2025-03-20,2025-03-20 06:00,0.5872,6393.8373,7052.8842,-109.84115000000004,605.3974545986391,0.0,109.84115000000004,0.0,0.0,0.0,2418.693477398406,2517.5505123984058,0.0,177.74469267016045,0.0,177.74469267016045
F43,2025-03-20 11:30:00,2025-03-20 11:40:00,2025-03-20,2025-03-20 06:00,0.577,6360.1,7317.5625,-159.57708333333326,608.8174870904348,461.20042536976143,620.7775087030947,0.0,0.0,0.0,2517.5505123984058,3076.250270231191,266.11264543835233,42.58752230641427,0.0,308.7001677447666
F43,2025-03-20 11:40:00,2025-03-20 11:50:00,2025-03-20,2025-03-20 06:00,0.5241,6424.0276,7505.6333,-180.26761666666667,611.3634598357244,611.3634598357244,791.631076502391,0.0,0.0,0.0,3076.250270231191,3788.7182390833427,320.41558929990316,0.0,0.0,320.41558929990316
F43,2025-03-20 11:50:00,2025-03-20 12:00:00,2025-03-20,2025-03-20 06:00,0.5111,6379.6216,7635.0323,-209.23511666666656,644.9419812797988,553.6065084135867,762.8416250802532,0.0,0.0,0.0,3788.7182390833427,4475.275701655571,282.9482864501841,23.34078009096052,0.0,306.2890665411446
F43,2025-03-20 12:00:00,2025-03-20 12:10:00,2025-03-20,2025-03-20 12:00,0.5158,6168.32,7818.45,-275.02166666666665,618.1664157532072,524.6113079688027,799.6329746354694,0.0,0.0,0.0,4475.275701655571,5194.945378827493,270.5945126503085,24.1278622975979,0.0,294.7223749479064
F43,2025-03-20 12:10:00,2025-03-20 12:20:00,2025-03-20,2025-03-20 12:00,0.4519,5958.8116,8082.9395,-354.02131666666673,645.59313970166,491.4491740976306,833.3333333333334,0.0,0.0,12.137157430963953,5194.945378827493,5944.945378827493,222.08588177471927,34.828829028230444,0.0,256.9147108029497
F43,2025-03-20 12:20:00,2025-03-20 12:30:00,2025-03-20,2025-03-20 12:00,0.4435,5855.2299,8090.5707,-372.55679999999995,717.6640595954552,526.3145766107159,833.3333333333334,0.0,0.0,65.53804327738249,5944.945378827493,6694.945378827493,233.4205147268525,42.43174785186594,0.0,275.85226257871847
F43,2025-03-20 12:30:00,2025-03-20 12:40:00,2025-03-20,2025-03-20 12:00,0.4915,5883.66,7709.3625,-304.28375000000005,755.1955779821446,537.2393800265103,833.3333333333334,0.0,0.0,8.189796693176959,6694.945378827493,7444.945378827493,264.0531552830298,53.562735647597144,0.0,317.61589093062696
F43,2025-03-20 12:40:00,2025-03-20 12:50:00,2025-03-20,2025-03-20 12:00,0.4972,6006.2794,7205.256,-199.82943333333333,773.7563037969356,540.7230987866808,740.5525321200141,0.0,0.0,0.0,7444.945378827493,8111.442657735506,268.84752471673767,57.93205476554935,0.0,326.77957948228703
F43,2025-03-20 12:50:00,2025-03-20 13:00:00,2025-03-20,2025-03-20 12:00,0.6604,6168.3548,7206.9442,-173.0982333333333,430.4553344116255,430.4553344116255,603.5535677449587,0.0,0.0,0.0,8111.442657735506,8654.640868705968,284.27270284543744,0.0,0.0,284.27270284543744
F43,2025-03-20 13:00:00,2025-03-20 13:10:00,2025-03-20,2025-03-20 12:00,0.9001,6351.38,7525.8,-195.73666666666668,69.02339126034508,0.0,195.73666666666668,0.0,0.0,0.0,8654.640868705968,8830.803868705969,0.0,31.063977236718305,0.0,31.063977236718305
F43,2025-03-20 13:10:00,2025-03-20 13:20:00,2025-03-20,2025-03-20 12:00,0.9125,6510.6216,7339.075,-138.07556666666656,119.81646174354124,0.0,138.07556666666656,0.0,0.0,0.0,8830.803868705969,8955.071878705969,0.0,54.666260670490686,0.0,54.666260670490686
F43,2025-03-20 13:20:00,2025-03-20 13:30:00,2025-03-20,2025-03-20 12:00,0.919,6358.8315,6900.6338,-90.30038333333323,104.43037252805787,0.0,90.30038333333323,0.0,0.0,0.0,8955.071878705969,9036.342223705968,0.0,47.985756176642596,0.0,47.985756176642596
F43,2025-03-20 13:30:00,2025-03-20 13:40:00,2025-03-20,2025-03-20 12:00,0.9817,6039.3,6610.0125,-95.11874999999993,113.77073531533392,0.0,95.11874999999993,0.0,0.0,0.0,9036.342223705968,9121.949098705967,0.0,55.844365429531656,0.0,55.844365429531656
F43,2025-03-20 13:40:00,2025-03-20 13:50:00,2025-03-20,2025-03-20 12:00,0.9361,6028.9848,6642.1795,-102.19911666666667,96.18221704249116,0.0,102.19911666666667,0.0,0.0,0.0,9121.949098705967,9213.928303705967,0.0,45.01808668673799,0.0,45.01808668673799
F43,2025-03-20 13:50:00,2025-03-20 14:00:00,2025-03-20,2025-03-20 12:00,0.8829,6177.7813,6806.5377,-104.79273333333336,0.0,0.0,104.79273333333336,0.0,0.0,0.0,9213.928303705967,9308.241763705966,0.0,0.0,0.0,0.0
F43,2025-03-20 14:00:00,2025-03-20 14:10:00,2025-03-20,2025-03-20 12:00,0.8924,6280.02,6799.95,-86.65499999999989,0.0,0.0,86.65499999999989,0.0,0.0,0.0,9308.241763705966,9386.231263705966,0.0,0.0,0.0,0.0
F43,2025-03-20 14:10:00,2025-03-20 14:20:00,2025-03-20,2025-03-20 12:00,0.9351,6283.4823,6453.6137,-28.355233333333366,0.0,0.0,28.355233333333366,0.0,0.0,0.0,9386.231263705966,9411.750973705966,0.0,0.0,0.0,0.0
F43,2025-03-20 14:20:00,2025-03-20 14:30:00,2025-03-20,2025-03-20 12:00,0.9817,6314.912,6203.5886,18.553900000000034,0.0,0.0,0.0,18.553900000000034,0.0,0.0,9411.750973705966,9391.135529261523,0.0,0.0,0.0,0.0
F43,2025-03-20 14:30:00,2025-03-20 14:40:00,2025-03-20,2025-03-20 12:00,1.0267,6352.79,6115.6875,39.517083333333325,0.0,0.0,0.0,39.517083333333325,0.0,0.0,9391.135529261523,9347.227658891152,0.0,0.0,0.0,0.0
F43,2025-03-20 14:40:00,2025-03-20 14:50:00,2025-03-20,2025-03-20 12:00,1.0547,6259.4213,5837.6616,70.29328333333326,0.0,0.0,0.0,70.29328333333326,0.0,0.0,9347.227658891152,9269.124010743004,0.0,0.0,0.0,0.0
F43,2025-03-20 14:50:00,2025-03-20 15:00:00,2025-03-20,2025-03-20 12:00,0.9267,6190.1146,5431.9635,126.35851666666667,0.0,0.0,0.0,126.35851666666667,0.0,0.0,9269.124010743004,9128.725658891151,0.0,0.0,0.0,0.0
F43,2025-03-20 15:00:00,2025-03-20 15:10:00,2025-03-20,2025-03-20 12:00,0.7137,6156.64,5072.775,180.64416666666676,1261.4108110614434,922.3213950544312,741.6772283877644,0.0,0.0,0.0,9128.725658891151,9796.235164440139,658.2607796503476,121.00405810210232,0.0,779.2648377524499
F43,2025-03-20 15:10:00,2025-03-20 15:20:00,2025-03-20,2025-03-20 12:00,0.6525,6039.3659,4855.4545,197.31856666666664,1277.607771100994,1069.6685351791757,833.3333333333334,0.0,0.0,39.01663517917575,9796.235164440139,10546.235164440139,697.9587192044121,67.84017571949317,0.0,765.7988949239052
F43,2025-03-20 15:20:00,2025-03-20 15:30:00,2025-03-20,2025-03-20 12:00,0.6799,6054.6789,4561.8383,248.8067666666666,730.2679339621735,288.81653410116394,40.00976743449735,0.0,0.0,0.0,10546.235164440139,10582.243955131187,196.36636153538134,150.0714033827502,0.0,346.4377649181315
F43,2025-03-20 15:30:00,2025-03-20 15:40:00,2025-03-20,2025-03-20 12:00,0.7301,6187.68,4146.825,340.14250000000004,543.9478510841149,368.3397880833434,28.19728808334338,0.0,0.0,0.0,10582.243955131187,10607.621514406197,268.924879279649,64.1057233984316,0.0,333.03060267808064
F43,2025-03-20 15:40:00,2025-03-20 15:50:00,2025-03-20,2025-03-20 12:00,0.805,6195.3721,3778.6785,402.7822666666666,585.991689303697,410.2704023104525,7.488135643785881,0.0,0.0,0.0,10607.621514406197,10614.360836485605,330.2676738599143,70.7278180147809,0.0,400.9954918746952
F43,2025-03-20 15:50:00,2025-03-20 16:00:00,2025-03-20,2025-03-20 12:00,0.8788,6186.1376,3471.4229,452.45245,621.9303723191359,457.9657557100928,5.513305710092823,0.0,0.0,0.0,10614.360836485605,10619.322811624688,402.46030611802956,72.04605253801354,0.0,474.5063586560431
F43,2025-03-20 16:00:00,2025-03-20 16:10:00,2025-03-20,2025-03-20 12:00,0.9089,6200.17,3156.225,507.32416666666666,630.5870917063854,492.44509399832174,0.0,14.879072668344918,0.0,0.0,10619.322811624688,10602.79050865986,447.58334593507465,62.778630858429544,0.0,510.3619767935042
F43,2025-03-20 16:10:00,2025-03-20 16:20:00,2025-03-20,2025-03-20 12:00,0.8767,6153.3743,2779.805,562.26155,659.3733147142332,544.1811416174169,0.0,18.080408382583187,0.0,0.0,10602.79050865986,10582.701166012546,477.0836068559894,50.49448907698943,0.0,527.5780959329788
F43,2025-03-20 16:20:00,2025-03-20 16:30:00,2025-03-20,2025-03-20 12:00,0.8888,6101.7592,2507.3559,599.0672166666667,699.4883959537656,591.1174996489528,0.0,7.949717017713851,0.0,0.0,10582.701166012546,10573.868147103974,525.3852336879893,48.16002631785878,0.0,573.545260005848
F43,2025-03-20 16:30:00,2025-03-20 16:40:00,2025-03-20,2025-03-20 12:00,0.9441,6118.95,2334.4125,630.7562499999999,736.1559810770498,658.5967709487858,27.840520948785866,0.0,0.0,0.0,10573.868147103974,10598.924615957882,621.7812114527487,36.61182514104702,0.0,658.3930365937957
F43,2025-03-20 16:40:00,2025-03-20 16:50:00,2025-03-20,2025-03-20 12:00,0.946,6209.4949,2077.0816,688.73555,756.8601239697908,698.8635407531744,10.127990753174458,0.0,0.0,0.0,10598.924615957882,10608.039807635738,661.124909552503,27.43238386145955,0.0,688.5572934139626
F43,2025-03-20 16:50:00,2025-03-20 17:00:00,2025-03-20,2025-03-20 12:00,0.9677,6190.199,1733.8533,742.7242833333332,786.8355020535215,749.8755102271409,7.151226893807689,0.0,0.0,0.0,10608.039807635738,10614.475911840165,725.6545312468043,17.883092045194246,0.0,743.5376232919984
F43,2025-03-20 17:00:00,2025-03-20 17:10:00,2025-03-20,2025-03-20 12:00,1.0139,6102.19,1377.7125,787.4129166666664,830.5106294165225,807.8098530594456,20.39693639277914,0.0,0.0,0.0,10614.475911840165,10632.833154593667,819.0384100169719,11.508158574220166,0.0,830.546568591192
F43,2025-03-20 17:10:00,2025-03-20 17:20:00,2025-03-20,2025-03-20 12:00,1.0152,6143.2969,1083.9022,843.2324500000001,900.7096705958237,886.2871761913791,43.05472619137902,0.0,0.0,0.0,10632.833154593667,10671.582408165908,899.7587412694882,7.320858159696075,0.0,907.0795994291842
F43,2025-03-20 17:20:00,2025-03-20 17:30:00,2025-03-20,2025-03-20 12:00,1.0487,6075.0134,831.8823,873.8551833333332,937.0215394580914,928.6363967275532,54.78121339422,0.0,0.0,0.0,10671.582408165908,10720.885500220706,973.8609892481851,4.396749590757693,0.0,978.2577388389428
F43,2025-03-20 17:30:00,2025-03-20 17:40:00,2025-03-20,2025-03-20 12:00,1.0879,6025.68,597.3375,904.7237500000001,988.1602292004662,973.9849653115772,69.26121531157708,0.0,0.0,0.0,10720.885500220706,10783.220594001124,1059.598243762465,7.710634792361199,0.0,1067.3088785548262
F43,2025-03-20 17:40:00,2025-03-20 17:50:00,2025-03-20,2025-03-20 12:00,1.0391,6213.4416,374.8971,973.09075,1060.0653409660226,1057.0801729414425,18.64378444319502,0.0,0.0,65.3456384982475,10783.220594001124,10800.0,1098.4120077034527,1.5509440471706228,0.0,1099.9629517506232
F43,2025-03-20 17:50:00,2025-03-20 18:00:00,2025-03-20,2025-03-20 12:00,1.0932,5394.1467,156.1276,873.0031833333334,953.4600915493584,947.1575957160252,0.0,0.0,0.0,74.15441238269182,10800.0,10800.0,1035.4326836367586,3.444944222499917,0.0,1038.8776278592586
F43,2025-03-20 18:00:00,2025-03-20 18:10:00,2025-03-20,2025-03-20 12:00,1.2488,4094.12,0.0,682.3533333333332,736.3870312126563,736.3870312126563,0.0,0.0,0.0,54.033697879323086,10800.0,10800.0,919.6001245783651,0.0,0.0,919.6001245783651
F43,2025-03-20 18:10:00,2025-03-20 18:20:00,2025-03-20,2025-03-20 12:00,1.2993,4187.9837,0.0,697.9972833333333,700.8486855384728,700.8486855384728,0.0,0.0,0.0,2.851402205139493,10800.0,10800.0,910.6126971201376,0.0,0.0,910.6126971201376
F43,2025-03-20 18:20:00,2025-03-20 18:30:00,2025-03-20,2025-03-20 12:00,1.2761,4441.4267,5.5774,739.3082166666666,741.6779538471897,741.6779538471897,0.0,0.0,0.0,2.3697371805230887,10800.0,10800.0,946.4552369043987,0.0,0.0,946.4552369043987
F43,2025-03-20 18:30:00,2025-03-20 18:40:00,2025-03-20,2025-03-20 12:00,1.2567,4255.45,0.0,709.2416666666666,747.8376298108149,747.8376298108149,0.0,0.0,0.0,38.5959631441483,10800.0,10800.0,939.807549383251,0.0,0.0,939.807549383251
F43,2025-03-20 18:40:00,2025-03-20 18:50:00,2025-03-20,2025-03-20 12:00,1.2773,4286.5369,0.0,714.4228166666667,743.8688879316866,743.8688879316866,0.0,0.0,0.0,29.446071265019896,10800.0,10800.0,950.1437305551433,0.0,0.0,950.1437305551433
F43,2025-03-20 18:50:00,2025-03-20 19:00:00,2025-03-20,2025-03-20 12:00,1.2813,4470.2464,0.4004,744.9743333333332,236.7368097484808,236.7368097484808,0.0,508.2375235848524,0.0,0.0,10800.0,10235.291640461275,303.3308743307285,0.0,0.0,303.3308743307285
F43,2025-03-20 19:00:00,2025-03-20 19:10:00,2025-03-20,2025-03-20 12:00,1.2693,4579.24,0.0,763.2066666666666,0.0,0.0,0.0,763.2066666666666,0.0,0.0,10235.291640461275,9387.284233053868,0.0,0.0,0.0,0.0
F43,2025-03-20 19:10:00,2025-03-20 19:20:00,2025-03-20,2025-03-20 12:00,1.2899,4480.3082,0.0,746.7180333333333,0.0,0.0,0.0,746.7180333333333,0.0,0.0,9387.284233053868,8557.597529350165,0.0,0.0,0.0,0.0
F43,2025-03-20 19:20:00,2025-03-20 19:30:00,2025-03-20,2025-03-20 12:00,1.2669,4285.5618,0.0288,714.2555,0.0,0.0,0.0,714.2555,0.0,0.0,8557.597529350165,7763.980307127943,0.0,0.0,0.0,0.0
F43,2025-03-20 19:30:00,2025-03-20 19:40:00,2025-03-20,2025-03-20 12:00,1.2323,4196.78,0.0,699.4633333333333,0.0,0.0,0.0,699.4633333333333,0.0,0.0,7763.980307127943,6986.798825646461,0.0,0.0,0.0,0.0
F43,2025-03-20 19:40:00,2025-03-20 19:50:00,2025-03-20,2025-03-20 12:00,1.2902,4330.8684,0.0,721.8114,0.0,0.0,0.0,721.8114,0.0,0.0,6986.798825646461,6184.786158979795,0.0,0.0,0.0,0.0
F43,2025-03-20 19:50:00,2025-03-20 20:00:00,2025-03-20,2025-03-20 12:00,1.2824,4370.9481,0.0021,728.491,0.0,0.0,0.0,728.491,0.0,0.0,6184.786158979795,5375.351714535351,0.0,0.0,0.0,0.0
F43,2025-03-20 20:00:00,2025-03-20 20:10:00,2025-03-20,2025-03-20 12:00,1.2233,4358.21,0.0,726.3683333333333,0.0,0.0,0.0,726.3683333333333,0.0,0.0,5375.351714535351,4568.275788609425,0.0,0.0,0.0,0.0
F43,2025-03-20 20:10:00,2025-03-20 20:20:00,2025-03-20,2025-03-20 12:00,1.2789,4586.0191,0.0,764.3365166666667,0.0,0.0,0.0,764.3365166666667,0.0,0.0,4568.275788609425,3719.012992313129,0.0,0.0,0.0,0.0
F43,2025-03-20 20:20:00,2025-03-20 20:30:00,2025-03-20,2025-03-20 12:00,1.2779,4523.6629,0.0,753.9438166666666,0.0,0.0,0.0,753.9438166666666,0.0,0.0,3719.012992313129,2881.2976404612773,0.0,0.0,0.0,0.0
F43,2025-03-20 20:30:00,2025-03-20 20:40:00,2025-03-20,2025-03-20 12:00,1.2388,4215.37,0.0,702.5616666666666,0.0,0.0,0.0,702.5616666666666,0.0,0.0,2881.2976404612773,2100.673566387203,0.0,0.0,0.0,0.0
F43,2025-03-20 20:40:00,2025-03-20 20:50:00,2025-03-20,2025-03-20 12:00,1.3228,4256.2469,0.0,709.3744833333333,0.0,0.0,0.0,709.3744833333333,0.0,0.0,2100.673566387203,1312.4796960168328,0.0,0.0,0.0,0.0
F43,2025-03-20 20:50:00,2025-03-20 21:00:00,2025-03-20,2025-03-20 12:00,1.1769,4319.0159,0.0,719.8359833333334,760.7274453904708,760.7274453904708,40.89146205713746,0.0,0.0,0.0,1312.4796960168328,1349.2820118682566,895.3001304800451,0.0,0.0,895.3001304800451
F43,2025-03-20 21:00:00,2025-03-20 21:10:00,2025-03-20,2025-03-20 12:00,0.8862,4257.25,0.0,709.5416666666666,765.9801971713168,765.9801971713168,56.4385305046502,0.0,0.0,0.0,1349.2820118682566,1400.0766893224418,678.811650733221,0.0,0.0,678.811650733221
F43,2025-03-20 21:10:00,2025-03-20 21:20:00,2025-03-20,2025-03-20 12:00,0.917,4290.2681,0.0,715.0446833333333,752.8952181325482,752.8952181325482,37.85053479921487,0.0,0.0,0.0,1400.0766893224418,1434.1421706417352,690.4049150275467,0.0,0.0,690.4049150275467
F43,2025-03-20 21:20:00,2025-03-20 21:30:00,2025-03-20,2025-03-20 12:00,0.9999,4418.7036,0.0,736.4505999999999,748.3297450041354,748.3297450041354,11.879145004135466,0.0,0.0,0.0,1434.1421706417352,1444.8334011454572,748.254912029635,0.0,0.0,748.254912029635
F43,2025-03-20 21:30:00,2025-03-20 21:40:00,2025-03-20,2025-03-20 12:00,0.9964,4553.6,0.0,758.9333333333334,747.9496586234452,747.9496586234452,0.0,10.983674709888192,0.0,0.0,1444.8334011454572,1432.6293181344704,745.2570398524008,0.0,0.0,745.2570398524008
F43,2025-03-20 21:40:00,2025-03-20 21:50:00,2025-03-20,2025-03-20 12:00,1.0003,4526.2528,0.0,754.3754666666666,759.9898045610898,759.9898045610898,5.614337894423215,0.0,0.0,0.0,1432.6293181344704,1437.6822222394512,760.2178015024581,0.0,0.0,760.2178015024581
F43,2025-03-20 21:50:00,2025-03-20 22:00:00,2025-03-20,2025-03-20 12:00,0.7708,4001.6252,0.0,666.9375333333332,685.988933025443,685.988933025443,19.051399692109726,0.0,0.0,0.0,1437.6822222394512,1454.82848196235,528.7602695760115,0.0,0.0,528.7602695760115
F43,2025-03-20 22:00:00,2025-03-20 22:10:00,2025-03-20,2025-03-20 12:00,0.419,3318.94,0.0,553.1566666666666,573.6737071581232,573.6737071581232,20.517040491456555,0.0,0.0,0.0,1454.82848196235,1473.293818404661,240.3692832992536,0.0,0.0,240.3692832992536
F43,2025-03-20 22:10:00,2025-03-20 22:20:00,2025-03-20,2025-03-20 12:00,0.3484,3233.4088,0.0,538.9014666666667,560.144680557567,560.144680557567,21.24321389090028,0.0,0.0,0.0,1473.293818404661,1492.4127109064711,195.15440670625634,0.0,0.0,195.15440670625634
F43,2025-03-20 22:20:00,2025-03-20 22:30:00,2025-03-20,2025-03-20 12:00,0.3833,3319.971,0.0,553.3285,573.8650695985291,573.8650695985291,20.536569598529127,0.0,0.0,0.0,1492.4127109064711,1510.8956235451474,219.9624811771162,0.0,0.0,219.9624811771162
F43,2025-03-20 22:30:00,2025-03-20 22:40:00,2025-03-20,2025-03-20 12:00,0.3903,3255.84,0.0,542.64,569.963872335175,569.963872335175,27.323872335174997,0.0,0.0,0.0,1510.8956235451474,1535.487108646805,222.45689937241877,0.0,0.0,222.45689937241877
F43,2025-03-20 22:40:00,2025-03-20 22:50:00,2025-03-20,2025-03-20 12:00,0.4126,3144.1326,0.0,524.0220999999999,585.4868033994941,585.4868033994941,61.46470339949417,0.0,0.0,0.0,1535.487108646805,1590.8053417063497,241.57185508263126,0.0,0.0,241.57185508263126
F43,2025-03-20 22:50:00,2025-03-20 23:00:00,2025-03-20,2025-03-20 12:00,0.4343,3161.8174,0.0,526.9695666666667,583.7815970741008,583.7815970741008,56.81203040743412,0.0,0.0,0.0,1590.8053417063497,1641.9361690730404,253.536347609282,0.0,0.0,253.536347609282
F43,2025-03-20 23:00:00,2025-03-20 23:10:00,2025-03-20,2025-03-20 12:00,0.4428,3296.4,0.0,549.4,573.9822013591538,573.9822013591538,24.582201359153828,0.0,0.0,0.0,1641.9361690730404,1664.0601502962788,254.15931876183333,0.0,0.0,254.15931876183333
F43,2025-03-20 23:10:00,2025-03-20 23:20:00,2025-03-20,2025-03-20 12:00,0.4397,3356.4081,0.0,559.40135,593.0461547242382,593.0461547242382,33.64480472423827,0.0,0.0,0.0,1664.0601502962788,1694.3404745480932,260.7623942322476,0.0,0.0,260.7623942322476
F43,2025-03-20 23:20:00,2025-03-20 23:30:00,2025-03-20,2025-03-20 12:00,0.4049,3261.7676,0.0,543.6279333333333,594.1092898676421,594.1092898676421,50.481356534308816,0.0,0.0,0.0,1694.3404745480932,1739.7736954289712,240.5548514674083,0.0,0.0,240.5548514674083
F43,2025-03-20 23:30:00,2025-03-20 23:40:00,2025-03-20,2025-03-20 12:00,0.3814,3267.73,0.0,544.6216666666667,577.3389354458756,577.3389354458756,32.717268779208894,0.0,0.0,0.0,1739.7736954289712,1769.2192373302591,220.19706997905695,0.0,0.0,220.19706997905695
F43,2025-03-20 23:40:00,2025-03-20 23:50:00,2025-03-20,2025-03-20 12:00,0.4248,3604.076,0.0,600.6793333333333,572.5513610783705,572.5513610783705,0.0,28.127972254962742,0.0,0.0,1769.2192373302591,1737.965934824745,243.2198181860918,0.0,0.0,243.2198181860918
F43,2025-03-20 23:50:00,2025-03-21 00:00:00,2025-03-20,2025-03-20 12:00,0.3795,3245.8691,0.0,540.9781833333333,533.7197460631794,533.7197460631794,0.0,7.258437270153877,0.0,0.0,1737.965934824745,1729.901004524574,202.54664363097658,0.0,0.0,202.54664363097658
F43,2025-06-21 00:00:00,2025-06-21 00:10:00,2025-06-20,2025-06-20 18:00,0.3917,3230.95,0.0,538.4916666666666,566.1480790637115,566.1480790637115,27.65641239704496,0.0,0.0,0.0,2659.6039301365204,2684.494701293861,221.7602025692558,0.0,0.0,221.7602025692558
F43,2025-06-21 00:10:00,2025-06-21 00:20:00,2025-06-21,2025-06-21 00:00,0.3564,3087.9838,0.0,514.6639666666666,585.9150174647684,585.9150174647684,71.2510507981018,0.0,0.0,0.0,2684.494701293861,2748.6206470121524,208.82011222444348,0.0,0.0,208.82011222444348
F43,2025-06-21 00:20:00,2025-06-21 00:30:00,2025-06-21,2025-06-21 00:00,0.3908,3200.0919,0.0,533.3486499999999,638.9746912485311,638.9746912485311,105.62604124853124,0.0,0.0,0.0,2748.6206470121524,2843.6840841358307,249.71130933992595,0.0,0.0,249.71130933992595
F43,2025-06-21 00:30:00,2025-06-21 00:40:00,2025-06-21,2025-06-21 00:00,0.4598,3401.46,0.0,566.91,548.4001926642267,548.4001926642267,0.0,18.509807335773303,0.0,0.0,2843.6840841358307,2823.117631540527,252.1544085870114,0.0,0.0,252.1544085870114
F43,2025-06-21 00:40:00,2025-06-21 00:50:00,2025-06-21,2025-06-21 00:00,0.409,3063.5261,0.0,510.5876833333333,550.3154408430512,550.3154408430512,39.72775750971789,0.0,0.0,0.0,2823.117631540527,2858.872613299273,225.0790153048079,0.0,0.0,225.0790153048079
F43,2025-06-21 00:50:00,2025-06-21 01:00:00,2025-06-21,2025-06-21 00:00,0.3618,2820.2572,0.0,470.04286666666667,550.7129543964779,550.7129543964779,80.67008772981126,0.0,0.0,0.0,2858.872613299273,2931.475692256103,199.24794690064573,0.0,0.0,199.24794690064573
F43,2025-06-21 01:00:00,2025-06-21 01:10:00,2025-06-21,2025-06-21 00:00,0.3786,2883.38,0.0,480.56333333333333,554.5760271317884,554.5760271317884,74.01269379845502,0.0,0.0,0.0,2931.475692256103,2998.0871166747124,209.96248387209508,0.0,0.0,209.96248387209508
F43,2025-06-21 01:10:00,2025-06-21 01:20:00,2025-06-21,2025-06-21 00:00,0.3988,2869.9796,0.0,478.3299333333333,567.1066116977934,567.1066116977934,88.77667836446005,0.0,0.0,0.0,2998.0871166747124,3077.9861272027265,226.16211674508,0.0,0.0,226.16211674508
F43,2025-06-21 01:20:00,2025-06-21 01:30:00,2025-06-21,2025-06-21 00:00,0.4164,2985.8287,0.0,497.63811666666663,551.5127192378502,551.5127192378502,53.87460257118357,0.0,0.0,0.0,3077.9861272027265,3126.473269516792,229.6498962906408,0.0,0.0,229.6498962906408
F43,2025-06-21 01:30:00,2025-06-21 01:40:00,2025-06-21,2025-06-21 00:00,0.4254,3164.18,0.0,527.3633333333332,528.8400638012193,528.8400638012193,1.4767304678861137,0.0,0.0,0.0,3126.473269516792,3127.802326937889,224.96856314103871,0.0,0.0,224.96856314103871
F43,2025-06-21 01:40:00,2025-06-21 01:50:00,2025-06-21,2025-06-21 00:00,0.4165,3064.8457,0.0,510.8076166666666,522.1570319578437,522.1570319578437,11.349415291177138,0.0,0.0,0.0,3127.802326937889,3138.0168006999484,217.4784038104419,0.0,0.0,217.4784038104419
F43,2025-06-21 01:50:00,2025-06-21 02:00:00,2025-06-21,2025-06-21 00:00,0.4295,2954.0459,0.0,492.3409833333333,505.7850750376784,505.7850750376784,13.444091704345055,0.0,0.0,0.0,3138.0168006999484,3150.116483233859,217.23468972868287,0.0,0.0,217.23468972868287
F43,2025-06-21 02:00:00,2025-06-21 02:10:00,2025-06-21,2025-06-21 00:00,0.4451,2994.62,0.0,499.1033333333333,497.8811704101219,497.8811704101219,0.0,1.2221629232113855,0.0,0.0,3150.116483233859,3148.758524430291,221.60690894954527,0.0,0.0,221.60690894954527
F43,2025-06-21 02:10:00,2025-06-21 02:20:00,2025-06-21,2025-06-21 00:00,0.405,3072.4014,0.0,512.0669,510.2035320956104,510.2035320956104,0.0,1.8633679043896336,0.0,0.0,3148.758524430291,3146.6881156476356,206.63243049872221,0.0,0.0,206.63243049872221
F43,2025-06-21 02:20:00,2025-06-21 02:30:00,2025-06-21,2025-06-21 00:00,0.3784,3013.1015,0.0,502.18358333333333,514.6589393010785,514.6589393010785,12.475355967745145,0.0,0.0,0.0,3146.6881156476356,3157.9159360186063,194.7469426315281,0.0,0.0,194.7469426315281
F43,2025-06-21 02:30:00,2025-06-21 02:40:00,2025-06-21,2025-06-21 00:00,0.3917,2838.75,0.0,473.125,480.66183191560606,480.66183191560606,7.536831915606058,0.0,0.0,0.0,3157.9159360186063,3164.699084742652,188.2752395613429,0.0,0.0,188.2752395613429
F43,2025-06-21 02:40:00,2025-06-21 02:50:00,2025-06-21,2025-06-21 00:00,0.3964,2749.9199,0.0,458.3199833333333,505.3337438246458,505.3337438246458,47.013760491312496,0.0,0.0,0.0,3164.699084742652,3207.011469184833,200.3142960520896,0.0,0.0,200.3142960520896
F43,2025-06-21 02:50:00,2025-06-21 03:00:00,2025-06-21,2025-06-21 00:00,0.3495,2820.5847,0.0,470.09745,496.3097423639382,496.3097423639382,26.212292363938218,0.0,0.0,0.0,3207.011469184833,3230.602532312377,173.4602549561964,0.0,0.0,173.4602549561964
F43,2025-06-21 03:00:00,2025-06-21 03:10:00,2025-06-21,2025-06-21 00:00,0.3048,2936.24,0.0,489.3733333333333,483.35795892669967,483.35795892669967,0.0,6.015374406633612,0.0,0.0,3230.602532312377,3223.9187829716734,147.32750588085807,0.0,0.0,147.32750588085807
F43,2025-06-21 03:10:00,2025-06-21 03:20:00,2025-06-21,2025-06-21 00:00,0.3585,2920.1894,0.0012,486.69803333333334,477.9984711481446,477.9984711481446,0.0,8.699562185188768,0.0,0.0,3223.9187829716734,3214.2526027659083,171.36245190660983,0.0,0.0,171.36245190660983
F43,2025-06-21 03:20:00,2025-06-21 03:30:00,2025-06-21,2025-06-21 00:00,0.4058,2951.0328,0.0,491.8388,485.7457866474671,485.7457866474671,0.0,6.093013352532864,0.0,0.0,3214.2526027659083,3207.4825879297605,197.11564022154215,0.0,0.0,197.11564022154215
F43,2025-06-21 03:30:00,2025-06-21 03:40:00,2025-06-21,2025-06-21 00:00,0.4053,2977.51,0.0,496.25166666666667,485.3138139205668,485.3138139205668,0.0,10.93785274609985,0.0,0.0,3207.4825879297605,3195.3294182118716,196.69768878200574,0.0,0.0,196.69768878200574
F43,2025-06-21 03:40:00,2025-06-21 03:50:00,2025-06-21,2025-06-21 00:00,0.4087,2780.298,0.0162,463.3802999999999,489.9998059747933,489.9998059747933,26.619505974793356,0.0,0.0,0.0,3195.3294182118716,3219.2869735891854,200.26292070189803,0.0,0.0,200.26292070189803
F43,2025-06-21 03:50:00,2025-06-21 04:00:00,2025-06-21,2025-06-21 00:00,0.3866,2728.3059,0.0,454.71764999999994,498.37782594439,498.37782594439,43.66017594439006,0.0,0.0,0.0,3219.2869735891854,3258.5811319391364,192.67286751010118,0.0,0.0,192.67286751010118
F43,2025-06-21 04:00:00,2025-06-21 04:10:00,2025-06-21,2025-06-21 00:00,0.3566,2862.19,0.0,477.03166666666664,496.276702728497,496.276702728497,19.245036061830376,0.0,0.0,0.0,3258.5811319391364,3275.901664394784,176.97227219298202,0.0,0.0,176.97227219298202
F43,2025-06-21 04:10:00,2025-06-21 04:20:00,2025-06-21,2025-06-21 00:00,0.3708,2845.9182,0.2263,474.28198333333336,494.3445340972647,494.3445340972647,20.06255076393137,0.0,0.0,0.0,3275.901664394784,3293.957960082322,183.30295324326576,0.0,0.0,183.30295324326576
F43,2025-06-21 04:20:00,2025-06-21 04:30:00,2025-06-21,2025-06-21 00:00,0.3532,2748.951,0.0,458.1585,471.1606955479671,471.1606955479671,13.00219554796712,0.0,0.0,0.0,3293.957960082322,3305.6599360754926,166.413957667542,0.0,0.0,166.413957667542
F43,2025-06-21 04:30:00,2025-06-21 04:40:00,2025-06-21,2025-06-21 00:00,0.3096,2677.31,0.0,446.2183333333333,473.59959410028216,473.59959410028216,27.381260766948856,0.0,0.0,0.0,3305.6599360754926,3330.3030707657467,146.62643433344735,0.0,0.0,146.62643433344735
F43,2025-06-21 04:40:00,2025-06-21 04:50:00,2025-06-21,2025-06-21 00:00,0.3237,2660.8713,3.1516,442.9532833333333,475.6324556920937,475.6324556920937,32.67917235876041,0.0,0.0,0.0,3330.3030707657467,3359.7143258886313,153.96222590753072,0.0,0.0,153.96222590753072
F43,2025-06-21 04:50:00,2025-06-21 05:00:00,2025-06-21,2025-06-21 00:00,0.3321,2702.3205,0.0,450.38674999999995,478.7428267576902,478.7428267576902,28.356076757690232,0.0,0.0,0.0,3359.7143258886313,3385.2347949705527,158.99049276622893,0.0,0.0,158.99049276622893
F43,2025-06-21 05:00:00,2025-06-21 05:10:00,2025-06-21,2025-06-21 00:00,0.3143,2732.32,7.275,454.1741666666667,458.2922291132313,458.2922291132313,4.118062446564636,0.0,0.0,0.0,3385.2347949705527,3388.941051172461,144.04124761028862,0.0,0.0,144.04124761028862
F43,2025-06-21 05:10:00,2025-06-21 05:20:00,2025-06-21,2025-06-21 00:00,0.3191,2664.7178,116.7655,424.65871666666663,461.6082134601887,461.6082134601887,36.94949679352209,0.0,0.0,0.0,3388.941051172461,3422.1955982866307,147.29918091514622,0.0,0.0,147.29918091514622
F43,2025-06-21 05:20:00,2025-06-21 05:30:00,2025-06-21,2025-06-21 00:00,0.3488,2606.871,263.9703,390.48345,434.4042921087328,434.4042921087328,43.92084210873281,0.0,0.0,0.0,3422.1955982866307,3461.7243561844903,151.520217087526,0.0,0.0,151.520217087526
F43,2025-06-21 05:30:00,2025-06-21 05:40:00,2025-06-21,2025-06-21 00:00,0.3395,2642.15,417.075,370.84583333333336,427.0164466164324,427.0164466164324,56.170613283099044,0.0,0.0,0.0,3461.7243561844903,3512.2779081392796,144.97208362627882,0.0,0.0,144.97208362627882
F43,2025-06-21 05:40:00,2025-06-21 05:50:00,2025-06-21,2025-06-21 00:00,0.2621,2745.0641,587.5961,359.578,1235.9250649314615,1235.9250649314615,833.3333333333334,0.0,0.0,43.013731598128174,3512.2779081392796,4262.27790813928,323.93595951853604,0.0,0.0,323.93595951853604
F43,2025-06-21 05:50:00,2025-06-21 06:00:00,2025-06-21,2025-06-21 00:00,0.4169,2758.042,735.8325,337.0349166666666,0.0,0.0,0.0,337.0349166666666,0.0,0.0,4262.27790813928,3887.7946673985393,0.0,0.0,0.0,0.0
F43,2025-06-21 06:00:00,2025-06-21 06:10:00,2025-06-21,2025-06-21 06:00,0.7087,2741.64,890.7,308.48999999999995,0.0,0.0,0.0,308.48999999999995,0.0,0.0,3887.7946673985393,3545.028000731873,0.0,0.0,0.0,0.0
F43,2025-06-21 06:10:00,2025-06-21 06:20:00,2025-06-21,2025-06-21 06:00,0.7158,2888.7304,1136.9554,291.9625,0.0,0.0,0.0,291.9625,0.0,0.0,3545.028000731873,3220.625222954095,0.0,0.0,0.0,0.0
F43,2025-06-21 06:20:00,2025-06-21 06:30:00,2025-06-21,2025-06-21 06:00,0.6144,2932.231,1453.4028,246.47136666666668,0.0,0.0,0.0,246.47136666666668,0.0,0.0,3220.625222954095,2946.768148880021,0.0,0.0,0.0,0.0
F43,2025-06-21 06:30:00,2025-06-21 06:40:00,2025-06-21,2025-06-21 06:00,0.5732,2764.02,1765.9125,166.35125,0.0,0.0,0.0,166.35125,0.0,0.0,2946.768148880021,2761.9334266577985,0.0,0.0,0.0,0.0
F43,2025-06-21 06:40:00,2025-06-21 06:50:00,2025-06-21,2025-06-21 06:00,0.586,2606.6137,2022.3026,97.38518333333332,0.0,0.0,0.0,97.38518333333332,0.0,0.0,2761.9334266577985,2653.7276673985393,0.0,0.0,0.0,0.0
F43,2025-06-21 06:50:00,2025-06-21 07:00:00,2025-06-21,2025-06-21 06:00,0.6004,2867.7649,2350.4923,86.21210000000004,0.0,0.0,0.0,86.21210000000004,0.0,0.0,2653.7276673985393,2557.936445176317,0.0,0.0,0.0,0.0
F43,2025-06-21 07:00:00,2025-06-21 07:10:00,2025-06-21,2025-06-21 06:00,0.5991,3304.27,2699.25,100.83666666666666,0.0,0.0,0.0,100.83666666666666,0.0,0.0,2557.936445176317,2445.8957044355766,0.0,0.0,0.0,0.0
F43,2025-06-21 07:10:00,2025-06-21 07:20:00,2025-06-21,2025-06-21 06:00,0.598,3254.3169,2874.6231,63.2823,0.0,0.0,0.0,63.2823,0.0,0.0,2445.8957044355766,2375.58203776891,0.0,0.0,0.0,0.0
F43,2025-06-21 07:20:00,2025-06-21 07:30:00,2025-06-21,2025-06-21 06:00,0.5678,3137.5948,3006.0287,21.927683333333334,0.0,0.0,0.0,21.927683333333334,0.0,0.0,2375.58203776891,2351.2179451763177,0.0,0.0,0.0,0.0
F43,2025-06-21 07:30:00,2025-06-21 07:40:00,2025-06-21,2025-06-21 06:00,0.5032,3174.85,3224.8875,-8.339583333333318,0.0,0.0,8.339583333333318,0.0,0.0,0.0,2351.2179451763177,2358.7235701763175,0.0,0.0,0.0,0.0
F43,2025-06-21 07:40:00,2025-06-21 07:50:00,2025-06-21,2025-06-21 06:00,0.4634,3159.7263,3537.527,-62.96678333333337,0.0,0.0,62.96678333333337,0.0,0.0,0.0,2358.7235701763175,2415.3936751763176,0.0,0.0,0.0,0.0
F43,2025-06-21 07:50:00,2025-06-21 08:00:00,2025-06-21,2025-06-21 06:00,0.6087,3087.5763,3785.3986,-116.30371666666663,0.0,0.0,116.30371666666663,0.0,0.0,0.0,2415.3936751763176,2520.067020176318,0.0,0.0,0.0,0.0
F43,2025-06-21 08:00:00,2025-06-21 08:10:00,2025-06-21,2025-06-21 06:00,0.8359,3062.36,4003.425,-156.84416666666667,0.0,0.0,156.84416666666667,0.0,0.0,0.0,2520.067020176318,2661.2267701763176,0.0,0.0,0.0,0.0
F43,2025-06-21 08:10:00,2025-06-21 08:20:00,2025-06-21,2025-06-21 06:00,0.8537,3162.0197,4334.7324,-195.45211666666665,0.0,0.0,195.45211666666665,0.0,0.0,0.0,2661.2267701763176,2837.1336751763174,0.0,0.0,0.0,0.0
F43,2025-06-21 08:20:00,2025-06-21 08:30:00,2025-06-21,2025-06-21 06:00,0.7708,3160.9922,4441.8035,-213.46854999999996,0.0,0.0,213.46854999999996,0.0,0.0,0.0,2837.1336751763174,3029.2553701763172,0.0,0.0,0.0,0.0
F43,2025-06-21 08:30:00,2025-06-21 08:40:00,2025-06-21,2025-06-21 06:00,0.7264,3037.59,4358.7,-220.18499999999995,0.0,0.0,220.18499999999995,0.0,0.0,0.0,3029.2553701763172,3227.421870176317,0.0,0.0,0.0,0.0
F43,2025-06-21 08:40:00,2025-06-21 08:50:00,2025-06-21,2025-06-21 06:00,0.7632,3030.9974,4479.895,-241.48293333333336,0.0,0.0,241.48293333333336,0.0,0.0,0.0,3227.421870176317,3444.756510176317,0.0,0.0,0.0,0.0
F43,2025-06-21 08:50:00,2025-06-21 09:00:00,2025-06-21,2025-06-21 06:00,0.8305,3289.939,4668.5166,-229.76293333333334,0.0,0.0,229.76293333333334,0.0,0.0,0.0,3444.756510176317,3651.543150176317,0.0,0.0,0.0,0.0
F43,2025-06-21 09:00:00,2025-06-21 09:10:00,2025-06-21,2025-06-21 06:00,0.8764,3650.62,4746.075,-182.57583333333332,0.0,0.0,182.57583333333332,0.0,0.0,0.0,3651.543150176317,3815.8614001763167,0.0,0.0,0.0,0.0
F43,2025-06-21 09:10:00,2025-06-21 09:20:00,2025-06-21,2025-06-21 06:00,0.8731,3785.9011,4746.9534,-160.17538333333337,0.0,0.0,160.17538333333337,0.0,0.0,0.0,3815.8614001763167,3960.019245176317,0.0,0.0,0.0,0.0
F43,2025-06-21 09:20:00,2025-06-21 09:30:00,2025-06-21,2025-06-21 06:00,0.8073,3849.6183,5139.4381,-214.9699666666667,0.0,0.0,214.9699666666667,0.0,0.0,0.0,3960.019245176317,4153.492215176317,0.0,0.0,0.0,0.0
F43,2025-06-21 09:30:00,2025-06-21 09:40:00,2025-06-21,2025-06-21 06:00,0.7234,3824.6,5794.3125,-328.28541666666666,0.0,0.0,328.28541666666666,0.0,0.0,0.0,4153.492215176317,4448.9490901763165,0.0,0.0,0.0,0.0
F43,2025-06-21 09:40:00,2025-06-21 09:50:00,2025-06-21,2025-06-21 06:00,0.6977,3582.3586,6109.068,-421.11823333333336,0.0,0.0,421.11823333333336,0.0,0.0,0.0,4448.9490901763165,4827.9555001763165,0.0,0.0,0.0,0.0
F43,2025-06-21 09:50:00,2025-06-21 10:00:00,2025-06-21,2025-06-21 06:00,0.7164,3687.9447,6385.1018,-449.5261833333334,0.0,0.0,449.5261833333334,0.0,0.0,0.0,4827.9555001763165,5232.529065176316,0.0,0.0,0.0,0.0
F43,2025-06-21 10:00:00,2025-06-21 10:10:00,2025-06-21,2025-06-21 06:00,0.7212,4000.14,6643.5375,-440.5662500000001,0.0,0.0,440.5662500000001,0.0,0.0,0.0,5232.529065176316,5629.038690176316,0.0,0.0,0.0,0.0
F43,2025-06-21 10:10:00,2025-06-21 10:20:00,2025-06-21,2025-06-21 06:00,0.6702,3826.1041,6589.8893,-460.63086666666663,0.0,0.0,460.63086666666663,0.0,0.0,0.0,5629.038690176316,6043.606470176316,0.0,0.0,0.0,0.0
F43,2025-06-21 10:20:00,2025-06-21 10:30:00,2025-06-21,2025-06-21 06:00,0.6649,3761.4976,6695.6004,-489.01713333333333,0.0,0.0,489.01713333333333,0.0,0.0,0.0,6043.606470176316,6483.721890176316,0.0,0.0,0.0,0.0
F43,2025-06-21 10:30:00,2025-06-21 10:40:00,2025-06-21,2025-06-21 06:00,0.7152,3901.91,7000.9875,-516.5129166666667,0.0,0.0,516.5129166666667,0.0,0.0,0.0,6483.721890176316,6948.583515176317,0.0,0.0,0.0,0.0
F43,2025-06-21 10:40:00,2025-06-21 10:50:00,2025-06-21,2025-06-21 06:00,0.7053,3726.7535,7093.8409,-561.1812333333334,0.0,0.0,561.1812333333334,0.0,0.0,0.0,6948.583515176317,7453.646625176317,0.0,0.0,0.0,0.0
F43,2025-06-21 10:50:00,2025-06-21 11:00:00,2025-06-21,2025-06-21 06:00,0.5367,3565.5609,7243.1188,-612.9263166666667,0.0,0.0,612.9263166666667,0.0,0.0,0.0,7453.646625176317,8005.280310176317,0.0,0.0,0.0,0.0
F43,2025-06-21 11:00:00,2025-06-21 11:10:00,2025-06-21,2025-06-21 06:00,0.3314,3679.21,7400.1,-620.1483333333333,0.0,0.0,620.1483333333333,0.0,0.0,0.0,8005.280310176317,8563.413810176316,0.0,0.0,0.0,0.0
F43,2025-06-21 11:10:00,2025-06-21 11:20:00,2025-06-21,2025-06-21 06:00,0.3161,3945.6166,7306.5816,-560.1608333333334,0.0,0.0,560.1608333333334,0.0,0.0,0.0,8563.413810176316,9067.558560176316,0.0,0.0,0.0,0.0
F43,2025-06-21 11:20:00,2025-06-21 11:30:00,2025-06-21,2025-06-21 06:00,0.2901,3900.6403,7782.8954,-647.0425166666666,0.0,0.0,647.0425166666666,0.0,0.0,0.0,9067.558560176316,9649.896825176316,0.0,0.0,0.0,0.0
F43,2025-06-21 11:30:00,2025-06-21 11:40:00,2025-06-21,2025-06-21 06:00,0.2072,3645.76,8490.225,-807.4108333333334,0.0,0.0,807.4108333333334,0.0,0.0,0.0,9649.896825176316,10376.566575176315,0.0,0.0,0.0,0.0
F43,2025-06-21 11:40:00,2025-06-21 11:50:00,2025-06-21,2025-06-21 06:00,0.2258,3705.1427,8180.7164,-745.9289500000001,0.0,0.0,470.4815831374273,0.0,0.0,275.4473668625728,10376.566575176315,10800.0,0.0,0.0,0.0,0.0
F43,2025-06-21 11:50:00,2025-06-21 12:00:00,2025-06-21,2025-06-21 06:00,0.2711,3724.3133,7677.6706,-658.8928833333334,0.0,0.0,0.0,0.0,0.0,658.8928833333334,10800.0,10800.0,0.0,0.0,0.0,0.0
F43,2025-06-21 12:00:00,2025-06-21 12:10:00,2025-06-21,2025-06-21 12:00,0.2744,3631.08,7665.1125,-672.33875,0.0,0.0,0.0,0.0,0.0,672.33875,10800.0,10800.0,0.0,0.0,0.0,0.0
F43,2025-06-21 12:10:00,2025-06-21 12:20:00,2025-06-21,2025-06-21 12:00,0.2473,3735.5415,8044.2631,-718.1202666666668,0.0,0.0,0.0,0.0,0.0,718.1202666666668,10800.0,10800.0,0.0,0.0,0.0,0.0
F43,2025-06-21 12:20:00,2025-06-21 12:30:00,2025-06-21,2025-06-21 12:00,0.2497,3852.2352,8300.9755,-741.4567166666667,0.0,0.0,0.0,0.0,0.0,741.4567166666667,10800.0,10800.0,0.0,0.0,0.0,0.0
F43,2025-06-21 12:30:00,2025-06-21 12:40:00,2025-06-21,2025-06-21 12:00,0.2484,3928.56,8383.0125,-742.4087500000002,0.0,0.0,0.0,0.0,0.0,742.4087500000002,10800.0,10800.0,0.0,0.0,0.0,0.0
F43,2025-06-21 12:40:00,2025-06-21 12:50:00,2025-06-21,2025-06-21 12:00,0.1828,4059.9044,8605.7877,-757.6472166666668,0.0,0.0,0.0,0.0,0.0,757.6472166666668,10800.0,10800.0,0.0,0.0,0.0,0.0
F43,2025-06-21 12:50:00,2025-06-21 13:00:00,2025-06-21,2025-06-21 12:00,0.2868,3912.5928,8542.7209,-771.6880166666666,0.0,0.0,0.0,0.0,0.0,771.6880166666666,10800.0,10800.0,0.0,0.0,0.0,0.0
F43,2025-06-21 13:00:00,2025-06-21 13:10:00,2025-06-21,2025-06-21 12:00,0.5464,3688.01,8049.6,-726.9316666666666,0.0,0.0,0.0,0.0,0.0,726.9316666666666,10800.0,10800.0,0.0,0.0,0.0,0.0
F43,2025-06-21 13:10:00,2025-06-21 13:20:00,2025-06-21,2025-06-21 12:00,0.681,3910.4683,7493.4162,-597.1579833333333,0.0,0.0,0.0,0.0,0.0,597.1579833333333,10800.0,10800.0,0.0,0.0,0.0,0.0
F43,2025-06-21 13:20:00,2025-06-21 13:30:00,2025-06-21,2025-06-21 12:00,0.6383,3862.6154,7354.9231,-582.0512833333332,0.0,0.0,0.0,0.0,0.0,582.0512833333332,10800.0,10800.0,0.0,0.0,0.0,0.0
F43,2025-06-21 13:30:00,2025-06-21 13:40:00,2025-06-21,2025-06-21 12:00,0.5716,3589.29,7340.8875,-625.2662499999999,0.0,0.0,0.0,0.0,0.0,625.2662499999999,10800.0,10800.0,0.0,0.0,0.0,0.0
F43,2025-06-21 13:40:00,2025-06-21 13:50:00,2025-06-21,2025-06-21 12:00,0.6829,3849.2221,6714.7449,-477.58713333333327,0.0,0.0,0.0,0.0,0.0,477.58713333333327,10800.0,10800.0,0.0,0.0,0.0,0.0
F43,2025-06-21 13:50:00,2025-06-21 14:00:00,2025-06-21,2025-06-21 12:00,0.797,3978.2382,6127.755,-358.25280000000004,0.0,0.0,0.0,0.0,0.0,358.25280000000004,10800.0,10800.0,0.0,0.0,0.0,0.0
F43,2025-06-21 14:00:00,2025-06-21 14:10:00,2025-06-21,2025-06-21 12:00,0.8133,3861.85,5956.2,-349.0583333333333,0.0,0.0,0.0,0.0,0.0,349.0583333333333,10800.0,10800.0,0.0,0.0,0.0,0.0
F43,2025-06-21 14:10:00,2025-06-21 14:20:00,2025-06-21,2025-06-21 12:00,0.7993,4047.8905,5941.7978,-315.6512166666667,0.0,0.0,0.0,0.0,0.0,315.6512166666667,10800.0,10800.0,0.0,0.0,0.0,0.0
F43,2025-06-21 14:20:00,2025-06-21 14:30:00,2025-06-21,2025-06-21 12:00,0.8114,4095.2281,5827.294,-288.67764999999997,0.0,0.0,0.0,0.0,0.0,288.67764999999997,10800.0,10800.0,0.0,0.0,0.0,0.0
F43,2025-06-21 14:30:00,2025-06-21 14:40:00,2025-06-21,2025-06-21 12:00,0.8574,4007.39,5738.1375,-288.4579166666666,0.0,0.0,0.0,0.0,0.0,288.4579166666666,10800.0,10800.0,0.0,0.0,0.0,0.0
F43,2025-06-21 14:40:00,2025-06-21 14:50:00,2025-06-21,2025-06-21 12:00,0.8672,4227.0513,5964.2607,-289.53489999999994,0.0,0.0,0.0,0.0,0.0,289.53489999999994,10800.0,10800.0,0.0,0.0,0.0,0.0
F43,2025-06-21 14:50:00,2025-06-21 15:00:00,2025-06-21,2025-06-21 12:00,0.6527,4182.4486,5979.2451,-299.46608333333336,0.0,0.0,0.0,0.0,0.0,299.46608333333336,10800.0,10800.0,0.0,0.0,0.0,0.0
F43,2025-06-21 15:00:00,2025-06-21 15:10:00,2025-06-21,2025-06-21 12:00,0.3818,3879.68,5680.4625,-300.13041666666663,0.0,0.0,0.0,0.0,0.0,300.13041666666663,10800.0,10800.0,0.0,0.0,0.0,0.0
F43,2025-06-21 15:10:00,2025-06-21 15:20:00,2025-06-21,2025-06-21 12:00,0.4347,3916.2335,5457.1539,-256.8200666666667,0.0,0.0,0.0,0.0,0.0,256.8200666666667,10800.0,10800.0,0.0,0.0,0.0,0.0
F43,2025-06-21 15:20:00,2025-06-21 15:30:00,2025-06-21,2025-06-21 12:00,0.5156,3924.3398,5153.0688,-204.78816666666663,0.0,0.0,0.0,0.0,0.0,204.78816666666663,10800.0,10800.0,0.0,0.0,0.0,0.0
F43,2025-06-21 15:30:00,2025-06-21 15:40:00,2025-06-21,2025-06-21 12:00,0.4952,3875.5,4811.1,-155.9333333333334,0.0,0.0,0.0,0.0,0.0,155.9333333333334,10800.0,10800.0,0.0,0.0,0.0,0.0
F43,2025-06-21 15:40:00,2025-06-21 15:50:00,2025-06-21,2025-06-21 12:00,0.5311,4137.0155,4680.9532,-90.65628333333325,0.0,0.0,0.0,0.0,0.0,90.65628333333325,10800.0,10800.0,0.0,0.0,0.0,0.0
F43,2025-06-21 15:50:00,2025-06-21 16:00:00,2025-06-21,2025-06-21 12:00,0.5692,4317.2602,4481.2341,-27.328983333333326,97.51408524048028,97.51408524048028,0.0,0.0,0.0,124.84306857381361,10800.0,10800.0,55.50501731888138,0.0,0.0,55.50501731888138
F43,2025-06-21 16:00:00,2025-06-21 16:10:00,2025-06-21,2025-06-21 12:00,0.5723,4217.43,4055.4,27.00500000000003,158.72599071442704,151.85932237646904,0.0,0.0,0.0,124.85432237646901,10800.0,10800.0,86.90909019605324,1.9648971449066828,0.0,88.87398734095993
F43,2025-06-21 16:10:00,2025-06-21 16:20:00,2025-06-21,2025-06-21 12:00,0.5744,4034.2858,3562.8565,78.57155000000003,187.4884550457175,150.8358203086288,0.0,0.0,0.0,72.26427030862877,10800.0,10800.0,86.64009518527638,10.526636696491876,0.0,97.16673188176826
F43,2025-06-21 16:20:00,2025-06-21 16:30:00,2025-06-21,2025-06-21 12:00,0.599,3980.7146,3361.4888,103.20429999999995,197.79025022616992,151.42929615409565,0.0,0.0,0.0,48.224996154095706,10800.0,10800.0,90.70614839630329,13.885105744586241,0.0,104.59125414088953
F43,2025-06-21 16:30:00,2025-06-21 16:40:00,2025-06-21,2025-06-21 12:00,0.6284,4042.02,3406.575,105.90750000000003,219.40796620371867,186.29476016616695,0.0,0.0,0.0,80.38726016616693,10800.0,10800.0,117.0676272884193,10.40416933699875,0.0,127.47179662541805
F43,2025-06-21 16:40:00,2025-06-21 16:50:00,2025-06-21,2025-06-21 12:00,0.6239,3983.774,3291.2298,115.4240333333333,281.0279570015083,269.2464834933284,0.0,0.0,0.0,153.82245015999513,10800.0,10800.0,167.9828810514876,3.6752306608767156,0.0,171.6581117123643
F43,2025-06-21 16:50:00,2025-06-21 17:00:00,2025-06-21,2025-06-21 12:00,0.6144,3621.8931,2964.175,109.61968333333326,289.21983933737766,289.21983933737766,0.0,0.0,0.0,179.6001560040444,10800.0,10800.0,177.69666928888483,0.0,0.0,177.69666928888483
F43,2025-06-21 17:00:00,2025-06-21 17:10:00,2025-06-21,2025-06-21 12:00,0.6289,3240.3,2623.6125,102.78125,229.7456208184369,220.37995917815232,0.0,0.0,0.0,117.59870917815232,10800.0,10800.0,138.59695632714,2.9450323027874834,0.0,141.5419886299275
F43,2025-06-21 17:10:00,2025-06-21 17:20:00,2025-06-21,2025-06-21 12:00,0.6705,3335.0072,2479.2426,142.62743333333333,234.26653299147796,236.94655771537992,0.0,0.0,0.0,94.3191243820466,10800.0,10800.0,158.87266694816225,0.8984782886881338,0.0,159.77114523685037
F43,2025-06-21 17:20:00,2025-06-21 17:30:00,2025-06-21,2025-06-21 12:00,0.7075,3462.6248,2185.8548,212.795,308.4773155927087,312.9814939604884,0.0,0.0,0.0,100.18649396048843,10800.0,10800.0,221.43440697704557,1.5933530976020795,0.0,223.02776007464766
F43,2025-06-21 17:30:00,2025-06-21 17:40:00,2025-06-21,2025-06-21 12:00,0.7038,3484.27,1750.4625,288.9679166666666,350.11259441057103,351.51951111429935,0.0,0.0,0.0,62.55159444763274,10800.0,10800.0,247.39943192224388,0.49509398804199356,0.0,247.89452591028586
F43,2025-06-21 17:40:00,2025-06-21 17:50:00,2025-06-21,2025-06-21 12:00,0.6796,3649.2081,1528.3871,353.4701666666666,390.925375765174,391.6653750574434,0.0,0.0,0.0,38.19520839077677,10800.0,10800.0,266.17578888903853,0.2514517595131333,0.0,266.4272406485517
F43,2025-06-21 17:50:00,2025-06-21 18:00:00,2025-06-21,2025-06-21 12:00,0.8445,3604.3529,1310.4274,382.3209166666666,414.55187606930417,414.55187606930417,0.0,0.0,0.0,32.23095940263755,10800.0,10800.0,350.0890593405274,0.0,0.0,350.0890593405274
F43,2025-06-21 18:00:00,2025-06-21 18:10:00,2025-06-21,2025-06-21 18:00,1.1012,3349.51,1034.1,385.9016666666667,438.1730900220897,456.6885060427251,0.0,0.0,0.0,70.78683937605842,10800.0,10800.0,502.9053828542489,10.194588060961866,0.0,513.0999709152107
F43,2025-06-21 18:10:00,2025-06-21 18:20:00,2025-06-21,2025-06-21 18:00,1.1314,3274.4828,860.3286,402.3590333333333,0.0,0.0,0.0,402.3590333333333,0.0,0.0,10800.0,10352.934407407407,0.0,0.0,0.0,0.0
F43,2025-06-21 18:20:00,2025-06-21 18:30:00,2025-06-21,2025-06-21 18:00,1.1374,3297.0032,677.2547,436.62475,528.8605845535747,541.2684473244155,104.64369732441554,0.0,0.0,0.0,10352.934407407407,10447.11373499938,615.6387319867903,7.056351557777216,0.0,622.6950835445675
F43,2025-06-21 18:30:00,2025-06-21 18:40:00,2025-06-21,2025-06-21 18:00,1.1803,3342.79,452.7,481.6816666666667,109.12139449212634,139.17171183372784,0.0,342.50995483293883,0.0,0.0,10447.11373499938,10066.547118518338,164.26437147734896,17.734194779146122,0.0,181.99856625649508
F43,2025-06-21 18:40:00,2025-06-21 18:50:00,2025-06-21,2025-06-21 18:00,1.1266,3456.8314,276.0564,530.1291666666666,597.8396964920869,600.7470859810517,70.61791931438506,0.0,0.0,0.0,10066.547118518338,10130.103245901284,676.8016670662529,1.6377324991338615,0.0,678.4393995653868
F43,2025-06-21 18:50:00,2025-06-21 19:00:00,2025-06-21,2025-06-21 18:00,1.153,3634.5648,121.8367,585.4546833333334,0.0,0.0,0.0,585.4546833333334,0.0,0.0,10130.103245901284,9479.59804219758,0.0,0.0,0.0,0.0
F43,2025-06-21 19:00:00,2025-06-21 19:10:00,2025-06-21,2025-06-21 18:00,1.2618,3852.72,7.7625,640.82625,0.0,0.0,0.0,640.82625,0.0,0.0,9479.59804219758,8767.568875530913,0.0,0.0,0.0,0.0
F43,2025-06-21 19:10:00,2025-06-21 19:20:00,2025-06-21,2025-06-21 18:00,1.2633,4004.9442,0.0,667.4907,0.0,0.0,0.0,667.4907,0.0,0.0,8767.568875530913,8025.91254219758,0.0,0.0,0.0,0.0
F43,2025-06-21 19:20:00,2025-06-21 19:30:00,2025-06-21,2025-06-21 18:00,1.2161,3706.7434,3.2619,617.2469166666666,0.0,0.0,0.0,617.2469166666666,0.0,0.0,8025.91254219758,7340.082634790172,0.0,0.0,0.0,0.0
F43,2025-06-21 19:30:00,2025-06-21 19:40:00,2025-06-21,2025-06-21 18:00,1.1876,3293.48,0.0,548.9133333333333,0.0,0.0,0.0,548.9133333333333,0.0,0.0,7340.082634790172,6730.178931086469,0.0,0.0,0.0,0.0
F43,2025-06-21 19:40:00,2025-06-21 19:50:00,2025-06-21,2025-06-21 18:00,1.1812,3492.5254,0.0,582.0875666666666,0.0,0.0,0.0,582.0875666666666,0.0,0.0,6730.178931086469,6083.414968123506,0.0,0.0,0.0,0.0
F43,2025-06-21 19:50:00,2025-06-21 20:00:00,2025-06-21,2025-06-21 18:00,1.1704,3490.6667,0.2342,581.73875,0.0,0.0,0.0,581.73875,0.0,0.0,6083.414968123506,5437.038579234617,0.0,0.0,0.0,0.0
F43,2025-06-21 20:00:00,2025-06-21 20:10:00,2025-06-21,2025-06-21 18:00,1.1558,3189.62,0.0,531.6033333333332,0.0,0.0,0.0,531.6033333333332,0.0,0.0,5437.038579234617,4846.368208864246,0.0,0.0,0.0,0.0
F43,2025-06-21 20:10:00,2025-06-21 20:20:00,2025-06-21,2025-06-21 18:00,1.1611,3348.2366,0.0,558.0394333333334,0.0,0.0,0.0,558.0394333333334,0.0,0.0,4846.368208864246,4226.324394049431,0.0,0.0,0.0,0.0
F43,2025-06-21 20:20:00,2025-06-21 20:30:00,2025-06-21,2025-06-21 18:00,1.1692,3725.2052,0.0168,620.8647333333333,0.0,0.0,0.0,620.8647333333333,0.0,0.0,4226.324394049431,3536.4746903457276,0.0,0.0,0.0,0.0
F43,2025-06-21 20:30:00,2025-06-21 20:40:00,2025-06-21,2025-06-21 18:00,1.198,3960.13,0.0,660.0216666666666,0.0,0.0,0.0,660.0216666666666,0.0,0.0,3536.4746903457276,2803.1172829383204,0.0,0.0,0.0,0.0
F43,2025-06-21 20:40:00,2025-06-21 20:50:00,2025-06-21,2025-06-21 18:00,1.2507,3881.8245,0.0,646.97075,0.0,0.0,0.0,646.97075,0.0,0.0,2803.1172829383204,2084.2608940494315,0.0,0.0,0.0,0.0
F43,2025-06-21 20:50:00,2025-06-21 21:00:00,2025-06-21,2025-06-21 18:00,1.1066,3513.6729,0.0012,585.61195,689.3026682797221,689.3026682797221,103.69071827972209,0.0,0.0,0.0,2084.2608940494315,2177.5825405011815,762.7823327183405,0.0,0.0,762.7823327183405
F43,2025-06-21 21:00:00,2025-06-21 21:10:00,2025-06-21,2025-06-21 18:00,0.857,3160.32,0.0,526.72,702.6542994748386,702.6542994748378,175.93429947483776,0.0,0.0,0.0,2177.5825405011815,2335.9234100285353,602.174734649936,3.4100366974598726e-13,0.0,602.1747346499363
F43,2025-06-21 21:10:00,2025-06-21 21:20:00,2025-06-21,2025-06-21 18:00,0.8345,3214.7106,0.0,535.7850999999999,645.1194078953946,645.1194078953955,109.33430789539557,0.0,0.0,0.0,2335.9234100285353,2434.3242871343914,538.3521458887076,3.794866643147543e-13,0.0,538.3521458887079
F43,2025-06-21 21:20:00,2025-06-21 21:30:00,2025-06-21,2025-06-21 18:00,0.871,3489.1029,0.0,581.5171499999999,624.025832063586,624.0258320635861,42.50868206358621,0.0,0.0,0.0,2434.3242871343914,2472.582100991619,543.5264997273835,4.951061782776378e-14,0.0,543.5264997273835
F43,2025-06-21 21:30:00,2025-06-21 21:40:00,2025-06-21,2025-06-21 18:00,0.8848,3713.49,0.0,618.915,635.9518780123325,635.9518780123327,17.03687801233275,0.0,0.0,0.0,2472.582100991619,2487.9152912027184,562.690221665312,1.0059011401608587e-13,0.0,562.6902216653122
F43,2025-06-21 21:40:00,2025-06-21 21:50:00,2025-06-21,2025-06-21 18:00,0.9243,3715.4477,0.0,619.2412833333333,628.23351587515,628.2335158751513,8.992232541817998,0.0,0.0,0.0,2487.9152912027184,2496.0083004903545,580.6762387234023,5.779440925834934e-13,0.0,580.6762387234029
F43,2025-06-21 21:50:00,2025-06-21 22:00:00,2025-06-21,2025-06-21 18:00,0.7155,3460.6768,0.0,576.7794666666666,618.6076620090869,618.6076620090873,41.82819534242071,0.0,0.0,0.0,2496.0083004903545,2533.6536762985334,442.613782167502,1.6268586477963254e-13,0.0,442.61378216750217
F43,2025-06-21 22:00:00,2025-06-21 22:10:00,2025-06-21,2025-06-21 18:00,0.3942,3169.68,0.0,528.28,569.5478703253845,569.5478703253845,41.26787032538448,0.0,0.0,0.0,2533.6536762985334,2570.7947595913793,224.51577048226656,0.0,0.0,224.51577048226656
F43,2025-06-21 22:10:00,2025-06-21 22:20:00,2025-06-21,2025-06-21 18:00,0.4048,3161.2424,0.0,526.8737333333333,547.6071041921521,547.6071041921521,20.733370858818716,0.0,0.0,0.0,2570.7947595913793,2589.454793364316,221.67135577698315,0.0,0.0,221.67135577698315
F43,2025-06-21 22:20:00,2025-06-21 22:30:00,2025-06-21,2025-06-21 18:00,0.4701,3268.4465,0.0,544.7410833333333,540.6952249731856,540.695224973185,0.0,4.045858360148372,0.0,0.0,2589.454793364316,2584.9593951863735,254.18082525989425,1.603325472387951e-13,0.0,254.18082525989442
F43,2025-06-21 22:30:00,2025-06-21 22:40:00,2025-06-21,2025-06-21 18:00,0.4227,3317.19,0.0,552.865,559.6558332795905,559.6558332795905,6.790833279590515,0.0,0.0,0.0,2584.9593951863735,2591.071145138005,236.56652072728292,0.0,0.0,236.56652072728292
F43,2025-06-21 22:40:00,2025-06-21 22:50:00,2025-06-21,2025-06-21 18:00,0.374,3281.0391,0.0,546.83985,598.4789065394646,598.4789065394646,51.639056539464605,0.0,0.0,0.0,2591.071145138005,2637.546296023523,223.83111104575974,0.0,0.0,223.83111104575974
F43,2025-06-21 22:50:00,2025-06-21 23:00:00,2025-06-21,2025-06-21 18:00,0.3646,3250.7574,0.0,541.7928999999999,622.4928601336484,622.4928601336469,80.69996013364698,0.0,0.0,0.0,2637.546296023523,2710.1762601438054,226.96089680472764,2.694264367164578e-13,0.0,226.9608968047279
F43,2025-06-21 23:00:00,2025-06-21 23:10:00,2025-06-21,2025-06-21 18:00,0.3809,3190.39,0.0,531.7316666666666,603.9079895585919,603.9079895585919,72.17632289192534,0.0,0.0,0.0,2710.1762601438054,2775.1349507465384,230.02855322286766,0.0,0.0,230.02855322286766
F43,2025-06-21 23:10:00,2025-06-21 23:20:00,2025-06-21,2025-06-21 18:00,0.3872,2998.9363,0.0,499.8227166666666,539.9737762809384,539.9737762809327,40.1510596142661,0.0,0.0,0.0,2775.1349507465384,2811.2709043993777,209.07784617597716,1.1004885891452431e-12,0.0,209.07784617597827
F43,2025-06-21 23:20:00,2025-06-21 23:30:00,2025-06-21,2025-06-21 18:00,0.3936,2920.9743,0.0,486.82904999999994,546.655389311123,546.6553893111304,59.82633931113048,0.0,0.0,0.0,2811.2709043993777,2865.1146097793953,215.16356123286093,1.4542820281349122e-12,0.0,215.16356123286238
F43,2025-06-21 23:30:00,2025-06-21 23:40:00,2025-06-21,2025-06-21 18:00,0.3844,2989.3,0.0,498.2166666666667,556.1081309876669,556.1081309876669,57.89146432100017,0.0,0.0,0.0,2865.1146097793953,2917.2169276682953,213.76796555165916,0.0,0.0,213.76796555165916
F43,2025-06-21 23:40:00,2025-06-21 23:50:00,2025-06-21,2025-06-21 18:00,0.3399,3024.571,0.0,504.0951666666666,568.5729572981057,568.5729572981057,64.47779063143912,0.0,0.0,0.0,2917.2169276682953,2975.2469392365906,193.25794818562613,0.0,0.0,193.25794818562613
F43,2025-06-21 23:50:00,2025-06-22 00:00:00,2025-06-21,2025-06-21 18:00,0.3684,3193.3141,0.0,532.2190166666667,609.8231079807708,609.8231079807723,77.60409131410563,0.0,0.0,0.0,2975.2469392365906,3045.0906214192855,224.65883298011653,2.7223450160818175e-13,0.0,224.6588329801168
F43,2025-09-23 00:00:00,2025-09-23 00:10:00,2025-09-22,2025-09-22 18:00,0.4085,3425.14,0.0,570.8566666666666,619.2764337078744,619.2764337078744,48.41976704120782,0.0,0.0,0.0,1632.4137540540348,1675.9915443911218,252.97442316966666,0.0,0.0,252.97442316966666
F43,2025-09-23 00:10:00,2025-09-23 00:20:00,2025-09-23,2025-09-23 00:00,0.4059,3421.106,0.0,570.1843333333334,1499.2448525613577,1499.2448525613577,833.3333333333334,0.0,0.0,95.72718589469093,1675.9915443911218,2425.991544391122,608.543485654655,0.0,0.0,608.543485654655
F43,2025-09-23 00:20:00,2025-09-23 00:30:00,2025-09-23,2025-09-23 00:00,0.4324,3361.9091,0.0,560.3181833333333,1479.1709853295054,1479.1709853295054,833.3333333333334,0.0,0.0,85.51946866283868,2425.991544391122,3175.991544391122,639.5935340564781,0.0,0.0,639.5935340564781
F43,2025-09-23 00:30:00,2025-09-23 00:40:00,2025-09-23,2025-09-23 00:00,0.4539,3388.6,0.0,564.7666666666667,1439.3395805221558,1439.3395805221558,833.3333333333334,0.0,0.0,41.239580522155734,3175.991544391122,3925.991544391122,653.3162355990065,0.0,0.0,653.3162355990065
F43,2025-09-23 00:40:00,2025-09-23 00:50:00,2025-09-23,2025-09-23 00:00,0.4117,3591.0535,0.0,598.5089166666667,1440.079183411277,1440.079183411277,833.3333333333334,0.0,0.0,8.236933411276937,3925.991544391122,4675.991544391121,592.8805998104227,0.0,0.0,592.8805998104227
F43,2025-09-23 00:50:00,2025-09-23 01:00:00,2025-09-23,2025-09-23 00:00,0.4114,3639.0639,0.0,606.5106499999999,1438.2160238816095,1438.2160238816095,831.7053738816096,0.0,0.0,0.0,4675.991544391121,5424.52638088457,591.6820722248941,0.0,0.0,591.6820722248941
F43,2025-09-23 01:00:00,2025-09-23 01:10:00,2025-09-23,2025-09-23 00:00,0.4549,3538.62,0.0,589.77,1432.7083384279254,1432.7083384279254,833.3333333333334,0.0,0.0,9.605005094592002,5424.52638088457,6174.52638088457,651.7390231508633,0.0,0.0,651.7390231508633
F43,2025-09-23 01:10:00,2025-09-23 01:20:00,2025-09-23,2025-09-23 00:00,0.4413,3584.1201,0.0,597.35335,776.3332352060877,776.3332352060877,178.97988520608772,0.0,0.0,0.0,6174.52638088457,6335.608277570049,342.5958566964465,0.0,0.0,342.5958566964465
F43,2025-09-23 01:20:00,2025-09-23 01:30:00,2025-09-23,2025-09-23 00:00,0.4365,3479.83,0.0,579.9716666666666,1425.8031637461577,1425.8031637461577,833.3333333333334,0.0,0.0,12.49816374615773,6335.608277570049,7085.608277570049,622.3630809751978,0.0,0.0,622.3630809751978
F43,2025-09-23 01:30:00,2025-09-23 01:40:00,2025-09-23,2025-09-23 00:00,0.4529,3316.08,0.0,552.68,1413.2813480022014,1413.2813480022014,833.3333333333334,0.0,0.0,27.26801466886809,7085.608277570049,7835.608277570049,640.075122510197,0.0,0.0,640.075122510197
F43,2025-09-23 01:40:00,2025-09-23 01:50:00,2025-09-23,2025-09-23 00:00,0.4318,3504.3201,0.0,584.0533499999999,609.1285970966032,609.1285970966032,25.075247096603334,0.0,0.0,0.0,7835.608277570049,7858.175999956992,263.0217282263133,0.0,0.0,263.0217282263133
F43,2025-09-23 01:50:00,2025-09-23 02:00:00,2025-09-23,2025-09-23 00:00,0.418,3611.1697,0.0,601.8616166666666,615.8429196336931,615.8429196336931,13.981302967026522,0.0,0.0,0.0,7858.175999956992,7870.759172627316,257.4223404068837,0.0,0.0,257.4223404068837
F43,2025-09-23 02:00:00,2025-09-23 02:10:00,2025-09-23,2025-09-23 00:00,0.4413,3543.64,0.0,590.6066666666666,1446.7990095277578,1446.7990095277578,833.3333333333334,0.0,0.0,22.85900952775785,7870.759172627316,8620.759172627317,638.4724029045996,0.0,0.0,638.4724029045996
F43,2025-09-23 02:10:00,2025-09-23 02:20:00,2025-09-23,2025-09-23 00:00,0.4794,3627.3783,0.0,604.56305,1426.6652016292896,1426.6652016292896,822.1021516292897,0.0,0.0,0.0,8620.759172627317,9360.651109093676,683.9432976610815,0.0,0.0,683.9432976610815
F43,2025-09-23 02:20:00,2025-09-23 02:30:00,2025-09-23,2025-09-23 00:00,0.4675,3646.7973,0.0,607.79955,590.1119603719598,590.1119603719598,0.0,17.6875896280402,0.0,0.0,9360.651109093676,9340.998231729187,275.8773414738912,0.0,0.0,275.8773414738912
F43,2025-09-23 02:30:00,2025-09-23 02:40:00,2025-09-23,2025-09-23 00:00,0.4225,3569.92,0.0,594.9866666666667,605.8054033373136,605.8054033373136,10.8187366706469,0.0,0.0,0.0,9340.998231729187,9350.735094732769,255.95278291001497,0.0,0.0,255.95278291001497
F43,2025-09-23 02:40:00,2025-09-23 02:50:00,2025-09-23,2025-09-23 00:00,0.4268,3591.0744,0.0,598.5124,632.8185005246518,632.8185005246518,34.30610052465181,0.0,0.0,0.0,9350.735094732769,9381.610585204955,270.0869360239214,0.0,0.0,270.0869360239214
F43,2025-09-23 02:50:00,2025-09-23 03:00:00,2025-09-23,2025-09-23 00:00,0.4588,3523.6786,0.0,587.2797666666667,619.1281699295054,619.1281699295054,31.8484032628387,0.0,0.0,0.0,9381.610585204955,9410.27414814151,284.05600436365705,0.0,0.0,284.05600436365705
F43,2025-09-23 03:00:00,2025-09-23 03:10:00,2025-09-23,2025-09-23 00:00,0.4777,3402.03,0.0,567.005,614.503569162684,614.503569162684,47.49856916268402,0.0,0.0,0.0,9410.27414814151,9453.022860387926,293.5483549890142,0.0,0.0,293.5483549890142
F43,2025-09-23 03:10:00,2025-09-23 03:20:00,2025-09-23,2025-09-23 00:00,0.4584,3470.8796,0.0,578.4799333333333,605.6025972598102,605.6025972598102,27.12266392647689,0.0,0.0,0.0,9453.022860387926,9477.433257921755,277.60823058389695,0.0,0.0,277.60823058389695
F43,2025-09-23 03:20:00,2025-09-23 03:30:00,2025-09-23,2025-09-23 00:00,0.4106,3546.3118,0.0,591.0519666666667,608.4399746372804,608.4399746372804,17.388007970613785,0.0,0.0,0.0,9477.433257921755,9493.082465095307,249.82545358606737,0.0,0.0,249.82545358606737
F43,2025-09-23 03:30:00,2025-09-23 03:40:00,2025-09-23,2025-09-23 00:00,0.3812,3521.1,0.0,586.8499999999999,603.2247548643871,603.2247548643871,16.374754864387228,0.0,0.0,0.0,9493.082465095307,9507.819744473256,229.94927655430436,0.0,0.0,229.94927655430436
F43,2025-09-23 03:40:00,2025-09-23 03:50:00,2025-09-23,2025-09-23 00:00,0.4192,3493.0415,0.0,582.1735833333332,615.8059892090212,615.8059892090212,33.63240587568794,0.0,0.0,0.0,9507.819744473256,9538.088909761374,258.1458706764217,0.0,0.0,258.1458706764217
F43,2025-09-23 03:50:00,2025-09-23 04:00:00,2025-09-23,2025-09-23 00:00,0.4681,3616.52,0.0,602.7533333333333,612.5609190886377,612.5609190886377,9.80758575530433,0.0,0.0,0.0,9538.088909761374,9546.915736941148,286.7397662253913,0.0,0.0,286.7397662253913
F43,2025-09-23 04:00:00,2025-09-23 04:10:00,2025-09-23,2025-09-23 00:00,0.4666,3738.77,0.0,623.1283333333333,622.1698763854362,622.1698763854362,0.0,0.9584569478971616,0.0,0.0,9546.915736941148,9545.850784776818,290.3044643214445,0.0,0.0,290.3044643214445
F43,2025-09-23 04:10:00,2025-09-23 04:20:00,2025-09-23,2025-09-23 00:00,0.4048,3573.138,0.0019,595.5226833333332,632.9654867017548,632.9654867017548,37.44280336842155,0.0,0.0,0.0,9545.850784776818,9579.549307808396,256.2244290168703,0.0,0.0,256.2244290168703
F43,2025-09-23 04:20:00,2025-09-23 04:30:00,2025-09-23,2025-09-23 00:00,0.3873,3548.8256,0.0,591.4709333333333,642.9254872739605,642.9254872739605,51.45455394062719,0.0,0.0,0.0,9579.549307808396,9625.85840635496,249.00504122120486,0.0,0.0,249.00504122120486
F43,2025-09-23 04:30:00,2025-09-23 04:40:00,2025-09-23,2025-09-23 00:00,0.4222,3696.43,0.0,616.0716666666666,635.6310171232236,635.6310171232236,19.559350456557013,0.0,0.0,0.0,9625.85840635496,9643.461821765863,268.363415429425,0.0,0.0,268.363415429425
F43,2025-09-23 04:40:00,2025-09-23 04:50:00,2025-09-23,2025-09-23 00:00,0.4225,3629.4046,0.0268,604.8962999999999,630.3462135167251,630.3462135167251,25.449913516725246,0.0,0.0,0.0,9643.461821765863,9666.366743930916,266.32127521081634,0.0,0.0,266.32127521081634
F43,2025-09-23 04:50:00,2025-09-23 05:00:00,2025-09-23,2025-09-23 00:00,0.4173,3602.4949,0.0,600.4158166666666,612.9032755527278,612.9032755527278,12.487458886061177,0.0,0.0,0.0,9666.366743930916,9677.605456928371,255.76453688815332,0.0,0.0,255.76453688815332
F43,2025-09-23 05:00:00,2025-09-23 05:10:00,2025-09-23,2025-09-23 00:00,0.4256,3708.74,0.0,618.1233333333332,614.6607243006744,614.6607243006744,0.0,3.462609032658861,0.0,0.0,9677.605456928371,9673.75811355875,261.599604262367,0.0,0.0,261.599604262367
F43,2025-09-23 05:10:00,2025-09-23 05:20:00,2025-09-23,2025-09-23 00:00,0.433,3751.3647,0.3731,625.1652666666666,613.707473187542,613.707473187542,0.0,11.457793479124689,0.0,0.0,9673.75811355875,9661.027231915277,265.73533589020565,0.0,0.0,265.73533589020565
F43,2025-09-23 05:20:00,2025-09-23 05:30:00,2025-09-23,2025-09-23 00:00,0.4518,3689.4488,0.0,614.9081333333334,665.0486756985292,665.0486756985292,50.14054236519587,0.0,0.0,0.0,9661.027231915277,9706.153720043954,300.4689916805955,0.0,0.0,300.4689916805955
F43,2025-09-23 05:30:00,2025-09-23 05:40:00,2025-09-23,2025-09-23 00:00,0.4325,3557.68,0.0,592.9466666666666,1506.1627643311713,1506.1627643311713,833.3333333333334,0.0,0.0,79.8827643311713,9706.153720043954,10456.153720043954,651.4153955732315,0.0,0.0,651.4153955732315
F43,2025-09-23 05:40:00,2025-09-23 05:50:00,2025-09-23,2025-09-23 00:00,0.3613,3509.0644,5.1961,583.9780499999999,1463.4519017001771,1463.4519017001771,382.0514221733841,0.0,0.0,497.4224295267931,10456.153720043954,10800.0,528.745172084274,0.0,0.0,528.745172084274
F43,2025-09-23 05:50:00,2025-09-23 06:00:00,2025-09-23,2025-09-23 00:00,0.6152,4001.4806,0.0,666.9134333333333,695.5943682452631,695.5943682452631,0.0,0.0,0.0,28.680934911929853,10800.0,10800.0,427.92965534448587,0.0,0.0,427.92965534448587
F43,2025-09-23 06:00:00,2025-09-23 06:10:00,2025-09-23,2025-09-23 06:00,1.0325,4743.74,0.0,790.6233333333332,0.0,0.0,0.0,790.6233333333332,0.0,0.0,10800.0,9921.52962962963,0.0,0.0,0.0,0.0
F43,2025-09-23 06:10:00,2025-09-23 06:20:00,2025-09-23,2025-09-23 06:00,1.0391,4911.4158,148.7833,793.7720833333333,0.0,0.0,0.0,793.7720833333333,0.0,0.0,9921.52962962963,9039.560648148148,0.0,0.0,0.0,0.0
F43,2025-09-23 06:20:00,2025-09-23 06:30:00,2025-09-23,2025-09-23 06:00,0.9449,4831.9735,376.0146,742.6598166666665,0.0,0.0,0.0,742.6598166666665,0.0,0.0,9039.560648148148,8214.383074074074,0.0,0.0,0.0,0.0
F43,2025-09-23 06:30:00,2025-09-23 06:40:00,2025-09-23,2025-09-23 06:00,0.9432,4792.2,649.3875,690.46875,0.0,0.0,0.0,690.46875,0.0,0.0,8214.383074074074,7447.195574074074,0.0,0.0,0.0,0.0
F43,2025-09-23 06:40:00,2025-09-23 06:50:00,2025-09-23,2025-09-23 06:00,0.9146,4757.3085,973.8044,630.5840166666667,0.0,0.0,0.0,630.5840166666667,0.0,0.0,7447.195574074074,6746.546666666667,0.0,0.0,0.0,0.0
F43,2025-09-23 06:50:00,2025-09-23 07:00:00,2025-09-23,2025-09-23 06:00,0.8673,4755.1526,1245.8597,584.88215,0.0,0.0,0.0,584.88215,0.0,0.0,6746.546666666667,6096.677611111111,0.0,0.0,0.0,0.0
F43,2025-09-23 07:00:00,2025-09-23 07:10:00,2025-09-23,2025-09-23 06:00,0.8271,4789.05,1511.775,546.2125,176.96582675510143,0.0,0.0,546.2125,0.0,0.0,6096.677611111111,5489.774833333334,0.0,73.1842176545722,0.0,73.1842176545722
F43,2025-09-23 07:10:00,2025-09-23 07:20:00,2025-09-23,2025-09-23 06:00,0.8061,4816.282,1907.945,484.72283333333337,495.3990282255848,0.0,0.0,484.72283333333337,0.0,0.0,5489.774833333334,4951.193907407408,0.0,199.67057832632196,0.0,199.67057832632196
F43,2025-09-23 07:20:00,2025-09-23 07:30:00,2025-09-23,2025-09-23 06:00,0.8269,4786.2179,2234.3678,425.3083499999999,478.3305133741719,251.33498616155785,0.0,173.97336383844205,0.0,0.0,4951.193907407408,4757.8901698091395,207.82890005699218,93.85130072605529,0.0,301.68020078304744
F43,2025-09-23 07:30:00,2025-09-23 07:40:00,2025-09-23,2025-09-23 06:00,0.8096,4660.51,2492.5875,361.3204166666667,419.5883736399526,394.45127236420166,33.13085569753497,0.0,0.0,0.0,4757.8901698091395,4787.707939936921,319.3477501060577,10.175498596423973,0.0,329.5232487024816
F43,2025-09-23 07:40:00,2025-09-23 07:50:00,2025-09-23,2025-09-23 06:00,0.6878,4606.8822,2894.0726,285.46826666666664,302.7200606001585,281.421215469182,0.0,4.04705119748462,0.0,0.0,4787.707939936921,4783.21121638416,193.56151199970338,7.324672840542809,0.0,200.8861848402462
F43,2025-09-23 07:50:00,2025-09-23 08:00:00,2025-09-23,2025-09-23 06:00,0.8469,5489.8417,3343.4604,357.73021666666665,0.0,0.0,0.0,357.73021666666665,0.0,0.0,4783.21121638416,4385.733197865642,0.0,0.0,0.0,0.0
F43,2025-09-23 08:00:00,2025-09-23 08:10:00,2025-09-23,2025-09-23 06:00,1.1849,6701.06,3753.1125,491.32458333333335,0.0,0.0,0.0,491.32458333333335,0.0,0.0,4385.733197865642,3839.8169941619385,0.0,0.0,0.0,0.0
F43,2025-09-23 08:10:00,2025-09-23 08:20:00,2025-09-23,2025-09-23 06:00,1.1921,6664.9869,4119.6249,424.227,0.0,0.0,0.0,424.227,0.0,0.0,3839.8169941619385,3368.4536608286053,0.0,0.0,0.0,0.0
F43,2025-09-23 08:20:00,2025-09-23 08:30:00,2025-09-23,2025-09-23 06:00,1.1184,6469.7028,4427.9049,340.29964999999993,0.0,0.0,0.0,340.29964999999993,0.0,0.0,3368.4536608286053,2990.342938606383,0.0,0.0,0.0,0.0
F43,2025-09-23 08:30:00,2025-09-23 08:40:00,2025-09-23,2025-09-23 06:00,1.1227,6635.97,4698.6375,322.8887500000001,0.0,0.0,0.0,322.8887500000001,0.0,0.0,2990.342938606383,2631.577660828605,0.0,0.0,0.0,0.0
F43,2025-09-23 08:40:00,2025-09-23 08:50:00,2025-09-23,2025-09-23 06:00,1.0962,6600.0815,4997.093,267.16475,0.0,0.0,0.0,267.16475,0.0,0.0,2631.577660828605,2334.727938606383,0.0,0.0,0.0,0.0
F43,2025-09-23 08:50:00,2025-09-23 09:00:00,2025-09-23,2025-09-23 06:00,1.0174,6462.4233,5400.3214,177.01698333333343,0.0,0.0,0.0,177.01698333333343,0.0,0.0,2334.727938606383,2138.0424015693457,0.0,0.0,0.0,0.0
F43,2025-09-23 09:00:00,2025-09-23 09:10:00,2025-09-23,2025-09-23 06:00,0.9516,6427.57,5807.85,103.28666666666655,0.0,0.0,0.0,103.28666666666655,0.0,0.0,2138.0424015693457,2023.2794386063829,0.0,0.0,0.0,0.0
F43,2025-09-23 09:10:00,2025-09-23 09:20:00,2025-09-23,2025-09-23 06:00,0.9817,6551.7343,6020.5511,88.5305333333334,0.0,0.0,0.0,88.5305333333334,0.0,0.0,2023.2794386063829,1924.9121793471236,0.0,0.0,0.0,0.0
F43,2025-09-23 09:20:00,2025-09-23 09:30:00,2025-09-23,2025-09-23 06:00,1.0171,6611.8297,6159.4673,75.39373333333333,0.0,0.0,0.0,75.39373333333333,0.0,0.0,1924.9121793471236,1841.1413645323087,0.0,0.0,0.0,0.0
F43,2025-09-23 09:30:00,2025-09-23 09:40:00,2025-09-23,2025-09-23 06:00,1.0072,6584.42,6306.2625,46.359583333333376,0.0,0.0,0.0,46.359583333333376,0.0,0.0,1841.1413645323087,1789.6307163841605,0.0,0.0,0.0,0.0
F43,2025-09-23 09:40:00,2025-09-23 09:50:00,2025-09-23,2025-09-23 06:00,0.9839,6627.8893,6423.4053,34.08066666666657,0.0,0.0,0.0,34.08066666666657,0.0,0.0,1789.6307163841605,1751.7633089767533,0.0,0.0,0.0,0.0
F43,2025-09-23 09:50:00,2025-09-23 10:00:00,2025-09-23,2025-09-23 06:00,0.9725,6567.1756,6483.305,13.978433333333214,0.0,0.0,0.0,13.978433333333214,0.0,0.0,1751.7633089767533,1736.2317163841608,0.0,0.0,0.0,0.0
F43,2025-09-23 10:00:00,2025-09-23 10:10:00,2025-09-23,2025-09-23 06:00,0.9784,6455.96,6487.7625,-5.30041666666663,0.0,0.0,5.30041666666663,0.0,0.0,0.0,1736.2317163841608,1741.0020913841608,0.0,0.0,0.0,0.0
F43,2025-09-23 10:10:00,2025-09-23 10:20:00,2025-09-23,2025-09-23 06:00,0.9839,6527.0912,6506.7574,3.388966666666571,0.0,0.0,0.0,3.388966666666571,0.0,0.0,1741.0020913841608,1737.2365728656425,0.0,0.0,0.0,0.0
F43,2025-09-23 10:20:00,2025-09-23 10:30:00,2025-09-23,2025-09-23 06:00,0.9513,6488.4499,6763.9313,-45.91356666666676,0.0,0.0,45.91356666666676,0.0,0.0,0.0,1737.2365728656425,1778.5587828656426,0.0,0.0,0.0,0.0
F43,2025-09-23 10:30:00,2025-09-23 10:40:00,2025-09-23,2025-09-23 06:00,0.9073,6336.11,7139.7,-133.93166666666667,0.0,0.0,133.93166666666667,0.0,0.0,0.0,1778.5587828656426,1899.0972828656427,0.0,0.0,0.0,0.0
F43,2025-09-23 10:40:00,2025-09-23 10:50:00,2025-09-23,2025-09-23 06:00,0.8981,6376.9432,7257.6775,-146.78905,0.0,0.0,146.78905,0.0,0.0,0.0,1899.0972828656427,2031.2074278656428,0.0,0.0,0.0,0.0
F43,2025-09-23 10:50:00,2025-09-23 11:00:00,2025-09-23,2025-09-23 06:00,0.7781,6473.6947,7240.5731,-127.8130666666666,0.0,0.0,127.8130666666666,0.0,0.0,0.0,2031.2074278656428,2146.2391878656426,0.0,0.0,0.0,0.0
F43,2025-09-23 11:00:00,2025-09-23 11:10:00,2025-09-23,2025-09-23 06:00,0.5639,6470.56,7359.675,-148.18583333333328,787.9484282203136,348.1901333049052,496.3759666382385,0.0,0.0,0.0,2146.2391878656426,2592.977557840057,196.34441617063604,123.9898512513994,0.0,320.33426742203545
F43,2025-09-23 11:10:00,2025-09-23 11:20:00,2025-09-23,2025-09-23 06:00,0.4409,6357.1346,7784.7849,-237.94171666666654,766.9602668970831,653.2911057223264,833.3333333333334,0.0,0.0,57.8994890556595,2592.977557840057,3342.977557840057,288.0360485129737,25.058366580975118,0.0,313.09441509394884
F43,2025-09-23 11:20:00,2025-09-23 11:30:00,2025-09-23,2025-09-23 06:00,0.4252,6310.6975,8209.6886,-316.49851666666655,703.4639826084374,629.6265720671652,833.3333333333334,0.0,0.0,112.79175540049835,3342.977557840057,4092.977557840057,267.71721844295865,15.697833481074476,0.0,283.41505192403315
F43,2025-09-23 11:30:00,2025-09-23 11:40:00,2025-09-23,2025-09-23 06:00,0.4696,6431.52,8399.7375,-328.03624999999977,650.589834544404,598.3079345444033,833.3333333333334,0.0,0.0,93.01085121106973,4092.977557840057,4842.977557840057,280.96540606205184,12.27579012000015,0.0,293.24119618205197
F43,2025-09-23 11:40:00,2025-09-23 11:50:00,2025-09-23,2025-09-23 06:00,0.5048,6604.0357,8379.679,-295.9405499999999,625.58821892079,562.3325323694374,833.3333333333334,0.0,0.0,24.93974903610399,4842.977557840057,5592.977557840057,283.86546234009205,15.965735285561395,0.0,299.83119762565343
F43,2025-09-23 11:50:00,2025-09-23 12:00:00,2025-09-23,2025-09-23 06:00,0.4546,6371.5522,8435.4109,-343.9764500000001,521.8900076537349,470.88773267530667,814.8641826753068,0.0,0.0,0.0,5592.977557840057,6326.355322247833,214.0655632741944,11.592817102596731,0.0,225.65838037679114
F43,2025-09-23 12:00:00,2025-09-23 12:10:00,2025-09-23,2025-09-23 12:00,0.3613,5893.69,8613.5625,-453.31208333333336,473.65617383807626,91.46640863594018,544.7784919692735,0.0,0.0,0.0,6326.355322247833,6816.655965020179,33.04681344016519,69.04258108376588,0.0,102.08939452393108
F43,2025-09-23 12:10:00,2025-09-23 12:20:00,2025-09-23,2025-09-23 12:00,0.3481,5815.5593,8690.3915,-479.1387,467.680114673983,397.9575996290788,833.3333333333334,0.0,0.0,43.7629662957454,6816.655965020179,7566.655965020179,138.52904043088233,12.135203743565574,0.0,150.6642441744479
F43,2025-09-23 12:20:00,2025-09-23 12:30:00,2025-09-23,2025-09-23 12:00,0.3859,5929.8452,8581.2694,-441.90403333333325,511.71233865590807,0.0,441.90403333333325,0.0,0.0,0.0,7566.655965020179,7964.369595020179,0.0,98.73489574365746,0.0,98.73489574365746
F43,2025-09-23 12:30:00,2025-09-23 12:40:00,2025-09-23,2025-09-23 12:00,0.387,5958.43,8484.4875,-421.0095833333331,563.9975979771621,0.0,421.0095833333331,0.0,0.0,0.0,7964.369595020179,8343.278220020178,0.0,109.13353520858087,0.0,109.13353520858087
F43,2025-09-23 12:40:00,2025-09-23 12:50:00,2025-09-23,2025-09-23 12:00,0.3271,5882.5546,8645.3297,-460.4625166666666,590.2793666787925,462.9821744691958,833.3333333333334,0.0,0.0,90.11135780252903,8343.278220020178,9093.278220020178,151.44146926887396,20.819455785879537,0.0,172.2609250547535
F43,2025-09-23 12:50:00,2025-09-23 13:00:00,2025-09-23,2025-09-23 12:00,0.4936,6091.5912,8546.664,-409.17880000000014,652.1156932951703,0.0,409.17880000000014,0.0,0.0,0.0,9093.278220020178,9461.539140020179,0.0,160.94215310524802,0.0,160.94215310524802
F43,2025-09-23 13:00:00,2025-09-23 13:10:00,2025-09-23,2025-09-23 12:00,0.8213,6408.53,8135.1375,-287.7679166666667,0.0,0.0,287.7679166666667,0.0,0.0,0.0,9461.539140020179,9720.53026502018,0.0,0.0,0.0,0.0
F43,2025-09-23 13:10:00,2025-09-23 13:20:00,2025-09-23,2025-09-23 12:00,0.9285,6253.4833,7884.9488,-271.9109166666667,0.0,0.0,271.9109166666667,0.0,0.0,0.0,9720.53026502018,9965.25009002018,0.0,0.0,0.0,0.0
F43,2025-09-23 13:20:00,2025-09-23 13:30:00,2025-09-23,2025-09-23 12:00,0.8854,6080.4251,7754.0988,-278.9456166666665,0.0,0.0,278.9456166666665,0.0,0.0,0.0,9965.25009002018,10216.30114502018,0.0,0.0,0.0,0.0
F43,2025-09-23 13:30:00,2025-09-23 13:40:00,2025-09-23,2025-09-23 12:00,0.8377,6115.63,7607.2875,-248.60958333333338,0.0,0.0,248.60958333333338,0.0,0.0,0.0,10216.30114502018,10440.04977002018,0.0,0.0,0.0,0.0
F43,2025-09-23 13:40:00,2025-09-23 13:50:00,2025-09-23,2025-09-23 12:00,0.8574,6161.9414,7394.5585,-205.4361833333334,0.0,0.0,205.4361833333334,0.0,0.0,0.0,10440.04977002018,10624.94233502018,0.0,0.0,0.0,0.0
F43,2025-09-23 13:50:00,2025-09-23 14:00:00,2025-09-23,2025-09-23 12:00,0.8948,6291.8498,7228.1769,-156.05451666666673,0.0,0.0,156.05451666666673,0.0,0.0,0.0,10624.94233502018,10765.39140002018,0.0,0.0,0.0,0.0
F43,2025-09-23 14:00:00,2025-09-23 14:10:00,2025-09-23,2025-09-23 12:00,0.9188,6409.53,7094.9625,-114.23874999999998,0.0,0.0,38.453999977577446,0.0,0.0,75.78475002242254,10765.39140002018,10800.0,0.0,0.0,0.0,0.0
F43,2025-09-23 14:10:00,2025-09-23 14:20:00,2025-09-23,2025-09-23 12:00,0.9422,6298.6605,6838.0168,-89.89271666666673,0.0,0.0,0.0,0.0,0.0,89.89271666666673,10800.0,10800.0,0.0,0.0,0.0,0.0
F43,2025-09-23 14:20:00,2025-09-23 14:30:00,2025-09-23,2025-09-23 12:00,0.9638,6212.8259,6393.4647,-30.10646666666677,0.0,0.0,0.0,0.0,0.0,30.10646666666677,10800.0,10800.0,0.0,0.0,0.0,0.0
F43,2025-09-23 14:30:00,2025-09-23 14:40:00,2025-09-23,2025-09-23 12:00,1.0143,6236.6,5854.05,63.75833333333336,0.0,0.0,0.0,63.75833333333336,0.0,0.0,10800.0,10729.157407407407,0.0,0.0,0.0,0.0
F43,2025-09-23 14:40:00,2025-09-23 14:50:00,2025-09-23,2025-09-23 12:00,1.099,6217.1274,5393.4146,137.2854666666667,0.0,0.0,0.0,137.2854666666667,0.0,0.0,10729.157407407407,10576.617999999999,0.0,0.0,0.0,0.0
F43,2025-09-23 14:50:00,2025-09-23 15:00:00,2025-09-23,2025-09-23 12:00,0.9913,6206.2876,4990.8009,202.58111666666656,0.0,0.0,0.0,202.58111666666656,0.0,0.0,10576.617999999999,10351.52787037037,0.0,0.0,0.0,0.0
F43,2025-09-23 15:00:00,2025-09-23 15:10:00,2025-09-23,2025-09-23 12:00,0.7708,6262.68,4761.6375,250.17375000000007,794.8200614402865,248.98756194388065,0.0,1.1861880561194198,0.0,0.0,10351.52787037037,10350.209883641348,191.9196127463432,210.36384530591482,0.0,402.283458052258
F43,2025-09-23 15:10:00,2025-09-23 15:20:00,2025-09-23,2025-09-23 12:00,0.7575,6377.3851,4842.082,255.88385,1202.8533591775977,738.5199562015829,482.6361062015829,0.0,0.0,0.0,10350.209883641348,10784.582379222773,559.428866822699,175.86627637716558,0.0,735.2951431998646
F43,2025-09-23 15:20:00,2025-09-23 15:30:00,2025-09-23,2025-09-23 12:00,0.7846,6461.0017,4734.2965,287.7841999999999,425.82478879093446,346.16620028709303,17.130689752474506,0.0,0.0,41.25131053461864,10784.582379222773,10800.0,271.6020007452532,31.250064270056992,0.0,302.8520650153102
F43,2025-09-23 15:30:00,2025-09-23 15:40:00,2025-09-23,2025-09-23 12:00,0.7548,6382.45,4417.2375,327.5354166666666,472.31103267810914,418.32197846528857,0.0,0.0,0.0,90.78656179862196,10800.0,10800.0,315.7494293455998,20.375469059918487,0.0,336.1248984055183
F43,2025-09-23 15:40:00,2025-09-23 15:50:00,2025-09-23,2025-09-23 12:00,0.7536,6120.1976,4306.354,302.3072666666667,479.8480000425178,428.9965389393441,0.0,0.0,0.0,126.68927227267739,10800.0,10800.0,323.2917917446897,19.160830543675864,0.0,342.45262228836555
F43,2025-09-23 15:50:00,2025-09-23 16:00:00,2025-09-23,2025-09-23 12:00,0.8148,6153.6297,4035.9346,352.9491833333334,495.3085749913918,417.04567922218416,0.0,0.0,0.0,64.09649588885077,10800.0,10800.0,339.80881943023564,31.884303736375198,0.0,371.69312316661086
F43,2025-09-23 16:00:00,2025-09-23 16:10:00,2025-09-23,2025-09-23 12:00,0.8978,6505.17,3543.675,493.5825,532.1106614047902,456.2731977571881,0.0,37.309302242811896,0.0,0.0,10800.0,10758.54521973021,409.6420769464035,34.0434374314086,0.0,443.6855143778121
F43,2025-09-23 16:10:00,2025-09-23 16:20:00,2025-09-23,2025-09-23 12:00,0.9325,6704.9712,3168.3753,589.43265,617.2569608612325,548.6850427906556,0.0,40.747607209344324,0.0,0.0,10758.54521973021,10713.270100608715,511.6488024022864,31.97165680040647,0.0,543.6204592026928
F43,2025-09-23 16:20:00,2025-09-23 16:30:00,2025-09-23,2025-09-23 12:00,0.9637,6651.3841,2836.5022,635.81365,680.9068115505855,634.6718703973432,0.0,1.1417796026568112,0.0,0.0,10713.270100608715,10712.001456605763,611.6332815019197,22.278306394689796,0.0,633.9115878966095
F43,2025-09-23 16:30:00,2025-09-23 16:40:00,2025-09-23,2025-09-23 12:00,0.9927,6512.95,2503.5375,668.2354166666667,693.1091707005719,670.909070102725,2.6736534360583164,0.0,0.0,0.0,10712.001456605763,10714.407744698216,666.0114338909751,11.019019931741322,0.0,677.0304538227165
F43,2025-09-23 16:40:00,2025-09-23 16:50:00,2025-09-23,2025-09-23 12:00,0.9735,6516.7553,2218.6701,716.3475333333332,745.8789130480031,737.0146984551419,20.667165121808694,0.0,0.0,0.0,10714.407744698216,10733.008193307844,717.4838089460807,4.314656453075204,0.0,721.7984653991559
F43,2025-09-23 16:50:00,2025-09-23 17:00:00,2025-09-23,2025-09-23 12:00,0.9613,6452.5286,1863.5925,764.8226833333333,823.761572761817,794.9415944835471,30.118911150213762,0.0,0.0,0.0,10733.008193307844,10760.115213343037,764.1773547770339,13.852322559450428,0.0,778.0296773364843
F43,2025-09-23 17:00:00,2025-09-23 17:10:00,2025-09-23,2025-09-23 12:00,1.0104,6349.71,1465.3875,814.05375,885.600997818332,881.9835453147047,44.316429618847906,0.0,0.0,23.613365695856714,10760.115213343037,10800.0,891.1561741859775,1.8275370048325146,0.0,892.98371119081
F43,2025-09-23 17:10:00,2025-09-23 17:20:00,2025-09-23,2025-09-23 12:00,1.1132,6441.2731,1178.7512,877.0869833333334,903.6562026534708,903.6562026534708,0.0,0.0,0.0,26.56921932013745,10800.0,10800.0,1005.9500847938436,0.0,0.0,1005.9500847938436
F43,2025-09-23 17:20:00,2025-09-23 17:30:00,2025-09-23,2025-09-23 12:00,1.1301,6397.9351,917.9154,913.3366166666666,938.0960144149792,930.82085855925,0.0,0.0,0.0,17.48424189258344,10800.0,10800.0,1051.9206522578086,4.110826816279767,0.0,1056.0314790740883
F43,2025-09-23 17:30:00,2025-09-23 17:40:00,2025-09-23,2025-09-23 12:00,1.0787,6368.49,630.1875,956.38375,980.5232310440156,978.3200683448032,0.0,0.0,0.0,21.936318344803226,10800.0,10800.0,1055.3138577235393,1.1882758018201998,0.0,1056.5021335253596
F43,2025-09-23 17:40:00,2025-09-23 17:50:00,2025-09-23,2025-09-23 12:00,1.1143,6667.634,356.458,1051.8626666666667,1050.7685292212268,1046.3351097017337,0.0,5.5275569649329555,0.0,0.0,10800.0,10793.858270038963,1165.931212740642,2.470079685285581,0.0,1168.4012924259275
F43,2025-09-23 17:50:00,2025-09-23 18:00:00,2025-09-23,2025-09-23 12:00,1.1899,5886.4358,131.4439,959.1653166666666,960.1770051556232,958.666123079799,0.0,0.49919358686759097,0.0,0.0,10793.858270038963,10793.303610498,1140.7168198526529,0.8988992910115818,0.0,1141.6157191436644
F43,2025-09-23 18:00:00,2025-09-23 18:10:00,2025-09-23,2025-09-23 18:00,1.26,4515.87,0.0,752.645,789.1841083830028,791.0668562753037,7.440432779999861,0.0,0.0,30.981423495303893,10793.303610498,10800.0,996.7442389068827,1.1861311721495837,0.0,997.9303700790323
F43,2025-09-23 18:10:00,2025-09-23 18:20:00,2025-09-23,2025-09-23 18:00,1.3273,4585.9791,0.0,764.3298499999999,781.337893053407,781.337893053407,0.0,0.0,0.0,17.008043053407164,10800.0,10800.0,1037.069785449787,0.0,0.0,1037.069785449787
F43,2025-09-23 18:20:00,2025-09-23 18:30:00,2025-09-23,2025-09-23 18:00,1.3739,4985.787,4.4234,830.2272666666668,827.3181245593848,830.7894537260515,0.0,0.0,0.0,0.5621870593847689,10800.0,10800.0,1141.4216304742222,2.3846295710416836,0.0,1143.8062600452638
F43,2025-09-23 18:30:00,2025-09-23 18:40:00,2025-09-23,2025-09-23 18:00,1.3863,5006.5,0.0,834.4166666666666,830.8590429757613,831.8502010650427,0.0,2.566465601623918,0.0,0.0,10800.0,10797.14837155375,1153.1939337364688,0.6870212295853917,0.0,1153.880954966054
F43,2025-09-23 18:40:00,2025-09-23 18:50:00,2025-09-23,2025-09-23 18:00,1.3617,5016.9579,0.0,836.15965,828.2227297321689,828.2227297321689,0.0,7.936920267831169,0.0,0.0,10797.14837155375,10788.329571256161,1127.7908910762942,0.0,0.0,1127.7908910762942
F43,2025-09-23 18:50:00,2025-09-23 19:00:00,2025-09-23,2025-09-23 18:00,1.2989,4862.5058,0.3176,810.3646999999999,810.987431966696,811.0535083555849,0.6888083555850244,0.0,0.0,0.0,10788.329571256161,10788.949498776188,1053.477402003069,0.04291331076386985,0.0,1053.520315313833
F43,2025-09-23 19:00:00,2025-09-23 19:10:00,2025-09-23,2025-09-23 18:00,1.242,4664.56,0.0,777.4266666666667,0.0,0.0,0.0,777.4266666666667,0.0,0.0,10788.949498776188,9925.14209136878,0.0,0.0,0.0,0.0
F43,2025-09-23 19:10:00,2025-09-23 19:20:00,2025-09-23,2025-09-23 18:00,1.2579,4794.5933,0.0,799.0988833333333,0.0,0.0,0.0,799.0988833333333,0.0,0.0,9925.14209136878,9037.254443220632,0.0,0.0,0.0,0.0
F43,2025-09-23 19:20:00,2025-09-23 19:30:00,2025-09-23,2025-09-23 18:00,1.3209,4953.598,0.0228,825.5958666666667,0.0,0.0,0.0,825.5958666666667,0.0,0.0,9037.254443220632,8119.925702479892,0.0,0.0,0.0,0.0
F43,2025-09-23 19:30:00,2025-09-23 19:40:00,2025-09-23,2025-09-23 18:00,1.3658,4906.9,0.0,817.8166666666666,0.0,0.0,0.0,817.8166666666666,0.0,0.0,8119.925702479892,7211.2405172947065,0.0,0.0,0.0,0.0
F43,2025-09-23 19:40:00,2025-09-23 19:50:00,2025-09-23,2025-09-23 18:00,1.3425,4721.0181,0.0,786.83635,0.0,0.0,0.0,786.83635,0.0,0.0,7211.2405172947065,6336.977906183595,0.0,0.0,0.0,0.0
F43,2025-09-23 19:50:00,2025-09-23 20:00:00,2025-09-23,2025-09-23 18:00,1.3213,4705.315,0.0016,784.2189,5.516218140610931,5.516218140610931,0.0,778.702681859389,0.0,0.0,6336.977906183595,5471.752704117607,7.288579029189223,0.0,0.0,7.288579029189223
F43,2025-09-23 20:00:00,2025-09-23 20:10:00,2025-09-23,2025-09-23 18:00,1.3115,4871.47,0.0,811.9116666666666,0.0,0.0,0.0,811.9116666666666,0.0,0.0,5471.752704117607,4569.628630043533,0.0,0.0,0.0,0.0
F43,2025-09-23 20:10:00,2025-09-23 20:20:00,2025-09-23,2025-09-23 18:00,1.2687,4963.0687,0.0,827.1781166666666,0.0,0.0,0.0,827.1781166666666,0.0,0.0,4569.628630043533,3650.541833747237,0.0,0.0,0.0,0.0
F43,2025-09-23 20:20:00,2025-09-23 20:30:00,2025-09-23,2025-09-23 18:00,1.2951,5061.4062,0.0,843.5677000000001,358.72501557204964,360.4026312955911,0.0,483.16506870440895,0.0,0.0,3650.541833747237,3113.691757409005,466.75744779092,1.0863400617792751,0.0,467.8437878526993
F43,2025-09-23 20:30:00,2025-09-23 20:40:00,2025-09-23,2025-09-23 18:00,1.3829,5038.25,0.0,839.7083333333333,0.0,0.0,0.0,833.3333333333334,6.374999999999886,0.0,3113.691757409005,2187.7658314830787,0.0,0.0,44.07993749999922,44.07993749999922
F43,2025-09-23 20:40:00,2025-09-23 20:50:00,2025-09-23,2025-09-23 18:00,1.3866,4709.3717,0.0,784.8952833333333,0.0,0.0,0.0,784.8952833333333,0.0,0.0,2187.7658314830787,1315.6599611127085,0.0,0.0,0.0,0.0
F43,2025-09-23 20:50:00,2025-09-23 21:00:00,2025-09-23,2025-09-23 18:00,1.2125,4809.9708,0.0,801.6618,833.1251272400699,833.1251272400699,31.46332724006993,0.0,0.0,0.0,1315.6599611127085,1343.9769556287715,1010.1642167785847,0.0,0.0,1010.1642167785847
F43,2025-09-23 21:00:00,2025-09-23 21:10:00,2025-09-23,2025-09-23 18:00,0.9884,5215.3,0.0,869.2166666666667,802.3688670765266,802.3688670765266,0.0,66.84779959014008,0.0,0.0,1343.9769556287715,1269.7016227508382,793.0613882184389,0.0,0.0,793.0613882184389
F43,2025-09-23 21:10:00,2025-09-23 21:20:00,2025-09-23,2025-09-23 18:00,0.9549,5055.1463,0.0,842.5243833333334,848.9282971520686,848.9282971520686,6.403913818735191,0.0,0.0,0.0,1269.7016227508382,1275.4651451876998,810.6416309505103,0.0,0.0,810.6416309505103
F43,2025-09-23 21:20:00,2025-09-23 21:30:00,2025-09-23,2025-09-23 18:00,0.9828,4827.5711,0.0,804.5951833333334,845.5140337713267,845.5140337713267,40.91885043799334,0.0,0.0,0.0,1275.4651451876998,1312.292110581894,830.9711923904599,0.0,0.0,830.9711923904599
F43,2025-09-23 21:30:00,2025-09-23 21:40:00,2025-09-23,2025-09-23 18:00,1.0059,4880.29,0.0,813.3816666666667,790.993307947036,790.993307947036,0.0,22.388358719630673,0.0,0.0,1312.292110581894,1287.416156448971,795.6601684639235,0.0,0.0,795.6601684639235
F43,2025-09-23 21:40:00,2025-09-23 21:50:00,2025-09-23,2025-09-23 18:00,1.0449,4979.2148,0.0,829.8691333333333,835.7106333134635,835.7106333134635,5.841499980130266,0.0,0.0,0.0,1287.416156448971,1292.673506431088,873.234040749238,0.0,0.0,873.234040749238
F43,2025-09-23 21:50:00,2025-09-23 22:00:00,2025-09-23,2025-09-23 18:00,0.8538,4609.119,0.0,768.1864999999999,784.485772086035,784.485772086035,16.299272086035103,0.0,0.0,0.0,1292.673506431088,1307.3428513085196,669.7939522070567,0.0,0.0,669.7939522070567
F43,2025-09-23 22:00:00,2025-09-23 22:10:00,2025-09-23,2025-09-23 18:00,0.5154,3835.46,0.0,639.2433333333333,643.8320529703786,643.8320529703786,4.588719637045301,0.0,0.0,0.0,1307.3428513085196,1311.4726989818603,331.83104010093314,0.0,0.0,331.83104010093314
F43,2025-09-23 22:10:00,2025-09-23 22:20:00,2025-09-23,2025-09-23 18:00,0.3997,3320.6494,0.0,553.4415666666666,592.5396893937267,592.5396893937267,39.09812272706006,0.0,0.0,0.0,1311.4726989818603,1346.6610094362143,236.83811385067256,0.0,0.0,236.83811385067256
F43,2025-09-23 22:20:00,2025-09-23 22:30:00,2025-09-23,2025-09-23 18:00,0.4421,3496.0714,0.0,582.6785666666666,596.6353431420166,596.6353431420166,13.956776475350011,0.0,0.0,0.0,1346.6610094362143,1359.2221082640292,263.7724852030855,0.0,0.0,263.7724852030855
F43,2025-09-23 22:30:00,2025-09-23 22:40:00,2025-09-23,2025-09-23 18:00,0.4839,3883.24,0.0,647.2066666666666,604.5811850618368,604.5811850618368,0.0,42.625481604829815,0.0,0.0,1359.2221082640292,1311.8604620364406,292.55683545142284,0.0,0.0,292.55683545142284
F43,2025-09-23 22:40:00,2025-09-23 22:50:00,2025-09-23,2025-09-23 18:00,0.4396,3580.1991,0.0,596.69985,634.6362860362901,634.6362860362901,37.93643603629016,0.0,0.0,0.0,1311.8604620364406,1346.0032544691016,278.9861113415531,0.0,0.0,278.9861113415531
F43,2025-09-23 22:50:00,2025-09-23 23:00:00,2025-09-23,2025-09-23 18:00,0.4292,3332.1137,0.0,555.3522833333333,642.5910831918028,642.5910831918028,87.23879985846952,0.0,0.0,0.0,1346.0032544691016,1424.5181743417243,275.80009290592176,0.0,0.0,275.80009290592176
F43,2025-09-23 23:00:00,2025-09-23 23:10:00,2025-09-23,2025-09-23 18:00,0.4608,3416.1,0.0,569.3499999999999,636.9639972957596,636.9639972957596,67.61399729575965,0.0,0.0,0.0,1424.5181743417243,1485.370771907908,293.513009953886,0.0,0.0,293.513009953886
F43,2025-09-23 23:10:00,2025-09-23 23:20:00,2025-09-23,2025-09-23 18:00,0.4279,3387.9352,0.0,564.6558666666666,619.3496120065747,619.3496120065747,54.693745339908105,0.0,0.0,0.0,1485.370771907908,1534.5951427138252,265.0196989776133,0.0,0.0,265.0196989776133
F43,2025-09-23 23:20:00,2025-09-23 23:30:00,2025-09-23,2025-09-23 18:00,0.4124,3459.0094,0.0,576.5015666666666,618.6326289946863,618.6326289946863,42.131062328019766,0.0,0.0,0.0,1534.5951427138252,1572.513098809043,255.12409619740865,0.0,0.0,255.12409619740865
F43,2025-09-23 23:30:00,2025-09-23 23:40:00,2025-09-23,2025-09-23 18:00,0.4355,3661.95,0.0,610.3249999999999,644.8611547602715,644.8611547602715,34.53615476027153,0.0,0.0,0.0,1572.513098809043,1603.5956380932873,280.83703289809824,0.0,0.0,280.83703289809824
F43,2025-09-23 23:40:00,2025-09-23 23:50:00,2025-09-23,2025-09-23 18:00,0.4312,3702.4038,0.0,617.0672999999999,614.3820859479304,614.3820859479304,0.0,2.6852140520695684,0.0,0.0,1603.5956380932873,1600.6120669243212,264.9215554607476,0.0,0.0,264.9215554607476
F43,2025-09-23 23:50:00,2025-09-24 00:00:00,2025-09-23,2025-09-23 18:00,0.4204,3409.7885,0.0,568.2980833333334,607.8243141430024,607.8243141430024,39.52623080966907,0.0,0.0,0.0,1600.6120669243212,1636.1856746530234,255.52934166571822,0.0,0.0,255.52934166571822
F43,2025-12-21 00:00:00,2025-12-21 00:10:00,2025-12-20,2025-12-20 18:00,0.4221,3373.27,0.0,562.2116666666666,598.49695107613,598.49695107613,36.28528440946343,0.0,0.0,0.0,1926.7397536789238,1959.3965096474408,252.62556304923447,0.0,0.0,252.62556304923447
F43,2025-12-21 00:10:00,2025-12-21 00:20:00,2025-12-21,2025-12-21 00:00,0.4264,3576.1063,0.0,596.0177166666666,1443.928223631243,1443.928223631243,833.3333333333334,0.0,0.0,14.577173631243113,1959.3965096474408,2709.396509647441,615.690994556362,0.0,0.0,615.690994556362
F43,2025-12-21 00:20:00,2025-12-21 00:30:00,2025-12-21,2025-12-21 00:00,0.4293,3537.871,0.0,589.6451666666667,1425.165587287342,1425.165587287342,833.3333333333334,0.0,0.0,2.187087287342024,2709.396509647441,3459.396509647441,611.823586622456,0.0,0.0,611.823586622456
F43,2025-12-21 00:30:00,2025-12-21 00:40:00,2025-12-21,2025-12-21 00:00,0.4388,3472.1,0.0,578.6833333333333,1450.1530476754383,1450.1530476754383,833.3333333333334,0.0,0.0,38.13638100877165,3459.396509647441,4209.39650964744,636.3271573199823,0.0,0.0,636.3271573199823
F43,2025-12-21 00:40:00,2025-12-21 00:50:00,2025-12-21,2025-12-21 00:00,0.4138,3388.2602,0.0,564.7100333333333,1475.8730745074336,1475.8730745074336,833.3333333333334,0.0,0.0,77.8297078407669,4209.39650964744,4959.39650964744,610.716278231176,0.0,0.0,610.716278231176
F43,2025-12-21 00:50:00,2025-12-21 01:00:00,2025-12-21,2025-12-21 00:00,0.41,3299.4233,0.0,549.9038833333333,1482.5080563299302,1482.5080563299302,833.3333333333334,0.0,0.0,99.27083966326359,4959.39650964744,5709.39650964744,607.8283030952714,0.0,0.0,607.8283030952714
F43,2025-12-21 01:00:00,2025-12-21 01:10:00,2025-12-21,2025-12-21 00:00,0.4471,3349.26,0.0,558.21,1458.5148926830764,1458.5148926830764,833.3333333333334,0.0,0.0,66.97155934974296,5709.39650964744,6459.39650964744,652.1020085186034,0.0,0.0,652.1020085186034
F43,2025-12-21 01:10:00,2025-12-21 01:20:00,2025-12-21,2025-12-21 00:00,0.4797,3662.0911,0.0,610.3485166666667,608.4761446963456,608.4761446963456,0.0,1.872371970321069,0.0,0.0,6459.39650964744,6457.316096347084,291.886006610837,0.0,0.0,291.886006610837
F43,2025-12-21 01:20:00,2025-12-21 01:30:00,2025-12-21,2025-12-21 00:00,0.4466,3799.4157,0.0,633.23595,1446.7872275566,1446.7872275566,813.5512775566001,0.0,0.0,0.0,6457.316096347084,7189.512246148024,646.1351758267776,0.0,0.0,646.1351758267776
F43,2025-12-21 01:30:00,2025-12-21 01:40:00,2025-12-21,2025-12-21 00:00,0.3961,3736.18,0.0,622.6966666666666,1478.748649386367,1478.748649386367,833.3333333333334,0.0,0.0,22.718649386367133,7189.512246148024,7939.512246148024,585.73234002194,0.0,0.0,585.73234002194
F43,2025-12-21 01:40:00,2025-12-21 01:50:00,2025-12-21,2025-12-21 00:00,0.4368,3824.9356,0.0,637.4892666666666,626.8506540501319,626.8506540501319,0.0,10.638612616534715,0.0,0.0,7939.512246148024,7927.691565462986,273.8083656890976,0.0,0.0,273.8083656890976
F43,2025-12-21 01:50:00,2025-12-21 02:00:00,2025-12-21,2025-12-21 00:00,0.475,3734.208,0.0,622.3679999999999,629.6040771530816,629.6040771530816,7.236077153081624,0.0,0.0,0.0,7927.691565462986,7934.204034900759,299.0619366477137,0.0,0.0,299.0619366477137
F43,2025-12-21 02:00:00,2025-12-21 02:10:00,2025-12-21,2025-12-21 00:00,0.4651,3587.15,0.0,597.8583333333333,1341.980250414853,1341.980250414853,744.1219170815195,0.0,0.0,0.0,7934.204034900759,8603.913760274127,624.1550144679481,0.0,0.0,624.1550144679481
F43,2025-12-21 02:10:00,2025-12-21 02:20:00,2025-12-21,2025-12-21 00:00,0.455,3856.4774,0.0,642.7462333333333,1471.7886136703755,1471.7886136703755,829.0423803370422,0.0,0.0,0.0,8603.913760274127,9350.051902577465,669.6638192200209,0.0,0.0,669.6638192200209
F43,2025-12-21 02:20:00,2025-12-21 02:30:00,2025-12-21,2025-12-21 00:00,0.4629,3923.2147,0.0,653.8691166666666,647.2771057222499,647.2771057222499,0.0,6.5920109444167565,0.0,0.0,9350.051902577465,9342.727445972558,299.62457223882944,0.0,0.0,299.62457223882944
F43,2025-12-21 02:30:00,2025-12-21 02:40:00,2025-12-21,2025-12-21 00:00,0.4713,3730.5,0.0,621.75,672.9003917095073,672.9003917095073,51.15039170950729,0.0,0.0,0.0,9342.727445972558,9388.762798511114,317.1379546126908,0.0,0.0,317.1379546126908
F43,2025-12-21 02:40:00,2025-12-21 02:50:00,2025-12-21,2025-12-21 00:00,0.4513,3819.86,0.0,636.6433333333333,674.0927501411103,674.0927501411103,37.44941680777697,0.0,0.0,0.0,9388.762798511114,9422.467273638113,304.21805813868303,0.0,0.0,304.21805813868303
F43,2025-12-21 02:50:00,2025-12-21 03:00:00,2025-12-21,2025-12-21 00:00,0.4352,3791.4644,0.0,631.9107333333333,675.30311776702,675.30311776702,43.39238443368674,0.0,0.0,0.0,9422.467273638113,9461.52041962843,293.8919168522071,0.0,0.0,293.8919168522071
F43,2025-12-21 03:00:00,2025-12-21 03:10:00,2025-12-21,2025-12-21 00:00,0.4577,3751.73,0.0,625.2883333333333,674.0352361658336,674.0352361658336,48.74690283250027,0.0,0.0,0.0,9461.52041962843,9505.39263217768,308.505927593102,0.0,0.0,308.505927593102
F43,2025-12-21 03:10:00,2025-12-21 03:20:00,2025-12-21,2025-12-21 00:00,0.5147,4180.5461,0.0,696.7576833333333,661.6726395795973,661.6726395795973,0.0,35.08504375373593,0.0,0.0,9505.39263217768,9466.409250229084,340.5629075916188,0.0,0.0,340.5629075916188
F43,2025-12-21 03:20:00,2025-12-21 03:30:00,2025-12-21,2025-12-21 00:00,0.5083,4115.3327,0.0,685.8887833333333,676.1775639123637,676.1775639123637,0.0,9.711219420969655,0.0,0.0,9466.409250229084,9455.619006428007,343.70105573665444,0.0,0.0,343.70105573665444
F43,2025-12-21 03:30:00,2025-12-21 03:40:00,2025-12-21,2025-12-21 00:00,0.4686,3748.74,0.0,624.79,703.3660653853212,703.3660653853212,78.57606538532127,0.0,0.0,0.0,9455.619006428007,9526.337465274797,329.59733823956157,0.0,0.0,329.59733823956157
F43,2025-12-21 03:40:00,2025-12-21 03:50:00,2025-12-21,2025-12-21 00:00,0.5119,4220.4858,0.0,703.4143,666.4702616966626,666.4702616966626,0.0,36.94403830333738,0.0,0.0,9526.337465274797,9485.288533826644,341.1661269625216,0.0,0.0,341.1661269625216
F43,2025-12-21 03:50:00,2025-12-21 04:00:00,2025-12-21,2025-12-21 00:00,0.5023,4423.9257,0.0,737.3209499999999,671.7237156475577,671.7237156475577,0.0,65.59723435244223,0.0,0.0,9485.288533826644,9412.402717879486,337.40682236976824,0.0,0.0,337.40682236976824
F43,2025-12-21 04:00:00,2025-12-21 04:10:00,2025-12-21,2025-12-21 00:00,0.4324,4079.15,0.0,679.8583333333333,679.7552699573107,679.7552699573107,0.0,0.10306337602264648,0.0,0.0,9412.402717879486,9412.288203017239,293.92617872954116,0.0,0.0,293.92617872954116
F43,2025-12-21 04:10:00,2025-12-21 04:20:00,2025-12-21,2025-12-21 00:00,0.4412,4038.9424,0.0,673.1570666666667,688.0049816435317,688.0049816435317,14.847914976865013,0.0,0.0,0.0,9412.288203017239,9425.651326496418,303.54779790112616,0.0,0.0,303.54779790112616
F43,2025-12-21 04:20:00,2025-12-21 04:30:00,2025-12-21,2025-12-21 00:00,0.4805,4082.3954,0.0,680.3992333333333,703.0000111956167,703.0000111956167,22.600777862283394,0.0,0.0,0.0,9425.651326496418,9445.992026572472,337.7915053794938,0.0,0.0,337.7915053794938
F43,2025-12-21 04:30:00,2025-12-21 04:40:00,2025-12-21,2025-12-21 00:00,0.5015,4064.87,0.0,677.4783333333332,729.0240506296662,729.0240506296662,51.54571729633301,0.0,0.0,0.0,9445.992026572472,9492.383172139173,365.6055613907776,0.0,0.0,365.6055613907776
F43,2025-12-21 04:40:00,2025-12-21 04:50:00,2025-12-21,2025-12-21 00:00,0.5024,4121.8784,0.0,686.9797333333332,743.3804086635625,743.3804086635625,56.40067533022932,0.0,0.0,0.0,9492.383172139173,9543.14377993638,373.4743173125738,0.0,0.0,373.4743173125738
F43,2025-12-21 04:50:00,2025-12-21 05:00:00,2025-12-21,2025-12-21 00:00,0.4798,4083.6154,0.0,680.6025666666667,725.1281002855746,725.1281002855746,44.52553361890796,0.0,0.0,0.0,9543.14377993638,9583.216760193396,347.9164625170187,0.0,0.0,347.9164625170187
F43,2025-12-21 05:00:00,2025-12-21 05:10:00,2025-12-21,2025-12-21 00:00,0.4753,4032.31,0.0,672.0516666666666,704.5274048966742,704.5274048966742,32.47573823000755,0.0,0.0,0.0,9583.216760193396,9612.444924600402,334.8618755473892,0.0,0.0,334.8618755473892
F43,2025-12-21 05:10:00,2025-12-21 05:20:00,2025-12-21,2025-12-21 00:00,0.535,4217.9422,0.0023,702.9899833333334,698.2861717845815,698.2861717845815,0.0,4.703811548751901,0.0,0.0,9612.444924600402,9607.218467324012,373.5831019047511,0.0,0.0,373.5831019047511
F43,2025-12-21 05:20:00,2025-12-21 05:30:00,2025-12-21,2025-12-21 00:00,0.5436,4253.2484,0.0,708.8747333333333,706.2159980640185,706.2159980640185,0.0,2.658735269314775,0.0,0.0,9607.218467324012,9604.264317024774,383.89901654760047,0.0,0.0,383.89901654760047
F43,2025-12-21 05:30:00,2025-12-21 05:40:00,2025-12-21,2025-12-21 00:00,0.468,4066.58,0.0,677.7633333333333,1525.099764878427,1525.099764878427,833.3333333333334,0.0,0.0,14.003098211760403,9604.264317024774,10354.264317024774,713.7466899631039,0.0,0.0,713.7466899631039
F43,2025-12-21 05:40:00,2025-12-21 05:50:00,2025-12-21,2025-12-21 00:00,0.4338,4077.7781,0.0316,679.6244166666667,1545.8329670863795,1545.8329670863795,495.2618699724735,0.0,0.0,370.9466804472394,10354.264317024774,10800.0,670.5823411220715,0.0,0.0,670.5823411220715
F43,2025-12-21 05:50:00,2025-12-21 06:00:00,2025-12-21,2025-12-21 00:00,0.6915,4717.7146,0.0,786.2857666666666,792.7361956522558,792.7361956522558,0.0,0.0,0.0,6.450428985589156,10800.0,10800.0,548.1770792935349,0.0,0.0,548.1770792935349
F43,2025-12-21 06:00:00,2025-12-21 06:10:00,2025-12-21,2025-12-21 06:00,1.0594,5490.65,0.0,915.1083333333332,905.2406682344392,905.240668234439,0.0,9.867665098894236,0.0,0.0,10800.0,10789.035927667896,959.0119639275646,1.2043983588228e-13,0.0,959.0119639275647
F43,2025-12-21 06:10:00,2025-12-21 06:20:00,2025-12-21,2025-12-21 06:00,1.081,5439.318,0.4406,906.4795666666666,257.85771420463743,257.85771420463743,0.0,648.6218524620292,0.0,0.0,10789.035927667896,10068.344980487864,278.74418905521304,0.0,0.0,278.74418905521304
F43,2025-12-21 06:20:00,2025-12-21 06:30:00,2025-12-21,2025-12-21 06:00,1.0359,5407.8325,0.0,901.3054166666667,922.1274414303872,922.1274414303872,20.822024763720492,0.0,0.0,0.0,10068.344980487864,10087.084802775213,955.2318165777382,0.0,0.0,955.2318165777382
F43,2025-12-21 06:30:00,2025-12-21 06:40:00,2025-12-21,2025-12-21 06:00,1.0597,5587.05,0.0,931.175,911.687232212371,911.687232212371,0.0,19.487767787628968,0.0,0.0,10087.084802775213,10065.431727455625,966.1149599754497,0.0,0.0,966.1149599754497
F43,2025-12-21 06:40:00,2025-12-21 06:50:00,2025-12-21,2025-12-21 06:00,1.0176,5351.2866,6.1366,890.8583333333333,911.8794925444012,911.8794925444012,21.02115921106781,0.0,0.0,0.0,10065.431727455625,10084.350770745586,927.9285716131827,0.0,0.0,927.9285716131827
F43,2025-12-21 06:50:00,2025-12-21 07:00:00,2025-12-21,2025-12-21 06:00,1.0168,5233.249,0.0,872.2081666666666,945.83932004694,945.83932004694,73.63115338027342,0.0,0.0,0.0,10084.350770745586,10150.618808787833,961.7294206237285,0.0,0.0,961.7294206237285
F43,2025-12-21 07:00:00,2025-12-21 07:10:00,2025-12-21,2025-12-21 06:00,1.0595,5374.2,0.0,895.6999999999999,951.1221638921036,951.1221638921036,55.42216389210364,0.0,0.0,0.0,10150.618808787833,10200.498756290726,1007.7139326436838,0.0,0.0,1007.7139326436838
F43,2025-12-21 07:10:00,2025-12-21 07:20:00,2025-12-21,2025-12-21 06:00,1.0282,5360.7841,172.6829,864.6835333333333,879.2910772696239,879.2910772696239,14.60754393629054,0.0,0.0,0.0,10200.498756290726,10213.645545833388,904.0870856486273,0.0,0.0,904.0870856486273
F43,2025-12-21 07:20:00,2025-12-21 07:30:00,2025-12-21,2025-12-21 06:00,0.9987,5321.3096,420.0356,816.8789999999999,828.1961497505542,825.5071942578961,8.628194257896212,0.0,0.0,0.0,10213.645545833388,10221.410920665494,824.4340349053609,1.3427299252588343,0.0,825.7767648306198
F43,2025-12-21 07:30:00,2025-12-21 07:40:00,2025-12-21,2025-12-21 06:00,0.9724,5231.72,690.675,756.8408333333333,788.9786783029335,788.9786783029335,32.13784496960022,0.0,0.0,0.0,10221.410920665494,10250.334981138134,767.2028667817726,0.0,0.0,767.2028667817726
F43,2025-12-21 07:40:00,2025-12-21 07:50:00,2025-12-21,2025-12-21 06:00,0.9109,5065.8847,996.7377,678.1911666666665,1571.7127526834715,1563.8101979542755,610.7389098465177,0.0,0.0,274.8801214410913,10250.334981138134,10800.0,1424.4747093165497,3.5992185514123305,0.0,1428.073927867962
F43,2025-12-21 07:50:00,2025-12-21 08:00:00,2025-12-21,2025-12-21 06:00,1.0903,5889.1246,1276.7125,768.7353499999999,799.2072376525409,799.2072376525409,0.0,0.0,0.0,30.471887652541,10800.0,10800.0,871.3756512125655,0.0,0.0,871.3756512125655
F43,2025-12-21 08:00:00,2025-12-21 08:10:00,2025-12-21,2025-12-21 06:00,1.4063,7180.79,1539.8625,940.1545833333332,90.5564841292952,93.90346209307064,0.0,833.3333333333334,12.91778790692922,0.0,10800.0,9874.074074074075,132.05643874148527,2.353427555228704,90.83142566757282,225.2412919642868
F43,2025-12-21 08:10:00,2025-12-21 08:20:00,2025-12-21,2025-12-21 06:00,1.4458,7254.351,1860.1541,899.0328166666666,84.83960436418579,83.59581477816232,0.0,815.4370018885043,0.0,0.0,9874.074074074075,8968.032960864626,120.86282900626708,0.8991354917363646,0.0,121.76196449800344
F43,2025-12-21 08:20:00,2025-12-21 08:30:00,2025-12-21,2025-12-21 06:00,1.3908,7152.8955,2211.6206,823.5458166666665,52.10315281742055,22.449576470988063,0.0,801.0962401956784,0.0,0.0,8968.032960864626,8077.9260273138725,31.222870955850198,20.62109699130915,0.0,51.84396794715935
F43,2025-12-21 08:30:00,2025-12-21 08:40:00,2025-12-21,2025-12-21 06:00,1.3742,7367.01,2579.625,797.8975,0.0,0.0,0.0,797.8975,0.0,0.0,8077.9260273138725,7191.373249536095,0.0,0.0,0.0,0.0
F43,2025-12-21 08:40:00,2025-12-21 08:50:00,2025-12-21,2025-12-21 06:00,1.345,7333.1326,2953.1787,729.9923166666667,0.0,0.0,0.0,729.9923166666667,0.0,0.0,7191.373249536095,6380.27067546202,0.0,0.0,0.0,0.0
F43,2025-12-21 08:50:00,2025-12-21 09:00:00,2025-12-21,2025-12-21 06:00,1.3284,7276.0603,3195.6035,680.0761333333332,0.0,0.0,0.0,680.0761333333332,0.0,0.0,6380.27067546202,5624.630527313872,0.0,0.0,0.0,0.0
F43,2025-12-21 09:00:00,2025-12-21 09:10:00,2025-12-21,2025-12-21 06:00,1.3231,7255.65,3341.5875,652.3437499999999,0.0,0.0,0.0,652.3437499999999,0.0,0.0,5624.630527313872,4899.804138424984,0.0,0.0,0.0,0.0
F43,2025-12-21 09:10:00,2025-12-21 09:20:00,2025-12-21,2025-12-21 06:00,1.2929,7076.8086,3572.7867,584.00365,0.0,0.0,0.0,584.00365,0.0,0.0,4899.804138424984,4250.911193980539,0.0,0.0,0.0,0.0
F43,2025-12-21 09:20:00,2025-12-21 09:30:00,2025-12-21,2025-12-21 06:00,1.2522,7014.1683,3848.0561,527.6853666666667,0.0,0.0,0.0,527.6853666666667,0.0,0.0,4250.911193980539,3664.5941199064646,0.0,0.0,0.0,0.0
F43,2025-12-21 09:30:00,2025-12-21 09:40:00,2025-12-21,2025-12-21 06:00,1.2211,7150.59,4116.6,505.66499999999996,304.7328278382195,0.0,0.0,505.66499999999996,0.0,0.0,3664.5941199064646,3102.7441199064647,0.0,186.05462803662493,0.0,186.05462803662493
F43,2025-12-21 09:40:00,2025-12-21 09:50:00,2025-12-21,2025-12-21 06:00,1.2184,7259.4501,4370.6969,481.45886666666667,581.4952750756524,484.8993319388944,3.4404652722277547,0.0,0.0,0.0,3102.7441199064647,3105.8405386514696,590.801346034349,58.84624855891298,0.0,649.6475945932619
F43,2025-12-21 09:50:00,2025-12-21 10:00:00,2025-12-21,2025-12-21 06:00,1.2822,7142.682,4583.0793,426.6004499999999,496.3006824181992,384.01151185781146,0.0,42.588938142188454,0.0,0.0,3105.8405386514696,3058.5194962712603,492.3795605040859,71.98858724626457,0.0,564.3681477503504
F43,2025-12-21 10:00:00,2025-12-21 10:10:00,2025-12-21,2025-12-21 06:00,1.3753,6912.23,4750.3875,360.30708333333325,0.0,0.0,0.0,360.30708333333325,0.0,0.0,3058.5194962712603,2658.1782925675566,0.0,0.0,0.0,0.0
F43,2025-12-21 10:10:00,2025-12-21 10:20:00,2025-12-21,2025-12-21 06:00,1.4027,6873.3728,4886.2111,331.19361666666657,0.0,0.0,0.0,331.19361666666657,0.0,0.0,2658.1782925675566,2290.185385160149,0.0,0.0,0.0,0.0
F43,2025-12-21 10:20:00,2025-12-21 10:30:00,2025-12-21,2025-12-21 06:00,1.3591,6913.1885,4956.6279,326.0934333333333,496.4522324529621,0.0,0.0,326.0934333333333,0.0,0.0,2290.185385160149,1927.859348123112,0.0,337.3641145634104,0.0,337.3641145634104
F43,2025-12-21 10:30:00,2025-12-21 10:40:00,2025-12-21,2025-12-21 06:00,1.3321,6951.47,4960.7625,331.7845833333334,477.31304752383096,357.27825679201214,25.493673458678757,0.0,0.0,0.0,1927.859348123112,1950.803654235923,475.9303658726394,79.94917236692793,0.0,555.8795382395673
F43,2025-12-21 10:40:00,2025-12-21 10:50:00,2025-12-21,2025-12-21 06:00,1.3769,7040.6919,4946.2149,349.07949999999994,0.0,0.0,0.0,349.07949999999994,0.0,0.0,1950.803654235923,1562.937543124812,0.0,0.0,0.0,0.0
F43,2025-12-21 10:50:00,2025-12-21 11:00:00,2025-12-21,2025-12-21 06:00,1.1651,7195.1724,4968.8079,371.0607500000001,417.4176276235483,315.84415817910394,0.0,55.216591820896156,0.0,0.0,1562.937543124812,1501.5857744349273,367.990028694474,59.17162462486106,0.0,427.1616533193351
F43,2025-12-21 11:00:00,2025-12-21 11:10:00,2025-12-21,2025-12-21 06:00,0.8057,7266.62,4979.2125,381.2345833333334,1253.6903980386896,1173.825223418441,792.5906400851077,0.0,0.0,0.0,1501.5857744349273,2214.917350511524,945.7509825082379,32.17368559576714,0.0,977.924668104005
F43,2025-12-21 11:10:00,2025-12-21 11:20:00,2025-12-21,2025-12-21 06:00,0.7611,7080.5804,4907.9946,362.0976333333333,1174.4157928902346,1098.5681348250882,736.4705014917549,0.0,0.0,0.0,2214.917350511524,2877.7408018541037,836.1202074153747,28.863826276691437,0.0,864.9840336920661
F43,2025-12-21 11:20:00,2025-12-21 11:30:00,2025-12-21,2025-12-21 06:00,0.7807,6948.6094,5015.1025,322.25115000000005,1130.3852898965347,1020.6751803085816,698.4240303085816,0.0,0.0,0.0,2877.7408018541037,3506.322429131827,796.8411132669096,42.82534127765748,0.0,839.666454544567
F43,2025-12-21 11:30:00,2025-12-21 11:40:00,2025-12-21,2025-12-21 06:00,0.7378,6954.16,5256.3375,282.97041666666667,1129.992347410284,983.0868353286116,700.116418661945,0.0,0.0,0.0,3506.322429131827,4136.427205927577,725.3214671054496,54.193443406928964,0.0,779.5149105123786
F43,2025-12-21 11:40:00,2025-12-21 11:50:00,2025-12-21,2025-12-21 06:00,0.7527,6860.0706,5348.0182,252.00873333333325,1136.181659562429,985.0873410546768,733.0786077213436,0.0,0.0,0.0,4136.427205927577,4796.197952876786,741.4752416118553,56.86434677039258,0.0,798.3395883822478
F43,2025-12-21 11:50:00,2025-12-21 12:00:00,2025-12-21,2025-12-21 06:00,0.7117,6565.9337,5577.6892,164.70741666666663,1116.7298577535962,945.775460922476,781.0680442558094,0.0,0.0,0.0,4796.197952876786,5499.159192707015,673.1083955385261,60.83412211235413,0.0,733.9425176508803
F43,2025-12-21 12:00:00,2025-12-21 12:10:00,2025-12-21,2025-12-21 12:00,0.6418,6330.9,5890.8,73.34999999999991,1073.1018212323313,878.5880321356893,805.2380321356894,0.0,0.0,0.0,5499.159192707015,6223.873421629135,563.8777990246855,62.41947492111241,0.0,626.2972739457979
F43,2025-12-21 12:10:00,2025-12-21 12:20:00,2025-12-21,2025-12-21 12:00,0.6936,6501.863,5904.8948,99.49470000000004,1032.324765314784,856.2992605021607,756.8045605021606,0.0,0.0,0.0,6223.873421629135,6904.99752608108,593.9291670842987,61.04564506901774,0.0,654.9748121533164
F43,2025-12-21 12:20:00,2025-12-21 12:30:00,2025-12-21,2025-12-21 12:00,0.7105,6520.3344,5868.1645,108.69498333333331,1017.1080078502983,899.5825913254564,790.8876079921231,0.0,0.0,0.0,6904.99752608108,7616.796373273991,639.1534311367368,41.7509042204501,0.0,680.9043353571869
F43,2025-12-21 12:30:00,2025-12-21 12:40:00,2025-12-21,2025-12-21 12:00,0.6294,6273.31,5864.7,68.10166666666676,1019.0482164073668,940.8406662396196,833.3333333333334,0.0,0.0,39.40566623961945,7616.796373273991,8366.796373273992,592.1651153312165,24.611916037790035,0.0,616.7770313690065
F43,2025-12-21 12:40:00,2025-12-21 12:50:00,2025-12-21,2025-12-21 12:00,0.5829,6234.7567,5722.7661,85.33176666666668,957.7661846843788,922.4643739869836,833.3333333333334,0.0,0.0,3.7992739869835077,8366.796373273992,9116.796373273992,537.7044835970127,10.288712727755842,0.0,547.9931963247685
F43,2025-12-21 12:50:00,2025-12-21 13:00:00,2025-12-21,2025-12-21 12:00,0.7799,6512.763,5549.8704,160.4821,985.5415153677726,981.8592394149424,821.3771394149423,0.0,0.0,0.0,9116.796373273992,9856.03579874744,765.7520208197136,1.4359035078061348,0.0,767.1879243275198
F43,2025-12-21 13:00:00,2025-12-21 13:10:00,2025-12-21,2025-12-21 12:00,1.0833,6836.44,5390.4375,241.00041666666658,220.25076936671303,240.4605483160367,0.0,0.539868350629888,0.0,0.0,9856.03579874744,9855.435945024517,260.4909119907625,10.946626767901162,0.0,271.43753875866366
F43,2025-12-21 13:10:00,2025-12-21 13:20:00,2025-12-21,2025-12-21 12:00,1.1248,6797.3346,5211.4597,264.31248333333326,232.1642775616178,270.6489151297689,6.336431796435647,0.0,0.0,0.0,9855.435945024517,9861.13873364131,304.4258997379641,21.64376016832818,0.0,326.06965990629226
F43,2025-12-21 13:20:00,2025-12-21 13:30:00,2025-12-21,2025-12-21 12:00,1.0564,6554.3856,5202.0686,225.38616666666667,248.3091899422388,274.1443823642871,48.758215697620415,0.0,0.0,0.0,9861.13873364131,9905.021127769169,289.6061255296329,13.64614863732591,0.0,303.2522741669588
F43,2025-12-21 13:30:00,2025-12-21 13:40:00,2025-12-21,2025-12-21 12:00,1.0304,6350.08,5287.95,177.02166666666668,276.3711418972299,289.6362264677683,112.61455980110165,0.0,0.0,0.0,9905.021127769169,10006.37423159016,298.4411677523885,6.834171570741394,0.0,305.27533932312986
F43,2025-12-21 13:40:00,2025-12-21 13:50:00,2025-12-21,2025-12-21 12:00,1.0675,6333.408,5178.3498,192.50970000000007,285.621775561939,285.621775561939,93.11207556193892,0.0,0.0,0.0,10006.37423159016,10090.175099595905,304.90124541236986,0.0,0.0,304.90124541236986
F43,2025-12-21 13:50:00,2025-12-21 14:00:00,2025-12-21,2025-12-21 12:00,1.1926,6515.4464,4993.7017,253.62411666666668,292.44179565846053,292.44179565846053,38.817678991793855,0.0,0.0,0.0,10090.175099595905,10125.111010688519,348.7660855022801,0.0,0.0,348.7660855022801
F43,2025-12-21 14:00:00,2025-12-21 14:10:00,2025-12-21,2025-12-21 12:00,1.3352,6658.81,4847.5125,301.88291666666674,0.0,0.0,0.0,301.88291666666674,0.0,0.0,10125.111010688519,9789.685547725556,0.0,0.0,0.0,0.0
F43,2025-12-21 14:10:00,2025-12-21 14:20:00,2025-12-21,2025-12-21 12:00,1.3689,6474.7834,4705.4039,294.8965833333333,0.0,0.0,0.0,294.8965833333333,0.0,0.0,9789.685547725556,9462.022677355186,0.0,0.0,0.0,0.0
F43,2025-12-21 14:20:00,2025-12-21 14:30:00,2025-12-21,2025-12-21 12:00,1.3382,6311.1097,4404.8152,317.71574999999996,0.0,0.0,0.0,317.71574999999996,0.0,0.0,9462.022677355186,9109.005177355186,0.0,0.0,0.0,0.0
F43,2025-12-21 14:30:00,2025-12-21 14:40:00,2025-12-21,2025-12-21 12:00,1.3596,6293.57,3988.3875,384.1970833333333,0.0,0.0,0.0,384.1970833333333,0.0,0.0,9109.005177355186,8682.119529207037,0.0,0.0,0.0,0.0
F43,2025-12-21 14:40:00,2025-12-21 14:50:00,2025-12-21,2025-12-21 12:00,1.4656,6241.0875,3658.7815,430.38433333333325,0.0,0.0,0.0,430.38433333333325,0.0,0.0,8682.119529207037,8203.914714392222,0.0,0.0,0.0,0.0
F43,2025-12-21 14:50:00,2025-12-21 15:00:00,2025-12-21,2025-12-21 12:00,1.2648,6267.633,3321.4365,491.03274999999996,0.0,0.0,0.0,491.03274999999996,0.0,0.0,8203.914714392222,7658.3227699477775,0.0,0.0,0.0,0.0
F43,2025-12-21 15:00:00,2025-12-21 15:10:00,2025-12-21,2025-12-21 12:00,0.8874,6308.83,2957.5875,558.5404166666666,1433.2965715065768,1476.3284208153327,833.3333333333334,0.0,0.0,84.45467081533275,7658.3227699477775,8408.322769947777,1310.0938406315263,19.093231538294997,0.0,1329.1870721698212
F43,2025-12-21 15:10:00,2025-12-21 15:20:00,2025-12-21,2025-12-21 12:00,0.882,6184.3165,2665.595,586.4535833333333,1459.156420001152,1497.8341607394236,833.3333333333334,0.0,0.0,78.04724407275694,8408.322769947777,9158.322769947777,1321.0897297721717,17.05688366557783,0.0,1338.1466134377495
F43,2025-12-21 15:20:00,2025-12-21 15:30:00,2025-12-21,2025-12-21 12:00,0.9712,6249.441,2404.6045,640.8060833333333,1490.428948066007,1512.887785406493,833.3333333333334,0.0,0.0,38.74836873982645,9158.322769947777,9908.322769947777,1469.316617186786,10.906011412540035,0.0,1480.222628599326
F43,2025-12-21 15:30:00,2025-12-21 15:40:00,2025-12-21,2025-12-21 12:00,0.9596,6412.99,2166.8625,707.6879166666665,1535.3273406459928,1557.2842121936103,833.3333333333334,0.0,0.0,16.262962193610406,9908.322769947777,10658.322769947777,1494.3699300209885,10.534906968546895,0.0,1504.9048369895354
F43,2025-12-21 15:40:00,2025-12-21 15:50:00,2025-12-21,2025-12-21 12:00,0.9392,6229.2355,1977.0681,708.6945666666667,1323.2418618854658,1594.5904423586128,157.41914450246946,0.0,0.0,728.4767311894766,10658.322769947777,10800.0,1497.6393434632091,127.42529339018982,0.0,1625.064636853399
F43,2025-12-21 15:50:00,2025-12-21 16:00:00,2025-12-21,2025-12-21 12:00,0.9693,6140.1248,1719.0539,736.8451499999999,824.0967145049963,824.0967145049963,0.0,0.0,0.0,87.2515645049964,10800.0,10800.0,798.7969453696929,0.0,0.0,798.7969453696929
F43,2025-12-21 16:00:00,2025-12-21 16:10:00,2025-12-21,2025-12-21 12:00,1.0104,6190.42,1414.8375,795.9304166666667,837.7971509117491,837.7971509117491,0.0,0.0,0.0,41.8667342450824,10800.0,10800.0,846.5102412812313,0.0,0.0,846.5102412812313
F43,2025-12-21 16:10:00,2025-12-21 16:20:00,2025-12-21,2025-12-21 12:00,0.98,6007.344,1199.0528,801.3818666666666,878.2023482250431,878.2023482250431,0.0,0.0,0.0,76.82048155837651,10800.0,10800.0,860.6383012605422,0.0,0.0,860.6383012605422
F43,2025-12-21 16:20:00,2025-12-21 16:30:00,2025-12-21,2025-12-21 12:00,0.9673,6021.8302,965.9713,842.64315,906.7686918146226,906.7686918146226,0.0,0.0,0.0,64.12554181462258,10800.0,10800.0,877.1173555922844,0.0,0.0,877.1173555922844
F43,2025-12-21 16:30:00,2025-12-21 16:40:00,2025-12-21,2025-12-21 12:00,1.0182,6231.28,680.625,925.1091666666666,928.6005870629788,940.7363588092918,0.0,0.0,0.0,15.627192142625177,10800.0,10800.0,957.8577605396209,6.178321396047961,0.0,964.0360819356689
F43,2025-12-21 16:40:00,2025-12-21 16:50:00,2025-12-21,2025-12-21 12:00,1.0861,6177.7882,419.0314,959.7927999999999,1007.9132894201032,1007.9132894201032,0.0,0.0,0.0,48.12048942010324,10800.0,10800.0,1094.694623639174,0.0,0.0,1094.694623639174
F43,2025-12-21 16:50:00,2025-12-21 17:00:00,2025-12-21,2025-12-21 12:00,1.1066,6130.9976,173.8125,992.8641833333332,1041.5836847498294,1042.1305833609406,0.0,0.0,0.0,49.26640002760735,10800.0,10800.0,1153.221703547217,0.30259900152779723,0.0,1153.5243025487448
F43,2025-12-21 17:00:00,2025-12-21 17:10:00,2025-12-21,2025-12-21 12:00,1.0879,6172.78,0.0,1028.7966666666666,1045.0383797751897,1045.0383797751897,0.0,0.0,0.0,16.241713108523072,10800.0,10800.0,1136.897253357429,0.0,0.0,1136.897253357429
F43,2025-12-21 17:10:00,2025-12-21 17:20:00,2025-12-21,2025-12-21 12:00,1.0972,6112.1742,0.0,1018.6957,1047.0369513349583,1047.0369513349583,0.0,0.0,0.0,28.341251334958315,10800.0,10800.0,1148.8089430047162,0.0,0.0,1148.8089430047162
F43,2025-12-21 17:20:00,2025-12-21 17:30:00,2025-12-21,2025-12-21 12:00,1.1283,6160.7027,6.2009,1025.7503,1053.432482230327,1053.432482230327,0.0,0.0,0.0,27.682182230327044,10800.0,10800.0,1188.587869700478,0.0,0.0,1188.587869700478
F43,2025-12-21 17:30:00,2025-12-21 17:40:00,2025-12-21,2025-12-21 12:00,1.1382,6338.77,0.0,1056.4616666666666,1049.8531726900353,1049.8531726900353,0.0,6.60849397663128,0.0,0.0,10800.0,10792.657228914853,1194.9428811557982,0.0,0.0,1194.9428811557982
F43,2025-12-21 17:40:00,2025-12-21 17:50:00,2025-12-21,2025-12-21 12:00,1.103,6290.0948,0.0,1048.3491333333332,1074.0997346514937,1074.0997346514937,8.158634539051693,0.0,0.0,17.59196677910884,10792.657228914853,10800.0,1184.7320073205976,0.0,0.0,1184.7320073205976
F43,2025-12-21 17:50:00,2025-12-21 18:00:00,2025-12-21,2025-12-21 12:00,1.1407,5392.9058,0.4452,898.7434333333333,939.3839250723972,939.477326461286,0.0,0.0,0.0,40.73389312795268,10800.0,10800.0,1071.661786294389,0.053271482152707016,0.0,1071.7150577765417
F43,2025-12-21 18:00:00,2025-12-21 18:10:00,2025-12-21,2025-12-21 12:00,1.2479,4275.8,0.0,712.6333333333333,727.8769417639949,727.8769417639949,0.0,0.0,0.0,15.243608430661538,10800.0,10800.0,908.3176356272892,0.0,0.0,908.3176356272892
F43,2025-12-21 18:10:00,2025-12-21 18:20:00,2025-12-21,2025-12-21 12:00,1.2957,4292.4867,0.0,715.41445,729.9929002369015,729.9929002369015,0.0,0.0,0.0,14.578450236901517,10800.0,10800.0,945.8518008369533,0.0,0.0,945.8518008369533
F43,2025-12-21 18:20:00,2025-12-21 18:30:00,2025-12-21,2025-12-21 12:00,1.2826,4489.6396,0.032,748.2679333333333,757.6551774793746,757.6551774793746,0.0,0.0,0.0,9.387244146041326,10800.0,10800.0,971.7685306350459,0.0,0.0,971.7685306350459
F43,2025-12-21 18:30:00,2025-12-21 18:40:00,2025-12-21,2025-12-21 12:00,1.238,4380.05,0.0,730.0083333333333,742.9765683158113,742.9765683158113,0.0,0.0,0.0,12.968234982477952,10800.0,10800.0,919.8049915749743,0.0,0.0,919.8049915749743
F43,2025-12-21 18:40:00,2025-12-21 18:50:00,2025-12-21,2025-12-21 12:00,1.2107,4406.0663,0.0,734.3443833333333,729.286009383627,729.286009383627,0.0,5.058373949706379,0.0,0.0,10800.0,10794.379584500326,882.9465715607572,0.0,0.0,882.9465715607572
F43,2025-12-21 18:50:00,2025-12-21 19:00:00,2025-12-21,2025-12-21 12:00,1.3293,4500.5016,0.0023,750.0832166666665,287.89413389490323,287.89413389490323,0.0,462.1890827717633,0.0,0.0,10794.379584500326,10280.836159198367,382.69767218649486,0.0,0.0,382.69767218649486
F43,2025-12-21 19:00:00,2025-12-21 19:10:00,2025-12-21,2025-12-21 12:00,1.5214,4490.76,0.0,748.46,0.0,0.0,0.0,748.46,0.0,0.0,10280.836159198367,9449.213936976144,0.0,0.0,0.0,0.0
F43,2025-12-21 19:10:00,2025-12-21 19:20:00,2025-12-21,2025-12-21 12:00,1.5659,4334.8994,0.0,722.4832333333334,0.0,0.0,0.0,722.4832333333334,0.0,0.0,9449.213936976144,8646.454788827996,0.0,0.0,0.0,0.0
F43,2025-12-21 19:20:00,2025-12-21 19:30:00,2025-12-21,2025-12-21 12:00,1.5266,4356.9931,0.0,726.1655166666666,0.0,0.0,0.0,726.1655166666666,0.0,0.0,8646.454788827996,7839.604214753922,0.0,0.0,0.0,0.0
F43,2025-12-21 19:30:00,2025-12-21 19:40:00,2025-12-21,2025-12-21 12:00,1.4847,4466.59,0.0,744.4316666666666,0.0,0.0,0.0,744.4316666666666,0.0,0.0,7839.604214753922,7012.457918457626,0.0,0.0,0.0,0.0
F43,2025-12-21 19:40:00,2025-12-21 19:50:00,2025-12-21,2025-12-21 12:00,1.4671,4301.5722,0.0,716.9286999999999,0.0,0.0,0.0,716.9286999999999,0.0,0.0,7012.457918457626,6215.870474013182,0.0,0.0,0.0,0.0
F43,2025-12-21 19:50:00,2025-12-21 20:00:00,2025-12-21,2025-12-21 12:00,1.5039,4398.717,0.0,733.1194999999999,0.0,0.0,0.0,733.1194999999999,0.0,0.0,6215.870474013182,5401.293251790959,0.0,0.0,0.0,0.0
F43,2025-12-21 20:00:00,2025-12-21 20:10:00,2025-12-21,2025-12-21 12:00,1.5483,4681.61,0.0,780.2683333333332,0.0,0.0,0.0,780.2683333333332,0.0,0.0,5401.293251790959,4534.328436976145,0.0,0.0,0.0,0.0
F43,2025-12-21 20:10:00,2025-12-21 20:20:00,2025-12-21,2025-12-21 12:00,1.5137,4485.5154,0.0,747.5859,0.0,0.0,0.0,747.5859,0.0,0.0,4534.328436976145,3703.677436976145,0.0,0.0,0.0,0.0
F43,2025-12-21 20:20:00,2025-12-21 20:30:00,2025-12-21,2025-12-21 12:00,1.4654,4156.9026,0.0,692.8171,0.0,0.0,0.0,692.8171,0.0,0.0,3703.677436976145,2933.8806591983675,0.0,0.0,0.0,0.0
F43,2025-12-21 20:30:00,2025-12-21 20:40:00,2025-12-21,2025-12-21 12:00,1.488,4090.51,0.0,681.7516666666667,0.0,0.0,0.0,681.7516666666667,0.0,0.0,2933.8806591983675,2176.3788073465157,0.0,0.0,0.0,0.0
F43,2025-12-21 20:40:00,2025-12-21 20:50:00,2025-12-21,2025-12-21 12:00,1.5616,4322.2266,0.0,720.3711,0.0,0.0,0.0,720.3711,0.0,0.0,2176.3788073465157,1375.9664740131825,0.0,0.0,0.0,0.0
F43,2025-12-21 20:50:00,2025-12-21 21:00:00,2025-12-21,2025-12-21 12:00,1.3465,4336.801,0.0,722.8001666666667,747.3117685852044,747.3117685852044,24.511601918537735,0.0,0.0,0.0,1375.9664740131825,1398.0269157398666,1006.2552963999777,0.0,0.0,1006.2552963999777
F43,2025-12-21 21:00:00,2025-12-21 21:10:00,2025-12-21,2025-12-21 12:00,0.9601,4144.46,0.0,690.7433333333333,744.6335466647429,744.6335466647429,53.89021333140954,0.0,0.0,0.0,1398.0269157398666,1446.528107738135,714.9226681528196,0.0,0.0,714.9226681528196
F43,2025-12-21 21:10:00,2025-12-21 21:20:00,2025-12-21,2025-12-21 12:00,0.8829,4227.261,0.0,704.5435,745.2506928106608,745.2506928106608,40.707192810660786,0.0,0.0,0.0,1446.528107738135,1483.1645812677298,657.9818366825324,0.0,0.0,657.9818366825324
F43,2025-12-21 21:20:00,2025-12-21 21:30:00,2025-12-21,2025-12-21 12:00,0.9151,4326.9643,0.0,721.1607166666665,750.1709830030844,750.1709830030844,29.010266336417885,0.0,0.0,0.0,1483.1645812677298,1509.2738209705058,686.4814665461225,0.0,0.0,686.4814665461225
F43,2025-12-21 21:30:00,2025-12-21 21:40:00,2025-12-21,2025-12-21 12:00,0.9345,4357.83,0.0,726.305,756.3490043955321,756.3490043955321,30.04400439553217,0.0,0.0,0.0,1509.2738209705058,1536.3134249264847,706.8081446076247,0.0,0.0,706.8081446076247
F43,2025-12-21 21:40:00,2025-12-21 21:50:00,2025-12-21,2025-12-21 12:00,0.9815,4437.1142,0.0,739.5190333333333,761.7606598746173,761.7606598746173,22.241626541284063,0.0,0.0,0.0,1536.3134249264847,1556.3308888136403,747.6680876669369,0.0,0.0,747.6680876669369
F43,2025-12-21 21:50:00,2025-12-21 22:00:00,2025-12-21,2025-12-21 12:00,0.7546,4070.9954,0.0,678.4992333333332,688.0818844138762,688.0818844138762,9.582651080542973,0.0,0.0,0.0,1556.3308888136403,1564.955274786129,519.226589978711,0.0,0.0,519.226589978711
F43,2025-12-21 22:00:00,2025-12-21 22:10:00,2025-12-21,2025-12-21 12:00,0.4001,3434.4,0.0,572.4,572.152607489013,572.152607489013,0.0,0.24739251098696968,0.0,0.0,1564.955274786129,1564.6803942183656,228.9182582563541,0.0,0.0,228.9182582563541
F43,2025-12-21 22:10:00,2025-12-21 22:20:00,2025-12-21,2025-12-21 12:00,0.4032,3270.5539,0.0,545.0923166666666,567.8967103620065,567.8967103620065,22.804393695339854,0.0,0.0,0.0,1564.6803942183656,1585.2043485441714,228.975953617961,0.0,0.0,228.975953617961
F43,2025-12-21 22:20:00,2025-12-21 22:30:00,2025-12-21,2025-12-21 12:00,0.4747,3305.0168,0.0,550.8361333333332,585.3563850224365,585.3563850224365,34.52025168910325,0.0,0.0,0.0,1585.2043485441714,1616.2725750643642,277.8686759701506,0.0,0.0,277.8686759701506
F43,2025-12-21 22:30:00,2025-12-21 22:40:00,2025-12-21,2025-12-21 12:00,0.4323,3255.6,0.0,542.5999999999999,581.263807773325,581.263807773325,38.66380777332506,0.0,0.0,0.0,1616.2725750643642,1651.0700020603567,251.2803441004084,0.0,0.0,251.2803441004084
F43,2025-12-21 22:40:00,2025-12-21 22:50:00,2025-12-21,2025-12-21 12:00,0.3905,3155.514,0.0,525.919,558.5745047977582,558.5745047977582,32.655504797758226,0.0,0.0,0.0,1651.0700020603567,1680.459956378339,218.1233441235246,0.0,0.0,218.1233441235246
F43,2025-12-21 22:50:00,2025-12-21 23:00:00,2025-12-21,2025-12-21 12:00,0.4205,3260.3635,0.0,543.3939166666667,569.5951339824966,569.5951339824966,26.201217315829922,0.0,0.0,0.0,1680.459956378339,1704.041051962586,239.5147538396398,0.0,0.0,239.5147538396398
F43,2025-12-21 23:00:00,2025-12-21 23:10:00,2025-12-21,2025-12-21 12:00,0.4738,3508.97,0.0,584.8283333333333,583.4338894780035,583.4338894780035,0.0,1.3944438553297687,0.0,0.0,1704.041051962586,1702.4916699011085,276.43097683467806,0.0,0.0,276.43097683467806
F43,2025-12-21 23:10:00,2025-12-21 23:20:00,2025-12-21,2025-12-21 12:00,0.4471,3554.7154,0.0,592.4525666666666,595.2901275209177,595.2901275209177,2.8375608542511372,0.0,0.0,0.0,1702.4916699011085,1705.0454746699345,266.1542160146023,0.0,0.0,266.1542160146023
F43,2025-12-21 23:20:00,2025-12-21 23:30:00,2025-12-21,2025-12-21 12:00,0.4314,3395.6628,0.0,565.9438,609.2107001066754,609.2107001066754,43.26690010667539,0.0,0.0,0.0,1705.0454746699345,1743.9856847659423,262.8134960260198,0.0,0.0,262.8134960260198
F43,2025-12-21 23:30:00,2025-12-21 23:40:00,2025-12-21,2025-12-21 12:00,0.4502,3305.59,0.0,550.9316666666666,601.7832370666137,601.7832370666137,50.851570399947036,0.0,0.0,0.0,1743.9856847659423,1789.7520981258947,270.92281332738946,0.0,0.0,270.92281332738946
F43,2025-12-21 23:40:00,2025-12-21 23:50:00,2025-12-21,2025-12-21 12:00,0.4334,3539.7613,0.0,589.9602166666666,599.5495983466064,599.5495983466064,9.589381679939834,0.0,0.0,0.0,1789.7520981258947,1798.3825416378406,259.8447959234192,0.0,0.0,259.8447959234192
F43,2025-12-21 23:50:00,2025-12-22 00:00:00,2025-12-21,2025-12-21 12:00,0.406,3571.991,0.0,595.3318333333333,595.1780065037789,595.1780065037789,0.0,0.1538268295544185,0.0,0.0,1798.3825416378406,1798.2116229383357,241.64227064053424,0.0,0.0,241.64227064053424
