group,interval_start,interval_end,owner_date,effective_version,price_yuan_kWh,actual_load_kW,actual_pv_kW,net_kWh,q0_kWh,q_eff_kWh,charge_kWh,discharge_kWh,emergency_kWh,unused_kWh,state_start_kWh,state_end_kWh,ordinary_cost_yuan,adjustment_cost_yuan,emergency_cost_yuan,total_cost_yuan
Q42,2025-03-20 00:00:00,2025-03-20 00:10:00,2025-03-19,2025-03-19 00:00,0.4495,3410.51,0.0,568.4183333333333,0.0,0.0,0.0,568.4183333333333,0.0,0.0,2861.6324206605377,2230.056494734612,0.0,0.0,0.0,0.0
Q42,2025-03-20 00:10:00,2025-03-20 00:20:00,2025-03-20,2025-03-20 00:00,0.4487,3299.0689,0.0,549.8448166666667,598.9244615470104,598.9244615470104,49.07964488034372,0.0,0.0,0.0,2230.056494734612,2274.2281751269215,268.73740589614357,0.0,0.0,268.73740589614357
Q42,2025-03-20 00:20:00,2025-03-20 00:30:00,2025-03-20,2025-03-20 00:00,0.4373,3421.881,0.0,570.3135,982.9312115175755,982.9312115175755,412.6177115175756,0.0,0.0,0.0,2274.2281751269215,2645.5841154927393,429.8358187966358,0.0,0.0,429.8358187966358
Q42,2025-03-20 00:30:00,2025-03-20 00:40:00,2025-03-20,2025-03-20 00:00,0.4311,3683.11,0.0,613.8516666666667,1423.5854735331445,1423.5854735331445,809.7338068664778,0.0,0.0,0.0,2645.5841154927393,3374.3445416725694,613.7076976401386,0.0,0.0,613.7076976401386
Q42,2025-03-20 00:40:00,2025-03-20 00:50:00,2025-03-20,2025-03-20 00:00,0.4344,3476.737,0.0,579.4561666666666,1428.506378349246,1428.506378349246,833.3333333333334,0.0,0.0,15.71687834924603,3374.3445416725694,4124.34454167257,620.5431707549125,0.0,0.0,620.5431707549125
Q42,2025-03-20 00:50:00,2025-03-20 01:00:00,2025-03-20,2025-03-20 00:00,0.4238,3302.6695,0.0,550.4449166666666,1434.2092951527284,1434.2092951527284,833.3333333333334,0.0,0.0,50.431045152728416,4124.34454167257,4874.34454167257,607.8178992857263,0.0,0.0,607.8178992857263
Q42,2025-03-20 01:00:00,2025-03-20 01:10:00,2025-03-20,2025-03-20 00:00,0.4296,3426.94,0.0,571.1566666666666,1431.649388801448,1431.649388801448,833.3333333333334,0.0,0.0,27.159388801447903,4874.34454167257,5624.34454167257,615.036577429102,0.0,0.0,615.036577429102
Q42,2025-03-20 01:10:00,2025-03-20 01:20:00,2025-03-20,2025-03-20 00:00,0.4989,3609.5343,0.0,601.5890499999999,597.872223787549,597.872223787549,0.0,3.716826212450883,0.0,0.0,5624.34454167257,5620.2147347698465,298.27845244760823,0.0,0.0,298.27845244760823
Q42,2025-03-20 01:20:00,2025-03-20 01:30:00,2025-03-20,2025-03-20 00:00,0.5083,3668.9025,0.0,611.48375,594.0289596091945,594.0289596091945,0.0,17.454790390805442,0.0,0.0,5620.2147347698465,5600.820523224507,301.94492016935357,0.0,0.0,301.94492016935357
Q42,2025-03-20 01:30:00,2025-03-20 01:40:00,2025-03-20,2025-03-20 00:00,0.4468,3589.3,0.0,598.2166666666667,579.7397909004395,579.7397909004395,0.0,18.47687576622718,0.0,0.0,5600.820523224507,5580.290661262033,259.02773857431634,0.0,0.0,259.02773857431634
Q42,2025-03-20 01:40:00,2025-03-20 01:50:00,2025-03-20,2025-03-20 00:00,0.4284,3503.6157,0.0,583.9359499999999,1416.0465659867596,1416.0465659867596,832.1106159867596,0.0,0.0,0.0,5580.290661262033,6329.190215650116,606.6343488687278,0.0,0.0,606.6343488687278
Q42,2025-03-20 01:50:00,2025-03-20 02:00:00,2025-03-20,2025-03-20 00:00,0.4436,3545.9703,0.0,590.99505,597.5551074156919,597.5551074156919,6.560057415691858,0.0,0.0,0.0,6329.190215650116,6335.094267324239,265.0754456496009,0.0,0.0,265.0754456496009
Q42,2025-03-20 02:00:00,2025-03-20 02:10:00,2025-03-20,2025-03-20 00:00,0.454,3590.66,0.0,598.4433333333333,618.6201895341919,618.6201895341919,20.17685620085865,0.0,0.0,0.0,6335.094267324239,6353.253437905012,280.85356604852313,0.0,0.0,280.85356604852313
Q42,2025-03-20 02:10:00,2025-03-20 02:20:00,2025-03-20,2025-03-20 00:00,0.4404,3395.9017,0.0,565.9836166666666,602.6298698247585,602.6298698247585,36.646253158091895,0.0,0.0,0.0,6353.253437905012,6386.235065747294,265.39819467082367,0.0,0.0,265.39819467082367
Q42,2025-03-20 02:20:00,2025-03-20 02:30:00,2025-03-20,2025-03-20 00:00,0.4405,3276.7246,0.0,546.1207666666667,589.3618703188015,589.3618703188015,43.241103652134825,0.0,0.0,0.0,6386.235065747294,6425.152059034216,259.6139038754321,0.0,0.0,259.6139038754321
Q42,2025-03-20 02:30:00,2025-03-20 02:40:00,2025-03-20,2025-03-20 00:00,0.4545,3394.28,0.0,565.7133333333334,583.8414911857924,583.8414911857924,18.128157852459026,0.0,0.0,0.0,6425.152059034216,6441.4674011014295,265.35595774394267,0.0,0.0,265.35595774394267
Q42,2025-03-20 02:40:00,2025-03-20 02:50:00,2025-03-20,2025-03-20 00:00,0.4389,3587.5594,0.0,597.9265666666666,598.9096118614834,598.9096118614834,0.983045194816782,0.0,0.0,0.0,6441.4674011014295,6442.352141776764,262.8614286460051,0.0,0.0,262.8614286460051
Q42,2025-03-20 02:50:00,2025-03-20 03:00:00,2025-03-20,2025-03-20 00:00,0.3868,3605.7268,0.0,600.9544666666666,1446.7316733990385,1446.7316733990385,833.3333333333334,0.0,0.0,12.44387339903858,6442.352141776764,7192.352141776764,559.5958112707481,0.0,0.0,559.5958112707481
Q42,2025-03-20 03:00:00,2025-03-20 03:10:00,2025-03-20,2025-03-20 00:00,0.3634,3522.79,0.0,587.1316666666667,1452.2589339633696,1452.2589339633696,833.3333333333334,0.0,0.0,31.793933963369568,7192.352141776764,7942.352141776764,527.7508966022885,0.0,0.0,527.7508966022885
Q42,2025-03-20 03:10:00,2025-03-20 03:20:00,2025-03-20,2025-03-20 00:00,0.4416,3631.2618,0.0,605.2103,603.9971236104338,603.9971236104338,0.0,1.2131763895661152,0.0,0.0,7942.352141776764,7941.00416801058,266.7251297863676,0.0,0.0,266.7251297863676
Q42,2025-03-20 03:20:00,2025-03-20 03:30:00,2025-03-20,2025-03-20 00:00,0.4839,3731.3543,0.0,621.8923833333333,582.387075519209,582.387075519209,0.0,39.50530781412431,0.0,0.0,7941.00416801058,7897.109381550442,281.81710584374525,0.0,0.0,281.81710584374525
Q42,2025-03-20 03:30:00,2025-03-20 03:40:00,2025-03-20,2025-03-20 00:00,0.4574,3721.01,0.0,620.1683333333333,600.959305076836,600.959305076836,0.0,19.209028256497277,0.0,0.0,7897.109381550442,7875.766016821,274.8787861421448,0.0,0.0,274.8787861421448
Q42,2025-03-20 03:40:00,2025-03-20 03:50:00,2025-03-20,2025-03-20 00:00,0.4575,3699.7385,0.0,616.6230833333333,617.6169879704601,617.6169879704601,0.993904637126775,0.0,0.0,0.0,7875.766016821,7876.660530994414,282.5597719964855,0.0,0.0,282.5597719964855
Q42,2025-03-20 03:50:00,2025-03-20 04:00:00,2025-03-20,2025-03-20 00:00,0.4629,3674.7825,0.0,612.4637499999999,608.6089349480554,608.6089349480554,0.0,3.854815051944456,0.0,0.0,7876.660530994414,7872.37740315892,281.72507598745483,0.0,0.0,281.72507598745483
Q42,2025-03-20 04:00:00,2025-03-20 04:10:00,2025-03-20,2025-03-20 00:00,0.4426,3623.58,0.0,603.93,596.4085891630274,596.4085891630274,0.0,7.521410836972564,0.0,0.0,7872.37740315892,7864.020280006728,263.97044156355594,0.0,0.0,263.97044156355594
Q42,2025-03-20 04:10:00,2025-03-20 04:20:00,2025-03-20,2025-03-20 00:00,0.4023,3538.7697,0.0019,589.7946333333332,1457.7623830338744,1457.7623830338744,833.3333333333334,0.0,0.0,34.63441636720779,7864.020280006728,8614.020280006727,586.4578066945277,0.0,0.0,586.4578066945277
Q42,2025-03-20 04:20:00,2025-03-20 04:30:00,2025-03-20,2025-03-20 00:00,0.4075,3488.7843,0.0,581.4640499999999,1454.0309304652928,1454.0309304652928,833.3333333333334,0.0,0.0,39.23354713195954,8614.020280006727,9364.020280006727,592.5176041646068,0.0,0.0,592.5176041646068
Q42,2025-03-20 04:30:00,2025-03-20 04:40:00,2025-03-20,2025-03-20 00:00,0.452,3513.51,0.0,585.585,624.0710982079923,624.0710982079923,38.48609820799231,0.0,0.0,0.0,9364.020280006727,9398.65776839392,282.08013639001257,0.0,0.0,282.08013639001257
Q42,2025-03-20 04:40:00,2025-03-20 04:50:00,2025-03-20,2025-03-20 00:00,0.4646,3598.3779,0.0271,599.7251333333334,618.4410995052019,618.4410995052019,18.71596617186856,0.0,0.0,0.0,9398.65776839392,9415.5021379486,287.3277348301168,0.0,0.0,287.3277348301168
Q42,2025-03-20 04:50:00,2025-03-20 05:00:00,2025-03-20,2025-03-20 00:00,0.4561,3700.4359,0.0,616.7393166666666,625.8354664692126,625.8354664692126,9.096149802546051,0.0,0.0,0.0,9415.5021379486,9423.688672770892,285.4435562566079,0.0,0.0,285.4435562566079
Q42,2025-03-20 05:00:00,2025-03-20 05:10:00,2025-03-20,2025-03-20 00:00,0.4379,3753.57,0.0,625.595,617.8535352123372,617.8535352123372,0.0,7.741464787662835,0.0,0.0,9423.688672770892,9415.087045229044,270.55806306948244,0.0,0.0,270.55806306948244
Q42,2025-03-20 05:10:00,2025-03-20 05:20:00,2025-03-20,2025-03-20 00:00,0.4177,3716.9811,0.3776,619.4339166666666,1434.9976046605507,1434.9976046605507,815.5636879938841,0.0,0.0,0.0,9415.087045229044,10149.09436442354,599.398499466712,0.0,0.0,599.398499466712
Q42,2025-03-20 05:20:00,2025-03-20 05:30:00,2025-03-20,2025-03-20 00:00,0.464,3707.0664,0.0,617.8444,609.9908507144345,609.9908507144345,0.0,7.853549285565464,0.0,0.0,10149.09436442354,10140.368198550688,283.0357547314976,0.0,0.0,283.0357547314976
Q42,2025-03-20 05:30:00,2025-03-20 05:40:00,2025-03-20,2025-03-20 00:00,0.4802,3642.69,0.0,607.115,619.5863638050736,619.5863638050736,12.471363805073565,0.0,0.0,0.0,10140.368198550688,10151.592425975254,297.52537189919633,0.0,0.0,297.52537189919633
Q42,2025-03-20 05:40:00,2025-03-20 05:50:00,2025-03-20,2025-03-20 00:00,0.352,3457.8398,5.2594,575.4300666666667,1439.9201075829224,1439.9201075829224,720.4528600274958,0.0,0.0,144.03718088875985,10151.592425975254,10800.0,506.8518778691886,0.0,0.0,506.8518778691886
Q42,2025-03-20 05:50:00,2025-03-20 06:00:00,2025-03-20,2025-03-20 00:00,0.5794,4028.7787,0.0,671.4631166666666,697.3177004575768,697.3177004575768,0.0,0.0,0.0,25.854583790910283,10800.0,10800.0,404.02587564512004,0.0,0.0,404.02587564512004
Q42,2025-03-20 06:00:00,2025-03-20 06:10:00,2025-03-20,2025-03-20 00:00,1.0185,4962.09,0.0,827.015,3.5791361718664803,3.5791361718664803,0.0,823.4358638281335,0.0,0.0,10800.0,9885.071262413185,3.64535019104601,0.0,0.0,3.64535019104601
Q42,2025-03-20 06:10:00,2025-03-20 06:20:00,2025-03-20,2025-03-20 00:00,0.995,4905.1198,153.4202,791.9499333333334,0.0,0.0,0.0,791.9499333333334,0.0,0.0,9885.071262413185,9005.126892042814,0.0,0.0,0.0,0.0
Q42,2025-03-20 06:20:00,2025-03-20 06:30:00,2025-03-20,2025-03-20 00:00,0.8932,4660.8239,401.044,709.9633166666667,0.0,0.0,0.0,709.9633166666667,0.0,0.0,9005.126892042814,8216.278762413183,0.0,0.0,0.0,0.0
Q42,2025-03-20 06:30:00,2025-03-20 06:40:00,2025-03-20,2025-03-20 00:00,0.9281,4703.75,675.525,671.3708333333333,0.0,0.0,0.0,671.3708333333333,0.0,0.0,8216.278762413183,7470.311169820591,0.0,0.0,0.0,0.0
Q42,2025-03-20 06:40:00,2025-03-20 06:50:00,2025-03-20,2025-03-20 00:00,0.9231,4726.9008,952.6316,629.0448666666666,0.0,0.0,0.0,629.0448666666666,0.0,0.0,7470.311169820591,6771.372429079851,0.0,0.0,0.0,0.0
Q42,2025-03-20 06:50:00,2025-03-20 07:00:00,2025-03-20,2025-03-20 00:00,0.902,4819.4733,1302.5378,586.1559166666666,0.0,0.0,0.0,586.1559166666666,0.0,0.0,6771.372429079851,6120.088077227999,0.0,0.0,0.0,0.0
Q42,2025-03-20 07:00:00,2025-03-20 07:10:00,2025-03-20,2025-03-20 00:00,0.8707,4880.33,1693.2375,531.1820833333333,0.0,0.0,0.0,531.1820833333333,0.0,0.0,6120.088077227999,5529.885762413184,0.0,0.0,0.0,0.0
Q42,2025-03-20 07:10:00,2025-03-20 07:20:00,2025-03-20,2025-03-20 00:00,0.7992,4689.3761,2009.9231,446.57550000000003,489.5643915828673,489.5643915828673,42.98889158286727,0.0,0.0,0.0,5529.885762413184,5568.575764837765,391.25986175302756,0.0,0.0,391.25986175302756
Q42,2025-03-20 07:20:00,2025-03-20 07:30:00,2025-03-20,2025-03-20 00:00,0.7957,4713.3646,2305.9149,401.2416166666666,457.39789255346125,457.39789255346125,56.156275886794674,0.0,0.0,0.0,5568.575764837765,5619.11641313588,363.9515031047891,0.0,0.0,363.9515031047891
Q42,2025-03-20 07:30:00,2025-03-20 07:40:00,2025-03-20,2025-03-20 00:00,0.8046,4827.2,2609.7375,369.57708333333323,420.6635708647663,420.6635708647663,51.08648753143308,0.0,0.0,0.0,5619.11641313588,5665.09425191417,338.46590911779094,0.0,0.0,338.46590911779094
Q42,2025-03-20 07:40:00,2025-03-20 07:50:00,2025-03-20,2025-03-20 00:00,0.7001,4578.156,2894.0148,280.6902,448.7020794763338,448.7020794763338,168.01187947633377,0.0,0.0,0.0,5665.09425191417,5816.30494344287,314.1363258413813,0.0,0.0,314.1363258413813
Q42,2025-03-20 07:50:00,2025-03-20 08:00:00,2025-03-20,2025-03-20 00:00,0.8467,5187.0368,3179.5684,334.5780666666666,415.9526382786929,415.9526382786929,81.37457161202633,0.0,0.0,0.0,5816.30494344287,5889.542057893694,352.1870988305693,0.0,0.0,352.1870988305693
Q42,2025-03-20 08:00:00,2025-03-20 08:10:00,2025-03-20,2025-03-20 00:00,1.1788,6405.59,3476.5125,488.17958333333337,0.0,0.0,0.0,488.17958333333337,0.0,0.0,5889.542057893694,5347.120298634434,0.0,0.0,0.0,0.0
Q42,2025-03-20 08:10:00,2025-03-20 08:20:00,2025-03-20,2025-03-20 00:00,1.2356,6658.0486,3761.2255,482.80385,0.0,0.0,0.0,482.80385,0.0,0.0,5347.120298634434,4810.671576412212,0.0,0.0,0.0,0.0
Q42,2025-03-20 08:20:00,2025-03-20 08:30:00,2025-03-20,2025-03-20 00:00,1.1876,6606.6001,3976.3717,438.3713999999999,0.0,0.0,0.0,438.3713999999999,0.0,0.0,4810.671576412212,4323.592243078879,0.0,0.0,0.0,0.0
Q42,2025-03-20 08:30:00,2025-03-20 08:40:00,2025-03-20,2025-03-20 00:00,1.1569,6687.27,4220.325,411.1575000000001,0.0,0.0,0.0,411.1575000000001,0.0,0.0,4323.592243078879,3866.750576412212,0.0,0.0,0.0,0.0
Q42,2025-03-20 08:40:00,2025-03-20 08:50:00,2025-03-20,2025-03-20 00:00,1.0869,6649.776,4653.7429,332.67218333333324,0.0,0.0,0.0,332.67218333333324,0.0,0.0,3866.750576412212,3497.114817152953,0.0,0.0,0.0,0.0
Q42,2025-03-20 08:50:00,2025-03-20 09:00:00,2025-03-20,2025-03-20 00:00,1.0527,6705.5335,5037.5027,278.0051333333332,0.0,0.0,0.0,278.0051333333332,0.0,0.0,3497.114817152953,3188.2202245603607,0.0,0.0,0.0,0.0
Q42,2025-03-20 09:00:00,2025-03-20 09:10:00,2025-03-20,2025-03-20 00:00,1.068,6757.81,5180.8875,262.82041666666674,0.0,0.0,0.0,262.82041666666674,0.0,0.0,3188.2202245603607,2896.1975393751754,0.0,0.0,0.0,0.0
Q42,2025-03-20 09:10:00,2025-03-20 09:20:00,2025-03-20,2025-03-20 00:00,1.0672,6494.2004,5166.4978,221.2837666666666,0.0,0.0,0.0,221.2837666666666,0.0,0.0,2896.1975393751754,2650.3266875233235,0.0,0.0,0.0,0.0
Q42,2025-03-20 09:20:00,2025-03-20 09:30:00,2025-03-20,2025-03-20 00:00,1.0563,6436.4392,5533.329,150.51836666666668,0.0,0.0,0.0,150.51836666666668,0.0,0.0,2650.3266875233235,2483.0840578936936,0.0,0.0,0.0,0.0
Q42,2025-03-20 09:30:00,2025-03-20 09:40:00,2025-03-20,2025-03-20 00:00,1.0344,6570.85,6107.7375,77.1854166666667,0.0,0.0,0.0,77.1854166666667,0.0,0.0,2483.0840578936936,2397.3224838196197,0.0,0.0,0.0,0.0
Q42,2025-03-20 09:40:00,2025-03-20 09:50:00,2025-03-20,2025-03-20 00:00,0.9937,6399.3635,6182.795,36.09475000000005,0.0,0.0,0.0,36.09475000000005,0.0,0.0,2397.3224838196197,2357.217206041842,0.0,0.0,0.0,0.0
Q42,2025-03-20 09:50:00,2025-03-20 10:00:00,2025-03-20,2025-03-20 00:00,0.9971,6445.9301,6198.386,41.25734999999986,0.0,0.0,0.0,41.25734999999986,0.0,0.0,2357.217206041842,2311.375706041842,0.0,0.0,0.0,0.0
Q42,2025-03-20 10:00:00,2025-03-20 10:10:00,2025-03-20,2025-03-20 00:00,1.0131,6697.43,6426.1875,45.20708333333338,0.0,0.0,0.0,45.20708333333338,0.0,0.0,2311.375706041842,2261.1456134492496,0.0,0.0,0.0,0.0
Q42,2025-03-20 10:10:00,2025-03-20 10:20:00,2025-03-20,2025-03-20 00:00,0.948,6577.9956,6675.2481,-16.20874999999993,0.0,0.0,16.20874999999993,0.0,0.0,0.0,2261.1456134492496,2275.7334884492493,0.0,0.0,0.0,0.0
Q42,2025-03-20 10:20:00,2025-03-20 10:30:00,2025-03-20,2025-03-20 00:00,0.9058,6445.2772,6774.004,-54.787799999999905,0.0,0.0,54.787799999999905,0.0,0.0,0.0,2275.7334884492493,2325.042508449249,0.0,0.0,0.0,0.0
Q42,2025-03-20 10:30:00,2025-03-20 10:40:00,2025-03-20,2025-03-20 00:00,0.9279,6473.61,6879.075,-67.57750000000001,0.0,0.0,67.57750000000001,0.0,0.0,0.0,2325.042508449249,2385.862258449249,0.0,0.0,0.0,0.0
Q42,2025-03-20 10:40:00,2025-03-20 10:50:00,2025-03-20,2025-03-20 00:00,0.927,6454.2353,7268.5137,-135.7130666666667,0.0,0.0,135.7130666666667,0.0,0.0,0.0,2385.862258449249,2508.004018449249,0.0,0.0,0.0,0.0
Q42,2025-03-20 10:50:00,2025-03-20 11:00:00,2025-03-20,2025-03-20 00:00,0.7628,6352.336,7455.3554,-183.83656666666667,0.0,0.0,183.83656666666667,0.0,0.0,0.0,2508.004018449249,2673.456928449249,0.0,0.0,0.0,0.0
Q42,2025-03-20 11:00:00,2025-03-20 11:10:00,2025-03-20,2025-03-20 00:00,0.544,6279.9,7263.0,-163.85000000000005,780.7094429863134,780.7094429863134,833.3333333333334,0.0,0.0,111.22610965298009,2673.456928449249,3423.456928449249,424.7059369845545,0.0,0.0,424.7059369845545
Q42,2025-03-20 11:10:00,2025-03-20 11:20:00,2025-03-20,2025-03-20 00:00,0.5346,6362.0436,7021.6679,-109.9373833333334,721.358489728201,721.358489728201,831.2958730615344,0.0,0.0,0.0,3423.456928449249,4171.62321420463,385.63824860869624,0.0,0.0,385.63824860869624
Q42,2025-03-20 11:20:00,2025-03-20 11:30:00,2025-03-20,2025-03-20 00:00,0.5872,6393.8373,7052.8842,-109.84115000000004,755.6324952044606,755.6324952044606,833.3333333333334,0.0,0.0,32.140311871127324,4171.62321420463,4921.62321420463,443.70740118405934,0.0,0.0,443.70740118405934
Q42,2025-03-20 11:30:00,2025-03-20 11:40:00,2025-03-20,2025-03-20 00:00,0.577,6360.1,7317.5625,-159.57708333333326,761.4883740790486,761.4883740790486,833.3333333333334,0.0,0.0,87.7321240790485,4921.62321420463,5671.62321420463,439.37879184361105,0.0,0.0,439.37879184361105
Q42,2025-03-20 11:40:00,2025-03-20 11:50:00,2025-03-20,2025-03-20 00:00,0.5241,6424.0276,7505.6333,-180.26761666666667,710.6450541098606,710.6450541098606,833.3333333333334,0.0,0.0,57.57933744319382,5671.62321420463,6421.62321420463,372.4490728589779,0.0,0.0,372.4490728589779
Q42,2025-03-20 11:50:00,2025-03-20 12:00:00,2025-03-20,2025-03-20 00:00,0.5111,6379.6216,7635.0323,-209.23511666666656,695.9924556195444,695.9924556195444,833.3333333333334,0.0,0.0,71.89423895287757,6421.62321420463,7171.62321420463,355.7217440671492,0.0,0.0,355.7217440671492
Q42,2025-03-20 12:00:00,2025-03-20 12:10:00,2025-03-20,2025-03-20 00:00,0.5158,6168.32,7818.45,-275.02166666666665,640.5539327730849,640.5539327730849,833.3333333333334,0.0,0.0,82.24226610641813,7171.62321420463,7921.62321420463,330.3977185243572,0.0,0.0,330.3977185243572
Q42,2025-03-20 12:10:00,2025-03-20 12:20:00,2025-03-20,2025-03-20 00:00,0.4519,5958.8116,8082.9395,-354.02131666666673,657.9841721115095,657.9841721115095,833.3333333333334,0.0,0.0,178.67215544484282,7921.62321420463,8671.62321420463,297.3430473771911,0.0,0.0,297.3430473771911
Q42,2025-03-20 12:20:00,2025-03-20 12:30:00,2025-03-20,2025-03-20 00:00,0.4435,5855.2299,8090.5707,-372.55679999999995,661.1646556432574,661.1646556432574,833.3333333333334,0.0,0.0,200.38812230992392,8671.62321420463,9421.62321420463,293.2265247777847,0.0,0.0,293.2265247777847
Q42,2025-03-20 12:30:00,2025-03-20 12:40:00,2025-03-20,2025-03-20 00:00,0.4915,5883.66,7709.3625,-304.28375000000005,570.6800523396234,570.6800523396234,833.3333333333334,0.0,0.0,41.63046900629013,9421.62321420463,10171.62321420463,280.4892457249249,0.0,0.0,280.4892457249249
Q42,2025-03-20 12:40:00,2025-03-20 12:50:00,2025-03-20,2025-03-20 00:00,0.4972,6006.2794,7205.256,-199.82943333333333,608.4595380402515,608.4595380402515,698.1964286615221,0.0,0.0,110.09254271206271,10171.62321420463,10800.0,302.526082313613,0.0,0.0,302.526082313613
Q42,2025-03-20 12:50:00,2025-03-20 13:00:00,2025-03-20,2025-03-20 00:00,0.6604,6168.3548,7206.9442,-173.0982333333333,377.8688339000778,377.8688339000778,0.0,0.0,0.0,550.9670672334111,10800.0,10800.0,249.54457790761137,0.0,0.0,249.54457790761137
Q42,2025-03-20 13:00:00,2025-03-20 13:10:00,2025-03-20,2025-03-20 00:00,0.9001,6351.38,7525.8,-195.73666666666668,0.0,0.0,0.0,0.0,0.0,195.73666666666668,10800.0,10800.0,0.0,0.0,0.0,0.0
Q42,2025-03-20 13:10:00,2025-03-20 13:20:00,2025-03-20,2025-03-20 00:00,0.9125,6510.6216,7339.075,-138.07556666666656,0.0,0.0,0.0,0.0,0.0,138.07556666666656,10800.0,10800.0,0.0,0.0,0.0,0.0
Q42,2025-03-20 13:20:00,2025-03-20 13:30:00,2025-03-20,2025-03-20 00:00,0.919,6358.8315,6900.6338,-90.30038333333323,0.0,0.0,0.0,0.0,0.0,90.30038333333323,10800.0,10800.0,0.0,0.0,0.0,0.0
Q42,2025-03-20 13:30:00,2025-03-20 13:40:00,2025-03-20,2025-03-20 00:00,0.9817,6039.3,6610.0125,-95.11874999999993,0.0,0.0,0.0,0.0,0.0,95.11874999999993,10800.0,10800.0,0.0,0.0,0.0,0.0
Q42,2025-03-20 13:40:00,2025-03-20 13:50:00,2025-03-20,2025-03-20 00:00,0.9361,6028.9848,6642.1795,-102.19911666666667,0.0,0.0,0.0,0.0,0.0,102.19911666666667,10800.0,10800.0,0.0,0.0,0.0,0.0
Q42,2025-03-20 13:50:00,2025-03-20 14:00:00,2025-03-20,2025-03-20 00:00,0.8829,6177.7813,6806.5377,-104.79273333333336,0.0,0.0,0.0,0.0,0.0,104.79273333333336,10800.0,10800.0,0.0,0.0,0.0,0.0
Q42,2025-03-20 14:00:00,2025-03-20 14:10:00,2025-03-20,2025-03-20 00:00,0.8924,6280.02,6799.95,-86.65499999999989,0.0,0.0,0.0,0.0,0.0,86.65499999999989,10800.0,10800.0,0.0,0.0,0.0,0.0
Q42,2025-03-20 14:10:00,2025-03-20 14:20:00,2025-03-20,2025-03-20 00:00,0.9351,6283.4823,6453.6137,-28.355233333333366,0.0,0.0,0.0,0.0,0.0,28.355233333333366,10800.0,10800.0,0.0,0.0,0.0,0.0
Q42,2025-03-20 14:20:00,2025-03-20 14:30:00,2025-03-20,2025-03-20 00:00,0.9817,6314.912,6203.5886,18.553900000000034,0.0,0.0,0.0,18.553900000000034,0.0,0.0,10800.0,10779.384555555556,0.0,0.0,0.0,0.0
Q42,2025-03-20 14:30:00,2025-03-20 14:40:00,2025-03-20,2025-03-20 00:00,1.0267,6352.79,6115.6875,39.517083333333325,0.0,0.0,0.0,39.517083333333325,0.0,0.0,10779.384555555556,10735.476685185185,0.0,0.0,0.0,0.0
Q42,2025-03-20 14:40:00,2025-03-20 14:50:00,2025-03-20,2025-03-20 00:00,1.0547,6259.4213,5837.6616,70.29328333333326,0.0,0.0,0.0,70.29328333333326,0.0,0.0,10735.476685185185,10657.373037037038,0.0,0.0,0.0,0.0
Q42,2025-03-20 14:50:00,2025-03-20 15:00:00,2025-03-20,2025-03-20 00:00,0.9267,6190.1146,5431.9635,126.35851666666667,0.0,0.0,0.0,126.35851666666667,0.0,0.0,10657.373037037038,10516.974685185185,0.0,0.0,0.0,0.0
Q42,2025-03-20 15:00:00,2025-03-20 15:10:00,2025-03-20,2025-03-20 00:00,0.7137,6156.64,5072.775,180.64416666666676,170.38007582343835,170.38007582343835,0.0,10.264090843228416,0.0,0.0,10516.974685185185,10505.57013980382,121.60026011518795,0.0,0.0,121.60026011518795
Q42,2025-03-20 15:10:00,2025-03-20 15:20:00,2025-03-20,2025-03-20 00:00,0.6525,6039.3659,4855.4545,197.31856666666664,1043.1424094518225,1043.1424094518225,327.14428910686667,0.0,0.0,518.6795536782893,10505.57013980382,10800.0,680.6504221673141,0.0,0.0,680.6504221673141
Q42,2025-03-20 15:20:00,2025-03-20 15:30:00,2025-03-20,2025-03-20 00:00,0.6799,6054.6789,4561.8383,248.8067666666666,252.70900967945224,252.70900967945224,0.0,0.0,0.0,3.9022430127856467,10800.0,10800.0,171.81685568105956,0.0,0.0,171.81685568105956
Q42,2025-03-20 15:30:00,2025-03-20 15:40:00,2025-03-20,2025-03-20 00:00,0.7301,6187.68,4146.825,340.14250000000004,313.2369358606741,313.2369358606741,0.0,26.905564139325918,0.0,0.0,10800.0,10770.104928734083,228.69428687187818,0.0,0.0,228.69428687187818
Q42,2025-03-20 15:40:00,2025-03-20 15:50:00,2025-03-20,2025-03-20 00:00,0.805,6195.3721,3778.6785,402.7822666666666,361.83206759669315,361.83206759669315,0.0,40.95019906997345,0.0,0.0,10770.104928734083,10724.604707545224,291.274814415338,0.0,0.0,291.274814415338
Q42,2025-03-20 15:50:00,2025-03-20 16:00:00,2025-03-20,2025-03-20 00:00,0.8788,6186.1376,3471.4229,452.45245,421.98638222176356,421.98638222176356,0.0,30.466067778236436,0.0,0.0,10724.604707545224,10690.753521124961,370.8416326964858,0.0,0.0,370.8416326964858
Q42,2025-03-20 16:00:00,2025-03-20 16:10:00,2025-03-20,2025-03-20 00:00,0.9089,6200.17,3156.225,507.32416666666666,447.48123838245886,447.48123838245886,0.0,59.8429282842078,0.0,0.0,10690.753521124961,10624.261378586953,406.71569756581687,0.0,0.0,406.71569756581687
Q42,2025-03-20 16:10:00,2025-03-20 16:20:00,2025-03-20,2025-03-20 00:00,0.8767,6153.3743,2779.805,562.26155,504.61026113686455,504.61026113686455,0.0,57.651288863135505,0.0,0.0,10624.261378586953,10560.204390961246,442.39181593868915,0.0,0.0,442.39181593868915
Q42,2025-03-20 16:20:00,2025-03-20 16:30:00,2025-03-20,2025-03-20 00:00,0.8888,6101.7592,2507.3559,599.0672166666667,564.9957682052077,564.9957682052077,0.0,34.071448461459,0.0,0.0,10560.204390961246,10522.347226004069,502.1682387807886,0.0,0.0,502.1682387807886
Q42,2025-03-20 16:30:00,2025-03-20 16:40:00,2025-03-20,2025-03-20 00:00,0.9441,6118.95,2334.4125,630.7562499999999,626.3452262301764,626.3452262301764,0.0,4.411023769823487,0.0,0.0,10522.347226004069,10517.446088482044,591.3325280839096,0.0,0.0,591.3325280839096
Q42,2025-03-20 16:40:00,2025-03-20 16:50:00,2025-03-20,2025-03-20 00:00,0.946,6209.4949,2077.0816,688.73555,683.268487885485,683.268487885485,0.0,5.467062114514988,0.0,0.0,10517.446088482044,10511.371575021472,646.3719895396688,0.0,0.0,646.3719895396688
Q42,2025-03-20 16:50:00,2025-03-20 17:00:00,2025-03-20,2025-03-20 00:00,0.9677,6190.199,1733.8533,742.7242833333332,736.0270818481208,736.0270818481208,0.0,6.6972014852124175,0.0,0.0,10511.371575021472,10503.930240037904,712.2534071044265,0.0,0.0,712.2534071044265
Q42,2025-03-20 17:00:00,2025-03-20 17:10:00,2025-03-20,2025-03-20 00:00,1.0139,6102.19,1377.7125,787.4129166666664,780.9785745889315,780.9785745889315,0.0,6.434342077734982,0.0,0.0,10503.930240037904,10496.780971062642,791.8341767757177,0.0,0.0,791.8341767757177
Q42,2025-03-20 17:10:00,2025-03-20 17:20:00,2025-03-20,2025-03-20 00:00,1.0152,6143.2969,1083.9022,843.2324500000001,846.286745648291,846.286745648291,3.0542956482909176,0.0,0.0,0.0,10496.780971062642,10499.529837146105,859.1503041821451,0.0,0.0,859.1503041821451
Q42,2025-03-20 17:20:00,2025-03-20 17:30:00,2025-03-20,2025-03-20 00:00,1.0487,6075.0134,831.8823,873.8551833333332,873.9784169712327,873.9784169712327,0.12323363789948871,0.0,0.0,0.0,10499.529837146105,10499.640747420215,916.5411658777317,0.0,0.0,916.5411658777317
Q42,2025-03-20 17:30:00,2025-03-20 17:40:00,2025-03-20,2025-03-20 00:00,1.0879,6025.68,597.3375,904.7237500000001,922.0426333156325,922.0426333156325,17.318883315632434,0.0,0.0,0.0,10499.640747420215,10515.227742404284,1003.0901807840768,0.0,0.0,1003.0901807840768
Q42,2025-03-20 17:40:00,2025-03-20 17:50:00,2025-03-20,2025-03-20 00:00,1.0391,6213.4416,374.8971,973.09075,1003.8725404259305,1003.8725404259305,30.78179042593058,0.0,0.0,0.0,10515.227742404284,10542.931353787622,1043.1239567565842,0.0,0.0,1043.1239567565842
Q42,2025-03-20 17:50:00,2025-03-20 18:00:00,2025-03-20,2025-03-20 00:00,1.0932,5394.1467,156.1276,873.0031833333334,924.5163485098053,924.5163485098053,51.513165176471944,0.0,0.0,0.0,10542.931353787622,10589.293202446446,1010.6812721909191,0.0,0.0,1010.6812721909191
Q42,2025-03-20 18:00:00,2025-03-20 18:10:00,2025-03-20,2025-03-20 00:00,1.2488,4094.12,0.0,682.3533333333332,736.8127855410182,736.8127855410182,54.45945220768499,0.0,0.0,0.0,10589.293202446446,10638.306709433362,920.1318065836235,0.0,0.0,920.1318065836235
Q42,2025-03-20 18:10:00,2025-03-20 18:20:00,2025-03-20,2025-03-20 00:00,1.2993,4187.9837,0.0,697.9972833333333,0.0,0.0,0.0,697.9972833333333,0.0,0.0,10638.306709433362,9862.754172396326,0.0,0.0,0.0,0.0
Q42,2025-03-20 18:20:00,2025-03-20 18:30:00,2025-03-20,2025-03-20 00:00,1.2761,4441.4267,5.5774,739.3082166666666,0.0,0.0,0.0,739.3082166666666,0.0,0.0,9862.754172396326,9041.300598322252,0.0,0.0,0.0,0.0
Q42,2025-03-20 18:30:00,2025-03-20 18:40:00,2025-03-20,2025-03-20 00:00,1.2567,4255.45,0.0,709.2416666666666,748.3179556133925,748.3179556133925,39.07628894672598,0.0,0.0,0.0,9041.300598322252,9076.469258374305,940.4111748193503,0.0,0.0,940.4111748193503
Q42,2025-03-20 18:40:00,2025-03-20 18:50:00,2025-03-20,2025-03-20 00:00,1.2773,4286.5369,0.0,714.4228166666667,0.0,0.0,0.0,714.4228166666667,0.0,0.0,9076.469258374305,8282.666128744675,0.0,0.0,0.0,0.0
Q42,2025-03-20 18:50:00,2025-03-20 19:00:00,2025-03-20,2025-03-20 00:00,1.2813,4470.2464,0.4004,744.9743333333332,0.0,0.0,0.0,744.9743333333332,0.0,0.0,8282.666128744675,7454.916869485416,0.0,0.0,0.0,0.0
Q42,2025-03-20 19:00:00,2025-03-20 19:10:00,2025-03-20,2025-03-20 00:00,1.2693,4579.24,0.0,763.2066666666666,0.0,0.0,0.0,763.2066666666666,0.0,0.0,7454.916869485416,6606.909462078009,0.0,0.0,0.0,0.0
Q42,2025-03-20 19:10:00,2025-03-20 19:20:00,2025-03-20,2025-03-20 00:00,1.2899,4480.3082,0.0,746.7180333333333,0.0,0.0,0.0,746.7180333333333,0.0,0.0,6606.909462078009,5777.222758374305,0.0,0.0,0.0,0.0
Q42,2025-03-20 19:20:00,2025-03-20 19:30:00,2025-03-20,2025-03-20 00:00,1.2669,4285.5618,0.0288,714.2555,228.3514671612324,228.3514671612324,0.0,485.9040328387676,0.0,0.0,5777.222758374305,5237.329388553452,289.2984737465653,0.0,0.0,289.2984737465653
Q42,2025-03-20 19:30:00,2025-03-20 19:40:00,2025-03-20,2025-03-20 00:00,1.2323,4196.78,0.0,699.4633333333333,735.4954792013447,735.4954792013447,36.03214586801141,0.0,0.0,0.0,5237.329388553452,5269.758319834663,906.351079019817,0.0,0.0,906.351079019817
Q42,2025-03-20 19:40:00,2025-03-20 19:50:00,2025-03-20,2025-03-20 00:00,1.2902,4330.8684,0.0,721.8114,0.0,0.0,0.0,721.8114,0.0,0.0,5269.758319834663,4467.745653167996,0.0,0.0,0.0,0.0
Q42,2025-03-20 19:50:00,2025-03-20 20:00:00,2025-03-20,2025-03-20 00:00,1.2824,4370.9481,0.0021,728.491,0.0,0.0,0.0,728.491,0.0,0.0,4467.745653167996,3658.311208723552,0.0,0.0,0.0,0.0
Q42,2025-03-20 20:00:00,2025-03-20 20:10:00,2025-03-20,2025-03-20 00:00,1.2233,4358.21,0.0,726.3683333333333,725.5206567083129,725.5206567083129,0.0,0.8476766250204264,0.0,0.0,3658.311208723552,3657.369345806863,887.5294193512792,0.0,0.0,887.5294193512792
Q42,2025-03-20 20:10:00,2025-03-20 20:20:00,2025-03-20,2025-03-20 00:00,1.2789,4586.0191,0.0,764.3365166666667,0.0,0.0,0.0,764.3365166666667,0.0,0.0,3657.369345806863,2808.1065495105668,0.0,0.0,0.0,0.0
Q42,2025-03-20 20:20:00,2025-03-20 20:30:00,2025-03-20,2025-03-20 00:00,1.2779,4523.6629,0.0,753.9438166666666,0.0,0.0,0.0,753.9438166666666,0.0,0.0,2808.1065495105668,1970.391197658715,0.0,0.0,0.0,0.0
Q42,2025-03-20 20:30:00,2025-03-20 20:40:00,2025-03-20,2025-03-20 00:00,1.2388,4215.37,0.0,702.5616666666666,734.5921283131263,734.5921283131263,32.030461646459685,0.0,0.0,0.0,1970.391197658715,1999.2186131405288,910.0127285543008,0.0,0.0,910.0127285543008
Q42,2025-03-20 20:40:00,2025-03-20 20:50:00,2025-03-20,2025-03-20 00:00,1.3228,4256.2469,0.0,709.3744833333333,0.0,0.0,0.0,709.3744833333333,0.0,0.0,1999.2186131405288,1211.0247427701584,0.0,0.0,0.0,0.0
Q42,2025-03-20 20:50:00,2025-03-20 21:00:00,2025-03-20,2025-03-20 00:00,1.1769,4319.0159,0.0,719.8359833333334,760.7274453904708,760.7274453904708,40.89146205713746,0.0,0.0,0.0,1211.0247427701584,1247.8270586215822,895.3001304800451,0.0,0.0,895.3001304800451
Q42,2025-03-20 21:00:00,2025-03-20 21:10:00,2025-03-20,2025-03-20 00:00,0.8862,4257.25,0.0,709.5416666666666,765.9801971713168,765.9801971713168,56.4385305046502,0.0,0.0,0.0,1247.8270586215822,1298.6217360757673,678.811650733221,0.0,0.0,678.811650733221
Q42,2025-03-20 21:10:00,2025-03-20 21:20:00,2025-03-20,2025-03-20 00:00,0.917,4290.2681,0.0,715.0446833333333,752.8952181325482,752.8952181325482,37.85053479921487,0.0,0.0,0.0,1298.6217360757673,1332.6872173950608,690.4049150275467,0.0,0.0,690.4049150275467
Q42,2025-03-20 21:20:00,2025-03-20 21:30:00,2025-03-20,2025-03-20 00:00,0.9999,4418.7036,0.0,736.4505999999999,748.3297450041354,748.3297450041354,11.879145004135466,0.0,0.0,0.0,1332.6872173950608,1343.3784478987827,748.254912029635,0.0,0.0,748.254912029635
Q42,2025-03-20 21:30:00,2025-03-20 21:40:00,2025-03-20,2025-03-20 00:00,0.9964,4553.6,0.0,758.9333333333334,747.9496586234452,747.9496586234452,0.0,10.983674709888192,0.0,0.0,1343.3784478987827,1331.174364887796,745.2570398524008,0.0,0.0,745.2570398524008
Q42,2025-03-20 21:40:00,2025-03-20 21:50:00,2025-03-20,2025-03-20 00:00,1.0003,4526.2528,0.0,754.3754666666666,759.9898045610898,759.9898045610898,5.614337894423215,0.0,0.0,0.0,1331.174364887796,1336.2272689927768,760.2178015024581,0.0,0.0,760.2178015024581
Q42,2025-03-20 21:50:00,2025-03-20 22:00:00,2025-03-20,2025-03-20 00:00,0.7708,4001.6252,0.0,666.9375333333332,685.988933025443,685.988933025443,19.051399692109726,0.0,0.0,0.0,1336.2272689927768,1353.3735287156755,528.7602695760115,0.0,0.0,528.7602695760115
Q42,2025-03-20 22:00:00,2025-03-20 22:10:00,2025-03-20,2025-03-20 00:00,0.419,3318.94,0.0,553.1566666666666,573.6737071581232,573.6737071581232,20.517040491456555,0.0,0.0,0.0,1353.3735287156755,1371.8388651579864,240.3692832992536,0.0,0.0,240.3692832992536
Q42,2025-03-20 22:10:00,2025-03-20 22:20:00,2025-03-20,2025-03-20 00:00,0.3484,3233.4088,0.0,538.9014666666667,1393.4780138909005,1393.4780138909005,833.3333333333334,0.0,0.0,21.243213890900392,1371.8388651579864,2121.838865157986,485.4877400395897,0.0,0.0,485.4877400395897
Q42,2025-03-20 22:20:00,2025-03-20 22:30:00,2025-03-20,2025-03-20 00:00,0.3833,3319.971,0.0,553.3285,573.8650695985291,573.8650695985291,20.536569598529127,0.0,0.0,0.0,2121.838865157986,2140.3217777966624,219.9624811771162,0.0,0.0,219.9624811771162
Q42,2025-03-20 22:30:00,2025-03-20 22:40:00,2025-03-20,2025-03-20 00:00,0.3903,3255.84,0.0,542.64,569.963872335175,569.963872335175,27.323872335174997,0.0,0.0,0.0,2140.3217777966624,2164.9132628983198,222.45689937241877,0.0,0.0,222.45689937241877
Q42,2025-03-20 22:40:00,2025-03-20 22:50:00,2025-03-20,2025-03-20 00:00,0.4126,3144.1326,0.0,524.0220999999999,585.4868033994941,585.4868033994941,61.46470339949417,0.0,0.0,0.0,2164.9132628983198,2220.2314959578644,241.57185508263126,0.0,0.0,241.57185508263126
Q42,2025-03-20 22:50:00,2025-03-20 23:00:00,2025-03-20,2025-03-20 00:00,0.4343,3161.8174,0.0,526.9695666666667,583.7815970741008,583.7815970741008,56.81203040743412,0.0,0.0,0.0,2220.2314959578644,2271.3623233245553,253.536347609282,0.0,0.0,253.536347609282
Q42,2025-03-20 23:00:00,2025-03-20 23:10:00,2025-03-20,2025-03-20 00:00,0.4428,3296.4,0.0,549.4,0.0,0.0,0.0,549.4,0.0,0.0,2271.3623233245553,1660.917878880111,0.0,0.0,0.0,0.0
Q42,2025-03-20 23:10:00,2025-03-20 23:20:00,2025-03-20,2025-03-20 00:00,0.4397,3356.4081,0.0,559.40135,492.0283560833921,492.0283560833921,0.0,67.37299391660787,0.0,0.0,1660.917878880111,1586.0589967505466,216.3448681698675,0.0,0.0,216.3448681698675
Q42,2025-03-20 23:20:00,2025-03-20 23:30:00,2025-03-20,2025-03-20 00:00,0.4049,3261.7676,0.0,543.6279333333333,594.1092898676421,594.1092898676421,50.481356534308816,0.0,0.0,0.0,1586.0589967505466,1631.4922176314246,240.5548514674083,0.0,0.0,240.5548514674083
Q42,2025-03-20 23:30:00,2025-03-20 23:40:00,2025-03-20,2025-03-20 00:00,0.3814,3267.73,0.0,544.6216666666667,577.3389354458756,577.3389354458756,32.717268779208894,0.0,0.0,0.0,1631.4922176314246,1660.9377595327126,220.19706997905695,0.0,0.0,220.19706997905695
Q42,2025-03-20 23:40:00,2025-03-20 23:50:00,2025-03-20,2025-03-20 00:00,0.4248,3604.076,0.0,600.6793333333333,572.5513610783705,572.5513610783705,0.0,28.127972254962742,0.0,0.0,1660.9377595327126,1629.6844570271985,243.2198181860918,0.0,0.0,243.2198181860918
Q42,2025-03-20 23:50:00,2025-03-21 00:00:00,2025-03-20,2025-03-20 00:00,0.3795,3245.8691,0.0,540.9781833333333,533.7197460631794,533.7197460631794,0.0,7.258437270153877,0.0,0.0,1629.6844570271985,1621.6195267270275,202.54664363097658,0.0,0.0,202.54664363097658
Q42,2025-06-21 00:00:00,2025-06-21 00:10:00,2025-06-20,2025-06-20 00:00,0.3917,3230.95,0.0,538.4916666666666,566.1480790637115,566.1480790637115,27.65641239704496,0.0,0.0,0.0,2635.4440275529983,2660.334798710339,221.7602025692558,0.0,0.0,221.7602025692558
Q42,2025-06-21 00:10:00,2025-06-21 00:20:00,2025-06-21,2025-06-21 00:00,0.3564,3087.9838,0.0,514.6639666666666,585.9150174647684,585.9150174647684,71.2510507981018,0.0,0.0,0.0,2660.334798710339,2724.4607444286303,208.82011222444348,0.0,0.0,208.82011222444348
Q42,2025-06-21 00:20:00,2025-06-21 00:30:00,2025-06-21,2025-06-21 00:00,0.3908,3200.0919,0.0,533.3486499999999,553.1925669535344,553.1925669535344,19.843916953534517,0.0,0.0,0.0,2724.4607444286303,2742.320269686811,216.18765516544124,0.0,0.0,216.18765516544124
Q42,2025-06-21 00:30:00,2025-06-21 00:40:00,2025-06-21,2025-06-21 00:00,0.4598,3401.46,0.0,566.91,0.0,0.0,0.0,566.91,0.0,0.0,2742.320269686811,2112.420269686811,0.0,0.0,0.0,0.0
Q42,2025-06-21 00:40:00,2025-06-21 00:50:00,2025-06-21,2025-06-21 00:00,0.409,3063.5261,0.0,510.5876833333333,550.3154408430512,550.3154408430512,39.72775750971789,0.0,0.0,0.0,2112.420269686811,2148.175251445557,225.0790153048079,0.0,0.0,225.0790153048079
Q42,2025-06-21 00:50:00,2025-06-21 01:00:00,2025-06-21,2025-06-21 00:00,0.3618,2820.2572,0.0,470.04286666666667,550.7129543964779,550.7129543964779,80.67008772981126,0.0,0.0,0.0,2148.175251445557,2220.778330402387,199.24794690064573,0.0,0.0,199.24794690064573
Q42,2025-06-21 01:00:00,2025-06-21 01:10:00,2025-06-21,2025-06-21 00:00,0.3786,2883.38,0.0,480.56333333333333,554.5760271317884,554.5760271317884,74.01269379845502,0.0,0.0,0.0,2220.778330402387,2287.3897548209966,209.96248387209508,0.0,0.0,209.96248387209508
Q42,2025-06-21 01:10:00,2025-06-21 01:20:00,2025-06-21,2025-06-21 00:00,0.3988,2869.9796,0.0,478.3299333333333,567.1066116977934,567.1066116977934,88.77667836446005,0.0,0.0,0.0,2287.3897548209966,2367.2887653490106,226.16211674508,0.0,0.0,226.16211674508
Q42,2025-06-21 01:20:00,2025-06-21 01:30:00,2025-06-21,2025-06-21 00:00,0.4164,2985.8287,0.0,497.63811666666663,551.5127192378502,551.5127192378502,53.87460257118357,0.0,0.0,0.0,2367.2887653490106,2415.775907663076,229.6498962906408,0.0,0.0,229.6498962906408
Q42,2025-06-21 01:30:00,2025-06-21 01:40:00,2025-06-21,2025-06-21 00:00,0.4254,3164.18,0.0,527.3633333333332,528.8400638012193,528.8400638012193,1.4767304678861137,0.0,0.0,0.0,2415.775907663076,2417.1049650841733,224.96856314103871,0.0,0.0,224.96856314103871
Q42,2025-06-21 01:40:00,2025-06-21 01:50:00,2025-06-21,2025-06-21 00:00,0.4165,3064.8457,0.0,510.8076166666666,522.1570319578437,522.1570319578437,11.349415291177138,0.0,0.0,0.0,2417.1049650841733,2427.3194388462325,217.4784038104419,0.0,0.0,217.4784038104419
Q42,2025-06-21 01:50:00,2025-06-21 02:00:00,2025-06-21,2025-06-21 00:00,0.4295,2954.0459,0.0,492.3409833333333,266.25379244739224,266.25379244739224,0.0,226.08719088594108,0.0,0.0,2427.3194388462325,2176.111448972965,114.35600385615497,0.0,0.0,114.35600385615497
Q42,2025-06-21 02:00:00,2025-06-21 02:10:00,2025-06-21,2025-06-21 00:00,0.4451,2994.62,0.0,499.1033333333333,0.0,0.0,0.0,499.1033333333333,0.0,0.0,2176.111448972965,1621.5521897137055,0.0,0.0,0.0,0.0
Q42,2025-06-21 02:10:00,2025-06-21 02:20:00,2025-06-21,2025-06-21 00:00,0.405,3072.4014,0.0,512.0669,510.2035320956104,510.2035320956104,0.0,1.8633679043896336,0.0,0.0,1621.5521897137055,1619.4817809310503,206.63243049872221,0.0,0.0,206.63243049872221
Q42,2025-06-21 02:20:00,2025-06-21 02:30:00,2025-06-21,2025-06-21 00:00,0.3784,3013.1015,0.0,502.18358333333333,514.6589393010785,514.6589393010785,12.475355967745145,0.0,0.0,0.0,1619.4817809310503,1630.709601302021,194.7469426315281,0.0,0.0,194.7469426315281
Q42,2025-06-21 02:30:00,2025-06-21 02:40:00,2025-06-21,2025-06-21 00:00,0.3917,2838.75,0.0,473.125,480.66183191560606,480.66183191560606,7.536831915606058,0.0,0.0,0.0,1630.709601302021,1637.4927500260665,188.2752395613429,0.0,0.0,188.2752395613429
Q42,2025-06-21 02:40:00,2025-06-21 02:50:00,2025-06-21,2025-06-21 00:00,0.3964,2749.9199,0.0,458.3199833333333,505.3337438246458,505.3337438246458,47.013760491312496,0.0,0.0,0.0,1637.4927500260665,1679.8051344682476,200.3142960520896,0.0,0.0,200.3142960520896
Q42,2025-06-21 02:50:00,2025-06-21 03:00:00,2025-06-21,2025-06-21 00:00,0.3495,2820.5847,0.0,470.09745,496.3097423639382,496.3097423639382,26.212292363938218,0.0,0.0,0.0,1679.8051344682476,1703.396197595792,173.4602549561964,0.0,0.0,173.4602549561964
Q42,2025-06-21 03:00:00,2025-06-21 03:10:00,2025-06-21,2025-06-21 00:00,0.3048,2936.24,0.0,489.3733333333333,1316.6912922600332,1316.6912922600332,827.3179589266999,0.0,0.0,0.0,1703.396197595792,2447.982360629822,401.3275058808581,0.0,0.0,401.3275058808581
Q42,2025-06-21 03:10:00,2025-06-21 03:20:00,2025-06-21,2025-06-21 00:00,0.3585,2920.1894,0.0012,486.69803333333334,477.9984711481446,477.9984711481446,0.0,8.699562185188768,0.0,0.0,2447.982360629822,2438.3161804240567,171.36245190660983,0.0,0.0,171.36245190660983
Q42,2025-06-21 03:20:00,2025-06-21 03:30:00,2025-06-21,2025-06-21 00:00,0.4058,2951.0328,0.0,491.8388,300.7455926222605,300.7455926222605,0.0,191.09320737773947,0.0,0.0,2438.3161804240567,2225.9903944487905,122.04256148611331,0.0,0.0,122.04256148611331
Q42,2025-06-21 03:30:00,2025-06-21 03:40:00,2025-06-21,2025-06-21 00:00,0.4053,2977.51,0.0,496.25166666666667,485.31381392056676,485.31381392056676,0.0,10.937852746099907,0.0,0.0,2225.9903944487905,2213.8372247309017,196.6976887820057,0.0,0.0,196.6976887820057
Q42,2025-06-21 03:40:00,2025-06-21 03:50:00,2025-06-21,2025-06-21 00:00,0.4087,2780.298,0.0162,463.3802999999999,0.0,0.0,0.0,463.3802999999999,0.0,0.0,2213.8372247309017,1698.970224730902,0.0,0.0,0.0,0.0
Q42,2025-06-21 03:50:00,2025-06-21 04:00:00,2025-06-21,2025-06-21 00:00,0.3866,2728.3059,0.0,454.71764999999994,498.37782594439,498.37782594439,43.66017594439006,0.0,0.0,0.0,1698.970224730902,1738.264383080853,192.67286751010118,0.0,0.0,192.67286751010118
Q42,2025-06-21 04:00:00,2025-06-21 04:10:00,2025-06-21,2025-06-21 00:00,0.3566,2862.19,0.0,477.03166666666664,496.364491617386,496.364491617386,19.332824950719385,0.0,0.0,0.0,1738.264383080853,1755.6639255365003,177.00357771075983,0.0,0.0,177.00357771075983
Q42,2025-06-21 04:10:00,2025-06-21 04:20:00,2025-06-21,2025-06-21 00:00,0.3708,2845.9182,0.2263,474.28198333333336,493.7392389141617,493.7392389141617,19.45725558082836,0.0,0.0,0.0,1755.6639255365003,1773.1754555592458,183.07850978937117,0.0,0.0,183.07850978937117
Q42,2025-06-21 04:20:00,2025-06-21 04:30:00,2025-06-21,2025-06-21 00:00,0.3532,2748.951,0.0,458.1585,468.98596199289943,468.98596199289943,10.82746199289943,0.0,0.0,0.0,1773.1754555592458,1782.9201713528553,165.64584177589208,0.0,0.0,165.64584177589208
Q42,2025-06-21 04:30:00,2025-06-21 04:40:00,2025-06-21,2025-06-21 00:00,0.3096,2677.31,0.0,446.2183333333333,1306.9407185228076,1306.9407185228076,833.3333333333334,0.0,0.0,27.38905185614101,1782.9201713528553,2532.9201713528555,404.62884645466124,0.0,0.0,404.62884645466124
Q42,2025-06-21 04:40:00,2025-06-21 04:50:00,2025-06-21,2025-06-21 00:00,0.3237,2660.8713,3.1516,442.9532833333333,473.130011025915,473.130011025915,30.17672769258172,0.0,0.0,0.0,2532.9201713528555,2560.0792262761793,153.1521845690887,0.0,0.0,153.1521845690887
Q42,2025-06-21 04:50:00,2025-06-21 05:00:00,2025-06-21,2025-06-21 00:00,0.3321,2702.3205,0.0,450.38674999999995,478.9390593523648,478.9390593523648,28.55230935236483,0.0,0.0,0.0,2560.0792262761793,2585.776304693308,159.05566161092034,0.0,0.0,159.05566161092034
Q42,2025-06-21 05:00:00,2025-06-21 05:10:00,2025-06-21,2025-06-21 00:00,0.3143,2732.32,7.275,454.1741666666667,1285.1883136137194,1285.1883136137194,831.0141469470527,0.0,0.0,0.0,2585.776304693308,3333.689036945655,403.93468696879205,0.0,0.0,403.93468696879205
Q42,2025-06-21 05:10:00,2025-06-21 05:20:00,2025-06-21,2025-06-21 00:00,0.3191,2664.7178,116.7655,424.65871666666663,506.20544176784745,506.20544176784745,81.54672510118081,0.0,0.0,0.0,3333.689036945655,3407.0810895367176,161.5301564681201,0.0,0.0,161.5301564681201
Q42,2025-06-21 05:20:00,2025-06-21 05:30:00,2025-06-21,2025-06-21 00:00,0.3488,2606.871,263.9703,390.48345,404.7082785390386,404.7082785390386,14.224828539038583,0.0,0.0,0.0,3407.0810895367176,3419.8834352218523,141.16224755441667,0.0,0.0,141.16224755441667
Q42,2025-06-21 05:30:00,2025-06-21 05:40:00,2025-06-21,2025-06-21 00:00,0.3395,2642.15,417.075,370.84583333333336,383.15532575633904,383.15532575633904,12.309492423005679,0.0,0.0,0.0,3419.8834352218523,3430.9619784025576,130.0812330942771,0.0,0.0,130.0812330942771
Q42,2025-06-21 05:40:00,2025-06-21 05:50:00,2025-06-21,2025-06-21 00:00,0.2621,2745.0641,587.5961,359.578,1184.8008356694888,1184.8008356694888,825.2228356694889,0.0,0.0,0.0,3430.9619784025576,4173.6625305050975,310.536299028973,0.0,0.0,310.536299028973
Q42,2025-06-21 05:50:00,2025-06-21 06:00:00,2025-06-21,2025-06-21 00:00,0.4169,2758.042,735.8325,337.0349166666666,0.0,0.0,0.0,337.0349166666666,0.0,0.0,4173.6625305050975,3799.179289764357,0.0,0.0,0.0,0.0
Q42,2025-06-21 06:00:00,2025-06-21 06:10:00,2025-06-21,2025-06-21 00:00,0.7087,2741.64,890.7,308.48999999999995,0.0,0.0,0.0,308.48999999999995,0.0,0.0,3799.179289764357,3456.4126230976904,0.0,0.0,0.0,0.0
Q42,2025-06-21 06:10:00,2025-06-21 06:20:00,2025-06-21,2025-06-21 00:00,0.7158,2888.7304,1136.9554,291.9625,0.0,0.0,0.0,291.9625,0.0,0.0,3456.4126230976904,3132.0098453199125,0.0,0.0,0.0,0.0
Q42,2025-06-21 06:20:00,2025-06-21 06:30:00,2025-06-21,2025-06-21 00:00,0.6144,2932.231,1453.4028,246.47136666666668,0.0,0.0,0.0,246.47136666666668,0.0,0.0,3132.0098453199125,2858.1527712458383,0.0,0.0,0.0,0.0
Q42,2025-06-21 06:30:00,2025-06-21 06:40:00,2025-06-21,2025-06-21 00:00,0.5732,2764.02,1765.9125,166.35125,0.0,0.0,0.0,166.35125,0.0,0.0,2858.1527712458383,2673.318049023616,0.0,0.0,0.0,0.0
Q42,2025-06-21 06:40:00,2025-06-21 06:50:00,2025-06-21,2025-06-21 00:00,0.586,2606.6137,2022.3026,97.38518333333332,0.0,0.0,0.0,97.38518333333332,0.0,0.0,2673.318049023616,2565.112289764357,0.0,0.0,0.0,0.0
Q42,2025-06-21 06:50:00,2025-06-21 07:00:00,2025-06-21,2025-06-21 00:00,0.6004,2867.7649,2350.4923,86.21210000000004,0.0,0.0,0.0,86.21210000000004,0.0,0.0,2565.112289764357,2469.3210675421346,0.0,0.0,0.0,0.0
Q42,2025-06-21 07:00:00,2025-06-21 07:10:00,2025-06-21,2025-06-21 00:00,0.5991,3304.27,2699.25,100.83666666666666,0.0,0.0,0.0,100.83666666666666,0.0,0.0,2469.3210675421346,2357.280326801394,0.0,0.0,0.0,0.0
Q42,2025-06-21 07:10:00,2025-06-21 07:20:00,2025-06-21,2025-06-21 00:00,0.598,3254.3169,2874.6231,63.2823,0.0,0.0,0.0,63.2823,0.0,0.0,2357.280326801394,2286.9666601347276,0.0,0.0,0.0,0.0
Q42,2025-06-21 07:20:00,2025-06-21 07:30:00,2025-06-21,2025-06-21 00:00,0.5678,3137.5948,3006.0287,21.927683333333334,0.0,0.0,0.0,21.927683333333334,0.0,0.0,2286.9666601347276,2262.602567542135,0.0,0.0,0.0,0.0
Q42,2025-06-21 07:30:00,2025-06-21 07:40:00,2025-06-21,2025-06-21 00:00,0.5032,3174.85,3224.8875,-8.339583333333318,0.0,0.0,8.339583333333318,0.0,0.0,0.0,2262.602567542135,2270.108192542135,0.0,0.0,0.0,0.0
Q42,2025-06-21 07:40:00,2025-06-21 07:50:00,2025-06-21,2025-06-21 00:00,0.4634,3159.7263,3537.527,-62.96678333333337,0.0,0.0,62.96678333333337,0.0,0.0,0.0,2270.108192542135,2326.778297542135,0.0,0.0,0.0,0.0
Q42,2025-06-21 07:50:00,2025-06-21 08:00:00,2025-06-21,2025-06-21 00:00,0.6087,3087.5763,3785.3986,-116.30371666666663,0.0,0.0,116.30371666666663,0.0,0.0,0.0,2326.778297542135,2431.4516425421352,0.0,0.0,0.0,0.0
Q42,2025-06-21 08:00:00,2025-06-21 08:10:00,2025-06-21,2025-06-21 00:00,0.8359,3062.36,4003.425,-156.84416666666667,0.0,0.0,156.84416666666667,0.0,0.0,0.0,2431.4516425421352,2572.611392542135,0.0,0.0,0.0,0.0
Q42,2025-06-21 08:10:00,2025-06-21 08:20:00,2025-06-21,2025-06-21 00:00,0.8537,3162.0197,4334.7324,-195.45211666666665,0.0,0.0,195.45211666666665,0.0,0.0,0.0,2572.611392542135,2748.518297542135,0.0,0.0,0.0,0.0
Q42,2025-06-21 08:20:00,2025-06-21 08:30:00,2025-06-21,2025-06-21 00:00,0.7708,3160.9922,4441.8035,-213.46854999999996,0.0,0.0,213.46854999999996,0.0,0.0,0.0,2748.518297542135,2940.6399925421347,0.0,0.0,0.0,0.0
Q42,2025-06-21 08:30:00,2025-06-21 08:40:00,2025-06-21,2025-06-21 00:00,0.7264,3037.59,4358.7,-220.18499999999995,0.0,0.0,220.18499999999995,0.0,0.0,0.0,2940.6399925421347,3138.8064925421345,0.0,0.0,0.0,0.0
Q42,2025-06-21 08:40:00,2025-06-21 08:50:00,2025-06-21,2025-06-21 00:00,0.7632,3030.9974,4479.895,-241.48293333333336,0.0,0.0,241.48293333333336,0.0,0.0,0.0,3138.8064925421345,3356.1411325421345,0.0,0.0,0.0,0.0
Q42,2025-06-21 08:50:00,2025-06-21 09:00:00,2025-06-21,2025-06-21 00:00,0.8305,3289.939,4668.5166,-229.76293333333334,0.0,0.0,229.76293333333334,0.0,0.0,0.0,3356.1411325421345,3562.9277725421343,0.0,0.0,0.0,0.0
Q42,2025-06-21 09:00:00,2025-06-21 09:10:00,2025-06-21,2025-06-21 00:00,0.8764,3650.62,4746.075,-182.57583333333332,0.0,0.0,182.57583333333332,0.0,0.0,0.0,3562.9277725421343,3727.246022542134,0.0,0.0,0.0,0.0
Q42,2025-06-21 09:10:00,2025-06-21 09:20:00,2025-06-21,2025-06-21 00:00,0.8731,3785.9011,4746.9534,-160.17538333333337,0.0,0.0,160.17538333333337,0.0,0.0,0.0,3727.246022542134,3871.4038675421343,0.0,0.0,0.0,0.0
Q42,2025-06-21 09:20:00,2025-06-21 09:30:00,2025-06-21,2025-06-21 00:00,0.8073,3849.6183,5139.4381,-214.9699666666667,0.0,0.0,214.9699666666667,0.0,0.0,0.0,3871.4038675421343,4064.876837542134,0.0,0.0,0.0,0.0
Q42,2025-06-21 09:30:00,2025-06-21 09:40:00,2025-06-21,2025-06-21 00:00,0.7234,3824.6,5794.3125,-328.28541666666666,0.0,0.0,328.28541666666666,0.0,0.0,0.0,4064.876837542134,4360.333712542134,0.0,0.0,0.0,0.0
Q42,2025-06-21 09:40:00,2025-06-21 09:50:00,2025-06-21,2025-06-21 00:00,0.6977,3582.3586,6109.068,-421.11823333333336,0.0,0.0,421.11823333333336,0.0,0.0,0.0,4360.333712542134,4739.340122542134,0.0,0.0,0.0,0.0
Q42,2025-06-21 09:50:00,2025-06-21 10:00:00,2025-06-21,2025-06-21 00:00,0.7164,3687.9447,6385.1018,-449.5261833333334,0.0,0.0,449.5261833333334,0.0,0.0,0.0,4739.340122542134,5143.913687542134,0.0,0.0,0.0,0.0
Q42,2025-06-21 10:00:00,2025-06-21 10:10:00,2025-06-21,2025-06-21 00:00,0.7212,4000.14,6643.5375,-440.5662500000001,0.0,0.0,440.5662500000001,0.0,0.0,0.0,5143.913687542134,5540.423312542133,0.0,0.0,0.0,0.0
Q42,2025-06-21 10:10:00,2025-06-21 10:20:00,2025-06-21,2025-06-21 00:00,0.6702,3826.1041,6589.8893,-460.63086666666663,0.0,0.0,460.63086666666663,0.0,0.0,0.0,5540.423312542133,5954.991092542134,0.0,0.0,0.0,0.0
Q42,2025-06-21 10:20:00,2025-06-21 10:30:00,2025-06-21,2025-06-21 00:00,0.6649,3761.4976,6695.6004,-489.01713333333333,0.0,0.0,489.01713333333333,0.0,0.0,0.0,5954.991092542134,6395.106512542134,0.0,0.0,0.0,0.0
Q42,2025-06-21 10:30:00,2025-06-21 10:40:00,2025-06-21,2025-06-21 00:00,0.7152,3901.91,7000.9875,-516.5129166666667,0.0,0.0,516.5129166666667,0.0,0.0,0.0,6395.106512542134,6859.968137542133,0.0,0.0,0.0,0.0
Q42,2025-06-21 10:40:00,2025-06-21 10:50:00,2025-06-21,2025-06-21 00:00,0.7053,3726.7535,7093.8409,-561.1812333333334,0.0,0.0,561.1812333333334,0.0,0.0,0.0,6859.968137542133,7365.031247542133,0.0,0.0,0.0,0.0
Q42,2025-06-21 10:50:00,2025-06-21 11:00:00,2025-06-21,2025-06-21 00:00,0.5367,3565.5609,7243.1188,-612.9263166666667,0.0,0.0,612.9263166666667,0.0,0.0,0.0,7365.031247542133,7916.664932542133,0.0,0.0,0.0,0.0
Q42,2025-06-21 11:00:00,2025-06-21 11:10:00,2025-06-21,2025-06-21 00:00,0.3314,3679.21,7400.1,-620.1483333333333,0.0,0.0,620.1483333333333,0.0,0.0,0.0,7916.664932542133,8474.798432542133,0.0,0.0,0.0,0.0
Q42,2025-06-21 11:10:00,2025-06-21 11:20:00,2025-06-21,2025-06-21 00:00,0.3161,3945.6166,7306.5816,-560.1608333333334,0.0,0.0,560.1608333333334,0.0,0.0,0.0,8474.798432542133,8978.943182542132,0.0,0.0,0.0,0.0
Q42,2025-06-21 11:20:00,2025-06-21 11:30:00,2025-06-21,2025-06-21 00:00,0.2901,3900.6403,7782.8954,-647.0425166666666,0.0,0.0,647.0425166666666,0.0,0.0,0.0,8978.943182542132,9561.281447542133,0.0,0.0,0.0,0.0
Q42,2025-06-21 11:30:00,2025-06-21 11:40:00,2025-06-21,2025-06-21 00:00,0.2072,3645.76,8490.225,-807.4108333333334,0.0,0.0,807.4108333333334,0.0,0.0,0.0,9561.281447542133,10287.951197542134,0.0,0.0,0.0,0.0
Q42,2025-06-21 11:40:00,2025-06-21 11:50:00,2025-06-21,2025-06-21 00:00,0.2258,3705.1427,8180.7164,-745.9289500000001,0.0,0.0,568.9431138420736,0.0,0.0,176.98583615792654,10287.951197542134,10800.0,0.0,0.0,0.0,0.0
Q42,2025-06-21 11:50:00,2025-06-21 12:00:00,2025-06-21,2025-06-21 00:00,0.2711,3724.3133,7677.6706,-658.8928833333334,0.0,0.0,0.0,0.0,0.0,658.8928833333334,10800.0,10800.0,0.0,0.0,0.0,0.0
Q42,2025-06-21 12:00:00,2025-06-21 12:10:00,2025-06-21,2025-06-21 00:00,0.2744,3631.08,7665.1125,-672.33875,0.0,0.0,0.0,0.0,0.0,672.33875,10800.0,10800.0,0.0,0.0,0.0,0.0
Q42,2025-06-21 12:10:00,2025-06-21 12:20:00,2025-06-21,2025-06-21 00:00,0.2473,3735.5415,8044.2631,-718.1202666666668,0.0,0.0,0.0,0.0,0.0,718.1202666666668,10800.0,10800.0,0.0,0.0,0.0,0.0
Q42,2025-06-21 12:20:00,2025-06-21 12:30:00,2025-06-21,2025-06-21 00:00,0.2497,3852.2352,8300.9755,-741.4567166666667,0.0,0.0,0.0,0.0,0.0,741.4567166666667,10800.0,10800.0,0.0,0.0,0.0,0.0
Q42,2025-06-21 12:30:00,2025-06-21 12:40:00,2025-06-21,2025-06-21 00:00,0.2484,3928.56,8383.0125,-742.4087500000002,0.0,0.0,0.0,0.0,0.0,742.4087500000002,10800.0,10800.0,0.0,0.0,0.0,0.0
Q42,2025-06-21 12:40:00,2025-06-21 12:50:00,2025-06-21,2025-06-21 00:00,0.1828,4059.9044,8605.7877,-757.6472166666668,0.0,0.0,0.0,0.0,0.0,757.6472166666668,10800.0,10800.0,0.0,0.0,0.0,0.0
Q42,2025-06-21 12:50:00,2025-06-21 13:00:00,2025-06-21,2025-06-21 00:00,0.2868,3912.5928,8542.7209,-771.6880166666666,0.0,0.0,0.0,0.0,0.0,771.6880166666666,10800.0,10800.0,0.0,0.0,0.0,0.0
Q42,2025-06-21 13:00:00,2025-06-21 13:10:00,2025-06-21,2025-06-21 00:00,0.5464,3688.01,8049.6,-726.9316666666666,0.0,0.0,0.0,0.0,0.0,726.9316666666666,10800.0,10800.0,0.0,0.0,0.0,0.0
Q42,2025-06-21 13:10:00,2025-06-21 13:20:00,2025-06-21,2025-06-21 00:00,0.681,3910.4683,7493.4162,-597.1579833333333,0.0,0.0,0.0,0.0,0.0,597.1579833333333,10800.0,10800.0,0.0,0.0,0.0,0.0
Q42,2025-06-21 13:20:00,2025-06-21 13:30:00,2025-06-21,2025-06-21 00:00,0.6383,3862.6154,7354.9231,-582.0512833333332,0.0,0.0,0.0,0.0,0.0,582.0512833333332,10800.0,10800.0,0.0,0.0,0.0,0.0
Q42,2025-06-21 13:30:00,2025-06-21 13:40:00,2025-06-21,2025-06-21 00:00,0.5716,3589.29,7340.8875,-625.2662499999999,0.0,0.0,0.0,0.0,0.0,625.2662499999999,10800.0,10800.0,0.0,0.0,0.0,0.0
Q42,2025-06-21 13:40:00,2025-06-21 13:50:00,2025-06-21,2025-06-21 00:00,0.6829,3849.2221,6714.7449,-477.58713333333327,0.0,0.0,0.0,0.0,0.0,477.58713333333327,10800.0,10800.0,0.0,0.0,0.0,0.0
Q42,2025-06-21 13:50:00,2025-06-21 14:00:00,2025-06-21,2025-06-21 00:00,0.797,3978.2382,6127.755,-358.25280000000004,0.0,0.0,0.0,0.0,0.0,358.25280000000004,10800.0,10800.0,0.0,0.0,0.0,0.0
Q42,2025-06-21 14:00:00,2025-06-21 14:10:00,2025-06-21,2025-06-21 00:00,0.8133,3861.85,5956.2,-349.0583333333333,0.0,0.0,0.0,0.0,0.0,349.0583333333333,10800.0,10800.0,0.0,0.0,0.0,0.0
Q42,2025-06-21 14:10:00,2025-06-21 14:20:00,2025-06-21,2025-06-21 00:00,0.7993,4047.8905,5941.7978,-315.6512166666667,0.0,0.0,0.0,0.0,0.0,315.6512166666667,10800.0,10800.0,0.0,0.0,0.0,0.0
Q42,2025-06-21 14:20:00,2025-06-21 14:30:00,2025-06-21,2025-06-21 00:00,0.8114,4095.2281,5827.294,-288.67764999999997,0.0,0.0,0.0,0.0,0.0,288.67764999999997,10800.0,10800.0,0.0,0.0,0.0,0.0
Q42,2025-06-21 14:30:00,2025-06-21 14:40:00,2025-06-21,2025-06-21 00:00,0.8574,4007.39,5738.1375,-288.4579166666666,0.0,0.0,0.0,0.0,0.0,288.4579166666666,10800.0,10800.0,0.0,0.0,0.0,0.0
Q42,2025-06-21 14:40:00,2025-06-21 14:50:00,2025-06-21,2025-06-21 00:00,0.8672,4227.0513,5964.2607,-289.53489999999994,0.0,0.0,0.0,0.0,0.0,289.53489999999994,10800.0,10800.0,0.0,0.0,0.0,0.0
Q42,2025-06-21 14:50:00,2025-06-21 15:00:00,2025-06-21,2025-06-21 00:00,0.6527,4182.4486,5979.2451,-299.46608333333336,0.0,0.0,0.0,0.0,0.0,299.46608333333336,10800.0,10800.0,0.0,0.0,0.0,0.0
Q42,2025-06-21 15:00:00,2025-06-21 15:10:00,2025-06-21,2025-06-21 00:00,0.3818,3879.68,5680.4625,-300.13041666666663,0.0,0.0,0.0,0.0,0.0,300.13041666666663,10800.0,10800.0,0.0,0.0,0.0,0.0
Q42,2025-06-21 15:10:00,2025-06-21 15:20:00,2025-06-21,2025-06-21 00:00,0.4347,3916.2335,5457.1539,-256.8200666666667,0.0,0.0,0.0,0.0,0.0,256.8200666666667,10800.0,10800.0,0.0,0.0,0.0,0.0
Q42,2025-06-21 15:20:00,2025-06-21 15:30:00,2025-06-21,2025-06-21 00:00,0.5156,3924.3398,5153.0688,-204.78816666666663,0.0,0.0,0.0,0.0,0.0,204.78816666666663,10800.0,10800.0,0.0,0.0,0.0,0.0
Q42,2025-06-21 15:30:00,2025-06-21 15:40:00,2025-06-21,2025-06-21 00:00,0.4952,3875.5,4811.1,-155.9333333333334,9.076145803581468,9.076145803581468,0.0,0.0,0.0,165.00947913691488,10800.0,10800.0,4.494507401933543,0.0,0.0,4.494507401933543
Q42,2025-06-21 15:40:00,2025-06-21 15:50:00,2025-06-21,2025-06-21 00:00,0.5311,4137.0155,4680.9532,-90.65628333333325,68.07638420698116,68.07638420698116,0.0,0.0,0.0,158.73266754031442,10800.0,10800.0,36.1553676523277,0.0,0.0,36.1553676523277
Q42,2025-06-21 15:50:00,2025-06-21 16:00:00,2025-06-21,2025-06-21 00:00,0.5692,4317.2602,4481.2341,-27.328983333333326,134.8675344422601,134.8675344422601,0.0,0.0,0.0,162.19651777559343,10800.0,10800.0,76.76660060453446,0.0,0.0,76.76660060453446
Q42,2025-06-21 16:00:00,2025-06-21 16:10:00,2025-06-21,2025-06-21 00:00,0.5723,4217.43,4055.4,27.00500000000003,144.97791869279922,144.97791869279922,0.0,0.0,0.0,117.9729186927992,10800.0,10800.0,82.970862867889,0.0,0.0,82.970862867889
Q42,2025-06-21 16:10:00,2025-06-21 16:20:00,2025-06-21,2025-06-21 00:00,0.5744,4034.2858,3562.8565,78.57155000000003,207.96895697145646,207.96895697145646,0.0,0.0,0.0,129.39740697145643,10800.0,10800.0,119.4573688844046,0.0,0.0,119.4573688844046
Q42,2025-06-21 16:20:00,2025-06-21 16:30:00,2025-06-21,2025-06-21 00:00,0.599,3980.7146,3361.4888,103.20429999999995,211.45794638670236,211.45794638670236,0.0,0.0,0.0,108.25364638670241,10800.0,10800.0,126.6633098856347,0.0,0.0,126.6633098856347
Q42,2025-06-21 16:30:00,2025-06-21 16:40:00,2025-06-21,2025-06-21 00:00,0.6284,4042.02,3406.575,105.90750000000003,215.93472466389653,215.93472466389653,0.0,0.0,0.0,110.0272246638965,10800.0,10800.0,135.69338097879256,0.0,0.0,135.69338097879256
Q42,2025-06-21 16:40:00,2025-06-21 16:50:00,2025-06-21,2025-06-21 00:00,0.6239,3983.774,3291.2298,115.4240333333333,304.27249486917685,304.27249486917685,0.0,0.0,0.0,188.84846153584357,10800.0,10800.0,189.83560954887943,0.0,0.0,189.83560954887943
Q42,2025-06-21 16:50:00,2025-06-21 17:00:00,2025-06-21,2025-06-21 00:00,0.6144,3621.8931,2964.175,109.61968333333326,311.92883335531985,311.92883335531985,0.0,0.0,0.0,202.3091500219866,10800.0,10800.0,191.6490752135085,0.0,0.0,191.6490752135085
Q42,2025-06-21 17:00:00,2025-06-21 17:10:00,2025-06-21,2025-06-21 00:00,0.6289,3240.3,2623.6125,102.78125,275.9535104871661,275.9535104871661,0.0,0.0,0.0,173.1722604871661,10800.0,10800.0,173.54716274537878,0.0,0.0,173.54716274537878
Q42,2025-06-21 17:10:00,2025-06-21 17:20:00,2025-06-21,2025-06-21 00:00,0.6705,3335.0072,2479.2426,142.62743333333333,252.7045677940935,252.7045677940935,0.0,0.0,0.0,110.07713446076016,10800.0,10800.0,169.43841270593967,0.0,0.0,169.43841270593967
Q42,2025-06-21 17:20:00,2025-06-21 17:30:00,2025-06-21,2025-06-21 00:00,0.7075,3462.6248,2185.8548,212.795,342.71700728546296,342.71700728546296,0.0,0.0,0.0,129.92200728546297,10800.0,10800.0,242.47228265446503,0.0,0.0,242.47228265446503
Q42,2025-06-21 17:30:00,2025-06-21 17:40:00,2025-06-21,2025-06-21 00:00,0.7038,3484.27,1750.4625,288.9679166666666,381.3386494128695,381.3386494128695,0.0,0.0,0.0,92.37073274620286,10800.0,10800.0,268.3861414567775,0.0,0.0,268.3861414567775
Q42,2025-06-21 17:40:00,2025-06-21 17:50:00,2025-06-21,2025-06-21 00:00,0.6796,3649.2081,1528.3871,353.4701666666666,397.24451498380915,397.24451498380915,0.0,0.0,0.0,43.77434831714254,10800.0,10800.0,269.9673723829967,0.0,0.0,269.9673723829967
Q42,2025-06-21 17:50:00,2025-06-21 18:00:00,2025-06-21,2025-06-21 00:00,0.8445,3604.3529,1310.4274,382.3209166666666,401.2780283251344,401.2780283251344,0.0,0.0,0.0,18.957111658467795,10800.0,10800.0,338.879294920576,0.0,0.0,338.879294920576
Q42,2025-06-21 18:00:00,2025-06-21 18:10:00,2025-06-21,2025-06-21 00:00,1.1012,3349.51,1034.1,385.9016666666667,434.65350223418045,434.65350223418045,0.0,0.0,0.0,48.75183556751375,10800.0,10800.0,478.6404366602795,0.0,0.0,478.6404366602795
Q42,2025-06-21 18:10:00,2025-06-21 18:20:00,2025-06-21,2025-06-21 00:00,1.1314,3274.4828,860.3286,402.3590333333333,490.7602594326789,490.7602594326789,0.0,0.0,0.0,88.40122609934559,10800.0,10800.0,555.2461575221329,0.0,0.0,555.2461575221329
Q42,2025-06-21 18:20:00,2025-06-21 18:30:00,2025-06-21,2025-06-21 00:00,1.1374,3297.0032,677.2547,436.62475,125.69146028959807,125.69146028959807,0.0,310.93328971040194,0.0,0.0,10800.0,10454.518566988443,142.96146693338883,0.0,0.0,142.96146693338883
Q42,2025-06-21 18:30:00,2025-06-21 18:40:00,2025-06-21,2025-06-21 00:00,1.1803,3342.79,452.7,481.6816666666667,0.0,0.0,0.0,481.6816666666667,0.0,0.0,10454.518566988443,9919.31671513659,0.0,0.0,0.0,0.0
Q42,2025-06-21 18:40:00,2025-06-21 18:50:00,2025-06-21,2025-06-21 00:00,1.1266,3456.8314,276.0564,530.1291666666666,587.1604722607585,587.1604722607585,57.03130559409192,0.0,0.0,0.0,9919.31671513659,9970.644890171274,661.4949880489705,0.0,0.0,661.4949880489705
Q42,2025-06-21 18:50:00,2025-06-21 19:00:00,2025-06-21,2025-06-21 00:00,1.153,3634.5648,121.8367,585.4546833333334,0.0,0.0,0.0,585.4546833333334,0.0,0.0,9970.644890171274,9320.13968646757,0.0,0.0,0.0,0.0
Q42,2025-06-21 19:00:00,2025-06-21 19:10:00,2025-06-21,2025-06-21 00:00,1.2618,3852.72,7.7625,640.82625,0.0,0.0,0.0,640.82625,0.0,0.0,9320.13968646757,8608.110519800903,0.0,0.0,0.0,0.0
Q42,2025-06-21 19:10:00,2025-06-21 19:20:00,2025-06-21,2025-06-21 00:00,1.2633,4004.9442,0.0,667.4907,0.0,0.0,0.0,667.4907,0.0,0.0,8608.110519800903,7866.454186467569,0.0,0.0,0.0,0.0
Q42,2025-06-21 19:20:00,2025-06-21 19:30:00,2025-06-21,2025-06-21 00:00,1.2161,3706.7434,3.2619,617.2469166666666,0.0,0.0,0.0,617.2469166666666,0.0,0.0,7866.454186467569,7180.624279060162,0.0,0.0,0.0,0.0
Q42,2025-06-21 19:30:00,2025-06-21 19:40:00,2025-06-21,2025-06-21 00:00,1.1876,3293.48,0.0,548.9133333333333,0.0,0.0,0.0,548.9133333333333,0.0,0.0,7180.624279060162,6570.7205753564585,0.0,0.0,0.0,0.0
Q42,2025-06-21 19:40:00,2025-06-21 19:50:00,2025-06-21,2025-06-21 00:00,1.1812,3492.5254,0.0,582.0875666666666,0.0,0.0,0.0,582.0875666666666,0.0,0.0,6570.7205753564585,5923.956612393496,0.0,0.0,0.0,0.0
Q42,2025-06-21 19:50:00,2025-06-21 20:00:00,2025-06-21,2025-06-21 00:00,1.1704,3490.6667,0.2342,581.73875,0.0,0.0,0.0,581.73875,0.0,0.0,5923.956612393496,5277.580223504607,0.0,0.0,0.0,0.0
Q42,2025-06-21 20:00:00,2025-06-21 20:10:00,2025-06-21,2025-06-21 00:00,1.1558,3189.62,0.0,531.6033333333332,0.0,0.0,0.0,531.6033333333332,0.0,0.0,5277.580223504607,4686.909853134236,0.0,0.0,0.0,0.0
Q42,2025-06-21 20:10:00,2025-06-21 20:20:00,2025-06-21,2025-06-21 00:00,1.1611,3348.2366,0.0,558.0394333333334,0.0,0.0,0.0,558.0394333333334,0.0,0.0,4686.909853134236,4066.866038319421,0.0,0.0,0.0,0.0
Q42,2025-06-21 20:20:00,2025-06-21 20:30:00,2025-06-21,2025-06-21 00:00,1.1692,3725.2052,0.0168,620.8647333333333,0.0,0.0,0.0,620.8647333333333,0.0,0.0,4066.866038319421,3377.0163346157174,0.0,0.0,0.0,0.0
Q42,2025-06-21 20:30:00,2025-06-21 20:40:00,2025-06-21,2025-06-21 00:00,1.198,3960.13,0.0,660.0216666666666,0.0,0.0,0.0,660.0216666666666,0.0,0.0,3377.0163346157174,2643.65892720831,0.0,0.0,0.0,0.0
Q42,2025-06-21 20:40:00,2025-06-21 20:50:00,2025-06-21,2025-06-21 00:00,1.2507,3881.8245,0.0,646.97075,0.0,0.0,0.0,646.97075,0.0,0.0,2643.65892720831,1924.8025383194213,0.0,0.0,0.0,0.0
Q42,2025-06-21 20:50:00,2025-06-21 21:00:00,2025-06-21,2025-06-21 00:00,1.1066,3513.6729,0.0012,585.61195,689.3026682797221,689.3026682797221,103.69071827972209,0.0,0.0,0.0,1924.8025383194213,2018.1241847711713,762.7823327183405,0.0,0.0,762.7823327183405
Q42,2025-06-21 21:00:00,2025-06-21 21:10:00,2025-06-21,2025-06-21 00:00,0.857,3160.32,0.0,526.72,702.6542994748386,702.6542994748386,175.93429947483855,0.0,0.0,0.0,2018.1241847711713,2176.465054298526,602.1747346499367,0.0,0.0,602.1747346499367
Q42,2025-06-21 21:10:00,2025-06-21 21:20:00,2025-06-21,2025-06-21 00:00,0.8345,3214.7106,0.0,535.7850999999999,645.1194078953946,645.1194078953946,109.33430789539466,0.0,0.0,0.0,2176.465054298526,2274.865931404381,538.3521458887068,0.0,0.0,538.3521458887068
Q42,2025-06-21 21:20:00,2025-06-21 21:30:00,2025-06-21,2025-06-21 00:00,0.871,3489.1029,0.0,581.5171499999999,624.025832063586,624.025832063586,42.50868206358609,0.0,0.0,0.0,2274.865931404381,2313.1237452616087,543.5264997273835,0.0,0.0,543.5264997273835
Q42,2025-06-21 21:30:00,2025-06-21 21:40:00,2025-06-21,2025-06-21 00:00,0.8848,3713.49,0.0,618.915,635.9518780123325,635.9518780123325,17.036878012332522,0.0,0.0,0.0,2313.1237452616087,2328.456935472708,562.6902216653118,0.0,0.0,562.6902216653118
Q42,2025-06-21 21:40:00,2025-06-21 21:50:00,2025-06-21,2025-06-21 00:00,0.9243,3715.4477,0.0,619.2412833333333,628.23351587515,628.23351587515,8.992232541816747,0.0,0.0,0.0,2328.456935472708,2336.5499447603434,580.6762387234012,0.0,0.0,580.6762387234012
Q42,2025-06-21 21:50:00,2025-06-21 22:00:00,2025-06-21,2025-06-21 00:00,0.7155,3460.6768,0.0,576.7794666666666,618.6076620090869,618.6076620090869,41.82819534242026,0.0,0.0,0.0,2336.5499447603434,2374.1953205685218,442.61378216750165,0.0,0.0,442.61378216750165
Q42,2025-06-21 22:00:00,2025-06-21 22:10:00,2025-06-21,2025-06-21 00:00,0.3942,3169.68,0.0,528.28,569.5478703253845,569.5478703253845,41.26787032538448,0.0,0.0,0.0,2374.1953205685218,2411.3364038613677,224.51577048226656,0.0,0.0,224.51577048226656
Q42,2025-06-21 22:10:00,2025-06-21 22:20:00,2025-06-21,2025-06-21 00:00,0.4048,3161.2424,0.0,526.8737333333333,547.6071041921521,547.6071041921521,20.733370858818716,0.0,0.0,0.0,2411.3364038613677,2429.9964376343046,221.67135577698315,0.0,0.0,221.67135577698315
Q42,2025-06-21 22:20:00,2025-06-21 22:30:00,2025-06-21,2025-06-21 00:00,0.4701,3268.4465,0.0,544.7410833333333,540.6952249731856,540.6952249731856,0.0,4.04585836014769,0.0,0.0,2429.9964376343046,2425.501039456363,254.1808252598946,0.0,0.0,254.1808252598946
Q42,2025-06-21 22:30:00,2025-06-21 22:40:00,2025-06-21,2025-06-21 00:00,0.4227,3317.19,0.0,552.865,559.6558332795905,559.6558332795905,6.790833279590515,0.0,0.0,0.0,2425.501039456363,2431.612789407994,236.56652072728292,0.0,0.0,236.56652072728292
Q42,2025-06-21 22:40:00,2025-06-21 22:50:00,2025-06-21,2025-06-21 00:00,0.374,3281.0391,0.0,546.83985,598.4789065394646,598.4789065394646,51.639056539464605,0.0,0.0,0.0,2431.612789407994,2478.0879402935125,223.83111104575974,0.0,0.0,223.83111104575974
Q42,2025-06-21 22:50:00,2025-06-21 23:00:00,2025-06-21,2025-06-21 00:00,0.3646,3250.7574,0.0,541.7928999999999,683.2303387386169,683.2303387386169,141.43743873861695,0.0,0.0,0.0,2478.0879402935125,2605.3816351582677,249.1057815040997,0.0,0.0,249.1057815040997
Q42,2025-06-21 23:00:00,2025-06-21 23:10:00,2025-06-21,2025-06-21 00:00,0.3809,3190.39,0.0,531.7316666666666,603.9079895585919,603.9079895585919,72.17632289192534,0.0,0.0,0.0,2605.3816351582677,2670.3403257610007,230.02855322286766,0.0,0.0,230.02855322286766
Q42,2025-06-21 23:10:00,2025-06-21 23:20:00,2025-06-21,2025-06-21 00:00,0.3872,2998.9363,0.0,499.8227166666666,539.9737762809384,539.9737762809384,40.15105961427179,0.0,0.0,0.0,2670.3403257610007,2706.4762794138455,209.07784617597935,0.0,0.0,209.07784617597935
Q42,2025-06-21 23:20:00,2025-06-21 23:30:00,2025-06-21,2025-06-21 00:00,0.3936,2920.9743,0.0,486.82904999999994,546.655389311123,546.655389311123,59.82633931112309,0.0,0.0,0.0,2706.4762794138455,2760.3199847938563,215.16356123285803,0.0,0.0,215.16356123285803
Q42,2025-06-21 23:30:00,2025-06-21 23:40:00,2025-06-21,2025-06-21 00:00,0.3844,2989.3,0.0,498.2166666666667,556.1081309876669,556.1081309876669,57.89146432100017,0.0,0.0,0.0,2760.3199847938563,2812.4223026827563,213.76796555165916,0.0,0.0,213.76796555165916
Q42,2025-06-21 23:40:00,2025-06-21 23:50:00,2025-06-21,2025-06-21 00:00,0.3399,3024.571,0.0,504.0951666666666,1401.906290631439,1401.906290631439,833.3333333333334,0.0,0.0,64.47779063143912,2812.4223026827563,3562.4223026827563,476.5079481856261,0.0,0.0,476.5079481856261
Q42,2025-06-21 23:50:00,2025-06-22 00:00:00,2025-06-21,2025-06-21 00:00,0.3684,3193.3141,0.0,532.2190166666667,609.8231079807708,609.8231079807708,77.60409131410415,0.0,0.0,0.0,3562.4223026827563,3632.26598486545,224.658832980116,0.0,0.0,224.658832980116
Q42,2025-09-23 00:00:00,2025-09-23 00:10:00,2025-09-22,2025-09-22 00:00,0.4085,3425.14,0.0,570.8566666666666,619.2764337078744,619.2764337078744,48.41976704120782,0.0,0.0,0.0,1424.69693181069,1468.274722147777,252.97442316966666,0.0,0.0,252.97442316966666
Q42,2025-09-23 00:10:00,2025-09-23 00:20:00,2025-09-23,2025-09-23 00:00,0.4059,3421.106,0.0,570.1843333333334,1499.2448525613577,1499.2448525613577,833.3333333333334,0.0,0.0,95.72718589469093,1468.274722147777,2218.274722147777,608.543485654655,0.0,0.0,608.543485654655
Q42,2025-09-23 00:20:00,2025-09-23 00:30:00,2025-09-23,2025-09-23 00:00,0.4324,3361.9091,0.0,560.3181833333333,645.837651996172,645.837651996172,85.51946866283868,0.0,0.0,0.0,2218.274722147777,2295.2422439443317,279.26020072314475,0.0,0.0,279.26020072314475
Q42,2025-09-23 00:30:00,2025-09-23 00:40:00,2025-09-23,2025-09-23 00:00,0.4539,3388.6,0.0,564.7666666666667,606.0062471888225,606.0062471888225,41.23958052215585,0.0,0.0,0.0,2295.2422439443317,2332.357866414272,275.0662355990066,0.0,0.0,275.0662355990066
Q42,2025-09-23 00:40:00,2025-09-23 00:50:00,2025-09-23,2025-09-23 00:00,0.4117,3591.0535,0.0,598.5089166666667,1440.079183411277,1440.079183411277,833.3333333333334,0.0,0.0,8.236933411276937,2332.357866414272,3082.357866414272,592.8805998104227,0.0,0.0,592.8805998104227
Q42,2025-09-23 00:50:00,2025-09-23 01:00:00,2025-09-23,2025-09-23 00:00,0.4114,3639.0639,0.0,606.5106499999999,1438.2160238816095,1438.2160238816095,831.7053738816096,0.0,0.0,0.0,3082.357866414272,3830.8927029077204,591.6820722248941,0.0,0.0,591.6820722248941
Q42,2025-09-23 01:00:00,2025-09-23 01:10:00,2025-09-23,2025-09-23 00:00,0.4549,3538.62,0.0,589.77,599.3750050945919,599.3750050945919,9.605005094591888,0.0,0.0,0.0,3830.8927029077204,3839.537207492853,272.65568981752983,0.0,0.0,272.65568981752983
Q42,2025-09-23 01:10:00,2025-09-23 01:20:00,2025-09-23,2025-09-23 00:00,0.4413,3584.1201,0.0,597.35335,601.9240579671111,601.9240579671111,4.5707079671111615,0.0,0.0,0.0,3839.537207492853,3843.6508446632533,265.62908678088615,0.0,0.0,265.62908678088615
Q42,2025-09-23 01:20:00,2025-09-23 01:30:00,2025-09-23,2025-09-23 00:00,0.4365,3479.83,0.0,579.9716666666666,592.4698304128242,592.4698304128242,12.498163746157616,0.0,0.0,0.0,3843.6508446632533,3854.8991920347953,258.61308097519776,0.0,0.0,258.61308097519776
Q42,2025-09-23 01:30:00,2025-09-23 01:40:00,2025-09-23,2025-09-23 00:00,0.4529,3316.08,0.0,552.68,579.948014668868,579.948014668868,27.26801466886809,0.0,0.0,0.0,3854.8991920347953,3879.4404052367768,262.65845584353036,0.0,0.0,262.65845584353036
Q42,2025-09-23 01:40:00,2025-09-23 01:50:00,2025-09-23,2025-09-23 00:00,0.4318,3504.3201,0.0,584.0533499999999,609.1285970966032,609.1285970966032,25.075247096603334,0.0,0.0,0.0,3879.4404052367768,3902.0081276237197,263.0217282263133,0.0,0.0,263.0217282263133
Q42,2025-09-23 01:50:00,2025-09-23 02:00:00,2025-09-23,2025-09-23 00:00,0.418,3611.1697,0.0,601.8616166666666,1449.1762529670264,1449.1762529670264,833.3333333333334,0.0,0.0,13.981302967026409,3902.0081276237197,4652.00812762372,605.755673740217,0.0,0.0,605.755673740217
Q42,2025-09-23 02:00:00,2025-09-23 02:10:00,2025-09-23,2025-09-23 00:00,0.4413,3543.64,0.0,590.6066666666666,613.4656761944243,613.4656761944243,22.859009527757735,0.0,0.0,0.0,4652.00812762372,4672.581236198702,270.72240290459945,0.0,0.0,270.72240290459945
Q42,2025-09-23 02:10:00,2025-09-23 02:20:00,2025-09-23,2025-09-23 00:00,0.4794,3627.3783,0.0,604.56305,593.3318682959562,593.3318682959562,0.0,11.23118170404382,0.0,0.0,4672.581236198702,4660.102145416431,284.4432976610814,0.0,0.0,284.4432976610814
Q42,2025-09-23 02:20:00,2025-09-23 02:30:00,2025-09-23,2025-09-23 00:00,0.4675,3646.7973,0.0,607.79955,590.1119603719598,590.1119603719598,0.0,17.6875896280402,0.0,0.0,4660.102145416431,4640.4492680519415,275.8773414738912,0.0,0.0,275.8773414738912
Q42,2025-09-23 02:30:00,2025-09-23 02:40:00,2025-09-23,2025-09-23 00:00,0.4225,3569.92,0.0,594.9866666666667,605.8054033373136,605.8054033373136,10.8187366706469,0.0,0.0,0.0,4640.4492680519415,4650.186131055524,255.95278291001497,0.0,0.0,255.95278291001497
Q42,2025-09-23 02:40:00,2025-09-23 02:50:00,2025-09-23,2025-09-23 00:00,0.4268,3591.0744,0.0,598.5124,632.8185005246518,632.8185005246518,34.30610052465181,0.0,0.0,0.0,4650.186131055524,4681.0616215277105,270.0869360239214,0.0,0.0,270.0869360239214
Q42,2025-09-23 02:50:00,2025-09-23 03:00:00,2025-09-23,2025-09-23 00:00,0.4588,3523.6786,0.0,587.2797666666667,619.1281699295054,619.1281699295054,31.8484032628387,0.0,0.0,0.0,4681.0616215277105,4709.725184464265,284.05600436365705,0.0,0.0,284.05600436365705
Q42,2025-09-23 03:00:00,2025-09-23 03:10:00,2025-09-23,2025-09-23 00:00,0.4777,3402.03,0.0,567.005,614.503569162684,614.503569162684,47.49856916268402,0.0,0.0,0.0,4709.725184464265,4752.4738967106805,293.5483549890142,0.0,0.0,293.5483549890142
Q42,2025-09-23 03:10:00,2025-09-23 03:20:00,2025-09-23,2025-09-23 00:00,0.4584,3470.8796,0.0,578.4799333333333,605.6025972598102,605.6025972598102,27.12266392647689,0.0,0.0,0.0,4752.4738967106805,4776.88429424451,277.60823058389695,0.0,0.0,277.60823058389695
Q42,2025-09-23 03:20:00,2025-09-23 03:30:00,2025-09-23,2025-09-23 00:00,0.4106,3546.3118,0.0,591.0519666666667,1441.7733079706138,1441.7733079706138,833.3333333333334,0.0,0.0,17.388007970613785,4776.88429424451,5526.88429424451,591.992120252734,0.0,0.0,591.992120252734
Q42,2025-09-23 03:30:00,2025-09-23 03:40:00,2025-09-23,2025-09-23 00:00,0.3812,3521.1,0.0,586.8499999999999,1436.5580881977205,1436.5580881977205,833.3333333333334,0.0,0.0,16.374754864387228,5526.88429424451,6276.88429424451,547.6159432209711,0.0,0.0,547.6159432209711
Q42,2025-09-23 03:40:00,2025-09-23 03:50:00,2025-09-23,2025-09-23 00:00,0.4192,3493.0415,0.0,582.1735833333332,1449.1393225423544,1449.1393225423544,833.3333333333334,0.0,0.0,33.63240587568782,6276.88429424451,7026.88429424451,607.479204009755,0.0,0.0,607.479204009755
Q42,2025-09-23 03:50:00,2025-09-23 04:00:00,2025-09-23,2025-09-23 00:00,0.4681,3616.52,0.0,602.7533333333333,612.5609190886377,612.5609190886377,9.80758575530433,0.0,0.0,0.0,7026.88429424451,7035.711121424284,286.7397662253913,0.0,0.0,286.7397662253913
Q42,2025-09-23 04:00:00,2025-09-23 04:10:00,2025-09-23,2025-09-23 00:00,0.4666,3738.77,0.0,623.1283333333333,622.1698763854362,622.1698763854362,0.0,0.9584569478971616,0.0,0.0,7035.711121424284,7034.646169259954,290.3044643214445,0.0,0.0,290.3044643214445
Q42,2025-09-23 04:10:00,2025-09-23 04:20:00,2025-09-23,2025-09-23 00:00,0.4048,3573.138,0.0019,595.5226833333332,1466.2988200350883,1466.2988200350883,833.3333333333334,0.0,0.0,37.442803368421664,7034.646169259954,7784.646169259954,593.5577623502037,0.0,0.0,593.5577623502037
Q42,2025-09-23 04:20:00,2025-09-23 04:30:00,2025-09-23,2025-09-23 00:00,0.3873,3548.8256,0.0,591.4709333333333,1476.2588206072937,1476.2588206072937,833.3333333333334,0.0,0.0,51.45455394062708,7784.646169259954,8534.646169259955,571.7550412212048,0.0,0.0,571.7550412212048
Q42,2025-09-23 04:30:00,2025-09-23 04:40:00,2025-09-23,2025-09-23 00:00,0.4222,3696.43,0.0,616.0716666666666,1468.964350456557,1468.964350456557,833.3333333333334,0.0,0.0,19.559350456557013,8534.646169259955,9284.646169259955,620.1967487627584,0.0,0.0,620.1967487627584
Q42,2025-09-23 04:40:00,2025-09-23 04:50:00,2025-09-23,2025-09-23 00:00,0.4225,3629.4046,0.0268,604.8962999999999,1035.5518599149736,1035.5518599149736,430.65555991497376,0.0,0.0,0.0,9284.646169259955,9672.236173183432,437.52066081407634,0.0,0.0,437.52066081407634
Q42,2025-09-23 04:50:00,2025-09-23 05:00:00,2025-09-23,2025-09-23 00:00,0.4173,3602.4949,0.0,600.4158166666666,1450.2618353413277,1450.2618353413277,833.3333333333334,0.0,0.0,16.51268534132771,9672.236173183432,10422.236173183432,605.194263887936,0.0,0.0,605.194263887936
Q42,2025-09-23 05:00:00,2025-09-23 05:10:00,2025-09-23,2025-09-23 00:00,0.4256,3708.74,0.0,618.1233333333332,610.4666912540157,610.4666912540157,0.0,7.656642079317521,0.0,0.0,10422.236173183432,10413.7287930953,259.8146237977091,0.0,0.0,259.8146237977091
Q42,2025-09-23 05:10:00,2025-09-23 05:20:00,2025-09-23,2025-09-23 00:00,0.433,3751.3647,0.3731,625.1652666666666,599.0779087292605,599.0779087292605,0.0,26.087357937406182,0.0,0.0,10413.7287930953,10384.742839831517,259.40073447976977,0.0,0.0,259.40073447976977
Q42,2025-09-23 05:20:00,2025-09-23 05:30:00,2025-09-23,2025-09-23 00:00,0.4518,3689.4488,0.0,614.9081333333334,634.5233489121706,634.5233489121706,19.61521557883725,0.0,0.0,0.0,10384.742839831517,10402.39653385247,286.67764903851867,0.0,0.0,286.67764903851867
Q42,2025-09-23 05:30:00,2025-09-23 05:40:00,2025-09-23,2025-09-23 00:00,0.4325,3557.68,0.0,592.9466666666666,646.1587317289974,646.1587317289974,53.212065062330794,0.0,0.0,0.0,10402.39653385247,10450.287392408569,279.46365147279135,0.0,0.0,279.46365147279135
Q42,2025-09-23 05:40:00,2025-09-23 05:50:00,2025-09-23,2025-09-23 00:00,0.3613,3509.0644,5.1961,583.9780499999999,1437.6721450345499,1437.6721450345499,388.569563990479,0.0,0.0,465.1245310440709,10450.287392408569,10800.0,519.4309460009829,0.0,0.0,519.4309460009829
Q42,2025-09-23 05:50:00,2025-09-23 06:00:00,2025-09-23,2025-09-23 00:00,0.6152,4001.4806,0.0,666.9134333333333,668.4199926461158,668.4199926461158,0.0,0.0,0.0,1.5065593127825423,10800.0,10800.0,411.2119794758904,0.0,0.0,411.2119794758904
Q42,2025-09-23 06:00:00,2025-09-23 06:10:00,2025-09-23,2025-09-23 00:00,1.0325,4743.74,0.0,790.6233333333332,0.0,0.0,0.0,790.6233333333332,0.0,0.0,10800.0,9921.52962962963,0.0,0.0,0.0,0.0
Q42,2025-09-23 06:10:00,2025-09-23 06:20:00,2025-09-23,2025-09-23 00:00,1.0391,4911.4158,148.7833,793.7720833333333,0.0,0.0,0.0,793.7720833333333,0.0,0.0,9921.52962962963,9039.560648148148,0.0,0.0,0.0,0.0
Q42,2025-09-23 06:20:00,2025-09-23 06:30:00,2025-09-23,2025-09-23 00:00,0.9449,4831.9735,376.0146,742.6598166666665,0.0,0.0,0.0,742.6598166666665,0.0,0.0,9039.560648148148,8214.383074074074,0.0,0.0,0.0,0.0
Q42,2025-09-23 06:30:00,2025-09-23 06:40:00,2025-09-23,2025-09-23 00:00,0.9432,4792.2,649.3875,690.46875,0.0,0.0,0.0,690.46875,0.0,0.0,8214.383074074074,7447.195574074074,0.0,0.0,0.0,0.0
Q42,2025-09-23 06:40:00,2025-09-23 06:50:00,2025-09-23,2025-09-23 00:00,0.9146,4757.3085,973.8044,630.5840166666667,0.0,0.0,0.0,630.5840166666667,0.0,0.0,7447.195574074074,6746.546666666667,0.0,0.0,0.0,0.0
Q42,2025-09-23 06:50:00,2025-09-23 07:00:00,2025-09-23,2025-09-23 00:00,0.8673,4755.1526,1245.8597,584.88215,0.0,0.0,0.0,584.88215,0.0,0.0,6746.546666666667,6096.677611111111,0.0,0.0,0.0,0.0
Q42,2025-09-23 07:00:00,2025-09-23 07:10:00,2025-09-23,2025-09-23 00:00,0.8271,4789.05,1511.775,546.2125,0.0,0.0,0.0,546.2125,0.0,0.0,6096.677611111111,5489.774833333334,0.0,0.0,0.0,0.0
Q42,2025-09-23 07:10:00,2025-09-23 07:20:00,2025-09-23,2025-09-23 00:00,0.8061,4816.282,1907.945,484.72283333333337,492.7239884715859,492.7239884715859,8.001155138252557,0.0,0.0,0.0,5489.774833333334,5496.975872957762,397.1848071069454,0.0,0.0,397.1848071069454
Q42,2025-09-23 07:20:00,2025-09-23 07:30:00,2025-09-23,2025-09-23 00:00,0.8269,4786.2179,2234.3678,425.3083499999999,234.09180999442773,234.09180999442773,0.0,191.21654000557217,0.0,0.0,5496.975872957762,5284.513050729348,193.57051768439229,0.0,0.0,193.57051768439229
Q42,2025-09-23 07:30:00,2025-09-23 07:40:00,2025-09-23,2025-09-23 00:00,0.8096,4660.51,2492.5875,361.3204166666667,416.73095579148605,416.73095579148605,55.410539124819365,0.0,0.0,0.0,5284.513050729348,5334.382535941685,337.3853818087871,0.0,0.0,337.3853818087871
Q42,2025-09-23 07:40:00,2025-09-23 07:50:00,2025-09-23,2025-09-23 00:00,0.6878,4606.8822,2894.0726,285.46826666666664,310.7126886281219,310.7126886281219,25.24442196145526,0.0,0.0,0.0,5334.382535941685,5357.102515706994,213.70818723842223,0.0,0.0,213.70818723842223
Q42,2025-09-23 07:50:00,2025-09-23 08:00:00,2025-09-23,2025-09-23 00:00,0.8469,5489.8417,3343.4604,357.73021666666665,0.0,0.0,0.0,357.73021666666665,0.0,0.0,5357.102515706994,4959.624497188476,0.0,0.0,0.0,0.0
Q42,2025-09-23 08:00:00,2025-09-23 08:10:00,2025-09-23,2025-09-23 00:00,1.1849,6701.06,3753.1125,491.32458333333335,0.0,0.0,0.0,491.32458333333335,0.0,0.0,4959.624497188476,4413.708293484772,0.0,0.0,0.0,0.0
Q42,2025-09-23 08:10:00,2025-09-23 08:20:00,2025-09-23,2025-09-23 00:00,1.1921,6664.9869,4119.6249,424.227,0.0,0.0,0.0,424.227,0.0,0.0,4413.708293484772,3942.344960151439,0.0,0.0,0.0,0.0
Q42,2025-09-23 08:20:00,2025-09-23 08:30:00,2025-09-23,2025-09-23 00:00,1.1184,6469.7028,4427.9049,340.29964999999993,0.0,0.0,0.0,340.29964999999993,0.0,0.0,3942.344960151439,3564.2342379292168,0.0,0.0,0.0,0.0
Q42,2025-09-23 08:30:00,2025-09-23 08:40:00,2025-09-23,2025-09-23 00:00,1.1227,6635.97,4698.6375,322.8887500000001,0.0,0.0,0.0,322.8887500000001,0.0,0.0,3564.2342379292168,3205.4689601514388,0.0,0.0,0.0,0.0
Q42,2025-09-23 08:40:00,2025-09-23 08:50:00,2025-09-23,2025-09-23 00:00,1.0962,6600.0815,4997.093,267.16475,0.0,0.0,0.0,267.16475,0.0,0.0,3205.4689601514388,2908.6192379292165,0.0,0.0,0.0,0.0
Q42,2025-09-23 08:50:00,2025-09-23 09:00:00,2025-09-23,2025-09-23 00:00,1.0174,6462.4233,5400.3214,177.01698333333343,0.0,0.0,0.0,177.01698333333343,0.0,0.0,2908.6192379292165,2711.9337008921793,0.0,0.0,0.0,0.0
Q42,2025-09-23 09:00:00,2025-09-23 09:10:00,2025-09-23,2025-09-23 00:00,0.9516,6427.57,5807.85,103.28666666666655,0.0,0.0,0.0,103.28666666666655,0.0,0.0,2711.9337008921793,2597.1707379292166,0.0,0.0,0.0,0.0
Q42,2025-09-23 09:10:00,2025-09-23 09:20:00,2025-09-23,2025-09-23 00:00,0.9817,6551.7343,6020.5511,88.5305333333334,0.0,0.0,0.0,88.5305333333334,0.0,0.0,2597.1707379292166,2498.8034786699573,0.0,0.0,0.0,0.0
Q42,2025-09-23 09:20:00,2025-09-23 09:30:00,2025-09-23,2025-09-23 00:00,1.0171,6611.8297,6159.4673,75.39373333333333,0.0,0.0,0.0,75.39373333333333,0.0,0.0,2498.8034786699573,2415.0326638551423,0.0,0.0,0.0,0.0
Q42,2025-09-23 09:30:00,2025-09-23 09:40:00,2025-09-23,2025-09-23 00:00,1.0072,6584.42,6306.2625,46.359583333333376,0.0,0.0,0.0,46.359583333333376,0.0,0.0,2415.0326638551423,2363.5220157069944,0.0,0.0,0.0,0.0
Q42,2025-09-23 09:40:00,2025-09-23 09:50:00,2025-09-23,2025-09-23 00:00,0.9839,6627.8893,6423.4053,34.08066666666657,0.0,0.0,0.0,34.08066666666657,0.0,0.0,2363.5220157069944,2325.654608299587,0.0,0.0,0.0,0.0
Q42,2025-09-23 09:50:00,2025-09-23 10:00:00,2025-09-23,2025-09-23 00:00,0.9725,6567.1756,6483.305,13.978433333333214,0.0,0.0,0.0,13.978433333333214,0.0,0.0,2325.654608299587,2310.1230157069945,0.0,0.0,0.0,0.0
Q42,2025-09-23 10:00:00,2025-09-23 10:10:00,2025-09-23,2025-09-23 00:00,0.9784,6455.96,6487.7625,-5.30041666666663,0.0,0.0,5.30041666666663,0.0,0.0,0.0,2310.1230157069945,2314.8933907069945,0.0,0.0,0.0,0.0
Q42,2025-09-23 10:10:00,2025-09-23 10:20:00,2025-09-23,2025-09-23 00:00,0.9839,6527.0912,6506.7574,3.388966666666571,0.0,0.0,0.0,3.388966666666571,0.0,0.0,2314.8933907069945,2311.127872188476,0.0,0.0,0.0,0.0
Q42,2025-09-23 10:20:00,2025-09-23 10:30:00,2025-09-23,2025-09-23 00:00,0.9513,6488.4499,6763.9313,-45.91356666666676,0.0,0.0,45.91356666666676,0.0,0.0,0.0,2311.127872188476,2352.4500821884762,0.0,0.0,0.0,0.0
Q42,2025-09-23 10:30:00,2025-09-23 10:40:00,2025-09-23,2025-09-23 00:00,0.9073,6336.11,7139.7,-133.93166666666667,0.0,0.0,133.93166666666667,0.0,0.0,0.0,2352.4500821884762,2472.9885821884764,0.0,0.0,0.0,0.0
Q42,2025-09-23 10:40:00,2025-09-23 10:50:00,2025-09-23,2025-09-23 00:00,0.8981,6376.9432,7257.6775,-146.78905,0.0,0.0,146.78905,0.0,0.0,0.0,2472.9885821884764,2605.0987271884765,0.0,0.0,0.0,0.0
Q42,2025-09-23 10:50:00,2025-09-23 11:00:00,2025-09-23,2025-09-23 00:00,0.7781,6473.6947,7240.5731,-127.8130666666666,0.0,0.0,127.8130666666666,0.0,0.0,0.0,2605.0987271884765,2720.1304871884763,0.0,0.0,0.0,0.0
Q42,2025-09-23 11:00:00,2025-09-23 11:10:00,2025-09-23,2025-09-23 00:00,0.5639,6470.56,7359.675,-148.18583333333328,0.0,0.0,148.18583333333328,0.0,0.0,0.0,2720.1304871884763,2853.497737188476,0.0,0.0,0.0,0.0
Q42,2025-09-23 11:10:00,2025-09-23 11:20:00,2025-09-23,2025-09-23 00:00,0.4409,6357.1346,7784.7849,-237.94171666666654,591.528307258614,591.528307258614,829.4700239252804,0.0,0.0,0.0,2853.497737188476,3600.0207587212285,260.8048306703229,0.0,0.0,260.8048306703229
Q42,2025-09-23 11:20:00,2025-09-23 11:30:00,2025-09-23,2025-09-23 00:00,0.4252,6310.6975,8209.6886,-316.49851666666655,597.4901902054831,597.4901902054831,833.3333333333334,0.0,0.0,80.65537353881632,3600.0207587212285,4350.020758721228,254.05282887537146,0.0,0.0,254.05282887537146
Q42,2025-09-23 11:30:00,2025-09-23 11:40:00,2025-09-23,2025-09-23 00:00,0.4696,6431.52,8399.7375,-328.03624999999977,620.9346716644231,620.9346716644231,833.3333333333334,0.0,0.0,115.63758833108955,4350.020758721228,5100.020758721228,291.59092181361314,0.0,0.0,291.59092181361314
Q42,2025-09-23 11:40:00,2025-09-23 11:50:00,2025-09-23,2025-09-23 00:00,0.5048,6604.0357,8379.679,-295.9405499999999,0.0,0.0,295.9405499999999,0.0,0.0,0.0,5100.020758721228,5366.367253721228,0.0,0.0,0.0,0.0
Q42,2025-09-23 11:50:00,2025-09-23 12:00:00,2025-09-23,2025-09-23 00:00,0.4546,6371.5522,8435.4109,-343.9764500000001,568.5053996151318,568.5053996151318,833.3333333333334,0.0,0.0,79.14851628179849,5366.367253721228,6116.367253721228,258.44255466503887,0.0,0.0,258.44255466503887
Q42,2025-09-23 12:00:00,2025-09-23 12:10:00,2025-09-23,2025-09-23 00:00,0.3613,5893.69,8613.5625,-453.31208333333336,539.9869301351077,539.9869301351077,833.3333333333334,0.0,0.0,159.96568013510773,6116.367253721228,6866.367253721228,195.09727785781442,0.0,0.0,195.09727785781442
Q42,2025-09-23 12:10:00,2025-09-23 12:20:00,2025-09-23,2025-09-23 00:00,0.3481,5815.5593,8690.3915,-479.1387,443.6293843697163,443.6293843697163,833.3333333333334,0.0,0.0,89.43475103638286,6866.367253721228,7616.367253721228,154.42738869909826,0.0,0.0,154.42738869909826
Q42,2025-09-23 12:20:00,2025-09-23 12:30:00,2025-09-23,2025-09-23 00:00,0.3859,5929.8452,8581.2694,-441.90403333333325,433.0961256572041,433.0961256572041,833.3333333333334,0.0,0.0,41.66682565720396,7616.367253721228,8366.367253721228,167.13179489111508,0.0,0.0,167.13179489111508
Q42,2025-09-23 12:30:00,2025-09-23 12:40:00,2025-09-23,2025-09-23 00:00,0.387,5958.43,8484.4875,-421.0095833333331,465.2245742299225,465.2245742299225,833.3333333333334,0.0,0.0,52.90082422992225,8366.367253721228,9116.367253721228,180.04191022698,0.0,0.0,180.04191022698
Q42,2025-09-23 12:40:00,2025-09-23 12:50:00,2025-09-23,2025-09-23 00:00,0.3271,5882.5546,8645.3297,-460.4625166666666,498.92260167815846,498.92260167815846,833.3333333333334,0.0,0.0,126.05178501149169,9116.367253721228,9866.367253721228,163.19758300892562,0.0,0.0,163.19758300892562
Q42,2025-09-23 12:50:00,2025-09-23 13:00:00,2025-09-23,2025-09-23 00:00,0.4936,6091.5912,8546.664,-409.17880000000014,392.7651329304105,392.7651329304105,801.9439329304107,0.0,0.0,0.0,9866.367253721228,10588.116793358597,193.86886961445063,0.0,0.0,193.86886961445063
Q42,2025-09-23 13:00:00,2025-09-23 13:10:00,2025-09-23,2025-09-23 00:00,0.8213,6408.53,8135.1375,-287.7679166666667,0.0,0.0,235.42578515711486,0.0,0.0,52.34213150955182,10588.116793358597,10800.0,0.0,0.0,0.0,0.0
Q42,2025-09-23 13:10:00,2025-09-23 13:20:00,2025-09-23,2025-09-23 00:00,0.9285,6253.4833,7884.9488,-271.9109166666667,0.0,0.0,0.0,0.0,0.0,271.9109166666667,10800.0,10800.0,0.0,0.0,0.0,0.0
Q42,2025-09-23 13:20:00,2025-09-23 13:30:00,2025-09-23,2025-09-23 00:00,0.8854,6080.4251,7754.0988,-278.9456166666665,0.0,0.0,0.0,0.0,0.0,278.9456166666665,10800.0,10800.0,0.0,0.0,0.0,0.0
Q42,2025-09-23 13:30:00,2025-09-23 13:40:00,2025-09-23,2025-09-23 00:00,0.8377,6115.63,7607.2875,-248.60958333333338,0.0,0.0,0.0,0.0,0.0,248.60958333333338,10800.0,10800.0,0.0,0.0,0.0,0.0
Q42,2025-09-23 13:40:00,2025-09-23 13:50:00,2025-09-23,2025-09-23 00:00,0.8574,6161.9414,7394.5585,-205.4361833333334,0.0,0.0,0.0,0.0,0.0,205.4361833333334,10800.0,10800.0,0.0,0.0,0.0,0.0
Q42,2025-09-23 13:50:00,2025-09-23 14:00:00,2025-09-23,2025-09-23 00:00,0.8948,6291.8498,7228.1769,-156.05451666666673,0.0,0.0,0.0,0.0,0.0,156.05451666666673,10800.0,10800.0,0.0,0.0,0.0,0.0
Q42,2025-09-23 14:00:00,2025-09-23 14:10:00,2025-09-23,2025-09-23 00:00,0.9188,6409.53,7094.9625,-114.23874999999998,0.0,0.0,0.0,0.0,0.0,114.23874999999998,10800.0,10800.0,0.0,0.0,0.0,0.0
Q42,2025-09-23 14:10:00,2025-09-23 14:20:00,2025-09-23,2025-09-23 00:00,0.9422,6298.6605,6838.0168,-89.89271666666673,0.0,0.0,0.0,0.0,0.0,89.89271666666673,10800.0,10800.0,0.0,0.0,0.0,0.0
Q42,2025-09-23 14:20:00,2025-09-23 14:30:00,2025-09-23,2025-09-23 00:00,0.9638,6212.8259,6393.4647,-30.10646666666677,0.0,0.0,0.0,0.0,0.0,30.10646666666677,10800.0,10800.0,0.0,0.0,0.0,0.0
Q42,2025-09-23 14:30:00,2025-09-23 14:40:00,2025-09-23,2025-09-23 00:00,1.0143,6236.6,5854.05,63.75833333333336,0.0,0.0,0.0,63.75833333333336,0.0,0.0,10800.0,10729.157407407407,0.0,0.0,0.0,0.0
Q42,2025-09-23 14:40:00,2025-09-23 14:50:00,2025-09-23,2025-09-23 00:00,1.099,6217.1274,5393.4146,137.2854666666667,0.0,0.0,0.0,137.2854666666667,0.0,0.0,10729.157407407407,10576.617999999999,0.0,0.0,0.0,0.0
Q42,2025-09-23 14:50:00,2025-09-23 15:00:00,2025-09-23,2025-09-23 00:00,0.9913,6206.2876,4990.8009,202.58111666666656,0.0,0.0,0.0,202.58111666666656,0.0,0.0,10576.617999999999,10351.52787037037,0.0,0.0,0.0,0.0
Q42,2025-09-23 15:00:00,2025-09-23 15:10:00,2025-09-23,2025-09-23 00:00,0.7708,6262.68,4761.6375,250.17375000000007,128.9982582083912,128.9982582083912,0.0,121.17549179160886,0.0,0.0,10351.52787037037,10216.88843504636,99.43185742702795,0.0,0.0,99.43185742702795
Q42,2025-09-23 15:10:00,2025-09-23 15:20:00,2025-09-23,2025-09-23 00:00,0.7575,6377.3851,4842.082,255.88385,165.58549099253634,165.58549099253634,0.0,90.29835900746366,0.0,0.0,10216.88843504636,10116.556925038067,125.43100942684627,0.0,0.0,125.43100942684627
Q42,2025-09-23 15:20:00,2025-09-23 15:30:00,2025-09-23,2025-09-23 00:00,0.7846,6461.0017,4734.2965,287.7841999999999,263.4415026440306,263.4415026440306,0.0,24.34269735596928,0.0,0.0,10116.556925038067,10089.509483531434,206.6962029745064,0.0,0.0,206.6962029745064
Q42,2025-09-23 15:30:00,2025-09-23 15:40:00,2025-09-23,2025-09-23 00:00,0.7548,6382.45,4417.2375,327.5354166666666,353.55587824682135,353.55587824682135,26.020461580154745,0.0,0.0,0.0,10089.509483531434,10112.927898953572,266.8639769007008,0.0,0.0,266.8639769007008
Q42,2025-09-23 15:40:00,2025-09-23 15:50:00,2025-09-23,2025-09-23 00:00,0.7536,6120.1976,4306.354,302.3072666666667,532.5488784060551,532.5488784060551,230.24161173938842,0.0,0.0,0.0,10112.927898953572,10320.145349519022,401.32883476680314,0.0,0.0,401.32883476680314
Q42,2025-09-23 15:50:00,2025-09-23 16:00:00,2025-09-23,2025-09-23 00:00,0.8148,6153.6297,4035.9346,352.9491833333334,385.8637653207291,385.8637653207291,32.91458198739571,0.0,0.0,0.0,10320.145349519022,10349.768473307679,314.40179598333003,0.0,0.0,314.40179598333003
Q42,2025-09-23 16:00:00,2025-09-23 16:10:00,2025-09-23,2025-09-23 00:00,0.8978,6505.17,3543.675,493.5825,442.31647917377296,442.31647917377296,0.0,51.26602082622702,0.0,0.0,10349.768473307679,10292.806227945204,397.1117350022134,0.0,0.0,397.1117350022134
Q42,2025-09-23 16:10:00,2025-09-23 16:20:00,2025-09-23,2025-09-23 00:00,0.9325,6704.9712,3168.3753,589.43265,554.0606101741391,554.0606101741391,0.0,35.37203982586084,0.0,0.0,10292.806227945204,10253.503961472026,516.6615189873847,0.0,0.0,516.6615189873847
Q42,2025-09-23 16:20:00,2025-09-23 16:30:00,2025-09-23,2025-09-23 00:00,0.9637,6651.3841,2836.5022,635.81365,616.1799362292728,616.1799362292728,0.0,19.63371377072724,0.0,0.0,10253.503961472026,10231.688723948995,593.8126045441502,0.0,0.0,593.8126045441502
Q42,2025-09-23 16:30:00,2025-09-23 16:40:00,2025-09-23,2025-09-23 00:00,0.9927,6512.95,2503.5375,668.2354166666667,641.3634809214719,641.3634809214719,0.0,26.87193574519472,0.0,0.0,10231.688723948995,10201.831017565446,636.6815275107452,0.0,0.0,636.6815275107452
Q42,2025-09-23 16:40:00,2025-09-23 16:50:00,2025-09-23,2025-09-23 00:00,0.9735,6516.7553,2218.6701,716.3475333333332,713.7021710372385,713.7021710372385,0.0,2.6453622960947314,0.0,0.0,10201.831017565446,10198.891726125341,694.7890635047517,0.0,0.0,694.7890635047517
Q42,2025-09-23 16:50:00,2025-09-23 17:00:00,2025-09-23,2025-09-23 00:00,0.9613,6452.5286,1863.5925,764.8226833333333,766.6161218689375,766.6161218689375,1.7934385356041957,0.0,0.0,0.0,10198.891726125341,10200.505820807384,736.9480779526097,0.0,0.0,736.9480779526097
Q42,2025-09-23 17:00:00,2025-09-23 17:10:00,2025-09-23,2025-09-23 00:00,1.0104,6349.71,1465.3875,814.05375,853.9914649761266,853.9914649761266,39.937714976126585,0.0,0.0,0.0,10200.505820807384,10236.449764285899,862.8729762118783,0.0,0.0,862.8729762118783
Q42,2025-09-23 17:10:00,2025-09-23 17:20:00,2025-09-23,2025-09-23 00:00,1.1132,6441.2731,1178.7512,877.0869833333334,896.5910478589011,896.5910478589011,19.504064525567742,0.0,0.0,0.0,10236.449764285899,10254.00342235891,998.0851544765287,0.0,0.0,998.0851544765287
Q42,2025-09-23 17:20:00,2025-09-23 17:30:00,2025-09-23,2025-09-23 00:00,1.1301,6397.9351,917.9154,913.3366166666666,926.3032199838202,926.3032199838202,12.966603317153613,0.0,0.0,0.0,10254.00342235891,10265.673365344348,1046.8152689037154,0.0,0.0,1046.8152689037154
Q42,2025-09-23 17:30:00,2025-09-23 17:40:00,2025-09-23,2025-09-23 00:00,1.0787,6368.49,630.1875,956.38375,978.1673997691282,978.1673997691282,21.78364976912826,0.0,0.0,0.0,10265.673365344348,10285.278650136563,1055.1491741309585,0.0,0.0,1055.1491741309585
Q42,2025-09-23 17:40:00,2025-09-23 17:50:00,2025-09-23,2025-09-23 00:00,1.1143,6667.634,356.458,1051.8626666666667,1054.6851582971408,1054.6851582971408,2.8224916304741328,0.0,0.0,0.0,10285.278650136563,10287.81889260399,1175.2356718905041,0.0,0.0,1175.2356718905041
Q42,2025-09-23 17:50:00,2025-09-23 18:00:00,2025-09-23,2025-09-23 00:00,1.1899,5886.4358,131.4439,959.1653166666666,969.7888175440675,969.7888175440675,10.62350087740083,0.0,0.0,0.0,10287.81889260399,10297.38004339365,1153.9517139956859,0.0,0.0,1153.9517139956859
Q42,2025-09-23 18:00:00,2025-09-23 18:10:00,2025-09-23,2025-09-23 00:00,1.26,4515.87,0.0,752.645,793.4440712908618,793.4440712908618,40.799071290861775,0.0,0.0,0.0,10297.38004339365,10334.099207555426,999.7395298264859,0.0,0.0,999.7395298264859
Q42,2025-09-23 18:10:00,2025-09-23 18:20:00,2025-09-23,2025-09-23 00:00,1.3273,4585.9791,0.0,764.3298499999999,0.0,0.0,0.0,764.3298499999999,0.0,0.0,10334.099207555426,9484.843818666537,0.0,0.0,0.0,0.0
Q42,2025-09-23 18:20:00,2025-09-23 18:30:00,2025-09-23,2025-09-23 00:00,1.3739,4985.787,4.4234,830.2272666666668,0.0,0.0,0.0,830.2272666666668,0.0,0.0,9484.843818666537,8562.369077925796,0.0,0.0,0.0,0.0
Q42,2025-09-23 18:30:00,2025-09-23 18:40:00,2025-09-23,2025-09-23 00:00,1.3863,5006.5,0.0,834.4166666666666,0.0,0.0,0.0,833.3333333333334,1.0833333333332575,0.0,8562.369077925796,7636.44315199987,0.0,0.0,7.509124999999475,7.509124999999475
Q42,2025-09-23 18:40:00,2025-09-23 18:50:00,2025-09-23,2025-09-23 00:00,1.3617,5016.9579,0.0,836.15965,0.0,0.0,0.0,833.3333333333334,2.826316666666685,0.0,7636.44315199987,6710.517226073944,0.0,0.0,19.242977025000123,19.242977025000123
Q42,2025-09-23 18:50:00,2025-09-23 19:00:00,2025-09-23,2025-09-23 00:00,1.2989,4862.5058,0.3176,810.3646999999999,805.7929200065852,805.7929200065852,0.0,4.57177999341468,0.0,0.0,6710.517226073944,6705.437470525705,1046.6444237965534,0.0,0.0,1046.6444237965534
Q42,2025-09-23 19:00:00,2025-09-23 19:10:00,2025-09-23,2025-09-23 00:00,1.242,4664.56,0.0,777.4266666666667,809.140419478298,809.140419478298,31.713752811631252,0.0,0.0,0.0,6705.437470525705,6733.979848056173,1004.9524009920461,0.0,0.0,1004.9524009920461
Q42,2025-09-23 19:10:00,2025-09-23 19:20:00,2025-09-23,2025-09-23 00:00,1.2579,4794.5933,0.0,799.0988833333333,819.5983603385346,819.5983603385346,20.499477005201243,0.0,0.0,0.0,6733.979848056173,6752.429377360854,1030.9727774698426,0.0,0.0,1030.9727774698426
Q42,2025-09-23 19:20:00,2025-09-23 19:30:00,2025-09-23,2025-09-23 00:00,1.3209,4953.598,0.0228,825.5958666666667,0.0,0.0,0.0,825.5958666666667,0.0,0.0,6752.429377360854,5835.100636620114,0.0,0.0,0.0,0.0
Q42,2025-09-23 19:30:00,2025-09-23 19:40:00,2025-09-23,2025-09-23 00:00,1.3658,4906.9,0.0,817.8166666666666,0.0,0.0,0.0,817.8166666666666,0.0,0.0,5835.100636620114,4926.415451434928,0.0,0.0,0.0,0.0
Q42,2025-09-23 19:40:00,2025-09-23 19:50:00,2025-09-23,2025-09-23 00:00,1.3425,4721.0181,0.0,786.83635,0.0,0.0,0.0,786.83635,0.0,0.0,4926.415451434928,4052.152840323817,0.0,0.0,0.0,0.0
Q42,2025-09-23 19:50:00,2025-09-23 20:00:00,2025-09-23,2025-09-23 00:00,1.3213,4705.315,0.0016,784.2189,5.516218140610931,5.516218140610931,0.0,778.702681859389,0.0,0.0,4052.152840323817,3186.927638257829,7.288579029189223,0.0,0.0,7.288579029189223
Q42,2025-09-23 20:00:00,2025-09-23 20:10:00,2025-09-23,2025-09-23 00:00,1.3115,4871.47,0.0,811.9116666666666,304.21696275825593,304.21696275825593,0.0,507.6947039084107,0.0,0.0,3186.927638257829,2622.822411692928,398.9805466574527,0.0,0.0,398.9805466574527
Q42,2025-09-23 20:10:00,2025-09-23 20:20:00,2025-09-23,2025-09-23 00:00,1.2687,4963.0687,0.0,827.1781166666666,814.1398130257796,814.1398130257796,0.0,13.038303640886966,0.0,0.0,2622.822411692928,2608.3354076474984,1032.8991807858065,0.0,0.0,1032.8991807858065
Q42,2025-09-23 20:20:00,2025-09-23 20:30:00,2025-09-23,2025-09-23 00:00,1.2951,5061.4062,0.0,843.5677000000001,810.4288505334629,810.4288505334629,0.0,33.13884946653718,0.0,0.0,2608.3354076474984,2571.5144637957906,1049.5864043258878,0.0,0.0,1049.5864043258878
Q42,2025-09-23 20:30:00,2025-09-23 20:40:00,2025-09-23,2025-09-23 00:00,1.3829,5038.25,0.0,839.7083333333333,0.0,0.0,0.0,833.3333333333334,6.374999999999886,0.0,2571.5144637957906,1645.5885378698645,0.0,0.0,44.07993749999922,44.07993749999922
Q42,2025-09-23 20:40:00,2025-09-23 20:50:00,2025-09-23,2025-09-23 00:00,1.3866,4709.3717,0.0,784.8952833333333,0.0,0.0,0.0,401.029684082878,383.86559925045526,0.0,1645.5885378698645,1200.0,0.0,0.0,2661.3401996034063,2661.3401996034063
Q42,2025-09-23 20:50:00,2025-09-23 21:00:00,2025-09-23,2025-09-23 00:00,1.2125,4809.9708,0.0,801.6618,833.1251272400699,833.1251272400699,31.46332724006993,0.0,0.0,0.0,1200.0,1228.316994516063,1010.1642167785847,0.0,0.0,1010.1642167785847
Q42,2025-09-23 21:00:00,2025-09-23 21:10:00,2025-09-23,2025-09-23 00:00,0.9884,5215.3,0.0,869.2166666666667,802.3688670765266,802.3688670765266,0.0,25.485295064456704,41.36250452568338,0.0,1228.316994516063,1200.0,793.0613882184389,0.0,204.41349736592727,997.4748855843661
Q42,2025-09-23 21:10:00,2025-09-23 21:20:00,2025-09-23,2025-09-23 00:00,0.9549,5055.1463,0.0,842.5243833333334,848.9282971520686,848.9282971520686,6.403913818735191,0.0,0.0,0.0,1200.0,1205.7635224368616,810.6416309505103,0.0,0.0,810.6416309505103
Q42,2025-09-23 21:20:00,2025-09-23 21:30:00,2025-09-23,2025-09-23 00:00,0.9828,4827.5711,0.0,804.5951833333334,845.5140337713267,845.5140337713267,40.91885043799334,0.0,0.0,0.0,1205.7635224368616,1242.5904878310557,830.9711923904599,0.0,0.0,830.9711923904599
Q42,2025-09-23 21:30:00,2025-09-23 21:40:00,2025-09-23,2025-09-23 00:00,1.0059,4880.29,0.0,813.3816666666667,790.993307947036,790.993307947036,0.0,22.388358719630673,0.0,0.0,1242.5904878310557,1217.7145336981328,795.6601684639235,0.0,0.0,795.6601684639235
Q42,2025-09-23 21:40:00,2025-09-23 21:50:00,2025-09-23,2025-09-23 00:00,1.0449,4979.2148,0.0,829.8691333333333,835.7106333134635,835.7106333134635,5.841499980130266,0.0,0.0,0.0,1217.7145336981328,1222.97188368025,873.234040749238,0.0,0.0,873.234040749238
Q42,2025-09-23 21:50:00,2025-09-23 22:00:00,2025-09-23,2025-09-23 00:00,0.8538,4609.119,0.0,768.1864999999999,784.485772086035,784.485772086035,16.299272086035103,0.0,0.0,0.0,1222.97188368025,1237.6412285576814,669.7939522070567,0.0,0.0,669.7939522070567
Q42,2025-09-23 22:00:00,2025-09-23 22:10:00,2025-09-23,2025-09-23 00:00,0.5154,3835.46,0.0,639.2433333333333,643.8320529703786,643.8320529703786,4.588719637045301,0.0,0.0,0.0,1237.6412285576814,1241.771076231022,331.83104010093314,0.0,0.0,331.83104010093314
Q42,2025-09-23 22:10:00,2025-09-23 22:20:00,2025-09-23,2025-09-23 00:00,0.3997,3320.6494,0.0,553.4415666666666,592.5396893937267,592.5396893937267,39.09812272706006,0.0,0.0,0.0,1241.771076231022,1276.959386685376,236.83811385067256,0.0,0.0,236.83811385067256
Q42,2025-09-23 22:20:00,2025-09-23 22:30:00,2025-09-23,2025-09-23 00:00,0.4421,3496.0714,0.0,582.6785666666666,596.6353431420166,596.6353431420166,13.956776475350011,0.0,0.0,0.0,1276.959386685376,1289.520485513191,263.7724852030855,0.0,0.0,263.7724852030855
Q42,2025-09-23 22:30:00,2025-09-23 22:40:00,2025-09-23,2025-09-23 00:00,0.4839,3883.24,0.0,647.2066666666666,604.5811850618368,604.5811850618368,0.0,42.625481604829815,0.0,0.0,1289.520485513191,1242.1588392856024,292.55683545142284,0.0,0.0,292.55683545142284
Q42,2025-09-23 22:40:00,2025-09-23 22:50:00,2025-09-23,2025-09-23 00:00,0.4396,3580.1991,0.0,596.69985,634.6362860362901,634.6362860362901,37.93643603629016,0.0,0.0,0.0,1242.1588392856024,1276.3016317182635,278.9861113415531,0.0,0.0,278.9861113415531
Q42,2025-09-23 22:50:00,2025-09-23 23:00:00,2025-09-23,2025-09-23 00:00,0.4292,3332.1137,0.0,555.3522833333333,642.5910831918028,642.5910831918028,87.23879985846952,0.0,0.0,0.0,1276.3016317182635,1354.816551590886,275.80009290592176,0.0,0.0,275.80009290592176
Q42,2025-09-23 23:00:00,2025-09-23 23:10:00,2025-09-23,2025-09-23 00:00,0.4608,3416.1,0.0,569.3499999999999,636.9639972957596,636.9639972957596,67.61399729575965,0.0,0.0,0.0,1354.816551590886,1415.6691491570698,293.513009953886,0.0,0.0,293.513009953886
Q42,2025-09-23 23:10:00,2025-09-23 23:20:00,2025-09-23,2025-09-23 00:00,0.4279,3387.9352,0.0,564.6558666666666,619.3496120065747,619.3496120065747,54.693745339908105,0.0,0.0,0.0,1415.6691491570698,1464.893519962987,265.0196989776133,0.0,0.0,265.0196989776133
Q42,2025-09-23 23:20:00,2025-09-23 23:30:00,2025-09-23,2025-09-23 00:00,0.4124,3459.0094,0.0,576.5015666666666,618.6326289946863,618.6326289946863,42.131062328019766,0.0,0.0,0.0,1464.893519962987,1502.8114760582048,255.12409619740865,0.0,0.0,255.12409619740865
Q42,2025-09-23 23:30:00,2025-09-23 23:40:00,2025-09-23,2025-09-23 00:00,0.4355,3661.95,0.0,610.3249999999999,644.8611547602715,644.8611547602715,34.53615476027153,0.0,0.0,0.0,1502.8114760582048,1533.8940153424492,280.83703289809824,0.0,0.0,280.83703289809824
Q42,2025-09-23 23:40:00,2025-09-23 23:50:00,2025-09-23,2025-09-23 00:00,0.4312,3702.4038,0.0,617.0672999999999,614.3820859479304,614.3820859479304,0.0,2.6852140520695684,0.0,0.0,1533.8940153424492,1530.910444173483,264.9215554607476,0.0,0.0,264.9215554607476
Q42,2025-09-23 23:50:00,2025-09-24 00:00:00,2025-09-23,2025-09-23 00:00,0.4204,3409.7885,0.0,568.2980833333334,607.8243141430024,607.8243141430024,39.52623080966907,0.0,0.0,0.0,1530.910444173483,1566.4840519021852,255.52934166571822,0.0,0.0,255.52934166571822
Q42,2025-12-21 00:00:00,2025-12-21 00:10:00,2025-12-20,2025-12-20 00:00,0.4221,3373.27,0.0,562.2116666666666,0.0,0.0,0.0,562.2116666666666,0.0,0.0,2572.7455846319435,1948.065955002314,0.0,0.0,0.0,0.0
Q42,2025-12-21 00:10:00,2025-12-21 00:20:00,2025-12-21,2025-12-21 00:00,0.4264,3576.1063,0.0,596.0177166666666,1443.9282236312429,1443.9282236312429,833.3333333333334,0.0,0.0,14.577173631242886,1948.065955002314,2698.065955002314,615.6909945563619,0.0,0.0,615.6909945563619
Q42,2025-12-21 00:20:00,2025-12-21 00:30:00,2025-12-21,2025-12-21 00:00,0.4293,3537.871,0.0,589.6451666666667,1425.165587287342,1425.165587287342,833.3333333333334,0.0,0.0,2.187087287342024,2698.065955002314,3448.065955002314,611.823586622456,0.0,0.0,611.823586622456
Q42,2025-12-21 00:30:00,2025-12-21 00:40:00,2025-12-21,2025-12-21 00:00,0.4388,3472.1,0.0,578.6833333333333,1450.1530476754383,1450.1530476754383,833.3333333333334,0.0,0.0,38.13638100877165,3448.065955002314,4198.065955002314,636.3271573199823,0.0,0.0,636.3271573199823
Q42,2025-12-21 00:40:00,2025-12-21 00:50:00,2025-12-21,2025-12-21 00:00,0.4138,3388.2602,0.0,564.7100333333333,1475.8730745074336,1475.8730745074336,833.3333333333334,0.0,0.0,77.8297078407669,4198.065955002314,4948.065955002314,610.716278231176,0.0,0.0,610.716278231176
Q42,2025-12-21 00:50:00,2025-12-21 01:00:00,2025-12-21,2025-12-21 00:00,0.41,3299.4233,0.0,549.9038833333333,1482.5080563299302,1482.5080563299302,833.3333333333334,0.0,0.0,99.27083966326359,4948.065955002314,5698.065955002314,607.8283030952714,0.0,0.0,607.8283030952714
Q42,2025-12-21 01:00:00,2025-12-21 01:10:00,2025-12-21,2025-12-21 00:00,0.4471,3349.26,0.0,558.21,625.181559349743,625.181559349743,66.97155934974296,0.0,0.0,0.0,5698.065955002314,5758.340358417083,279.51867518527007,0.0,0.0,279.51867518527007
Q42,2025-12-21 01:10:00,2025-12-21 01:20:00,2025-12-21,2025-12-21 00:00,0.4797,3662.0911,0.0,610.3485166666667,608.4761446963456,608.4761446963456,0.0,1.872371970321069,0.0,0.0,5758.340358417083,5756.259945116726,291.886006610837,0.0,0.0,291.886006610837
Q42,2025-12-21 01:20:00,2025-12-21 01:30:00,2025-12-21,2025-12-21 00:00,0.4466,3799.4157,0.0,633.23595,1329.4949518435828,1329.4949518435828,696.2590018435828,0.0,0.0,0.0,5756.259945116726,6382.893046775951,593.7524454933441,0.0,0.0,593.7524454933441
Q42,2025-12-21 01:30:00,2025-12-21 01:40:00,2025-12-21,2025-12-21 00:00,0.3961,3736.18,0.0,622.6966666666666,1478.748649386367,1478.748649386367,833.3333333333334,0.0,0.0,22.718649386367133,6382.893046775951,7132.893046775951,585.73234002194,0.0,0.0,585.73234002194
Q42,2025-12-21 01:40:00,2025-12-21 01:50:00,2025-12-21,2025-12-21 00:00,0.4368,3824.9356,0.0,637.4892666666666,1460.1839873834651,1460.1839873834651,822.6947207167985,0.0,0.0,0.0,7132.893046775951,7873.31829542107,637.8083656890976,0.0,0.0,637.8083656890976
Q42,2025-12-21 01:50:00,2025-12-21 02:00:00,2025-12-21,2025-12-21 00:00,0.475,3734.208,0.0,622.3679999999999,629.6040771530816,629.6040771530816,7.236077153081624,0.0,0.0,0.0,7873.31829542107,7879.830764858843,299.0619366477137,0.0,0.0,299.0619366477137
Q42,2025-12-21 02:00:00,2025-12-21 02:10:00,2025-12-21,2025-12-21 00:00,0.4651,3587.15,0.0,597.8583333333333,647.0400609654157,647.0400609654157,49.18172763208236,0.0,0.0,0.0,7879.830764858843,7924.094319727717,300.93833235501484,0.0,0.0,300.93833235501484
Q42,2025-12-21 02:10:00,2025-12-21 02:20:00,2025-12-21,2025-12-21 00:00,0.455,3856.4774,0.0,642.7462333333333,638.4552803370423,638.4552803370423,0.0,4.290952996291026,0.0,0.0,7924.094319727717,7919.326594176283,290.4971525533542,0.0,0.0,290.4971525533542
Q42,2025-12-21 02:20:00,2025-12-21 02:30:00,2025-12-21,2025-12-21 00:00,0.4629,3923.2147,0.0,653.8691166666666,647.2771057222499,647.2771057222499,0.0,6.5920109444167565,0.0,0.0,7919.326594176283,7912.002137571375,299.62457223882944,0.0,0.0,299.62457223882944
Q42,2025-12-21 02:30:00,2025-12-21 02:40:00,2025-12-21,2025-12-21 00:00,0.4713,3730.5,0.0,621.75,672.9003917095073,672.9003917095073,51.15039170950729,0.0,0.0,0.0,7912.002137571375,7958.037490109931,317.1379546126908,0.0,0.0,317.1379546126908
Q42,2025-12-21 02:40:00,2025-12-21 02:50:00,2025-12-21,2025-12-21 00:00,0.4513,3819.86,0.0,636.6433333333333,674.0927501411103,674.0927501411103,37.44941680777697,0.0,0.0,0.0,7958.037490109931,7991.741965236931,304.21805813868303,0.0,0.0,304.21805813868303
Q42,2025-12-21 02:50:00,2025-12-21 03:00:00,2025-12-21,2025-12-21 00:00,0.4352,3791.4644,0.0,631.9107333333333,1508.6364511003535,1508.6364511003535,833.3333333333334,0.0,0.0,43.39238443368686,7991.741965236931,8741.741965236932,656.5585835188738,0.0,0.0,656.5585835188738
Q42,2025-12-21 03:00:00,2025-12-21 03:10:00,2025-12-21,2025-12-21 00:00,0.4577,3751.73,0.0,625.2883333333333,674.0352361658336,674.0352361658336,48.74690283250027,0.0,0.0,0.0,8741.741965236932,8785.614177786181,308.505927593102,0.0,0.0,308.505927593102
Q42,2025-12-21 03:10:00,2025-12-21 03:20:00,2025-12-21,2025-12-21 00:00,0.5147,4180.5461,0.0,696.7576833333333,661.6726395795973,661.6726395795973,0.0,35.08504375373593,0.0,0.0,8785.614177786181,8746.630795837586,340.5629075916188,0.0,0.0,340.5629075916188
Q42,2025-12-21 03:20:00,2025-12-21 03:30:00,2025-12-21,2025-12-21 00:00,0.5083,4115.3327,0.0,685.8887833333333,676.1775639123637,676.1775639123637,0.0,9.711219420969655,0.0,0.0,8746.630795837586,8735.840552036509,343.70105573665444,0.0,0.0,343.70105573665444
Q42,2025-12-21 03:30:00,2025-12-21 03:40:00,2025-12-21,2025-12-21 00:00,0.4686,3748.74,0.0,624.79,703.3660653853212,703.3660653853212,78.57606538532127,0.0,0.0,0.0,8735.840552036509,8806.559010883298,329.59733823956157,0.0,0.0,329.59733823956157
Q42,2025-12-21 03:40:00,2025-12-21 03:50:00,2025-12-21,2025-12-21 00:00,0.5119,4220.4858,0.0,703.4143,666.4702616966626,666.4702616966626,0.0,36.94403830333738,0.0,0.0,8806.559010883298,8765.510079435146,341.1661269625216,0.0,0.0,341.1661269625216
Q42,2025-12-21 03:50:00,2025-12-21 04:00:00,2025-12-21,2025-12-21 00:00,0.5023,4423.9257,0.0,737.3209499999999,671.7237156475577,671.7237156475577,0.0,65.59723435244223,0.0,0.0,8765.510079435146,8692.624263487987,337.40682236976824,0.0,0.0,337.40682236976824
Q42,2025-12-21 04:00:00,2025-12-21 04:10:00,2025-12-21,2025-12-21 00:00,0.4324,4079.15,0.0,679.8583333333333,1513.0886032906442,1513.0886032906442,833.2302699573108,0.0,0.0,0.0,8692.624263487987,9442.531506449566,654.2595120628746,0.0,0.0,654.2595120628746
Q42,2025-12-21 04:10:00,2025-12-21 04:20:00,2025-12-21,2025-12-21 00:00,0.4412,4038.9424,0.0,673.1570666666667,1521.3383149768651,1521.3383149768651,833.3333333333334,0.0,0.0,14.847914976865127,9442.531506449566,10192.531506449566,671.2144645677929,0.0,0.0,671.2144645677929
Q42,2025-12-21 04:20:00,2025-12-21 04:30:00,2025-12-21,2025-12-21 00:00,0.4805,4082.3954,0.0,680.3992333333333,703.0000111956167,703.0000111956167,22.600777862283394,0.0,0.0,0.0,10192.531506449566,10212.87220652562,337.7915053794938,0.0,0.0,337.7915053794938
Q42,2025-12-21 04:30:00,2025-12-21 04:40:00,2025-12-21,2025-12-21 00:00,0.5015,4064.87,0.0,677.4783333333332,729.0240506296662,729.0240506296662,51.54571729633301,0.0,0.0,0.0,10212.87220652562,10259.263352092321,365.6055613907776,0.0,0.0,365.6055613907776
Q42,2025-12-21 04:40:00,2025-12-21 04:50:00,2025-12-21,2025-12-21 00:00,0.5024,4121.8784,0.0,686.9797333333332,743.3804086635625,743.3804086635625,56.40067533022932,0.0,0.0,0.0,10259.263352092321,10310.023959889528,373.4743173125738,0.0,0.0,373.4743173125738
Q42,2025-12-21 04:50:00,2025-12-21 05:00:00,2025-12-21,2025-12-21 00:00,0.4798,4083.6154,0.0,680.6025666666667,725.1281002855746,725.1281002855746,44.52553361890796,0.0,0.0,0.0,10310.023959889528,10350.096940146545,347.9164625170187,0.0,0.0,347.9164625170187
Q42,2025-12-21 05:00:00,2025-12-21 05:10:00,2025-12-21,2025-12-21 00:00,0.4753,4032.31,0.0,672.0516666666666,704.5274048966742,704.5274048966742,32.47573823000755,0.0,0.0,0.0,10350.096940146545,10379.32510455355,334.8618755473892,0.0,0.0,334.8618755473892
Q42,2025-12-21 05:10:00,2025-12-21 05:20:00,2025-12-21,2025-12-21 00:00,0.535,4217.9422,0.0023,702.9899833333334,698.2861717845815,698.2861717845815,0.0,4.703811548751901,0.0,0.0,10379.32510455355,10374.09864727716,373.5831019047511,0.0,0.0,373.5831019047511
Q42,2025-12-21 05:20:00,2025-12-21 05:30:00,2025-12-21,2025-12-21 00:00,0.5436,4253.2484,0.0,708.8747333333333,706.2159980640185,706.2159980640185,0.0,2.658735269314775,0.0,0.0,10374.09864727716,10371.144496977922,383.89901654760047,0.0,0.0,383.89901654760047
Q42,2025-12-21 05:30:00,2025-12-21 05:40:00,2025-12-21,2025-12-21 00:00,0.468,4066.58,0.0,677.7633333333333,691.766431545094,691.766431545094,14.00309821176063,0.0,0.0,0.0,10371.144496977922,10383.747285368507,323.74668996310396,0.0,0.0,323.74668996310396
Q42,2025-12-21 05:40:00,2025-12-21 05:50:00,2025-12-21,2025-12-21 00:00,0.4338,4077.7781,0.0316,679.6244166666667,1545.8329670863795,1545.8329670863795,462.50301625721477,0.0,0.0,403.7055341624981,10383.747285368507,10800.0,670.5823411220715,0.0,0.0,670.5823411220715
Q42,2025-12-21 05:50:00,2025-12-21 06:00:00,2025-12-21,2025-12-21 00:00,0.6915,4717.7146,0.0,786.2857666666666,792.7361956522558,792.7361956522558,0.0,0.0,0.0,6.450428985589156,10800.0,10800.0,548.1770792935349,0.0,0.0,548.1770792935349
Q42,2025-12-21 06:00:00,2025-12-21 06:10:00,2025-12-21,2025-12-21 00:00,1.0594,5490.65,0.0,915.1083333333332,904.8998404566617,904.8998404566617,0.0,10.208492876671585,0.0,0.0,10800.0,10788.657230137032,958.6508909797873,0.0,0.0,958.6508909797873
Q42,2025-12-21 06:10:00,2025-12-21 06:20:00,2025-12-21,2025-12-21 00:00,1.081,5439.318,0.4406,906.4795666666666,931.3383906280546,931.3383906280546,12.603077625519493,0.0,0.0,12.255746335868505,10788.657230137032,10800.0,1006.776800268927,0.0,0.0,1006.776800268927
Q42,2025-12-21 06:20:00,2025-12-21 06:30:00,2025-12-21,2025-12-21 00:00,1.0359,5407.8325,0.0,901.3054166666667,922.1055761871378,922.1055761871378,0.0,0.0,0.0,20.800159520471084,10800.0,10800.0,955.209166372256,0.0,0.0,955.209166372256
Q42,2025-12-21 06:30:00,2025-12-21 06:40:00,2025-12-21,2025-12-21 00:00,1.0597,5587.05,0.0,931.175,912.3335496625658,912.3335496625658,0.0,18.84145033743414,0.0,0.0,10800.0,10779.065055180628,966.7998625774211,0.0,0.0,966.7998625774211
Q42,2025-12-21 06:40:00,2025-12-21 06:50:00,2025-12-21,2025-12-21 00:00,1.0176,5351.2866,6.1366,890.8583333333333,906.0950193214026,906.0950193214026,15.236685988069212,0.0,0.0,0.0,10779.065055180628,10792.77807256989,922.0422916614593,0.0,0.0,922.0422916614593
Q42,2025-12-21 06:50:00,2025-12-21 07:00:00,2025-12-21,2025-12-21 00:00,1.0168,5233.249,0.0,872.2081666666666,945.8499335436038,945.8499335436038,8.024363811232938,0.0,0.0,65.61740306570431,10792.77807256989,10800.0,961.7402124271363,0.0,0.0,961.7402124271363
Q42,2025-12-21 07:00:00,2025-12-21 07:10:00,2025-12-21,2025-12-21 00:00,1.0595,5374.2,0.0,895.6999999999999,953.4815518735152,953.4815518735152,0.0,0.0,0.0,57.78155187351524,10800.0,10800.0,1010.2137042099894,0.0,0.0,1010.2137042099894
Q42,2025-12-21 07:10:00,2025-12-21 07:20:00,2025-12-21,2025-12-21 00:00,1.0282,5360.7841,172.6829,864.6835333333333,887.2255518188595,887.2255518188595,0.0,0.0,0.0,22.542018485526114,10800.0,10800.0,912.2453123801513,0.0,0.0,912.2453123801513
Q42,2025-12-21 07:20:00,2025-12-21 07:30:00,2025-12-21,2025-12-21 00:00,0.9987,5321.3096,420.0356,816.8789999999999,834.897254301678,834.897254301678,0.0,0.0,0.0,18.0182543016781,10800.0,10800.0,833.8118878710859,0.0,0.0,833.8118878710859
Q42,2025-12-21 07:30:00,2025-12-21 07:40:00,2025-12-21,2025-12-21 00:00,0.9724,5231.72,690.675,756.8408333333333,801.071523327363,801.071523327363,0.0,0.0,0.0,44.23068999402972,10800.0,10800.0,778.9619492835278,0.0,0.0,778.9619492835278
Q42,2025-12-21 07:40:00,2025-12-21 07:50:00,2025-12-21,2025-12-21 00:00,0.9109,5065.8847,996.7377,678.1911666666665,740.9460489859064,740.9460489859064,0.0,0.0,0.0,62.75488231923987,10800.0,10800.0,674.9277560212621,0.0,0.0,674.9277560212621
Q42,2025-12-21 07:50:00,2025-12-21 08:00:00,2025-12-21,2025-12-21 00:00,1.0903,5889.1246,1276.7125,768.7353499999999,818.2348643881222,818.2348643881222,0.0,0.0,0.0,49.49951438812229,10800.0,10800.0,892.1214726423697,0.0,0.0,892.1214726423697
Q42,2025-12-21 08:00:00,2025-12-21 08:10:00,2025-12-21,2025-12-21 00:00,1.4063,7180.79,1539.8625,940.1545833333332,119.53447839295302,119.53447839295302,0.0,820.6201049403802,0.0,0.0,10800.0,9888.199883399579,168.10133696400985,0.0,0.0,168.10133696400985
Q42,2025-12-21 08:10:00,2025-12-21 08:20:00,2025-12-21,2025-12-21 00:00,1.4458,7254.351,1860.1541,899.0328166666666,107.44762734213919,107.44762734213919,0.0,791.5851893245274,0.0,0.0,9888.199883399579,9008.660784150105,155.34777961126483,0.0,0.0,155.34777961126483
Q42,2025-12-21 08:20:00,2025-12-21 08:30:00,2025-12-21,2025-12-21 00:00,1.3908,7152.8955,2211.6206,823.5458166666665,65.04987291219356,65.04987291219356,0.0,758.4959437544729,0.0,0.0,9008.660784150105,8165.887513311802,90.47136324627881,0.0,0.0,90.47136324627881
Q42,2025-12-21 08:30:00,2025-12-21 08:40:00,2025-12-21,2025-12-21 00:00,1.3742,7367.01,2579.625,797.8975,0.0,0.0,0.0,797.8975,0.0,0.0,8165.887513311802,7279.334735534024,0.0,0.0,0.0,0.0
Q42,2025-12-21 08:40:00,2025-12-21 08:50:00,2025-12-21,2025-12-21 00:00,1.345,7333.1326,2953.1787,729.9923166666667,0.0,0.0,0.0,729.9923166666667,0.0,0.0,7279.334735534024,6468.23216145995,0.0,0.0,0.0,0.0
Q42,2025-12-21 08:50:00,2025-12-21 09:00:00,2025-12-21,2025-12-21 00:00,1.3284,7276.0603,3195.6035,680.0761333333332,0.0,0.0,0.0,680.0761333333332,0.0,0.0,6468.23216145995,5712.592013311802,0.0,0.0,0.0,0.0
Q42,2025-12-21 09:00:00,2025-12-21 09:10:00,2025-12-21,2025-12-21 00:00,1.3231,7255.65,3341.5875,652.3437499999999,0.0,0.0,0.0,652.3437499999999,0.0,0.0,5712.592013311802,4987.765624422913,0.0,0.0,0.0,0.0
Q42,2025-12-21 09:10:00,2025-12-21 09:20:00,2025-12-21,2025-12-21 00:00,1.2929,7076.8086,3572.7867,584.00365,0.0,0.0,0.0,584.00365,0.0,0.0,4987.765624422913,4338.872679978468,0.0,0.0,0.0,0.0
Q42,2025-12-21 09:20:00,2025-12-21 09:30:00,2025-12-21,2025-12-21 00:00,1.2522,7014.1683,3848.0561,527.6853666666667,625.1349334097374,625.1349334097374,97.4495667430707,0.0,0.0,0.0,4338.872679978468,4426.577290047232,782.7939636156732,0.0,0.0,782.7939636156732
Q42,2025-12-21 09:30:00,2025-12-21 09:40:00,2025-12-21,2025-12-21 00:00,1.2211,7150.59,4116.6,505.66499999999996,606.400316033862,606.400316033862,100.73531603386209,0.0,0.0,0.0,4426.577290047232,4517.239074477708,740.475425908949,0.0,0.0,740.475425908949
Q42,2025-12-21 09:40:00,2025-12-21 09:50:00,2025-12-21,2025-12-21 00:00,1.2184,7259.4501,4370.6969,481.45886666666667,570.0116263167295,570.0116263167295,88.5527596500628,0.0,0.0,0.0,4517.239074477708,4596.936558162764,694.5021655043031,0.0,0.0,694.5021655043031
Q42,2025-12-21 09:50:00,2025-12-21 10:00:00,2025-12-21,2025-12-21 00:00,1.2822,7142.682,4583.0793,426.6004499999999,72.26711700338723,72.26711700338723,0.0,354.3333329966127,0.0,0.0,4596.936558162764,4203.232854833195,92.6608974217431,0.0,0.0,92.6608974217431
Q42,2025-12-21 10:00:00,2025-12-21 10:10:00,2025-12-21,2025-12-21 00:00,1.3753,6912.23,4750.3875,360.30708333333325,0.0,0.0,0.0,360.30708333333325,0.0,0.0,4203.232854833195,3802.8916511294915,0.0,0.0,0.0,0.0
Q42,2025-12-21 10:10:00,2025-12-21 10:20:00,2025-12-21,2025-12-21 00:00,1.4027,6873.3728,4886.2111,331.19361666666657,0.0,0.0,0.0,331.19361666666657,0.0,0.0,3802.8916511294915,3434.898743722084,0.0,0.0,0.0,0.0
Q42,2025-12-21 10:20:00,2025-12-21 10:30:00,2025-12-21,2025-12-21 00:00,1.3591,6913.1885,4956.6279,326.0934333333333,0.0,0.0,0.0,326.0934333333333,0.0,0.0,3434.898743722084,3072.572706685047,0.0,0.0,0.0,0.0
Q42,2025-12-21 10:30:00,2025-12-21 10:40:00,2025-12-21,2025-12-21 00:00,1.3321,6951.47,4960.7625,331.7845833333334,0.0,0.0,0.0,331.7845833333334,0.0,0.0,3072.572706685047,2703.9231696480097,0.0,0.0,0.0,0.0
Q42,2025-12-21 10:40:00,2025-12-21 10:50:00,2025-12-21,2025-12-21 00:00,1.3769,7040.6919,4946.2149,349.07949999999994,0.0,0.0,0.0,349.07949999999994,0.0,0.0,2703.9231696480097,2316.0570585368987,0.0,0.0,0.0,0.0
Q42,2025-12-21 10:50:00,2025-12-21 11:00:00,2025-12-21,2025-12-21 00:00,1.1651,7195.1724,4968.8079,371.0607500000001,312.09825762722755,312.09825762722755,0.0,58.962492372772545,0.0,0.0,2316.0570585368987,2250.543178122707,363.62567996148283,0.0,0.0,363.62567996148283
Q42,2025-12-21 11:00:00,2025-12-21 11:10:00,2025-12-21,2025-12-21 00:00,0.8057,7266.62,4979.2125,381.2345833333334,1145.4872999448776,1145.4872999448776,764.2527166115442,0.0,0.0,0.0,2250.543178122707,2938.370623073097,922.9191175655878,0.0,0.0,922.9191175655878
Q42,2025-12-21 11:10:00,2025-12-21 11:20:00,2025-12-21,2025-12-21 00:00,0.7611,7080.5804,4907.9946,362.0976333333333,1114.1569843843151,1114.1569843843151,752.0593510509818,0.0,0.0,0.0,2938.370623073097,3615.2240390189804,847.9848808149022,0.0,0.0,847.9848808149022
Q42,2025-12-21 11:20:00,2025-12-21 11:30:00,2025-12-21,2025-12-21 00:00,0.7807,6948.6094,5015.1025,322.25115000000005,1073.2769762343196,1073.2769762343196,751.0258262343195,0.0,0.0,0.0,3615.2240390189804,4291.147282629868,837.9073353461332,0.0,0.0,837.9073353461332
Q42,2025-12-21 11:30:00,2025-12-21 11:40:00,2025-12-21,2025-12-21 00:00,0.7378,6954.16,5256.3375,282.97041666666667,1087.0878094989432,1087.0878094989432,804.1173928322766,0.0,0.0,0.0,4291.147282629868,5014.852936178917,802.0533858483203,0.0,0.0,802.0533858483203
Q42,2025-12-21 11:40:00,2025-12-21 11:50:00,2025-12-21,2025-12-21 00:00,0.7527,6860.0706,5348.0182,252.00873333333325,1095.6436804856062,1095.6436804856062,833.3333333333334,0.0,0.0,10.301613818939586,5014.852936178917,5764.852936178917,824.6909983015158,0.0,0.0,824.6909983015158
Q42,2025-12-21 11:50:00,2025-12-21 12:00:00,2025-12-21,2025-12-21 00:00,0.7117,6565.9337,5577.6892,164.70741666666663,1066.5583459896218,1066.5583459896218,833.3333333333334,0.0,0.0,68.51759598962178,5764.852936178917,6514.852936178917,759.0695748408139,0.0,0.0,759.0695748408139
Q42,2025-12-21 12:00:00,2025-12-21 12:10:00,2025-12-21,2025-12-21 00:00,0.6418,6330.9,5890.8,73.34999999999991,1047.8068128193552,1047.8068128193552,833.3333333333334,0.0,0.0,141.1234794860219,6514.852936178917,7264.852936178917,672.4824124674622,0.0,0.0,672.4824124674622
Q42,2025-12-21 12:10:00,2025-12-21 12:20:00,2025-12-21,2025-12-21 00:00,0.6936,6501.863,5904.8948,99.49470000000004,984.8039473456979,984.8039473456979,833.3333333333334,0.0,0.0,51.975914012364456,7264.852936178917,8014.852936178917,683.060017878976,0.0,0.0,683.060017878976
Q42,2025-12-21 12:20:00,2025-12-21 12:30:00,2025-12-21,2025-12-21 00:00,0.7105,6520.3344,5868.1645,108.69498333333331,1015.4045190017223,1015.4045190017223,833.3333333333334,0.0,0.0,73.37620233505561,8014.852936178917,8764.852936178917,721.4449107507237,0.0,0.0,721.4449107507237
Q42,2025-12-21 12:30:00,2025-12-21 12:40:00,2025-12-21,2025-12-21 00:00,0.6294,6273.31,5864.7,68.10166666666676,1025.878255387352,1025.878255387352,833.3333333333334,0.0,0.0,124.44325538735188,8764.852936178917,9514.852936178917,645.6877739407994,0.0,0.0,645.6877739407994
Q42,2025-12-21 12:40:00,2025-12-21 12:50:00,2025-12-21,2025-12-21 00:00,0.5829,6234.7567,5722.7661,85.33176666666668,997.1517318815849,997.1517318815849,833.3333333333334,0.0,0.0,78.4866318815848,9514.852936178917,10264.852936178917,581.2397445137758,0.0,0.0,581.2397445137758
Q42,2025-12-21 12:50:00,2025-12-21 13:00:00,2025-12-21,2025-12-21 00:00,0.7799,6512.763,5549.8704,160.4821,1004.9847798006846,1004.9847798006846,594.6078486900923,0.0,0.0,249.89483111059224,10264.852936178917,10800.0,783.7876297665539,0.0,0.0,783.7876297665539
Q42,2025-12-21 13:00:00,2025-12-21 13:10:00,2025-12-21,2025-12-21 00:00,1.0833,6836.44,5390.4375,241.00041666666658,281.659205397886,281.659205397886,0.0,0.0,0.0,40.65878873121943,10800.0,10800.0,305.1214172075299,0.0,0.0,305.1214172075299
Q42,2025-12-21 13:10:00,2025-12-21 13:20:00,2025-12-21,2025-12-21 00:00,1.1248,6797.3346,5211.4597,264.31248333333326,292.4330092801095,292.4330092801095,0.0,0.0,0.0,28.12052594677624,10800.0,10800.0,328.9286488382672,0.0,0.0,328.9286488382672
Q42,2025-12-21 13:20:00,2025-12-21 13:30:00,2025-12-21,2025-12-21 00:00,1.0564,6554.3856,5202.0686,225.38616666666667,286.4174170263392,286.4174170263392,0.0,0.0,0.0,61.031250359672526,10800.0,10800.0,302.5713593466247,0.0,0.0,302.5713593466247
Q42,2025-12-21 13:30:00,2025-12-21 13:40:00,2025-12-21,2025-12-21 00:00,1.0304,6350.08,5287.95,177.02166666666668,310.9201978043776,310.9201978043776,0.0,0.0,0.0,133.89853113771093,10800.0,10800.0,320.37217181763066,0.0,0.0,320.37217181763066
Q42,2025-12-21 13:40:00,2025-12-21 13:50:00,2025-12-21,2025-12-21 00:00,1.0675,6333.408,5178.3498,192.50970000000007,306.73750720231385,306.73750720231385,0.0,0.0,0.0,114.22780720231378,10800.0,10800.0,327.44228893847,0.0,0.0,327.44228893847
Q42,2025-12-21 13:50:00,2025-12-21 14:00:00,2025-12-21,2025-12-21 00:00,1.1926,6515.4464,4993.7017,253.62411666666668,331.122783890599,331.122783890599,0.0,0.0,0.0,77.49866722393233,10800.0,10800.0,394.8970320679284,0.0,0.0,394.8970320679284
Q42,2025-12-21 14:00:00,2025-12-21 14:10:00,2025-12-21,2025-12-21 00:00,1.3352,6658.81,4847.5125,301.88291666666674,0.0,0.0,0.0,301.88291666666674,0.0,0.0,10800.0,10464.574537037037,0.0,0.0,0.0,0.0
Q42,2025-12-21 14:10:00,2025-12-21 14:20:00,2025-12-21,2025-12-21 00:00,1.3689,6474.7834,4705.4039,294.8965833333333,0.0,0.0,0.0,294.8965833333333,0.0,0.0,10464.574537037037,10136.911666666667,0.0,0.0,0.0,0.0
Q42,2025-12-21 14:20:00,2025-12-21 14:30:00,2025-12-21,2025-12-21 00:00,1.3382,6311.1097,4404.8152,317.71574999999996,0.0,0.0,0.0,317.71574999999996,0.0,0.0,10136.911666666667,9783.894166666667,0.0,0.0,0.0,0.0
Q42,2025-12-21 14:30:00,2025-12-21 14:40:00,2025-12-21,2025-12-21 00:00,1.3596,6293.57,3988.3875,384.1970833333333,0.0,0.0,0.0,384.1970833333333,0.0,0.0,9783.894166666667,9357.008518518518,0.0,0.0,0.0,0.0
Q42,2025-12-21 14:40:00,2025-12-21 14:50:00,2025-12-21,2025-12-21 00:00,1.4656,6241.0875,3658.7815,430.38433333333325,0.0,0.0,0.0,430.38433333333325,0.0,0.0,9357.008518518518,8878.803703703703,0.0,0.0,0.0,0.0
Q42,2025-12-21 14:50:00,2025-12-21 15:00:00,2025-12-21,2025-12-21 00:00,1.2648,6267.633,3321.4365,491.03274999999996,0.0,0.0,0.0,491.03274999999996,0.0,0.0,8878.803703703703,8333.211759259259,0.0,0.0,0.0,0.0
Q42,2025-12-21 15:00:00,2025-12-21 15:10:00,2025-12-21,2025-12-21 00:00,0.8874,6308.83,2957.5875,558.5404166666666,1444.4321475977586,1444.4321475977586,833.3333333333334,0.0,0.0,52.558397597758585,8333.211759259259,9083.211759259259,1281.7890877782509,0.0,0.0,1281.7890877782509
Q42,2025-12-21 15:10:00,2025-12-21 15:20:00,2025-12-21,2025-12-21 00:00,0.882,6184.3165,2665.595,586.4535833333333,1474.7853753451877,1474.7853753451877,833.3333333333334,0.0,0.0,54.99845867852105,9083.211759259259,9833.211759259259,1300.7607010544557,0.0,0.0,1300.7607010544557
Q42,2025-12-21 15:20:00,2025-12-21 15:30:00,2025-12-21,2025-12-21 00:00,0.9712,6249.441,2404.6045,640.8060833333333,663.0125740834662,663.0125740834662,22.206490750132957,0.0,0.0,0.0,9833.211759259259,9853.197600934378,643.9178119498624,0.0,0.0,643.9178119498624
Q42,2025-12-21 15:30:00,2025-12-21 15:40:00,2025-12-21,2025-12-21 00:00,0.9596,6412.99,2166.8625,707.6879166666665,1545.98193497585,1545.98193497585,833.3333333333334,0.0,0.0,4.960684975850086,9853.197600934378,10603.197600934378,1483.5242648028257,0.0,0.0,1483.5242648028257
Q42,2025-12-21 15:40:00,2025-12-21 15:50:00,2025-12-21,2025-12-21 00:00,0.9392,6229.2355,1977.0681,708.6945666666667,1611.7453552612342,1611.7453552612342,218.66933229513558,0.0,0.0,684.3814562994319,10603.197600934378,10800.0,1513.7512376613513,0.0,0.0,1513.7512376613513
Q42,2025-12-21 15:50:00,2025-12-21 16:00:00,2025-12-21,2025-12-21 00:00,0.9693,6140.1248,1719.0539,736.8451499999999,796.3070158988426,796.3070158988426,0.0,0.0,0.0,59.46186589884269,10800.0,10800.0,771.8603905107482,0.0,0.0,771.8603905107482
Q42,2025-12-21 16:00:00,2025-12-21 16:10:00,2025-12-21,2025-12-21 00:00,1.0104,6190.42,1414.8375,795.9304166666667,809.8400196347543,809.8400196347543,0.0,0.0,0.0,13.909602968087597,10800.0,10800.0,818.2623558389557,0.0,0.0,818.2623558389557
Q42,2025-12-21 16:10:00,2025-12-21 16:20:00,2025-12-21,2025-12-21 00:00,0.98,6007.344,1199.0528,801.3818666666666,851.7803789315014,851.7803789315014,0.0,0.0,0.0,50.398512264834835,10800.0,10800.0,834.7447713528715,0.0,0.0,834.7447713528715
Q42,2025-12-21 16:20:00,2025-12-21 16:30:00,2025-12-21,2025-12-21 00:00,0.9673,6021.8302,965.9713,842.64315,1626.2858039696348,1626.2858039696348,0.0,0.0,0.0,783.6426539696348,10800.0,10800.0,1573.1062581798278,0.0,0.0,1573.1062581798278
Q42,2025-12-21 16:30:00,2025-12-21 16:40:00,2025-12-21,2025-12-21 00:00,1.0182,6231.28,680.625,925.1091666666666,922.646478930327,922.646478930327,0.0,2.4626877363396034,0.0,0.0,10800.0,10797.263680292956,939.438644846859,0.0,0.0,939.438644846859
Q42,2025-12-21 16:40:00,2025-12-21 16:50:00,2025-12-21,2025-12-21 00:00,1.0861,6177.7882,419.0314,959.7927999999999,1014.5725107593557,1014.5725107593557,3.040355230049398,0.0,0.0,51.739355529306394,10797.263680292956,10800.0,1101.9272039357363,0.0,0.0,1101.9272039357363
Q42,2025-12-21 16:50:00,2025-12-21 17:00:00,2025-12-21,2025-12-21 00:00,1.1066,6130.9976,173.8125,992.8641833333332,1050.3809840145577,1050.3809840145577,0.0,0.0,0.0,57.51680068122448,10800.0,10800.0,1162.3515969105097,0.0,0.0,1162.3515969105097
Q42,2025-12-21 17:00:00,2025-12-21 17:10:00,2025-12-21,2025-12-21 00:00,1.0879,6172.78,0.0,1028.7966666666666,1043.0806362706214,1043.0806362706214,0.0,0.0,0.0,14.283969603954802,10800.0,10800.0,1134.767424198809,0.0,0.0,1134.767424198809
Q42,2025-12-21 17:10:00,2025-12-21 17:20:00,2025-12-21,2025-12-21 00:00,1.0972,6112.1742,0.0,1018.6957,1043.184390401409,1043.184390401409,0.0,0.0,0.0,24.48869040140903,10800.0,10800.0,1144.5819131484259,0.0,0.0,1144.5819131484259
Q42,2025-12-21 17:20:00,2025-12-21 17:30:00,2025-12-21,2025-12-21 00:00,1.1283,6160.7027,6.2009,1025.7503,1052.5308101383503,1052.5308101383503,0.0,0.0,0.0,26.780510138350337,10800.0,10800.0,1187.5705130791007,0.0,0.0,1187.5705130791007
Q42,2025-12-21 17:30:00,2025-12-21 17:40:00,2025-12-21,2025-12-21 00:00,1.1382,6338.77,0.0,1056.4616666666666,1045.9454214450711,1045.9454214450711,0.0,10.516245221595454,0.0,0.0,10800.0,10788.315283087117,1190.49507868878,0.0,0.0,1190.49507868878
Q42,2025-12-21 17:40:00,2025-12-21 17:50:00,2025-12-21,2025-12-21 00:00,1.103,6290.0948,0.0,1048.3491333333332,1071.0340933161103,1071.0340933161103,12.98301879209248,0.0,0.0,9.701941190684693,10788.315283087117,10800.0,1181.3506049276696,0.0,0.0,1181.3506049276696
Q42,2025-12-21 17:50:00,2025-12-21 18:00:00,2025-12-21,2025-12-21 00:00,1.1407,5392.9058,0.4452,898.7434333333333,938.9921610966619,938.9921610966619,0.0,0.0,0.0,40.24872776332859,10800.0,10800.0,1071.1083581629623,0.0,0.0,1071.1083581629623
Q42,2025-12-21 18:00:00,2025-12-21 18:10:00,2025-12-21,2025-12-21 00:00,1.2479,4275.8,0.0,712.6333333333333,727.8769417639949,727.8769417639949,0.0,0.0,0.0,15.243608430661538,10800.0,10800.0,908.3176356272892,0.0,0.0,908.3176356272892
Q42,2025-12-21 18:10:00,2025-12-21 18:20:00,2025-12-21,2025-12-21 00:00,1.2957,4292.4867,0.0,715.41445,729.9929002369015,729.9929002369015,0.0,0.0,0.0,14.578450236901517,10800.0,10800.0,945.8518008369533,0.0,0.0,945.8518008369533
Q42,2025-12-21 18:20:00,2025-12-21 18:30:00,2025-12-21,2025-12-21 00:00,1.2826,4489.6396,0.032,748.2679333333333,757.6551774793746,757.6551774793746,0.0,0.0,0.0,9.387244146041326,10800.0,10800.0,971.7685306350459,0.0,0.0,971.7685306350459
Q42,2025-12-21 18:30:00,2025-12-21 18:40:00,2025-12-21,2025-12-21 00:00,1.238,4380.05,0.0,730.0083333333333,742.9765683158113,742.9765683158113,0.0,0.0,0.0,12.968234982477952,10800.0,10800.0,919.8049915749743,0.0,0.0,919.8049915749743
Q42,2025-12-21 18:40:00,2025-12-21 18:50:00,2025-12-21,2025-12-21 00:00,1.2107,4406.0663,0.0,734.3443833333333,729.286009383627,729.286009383627,0.0,5.058373949706379,0.0,0.0,10800.0,10794.379584500326,882.9465715607572,0.0,0.0,882.9465715607572
Q42,2025-12-21 18:50:00,2025-12-21 19:00:00,2025-12-21,2025-12-21 00:00,1.3293,4500.5016,0.0023,750.0832166666665,743.9743544218768,743.9743544218768,0.0,6.108862244789748,0.0,0.0,10794.379584500326,10787.591959783893,988.9651093330008,0.0,0.0,988.9651093330008
Q42,2025-12-21 19:00:00,2025-12-21 19:10:00,2025-12-21,2025-12-21 00:00,1.5214,4490.76,0.0,748.46,0.0,0.0,0.0,748.46,0.0,0.0,10787.591959783893,9955.96973756167,0.0,0.0,0.0,0.0
Q42,2025-12-21 19:10:00,2025-12-21 19:20:00,2025-12-21,2025-12-21 00:00,1.5659,4334.8994,0.0,722.4832333333334,0.0,0.0,0.0,722.4832333333334,0.0,0.0,9955.96973756167,9153.210589413522,0.0,0.0,0.0,0.0
Q42,2025-12-21 19:20:00,2025-12-21 19:30:00,2025-12-21,2025-12-21 00:00,1.5266,4356.9931,0.0,726.1655166666666,0.0,0.0,0.0,726.1655166666666,0.0,0.0,9153.210589413522,8346.360015339447,0.0,0.0,0.0,0.0
Q42,2025-12-21 19:30:00,2025-12-21 19:40:00,2025-12-21,2025-12-21 00:00,1.4847,4466.59,0.0,744.4316666666666,0.0,0.0,0.0,744.4316666666666,0.0,0.0,8346.360015339447,7519.213719043151,0.0,0.0,0.0,0.0
Q42,2025-12-21 19:40:00,2025-12-21 19:50:00,2025-12-21,2025-12-21 00:00,1.4671,4301.5722,0.0,716.9286999999999,0.0,0.0,0.0,716.9286999999999,0.0,0.0,7519.213719043151,6722.626274598707,0.0,0.0,0.0,0.0
Q42,2025-12-21 19:50:00,2025-12-21 20:00:00,2025-12-21,2025-12-21 00:00,1.5039,4398.717,0.0,733.1194999999999,0.0,0.0,0.0,733.1194999999999,0.0,0.0,6722.626274598707,5908.049052376485,0.0,0.0,0.0,0.0
Q42,2025-12-21 20:00:00,2025-12-21 20:10:00,2025-12-21,2025-12-21 00:00,1.5483,4681.61,0.0,780.2683333333332,0.0,0.0,0.0,780.2683333333332,0.0,0.0,5908.049052376485,5041.08423756167,0.0,0.0,0.0,0.0
Q42,2025-12-21 20:10:00,2025-12-21 20:20:00,2025-12-21,2025-12-21 00:00,1.5137,4485.5154,0.0,747.5859,0.0,0.0,0.0,747.5859,0.0,0.0,5041.08423756167,4210.4332375616705,0.0,0.0,0.0,0.0
Q42,2025-12-21 20:20:00,2025-12-21 20:30:00,2025-12-21,2025-12-21 00:00,1.4654,4156.9026,0.0,692.8171,0.0,0.0,0.0,692.8171,0.0,0.0,4210.4332375616705,3440.636459783893,0.0,0.0,0.0,0.0
Q42,2025-12-21 20:30:00,2025-12-21 20:40:00,2025-12-21,2025-12-21 00:00,1.488,4090.51,0.0,681.7516666666667,0.0,0.0,0.0,681.7516666666667,0.0,0.0,3440.636459783893,2683.134607932041,0.0,0.0,0.0,0.0
Q42,2025-12-21 20:40:00,2025-12-21 20:50:00,2025-12-21,2025-12-21 00:00,1.5616,4322.2266,0.0,720.3711,0.0,0.0,0.0,720.3711,0.0,0.0,2683.134607932041,1882.7222745987078,0.0,0.0,0.0,0.0
Q42,2025-12-21 20:50:00,2025-12-21 21:00:00,2025-12-21,2025-12-21 00:00,1.3465,4336.801,0.0,722.8001666666667,291.2315480582312,291.2315480582312,0.0,431.56861860843543,0.0,0.0,1882.7222745987078,1403.2015872560019,392.14327946040834,0.0,0.0,392.14327946040834
Q42,2025-12-21 21:00:00,2025-12-21 21:10:00,2025-12-21,2025-12-21 00:00,0.9601,4144.46,0.0,690.7433333333333,744.6335466647429,744.6335466647429,53.89021333140954,0.0,0.0,0.0,1403.2015872560019,1451.7027792542704,714.9226681528196,0.0,0.0,714.9226681528196
Q42,2025-12-21 21:10:00,2025-12-21 21:20:00,2025-12-21,2025-12-21 00:00,0.8829,4227.261,0.0,704.5435,745.2506928106608,745.2506928106608,40.707192810660786,0.0,0.0,0.0,1451.7027792542704,1488.339252783865,657.9818366825324,0.0,0.0,657.9818366825324
Q42,2025-12-21 21:20:00,2025-12-21 21:30:00,2025-12-21,2025-12-21 00:00,0.9151,4326.9643,0.0,721.1607166666665,750.1709830030844,750.1709830030844,29.010266336417885,0.0,0.0,0.0,1488.339252783865,1514.448492486641,686.4814665461225,0.0,0.0,686.4814665461225
Q42,2025-12-21 21:30:00,2025-12-21 21:40:00,2025-12-21,2025-12-21 00:00,0.9345,4357.83,0.0,726.305,756.3490043955321,756.3490043955321,30.04400439553217,0.0,0.0,0.0,1514.448492486641,1541.48809644262,706.8081446076247,0.0,0.0,706.8081446076247
Q42,2025-12-21 21:40:00,2025-12-21 21:50:00,2025-12-21,2025-12-21 00:00,0.9815,4437.1142,0.0,739.5190333333333,761.7606598746173,761.7606598746173,22.241626541284063,0.0,0.0,0.0,1541.48809644262,1561.5055603297756,747.6680876669369,0.0,0.0,747.6680876669369
Q42,2025-12-21 21:50:00,2025-12-21 22:00:00,2025-12-21,2025-12-21 00:00,0.7546,4070.9954,0.0,678.4992333333332,688.0818844138762,688.0818844138762,9.582651080542973,0.0,0.0,0.0,1561.5055603297756,1570.1299463022642,519.226589978711,0.0,0.0,519.226589978711
Q42,2025-12-21 22:00:00,2025-12-21 22:10:00,2025-12-21,2025-12-21 00:00,0.4001,3434.4,0.0,572.4,572.152607489013,572.152607489013,0.0,0.24739251098696968,0.0,0.0,1570.1299463022642,1569.8550657345008,228.9182582563541,0.0,0.0,228.9182582563541
Q42,2025-12-21 22:10:00,2025-12-21 22:20:00,2025-12-21,2025-12-21 00:00,0.4032,3270.5539,0.0,545.0923166666666,567.8967103620065,567.8967103620065,22.804393695339854,0.0,0.0,0.0,1569.8550657345008,1590.3790200603066,228.975953617961,0.0,0.0,228.975953617961
Q42,2025-12-21 22:20:00,2025-12-21 22:30:00,2025-12-21,2025-12-21 00:00,0.4747,3305.0168,0.0,550.8361333333332,585.3563850224365,585.3563850224365,34.52025168910325,0.0,0.0,0.0,1590.3790200603066,1621.4472465804995,277.8686759701506,0.0,0.0,277.8686759701506
Q42,2025-12-21 22:30:00,2025-12-21 22:40:00,2025-12-21,2025-12-21 00:00,0.4323,3255.6,0.0,542.5999999999999,581.263807773325,581.263807773325,38.66380777332506,0.0,0.0,0.0,1621.4472465804995,1656.244673576492,251.2803441004084,0.0,0.0,251.2803441004084
Q42,2025-12-21 22:40:00,2025-12-21 22:50:00,2025-12-21,2025-12-21 00:00,0.3905,3155.514,0.0,525.919,558.5745047977582,558.5745047977582,32.655504797758226,0.0,0.0,0.0,1656.244673576492,1685.6346278944743,218.1233441235246,0.0,0.0,218.1233441235246
Q42,2025-12-21 22:50:00,2025-12-21 23:00:00,2025-12-21,2025-12-21 00:00,0.4205,3260.3635,0.0,543.3939166666667,569.5951339824966,569.5951339824966,26.201217315829922,0.0,0.0,0.0,1685.6346278944743,1709.2157234787212,239.5147538396398,0.0,0.0,239.5147538396398
Q42,2025-12-21 23:00:00,2025-12-21 23:10:00,2025-12-21,2025-12-21 00:00,0.4738,3508.97,0.0,584.8283333333333,583.4338894780035,583.4338894780035,0.0,1.3944438553297687,0.0,0.0,1709.2157234787212,1707.6663414172438,276.43097683467806,0.0,0.0,276.43097683467806
Q42,2025-12-21 23:10:00,2025-12-21 23:20:00,2025-12-21,2025-12-21 00:00,0.4471,3554.7154,0.0,592.4525666666666,595.2901275209177,595.2901275209177,2.8375608542511372,0.0,0.0,0.0,1707.6663414172438,1710.2201461860698,266.1542160146023,0.0,0.0,266.1542160146023
Q42,2025-12-21 23:20:00,2025-12-21 23:30:00,2025-12-21,2025-12-21 00:00,0.4314,3395.6628,0.0,565.9438,609.2107001066754,609.2107001066754,43.26690010667539,0.0,0.0,0.0,1710.2201461860698,1749.1603562820776,262.8134960260198,0.0,0.0,262.8134960260198
Q42,2025-12-21 23:30:00,2025-12-21 23:40:00,2025-12-21,2025-12-21 00:00,0.4502,3305.59,0.0,550.9316666666666,601.7832370666137,601.7832370666137,50.851570399947036,0.0,0.0,0.0,1749.1603562820776,1794.92676964203,270.92281332738946,0.0,0.0,270.92281332738946
Q42,2025-12-21 23:40:00,2025-12-21 23:50:00,2025-12-21,2025-12-21 00:00,0.4334,3539.7613,0.0,589.9602166666666,599.5495983466064,599.5495983466064,9.589381679939834,0.0,0.0,0.0,1794.92676964203,1803.557213153976,259.8447959234192,0.0,0.0,259.8447959234192
Q42,2025-12-21 23:50:00,2025-12-22 00:00:00,2025-12-21,2025-12-21 00:00,0.406,3571.991,0.0,595.3318333333333,595.1780065037789,595.1780065037789,0.0,0.1538268295544185,0.0,0.0,1803.557213153976,1803.386294454471,241.64227064053424,0.0,0.0,241.64227064053424
