strategy_id,date,total_cost_yuan,emergency_kWh,state_start_kWh,state_end_kWh
L80,2025-02-01,22480.969987601486,0.0,6075.795025925926,2749.609082942003
L80,2025-02-02,57604.00340074028,0.0,2749.609082942003,2631.56005295408
L80,2025-02-03,57844.803409134074,0.0,2631.56005295408,2334.751404912955
L80,2025-02-04,58245.33961983489,0.0,2334.751404912955,1707.5013556908984
L80,2025-02-05,56435.94616304935,0.0,1707.5013556908984,1832.1387296975383
L80,2025-02-06,57583.56079983806,27.204021673302464,1832.1387296975383,1706.818603745887
L80,2025-02-07,22931.613225609217,0.0,1706.818603745887,1816.949359465325
L80,2025-02-08,19925.99735587786,0.0,1816.949359465325,1939.6330191176216
L80,2025-02-09,57094.782425367,0.0,1939.6330191176216,2005.7531851050096
L80,2025-02-10,53126.14569416027,2.8079258506321594,2005.7531851050096,1859.3440006443336
L80,2025-02-11,53656.1834369065,0.0,1859.3440006443336,1908.9693685227635
L80,2025-02-12,52953.221942804266,11.351454797329891,1908.9693685227635,1711.9903307707314
L80,2025-02-13,50604.713718917505,5.931297964388477,1711.9903307707314,1849.16177218892
L80,2025-02-14,21004.96332665788,0.0,1849.16177218892,2030.6019058641944
L80,2025-02-15,19455.600207828254,0.0,2030.6019058641944,1277.889473591037
L80,2025-02-16,53422.779293640524,61.936582224790186,1277.889473591037,1422.720447245799
L80,2025-02-17,50707.585155328525,2.2318611986195265,1422.720447245799,1300.089567824199
L80,2025-02-18,49024.96220574693,23.086310680164615,1300.089567824199,1852.4029664642285
L80,2025-02-19,49787.707939123495,159.93630809557763,1852.4029664642285,1200.0
L80,2025-02-20,50087.66614562585,37.22490836842405,1200.0,1843.4026678515424
L80,2025-02-21,18472.750184689266,0.0,1843.4026678515424,1733.601101592863
L80,2025-02-22,18353.76732198782,0.0,1733.601101592863,1670.8748598063871
L80,2025-02-23,48416.06264134162,28.700792521950056,1670.8748598063871,1283.5827528437258
L80,2025-02-24,47565.90108423654,47.04678701983971,1283.5827528437258,1613.525337950838
L80,2025-02-25,47299.55462297224,77.49850070139462,1613.525337950838,1478.3319317953242
L80,2025-02-26,46667.981440470074,39.66205513088801,1478.3319317953242,1689.735312975486
L80,2025-02-27,46172.04082407668,28.735377353059675,1689.735312975486,1711.155960015413
L80,2025-02-28,17729.837068093366,0.0,1711.155960015413,1727.1755927465897
L80,2025-03-01,19351.155732508436,0.0,1727.1755927465897,1651.4609265448048
L80,2025-03-02,51382.224915949235,419.5440173097992,1651.4609265448048,1200.0
L80,2025-03-03,50867.40494502277,210.53739209823487,1200.0,1249.6862923932688
L80,2025-03-04,46554.64168463057,0.3729417902620753,1249.6862923932688,1372.9475299624137
L80,2025-03-05,46325.51207577228,6.6182999999999765,1372.9475299624137,1619.153399522757
L80,2025-03-06,44746.86713891181,0.0,1619.153399522757,1592.1203173316112
L80,2025-03-07,17500.854745632147,0.0,1592.1203173316112,1827.9135975297413
L80,2025-03-08,16455.155756668588,0.0,1827.9135975297413,1676.376631585026
L80,2025-03-09,44895.43101860024,0.0,1676.376631585026,1549.7020199445603
L80,2025-03-10,46062.13298860207,0.0,1549.7020199445603,1646.746654928476
L80,2025-03-11,44684.92907268132,0.0,1646.746654928476,2037.1807564556632
L80,2025-03-12,44041.80001761245,0.0,2037.1807564556632,1621.5255270308112
L80,2025-03-13,46515.346073522145,0.0,1621.5255270308112,1473.251775178057
L80,2025-03-14,17057.428874943504,0.0,1473.251775178057,2076.761366293704
L80,2025-03-15,16577.770057636135,0.0,2076.761366293704,1536.8889990238176
L80,2025-03-16,44330.95488339344,1.6399999999999864,1536.8889990238176,1918.561979744908
L80,2025-03-17,40428.11161149609,0.0,1918.561979744908,1995.122074306587
L80,2025-03-18,44355.172270362076,0.0,1995.122074306587,1835.012742999228
L80,2025-03-19,41836.49856076308,0.0,1835.012742999228,2053.707415024257
L80,2025-03-20,42885.68068021365,33.31879658719748,2053.707415024257,1729.901004524574
L80,2025-03-21,15518.42398885805,0.0,1729.901004524574,1607.1808653633575
L80,2025-03-22,16422.05731833552,0.0,1607.1808653633575,2254.974054936417
L80,2025-03-23,42027.625369157286,0.0,2254.974054936417,1611.815291459499
L80,2025-03-24,41431.86175840346,38.3237156975658,1611.815291459499,2017.0446204625705
L80,2025-03-25,43097.43884261058,0.0,2017.0446204625705,1553.8234170400613
L80,2025-03-26,39470.13993588892,0.0,1553.8234170400613,1784.8864768624117
L80,2025-03-27,40819.36186595375,0.0,1784.8864768624117,1723.933398409996
L80,2025-03-28,15896.787161916749,0.0,1723.933398409996,2138.307520143195
L80,2025-03-29,14888.132197093866,0.0,2138.307520143195,1813.6125059533645
L80,2025-03-30,38713.537397334105,0.0,1813.6125059533645,1964.8440226939892
L80,2025-03-31,38853.36522842502,0.0,1964.8440226939892,2029.1715708121408
L80,2025-04-01,41511.87095196255,0.0,2029.1715708121408,1733.4477335611148
L80,2025-04-02,41096.57969154763,0.0,1733.4477335611148,1712.7879276373196
L80,2025-04-03,40801.88824295269,0.0,1712.7879276373196,1811.167524553306
L80,2025-04-04,14533.046478003625,0.0,1811.167524553306,1956.0243474117324
L80,2025-04-05,14306.474612644533,0.0,1956.0243474117324,1764.5390712831068
L80,2025-04-06,38821.31727786989,0.0,1764.5390712831068,1599.8863776932974
L80,2025-04-07,36260.755909539585,0.0,1599.8863776932974,1790.434027873211
L80,2025-04-08,38946.14891123818,0.0,1790.434027873211,1539.5737423895623
L80,2025-04-09,40271.51248116519,0.0,1539.5737423895623,1674.9096595799103
L80,2025-04-10,38968.38110119614,0.0,1674.9096595799103,1943.636662318843
L80,2025-04-11,13572.527971568717,0.0,1943.636662318843,1694.5206011589864
L80,2025-04-12,14524.626137074116,0.0,1694.5206011589864,2074.4807873248947
L80,2025-04-13,36312.57279764798,0.0,2074.4807873248947,1763.212013119413
L80,2025-04-14,37161.918583335035,0.0,1763.212013119413,1700.1481569763723
L80,2025-04-15,35274.08589724905,0.0,1700.1481569763723,1867.5046267444168
L80,2025-04-16,37999.82838039298,0.0,1867.5046267444168,1715.4287757661516
L80,2025-04-17,36932.661645558976,0.0,1715.4287757661516,1953.0413983679368
L80,2025-04-18,13535.884540453022,0.0,1953.0413983679368,2191.5048792621988
L80,2025-04-19,13785.354599808825,0.0,2191.5048792621988,2024.0100863512544
L80,2025-04-20,35507.097604503295,0.0,2024.0100863512544,2033.3322054537948
L80,2025-04-21,35137.74020495067,0.0,2033.3322054537948,1539.744463449582
L80,2025-04-22,35480.962855882244,0.0,1539.744463449582,1800.2946287414368
L80,2025-04-23,34699.99404939036,0.0,1800.2946287414368,1984.1284423197428
L80,2025-04-24,34426.72218143468,0.0,1984.1284423197428,1911.625877100216
L80,2025-04-25,12921.064032930302,0.0,1911.625877100216,1636.313974769842
L80,2025-04-26,13345.656247154388,0.0,1636.313974769842,1746.4122474035828
L80,2025-04-27,33951.62866053151,0.0,1746.4122474035828,1760.8276118631754
L80,2025-04-28,39362.27148801925,0.0,1760.8276118631754,1851.6789980812637
L80,2025-04-29,34734.476919369015,0.0,1851.6789980812637,1894.6112210862389
L80,2025-04-30,32433.999697976426,0.0,1894.6112210862389,1744.9778373474817
L80,2025-05-01,44120.60022051055,1834.3062875553387,1744.9778373474817,1206.5189035007877
L80,2025-05-02,21303.591773699227,1302.4430692358364,1206.5189035007877,1200.0
L80,2025-05-03,20410.59726153481,1174.5491803221978,1200.0,1207.9322009403595
L80,2025-05-04,42738.49605600678,1192.7750375394369,1207.9322009403595,1205.1323159759836
L80,2025-05-05,40198.22405915678,140.07221559415814,1205.1323159759836,1304.3837829752706
L80,2025-05-06,37282.5387364909,127.08216596162663,1304.3837829752706,1337.356845621318
L80,2025-05-07,39286.42954140803,35.32376574485272,1337.356845621318,1452.4331827580534
L80,2025-05-08,41097.34675030415,35.99924999999996,1452.4331827580534,2172.2153390890403
L80,2025-05-09,15194.981745753874,0.0,2172.2153390890403,1902.612972653736
L80,2025-05-10,15383.238507790982,0.0,1902.612972653736,1513.0092656971408
L80,2025-05-11,39040.942010824816,166.23282776369751,1513.0092656971408,1428.9920367528648
L80,2025-05-12,36325.52000742179,0.0,1428.9920367528648,1900.7980448012
L80,2025-05-13,38780.967813111216,0.0,1900.7980448012,1900.798655527999
L80,2025-05-14,38731.98473689949,0.0,1900.798655527999,2088.166356976048
L80,2025-05-15,38923.38168711235,0.0,2088.166356976048,2521.2193825686545
L80,2025-05-16,14922.39877852419,0.0,2521.2193825686545,2065.316192425724
L80,2025-05-17,15097.730624116346,0.0,2065.316192425724,2101.070473833613
L80,2025-05-18,38767.55834068248,0.0,2101.070473833613,2213.2889550699338
L80,2025-05-19,37093.01292138446,67.00333333333333,2213.2889550699338,2059.5891472214503
L80,2025-05-20,37654.31251632217,0.0,2059.5891472214503,2017.5682172279517
L80,2025-05-21,37468.148046034345,0.0,2017.5682172279517,2145.490712969587
L80,2025-05-22,36617.0627606629,0.0,2145.490712969587,2903.9502255361767
L80,2025-05-23,15904.385889245563,0.0,2903.9502255361767,3086.126121082486
L80,2025-05-24,15111.092779340894,0.0,3086.126121082486,3016.0511191255296
L80,2025-05-25,36187.77551772148,0.0,3016.0511191255296,2425.998151024527
L80,2025-05-26,38650.10380368014,0.0,2425.998151024527,2788.12340380677
L80,2025-05-27,35619.77798944506,0.0,2788.12340380677,2449.171545206057
L80,2025-05-28,38327.87638536016,0.0,2449.171545206057,2787.378865507372
L80,2025-05-29,38861.975919106764,9.320012279186017,2787.378865507372,2906.473966886201
L80,2025-05-30,15945.423497061594,0.0,2906.473966886201,3449.8994351077968
L80,2025-05-31,16081.67759616152,0.0,3449.8994351077968,3351.215069463906
L80,2025-06-01,58024.58754457118,1699.2795134376859,3351.215069463906,1200.0
L80,2025-06-02,51680.14527313082,253.70600905474186,1200.0,1200.0
L80,2025-06-03,48862.6467237357,118.60519195109669,1200.0,1297.917461523498
L80,2025-06-04,53074.568313177726,20.74416242128723,1297.917461523498,1881.804781166241
L80,2025-06-05,50948.18501114948,84.80354235871403,1881.804781166241,1967.139740488269
L80,2025-06-06,24003.576338751554,0.0,1967.139740488269,2298.296974264399
L80,2025-06-07,25840.587957377982,0.0,2298.296974264399,2834.994818846154
L80,2025-06-08,50866.783034238426,0.0,2834.994818846154,3816.4894850453866
L80,2025-06-09,50651.7893236117,132.89640740621098,3816.4894850453866,1803.8518550140047
L80,2025-06-10,49640.74393450315,32.79018205190357,1803.8518550140047,1595.9478135287893
L80,2025-06-11,53797.44388690517,10.723241127943426,1595.9478135287893,1930.1699323737776
L80,2025-06-12,50885.75523979466,3.214520349777217,1930.1699323737776,2231.4891144622698
L80,2025-06-13,21463.30295180209,0.0,2231.4891144622698,2404.459736124003
L80,2025-06-14,20855.823672570914,0.0,2404.459736124003,2086.38343322098
L80,2025-06-15,50126.22490505059,0.0,2086.38343322098,2445.839331132969
L80,2025-06-16,50953.668580112026,24.506391675418058,2445.839331132969,2416.702849397229
L80,2025-06-17,52610.98684960842,42.37585282618443,2416.702849397229,2006.7491012107296
L80,2025-06-18,51919.64809786585,12.194998064151264,2006.7491012107296,2545.55034117844
L80,2025-06-19,51290.72845826709,77.3195190079457,2545.55034117844,2388.2791493581367
L80,2025-06-20,20973.90913054738,0.0,2388.2791493581367,2659.6039301365204
L80,2025-06-21,20492.58744279643,0.0,2659.6039301365204,3045.090621419285
L80,2025-06-22,49422.87101179214,0.0,3045.090621419285,2755.453102483445
L80,2025-06-23,48143.46111631504,0.0,2755.453102483445,2498.985808965213
L80,2025-06-24,55144.07713464483,0.0,2498.985808965213,2679.2678245049588
L80,2025-06-25,51799.12796780014,0.0,2679.2678245049588,2640.1252274338003
L80,2025-06-26,49391.767764008866,8.49121663065398,2640.1252274338003,2402.0728635275323
L80,2025-06-27,21186.46311334197,0.0,2402.0728635275323,3101.9439407108057
L80,2025-06-28,20281.11456242599,0.0,3101.9439407108057,3075.115333679107
L80,2025-06-29,51399.320711839704,0.0,3075.115333679107,3531.272477594631
L80,2025-06-30,51237.60604442274,0.0,3531.272477594631,3058.261084986369
L80,2025-07-01,66166.79332207945,2320.0327467247525,3058.261084986369,1200.0
L80,2025-07-02,50546.8497512937,174.3090292951888,1200.0,1784.8035914567167
L80,2025-07-03,56101.98549850069,47.5369826136689,1784.8035914567167,1535.7120917199154
L80,2025-07-04,25165.618534261183,0.0,1535.7120917199154,1565.5018566708568
L80,2025-07-05,26217.2187890953,0.0,1565.5018566708568,2174.0264777705343
L80,2025-07-06,60019.00047818656,998.5682517560592,2174.0264777705343,1200.0
L80,2025-07-07,54203.02100715674,60.71610611838969,1200.0,2101.678893510068
L80,2025-07-08,62089.2340719262,0.0,2101.678893510068,4065.206616378167
L80,2025-07-09,53275.07170799492,87.41871475998028,4065.206616378167,1915.3750388137069
L80,2025-07-10,51608.18611714922,120.44050666711871,1915.3750388137069,1518.2458328645107
L80,2025-07-11,26334.38638556514,0.0,1518.2458328645107,2033.852760206555
L80,2025-07-12,26405.977459541857,0.0,2033.852760206555,1671.2337001788046
L80,2025-07-13,52467.24028621582,135.9720375342623,1671.2337001788046,1515.1038015414308
L80,2025-07-14,52144.74539256476,40.1154784522281,1515.1038015414308,1886.820245082938
L80,2025-07-15,52642.05407215841,0.0,1886.820245082938,2572.555646457581
L80,2025-07-16,52037.32185651175,47.91803811331113,2572.555646457581,2112.447097837118
L80,2025-07-17,52855.87904101276,16.210144425121484,2112.447097837118,1991.1128705021883
L80,2025-07-18,30068.399028508877,0.0,1991.1128705021883,3643.764441533248
L80,2025-07-19,26518.702340056665,0.0,3643.764441533248,2194.9653730021973
L80,2025-07-20,53163.490710151134,6.8123195112275425,2194.9653730021973,2101.168562962253
L80,2025-07-21,55210.01849738015,0.0,2101.168562962253,2654.609309395392
L80,2025-07-22,56302.722973464086,11.851199630500671,2654.609309395392,2645.1904461550616
L80,2025-07-23,58380.608999883705,0.0,2645.1904461550616,3023.769138143504
L80,2025-07-24,56905.93430756662,0.0,3023.769138143504,2935.103938152673
L80,2025-07-25,25547.97100653373,0.0,2935.103938152673,2717.279965780635
L80,2025-07-26,25971.062349360065,0.0,2717.279965780635,2515.2213056540063
L80,2025-07-27,54004.79505697767,0.0,2515.2213056540063,2561.269986946925
L80,2025-07-28,55838.33963866745,0.0,2561.269986946925,2337.2713782179994
L80,2025-07-29,58997.03842628127,0.0,2337.2713782179994,3214.728864304492
L80,2025-07-30,57348.287534860574,0.0,3214.728864304492,3306.900652683298
L80,2025-07-31,55569.91746337522,0.0,3306.900652683298,3100.848252260876
L80,2025-08-01,25601.77088241477,0.0,3100.848252260876,2988.643699460223
L80,2025-08-02,26174.804496338766,0.0,2988.643699460223,2979.920068662952
L80,2025-08-03,45528.882115629654,79.5468491258813,2979.920068662952,1870.8460548498117
L80,2025-08-04,49256.28776809084,12.975067924069435,1870.8460548498117,2469.353062539443
L80,2025-08-05,49085.9409069301,0.0,2469.353062539443,2469.2965807524884
L80,2025-08-06,51156.204377031005,0.0,2469.2965807524884,2449.047208509485
L80,2025-08-07,50658.92174628096,11.437934344903738,2449.047208509485,2236.116918235832
L80,2025-08-08,24672.128478309212,0.0,2236.116918235832,2504.713589596983
L80,2025-08-09,23855.263225622177,0.0,2504.713589596983,2006.7082913725803
L80,2025-08-10,47503.88197744724,5.862469086058468,2006.7082913725803,2215.592186198307
L80,2025-08-11,48167.50713650478,47.88061796837985,2215.592186198307,1873.2486541008263
L80,2025-08-12,50375.331643862824,55.44530813920324,1873.2486541008263,1956.3070460259487
L80,2025-08-13,47334.57752262438,87.07598098023891,1956.3070460259487,2073.948185407553
L80,2025-08-14,49103.52768007311,89.26612868842062,2073.948185407553,1762.677040624964
L80,2025-08-15,24279.47634944736,0.0,1762.677040624964,1992.7471684472591
L80,2025-08-16,24860.018173963093,0.0,1992.7471684472591,1855.2972018678272
L80,2025-08-17,48006.31240913777,138.7886835869473,1855.2972018678272,1770.628102071589
L80,2025-08-18,47651.588119838096,145.7459597556441,1770.628102071589,2036.9619735616943
L80,2025-08-19,47421.46961320906,103.92821501608216,2036.9619735616943,1995.62929960974
L80,2025-08-20,51320.66046294125,104.71911859347995,1995.62929960974,1757.081378188645
L80,2025-08-21,47449.63536797123,29.06583883195424,1757.081378188645,1766.615419011383
L80,2025-08-22,24273.76162562014,0.0,1766.615419011383,1524.4952696766304
L80,2025-08-23,24385.366035427407,0.0,1524.4952696766304,1740.319522281147
L80,2025-08-24,46566.75985952186,0.0,1740.319522281147,1888.4003714527528
L80,2025-08-25,55086.42179169059,28.859569314320876,1888.4003714527528,1899.5524468185072
L80,2025-08-26,48498.93473168607,8.861320140572843,1899.5524468185072,2364.6525561430863
L80,2025-08-27,50128.932329533476,20.42016131231071,2364.6525561430863,1684.3411167786967
L80,2025-08-28,51232.42365518863,92.86032794246,1684.3411167786967,1670.362088991844
L80,2025-08-29,25816.26392991183,0.0,1670.362088991844,2124.222854910854
L80,2025-08-30,24137.145710336892,0.0,2124.222854910854,1521.6083464860626
L80,2025-08-31,48016.01672767603,31.43588203590025,1521.6083464860626,2186.619195717176
L80,2025-09-01,48959.86419750259,0.0,2186.619195717176,5492.753724716174
L80,2025-09-02,45301.25466912281,0.0,5492.753724716174,5155.563853565415
L80,2025-09-03,45505.89223182386,0.0,5155.563853565415,4844.333889632406
L80,2025-09-04,38954.74753643787,5.845527181324769,4844.333889632406,2920.613376140036
L80,2025-09-05,19940.698488811944,0.0,2920.613376140036,3484.4011202718066
L80,2025-09-06,17186.900603122696,0.0,3484.4011202718066,2411.166300726521
L80,2025-09-07,39315.87678920933,5.120635003876465,2411.166300726521,2185.5502681517755
L80,2025-09-08,49863.387031154314,2201.734689540725,2185.5502681517755,1200.0
L80,2025-09-09,41496.37264326312,137.22258624217625,1200.0,2852.305500143063
L80,2025-09-10,45430.64822786881,0.0,2852.305500143063,2858.7539080921474
L80,2025-09-11,42235.67391454266,0.0,2858.7539080921474,2680.945937231699
L80,2025-09-12,19599.08934980779,0.0,2680.945937231699,2959.087307870043
L80,2025-09-13,18287.56642921181,0.0,2959.087307870043,2471.684406590684
L80,2025-09-14,45237.11600199449,0.0,2471.684406590684,1957.1576389705635
L80,2025-09-15,39408.1185017553,85.95351488023535,1957.1576389705635,1745.3912681515324
L80,2025-09-16,44824.47251090899,8.238266666666618,1745.3912681515324,1737.0921432910238
L80,2025-09-17,43262.84030204012,7.62916666666672,1737.0921432910238,1693.6136125479002
L80,2025-09-18,43190.05812926378,12.73881846372817,1693.6136125479002,1378.0129007109058
L80,2025-09-19,19506.69057893458,0.0,1378.0129007109058,2601.120095718
L80,2025-09-20,18229.345185014838,0.0,2601.120095718,2043.684644460988
L80,2025-09-21,42772.206354265705,0.0,2043.684644460988,1737.0911473915512
L80,2025-09-22,44337.362401384555,19.555899999999838,1737.0911473915512,1632.4137540540348
L80,2025-09-23,44494.9374679477,6.374999999999886,1632.4137540540348,1636.1856746530234
L80,2025-09-24,43202.096812500175,0.0,1636.1856746530234,2122.364192246554
L80,2025-09-25,44485.34148214905,15.371666666666556,2122.364192246554,1553.7034901179825
L80,2025-09-26,19204.05836024387,0.0,1553.7034901179825,2148.2572944888684
L80,2025-09-27,19128.734458364303,0.0,2148.2572944888684,1557.9596663031327
L80,2025-09-28,45701.75314077015,5.868333333333226,1557.9596663031327,1864.1101249775145
L80,2025-09-29,46479.311634702906,511.0757116379128,1864.1101249775145,1460.6906230029078
L80,2025-09-30,46164.97784249235,31.41115000000002,1460.6906230029078,1515.7713201390893
L80,2025-10-01,40721.76117799273,0.0,1515.7713201390893,3346.1499452555818
L80,2025-10-02,41695.20723825995,0.0,3346.1499452555818,3112.1725083662072
L80,2025-10-03,16495.806687612487,0.0,3112.1725083662072,3445.6372867153896
L80,2025-10-04,16795.69311981145,0.0,3445.6372867153896,2774.601865721343
L80,2025-10-05,40365.755821743725,0.0,2774.601865721343,2447.6118779565786
L80,2025-10-06,39604.61610364645,0.0,2447.6118779565786,2296.6805383524184
L80,2025-10-07,41193.56988286598,0.0,2296.6805383524184,2474.287177347765
L80,2025-10-08,39055.45546828752,244.38162725769237,2474.287177347765,1354.9513434044472
L80,2025-10-09,41732.22391669654,0.0,1354.9513434044472,1623.0078157363569
L80,2025-10-10,16848.91751582319,0.0,1623.0078157363569,1736.9289159061198
L80,2025-10-11,16904.855389928118,0.0,1736.9289159061198,1819.5877516543428
L80,2025-10-12,40913.242555312994,20.929933333333224,1819.5877516543428,1705.5858995802507
L80,2025-10-13,41564.54758095398,0.0,1705.5858995802507,1983.3524930828949
L80,2025-10-14,42833.21258450714,0.0,1983.3524930828949,1623.6878828225265
L80,2025-10-15,43881.58867311316,0.0,1623.6878828225265,1827.3184789939723
L80,2025-10-16,44095.81489167069,0.0,1827.3184789939723,1859.702920062916
L80,2025-10-17,17217.47001875903,0.0,1859.702920062916,1747.4192106468176
L80,2025-10-18,17614.39851813701,0.0,1747.4192106468176,2152.7650195341416
L80,2025-10-19,43854.567761402934,0.0,2152.7650195341416,1664.6030558341165
L80,2025-10-20,46609.71006855915,0.0,1664.6030558341165,1562.5879972992257
L80,2025-10-21,46329.532791658996,0.0,1562.5879972992257,1869.4625915051563
L80,2025-10-22,45161.67138206774,71.00391661739775,1869.4625915051563,1387.8326539094658
L80,2025-10-23,48169.23350110089,0.0,1387.8326539094658,1691.570579404917
L80,2025-10-24,17776.5882561297,0.0,1691.570579404917,1499.6353028204965
L80,2025-10-25,17945.604836678824,0.0,1499.6353028204965,1600.4007652399832
L80,2025-10-26,46144.262633600134,0.0,1600.4007652399832,1871.9161171742844
L80,2025-10-27,46408.39425226212,0.0,1871.9161171742844,1605.4305080074148
L80,2025-10-28,46356.77601706359,0.0,1605.4305080074148,1785.9424046071947
L80,2025-10-29,48835.81879749711,129.93207858249002,1785.9424046071947,1352.9788909256831
L80,2025-10-30,45119.933681859766,0.0,1352.9788909256831,1379.28217248931
L80,2025-10-31,18754.951152795406,0.0,1379.28217248931,1589.218329228239
L80,2025-11-01,18451.512896950015,0.0,1589.218329228239,1987.7332138518907
L80,2025-11-02,49902.93647995326,168.11076879464997,1987.7332138518907,1519.2708931404002
L80,2025-11-03,49435.365905881976,0.0,1519.2708931404002,1870.1090040522624
L80,2025-11-04,47351.048919112654,10.023606913419712,1870.1090040522624,1492.1911060879925
L80,2025-11-05,50200.361083685915,0.0,1492.1911060879925,1791.7042150613995
L80,2025-11-06,50272.99299617518,0.0,1791.7042150613995,1510.8500754524623
L80,2025-11-07,19048.62141713116,0.0,1510.8500754524623,1871.219992030928
L80,2025-11-08,18992.554494255182,0.0,1871.219992030928,1959.7819254302435
L80,2025-11-09,49780.53467495171,0.0,1959.7819254302435,1718.418358720816
L80,2025-11-10,52508.71871777611,0.0,1718.418358720816,1599.5208667475126
L80,2025-11-11,51413.963006333106,0.0,1599.5208667475126,1783.8558962404957
L80,2025-11-12,51101.2330845875,0.0,1783.8558962404957,1803.2011330779696
L80,2025-11-13,50481.39552249278,0.0,1803.2011330779696,1785.1495411674186
L80,2025-11-14,19437.558825544013,0.0,1785.1495411674186,2151.763201156324
L80,2025-11-15,20679.157038077894,0.0,2151.763201156324,1848.8880949037969
L80,2025-11-16,51773.70524238956,0.0,1848.8880949037969,1664.2826845229738
L80,2025-11-17,52906.1733222974,0.0,1664.2826845229738,1944.283109330118
L80,2025-11-18,50618.29974385063,0.0,1944.283109330118,1445.4494197038423
L80,2025-11-19,54250.334167975416,0.0,1445.4494197038423,1671.481189190897
L80,2025-11-20,52086.21986256308,0.0,1671.481189190897,1799.6290918939706
L80,2025-11-21,20043.492122100844,0.0,1799.6290918939706,2136.476860481691
L80,2025-11-22,21472.414758710616,0.0,2136.476860481691,1963.6898933154755
L80,2025-11-23,52881.67232638497,0.0,1963.6898933154755,1796.7393661550752
L80,2025-11-24,51091.84611767881,12.849418080530654,1796.7393661550752,1504.2477909394704
L80,2025-11-25,56111.00086769312,0.0,1504.2477909394704,1787.0412694564943
L80,2025-11-26,55201.44726678357,22.875360851753385,1787.0412694564943,2077.932091375495
L80,2025-11-27,53542.70635619096,0.0,2077.932091375495,1988.632484567685
L80,2025-11-28,20479.709734842865,0.0,1988.632484567685,2122.792405430549
L80,2025-11-29,23627.60881998111,0.0,2122.792405430549,1938.5162074359755
L80,2025-11-30,56119.54750246913,3.160825961536716,1938.5162074359755,1695.14659656624
L80,2025-12-01,71605.35507343097,2727.5246580926123,1695.14659656624,1804.8635604742888
L80,2025-12-02,70239.28521100037,1983.0293899067033,1804.8635604742888,1441.9296916249746
L80,2025-12-03,66580.86635714192,1256.9314765354532,1441.9296916249746,1681.452931865621
L80,2025-12-04,65035.36872655676,361.39021540798046,1681.452931865621,2677.834371234291
L80,2025-12-05,26777.75079501959,0.0,2677.834371234291,2853.664406538629
L80,2025-12-06,27606.970319293338,0.0,2853.664406538629,2373.0314908201217
L80,2025-12-07,63215.51934950889,32.58807651235884,2373.0314908201217,1974.9832721518949
L80,2025-12-08,67356.08393461324,0.0,1974.9832721518949,2382.854753471312
L80,2025-12-09,61973.569395432605,33.988912232541,2382.854753471312,1726.7687987154457
L80,2025-12-10,61433.80926320436,0.0,1726.7687987154457,1695.787181987335
L80,2025-12-11,61746.93182145966,0.0,1695.787181987335,1866.718094995944
L80,2025-12-12,27688.74906323588,0.0,1866.718094995944,1956.9549388393657
L80,2025-12-13,27229.43186771032,0.0,1956.9549388393657,1974.8267045542589
L80,2025-12-14,62353.49856219849,90.91130428173648,1974.8267045542589,1687.3573122440328
L80,2025-12-15,63116.08821576303,0.0,1687.3573122440328,1884.1715348052044
L80,2025-12-16,63339.63462974928,0.0,1884.1715348052044,1792.3720479843755
L80,2025-12-17,62674.34301014142,0.0,1792.3720479843755,1813.847858299502
L80,2025-12-18,62112.92807804693,0.0,1813.847858299502,1944.56077956206
L80,2025-12-19,26501.84648642041,0.0,1944.56077956206,1683.5615469583308
L80,2025-12-20,27024.843471750617,0.0,1683.5615469583308,1926.739753678924
L80,2025-12-21,63145.625190992,12.91778790692922,1926.739753678924,1798.2116229383355
L80,2025-12-22,62495.610845907264,0.0,1798.2116229383355,1742.7017496155372
L80,2025-12-23,63097.40192301247,0.0,1742.7017496155372,2088.763927474213
L80,2025-12-24,62949.204316094685,0.0,2088.763927474213,1841.01840572724
L80,2025-12-25,61983.58007507729,0.0,1841.01840572724,1832.0834009706548
L80,2025-12-26,27172.446736596994,0.0,1832.0834009706548,2325.9271134334763
L80,2025-12-27,27212.07144525313,0.0,2325.9271134334763,2120.997873367592
L80,2025-12-28,62238.29056468321,0.0,2120.997873367592,2218.233302455377
L80,2025-12-29,63280.852650937886,0.0,2218.233302455377,1764.0652224645492
L80,2025-12-30,62691.548319777015,0.0,1764.0652224645492,2058.80072407334
L80,2025-12-31,63378.01127042518,0.0,2058.80072407334,1682.897933104455
L75,2025-02-01,21642.017529074783,0.0,6075.795025925926,2517.7015441414605
L75,2025-02-02,56778.58109573036,0.0,2517.7015441414605,2406.5133817238125
L75,2025-02-03,57122.70811164932,0.0,2406.5133817238125,2132.6161118354876
L75,2025-02-04,57604.82890856326,0.0,2132.6161118354876,1491.1150469219842
L75,2025-02-05,55836.377865082875,0.0,1491.1150469219842,1578.8458000119085
L75,2025-02-06,56949.2590557258,29.8098700413409,1578.8458000119085,1456.2680197580805
L75,2025-02-07,22468.966391074755,0.0,1456.2680197580805,1581.7750983536455
L75,2025-02-08,19672.486214897355,0.0,1581.7750983536455,1722.9102565784324
L75,2025-02-09,56281.39099863463,0.0,1722.9102565784324,1828.1670814497231
L75,2025-02-10,52396.28044018855,9.231874083398793,1828.1670814497231,1657.5853544805434
L75,2025-02-11,52923.612549071986,0.0,1657.5853544805434,1722.6088887374276
L75,2025-02-12,52597.81823977916,17.176392431056,1722.6088887374276,1544.724900975605
L75,2025-02-13,50108.40098119838,33.11095672723479,1544.724900975605,1698.1015805106415
L75,2025-02-14,20372.110144928833,0.0,1698.1015805106415,1842.381187041908
L75,2025-02-15,19284.28670689138,126.29709065899468,1842.381187041908,1213.5494551272634
L75,2025-02-16,54277.78968479925,320.7621623731858,1213.5494551272634,1236.8759564755455
L75,2025-02-17,50464.65284329209,35.42651496046767,1236.8759564755455,1218.731158598685
L75,2025-02-18,48909.647901907476,28.62110233138253,1218.731158598685,1653.1958282690848
L75,2025-02-19,50817.965907835125,525.0765125525037,1653.1958282690848,1200.0
L75,2025-02-20,49367.1803373338,46.812789374767476,1200.0,1685.0466400439511
L75,2025-02-21,18140.548313444462,0.0,1685.0466400439511,1509.7754894275854
L75,2025-02-22,18275.90655741922,0.0,1509.7754894275854,1464.7299163779553
L75,2025-02-23,48265.78511695865,120.5384730366405,1464.7299163779553,1246.2611717348545
L75,2025-02-24,46922.902123811684,54.06165384964879,1246.2611717348545,1439.135409084227
L75,2025-02-25,46587.155700865136,82.25385206712212,1439.135409084227,1332.7326857920084
L75,2025-02-26,46910.926332484516,141.48003189710738,1332.7326857920084,1520.773642163291
L75,2025-02-27,45642.60529253673,22.162679463057884,1520.773642163291,1530.7031978942414
L75,2025-02-28,17562.040570193847,0.0,1530.7031978942414,1531.795046791535
L75,2025-03-01,18725.83572798635,0.0,1531.795046791535,1481.4161320248686
L75,2025-03-02,51534.9189049852,570.2288805032808,1481.4161320248686,1200.0
L75,2025-03-03,50579.92407140556,263.84544955563695,1200.0,1212.1256673826251
L75,2025-03-04,46482.52610868084,21.134787975514378,1212.1256673826251,1200.0
L75,2025-03-05,46155.7313873682,39.32442528896229,1200.0,1394.137480959293
L75,2025-03-06,44176.03425217324,0.0,1394.137480959293,1382.3784771228404
L75,2025-03-07,17209.653194568134,0.0,1382.3784771228404,1629.8938392413877
L75,2025-03-08,16438.896976692115,0.0,1629.8938392413877,1506.7274914127686
L75,2025-03-09,44233.53712143577,0.0,1506.7274914127686,1413.146493056903
L75,2025-03-10,45474.183749684344,0.0,1413.146493056903,1508.4662791534245
L75,2025-03-11,44367.182338089646,0.0,1508.4662791534245,1889.177449505985
L75,2025-03-12,43380.98230276142,0.0,1889.177449505985,1469.5477448110025
L75,2025-03-13,46248.63075630824,58.52314517688626,1469.5477448110025,1390.7604837678573
L75,2025-03-14,16810.431005301587,0.0,1390.7604837678573,1911.70299463229
L75,2025-03-15,16350.964408014155,0.0,1911.70299463229,1363.4533370213187
L75,2025-03-16,43727.67232741379,1.6399999999999864,1363.4533370213187,1777.759771811965
L75,2025-03-17,40751.11308164683,115.8335499999975,1777.759771811965,1878.6875046404398
L75,2025-03-18,43648.23787463476,0.0,1878.6875046404398,1704.286730584309
L75,2025-03-19,41540.46140706576,0.0,1704.286730584309,1925.2442968058967
L75,2025-03-20,43409.33625689193,229.68479177595466,1925.2442968058967,1680.5413991033959
L75,2025-03-21,15289.423861473708,0.0,1680.5413991033959,1436.0126762000689
L75,2025-03-22,16141.600523359051,0.0,1436.0126762000689,2082.792014072207
L75,2025-03-23,41403.99266608439,29.33423250038238,2082.792014072207,1481.0704797783553
L75,2025-03-24,41506.00985462022,202.4908327926944,1481.0704797783553,1824.0419331258356
L75,2025-03-25,42374.58441568893,7.928424679276759,1824.0419331258356,1370.2597553323824
L75,2025-03-26,38866.181890012274,0.0,1370.2597553323824,1623.032895403034
L75,2025-03-27,40465.81560828613,84.90359835523921,1623.032895403034,1566.1814776105232
L75,2025-03-28,15631.654110451715,0.0,1566.1814776105232,1965.0299585460518
L75,2025-03-29,14679.948870699765,0.0,1965.0299585460518,1647.9983960864706
L75,2025-03-30,38568.9308022353,0.0,1647.9983960864706,1805.4564709945348
L75,2025-03-31,38675.04701439966,0.0,1805.4564709945348,1986.5374630373612
L75,2025-04-01,40716.79387504599,0.0,1986.5374630373612,1556.7116362491747
L75,2025-04-02,40600.59929073167,0.0,1556.7116362491747,1512.956750059974
L75,2025-04-03,40008.84320533516,0.0,1512.956750059974,1617.618299510806
L75,2025-04-04,14288.716455605068,0.0,1617.618299510806,1744.6732812624646
L75,2025-04-05,14144.495412895732,0.0,1744.6732812624646,1566.041248083303
L75,2025-04-06,38095.92223736376,0.0,1566.041248083303,1438.572435416322
L75,2025-04-07,35993.870268221326,0.0,1438.572435416322,1617.9032860404
L75,2025-04-08,38131.28929393536,0.0,1617.9032860404,1352.6556346535467
L75,2025-04-09,39935.805479783274,0.0,1352.6556346535467,1513.7976231068449
L75,2025-04-10,38533.20560117879,0.0,1513.7976231068449,1778.987240221201
L75,2025-04-11,13540.63090465322,34.01723099884953,1778.987240221201,1496.912500741457
L75,2025-04-12,14301.771065837534,0.0,1496.912500741457,1897.3735931124731
L75,2025-04-13,35678.08545570368,0.0,1897.3735931124731,1623.8790450450722
L75,2025-04-14,36820.18853380718,0.0,1623.8790450450722,1490.0166515237167
L75,2025-04-15,34691.712120447766,0.0,1490.0166515237167,1684.2061898568868
L75,2025-04-16,37260.70076567752,0.0,1684.2061898568868,1539.3814587545041
L75,2025-04-17,36330.06416032476,0.0,1539.3814587545041,1773.0411017401257
L75,2025-04-18,13309.852146159335,0.0,1773.0411017401257,1999.6843645005254
L75,2025-04-19,13544.201625642225,0.0,1999.6843645005254,1840.9120208679626
L75,2025-04-20,35118.653815833895,0.0,1840.9120208679626,1878.212869945346
L75,2025-04-21,34485.677716902595,0.0,1878.212869945346,1360.730472740924
L75,2025-04-22,35098.900227679376,0.0,1360.730472740924,1639.9933227866482
L75,2025-04-23,34837.756560518785,0.0,1639.9933227866482,1790.559575991097
L75,2025-04-24,33847.53346611959,0.0,1790.559575991097,1727.681995886435
L75,2025-04-25,12702.240811331627,0.0,1727.681995886435,1422.8736947233067
L75,2025-04-26,13122.214559837903,0.0,1422.8736947233067,1544.5879588676864
L75,2025-04-27,33505.955668067705,0.0,1544.5879588676864,1581.9552323820055
L75,2025-04-28,38807.548506597355,0.0,1581.9552323820055,1699.9662583161448
L75,2025-04-29,34077.803903045664,0.0,1699.9662583161448,1740.7083778636309
L75,2025-04-30,31990.580490535056,0.0,1740.7083778636309,1607.2105246668318
L75,2025-05-01,44427.44331768185,2021.8465019401947,1607.2105246668318,1203.4597731110223
L75,2025-05-02,21949.843085475346,1500.5589274829128,1203.4597731110223,1200.0
L75,2025-05-03,20937.875786628472,1347.076658058774,1200.0,1200.6938668289288
L75,2025-05-04,43268.159875248464,1417.542538669657,1200.6938668289288,1202.0731855862184
L75,2025-05-05,40276.97708900617,305.32096808750913,1202.0731855862184,1208.9714507151136
L75,2025-05-06,37602.557550542115,330.74564711037465,1208.9714507151136,1317.7467341220615
L75,2025-05-07,39348.81883690454,186.99950241773013,1317.7467341220615,1331.1602951459038
L75,2025-05-08,40259.870084617454,35.99924999999996,1331.1602951459038,1902.3104974281143
L75,2025-05-09,14868.46037381799,0.0,1902.3104974281143,1560.0165925174942
L75,2025-05-10,15268.121418918103,134.39722268144817,1560.0165925174942,1281.6253609135897
L75,2025-05-11,39506.23616597062,327.8314278141932,1281.6253609135897,1269.2510844950723
L75,2025-05-12,35958.34935350688,0.0,1269.2510844950723,1625.7292993110293
L75,2025-05-13,38183.1053371857,29.288840262697363,1625.7292993110293,1661.609351351323
L75,2025-05-14,37872.61069135574,0.0,1661.609351351323,1768.5776327627896
L75,2025-05-15,37778.41296114488,0.0,1768.5776327627896,2209.817621731238
L75,2025-05-16,14482.095897358882,0.0,2209.817621731238,1663.2527046948442
L75,2025-05-17,14810.597586061238,0.0,1663.2527046948442,1741.9770107694455
L75,2025-05-18,37922.11218701331,2.838047206457759,1741.9770107694455,1924.5037435793688
L75,2025-05-19,36363.11591694285,67.00333333333333,1924.5037435793688,1765.8789101673638
L75,2025-05-20,37111.89801082731,0.0,1765.8789101673638,1735.5299594867445
L75,2025-05-21,36932.36400862816,0.0,1735.5299594867445,1862.7987518803852
L75,2025-05-22,35836.97961573042,0.0,1862.7987518803852,2615.4043769514415
L75,2025-05-23,15463.928894028133,0.0,2615.4043769514415,2731.822004711099
L75,2025-05-24,14704.01781447287,0.0,2731.822004711099,2661.068615951376
L75,2025-05-25,35555.4569137025,0.0,2661.068615951376,2162.6461999742273
L75,2025-05-26,38126.09024309556,0.0,2162.6461999742273,2512.914146246912
L75,2025-05-27,35375.517016957994,0.0,2512.914146246912,2186.204906028553
L75,2025-05-28,37390.01222225207,0.0,2186.204906028553,2538.592749683328
L75,2025-05-29,38430.92217338273,17.38141680071817,2538.592749683328,2762.3086338548596
L75,2025-05-30,15505.351054564986,0.0,2762.3086338548596,3143.482973449141
L75,2025-05-31,15672.534213696235,0.0,3143.482973449141,3059.003072150882
L75,2025-06-01,59651.154747368375,1982.0690435476004,3059.003072150882,1200.0
L75,2025-06-02,51793.92761788564,526.2034560170722,1200.0,1200.0
L75,2025-06-03,48977.10456150555,302.8823799924018,1200.0,1200.0
L75,2025-06-04,52312.15020698013,89.89681762101031,1200.0,1688.4951453887033
L75,2025-06-05,49969.91223807324,111.73095350223309,1688.4951453887033,1764.8974916885672
L75,2025-06-06,23216.12294641832,0.0,1764.8974916885672,2009.138350484166
L75,2025-06-07,24614.40868973013,0.0,2009.138350484166,2520.1367617462997
L75,2025-06-08,50080.49669669984,0.0,2520.1367617462997,3558.717378706019
L75,2025-06-09,50038.37458041982,180.22481238067758,3558.717378706019,1648.5854102419873
L75,2025-06-10,49384.987346884984,71.99877338793442,1648.5854102419873,1336.5384886893696
L75,2025-06-11,53580.53445553517,51.450626675529975,1336.5384886893696,1659.5971827684227
L75,2025-06-12,50210.02576112517,9.576307398732752,1659.5971827684227,2003.320639027107
L75,2025-06-13,20947.197722128738,0.0,2003.320639027107,2062.4087518359015
L75,2025-06-14,20288.259590955393,0.0,2062.4087518359015,1757.9973797568803
L75,2025-06-15,49484.92667922688,1.8101365157210694,1757.9973797568803,2154.1787065324747
L75,2025-06-16,50350.37796887829,42.2138828058188,2154.1787065324747,2163.88691805628
L75,2025-06-17,51849.71081209727,65.19778124084326,2163.88691805628,1766.0512399126874
L75,2025-06-18,51147.485065929766,20.7953091781103,1766.0512399126874,2324.845683694986
L75,2025-06-19,50827.44995429049,88.41889648244728,2324.845683694986,2173.257275563773
L75,2025-06-20,20501.237977881363,0.0,2173.257275563773,2364.3270152332725
L75,2025-06-21,20027.709311414525,0.0,2364.3270152332725,2726.659832027385
L75,2025-06-22,48486.67290105718,0.0,2726.659832027385,2500.127054666513
L75,2025-06-23,47019.653499049185,0.0,2500.127054666513,2244.9429249644463
L75,2025-06-24,54108.63476093514,0.0,2244.9429249644463,2430.905753051543
L75,2025-06-25,50747.23792887066,0.0,2430.905753051543,2368.577433991022
L75,2025-06-26,48713.159888451344,36.012441138601275,2368.577433991022,2129.1838482268004
L75,2025-06-27,20608.770245569394,0.0,2129.1838482268004,2739.7983901045923
L75,2025-06-28,19747.112774505797,0.0,2739.7983901045923,2716.1862818889554
L75,2025-06-29,50337.73030803871,0.0,2716.1862818889554,3233.499457821953
L75,2025-06-30,50145.215973283994,0.2852838799975643,3233.499457821953,2805.871889036578
L75,2025-07-01,69424.91041085568,2849.6947116546276,2805.871889036578,1200.0
L75,2025-07-02,50507.49793060294,220.744563639469,1200.0,1568.1858057755867
L75,2025-07-03,55982.21226219238,74.36108493615913,1568.1858057755867,1356.7158669688374
L75,2025-07-04,25625.87134258558,219.0714326060987,1356.7158669688374,1324.5041911059277
L75,2025-07-05,25873.797845866215,0.0,1324.5041911059277,1840.8551456216512
L75,2025-07-06,61720.08153993141,1305.7471178453561,1840.8551456216512,1200.0
L75,2025-07-07,53288.46510102119,84.14367826539751,1200.0,1865.1828080058517
L75,2025-07-08,61156.40164052296,0.0,1865.1828080058517,3829.510578937324
L75,2025-07-09,52414.12161047811,99.3360197185799,3829.510578937324,1584.821172107445
L75,2025-07-10,51247.42397873394,176.98978501740748,1584.821172107445,1346.4831752160565
L75,2025-07-11,25620.87522677413,0.0,1346.4831752160565,1722.1988416481424
L75,2025-07-12,25913.95548896164,0.0,1722.1988416481424,1412.6780390268862
L75,2025-07-13,52433.11997227705,210.77778077211508,1412.6780390268862,1248.6670813780024
L75,2025-07-14,51417.05119065245,64.69277584959525,1248.6670813780024,1589.0380110040182
L75,2025-07-15,52184.26235776328,3.2912894124557397,1589.0380110040182,2308.8407027800013
L75,2025-07-16,51291.22725470617,71.10901384635474,2308.8407027800013,1880.352901566257
L75,2025-07-17,52033.41981931318,32.3430673671794,1880.352901566257,1712.462673096819
L75,2025-07-18,29080.940029936704,0.0,1712.462673096819,3368.202018781575
L75,2025-07-19,25922.907241103043,0.0,3368.202018781575,1918.3119834614918
L75,2025-07-20,52294.3002216477,17.43377109058622,1918.3119834614918,1852.1075436175345
L75,2025-07-21,54179.535893614564,4.179748373203552,1852.1075436175345,2374.296067648987
L75,2025-07-22,55273.2402771215,29.57594449374517,2374.296067648987,2390.187519847051
L75,2025-07-23,57332.67958514052,0.0,2390.187519847051,2770.5619914081594
L75,2025-07-24,55753.13201619798,0.0,2770.5619914081594,2692.652265293862
L75,2025-07-25,24938.31206354437,0.0,2692.652265293862,2426.2016933228515
L75,2025-07-26,25394.49924800211,0.0,2426.2016933228515,2231.5648822635244
L75,2025-07-27,53196.7483684587,0.0,2231.5648822635244,2255.4583810094823
L75,2025-07-28,54774.82627143799,0.0,2255.4583810094823,2054.1198562214972
L75,2025-07-29,58253.92093667228,15.209274656190132,2054.1198562214972,2945.068131940521
L75,2025-07-30,56696.30249956449,0.0,2945.068131940521,3031.7625659467385
L75,2025-07-31,54842.32877450553,0.0,3031.7625659467385,2838.896957924926
L75,2025-08-01,25040.194593434193,0.0,2838.896957924926,2726.007088713046
L75,2025-08-02,25541.42933613346,0.0,2726.007088713046,2726.590962947126
L75,2025-08-03,44595.01382058647,111.75169485484832,2726.590962947126,1606.8208013622348
L75,2025-08-04,48517.52149523471,18.305254205797382,1606.8208013622348,2174.9425251496696
L75,2025-08-05,48037.36283436542,0.0,2174.9425251496696,2208.637685599221
L75,2025-08-06,50212.6808538583,0.0,2208.637685599221,2189.4623100946874
L75,2025-08-07,49633.43589763587,15.515135427936343,2189.4623100946874,2001.9187102566148
L75,2025-08-08,24211.554400765894,0.0,2001.9187102566148,2246.775426332229
L75,2025-08-09,23472.78455822309,0.0,2246.775426332229,1752.0712258539431
L75,2025-08-10,46806.09793024023,24.166827057523165,1752.0712258539431,2032.812466656464
L75,2025-08-11,47553.30646088245,81.00214218025064,2032.812466656464,1713.6244303624107
L75,2025-08-12,49778.69448151284,100.25996923320122,1713.6244303624107,1732.0896473410644
L75,2025-08-13,46907.531660858025,121.67475170806188,1732.0896473410644,1797.814886025339
L75,2025-08-14,48606.95605644234,115.39203946818259,1797.814886025339,1540.394614443857
L75,2025-08-15,23840.23067391594,0.0,1540.394614443857,1751.9309074573432
L75,2025-08-16,24407.077635912032,0.0,1751.9309074573432,1599.0487358842843
L75,2025-08-17,47353.51822522414,169.05070611732765,1599.0487358842843,1548.7015013207372
L75,2025-08-18,46864.82332437276,163.68454331258897,1548.7015013207372,1864.08057729057
L75,2025-08-19,46742.75265917859,123.79619195974885,1864.08057729057,1787.3547684908253
L75,2025-08-20,51122.413983249666,123.8828652388861,1787.3547684908253,1577.9315361088156
L75,2025-08-21,46794.50843590732,47.009767214021736,1577.9315361088156,1527.440227164404
L75,2025-08-22,24499.77920036552,160.16115395598266,1527.440227164404,1434.1218647396274
L75,2025-08-23,23965.157286042275,0.0,1434.1218647396274,1461.0664969524207
L75,2025-08-24,45882.84797632205,2.947565475305396,1461.0664969524207,1609.6040411509755
L75,2025-08-25,54308.43127127696,49.51215288874073,1609.6040411509755,1682.01473726509
L75,2025-08-26,47496.95914012035,12.656898863594165,1682.01473726509,2157.8588791919256
L75,2025-08-27,49570.690140625884,31.109463692262125,2157.8588791919256,1478.3438313978468
L75,2025-08-28,51205.8345353246,106.9299156997946,1478.3438313978468,1537.3118065198466
L75,2025-08-29,25295.795581168954,0.0,1537.3118065198466,1879.5410101120842
L75,2025-08-30,23656.827584840878,0.0,1879.5410101120842,1248.3213918546676
L75,2025-08-31,47397.27987606939,69.77021711540613,1248.3213918546676,1948.7794766831623
L75,2025-09-01,48052.13906143723,0.0,1948.7794766831623,5295.384859988797
L75,2025-09-02,44669.555408088054,0.0,5295.384859988797,4959.923260975357
L75,2025-09-03,44702.1050301432,0.0,4959.923260975357,4646.725189813401
L75,2025-09-04,38659.3755015894,138.88598064160465,4646.725189813401,2701.148342704413
L75,2025-09-05,19488.960618029887,0.0,2701.148342704413,3235.6037894858423
L75,2025-09-06,16782.500841581117,0.0,3235.6037894858423,2112.6794926499115
L75,2025-09-07,41274.78058223409,373.39583135977404,2112.6794926499115,1969.6349893845545
L75,2025-09-08,51426.99807225994,2471.4836261078913,1969.6349893845545,1200.0
L75,2025-09-09,40683.46607299432,161.69619815028273,1200.0,2601.4020847821075
L75,2025-09-10,44808.234537698285,36.94535544906651,2601.4020847821075,2568.930814452029
L75,2025-09-11,41146.397181001725,0.0,2568.930814452029,2345.953565526179
L75,2025-09-12,19071.926055649055,0.0,2345.953565526179,2583.9439763524883
L75,2025-09-13,18032.862187155835,0.0,2583.9439763524883,2136.260649128946
L75,2025-09-14,44163.91869495148,0.0,2136.260649128946,1696.3159657081173
L75,2025-09-15,41066.62609907476,489.1549746429938,1696.3159657081173,1577.8804281980822
L75,2025-09-16,43864.864420974685,8.238266666666618,1577.8804281980822,1507.8924044755522
L75,2025-09-17,42257.476125212066,7.62916666666672,1507.8924044755522,1454.9781904667982
L75,2025-09-18,43198.98604413717,144.56330060407043,1454.9781904667982,1283.7301471528647
L75,2025-09-19,18964.38585403991,0.0,1283.7301471528647,2315.3953030012512
L75,2025-09-20,17945.725972062544,0.0,2315.3953030012512,1760.4797721987884
L75,2025-09-21,42458.48824882843,99.68176190602155,1760.4797721987884,1551.5477495370644
L75,2025-09-22,43680.76349244174,19.555899999999838,1551.5477495370644,1354.9739042106196
L75,2025-09-23,43852.28961072502,64.8342223529864,1354.9739042106196,1446.7410032135624
L75,2025-09-24,42734.242317395205,0.0,1446.7410032135624,1866.5469065589275
L75,2025-09-25,43681.533722431115,15.371666666666556,1866.5469065589275,1228.6900637113267
L75,2025-09-26,18762.274220700605,3.108686490708454,1228.6900637113267,1878.3341846994244
L75,2025-09-27,18691.744432891475,7.120522410902847,1878.3341846994244,1222.6347983488354
L75,2025-09-28,44966.09615329047,5.868333333333226,1222.6347983488354,1600.2949505532372
L75,2025-09-29,48473.384826480346,873.0808809071682,1600.2949505532372,1265.657197856714
L75,2025-09-30,45897.57976295445,82.4507744647364,1265.657197856714,1212.3533481000816
L75,2025-10-01,39780.97462422346,0.0,1212.3533481000816,3071.477852134283
L75,2025-10-02,40705.97502592012,0.0,3071.477852134283,2922.822510550224
L75,2025-10-03,16109.427271674473,0.0,2922.822510550224,3107.342784722471
L75,2025-10-04,16365.227503475704,0.0,3107.342784722471,2426.7312203729352
L75,2025-10-05,39661.645356992216,0.0,2426.7312203729352,2185.276360274829
L75,2025-10-06,39628.11118590457,0.0,2185.276360274829,2044.9228169106907
L75,2025-10-07,40524.09999618951,0.0,2044.9228169106907,2231.5149726882287
L75,2025-10-08,39623.112741125246,493.61473955432496,2231.5149726882287,1292.5109212078219
L75,2025-10-09,42044.0537785645,220.36220510733614,1292.5109212078219,1454.9412757405444
L75,2025-10-10,16665.563947451403,0.0,1454.9412757405444,1426.0426085073516
L75,2025-10-11,16809.252002348287,27.813553385595696,1426.0426085073516,1551.9283152912928
L75,2025-10-12,40414.06257190973,20.929933333333224,1551.9283152912928,1420.7198596959777
L75,2025-10-13,41302.97404076801,0.0,1420.7198596959777,1683.1335098903442
L75,2025-10-14,42206.77382398409,0.0,1683.1335098903442,1337.1120348612085
L75,2025-10-15,43184.9055870738,0.0,1337.1120348612085,1613.905445718019
L75,2025-10-16,43445.338454673314,0.0,1613.905445718019,1593.7141862361625
L75,2025-10-17,16914.18072284853,0.0,1593.7141862361625,1484.4763319261378
L75,2025-10-18,17312.187659303847,0.0,1484.4763319261378,1869.6561884715227
L75,2025-10-19,43044.393594998575,9.25034344153207,1869.6561884715227,1443.4456618755883
L75,2025-10-20,45708.461080559624,0.0,1443.4456618755883,1335.1700096201419
L75,2025-10-21,45785.26497337981,0.0,1335.1700096201419,1701.0038894853187
L75,2025-10-22,45308.48210873844,206.0570367037228,1701.0038894853187,1294.682630557809
L75,2025-10-23,47424.86792484025,0.0,1294.682630557809,1461.9090834262875
L75,2025-10-24,18197.855639376798,131.4319438341451,1461.9090834262875,1402.648966811985
L75,2025-10-25,17611.39035001295,0.0,1402.648966811985,1351.2999657615965
L75,2025-10-26,45606.79584546239,0.0,1351.2999657615965,1654.8446343230617
L75,2025-10-27,46031.22250674978,0.0,1654.8446343230617,1410.9351094666654
L75,2025-10-28,46040.486370766776,0.0,1410.9351094666654,1617.4013562240036
L75,2025-10-29,49029.2232014323,259.20719144448356,1617.4013562240036,1288.7407855294211
L75,2025-10-30,44657.3306829524,33.7550065256158,1288.7407855294211,1215.4532281323
L75,2025-10-31,18735.919585591102,86.24628820948388,1215.4532281323,1483.6409461781202
L75,2025-11-01,18088.559911708755,0.0,1483.6409461781202,1797.8109928424867
L75,2025-11-02,49684.93880580421,216.3462326318043,1797.8109928424867,1426.1854362501688
L75,2025-11-03,48607.57860613241,0.0,1426.1854362501688,1697.0782835161594
L75,2025-11-04,47182.64399869598,81.75744878368073,1697.0782835161594,1369.9425842162643
L75,2025-11-05,49461.8056706652,3.227683333333289,1369.9425842162643,1647.606462734359
L75,2025-11-06,49553.38439411728,0.0,1647.606462734359,1336.9819314647355
L75,2025-11-07,18819.79099858089,0.0,1336.9819314647355,1693.7220872775845
L75,2025-11-08,18691.98691105866,0.0,1693.7220872775845,1780.4448655304475
L75,2025-11-09,49121.5794920243,0.0,1780.4448655304475,1563.4104022653305
L75,2025-11-10,51925.0864706471,0.0,1563.4104022653305,1428.749292029043
L75,2025-11-11,50660.72568237813,0.0,1428.749292029043,1637.236517139936
L75,2025-11-12,50522.077130113146,0.0,1637.236517139936,1655.3409060502074
L75,2025-11-13,50215.98320237292,0.0,1655.3409060502074,1644.7338961687205
L75,2025-11-14,19110.073026828886,0.0,1644.7338961687205,1992.2377224586214
L75,2025-11-15,20130.05260679087,0.0,1992.2377224586214,1690.6496380145827
L75,2025-11-16,51618.940649023534,0.0,1690.6496380145827,1555.0038792179378
L75,2025-11-17,52598.18199749961,0.0,1555.0038792179378,1815.8047722251056
L75,2025-11-18,50410.61337358681,0.0,1815.8047722251056,1380.1298691265033
L75,2025-11-19,53686.10835389025,0.0,1380.1298691265033,1521.9910490159405
L75,2025-11-20,51741.52055914006,0.0,1521.9910490159405,1649.4327947050276
L75,2025-11-21,19762.924640722154,0.0,1649.4327947050276,1976.028618543498
L75,2025-11-22,21013.286944457002,0.0,1976.028618543498,1790.5708039092144
L75,2025-11-23,52353.268632555766,0.0,1790.5708039092144,1656.4231864607448
L75,2025-11-24,50623.243698704566,16.144217029185484,1656.4231864607448,1387.517449116013
L75,2025-11-25,55450.65449729565,0.0,1387.517449116013,1671.0387191747247
L75,2025-11-26,54531.133164886516,26.71098896707508,1671.0387191747247,1970.382065864758
L75,2025-11-27,53056.48340385642,0.0,1970.382065864758,1865.9835521448451
L75,2025-11-28,20066.6202757303,0.0,1865.9835521448451,1957.196389954894
L75,2025-11-29,23143.008764979393,0.0,1957.196389954894,1767.5543033502174
L75,2025-11-30,55543.313671898766,5.597391938904025,1767.5543033502174,1544.1843700360942
L75,2025-12-01,72575.38434182748,2977.68702429453,1544.1843700360942,1638.008359674096
L75,2025-12-02,71208.53170566316,2185.6719383660316,1638.008359674096,1269.911479671795
L75,2025-12-03,67739.94347161641,1509.998621662299,1269.911479671795,1583.7886389455784
L75,2025-12-04,65676.57230709714,676.3924366251015,1583.7886389455784,2537.0740997345947
L75,2025-12-05,26221.258038046733,0.0,2537.0740997345947,2697.865803152622
L75,2025-12-06,26959.631741133508,0.0,2697.865803152622,2190.8674282630477
L75,2025-12-07,62634.4192788361,65.82802802079621,2190.8674282630477,1795.5838319017928
L75,2025-12-08,66540.1540630285,0.0,1795.5838319017928,2255.1710979200407
L75,2025-12-09,61553.2609247288,65.08033109273595,2255.1710979200407,1568.669777282709
L75,2025-12-10,61511.954656410664,168.0466517601802,1568.669777282709,1552.4257492739703
L75,2025-12-11,60983.47327007936,0.0,1552.4257492739703,1721.8103708607887
L75,2025-12-12,27127.873465340897,0.0,1721.8103708607887,1772.7686646901957
L75,2025-12-13,26610.18987192471,0.0,1772.7686646901957,1812.9411249585012
L75,2025-12-14,62788.52701702189,319.5869850318844,1812.9411249585012,1546.9325789879176
L75,2025-12-15,62541.7677762061,0.0,1546.9325789879176,1779.8366939883801
L75,2025-12-16,62536.88033750289,0.0,1779.8366939883801,1656.7133222000314
L75,2025-12-17,61990.44845146779,2.444433333333336,1656.7133222000314,1705.855543503584
L75,2025-12-18,61168.23227462376,0.0,1705.855543503584,1790.3835293040672
L75,2025-12-19,25940.40254868849,0.0,1790.3835293040672,1496.53779760298
L75,2025-12-20,26398.407043905194,0.0,1496.53779760298,1758.5031526732782
L75,2025-12-21,62874.57985837365,30.031414144821156,1758.5031526732782,1636.064771233591
L75,2025-12-22,61652.12772836173,0.0,1636.064771233591,1577.9621451253693
L75,2025-12-23,62246.36618221482,0.0,1577.9621451253693,1941.3028098080144
L75,2025-12-24,62058.145448745796,0.0,1941.3028098080144,1679.4198527505748
L75,2025-12-25,61572.015971585715,0.0,1679.4198527505748,1662.993936846158
L75,2025-12-26,26554.03499482484,0.0,1662.993936846158,2136.7382367046876
L75,2025-12-27,26502.322184328827,0.0,2136.7382367046876,1920.0391067582943
L75,2025-12-28,61439.20088200943,0.0,1920.0391067582943,2038.9861728355502
L75,2025-12-29,62611.15560267937,0.0,2038.9861728355502,1589.0791832715788
L75,2025-12-30,61996.96013636456,0.0,1589.0791832715788,1886.8489595463247
L75,2025-12-31,62592.278872525516,0.0,1886.8489595463247,1501.3373595881317
C80,2025-02-01,22621.82411148134,0.0,6075.795025925926,2749.590083438589
C80,2025-02-02,57795.45360437216,0.0,2749.590083438589,2631.5600795241276
C80,2025-02-03,57964.99331457674,0.0,2631.5600795241276,2334.751521315071
C80,2025-02-04,58341.477783975606,0.0,2334.751521315071,1707.4999216080055
C80,2025-02-05,56469.29656597244,0.0,1707.4999216080055,1829.0964405605093
C80,2025-02-06,57654.9262473106,27.880902246034452,1829.0964405605093,1678.4639379183898
C80,2025-02-07,22989.21388311735,0.0,1678.4639379183898,1816.9265641610946
C80,2025-02-08,19957.362878005395,0.0,1816.9265641610946,1939.6098402155055
C80,2025-02-09,57129.01948625155,0.0,1939.6098402155055,2005.75335706268
C80,2025-02-10,53159.69334263256,0.7734183605524549,2005.75335706268,1859.3438961469794
C80,2025-02-11,53716.33953197458,0.0,1859.3438961469794,1908.969191274086
C80,2025-02-12,52947.57439992156,0.0,1908.969191274086,1711.988556035281
C80,2025-02-13,50592.21878042463,0.0,1711.988556035281,1849.16131385559
C80,2025-02-14,20829.922565132012,0.0,1849.16131385559,2030.5718764329772
C80,2025-02-15,19276.15769038946,0.0,2030.5718764329772,1277.8588249468582
C80,2025-02-16,53335.31764005097,31.628262301458335,1277.8588249468582,1422.718699944214
C80,2025-02-17,50556.97517400442,0.0,1422.718699944214,1307.4594486390158
C80,2025-02-18,49303.89193497044,2.5201930187190555,1307.4594486390158,1852.391839501143
C80,2025-02-19,49571.18737708452,139.72613820903103,1852.391839501143,1200.0
C80,2025-02-20,49884.20155565359,26.68551104699543,1200.0,1825.1808173139364
C80,2025-02-21,18512.85749491878,0.0,1825.1808173139364,1733.599174344185
C80,2025-02-22,18397.312066053844,0.0,1733.599174344185,1670.8620714465974
C80,2025-02-23,48655.31131539602,17.640403238939665,1670.8620714465974,1283.5827528437258
C80,2025-02-24,47284.26636483728,21.867572263896136,1283.5827528437258,1579.2342186393403
C80,2025-02-25,47034.83202099782,63.451839540680226,1579.2342186393403,1478.3304589117265
C80,2025-02-26,46958.028166601536,0.0,1478.3304589117265,1682.4464779203659
C80,2025-02-27,46298.668943256685,0.0,1682.4464779203659,1699.2395243887192
C80,2025-02-28,17795.84822903134,0.0,1699.2395243887192,1727.157693275689
C80,2025-03-01,19117.86323671512,0.0,1727.157693275689,1651.4303610686163
C80,2025-03-02,51543.11176857323,419.5756926788455,1651.4303610686163,1200.0
C80,2025-03-03,50831.460982453835,210.5401653125209,1200.0,1249.6862923932688
C80,2025-03-04,46669.96679005898,0.0,1249.6862923932688,1315.7606112224946
C80,2025-03-05,46129.6427384352,3.2866666666666333,1315.7606112224946,1619.0599000981515
C80,2025-03-06,44753.651876892036,0.0,1619.0599000981515,1566.2195731695697
C80,2025-03-07,17527.880572740138,0.0,1566.2195731695697,1827.7614936937616
C80,2025-03-08,16516.73953617886,0.0,1827.7614936937616,1676.1924272199437
C80,2025-03-09,44903.429658582085,0.0,1676.1924272199437,1549.6874908440302
C80,2025-03-10,46413.904667142124,0.0,1549.6874908440302,1646.745639055463
C80,2025-03-11,44998.01012584785,0.0,1646.745639055463,2037.1797591011666
C80,2025-03-12,44231.22137056729,0.0,2037.1797591011666,1621.5246149937734
C80,2025-03-13,46804.789298289914,0.0,1621.5246149937734,1473.2506177706518
C80,2025-03-14,17081.350608523004,0.0,1473.2506177706518,2077.665700799325
C80,2025-03-15,16582.39644184008,0.0,2077.665700799325,1536.7727166164095
C80,2025-03-16,44498.57309460636,1.6399999999999864,1536.7727166164095,1918.558271411574
C80,2025-03-17,40445.60549037259,0.0,1918.558271411574,1995.1174063171684
C80,2025-03-18,44609.616241178956,0.0,1995.1174063171684,1835.00638585637
C80,2025-03-19,41700.26932472052,0.0,1835.00638585637,2053.699268860237
C80,2025-03-20,42683.753335072564,0.7708794232446365,2053.699268860237,1729.890159286475
C80,2025-03-21,15469.917800336767,0.0,1729.890159286475,1606.9968600723546
C80,2025-03-22,16373.395501876314,0.0,1606.9968600723546,2254.853654757844
C80,2025-03-23,42108.743856016175,0.0,2254.853654757844,1614.4555012128017
C80,2025-03-24,41334.551527183925,1.3125657772669825,1614.4555012128017,2017.039734384528
C80,2025-03-25,43101.53370853777,0.0,2017.039734384528,1553.8274157724265
C80,2025-03-26,39341.10973941654,0.0,1553.8274157724265,1784.9128983240516
C80,2025-03-27,40664.172364832746,0.0,1784.9128983240516,1723.9957357666974
C80,2025-03-28,15812.027279625547,0.0,1723.9957357666974,2141.10206908499
C80,2025-03-29,14760.789045189647,0.0,2141.10206908499,1815.1330210217463
C80,2025-03-30,38832.58124852787,0.0,1815.1330210217463,1970.3230833178843
C80,2025-03-31,38979.99096664493,0.0,1970.3230833178843,2156.202297901548
C80,2025-04-01,41438.81917501746,0.0,2156.202297901548,1740.655936749002
C80,2025-04-02,40945.7463717604,0.0,1740.655936749002,1723.850109901433
C80,2025-04-03,40644.5796094301,0.0,1723.850109901433,1811.6534502587729
C80,2025-04-04,14470.837063508425,0.0,1811.6534502587729,1970.6323685593766
C80,2025-04-05,14429.49508577653,0.0,1970.6323685593766,1784.444326408769
C80,2025-04-06,38594.859082112795,0.0,1784.444326408769,1600.9932197347423
C80,2025-04-07,36135.34291540671,0.0,1600.9932197347423,1810.364312391536
C80,2025-04-08,38825.08458228818,0.0,1810.364312391536,1563.888960104794
C80,2025-04-09,40404.96780509937,0.0,1563.888960104794,1705.9794801267628
C80,2025-04-10,38923.96899497831,0.0,1705.9794801267628,1965.6771793078958
C80,2025-04-11,13645.71330513903,0.0,1965.6771793078958,1722.4504656199044
C80,2025-04-12,14497.634789466618,0.0,1722.4504656199044,2106.2037340066954
C80,2025-04-13,36156.56016173236,0.0,2106.2037340066954,1784.0442263037935
C80,2025-04-14,37051.346013038325,0.0,1784.0442263037935,1733.1927913621907
C80,2025-04-15,35515.75682676346,0.0,1733.1927913621907,1906.31649595308
C80,2025-04-16,37980.58622633948,0.0,1906.31649595308,1721.9787523613616
C80,2025-04-17,36609.38338371091,0.0,1721.9787523613616,1971.0070246948883
C80,2025-04-18,13538.225042907225,0.0,1971.0070246948883,2244.219659880159
C80,2025-04-19,13822.503128836132,0.0,2244.219659880159,2077.2747559522863
C80,2025-04-20,35433.40558868541,0.0,2077.2747559522863,2037.8583155177275
C80,2025-04-21,35412.81692656076,0.0,2037.8583155177275,1544.548666050992
C80,2025-04-22,35665.32624351539,0.0,1544.548666050992,1833.720812222197
C80,2025-04-23,34593.52873338063,0.0,1833.720812222197,2009.252506100205
C80,2025-04-24,34767.162343650445,0.0,2009.252506100205,1953.2187426903095
C80,2025-04-25,12978.078143983179,0.0,1953.2187426903095,1699.418876165439
C80,2025-04-26,13330.466582283096,0.0,1699.418876165439,1805.3166872245754
C80,2025-04-27,34209.48422653954,0.0,1805.3166872245754,1813.3330501062271
C80,2025-04-28,39476.12846673253,0.0,1813.3330501062271,1878.2305505046922
C80,2025-04-29,35029.98100061408,0.0,1878.2305505046922,1898.9100009764838
C80,2025-04-30,33051.36613887469,0.0,1898.9100009764838,1745.8852710445715
C80,2025-05-01,44385.20949709492,1795.31189943268,1745.8852710445715,1206.5189035007875
C80,2025-05-02,21247.028009670717,1262.9040498135935,1206.5189035007875,1200.0
C80,2025-05-03,20312.132278952166,1133.6716389075054,1200.0,1207.9322009403597
C80,2025-05-04,43180.07505705542,1164.863166782303,1207.9322009403597,1205.1323159759836
C80,2025-05-05,40453.21266881864,124.68826516928254,1205.1323159759836,1304.3837829752706
C80,2025-05-06,37551.35678570035,101.76802146402443,1304.3837829752706,1337.3568456213181
C80,2025-05-07,39203.134672486376,23.509319145259497,1337.3568456213181,1452.4331827580534
C80,2025-05-08,41802.02271314117,35.99924999999996,1452.4331827580534,2180.1343590956553
C80,2025-05-09,15279.675544949017,0.0,2180.1343590956553,1932.84711901217
C80,2025-05-10,15450.622924587846,0.0,1932.84711901217,1543.7199185039904
C80,2025-05-11,39357.75292384177,142.6091810234493,1543.7199185039904,1428.9920367528648
C80,2025-05-12,36506.365937586714,0.0,1428.9920367528648,1900.662339774745
C80,2025-05-13,39043.774864200685,0.0,1900.662339774745,1900.610626427469
C80,2025-05-14,38600.89955468182,0.0,1900.610626427469,2087.9670216585864
C80,2025-05-15,38733.56126528273,0.0,2087.9670216585864,2521.0047582300303
C80,2025-05-16,14963.820344239963,0.0,2521.0047582300303,2053.1072084530474
C80,2025-05-17,15120.615070389884,0.0,2053.1072084530474,2081.1049190386993
C80,2025-05-18,38962.03971919568,0.0,2081.1049190386993,2213.0526713397744
C80,2025-05-19,37268.52479117256,67.00333333333333,2213.0526713397744,2059.353660448963
C80,2025-05-20,37517.050273451976,0.0,2059.353660448963,2019.4743910595225
C80,2025-05-21,37040.89920911178,0.0,2019.4743910595225,2145.254367731491
C80,2025-05-22,36800.232921144016,0.0,2145.254367731491,2903.710927917128
C80,2025-05-23,15921.832407752418,0.0,2903.710927917128,3058.9280352265496
C80,2025-05-24,15135.892022485797,0.0,3058.9280352265496,2987.0477814108394
C80,2025-05-25,36216.90174625847,0.0,2987.0477814108394,2425.732763458387
C80,2025-05-26,38592.45814589461,0.0,2425.732763458387,2787.844885949626
C80,2025-05-27,35444.26435585975,0.0,2787.844885949626,2448.878346131982
C80,2025-05-28,38282.251977840366,0.0,2448.878346131982,2787.072268946524
C80,2025-05-29,38548.25558815626,9.38917001728123,2787.072268946524,2906.229796251277
C80,2025-05-30,15920.255547236886,0.0,2906.229796251277,3402.471303733398
C80,2025-05-31,16093.25016778614,0.0,3402.471303733398,3305.998538443786
C80,2025-06-01,58321.53373569066,1751.5128125506687,3305.998538443786,1200.0
C80,2025-06-02,51543.80897706015,288.30225918606527,1200.0,1200.0
C80,2025-06-03,48651.888715568704,118.62200504633483,1200.0,1233.5875866548527
C80,2025-06-04,52798.00292131613,33.696499670047004,1233.5875866548527,1881.5970298567183
C80,2025-06-05,50289.34401745794,84.72556854919037,1881.5970298567183,1966.9075794366813
C80,2025-06-06,23451.90359626672,0.0,1966.9075794366813,2241.2549829117925
C80,2025-06-07,25444.56888104575,0.0,2241.2549829117925,2781.6863025504135
C80,2025-06-08,50709.35038752561,0.0,2781.6863025504135,3816.339787997642
C80,2025-06-09,50151.57665652756,132.81513478716352,3816.339787997642,1807.1826214577527
C80,2025-06-10,49491.21076634391,32.76359752809424,1807.1826214577527,1595.9222460684714
C80,2025-06-11,53703.81872958722,10.723241127943425,1595.9222460684714,1922.9247787347672
C80,2025-06-12,50385.245500388446,3.2145203497772172,1922.9247787347672,2231.356187211073
C80,2025-06-13,21324.699633433076,0.0,2231.356187211073,2349.313219642468
C80,2025-06-14,20469.641760580602,0.0,2349.313219642468,2034.4443376471138
C80,2025-06-15,50197.98581010272,0.0,2034.4443376471138,2424.0665396529516
C80,2025-06-16,51139.70356285855,24.50578155637038,2424.0665396529516,2416.5167070600514
C80,2025-06-17,52466.09756542889,42.33225411586682,2416.5167070600514,2006.5738922906626
C80,2025-06-18,51895.48492607935,12.194998064151264,2006.5738922906626,2545.477697194439
C80,2025-06-19,51354.44004937397,77.56463944275265,2545.477697194439,2383.746348995542
C80,2025-06-20,20873.0983095823,0.0,2383.746348995542,2618.5037235487875
C80,2025-06-21,20494.533312620017,0.0,2618.5037235487875,3007.460174761405
C80,2025-06-22,49503.058706525764,0.0,3007.460174761405,2755.8086820337107
C80,2025-06-23,48085.91987963057,0.0,2755.8086820337107,2499.453851302075
C80,2025-06-24,54915.87627777745,0.0,2499.453851302075,2680.2198106844053
C80,2025-06-25,51971.97744763897,0.0,2680.2198106844053,2640.7040676344177
C80,2025-06-26,49668.77085815944,8.481972831050825,2640.7040676344177,2402.746710502845
C80,2025-06-27,21061.173861592004,0.0,2402.746710502845,3066.777790867483
C80,2025-06-28,20182.041156331947,0.0,3066.777790867483,3038.6280994376457
C80,2025-06-29,51637.990039280136,0.0,3038.6280994376457,3532.226854084929
C80,2025-06-30,51457.74634860495,0.0,3532.226854084929,3058.6360198915736
C80,2025-07-01,65611.11281180098,2249.5540505851764,3058.6360198915736,1200.0
C80,2025-07-02,50761.71518465716,174.29154869003003,1200.0,1784.7398347878416
C80,2025-07-03,56614.738263203195,47.5369826136689,1784.7398347878416,1526.8636193725968
C80,2025-07-04,25148.91910679951,0.0,1526.8636193725968,1548.278817254778
C80,2025-07-05,26155.589005858827,0.0,1548.278817254778,2137.84648846342
C80,2025-07-06,60433.326138132725,1041.2327801962508,2137.84648846342,1200.0
C80,2025-07-07,54795.04810243069,60.713149322754816,1200.0,2101.7870625157993
C80,2025-07-08,62694.487444709135,0.0,2101.7870625157993,4065.1761753662613
C80,2025-07-09,53825.301948132634,87.56626421434532,4065.1761753662613,1884.2427545507662
C80,2025-07-10,52038.87851558895,120.89062139926159,1884.2427545507662,1518.1142221943173
C80,2025-07-11,26398.646868059477,0.0,1518.1142221943173,2031.8190229692184
C80,2025-07-12,26365.629001117057,0.0,2031.8190229692184,1666.633866962078
C80,2025-07-13,53026.84061078797,135.97567414140508,1666.633866962078,1498.5166396761856
C80,2025-07-14,52499.112156261064,40.11743594230745,1498.5166396761856,1883.518310404349
C80,2025-07-15,52980.51592549926,0.0,1883.518310404349,2572.3856894844803
C80,2025-07-16,52302.48553410878,47.91803811331113,2572.3856894844803,2112.268985764809
C80,2025-07-17,52912.32909621625,16.210144425121484,2112.268985764809,1995.3494444092635
C80,2025-07-18,30443.648486540555,0.0,1995.3494444092635,3643.8057931993535
C80,2025-07-19,26553.7583570651,0.0,3643.8057931993535,2197.755585969575
C80,2025-07-20,53470.635058850545,6.8123195112275425,2197.755585969575,2103.2445617987837
C80,2025-07-21,55385.09296366768,0.0,2103.2445617987837,2654.5033939147897
C80,2025-07-22,56345.56932315687,11.851199630500673,2654.5033939147897,2645.071910520142
C80,2025-07-23,58533.434910140306,0.0,2645.071910520142,3023.654503762993
C80,2025-07-24,56937.92877233501,0.0,3023.654503762993,2934.9708546473835
C80,2025-07-25,25497.492223552115,0.0,2934.9708546473835,2732.0520956130895
C80,2025-07-26,25930.30196828693,0.0,2732.0520956130895,2521.8598130415735
C80,2025-07-27,54307.38356598701,0.0,2521.8598130415735,2565.426450629279
C80,2025-07-28,55724.90430579775,0.0,2565.426450629279,2342.9700282586723
C80,2025-07-29,59291.45691025882,0.0,2342.9700282586723,3214.6995180368567
C80,2025-07-30,57670.82540253928,0.0,3214.6995180368567,3313.297099134604
C80,2025-07-31,55695.81079454323,0.0,3313.297099134604,3100.7427864297442
C80,2025-08-01,25696.45357832599,0.0,3100.7427864297442,3013.0352466456616
C80,2025-08-02,26166.16734963998,0.0,3013.0352466456616,2990.1948099578494
C80,2025-08-03,45198.79468200713,79.57477353064314,2990.1948099578494,1896.5766707325809
C80,2025-08-04,49674.57673678042,12.900529928037713,1896.5766707325809,2504.910789490255
C80,2025-08-05,49268.11229539903,0.0,2504.910789490255,2469.1977667423503
C80,2025-08-06,51038.66809068323,0.0,2469.1977667423503,2448.9569772705104
C80,2025-08-07,50826.10966029555,11.438831368713295,2448.9569772705104,2236.009372473046
C80,2025-08-08,24751.012968429462,0.0,2236.009372473046,2544.9084108826883
C80,2025-08-09,23930.96988254846,0.0,2544.9084108826883,2054.5246088651797
C80,2025-08-10,47205.92675734721,5.862520276534724,2054.5246088651797,2215.4526910924915
C80,2025-08-11,48569.98301931063,47.53199822631632,2215.4526910924915,1873.034481660351
C80,2025-08-12,50366.89792010015,55.509779567774785,1873.034481660351,1966.4068764578055
C80,2025-08-13,47313.694209286434,87.00556907547696,1966.4068764578055,2123.271681263184
C80,2025-08-14,49045.277514623966,89.50015130746829,2123.271681263184,1763.1556069278772
C80,2025-08-15,24342.815896476954,0.0,1763.1556069278772,2043.7705707433736
C80,2025-08-16,24871.998011795502,0.0,2043.7705707433736,1917.1597568465463
C80,2025-08-17,47792.10529771685,138.8121437059949,1917.1597568465463,1813.8689645456793
C80,2025-08-18,47468.186747930944,145.43971159096145,1813.8689645456793,2036.9479430193664
C80,2025-08-19,47260.2113923165,103.94584061132014,2036.9479430193664,1995.4753259457218
C80,2025-08-20,51289.20328656271,104.8582221649084,1995.4753259457218,1808.513662578418
C80,2025-08-21,47333.36591973354,29.065285855763705,1808.513662578418,1826.4507422305176
C80,2025-08-22,24372.817514384617,0.0,1826.4507422305176,1591.7602978711543
C80,2025-08-23,24421.44458915518,0.0,1591.7602978711543,1794.4693842665695
C80,2025-08-24,46532.89888937382,0.0,1794.4693842665695,1935.3887898984951
C80,2025-08-25,55070.2956699596,28.86051871908262,1935.3887898984951,1899.8514546756496
C80,2025-08-26,48351.18357845365,8.858794545334604,1899.8514546756496,2364.958057386475
C80,2025-08-27,50370.902415391654,20.42016131231071,2364.958057386475,1691.772431907863
C80,2025-08-28,51525.65724932409,92.8608505615075,1691.772431907863,1671.7555748796851
C80,2025-08-29,25768.94296534562,0.0,1671.7555748796851,2154.1316997954186
C80,2025-08-30,24078.876332798332,0.0,2154.1316997954186,1559.168905194147
C80,2025-08-31,47785.69850644919,31.38243115534658,1559.168905194147,2115.5512432782693
C80,2025-09-01,48846.8768955215,0.0,2115.5512432782693,5492.917434055241
C80,2025-09-02,45294.916775726066,0.0,5492.917434055241,5155.751265946809
C80,2025-09-03,45166.17925898096,0.0,5155.751265946809,4844.540018945016
C80,2025-09-04,38543.83445728768,5.843299800372392,4844.540018945016,2920.8365305849256
C80,2025-09-05,19945.430570508946,0.0,2920.8365305849256,3499.0859002501675
C80,2025-09-06,17181.118055907136,0.0,3499.0859002501675,2422.2848570525894
C80,2025-09-07,40474.56883926055,230.4418407647491,2422.2848570525894,2180.2837451359496
C80,2025-09-08,49835.38062893513,2199.8216960134837,2180.2837451359496,1200.0
C80,2025-09-09,41378.68339430655,137.22258624217625,1200.0,2852.567923423486
C80,2025-09-10,45396.43161025628,0.0,2852.567923423486,2859.019539705903
C80,2025-09-11,42196.89228237095,0.0,2859.019539705903,2681.203268580905
C80,2025-09-12,19567.77599360994,0.0,2681.203268580905,2934.6599307709807
C80,2025-09-13,18238.204570070768,0.0,2934.6599307709807,2447.301041202241
C80,2025-09-14,45513.731560669585,0.0,2447.301041202241,1957.4153955843199
C80,2025-09-15,39087.27689162682,34.81873190204561,1957.4153955843199,1745.5196272785163
C80,2025-09-16,45092.97053434232,8.238266666666618,1745.5196272785163,1725.037638254112
C80,2025-09-17,43439.056285374405,7.62916666666672,1725.037638254112,1700.6219999311902
C80,2025-09-18,43332.650053503654,12.616126797061291,1700.6219999311902,1378.0129007109058
C80,2025-09-19,19434.21153057767,0.0,1378.0129007109058,2520.9277255631487
C80,2025-09-20,18153.299259417658,0.0,2520.9277255631487,1967.0568269664934
C80,2025-09-21,42909.41415895568,0.0,1967.0568269664934,1734.1777959127076
C80,2025-09-22,44484.51471577542,19.555899999999838,1734.1777959127076,1580.366661352368
C80,2025-09-23,44812.77423729964,6.374999999999886,1580.366661352368,1576.3978024966298
C80,2025-09-24,42992.31662339877,0.0,1576.3978024966298,2122.296878427529
C80,2025-09-25,44429.51332046458,15.371666666666556,2122.296878427529,1533.909804763936
C80,2025-09-26,19179.176176770492,0.0,1533.909804763936,2090.0910844107943
C80,2025-09-27,19171.219300168348,0.0,2090.0910844107943,1501.3979554925238
C80,2025-09-28,45662.97167737516,5.868333333333226,1501.3979554925238,1838.5294275479578
C80,2025-09-29,46885.21113522325,510.35570591456735,1838.5294275479578,1460.6906230029078
C80,2025-09-30,46302.066393775494,31.41115000000002,1460.6906230029078,1494.8503719769901
C80,2025-10-01,41277.403199522305,0.0,1494.8503719769901,3346.160646975161
C80,2025-10-02,42044.683049375446,0.0,3346.160646975161,3096.2505942948123
C80,2025-10-03,16651.851438211197,0.0,3096.2505942948123,3417.842616270811
C80,2025-10-04,16817.45442007237,0.0,3417.842616270811,2752.04232873266
C80,2025-10-05,40564.25232870963,0.0,2752.04232873266,2419.145477599133
C80,2025-10-06,39670.69155095138,0.0,2419.145477599133,2313.6360772218104
C80,2025-10-07,41380.258958221595,0.0,2313.6360772218104,2462.258831340936
C80,2025-10-08,39131.966932285155,247.82391856842065,2462.258831340936,1354.9513434044472
C80,2025-10-09,41734.00930821255,0.0,1354.9513434044472,1619.9009470186047
C80,2025-10-10,16761.244176520024,0.0,1619.9009470186047,1731.32109431195
C80,2025-10-11,16897.746709463176,0.0,1731.32109431195,1814.5164531614269
C80,2025-10-12,40807.47173868163,20.929933333333224,1814.5164531614269,1703.5123011518142
C80,2025-10-13,41426.8442792825,0.0,1703.5123011518142,1981.0421914904468
C80,2025-10-14,42879.54051420672,0.0,1981.0421914904468,1623.3720708736732
C80,2025-10-15,43680.73011943755,0.0,1623.3720708736732,1775.1319142006423
C80,2025-10-16,43920.38936360871,0.0,1775.1319142006423,1860.9669453506147
C80,2025-10-17,17337.171157839635,0.0,1860.9669453506147,1748.6945062817417
C80,2025-10-18,17675.442668754098,0.0,1748.6945062817417,2153.878330435816
C80,2025-10-19,43784.22960769484,0.0,2153.878330435816,1664.0356285854423
C80,2025-10-20,46600.36692057558,0.0,1664.0356285854423,1562.5942221669516
C80,2025-10-21,46580.90469204314,0.0,1562.5942221669516,1845.660581249629
C80,2025-10-22,45112.39413540319,69.63179062533357,1845.660581249629,1387.8326539094655
C80,2025-10-23,47953.70861950798,0.0,1387.8326539094655,1606.5031229297108
C80,2025-10-24,17785.628695395826,0.0,1606.5031229297108,1508.3778079879482
C80,2025-10-25,17881.820559810294,0.0,1508.3778079879482,1602.9606907950315
C80,2025-10-26,45892.27737196812,0.0,1602.9606907950315,1873.6191960944334
C80,2025-10-27,46933.38304171032,2.531596805060417,1873.6191960944334,1605.446861182022
C80,2025-10-28,46851.484310062544,0.0,1605.446861182022,1785.9594006389407
C80,2025-10-29,49391.16590774129,129.86157337762802,1785.9594006389407,1352.9788909256831
C80,2025-10-30,45284.222684252025,0.0,1352.9788909256831,1379.9520514269561
C80,2025-10-31,18857.917833600695,0.0,1379.9520514269561,1588.880437032471
C80,2025-11-01,18522.87366250144,0.0,1588.880437032471,1987.4126305185575
C80,2025-11-02,50421.204389911276,168.12443308036416,1987.4126305185575,1519.2708931404002
C80,2025-11-03,49835.7426720703,0.0,1519.2708931404002,1869.8516756792424
C80,2025-11-04,47914.53576779239,30.11678021741409,1869.8516756792424,1486.9107577750224
C80,2025-11-05,50427.35128104742,0.0,1486.9107577750224,1791.692344029657
C80,2025-11-06,50416.05022658146,0.0,1791.692344029657,1514.1031482568535
C80,2025-11-07,18901.484385719934,0.0,1514.1031482568535,1871.429097189659
C80,2025-11-08,19003.052200565944,0.0,1871.429097189659,1960.0129307212487
C80,2025-11-09,50018.67339788774,0.0,1960.0129307212487,1718.4282383504476
C80,2025-11-10,52677.18399220651,0.0,1718.4282383504476,1599.7789022435445
C80,2025-11-11,51622.65652480894,0.0,1599.7789022435445,1783.8641069988723
C80,2025-11-12,51220.60596822039,0.0,1783.8641069988723,1803.2077571961327
C80,2025-11-13,50210.538139227996,0.0,1803.2077571961327,1803.9136230709082
C80,2025-11-14,19436.26544192611,0.0,1803.9136230709082,2151.807374877665
C80,2025-11-15,20812.253911130814,0.0,2151.807374877665,1848.9286412000922
C80,2025-11-16,51436.738509336064,0.0,1848.9286412000922,1664.2838478827634
C80,2025-11-17,52497.44724580087,0.0,1664.2838478827634,1944.2832422666258
C80,2025-11-18,51158.996547693925,0.0,1944.2832422666258,1533.6290856753499
C80,2025-11-19,54133.346548782705,0.0,1533.6290856753499,1671.4825999051825
C80,2025-11-20,51721.27681265817,0.0,1671.4825999051825,1799.6315317087867
C80,2025-11-21,20039.94369394161,0.0,1799.6315317087867,2136.53300201608
C80,2025-11-22,21855.231047918143,0.0,2136.53300201608,1963.74179807738
C80,2025-11-23,52804.55213247009,0.0,1963.74179807738,1796.7396280598361
C80,2025-11-24,51386.393486337016,18.839666666666517,1796.7396280598361,1504.2482598548133
C80,2025-11-25,56392.244396625945,0.0,1504.2482598548133,1787.0431927369168
C80,2025-11-26,54978.22735171285,31.009150818344096,1787.0431927369168,2077.9341601585643
C80,2025-11-27,53468.15004415115,0.0,2077.9341601585643,1988.6334005729773
C80,2025-11-28,20742.95703780061,0.0,1988.6334005729773,2121.863468546075
C80,2025-11-29,23794.10316595315,0.0,2121.863468546075,1937.5425821067704
C80,2025-11-30,55671.854665143364,6.0628333333332876,1937.5425821067704,1695.147714291109
C80,2025-12-01,73797.52679575571,3192.5501011125484,1695.147714291109,1804.9676810959834
C80,2025-12-02,71455.06814684437,2317.046521695005,1804.9676810959834,1441.9597947995785
C80,2025-12-03,67489.83530312317,1553.894440827778,1441.9597947995785,1689.681218342625
C80,2025-12-04,66730.64296016899,717.4150151014118,1689.681218342625,2677.835516075561
C80,2025-12-05,26782.638549276573,0.0,2677.835516075561,2853.6857343957713
C80,2025-12-06,27672.487686128716,0.0,2853.6857343957713,2373.0592289153583
C80,2025-12-07,63382.62378938914,34.13562304013669,2373.0592289153583,1974.9845214905224
C80,2025-12-08,67392.19583280964,0.0,1974.9845214905224,2382.8548619369203
C80,2025-12-09,62053.48996603249,34.09952314523912,2382.8548619369203,1726.772876129469
C80,2025-12-10,61413.43044303375,0.13191115506889162,1726.772876129469,1695.7876786804543
C80,2025-12-11,61841.52256033548,0.0,1695.7876786804543,1866.7191333557314
C80,2025-12-12,27586.514496067495,0.0,1866.7191333557314,1956.2344596881317
C80,2025-12-13,27153.765866438862,0.0,1956.2344596881317,1974.8388362431333
C80,2025-12-14,62496.0266143221,175.2723371742097,1974.8388362431333,1691.9110979923832
C80,2025-12-15,63002.33833666102,0.0,1691.9110979923832,1909.3645614319016
C80,2025-12-16,63369.781265239726,0.0,1909.3645614319016,1801.7858935475283
C80,2025-12-17,62623.95827019826,0.0,1801.7858935475283,1813.8497319767494
C80,2025-12-18,62021.32347635195,0.0,1813.8497319767494,1944.5610447737001
C80,2025-12-19,26521.15030628515,0.0,1944.5610447737001,1683.383281242356
C80,2025-12-20,26951.507757633404,0.0,1683.383281242356,1926.3278062693028
C80,2025-12-21,63106.68810399296,13.181562510103845,1926.3278062693028,1798.2120667214042
C80,2025-12-22,62419.91638304912,0.0,1798.2120667214042,1742.701525409188
C80,2025-12-23,63003.221256771554,0.0,1742.701525409188,2090.168683244125
C80,2025-12-24,62953.67989286294,0.0,2090.168683244125,1841.0184897219497
C80,2025-12-25,61848.76450519805,0.0,1841.0184897219497,1832.2422472327496
C80,2025-12-26,27348.5534283026,0.0,1832.2422472327496,2325.9316445181325
C80,2025-12-27,27403.780195094554,0.0,2325.9316445181325,2121.00925762685
C80,2025-12-28,62414.460841714135,0.0,2121.00925762685,2218.241397495059
C80,2025-12-29,63538.733123322665,0.0,2218.241397495059,1764.0648818560821
C80,2025-12-30,62841.54632013367,0.0,1764.0648818560821,2058.800368914611
C80,2025-12-31,63623.633116920915,0.0,2058.800368914611,1682.8978319139799
C75,2025-02-01,21884.17283529299,0.0,6075.795025925926,2517.6876874946356
C75,2025-02-02,56931.48212033642,0.0,2517.6876874946356,2406.5122795556504
C75,2025-02-03,57253.90370229766,0.0,2406.5122795556504,2132.6162861079747
C75,2025-02-04,57746.10161787013,0.0,2132.6162861079747,1491.1019150421757
C75,2025-02-05,55847.35856483313,0.0,1491.1019150421757,1578.8293669234067
C75,2025-02-06,57051.59887664763,28.409743303062783,1578.8293669234067,1456.2601792319085
C75,2025-02-07,22493.280294004097,0.0,1456.2601792319085,1581.7558092666889
C75,2025-02-08,19696.96011241544,0.0,1581.7558092666889,1722.909904205495
C75,2025-02-09,56300.55823886016,0.0,1722.909904205495,1828.1670411659327
C75,2025-02-10,52404.54146833889,6.8463685361101625,1828.1670411659327,1657.5851739249886
C75,2025-02-11,52960.052059101035,0.0,1657.5851739249886,1722.6087221308858
C75,2025-02-12,52616.846813363,6.455531124944514,1722.6087221308858,1544.7208523403658
C75,2025-02-13,49950.61372954758,0.0,1544.7208523403658,1698.1013047771173
C75,2025-02-14,20224.480166601552,0.0,1698.1013047771173,1842.3746481253106
C75,2025-02-15,19113.425503894214,126.30520874670358,1842.3746481253106,1213.5494551272634
C75,2025-02-16,53389.759251807955,110.6893617708425,1213.5494551272634,1234.21993069479
C75,2025-02-17,50329.01619099198,31.67818419821267,1234.21993069479,1218.731158598685
C75,2025-02-18,49274.079452055696,3.508814418741281,1218.731158598685,1653.187745737765
C75,2025-02-19,50018.82306895413,322.2578142851751,1653.187745737765,1200.0
C75,2025-02-20,49155.109876764094,36.39971956041916,1200.0,1644.1679636443007
C75,2025-02-21,18218.51821536627,0.0,1644.1679636443007,1509.754511252982
C75,2025-02-22,18297.047807668903,0.0,1509.754511252982,1464.7068823314885
C75,2025-02-23,48493.97207710788,99.29728637839837,1464.7068823314885,1246.2611717348545
C75,2025-02-24,46883.39079902326,27.85750753819957,1246.2611717348545,1439.1429024969257
C75,2025-02-25,46334.49634476245,65.97203255939837,1439.1429024969257,1332.731374284072
C75,2025-02-26,46815.49388753252,6.908208415169754,1332.731374284072,1513.0887978657686
C75,2025-02-27,45808.02855165964,0.0,1513.0887978657686,1527.4121018892438
C75,2025-02-28,17664.67182343604,0.0,1527.4121018892438,1531.7549885904762
C75,2025-03-01,18482.217875241335,0.0,1531.7549885904762,1481.3640268661393
C75,2025-03-02,51823.22040321009,570.2631698663772,1481.3640268661393,1200.0
C75,2025-03-03,50467.17850803079,263.8916018651613,1200.0,1212.1256673826251
C75,2025-03-04,46675.05045225411,20.56926099337015,1212.1256673826251,1200.0
C75,2025-03-05,45898.310489544165,37.730218943361365,1200.0,1394.0514951193495
C75,2025-03-06,44177.75876172522,0.0,1394.0514951193495,1382.255410793476
C75,2025-03-07,17203.40678025393,0.0,1382.255410793476,1629.8535217810715
C75,2025-03-08,16520.023849688743,0.0,1629.8535217810715,1506.6868135027137
C75,2025-03-09,44231.553752845175,0.0,1506.6868135027137,1413.1304646177498
C75,2025-03-10,45805.12938985061,0.0,1413.1304646177498,1508.4661382804095
C75,2025-03-11,44698.87133711289,0.0,1508.4661382804095,1889.1774051938169
C75,2025-03-12,43530.759216267754,0.0,1889.1774051938169,1469.5306477805818
C75,2025-03-13,46561.65899706931,58.52332910545681,1469.5306477805818,1390.7604837678573
C75,2025-03-14,16816.32518917093,0.0,1390.7604837678573,1912.4593472788724
C75,2025-03-15,16346.521966522914,0.0,1912.4593472788724,1363.4177047461837
C75,2025-03-16,43877.5562312509,1.6399999999999864,1363.4177047461837,1777.7565449601116
C75,2025-03-17,40722.90064216435,105.90773639798138,1777.7565449601116,1878.6837844023426
C75,2025-03-18,43915.25065696413,0.0,1878.6837844023426,1704.2274365631445
C75,2025-03-19,41380.421723179985,0.0,1704.2274365631445,1925.2370983931978
C75,2025-03-20,43400.941025123495,205.89645546103097,1925.2370983931978,1680.4256905716531
C75,2025-03-21,15220.809102974736,0.0,1680.4256905716531,1435.9608726286413
C75,2025-03-22,16084.662746349433,0.0,1435.9608726286413,2082.603447934639
C75,2025-03-23,41439.59604045399,7.07802884349835,2082.603447934639,1481.0704797783553
C75,2025-03-24,41474.431211882904,173.29766913162726,1481.0704797783553,1823.6874055663113
C75,2025-03-25,42413.21476003767,0.0,1823.6874055663113,1434.2568510137532
C75,2025-03-26,38850.28853281314,0.0,1434.2568510137532,1623.051575462556
C75,2025-03-27,40492.585222587026,97.71641234737305,1623.051575462556,1602.1541021592416
C75,2025-03-28,15526.3134422464,0.0,1602.1541021592416,1967.7944856624538
C75,2025-03-29,14624.864425246862,0.0,1967.7944856624538,1643.7473211010351
C75,2025-03-30,38658.71340031258,0.0,1643.7473211010351,1811.1408316272514
C75,2025-03-31,38923.70184330877,0.0,1811.1408316272514,1993.02344009148
C75,2025-04-01,40704.50921008793,0.0,1993.02344009148,1565.1236259068614
C75,2025-04-02,40516.08316463386,0.0,1565.1236259068614,1524.4979050434456
C75,2025-04-03,39820.49644726838,0.0,1524.4979050434456,1622.8567615966872
C75,2025-04-04,14215.383942484028,0.0,1622.8567615966872,1760.1718775765735
C75,2025-04-05,14238.251802120893,0.0,1760.1718775765735,1587.2505046970614
C75,2025-04-06,37875.73761948288,0.0,1587.2505046970614,1439.6840242060032
C75,2025-04-07,35821.99412844063,0.0,1439.6840242060032,1638.7228626132996
C75,2025-04-08,38072.310935725676,0.0,1638.7228626132996,1380.5182991752094
C75,2025-04-09,40044.27329485746,0.0,1380.5182991752094,1577.5324091983555
C75,2025-04-10,38520.960237568135,0.0,1577.5324091983555,1803.126114611329
C75,2025-04-11,13657.93293723957,40.08246003814206,1803.126114611329,1527.7133045829532
C75,2025-04-12,14256.797170586755,0.0,1527.7133045829532,1926.5967076392278
C75,2025-04-13,35618.21614328749,0.0,1926.5967076392278,1696.129428754433
C75,2025-04-14,36759.04929468668,0.0,1696.129428754433,1522.6514416929083
C75,2025-04-15,34712.602555300844,0.0,1522.6514416929083,1721.3262731330929
C75,2025-04-16,37340.42782177109,0.0,1721.3262731330929,1549.5363688331329
C75,2025-04-17,36389.62655762633,0.0,1549.5363688331329,1809.8067687693474
C75,2025-04-18,13316.960173437496,0.0,1809.8067687693474,2052.5993430229814
C75,2025-04-19,13617.540499757162,0.0,2052.5993430229814,1892.993125777177
C75,2025-04-20,35067.161214004125,0.0,1892.993125777177,1881.8094277606033
C75,2025-04-21,34780.91788114922,0.0,1881.8094277606033,1372.0121241275804
C75,2025-04-22,35240.249938688576,0.0,1372.0121241275804,1670.3479124572737
C75,2025-04-23,34519.03630549221,0.0,1670.3479124572737,1828.8319176842974
C75,2025-04-24,34186.42813414038,0.0,1828.8319176842974,1794.7508160174245
C75,2025-04-25,12730.220520444074,0.0,1794.7508160174245,1491.0782853604835
C75,2025-04-26,13141.841265853065,0.0,1491.0782853604835,1616.6345918171853
C75,2025-04-27,33722.05797575561,0.0,1616.6345918171853,1639.3251981403585
C75,2025-04-28,38736.26715087863,0.0,1639.3251981403585,1738.8202686539048
C75,2025-04-29,34468.851653889375,0.0,1738.8202686539048,1752.5118531903856
C75,2025-04-30,32236.254482176722,0.0,1752.5118531903856,1610.4997696319351
C75,2025-05-01,44598.08928781472,1961.9373466047455,1610.4997696319351,1203.4597731110223
C75,2025-05-02,21866.22052015378,1436.698690492273,1203.4597731110223,1200.0
C75,2025-05-03,20936.047322504135,1312.3219902887452,1200.0,1200.6938668289288
C75,2025-05-04,43705.79740903968,1392.658785109706,1200.6938668289288,1202.0731855862184
C75,2025-05-05,40583.05262680717,272.4785359670357,1202.0731855862184,1208.9714507151136
C75,2025-05-06,36998.57767072933,306.1898043131365,1208.9714507151136,1317.7467341220615
C75,2025-05-07,39128.8620836246,116.45425677984178,1317.7467341220615,1331.1602951459038
C75,2025-05-08,40781.58061657564,35.99924999999996,1331.1602951459038,1907.9749500847104
C75,2025-05-09,14955.962910708022,0.0,1907.9749500847104,1583.7670008311525
C75,2025-05-10,15271.634570706396,122.63760592308637,1583.7670008311525,1281.6253609135897
C75,2025-05-11,39749.10584930927,307.62370660055933,1281.6253609135897,1269.2510844950723
C75,2025-05-12,35881.85593511234,0.0,1269.2510844950723,1629.5643260387449
C75,2025-05-13,38508.14574776842,27.215763478420968,1629.5643260387449,1661.609351351323
C75,2025-05-14,37653.88540887351,0.0,1661.609351351323,1768.4087299850125
C75,2025-05-15,38042.298739203,0.0,1768.4087299850125,2209.800089323831
C75,2025-05-16,14540.499126053242,0.0,2209.800089323831,1672.806012712789
C75,2025-05-17,14867.871875977917,0.0,1672.806012712789,1743.8125117879824
C75,2025-05-18,38117.96651282072,2.838047206457759,1743.8125117879824,1924.3023546904783
C75,2025-05-19,36529.549830780335,67.00333333333333,1924.3023546904783,1765.6781846382646
C75,2025-05-20,36723.45933417142,0.0,1765.6781846382646,1742.4817060145203
C75,2025-05-21,36489.547561399166,0.0,1742.4817060145203,1862.5958676211267
C75,2025-05-22,35948.308760384425,0.0,1862.5958676211267,2615.1903769514397
C75,2025-05-23,15507.236317747356,0.0,2615.1903769514397,2724.6886387104423
C75,2025-05-24,14713.388777388996,0.0,2724.6886387104423,2650.4112495098007
C75,2025-05-25,35606.59452312934,0.0,2650.4112495098007,2154.3954352877927
C75,2025-05-26,38132.42021053446,0.0,2154.3954352877927,2512.8828036543196
C75,2025-05-27,35166.75219761184,0.0,2512.8828036543196,2186.1588822190297
C75,2025-05-28,37402.883783313504,0.0,2186.1588822190297,2538.5333283870323
C75,2025-05-29,38115.63869033883,17.4505745388135,2538.5333283870323,2803.347841135527
C75,2025-05-30,15433.81387940608,0.0,2803.347841135527,3086.628014118858
C75,2025-05-31,15668.38952129693,0.0,3086.628014118858,3013.8730720266076
C75,2025-06-01,59959.214692783695,2034.0756623616912,3013.8730720266076,1200.0
C75,2025-06-02,51774.542301890644,576.956186719942,1200.0,1200.0
C75,2025-06-03,48848.94450668475,350.33632693519434,1200.0,1200.0
C75,2025-06-04,51968.58704107809,90.01192893053394,1200.0,1688.480239317274
C75,2025-06-05,49816.99028404694,111.70422254985215,1688.480239317274,1764.7794568513912
C75,2025-06-06,22772.881932008346,0.0,1764.7794568513912,1964.7188990084233
C75,2025-06-07,24256.88140027773,0.0,1964.7188990084233,2482.1688702481706
C75,2025-06-08,49723.86873956296,0.0,2482.1688702481706,3558.7673439242726
C75,2025-06-09,49550.31963148457,180.11143142829678,3558.7673439242726,1664.6584447657035
C75,2025-06-10,49612.73662461267,72.16961207841075,1664.6584447657035,1336.530291599423
C75,2025-06-11,53395.49356253435,51.607500485053606,1336.530291599423,1624.3273896838484
C75,2025-06-12,49876.63220961175,9.576307398732752,1624.3273896838484,1954.4354467639137
C75,2025-06-13,20849.313600438767,0.0,1954.4354467639137,2017.5569560317033
C75,2025-06-14,20161.061791636603,0.0,2017.5569560317033,1714.4161154154947
C75,2025-06-15,49664.81202399454,1.784414938339978,1714.4161154154947,2129.8659394384167
C75,2025-06-16,50404.131147045126,42.20842104986639,2129.8659394384167,2164.17063680628
C75,2025-06-17,51876.86078789196,65.15417598290651,2164.17063680628,1766.1955745709788
C75,2025-06-18,51188.65108792238,20.7953091781103,1766.1955745709788,2326.9680755499
C75,2025-06-19,50897.26371606364,88.52725303006639,2326.9680755499,2169.817231492949
C75,2025-06-20,20401.341448955704,0.0,2169.817231492949,2315.777226765733
C75,2025-06-21,19990.134909457884,0.0,2315.777226765733,2676.111511753497
C75,2025-06-22,48574.89735249,0.0,2676.111511753497,2500.4911832445528
C75,2025-06-23,47009.07636498521,0.0,2500.4911832445528,2245.386681869204
C75,2025-06-24,54138.469638199436,0.0,2245.386681869204,2431.4367834748246
C75,2025-06-25,50868.96634060452,0.0,2431.4367834748246,2361.032734728775
C75,2025-06-26,48918.42488183569,35.52928721995045,2361.032734728775,2129.2771575566076
C75,2025-06-27,20469.431651794177,0.0,2129.2771575566076,2708.5039395333224
C75,2025-06-28,19652.074096209133,0.0,2708.5039395333224,2681.2965632085434
C75,2025-06-29,50520.498345231295,0.0,2681.2965632085434,3233.9452088140147
C75,2025-06-30,50302.25975552927,0.2592323919022874,3233.9452088140147,2805.838585094775
C75,2025-07-01,69010.02130294258,2806.197163915962,2805.838585094775,1200.0
C75,2025-07-02,50434.61645535339,221.09594350058205,1200.0,1568.061334269856
C75,2025-07-03,56474.693553875804,116.68477775156695,1568.061334269856,1356.7158669688374
C75,2025-07-04,25769.659228767912,239.78678498214174,1356.7158669688374,1317.1463560662921
C75,2025-07-05,25809.59101109258,0.0,1317.1463560662921,1800.1838508410913
C75,2025-07-06,61688.76805285213,1351.4069594648136,1800.1838508410913,1200.0
C75,2025-07-07,53806.46049518634,84.14367826539751,1200.0,1864.6402369961522
C75,2025-07-08,61659.56949311897,0.0,1864.6402369961522,3829.035169446584
C75,2025-07-09,52877.04051515811,99.38294739715127,3829.035169446584,1555.9338479739915
C75,2025-07-10,51584.72457667712,176.95067995788372,1555.9338479739915,1349.4106022539227
C75,2025-07-11,25664.110480647658,0.0,1349.4106022539227,1709.6896589582602
C75,2025-07-12,25892.151322888465,0.0,1709.6896589582602,1405.966112495231
C75,2025-07-13,52952.34438956968,211.19430319274989,1405.966112495231,1244.951677666118
C75,2025-07-14,51724.277492106194,64.73310486745243,1244.951677666118,1587.6443891154338
C75,2025-07-15,52608.15787625834,0.0,1587.6443891154338,2298.5838997930446
C75,2025-07-16,51506.81737251586,71.09701845944983,2298.5838997930446,1879.8127798885675
C75,2025-07-17,52121.37072016576,32.3430673671794,1879.8127798885675,1714.4381035967128
C75,2025-07-18,29465.176722892425,0.0,1714.4381035967128,3369.5051640681722
C75,2025-07-19,25985.511315763215,0.0,3369.5051640681722,1919.9930931638685
C75,2025-07-20,52571.9878541117,17.43377109058622,1919.9930931638685,1858.454103682038
C75,2025-07-21,54346.81518050062,4.179748373203552,1858.454103682038,2386.6095876732293
C75,2025-07-22,55335.52813991919,29.57594449374517,2386.6095876732293,2389.6076989034864
C75,2025-07-23,57464.743785910105,0.0,2389.6076989034864,2769.999754765746
C75,2025-07-24,55704.33725064908,0.0,2769.999754765746,2692.0951880473885
C75,2025-07-25,24901.671986593377,0.0,2692.0951880473885,2442.2787071849853
C75,2025-07-26,25419.710919272777,0.0,2442.2787071849853,2235.7292437652513
C75,2025-07-27,53455.970450044515,0.0,2235.7292437652513,2260.32293090626
C75,2025-07-28,54767.9954812167,0.0,2260.32293090626,2052.4702858048313
C75,2025-07-29,58585.563194034556,15.13473666015841,2052.4702858048313,2944.9402964511005
C75,2025-07-30,56938.94203196377,0.0,2944.9402964511005,3043.041060648902
C75,2025-07-31,54813.15308937589,0.0,3043.041060648902,2849.377295698814
C75,2025-08-01,25151.054997721676,0.0,2849.377295698814,2749.7758172104814
C75,2025-08-02,25593.323672843697,0.0,2749.7758172104814,2735.127436929964
C75,2025-08-03,44210.61595968445,111.58049599571837,2735.127436929964,1633.2659148640075
C75,2025-08-04,48652.76939164122,18.231774840718003,1633.2659148640075,2217.081419716404
C75,2025-08-05,48141.2744454973,0.0,2217.081419716404,2208.8288473761218
C75,2025-08-06,50057.26169424196,0.0,2208.8288473761218,2204.6671525597885
C75,2025-08-07,49756.56434453763,15.5160324517459,2204.6671525597885,2002.311614857397
C75,2025-08-08,24322.561338405947,0.0,2002.311614857397,2296.635274437447
C75,2025-08-09,23522.306213784243,0.0,2296.635274437447,1803.0285004670204
C75,2025-08-10,46516.176539185566,24.16687824799942,1803.0285004670204,2033.1034203645809
C75,2025-08-11,47897.8815296002,80.67612422390152,2033.1034203645809,1713.3990964735235
C75,2025-08-12,49702.097047737465,100.09825995740766,1713.3990964735235,1765.961097855185
C75,2025-08-13,46827.37552879922,121.2956605374269,1765.961097855185,1853.6069473982207
C75,2025-08-14,48388.60482217499,115.40646625389695,1853.6069473982207,1540.8542402154621
C75,2025-08-15,23943.088358462617,0.0,1540.8542402154621,1797.5247300098715
C75,2025-08-16,24445.801950865334,0.0,1797.5247300098715,1655.9922868457181
C75,2025-08-17,47174.11497685628,169.11504151366069,1655.9922868457181,1605.8347183844992
C75,2025-08-18,46598.64500668086,163.3583754261764,1605.8347183844992,1871.3386691102583
C75,2025-08-19,46545.39276126992,123.77925565022497,1871.3386691102583,1802.196027415101
C75,2025-08-20,51213.13906167126,111.51001935309273,1802.196027415101,1612.5911084067957
C75,2025-08-21,46694.13154852074,46.514817858862784,1612.5911084067957,1585.7665455375372
C75,2025-08-22,24285.858295901286,103.107085099136,1585.7665455375372,1434.1218647396274
C75,2025-08-23,24027.246275623358,0.0,1434.1218647396274,1513.3178442069805
C75,2025-08-24,45831.97690922371,2.931589880067463,1513.3178442069805,1662.7766188796952
C75,2025-08-25,54222.27810479954,49.51629276969311,1662.7766188796952,1681.9473358100645
C75,2025-08-26,47357.13658021686,12.657133387403519,1681.9473358100645,2157.8028097474826
C75,2025-08-27,49742.92976194835,31.109463692262125,2157.8028097474826,1503.2507493963253
C75,2025-08-28,51433.15332840556,106.92973236646117,1503.2507493963253,1552.4238238892688
C75,2025-08-29,25240.339797131102,0.0,1552.4238238892688,1909.9331845181487
C75,2025-08-30,23667.396864119248,0.0,1909.9331845181487,1283.9133045980248
C75,2025-08-31,47378.91762187655,69.7794611630253,1283.9133045980248,1966.6986297779524
C75,2025-09-01,47870.93214049767,0.0,1966.6986297779524,5295.520231681919
C75,2025-09-02,44702.38382751204,0.0,5295.520231681919,4960.082335710808
C75,2025-09-03,44390.13278976627,0.0,4960.082335710808,4646.902981480068
C75,2025-09-04,42113.6317372998,838.0434904828008,4646.902981480068,2701.345785164729
C75,2025-09-05,19489.97621184706,0.0,2701.345785164729,3261.9611853194333
C75,2025-09-06,16783.426411145552,0.0,3261.9611853194333,2131.3301264440815
C75,2025-09-07,41494.58334544549,411.5033170358198,2131.3301264440815,1966.4077773245288
C75,2025-09-08,51448.27393949964,2466.932554356282,1966.4077773245288,1200.0
C75,2025-09-09,40635.342574426104,161.69619815028273,1200.0,2601.7052067922477
C75,2025-09-10,44816.63523100626,52.94799280505934,2601.7052067922477,2569.060801224517
C75,2025-09-11,41094.891415169244,0.0,2569.060801224517,2346.1015066637456
C75,2025-09-12,19026.183114702497,0.0,2346.1015066637456,2543.426746653272
C75,2025-09-13,17975.70727201331,0.0,2543.426746653272,2100.379119402054
C75,2025-09-14,44366.491052190846,0.0,2100.379119402054,1689.615406912771
C75,2025-09-15,40814.65005843932,469.47539890893535,1689.615406912771,1577.8804281980822
C75,2025-09-16,44020.47349158398,8.238266666666618,1577.8804281980822,1470.2328759127017
C75,2025-09-17,42353.6245810179,7.62916666666672,1470.2328759127017,1444.4413830750507
C75,2025-09-18,43157.07031157902,156.24218012606224,1444.4413830750507,1283.7301471528647
C75,2025-09-19,18897.27336493845,0.0,1283.7301471528647,2233.304776507698
C75,2025-09-20,18120.31477233828,42.40488011881776,2233.304776507698,1742.7384353963457
C75,2025-09-21,42694.47883694487,104.74802222161422,1742.7384353963457,1551.5477495370644
C75,2025-09-22,43849.72493961132,19.555899999999838,1551.5477495370644,1303.712319653436
C75,2025-09-23,44552.93148047074,141.4680661417171,1303.712319653436,1446.7410032135624
C75,2025-09-24,42622.494770502584,0.0,1446.7410032135624,1866.587368199138
C75,2025-09-25,43686.550914119274,22.25972404712727,1866.587368199138,1224.636942309907
C75,2025-09-26,18744.113086692803,6.756495751986211,1224.636942309907,1870.1103488834488
C75,2025-09-27,18920.012647918997,45.50146970265662,1870.1103488834488,1222.6347983488354
C75,2025-09-28,45134.23111018741,5.868333333333226,1222.6347983488354,1579.5266256409298
C75,2025-09-29,48657.74211681331,858.0155498366594,1579.5266256409298,1265.657197856714
C75,2025-09-30,46135.57475649832,103.22635882888851,1265.657197856714,1212.3533481000816
C75,2025-10-01,40300.71056473357,0.0,1212.3533481000816,3071.4840247533316
C75,2025-10-02,41027.42906121041,0.0,3071.4840247533316,2922.822510550224
C75,2025-10-03,16206.353672249088,0.0,2922.822510550224,3094.931698144516
C75,2025-10-04,16389.637863086515,0.0,3094.931698144516,2414.2631946415427
C75,2025-10-05,39795.681437903266,0.0,2414.2631946415427,2149.1420159175796
C75,2025-10-06,39711.63584992542,0.0,2149.1420159175796,2032.8444407081768
C75,2025-10-07,40674.200306384155,0.0,2032.8444407081768,2186.6381569426567
C75,2025-10-08,39843.436189540764,511.4594375724458,2186.6381569426567,1292.5109212078219
C75,2025-10-09,41674.45667133349,153.22135351841547,1292.5109212078219,1454.9412757405444
C75,2025-10-10,16531.42221130849,0.0,1454.9412757405444,1418.8768939655527
C75,2025-10-11,16767.473788906438,25.50611114797772,1418.8768939655527,1551.9283152912928
C75,2025-10-12,40218.420148590696,20.929933333333224,1551.9283152912928,1417.570115695005
C75,2025-10-13,41209.678684084414,0.0,1417.570115695005,1678.5256516534162
C75,2025-10-14,42138.706605713116,0.0,1678.5256516534162,1333.9234587674555
C75,2025-10-15,42902.50455320262,0.0,1333.9234587674555,1575.813363170866
C75,2025-10-16,43273.6965873302,0.0,1575.813363170866,1588.4041400906174
C75,2025-10-17,17025.438321131984,0.0,1588.4041400906174,1481.4787149450335
C75,2025-10-18,17294.450327838767,0.0,1481.4787149450335,1869.265869743571
C75,2025-10-19,43353.646231907886,26.801932123722896,1869.265869743571,1443.4456618755883
C75,2025-10-20,45611.86069150212,0.0,1443.4456618755883,1332.0437839126078
C75,2025-10-21,46141.58332554231,0.0,1332.0437839126078,1658.6146972693732
C75,2025-10-22,45351.36237089354,206.33214285451706,1658.6146972693732,1294.682630557808
C75,2025-10-23,47178.870876361485,0.0,1294.682630557808,1435.462009096192
C75,2025-10-24,18177.803473091168,131.731688824223,1435.462009096192,1402.648966811985
C75,2025-10-25,17566.00375767338,0.0,1402.648966811985,1350.9371258145065
C75,2025-10-26,45329.591021199325,0.0,1350.9371258145065,1654.7940267767653
C75,2025-10-27,46624.64007171153,10.425936116709181,1654.7940267767653,1410.9474322179885
C75,2025-10-28,46496.528400696894,0.0,1410.9474322179885,1611.1987689254186
C75,2025-10-29,49631.18627132875,259.2297563671019,1611.1987689254186,1288.7407855294211
C75,2025-10-30,45011.78089805977,36.722065452341965,1288.7407855294211,1215.4532281323
C75,2025-10-31,18799.064035454667,86.25132451900922,1215.4532281323,1483.6409461781202
C75,2025-11-01,18123.379734879552,0.0,1483.6409461781202,1797.9624077454848
C75,2025-11-02,50146.208922749334,216.26972667942601,1797.9624077454848,1426.1854362501688
C75,2025-11-03,48949.94357737923,0.0,1426.1854362501688,1697.264056858858
C75,2025-11-04,47516.16157822595,90.49790606626493,1697.264056858858,1369.9425842162643
C75,2025-11-05,49593.286977234646,0.0,1369.9425842162643,1647.601300697323
C75,2025-11-06,49854.874513970615,0.0,1647.601300697323,1341.534163565471
C75,2025-11-07,18694.444505862706,0.0,1341.534163565471,1693.7128339707062
C75,2025-11-08,18694.464469690676,0.0,1693.7128339707062,1780.4898007156314
C75,2025-11-09,49221.23964173803,0.0,1780.4898007156314,1563.4072475034268
C75,2025-11-10,51973.53470828337,0.0,1563.4072475034268,1428.8661974523227
C75,2025-11-11,50841.56695667561,1.0027956012334016,1428.8661974523227,1637.2384463727412
C75,2025-11-12,50573.89778739431,0.0,1637.2384463727412,1655.3498511957098
C75,2025-11-13,50195.67964520786,2.0105333333332283,1655.3498511957098,1644.824670692528
C75,2025-11-14,19105.042232682197,0.0,1644.824670692528,1992.3504228554445
C75,2025-11-15,20262.30812209337,0.0,1992.3504228554445,1690.7628628823059
C75,2025-11-16,51363.67515594957,0.0,1690.7628628823059,1546.4694340969302
C75,2025-11-17,52347.4590322474,0.0,1546.4694340969302,1815.806348944682
C75,2025-11-18,50947.566777259286,0.0,1815.806348944682,1380.2158219704174
C75,2025-11-19,53533.61862888325,0.0,1380.2158219704174,1521.9916349947766
C75,2025-11-20,51181.35560848871,0.0,1521.9916349947766,1649.4336981441809
C75,2025-11-21,19735.42105712347,0.0,1649.4336981441809,1976.1471264800057
C75,2025-11-22,21326.927210266524,0.0,1976.1471264800057,1790.6941663430773
C75,2025-11-23,52056.62975138734,0.0,1790.6941663430773,1656.4459737094223
C75,2025-11-24,50808.14744394983,18.839666666666517,1656.4459737094223,1387.5206832429983
C75,2025-11-25,55797.11458698431,0.0,1387.5206832429983,1671.042198010702
C75,2025-11-26,54433.369432453466,32.993166666666525,1671.042198010702,1970.3856902033856
C75,2025-11-27,52839.289905930484,0.0,1970.3856902033856,1865.985900689818
C75,2025-11-28,20184.477614834854,0.0,1865.985900689818,1956.2226177543619
C75,2025-11-29,23343.24477535405,0.0,1956.2226177543619,1766.5941005886198
C75,2025-11-30,55235.55855172521,6.0628333333332876,1766.5941005886198,1544.1868872318619
C75,2025-12-01,74553.43653529415,3381.540259405595,1544.1868872318619,1638.064605778692
C75,2025-12-02,72400.35450767547,2493.0690138547366,1638.064605778692,1270.0611056759844
C75,2025-12-03,68589.89303245398,1789.9220093424258,1270.0611056759844,1583.8227647722983
C75,2025-12-04,67226.0273254061,983.5492368504109,1583.8227647722983,2537.074622882743
C75,2025-12-05,26170.62169867093,0.0,2537.074622882743,2697.9004453483894
C75,2025-12-06,27012.84887692784,0.0,2697.9004453483894,2190.8759084217786
C75,2025-12-07,63639.138371050714,279.41386081469454,2190.8759084217786,1797.458340223571
C75,2025-12-08,66504.3331785024,0.0,1797.458340223571,2255.1734312533727
C75,2025-12-09,61556.37452599484,72.88450409457357,2255.1734312533727,1568.6759190155142
C75,2025-12-10,62363.56753818883,395.6847046094522,1568.6759190155142,1552.4279285067728
C75,2025-12-11,60971.754901672815,0.0,1552.4279285067728,1721.8426966742827
C75,2025-12-12,26909.785003612174,0.0,1721.8426966742827,1772.605620878468
C75,2025-12-13,26518.21662149328,0.0,1772.605620878468,1812.953470196596
C75,2025-12-14,63070.14764209387,430.8232781068912,1812.953470196596,1572.8692847018892
C75,2025-12-15,62366.45743893494,0.0,1572.8692847018892,1807.4745138003748
C75,2025-12-16,62583.861788142116,0.0,1807.4745138003748,1667.3265619152473
C75,2025-12-17,61931.91852380985,2.444433333333336,1667.3265619152473,1705.8634411014652
C75,2025-12-18,61080.87022677647,0.0,1705.8634411014652,1790.3833811559186
C75,2025-12-19,25945.694734348133,0.0,1790.3833811559186,1496.5493862273165
C75,2025-12-20,26300.142656538563,0.0,1496.5493862273165,1758.5153206626965
C75,2025-12-21,62833.30391945888,30.59255764680529,1758.5153206626965,1636.0663942494637
C75,2025-12-22,61607.932124551735,0.0,1636.0663942494637,1577.9621378502375
C75,2025-12-23,62135.3546530219,0.0,1577.9621378502375,1941.3026616598677
C75,2025-12-24,62033.148867961616,0.0,1941.3026616598677,1679.4196900521608
C75,2025-12-25,61654.83510581857,0.0,1679.4196900521608,1662.993758936105
C75,2025-12-26,26699.182793793098,0.0,1662.993758936105,2136.7475521808783
C75,2025-12-27,26586.68764556388,0.0,2136.7475521808783,1920.0478263350153
C75,2025-12-28,61628.064739792535,0.0,1920.0478263350153,2038.9933712284057
C75,2025-12-29,62797.587868271825,0.0,2038.9933712284057,1589.078967663114
C75,2025-12-30,62167.941772105696,0.0,1589.078967663114,1886.848729387596
C75,2025-12-31,62845.10118022944,0.0,1886.848729387596,1501.3376138672306
