group,date,update_hour,kind,objective_yuan,mip_gap,seconds,max_violation_kWh,n_intervals,context
B2,2025-02-01,0,plan,23915.343952607305,0.0,0.021565500181168318,9.094947017729282e-13,144,B2 2025-02-01 00:00 plan
B2,2025-02-01,6,revision,12107.62425909005,0.0,0.027008800068870187,9.094947017729282e-13,109,B2 2025-02-01 06:00
B2,2025-02-01,12,revision,12198.80345306152,0.0,0.021647999994456768,1.7743523480153976e-11,73,B2 2025-02-01 12:00
B2,2025-02-01,18,revision,5499.981838408503,0.0,0.011963600059971213,1.5916157281026244e-12,37,B2 2025-02-01 18:00
B2,2025-02-02,0,plan,59235.945758959744,0.0,0.023325700080022216,7.958078640513122e-13,144,B2 2025-02-02 00:00 plan
B2,2025-02-02,6,revision,43836.517288331655,0.0,0.012778599979355931,9.094947017729282e-13,109,B2 2025-02-02 06:00
B2,2025-02-02,12,revision,31909.789131993297,0.0,0.015055800089612603,8.810729923425242e-13,73,B2 2025-02-02 12:00
B2,2025-02-02,18,revision,13577.582755056123,0.0,0.012568900128826499,1.2505552149377763e-12,37,B2 2025-02-02 18:00
B2,2025-02-03,0,plan,60249.00122362582,0.0,0.013268099864944816,7.958078640513122e-13,144,B2 2025-02-03 00:00 plan
B2,2025-02-03,6,revision,44168.7730477706,0.0,0.022008500061929226,8.526512829121202e-13,109,B2 2025-02-03 06:00
B2,2025-02-03,12,revision,32433.99186780787,0.0,0.016815799986943603,7.958078640513122e-13,73,B2 2025-02-03 12:00
B2,2025-02-03,18,revision,13423.695283930505,0.0,0.012175299925729632,1.3642420526593924e-12,37,B2 2025-02-03 18:00
B2,2025-02-04,0,plan,60408.32755348552,0.0,0.029110000003129244,1.295260195396016e-12,144,B2 2025-02-04 00:00 plan
B2,2025-02-04,6,revision,44815.57845361229,0.0,0.020251099951565266,4.838722015657975e-10,109,B2 2025-02-04 06:00
B2,2025-02-04,12,revision,32124.201681747905,0.0,0.014334900071844459,6.252776074688882e-13,73,B2 2025-02-04 12:00
B2,2025-02-04,18,revision,12692.894357413468,0.0,0.00844809995032847,2.7284841053187847e-12,37,B2 2025-02-04 18:00
B2,2025-02-05,0,plan,56574.06268837602,0.0,0.018067300086840987,8.526512829121202e-13,144,B2 2025-02-05 00:00 plan
B2,2025-02-05,6,revision,42862.90952013713,0.0,0.019765299977734685,7.771561172376096e-12,109,B2 2025-02-05 06:00
B2,2025-02-05,12,revision,30437.88310023775,0.0,0.02210110006853938,1.4779288903810084e-12,73,B2 2025-02-05 12:00
B2,2025-02-05,18,revision,12844.90644947101,0.0,0.008556599961593747,4.547473508864641e-13,37,B2 2025-02-05 18:00
B2,2025-02-06,0,plan,60267.934236880865,1.2072684598057643e-16,0.012234100140631199,9.094947017729282e-13,144,B2 2025-02-06 00:00 plan
B2,2025-02-06,6,revision,44031.36073359909,0.0,0.011308299843221903,3.637978807091713e-12,109,B2 2025-02-06 06:00
B2,2025-02-06,12,revision,31772.474701362753,0.0,0.014510800130665302,1.8503717077085944e-12,73,B2 2025-02-06 12:00
B2,2025-02-06,18,revision,12834.967714358503,0.0,0.00795050011947751,7.958078640513122e-13,37,B2 2025-02-06 18:00
B2,2025-02-07,0,plan,24274.69040551397,0.0,0.02611320000141859,7.958078640513122e-13,144,B2 2025-02-07 00:00 plan
B2,2025-02-07,6,revision,11601.582871590224,0.0,0.025501699885353446,2.6147972675971687e-12,109,B2 2025-02-07 06:00
B2,2025-02-07,12,revision,10679.217105810212,0.0,0.024972100043669343,1.3642420526593924e-12,73,B2 2025-02-07 12:00
B2,2025-02-07,18,revision,4984.380848889159,0.0,0.011083699995651841,6.821210263296962e-13,37,B2 2025-02-07 18:00
B2,2025-02-08,0,plan,19473.43316710671,0.0,0.03493630001321435,1.698953939094445e-11,144,B2 2025-02-08 00:00 plan
B2,2025-02-08,6,revision,9657.170911395291,0.0,0.017690900014713407,7.958078640513122e-13,109,B2 2025-02-08 06:00
B2,2025-02-08,12,revision,9405.524115419603,3.8679171542684564e-16,0.02988560008816421,1.1652900866465643e-12,73,B2 2025-02-08 12:00
B2,2025-02-08,18,revision,5084.3047222691575,0.0,0.007854700088500977,1.0231815394945443e-12,37,B2 2025-02-08 18:00
B2,2025-02-09,0,plan,58305.747649596095,1.2478971469348492e-16,0.01228250004351139,9.094947017729282e-13,144,B2 2025-02-09 00:00 plan
B2,2025-02-09,6,revision,43482.40036252228,0.0,0.02745590009726584,1.5916157281026244e-12,109,B2 2025-02-09 06:00
B2,2025-02-09,12,revision,30285.656002098072,0.0,0.015260400017723441,5.736152293896643e-12,73,B2 2025-02-09 12:00
B2,2025-02-09,18,revision,12999.948871609962,0.0,0.007600199896842241,2.9558577807620168e-12,37,B2 2025-02-09 18:00
B2,2025-02-10,0,plan,55327.683130377794,0.0,0.013873400166630745,1.0231815394945443e-12,144,B2 2025-02-10 00:00 plan
B2,2025-02-10,6,revision,38195.22608493077,0.0,0.019713900052011013,9.094947017729282e-13,109,B2 2025-02-10 06:00
B2,2025-02-10,12,revision,29781.29475727867,0.0,0.014460999984294176,1.1102230246251565e-12,73,B2 2025-02-10 12:00
B2,2025-02-10,18,revision,13088.916721384105,0.0,0.007476900005713105,1.3642420526593924e-12,37,B2 2025-02-10 18:00
B2,2025-02-11,0,plan,56078.72399002458,0.0,0.028406300116330385,9.094947017729282e-13,144,B2 2025-02-11 00:00 plan
B2,2025-02-11,6,revision,39722.41057713719,0.0,0.0228341999463737,9.094947017729282e-13,109,B2 2025-02-11 06:00
B2,2025-02-11,12,revision,30195.443588917115,0.0,0.0144726000726223,6.106226635438361e-12,73,B2 2025-02-11 12:00
B2,2025-02-11,18,revision,13051.510546849542,0.0,0.008149300003424287,3.410605131648481e-13,37,B2 2025-02-11 18:00
B2,2025-02-12,0,plan,55282.424105191916,0.0,0.013377000112086535,9.094947017729282e-13,144,B2 2025-02-12 00:00 plan
B2,2025-02-12,6,revision,38807.33725587652,0.0,0.022911899955943227,1.8503717077085944e-12,109,B2 2025-02-12 06:00
B2,2025-02-12,12,revision,29428.088748336224,0.0,0.015368800144642591,3.3306690738754696e-12,73,B2 2025-02-12 12:00
B2,2025-02-12,18,revision,12882.122700314398,0.0,0.007730300072580576,1.8189894035458565e-12,37,B2 2025-02-12 18:00
B2,2025-02-13,0,plan,51706.1083952157,0.0,0.024136600084602833,9.094947017729282e-13,144,B2 2025-02-13 00:00 plan
B2,2025-02-13,6,revision,35760.798294476925,0.0,0.018860999960452318,3.497202527569243e-11,109,B2 2025-02-13 06:00
B2,2025-02-13,12,revision,28146.05196979397,0.0,0.012509699910879135,6.821210263296962e-13,73,B2 2025-02-13 12:00
B2,2025-02-13,18,revision,12979.685936158357,0.0,0.007998200133442879,1.8189894035458565e-12,37,B2 2025-02-13 18:00
B2,2025-02-14,0,plan,20263.554397539232,0.0,0.04290529992431402,2.2453150450019166e-12,144,B2 2025-02-14 00:00 plan
B2,2025-02-14,6,revision,9660.573084151121,0.0,0.024395700078457594,9.663381206337363e-13,109,B2 2025-02-14 06:00
B2,2025-02-14,12,revision,9633.513499515464,0.0,0.014276199974119663,9.663381206337363e-13,73,B2 2025-02-14 12:00
B2,2025-02-14,18,revision,5126.829611612906,0.0,0.007518300088122487,8.526512829121202e-13,37,B2 2025-02-14 18:00
B2,2025-02-15,0,plan,19730.51848958671,0.0,0.030149800004437566,2.8137492336099967e-12,144,B2 2025-02-15 00:00 plan
B2,2025-02-15,6,revision,8923.108145103562,0.0,0.02728649997152388,1.3642420526593924e-12,109,B2 2025-02-15 06:00
B2,2025-02-15,12,revision,9005.705191777859,0.0,0.014680600026622415,9.094947017729282e-13,73,B2 2025-02-15 12:00
B2,2025-02-15,18,revision,4922.998149609854,0.0,0.00821410003118217,9.094947017729282e-13,37,B2 2025-02-15 18:00
B2,2025-02-16,0,plan,55054.05663869324,0.0,0.012609499972313643,9.094947017729282e-13,144,B2 2025-02-16 00:00 plan
B2,2025-02-16,6,revision,38068.44393982457,0.0,0.022086799843236804,9.094947017729282e-13,109,B2 2025-02-16 06:00
B2,2025-02-16,12,revision,28695.026562835257,0.0,0.014163099927827716,9.094947017729282e-13,73,B2 2025-02-16 12:00
B2,2025-02-16,18,revision,13442.499649913303,0.0,0.007616200018674135,1.8189894035458565e-12,37,B2 2025-02-16 18:00
B2,2025-02-17,0,plan,54240.04090426146,0.0,0.03449920006096363,1.1368683772161603e-12,144,B2 2025-02-17 00:00 plan
B2,2025-02-17,6,revision,37413.066394671325,0.0,0.024605100043118,9.094947017729282e-13,109,B2 2025-02-17 06:00
B2,2025-02-17,12,revision,27787.67474413446,0.0,0.015165300108492374,8.171241461241152e-13,73,B2 2025-02-17 12:00
B2,2025-02-17,18,revision,12620.388903031317,0.0,0.012628699885681272,2.5011104298755527e-12,37,B2 2025-02-17 18:00
B2,2025-02-18,0,plan,48792.219285522086,0.0,0.01959180017001927,2.4014396298099394e-12,144,B2 2025-02-18 00:00 plan
B2,2025-02-18,6,revision,34960.59294629664,0.0,0.030383399920538068,1.6200374375330284e-12,109,B2 2025-02-18 06:00
B2,2025-02-18,12,revision,26373.858679630142,0.0,0.015844800043851137,1.1842378929335004e-11,73,B2 2025-02-18 12:00
B2,2025-02-18,18,revision,13104.82287641513,0.0,0.012483299942687154,5.684341886080801e-13,37,B2 2025-02-18 18:00
B2,2025-02-19,0,plan,48470.26555316979,0.0,0.021978700067847967,9.663381206337363e-13,144,B2 2025-02-19 00:00 plan
B2,2025-02-19,6,revision,34124.326605831266,0.0,0.019874899880960584,9.094947017729282e-13,109,B2 2025-02-19 06:00
B2,2025-02-19,12,revision,27954.701077095146,0.0,0.012634299928322434,9.094947017729282e-13,73,B2 2025-02-19 12:00
B2,2025-02-19,18,revision,12685.12893860909,0.0,0.008325899951159954,1.8189894035458565e-12,37,B2 2025-02-19 18:00
B2,2025-02-20,0,plan,51119.630277925935,0.0,0.014924600021913648,1.0231815394945443e-12,144,B2 2025-02-20 00:00 plan
B2,2025-02-20,6,revision,36775.04098291366,0.0,0.023715399904176593,1.0231815394945443e-12,109,B2 2025-02-20 06:00
B2,2025-02-20,12,revision,26971.70592018697,0.0,0.014736199984326959,1.0231815394945443e-12,73,B2 2025-02-20 12:00
B2,2025-02-20,18,revision,12938.672616548256,0.0,0.00819480000063777,1.0231815394945443e-12,37,B2 2025-02-20 18:00
B2,2025-02-21,0,plan,18213.76334205815,0.0,0.04474920011125505,1.0231815394945443e-12,144,B2 2025-02-21 00:00 plan
B2,2025-02-21,6,revision,8171.7990045533525,0.0,0.04026549984700978,6.002665031701326e-11,109,B2 2025-02-21 06:00
B2,2025-02-21,12,revision,8295.588216844057,0.0,0.013852400006726384,9.094947017729282e-13,73,B2 2025-02-21 12:00
B2,2025-02-21,18,revision,4966.086200538552,0.0,0.007814999902620912,7.958078640513122e-13,37,B2 2025-02-21 18:00
B2,2025-02-22,0,plan,18290.79218281996,0.0,0.028972200118005276,8.881784197001252e-12,144,B2 2025-02-22 00:00 plan
B2,2025-02-22,6,revision,8955.985159663087,0.0,0.04141080006957054,1.5347723092418164e-12,109,B2 2025-02-22 06:00
B2,2025-02-22,12,revision,8553.460020548862,0.0,0.04340580012649298,1.3642420526593924e-12,73,B2 2025-02-22 12:00
B2,2025-02-22,18,revision,5122.957838696467,0.0,0.007984300144016743,6.821210263296962e-13,37,B2 2025-02-22 18:00
B2,2025-02-23,0,plan,49436.57451348189,0.0,0.03491570008918643,2.220446049250313e-12,144,B2 2025-02-23 00:00 plan
B2,2025-02-23,6,revision,35564.67309919395,0.0,0.023558299988508224,1.2505552149377763e-12,109,B2 2025-02-23 06:00
B2,2025-02-23,12,revision,27092.642403079204,0.0,0.014771400019526482,2.7755575615628914e-12,73,B2 2025-02-23 12:00
B2,2025-02-23,18,revision,12549.667549496657,0.0,0.012380399974063039,6.821210263296962e-13,37,B2 2025-02-23 18:00
B2,2025-02-24,0,plan,48138.83499734425,0.0,0.023606899892911315,9.094947017729282e-13,144,B2 2025-02-24 00:00 plan
B2,2025-02-24,6,revision,34161.49157207518,0.0,0.02981760003603995,2.1369572777985013e-12,109,B2 2025-02-24 06:00
B2,2025-02-24,12,revision,26408.385612617414,0.0,0.015341399936005473,1.2505552149377763e-12,73,B2 2025-02-24 12:00
B2,2025-02-24,18,revision,12922.514815426268,0.0,0.00804960005916655,9.094947017729282e-13,37,B2 2025-02-24 18:00
B2,2025-02-25,0,plan,49361.73663196795,0.0,0.023392700124531984,8.526512829121202e-13,144,B2 2025-02-25 00:00 plan
B2,2025-02-25,6,revision,34425.051382933445,0.0,0.02173230005428195,7.958078640513122e-13,109,B2 2025-02-25 06:00
B2,2025-02-25,12,revision,26141.537441002507,0.0,0.014093999983742833,2.220446049250313e-12,73,B2 2025-02-25 12:00
B2,2025-02-25,18,revision,12739.49287213633,0.0,0.007351900218054652,1.8189894035458565e-12,37,B2 2025-02-25 18:00
B2,2025-02-26,0,plan,44373.450738987165,0.0,0.03223840007558465,3.3306690738754696e-12,144,B2 2025-02-26 00:00 plan
B2,2025-02-26,6,revision,31256.76342407595,0.0,0.021503300173208117,6.47630097698008e-12,109,B2 2025-02-26 06:00
B2,2025-02-26,12,revision,27267.4635178685,0.0,0.013914000010117888,1.1102230246251565e-12,73,B2 2025-02-26 12:00
B2,2025-02-26,18,revision,12833.094435554282,0.0,0.008527799975126982,5.684341886080801e-13,37,B2 2025-02-26 18:00
B2,2025-02-27,0,plan,45678.94631986654,0.0,0.03055599983781576,2.4054832200211726e-12,144,B2 2025-02-27 00:00 plan
B2,2025-02-27,6,revision,32041.885871912855,0.0,0.01967539987526834,9.251858538542972e-13,109,B2 2025-02-27 06:00
B2,2025-02-27,12,revision,25710.967003333106,0.0,0.014378299936652184,8.753830993413203e-13,73,B2 2025-02-27 12:00
B2,2025-02-27,18,revision,12789.021120046065,0.0,0.008315500104799867,4.547473508864641e-13,37,B2 2025-02-27 18:00
B2,2025-02-28,0,plan,17792.60168346682,0.0,0.03890380007214844,2.756629772928339e-12,144,B2 2025-02-28 00:00 plan
B2,2025-02-28,6,revision,8140.507467245655,0.0,0.030865299981087446,8.29404053092813e-12,109,B2 2025-02-28 06:00
B2,2025-02-28,12,revision,8267.121523372824,0.0,0.01681459997780621,1.8189894035458565e-12,73,B2 2025-02-28 12:00
B2,2025-02-28,18,revision,4871.327445653992,0.0,0.010142099810764194,9.094947017729282e-13,37,B2 2025-02-28 18:00
B2,2025-03-01,0,plan,19707.500828831708,0.0,0.03298500017262995,2.1316282072803006e-12,144,B2 2025-03-01 00:00 plan
B2,2025-03-01,6,revision,8613.88778767727,0.0,0.03551740013062954,2.735219458334844e-09,109,B2 2025-03-01 06:00
B2,2025-03-01,12,revision,8605.978448297376,0.0,0.026993900071829557,1.9326762412674725e-12,73,B2 2025-03-01 12:00
B2,2025-03-01,18,revision,4904.488536808749,0.0,0.032618600176647305,7.958078640513122e-13,37,B2 2025-03-01 18:00
B2,2025-03-02,0,plan,48944.29861189719,0.0,0.027417999925091863,2.0463630789890885e-12,144,B2 2025-03-02 00:00 plan
B2,2025-03-02,6,revision,36642.25003444685,0.0,0.021897500148043036,9.094947017729282e-13,109,B2 2025-03-02 06:00
B2,2025-03-02,12,revision,28197.771150806144,0.0,0.012763400096446276,2.627527824946204e-10,73,B2 2025-03-02 12:00
B2,2025-03-02,18,revision,12281.130576659716,0.0,0.012705799890682101,6.821210263296962e-13,37,B2 2025-03-02 18:00
B2,2025-03-03,0,plan,51249.24401552278,0.0,0.011427999939769506,9.094947017729282e-13,144,B2 2025-03-03 00:00 plan
B2,2025-03-03,6,revision,36658.61018577335,0.0,0.01881929999217391,9.094947017729282e-13,109,B2 2025-03-03 06:00
B2,2025-03-03,12,revision,28249.894265998293,0.0,0.012235800037160516,9.094947017729282e-13,73,B2 2025-03-03 12:00
B2,2025-03-03,18,revision,12486.54429107828,0.0,0.012648100033402443,9.094947017729282e-13,37,B2 2025-03-03 18:00
B2,2025-03-04,0,plan,45425.19553122814,0.0,0.025792700005695224,7.389644451905042e-13,144,B2 2025-03-04 00:00 plan
B2,2025-03-04,6,revision,33240.18008129269,0.0,0.0278288999106735,1.8189894035458565e-12,109,B2 2025-03-04 06:00
B2,2025-03-04,12,revision,25330.063235798985,0.0,0.020164099987596273,1.3642420526593924e-12,73,B2 2025-03-04 12:00
B2,2025-03-04,18,revision,12761.625855864124,0.0,0.008143400074914098,5.684341886080801e-13,37,B2 2025-03-04 18:00
B2,2025-03-05,0,plan,48053.94708353696,0.0,0.024337499868124723,1.0231815394945443e-12,144,B2 2025-03-05 00:00 plan
B2,2025-03-05,6,revision,33367.202459400614,0.0,0.025215100031346083,1.0231815394945443e-12,109,B2 2025-03-05 06:00
B2,2025-03-05,12,revision,26172.31510479324,0.0,0.02411490003578365,1.0231815394945443e-12,73,B2 2025-03-05 12:00
B2,2025-03-05,18,revision,13178.808727343323,0.0,0.008693299954757094,1.0231815394945443e-12,37,B2 2025-03-05 18:00
B2,2025-03-06,0,plan,44510.27743706967,0.0,0.03432600013911724,9.094947017729282e-13,144,B2 2025-03-06 00:00 plan
B2,2025-03-06,6,revision,31167.031114104106,0.0,0.021231999853625894,9.094947017729282e-13,109,B2 2025-03-06 06:00
B2,2025-03-06,12,revision,26172.043350644286,0.0,0.01546680019237101,1.4802973661668755e-11,73,B2 2025-03-06 12:00
B2,2025-03-06,18,revision,12779.036429337373,0.0,0.00920489989221096,9.094947017729282e-13,37,B2 2025-03-06 18:00
B2,2025-03-07,0,plan,17940.50593775072,0.0,0.03105310001410544,5.4215891035861815e-11,144,B2 2025-03-07 00:00 plan
B2,2025-03-07,6,revision,8497.785187429563,0.0,0.051277599995955825,2.3305801732931286e-12,109,B2 2025-03-07 06:00
B2,2025-03-07,12,revision,8485.18740675447,0.0,0.011088400147855282,2.0463630789890885e-12,73,B2 2025-03-07 12:00
B2,2025-03-07,18,revision,4898.704418541945,0.0,0.009193900041282177,7.958078640513122e-13,37,B2 2025-03-07 18:00
B2,2025-03-08,0,plan,16170.530282844189,1.1248792536356574e-16,0.045055000111460686,2.7853275241795927e-12,144,B2 2025-03-08 00:00 plan
B2,2025-03-08,6,revision,8111.519397776527,0.0,0.029909600038081408,3.3621923721210007e-12,109,B2 2025-03-08 06:00
B2,2025-03-08,12,revision,7972.920853837871,0.0,0.01445170002989471,9.094947017729282e-13,73,B2 2025-03-08 12:00
B2,2025-03-08,18,revision,4924.292323871854,0.0,0.007911500055342913,6.821210263296962e-13,37,B2 2025-03-08 18:00
B2,2025-03-09,0,plan,47062.47909915469,0.0,0.021014399826526642,7.389644451905042e-13,144,B2 2025-03-09 00:00 plan
B2,2025-03-09,6,revision,30803.674413923574,0.0,0.020094000035896897,2.1600499167107046e-12,109,B2 2025-03-09 06:00
B2,2025-03-09,12,revision,26015.99990880194,0.0,0.014255800051614642,9.094947017729282e-13,73,B2 2025-03-09 12:00
B2,2025-03-09,18,revision,12836.344610988695,0.0,0.008112400071695447,1.8189894035458565e-12,37,B2 2025-03-09 18:00
B2,2025-03-10,0,plan,45052.28434029288,0.0,0.02123020007275045,8.242295734817162e-13,144,B2 2025-03-10 00:00 plan
B2,2025-03-10,6,revision,32435.898018488464,0.0,0.022992600221186876,6.759407848259495e-10,109,B2 2025-03-10 06:00
B2,2025-03-10,12,revision,26397.211119722055,0.0,0.013186000054702163,9.094947017729282e-13,73,B2 2025-03-10 12:00
B2,2025-03-10,18,revision,13009.909721219818,0.0,0.007605099817737937,1.9326762412674725e-12,37,B2 2025-03-10 18:00
B2,2025-03-11,0,plan,40411.804224078354,0.0,0.03566819988191128,6.782528221870034e-12,144,B2 2025-03-11 00:00 plan
B2,2025-03-11,6,revision,34288.56893241208,0.0,0.020504600135609508,4.440892098500626e-12,109,B2 2025-03-11 06:00
B2,2025-03-11,12,revision,25724.899680934355,0.0,0.02299129986204207,1.8189894035458565e-12,73,B2 2025-03-11 12:00
B2,2025-03-11,18,revision,13011.214347523473,0.0,0.011298400117084384,1.8189894035458565e-12,37,B2 2025-03-11 18:00
B2,2025-03-12,0,plan,46325.88420975508,0.0,0.024779499974101782,9.094947017729282e-13,144,B2 2025-03-12 00:00 plan
B2,2025-03-12,6,revision,30147.22314586541,0.0,0.01951709995046258,8.242295734817162e-13,109,B2 2025-03-12 06:00
B2,2025-03-12,12,revision,26424.278468861314,0.0,0.014309299876913428,9.094947017729282e-13,73,B2 2025-03-12 12:00
B2,2025-03-12,18,revision,12997.571247754184,0.0,0.008471400011330843,1.2505552149377763e-12,37,B2 2025-03-12 18:00
B2,2025-03-13,0,plan,46134.6697248907,0.0,0.025443999795243144,9.094947017729282e-13,144,B2 2025-03-13 00:00 plan
B2,2025-03-13,6,revision,33501.7384007774,0.0,0.02856220002286136,1.3642420526593924e-12,109,B2 2025-03-13 06:00
B2,2025-03-13,12,revision,26280.930149286407,0.0,0.015034900046885014,8.100187187665142e-13,73,B2 2025-03-13 12:00
B2,2025-03-13,18,revision,12925.022291173835,0.0,0.009507300099357963,1.8189894035458565e-12,37,B2 2025-03-13 18:00
B2,2025-03-14,0,plan,16590.67674763917,0.0,0.02848830004222691,5.551115123125783e-12,144,B2 2025-03-14 00:00 plan
B2,2025-03-14,6,revision,8481.251389590794,0.0,0.057802699971944094,1.7053025658242404e-12,109,B2 2025-03-14 06:00
B2,2025-03-14,12,revision,8255.670773706486,4.40664230298321e-16,0.010052199941128492,9.094947017729282e-13,73,B2 2025-03-14 12:00
B2,2025-03-14,18,revision,5007.32828987854,0.0,0.0073801998514682055,1.0231815394945443e-12,37,B2 2025-03-14 18:00
B2,2025-03-15,0,plan,16005.840889252268,0.0,0.04395289998501539,1.2631870857957336e-12,144,B2 2025-03-15 00:00 plan
B2,2025-03-15,6,revision,8537.240652816257,0.0,0.025395100004971027,1.0231815394945443e-12,109,B2 2025-03-15 06:00
B2,2025-03-15,12,revision,8289.433806348026,0.0,0.009930799948051572,1.0231815394945443e-12,73,B2 2025-03-15 12:00
B2,2025-03-15,18,revision,4997.003267805675,0.0,0.007862000027671456,1.0231815394945443e-12,37,B2 2025-03-15 18:00
B2,2025-03-16,0,plan,44446.70920054378,0.0,0.022771499818190932,9.094947017729282e-13,144,B2 2025-03-16 00:00 plan
B2,2025-03-16,6,revision,32295.257190030658,0.0,0.022581900004297495,8.526512829121202e-13,109,B2 2025-03-16 06:00
B2,2025-03-16,12,revision,26595.434408611247,0.0,0.014546300051733851,1.2505552149377763e-12,73,B2 2025-03-16 12:00
B2,2025-03-16,18,revision,13009.50065376685,0.0,0.007675499888136983,9.094947017729282e-13,37,B2 2025-03-16 18:00
B2,2025-03-17,0,plan,40706.349580673574,0.0,0.021027599927037954,8.970602038971265e-13,144,B2 2025-03-17 00:00 plan
B2,2025-03-17,6,revision,25537.994886602308,0.0,0.024675399996340275,1.5347723092418164e-12,109,B2 2025-03-17 06:00
B2,2025-03-17,12,revision,25389.685100007202,0.0,0.01553030009381473,9.094947017729282e-13,73,B2 2025-03-17 12:00
B2,2025-03-17,18,revision,13045.175224768476,0.0,0.007811300223693252,6.821210263296962e-13,37,B2 2025-03-17 18:00
B2,2025-03-18,0,plan,47187.63743224639,0.0,0.013866000110283494,9.094947017729282e-13,144,B2 2025-03-18 00:00 plan
B2,2025-03-18,6,revision,32416.655091891673,0.0,0.018584900069981813,2.2737367544323206e-12,109,B2 2025-03-18 06:00
B2,2025-03-18,12,revision,25162.860274636732,0.0,0.014088999945670366,3.3306690738754696e-12,73,B2 2025-03-18 12:00
B2,2025-03-18,18,revision,12879.08905993984,0.0,0.007506599882617593,1.5158245029548803e-12,37,B2 2025-03-18 18:00
B2,2025-03-19,0,plan,38841.41926557246,0.0,0.024717899970710278,3.700743415417189e-12,144,B2 2025-03-19 00:00 plan
B2,2025-03-19,6,revision,30341.246438269132,0.0,0.0200547999702394,1.4988010832439613e-11,109,B2 2025-03-19 06:00
B2,2025-03-19,12,revision,24357.220778246206,0.0,0.020355500048026443,3.1456319031046105e-12,73,B2 2025-03-19 12:00
B2,2025-03-19,18,revision,13070.310409010124,0.0,0.007912399945780635,2.5011104298755527e-12,37,B2 2025-03-19 18:00
B2,2025-03-20,0,plan,43781.416650917265,0.0,0.02030980004929006,1.4802973661668755e-12,144,B2 2025-03-20 00:00 plan
B2,2025-03-20,6,revision,28506.405135037752,0.0,0.020881300093606114,8.526512829121202e-13,109,B2 2025-03-20 06:00
B2,2025-03-20,12,revision,26806.26003946838,0.0,0.013860199833288789,9.094947017729282e-13,73,B2 2025-03-20 12:00
B2,2025-03-20,18,revision,12988.564183063358,0.0,0.0076096998527646065,9.094947017729282e-13,37,B2 2025-03-20 18:00
B2,2025-03-21,0,plan,15575.768322314978,0.0,0.06214309995993972,8.526512829121202e-13,144,B2 2025-03-21 00:00 plan
B2,2025-03-21,6,revision,7226.659176926265,0.0,0.018282700097188354,8.526512829121202e-13,109,B2 2025-03-21 06:00
B2,2025-03-21,12,revision,7430.543622912815,0.0,0.009706799872219563,9.094947017729282e-13,73,B2 2025-03-21 12:00
B2,2025-03-21,18,revision,4907.4161545900715,0.0,0.007989100180566311,5.684341886080801e-13,37,B2 2025-03-21 18:00
B2,2025-03-22,0,plan,16639.291230805575,0.0,0.035788699984550476,8.952838470577262e-13,144,B2 2025-03-22 00:00 plan
B2,2025-03-22,6,revision,8194.758760203698,0.0,0.018558999989181757,9.094947017729282e-13,109,B2 2025-03-22 06:00
B2,2025-03-22,12,revision,8152.28906595111,0.0,0.009564399952068925,1.8189894035458565e-12,73,B2 2025-03-22 12:00
B2,2025-03-22,18,revision,5103.9607789084075,0.0,0.007060999982059002,1.1368683772161603e-12,37,B2 2025-03-22 18:00
B2,2025-03-23,0,plan,44410.75357546931,1.6383323921353967e-16,0.02490760013461113,5.3660779523549235e-12,144,B2 2025-03-23 00:00 plan
B2,2025-03-23,6,revision,29808.72178794742,0.0,0.020642200019210577,4.3069531393483527e-10,109,B2 2025-03-23 06:00
B2,2025-03-23,12,revision,24370.66881161563,0.0,0.014564000070095062,2.220446049250313e-12,73,B2 2025-03-23 12:00
B2,2025-03-23,18,revision,12890.94441678019,0.0,0.008065399946644902,2.2737367544323206e-12,37,B2 2025-03-23 18:00
B2,2025-03-24,0,plan,41841.60999404779,0.0,0.03225490008480847,9.39988827515966e-11,144,B2 2025-03-24 00:00 plan
B2,2025-03-24,6,revision,28677.171420899027,0.0,0.01889530010521412,6.087722918361275e-11,109,B2 2025-03-24 06:00
B2,2025-03-24,12,revision,24667.279652781184,0.0,0.014278999995440245,9.094947017729282e-13,73,B2 2025-03-24 12:00
B2,2025-03-24,18,revision,13060.178569087655,0.0,0.007583200000226498,2.6147972675971687e-12,37,B2 2025-03-24 18:00
B2,2025-03-25,0,plan,46325.00320359828,0.0,0.01718500000424683,9.094947017729282e-13,144,B2 2025-03-25 00:00 plan
B2,2025-03-25,6,revision,29524.0091183879,0.0,0.019171599997207522,8.810729923425242e-13,109,B2 2025-03-25 06:00
B2,2025-03-25,12,revision,25186.517455673682,0.0,0.014532699948176742,7.389644451905042e-13,73,B2 2025-03-25 12:00
B2,2025-03-25,18,revision,12877.847639932055,0.0,0.00800070003606379,1.8189894035458565e-12,37,B2 2025-03-25 18:00
B2,2025-03-26,0,plan,40117.35295154018,0.0,0.03509149979799986,1.0231815394945443e-12,144,B2 2025-03-26 00:00 plan
B2,2025-03-26,6,revision,27139.115378693587,0.0,0.026225099805742502,1.7263968032921184e-10,109,B2 2025-03-26 06:00
B2,2025-03-26,12,revision,23782.704847839654,0.0,0.0142236000392586,1.7341683644644945e-09,73,B2 2025-03-26 12:00
B2,2025-03-26,18,revision,12948.92036882997,0.0,0.007433400023728609,9.600221852047576e-13,37,B2 2025-03-26 18:00
B2,2025-03-27,0,plan,42460.382184475944,0.0,0.03555640019476414,9.094947017729282e-13,144,B2 2025-03-27 00:00 plan
B2,2025-03-27,6,revision,29386.66404329366,0.0,0.019380700075998902,8.739675649849232e-13,109,B2 2025-03-27 06:00
B2,2025-03-27,12,revision,24399.08465029548,0.0,0.01478159986436367,9.094947017729282e-13,73,B2 2025-03-27 12:00
B2,2025-03-27,18,revision,13024.48523296991,0.0,0.007611699867993593,2.7284841053187847e-12,37,B2 2025-03-27 18:00
B2,2025-03-28,0,plan,15946.199615501504,0.0,0.02686760015785694,5.3660779523549235e-12,144,B2 2025-03-28 00:00 plan
B2,2025-03-28,6,revision,7457.399358235771,0.0,0.024245799984782934,4.540576870368925e-12,109,B2 2025-03-28 06:00
B2,2025-03-28,12,revision,7449.554407910879,0.0,0.01617729989811778,9.094947017729282e-13,73,B2 2025-03-28 12:00
B2,2025-03-28,18,revision,4990.397115866398,0.0,0.00798630015924573,6.821210263296962e-13,37,B2 2025-03-28 18:00
B2,2025-03-29,0,plan,14422.284854003408,0.0,0.02607019990682602,2.3008571650429155e-12,144,B2 2025-03-29 00:00 plan
B2,2025-03-29,6,revision,7613.143881647019,0.0,0.01964160008355975,8.526512829121202e-13,109,B2 2025-03-29 06:00
B2,2025-03-29,12,revision,7399.243493254463,0.0,0.00976840010844171,9.094947017729282e-13,73,B2 2025-03-29 12:00
B2,2025-03-29,18,revision,5028.6206533643235,0.0,0.008122399915009737,1.0231815394945443e-12,37,B2 2025-03-29 18:00
B2,2025-03-30,0,plan,40994.281106905066,0.0,0.020941299851983786,9.094947017729282e-13,144,B2 2025-03-30 00:00 plan
B2,2025-03-30,6,revision,25778.82748082768,0.0,0.03895399998873472,1.9326762412674725e-12,109,B2 2025-03-30 06:00
B2,2025-03-30,12,revision,23065.669892361584,0.0,0.014618200017139316,1.1657341758564144e-11,73,B2 2025-03-30 12:00
B2,2025-03-30,18,revision,13038.173656666557,0.0,0.01527530001476407,8.754108549169359e-13,37,B2 2025-03-30 18:00
B2,2025-03-31,0,plan,36091.67242350171,0.0,0.028709599981084466,2.220446049250313e-12,144,B2 2025-03-31 00:00 plan
B2,2025-03-31,6,revision,31477.32387261323,0.0,0.01759999990463257,8.242295734817162e-13,109,B2 2025-03-31 06:00
B2,2025-03-31,12,revision,23117.198730330438,0.0,0.020378299988806248,1.3997691894473974e-12,73,B2 2025-03-31 12:00
B2,2025-03-31,18,revision,12878.530532406121,0.0,0.007632599910721183,1.8189894035458565e-12,37,B2 2025-03-31 18:00
B2,2025-04-01,0,plan,43284.50288097697,0.0,0.02302689990028739,8.810729923425242e-13,144,B2 2025-04-01 00:00 plan
B2,2025-04-01,6,revision,30395.41138191553,0.0,0.019815699895843863,9.094947017729282e-13,109,B2 2025-04-01 06:00
B2,2025-04-01,12,revision,24216.263383552465,0.0,0.02895499998703599,1.3784529073745944e-12,73,B2 2025-04-01 12:00
B2,2025-04-01,18,revision,12776.492188646853,0.0,0.015650999965146184,4.547473508864641e-13,37,B2 2025-04-01 18:00
B2,2025-04-02,0,plan,41610.77120630824,0.0,0.028717300156131387,8.384404281969182e-13,144,B2 2025-04-02 00:00 plan
B2,2025-04-02,6,revision,30008.212749553913,0.0,0.024302100064232945,2.035408878479454e-12,109,B2 2025-04-02 06:00
B2,2025-04-02,12,revision,21822.048548495906,0.0,0.01930049993097782,1.2363443602225743e-12,73,B2 2025-04-02 12:00
B2,2025-04-02,18,revision,12837.069785100393,0.0,0.011433299863711,2.9558577807620168e-12,37,B2 2025-04-02 18:00
B2,2025-04-03,0,plan,43284.46089380896,0.0,0.020452399970963597,1.8503717077085944e-11,144,B2 2025-04-03 00:00 plan
B2,2025-04-03,6,revision,27650.45387332361,0.0,0.01896320004016161,1.4802973661668755e-12,109,B2 2025-04-03 06:00
B2,2025-04-03,12,revision,24003.0515902822,0.0,0.017690700013190508,2.960594732333751e-12,73,B2 2025-04-03 12:00
B2,2025-04-03,18,revision,12934.232337642763,0.0,0.008224500110372901,1.8189894035458565e-12,37,B2 2025-04-03 18:00
B2,2025-04-04,0,plan,14508.960258913678,0.0,0.023364200023934245,9.251858538542972e-13,144,B2 2025-04-04 00:00 plan
B2,2025-04-04,6,revision,6486.57674986229,0.0,0.024270999943837523,9.094947017729282e-13,109,B2 2025-04-04 06:00
B2,2025-04-04,12,revision,6658.76988774349,0.0,0.014418999897316098,9.251858538542972e-13,73,B2 2025-04-04 12:00
B2,2025-04-04,18,revision,4944.201919040682,0.0,0.008276700042188168,7.958078640513122e-13,37,B2 2025-04-04 18:00
B2,2025-04-05,0,plan,14245.321439245725,0.0,0.02141929999925196,7.958078640513122e-13,144,B2 2025-04-05 00:00 plan
B2,2025-04-05,6,revision,6799.362645013734,0.0,0.01875099982134998,8.526512829121202e-13,109,B2 2025-04-05 06:00
B2,2025-04-05,12,revision,6725.201154722695,0.0,0.015206999843940139,1.295260195396016e-12,73,B2 2025-04-05 12:00
B2,2025-04-05,18,revision,5093.699233855726,0.0,0.008585300063714385,7.958078640513122e-13,37,B2 2025-04-05 18:00
B2,2025-04-06,0,plan,39660.688806744176,0.0,0.032902299892157316,8.597567102697212e-13,144,B2 2025-04-06 00:00 plan
B2,2025-04-06,6,revision,25186.145467863742,0.0,0.021612999960780144,8.490985692333197e-13,109,B2 2025-04-06 06:00
B2,2025-04-06,12,revision,23311.124905115572,0.0,0.0152363998349756,8.668621376273222e-13,73,B2 2025-04-06 12:00
B2,2025-04-06,18,revision,12714.624188727925,0.0,0.00671770004555583,1.8189894035458565e-12,37,B2 2025-04-06 18:00
B2,2025-04-07,0,plan,35096.09424507001,0.0,0.02632379997521639,8.526512829121202e-13,144,B2 2025-04-07 00:00 plan
B2,2025-04-07,6,revision,24974.186984953478,0.0,0.022685700096189976,1.8189894035458565e-12,109,B2 2025-04-07 06:00
B2,2025-04-07,12,revision,22374.319164580327,0.0,0.014423399930819869,4.255854927729767e-12,73,B2 2025-04-07 12:00
B2,2025-04-07,18,revision,12665.911556435361,0.0,0.015386500163003802,6.821210263296962e-13,37,B2 2025-04-07 18:00
B2,2025-04-08,0,plan,41174.55754477936,0.0,0.020217299927026033,9.094947017729282e-13,144,B2 2025-04-08 00:00 plan
B2,2025-04-08,6,revision,26455.599844581713,0.0,0.01909770001657307,8.633094239485217e-13,109,B2 2025-04-08 06:00
B2,2025-04-08,12,revision,23139.154778101045,0.0,0.014569499995559454,3.151183018227736e-10,73,B2 2025-04-08 12:00
B2,2025-04-08,18,revision,12767.364012061502,0.0,0.007782300002872944,1.4147695360912217e-12,37,B2 2025-04-08 18:00
B2,2025-04-09,0,plan,39869.580313137696,0.0,0.05433499999344349,8.455458555545192e-13,144,B2 2025-04-09 00:00 plan
B2,2025-04-09,6,revision,27986.32494138087,0.0,0.030934400158002973,4.237351210652681e-11,109,B2 2025-04-09 06:00
B2,2025-04-09,12,revision,23787.323840301193,0.0,0.014092300087213516,3.3306690738754696e-12,73,B2 2025-04-09 12:00
B2,2025-04-09,18,revision,12855.53402307213,0.0,0.008690600050613284,8.526512829121202e-13,37,B2 2025-04-09 18:00
B2,2025-04-10,0,plan,39628.49711820875,0.0,0.024645800003781915,9.094947017729282e-13,144,B2 2025-04-10 00:00 plan
B2,2025-04-10,6,revision,27028.05174561224,0.0,0.026185500202700496,1.4104273304837989e-12,109,B2 2025-04-10 06:00
B2,2025-04-10,12,revision,23089.038389171572,0.0,0.014111900003626943,8.668621376273222e-13,73,B2 2025-04-10 12:00
B2,2025-04-10,18,revision,12968.35998457464,0.0,0.01133620017208159,8.872902412804251e-13,37,B2 2025-04-10 18:00
B2,2025-04-11,0,plan,13427.852126002395,0.0,0.03339960006996989,3.700743415417189e-12,144,B2 2025-04-11 00:00 plan
B2,2025-04-11,6,revision,6552.684247964658,0.0,0.06776269990950823,1.0231815394945443e-12,109,B2 2025-04-11 06:00
B2,2025-04-11,12,revision,6057.577064842069,0.0,0.018714399775490165,1.295260195396016e-12,73,B2 2025-04-11 12:00
B2,2025-04-11,18,revision,4998.288068312859,0.0,0.008419699966907501,6.252776074688882e-13,37,B2 2025-04-11 18:00
B2,2025-04-12,0,plan,14858.767145133243,0.0,0.044038099935278296,1.0089706847793423e-12,144,B2 2025-04-12 00:00 plan
B2,2025-04-12,6,revision,6773.222559730543,0.0,0.050643800059333444,1.3642420526593924e-12,109,B2 2025-04-12 06:00
B2,2025-04-12,12,revision,6864.7072944815145,1.3248848971376595e-16,0.009957999922335148,1.8189894035458565e-12,73,B2 2025-04-12 12:00
B2,2025-04-12,18,revision,5085.760602552193,0.0,0.013166599906980991,6.821210263296962e-13,37,B2 2025-04-12 18:00
B2,2025-04-13,0,plan,36717.143813479954,0.0,0.0258668998721987,8.810729923425242e-13,144,B2 2025-04-13 00:00 plan
B2,2025-04-13,6,revision,22810.97039137204,0.0,0.02942640008404851,3.126388037344441e-12,109,B2 2025-04-13 06:00
B2,2025-04-13,12,revision,21689.834245102338,0.0,0.022871799999848008,1.3642420526593924e-12,73,B2 2025-04-13 12:00
B2,2025-04-13,18,revision,12706.007624700535,0.0,0.007369200000539422,2.2737367544323206e-12,37,B2 2025-04-13 18:00
B2,2025-04-14,0,plan,39733.19876569638,0.0,0.026233999989926815,8.810729923425242e-13,144,B2 2025-04-14 00:00 plan
B2,2025-04-14,6,revision,23292.90742750042,0.0,0.024585799779742956,1.2505552149377763e-12,109,B2 2025-04-14 06:00
B2,2025-04-14,12,revision,21888.861597704545,0.0,0.013395499903708696,7.673861546209082e-13,73,B2 2025-04-14 12:00
B2,2025-04-14,18,revision,13066.603452892676,0.0,0.011247699847444892,8.419931418757187e-13,37,B2 2025-04-14 18:00
B2,2025-04-15,0,plan,34216.75799926095,0.0,0.03767019999213517,2.2453150450019166e-12,144,B2 2025-04-15 00:00 plan
B2,2025-04-15,6,revision,24384.21034296534,0.0,0.018753699958324432,1.8503717077085944e-12,109,B2 2025-04-15 06:00
B2,2025-04-15,12,revision,21388.350032484104,0.0,0.01952879992313683,1.4432899320127035e-11,73,B2 2025-04-15 12:00
B2,2025-04-15,18,revision,12842.282757522084,0.0,0.007829500129446387,7.958078640513122e-13,37,B2 2025-04-15 18:00
B2,2025-04-16,0,plan,37627.25480639405,0.0,0.023807100020349026,9.094947017729282e-13,144,B2 2025-04-16 00:00 plan
B2,2025-04-16,6,revision,26772.85311305436,0.0,0.017670599976554513,9.094947017729282e-13,109,B2 2025-04-16 06:00
B2,2025-04-16,12,revision,22390.834604868276,0.0,0.014175399905070662,9.094947017729282e-13,73,B2 2025-04-16 12:00
B2,2025-04-16,18,revision,12831.605530306011,0.0,0.007383499993011355,1.8189894035458565e-12,37,B2 2025-04-16 18:00
B2,2025-04-17,0,plan,35057.71960067033,0.0,0.0472831001970917,1.4068746168049984e-12,144,B2 2025-04-17 00:00 plan
B2,2025-04-17,6,revision,25564.159385223396,0.0,0.02723899995908141,8.668621376273222e-13,109,B2 2025-04-17 06:00
B2,2025-04-17,12,revision,21384.7252633343,0.0,0.015104199992492795,8.810729923425242e-13,73,B2 2025-04-17 12:00
B2,2025-04-17,18,revision,12778.246427328819,0.0,0.00853099999949336,2.1600499167107046e-12,37,B2 2025-04-17 18:00
B2,2025-04-18,0,plan,13577.905481930278,0.0,0.04551510000601411,1.609823385706477e-11,144,B2 2025-04-18 00:00 plan
B2,2025-04-18,6,revision,5943.019113272486,0.0,0.018598400056362152,7.958078640513122e-13,109,B2 2025-04-18 06:00
B2,2025-04-18,12,revision,6062.536825782967,0.0,0.015295999823138118,9.663381206337363e-13,73,B2 2025-04-18 12:00
B2,2025-04-18,18,revision,4910.457214312514,0.0,0.007482199929654598,9.663381206337363e-13,37,B2 2025-04-18 18:00
B2,2025-04-19,0,plan,13092.016798128983,0.0,0.03967309999279678,7.958078640513122e-13,144,B2 2025-04-19 00:00 plan
B2,2025-04-19,6,revision,5530.466720972144,0.0,0.01927249995060265,3.885780586188048e-12,109,B2 2025-04-19 06:00
B2,2025-04-19,12,revision,6440.466125707653,5.648626568456621e-16,0.009976099943742156,9.094947017729282e-13,73,B2 2025-04-19 12:00
B2,2025-04-19,18,revision,4974.390748049057,0.0,0.007469600066542625,6.821210263296962e-13,37,B2 2025-04-19 18:00
B2,2025-04-20,0,plan,35032.596295500596,0.0,0.021550999954342842,9.344377123928402e-11,144,B2 2025-04-20 00:00 plan
B2,2025-04-20,6,revision,22224.958550562482,0.0,0.028359699994325638,2.1600499167107046e-12,109,B2 2025-04-20 06:00
B2,2025-04-20,12,revision,21784.92004720042,0.0,0.016259799944236875,9.023892744153272e-13,73,B2 2025-04-20 12:00
B2,2025-04-20,18,revision,12642.954121564822,0.0,0.007458500098437071,1.3642420526593924e-12,37,B2 2025-04-20 18:00
B2,2025-04-21,0,plan,37300.53274646604,0.0,0.02054000017233193,9.094947017729282e-13,144,B2 2025-04-21 00:00 plan
B2,2025-04-21,6,revision,21489.420002557035,0.0,0.018058399902656674,1.1368683772161603e-12,109,B2 2025-04-21 06:00
B2,2025-04-21,12,revision,21268.796594887834,0.0,0.02498849993571639,1.8189894035458565e-12,73,B2 2025-04-21 12:00
B2,2025-04-21,18,revision,12497.393840386163,0.0,0.008000999921932817,6.821210263296962e-13,37,B2 2025-04-21 18:00
B2,2025-04-22,0,plan,33675.37150636125,0.0,0.027553800027817488,7.771561172376096e-12,144,B2 2025-04-22 00:00 plan
B2,2025-04-22,6,revision,24788.665298782358,0.0,0.01838229992426932,1.1102230246251565e-12,109,B2 2025-04-22 06:00
B2,2025-04-22,12,revision,20994.502395221993,0.0,0.013540700078010559,1.3507713466272738e-11,73,B2 2025-04-22 12:00
B2,2025-04-22,18,revision,12820.145070765553,0.0,0.010153000010177493,1.5916157281026244e-12,37,B2 2025-04-22 18:00
B2,2025-04-23,0,plan,32619.661530045654,0.0,0.03283239994198084,1.3073986337985843e-12,144,B2 2025-04-23 00:00 plan
B2,2025-04-23,6,revision,23073.67391070214,0.0,0.024415899999439716,1.4139800441625994e-12,109,B2 2025-04-23 06:00
B2,2025-04-23,12,revision,20749.579731031055,0.0,0.01387059991247952,9.094947017729282e-13,73,B2 2025-04-23 12:00
B2,2025-04-23,18,revision,12716.652454717228,0.0,0.01110620005056262,8.185674360561279e-13,37,B2 2025-04-23 18:00
B2,2025-04-24,0,plan,33843.425591849526,0.0,0.021352600073441863,1.4802973661668755e-12,144,B2 2025-04-24 00:00 plan
B2,2025-04-24,6,revision,20333.664127965094,0.0,0.020294500049203634,8.08242361927114e-13,109,B2 2025-04-24 06:00
B2,2025-04-24,12,revision,21151.529095720838,0.0,0.03555160015821457,8.810729923425242e-13,73,B2 2025-04-24 12:00
B2,2025-04-24,18,revision,12728.730599595045,0.0,0.011630299966782331,9.094947017729282e-13,37,B2 2025-04-24 18:00
B2,2025-04-25,0,plan,13229.738953008597,0.0,0.025861999951303005,2.035408878479454e-12,144,B2 2025-04-25 00:00 plan
B2,2025-04-25,6,revision,5959.7656401882805,0.0,0.04315740009769797,9.094947017729282e-13,109,B2 2025-04-25 06:00
B2,2025-04-25,12,revision,5681.46647443619,0.0,0.009694800013676286,1.8189894035458565e-12,73,B2 2025-04-25 12:00
B2,2025-04-25,18,revision,4687.202142316413,0.0,0.007850199937820435,6.821210263296962e-13,37,B2 2025-04-25 18:00
B2,2025-04-26,0,plan,13325.651465945515,0.0,0.022983300033956766,8.242295734817162e-13,144,B2 2025-04-26 00:00 plan
B2,2025-04-26,6,revision,5895.326191909687,0.0,0.02215450000949204,7.389644451905042e-13,109,B2 2025-04-26 06:00
B2,2025-04-26,12,revision,6108.730271339944,0.0,0.013923600083217025,9.094947017729282e-13,73,B2 2025-04-26 12:00
B2,2025-04-26,18,revision,4870.727845767754,0.0,0.007805699948221445,5.115907697472721e-13,37,B2 2025-04-26 18:00
B2,2025-04-27,0,plan,33229.659740787836,0.0,0.047778100008144975,1.0231815394945443e-12,144,B2 2025-04-27 00:00 plan
B2,2025-04-27,6,revision,21912.363475769045,0.0,0.02843499998562038,1.8189894035458565e-12,109,B2 2025-04-27 06:00
B2,2025-04-27,12,revision,20416.038083443877,0.0,0.016333699924871325,1.3073986337985843e-12,73,B2 2025-04-27 12:00
B2,2025-04-27,18,revision,12670.21939670307,0.0,0.008453699992969632,7.958078640513122e-13,37,B2 2025-04-27 18:00
B2,2025-04-28,0,plan,39859.26320582495,0.0,0.024678500136360526,1.0231815394945443e-12,144,B2 2025-04-28 00:00 plan
B2,2025-04-28,6,revision,26929.201127781027,0.0,0.020542999962344766,9.094947017729282e-13,109,B2 2025-04-28 06:00
B2,2025-04-28,12,revision,22910.052865425714,0.0,0.015272899996489286,1.8503717077085944e-12,73,B2 2025-04-28 12:00
B2,2025-04-28,18,revision,12577.4463489763,0.0,0.011364600155502558,9.094947017729282e-13,37,B2 2025-04-28 18:00
B2,2025-04-29,0,plan,34297.569954387334,0.0,0.02614720002748072,1.295260195396016e-12,144,B2 2025-04-29 00:00 plan
B2,2025-04-29,6,revision,21410.158667695698,0.0,0.020223000086843967,9.094947017729282e-13,109,B2 2025-04-29 06:00
B2,2025-04-29,12,revision,21579.452254198823,0.0,0.01440280000679195,9.094947017729282e-13,73,B2 2025-04-29 12:00
B2,2025-04-29,18,revision,12736.284745547158,0.0,0.007492100121453404,1.1873958606479897e-12,37,B2 2025-04-29 18:00
B2,2025-04-30,0,plan,33074.76539187406,0.0,0.036463200114667416,1.7479351299698465e-12,144,B2 2025-04-30 00:00 plan
B2,2025-04-30,6,revision,20509.221726742562,0.0,0.026330600026994944,1.8900436771218665e-12,109,B2 2025-04-30 06:00
B2,2025-04-30,12,revision,19833.6308764909,0.0,0.015953100053593516,8.952838470577262e-13,73,B2 2025-04-30 12:00
B2,2025-04-30,18,revision,12632.22905389137,0.0,0.008573800092563033,1.8189894035458565e-12,37,B2 2025-04-30 18:00
B2,2025-05-01,0,plan,34796.238125230135,0.0,0.04973490000702441,1.5489831639570184e-12,144,B2 2025-05-01 00:00 plan
B2,2025-05-01,6,revision,21366.688474684714,0.0,0.02929740003310144,5.3717030823463574e-12,109,B2 2025-05-01 06:00
B2,2025-05-01,12,revision,20984.1338497106,0.0,0.03840419999323785,8.526512829121202e-13,73,B2 2025-05-01 12:00
B2,2025-05-01,18,revision,13052.960657410196,0.0,0.016006099991500378,6.474820679613913e-13,37,B2 2025-05-01 18:00
B2,2025-05-02,0,plan,14686.735210822026,0.0,0.028814800083637238,9.992007221626409e-12,144,B2 2025-05-02 00:00 plan
B2,2025-05-02,6,revision,6669.163963899125,0.0,0.04794640000909567,1.5916157281026244e-12,109,B2 2025-05-02 06:00
B2,2025-05-02,12,revision,6535.015474795922,0.0,0.009748900076374412,1.8189894035458565e-12,73,B2 2025-05-02 12:00
B2,2025-05-02,18,revision,5335.077874506874,0.0,0.008198800031095743,8.526512829121202e-13,37,B2 2025-05-02 18:00
B2,2025-05-03,0,plan,14091.556687818787,0.0,0.03611900005489588,1.6653345369377348e-12,144,B2 2025-05-03 00:00 plan
B2,2025-05-03,6,revision,6149.582324150983,0.0,0.01923669991083443,2.539911298668e-12,109,B2 2025-05-03 06:00
B2,2025-05-03,12,revision,6220.701549907557,0.0,0.00972079997882247,9.094947017729282e-13,73,B2 2025-05-03 12:00
B2,2025-05-03,18,revision,5175.30336641977,0.0,0.007697199936956167,7.958078640513122e-13,37,B2 2025-05-03 18:00
B2,2025-05-04,0,plan,37573.16012232473,0.0,0.021455799927935004,3.1456319031046105e-12,144,B2 2025-05-04 00:00 plan
B2,2025-05-04,6,revision,22436.814113261236,0.0,0.019283700035884976,6.661338147750939e-12,109,B2 2025-05-04 06:00
B2,2025-05-04,12,revision,21286.866041110716,0.0,0.028389699989929795,1.1682139467337347e-10,73,B2 2025-05-04 12:00
B2,2025-05-04,18,revision,13849.191844814884,0.0,0.01099350000731647,7.958078640513122e-13,37,B2 2025-05-04 18:00
B2,2025-05-05,0,plan,40553.28215212149,0.0,0.020846999948844314,1.628327102783563e-11,144,B2 2025-05-05 00:00 plan
B2,2025-05-05,6,revision,25430.943819560733,0.0,0.024318600073456764,9.992007221626409e-12,109,B2 2025-05-05 06:00
B2,2025-05-05,12,revision,22705.129383877407,0.0,0.014969199895858765,9.094947017729282e-13,73,B2 2025-05-05 12:00
B2,2025-05-05,18,revision,14261.233438380703,0.0,0.011048500193282962,9.094947017729282e-13,37,B2 2025-05-05 18:00
B2,2025-05-06,0,plan,35464.96091016068,0.0,0.030750100035220385,1.0231815394945443e-12,144,B2 2025-05-06 00:00 plan
B2,2025-05-06,6,revision,24497.36422115825,0.0,0.025939200073480606,1.673328142715036e-12,109,B2 2025-05-06 06:00
B2,2025-05-06,12,revision,22275.70588228606,0.0,0.015192100079730153,5.625129991434127e-11,73,B2 2025-05-06 12:00
B2,2025-05-06,18,revision,14368.009306257425,0.0,0.01141440006904304,7.958078640513122e-13,37,B2 2025-05-06 18:00
B2,2025-05-07,0,plan,38062.80931745893,0.0,0.022282700054347515,3.700743415417189e-12,144,B2 2025-05-07 00:00 plan
B2,2025-05-07,6,revision,27026.072096630243,0.0,0.024146599927917123,1.8189894035458565e-12,109,B2 2025-05-07 06:00
B2,2025-05-07,12,revision,24070.799948770462,0.0,0.01575969997793436,3.3306690738754696e-12,73,B2 2025-05-07 12:00
B2,2025-05-07,18,revision,14563.506674043208,0.0,0.011792900040745735,8.526512829121202e-13,37,B2 2025-05-07 18:00
B2,2025-05-08,0,plan,41898.69436511584,0.0,0.022169699892401695,9.094947017729282e-13,144,B2 2025-05-08 00:00 plan
B2,2025-05-08,6,revision,27261.015149386756,0.0,0.01824559993110597,1.0231815394945443e-12,109,B2 2025-05-08 06:00
B2,2025-05-08,12,revision,25215.083624408133,0.0,0.016537199961021543,9.094947017729282e-13,73,B2 2025-05-08 12:00
B2,2025-05-08,18,revision,15664.63239999015,0.0,0.013796899933367968,7.958078640513122e-13,37,B2 2025-05-08 18:00
B2,2025-05-09,0,plan,14542.139500388494,0.0,0.02693110005930066,8.881784197001252e-13,144,B2 2025-05-09 00:00 plan
B2,2025-05-09,6,revision,7995.576784961825,0.0,0.01927160006016493,2.2279566121187136e-12,109,B2 2025-05-09 06:00
B2,2025-05-09,12,revision,7872.200689029507,2.3106491760058307e-16,0.009865099797025323,9.094947017729282e-13,73,B2 2025-05-09 12:00
B2,2025-05-09,18,revision,6166.592487372429,0.0,0.007571900030598044,7.958078640513122e-13,37,B2 2025-05-09 18:00
B2,2025-05-10,0,plan,14854.861465780676,0.0,0.04893759987317026,1.0800249583553523e-12,144,B2 2025-05-10 00:00 plan
B2,2025-05-10,6,revision,8825.256659918787,0.0,0.04136179992929101,2.9558577807620168e-12,109,B2 2025-05-10 06:00
B2,2025-05-10,12,revision,8070.77915102591,1.1268982644102195e-16,0.00990630011074245,1.0231815394945443e-12,73,B2 2025-05-10 12:00
B2,2025-05-10,18,revision,6316.678773737475,0.0,0.0073969000950455666,2.2737367544323206e-12,37,B2 2025-05-10 18:00
B2,2025-05-11,0,plan,38122.139079620814,0.0,0.03388249990530312,9.094947017729282e-13,144,B2 2025-05-11 00:00 plan
B2,2025-05-11,6,revision,25704.384455976036,0.0,0.018969800090417266,1.1368683772161603e-12,109,B2 2025-05-11 06:00
B2,2025-05-11,12,revision,23038.813686933052,0.0,0.014018299989402294,1.0800249583553523e-12,73,B2 2025-05-11 12:00
B2,2025-05-11,18,revision,14475.429667647157,0.0,0.008327400078997016,4.547473508864641e-13,37,B2 2025-05-11 18:00
B2,2025-05-12,0,plan,34842.68590390012,0.0,0.029719600221142173,1.4779288903810084e-12,144,B2 2025-05-12 00:00 plan
B2,2025-05-12,6,revision,26722.16488516236,0.0,0.017871699994429946,7.638334409421077e-13,109,B2 2025-05-12 06:00
B2,2025-05-12,12,revision,22953.97302269333,0.0,0.023757799994200468,1.3642420526593924e-12,73,B2 2025-05-12 12:00
B2,2025-05-12,18,revision,14621.579525003439,0.0,0.012505799997597933,5.684341886080801e-13,37,B2 2025-05-12 18:00
B2,2025-05-13,0,plan,39900.132833112926,0.0,0.018824500031769276,1.8503717077085944e-11,144,B2 2025-05-13 00:00 plan
B2,2025-05-13,6,revision,25746.748385305178,0.0,0.019799599889665842,5.3660779523549235e-12,109,B2 2025-05-13 06:00
B2,2025-05-13,12,revision,23665.59748539346,0.0,0.013756499858573079,1.1842378929335004e-11,73,B2 2025-05-13 12:00
B2,2025-05-13,18,revision,14698.268814378334,0.0,0.015325699932873249,7.958078640513122e-13,37,B2 2025-05-13 18:00
B2,2025-05-14,0,plan,39684.58520027889,0.0,0.023017900064587593,3.700743415417189e-12,144,B2 2025-05-14 00:00 plan
B2,2025-05-14,6,revision,27156.22067282194,0.0,0.031192299909889698,1.8189894035458565e-12,109,B2 2025-05-14 06:00
B2,2025-05-14,12,revision,24078.09419568789,0.0,0.021380999824032187,1.1795009413617663e-12,73,B2 2025-05-14 12:00
B2,2025-05-14,18,revision,15048.75873483289,0.0,0.010556500172242522,8.08242361927114e-13,37,B2 2025-05-14 18:00
B2,2025-05-15,0,plan,39326.26756117879,0.0,0.02658879989758134,2.960594732333751e-12,144,B2 2025-05-15 00:00 plan
B2,2025-05-15,6,revision,28818.75963977179,0.0,0.031616599997505546,3.353761712787673e-12,109,B2 2025-05-15 06:00
B2,2025-05-15,12,revision,24771.71393618753,0.0,0.018263000063598156,7.123931074678088e-10,73,B2 2025-05-15 12:00
B2,2025-05-15,18,revision,15285.86691193608,0.0,0.010618000058457255,7.123931074678088e-10,37,B2 2025-05-15 18:00
B2,2025-05-16,0,plan,15281.545352808747,0.0,0.02886620000936091,1.7393494052460788e-11,144,B2 2025-05-16 00:00 plan
B2,2025-05-16,6,revision,8321.38400442206,0.0,0.018338199937716126,2.035408878479454e-12,109,B2 2025-05-16 06:00
B2,2025-05-16,12,revision,8229.014705413312,0.0,0.009582099970430136,9.094947017729282e-13,73,B2 2025-05-16 12:00
B2,2025-05-16,18,revision,6624.916856531662,0.0,0.007482900051400065,9.094947017729282e-13,37,B2 2025-05-16 18:00
B2,2025-05-17,0,plan,15282.67174284622,0.0,0.04809200018644333,1.0231815394945443e-12,144,B2 2025-05-17 00:00 plan
B2,2025-05-17,6,revision,8325.538418563987,0.0,0.040787900099530816,1.8417267710901796e-12,109,B2 2025-05-17 06:00
B2,2025-05-17,12,revision,8403.40788713962,4.329170803025272e-16,0.009809399954974651,9.094947017729282e-13,73,B2 2025-05-17 12:00
B2,2025-05-17,18,revision,6818.620754657657,0.0,0.010672600008547306,1.9895196601282805e-12,37,B2 2025-05-17 18:00
B2,2025-05-18,0,plan,40714.11798190613,0.0,0.03695259988307953,8.171241461241152e-13,144,B2 2025-05-18 00:00 plan
B2,2025-05-18,6,revision,26470.8023933954,0.0,0.02611490013077855,2.2737367544323206e-12,109,B2 2025-05-18 06:00
B2,2025-05-18,12,revision,23705.811383941425,1.53463585285932e-16,0.015898299869149923,3.571217395877587e-11,73,B2 2025-05-18 12:00
B2,2025-05-18,18,revision,15230.733806020404,0.0,0.011807499919086695,7.847056338050606e-13,37,B2 2025-05-18 18:00
B2,2025-05-19,0,plan,37011.28285563614,0.0,0.03350050002336502,8.810729923425242e-13,144,B2 2025-05-19 00:00 plan
B2,2025-05-19,6,revision,23318.541101342547,0.0,0.028932400047779083,1.1368683772161603e-12,109,B2 2025-05-19 06:00
B2,2025-05-19,12,revision,22888.30884429953,0.0,0.02232320001348853,2.590520390792032e-12,73,B2 2025-05-19 12:00
B2,2025-05-19,18,revision,14851.466681341242,0.0,0.008004800183698535,1.0231815394945443e-12,37,B2 2025-05-19 18:00
B2,2025-05-20,0,plan,37073.09440185724,0.0,0.0226239999756217,1.0231815394945443e-12,144,B2 2025-05-20 00:00 plan
B2,2025-05-20,6,revision,26082.302340189228,0.0,0.02852809987962246,1.8503717077085944e-12,109,B2 2025-05-20 06:00
B2,2025-05-20,12,revision,23767.858552978065,0.0,0.03310360014438629,1.4921397450962104e-12,73,B2 2025-05-20 12:00
B2,2025-05-20,18,revision,15112.101520895256,0.0,0.007999900029972196,9.094947017729282e-13,37,B2 2025-05-20 18:00
B2,2025-05-21,0,plan,35329.12859686076,0.0,0.02273229998536408,1.0732155904709847e-11,144,B2 2025-05-21 00:00 plan
B2,2025-05-21,6,revision,27423.946802787832,0.0,0.020396400010213256,8.100187187665142e-13,109,B2 2025-05-21 06:00
B2,2025-05-21,12,revision,23925.85809310011,0.0,0.03144430019892752,8.141635513917816e-12,73,B2 2025-05-21 12:00
B2,2025-05-21,18,revision,15250.39007945165,0.0,0.014189000008627772,3.171537107012531e-10,37,B2 2025-05-21 18:00
B2,2025-05-22,0,plan,37174.09115126328,0.0,0.021664500003680587,6.661338147750939e-12,144,B2 2025-05-22 00:00 plan
B2,2025-05-22,6,revision,24212.876302261702,0.0,0.025241400115191936,2.7782220968219917e-12,109,B2 2025-05-22 06:00
B2,2025-05-22,12,revision,23553.15090747083,0.0,0.030404899967834353,2.2267421403535727e-10,73,B2 2025-05-22 12:00
B2,2025-05-22,18,revision,15384.011554183651,0.0,0.007945699850097299,1.8189894035458565e-12,37,B2 2025-05-22 18:00
B2,2025-05-23,0,plan,14826.27022829217,0.0,0.019238999811932445,1.8503717077085944e-12,144,B2 2025-05-23 00:00 plan
B2,2025-05-23,6,revision,8292.820651022917,0.0,0.06460369983687997,2.0015150748071855e-12,109,B2 2025-05-23 06:00
B2,2025-05-23,12,revision,9355.900985489881,3.888432351661133e-16,0.009786699898540974,9.094947017729282e-13,73,B2 2025-05-23 12:00
B2,2025-05-23,18,revision,7166.091291357958,0.0,0.007475999882444739,1.1368683772161603e-12,37,B2 2025-05-23 18:00
B2,2025-05-24,0,plan,15436.980619086095,0.0,0.0446210999507457,1.3642420526593924e-12,144,B2 2025-05-24 00:00 plan
B2,2025-05-24,6,revision,8781.413736317521,0.0,0.022887800121679902,9.094947017729282e-13,109,B2 2025-05-24 06:00
B2,2025-05-24,12,revision,8856.13306678702,0.0,0.010234500048682094,2.7284841053187847e-12,73,B2 2025-05-24 12:00
B2,2025-05-24,18,revision,7426.338386361667,0.0,0.011509699979797006,1.8758328224066645e-12,37,B2 2025-05-24 18:00
B2,2025-05-25,0,plan,36680.65515066524,0.0,0.025329000083729625,9.094947017729282e-13,144,B2 2025-05-25 00:00 plan
B2,2025-05-25,6,revision,23656.182414975836,0.0,0.023799399845302105,2.1600499167107046e-12,109,B2 2025-05-25 06:00
B2,2025-05-25,12,revision,23104.917945729132,0.0,0.014020799892023206,1.0547118733938987e-11,73,B2 2025-05-25 12:00
B2,2025-05-25,18,revision,15234.065160358272,0.0,0.007623099954798818,1.9326762412674725e-12,37,B2 2025-05-25 18:00
B2,2025-05-26,0,plan,36629.11763061688,0.0,0.03595109982416034,2.2168933355715126e-12,144,B2 2025-05-26 00:00 plan
B2,2025-05-26,6,revision,26014.64794494085,0.0,0.025912499986588955,2.2168933355715126e-12,109,B2 2025-05-26 06:00
B2,2025-05-26,12,revision,24479.01422417406,0.0,0.02010260010138154,2.205347016115411e-12,73,B2 2025-05-26 12:00
B2,2025-05-26,18,revision,15543.77703060736,0.0,0.01029859995469451,1.0231815394945443e-12,37,B2 2025-05-26 18:00
B2,2025-05-27,0,plan,34808.688723449086,0.0,0.02130690007470548,8.526512829121202e-13,144,B2 2025-05-27 00:00 plan
B2,2025-05-27,6,revision,27338.013942112517,0.0,0.025306900031864643,8.668621376273222e-13,109,B2 2025-05-27 06:00
B2,2025-05-27,12,revision,23008.226794535563,0.0,0.021424700040370226,3.353761712787673e-12,73,B2 2025-05-27 12:00
B2,2025-05-27,18,revision,15524.16789301298,0.0,0.01492880005389452,8.071321389024888e-13,37,B2 2025-05-27 18:00
B2,2025-05-28,0,plan,38949.360254958585,0.0,0.024660199880599976,9.094947017729282e-13,144,B2 2025-05-28 00:00 plan
B2,2025-05-28,6,revision,25799.74205105777,0.0,0.018807699903845787,2.8421709430404007e-12,109,B2 2025-05-28 06:00
B2,2025-05-28,12,revision,23902.119925794632,0.0,0.014453999930992723,4.070817756958908e-12,73,B2 2025-05-28 12:00
B2,2025-05-28,18,revision,15590.779687768805,0.0,0.010889600031077862,9.094947017729282e-13,37,B2 2025-05-28 18:00
B2,2025-05-29,0,plan,38339.274462657064,0.0,0.02138849999755621,8.526512829121202e-13,144,B2 2025-05-29 00:00 plan
B2,2025-05-29,6,revision,27843.997675036033,1.3065576464809863e-16,0.01901129982434213,8.86402062860725e-13,109,B2 2025-05-29 06:00
B2,2025-05-29,12,revision,23396.24192401504,0.0,0.043385300086811185,1.8189894035458565e-12,73,B2 2025-05-29 12:00
B2,2025-05-29,18,revision,15667.678580930033,0.0,0.008925900096073747,2.5010038484651887e-12,37,B2 2025-05-29 18:00
B2,2025-05-30,0,plan,15705.066892317202,0.0,0.062479699961841106,1.1368683772161603e-11,144,B2 2025-05-30 00:00 plan
B2,2025-05-30,6,revision,9570.352185997808,0.0,0.04215770005248487,3.410605131648481e-12,109,B2 2025-05-30 06:00
B2,2025-05-30,12,revision,9355.32575350204,0.0,0.015235100174322724,9.094947017729282e-13,73,B2 2025-05-30 12:00
B2,2025-05-30,18,revision,7446.937814813334,0.0,0.0114718999247998,1.0231815394945443e-12,37,B2 2025-05-30 18:00
B2,2025-05-31,0,plan,16788.629201500476,0.0,0.020180500112473965,2.035408878479454e-12,144,B2 2025-05-31 00:00 plan
B2,2025-05-31,6,revision,9435.304952653154,0.0,0.053860200103372335,3.637978807091713e-12,109,B2 2025-05-31 06:00
B2,2025-05-31,12,revision,9438.296730912452,0.0,0.010274300118908286,1.0231815394945443e-12,73,B2 2025-05-31 12:00
B2,2025-05-31,18,revision,7437.023381813766,0.0,0.007530000060796738,2.3874235921539366e-12,37,B2 2025-05-31 18:00
B2,2025-06-01,0,plan,47801.07846792943,0.0,0.015019600046798587,9.094947017729282e-13,144,B2 2025-06-01 00:00 plan
B2,2025-06-01,6,revision,34696.51719517248,0.0,0.023095000069588423,1.8540724511240114e-10,109,B2 2025-06-01 06:00
B2,2025-06-01,12,revision,28050.16570504396,0.0,0.01487670000642538,2.9976021664879227e-11,73,B2 2025-06-01 12:00
B2,2025-06-01,18,revision,19427.553213710198,0.0,0.010523899924010038,6.821210263296962e-13,37,B2 2025-06-01 18:00
B2,2025-06-02,0,plan,53153.02257686151,0.0,0.011682899901643395,9.094947017729282e-13,144,B2 2025-06-02 00:00 plan
B2,2025-06-02,6,revision,35084.146972033,0.0,0.018762100022286177,2.4239869370982586e-11,109,B2 2025-06-02 06:00
B2,2025-06-02,12,revision,31635.70792881391,0.0,0.013910599984228611,9.094947017729282e-13,73,B2 2025-06-02 12:00
B2,2025-06-02,18,revision,18320.554775612643,0.0,0.012039199937134981,7.958078640513122e-13,37,B2 2025-06-02 18:00
B2,2025-06-03,0,plan,48622.14957256568,1.4964286190853184e-16,0.02847189991734922,2.4054832200211726e-12,144,B2 2025-06-03 00:00 plan
B2,2025-06-03,6,revision,36182.66700924432,0.0,0.0178486998192966,8.810729923425242e-13,109,B2 2025-06-03 06:00
B2,2025-06-03,12,revision,27807.261249126674,0.0,0.01792869996279478,2.4054832200211726e-12,73,B2 2025-06-03 12:00
B2,2025-06-03,18,revision,18115.270336113743,0.0,0.015261400025337934,8.526512829121202e-13,37,B2 2025-06-03 18:00
B2,2025-06-04,0,plan,58197.688507304985,1.2502141924880994e-16,0.012283599935472012,9.094947017729282e-13,144,B2 2025-06-04 00:00 plan
B2,2025-06-04,6,revision,37274.7191528833,0.0,0.021450100000947714,9.094947017729282e-13,109,B2 2025-06-04 06:00
B2,2025-06-04,12,revision,33468.3925972121,2.1739788049425205e-16,0.015247800154611468,9.094947017729282e-13,73,B2 2025-06-04 12:00
B2,2025-06-04,18,revision,17860.60456473856,2.0368732726293157e-16,0.012360199820250273,7.958078640513122e-13,37,B2 2025-06-04 18:00
B2,2025-06-05,0,plan,49973.87876327028,0.0,0.02352500008419156,3.833609502444766e-11,144,B2 2025-06-05 00:00 plan
B2,2025-06-05,6,revision,36605.6294980248,0.0,0.021230400074273348,2.0463630789890885e-12,109,B2 2025-06-05 06:00
B2,2025-06-05,12,revision,31671.082599039266,1.1486752294353432e-16,0.014149100054055452,7.958078640513122e-13,73,B2 2025-06-05 12:00
B2,2025-06-05,18,revision,18180.64315200195,0.0,0.007895099930465221,1.8189894035458565e-12,37,B2 2025-06-05 18:00
B2,2025-06-06,0,plan,24294.001129422322,0.0,0.032138500129804015,2.4584778657299466e-12,144,B2 2025-06-06 00:00 plan
B2,2025-06-06,6,revision,14177.712486771672,0.0,0.02858599997125566,9.094947017729282e-13,109,B2 2025-06-06 06:00
B2,2025-06-06,12,revision,14101.469795833456,0.0,0.010121499886736274,1.8189894035458565e-12,73,B2 2025-06-06 12:00
B2,2025-06-06,18,revision,10195.351225940174,0.0,0.011188700096681714,6.821210263296962e-13,37,B2 2025-06-06 18:00
B2,2025-06-07,0,plan,25607.66077142309,0.0,0.025408999994397163,9.094947017729282e-13,144,B2 2025-06-07 00:00 plan
B2,2025-06-07,6,revision,13470.331372147246,0.0,0.026974600041285157,1.7053025658242404e-12,109,B2 2025-06-07 06:00
B2,2025-06-07,12,revision,14485.397209062383,0.0,0.009881299920380116,1.8189894035458565e-12,73,B2 2025-06-07 12:00
B2,2025-06-07,18,revision,10459.936983773716,0.0,0.0071535001043230295,1.5916157281026244e-12,37,B2 2025-06-07 18:00
B2,2025-06-08,0,plan,51478.60189313873,0.0,0.023452499881386757,8.171241461241152e-13,144,B2 2025-06-08 00:00 plan
B2,2025-06-08,6,revision,37697.53826030421,0.0,0.041253200033679605,1.902284018395447e-11,109,B2 2025-06-08 06:00
B2,2025-06-08,12,revision,33950.63787193535,0.0,0.022371399914845824,9.094947017729282e-13,73,B2 2025-06-08 12:00
B2,2025-06-08,18,revision,20206.67313520694,1.8003848445259942e-16,0.011593500152230263,7.958078640513122e-13,37,B2 2025-06-08 18:00
B2,2025-06-09,0,plan,52445.82388688365,2.7746566170364215e-16,0.0334409000352025,6.106226635438361e-12,144,B2 2025-06-09 00:00 plan
B2,2025-06-09,6,revision,36629.6978066305,1.9863548022136217e-16,0.02193649997934699,8.313350008393172e-13,109,B2 2025-06-09 06:00
B2,2025-06-09,12,revision,32607.321833653747,1.1156938388411234e-16,0.014422500040382147,7.958078640513122e-13,73,B2 2025-06-09 12:00
B2,2025-06-09,18,revision,17758.80719139139,4.0970981529156185e-16,0.011771299876272678,7.958078640513122e-13,37,B2 2025-06-09 18:00
B2,2025-06-10,0,plan,48767.72627981715,0.0,0.024329100036993623,9.094947017729282e-13,144,B2 2025-06-10 00:00 plan
B2,2025-06-10,6,revision,34388.26326200128,0.0,0.018806299893185496,8.766321002440236e-13,109,B2 2025-06-10 06:00
B2,2025-06-10,12,revision,32636.13028379393,0.0,0.013704300159588456,7.401486830834377e-12,73,B2 2025-06-10 12:00
B2,2025-06-10,18,revision,17731.151819873816,0.0,0.008315599989145994,7.958078640513122e-13,37,B2 2025-06-10 18:00
B2,2025-06-11,0,plan,53625.81586210933,1.3568012900526212e-16,0.024242199957370758,7.958078640513122e-13,144,B2 2025-06-11 00:00 plan
B2,2025-06-11,6,revision,39217.466594667036,1.8552849650856445e-16,0.02648639981634915,1.4701203217744783e-09,109,B2 2025-06-11 06:00
B2,2025-06-11,12,revision,34404.57677677204,0.0,0.021448099985718727,9.094947017729282e-13,73,B2 2025-06-11 12:00
B2,2025-06-11,18,revision,17810.075275026546,0.0,0.011236400110647082,7.958078640513122e-13,37,B2 2025-06-11 18:00
B2,2025-06-12,0,plan,52019.72221685527,0.0,0.023887600051239133,7.958078640513122e-13,144,B2 2025-06-12 00:00 plan
B2,2025-06-12,6,revision,37578.20851008316,0.0,0.04689460014924407,1.7053025658242404e-12,109,B2 2025-06-12 06:00
B2,2025-06-12,12,revision,32860.04373785563,0.0,0.020618699956685305,3.954244339373266e-10,73,B2 2025-06-12 12:00
B2,2025-06-12,18,revision,17909.788005530605,0.0,0.011874700197950006,8.084366509564234e-13,37,B2 2025-06-12 18:00
B2,2025-06-13,0,plan,21177.43808650159,0.0,0.03685920010320842,9.094947017729282e-13,144,B2 2025-06-13 00:00 plan
B2,2025-06-13,6,revision,12476.19740655502,0.0,0.05285279988311231,9.094947017729282e-13,109,B2 2025-06-13 06:00
B2,2025-06-13,12,revision,13110.970458192645,0.0,0.015239300206303596,9.094947017729282e-13,73,B2 2025-06-13 12:00
B2,2025-06-13,18,revision,9670.095831964454,0.0,0.012149999849498272,7.958078640513122e-13,37,B2 2025-06-13 18:00
B2,2025-06-14,0,plan,21460.81687341378,0.0,0.03106070007197559,1.9326762412674725e-12,144,B2 2025-06-14 00:00 plan
B2,2025-06-14,6,revision,13380.004080371866,0.0,0.0319234998896718,1.8882518209374793e-11,109,B2 2025-06-14 06:00
B2,2025-06-14,12,revision,13125.149703974806,0.0,0.010745700215920806,9.094947017729282e-13,73,B2 2025-06-14 12:00
B2,2025-06-14,18,revision,9648.884371403856,0.0,0.007952400017529726,5.684341886080801e-13,37,B2 2025-06-14 18:00
B2,2025-06-15,0,plan,48270.46817979475,1.5073310635982242e-16,0.020079300040379167,2.960594732333751e-12,144,B2 2025-06-15 00:00 plan
B2,2025-06-15,6,revision,37072.27419007428,0.0,0.026917900191619992,1.8403056856186595e-12,109,B2 2025-06-15 06:00
B2,2025-06-15,12,revision,32121.227403613368,0.0,0.026581500191241503,1.2292389328649733e-12,73,B2 2025-06-15 12:00
B2,2025-06-15,18,revision,17961.53283280229,0.0,0.008442600024864078,1.8189894035458565e-12,37,B2 2025-06-15 18:00
B2,2025-06-16,0,plan,50706.198996647676,1.4349246755144195e-16,0.05243499996140599,4.255790493781055e-11,144,B2 2025-06-16 00:00 plan
B2,2025-06-16,6,revision,37743.709421410575,0.0,0.030905700055882335,2.2168933355715126e-12,109,B2 2025-06-16 06:00
B2,2025-06-16,12,revision,33569.07882508107,0.0,0.01519949990324676,7.958078640513122e-13,73,B2 2025-06-16 12:00
B2,2025-06-16,18,revision,18033.9125910308,0.0,0.009564199950546026,7.958078640513122e-13,37,B2 2025-06-16 18:00
B2,2025-06-17,0,plan,51715.65251751548,0.0,0.024986800039187074,7.958078640513122e-13,144,B2 2025-06-17 00:00 plan
B2,2025-06-17,6,revision,40704.38311216911,0.0,0.019938999786973,9.094947017729282e-13,109,B2 2025-06-17 06:00
B2,2025-06-17,12,revision,34894.67092311485,0.0,0.04234819998964667,1.6360246490876307e-12,73,B2 2025-06-17 12:00
B2,2025-06-17,18,revision,18047.00741704786,0.0,0.016821299912407994,6.938596627498127e-11,37,B2 2025-06-17 18:00
B2,2025-06-18,0,plan,52298.48504451676,1.3912367840081965e-16,0.029723500134423375,8.526512829121202e-13,144,B2 2025-06-18 00:00 plan
B2,2025-06-18,6,revision,41100.40519794759,1.770288535877199e-16,0.02282679989002645,9.094947017729282e-13,109,B2 2025-06-18 06:00
B2,2025-06-18,12,revision,33695.83488725819,0.0,0.013635999988764524,2.035408878479454e-12,73,B2 2025-06-18 12:00
B2,2025-06-18,18,revision,18162.987324268524,0.0,0.010540199931710958,7.958078640513122e-13,37,B2 2025-06-18 18:00
B2,2025-06-19,0,plan,48750.237824302974,0.0,0.026266099885106087,9.094947017729282e-13,144,B2 2025-06-19 00:00 plan
B2,2025-06-19,6,revision,35077.160583751414,0.0,0.01803270005621016,1.9447406648017326e-10,109,B2 2025-06-19 06:00
B2,2025-06-19,12,revision,33114.705548041995,0.0,0.01639120001345873,9.094947017729282e-13,73,B2 2025-06-19 12:00
B2,2025-06-19,18,revision,17936.988547231384,0.0,0.008285700110718608,7.958078640513122e-13,37,B2 2025-06-19 18:00
B2,2025-06-20,0,plan,21287.142743845416,0.0,0.052337100030854344,1.0177044392397269e-11,144,B2 2025-06-20 00:00 plan
B2,2025-06-20,6,revision,13338.93452678859,0.0,0.06197260017506778,2.5863755581667647e-12,109,B2 2025-06-20 06:00
B2,2025-06-20,12,revision,13386.758071851851,0.0,0.01719969999976456,9.094947017729282e-13,73,B2 2025-06-20 12:00
B2,2025-06-20,18,revision,9636.924982932798,0.0,0.008070999989286065,6.821210263296962e-13,37,B2 2025-06-20 18:00
B2,2025-06-21,0,plan,20489.12728759312,0.0,0.026943899923935533,8.526512829121202e-13,144,B2 2025-06-21 00:00 plan
B2,2025-06-21,6,revision,12846.035579758478,0.0,0.034142599906772375,4.810966440042345e-12,109,B2 2025-06-21 06:00
B2,2025-06-21,12,revision,12865.648657132358,0.0,0.017944600200280547,3.6637359812630166e-11,73,B2 2025-06-21 12:00
B2,2025-06-21,18,revision,9766.867683425082,0.0,0.011490999953821301,8.185452315956354e-12,37,B2 2025-06-21 18:00
B2,2025-06-22,0,plan,47361.731040856204,0.0,0.024036899907514453,9.094947017729282e-13,144,B2 2025-06-22 00:00 plan
B2,2025-06-22,6,revision,37574.87684927346,1.9363889450309967e-16,0.017813100013881922,1.8503717077085944e-12,109,B2 2025-06-22 06:00
B2,2025-06-22,12,revision,33690.94210485157,0.0,0.016056900145485997,9.094947017729282e-13,73,B2 2025-06-22 12:00
B2,2025-06-22,18,revision,18486.87432137082,0.0,0.008124100044369698,1.8189894035458565e-12,37,B2 2025-06-22 18:00
B2,2025-06-23,0,plan,48879.28152188592,0.0,0.02158730011433363,1.0231815394945443e-12,144,B2 2025-06-23 00:00 plan
B2,2025-06-23,6,revision,36066.71490493643,0.0,0.024831700138747692,1.775326269924908e-11,109,B2 2025-06-23 06:00
B2,2025-06-23,12,revision,31380.96469484114,0.0,0.01786189991980791,2.312964634635743e-11,73,B2 2025-06-23 12:00
B2,2025-06-23,18,revision,18225.406393048732,0.0,0.015714999986812472,1.5654144647214707e-10,37,B2 2025-06-23 18:00
B2,2025-06-24,0,plan,56590.61634647295,0.0,0.031483600148931146,9.094947017729282e-13,144,B2 2025-06-24 00:00 plan
B2,2025-06-24,6,revision,41405.18813356439,0.0,0.03055949998088181,8.141635513917816e-12,109,B2 2025-06-24 06:00
B2,2025-06-24,12,revision,35319.31957502911,2.0600503355471075e-16,0.014283200027421117,9.094947017729282e-13,73,B2 2025-06-24 12:00
B2,2025-06-24,18,revision,18504.76152837079,0.0,0.015049500158056617,3.637978807091713e-12,37,B2 2025-06-24 18:00
B2,2025-06-25,0,plan,49325.42326952674,0.0,0.022838399978354573,1.4062824978585317e-11,144,B2 2025-06-25 00:00 plan
B2,2025-06-25,6,revision,37549.77284902275,0.0,0.03098780009895563,1.7053025658242404e-12,109,B2 2025-06-25 06:00
B2,2025-06-25,12,revision,32518.19065350465,1.1187519151529514e-16,0.01589899999089539,2.590520390792032e-12,73,B2 2025-06-25 12:00
B2,2025-06-25,18,revision,18193.895351871288,0.0,0.008028300013393164,9.094947017729282e-13,37,B2 2025-06-25 18:00
B2,2025-06-26,0,plan,48126.767520083944,0.0,0.02016930002719164,3.885780586188048e-12,144,B2 2025-06-26 00:00 plan
B2,2025-06-26,6,revision,36140.12045091207,0.0,0.04270250000990927,1.4779288903810084e-12,109,B2 2025-06-26 06:00
B2,2025-06-26,12,revision,30690.134222222256,0.0,0.031446099979802966,2.1529444893531036e-12,73,B2 2025-06-26 12:00
B2,2025-06-26,18,revision,18263.68362585761,0.0,0.00774300005286932,1.8417267710901796e-12,37,B2 2025-06-26 18:00
B2,2025-06-27,0,plan,21783.222007911223,0.0,0.02121939999051392,1.8503717077085944e-12,144,B2 2025-06-27 00:00 plan
B2,2025-06-27,6,revision,13158.845225923582,0.0,0.03395810001529753,3.0524915928253904e-10,109,B2 2025-06-27 06:00
B2,2025-06-27,12,revision,13025.845548830022,0.0,0.014723100000992417,2.4687959884076387e-12,73,B2 2025-06-27 12:00
B2,2025-06-27,18,revision,9709.47673559332,0.0,0.011260299943387508,9.094947017729282e-13,37,B2 2025-06-27 18:00
B2,2025-06-28,0,plan,20396.892589024174,0.0,0.021885900059714913,7.958078640513122e-13,144,B2 2025-06-28 00:00 plan
B2,2025-06-28,6,revision,12992.129512404574,0.0,0.021930000046268106,8.895106873296754e-13,109,B2 2025-06-28 06:00
B2,2025-06-28,12,revision,12910.774385353367,0.0,0.014462799998000264,5.440092820663267e-11,73,B2 2025-06-28 12:00
B2,2025-06-28,18,revision,9626.260610296033,0.0,0.011691400082781911,5.4569682106375694e-12,37,B2 2025-06-28 18:00
B2,2025-06-29,0,plan,47376.51349688962,0.0,0.02213649987243116,8.668621376273222e-13,144,B2 2025-06-29 00:00 plan
B2,2025-06-29,6,revision,37507.896181944554,0.0,0.01785950013436377,7.771561172376096e-12,109,B2 2025-06-29 06:00
B2,2025-06-29,12,revision,33968.90108182754,0.0,0.01024270011112094,1.8189894035458565e-12,73,B2 2025-06-29 12:00
B2,2025-06-29,18,revision,18866.999775623422,0.0,0.007209900068119168,1.8189894035458565e-12,37,B2 2025-06-29 18:00
B2,2025-06-30,0,plan,51952.10934804557,0.0,0.01921950001269579,7.958078640513122e-13,144,B2 2025-06-30 00:00 plan
B2,2025-06-30,6,revision,38389.188830374165,1.8953142371235954e-16,0.017595000099390745,9.094947017729282e-13,109,B2 2025-06-30 06:00
B2,2025-06-30,12,revision,33570.74987856599,0.0,0.014142700005322695,1.5950204120448083e-10,73,B2 2025-06-30 12:00
B2,2025-06-30,18,revision,18807.93157045957,0.0,0.00816359999589622,1.0105527525894331e-12,37,B2 2025-06-30 18:00
B2,2025-07-01,0,plan,44379.582706215144,0.0,0.03253269987180829,8.668621376273222e-13,144,B2 2025-07-01 00:00 plan
B2,2025-07-01,6,revision,35087.112736436655,0.0,0.019375599920749664,7.958078640513122e-13,109,B2 2025-07-01 06:00
B2,2025-07-01,12,revision,30387.727868593298,0.0,0.015157700050622225,9.094947017729282e-13,73,B2 2025-07-01 12:00
B2,2025-07-01,18,revision,23493.309246701047,0.0,0.01127070002257824,1.1368683772161603e-13,37,B2 2025-07-01 18:00
B2,2025-07-02,0,plan,49869.51643612522,0.0,0.020774200093001127,9.094947017729282e-13,144,B2 2025-07-02 00:00 plan
B2,2025-07-02,6,revision,34461.08451371975,0.0,0.0399957001209259,2.1600499167107046e-12,109,B2 2025-07-02 06:00
B2,2025-07-02,12,revision,33106.89240914935,0.0,0.021384399849921465,9.094947017729282e-13,73,B2 2025-07-02 12:00
B2,2025-07-02,18,revision,20821.6338466597,0.0,0.008297699969261885,1.8417267710901796e-12,37,B2 2025-07-02 18:00
B2,2025-07-03,0,plan,55450.72002624954,0.0,0.029130300041288137,2.960594732333751e-12,144,B2 2025-07-03 00:00 plan
B2,2025-07-03,6,revision,42119.2797945821,0.0,0.021939300000667572,9.094947017729282e-13,109,B2 2025-07-03 06:00
B2,2025-07-03,12,revision,34884.28792419816,4.1714812295975334e-16,0.04503250005654991,1.5205614545266144e-12,73,B2 2025-07-03 12:00
B2,2025-07-03,18,revision,20960.293549182785,1.735652603602755e-16,0.014906599884852767,7.958078640513122e-13,37,B2 2025-07-03 18:00
B2,2025-07-04,0,plan,24724.906096184717,0.0,0.07603220012970269,1.8332002582610585e-12,144,B2 2025-07-04 00:00 plan
B2,2025-07-04,6,revision,17001.61189342313,0.0,0.037184700137004256,2.7853275241795927e-11,109,B2 2025-07-04 06:00
B2,2025-07-04,12,revision,15765.781477005921,0.0,0.015167100122198462,9.094947017729282e-13,73,B2 2025-07-04 12:00
B2,2025-07-04,18,revision,12410.771722916223,0.0,0.011686200043186545,7.389644451905042e-13,37,B2 2025-07-04 18:00
B2,2025-07-05,0,plan,26084.150056258997,0.0,0.04753590002655983,1.4802973661668755e-12,144,B2 2025-07-05 00:00 plan
B2,2025-07-05,6,revision,16162.740153903527,0.0,0.044032099889591336,4.547473508864641e-11,109,B2 2025-07-05 06:00
B2,2025-07-05,12,revision,16252.325039739013,0.0,0.015679400181397796,9.094947017729282e-13,73,B2 2025-07-05 12:00
B2,2025-07-05,18,revision,12707.599114519347,0.0,0.010343400062993169,7.847056338050606e-13,37,B2 2025-07-05 18:00
B2,2025-07-06,0,plan,48864.270866019906,1.4890138510678377e-16,0.024267399916425347,9.094947017729282e-13,144,B2 2025-07-06 00:00 plan
B2,2025-07-06,6,revision,40443.61258887975,0.0,0.017773200059309602,9.094947017729282e-13,109,B2 2025-07-06 06:00
B2,2025-07-06,12,revision,35602.516687116666,0.0,0.013373699970543385,9.094947017729282e-13,73,B2 2025-07-06 12:00
B2,2025-07-06,18,revision,19753.643958224882,0.0,0.008713299874216318,7.958078640513122e-13,37,B2 2025-07-06 18:00
B2,2025-07-07,0,plan,55153.365617988915,0.0,0.01796999992802739,7.958078640513122e-13,144,B2 2025-07-07 00:00 plan
B2,2025-07-07,6,revision,37099.15198945761,0.0,0.017781500006094575,1.4779288903810084e-12,109,B2 2025-07-07 06:00
B2,2025-07-07,12,revision,36100.55937278027,0.0,0.013278800062835217,9.379164112033322e-13,73,B2 2025-07-07 12:00
B2,2025-07-07,18,revision,21477.232374913638,0.0,0.01091100019402802,3.2011430543358685e-11,37,B2 2025-07-07 18:00
B2,2025-07-08,0,plan,63956.11126075338,1.1376485328382234e-16,0.021591999800875783,2.1094237467877974e-11,144,B2 2025-07-08 00:00 plan
B2,2025-07-08,6,revision,45267.80948110167,0.0,0.017541800159960985,7.401486830834377e-12,109,B2 2025-07-08 06:00
B2,2025-07-08,12,revision,40459.38373412006,1.798336243082094e-16,0.01325890002772212,3.700743415417189e-12,73,B2 2025-07-08 12:00
B2,2025-07-08,18,revision,23932.53162514916,0.0,0.007831899914890528,1.8189894035458565e-12,37,B2 2025-07-08 18:00
B2,2025-07-09,0,plan,54168.446859048956,0.0,0.016922199865803123,9.094947017729282e-13,144,B2 2025-07-09 00:00 plan
B2,2025-07-09,6,revision,38168.26143506325,0.0,0.022184399887919426,8.242295734817162e-13,109,B2 2025-07-09 06:00
B2,2025-07-09,12,revision,34958.17334548177,0.0,0.01382469991222024,2.960594732333751e-11,73,B2 2025-07-09 12:00
B2,2025-07-09,18,revision,21108.29184894945,0.0,0.01307400013320148,7.958078640513122e-13,37,B2 2025-07-09 18:00
B2,2025-07-10,0,plan,51240.453242248164,0.0,0.01849070005118847,1.6653345369377348e-12,144,B2 2025-07-10 00:00 plan
B2,2025-07-10,6,revision,36558.566846813934,0.0,0.01761480001732707,2.5011104298755527e-12,109,B2 2025-07-10 06:00
B2,2025-07-10,12,revision,34212.40074599501,0.0,0.013809599913656712,8.715250743307479e-11,73,B2 2025-07-10 12:00
B2,2025-07-10,18,revision,20947.608932391304,0.0,0.010627900017425418,7.958078640513122e-13,37,B2 2025-07-10 18:00
B2,2025-07-11,0,plan,26999.501162109467,0.0,0.025254900101572275,2.1899473435245527e-12,144,B2 2025-07-11 00:00 plan
B2,2025-07-11,6,revision,16688.73964696718,0.0,0.05936720012687147,1.591319668629391e-11,109,B2 2025-07-11 06:00
B2,2025-07-11,12,revision,16362.940155445427,0.0,0.013720900053158402,1.0231815394945443e-12,73,B2 2025-07-11 12:00
B2,2025-07-11,18,revision,12604.116705201199,0.0,0.01197559991851449,9.094947017729282e-13,37,B2 2025-07-11 18:00
B2,2025-07-12,0,plan,25191.027648451705,0.0,0.03140669991262257,1.0177044392397269e-11,144,B2 2025-07-12 00:00 plan
B2,2025-07-12,6,revision,16608.165785661073,0.0,0.03545650001615286,3.637978807091713e-12,109,B2 2025-07-12 06:00
B2,2025-07-12,12,revision,16973.171782319,0.0,0.014350299956277013,9.094947017729282e-13,73,B2 2025-07-12 12:00
B2,2025-07-12,18,revision,12443.636244791152,0.0,0.011467099888250232,5.684341886080801e-13,37,B2 2025-07-12 18:00
B2,2025-07-13,0,plan,55396.8126768841,0.0,0.027468800079077482,9.094947017729282e-13,144,B2 2025-07-13 00:00 plan
B2,2025-07-13,6,revision,36638.29889499263,0.0,0.017268999945372343,1.6653345369377348e-12,109,B2 2025-07-13 06:00
B2,2025-07-13,12,revision,34040.131318544765,0.0,0.013565500034019351,3.1456319031046105e-12,73,B2 2025-07-13 12:00
B2,2025-07-13,18,revision,20784.061902282076,0.0,0.01019930001348257,7.958078640513122e-13,37,B2 2025-07-13 18:00
B2,2025-07-14,0,plan,52560.177261735196,0.0,0.030555000063031912,2.582082114579324e-12,144,B2 2025-07-14 00:00 plan
B2,2025-07-14,6,revision,35349.91342002979,0.0,0.020996599923819304,1.1102230246251565e-10,109,B2 2025-07-14 06:00
B2,2025-07-14,12,revision,33767.670940558164,0.0,0.013744000112637877,4.41321863218036e-07,73,B2 2025-07-14 12:00
B2,2025-07-14,18,revision,21261.519556878015,0.0,0.007710499921813607,7.958078640513122e-13,37,B2 2025-07-14 18:00
B2,2025-07-15,0,plan,55147.43057869995,0.0,0.021269500022754073,7.958078640513122e-13,144,B2 2025-07-15 00:00 plan
B2,2025-07-15,6,revision,37396.677932214,0.0,0.01822530012577772,8.952838470577262e-13,109,B2 2025-07-15 06:00
B2,2025-07-15,12,revision,35070.90929811814,4.149283699680889e-16,0.014141499996185303,7.958078640513122e-13,73,B2 2025-07-15 12:00
B2,2025-07-15,18,revision,21417.250106334373,3.397241745816605e-16,0.014790399931371212,7.958078640513122e-13,37,B2 2025-07-15 18:00
B2,2025-07-16,0,plan,53229.24686720725,0.0,0.01966380001977086,1.0231815394945443e-12,144,B2 2025-07-16 00:00 plan
B2,2025-07-16,6,revision,35919.67032260849,0.0,0.018268199870362878,9.251858538542972e-13,109,B2 2025-07-16 06:00
B2,2025-07-16,12,revision,34891.4685911496,0.0,0.014123500091955066,1.4802973661668755e-12,73,B2 2025-07-16 12:00
B2,2025-07-16,18,revision,21319.393976504925,0.0,0.007658400107175112,1.8189894035458565e-12,37,B2 2025-07-16 18:00
B2,2025-07-17,0,plan,51554.192579911156,0.0,0.030172300059348345,3.885780586188048e-12,144,B2 2025-07-17 00:00 plan
B2,2025-07-17,6,revision,37784.45942487587,0.0,0.01721760001964867,1.2505552149377763e-12,109,B2 2025-07-17 06:00
B2,2025-07-17,12,revision,34990.73959551369,0.0,0.013029999798163772,1.8189894035458565e-12,73,B2 2025-07-17 12:00
B2,2025-07-17,18,revision,21184.144003333135,3.434624317621056e-16,0.010141500039026141,7.958078640513122e-13,37,B2 2025-07-17 18:00
B2,2025-07-18,0,plan,31551.69895364684,0.0,0.020980400033295155,8.526512829121202e-13,144,B2 2025-07-18 00:00 plan
B2,2025-07-18,6,revision,19674.41618120278,0.0,0.02882660017348826,8.952838470577262e-13,109,B2 2025-07-18 06:00
B2,2025-07-18,12,revision,19165.65252166316,1.8981763354937505e-16,0.008768399944528937,9.094947017729282e-13,73,B2 2025-07-18 12:00
B2,2025-07-18,18,revision,14141.251785391554,0.0,0.006600600201636553,2.5011104298755527e-12,37,B2 2025-07-18 18:00
B2,2025-07-19,0,plan,27458.80878855184,0.0,0.03340890002436936,9.094947017729282e-13,144,B2 2025-07-19 00:00 plan
B2,2025-07-19,6,revision,17536.17331877597,0.0,0.03720270004123449,1.0308420783644578e-09,109,B2 2025-07-19 06:00
B2,2025-07-19,12,revision,17865.265137736453,0.0,0.010128699941560626,9.094947017729282e-13,73,B2 2025-07-19 12:00
B2,2025-07-19,18,revision,12842.442927689763,0.0,0.007469499949365854,4.547473508864641e-12,37,B2 2025-07-19 18:00
B2,2025-07-20,0,plan,54297.045148318124,0.0,0.02758810017257929,9.094947017729282e-13,144,B2 2025-07-20 00:00 plan
B2,2025-07-20,6,revision,38507.9496484218,0.0,0.017975300084799528,7.494005416219807e-11,109,B2 2025-07-20 06:00
B2,2025-07-20,12,revision,34912.53785141935,0.0,0.014575100038200617,1.8189894035458565e-12,73,B2 2025-07-20 12:00
B2,2025-07-20,18,revision,21169.67190076706,0.0,0.010925199836492538,7.958078640513122e-13,37,B2 2025-07-20 18:00
B2,2025-07-21,0,plan,56617.769811771876,0.0,0.022159299813210964,4.625929269271486e-12,144,B2 2025-07-21 00:00 plan
B2,2025-07-21,6,revision,39118.39271263995,0.0,0.0184946998488158,2.590520390792032e-12,109,B2 2025-07-21 06:00
B2,2025-07-21,12,revision,36864.00217435397,0.0,0.013502900023013353,6.309767523286307e-11,73,B2 2025-07-21 12:00
B2,2025-07-21,18,revision,21633.286418664124,0.0,0.010154499905183911,7.958078640513122e-13,37,B2 2025-07-21 18:00
B2,2025-07-22,0,plan,55244.867333059236,2.6340755134113244e-16,0.012602499919012189,9.094947017729282e-13,144,B2 2025-07-22 00:00 plan
B2,2025-07-22,6,revision,47522.18631445877,0.0,0.026369000086560845,1.4779288903810084e-12,109,B2 2025-07-22 06:00
B2,2025-07-22,12,revision,35922.58010472822,0.0,0.01511499984189868,3.1861032163560015e-12,73,B2 2025-07-22 12:00
B2,2025-07-22,18,revision,21833.565863519554,0.0,0.007938799913972616,2.132694021383941e-12,37,B2 2025-07-22 18:00
B2,2025-07-23,0,plan,62724.0943099013,0.0,0.019547600066289306,9.094947017729282e-13,144,B2 2025-07-23 00:00 plan
B2,2025-07-23,6,revision,42910.03009690145,0.0,0.01737889996729791,5.551115123125783e-12,109,B2 2025-07-23 06:00
B2,2025-07-23,12,revision,38791.50749663575,0.0,0.01900620013475418,8.242295734817162e-13,73,B2 2025-07-23 12:00
B2,2025-07-23,18,revision,22109.356832151872,0.0,0.010500799864530563,7.958078640513122e-13,37,B2 2025-07-23 18:00
B2,2025-07-24,0,plan,60635.74910018854,0.0,0.022505300119519234,7.958078640513122e-13,144,B2 2025-07-24 00:00 plan
B2,2025-07-24,6,revision,42447.870859564566,0.0,0.017541700042784214,2.475797344914099e-10,109,B2 2025-07-24 06:00
B2,2025-07-24,12,revision,38716.80784704149,0.0,0.01391349988989532,1.8503717077085944e-12,73,B2 2025-07-24 12:00
B2,2025-07-24,18,revision,21503.992321323076,0.0,0.00820809998549521,1.0231815394945443e-12,37,B2 2025-07-24 18:00
B2,2025-07-25,0,plan,25780.667777759692,0.0,0.049814000027254224,7.389644451905042e-13,144,B2 2025-07-25 00:00 plan
B2,2025-07-25,6,revision,16808.706547669517,0.0,0.0231500999070704,7.586524001605237e-12,109,B2 2025-07-25 06:00
B2,2025-07-25,12,revision,16549.20966327073,2.1982794835005525e-16,0.009715900057926774,1.8189894035458565e-12,73,B2 2025-07-25 12:00
B2,2025-07-25,18,revision,12876.82599933192,0.0,0.0074305001180619,6.821210263296962e-13,37,B2 2025-07-25 18:00
B2,2025-07-26,0,plan,25792.04071155622,0.0,0.0365557000041008,1.3926637620897964e-12,144,B2 2025-07-26 00:00 plan
B2,2025-07-26,6,revision,16833.11466260104,0.0,0.039074699860066175,9.094947017729282e-13,109,B2 2025-07-26 06:00
B2,2025-07-26,12,revision,16548.734981419617,0.0,0.013985799858346581,2.1316282072803006e-10,73,B2 2025-07-26 12:00
B2,2025-07-26,18,revision,12953.492036925829,0.0,0.007213799981400371,1.8189894035458565e-12,37,B2 2025-07-26 18:00
B2,2025-07-27,0,plan,54185.62907348767,0.0,0.024653400061652064,9.094947017729282e-13,144,B2 2025-07-27 00:00 plan
B2,2025-07-27,6,revision,39001.88157425005,0.0,0.01861210004426539,9.094947017729282e-13,109,B2 2025-07-27 06:00
B2,2025-07-27,12,revision,34502.15618213635,0.0,0.01479079993441701,7.958078640513122e-13,73,B2 2025-07-27 12:00
B2,2025-07-27,18,revision,21280.002720638255,0.0,0.010683400090783834,7.958078640513122e-13,37,B2 2025-07-27 18:00
B2,2025-07-28,0,plan,55935.55825018569,0.0,0.020566399907693267,9.094947017729282e-13,144,B2 2025-07-28 00:00 plan
B2,2025-07-28,6,revision,42171.39427780745,0.0,0.016594499815255404,1.5916157281026244e-12,109,B2 2025-07-28 06:00
B2,2025-07-28,12,revision,36958.654914382954,0.0,0.013131699990481138,8.100187187665142e-13,73,B2 2025-07-28 12:00
B2,2025-07-28,18,revision,21276.21109742817,0.0,0.008022600086405873,7.958078640513122e-13,37,B2 2025-07-28 18:00
B2,2025-07-29,0,plan,56590.531597588364,0.0,0.024191500153392553,8.100187187665142e-13,144,B2 2025-07-29 00:00 plan
B2,2025-07-29,6,revision,44362.55477926513,0.0,0.02954020001925528,1.5916157281026244e-12,109,B2 2025-07-29 06:00
B2,2025-07-29,12,revision,36552.38741323312,0.0,0.015054399846121669,7.494005416219807e-11,73,B2 2025-07-29 12:00
B2,2025-07-29,18,revision,22163.838746117905,3.282805698745594e-16,0.01107629993930459,7.958078640513122e-13,37,B2 2025-07-29 18:00
B2,2025-07-30,0,plan,50903.21443484789,0.0,0.020374800078570843,7.958078640513122e-13,144,B2 2025-07-30 00:00 plan
B2,2025-07-30,6,revision,43312.74437289887,0.0,0.017359199933707714,1.2582527612418442e-11,109,B2 2025-07-30 06:00
B2,2025-07-30,12,revision,36524.85642835375,0.0,0.013044500024989247,8.810729923425242e-13,73,B2 2025-07-30 12:00
B2,2025-07-30,18,revision,21801.603050244466,3.3373498257972543e-16,0.011204800102859735,7.958078640513122e-13,37,B2 2025-07-30 18:00
B2,2025-07-31,0,plan,53578.16516696223,0.0,0.019053399795666337,8.526512829121202e-13,144,B2 2025-07-31 00:00 plan
B2,2025-07-31,6,revision,40059.2186814659,3.6326008612593214e-16,0.021017600083723664,2.0463630789890885e-12,109,B2 2025-07-31 06:00
B2,2025-07-31,12,revision,36288.78994071699,2.0050152198708636e-16,0.02148319990374148,8.588685318500211e-13,73,B2 2025-07-31 12:00
B2,2025-07-31,18,revision,21684.517473249853,0.0,0.00768919987604022,7.958078640513122e-13,37,B2 2025-07-31 18:00
B2,2025-08-01,0,plan,26342.76376152469,0.0,0.048401599982753396,2.5263741715914672e-12,144,B2 2025-08-01 00:00 plan
B2,2025-08-01,6,revision,16719.847986996934,0.0,0.024640100076794624,4.625929269271486e-12,109,B2 2025-08-01 06:00
B2,2025-08-01,12,revision,16595.970466932824,0.0,0.0099416000302881,9.094947017729282e-13,73,B2 2025-08-01 12:00
B2,2025-08-01,18,revision,12879.335312785135,0.0,0.011606700019910932,7.958078640513122e-13,37,B2 2025-08-01 18:00
B2,2025-08-02,0,plan,26869.24684015589,0.0,0.05182030005380511,1.9326762412674725e-12,144,B2 2025-08-02 00:00 plan
B2,2025-08-02,6,revision,16961.52423995821,0.0,0.017905799904838204,7.958078640513122e-13,109,B2 2025-08-02 06:00
B2,2025-08-02,12,revision,17051.232758027032,0.0,0.009726200019940734,9.094947017729282e-13,73,B2 2025-08-02 12:00
B2,2025-08-02,18,revision,12808.830925214725,0.0,0.0074269999749958515,5.9117155615240335e-12,37,B2 2025-08-02 18:00
B2,2025-08-03,0,plan,45334.87900699264,0.0,0.026522800093516707,9.094947017729282e-13,144,B2 2025-08-03 00:00 plan
B2,2025-08-03,6,revision,32668.66740173518,3.3407963315624714e-16,0.022805799962952733,3.126388037344441e-12,109,B2 2025-08-03 06:00
B2,2025-08-03,12,revision,30315.177432623343,1.2000519591802692e-16,0.02862640004605055,1.078646453472778e-12,73,B2 2025-08-03 12:00
B2,2025-08-03,18,revision,20912.961585050696,0.0,0.010099299950525165,6.039613253960852e-10,37,B2 2025-08-03 18:00
B2,2025-08-04,0,plan,48889.835958123986,1.4882352275461837e-16,0.019860200118273497,9.251858538542972e-13,144,B2 2025-08-04 00:00 plan
B2,2025-08-04,6,revision,35735.03658826842,0.0,0.025173099944368005,1.5774048733874224e-12,109,B2 2025-08-04 06:00
B2,2025-08-04,12,revision,32063.980022035623,1.134599885788212e-16,0.02655009995214641,1.8189894035458565e-12,73,B2 2025-08-04 12:00
B2,2025-08-04,18,revision,21243.860552835227,3.4249695793697767e-16,0.011162800015881658,8.739675649849232e-13,37,B2 2025-08-04 18:00
B2,2025-08-05,0,plan,47921.980882261145,0.0,0.02204940002411604,5.551115123125783e-12,144,B2 2025-08-05 00:00 plan
B2,2025-08-05,6,revision,35212.33396392591,0.0,0.030565100023522973,1.5347723092418164e-12,109,B2 2025-08-05 06:00
B2,2025-08-05,12,revision,31838.677108048665,0.0,0.024070899933576584,1.8189894035458565e-12,73,B2 2025-08-05 12:00
B2,2025-08-05,18,revision,21058.58953320772,0.0,0.010405000066384673,7.958078640513122e-13,37,B2 2025-08-05 18:00
B2,2025-08-06,0,plan,53166.85961695805,0.0,0.02465529995970428,9.094947017729282e-13,144,B2 2025-08-06 00:00 plan
B2,2025-08-06,6,revision,36462.16686677624,0.0,0.024593600071966648,1.6653345369377348e-12,109,B2 2025-08-06 06:00
B2,2025-08-06,12,revision,36078.87712044258,0.0,0.013649499975144863,9.094947017729282e-13,73,B2 2025-08-06 12:00
B2,2025-08-06,18,revision,20824.32431394403,0.0,0.010125800035893917,7.958078640513122e-13,37,B2 2025-08-06 18:00
B2,2025-08-07,0,plan,52534.57665195426,0.0,0.018761200131848454,1.1102230246251565e-12,144,B2 2025-08-07 00:00 plan
B2,2025-08-07,6,revision,36196.99078256888,0.0,0.017242599977180362,3.0531133177191805e-11,109,B2 2025-08-07 06:00
B2,2025-08-07,12,revision,33459.97600399174,0.0,0.0146120002027601,2.220446049250313e-12,73,B2 2025-08-07 12:00
B2,2025-08-07,18,revision,20716.592775409117,0.0,0.0076425999868661165,1.8189894035458565e-12,37,B2 2025-08-07 18:00
B2,2025-08-08,0,plan,24725.526099750325,0.0,0.03056239988654852,4.255854927729767e-12,144,B2 2025-08-08 00:00 plan
B2,2025-08-08,6,revision,15330.798935768194,0.0,0.022551599889993668,7.956598343146956e-11,109,B2 2025-08-08 06:00
B2,2025-08-08,12,revision,15209.88335587193,0.0,0.016618600115180016,9.094947017729282e-13,73,B2 2025-08-08 12:00
B2,2025-08-08,18,revision,12078.684185768261,0.0,0.00823510019108653,1.9610979506978765e-12,37,B2 2025-08-08 18:00
B2,2025-08-09,0,plan,24002.239123893374,0.0,0.07047519995830953,1.9326762412674725e-12,144,B2 2025-08-09 00:00 plan
B2,2025-08-09,6,revision,14946.958547926166,1.2169629009898034e-16,0.04355329996906221,2.4442670110147446e-11,109,B2 2025-08-09 06:00
B2,2025-08-09,12,revision,15069.330412800959,0.0,0.01680239988490939,9.094947017729282e-13,73,B2 2025-08-09 12:00
B2,2025-08-09,18,revision,11907.018945530288,0.0,0.011417199857532978,5.962243044955863e-12,37,B2 2025-08-09 18:00
B2,2025-08-10,0,plan,48871.35477401341,0.0,0.02133420016616583,2.4054832200211726e-12,144,B2 2025-08-10 00:00 plan
B2,2025-08-10,6,revision,33132.53114185722,0.0,0.025267799850553274,2.590520390792032e-12,109,B2 2025-08-10 06:00
B2,2025-08-10,12,revision,32610.20244673139,0.0,0.013920300174504519,6.106226635438361e-12,73,B2 2025-08-10 12:00
B2,2025-08-10,18,revision,20829.218121789407,0.0,0.007477100007236004,2.7906565946977935e-12,37,B2 2025-08-10 18:00
B2,2025-08-11,0,plan,46910.766388204946,0.0,0.01924419985152781,8.668621376273222e-13,144,B2 2025-08-11 00:00 plan
B2,2025-08-11,6,revision,33546.9514579653,2.1688878714658413e-16,0.01768429996445775,2.6147972675971687e-12,109,B2 2025-08-11 06:00
B2,2025-08-11,12,revision,31667.328601136534,0.0,0.0212888999376446,7.958078640513122e-13,73,B2 2025-08-11 12:00
B2,2025-08-11,18,revision,20390.364087294136,0.0,0.007897100178524852,1.1368683772161603e-12,37,B2 2025-08-11 18:00
B2,2025-08-12,0,plan,50758.77019450089,0.0,0.023431899957358837,8.952838470577262e-13,144,B2 2025-08-12 00:00 plan
B2,2025-08-12,6,revision,36178.55761813338,0.0,0.023578699911013246,1.5916157281026244e-12,109,B2 2025-08-12 06:00
B2,2025-08-12,12,revision,33102.32687016057,0.0,0.013739900197833776,1.295260195396016e-12,73,B2 2025-08-12 12:00
B2,2025-08-12,18,revision,20469.37634197275,0.0,0.010423700092360377,7.958078640513122e-13,37,B2 2025-08-12 18:00
B2,2025-08-13,0,plan,45219.0257660375,0.0,0.024435499915853143,2.1600499167107046e-12,144,B2 2025-08-13 00:00 plan
B2,2025-08-13,6,revision,31255.18151260098,0.0,0.024042600067332387,2.524203068787756e-12,109,B2 2025-08-13 06:00
B2,2025-08-13,12,revision,30520.498912000396,2.3839576263684805e-16,0.014781600097194314,1.8189894035458565e-12,73,B2 2025-08-13 12:00
B2,2025-08-13,18,revision,20136.6374921793,0.0,0.007780899992212653,7.958078640513122e-13,37,B2 2025-08-13 18:00
B2,2025-08-14,0,plan,47127.61090976619,0.0,0.02324439981020987,3.885780586188048e-12,144,B2 2025-08-14 00:00 plan
B2,2025-08-14,6,revision,34791.26061709354,0.0,0.02751799998804927,2.5366375666635577e-12,109,B2 2025-08-14 06:00
B2,2025-08-14,12,revision,31066.059590698707,1.171046104663025e-16,0.017458500107750297,1.942890293094024e-11,73,B2 2025-08-14 12:00
B2,2025-08-14,18,revision,20076.50029460857,0.0,0.006741799879819155,2.248867758680717e-12,37,B2 2025-08-14 18:00
B2,2025-08-15,0,plan,24936.29440083268,0.0,0.04495660006068647,8.955042344458418e-12,144,B2 2025-08-15 00:00 plan
B2,2025-08-15,6,revision,15180.558051229442,0.0,0.018926499877125025,1.4802973661668755e-12,109,B2 2025-08-15 06:00
B2,2025-08-15,12,revision,15017.41036400809,0.0,0.009945000056177378,9.094947017729282e-13,73,B2 2025-08-15 12:00
B2,2025-08-15,18,revision,11637.55692218008,0.0,0.007516499841585755,6.821210263296962e-13,37,B2 2025-08-15 18:00
B2,2025-08-16,0,plan,26266.51943192492,0.0,0.0477161998860538,9.094947017729282e-13,144,B2 2025-08-16 00:00 plan
B2,2025-08-16,6,revision,16082.840813877736,0.0,0.01867410005070269,1.010549668636587e-12,109,B2 2025-08-16 06:00
B2,2025-08-16,12,revision,16113.36323138434,0.0,0.009557199897244573,9.094947017729282e-13,73,B2 2025-08-16 12:00
B2,2025-08-16,18,revision,11810.789172439549,0.0,0.0075019001960754395,9.094947017729282e-13,37,B2 2025-08-16 18:00
B2,2025-08-17,0,plan,47902.003726101255,0.0,0.02164190006442368,7.401486830834377e-12,144,B2 2025-08-17 00:00 plan
B2,2025-08-17,6,revision,31984.498258919964,0.0,0.025176800088956952,2.0463630789890885e-12,109,B2 2025-08-17 06:00
B2,2025-08-17,12,revision,30910.241696600315,1.1769493240461586e-16,0.038415199844166636,1.8189894035458565e-12,73,B2 2025-08-17 12:00
B2,2025-08-17,18,revision,20099.907594657518,3.6198960517198342e-16,0.0101991998963058,7.958078640513122e-13,37,B2 2025-08-17 18:00
B2,2025-08-18,0,plan,47635.35846573284,0.0,0.029844400007277727,9.094947017729282e-13,144,B2 2025-08-18 00:00 plan
B2,2025-08-18,6,revision,32323.6931496817,0.0,0.025162599980831146,1.9895196601282805e-12,109,B2 2025-08-18 06:00
B2,2025-08-18,12,revision,30766.868790368866,0.0,0.03566060005687177,1.1141310096718371e-11,73,B2 2025-08-18 12:00
B2,2025-08-18,18,revision,20281.269164588794,1.793762894012394e-16,0.010321500012651086,8.988365607365267e-13,37,B2 2025-08-18 18:00
B2,2025-08-19,0,plan,47540.51418289845,0.0,0.02162610017694533,2.960594732333751e-12,144,B2 2025-08-19 00:00 plan
B2,2025-08-19,6,revision,31351.749292571407,4.641500253325525e-16,0.020118099870160222,1.9326762412674725e-12,109,B2 2025-08-19 06:00
B2,2025-08-19,12,revision,31380.373052540148,1.1593166215712751e-16,0.014823799952864647,8.810729923425242e-13,73,B2 2025-08-19 12:00
B2,2025-08-19,18,revision,20442.157449876013,0.0,0.007461100118234754,5.78059045075463e-12,37,B2 2025-08-19 18:00
B2,2025-08-20,0,plan,51270.710955203074,0.0,0.01951300003565848,2.4054832200211726e-12,144,B2 2025-08-20 00:00 plan
B2,2025-08-20,6,revision,36020.97387358667,0.0,0.017359399935230613,3.700743415417189e-12,109,B2 2025-08-20 06:00
B2,2025-08-20,12,revision,31887.94180487813,2.281726948294408e-16,0.01425320003181696,8.704148513061227e-13,73,B2 2025-08-20 12:00
B2,2025-08-20,18,revision,20181.728085018796,0.0,0.010849399957805872,8.413270080609436e-13,37,B2 2025-08-20 18:00
B2,2025-08-21,0,plan,48971.180073379786,0.0,0.033719100058078766,8.526512829121202e-13,144,B2 2025-08-21 00:00 plan
B2,2025-08-21,6,revision,33047.36101981681,0.0,0.017655699979513884,2.590520390792032e-12,109,B2 2025-08-21 06:00
B2,2025-08-21,12,revision,31149.539927689195,0.0,0.020490000024437904,1.5916157281026244e-12,73,B2 2025-08-21 12:00
B2,2025-08-21,18,revision,20081.98131149654,0.0,0.010266399942338467,1.1102230246251565e-11,37,B2 2025-08-21 18:00
B2,2025-08-22,0,plan,24815.441045996624,0.0,0.02071409998461604,3.999204388352716e-12,144,B2 2025-08-22 00:00 plan
B2,2025-08-22,6,revision,15106.699488760067,0.0,0.018936200067400932,8.526512829121202e-13,109,B2 2025-08-22 06:00
B2,2025-08-22,12,revision,15132.513785049281,0.0,0.009465399896726012,1.8189894035458565e-12,73,B2 2025-08-22 12:00
B2,2025-08-22,18,revision,11625.595476607567,0.0,0.007520499872043729,6.821210263296962e-13,37,B2 2025-08-22 18:00
B2,2025-08-23,0,plan,23468.55153278502,0.0,0.029861199902370572,8.881784197001252e-13,144,B2 2025-08-23 00:00 plan
B2,2025-08-23,6,revision,14993.05209983373,0.0,0.03357159998267889,4.625929269271486e-12,109,B2 2025-08-23 06:00
B2,2025-08-23,12,revision,15109.327442120697,1.2038850905269342e-16,0.009040799923241138,9.094947017729282e-13,73,B2 2025-08-23 12:00
B2,2025-08-23,18,revision,11692.55503858381,0.0,0.007133600069209933,5.4569682106375694e-12,37,B2 2025-08-23 18:00
B2,2025-08-24,0,plan,47114.222929450065,0.0,0.035865999991074204,2.684717862776962e-11,144,B2 2025-08-24 00:00 plan
B2,2025-08-24,6,revision,30682.164273046452,2.3713964730236388e-16,0.021388099994510412,1.3692750637043598e-11,109,B2 2025-08-24 06:00
B2,2025-08-24,12,revision,31852.559914050646,0.0,0.017828899901360273,3.611925573447176e-10,73,B2 2025-08-24 12:00
B2,2025-08-24,18,revision,20293.12890447797,0.0,0.010785199934616685,3.5508633070927925e-10,37,B2 2025-08-24 18:00
B2,2025-08-25,0,plan,60561.20514194998,0.0,0.022318299859762192,1.0231815394945443e-12,144,B2 2025-08-25 00:00 plan
B2,2025-08-25,6,revision,40863.90434606574,0.0,0.016969999996945262,1.5916157281026244e-12,109,B2 2025-08-25 06:00
B2,2025-08-25,12,revision,36513.09277575383,0.0,0.013847799971699715,9.094947017729282e-13,73,B2 2025-08-25 12:00
B2,2025-08-25,18,revision,20128.04815440811,0.0,0.007498400053009391,2.4054832200211726e-12,37,B2 2025-08-25 18:00
B2,2025-08-26,0,plan,48092.560194538775,0.0,0.020329900085926056,1.295260195396016e-12,144,B2 2025-08-26 00:00 plan
B2,2025-08-26,6,revision,35018.801264584945,0.0,0.023520899936556816,2.6503244043851737e-12,109,B2 2025-08-26 06:00
B2,2025-08-26,12,revision,32338.97334797108,0.0,0.013336800038814545,4.070817756958908e-12,73,B2 2025-08-26 12:00
B2,2025-08-26,18,revision,20491.702030402907,0.0,0.007226600078865886,1.8189894035458565e-12,37,B2 2025-08-26 18:00
B2,2025-08-27,0,plan,47260.78648806397,0.0,0.02119120000861585,7.958078640513122e-13,144,B2 2025-08-27 00:00 plan
B2,2025-08-27,6,revision,38853.83031504787,0.0,0.017599399900063872,1.6653345369377348e-12,109,B2 2025-08-27 06:00
B2,2025-08-27,12,revision,32384.9580888607,0.0,0.02609580010175705,2.472096601498682e-10,73,B2 2025-08-27 12:00
B2,2025-08-27,18,revision,19976.504580569188,0.0,0.010515500092878938,7.958078640513122e-13,37,B2 2025-08-27 18:00
B2,2025-08-28,0,plan,45960.86376633596,0.0,0.01968869986012578,8.668621376273222e-13,144,B2 2025-08-28 00:00 plan
B2,2025-08-28,6,revision,37417.54091964117,0.0,0.01660389988683164,7.586524001605237e-12,109,B2 2025-08-28 06:00
B2,2025-08-28,12,revision,32853.09379208014,0.0,0.013534900033846498,9.094947017729282e-13,73,B2 2025-08-28 12:00
B2,2025-08-28,18,revision,19895.157651634847,0.0,0.008487199898809195,7.958078640513122e-13,37,B2 2025-08-28 18:00
B2,2025-08-29,0,plan,26214.993812731136,0.0,0.03273129998706281,1.8189894035458565e-12,144,B2 2025-08-29 00:00 plan
B2,2025-08-29,6,revision,15649.590031700627,0.0,0.020808700006455183,1.1102230246251565e-12,109,B2 2025-08-29 06:00
B2,2025-08-29,12,revision,16049.743123100607,1.1333448701292677e-16,0.008927100105211139,1.4779288903810084e-12,73,B2 2025-08-29 12:00
B2,2025-08-29,18,revision,11856.465831875816,0.0,0.006951499963179231,1.1368683772161603e-12,37,B2 2025-08-29 18:00
B2,2025-08-30,0,plan,24533.0765277067,0.0,0.023558200104162097,1.1102230246251565e-12,144,B2 2025-08-30 00:00 plan
B2,2025-08-30,6,revision,15504.95670979752,0.0,0.018540400080382824,8.526512829121202e-13,109,B2 2025-08-30 06:00
B2,2025-08-30,12,revision,15265.318577097807,0.0,0.014180999947711825,1.9106938253798944e-09,73,B2 2025-08-30 12:00
B2,2025-08-30,18,revision,11593.116450519121,0.0,0.00989760016091168,1.1842378929335004e-11,37,B2 2025-08-30 18:00
B2,2025-08-31,0,plan,47133.306708061566,0.0,0.03315109992399812,1.9184653865522705e-12,144,B2 2025-08-31 00:00 plan
B2,2025-08-31,6,revision,33971.52064644375,0.0,0.024397699860855937,9.094947017729282e-13,109,B2 2025-08-31 06:00
B2,2025-08-31,12,revision,31957.24979036198,0.0,0.013612800044938922,9.094947017729282e-13,73,B2 2025-08-31 12:00
B2,2025-08-31,18,revision,20379.688948615105,0.0,0.010059399995952845,7.958078640513122e-13,37,B2 2025-08-31 18:00
B2,2025-09-01,0,plan,51727.47205109543,0.0,0.020787900080904365,9.094947017729282e-13,144,B2 2025-09-01 00:00 plan
B2,2025-09-01,6,revision,34065.63652314957,0.0,0.018258800031617284,1.8189894035458565e-12,109,B2 2025-09-01 06:00
B2,2025-09-01,12,revision,32055.40388764459,0.0,0.04387189983390272,4.255854927729767e-12,73,B2 2025-09-01 12:00
B2,2025-09-01,18,revision,19914.95455758127,0.0,0.0077661999966949224,2.728521852901622e-12,37,B2 2025-09-01 18:00
B2,2025-09-02,0,plan,43496.38063109003,0.0,0.032028699992224574,2.960594732333751e-12,144,B2 2025-09-02 00:00 plan
B2,2025-09-02,6,revision,35219.578429139256,2.0658843571402868e-16,0.021498100133612752,4.070817756958908e-12,109,B2 2025-09-02 06:00
B2,2025-09-02,12,revision,29906.152829069026,0.0,0.036399299977347255,1.5347723092418164e-12,73,B2 2025-09-02 12:00
B2,2025-09-02,18,revision,19525.615862547944,1.8631826174915768e-16,0.009890699991956353,4.9404924595819466e-11,37,B2 2025-09-02 18:00
B2,2025-09-03,0,plan,46345.40769871221,0.0,0.01804740005172789,1.1102230246251565e-12,144,B2 2025-09-03 00:00 plan
B2,2025-09-03,6,revision,33190.90839166368,0.0,0.023102600127458572,1.8687273950490635e-12,109,B2 2025-09-03 06:00
B2,2025-09-03,12,revision,31632.817008345297,0.0,0.015742500079795718,8.526512829121202e-13,73,B2 2025-09-03 12:00
B2,2025-09-03,18,revision,19496.1015271287,0.0,0.010805599857121706,4.570418118040228e-11,37,B2 2025-09-03 18:00
B2,2025-09-04,0,plan,39300.043330797394,0.0,0.022871899884194136,9.094947017729282e-13,144,B2 2025-09-04 00:00 plan
B2,2025-09-04,6,revision,28165.260649901673,1.29165458552375e-16,0.01942540006712079,9.094947017729282e-13,109,B2 2025-09-04 06:00
B2,2025-09-04,12,revision,27312.48484410458,0.0,0.03728200006298721,1.8189894035458565e-12,73,B2 2025-09-04 12:00
B2,2025-09-04,18,revision,16950.577295641833,0.0,0.00725590018555522,7.958078640513122e-13,37,B2 2025-09-04 18:00
B2,2025-09-05,0,plan,20474.109773209726,0.0,0.020449200179427862,8.668621376273222e-13,144,B2 2025-09-05 00:00 plan
B2,2025-09-05,6,revision,12093.707438492991,0.0,0.010973799973726273,1.3642420526593924e-12,109,B2 2025-09-05 06:00
B2,2025-09-05,12,revision,12041.110363111557,0.0,0.009257500059902668,9.094947017729282e-13,73,B2 2025-09-05 12:00
B2,2025-09-05,18,revision,9132.264635483441,0.0,0.007134699961170554,1.3642420526593924e-12,37,B2 2025-09-05 18:00
B2,2025-09-06,0,plan,17499.16477916748,0.0,0.06771670002490282,1.8189894035458568e-11,144,B2 2025-09-06 00:00 plan
B2,2025-09-06,6,revision,10237.684442759022,0.0,0.0232618001755327,2.8125649957170633e-11,109,B2 2025-09-06 06:00
B2,2025-09-06,12,revision,10185.236239403741,0.0,0.009473599959164858,9.094947017729282e-13,73,B2 2025-09-06 12:00
B2,2025-09-06,18,revision,7873.411245833809,0.0,0.007390900049358606,7.958078640513122e-13,37,B2 2025-09-06 18:00
B2,2025-09-07,0,plan,37216.47124031915,0.0,0.034776599844917655,2.3590018827235326e-12,144,B2 2025-09-07 00:00 plan
B2,2025-09-07,6,revision,29219.576199607636,0.0,0.033441900042817,6.106226635438361e-12,109,B2 2025-09-07 06:00
B2,2025-09-07,12,revision,24943.28291488377,1.4585003984864055e-16,0.019698099931702018,1.3358203432289883e-12,73,B2 2025-09-07 12:00
B2,2025-09-07,18,revision,16018.542050422386,1.1355524103380509e-16,0.010917799780145288,7.833733661755105e-13,37,B2 2025-09-07 18:00
B2,2025-09-08,0,plan,36334.1052016221,0.0,0.021053100004792213,1.2212453270876722e-11,144,B2 2025-09-08 00:00 plan
B2,2025-09-08,6,revision,23568.696089237274,0.0,0.03809819999150932,9.663381206337363e-13,109,B2 2025-09-08 06:00
B2,2025-09-08,12,revision,22873.639267298786,0.0,0.025657499907538295,1.0347278589506459e-12,73,B2 2025-09-08 12:00
B2,2025-09-08,18,revision,15290.428816544641,0.0,0.014641699846833944,8.526512829121202e-13,37,B2 2025-09-08 18:00
B2,2025-09-09,0,plan,39788.626871619155,0.0,0.025673599913716316,1.8758328224066645e-12,144,B2 2025-09-09 00:00 plan
B2,2025-09-09,6,revision,30775.376637152505,1.1821069974168535e-16,0.024130200035870075,1.0800249583553523e-12,109,B2 2025-09-09 06:00
B2,2025-09-09,12,revision,27220.492231000775,2.6729706253794373e-16,0.02675319998525083,8.86402062860725e-13,73,B2 2025-09-09 12:00
B2,2025-09-09,18,revision,16748.016101356112,2.1721849233218378e-16,0.011884099803864956,8.881784197001252e-12,37,B2 2025-09-09 18:00
B2,2025-09-10,0,plan,46179.61448889649,0.0,0.021107800072059035,7.958078640513122e-13,144,B2 2025-09-10 00:00 plan
B2,2025-09-10,6,revision,30744.01775575957,0.0,0.026577599812299013,1.6200374375330284e-12,109,B2 2025-09-10 06:00
B2,2025-09-10,12,revision,29093.463392300204,0.0,0.012591800186783075,1.6653345369377348e-12,73,B2 2025-09-10 12:00
B2,2025-09-10,18,revision,16881.606772657997,2.1549955854817697e-16,0.009810499846935272,1.4779288903810084e-12,37,B2 2025-09-10 18:00
B2,2025-09-11,0,plan,45035.43329712823,0.0,0.02000289992429316,8.526512829121202e-13,144,B2 2025-09-11 00:00 plan
B2,2025-09-11,6,revision,28855.647940993447,0.0,0.0240682999137789,2.6147972675971687e-12,109,B2 2025-09-11 06:00
B2,2025-09-11,12,revision,27866.798629659883,1.3054886050741578e-16,0.022833299823105335,9.094947017729282e-13,73,B2 2025-09-11 12:00
B2,2025-09-11,18,revision,16509.419712309176,4.4071552731551064e-16,0.010533799882978201,8.588685318500211e-13,37,B2 2025-09-11 18:00
B2,2025-09-12,0,plan,19608.26919302564,0.0,0.03126639989204705,7.958078640513122e-13,144,B2 2025-09-12 00:00 plan
B2,2025-09-12,6,revision,11147.90035721974,0.0,0.05467620003037155,1.787157088983804e-10,109,B2 2025-09-12 06:00
B2,2025-09-12,12,revision,11464.301394266637,0.0,0.014618400018662214,4.0523140398818214e-11,73,B2 2025-09-12 12:00
B2,2025-09-12,18,revision,8425.483804651813,0.0,0.014903099974617362,7.958078640513122e-13,37,B2 2025-09-12 18:00
B2,2025-09-13,0,plan,18267.60218026759,0.0,0.01967850001528859,7.958078640513122e-13,144,B2 2025-09-13 00:00 plan
B2,2025-09-13,6,revision,10422.464785363034,0.0,0.017750200117006898,1.1657341758564144e-11,109,B2 2025-09-13 06:00
B2,2025-09-13,12,revision,10478.46850976442,0.0,0.014515599934384227,4.4647746833913423e-11,73,B2 2025-09-13 12:00
B2,2025-09-13,18,revision,7830.92558006915,0.0,0.010540100047364831,6.821210263296962e-13,37,B2 2025-09-13 18:00
B2,2025-09-14,0,plan,48344.72071874136,0.0,0.019938899902626872,2.035408878479454e-12,144,B2 2025-09-14 00:00 plan
B2,2025-09-14,6,revision,32154.925933295144,1.1313908216236104e-16,0.018388000084087253,1.6370904631912707e-12,109,B2 2025-09-14 06:00
B2,2025-09-14,12,revision,27286.709508921253,0.0,0.014695199904963374,1.6653345369377348e-12,73,B2 2025-09-14 12:00
B2,2025-09-14,18,revision,15978.150788350678,0.0,0.010333699872717261,7.958078640513122e-13,37,B2 2025-09-14 18:00
B2,2025-09-15,0,plan,38701.494330141744,0.0,0.0325031999964267,8.830738508362613e-12,144,B2 2025-09-15 00:00 plan
B2,2025-09-15,6,revision,25927.096833142426,0.0,0.024159100139513612,9.094947017729282e-13,109,B2 2025-09-15 06:00
B2,2025-09-15,12,revision,25439.59005425989,0.0,0.018542999867349863,1.8189894035458565e-12,73,B2 2025-09-15 12:00
B2,2025-09-15,18,revision,15472.436007706774,0.0,0.009942200034856796,1.4406253967536031e-12,37,B2 2025-09-15 18:00
B2,2025-09-16,0,plan,47555.87059454209,0.0,0.02809999999590218,7.958078640513122e-13,144,B2 2025-09-16 00:00 plan
B2,2025-09-16,6,revision,32081.210322378272,0.0,0.01899600005708635,3.515706244646329e-12,109,B2 2025-09-16 06:00
B2,2025-09-16,12,revision,28136.99773675702,0.0,0.019378999946638942,8.384404281969182e-13,73,B2 2025-09-16 12:00
B2,2025-09-16,18,revision,16009.139747776066,0.0,0.010175999952480197,7.958078640513122e-13,37,B2 2025-09-16 18:00
B2,2025-09-17,0,plan,45056.16396625788,0.0,0.019535700092092156,9.094947017729282e-13,144,B2 2025-09-17 00:00 plan
B2,2025-09-17,6,revision,30223.04825647614,0.0,0.021676399977877736,7.419990547911463e-11,109,B2 2025-09-17 06:00
B2,2025-09-17,12,revision,27146.271724219612,0.0,0.013729700120165944,1.9326762412674725e-12,73,B2 2025-09-17 12:00
B2,2025-09-17,18,revision,15594.43852780076,0.0,0.010801199823617935,7.958078640513122e-13,37,B2 2025-09-17 18:00
B2,2025-09-18,0,plan,39670.71953546153,0.0,0.018974500009790063,5.736152293896643e-12,144,B2 2025-09-18 00:00 plan
B2,2025-09-18,6,revision,32902.467808844325,0.0,0.030087699880823493,2.2737367544323206e-12,109,B2 2025-09-18 06:00
B2,2025-09-18,12,revision,25455.744807552655,0.0,0.027285800082609057,2.6147972675971687e-12,73,B2 2025-09-18 12:00
B2,2025-09-18,18,revision,15439.776796188544,0.0,0.010397000005468726,1.2027416100105864e-10,37,B2 2025-09-18 18:00
B2,2025-09-19,0,plan,19702.465308676296,0.0,0.05193009995855391,2.2737367544323206e-12,144,B2 2025-09-19 00:00 plan
B2,2025-09-19,6,revision,11608.878965777325,0.0,0.01790350000374019,9.094947017729282e-13,109,B2 2025-09-19 06:00
B2,2025-09-19,12,revision,10940.016766673578,0.0,0.0089028999209404,9.094947017729282e-13,73,B2 2025-09-19 12:00
B2,2025-09-19,18,revision,7667.173095259572,0.0,0.013935999944806099,6.821210263296962e-13,37,B2 2025-09-19 18:00
B2,2025-09-20,0,plan,18489.73544154263,0.0,0.06347799999639392,1.0142633915037167e-10,144,B2 2025-09-20 00:00 plan
B2,2025-09-20,6,revision,10521.025949783178,0.0,0.018608399899676442,8.100187187665142e-13,109,B2 2025-09-20 06:00
B2,2025-09-20,12,revision,10334.154078608693,0.0,0.009142299881204963,1.8189894035458565e-12,73,B2 2025-09-20 12:00
B2,2025-09-20,18,revision,7200.52298026851,0.0,0.010073699988424778,9.094947017729282e-13,37,B2 2025-09-20 18:00
B2,2025-09-21,0,plan,43998.73717556356,0.0,0.020586400059983134,1.6653345369377348e-12,144,B2 2025-09-21 00:00 plan
B2,2025-09-21,6,revision,30327.066266001606,0.0,0.019397499971091747,1.7053025658242404e-12,109,B2 2025-09-21 06:00
B2,2025-09-21,12,revision,26285.88179795417,0.0,0.021160100121051073,2.1791451800227776e-10,73,B2 2025-09-21 12:00
B2,2025-09-21,18,revision,15466.870417565671,0.0,0.01051940000616014,7.958078640513122e-13,37,B2 2025-09-21 18:00
B2,2025-09-22,0,plan,46723.87043554829,0.0,0.03685859986580908,9.094947017729282e-13,144,B2 2025-09-22 00:00 plan
B2,2025-09-22,6,revision,30531.520329208393,0.0,0.02063699997961521,2.4556282933000757e-09,109,B2 2025-09-22 06:00
B2,2025-09-22,12,revision,28368.702288211352,0.0,0.01816289988346398,8.668621376273222e-13,73,B2 2025-09-22 12:00
B2,2025-09-22,18,revision,15776.377018029987,0.0,0.015294899931177497,7.958078640513122e-13,37,B2 2025-09-22 18:00
B2,2025-09-23,0,plan,46120.24889454234,0.0,0.019641300197690725,1.2582527612418442e-11,144,B2 2025-09-23 00:00 plan
B2,2025-09-23,6,revision,31224.61302740368,0.0,0.020706200040876865,2.923587298179579e-11,109,B2 2025-09-23 06:00
B2,2025-09-23,12,revision,27820.780218484193,0.0,0.014370299875736237,8.526512829121202e-13,73,B2 2025-09-23 12:00
B2,2025-09-23,18,revision,15523.805135229471,0.0,0.01499529997818172,7.167599846980011e-13,37,B2 2025-09-23 18:00
B2,2025-09-24,0,plan,40273.29363169497,0.0,0.022835200186818838,7.958078640513122e-13,144,B2 2025-09-24 00:00 plan
B2,2025-09-24,6,revision,28589.52434361581,0.0,0.026861599879339337,1.4210854715202004e-12,109,B2 2025-09-24 06:00
B2,2025-09-24,12,revision,27652.20334640191,0.0,0.014650899916887283,9.251858538542972e-13,73,B2 2025-09-24 12:00
B2,2025-09-24,18,revision,15592.417408331103,0.0,0.014652000041678548,7.958078640513122e-13,37,B2 2025-09-24 18:00
B2,2025-09-25,0,plan,43619.01224472458,0.0,0.022315199952572584,8.526512829121202e-13,144,B2 2025-09-25 00:00 plan
B2,2025-09-25,6,revision,31604.353040282153,0.0,0.043297499883919954,7.956598343146956e-12,109,B2 2025-09-25 06:00
B2,2025-09-25,12,revision,26773.910590397125,0.0,0.02679520007222891,8.100187187665142e-13,73,B2 2025-09-25 12:00
B2,2025-09-25,18,revision,15517.280718892354,0.0,0.015253000194206834,7.167599846980011e-13,37,B2 2025-09-25 18:00
B2,2025-09-26,0,plan,19610.027882767958,0.0,0.024122799979522824,2.994904176950993e-12,144,B2 2025-09-26 00:00 plan
B2,2025-09-26,6,revision,10640.926691421026,0.0,0.04285730002447963,3.5807107610685014e-12,109,B2 2025-09-26 06:00
B2,2025-09-26,12,revision,10674.727508972936,0.0,0.009891900001093745,9.094947017729282e-13,73,B2 2025-09-26 12:00
B2,2025-09-26,18,revision,7121.599813770448,0.0,0.00694280001334846,2.5263741715914672e-12,37,B2 2025-09-26 18:00
B2,2025-09-27,0,plan,18396.686486498686,0.0,0.03607160015963018,8.810729923425242e-13,144,B2 2025-09-27 00:00 plan
B2,2025-09-27,6,revision,11753.845090551018,0.0,0.017649800051003695,5.968558980384842e-13,109,B2 2025-09-27 06:00
B2,2025-09-27,12,revision,10847.899779774141,0.0,0.00955630000680685,9.094947017729282e-13,73,B2 2025-09-27 12:00
B2,2025-09-27,18,revision,7144.048321597592,0.0,0.0073425001464784145,6.821210263296962e-13,37,B2 2025-09-27 18:00
B2,2025-09-28,0,plan,44066.00894897346,0.0,0.0200702000875026,1.295260195396016e-12,144,B2 2025-09-28 00:00 plan
B2,2025-09-28,6,revision,35476.78375557587,0.0,0.01801500003784895,1.9326762412674725e-12,109,B2 2025-09-28 06:00
B2,2025-09-28,12,revision,26890.392456410154,0.0,0.014237199909985065,1.2505552149377763e-12,73,B2 2025-09-28 12:00
B2,2025-09-28,18,revision,15873.719243330253,0.0,0.008077400038018823,4.547473508864641e-13,37,B2 2025-09-28 18:00
B2,2025-09-29,0,plan,45496.59986955222,0.0,0.020095899933949113,9.251858538542972e-13,144,B2 2025-09-29 00:00 plan
B2,2025-09-29,6,revision,29445.25255314666,0.0,0.019364099949598312,2.4054832200211726e-12,109,B2 2025-09-29 06:00
B2,2025-09-29,12,revision,27500.034750213443,0.0,0.025641899788752198,1.8189894035458565e-12,73,B2 2025-09-29 12:00
B2,2025-09-29,18,revision,14833.633681917827,0.0,0.011807299917563796,6.821210263296962e-13,37,B2 2025-09-29 18:00
B2,2025-09-30,0,plan,45310.70327358496,0.0,0.02452219999395311,2.518137567068115e-12,144,B2 2025-09-30 00:00 plan
B2,2025-09-30,6,revision,31966.73591733526,0.0,0.02180149988271296,8.304199804525793e-12,109,B2 2025-09-30 06:00
B2,2025-09-30,12,revision,28677.640553994508,0.0,0.01605889992788434,8.326672684688674e-12,73,B2 2025-09-30 12:00
B2,2025-09-30,18,revision,15232.839732863375,0.0,0.010647499933838844,7.958078640513122e-13,37,B2 2025-09-30 18:00
B2,2025-10-01,0,plan,42201.681009791784,0.0,0.021534600062295794,9.251858538542972e-13,144,B2 2025-10-01 00:00 plan
B2,2025-10-01,6,revision,28213.351805733342,0.0,0.01933509996160865,1.1368683772161603e-12,109,B2 2025-10-01 06:00
B2,2025-10-01,12,revision,25912.715051256575,0.0,0.03327100002206862,1.8189894035458565e-12,73,B2 2025-10-01 12:00
B2,2025-10-01,18,revision,14881.500261364077,0.0,0.011165500152856112,7.958078640513122e-13,37,B2 2025-10-01 18:00
B2,2025-10-02,0,plan,45509.80809753134,0.0,0.021933200070634484,7.815970093361102e-13,144,B2 2025-10-02 00:00 plan
B2,2025-10-02,6,revision,29470.633342914753,0.0,0.02228589984588325,1.0198180526828018e-08,109,B2 2025-10-02 06:00
B2,2025-10-02,12,revision,25531.726972270895,0.0,0.036962199956178665,8.384404281969182e-13,73,B2 2025-10-02 12:00
B2,2025-10-02,18,revision,14421.720835326789,0.0,0.010762300109490752,7.958078640513122e-13,37,B2 2025-10-02 18:00
B2,2025-10-03,0,plan,16041.740274086984,0.0,0.02055869996547699,9.251858538542972e-13,144,B2 2025-10-03 00:00 plan
B2,2025-10-03,6,revision,8806.936995504404,0.0,0.02191450004465878,8.526512829121202e-13,109,B2 2025-10-03 06:00
B2,2025-10-03,12,revision,9070.594980123595,0.0,0.017782599898055196,9.094947017729282e-13,73,B2 2025-10-03 12:00
B2,2025-10-03,18,revision,6051.104559798873,0.0,0.007675200002267957,2.1600499167107046e-12,37,B2 2025-10-03 18:00
B2,2025-10-04,0,plan,17010.436804281548,0.0,0.022910299943760037,2.590520390792032e-12,144,B2 2025-10-04 00:00 plan
B2,2025-10-04,6,revision,9048.340020962663,0.0,0.01810250012204051,9.094947017729282e-13,109,B2 2025-10-04 06:00
B2,2025-10-04,12,revision,9032.04187133716,0.0,0.013652600115165114,1.0231815394945443e-12,73,B2 2025-10-04 12:00
B2,2025-10-04,18,revision,5822.740907056269,0.0,0.007042799843475223,2.7284841053187847e-12,37,B2 2025-10-04 18:00
B2,2025-10-05,0,plan,43101.718284463175,0.0,0.019826999865472317,5.551115123125783e-12,144,B2 2025-10-05 00:00 plan
B2,2025-10-05,6,revision,27507.891195720436,0.0,0.033077800180763006,1.5916157281026244e-12,109,B2 2025-10-05 06:00
B2,2025-10-05,12,revision,24418.008373856977,0.0,0.01437950017862022,7.771561172376096e-12,73,B2 2025-10-05 12:00
B2,2025-10-05,18,revision,13613.175449145814,0.0,0.01537439995445311,1.0231815394945443e-12,37,B2 2025-10-05 18:00
B2,2025-10-06,0,plan,37760.11649337511,0.0,0.03539879992604256,1.7053025658242404e-12,144,B2 2025-10-06 00:00 plan
B2,2025-10-06,6,revision,27354.963239579552,0.0,0.02848959993571043,1.9557688801796758e-12,109,B2 2025-10-06 06:00
B2,2025-10-06,12,revision,24290.027584672258,0.0,0.020350400125607848,1.2505552149377763e-12,73,B2 2025-10-06 12:00
B2,2025-10-06,18,revision,13963.040051464133,0.0,0.015732500003650784,7.958078640513122e-13,37,B2 2025-10-06 18:00
B2,2025-10-07,0,plan,40375.34488398494,0.0,0.024573699804022908,7.602807272633072e-13,144,B2 2025-10-07 00:00 plan
B2,2025-10-07,6,revision,27060.395961558184,0.0,0.022157100029289722,2.7284841053187847e-12,109,B2 2025-10-07 06:00
B2,2025-10-07,12,revision,24805.15564707011,0.0,0.018206699984148145,9.094947017729282e-13,73,B2 2025-10-07 12:00
B2,2025-10-07,18,revision,13701.027552714799,0.0,0.007470699958503246,6.821210263296962e-13,37,B2 2025-10-07 18:00
B2,2025-10-08,0,plan,37344.136858284284,0.0,0.041487300070002675,1.1084466677857563e-12,144,B2 2025-10-08 00:00 plan
B2,2025-10-08,6,revision,23786.67490965369,0.0,0.027893099933862686,9.094947017729282e-13,109,B2 2025-10-08 06:00
B2,2025-10-08,12,revision,22304.686235395435,0.0,0.019704199861735106,1.8758328224066645e-12,73,B2 2025-10-08 12:00
B2,2025-10-08,18,revision,12480.94063035484,0.0,0.008745600003749132,5.684341886080801e-13,37,B2 2025-10-08 18:00
B2,2025-10-09,0,plan,45414.130917132556,0.0,0.025539000052958727,6.291263806209221e-12,144,B2 2025-10-09 00:00 plan
B2,2025-10-09,6,revision,27617.05269263695,0.0,0.018043800024315715,2.5720166737149462e-11,109,B2 2025-10-09 06:00
B2,2025-10-09,12,revision,24547.721749099495,0.0,0.015030000125989318,9.094947017729282e-13,73,B2 2025-10-09 12:00
B2,2025-10-09,18,revision,12856.29329294257,0.0,0.014587599784135818,7.276401703393276e-13,37,B2 2025-10-09 18:00
B2,2025-10-10,0,plan,16763.297296033317,0.0,0.023336699930951,2.590520390792032e-12,144,B2 2025-10-10 00:00 plan
B2,2025-10-10,6,revision,8074.0845034766735,0.0,0.020110700046643615,8.526512829121202e-13,109,B2 2025-10-10 06:00
B2,2025-10-10,12,revision,7878.31167474738,0.0,0.009703699965029955,9.094947017729282e-13,73,B2 2025-10-10 12:00
B2,2025-10-10,18,revision,5175.607898456826,0.0,0.00872779986821115,9.094947017729282e-13,37,B2 2025-10-10 18:00
B2,2025-10-11,0,plan,16891.6062073757,0.0,0.02270699990913272,5.921189464667502e-12,144,B2 2025-10-11 00:00 plan
B2,2025-10-11,6,revision,8464.401354925069,0.0,0.018676300067454576,8.526512829121202e-13,109,B2 2025-10-11 06:00
B2,2025-10-11,12,revision,8011.463715500189,0.0,0.014517399948090315,1.2505552149377763e-12,73,B2 2025-10-11 12:00
B2,2025-10-11,18,revision,5156.351505911708,0.0,0.008457500021904707,7.958078640513122e-13,37,B2 2025-10-11 18:00
B2,2025-10-12,0,plan,40648.85688933919,0.0,0.03115499997511506,8.668621376273222e-13,144,B2 2025-10-12 00:00 plan
B2,2025-10-12,6,revision,27362.274978677437,0.0,0.036829099990427494,5.467626351673971e-12,109,B2 2025-10-12 06:00
B2,2025-10-12,12,revision,23110.649058901738,0.0,0.026238099904730916,9.663381206337363e-13,73,B2 2025-10-12 12:00
B2,2025-10-12,18,revision,13666.93036631927,0.0,0.012087099952623248,7.958078640513122e-13,37,B2 2025-10-12 18:00
B2,2025-10-13,0,plan,42538.09372739285,0.0,0.06051389989443123,8.100187187665142e-13,144,B2 2025-10-13 00:00 plan
B2,2025-10-13,6,revision,27642.87416941012,0.0,0.031906599877402186,2.257453483404485e-11,109,B2 2025-10-13 06:00
B2,2025-10-13,12,revision,24482.16395898003,0.0,0.020433600060641766,2.294460917558657e-11,73,B2 2025-10-13 12:00
B2,2025-10-13,18,revision,13809.968047990908,0.0,0.01569050014950335,6.821210263296962e-13,37,B2 2025-10-13 18:00
B2,2025-10-14,0,plan,44247.60029802571,0.0,0.02370140003040433,9.251858538542972e-13,144,B2 2025-10-14 00:00 plan
B2,2025-10-14,6,revision,28558.374991942153,0.0,0.03092109994031489,1.4779288903810084e-12,109,B2 2025-10-14 06:00
B2,2025-10-14,12,revision,26080.17627957923,0.0,0.01465180004015565,2.1558680766512834e-09,73,B2 2025-10-14 12:00
B2,2025-10-14,18,revision,12942.672835702331,0.0,0.011795399943366647,1.5916157281026244e-12,37,B2 2025-10-14 18:00
B2,2025-10-15,0,plan,46293.026869802896,0.0,0.028873899951577187,9.094947017729282e-13,144,B2 2025-10-15 00:00 plan
B2,2025-10-15,6,revision,29800.0896662823,0.0,0.019565199967473745,1.0231815394945443e-12,109,B2 2025-10-15 06:00
B2,2025-10-15,12,revision,26185.30685589748,0.0,0.014095199992880225,9.094947017729282e-13,73,B2 2025-10-15 12:00
B2,2025-10-15,18,revision,12948.787203593545,0.0,0.012093299999833107,4.547473508864641e-13,37,B2 2025-10-15 18:00
B2,2025-10-16,0,plan,43916.54227239741,0.0,0.029324600007385015,7.2164496600635175e-12,144,B2 2025-10-16 00:00 plan
B2,2025-10-16,6,revision,30478.478149785347,0.0,0.025655200006440282,1.8189894035458565e-12,109,B2 2025-10-16 06:00
B2,2025-10-16,12,revision,25656.206610115772,0.0,0.01617620000615716,9.992007221626409e-12,73,B2 2025-10-16 12:00
B2,2025-10-16,18,revision,13223.350818068035,0.0,0.00902600004337728,6.821210263296962e-13,37,B2 2025-10-16 18:00
B2,2025-10-17,0,plan,16086.818318614633,0.0,0.02485099993646145,2.960594732333751e-12,144,B2 2025-10-17 00:00 plan
B2,2025-10-17,6,revision,8773.934902980396,0.0,0.0242703000549227,8.952838470577262e-13,109,B2 2025-10-17 06:00
B2,2025-10-17,12,revision,8720.4814936865,0.0,0.010706600034609437,9.094947017729282e-13,73,B2 2025-10-17 12:00
B2,2025-10-17,18,revision,4990.12409381308,0.0,0.008147300221025944,7.958078640513122e-13,37,B2 2025-10-17 18:00
B2,2025-10-18,0,plan,18093.192573559758,0.0,0.03919299994595349,2.6147972675971687e-12,144,B2 2025-10-18 00:00 plan
B2,2025-10-18,6,revision,9192.473602785034,0.0,0.04377659992314875,9.094947017729282e-13,109,B2 2025-10-18 06:00
B2,2025-10-18,12,revision,8970.057771117925,0.0,0.009935999987646937,1.8189894035458565e-12,73,B2 2025-10-18 12:00
B2,2025-10-18,18,revision,4975.485309344341,0.0,0.007170500000938773,6.821210263296962e-13,37,B2 2025-10-18 18:00
B2,2025-10-19,0,plan,44911.608095696596,0.0,0.028081699972972274,9.094947017729282e-13,144,B2 2025-10-19 00:00 plan
B2,2025-10-19,6,revision,31219.6597900869,0.0,0.023685600142925978,2.0539125955565396e-11,109,B2 2025-10-19 06:00
B2,2025-10-19,12,revision,26280.945698593478,0.0,0.013950600055977702,1.7948605564773366e-11,73,B2 2025-10-19 12:00
B2,2025-10-19,18,revision,12911.397323406356,0.0,0.0073355999775230885,2.7284841053187847e-12,37,B2 2025-10-19 18:00
B2,2025-10-20,0,plan,48624.24605715051,0.0,0.03191790007986128,9.094947017729282e-13,144,B2 2025-10-20 00:00 plan
B2,2025-10-20,6,revision,33766.731969558066,0.0,0.017826199997216463,9.094947017729282e-13,109,B2 2025-10-20 06:00
B2,2025-10-20,12,revision,26384.618770629797,0.0,0.014155599987134337,2.220446049250313e-12,73,B2 2025-10-20 12:00
B2,2025-10-20,18,revision,13036.226638587688,0.0,0.008088000118732452,1.8189894035458565e-12,37,B2 2025-10-20 18:00
B2,2025-10-21,0,plan,47390.74881512322,0.0,0.020557699957862496,4.094921491557717e-12,144,B2 2025-10-21 00:00 plan
B2,2025-10-21,6,revision,33453.3586223486,0.0,0.026263399980962276,3.5601151656313357e-10,109,B2 2025-10-21 06:00
B2,2025-10-21,12,revision,27073.499761872295,0.0,0.014144300017505884,8.86402062860725e-13,73,B2 2025-10-21 12:00
B2,2025-10-21,18,revision,13060.185191581451,0.0,0.007815499790012836,5.684341886080801e-13,37,B2 2025-10-21 18:00
B2,2025-10-22,0,plan,45197.22237908915,0.0,0.023926099995151162,2.2737367544323206e-12,144,B2 2025-10-22 00:00 plan
B2,2025-10-22,6,revision,30717.5624251,0.0,0.01916739996522665,8.141635513917816e-12,109,B2 2025-10-22 06:00
B2,2025-10-22,12,revision,24949.05858756659,0.0,0.014849199913442135,2.2737367544323206e-12,73,B2 2025-10-22 12:00
B2,2025-10-22,18,revision,12523.586345692109,0.0,0.012689199997112155,1.8189894035458565e-12,37,B2 2025-10-22 18:00
B2,2025-10-23,0,plan,52183.32853961407,0.0,0.027353700017556548,1.6653345369377348e-12,144,B2 2025-10-23 00:00 plan
B2,2025-10-23,6,revision,33709.32555100646,0.0,0.019493599887937307,3.700743415417189e-12,109,B2 2025-10-23 06:00
B2,2025-10-23,12,revision,26829.56962476844,0.0,0.014835899928584695,3.3306690738754696e-12,73,B2 2025-10-23 12:00
B2,2025-10-23,18,revision,12816.342907755414,0.0,0.00759040005505085,5.684341886080801e-13,37,B2 2025-10-23 18:00
B2,2025-10-24,0,plan,17448.812538216876,0.0,0.02362270001322031,9.094947017729282e-13,144,B2 2025-10-24 00:00 plan
B2,2025-10-24,6,revision,8669.65395525801,0.0,0.019410300068557262,9.094947017729282e-13,109,B2 2025-10-24 06:00
B2,2025-10-24,12,revision,8518.133769195734,0.0,0.01000639982521534,9.094947017729282e-13,73,B2 2025-10-24 12:00
B2,2025-10-24,18,revision,5029.132529547142,0.0,0.007712000049650669,5.684341886080801e-13,37,B2 2025-10-24 18:00
B2,2025-10-25,0,plan,17794.560165125997,0.0,0.042606799863278866,9.094947017729282e-13,144,B2 2025-10-25 00:00 plan
B2,2025-10-25,6,revision,8614.759906132267,0.0,0.02550709992647171,1.1368683772161603e-12,109,B2 2025-10-25 06:00
B2,2025-10-25,12,revision,8649.069760425868,2.1031040955048234e-16,0.010223899967968464,9.094947017729282e-13,73,B2 2025-10-25 12:00
B2,2025-10-25,18,revision,5101.0358750378,0.0,0.0077800999861210585,9.094947017729282e-13,37,B2 2025-10-25 18:00
B2,2025-10-26,0,plan,48256.82021905312,0.0,0.026442700065672398,4.163336342344337e-11,144,B2 2025-10-26 00:00 plan
B2,2025-10-26,6,revision,32190.380501993917,0.0,0.01936169993132353,9.094947017729282e-13,109,B2 2025-10-26 06:00
B2,2025-10-26,12,revision,25948.00164763253,0.0,0.015145699959248304,9.094947017729282e-13,73,B2 2025-10-26 12:00
B2,2025-10-26,18,revision,12896.174001114527,0.0,0.012406500056385994,4.547473508864641e-13,37,B2 2025-10-26 18:00
B2,2025-10-27,0,plan,44072.95063656978,0.0,0.021679499885067344,1.4802973661668755e-12,144,B2 2025-10-27 00:00 plan
B2,2025-10-27,6,revision,35629.52263179915,0.0,0.0185054000467062,2.8421709430404007e-12,109,B2 2025-10-27 06:00
B2,2025-10-27,12,revision,26899.107856090228,0.0,0.014385499991476536,1.6653345369377348e-12,73,B2 2025-10-27 12:00
B2,2025-10-27,18,revision,12899.122658169306,0.0,0.007454599952325225,2.2737367544323206e-12,37,B2 2025-10-27 18:00
B2,2025-10-28,0,plan,44353.456520564745,0.0,0.04032759997062385,8.526512829121202e-13,144,B2 2025-10-28 00:00 plan
B2,2025-10-28,6,revision,34246.737972207084,2.1245695342103017e-16,0.0302496999502182,2.1600499167107046e-12,109,B2 2025-10-28 06:00
B2,2025-10-28,12,revision,26269.669538705988,0.0,0.020713299978524446,1.9326762412674725e-12,73,B2 2025-10-28 12:00
B2,2025-10-28,18,revision,12765.702383798945,0.0,0.011787900002673268,1.010549668636587e-12,37,B2 2025-10-28 18:00
B2,2025-10-29,0,plan,48688.06959119369,0.0,0.032284799963235855,8.455458555545192e-13,144,B2 2025-10-29 00:00 plan
B2,2025-10-29,6,revision,35068.796993397125,0.0,0.02193349995650351,3.754404194940738e-10,109,B2 2025-10-29 06:00
B2,2025-10-29,12,revision,27027.464290412183,0.0,0.02971700020134449,9.094947017729282e-13,73,B2 2025-10-29 12:00
B2,2025-10-29,18,revision,12553.163872375917,0.0,0.013957099989056587,6.821210263296962e-13,37,B2 2025-10-29 18:00
B2,2025-10-30,0,plan,43589.83101664669,0.0,0.02187910000793636,7.958078640513122e-13,144,B2 2025-10-30 00:00 plan
B2,2025-10-30,6,revision,31601.556867521515,0.0,0.02829000004567206,1.4779288903810084e-12,109,B2 2025-10-30 06:00
B2,2025-10-30,12,revision,26051.09606587552,0.0,0.015885199885815382,9.094947017729282e-13,73,B2 2025-10-30 12:00
B2,2025-10-30,18,revision,12455.935165906742,0.0,0.013913200004026294,7.958078640513122e-13,37,B2 2025-10-30 18:00
B2,2025-10-31,0,plan,19207.22145564064,0.0,0.026877399999648333,4.255854927729767e-12,144,B2 2025-10-31 00:00 plan
B2,2025-10-31,6,revision,9282.044251612611,0.0,0.02919090003706515,8.526512829121202e-13,109,B2 2025-10-31 06:00
B2,2025-10-31,12,revision,9348.266651389426,0.0,0.017871499992907047,1.8189894035458565e-12,73,B2 2025-10-31 12:00
B2,2025-10-31,18,revision,4898.268977236882,0.0,0.008229699917137623,4.547473508864641e-13,37,B2 2025-10-31 18:00
B2,2025-11-01,0,plan,18601.501401687885,0.0,0.05126759991981089,1.0231815394945443e-12,144,B2 2025-11-01 00:00 plan
B2,2025-11-01,6,revision,9024.724696723346,0.0,0.019338000100106,1.0231815394945443e-12,109,B2 2025-11-01 06:00
B2,2025-11-01,12,revision,9162.427441025704,0.0,0.014371500117704272,1.887379141862766e-11,73,B2 2025-11-01 12:00
B2,2025-11-01,18,revision,4979.324350218264,0.0,0.0075940999668091536,7.958078640513122e-13,37,B2 2025-11-01 18:00
B2,2025-11-02,0,plan,47736.75003485865,0.0,0.019789000041782856,9.094947017729282e-13,144,B2 2025-11-02 00:00 plan
B2,2025-11-02,6,revision,37873.44084862792,0.0,0.030090899905189872,1.8189894035458565e-12,109,B2 2025-11-02 06:00
B2,2025-11-02,12,revision,27663.088716919934,0.0,0.014862299896776676,2.590520390792032e-12,73,B2 2025-11-02 12:00
B2,2025-11-02,18,revision,12579.912611030195,0.0,0.007414499996230006,1.8189894035458565e-12,37,B2 2025-11-02 18:00
B2,2025-11-03,0,plan,51314.422951458015,0.0,0.03406620002351701,9.094947017729282e-13,144,B2 2025-11-03 00:00 plan
B2,2025-11-03,6,revision,36383.28604346043,0.0,0.02664529997855425,1.113775738303957e-12,109,B2 2025-11-03 06:00
B2,2025-11-03,12,revision,28270.860365799996,0.0,0.014383000088855624,3.9986532603582725e-10,73,B2 2025-11-03 12:00
B2,2025-11-03,18,revision,12913.469243998197,0.0,0.00776629988104105,7.958078640513122e-13,37,B2 2025-11-03 18:00
B2,2025-11-04,0,plan,47284.11985689248,0.0,0.018495399970561266,3.700743415417189e-12,144,B2 2025-11-04 00:00 plan
B2,2025-11-04,6,revision,35764.603437695245,0.0,0.024409200064837933,9.094947017729282e-13,109,B2 2025-11-04 06:00
B2,2025-11-04,12,revision,26144.067900352326,0.0,0.016547700157389045,5.1440333474298924e-11,73,B2 2025-11-04 12:00
B2,2025-11-04,18,revision,12843.565752562241,0.0,0.012600300135090947,6.821210263296962e-13,37,B2 2025-11-04 18:00
B2,2025-11-05,0,plan,52801.29993661577,0.0,0.02556360000744462,7.956598343146956e-12,144,B2 2025-11-05 00:00 plan
B2,2025-11-05,6,revision,36340.05117717881,0.0,0.01779119996353984,1.2505552149377763e-12,109,B2 2025-11-05 06:00
B2,2025-11-05,12,revision,29157.285261171844,0.0,0.01404849998652935,3.626728547108845e-11,73,B2 2025-11-05 12:00
B2,2025-11-05,18,revision,12947.770584714017,0.0,0.007573099806904793,2.2737367544323206e-12,37,B2 2025-11-05 18:00
B2,2025-11-06,0,plan,48947.02094619651,0.0,0.027034200029447675,9.094947017729282e-13,144,B2 2025-11-06 00:00 plan
B2,2025-11-06,6,revision,37747.940085157126,0.0,0.02419729996472597,1.0231815394945443e-12,109,B2 2025-11-06 06:00
B2,2025-11-06,12,revision,27473.67382398713,0.0,0.014349100179970264,5.921189464667502e-12,73,B2 2025-11-06 12:00
B2,2025-11-06,18,revision,12771.997497585671,0.0,0.0077767998445779085,6.821210263296962e-13,37,B2 2025-11-06 18:00
B2,2025-11-07,0,plan,18719.67251541408,0.0,0.02342400001361966,2.8695188328934108e-12,144,B2 2025-11-07 00:00 plan
B2,2025-11-07,6,revision,9125.02913694864,0.0,0.054199500009417534,8.242295734817162e-13,109,B2 2025-11-07 06:00
B2,2025-11-07,12,revision,9099.278039913757,0.0,0.014161800034344196,7.531752999057062e-13,73,B2 2025-11-07 12:00
B2,2025-11-07,18,revision,5051.379035552744,0.0,0.007883999962359667,5.684341886080801e-13,37,B2 2025-11-07 18:00
B2,2025-11-08,0,plan,19052.11935233825,0.0,0.033631700091063976,9.094947017729282e-13,144,B2 2025-11-08 00:00 plan
B2,2025-11-08,6,revision,9439.924325313019,0.0,0.05187420011498034,7.525500222982373e-10,109,B2 2025-11-08 06:00
B2,2025-11-08,12,revision,9379.785881487353,0.0,0.013715500012040138,2.399932104898047e-10,73,B2 2025-11-08 12:00
B2,2025-11-08,18,revision,4968.633741858392,0.0,0.007164699956774712,7.958078640513122e-13,37,B2 2025-11-08 18:00
B2,2025-11-09,0,plan,50694.15893976932,0.0,0.016263499855995178,8.526512829121202e-13,144,B2 2025-11-09 00:00 plan
B2,2025-11-09,6,revision,36610.461509426474,0.0,0.01844889996573329,2.0463630789890885e-12,109,B2 2025-11-09 06:00
B2,2025-11-09,12,revision,28125.783726666254,0.0,0.014464000007137656,8.141635513917816e-12,73,B2 2025-11-09 12:00
B2,2025-11-09,18,revision,12881.259131691913,0.0,0.007226699963212013,1.9705718538413444e-12,37,B2 2025-11-09 18:00
B2,2025-11-10,0,plan,51618.98649357072,0.0,0.02034100005403161,9.094947017729282e-13,144,B2 2025-11-10 00:00 plan
B2,2025-11-10,6,revision,40689.996726386766,0.0,0.025907699950039387,1.77280412572145e-12,109,B2 2025-11-10 06:00
B2,2025-11-10,12,revision,29183.747423034067,0.0,0.015526599949225783,1.1368683772161603e-12,73,B2 2025-11-10 12:00
B2,2025-11-10,18,revision,12942.728941709112,0.0,0.007511799922212958,4.547473508864641e-13,37,B2 2025-11-10 18:00
B2,2025-11-11,0,plan,53490.28947046587,0.0,0.021442800061777234,7.958078640513122e-13,144,B2 2025-11-11 00:00 plan
B2,2025-11-11,6,revision,38736.79476861561,0.0,0.022085400065407157,4.9960036108132044e-12,109,B2 2025-11-11 06:00
B2,2025-11-11,12,revision,28697.314469804016,0.0,0.013856899924576283,2.4054832200211726e-12,73,B2 2025-11-11 12:00
B2,2025-11-11,18,revision,13029.632600643785,0.0,0.007212100084871054,1.8189894035458565e-12,37,B2 2025-11-11 18:00
B2,2025-11-12,0,plan,50675.46091451371,0.0,0.025818899972364306,2.590520390792032e-12,144,B2 2025-11-12 00:00 plan
B2,2025-11-12,6,revision,40677.396842556125,0.0,0.02248929999768734,2.590520390792032e-12,109,B2 2025-11-12 06:00
B2,2025-11-12,12,revision,27973.94892892749,0.0,0.016567400190979242,2.6164255946999526e-10,73,B2 2025-11-12 12:00
B2,2025-11-12,18,revision,12987.59793577548,0.0,0.008286100113764405,9.094947017729282e-13,37,B2 2025-11-12 18:00
B2,2025-11-13,0,plan,49301.63639141666,0.0,0.020929899998009205,5.839773109528323e-10,144,B2 2025-11-13 00:00 plan
B2,2025-11-13,6,revision,37051.50841685281,0.0,0.03343060007318854,1.7053025658242404e-12,109,B2 2025-11-13 06:00
B2,2025-11-13,12,revision,28123.317150992883,0.0,0.020816799951717257,7.958078640513122e-13,73,B2 2025-11-13 12:00
B2,2025-11-13,18,revision,13131.057274961087,0.0,0.008271999889984727,7.958078640513122e-13,37,B2 2025-11-13 18:00
B2,2025-11-14,0,plan,19581.313242696328,0.0,0.04434999986551702,8.526512829121202e-13,144,B2 2025-11-14 00:00 plan
B2,2025-11-14,6,revision,9837.23169542309,0.0,0.019531200174242258,5.035109583157272e-12,109,B2 2025-11-14 06:00
B2,2025-11-14,12,revision,9965.510561090192,0.0,0.015201600035652518,1.1102230246251565e-12,73,B2 2025-11-14 12:00
B2,2025-11-14,18,revision,4902.192729344118,0.0,0.007300500059500337,1.3073986337985843e-12,37,B2 2025-11-14 18:00
B2,2025-11-15,0,plan,21118.021952070452,0.0,0.027296500047668815,4.293136352021281e-12,144,B2 2025-11-15 00:00 plan
B2,2025-11-15,6,revision,10135.161235758915,0.0,0.025709499837830663,9.094947017729282e-13,109,B2 2025-11-15 06:00
B2,2025-11-15,12,revision,10042.386225403267,0.0,0.010055300081148744,2.5011104298755527e-12,73,B2 2025-11-15 12:00
B2,2025-11-15,18,revision,4969.41888802956,0.0,0.008259299909695983,4.547473508864641e-13,37,B2 2025-11-15 18:00
B2,2025-11-16,0,plan,50711.40274599051,0.0,0.019719799980521202,1.1102230246251565e-12,144,B2 2025-11-16 00:00 plan
B2,2025-11-16,6,revision,40696.28065973298,0.0,0.022214299999177456,1.0231815394945443e-12,109,B2 2025-11-16 06:00
B2,2025-11-16,12,revision,28755.746220536694,0.0,0.014164699940010905,9.094947017729282e-13,73,B2 2025-11-16 12:00
B2,2025-11-16,18,revision,12961.142379262164,0.0,0.0071558000054210424,1.8189894035458565e-12,37,B2 2025-11-16 18:00
B2,2025-11-17,0,plan,49428.50317109919,0.0,0.027814599918201566,9.094947017729282e-13,144,B2 2025-11-17 00:00 plan
B2,2025-11-17,6,revision,42817.98343820942,0.0,0.022608499974012375,1.0231815394945443e-12,109,B2 2025-11-17 06:00
B2,2025-11-17,12,revision,28817.964566770483,0.0,0.021185799967497587,1.1368683772161603e-12,73,B2 2025-11-17 12:00
B2,2025-11-17,18,revision,13116.540413809504,0.0,0.007554100127890706,6.821210263296962e-13,37,B2 2025-11-17 18:00
B2,2025-11-18,0,plan,51084.529743044885,0.0,0.02149489987641573,7.958078640513122e-13,144,B2 2025-11-18 00:00 plan
B2,2025-11-18,6,revision,37007.71662419684,0.0,0.014339599991217256,9.094947017729282e-13,109,B2 2025-11-18 06:00
B2,2025-11-18,12,revision,29479.465324412646,2.4681443622242473e-16,0.01107390015386045,1.1368683772161603e-12,73,B2 2025-11-18 12:00
B2,2025-11-18,18,revision,12614.711054211288,0.0,0.008376199984923005,2.2737367544323206e-12,37,B2 2025-11-18 18:00
B2,2025-11-19,0,plan,51605.552597118,0.0,0.03151210001669824,6.834989043964659e-12,144,B2 2025-11-19 00:00 plan
B2,2025-11-19,6,revision,43860.71326897326,0.0,0.021915100049227476,9.094947017729282e-13,109,B2 2025-11-19 06:00
B2,2025-11-19,12,revision,29018.248057189197,0.0,0.01477129990234971,1.9326762412674725e-12,73,B2 2025-11-19 12:00
B2,2025-11-19,18,revision,13014.611940088269,0.0,0.007211300078779459,1.8189894035458565e-12,37,B2 2025-11-19 18:00
B2,2025-11-20,0,plan,51271.76546621098,0.0,0.02338130003772676,7.958078640513122e-13,144,B2 2025-11-20 00:00 plan
B2,2025-11-20,6,revision,38919.43187366566,0.0,0.022079600021243095,9.094947017729282e-13,109,B2 2025-11-20 06:00
B2,2025-11-20,12,revision,29955.30638545576,0.0,0.01354780001565814,9.094947017729282e-13,73,B2 2025-11-20 12:00
B2,2025-11-20,18,revision,12987.11379928382,0.0,0.007778699975460768,7.958078640513122e-13,37,B2 2025-11-20 18:00
B2,2025-11-21,0,plan,20077.170561205163,0.0,0.024091700091958046,4.440892098500626e-12,144,B2 2025-11-21 00:00 plan
B2,2025-11-21,6,revision,11109.676295275485,0.0,0.0251307999715209,1.6293633109398797e-12,109,B2 2025-11-21 06:00
B2,2025-11-21,12,revision,10182.719623631283,0.0,0.018235999858006835,1.736237627256713e-10,73,B2 2025-11-21 12:00
B2,2025-11-21,18,revision,4927.034768217161,0.0,0.007965500000864267,7.958078640513122e-13,37,B2 2025-11-21 18:00
B2,2025-11-22,0,plan,22263.652259701557,0.0,0.04677899996750057,1.5916157281026244e-12,144,B2 2025-11-22 00:00 plan
B2,2025-11-22,6,revision,10669.857867362518,0.0,0.024371200008317828,1.323015771011645e-10,109,B2 2025-11-22 06:00
B2,2025-11-22,12,revision,10696.341620228772,0.0,0.014667100040242076,9.094947017729282e-13,73,B2 2025-11-22 12:00
B2,2025-11-22,18,revision,5035.840270092427,0.0,0.008660400053486228,9.094947017729282e-13,37,B2 2025-11-22 18:00
B2,2025-11-23,0,plan,51838.64558469382,0.0,0.020528800087049603,1.0231815394945443e-12,144,B2 2025-11-23 00:00 plan
B2,2025-11-23,6,revision,41986.68940659573,0.0,0.026377999922260642,9.094947017729282e-13,109,B2 2025-11-23 06:00
B2,2025-11-23,12,revision,28569.451103861466,0.0,0.014896600041538477,9.547918011776346e-11,73,B2 2025-11-23 12:00
B2,2025-11-23,18,revision,12997.699591889274,0.0,0.01240819995291531,1.5916157281026244e-12,37,B2 2025-11-23 18:00
B2,2025-11-24,0,plan,51323.92628593455,0.0,0.03145150002092123,3.3306690738754696e-12,144,B2 2025-11-24 00:00 plan
B2,2025-11-24,6,revision,38590.09901618451,0.0,0.021588899893686175,1.0231815394945443e-12,109,B2 2025-11-24 06:00
B2,2025-11-24,12,revision,29141.28116019198,0.0,0.017106799874454737,1.5916157281026244e-12,73,B2 2025-11-24 12:00
B2,2025-11-24,18,revision,12992.709728725351,0.0,0.008472600020468235,6.821210263296962e-13,37,B2 2025-11-24 18:00
B2,2025-11-25,0,plan,59520.455398022765,0.0,0.0135731000918895,9.663381206337363e-13,144,B2 2025-11-25 00:00 plan
B2,2025-11-25,6,revision,43353.29070998214,0.0,0.022190999938175082,5.789813073420191e-10,109,B2 2025-11-25 06:00
B2,2025-11-25,12,revision,31584.06605367584,0.0,0.015116099966689944,9.094947017729282e-13,73,B2 2025-11-25 12:00
B2,2025-11-25,18,revision,13051.94688962339,0.0,0.008170200046151876,7.958078640513122e-13,37,B2 2025-11-25 18:00
B2,2025-11-26,0,plan,55450.48086890516,0.0,0.023598199943080544,9.094947017729282e-13,144,B2 2025-11-26 00:00 plan
B2,2025-11-26,6,revision,42637.06998937204,0.0,0.021401199977844954,9.094947017729282e-13,109,B2 2025-11-26 06:00
B2,2025-11-26,12,revision,30836.370023174342,0.0,0.014401599997654557,9.094947017729282e-13,73,B2 2025-11-26 12:00
B2,2025-11-26,18,revision,13124.720766809838,0.0,0.011527199996635318,1.8947806286936006e-12,37,B2 2025-11-26 18:00
B2,2025-11-27,0,plan,53703.863997640954,0.0,0.023438100004568696,2.7755575615628914e-12,144,B2 2025-11-27 00:00 plan
B2,2025-11-27,6,revision,41657.34747294152,0.0,0.02301079989410937,9.094947017729282e-13,109,B2 2025-11-27 06:00
B2,2025-11-27,12,revision,30170.842321562697,0.0,0.01505020004697144,9.094947017729282e-13,73,B2 2025-11-27 12:00
B2,2025-11-27,18,revision,13012.706511985283,0.0,0.011952500091865659,1.8189894035458565e-12,37,B2 2025-11-27 18:00
B2,2025-11-28,0,plan,20618.719006230913,0.0,0.030460399808362126,1.5063505998114124e-12,144,B2 2025-11-28 00:00 plan
B2,2025-11-28,6,revision,10871.660731806433,0.0,0.029837900074198842,1.2363443602225743e-12,109,B2 2025-11-28 06:00
B2,2025-11-28,12,revision,10212.482656759445,0.0,0.02453809999860823,1.0231815394945443e-12,73,B2 2025-11-28 12:00
B2,2025-11-28,18,revision,4980.013812194724,0.0,0.007672199979424477,9.094947017729282e-13,37,B2 2025-11-28 18:00
B2,2025-11-29,0,plan,25679.915934837645,1.4166630515158317e-16,0.0435158999171108,8.810729923425242e-13,144,B2 2025-11-29 00:00 plan
B2,2025-11-29,6,revision,12810.871023729733,0.0,0.03262600000016391,1.6200374375330284e-12,109,B2 2025-11-29 06:00
B2,2025-11-29,12,revision,11621.65804305024,0.0,0.014799600001424551,8.810729923425242e-13,73,B2 2025-11-29 12:00
B2,2025-11-29,18,revision,5025.109202181073,0.0,0.007712000049650669,5.115907697472721e-13,37,B2 2025-11-29 18:00
B2,2025-11-30,0,plan,55543.07932475954,0.0,0.01485330006107688,9.094947017729282e-13,144,B2 2025-11-30 00:00 plan
B2,2025-11-30,6,revision,44392.840676184765,0.0,0.023236099863424897,9.094947017729282e-13,109,B2 2025-11-30 06:00
B2,2025-11-30,12,revision,31640.575152516623,0.0,0.014628400094807148,7.276401703393276e-13,73,B2 2025-11-30 12:00
B2,2025-11-30,18,revision,13124.91931591643,0.0,0.0116820998955518,2.071626820705003e-12,37,B2 2025-11-30 18:00
B2,2025-12-01,0,plan,58859.618549430525,0.0,0.023246500175446272,7.958078640513122e-13,144,B2 2025-12-01 00:00 plan
B2,2025-12-01,6,revision,44747.81077188387,0.0,0.02330600004643202,9.094947017729282e-13,109,B2 2025-12-01 06:00
B2,2025-12-01,12,revision,32937.30261390448,0.0,0.017746599856764078,9.094947017729282e-13,73,B2 2025-12-01 12:00
B2,2025-12-01,18,revision,13757.487028401198,0.0,0.008377599995583296,7.958078640513122e-13,37,B2 2025-12-01 18:00
B2,2025-12-02,0,plan,60698.07069992645,0.0,0.012151299975812435,7.958078640513122e-13,144,B2 2025-12-02 00:00 plan
B2,2025-12-02,6,revision,47046.722594311424,0.0,0.01896020001731813,7.958078640513122e-13,109,B2 2025-12-02 06:00
B2,2025-12-02,12,revision,33322.759602945356,0.0,0.016357499873265624,7.276401703393276e-13,73,B2 2025-12-02 12:00
B2,2025-12-02,18,revision,13357.93130613721,0.0,0.014228499960154295,3.410605131648481e-13,37,B2 2025-12-02 18:00
B2,2025-12-03,0,plan,54378.829890853616,0.0,0.03586629987694323,9.094947017729282e-13,144,B2 2025-12-03 00:00 plan
B2,2025-12-03,6,revision,46227.00180501147,0.0,0.022754699923098087,7.031412489292658e-12,109,B2 2025-12-03 06:00
B2,2025-12-03,12,revision,34120.56742902176,0.0,0.017162600066512823,4.9960036108132044e-12,73,B2 2025-12-03 12:00
B2,2025-12-03,18,revision,13040.17896405087,0.0,0.013459800044074655,7.958078640513122e-13,37,B2 2025-12-03 18:00
B2,2025-12-04,0,plan,65167.15373246109,2.2330137799340843e-16,0.012794499984011054,9.094947017729282e-13,144,B2 2025-12-04 00:00 plan
B2,2025-12-04,6,revision,48651.951991511414,0.0,0.02230300009250641,9.485005373714255e-10,109,B2 2025-12-04 06:00
B2,2025-12-04,12,revision,36077.76414197962,0.0,0.017125899903476238,3.1456319031046105e-12,73,B2 2025-12-04 12:00
B2,2025-12-04,18,revision,14259.033310276074,0.0,0.012273600092157722,1.8695168869776856e-12,37,B2 2025-12-04 18:00
B2,2025-12-05,0,plan,27303.90971474137,0.0,0.021208300022408366,6.47630097698008e-12,144,B2 2025-12-05 00:00 plan
B2,2025-12-05,6,revision,15423.547335102223,0.0,0.029947799863293767,2.2524204723595176e-12,109,B2 2025-12-05 06:00
B2,2025-12-05,12,revision,13170.444263137684,0.0,0.020569999935105443,1.3642420526593924e-12,73,B2 2025-12-05 12:00
B2,2025-12-05,18,revision,5887.119925506749,0.0,0.007562700193375349,2.0463630789890885e-12,37,B2 2025-12-05 18:00
B2,2025-12-06,0,plan,28940.804097159664,0.0,0.020112300058826804,4.810966440042345e-12,144,B2 2025-12-06 00:00 plan
B2,2025-12-06,6,revision,16296.653514011376,0.0,0.020977200008928776,7.2164496600635175e-12,109,B2 2025-12-06 06:00
B2,2025-12-06,12,revision,13141.747812298208,0.0,0.015780699905008078,9.43689570931383e-12,73,B2 2025-12-06 12:00
B2,2025-12-06,18,revision,5576.794341148612,0.0,0.011794400168582797,2.1979455292845764e-12,37,B2 2025-12-06 18:00
B2,2025-12-07,0,plan,65559.23191859094,0.0,0.012040199944749475,9.094947017729282e-13,144,B2 2025-12-07 00:00 plan
B2,2025-12-07,6,revision,48520.22252026003,0.0,0.021833700127899647,1.5931700403370996e-10,109,B2 2025-12-07 06:00
B2,2025-12-07,12,revision,35480.585128234954,0.0,0.014167800080031157,1.8503717077085944e-12,73,B2 2025-12-07 12:00
B2,2025-12-07,18,revision,13626.98400425587,0.0,0.008062899811193347,1.7621459846850485e-12,37,B2 2025-12-07 18:00
B2,2025-12-08,0,plan,69244.1660823145,0.0,0.01267209998331964,7.958078640513122e-13,144,B2 2025-12-08 00:00 plan
B2,2025-12-08,6,revision,54003.65426090361,0.0,0.028216900071129203,1.0231815394945443e-12,109,B2 2025-12-08 06:00
B2,2025-12-08,12,revision,34655.75448968088,0.0,0.01440549991093576,8.413270080609436e-13,73,B2 2025-12-08 12:00
B2,2025-12-08,18,revision,13750.937374662051,0.0,0.008085600100457668,4.774847184307873e-12,37,B2 2025-12-08 18:00
B2,2025-12-09,0,plan,63618.60516143926,0.0,0.02266069990582764,9.251858538542972e-13,144,B2 2025-12-09 00:00 plan
B2,2025-12-09,6,revision,48051.85572669478,0.0,0.024255499942228198,7.086923640523916e-11,109,B2 2025-12-09 06:00
B2,2025-12-09,12,revision,33513.18437018086,0.0,0.014833100140094757,7.790064889453183e-11,73,B2 2025-12-09 12:00
B2,2025-12-09,18,revision,13301.767696381921,0.0,0.008436999982222915,4.547473508864641e-13,37,B2 2025-12-09 18:00
B2,2025-12-10,0,plan,60757.077074435714,0.0,0.03587999986484647,9.094947017729282e-13,144,B2 2025-12-10 00:00 plan
B2,2025-12-10,6,revision,48232.50713147694,0.0,0.02987359999679029,3.164135620181696e-11,109,B2 2025-12-10 06:00
B2,2025-12-10,12,revision,34427.014888185266,0.0,0.01145719992928207,9.094947017729282e-13,73,B2 2025-12-10 12:00
B2,2025-12-10,18,revision,13074.090521192249,0.0,0.007168899988755584,1.8189894035458565e-12,37,B2 2025-12-10 18:00
B2,2025-12-11,0,plan,63693.434794938184,0.0,0.027493900153785944,9.094947017729282e-13,144,B2 2025-12-11 00:00 plan
B2,2025-12-11,6,revision,47488.740801981025,0.0,0.021759199909865856,1.6370904631912707e-12,109,B2 2025-12-11 06:00
B2,2025-12-11,12,revision,33163.79874042889,0.0,0.014207599917426705,1.6653345369377348e-12,73,B2 2025-12-11 12:00
B2,2025-12-11,18,revision,13137.53394047111,0.0,0.007670900085940957,7.958078640513122e-13,37,B2 2025-12-11 18:00
B2,2025-12-12,0,plan,27420.214708793243,0.0,0.023372899973765016,1.0231815394945443e-12,144,B2 2025-12-12 00:00 plan
B2,2025-12-12,6,revision,16042.787542009213,0.0,0.02939500007778406,2.3874235921539366e-12,109,B2 2025-12-12 06:00
B2,2025-12-12,12,revision,12415.255600698893,0.0,0.016248299973085523,1.1368683772161603e-12,73,B2 2025-12-12 12:00
B2,2025-12-12,18,revision,5000.33641182568,0.0,0.00791190005838871,7.958078640513122e-13,37,B2 2025-12-12 18:00
B2,2025-12-13,0,plan,27847.292048738887,0.0,0.02456789999268949,1.6653345369377348e-12,144,B2 2025-12-13 00:00 plan
B2,2025-12-13,6,revision,16880.884698087128,0.0,0.02782289986498654,8.526512829121202e-13,109,B2 2025-12-13 06:00
B2,2025-12-13,12,revision,12503.893776826313,0.0,0.01621460006572306,8.597567102697212e-13,73,B2 2025-12-13 12:00
B2,2025-12-13,18,revision,5073.018759471774,0.0,0.007867300184443593,6.821210263296962e-13,37,B2 2025-12-13 18:00
B2,2025-12-14,0,plan,60040.58431893067,2.423679814817968e-16,0.011566700180992484,9.094947017729282e-13,144,B2 2025-12-14 00:00 plan
B2,2025-12-14,6,revision,47604.179647475175,0.0,0.024771900149062276,1.2728526275342129e-08,109,B2 2025-12-14 06:00
B2,2025-12-14,12,revision,34281.63934936825,0.0,0.015293400036171079,9.094947017729282e-13,73,B2 2025-12-14 12:00
B2,2025-12-14,18,revision,13213.012210338187,0.0,0.007641700096428394,1.8189894035458565e-12,37,B2 2025-12-14 18:00
B2,2025-12-15,0,plan,60941.82683452806,0.0,0.04466989985667169,9.094947017729282e-13,144,B2 2025-12-15 00:00 plan
B2,2025-12-15,6,revision,49799.50848894325,0.0,0.026373300002887845,9.094947017729282e-13,109,B2 2025-12-15 06:00
B2,2025-12-15,12,revision,33108.681928103695,0.0,0.017851300071924925,1.9984014443252818e-11,73,B2 2025-12-15 12:00
B2,2025-12-15,18,revision,13192.099136159095,0.0,0.008671499788761139,6.821210263296962e-13,37,B2 2025-12-15 18:00
B2,2025-12-16,0,plan,64951.69101269697,0.0,0.013120400020852685,7.958078640513122e-13,144,B2 2025-12-16 00:00 plan
B2,2025-12-16,6,revision,49234.453418899604,0.0,0.023860299959778786,1.2952117824480187e-08,109,B2 2025-12-16 06:00
B2,2025-12-16,12,revision,33842.32810459905,0.0,0.015779899898916483,7.958078640513122e-13,73,B2 2025-12-16 12:00
B2,2025-12-16,18,revision,13230.452616193214,0.0,0.012556299800053239,1.8189894035458565e-12,37,B2 2025-12-16 18:00
B2,2025-12-17,0,plan,65002.7783481145,0.0,0.06200019991956651,1.2505552149377763e-12,144,B2 2025-12-17 00:00 plan
B2,2025-12-17,6,revision,48349.47927743949,0.0,0.023388500092551112,2.235249022911982e-10,109,B2 2025-12-17 06:00
B2,2025-12-17,12,revision,33272.9197020336,0.0,0.017928000073879957,2.2395048778397117e-09,73,B2 2025-12-17 12:00
B2,2025-12-17,18,revision,13061.988137455155,0.0,0.00753450021147728,9.094947017729282e-13,37,B2 2025-12-17 18:00
B2,2025-12-18,0,plan,62466.79875667724,0.0,0.023786700097844005,5.921189464667502e-12,144,B2 2025-12-18 00:00 plan
B2,2025-12-18,6,revision,48610.94762415034,0.0,0.01855529984459281,8.641976023682219e-13,109,B2 2025-12-18 06:00
B2,2025-12-18,12,revision,32624.11287605415,0.0,0.012245099991559982,8.640171911267203e-13,73,B2 2025-12-18 12:00
B2,2025-12-18,18,revision,13231.7809359825,0.0,0.011768300086259842,1.8189894035458565e-12,37,B2 2025-12-18 18:00
B2,2025-12-19,0,plan,26414.718112635484,0.0,0.019445100100710988,8.810729923425242e-13,144,B2 2025-12-19 00:00 plan
B2,2025-12-19,6,revision,15407.31745497398,0.0,0.026702300179749727,1.2505552149377763e-12,109,B2 2025-12-19 06:00
B2,2025-12-19,12,revision,11996.512630619683,0.0,0.015623300103470683,6.47630097698008e-12,73,B2 2025-12-19 12:00
B2,2025-12-19,18,revision,4979.565135426184,0.0,0.007554400013759732,5.684341886080801e-13,37,B2 2025-12-19 18:00
B2,2025-12-20,0,plan,28377.35291732798,0.0,0.02373100002296269,8.490985692333197e-13,144,B2 2025-12-20 00:00 plan
B2,2025-12-20,6,revision,15177.444373857019,0.0,0.02086109993979335,2.7570538444858055e-11,109,B2 2025-12-20 06:00
B2,2025-12-20,12,revision,12321.66541536794,0.0,0.014651700155809522,1.0917193075480707e-11,73,B2 2025-12-20 12:00
B2,2025-12-20,18,revision,5115.204726192989,0.0,0.00684039993211627,4.547473508864641e-13,37,B2 2025-12-20 18:00
B2,2025-12-21,0,plan,63408.54117845284,0.0,0.01126800011843443,7.958078640513122e-13,144,B2 2025-12-21 00:00 plan
B2,2025-12-21,6,revision,47941.57587028657,0.0,0.02970770001411438,9.663381206337363e-13,109,B2 2025-12-21 06:00
B2,2025-12-21,12,revision,34453.60163461265,0.0,0.017509799916297197,9.094947017729282e-13,73,B2 2025-12-21 12:00
B2,2025-12-21,18,revision,13173.485680617057,0.0,0.007905300008133054,1.8189894035458565e-12,37,B2 2025-12-21 18:00
B2,2025-12-22,0,plan,63071.175277386115,0.0,0.023974699899554253,8.526512829121202e-13,144,B2 2025-12-22 00:00 plan
B2,2025-12-22,6,revision,47965.20681869223,0.0,0.026440500048920512,1.5916157281026244e-12,109,B2 2025-12-22 06:00
B2,2025-12-22,12,revision,33235.88572351682,0.0,0.015505499904975295,1.3304172578424794e-10,73,B2 2025-12-22 12:00
B2,2025-12-22,18,revision,13171.622654875768,0.0,0.007759199943393469,3.637978807091713e-12,37,B2 2025-12-22 18:00
B2,2025-12-23,0,plan,64875.11163943292,1.1215329623819704e-16,0.049461100017651916,9.094947017729282e-13,144,B2 2025-12-23 00:00 plan
B2,2025-12-23,6,revision,48707.12238509215,0.0,0.02219259995035827,1.8810508706224027e-12,109,B2 2025-12-23 06:00
B2,2025-12-23,12,revision,33382.58244967666,0.0,0.014971299795433879,9.094947017729282e-13,73,B2 2025-12-23 12:00
B2,2025-12-23,18,revision,13439.267986263954,0.0,0.008153999922797084,9.094947017729282e-13,37,B2 2025-12-23 18:00
B2,2025-12-24,0,plan,64160.49151219628,0.0,0.019790499936789274,9.094947017729282e-13,144,B2 2025-12-24 00:00 plan
B2,2025-12-24,6,revision,49084.037717110215,0.0,0.01215080008842051,8.589795541524836e-13,109,B2 2025-12-24 06:00
B2,2025-12-24,12,revision,33514.74950134104,0.0,0.014729599934071302,8.526512829121202e-13,73,B2 2025-12-24 12:00
B2,2025-12-24,18,revision,13170.173556102094,0.0,0.007095599779859185,2.7284841053187847e-12,37,B2 2025-12-24 18:00
B2,2025-12-25,0,plan,61258.53802549573,0.0,0.023023199988529086,9.475786269980965e-13,144,B2 2025-12-25 00:00 plan
B2,2025-12-25,6,revision,46252.89006924412,0.0,0.026467599906027317,1.8189894035458565e-12,109,B2 2025-12-25 06:00
B2,2025-12-25,12,revision,33715.312083156954,0.0,0.015119499992579222,9.094947017729282e-13,73,B2 2025-12-25 12:00
B2,2025-12-25,18,revision,13117.778263011776,0.0,0.006944800028577447,2.9558577807620168e-12,37,B2 2025-12-25 18:00
B2,2025-12-26,0,plan,27214.701166555365,0.0,0.023868100019171834,1.0231815394945443e-12,144,B2 2025-12-26 00:00 plan
B2,2025-12-26,6,revision,15226.208514467742,0.0,0.028035099850967526,8.242295734817162e-13,109,B2 2025-12-26 06:00
B2,2025-12-26,12,revision,12468.258463747798,0.0,0.015965500148013234,9.094947017729282e-13,73,B2 2025-12-26 12:00
B2,2025-12-26,18,revision,5064.412352944338,0.0,0.008044099900871515,2.1032064978498966e-12,37,B2 2025-12-26 18:00
B2,2025-12-27,0,plan,27632.50808929451,0.0,0.05252869985997677,1.3642420526593924e-12,144,B2 2025-12-27 00:00 plan
B2,2025-12-27,6,revision,15571.599111860758,0.0,0.03419109992682934,3.637978807091713e-12,109,B2 2025-12-27 06:00
B2,2025-12-27,12,revision,12569.681774642053,0.0,0.01625480013899505,4.884981308350689e-11,73,B2 2025-12-27 12:00
B2,2025-12-27,18,revision,5159.876365825488,0.0,0.007862899918109179,7.958078640513122e-13,37,B2 2025-12-27 18:00
B2,2025-12-28,0,plan,63288.3149647447,0.0,0.017896800069138408,9.094947017729282e-13,144,B2 2025-12-28 00:00 plan
B2,2025-12-28,6,revision,48062.21969946452,0.0,0.02861399995163083,5.7980287238024175e-12,109,B2 2025-12-28 06:00
B2,2025-12-28,12,revision,33235.77504304372,0.0,0.013780999928712845,3.904284303265134e-10,73,B2 2025-12-28 12:00
B2,2025-12-28,18,revision,13369.142394848266,0.0,0.012114000041037798,9.094947017729282e-13,37,B2 2025-12-28 18:00
B2,2025-12-29,0,plan,62672.17268852807,0.0,0.030123900156468153,9.094947017729282e-13,144,B2 2025-12-29 00:00 plan
B2,2025-12-29,6,revision,49516.15863714679,0.0,0.019208000041544437,8.185674360561279e-13,109,B2 2025-12-29 06:00
B2,2025-12-29,12,revision,33963.8246535111,0.0,0.01627689995802939,5.736152293896643e-12,73,B2 2025-12-29 12:00
B2,2025-12-29,18,revision,13246.323102469158,0.0,0.00751030002720654,1.8189894035458565e-12,37,B2 2025-12-29 18:00
B2,2025-12-30,0,plan,63878.23622810797,0.0,0.03661229996941984,9.663381206337363e-13,144,B2 2025-12-30 00:00 plan
B2,2025-12-30,6,revision,49382.67116972497,0.0,0.027840600116178393,1.3642420526593924e-12,109,B2 2025-12-30 06:00
B2,2025-12-30,12,revision,33757.92002767587,0.0,0.011128999991342425,9.094947017729282e-13,73,B2 2025-12-30 12:00
B2,2025-12-30,18,revision,13414.16517596009,0.0,0.008386899949982762,9.094947017729282e-13,37,B2 2025-12-30 18:00
B2,2025-12-31,0,plan,64284.789914146604,0.0,0.018971099983900785,9.094947017729282e-13,144,B2 2025-12-31 00:00 plan
B2,2025-12-31,6,revision,49066.480064151816,0.0,0.020314499968662858,3.754959306453051e-09,109,B2 2025-12-31 06:00
B2,2025-12-31,12,revision,33478.03191179431,0.0,0.025903900153934956,9.480995511881762e-13,73,B2 2025-12-31 12:00
B2,2025-12-31,18,revision,13094.37107918898,0.0,0.007766899885609746,3.183231456205249e-12,37,B2 2025-12-31 18:00
