strategy_id,date,issue_time,slot,start_time,end_time,price_yuan_kWh,load_kW,pv_kW,load_forecast_kW,pv_forecast_kW,net_forecast_kWh,residual_adjustment_kWh,protected_net_kWh,theta,theta_preset,residual_days,fallback_reason,planned_kWh,charge_kWh,discharge_kWh,emergency_kWh,unused_kWh,state_start_kWh,state_end_kWh,nominal_state_end_kWh,planned_cost_yuan,emergency_cost_yuan
A_base,2025-03-20,2025-03-20,0,2025-03-20 00:00:00,2025-03-20 00:10:00,0.4248,3299.0689,0.0,3617.1514,0.0,602.8585666666667,0.0,602.8585666666667,base,base,28,,1436.1918999999998,833.3333333333333,0.0,0.0,53.013749999999845,8157.39086166439,8907.39086166439,8907.39086166439,610.0943191199999,0.0
A_base,2025-03-20,2025-03-20,1,2025-03-20 00:10:00,2025-03-20 00:20:00,0.4245,3421.881,0.0,3585.3143,0.0,597.5523833333333,0.0,597.5523833333333,base,base,28,,1430.8857166666667,833.3333333333333,0.0,0.0,27.238883333333433,8907.39086166439,9657.39086166439,9657.39086166439,607.4109867249999,0.0
A_base,2025-03-20,2025-03-20,2,2025-03-20 00:20:00,2025-03-20 00:30:00,0.4269,3683.11,0.0,3514.21,0.0,585.7016666666666,0.0,585.7016666666666,base,base,28,,1021.9340425951228,408.08237592845614,0.0,0.0,0.0,9657.39086166439,10024.664999999999,10050.0,436.26364278385796,0.0
A_base,2025-03-20,2025-03-20,3,2025-03-20 00:30:00,2025-03-20 00:40:00,0.4272,3476.737,0.0,3566.7633,0.0,594.46055,0.0,594.46055,base,base,28,,594.46055,15.004383333333408,0.0,0.0,0.0,10024.664999999999,10038.168945,10050.0,253.95354696,0.0
A_base,2025-03-20,2025-03-20,4,2025-03-20 00:40:00,2025-03-20 00:50:00,0.4271,3302.6695,0.0,3529.764,0.0,588.294,0.0,588.294,base,base,28,,588.294,37.8490833333334,0.0,0.0,0.0,10038.168945,10072.233119999999,10050.0,251.26036739999998,0.0
A_base,2025-03-20,2025-03-20,5,2025-03-20 00:50:00,2025-03-20 01:00:00,0.4285,3426.94,0.0,3390.6,0.0,565.0999999999999,0.0,565.0999999999999,base,base,28,,565.0999999999999,0.0,6.056666666666729,0.0,0.0,10072.233119999999,10065.503490370369,10050.0,242.14534999999995,0.0
A_base,2025-03-20,2025-03-20,6,2025-03-20 01:00:00,2025-03-20 01:10:00,0.4311,3609.5343,0.0,3352.8783,0.0,558.81305,0.0,558.81305,base,base,28,,558.81305,0.0,42.775999999999954,0.0,0.0,10065.503490370369,10017.974601481481,10050.0,240.904305855,0.0
A_base,2025-03-20,2025-03-20,7,2025-03-20 01:10:00,2025-03-20 01:20:00,0.4302,3668.9025,0.0,3308.9055,0.0,551.48425,0.0,551.48425,base,base,28,,551.48425,0.0,59.99950000000001,0.0,0.0,10017.974601481481,9951.30849037037,10050.0,237.24852435,0.0
A_base,2025-03-20,2025-03-20,8,2025-03-20 01:20:00,2025-03-20 01:30:00,0.4279,3589.3,0.0,3260.08,0.0,543.3466666666666,0.0,543.3466666666666,base,base,28,,543.3466666666666,0.0,54.87000000000012,0.0,0.0,9951.30849037037,9890.341823703702,10050.0,232.49803866666662,0.0
A_base,2025-03-20,2025-03-20,9,2025-03-20 01:30:00,2025-03-20 01:40:00,0.4312,3503.6157,0.0,3353.4584,0.0,558.9097333333333,0.0,558.9097333333333,base,base,28,,558.9097333333333,0.0,25.02621666666664,0.0,0.0,9890.341823703702,9862.534916296296,10050.0,241.00187701333334,0.0
A_base,2025-03-20,2025-03-20,10,2025-03-20 01:40:00,2025-03-20 01:50:00,0.4333,3545.9703,0.0,3552.8392,0.0,592.1398666666666,0.0,592.1398666666666,base,base,28,,592.1398666666666,1.1448166666666566,0.0,0.0,0.0,9862.534916296296,9863.565251296295,10050.0,256.57420422666667,0.0
A_base,2025-03-20,2025-03-20,11,2025-03-20 01:50:00,2025-03-20 02:00:00,0.4311,3590.66,0.0,3655.73,0.0,609.2883333333333,0.0,609.2883333333333,base,base,28,,609.2883333333333,10.845000000000027,0.0,0.0,0.0,9863.565251296295,9873.325751296295,10050.0,262.6642005,0.0
A_base,2025-03-20,2025-03-20,12,2025-03-20 02:00:00,2025-03-20 02:10:00,0.4293,3395.9017,0.0,3484.6496,0.0,580.7749333333334,0.0,580.7749333333334,base,base,28,,580.7749333333334,14.791316666666717,0.0,0.0,0.0,9873.325751296295,9886.637936296296,10050.0,249.32667888000003,0.0
A_base,2025-03-20,2025-03-20,13,2025-03-20 02:10:00,2025-03-20 02:20:00,0.4324,3276.7246,0.0,3416.4269,0.0,569.4044833333332,0.0,569.4044833333332,base,base,28,,569.4044833333332,23.283716666666578,0.0,0.0,0.0,9886.637936296296,9907.593281296296,10050.0,246.2104985933333,0.0
A_base,2025-03-20,2025-03-20,14,2025-03-20 02:20:00,2025-03-20 02:30:00,0.4367,3394.28,0.0,3529.19,0.0,588.1983333333333,0.0,588.1983333333333,base,base,28,,588.1983333333333,22.4849999999999,0.0,0.0,0.0,9907.593281296296,9927.829781296296,10050.0,256.8662121666666,0.0
A_base,2025-03-20,2025-03-20,15,2025-03-20 02:30:00,2025-03-20 02:40:00,0.4348,3587.5594,0.0,3565.0967,0.0,594.1827833333333,0.0,594.1827833333333,base,base,28,,594.1827833333333,0.0,3.74378333333334,0.0,0.0,9927.829781296296,9923.670022037037,10050.0,258.3506741933333,0.0
A_base,2025-03-20,2025-03-20,16,2025-03-20 02:40:00,2025-03-20 02:50:00,0.4335,3605.7268,0.0,3662.8512,0.0,610.4752,0.0,610.4752,base,base,28,,610.4752,9.520733333333396,0.0,0.0,0.0,9923.670022037037,9932.238682037038,10050.0,264.6409992,0.0
A_base,2025-03-20,2025-03-20,17,2025-03-20 02:50:00,2025-03-20 03:00:00,0.4357,3522.79,0.0,3749.14,0.0,624.8566666666666,0.0,624.8566666666666,base,base,28,,624.8566666666666,37.72499999999991,0.0,0.0,0.0,9932.238682037038,9966.191182037037,10050.0,272.2500496666666,0.0
A_base,2025-03-20,2025-03-20,18,2025-03-20 03:00:00,2025-03-20 03:10:00,0.4374,3631.2618,0.0,3576.3344,0.0,596.0557333333334,0.0,596.0557333333334,base,base,28,,596.0557333333334,0.0,9.154566666666597,0.0,0.0,9966.191182037037,9956.019441296296,10050.0,260.71477776,0.0
A_base,2025-03-20,2025-03-20,19,2025-03-20 03:10:00,2025-03-20 03:20:00,0.4371,3731.3543,0.0,3450.3953,0.0,575.0658833333333,0.0,575.0658833333333,base,base,28,,575.0658833333333,0.0,46.82650000000001,0.0,0.0,9956.019441296296,9903.989996851851,10050.0,251.36129760499998,0.0
A_base,2025-03-20,2025-03-20,20,2025-03-20 03:20:00,2025-03-20 03:30:00,0.4356,3721.01,0.0,3522.37,0.0,587.0616666666666,0.0,587.0616666666666,base,base,28,,587.0616666666666,0.0,33.10666666666668,0.0,0.0,9903.989996851851,9867.204811666667,10050.0,255.72406199999998,0.0
A_base,2025-03-20,2025-03-20,21,2025-03-20 03:30:00,2025-03-20 03:40:00,0.4353,3699.7385,0.0,3631.228,0.0,605.2046666666666,0.0,605.2046666666666,base,base,28,,605.2046666666666,0.0,11.418416666666644,0.0,0.0,9867.204811666667,9854.517682037036,10050.0,263.4455914,0.0
A_base,2025-03-20,2025-03-20,22,2025-03-20 03:40:00,2025-03-20 03:50:00,0.436,3674.7825,0.0,3569.4386,0.0,594.9064333333333,0.0,594.9064333333333,base,base,28,,594.9064333333333,0.0,17.557316666666566,0.0,0.0,9854.517682037036,9835.009552407406,10050.0,259.3792049333333,0.0
A_base,2025-03-20,2025-03-20,23,2025-03-20 03:50:00,2025-03-20 04:00:00,0.4378,3623.58,0.0,3455.04,0.0,575.8399999999999,0.0,575.8399999999999,base,base,28,,575.8399999999999,0.0,28.090000000000032,0.0,0.0,9835.009552407406,9803.798441296294,10050.0,252.10275199999998,0.0
A_base,2025-03-20,2025-03-20,24,2025-03-20 04:00:00,2025-03-20 04:10:00,0.4401,3538.7697,0.0019,3583.9838,0.0018,597.3303333333333,0.0,597.3303333333333,base,base,28,,597.3303333333333,7.5357000000001335,0.0,0.0,0.0,9803.798441296294,9810.580571296294,10050.0,262.8850797,0.0
A_base,2025-03-20,2025-03-20,25,2025-03-20 04:10:00,2025-03-20 04:20:00,0.4389,3488.7843,0.0,3645.8233,0.0,607.6372166666666,0.0,607.6372166666666,base,base,28,,607.6372166666666,26.173166666666702,0.0,0.0,0.0,9810.580571296294,9834.136421296294,10050.0,266.691974395,0.0
A_base,2025-03-20,2025-03-20,26,2025-03-20 04:20:00,2025-03-20 04:30:00,0.4364,3513.51,0.0,3577.07,0.0,596.1783333333333,0.0,596.1783333333333,base,base,28,,596.1783333333333,10.593333333333248,0.0,0.0,0.0,9834.136421296294,9843.670421296294,10050.0,260.17222466666664,0.0
A_base,2025-03-20,2025-03-20,27,2025-03-20 04:30:00,2025-03-20 04:40:00,0.4393,3598.3779,0.0271,3630.4401,0.0254,605.0691166666666,0.0,605.0691166666666,base,base,28,,605.0691166666666,5.343983333333199,0.0,0.0,0.0,9843.670421296294,9848.480006296293,10050.0,265.80686295166663,0.0
A_base,2025-03-20,2025-03-20,28,2025-03-20 04:40:00,2025-03-20 04:50:00,0.4422,3700.4359,0.0,3717.5034,0.0,619.5839,0.0,619.5839,base,base,28,,619.5839,2.8445833333333894,0.0,0.0,0.0,9848.480006296293,9851.040131296293,10050.0,273.98000057999997,0.0
A_base,2025-03-20,2025-03-20,29,2025-03-20 04:50:00,2025-03-20 05:00:00,0.4395,3753.57,0.0,3727.07,0.0,621.1783333333333,0.0,621.1783333333333,base,base,28,,621.1783333333333,0.0,4.4166666666667425,0.0,0.0,9851.040131296293,9846.132723888886,10050.0,273.0078775,0.0
A_base,2025-03-20,2025-03-20,30,2025-03-20 05:00:00,2025-03-20 05:10:00,0.4333,3716.9811,0.3776,3652.3286,0.3537,608.6624833333333,0.0,608.6624833333333,base,base,28,,608.6624833333333,0.0,10.771433333333334,0.0,0.0,9846.132723888886,9834.164464629626,10050.0,263.7334540283333,0.0
A_base,2025-03-20,2025-03-20,31,2025-03-20 05:10:00,2025-03-20 05:20:00,0.4439,3707.0664,0.0,3627.5869,0.0,604.5978166666666,0.0,604.5978166666666,base,base,28,,604.5978166666666,0.0,13.24658333333332,0.0,0.0,9834.164464629626,9819.4460387037,10050.0,268.3809708183333,0.0
A_base,2025-03-20,2025-03-20,32,2025-03-20 05:20:00,2025-03-20 05:30:00,0.4301,3642.69,0.0,3625.87,0.0,604.3116666666666,0.0,604.3116666666666,base,base,28,,604.3116666666666,0.0,2.8033333333333985,0.0,0.0,9819.4460387037,9816.331223888885,10050.0,259.9144478333333,0.0
A_base,2025-03-20,2025-03-20,33,2025-03-20 05:30:00,2025-03-20 05:40:00,0.3713,3457.8398,5.2594,3603.0838,4.9264,599.6929,0.0,599.6929,base,base,28,,1433.0262333333333,833.3333333333333,0.0,0.0,24.262833333333333,9816.331223888885,10566.331223888885,10800.0,532.0826404366667,0.0
A_base,2025-03-20,2025-03-20,34,2025-03-20 05:40:00,2025-03-20 05:50:00,0.5708,4028.7787,0.0,4178.7819,0.0,696.4636499999999,0.0,696.4636499999999,base,base,28,,696.4636499999999,25.00053333333335,0.0,0.0,0.0,10566.331223888885,10588.831703888885,10800.0,397.54145141999993,0.0
A_base,2025-03-20,2025-03-20,35,2025-03-20 05:50:00,2025-03-20 06:00:00,0.9099,4962.09,0.0,4976.26,0.0,829.3766666666667,0.0,829.3766666666667,base,base,28,,0.0,0.0,827.015,0.0,0.0,10588.831703888885,9669.92614833333,9878.47037037037,0.0,0.0
A_base,2025-03-20,2025-03-20,36,2025-03-20 06:00:00,2025-03-20 06:10:00,0.9368,4905.1198,153.4202,4927.8193,144.6043,797.2025,0.0,797.2025,base,base,28,,0.0,0.0,791.9499333333334,0.0,0.0,9669.92614833333,8789.98177796296,8992.689814814816,0.0,0.0
A_base,2025-03-20,2025-03-20,37,2025-03-20 06:10:00,2025-03-20 06:20:00,0.8758,4660.8239,401.044,4816.9758,383.3165,738.9432166666667,0.0,738.9432166666667,base,base,28,,0.0,0.0,709.9633166666667,0.0,0.0,8789.98177796296,8001.13364833333,8171.641796296297,0.0,0.0
A_base,2025-03-20,2025-03-20,38,2025-03-20 06:20:00,2025-03-20 06:30:00,0.8759,4703.75,675.525,4945.2,669.975,712.5374999999999,0.0,712.5374999999999,base,base,28,,0.0,0.0,671.3708333333333,0.0,0.0,8001.13364833333,7255.166055740738,7379.933462962964,0.0,0.0
A_base,2025-03-20,2025-03-20,39,2025-03-20 06:30:00,2025-03-20 06:40:00,0.8601,4726.9008,952.6316,4841.0708,986.6364,642.4057333333334,0.0,642.4057333333334,base,base,28,,0.0,0.0,629.0448666666666,0.0,0.0,7255.166055740738,6556.227314999997,6666.149314814816,0.0,0.0
A_base,2025-03-20,2025-03-20,40,2025-03-20 06:40:00,2025-03-20 06:50:00,0.8442,4819.4733,1302.5378,4756.7742,1316.594,573.3633666666666,0.0,573.3633666666666,base,base,28,,0.0,0.0,586.1559166666666,0.0,0.0,6556.227314999997,5904.942963148145,6029.078907407408,0.0,0.0
A_base,2025-03-20,2025-03-20,41,2025-03-20 06:50:00,2025-03-20 07:00:00,0.8334,4880.33,1693.2375,4785.54,1643.8875,523.60875,0.0,523.60875,base,base,28,,212.80699999999882,0.0,318.37508333333443,0.0,0.0,5904.942963148145,5551.192870555551,5683.743629629629,177.353353799999,0.0
A_base,2025-03-20,2025-03-20,42,2025-03-20 07:00:00,2025-03-20 07:10:00,0.8092,4689.3761,2009.9231,4770.8891,1956.0234,469.14428333333336,0.0,469.14428333333336,base,base,28,,469.14428333333336,22.56878333333333,0.0,0.0,0.0,5551.192870555551,5571.504775555551,5683.743629629629,379.63155407333335,0.0
A_base,2025-03-20,2025-03-20,43,2025-03-20 07:10:00,2025-03-20 07:20:00,0.7972,4713.3646,2305.9149,4933.7109,2250.2085,447.25039999999996,0.0,447.25039999999996,base,base,28,,447.25039999999996,46.00878333333338,0.0,0.0,0.0,5571.504775555551,5612.912680555551,5683.743629629629,356.54801888,0.0
A_base,2025-03-20,2025-03-20,44,2025-03-20 07:20:00,2025-03-20 07:30:00,0.7644,4827.2,2609.7375,5017.07,2498.925,419.6908333333332,0.0,419.6908333333332,base,base,28,,419.6908333333332,50.11374999999998,0.0,0.0,0.0,5612.912680555551,5658.015055555551,5683.743629629629,320.81167299999987,0.0
A_base,2025-03-20,2025-03-20,45,2025-03-20 07:30:00,2025-03-20 07:40:00,0.6899,4578.156,2894.0148,4678.8593,2691.9663,331.1488333333333,0.0,331.1488333333333,base,base,28,,331.1488333333333,50.458633333333296,0.0,0.0,0.0,5658.015055555551,5703.427825555551,5683.743629629629,228.45958011666664,0.0
A_base,2025-03-20,2025-03-20,46,2025-03-20 07:40:00,2025-03-20 07:50:00,0.86,5187.0368,3179.5684,5430.5741,2986.3327,407.37356666666665,0.0,407.37356666666665,base,base,28,,0.0,0.0,334.5780666666666,0.0,0.0,5703.427825555551,5331.674418148144,5231.106333333333,0.0,0.0
A_base,2025-03-20,2025-03-20,47,2025-03-20 07:50:00,2025-03-20 08:00:00,1.1617,6405.59,3476.5125,6755.97,3339.9375,569.33875,0.0,569.33875,base,base,28,,0.0,0.0,488.17958333333337,0.0,0.0,5331.674418148144,4789.252658888884,4598.507722222222,0.0,0.0
A_base,2025-03-20,2025-03-20,48,2025-03-20 08:00:00,2025-03-20 08:10:00,1.1683,6658.0486,3761.2255,6545.8122,3552.9582,498.809,0.0,498.809,base,base,28,,0.0,0.0,482.80385,0.0,0.0,4789.252658888884,4252.803936666662,4044.2754999999997,0.0,0.0
A_base,2025-03-20,2025-03-20,49,2025-03-20 08:10:00,2025-03-20 08:20:00,1.0956,6606.6001,3976.3717,6234.5498,3752.2552,413.7157666666666,0.0,413.7157666666666,base,base,28,,0.0,0.0,438.3713999999999,0.0,0.0,4252.803936666662,3765.7246033333286,3584.5913148148147,0.0,0.0
A_base,2025-03-20,2025-03-20,50,2025-03-20 08:20:00,2025-03-20 08:30:00,1.0849,6687.27,4220.325,6481.09,3987.0,415.6816666666667,0.0,415.6816666666667,base,base,28,,0.0,0.0,411.1575000000001,0.0,0.0,3765.7246033333286,3308.882936666662,3122.722796296296,0.0,0.0
A_base,2025-03-20,2025-03-20,51,2025-03-20 08:30:00,2025-03-20 08:40:00,1.061,6649.776,4653.7429,6510.8474,4178.399,388.7413999999999,0.0,388.7413999999999,base,base,28,,0.0,0.0,332.67218333333324,0.0,0.0,3308.882936666662,2939.247177407403,2690.787907407407,0.0,0.0
A_base,2025-03-20,2025-03-20,52,2025-03-20 08:40:00,2025-03-20 08:50:00,1.043,6705.5335,5037.5027,6551.7773,4381.418,361.72655,0.0,361.72655,base,base,28,,0.0,0.0,278.0051333333332,0.0,0.0,2939.247177407403,2630.3525848148106,2288.8695185185184,0.0,0.0
A_base,2025-03-20,2025-03-20,53,2025-03-20 08:50:00,2025-03-20 09:00:00,1.036,6757.81,5180.8875,6666.06,4631.2125,339.1412500000001,0.0,339.1412500000001,base,base,28,,0.0,0.0,262.82041666666674,0.0,0.0,2630.3525848148106,2338.3298996296253,1912.045907407407,0.0,0.0
A_base,2025-03-20,2025-03-20,54,2025-03-20 09:00:00,2025-03-20 09:10:00,1.0147,6494.2004,5166.4978,6601.3223,4933.6498,277.9454166666666,0.0,277.9454166666666,base,base,28,,0.0,0.0,221.2837666666666,0.0,0.0,2338.3298996296253,2092.4590477777733,1603.2176666666664,0.0,0.0
A_base,2025-03-20,2025-03-20,55,2025-03-20 09:10:00,2025-03-20 09:20:00,0.9922,6436.4392,5533.329,6573.4361,5388.1737,197.54373333333325,0.0,197.54373333333325,base,base,28,,0.0,0.0,150.51836666666668,0.0,0.0,2092.4590477777733,1925.2164181481437,1383.7246296296296,0.0,0.0
A_base,2025-03-20,2025-03-20,56,2025-03-20 09:20:00,2025-03-20 09:30:00,0.97,6570.85,6107.7375,6614.79,5904.4875,118.38374999999996,0.0,118.38374999999996,base,base,28,,0.0,0.0,77.1854166666667,0.0,0.0,1925.2164181481437,1839.4548440740696,1252.1871296296297,0.0,0.0
A_base,2025-03-20,2025-03-20,57,2025-03-20 09:30:00,2025-03-20 09:40:00,0.9422,6399.3635,6182.795,6548.6468,6266.8363,46.96841666666675,0.0,46.96841666666675,base,base,28,,0.0,0.0,36.09475000000005,0.0,0.0,1839.4548440740696,1799.3495662962916,1200.0,0.0,0.0
A_base,2025-03-20,2025-03-20,58,2025-03-20 09:40:00,2025-03-20 09:50:00,0.9569,6445.9301,6198.386,6569.7745,6602.2852,-5.418449999999969,0.0,-5.418449999999969,base,base,28,,0.0,0.0,41.25734999999986,0.0,0.0,1799.3495662962916,1753.5080662962919,1204.876605,0.0,0.0
A_base,2025-03-20,2025-03-20,59,2025-03-20 09:50:00,2025-03-20 10:00:00,0.9977,6697.43,6426.1875,6666.81,6891.525,-37.45249999999987,0.0,-37.45249999999987,base,base,28,,0.0,0.0,45.20708333333338,0.0,0.0,1753.5080662962919,1703.2779737036992,1238.5838549999999,0.0,0.0
A_base,2025-03-20,2025-03-20,60,2025-03-20 10:00:00,2025-03-20 10:10:00,0.9919,6577.9956,6675.2481,6615.2017,6963.2464,-58.00745000000006,0.0,-58.00745000000006,base,base,28,,0.0,16.20874999999993,0.0,0.0,0.0,1703.2779737036992,1717.8658487036992,1290.79056,0.0,0.0
A_base,2025-03-20,2025-03-20,61,2025-03-20 10:10:00,2025-03-20 10:20:00,0.9588,6445.2772,6774.004,6539.3464,6970.7827,-71.9060499999999,0.0,-71.9060499999999,base,base,28,,0.0,54.787799999999905,0.0,0.0,0.0,1717.8658487036992,1767.174868703699,1355.5060049999997,0.0,0.0
A_base,2025-03-20,2025-03-20,62,2025-03-20 10:20:00,2025-03-20 10:30:00,0.9549,6473.61,6879.075,6477.96,7035.9375,-92.99624999999999,0.0,-92.99624999999999,base,base,28,,0.0,67.57750000000001,0.0,0.0,0.0,1767.174868703699,1827.9946187036992,1439.2026299999998,0.0,0.0
A_base,2025-03-20,2025-03-20,63,2025-03-20 10:30:00,2025-03-20 10:40:00,0.9839,6454.2353,7268.5137,6366.0057,7192.6555,-137.77496666666667,0.0,-137.77496666666667,base,base,28,,0.0,135.7130666666667,0.0,0.0,0.0,1827.9946187036992,1950.1363787036992,1563.2000999999998,0.0,0.0
A_base,2025-03-20,2025-03-20,64,2025-03-20 10:40:00,2025-03-20 10:50:00,0.799,6352.336,7455.3554,6413.9505,7566.2113,-192.04346666666666,0.0,-192.04346666666666,base,base,28,,0.0,183.83656666666667,0.0,0.0,0.0,1950.1363787036992,2115.5892887036994,1736.03922,0.0,0.0
A_base,2025-03-20,2025-03-20,65,2025-03-20 10:50:00,2025-03-20 11:00:00,0.5025,6279.9,7263.0,6574.38,7889.7,-219.21999999999994,0.0,-219.21999999999994,base,base,28,,0.0,163.85000000000005,0.0,0.0,0.0,2115.5892887036994,2263.0542887036995,1933.33722,0.0,0.0
A_base,2025-03-20,2025-03-20,66,2025-03-20 11:00:00,2025-03-20 11:10:00,0.4662,6362.0436,7021.6679,6549.5232,7767.7134,-203.0317,0.0,-203.0317,base,base,28,,630.3016333333333,740.2390166666667,0.0,0.0,0.0,2263.0542887036995,2929.2694037036995,2683.33722,293.84662146,0.0
A_base,2025-03-20,2025-03-20,67,2025-03-20 11:10:00,2025-03-20 11:20:00,0.5007,6393.8373,7052.8842,6360.3078,7910.4133,-258.35091666666676,0.0,-258.35091666666676,base,base,28,,321.504450000005,431.34560000000505,0.0,0.0,0.0,2929.2694037036995,3317.480443703704,3205.2070500000045,160.97727811500252,0.0
A_base,2025-03-20,2025-03-20,68,2025-03-20 11:20:00,2025-03-20 11:30:00,0.4827,6360.1,7317.5625,6232.56,8273.025,-340.0774999999999,0.0,-340.0774999999999,base,base,28,,493.2558333333334,652.8329166666666,0.0,0.0,0.0,3317.480443703704,3905.0300687037043,3955.2070500000045,238.09459075000004,0.0
A_base,2025-03-20,2025-03-20,69,2025-03-20 11:30:00,2025-03-20 11:40:00,0.4785,6424.0276,7505.6333,6357.7494,8103.1089,-290.8932500000001,0.0,-290.8932500000001,base,base,28,,542.4400833333332,722.7076999999998,0.0,0.0,0.0,3905.0300687037043,4555.466998703704,4705.2070500000045,259.55757987499993,0.0
A_base,2025-03-20,2025-03-20,70,2025-03-20 11:40:00,2025-03-20 11:50:00,0.4662,6379.6216,7635.0323,6325.6393,7934.0714,-268.0720166666666,0.0,-268.0720166666666,base,base,28,,565.2613166666666,774.4964333333332,0.0,0.0,0.0,4555.466998703704,5252.513788703704,5455.2070500000045,263.52482583,0.0
A_base,2025-03-20,2025-03-20,71,2025-03-20 11:50:00,2025-03-20 12:00:00,0.4432,6168.32,7818.45,6078.6,8015.4375,-322.8062499999999,0.0,-322.8062499999999,base,base,28,,510.52708333333334,785.5487499999999,0.0,0.0,0.0,5252.513788703704,5959.507663703705,6205.2070500000045,226.26560333333333,0.0
A_base,2025-03-20,2025-03-20,72,2025-03-20 12:00:00,2025-03-20 12:10:00,0.4411,5958.8116,8082.9395,5973.117,8091.3897,-353.0454499999999,0.0,-353.0454499999999,base,base,28,,480.28788333333335,833.3333333333333,0.0,0.0,0.9758666666668887,5959.507663703705,6709.507663703705,6955.2070500000045,211.85498533833334,0.0
A_base,2025-03-20,2025-03-20,73,2025-03-20 12:10:00,2025-03-20 12:20:00,0.4551,5855.2299,8090.5707,6003.5669,8333.4204,-388.30891666666685,0.0,-388.30891666666685,base,base,28,,445.0244166666664,817.5812166666664,0.0,0.0,0.0,6709.507663703705,7445.330758703704,7705.2070500000045,202.5306120249999,0.0
A_base,2025-03-20,2025-03-20,74,2025-03-20 12:20:00,2025-03-20 12:30:00,0.4463,5883.66,7709.3625,6043.44,8611.9875,-428.09124999999995,0.0,-428.09124999999995,base,base,28,,405.2420833333333,709.5258333333334,0.0,0.0,0.0,7445.330758703704,8083.904008703705,8455.207050000005,180.85954179166666,0.0
A_base,2025-03-20,2025-03-20,75,2025-03-20 12:30:00,2025-03-20 12:40:00,0.4113,6006.2794,7205.256,6007.2071,8523.8874,-419.44671666666665,0.0,-419.44671666666665,base,base,28,,413.8866166666666,613.71605,0.0,0.0,0.0,8083.904008703705,8636.248453703705,9205.207050000005,170.23156543499996,0.0
A_base,2025-03-20,2025-03-20,76,2025-03-20 12:40:00,2025-03-20 12:50:00,0.5682,6168.3548,7206.9442,6064.0725,8228.5618,-360.7482166666665,0.0,-360.7482166666665,base,base,28,,0.0,173.0982333333333,0.0,0.0,0.0,8636.248453703705,8792.036863703705,9529.880445000004,0.0,0.0
A_base,2025-03-20,2025-03-20,77,2025-03-20 12:50:00,2025-03-20 13:00:00,0.8279,6351.38,7525.8,6254.85,8001.8625,-291.16874999999993,0.0,-291.16874999999993,base,base,28,,0.0,195.73666666666668,0.0,0.0,0.0,8792.036863703705,8968.199863703705,9791.932320000004,0.0,0.0
A_base,2025-03-20,2025-03-20,78,2025-03-20 13:00:00,2025-03-20 13:10:00,0.8636,6510.6216,7339.075,6422.854,7962.5924,-256.62306666666666,0.0,-256.62306666666666,base,base,28,,0.0,138.07556666666656,0.0,0.0,0.0,8968.199863703705,9092.467873703705,10022.893080000003,0.0,0.0
A_base,2025-03-20,2025-03-20,79,2025-03-20 13:10:00,2025-03-20 13:20:00,0.8416,6358.8315,6900.6338,6403.1925,7741.4555,-223.0438333333333,0.0,-223.0438333333333,base,base,28,,0.0,90.30038333333323,0.0,0.0,0.0,9092.467873703705,9173.738218703704,10223.632530000003,0.0,0.0
A_base,2025-03-20,2025-03-20,80,2025-03-20 13:20:00,2025-03-20 13:30:00,0.8618,6039.3,6610.0125,6313.29,7413.1875,-183.31625,0.0,-183.31625,base,base,28,,0.0,95.11874999999993,0.0,0.0,0.0,9173.738218703704,9259.345093703703,10388.617155000002,0.0,0.0
A_base,2025-03-20,2025-03-20,81,2025-03-20 13:30:00,2025-03-20 13:40:00,0.8623,6028.9848,6642.1795,6396.8916,7383.0511,-164.3599166666666,0.0,-164.3599166666666,base,base,28,,0.0,102.19911666666667,0.0,0.0,0.0,9259.345093703703,9351.324298703703,10536.54108,0.0,0.0
A_base,2025-03-20,2025-03-20,82,2025-03-20 13:40:00,2025-03-20 13:50:00,0.9026,6177.7813,6806.5377,6299.9773,7147.3017,-141.22073333333338,0.0,-141.22073333333338,base,base,28,,0.0,104.79273333333336,0.0,0.0,0.0,9351.324298703703,9445.637758703702,10663.63974,0.0,0.0
A_base,2025-03-20,2025-03-20,83,2025-03-20 13:50:00,2025-03-20 14:00:00,0.9754,6280.02,6799.95,6106.75,6693.1875,-97.73958333333333,0.0,-97.73958333333333,base,base,28,,0.0,86.65499999999989,0.0,0.0,0.0,9445.637758703702,9523.627258703702,10751.605365000001,0.0,0.0
A_base,2025-03-20,2025-03-20,84,2025-03-20 14:00:00,2025-03-20 14:10:00,1.0002,6283.4823,6453.6137,6255.132,6523.1977,-44.67761666666668,0.0,-44.67761666666668,base,base,28,,0.0,28.355233333333366,0.0,0.0,0.0,9523.627258703702,9549.146968703702,10791.81522,0.0,0.0
A_base,2025-03-20,2025-03-20,85,2025-03-20 14:10:00,2025-03-20 14:20:00,0.9978,6314.912,6203.5886,6265.1371,6319.7023,-9.0942,0.0,-9.0942,base,base,28,,0.0,0.0,18.553900000000034,0.0,0.0,9549.146968703702,9528.531524259259,10800.0,0.0,0.0
A_base,2025-03-20,2025-03-20,86,2025-03-20 14:20:00,2025-03-20 14:30:00,1.0271,6352.79,6115.6875,6109.64,5933.475,29.360833333333325,0.0,29.360833333333325,base,base,28,,0.0,0.0,39.517083333333325,0.0,0.0,9528.531524259259,9484.623653888888,10767.376851851852,0.0,0.0
A_base,2025-03-20,2025-03-20,87,2025-03-20 14:30:00,2025-03-20 14:40:00,1.0906,6259.4213,5837.6616,6254.7096,5577.5788,112.85513333333331,0.0,112.85513333333331,base,base,28,,0.0,0.0,70.29328333333326,0.0,0.0,9484.623653888888,9406.52000574074,10641.982259259259,0.0,0.0
A_base,2025-03-20,2025-03-20,88,2025-03-20 14:40:00,2025-03-20 14:50:00,0.9376,6190.1146,5431.9635,6398.0053,5382.184,169.30354999999992,0.0,169.30354999999992,base,base,28,,0.0,0.0,126.35851666666667,0.0,0.0,9406.52000574074,9266.121653888888,10453.867203703703,0.0,0.0
A_base,2025-03-20,2025-03-20,89,2025-03-20 14:50:00,2025-03-20 15:00:00,0.6694,6156.64,5072.775,6358.98,5305.2375,175.6237499999999,0.0,175.6237499999999,base,base,28,,175.6237499999999,0.0,5.0204166666668755,0.0,0.0,9266.121653888888,9260.543413148147,10453.867203703703,117.56253824999992,0.0
A_base,2025-03-20,2025-03-20,90,2025-03-20 15:00:00,2025-03-20 15:10:00,0.66,6039.3659,4855.4545,6262.9226,5169.4135,182.2515166666667,0.0,182.2515166666667,base,base,28,,566.843512551441,369.52494588477435,0.0,0.0,0.0,9260.543413148147,9593.115864444444,10800.0,374.11671828395106,0.0
A_base,2025-03-20,2025-03-20,91,2025-03-20 15:10:00,2025-03-20 15:20:00,0.7217,6054.6789,4561.8383,6174.0028,4854.5331,219.91161666666676,0.0,219.91161666666676,base,base,28,,219.91161666666676,0.0,28.89514999999983,0.0,0.0,9593.115864444444,9561.010142222221,10800.0,158.71021374833342,0.0
A_base,2025-03-20,2025-03-20,92,2025-03-20 15:20:00,2025-03-20 15:30:00,0.7308,6187.68,4146.825,6169.43,4461.1125,284.71958333333333,0.0,284.71958333333333,base,base,28,,284.71958333333333,0.0,55.42291666666671,0.0,0.0,9561.010142222221,9499.429123703703,10800.0,208.0730715,0.0
A_base,2025-03-20,2025-03-20,93,2025-03-20 15:30:00,2025-03-20 15:40:00,0.7534,6195.3721,3778.6785,6264.8243,4216.6751,341.35819999999995,0.0,341.35819999999995,base,base,28,,341.35819999999995,0.0,61.42406666666665,0.0,0.0,9499.429123703703,9431.18016074074,10800.0,257.17926787999994,0.0
A_base,2025-03-20,2025-03-20,94,2025-03-20 15:40:00,2025-03-20 15:50:00,0.7823,6186.1376,3471.4229,6126.1485,4038.9704,347.8630166666667,0.0,347.8630166666667,base,base,28,,347.8630166666667,0.0,104.58943333333332,0.0,0.0,9431.18016074074,9314.969679259259,10800.0,272.13323793833337,0.0
A_base,2025-03-20,2025-03-20,95,2025-03-20 15:50:00,2025-03-20 16:00:00,0.8055,6200.17,3156.225,5880.11,3796.9125,347.1995833333333,0.0,347.1995833333333,base,base,28,,347.1995833333333,0.0,160.12458333333336,0.0,0.0,9314.969679259259,9137.053475555555,10800.0,279.66926437499995,0.0
A_base,2025-03-20,2025-03-20,96,2025-03-20 16:00:00,2025-03-20 16:10:00,0.8271,6153.3743,2779.805,5993.8657,3419.8851,428.9967666666667,0.0,428.9967666666667,base,base,28,,428.9967666666667,0.0,133.26478333333336,0.0,0.0,9137.053475555555,8988.981494074073,10800.0,354.82322571000003,0.0
A_base,2025-03-20,2025-03-20,97,2025-03-20 16:10:00,2025-03-20 16:20:00,0.8519,6101.7592,2507.3559,6119.1519,2957.1473,527.0007666666666,0.0,527.0007666666666,base,base,28,,527.0007666666666,0.0,72.06645000000015,0.0,0.0,8988.981494074073,8908.907660740739,10800.0,448.9519531233332,0.0
A_base,2025-03-20,2025-03-20,98,2025-03-20 16:20:00,2025-03-20 16:30:00,0.8791,6118.95,2334.4125,6080.34,2520.1125,593.3712499999999,0.0,593.3712499999999,base,base,28,,593.3712499999999,0.0,37.38499999999999,0.0,0.0,8908.907660740739,8867.36877185185,10800.0,521.6326658749999,0.0
A_base,2025-03-20,2025-03-20,99,2025-03-20 16:30:00,2025-03-20 16:40:00,0.9024,6209.4949,2077.0816,6051.7025,2207.5327,640.6949666666667,0.0,640.6949666666667,base,base,28,,640.6949666666667,0.0,48.0405833333333,0.0,0.0,8867.36877185185,8813.990345925924,10800.0,578.16313792,0.0
A_base,2025-03-20,2025-03-20,100,2025-03-20 16:40:00,2025-03-20 16:50:00,0.9163,6190.199,1733.8533,6078.2733,1939.6319,689.7735666666665,0.0,689.7735666666665,base,base,28,,689.7735666666665,0.0,52.95071666666672,0.0,0.0,8813.990345925924,8755.156216296295,10800.0,632.0395191366665,0.0
A_base,2025-03-20,2025-03-20,101,2025-03-20 16:50:00,2025-03-20 17:00:00,0.9264,6102.19,1377.7125,6196.49,1642.05,759.0733333333333,0.0,759.0733333333333,base,base,28,,759.0733333333333,0.0,28.339583333333167,0.0,0.0,8755.156216296295,8723.66779037037,10800.0,703.2055359999999,0.0
A_base,2025-03-20,2025-03-20,102,2025-03-20 17:00:00,2025-03-20 17:10:00,0.9462,6143.2969,1083.9022,6367.7307,1304.9072,843.8039166666667,0.0,843.8039166666667,base,base,28,,843.8039166666667,0.5714666666666517,0.0,0.0,0.0,8723.66779037037,8724.18211037037,10800.0,798.4072659500001,0.0
A_base,2025-03-20,2025-03-20,103,2025-03-20 17:10:00,2025-03-20 17:20:00,0.9742,6075.0134,831.8823,6177.7386,973.3083,867.40505,0.0,867.40505,base,base,28,,867.40505,0.0,6.4501333333332695,0.0,0.0,8724.18211037037,8717.015295555555,10800.0,845.02599971,0.0
A_base,2025-03-20,2025-03-20,104,2025-03-20 17:20:00,2025-03-20 17:30:00,0.9862,6025.68,597.3375,5943.23,675.5625,877.9445833333332,0.0,877.9445833333332,base,base,28,,877.9445833333332,0.0,26.779166666666924,0.0,0.0,8717.015295555555,8687.260665925925,10800.0,865.8289480833331,0.0
A_base,2025-03-20,2025-03-20,105,2025-03-20 17:30:00,2025-03-20 17:40:00,0.976,6213.4416,374.8971,6260.5833,408.3651,975.3697,0.0,975.3697,base,base,28,,975.3697,2.278950000000009,0.0,0.0,0.0,8687.260665925925,8689.311720925925,10800.0,951.9608271999999,0.0
A_base,2025-03-20,2025-03-20,106,2025-03-20 17:40:00,2025-03-20 17:50:00,1.0742,5394.1467,156.1276,5643.5605,164.6811,913.1465666666666,0.0,913.1465666666666,base,base,28,,913.1465666666666,40.14338333333319,0.0,0.0,0.0,8689.311720925925,8725.440765925925,10800.0,980.9020419133333,0.0
A_base,2025-03-20,2025-03-20,107,2025-03-20 17:50:00,2025-03-20 18:00:00,1.2313,4094.12,0.0,4339.62,0.0,723.27,0.0,723.27,base,base,28,,723.27,40.91666666666674,0.0,0.0,0.0,8725.440765925925,8762.265765925926,10800.0,890.562351,0.0
A_base,2025-03-20,2025-03-20,108,2025-03-20 18:00:00,2025-03-20 18:10:00,1.2561,4187.9837,0.0,4184.4013,0.0,697.4002166666667,0.0,697.4002166666667,base,base,28,,697.4002166666667,0.0,0.597066666666592,0.0,0.0,8762.265765925926,8761.602358518518,10800.0,876.004412155,0.0
A_base,2025-03-20,2025-03-20,109,2025-03-20 18:10:00,2025-03-20 18:20:00,1.2447,4441.4267,5.5774,4355.2005,5.7982,724.9003833333333,0.0,724.9003833333333,base,base,28,,724.9003833333333,0.0,14.407833333333315,0.0,0.0,8761.602358518518,8745.593654814815,10800.0,902.2835071349998,0.0
A_base,2025-03-20,2025-03-20,110,2025-03-20 18:20:00,2025-03-20 18:30:00,1.2545,4255.45,0.0,4309.15,0.0,718.1916666666666,0.0,718.1916666666666,base,base,28,,718.1916666666666,8.950000000000045,0.0,0.0,0.0,8745.593654814815,8753.648654814815,10800.0,900.9714458333332,0.0
A_base,2025-03-20,2025-03-20,111,2025-03-20 18:30:00,2025-03-20 18:40:00,1.2522,4286.5369,0.0,4354.2603,0.0,725.7100499999999,0.0,725.7100499999999,base,base,28,,725.7100499999999,11.287233333333234,0.0,0.0,0.0,8753.648654814815,8763.807164814814,10800.0,908.7341246099999,0.0
A_base,2025-03-20,2025-03-20,112,2025-03-20 18:40:00,2025-03-20 18:50:00,1.2881,4470.2464,0.4004,4338.3067,0.4163,722.9817333333333,0.0,722.9817333333333,base,base,28,,189.68660000000023,0.0,555.287733333333,0.0,0.0,8763.807164814814,8146.820794444444,10207.449851851852,244.3353094600003,0.0
A_base,2025-03-20,2025-03-20,113,2025-03-20 18:50:00,2025-03-20 19:00:00,1.3466,4579.24,0.0,4288.92,0.0,714.8199999999999,0.0,714.8199999999999,base,base,28,,0.0,0.0,763.2066666666666,0.0,0.0,8146.820794444444,7298.813387037037,9413.205407407408,0.0,0.0
A_base,2025-03-20,2025-03-20,114,2025-03-20 19:00:00,2025-03-20 19:10:00,1.3523,4480.3082,0.0,4415.0451,0.0,735.84085,0.0,735.84085,base,base,28,,0.0,0.0,746.7180333333333,0.0,0.0,7298.813387037037,6469.126683333333,8595.604462962963,0.0,0.0
A_base,2025-03-20,2025-03-20,115,2025-03-20 19:10:00,2025-03-20 19:20:00,1.3445,4285.5618,0.0288,4447.7655,0.0299,741.2892666666667,0.0,741.2892666666667,base,base,28,,0.0,0.0,714.2555,0.0,0.0,6469.126683333333,5675.509461111111,7771.949722222222,0.0,0.0
A_base,2025-03-20,2025-03-20,116,2025-03-20 19:20:00,2025-03-20 19:30:00,1.3483,4196.78,0.0,4430.96,0.0,738.4933333333333,0.0,738.4933333333333,base,base,28,,0.0,0.0,699.4633333333333,0.0,0.0,5675.509461111111,4898.327979629629,6951.401574074073,0.0,0.0
A_base,2025-03-20,2025-03-20,117,2025-03-20 19:30:00,2025-03-20 19:40:00,1.349,4330.8684,0.0,4648.3362,0.0,774.7226999999999,0.0,774.7226999999999,base,base,28,,0.0,0.0,721.8114,0.0,0.0,4898.327979629629,4096.315312962963,6090.598574074073,0.0,0.0
A_base,2025-03-20,2025-03-20,118,2025-03-20 19:40:00,2025-03-20 19:50:00,1.3473,4370.9481,0.0021,4630.751,0.0021,771.7914833333334,0.0,771.7914833333334,base,base,28,,0.0,0.0,728.491,0.0,0.0,4096.315312962963,3286.8808685185186,5233.052481481481,0.0,0.0
A_base,2025-03-20,2025-03-20,119,2025-03-20 19:50:00,2025-03-20 20:00:00,1.3482,4358.21,0.0,4405.57,0.0,734.2616666666665,0.0,734.2616666666665,base,base,28,,0.0,0.0,726.3683333333333,0.0,0.0,3286.8808685185186,2479.804942592593,4417.206185185185,0.0,0.0
A_base,2025-03-20,2025-03-20,120,2025-03-20 20:00:00,2025-03-20 20:10:00,1.3513,4586.0191,0.0,4459.9096,0.0,743.3182666666667,0.0,743.3182666666667,base,base,28,,0.0,0.0,764.3365166666667,0.0,0.0,2479.804942592593,1630.5421462962966,3591.2969999999996,0.0,0.0
A_base,2025-03-20,2025-03-20,121,2025-03-20 20:10:00,2025-03-20 20:20:00,1.34,4523.6629,0.0,4389.7527,0.0,731.62545,0.0,731.62545,base,base,28,,0.0,0.0,387.4879316666669,366.45588499999974,0.0,1630.5421462962966,1200.0,2778.379833333333,0.0,2455.2544294999984
A_base,2025-03-20,2025-03-20,122,2025-03-20 20:20:00,2025-03-20 20:30:00,1.3489,4215.37,0.0,4195.37,0.0,699.2283333333332,0.0,699.2283333333332,base,base,28,,0.0,0.0,0.0,702.5616666666666,0.0,1200.0,1200.0,2001.4594629629628,0.0,4738.427160833333
A_base,2025-03-20,2025-03-20,123,2025-03-20 20:30:00,2025-03-20 20:40:00,1.3952,4256.2469,0.0,4327.8811,0.0,721.3135166666666,0.0,721.3135166666666,base,base,28,,0.0,0.0,0.0,709.3744833333333,0.0,1200.0,1200.0,1200.0,0.0,4948.596395733332
A_base,2025-03-20,2025-03-20,124,2025-03-20 20:40:00,2025-03-20 20:50:00,1.2226,4319.0159,0.0,4512.0344,0.0,752.0057333333332,0.0,752.0057333333332,base,base,28,,752.0057333333332,32.169749999999794,0.0,0.0,0.0,1200.0,1228.9527749999997,1200.0,919.402209573333,0.0
A_base,2025-03-20,2025-03-20,125,2025-03-20 20:50:00,2025-03-20 21:00:00,0.9332,4257.25,0.0,4484.87,0.0,747.4783333333332,0.0,747.4783333333332,base,base,28,,747.4783333333332,37.93666666666661,0.0,0.0,0.0,1228.9527749999997,1263.0957749999998,1200.0,697.5467806666666,0.0
A_base,2025-03-20,2025-03-20,126,2025-03-20 21:00:00,2025-03-20 21:10:00,0.9068,4290.2681,0.0,4273.0646,0.0,712.1774333333333,0.0,712.1774333333333,base,base,28,,712.1774333333333,0.0,2.8672500000000127,0.0,0.0,1263.0957749999998,1259.9099416666663,1200.0,645.8024965466667,0.0
A_base,2025-03-20,2025-03-20,127,2025-03-20 21:10:00,2025-03-20 21:20:00,0.9371,4418.7036,0.0,4239.7897,0.0,706.6316166666667,0.0,706.6316166666667,base,base,28,,706.6316166666667,0.0,29.81898333333322,0.0,0.0,1259.9099416666663,1226.7777379629626,1200.0,662.1844879783333,0.0
A_base,2025-03-20,2025-03-20,128,2025-03-20 21:20:00,2025-03-20 21:30:00,0.9371,4553.6,0.0,4406.58,0.0,734.43,0.0,734.43,base,base,28,,734.43,0.0,24.099964166666382,0.403369166667062,0.0,1226.7777379629626,1200.0,1200.0,688.2343529999999,1.889986230418519
A_base,2025-03-20,2025-03-20,129,2025-03-20 21:30:00,2025-03-20 21:40:00,0.9871,4526.2528,0.0,4390.6494,0.0,731.7749,0.0,731.7749,base,base,28,,731.7749,0.0,0.0,22.600566666666623,0.0,1200.0,1200.0,1200.0,722.33500379,111.54509678333312
A_base,2025-03-20,2025-03-20,130,2025-03-20 21:40:00,2025-03-20 21:50:00,0.7764,4001.6252,0.0,3913.3811,0.0,652.2301833333333,0.0,652.2301833333333,base,base,28,,652.2301833333333,0.0,0.0,14.707349999999906,0.0,1200.0,1200.0,1200.0,506.39151434,57.093932699999634
A_base,2025-03-20,2025-03-20,131,2025-03-20 21:50:00,2025-03-20 22:00:00,0.4209,3318.94,0.0,3346.61,0.0,557.7683333333333,0.0,557.7683333333333,base,base,28,,1391.1016666666665,833.3333333333333,0.0,0.0,4.611666666666565,1200.0,1950.0,1950.0,585.5146914999999,0.0
A_base,2025-03-20,2025-03-20,132,2025-03-20 22:00:00,2025-03-20 22:10:00,0.3859,3233.4088,0.0,3373.0005,0.0,562.16675,0.0,562.16675,base,base,28,,1395.5000833333334,833.3333333333333,0.0,0.0,23.2652833333334,1950.0,2700.0,2700.0,538.5234821583334,0.0
A_base,2025-03-20,2025-03-20,133,2025-03-20 22:10:00,2025-03-20 22:20:00,0.4368,3319.971,0.0,3465.5966,0.0,577.5994333333333,0.0,577.5994333333333,base,base,28,,577.5994333333333,24.270933333333346,0.0,0.0,0.0,2700.0,2721.84384,2700.0,252.29543248,0.0
A_base,2025-03-20,2025-03-20,134,2025-03-20 22:20:00,2025-03-20 22:30:00,0.4198,3255.84,0.0,3381.63,0.0,563.605,0.0,563.605,base,base,28,,1396.9383333333333,833.3333333333333,0.0,0.0,20.965000000000032,2721.84384,3471.84384,3450.0,586.4347123333333,0.0
A_base,2025-03-20,2025-03-20,135,2025-03-20 22:30:00,2025-03-20 22:40:00,0.4186,3144.1326,0.0,3375.153,0.0,562.5255,0.0,562.5255,base,base,28,,1395.8588333333332,833.3333333333333,0.0,0.0,38.503400000000056,3471.84384,4221.84384,4200.0,584.3065076333334,0.0
A_base,2025-03-20,2025-03-20,136,2025-03-20 22:40:00,2025-03-20 22:50:00,0.4241,3161.8174,0.0,3326.3207,0.0,554.3867833333334,0.0,554.3867833333334,base,base,28,,1387.7201166666666,833.3333333333333,0.0,0.0,27.417216666666718,4221.84384,4971.84384,4950.0,588.5321014783333,0.0
A_base,2025-03-20,2025-03-20,137,2025-03-20 22:50:00,2025-03-20 23:00:00,0.4237,3296.4,0.0,3298.16,0.0,549.6933333333333,0.0,549.6933333333333,base,base,28,,1383.0266666666666,833.3333333333333,0.0,0.0,0.2933333333334076,4971.84384,5721.84384,5700.0,585.9883986666667,0.0
A_base,2025-03-20,2025-03-20,138,2025-03-20 23:00:00,2025-03-20 23:10:00,0.4248,3356.4081,0.0,3488.4212,0.0,581.4035333333334,0.0,581.4035333333334,base,base,28,,811.8378240715448,252.4364740715448,0.0,0.0,0.0,5721.84384,5949.0366666643895,5907.39086166439,344.86870766559224,0.0
A_base,2025-03-20,2025-03-20,139,2025-03-20 23:10:00,2025-03-20 23:20:00,0.424,3261.7676,0.0,3525.4193,0.0,587.5698833333333,0.0,587.5698833333333,base,base,28,,1420.9032166666666,833.3333333333333,0.0,0.0,43.94195000000002,5949.0366666643895,6699.0366666643895,6657.39086166439,602.4629638666667,0.0
A_base,2025-03-20,2025-03-20,140,2025-03-20 23:20:00,2025-03-20 23:30:00,0.422,3267.73,0.0,3418.47,0.0,569.7449999999999,0.0,569.7449999999999,base,base,28,,1403.0783333333331,833.3333333333333,0.0,0.0,25.12333333333322,6699.0366666643895,7449.0366666643895,7407.39086166439,592.0990566666666,0.0
A_base,2025-03-20,2025-03-20,141,2025-03-20 23:30:00,2025-03-20 23:40:00,0.424,3604.076,0.0,3469.7557,0.0,578.2926166666666,0.0,578.2926166666666,base,base,28,,1411.6259499999999,810.9466166666666,0.0,0.0,0.0,7449.0366666643895,8178.88862166439,8157.39086166439,598.5294028,0.0
A_base,2025-03-20,2025-03-20,142,2025-03-20 23:40:00,2025-03-20 23:50:00,0.4271,3245.8691,0.0,3090.0777,0.0,515.0129499999999,0.0,515.0129499999999,base,base,28,,515.0129499999999,0.0,25.965233333333344,0.0,0.0,8178.88862166439,8150.03836240513,8157.39086166439,219.96203094499995,0.0
A_base,2025-03-20,2025-03-20,143,2025-03-20 23:50:00,2025-03-21 00:00:00,0.4276,2401.0,0.0,2440.31,0.0,406.7183333333333,0.0,406.7183333333333,base,base,28,,406.7183333333333,6.5516666666666765,0.0,0.0,0.0,8150.03836240513,8155.93486240513,8157.39086166439,173.91275933333333,0.0
A_base,2025-06-21,2025-06-21,0,2025-06-21 00:00:00,2025-06-21 00:10:00,0.4248,3087.9838,0.0,3292.2207,0.0,548.70345,0.0,548.70345,base,base,28,,548.70345,34.03948333333335,0.0,0.0,0.0,2538.6363581298606,2569.2718931298605,2538.6363581298606,233.08922556,0.0
A_base,2025-06-21,2025-06-21,1,2025-06-21 00:10:00,2025-06-21 00:20:00,0.4245,3200.0919,0.0,3247.762,0.0,541.2936666666667,0.0,541.2936666666667,base,base,28,,541.2936666666667,7.945016666666788,0.0,0.0,0.0,2569.2718931298605,2576.4224081298607,2538.6363581298606,229.77916150000001,0.0
A_base,2025-06-21,2025-06-21,2,2025-06-21 00:20:00,2025-06-21 00:30:00,0.4269,3401.46,0.0,3135.42,0.0,522.5699999999999,0.0,522.5699999999999,base,base,28,,522.5699999999999,0.0,44.34000000000003,0.0,0.0,2576.4224081298607,2527.155741463194,2538.6363581298606,223.08513299999998,0.0
A_base,2025-06-21,2025-06-21,3,2025-06-21 00:30:00,2025-06-21 00:40:00,0.4272,3063.5261,0.0,3144.8943,0.0,524.14905,0.0,524.14905,base,base,28,,524.14905,13.561366666666686,0.0,0.0,0.0,2527.155741463194,2539.360971463194,2538.6363581298606,223.91647416,0.0
A_base,2025-06-21,2025-06-21,4,2025-06-21 00:40:00,2025-06-21 00:50:00,0.4271,2820.2572,0.0,3189.3566,0.0,531.5594333333333,0.0,531.5594333333333,base,base,28,,531.5594333333333,61.51656666666668,0.0,0.0,0.0,2539.360971463194,2594.725881463194,2538.6363581298606,227.02903397666665,0.0
A_base,2025-06-21,2025-06-21,5,2025-06-21 00:50:00,2025-06-21 01:00:00,0.4285,2883.38,0.0,3191.86,0.0,531.9766666666667,0.0,531.9766666666667,base,base,28,,531.9766666666667,51.413333333333355,0.0,0.0,0.0,2594.725881463194,2640.997881463194,2538.6363581298606,227.95200166666666,0.0
A_base,2025-06-21,2025-06-21,6,2025-06-21 01:00:00,2025-06-21 01:10:00,0.4311,2869.9796,0.0,3141.3129,0.0,523.55215,0.0,523.55215,base,base,28,,523.55215,45.22221666666667,0.0,0.0,0.0,2640.997881463194,2681.697876463194,2538.6363581298606,225.703331865,0.0
A_base,2025-06-21,2025-06-21,7,2025-06-21 01:10:00,2025-06-21 01:20:00,0.4302,2985.8287,0.0,2978.2906,0.0,496.38176666666664,0.0,496.38176666666664,base,base,28,,496.38176666666664,0.0,1.2563499999999976,0.0,0.0,2681.697876463194,2680.3019320187495,2538.6363581298606,213.54343602,0.0
A_base,2025-06-21,2025-06-21,8,2025-06-21 01:20:00,2025-06-21 01:30:00,0.4279,3164.18,0.0,2859.96,0.0,476.65999999999997,0.0,476.65999999999997,base,base,28,,476.65999999999997,0.0,50.70333333333326,0.0,0.0,2680.3019320187495,2623.9648949817124,2538.6363581298606,203.96281399999998,0.0
A_base,2025-06-21,2025-06-21,9,2025-06-21 01:30:00,2025-06-21 01:40:00,0.4312,3064.8457,0.0,2991.4169,0.0,498.5694833333333,0.0,498.5694833333333,base,base,28,,498.5694833333333,0.0,12.23813333333328,0.0,0.0,2623.9648949817124,2610.3669690557867,2538.6363581298606,214.98316121333335,0.0
A_base,2025-06-21,2025-06-21,10,2025-06-21 01:40:00,2025-06-21 01:50:00,0.4333,2954.0459,0.0,2886.449,0.0,481.07483333333334,0.0,481.07483333333334,base,base,28,,481.07483333333334,0.0,11.266149999999982,0.0,0.0,2610.3669690557867,2597.8490246113424,2538.6363581298606,208.44972528333335,0.0
A_base,2025-06-21,2025-06-21,11,2025-06-21 01:50:00,2025-06-21 02:00:00,0.4311,2994.62,0.0,2684.58,0.0,447.42999999999995,0.0,447.42999999999995,base,base,28,,447.42999999999995,0.0,51.673333333333346,0.0,0.0,2597.8490246113424,2540.4342097965277,2538.6363581298606,192.88707299999996,0.0
A_base,2025-06-21,2025-06-21,12,2025-06-21 02:00:00,2025-06-21 02:10:00,0.4293,3072.4014,0.0,2981.874,0.0,496.9789999999999,0.0,496.9789999999999,base,base,28,,496.9789999999999,0.0,15.087900000000104,0.0,0.0,2540.4342097965277,2523.669876463194,2538.6363581298606,213.35308469999998,0.0
A_base,2025-06-21,2025-06-21,13,2025-06-21 02:10:00,2025-06-21 02:20:00,0.4324,3013.1015,0.0,3040.3061,0.0,506.7176833333333,0.0,506.7176833333333,base,base,28,,506.7176833333333,4.534099999999967,0.0,0.0,0.0,2523.669876463194,2527.750566463194,2538.6363581298606,219.1047262733333,0.0
A_base,2025-06-21,2025-06-21,14,2025-06-21 02:20:00,2025-06-21 02:30:00,0.4367,2838.75,0.0,2782.61,0.0,463.7683333333333,0.0,463.7683333333333,base,base,28,,463.7683333333333,0.0,9.356666666666683,0.0,0.0,2527.750566463194,2517.3542701668975,2538.6363581298606,202.52763116666665,0.0
A_base,2025-06-21,2025-06-21,15,2025-06-21 02:30:00,2025-06-21 02:40:00,0.4348,2749.9199,0.0,2861.4034,0.0,476.9005666666667,0.0,476.9005666666667,base,base,28,,476.9005666666667,18.58058333333338,0.0,0.0,0.0,2517.3542701668975,2534.0767951668977,2538.6363581298606,207.35636638666668,0.0
A_base,2025-06-21,2025-06-21,16,2025-06-21 02:40:00,2025-06-21 02:50:00,0.4335,2820.5847,0.0,2863.2888,0.0,477.21479999999997,0.0,477.21479999999997,base,base,28,,477.21479999999997,7.117349999999988,0.0,0.0,0.0,2534.0767951668977,2540.482410166898,2538.6363581298606,206.87261579999998,0.0
A_base,2025-06-21,2025-06-21,17,2025-06-21 02:50:00,2025-06-21 03:00:00,0.4357,2936.24,0.0,2706.74,0.0,451.1233333333333,0.0,451.1233333333333,base,base,28,,451.1233333333333,0.0,38.25,0.0,0.0,2540.482410166898,2497.982410166898,2538.6363581298606,196.55443633333329,0.0
A_base,2025-06-21,2025-06-21,18,2025-06-21 03:00:00,2025-06-21 03:10:00,0.4374,2920.1894,0.0012,2767.5101,0.0016,461.2514166666666,0.0,461.2514166666666,base,base,28,,461.2514166666666,0.0,25.446616666666728,0.0,0.0,2497.982410166898,2469.7083916483793,2538.6363581298606,201.75136965,0.0
A_base,2025-06-21,2025-06-21,19,2025-06-21 03:10:00,2025-06-21 03:20:00,0.4371,2951.0328,0.0,2826.5835,0.0,471.09725000000003,0.0,471.09725000000003,base,base,28,,471.09725000000003,0.0,20.74154999999996,0.0,0.0,2469.7083916483793,2446.662224981713,2538.6363581298606,205.916607975,0.0
A_base,2025-06-21,2025-06-21,20,2025-06-21 03:20:00,2025-06-21 03:30:00,0.4356,2977.51,0.0,2821.38,0.0,470.23,0.0,470.23,base,base,28,,470.23,0.0,26.021666666666647,0.0,0.0,2446.662224981713,2417.74926201875,2538.6363581298606,204.832188,0.0
A_base,2025-06-21,2025-06-21,21,2025-06-21 03:30:00,2025-06-21 03:40:00,0.4353,2780.298,0.0162,2923.502,0.0221,487.24664999999993,0.0,487.24664999999993,base,base,28,,487.24664999999993,23.86635000000001,0.0,0.0,0.0,2417.74926201875,2439.22897701875,2538.6363581298606,212.09846674499997,0.0
A_base,2025-06-21,2025-06-21,22,2025-06-21 03:40:00,2025-06-21 03:50:00,0.436,2728.3059,0.0,2996.6877,0.0,499.44795,0.0,499.44795,base,base,28,,499.44795,44.73030000000006,0.0,0.0,0.0,2439.22897701875,2479.48624701875,2538.6363581298606,217.7593062,0.0
A_base,2025-06-21,2025-06-21,23,2025-06-21 03:50:00,2025-06-21 04:00:00,0.4378,2862.19,0.0,2885.8,0.0,480.9666666666667,0.0,480.9666666666667,base,base,28,,480.9666666666667,3.935000000000059,0.0,0.0,0.0,2479.48624701875,2483.0277470187502,2538.6363581298606,210.5672066666667,0.0
A_base,2025-06-21,2025-06-21,24,2025-06-21 04:00:00,2025-06-21 04:10:00,0.4401,2845.9182,0.2263,2608.6737,0.3079,434.7276333333333,0.0,434.7276333333333,base,base,28,,434.7276333333333,0.0,39.554350000000056,0.0,0.0,2483.0277470187502,2439.0784692409725,2538.6363581298606,191.32363142999998,0.0
A_base,2025-06-21,2025-06-21,25,2025-06-21 04:10:00,2025-06-21 04:20:00,0.4389,2748.951,0.0,2602.2534,0.0,433.70889999999997,0.0,433.70889999999997,base,base,28,,433.70889999999997,0.0,24.449600000000032,0.0,0.0,2439.0784692409725,2411.9122470187503,2538.6363581298606,190.35483621,0.0
A_base,2025-06-21,2025-06-21,26,2025-06-21 04:20:00,2025-06-21 04:30:00,0.4364,2677.31,0.0,2799.89,0.0,466.6483333333333,0.0,466.6483333333333,base,base,28,,466.6483333333333,20.430000000000007,0.0,0.0,0.0,2411.9122470187503,2430.2992470187505,2538.6363581298606,203.64533266666666,0.0
A_base,2025-06-21,2025-06-21,27,2025-06-21 04:30:00,2025-06-21 04:40:00,0.4393,2660.8713,3.1516,2720.8463,4.2881,452.75969999999995,0.0,452.75969999999995,base,base,28,,452.75969999999995,9.806416666666678,0.0,0.0,0.0,2430.2992470187505,2439.1250220187503,2538.6363581298606,198.89733621,0.0
A_base,2025-06-21,2025-06-21,28,2025-06-21 04:40:00,2025-06-21 04:50:00,0.4422,2702.3205,0.0,2641.2198,0.0,440.20329999999996,0.0,440.20329999999996,base,base,28,,440.20329999999996,0.0,10.183449999999993,0.0,0.0,2439.1250220187503,2427.810077574306,2538.6363581298606,194.65789925999997,0.0
A_base,2025-06-21,2025-06-21,29,2025-06-21 04:50:00,2025-06-21 05:00:00,0.4395,2732.32,7.275,2632.74,8.7375,437.3337499999999,0.0,437.3337499999999,base,base,28,,437.3337499999999,0.0,16.840416666666783,0.0,0.0,2427.810077574306,2409.098503500232,2538.6363581298606,192.20818312499995,0.0
A_base,2025-06-21,2025-06-21,30,2025-06-21 05:00:00,2025-06-21 05:10:00,0.4333,2664.7178,116.7655,2502.539,152.8995,391.60658333333333,0.0,391.60658333333333,base,base,28,,391.60658333333333,0.0,33.0521333333333,0.0,0.0,2409.098503500232,2372.373910907639,2538.6363581298606,169.68313255833334,0.0
A_base,2025-06-21,2025-06-21,31,2025-06-21 05:10:00,2025-06-21 05:20:00,0.4439,2606.871,263.9703,2578.8036,339.8186,373.1641666666667,0.0,373.1641666666667,base,base,28,,373.1641666666667,0.0,17.319283333333317,0.0,0.0,2372.373910907639,2353.130262759491,2538.6363581298606,165.64757358333335,0.0
A_base,2025-06-21,2025-06-21,32,2025-06-21 05:20:00,2025-06-21 05:30:00,0.4301,2642.15,417.075,2833.56,525.2625,384.71624999999995,0.0,384.71624999999995,base,base,28,,384.71624999999995,13.870416666666586,0.0,0.0,0.0,2353.130262759491,2365.6136377594908,2538.6363581298606,165.46645912499997,0.0
A_base,2025-06-21,2025-06-21,33,2025-06-21 05:30:00,2025-06-21 05:40:00,0.3713,2745.0641,587.5961,2871.5102,736.5288,355.83023333333335,0.0,355.83023333333335,base,base,28,,743.2988066046811,383.7208066046811,0.0,0.0,0.0,2365.6136377594908,2710.962363703704,2887.3580740740736,275.9868468923181,0.0
A_base,2025-06-21,2025-06-21,34,2025-06-21 05:40:00,2025-06-21 05:50:00,0.5708,2758.042,735.8325,2789.4328,959.2791,305.0256166666667,0.0,305.0256166666667,base,base,28,,0.0,0.0,337.0349166666666,0.0,0.0,2710.962363703704,2336.479122962963,2548.4407222222217,0.0,0.0
A_base,2025-06-21,2025-06-21,35,2025-06-21 05:50:00,2025-06-21 06:00:00,0.9099,2741.64,890.7,2768.88,1180.05,264.805,0.0,264.805,base,base,28,,0.0,0.0,308.48999999999995,0.0,0.0,2336.479122962963,1993.7124562962965,2254.212944444444,0.0,0.0
A_base,2025-06-21,2025-06-21,36,2025-06-21 06:00:00,2025-06-21 06:10:00,0.9368,2888.7304,1136.9554,2863.8437,1397.0577,244.4643333333333,0.0,244.4643333333333,base,base,28,,0.0,0.0,291.9625,0.0,0.0,1993.7124562962965,1669.3096785185187,1982.5859074074071,0.0,0.0
A_base,2025-06-21,2025-06-21,37,2025-06-21 06:10:00,2025-06-21 06:20:00,0.8758,2932.231,1453.4028,2808.6146,1606.6151,200.33324999999996,0.0,200.33324999999996,base,base,28,,0.0,0.0,246.47136666666668,0.0,0.0,1669.3096785185187,1395.4526044444447,1759.9934074074072,0.0,0.0
A_base,2025-06-21,2025-06-21,38,2025-06-21 06:20:00,2025-06-21 06:30:00,0.8759,2764.02,1765.9125,2621.69,1807.2,135.74833333333333,0.0,135.74833333333333,base,base,28,,0.0,0.0,166.35125,0.0,0.0,1395.4526044444447,1210.6178822222225,1609.1619259259257,0.0,0.0
A_base,2025-06-21,2025-06-21,39,2025-06-21 06:30:00,2025-06-21 06:40:00,0.8601,2606.6137,2022.3026,2617.437,2000.3548,102.8470333333333,0.0,102.8470333333333,base,base,28,,0.0,0.0,9.55609400000028,87.82908933333303,0.0,1210.6178822222225,1200.0,1494.8874444444443,0.0,377.7089986779987
A_base,2025-06-21,2025-06-21,40,2025-06-21 06:40:00,2025-06-21 06:50:00,0.8442,2867.7649,2350.4923,2834.3885,2192.9589,106.90493333333332,0.0,106.90493333333332,base,base,28,,0.0,0.0,0.0,86.21210000000004,0.0,1200.0,1200.0,1376.104185185185,0.0,363.90127410000014
A_base,2025-06-21,2025-06-21,41,2025-06-21 06:50:00,2025-06-21 07:00:00,0.8334,3304.27,2699.25,3131.11,2488.1625,107.1579166666667,0.0,107.1579166666667,base,base,28,,0.0,0.0,0.0,100.83666666666666,0.0,1200.0,1200.0,1257.0398333333333,0.0,420.18638999999996
A_base,2025-06-21,2025-06-21,42,2025-06-21 07:00:00,2025-06-21 07:10:00,0.8092,3254.3169,2874.6231,3294.7013,2986.6862,51.33585000000001,0.0,51.33585000000001,base,base,28,,0.0,0.0,0.0,63.2823,0.0,1200.0,1200.0,1200.0,0.0,256.0401858
A_base,2025-06-21,2025-06-21,43,2025-06-21 07:10:00,2025-06-21 07:20:00,0.7972,3137.5948,3006.0287,3261.0929,3412.6444,-25.258583333333338,0.0,-25.258583333333338,base,base,28,,0.0,0.0,0.0,21.927683333333334,0.0,1200.0,1200.0,1200.0,0.0,87.40374576666667
A_base,2025-06-21,2025-06-21,44,2025-06-21 07:20:00,2025-06-21 07:30:00,0.7644,3174.85,3224.8875,3155.75,3690.2625,-89.08541666666663,0.0,-89.08541666666663,base,base,28,,0.0,8.339583333333318,0.0,0.0,0.0,1200.0,1207.505625,1200.0,0.0,0.0
A_base,2025-06-21,2025-06-21,45,2025-06-21 07:30:00,2025-06-21 07:40:00,0.6899,3159.7263,3537.527,3173.0118,3974.9372,-133.65423333333325,0.0,-133.65423333333325,base,base,28,,0.0,62.96678333333337,0.0,0.0,0.0,1207.505625,1264.17573,1200.0,0.0,0.0
A_base,2025-06-21,2025-06-21,46,2025-06-21 07:40:00,2025-06-21 07:50:00,0.86,3087.5763,3785.3986,3186.3298,4172.0564,-164.28776666666673,0.0,-164.28776666666673,base,base,28,,0.0,116.30371666666663,0.0,0.0,0.0,1264.17573,1368.8490749999999,1200.0,0.0,0.0
A_base,2025-06-21,2025-06-21,47,2025-06-21 07:50:00,2025-06-21 08:00:00,1.1617,3062.36,4003.425,3174.31,4269.825,-182.5858333333333,0.0,-182.5858333333333,base,base,28,,0.0,156.84416666666667,0.0,0.0,0.0,1368.8490749999999,1510.008825,1200.0,0.0,0.0
A_base,2025-06-21,2025-06-21,48,2025-06-21 08:00:00,2025-06-21 08:10:00,1.1683,3162.0197,4334.7324,3235.6404,4385.3882,-191.62463333333335,0.0,-191.62463333333335,base,base,28,,0.0,195.45211666666665,0.0,0.0,0.0,1510.008825,1685.91573,1200.0,0.0,0.0
A_base,2025-06-21,2025-06-21,49,2025-06-21 08:10:00,2025-06-21 08:20:00,1.0956,3160.9922,4441.8035,3211.7119,4557.504,-224.29868333333334,0.0,-224.29868333333334,base,base,28,,0.0,213.46854999999996,0.0,0.0,0.0,1685.91573,1878.037425,1200.0,0.0,0.0
A_base,2025-06-21,2025-06-21,50,2025-06-21 08:20:00,2025-06-21 08:30:00,1.0849,3037.59,4358.7,3117.03,4806.1125,-281.51374999999996,0.0,-281.51374999999996,base,base,28,,0.0,220.18499999999995,0.0,0.0,0.0,1878.037425,2076.203925,1200.0,0.0,0.0
A_base,2025-06-21,2025-06-21,51,2025-06-21 08:30:00,2025-06-21 08:40:00,1.061,3030.9974,4479.895,3160.411,5092.0224,-321.93523333333326,0.0,-321.93523333333326,base,base,28,,0.0,241.48293333333336,0.0,0.0,0.0,2076.203925,2293.538565,1200.0,0.0,0.0
A_base,2025-06-21,2025-06-21,52,2025-06-21 08:40:00,2025-06-21 08:50:00,1.043,3289.939,4668.5166,3366.9129,5152.4772,-297.59405000000004,0.0,-297.59405000000004,base,base,28,,0.0,229.76293333333334,0.0,0.0,0.0,2293.538565,2500.3252049999996,1200.0,0.0,0.0
A_base,2025-06-21,2025-06-21,53,2025-06-21 08:50:00,2025-06-21 09:00:00,1.036,3650.62,4746.075,3644.16,5183.1,-256.49000000000007,0.0,-256.49000000000007,base,base,28,,0.0,182.57583333333332,0.0,0.0,0.0,2500.3252049999996,2664.6434549999994,1200.0,0.0,0.0
A_base,2025-06-21,2025-06-21,54,2025-06-21 09:00:00,2025-06-21 09:10:00,1.0147,3785.9011,4746.9534,3852.5107,5602.4247,-291.6523333333333,0.0,-291.6523333333333,base,base,28,,0.0,160.17538333333337,0.0,0.0,0.0,2664.6434549999994,2808.8012999999996,1200.0,0.0,0.0
A_base,2025-06-21,2025-06-21,55,2025-06-21 09:10:00,2025-06-21 09:20:00,0.9922,3849.6183,5139.4381,3939.4047,5705.744,-294.3898833333333,0.0,-294.3898833333333,base,base,28,,0.0,214.9699666666667,0.0,0.0,0.0,2808.8012999999996,3002.27427,1200.0,0.0,0.0
A_base,2025-06-21,2025-06-21,56,2025-06-21 09:20:00,2025-06-21 09:30:00,0.97,3824.6,5794.3125,3890.66,5464.2375,-262.2629166666667,0.0,-262.2629166666667,base,base,28,,0.0,328.28541666666666,0.0,0.0,0.0,3002.27427,3297.7311449999997,1200.0,0.0,0.0
A_base,2025-06-21,2025-06-21,57,2025-06-21 09:30:00,2025-06-21 09:40:00,0.9422,3582.3586,6109.068,3743.0588,5592.3571,-308.2163833333334,0.0,-308.2163833333334,base,base,28,,0.0,421.11823333333336,0.0,0.0,0.0,3297.7311449999997,3676.7375549999997,1200.0,0.0,0.0
A_base,2025-06-21,2025-06-21,58,2025-06-21 09:40:00,2025-06-21 09:50:00,0.9569,3687.9447,6385.1018,3668.9743,5934.8802,-377.6509833333333,0.0,-377.6509833333333,base,base,28,,0.0,449.5261833333334,0.0,0.0,0.0,3676.7375549999997,4081.31112,1200.0,0.0,0.0
A_base,2025-06-21,2025-06-21,59,2025-06-21 09:50:00,2025-06-21 10:00:00,0.9977,4000.14,6643.5375,3763.84,6259.5,-415.94333333333327,0.0,-415.94333333333327,base,base,28,,0.0,440.5662500000001,0.0,0.0,0.0,4081.31112,4477.820745,1199.9999999999998,0.0,0.0
A_base,2025-06-21,2025-06-21,60,2025-06-21 10:00:00,2025-06-21 10:10:00,0.9919,3826.1041,6589.8893,3940.9272,6487.3724,-424.40753333333333,0.0,-424.40753333333333,base,base,28,,0.0,460.63086666666663,0.0,0.0,0.0,4477.820745,4892.388525,1200.0,0.0,0.0
A_base,2025-06-21,2025-06-21,61,2025-06-21 10:10:00,2025-06-21 10:20:00,0.9588,3761.4976,6695.6004,3851.4805,6558.8571,-451.2294333333333,0.0,-451.2294333333333,base,base,28,,0.0,489.01713333333333,0.0,0.0,0.0,4892.388525,5332.503945,1200.0,0.0,0.0
A_base,2025-06-21,2025-06-21,62,2025-06-21 10:20:00,2025-06-21 10:30:00,0.9549,3901.91,7000.9875,3627.76,6622.0125,-499.04208333333327,0.0,-499.04208333333327,base,base,28,,0.0,516.5129166666667,0.0,0.0,0.0,5332.503945,5797.36557,1199.9999999999998,0.0,0.0
A_base,2025-06-21,2025-06-21,63,2025-06-21 10:30:00,2025-06-21 10:40:00,0.9839,3726.7535,7093.8409,3731.9048,6889.2348,-526.2216666666667,0.0,-526.2216666666667,base,base,28,,0.0,561.1812333333334,0.0,0.0,0.0,5797.36557,6302.42868,1199.9999999999993,0.0,0.0
A_base,2025-06-21,2025-06-21,64,2025-06-21 10:40:00,2025-06-21 10:50:00,0.799,3565.5609,7243.1188,3783.4133,7030.3159,-541.1504333333332,0.0,-541.1504333333332,base,base,28,,0.0,612.9263166666667,0.0,0.0,0.0,6302.42868,6854.062365,1288.125795000001,0.0,0.0
A_base,2025-06-21,2025-06-21,65,2025-06-21 10:50:00,2025-06-21 11:00:00,0.5025,3679.21,7400.1,3618.92,6992.85,-562.3216666666667,0.0,-562.3216666666667,base,base,28,,0.0,620.1483333333333,0.0,0.0,0.0,6854.062365,7412.195865,1288.125795000001,0.0,0.0
A_base,2025-06-21,2025-06-21,66,2025-06-21 11:00:00,2025-06-21 11:10:00,0.4662,3945.6166,7306.5816,3481.824,7042.9006,-593.5127666666666,0.0,-593.5127666666666,base,base,28,,0.0,560.1608333333334,0.0,0.0,0.0,7412.195865,7916.340615,1288.1257950000017,0.0,0.0
A_base,2025-06-21,2025-06-21,67,2025-06-21 11:10:00,2025-06-21 11:20:00,0.5007,3900.6403,7782.8954,3500.7818,7067.4755,-594.4489499999999,0.0,-594.4489499999999,base,base,28,,0.0,647.0425166666666,0.0,0.0,0.0,7916.340615,8498.67888,1823.1298500000016,0.0,0.0
A_base,2025-06-21,2025-06-21,68,2025-06-21 11:20:00,2025-06-21 11:30:00,0.4827,3645.76,8490.225,3619.72,7078.8,-576.5133333333333,0.0,-576.5133333333333,base,base,28,,0.0,807.4108333333334,0.0,0.0,0.0,8498.67888,9225.34863,2341.9918500000017,0.0,0.0
A_base,2025-06-21,2025-06-21,69,2025-06-21 11:30:00,2025-06-21 11:40:00,0.4785,3705.1427,8180.7164,3676.5508,7189.044,-585.4155333333333,0.0,-585.4155333333333,base,base,28,,0.0,745.9289500000001,0.0,0.0,0.0,9225.34863,9896.684685,2868.8658300000016,0.0,0.0
A_base,2025-06-21,2025-06-21,70,2025-06-21 11:40:00,2025-06-21 11:50:00,0.4662,3724.3133,7677.6706,3689.0127,7033.8841,-557.4785666666667,0.0,-557.4785666666667,base,base,28,,0.0,658.8928833333334,0.0,0.0,0.0,9896.684685,10489.68828,3370.5965400000014,0.0,0.0
A_base,2025-06-21,2025-06-21,71,2025-06-21 11:50:00,2025-06-21 12:00:00,0.4432,3631.08,7665.1125,3693.53,6626.2125,-488.78041666666655,0.0,-488.78041666666655,base,base,28,,0.0,344.79079999999965,0.0,0.0,327.54795000000036,10489.68828,10800.0,3810.498915000001,0.0,0.0
A_base,2025-06-21,2025-06-21,72,2025-06-21 12:00:00,2025-06-21 12:10:00,0.4411,3735.5415,8044.2631,3700.2899,6414.5524,-452.3770833333332,0.0,-452.3770833333332,base,base,28,,0.0,0.0,0.0,0.0,718.1202666666668,10800.0,10800.0,4217.638290000001,0.0,0.0
A_base,2025-06-21,2025-06-21,73,2025-06-21 12:10:00,2025-06-21 12:20:00,0.4551,3852.2352,8300.9755,3725.1955,6580.7353,-475.92330000000004,0.0,-475.92330000000004,base,base,28,,0.0,0.0,0.0,0.0,741.4567166666667,10800.0,10800.0,4645.969260000001,0.0,0.0
A_base,2025-06-21,2025-06-21,74,2025-06-21 12:20:00,2025-06-21 12:30:00,0.4463,3928.56,8383.0125,3761.52,6916.125,-525.7674999999999,0.0,-525.7674999999999,base,base,28,,0.0,0.0,0.0,0.0,742.4087500000002,10800.0,10800.0,5119.1600100000005,0.0,0.0
A_base,2025-06-21,2025-06-21,75,2025-06-21 12:30:00,2025-06-21 12:40:00,0.4113,4059.9044,8605.7877,3780.9427,6997.9126,-536.1616499999999,0.0,-536.1616499999999,base,base,28,,0.0,0.0,0.0,0.0,757.6472166666668,10800.0,10800.0,5601.705495,0.0,0.0
A_base,2025-06-21,2025-06-21,76,2025-06-21 12:40:00,2025-06-21 12:50:00,0.5682,3912.5928,8542.7209,3768.4578,6828.0916,-509.9389666666666,0.0,-509.9389666666666,base,base,28,,0.0,0.0,0.0,0.0,771.6880166666666,10800.0,10800.0,6060.650565,0.0,0.0
A_base,2025-06-21,2025-06-21,77,2025-06-21 12:50:00,2025-06-21 13:00:00,0.8279,3688.01,8049.6,3763.37,6705.9,-490.4216666666666,0.0,-490.4216666666666,base,base,28,,0.0,0.0,0.0,0.0,726.9316666666666,10800.0,10800.0,6502.030065,0.0,0.0
A_base,2025-06-21,2025-06-21,78,2025-06-21 13:00:00,2025-06-21 13:10:00,0.8636,3910.4683,7493.4162,3817.3428,6883.7552,-511.0687333333333,0.0,-511.0687333333333,base,base,28,,0.0,0.0,0.0,0.0,597.1579833333333,10800.0,10800.0,6961.991925,0.0,0.0
A_base,2025-06-21,2025-06-21,79,2025-06-21 13:10:00,2025-06-21 13:20:00,0.8416,3862.6154,7354.9231,3834.9581,6717.4275,-480.41156666666666,0.0,-480.41156666666666,base,base,28,,0.0,0.0,0.0,0.0,582.0512833333332,10800.0,10800.0,7394.362335,0.0,0.0
A_base,2025-06-21,2025-06-21,80,2025-06-21 13:20:00,2025-06-21 13:30:00,0.8618,3589.29,7340.8875,3827.67,6265.05,-406.23,0.0,-406.23,base,base,28,,0.0,0.0,0.0,0.0,625.2662499999999,10800.0,10800.0,7759.969335,0.0,0.0
A_base,2025-06-21,2025-06-21,81,2025-06-21 13:30:00,2025-06-21 13:40:00,0.8623,3849.2221,6714.7449,3893.2639,6241.1191,-391.3092,0.0,-391.3092,base,base,28,,0.0,0.0,0.0,0.0,477.58713333333327,10800.0,10800.0,8112.147615,0.0,0.0
A_base,2025-06-21,2025-06-21,82,2025-06-21 13:40:00,2025-06-21 13:50:00,0.9026,3978.2382,6127.755,3906.2985,6290.4161,-397.3529333333334,0.0,-397.3529333333334,base,base,28,,0.0,0.0,0.0,0.0,358.25280000000004,10800.0,10800.0,8469.765255,0.0,0.0
A_base,2025-06-21,2025-06-21,83,2025-06-21 13:50:00,2025-06-21 14:00:00,0.9754,3861.85,5956.2,3871.55,6216.3,-390.79166666666663,0.0,-390.79166666666663,base,base,28,,0.0,0.0,0.0,0.0,349.0583333333333,10800.0,10800.0,8821.477755,0.0,0.0
A_base,2025-06-21,2025-06-21,84,2025-06-21 14:00:00,2025-06-21 14:10:00,1.0002,4047.8905,5941.7978,3911.3368,6181.434,-378.34953333333334,0.0,-378.34953333333334,base,base,28,,0.0,0.0,0.0,0.0,315.6512166666667,10800.0,10800.0,9161.992334999999,0.0,0.0
A_base,2025-06-21,2025-06-21,85,2025-06-21 14:10:00,2025-06-21 14:20:00,0.9978,4095.2281,5827.294,3878.1365,6047.9156,-361.62985000000003,0.0,-361.62985000000003,base,base,28,,0.0,0.0,0.0,0.0,288.67764999999997,10800.0,10800.0,9487.4592,0.0,0.0
A_base,2025-06-21,2025-06-21,86,2025-06-21 14:20:00,2025-06-21 14:30:00,1.0271,4007.39,5738.1375,3792.1,5758.5375,-327.73958333333337,0.0,-327.73958333333337,base,base,28,,0.0,0.0,0.0,0.0,288.4579166666666,10800.0,10800.0,9782.424825,0.0,0.0
A_base,2025-06-21,2025-06-21,87,2025-06-21 14:30:00,2025-06-21 14:40:00,1.0906,4227.0513,5964.2607,3849.9288,5455.4133,-267.58074999999997,0.0,-267.58074999999997,base,base,28,,0.0,0.0,0.0,0.0,289.53489999999994,10800.0,10800.0,10023.2475,0.0,0.0
A_base,2025-06-21,2025-06-21,88,2025-06-21 14:40:00,2025-06-21 14:50:00,0.9376,4182.4486,5979.2451,4004.3225,5412.6767,-234.72569999999996,0.0,-234.72569999999996,base,base,28,,0.0,0.0,0.0,0.0,299.46608333333336,10800.0,10800.0,10234.500629999999,0.0,0.0
A_base,2025-06-21,2025-06-21,89,2025-06-21 14:50:00,2025-06-21 15:00:00,0.6694,3879.68,5680.4625,4111.94,5418.3,-217.72666666666674,0.0,-217.72666666666674,base,base,28,,0.0,0.0,0.0,0.0,300.13041666666663,10800.0,10800.0,10430.454629999998,0.0,0.0
A_base,2025-06-21,2025-06-21,90,2025-06-21 15:00:00,2025-06-21 15:10:00,0.66,3916.2335,5457.1539,4048.532,5001.8274,-158.88256666666666,0.0,-158.88256666666666,base,base,28,,0.0,0.0,0.0,0.0,256.8200666666667,10800.0,10800.0,10573.448939999998,0.0,0.0
A_base,2025-06-21,2025-06-21,91,2025-06-21 15:10:00,2025-06-21 15:20:00,0.7217,3924.3398,5153.0688,3899.0665,4697.3994,-133.05548333333337,0.0,-133.05548333333337,base,base,28,,0.0,0.0,0.0,0.0,204.78816666666663,10800.0,10800.0,10693.198874999998,0.0,0.0
A_base,2025-06-21,2025-06-21,92,2025-06-21 15:20:00,2025-06-21 15:30:00,0.7308,3875.5,4811.1,3872.03,4584.0375,-118.66791666666668,0.0,-118.66791666666668,base,base,28,,0.0,0.0,0.0,0.0,155.9333333333334,10800.0,10800.0,10799.999999999998,0.0,0.0
A_base,2025-06-21,2025-06-21,93,2025-06-21 15:30:00,2025-06-21 15:40:00,0.7534,4137.0155,4680.9532,4110.3626,4217.3348,-17.828699999999873,0.0,-17.828699999999873,base,base,28,,0.0,0.0,0.0,0.0,90.65628333333325,10800.0,10800.0,10800.0,0.0,0.0
A_base,2025-06-21,2025-06-21,94,2025-06-21 15:40:00,2025-06-21 15:50:00,0.7823,4317.2602,4481.2341,4232.824,3892.0797,56.79071666666664,0.0,56.79071666666664,base,base,28,,56.79071666666664,0.0,0.0,0.0,84.11969999999997,10800.0,10800.0,10800.0,44.42737764833331,0.0
A_base,2025-06-21,2025-06-21,95,2025-06-21 15:50:00,2025-06-21 16:00:00,0.8055,4217.43,4055.4,4214.01,3756.6375,76.22875000000006,0.0,76.22875000000006,base,base,28,,76.22875000000006,0.0,0.0,0.0,49.22375000000003,10800.0,10800.0,10800.0,61.40225812500005,0.0
A_base,2025-06-21,2025-06-21,96,2025-06-21 16:00:00,2025-06-21 16:10:00,0.8271,4034.2858,3562.8565,4333.1906,3624.4529,118.12294999999995,0.0,118.12294999999995,base,base,28,,118.12294999999995,0.0,0.0,0.0,39.551399999999916,10800.0,10800.0,10800.0,97.69949194499995,0.0
A_base,2025-06-21,2025-06-21,97,2025-06-21 16:10:00,2025-06-21 16:20:00,0.8519,3980.7146,3361.4888,4174.9277,3335.8463,139.8469,0.0,139.8469,base,base,28,,139.8469,0.0,0.0,0.0,36.64260000000006,10800.0,10800.0,10800.0,119.13557411000001,0.0
A_base,2025-06-21,2025-06-21,98,2025-06-21 16:20:00,2025-06-21 16:30:00,0.8791,4042.02,3406.575,3991.85,2977.575,169.04583333333335,0.0,169.04583333333335,base,base,28,,169.04583333333335,0.0,0.0,0.0,63.13833333333332,10800.0,10800.0,10800.0,148.60819208333334,0.0
A_base,2025-06-21,2025-06-21,99,2025-06-21 16:30:00,2025-06-21 16:40:00,0.9024,3983.774,3291.2298,4411.5054,2767.3411,274.0273833333333,0.0,274.0273833333333,base,base,28,,274.0273833333333,0.0,0.0,0.0,158.60335000000003,10800.0,10800.0,10800.0,247.28231071999997,0.0
A_base,2025-06-21,2025-06-21,100,2025-06-21 16:40:00,2025-06-21 16:50:00,0.9163,3621.8931,2964.175,4246.9867,2513.51,288.9127833333333,0.0,288.9127833333333,base,base,28,,288.9127833333333,0.0,0.0,0.0,179.29310000000007,10800.0,10800.0,10800.0,264.73078336833333,0.0
A_base,2025-06-21,2025-06-21,101,2025-06-21 16:50:00,2025-06-21 17:00:00,0.9264,3240.3,2623.6125,3538.36,2166.4875,228.64541666666665,0.0,228.64541666666665,base,base,28,,228.64541666666665,0.0,0.0,0.0,125.86416666666665,10800.0,10800.0,10800.0,211.81711399999998,0.0
A_base,2025-06-21,2025-06-21,102,2025-06-21 17:00:00,2025-06-21 17:10:00,0.9462,3335.0072,2479.2426,3542.8764,1892.5968,275.0466,0.0,275.0466,base,base,28,,275.0466,0.0,0.0,0.0,132.41916666666668,10800.0,10800.0,10800.0,260.24909292,0.0
A_base,2025-06-21,2025-06-21,103,2025-06-21 17:10:00,2025-06-21 17:20:00,0.9742,3462.6248,2185.8548,3659.3145,1730.908,321.4010833333333,0.0,321.4010833333333,base,base,28,,321.4010833333333,0.0,0.0,0.0,108.60608333333332,10800.0,10800.0,10800.0,313.1089353833333,0.0
A_base,2025-06-21,2025-06-21,104,2025-06-21 17:20:00,2025-06-21 17:30:00,0.9862,3484.27,1750.4625,3539.76,1616.475,320.5475,0.0,320.5475,base,base,28,,320.5475,0.0,0.0,0.0,31.579583333333403,10800.0,10800.0,10800.0,316.1239445,0.0
A_base,2025-06-21,2025-06-21,105,2025-06-21 17:30:00,2025-06-21 17:40:00,0.976,3649.2081,1528.3871,3489.1585,1447.3721,340.2977333333333,0.0,340.2977333333333,base,base,28,,340.2977333333333,0.0,13.172433333333288,0.0,0.0,10800.0,10785.363962962963,10800.0,332.1305877333333,0.0
A_base,2025-06-21,2025-06-21,106,2025-06-21 17:40:00,2025-06-21 17:50:00,1.0742,3604.3529,1310.4274,3482.0899,1250.3672,371.9537833333334,0.0,371.9537833333334,base,base,28,,371.9537833333334,0.0,10.367133333333243,0.0,0.0,10785.363962962963,10773.844925925927,10800.0,399.55275405666674,0.0
A_base,2025-06-21,2025-06-21,107,2025-06-21 17:50:00,2025-06-21 18:00:00,1.2313,3349.51,1034.1,3497.41,1054.575,407.13916666666665,0.0,407.13916666666665,base,base,28,,407.13916666666665,21.237499999999955,0.0,0.0,0.0,10773.844925925927,10792.958675925927,10800.0,501.3104559166667,0.0
A_base,2025-06-21,2025-06-21,108,2025-06-21 18:00:00,2025-06-21 18:10:00,1.2561,3274.4828,860.3286,3573.5938,854.5608,453.1721666666667,0.0,453.1721666666667,base,base,28,,0.0,0.0,402.3590333333333,0.0,0.0,10792.958675925927,10345.893083333334,10296.47537037037,0.0,0.0
A_base,2025-06-21,2025-06-21,109,2025-06-21 18:10:00,2025-06-21 18:20:00,1.2447,3297.0032,677.2547,3613.6869,631.3856,497.05021666666664,0.0,497.05021666666664,base,base,28,,497.05021666666664,60.42546666666664,0.0,0.0,0.0,10345.893083333334,10400.276003333334,10296.47537037037,618.6784046849999,0.0
A_base,2025-06-21,2025-06-21,110,2025-06-21 18:20:00,2025-06-21 18:30:00,1.2545,3342.79,452.7,3620.91,416.1,534.135,0.0,534.135,base,base,28,,0.0,0.0,481.6816666666667,0.0,0.0,10400.276003333334,9865.074151481482,9702.992037037036,0.0,0.0
A_base,2025-06-21,2025-06-21,111,2025-06-21 18:30:00,2025-06-21 18:40:00,1.2522,3456.8314,276.0564,3681.3967,264.4096,569.49785,0.0,569.49785,base,base,28,,332.8769333333323,0.0,197.2522333333343,0.0,0.0,9865.074151481482,9645.905003333333,9440.079907407406,416.8284959199987,0.0
A_base,2025-06-21,2025-06-21,112,2025-06-21 18:40:00,2025-06-21 18:50:00,1.2881,3634.5648,121.8367,3682.0144,122.7855,593.2048166666666,0.0,593.2048166666666,base,base,28,,0.0,0.0,585.4546833333334,0.0,0.0,9645.905003333333,8995.39979962963,8780.963444444444,0.0,0.0
A_base,2025-06-21,2025-06-21,113,2025-06-21 18:50:00,2025-06-21 19:00:00,1.3466,3852.72,7.7625,3671.85,6.7875,610.84375,0.0,610.84375,base,base,28,,0.0,0.0,640.82625,0.0,0.0,8995.39979962963,8283.370632962962,8102.248166666666,0.0,0.0
A_base,2025-06-21,2025-06-21,114,2025-06-21 19:00:00,2025-06-21 19:10:00,1.3523,4004.9442,0.0,3806.9784,0.0,634.4964,0.0,634.4964,base,base,28,,0.0,0.0,667.4907,0.0,0.0,8283.370632962962,7541.714299629629,7397.252166666666,0.0,0.0
A_base,2025-06-21,2025-06-21,115,2025-06-21 19:10:00,2025-06-21 19:20:00,1.3445,3706.7434,3.2619,3830.7687,3.5416,637.8711833333333,0.0,637.8711833333333,base,base,28,,0.0,0.0,617.2469166666666,0.0,0.0,7541.714299629629,6855.884392222221,6688.506407407407,0.0,0.0
A_base,2025-06-21,2025-06-21,116,2025-06-21 19:20:00,2025-06-21 19:30:00,1.3483,3293.48,0.0,3686.48,0.0,614.4133333333333,0.0,614.4133333333333,base,base,28,,0.0,0.0,548.9133333333333,0.0,0.0,6855.884392222221,6245.980688518518,6005.8249259259255,0.0,0.0
A_base,2025-06-21,2025-06-21,117,2025-06-21 19:30:00,2025-06-21 19:40:00,1.349,3492.5254,0.0,3569.6441,0.0,594.9406833333333,0.0,594.9406833333333,base,base,28,,0.0,0.0,582.0875666666666,0.0,0.0,6245.980688518518,5599.216725555555,5344.779722222222,0.0,0.0
A_base,2025-06-21,2025-06-21,118,2025-06-21 19:40:00,2025-06-21 19:50:00,1.3473,3490.6667,0.2342,3471.128,0.2543,578.4789499999999,0.0,578.4789499999999,base,base,28,,0.0,0.0,581.73875,0.0,0.0,5599.216725555555,4952.840336666666,4702.025333333333,0.0,0.0
A_base,2025-06-21,2025-06-21,119,2025-06-21 19:50:00,2025-06-21 20:00:00,1.3482,3189.62,0.0,3506.94,0.0,584.49,0.0,584.49,base,base,28,,0.0,0.0,531.6033333333332,0.0,0.0,4952.840336666666,4362.169966296296,4052.5919999999996,0.0,0.0
A_base,2025-06-21,2025-06-21,120,2025-06-21 20:00:00,2025-06-21 20:10:00,1.3513,3348.2366,0.0,3809.9315,0.0,634.9885833333333,0.0,634.9885833333333,base,base,28,,0.0,0.0,558.0394333333334,0.0,0.0,4362.169966296296,3742.1261514814805,3347.0491296296295,0.0,0.0
A_base,2025-06-21,2025-06-21,121,2025-06-21 20:10:00,2025-06-21 20:20:00,1.34,3725.2052,0.0168,3890.9938,0.0183,648.4959166666666,0.0,648.4959166666666,base,base,28,,0.0,0.0,620.8647333333333,0.0,0.0,3742.1261514814805,3052.276447777777,2626.498111111111,0.0,0.0
A_base,2025-06-21,2025-06-21,122,2025-06-21 20:20:00,2025-06-21 20:30:00,1.3489,3960.13,0.0,3770.6,0.0,628.4333333333333,0.0,628.4333333333333,base,base,28,,0.0,0.0,660.0216666666666,0.0,0.0,3052.276447777777,2318.9190403703697,1928.238851851852,0.0,0.0
A_base,2025-06-21,2025-06-21,123,2025-06-21 20:30:00,2025-06-21 20:40:00,1.3952,3881.8245,0.0,3932.4898,0.0,655.4149666666666,0.0,655.4149666666666,base,base,28,,0.0,0.0,646.97075,0.0,0.0,2318.9190403703697,1600.0626514814808,1200.0,0.0,0.0
A_base,2025-06-21,2025-06-21,124,2025-06-21 20:40:00,2025-06-21 20:50:00,1.2226,3513.6729,0.0012,4058.333,0.0013,676.3886166666666,0.0,676.3886166666666,base,base,28,,676.3886166666666,90.77666666666664,0.0,0.0,0.0,1600.0626514814808,1681.7616514814808,1200.0,826.9527227366666,0.0
A_base,2025-06-21,2025-06-21,125,2025-06-21 20:50:00,2025-06-21 21:00:00,0.9332,3160.32,0.0,3918.77,0.0,653.1283333333333,0.0,653.1283333333333,base,base,28,,653.1283333333333,126.4083333333333,0.0,0.0,0.0,1681.7616514814808,1795.5291514814808,1200.0,609.4993606666667,0.0
A_base,2025-06-21,2025-06-21,126,2025-06-21 21:00:00,2025-06-21 21:10:00,0.9068,3214.7106,0.0,3614.0096,0.0,602.3349333333333,0.0,602.3349333333333,base,base,28,,602.3349333333333,66.54983333333337,0.0,0.0,0.0,1795.5291514814808,1855.424001481481,1200.0,546.1973175466667,0.0
A_base,2025-06-21,2025-06-21,127,2025-06-21 21:10:00,2025-06-21 21:20:00,0.9371,3489.1029,0.0,3370.7921,0.0,561.7986833333333,0.0,561.7986833333333,base,base,28,,561.7986833333333,0.0,19.718466666666586,0.0,0.0,1855.424001481481,1833.5145940740736,1200.0,526.4615461516667,0.0
A_base,2025-06-21,2025-06-21,128,2025-06-21 21:20:00,2025-06-21 21:30:00,0.9371,3713.49,0.0,3342.58,0.0,557.0966666666666,0.0,557.0966666666666,base,base,28,,557.0966666666666,0.0,61.818333333333385,0.0,0.0,1833.5145940740736,1764.8275570370365,1200.0,522.0552863333332,0.0
A_base,2025-06-21,2025-06-21,129,2025-06-21 21:30:00,2025-06-21 21:40:00,0.9871,3715.4477,0.0,3493.8805,0.0,582.3134166666666,0.0,582.3134166666666,base,base,28,,582.3134166666666,0.0,36.92786666666666,0.0,0.0,1764.8275570370365,1723.7965940740735,1200.0,574.8015735916666,0.0
A_base,2025-06-21,2025-06-21,130,2025-06-21 21:40:00,2025-06-21 21:50:00,0.7764,3460.6768,0.0,3460.6218,0.0,576.7702999999999,0.0,576.7702999999999,base,base,28,,576.7702999999999,0.0,0.009166666666715173,0.0,0.0,1723.7965940740735,1723.7864088888882,1200.0,447.80446091999994,0.0
A_base,2025-06-21,2025-06-21,131,2025-06-21 21:50:00,2025-06-21 22:00:00,0.4209,3169.68,0.0,3267.44,0.0,544.5733333333333,0.0,544.5733333333333,base,base,28,,544.5733333333333,16.293333333333294,0.0,0.0,0.0,1723.7864088888882,1738.4504088888882,1200.0,229.21091599999997,0.0
A_base,2025-06-21,2025-06-21,132,2025-06-21 22:00:00,2025-06-21 22:10:00,0.3859,3161.2424,0.0,3261.2988,0.0,543.5498,0.0,543.5498,base,base,28,,1376.8831333333333,833.3333333333333,0.0,0.0,16.676066666666657,1738.4504088888882,2488.450408888888,1950.0,531.3392011533333,0.0
A_base,2025-06-21,2025-06-21,133,2025-06-21 22:10:00,2025-06-21 22:20:00,0.4368,3268.4465,0.0,3218.1699,0.0,536.3616499999999,0.0,536.3616499999999,base,base,28,,536.3616499999999,0.0,8.379433333333395,0.0,0.0,2488.450408888888,2479.1399274074065,1950.0,234.28276871999998,0.0
A_base,2025-06-21,2025-06-21,134,2025-06-21 22:20:00,2025-06-21 22:30:00,0.4198,3317.19,0.0,3190.19,0.0,531.6983333333333,0.0,531.6983333333333,base,base,28,,531.6983333333333,0.0,21.166666666666742,0.0,0.0,2479.1399274074065,2455.621408888888,1950.0,223.2069603333333,0.0
A_base,2025-06-21,2025-06-21,135,2025-06-21 22:30:00,2025-06-21 22:40:00,0.4186,3281.0391,0.0,3472.9639,0.0,578.8273166666667,0.0,578.8273166666667,base,base,28,,1232.867714588734,686.0278645887341,0.0,0.0,0.0,2455.621408888888,3073.0464870187484,2538.6363581298606,516.0784253268441,0.0
A_base,2025-06-21,2025-06-21,136,2025-06-21 22:40:00,2025-06-21 22:50:00,0.4241,3250.7574,0.0,3653.9269,0.0,608.9878166666666,0.0,608.9878166666666,base,base,28,,608.9878166666666,67.1949166666667,0.0,0.0,0.0,3073.0464870187484,3133.5219120187485,2538.6363581298606,258.2717330483333,0.0
A_base,2025-06-21,2025-06-21,137,2025-06-21 22:50:00,2025-06-21 23:00:00,0.4237,3190.39,0.0,3463.23,0.0,577.2049999999999,0.0,577.2049999999999,base,base,28,,577.2049999999999,45.47333333333336,0.0,0.0,0.0,3133.5219120187485,3174.4479120187484,2538.6363581298606,244.56175849999997,0.0
A_base,2025-06-21,2025-06-21,138,2025-06-21 23:00:00,2025-06-21 23:10:00,0.4248,2998.9363,0.0,3048.478,0.0,508.07966666666664,0.0,508.07966666666664,base,base,28,,508.07966666666664,8.256950000000018,0.0,0.0,0.0,3174.4479120187484,3181.8791670187484,2538.6363581298606,215.83224239999998,0.0
A_base,2025-06-21,2025-06-21,139,2025-06-21 23:10:00,2025-06-21 23:20:00,0.424,2920.9743,0.0,2905.5899,0.0,484.2649833333333,0.0,484.2649833333333,base,base,28,,484.2649833333333,0.0,2.5640666666666334,0.0,0.0,3181.8791670187484,3179.0302040557854,2538.6363581298606,205.32835293333332,0.0
A_base,2025-06-21,2025-06-21,140,2025-06-21 23:20:00,2025-06-21 23:30:00,0.422,2989.3,0.0,3071.94,0.0,511.99,0.0,511.99,base,base,28,,511.99,13.773333333333312,0.0,0.0,0.0,3179.0302040557854,3191.4262040557855,2538.6363581298606,216.05978,0.0
A_base,2025-06-21,2025-06-21,141,2025-06-21 23:30:00,2025-06-21 23:40:00,0.424,3024.571,0.0,3193.2655,0.0,532.2109166666667,0.0,532.2109166666667,base,base,28,,532.2109166666667,28.115750000000048,0.0,0.0,0.0,3191.4262040557855,3216.7303790557858,2538.6363581298606,225.65742866666665,0.0
A_base,2025-06-21,2025-06-21,142,2025-06-21 23:40:00,2025-06-21 23:50:00,0.4271,3193.3141,0.0,3497.8213,0.0,582.9702166666666,0.0,582.9702166666666,base,base,28,,582.9702166666666,50.751199999999926,0.0,0.0,0.0,3216.7303790557858,3262.4064590557855,2538.6363581298606,248.9865795383333,0.0
A_base,2025-06-21,2025-06-21,143,2025-06-21 23:50:00,2025-06-22 00:00:00,0.4276,3636.14,0.0,3929.38,0.0,654.8966666666666,0.0,654.8966666666666,base,base,28,,654.8966666666666,48.873333333333335,0.0,0.0,0.0,3262.4064590557855,3306.3924590557854,2538.6363581298606,280.0338146666667,0.0
A_base,2025-09-23,2025-09-23,0,2025-09-23 00:00:00,2025-09-23 00:10:00,0.4248,3421.106,0.0,3937.1458,0.0,656.1909666666666,0.0,656.1909666666666,base,base,28,,656.1909666666666,86.00663333333318,0.0,0.0,0.0,9867.461517592592,9944.867487592592,9867.461517592592,278.74992263999997,0.0
A_base,2025-09-23,2025-09-23,1,2025-09-23 00:10:00,2025-09-23 00:20:00,0.4245,3361.9091,0.0,4000.4017,0.0,666.7336166666666,0.0,666.7336166666666,base,base,28,,869.5541526748979,309.23596934156456,0.0,0.0,0.0,9944.867487592592,10223.17986,10050.0,369.1257378104941,0.0
A_base,2025-09-23,2025-09-23,2,2025-09-23 00:20:00,2025-09-23 00:30:00,0.4269,3388.6,0.0,3751.36,0.0,625.2266666666667,0.0,625.2266666666667,base,base,28,,625.2266666666667,60.460000000000036,0.0,0.0,0.0,10223.17986,10277.59386,10050.0,266.909264,0.0
A_base,2025-09-23,2025-09-23,3,2025-09-23 00:30:00,2025-09-23 00:40:00,0.4272,3591.0535,0.0,3531.7831,0.0,588.6305166666666,0.0,588.6305166666666,base,base,28,,588.6305166666666,0.0,9.878400000000056,0.0,0.0,10277.59386,10266.61786,10050.0,251.46295672,0.0
A_base,2025-09-23,2025-09-23,4,2025-09-23 00:40:00,2025-09-23 00:50:00,0.4271,3639.0639,0.0,3436.6857,0.0,572.78095,0.0,572.78095,base,base,28,,572.78095,0.0,33.72969999999998,0.0,0.0,10266.61786,10229.140415555556,10050.0,244.63474374499998,0.0
A_base,2025-09-23,2025-09-23,5,2025-09-23 00:50:00,2025-09-23 01:00:00,0.4285,3538.62,0.0,3454.54,0.0,575.7566666666667,0.0,575.7566666666667,base,base,28,,575.7566666666667,0.0,14.013333333333321,0.0,0.0,10229.140415555556,10213.570045185184,10050.0,246.71173166666665,0.0
A_base,2025-09-23,2025-09-23,6,2025-09-23 01:00:00,2025-09-23 01:10:00,0.4311,3584.1201,0.0,3517.2378,0.0,586.2062999999999,0.0,586.2062999999999,base,base,28,,586.2062999999999,0.0,11.147050000000036,0.0,0.0,10213.570045185184,10201.184434074074,10050.0,252.71353592999998,0.0
A_base,2025-09-23,2025-09-23,7,2025-09-23 01:10:00,2025-09-23 01:20:00,0.4302,3479.83,0.0,3497.5299,0.0,582.92165,0.0,582.92165,base,base,28,,582.92165,2.949983333333421,0.0,0.0,0.0,10201.184434074074,10203.839419074073,10050.0,250.77289383000002,0.0
A_base,2025-09-23,2025-09-23,8,2025-09-23 01:20:00,2025-09-23 01:30:00,0.4279,3316.08,0.0,3422.74,0.0,570.4566666666666,0.0,570.4566666666666,base,base,28,,570.4566666666666,17.776666666666642,0.0,0.0,0.0,10203.839419074073,10219.838419074073,10050.0,244.09840766666665,0.0
A_base,2025-09-23,2025-09-23,9,2025-09-23 01:30:00,2025-09-23 01:40:00,0.4312,3504.3201,0.0,3457.0954,0.0,576.1825666666666,0.0,576.1825666666666,base,base,28,,576.1825666666666,0.0,7.870783333333293,0.0,0.0,10219.838419074073,10211.093104259258,10050.0,248.44992274666666,0.0
A_base,2025-09-23,2025-09-23,10,2025-09-23 01:40:00,2025-09-23 01:50:00,0.4333,3611.1697,0.0,3628.0075,0.0,604.6679166666667,0.0,604.6679166666667,base,base,28,,604.6679166666667,2.8063000000000784,0.0,0.0,0.0,10211.093104259258,10213.61877425926,10050.0,262.00260829166666,0.0
A_base,2025-09-23,2025-09-23,11,2025-09-23 01:50:00,2025-09-23 02:00:00,0.4311,3543.64,0.0,3727.77,0.0,621.295,0.0,621.295,base,base,28,,621.295,30.68833333333339,0.0,0.0,0.0,10213.61877425926,10241.23827425926,10050.0,267.84027449999996,0.0
A_base,2025-09-23,2025-09-23,12,2025-09-23 02:00:00,2025-09-23 02:10:00,0.4293,3627.3783,0.0,3520.7314,0.0,586.7885666666666,0.0,586.7885666666666,base,base,28,,586.7885666666666,0.0,17.774483333333364,0.0,0.0,10241.23827425926,10221.488848333334,10050.0,251.90833167,0.0
A_base,2025-09-23,2025-09-23,13,2025-09-23 02:10:00,2025-09-23 02:20:00,0.4324,3646.7973,0.0,3436.0535,0.0,572.6755833333333,0.0,572.6755833333333,base,base,28,,572.6755833333333,0.0,35.12396666666666,0.0,0.0,10221.488848333334,10182.462218703704,10050.0,247.6249222333333,0.0
A_base,2025-09-23,2025-09-23,14,2025-09-23 02:20:00,2025-09-23 02:30:00,0.4367,3569.92,0.0,3624.55,0.0,604.0916666666667,0.0,604.0916666666667,base,base,28,,604.0916666666667,9.105000000000018,0.0,0.0,0.0,10182.462218703704,10190.656718703704,10050.0,263.8068308333333,0.0
A_base,2025-09-23,2025-09-23,15,2025-09-23 02:30:00,2025-09-23 02:40:00,0.4348,3591.0744,0.0,3799.684,0.0,633.2806666666667,0.0,633.2806666666667,base,base,28,,633.2806666666667,34.768266666666705,0.0,0.0,0.0,10190.656718703704,10221.948158703704,10050.0,275.35043386666666,0.0
A_base,2025-09-23,2025-09-23,16,2025-09-23 02:40:00,2025-09-23 02:50:00,0.4335,3523.6786,0.0,3729.9253,0.0,621.6542166666666,0.0,621.6542166666666,base,base,28,,621.6542166666666,34.37444999999991,0.0,0.0,0.0,10221.948158703704,10252.885163703704,10050.0,269.48710292499993,0.0
A_base,2025-09-23,2025-09-23,17,2025-09-23 02:50:00,2025-09-23 03:00:00,0.4357,3402.03,0.0,3599.4,0.0,599.9,0.0,599.9,base,base,28,,599.9,32.89499999999998,0.0,0.0,0.0,10252.885163703704,10282.490663703704,10050.0,261.37642999999997,0.0
A_base,2025-09-23,2025-09-23,18,2025-09-23 03:00:00,2025-09-23 03:10:00,0.4374,3470.8796,0.0,3766.8381,0.0,627.80635,0.0,627.80635,base,base,28,,627.80635,49.32641666666666,0.0,0.0,0.0,10282.490663703704,10326.884438703704,10050.0,274.60249748999996,0.0
A_base,2025-09-23,2025-09-23,19,2025-09-23 03:10:00,2025-09-23 03:20:00,0.4371,3546.3118,0.0,3732.5778,0.0,622.0962999999999,0.0,622.0962999999999,base,base,28,,622.0962999999999,31.04433333333327,0.0,0.0,0.0,10326.884438703704,10354.824338703704,10050.0,271.91829272999996,0.0
A_base,2025-09-23,2025-09-23,20,2025-09-23 03:20:00,2025-09-23 03:30:00,0.4356,3521.1,0.0,3487.16,0.0,581.1933333333333,0.0,581.1933333333333,base,base,28,,581.1933333333333,0.0,5.656666666666638,0.0,0.0,10354.824338703704,10348.539153518519,10050.0,253.16781599999996,0.0
A_base,2025-09-23,2025-09-23,21,2025-09-23 03:30:00,2025-09-23 03:40:00,0.4353,3493.0415,0.0,3542.3682,0.0,590.3947,0.0,590.3947,base,base,28,,590.3947,8.221116666666717,0.0,0.0,0.0,10348.539153518519,10355.938158518518,10050.0,256.99881290999997,0.0
A_base,2025-09-23,2025-09-23,22,2025-09-23 03:40:00,2025-09-23 03:50:00,0.436,3616.52,0.0,3671.4309,0.0,611.9051499999999,0.0,611.9051499999999,base,base,28,,611.9051499999999,9.151816666666605,0.0,0.0,0.0,10355.938158518518,10364.174793518518,10050.0,266.79064539999996,0.0
A_base,2025-09-23,2025-09-23,23,2025-09-23 03:50:00,2025-09-23 04:00:00,0.4378,3738.77,0.0,3753.85,0.0,625.6416666666667,0.0,625.6416666666667,base,base,28,,625.6416666666667,2.513333333333321,0.0,0.0,0.0,10364.174793518518,10366.436793518518,10050.0,273.9059216666667,0.0
A_base,2025-09-23,2025-09-23,24,2025-09-23 04:00:00,2025-09-23 04:10:00,0.4401,3573.138,0.0019,3887.5822,0.0021,647.9300166666666,0.0,647.9300166666666,base,base,28,,647.9300166666666,52.40733333333333,0.0,0.0,0.0,10366.436793518518,10413.603393518519,10050.0,285.154000335,0.0
A_base,2025-09-23,2025-09-23,25,2025-09-23 04:10:00,2025-09-23 04:20:00,0.4389,3548.8256,0.0,3864.8881,0.0,644.1480166666666,0.0,644.1480166666666,base,base,28,,644.1480166666666,52.67708333333337,0.0,0.0,0.0,10413.603393518519,10461.012768518518,10050.0,282.716564515,0.0
A_base,2025-09-23,2025-09-23,26,2025-09-23 04:20:00,2025-09-23 04:30:00,0.4364,3696.43,0.0,3746.52,0.0,624.42,0.0,624.42,base,base,28,,624.42,8.348333333333358,0.0,0.0,0.0,10461.012768518518,10468.526268518519,10050.0,272.496888,0.0
A_base,2025-09-23,2025-09-23,27,2025-09-23 04:30:00,2025-09-23 04:40:00,0.4393,3629.4046,0.0268,3799.8707,0.029,633.3069499999999,0.0,633.3069499999999,base,base,28,,633.3069499999999,28.410650000000032,0.0,0.0,0.0,10468.526268518519,10494.095853518518,10050.0,278.211743135,0.0
A_base,2025-09-23,2025-09-23,28,2025-09-23 04:40:00,2025-09-23 04:50:00,0.4422,3602.4949,0.0,3743.4045,0.0,623.90075,0.0,623.90075,base,base,28,,623.90075,23.4849333333334,0.0,0.0,0.0,10494.095853518518,10515.232293518518,10050.0,275.88891165,0.0
A_base,2025-09-23,2025-09-23,29,2025-09-23 04:50:00,2025-09-23 05:00:00,0.4395,3708.74,0.0,3548.17,0.0,591.3616666666667,0.0,591.3616666666667,base,base,28,,591.3616666666667,0.0,26.761666666666542,0.0,0.0,10515.232293518518,10485.497108333333,10050.0,259.9034525,0.0
A_base,2025-09-23,2025-09-23,30,2025-09-23 05:00:00,2025-09-23 05:10:00,0.4333,3751.3647,0.3731,3510.4937,0.404,585.01495,0.0,585.01495,base,base,28,,585.01495,0.0,40.15031666666664,0.0,0.0,10485.497108333333,10440.88564537037,10050.0,253.486977835,0.0
A_base,2025-09-23,2025-09-23,31,2025-09-23 05:10:00,2025-09-23 05:20:00,0.4439,3689.4488,0.0,3645.7435,0.0,607.6239166666667,0.0,607.6239166666667,base,base,28,,607.6239166666667,0.0,7.28421666666668,0.0,0.0,10440.88564537037,10432.792071296297,10050.0,269.72425660833335,0.0
A_base,2025-09-23,2025-09-23,32,2025-09-23 05:20:00,2025-09-23 05:30:00,0.4301,3557.68,0.0,3724.04,0.0,620.6733333333333,0.0,620.6733333333333,base,base,28,,620.6733333333333,27.726666666666688,0.0,0.0,0.0,10432.792071296297,10457.746071296297,10050.0,266.95160066666665,0.0
A_base,2025-09-23,2025-09-23,33,2025-09-23 05:30:00,2025-09-23 05:40:00,0.3713,3509.0644,5.1961,3582.2553,5.6274,596.10465,0.0,596.10465,base,base,28,,1429.4379833333332,380.2821430041149,0.0,0.0,465.1777903292184,10457.746071296297,10800.0,10800.0,530.7503232116667,0.0
A_base,2025-09-23,2025-09-23,34,2025-09-23 05:40:00,2025-09-23 05:50:00,0.5708,4001.4806,0.0,3957.97,0.0,659.6616666666666,0.0,659.6616666666666,base,base,28,,659.6616666666666,0.0,7.25176666666664,0.0,0.0,10800.0,10791.942481481481,10800.0,376.5348793333333,0.0
A_base,2025-09-23,2025-09-23,35,2025-09-23 05:50:00,2025-09-23 06:00:00,0.9099,4743.74,0.0,4700.49,0.0,783.415,0.0,783.415,base,base,28,,0.0,0.0,790.6233333333332,0.0,0.0,10791.942481481481,9913.47211111111,9929.538888888888,0.0,0.0
A_base,2025-09-23,2025-09-23,36,2025-09-23 06:00:00,2025-09-23 06:10:00,0.9368,4911.4158,148.7833,4861.7696,163.8012,782.9947333333332,0.0,782.9947333333332,base,base,28,,0.0,0.0,793.7720833333333,0.0,0.0,9913.47211111111,9031.50312962963,9059.544740740741,0.0,0.0
A_base,2025-09-23,2025-09-23,37,2025-09-23 06:10:00,2025-09-23 06:20:00,0.8758,4831.9735,376.0146,4752.5347,427.0247,720.9183333333333,0.0,720.9183333333333,base,base,28,,0.0,0.0,742.6598166666665,0.0,0.0,9031.50312962963,8206.325555555555,8258.52437037037,0.0,0.0
A_base,2025-09-23,2025-09-23,38,2025-09-23 06:20:00,2025-09-23 06:30:00,0.8759,4792.2,649.3875,4711.73,733.4625,663.0445833333332,0.0,663.0445833333332,base,base,28,,0.0,0.0,690.46875,0.0,0.0,8206.325555555555,7439.138055555555,7521.808166666668,0.0,0.0
A_base,2025-09-23,2025-09-23,39,2025-09-23 06:30:00,2025-09-23 06:40:00,0.8601,4757.3085,973.8044,4749.8589,1059.8151,615.0073,0.0,615.0073,base,base,28,,0.0,0.0,630.5840166666667,0.0,0.0,7439.138055555555,6738.489148148148,6838.466722222223,0.0,0.0
A_base,2025-09-23,2025-09-23,40,2025-09-23 06:40:00,2025-09-23 06:50:00,0.8442,4755.1526,1245.8597,4762.9137,1370.8696,565.3406833333333,0.0,565.3406833333333,base,base,28,,0.0,0.0,584.88215,0.0,0.0,6738.489148148148,6088.620092592592,6210.310407407408,0.0,0.0
A_base,2025-09-23,2025-09-23,41,2025-09-23 06:50:00,2025-09-23 07:00:00,0.8334,4789.05,1511.775,4720.02,1678.1625,506.97625000000005,0.0,506.97625000000005,base,base,28,,0.0,0.0,546.2125,0.0,0.0,6088.620092592592,5481.717314814815,5647.003462962964,0.0,0.0
A_base,2025-09-23,2025-09-23,42,2025-09-23 07:00:00,2025-09-23 07:10:00,0.8092,4816.282,1907.945,4702.584,2025.7511,446.1388166666666,0.0,446.1388166666666,base,base,28,,0.0,0.0,484.72283333333337,0.0,0.0,5481.717314814815,4943.136388888889,5151.293666666667,0.0,0.0
A_base,2025-09-23,2025-09-23,43,2025-09-23 07:10:00,2025-09-23 07:20:00,0.7972,4786.2179,2234.3678,4833.7499,2388.5754,407.52908333333323,0.0,407.52908333333323,base,base,28,,0.0,0.0,425.3083499999999,0.0,0.0,4943.136388888889,4470.571555555556,4698.483574074075,0.0,0.0
A_base,2025-09-23,2025-09-23,44,2025-09-23 07:20:00,2025-09-23 07:30:00,0.7644,4660.51,2492.5875,4939.54,2753.5875,364.3254166666666,0.0,364.3254166666666,base,base,28,,0.0,0.0,361.3204166666667,0.0,0.0,4470.571555555556,4069.1044259259265,4293.677555555556,0.0,0.0
A_base,2025-09-23,2025-09-23,45,2025-09-23 07:30:00,2025-09-23 07:40:00,0.6899,4606.8822,2894.0726,4828.7625,3120.5921,284.69506666666666,0.0,284.69506666666666,base,base,28,,0.0,0.0,285.46826666666664,0.0,0.0,4069.1044259259265,3751.917462962964,3977.349703703704,0.0,0.0
A_base,2025-09-23,2025-09-23,46,2025-09-23 07:40:00,2025-09-23 07:50:00,0.86,5489.8417,3343.4604,5406.1206,3426.4951,329.93758333333335,0.0,329.93758333333335,base,base,28,,0.0,0.0,357.73021666666665,0.0,0.0,3751.917462962964,3354.439444444445,3610.752388888889,0.0,0.0
A_base,2025-09-23,2025-09-23,47,2025-09-23 07:50:00,2025-09-23 08:00:00,1.1617,6701.06,3753.1125,6462.55,3707.325,459.2041666666667,0.0,459.2041666666667,base,base,28,,0.0,0.0,491.32458333333335,0.0,0.0,3354.439444444445,2808.5232407407416,3100.5255370370373,0.0,0.0
A_base,2025-09-23,2025-09-23,48,2025-09-23 08:00:00,2025-09-23 08:10:00,1.1683,6664.9869,4119.6249,6779.0099,4082.1536,449.47605,0.0,449.47605,base,base,28,,0.0,0.0,424.227,0.0,0.0,2808.5232407407416,2337.1599074074084,2601.107703703704,0.0,0.0
A_base,2025-09-23,2025-09-23,49,2025-09-23 08:10:00,2025-09-23 08:20:00,1.0956,6469.7028,4427.9049,6649.2879,4538.4547,351.8055333333333,0.0,351.8055333333333,base,base,28,,0.0,0.0,340.29964999999993,0.0,0.0,2337.1599074074084,1959.0491851851862,2210.212666666667,0.0,0.0
A_base,2025-09-23,2025-09-23,50,2025-09-23 08:20:00,2025-09-23 08:30:00,1.0849,6635.97,4698.6375,6494.49,4959.675,255.80249999999992,0.0,255.80249999999992,base,base,28,,0.0,0.0,322.8887500000001,0.0,0.0,1959.0491851851862,1600.2839074074084,1925.9876666666669,0.0,0.0
A_base,2025-09-23,2025-09-23,51,2025-09-23 08:30:00,2025-09-23 08:40:00,1.061,6600.0815,4997.093,6432.8642,5221.4296,201.90576666666658,0.0,201.90576666666658,base,base,28,,0.0,0.0,267.16475,0.0,0.0,1600.2839074074084,1303.4341851851862,1701.6479259259263,0.0,0.0
A_base,2025-09-23,2025-09-23,52,2025-09-23 08:40:00,2025-09-23 08:50:00,1.043,6462.4233,5400.3214,6438.1781,5443.4725,165.7842666666667,0.0,165.7842666666667,base,base,28,,0.0,0.0,93.09076666666753,83.9262166666659,0.0,1303.4341851851862,1200.0,1517.4431851851855,0.0,437.67521991666257
A_base,2025-09-23,2025-09-23,53,2025-09-23 08:50:00,2025-09-23 09:00:00,1.036,6427.57,5807.85,6502.19,5716.7625,130.90458333333328,0.0,130.90458333333328,base,base,28,,0.0,0.0,0.0,103.28666666666655,0.0,1200.0,1200.0,1371.9936481481486,0.0,535.0249333333327
A_base,2025-09-23,2025-09-23,54,2025-09-23 09:00:00,2025-09-23 09:10:00,1.0147,6551.7343,6020.5511,6620.0241,6031.6126,98.06858333333321,0.0,98.06858333333321,base,base,28,,0.0,0.0,0.0,88.5305333333334,0.0,1200.0,1200.0,1263.028555555556,0.0,449.1596608666669
A_base,2025-09-23,2025-09-23,55,2025-09-23 09:10:00,2025-09-23 09:20:00,0.9922,6611.8297,6159.4673,6603.7913,6339.8082,43.99718333333324,0.0,43.99718333333324,base,base,28,,0.0,0.0,0.0,75.39373333333333,0.0,1200.0,1200.0,1214.1427962962969,0.0,374.0283110666666
A_base,2025-09-23,2025-09-23,56,2025-09-23 09:20:00,2025-09-23 09:30:00,0.97,6584.42,6306.2625,6407.33,6622.4625,-35.85541666666661,0.0,-35.85541666666661,base,base,28,,0.0,0.0,0.0,46.359583333333376,0.0,1200.0,1200.0,1246.4126712962968,0.0,224.84397916666686
A_base,2025-09-23,2025-09-23,57,2025-09-23 09:30:00,2025-09-23 09:40:00,0.9422,6627.8893,6423.4053,6200.5473,6897.3346,-116.13121666666666,0.0,-116.13121666666666,base,base,28,,0.0,0.0,0.0,34.08066666666657,0.0,1200.0,1200.0,1350.9307662962967,0.0,160.55402066666622
A_base,2025-09-23,2025-09-23,58,2025-09-23 09:40:00,2025-09-23 09:50:00,0.9569,6567.1756,6483.305,6249.554,7173.3339,-153.96331666666657,0.0,-153.96331666666657,base,base,28,,0.0,0.0,0.0,13.978433333333214,0.0,1200.0,1200.0,1489.4977512962967,0.0,66.87981428333276
A_base,2025-09-23,2025-09-23,59,2025-09-23 09:50:00,2025-09-23 10:00:00,0.9977,6455.96,6487.7625,6480.82,7375.3875,-149.09458333333333,0.0,-149.09458333333333,base,base,28,,0.0,5.30041666666663,0.0,0.0,0.0,1200.0,1204.770375,1623.6828762962969,0.0,0.0
A_base,2025-09-23,2025-09-23,60,2025-09-23 10:00:00,2025-09-23 10:10:00,0.9919,6527.0912,6506.7574,6557.067,7427.1527,-145.01428333333325,0.0,-145.01428333333325,base,base,28,,0.0,0.0,3.388966666666571,0.0,0.0,1204.770375,1201.0048564814817,1754.1957312962968,0.0,0.0
A_base,2025-09-23,2025-09-23,61,2025-09-23 10:10:00,2025-09-23 10:20:00,0.9588,6488.4499,6763.9313,6530.2617,7558.6084,-171.39111666666668,0.0,-171.39111666666668,base,base,28,,0.0,45.91356666666676,0.0,0.0,0.0,1201.0048564814817,1242.3270664814818,1908.447736296297,0.0,0.0
A_base,2025-09-23,2025-09-23,62,2025-09-23 10:20:00,2025-09-23 10:30:00,0.9549,6336.11,7139.7,6502.13,7758.4875,-209.39291666666668,0.0,-209.39291666666668,base,base,28,,0.0,133.93166666666667,0.0,0.0,0.0,1242.3270664814818,1362.865566481482,2096.901361296297,0.0,0.0
A_base,2025-09-23,2025-09-23,63,2025-09-23 10:30:00,2025-09-23 10:40:00,0.9839,6376.9432,7257.6775,6501.3745,7803.3333,-216.9931333333334,0.0,-216.9931333333334,base,base,28,,0.0,146.78905,0.0,0.0,0.0,1362.865566481482,1494.975711481482,2292.195181296297,0.0,0.0
A_base,2025-09-23,2025-09-23,64,2025-09-23 10:40:00,2025-09-23 10:50:00,0.799,6473.6947,7240.5731,6474.7018,7884.0347,-234.8888166666667,0.0,-234.8888166666667,base,base,28,,0.0,127.8130666666666,0.0,0.0,0.0,1494.975711481482,1610.0074714814818,2503.595116296297,0.0,0.0
A_base,2025-09-23,2025-09-23,65,2025-09-23 10:50:00,2025-09-23 11:00:00,0.5025,6470.56,7359.675,6439.65,8030.625,-265.1625,0.0,-265.1625,base,base,28,,0.0,148.18583333333328,0.0,0.0,0.0,1610.0074714814818,1743.3747214814819,2742.241366296297,0.0,0.0
A_base,2025-09-23,2025-09-23,66,2025-09-23 11:00:00,2025-09-23 11:10:00,0.4662,6357.1346,7784.7849,6473.1896,8066.7709,-265.59688333333344,0.0,-265.59688333333344,base,base,28,,567.7364499999999,805.6781666666664,0.0,0.0,0.0,1743.3747214814819,2468.4850714814816,3492.241366296297,264.67873298999996,0.0
A_base,2025-09-23,2025-09-23,67,2025-09-23 11:10:00,2025-09-23 11:20:00,0.5007,6310.6975,8209.6886,6527.364,8058.9692,-255.26753333333332,0.0,-255.26753333333332,base,base,28,,0.0,316.49851666666655,0.0,0.0,0.0,2468.4850714814816,2753.3337364814815,3721.9821462962973,0.0,0.0
A_base,2025-09-23,2025-09-23,68,2025-09-23 11:20:00,2025-09-23 11:30:00,0.4827,6431.52,8399.7375,6531.11,8058.1875,-254.5129166666667,0.0,-254.5129166666667,base,base,28,,0.0,328.03624999999977,0.0,0.0,0.0,2753.3337364814815,3048.566361481481,3951.0437712962976,0.0,0.0
A_base,2025-09-23,2025-09-23,69,2025-09-23 11:30:00,2025-09-23 11:40:00,0.4785,6604.0357,8379.679,6437.2197,8059.3959,-270.36270000000013,0.0,-270.36270000000013,base,base,28,,109.26094855966886,405.2014985596688,0.0,0.0,0.0,3048.566361481481,3413.247710185183,4292.705054999999,52.28136388580155,0.0
A_base,2025-09-23,2025-09-23,70,2025-09-23 11:40:00,2025-09-23 11:50:00,0.4662,6371.5522,8435.4109,6258.0133,8144.2088,-314.36591666666675,0.0,-314.36591666666675,base,base,28,,518.9674166666665,833.3333333333333,0.0,0.0,29.610533333333365,3413.247710185183,4163.247710185184,5042.705054999999,241.94260964999992,0.0
A_base,2025-09-23,2025-09-23,71,2025-09-23 11:50:00,2025-09-23 12:00:00,0.4432,5893.69,8613.5625,6034.17,8278.275,-374.0174999999999,0.0,-374.0174999999999,base,base,28,,459.31583333333333,833.3333333333333,0.0,0.0,79.29458333333343,4163.247710185184,4913.247710185184,5792.705054999999,203.56877733333332,0.0
A_base,2025-09-23,2025-09-23,72,2025-09-23 12:00:00,2025-09-23 12:10:00,0.4411,5815.5593,8690.3915,5857.0228,8321.7803,-410.79291666666677,0.0,-410.79291666666677,base,base,28,,422.5404166666665,833.3333333333333,0.0,0.0,68.3457833333332,4913.247710185184,5663.247710185184,6542.705054999999,186.3825777916666,0.0
A_base,2025-09-23,2025-09-23,73,2025-09-23 12:10:00,2025-09-23 12:20:00,0.4551,5929.8452,8581.2694,5948.518,8267.6048,-386.5144666666665,0.0,-386.5144666666665,base,base,28,,446.81886666666674,833.3333333333333,0.0,0.0,55.389566666666724,5663.247710185184,6413.247710185184,7292.705055,203.34726622000002,0.0
A_base,2025-09-23,2025-09-23,74,2025-09-23 12:20:00,2025-09-23 12:30:00,0.4463,5958.43,8484.4875,6160.56,8156.1,-332.59,0.0,-332.59,base,base,28,,500.7433333333333,833.3333333333333,0.0,0.0,88.4195833333331,6413.247710185184,7163.247710185184,8042.705055,223.48174966666664,0.0
A_base,2025-09-23,2025-09-23,75,2025-09-23 12:30:00,2025-09-23 12:40:00,0.4113,5882.5546,8645.3297,6118.0293,8055.8192,-322.9649833333333,0.0,-322.9649833333333,base,base,28,,510.36834999999996,833.3333333333333,0.0,0.0,137.4975333333333,7163.247710185184,7913.247710185184,8792.705055,209.914502355,0.0
A_base,2025-09-23,2025-09-23,76,2025-09-23 12:40:00,2025-09-23 12:50:00,0.5682,6091.5912,8546.664,6129.9123,8085.3213,-325.90149999999994,0.0,-325.90149999999994,base,base,28,,0.0,409.17880000000014,0.0,0.0,0.0,7913.247710185184,8281.508630185184,9086.016405,0.0,0.0
A_base,2025-09-23,2025-09-23,77,2025-09-23 12:50:00,2025-09-23 13:00:00,0.8279,6408.53,8135.1375,6271.57,8109.4125,-306.3070833333334,0.0,-306.3070833333334,base,base,28,,0.0,287.7679166666667,0.0,0.0,0.0,8281.508630185184,8540.499755185185,9361.69278,0.0,0.0
A_base,2025-09-23,2025-09-23,78,2025-09-23 13:00:00,2025-09-23 13:10:00,0.8636,6253.4833,7884.9488,6267.4025,7864.6337,-266.2052,0.0,-266.2052,base,base,28,,0.0,271.9109166666667,0.0,0.0,0.0,8540.499755185185,8785.219580185185,9601.27746,0.0,0.0
A_base,2025-09-23,2025-09-23,79,2025-09-23 13:10:00,2025-09-23 13:20:00,0.8416,6080.4251,7754.0988,6084.3297,7627.4867,-257.19283333333334,0.0,-257.19283333333334,base,base,28,,0.0,278.9456166666665,0.0,0.0,0.0,8785.219580185185,9036.270635185185,9832.75101,0.0,0.0
A_base,2025-09-23,2025-09-23,80,2025-09-23 13:20:00,2025-09-23 13:30:00,0.8618,6115.63,7607.2875,5983.25,7552.2375,-261.4979166666667,0.0,-261.4979166666667,base,base,28,,0.0,248.60958333333338,0.0,0.0,0.0,9036.270635185185,9260.019260185185,10068.099135,0.0,0.0
A_base,2025-09-23,2025-09-23,81,2025-09-23 13:30:00,2025-09-23 13:40:00,0.8623,6161.9414,7394.5585,6249.9547,7511.7507,-210.2993333333332,0.0,-210.2993333333332,base,base,28,,0.0,205.4361833333334,0.0,0.0,0.0,9260.019260185185,9444.911825185185,10257.368535,0.0,0.0
A_base,2025-09-23,2025-09-23,82,2025-09-23 13:40:00,2025-09-23 13:50:00,0.9026,6291.8498,7228.1769,6377.6378,7307.0291,-154.8985499999999,0.0,-154.8985499999999,base,base,28,,0.0,156.05451666666673,0.0,0.0,0.0,9444.911825185185,9585.360890185186,10396.77723,0.0,0.0
A_base,2025-09-23,2025-09-23,83,2025-09-23 13:50:00,2025-09-23 14:00:00,0.9754,6409.53,7094.9625,6187.65,7022.8875,-139.20625,0.0,-139.20625,base,base,28,,0.0,114.23874999999998,0.0,0.0,0.0,9585.360890185186,9688.175765185186,10522.062855,0.0,0.0
A_base,2025-09-23,2025-09-23,84,2025-09-23 14:00:00,2025-09-23 14:10:00,1.0002,6298.6605,6838.0168,6004.646,6916.3565,-151.95175,0.0,-151.95175,base,base,28,,0.0,89.89271666666673,0.0,0.0,0.0,9688.175765185186,9769.079210185186,10658.819430000001,0.0,0.0
A_base,2025-09-23,2025-09-23,85,2025-09-23 14:10:00,2025-09-23 14:20:00,0.9978,6212.8259,6393.4647,6039.8719,6750.1107,-118.37313333333334,0.0,-118.37313333333334,base,base,28,,0.0,30.10646666666677,0.0,0.0,0.0,9769.079210185186,9796.175030185186,10765.35525,0.0,0.0
A_base,2025-09-23,2025-09-23,86,2025-09-23 14:20:00,2025-09-23 14:30:00,1.0271,6236.6,5854.05,6212.36,6443.325,-38.494166666666686,0.0,-38.494166666666686,base,base,28,,0.0,0.0,63.75833333333336,0.0,0.0,9796.175030185186,9725.332437592593,10800.0,0.0,0.0
A_base,2025-09-23,2025-09-23,87,2025-09-23 14:30:00,2025-09-23 14:40:00,1.0906,6217.1274,5393.4146,6261.2286,6154.0582,17.861733333333326,0.0,17.861733333333326,base,base,28,,0.0,0.0,137.2854666666667,0.0,0.0,9725.332437592593,9572.793030185185,10780.153629629629,0.0,0.0
A_base,2025-09-23,2025-09-23,88,2025-09-23 14:40:00,2025-09-23 14:50:00,0.9376,6206.2876,4990.8009,6234.7935,5864.7952,61.666383333333364,0.0,61.666383333333364,base,base,28,,0.0,0.0,202.58111666666656,0.0,0.0,9572.793030185185,9347.702900555556,10711.635425925926,0.0,0.0
A_base,2025-09-23,2025-09-23,89,2025-09-23 14:50:00,2025-09-23 15:00:00,0.6694,6262.68,4761.6375,6185.32,5565.3375,103.33041666666668,0.0,103.33041666666668,base,base,28,,103.33041666666668,0.0,146.8433333333334,0.0,0.0,9347.702900555556,9184.543641296297,10711.635425925926,69.16938091666667,0.0
A_base,2025-09-23,2025-09-23,90,2025-09-23 15:00:00,2025-09-23 15:10:00,0.66,6377.3851,4842.082,6148.1901,5276.6779,145.25203333333334,0.0,145.25203333333334,base,base,28,,243.43489341563776,0.0,12.448956584362236,0.0,0.0,9184.543641296297,9170.711467313673,10800.0,160.66702965432094,0.0
A_base,2025-09-23,2025-09-23,91,2025-09-23 15:10:00,2025-09-23 15:20:00,0.7217,6461.0017,4734.2965,6373.9324,4931.1252,240.46786666666654,0.0,240.46786666666654,base,base,28,,240.46786666666654,0.0,47.31633333333335,0.0,0.0,9170.711467313673,9118.13776360997,10800.0,173.54565937333325,0.0
A_base,2025-09-23,2025-09-23,92,2025-09-23 15:20:00,2025-09-23 15:30:00,0.7308,6382.45,4417.2375,6665.78,4525.725,356.67583333333323,0.0,356.67583333333323,base,base,28,,356.67583333333323,29.140416666666624,0.0,0.0,0.0,9118.13776360997,9144.36413860997,10800.0,260.6586989999999,0.0
A_base,2025-09-23,2025-09-23,93,2025-09-23 15:30:00,2025-09-23 15:40:00,0.7534,6120.1976,4306.354,6522.3391,4126.3129,399.33770000000004,0.0,399.33770000000004,base,base,28,,399.33770000000004,97.03043333333335,0.0,0.0,0.0,9144.36413860997,9231.69152860997,10800.0,300.86102318,0.0
A_base,2025-09-23,2025-09-23,94,2025-09-23 15:40:00,2025-09-23 15:50:00,0.7823,6153.6297,4035.9346,6227.3075,3727.669,416.60641666666663,0.0,416.60641666666663,base,base,28,,416.60641666666663,63.65723333333324,0.0,0.0,0.0,9231.69152860997,9288.98303860997,10800.0,325.9111997583333,0.0
A_base,2025-09-23,2025-09-23,95,2025-09-23 15:50:00,2025-09-23 16:00:00,0.8055,6505.17,3543.675,6173.39,3392.3625,463.50458333333336,0.0,463.50458333333336,base,base,28,,463.50458333333336,0.0,30.077916666666624,0.0,0.0,9288.98303860997,9255.563131202562,10800.0,373.352941875,0.0
A_base,2025-09-23,2025-09-23,96,2025-09-23 16:00:00,2025-09-23 16:10:00,0.8271,6704.9712,3168.3753,6477.1231,3188.7577,548.0609,0.0,548.0609,base,base,28,,548.0609,0.0,41.37175000000002,0.0,0.0,9255.563131202562,9209.59452009145,10800.0,453.3011703899999,0.0
A_base,2025-09-23,2025-09-23,97,2025-09-23 16:10:00,2025-09-23 16:20:00,0.8519,6651.3841,2836.5022,6552.0795,2876.8086,612.5451499999999,0.0,612.5451499999999,base,base,28,,612.5451499999999,0.0,23.26850000000013,0.0,0.0,9209.59452009145,9183.740631202561,10800.0,521.827213285,0.0
A_base,2025-09-23,2025-09-23,98,2025-09-23 16:20:00,2025-09-23 16:30:00,0.8791,6512.95,2503.5375,6332.94,2467.5375,644.2337499999999,0.0,644.2337499999999,base,base,28,,644.2337499999999,0.0,24.00166666666678,0.0,0.0,9183.740631202561,9157.072112684044,10800.0,566.3458896249999,0.0
A_base,2025-09-23,2025-09-23,99,2025-09-23 16:30:00,2025-09-23 16:40:00,0.9024,6516.7553,2218.6701,6320.4369,2200.0679,686.7281666666665,0.0,686.7281666666665,base,base,28,,686.7281666666665,0.0,29.61936666666668,0.0,0.0,9157.072112684044,9124.161705276636,10800.0,619.7034975999999,0.0
A_base,2025-09-23,2025-09-23,100,2025-09-23 16:40:00,2025-09-23 16:50:00,0.9163,6452.5286,1863.5925,6492.3208,1918.0586,762.3770333333333,0.0,762.3770333333333,base,base,28,,762.3770333333333,0.0,2.4456500000000005,0.0,0.0,9124.161705276636,9121.444316387748,10800.0,698.5660756433333,0.0
A_base,2025-09-23,2025-09-23,101,2025-09-23 16:50:00,2025-09-23 17:00:00,0.9264,6349.71,1465.3875,6599.87,1558.65,840.2033333333331,0.0,840.2033333333331,base,base,28,,840.2033333333331,26.149583333333112,0.0,0.0,0.0,9121.444316387748,9144.978941387748,10800.0,778.3643679999998,0.0
A_base,2025-09-23,2025-09-23,102,2025-09-23 17:00:00,2025-09-23 17:10:00,0.9462,6441.2731,1178.7512,6444.2201,1230.6499,868.9283666666666,0.0,868.9283666666666,base,base,28,,868.9283666666666,0.0,8.158616666666717,0.0,0.0,9144.978941387748,9135.913811758119,10800.0,822.18002054,0.0
A_base,2025-09-23,2025-09-23,103,2025-09-23 17:10:00,2025-09-23 17:20:00,0.9742,6397.9351,917.9154,6365.2663,945.4844,903.2969833333333,0.0,903.2969833333333,base,base,28,,903.2969833333333,0.0,10.039633333333313,0.0,0.0,9135.913811758119,9124.758663609971,10800.0,879.9919211633332,0.0
A_base,2025-09-23,2025-09-23,104,2025-09-23 17:20:00,2025-09-23 17:30:00,0.9862,6368.49,630.1875,6543.08,683.6625,976.5695833333332,0.0,976.5695833333332,base,base,28,,976.5695833333332,20.18583333333322,0.0,0.0,0.0,9124.758663609971,9142.925913609972,10800.0,963.0929230833332,0.0
A_base,2025-09-23,2025-09-23,105,2025-09-23 17:30:00,2025-09-23 17:40:00,0.976,6667.634,356.458,6702.631,425.9356,1046.1159,0.0,1046.1159,base,base,28,,1046.1159,0.0,5.746766666666645,0.0,0.0,9142.925913609972,9136.540617313676,10800.0,1021.0091184,0.0
A_base,2025-09-23,2025-09-23,106,2025-09-23 17:40:00,2025-09-23 17:50:00,1.0742,5886.4358,131.4439,5992.5794,174.4761,969.6838833333333,0.0,969.6838833333333,base,base,28,,969.6838833333333,10.51856666666663,0.0,0.0,0.0,9136.540617313676,9146.007327313677,10800.0,1041.6344274766666,0.0
A_base,2025-09-23,2025-09-23,107,2025-09-23 17:50:00,2025-09-23 18:00:00,1.2313,4515.87,0.0,4835.08,0.0,805.8466666666666,0.0,805.8466666666666,base,base,28,,805.8466666666666,53.2016666666666,0.0,0.0,0.0,9146.007327313677,9193.888827313676,10800.0,992.2390006666666,0.0
A_base,2025-09-23,2025-09-23,108,2025-09-23 18:00:00,2025-09-23 18:10:00,1.2561,4585.9791,0.0,4585.0492,0.0,764.1748666666667,0.0,764.1748666666667,base,base,28,,764.1748666666667,0.0,0.15498333333312075,0.0,0.0,9193.888827313676,9193.716623609973,10800.0,959.8800500200001,0.0
A_base,2025-09-23,2025-09-23,109,2025-09-23 18:10:00,2025-09-23 18:20:00,1.2447,4985.787,4.4234,4700.096,6.1848,782.3185333333332,0.0,782.3185333333332,base,base,28,,782.3185333333332,0.0,47.908733333333544,0.0,0.0,9193.716623609973,9140.484697684047,10800.0,973.7518784399998,0.0
A_base,2025-09-23,2025-09-23,110,2025-09-23 18:20:00,2025-09-23 18:30:00,1.2545,5006.5,0.0,4806.54,0.0,801.0899999999999,0.0,801.0899999999999,base,base,28,,801.0899999999999,0.0,33.32666666666671,0.0,0.0,9140.484697684047,9103.455068054418,10800.0,1004.9674049999999,0.0
A_base,2025-09-23,2025-09-23,111,2025-09-23 18:30:00,2025-09-23 18:40:00,1.2522,5016.9579,0.0,5029.1871,0.0,838.19785,0.0,838.19785,base,base,28,,838.19785,2.0381999999999607,0.0,0.0,0.0,9103.455068054418,9105.289448054418,10800.0,1049.59134777,0.0
A_base,2025-09-23,2025-09-23,112,2025-09-23 18:40:00,2025-09-23 18:50:00,1.2881,4862.5058,0.3176,4889.8514,0.444,814.9012333333332,0.0,814.9012333333332,base,base,28,,814.9012333333332,4.536533333333296,0.0,0.0,0.0,9105.289448054418,9109.372328054418,10800.0,1049.6742786566665,0.0
A_base,2025-09-23,2025-09-23,113,2025-09-23 18:50:00,2025-09-23 19:00:00,1.3466,4664.56,0.0,4602.8,0.0,767.1333333333333,0.0,767.1333333333333,base,base,28,,0.0,0.0,777.4266666666667,0.0,0.0,9109.372328054418,8245.564920647012,9947.62962962963,0.0,0.0
A_base,2025-09-23,2025-09-23,114,2025-09-23 19:00:00,2025-09-23 19:10:00,1.3523,4794.5933,0.0,4878.9151,0.0,813.1525166666667,0.0,813.1525166666667,base,base,28,,0.0,0.0,799.0988833333333,0.0,0.0,8245.564920647012,7357.677272498863,9044.126833333334,0.0,0.0
A_base,2025-09-23,2025-09-23,115,2025-09-23 19:10:00,2025-09-23 19:20:00,1.3445,4953.598,0.0228,5049.4296,0.0319,841.5662833333333,0.0,841.5662833333333,base,base,28,,8.232950000000073,0.0,817.3629166666666,0.0,0.0,7357.677272498863,6449.496253980345,8118.200907407408,11.069201275000099,0.0
A_base,2025-09-23,2025-09-23,116,2025-09-23 19:20:00,2025-09-23 19:30:00,1.3483,4906.9,0.0,4902.19,0.0,817.0316666666665,0.0,817.0316666666665,base,base,28,,0.0,0.0,817.8166666666666,0.0,0.0,6449.496253980345,5540.811068795159,7210.387944444445,0.0,0.0
A_base,2025-09-23,2025-09-23,117,2025-09-23 19:30:00,2025-09-23 19:40:00,1.349,4721.0181,0.0,4891.8419,0.0,815.3069833333334,0.0,815.3069833333334,base,base,28,,0.0,0.0,786.83635,0.0,0.0,5540.811068795159,4666.548457684048,6304.491296296296,0.0,0.0
A_base,2025-09-23,2025-09-23,118,2025-09-23 19:40:00,2025-09-23 19:50:00,1.3473,4705.315,0.0016,4903.2757,0.0023,817.2122333333333,0.0,817.2122333333333,base,base,28,,0.0,0.0,784.2189,0.0,0.0,4666.548457684048,3795.194124350715,5396.477703703704,0.0,0.0
A_base,2025-09-23,2025-09-23,119,2025-09-23 19:50:00,2025-09-23 20:00:00,1.3482,4871.47,0.0,4818.68,0.0,803.1133333333333,0.0,803.1133333333333,base,base,28,,0.0,0.0,811.9116666666666,0.0,0.0,3795.194124350715,2893.070050276641,4504.129555555555,0.0,0.0
A_base,2025-09-23,2025-09-23,120,2025-09-23 20:00:00,2025-09-23 20:10:00,1.3513,4963.0687,0.0,4696.702,0.0,782.7836666666667,0.0,782.7836666666667,base,base,28,,0.0,0.0,827.1781166666666,0.0,0.0,2893.070050276641,1973.9832539803447,3634.3699259259256,0.0,0.0
A_base,2025-09-23,2025-09-23,121,2025-09-23 20:10:00,2025-09-23 20:20:00,1.34,5061.4062,0.0,4700.0445,0.0,783.34075,0.0,783.34075,base,base,28,,233.76865000000043,0.0,609.7990499999996,0.0,0.0,1973.9832539803447,1296.428753980345,3023.7342592592595,313.2499910000006,0.0
A_base,2025-09-23,2025-09-23,122,2025-09-23 20:20:00,2025-09-23 20:30:00,1.3489,5038.25,0.0,4852.22,0.0,808.7033333333334,0.0,808.7033333333334,base,base,28,,0.0,0.0,86.78587858231045,752.9224547510228,0.0,1296.428753980345,1200.0,2125.175,0.0,5078.085496068274
A_base,2025-09-23,2025-09-23,123,2025-09-23 20:30:00,2025-09-23 20:40:00,1.3952,4709.3717,0.0,4995.945,0.0,832.6574999999999,0.0,832.6574999999999,base,base,28,,0.0,0.0,0.0,784.8952833333333,0.0,1200.0,1200.0,1200.0,0.0,5475.429496533333
A_base,2025-09-23,2025-09-23,124,2025-09-23 20:40:00,2025-09-23 20:50:00,1.2226,4809.9708,0.0,4921.7777,0.0,820.2962833333332,0.0,820.2962833333332,base,base,28,,820.2962833333332,18.634483333333264,0.0,0.0,0.0,1200.0,1216.771035,1200.0,1002.8942360033332,0.0
A_base,2025-09-23,2025-09-23,125,2025-09-23 20:50:00,2025-09-23 21:00:00,0.9332,5215.3,0.0,4789.94,0.0,798.3233333333333,0.0,798.3233333333333,base,base,28,,798.3233333333333,0.0,15.093931499999986,55.79940183333345,0.0,1216.771035,1200.0,1200.0,744.9953346666666,260.36000895433386
A_base,2025-09-23,2025-09-23,126,2025-09-23 21:00:00,2025-09-23 21:10:00,0.9068,5055.1463,0.0,4921.2572,0.0,820.2095333333333,0.0,820.2095333333333,base,base,28,,820.2095333333333,0.0,0.0,22.314850000000092,0.0,1200.0,1200.0,1200.0,743.7660048266666,101.17552990000043
A_base,2025-09-23,2025-09-23,127,2025-09-23 21:10:00,2025-09-23 21:20:00,0.9371,4827.5711,0.0,4795.1606,0.0,799.1934333333334,0.0,799.1934333333334,base,base,28,,799.1934333333334,0.0,0.0,5.401749999999993,0.0,1200.0,1200.0,1200.0,748.9241663766667,25.309899624999968
A_base,2025-09-23,2025-09-23,128,2025-09-23 21:20:00,2025-09-23 21:30:00,0.9371,4880.29,0.0,4582.3,0.0,763.7166666666667,0.0,763.7166666666667,base,base,28,,763.7166666666667,0.0,0.0,49.664999999999964,0.0,1200.0,1200.0,1200.0,715.6788883333334,232.70535749999985
A_base,2025-09-23,2025-09-23,129,2025-09-23 21:30:00,2025-09-23 21:40:00,0.9871,4979.2148,0.0,4908.0858,0.0,818.0142999999999,0.0,818.0142999999999,base,base,28,,818.0142999999999,0.0,0.0,11.854833333333318,0.0,1200.0,1200.0,1200.0,807.4619155299999,58.50952991666659
A_base,2025-09-23,2025-09-23,130,2025-09-23 21:40:00,2025-09-23 21:50:00,0.7764,4609.119,0.0,4661.9285,0.0,776.9880833333333,0.0,776.9880833333333,base,base,28,,776.9880833333333,8.801583333333383,0.0,0.0,0.0,1200.0,1207.921425,1200.0,603.2535479,0.0
A_base,2025-09-23,2025-09-23,131,2025-09-23 21:50:00,2025-09-23 22:00:00,0.4209,3835.46,0.0,3835.63,0.0,639.2716666666666,0.0,639.2716666666666,base,base,28,,1472.605,833.3333333333333,0.0,0.0,0.02833333333342125,1207.921425,1957.921425,1950.0,619.8194445,0.0
A_base,2025-09-23,2025-09-23,132,2025-09-23 22:00:00,2025-09-23 22:10:00,0.3859,3320.6494,0.0,3598.3753,0.0,599.7292166666666,0.0,599.7292166666666,base,base,28,,1433.0625499999999,833.3333333333333,0.0,0.0,46.287649999999985,1957.921425,2707.921425,2700.0,553.0188380449999,0.0
A_base,2025-09-23,2025-09-23,133,2025-09-23 22:10:00,2025-09-23 22:20:00,0.4368,3496.0714,0.0,3658.3589,0.0,609.7264833333334,0.0,609.7264833333334,base,base,28,,609.7264833333334,27.047916666666765,0.0,0.0,0.0,2707.921425,2732.26455,2700.0,266.32852792,0.0
A_base,2025-09-23,2025-09-23,134,2025-09-23 22:20:00,2025-09-23 22:30:00,0.4198,3883.24,0.0,3679.49,0.0,613.2483333333332,0.0,613.2483333333332,base,base,28,,1446.5816666666665,799.3749999999999,0.0,0.0,0.0,2732.26455,3451.70205,3450.0,607.2749836666666,0.0
A_base,2025-09-23,2025-09-23,135,2025-09-23 22:30:00,2025-09-23 22:40:00,0.4186,3580.1991,0.0,3675.7073,0.0,612.6178833333333,0.0,612.6178833333333,base,base,28,,1445.9512166666666,833.3333333333333,0.0,0.0,15.91803333333337,3451.70205,4201.70205,4200.0,605.2751792966667,0.0
A_base,2025-09-23,2025-09-23,136,2025-09-23 22:40:00,2025-09-23 22:50:00,0.4241,3332.1137,0.0,3704.1898,0.0,617.3649666666666,0.0,617.3649666666666,base,base,28,,1450.6983,833.3333333333333,0.0,0.0,62.012683333333484,4201.70205,4951.70205,4950.0,615.24114903,0.0
A_base,2025-09-23,2025-09-23,137,2025-09-23 22:50:00,2025-09-23 23:00:00,0.4237,3416.1,0.0,3714.13,0.0,619.0216666666666,0.0,619.0216666666666,base,base,28,,1452.355,833.3333333333333,0.0,0.0,49.67166666666685,4951.70205,5701.70205,5700.0,615.3628135,0.0
A_base,2025-09-23,2025-09-23,138,2025-09-23 23:00:00,2025-09-23 23:10:00,0.4248,3387.9352,0.0,3626.4469,0.0,604.4078166666666,0.0,604.4078166666666,base,base,28,,1437.7411499999998,833.3333333333333,0.0,0.0,39.751949999999965,5701.70205,6451.70205,6450.0,610.7524405199999,0.0
A_base,2025-09-23,2025-09-23,139,2025-09-23 23:10:00,2025-09-23 23:20:00,0.424,3459.0094,0.0,3690.0841,0.0,615.0140166666666,0.0,615.0140166666666,base,base,28,,1448.34735,833.3333333333333,0.0,0.0,38.51245000000017,6451.70205,7201.70205,7200.0,614.0992764,0.0
A_base,2025-09-23,2025-09-23,140,2025-09-23 23:20:00,2025-09-23 23:30:00,0.422,3661.95,0.0,3800.23,0.0,633.3716666666667,0.0,633.3716666666667,base,base,28,,1466.705,833.3333333333333,0.0,0.0,23.046666666666738,7201.70205,7951.70205,7950.0,618.9495099999999,0.0
A_base,2025-09-23,2025-09-23,141,2025-09-23 23:30:00,2025-09-23 23:40:00,0.424,3702.4038,0.0,3632.9661,0.0,605.4943499999999,0.0,605.4943499999999,base,base,28,,1438.8276833333332,821.7603833333333,0.0,0.0,0.0,7951.70205,8691.286395,8700.0,610.0629377333332,0.0
A_base,2025-09-23,2025-09-23,142,2025-09-23 23:40:00,2025-09-23 23:50:00,0.4271,3409.7885,0.0,3700.6194,0.0,616.7699,0.0,616.7699,base,base,28,,1450.1032333333333,833.3333333333333,0.0,0.0,48.471816666666655,8691.286395,9441.286395,9450.0,619.3390909566666,0.0
A_base,2025-09-23,2025-09-23,143,2025-09-23 23:50:00,2025-09-24 00:00:00,0.4276,3147.61,0.0,3923.31,0.0,653.885,0.0,653.885,base,base,28,,1117.7311306584354,593.1294639917687,0.0,0.0,0.0,9441.286395,9975.10291259259,9867.461517592592,477.94183146954697,0.0
A_base,2025-12-21,2025-12-21,0,2025-12-21 00:00:00,2025-12-21 00:10:00,0.4248,3576.1063,0.0,3556.1474,0.0,592.6912333333332,0.0,592.6912333333332,base,base,28,,1426.0245666666665,830.0068499999999,0.0,0.0,0.0,6477.927864629622,7224.934029629621,7227.927864629622,605.7752359199999,0.0
A_base,2025-12-21,2025-12-21,1,2025-12-21 00:10:00,2025-12-21 00:20:00,0.4245,3537.871,0.0,3367.4634,0.0,561.2438999999999,0.0,561.2438999999999,base,base,28,,1394.5772333333332,804.9320666666665,0.0,0.0,0.0,7224.934029629621,7949.372889629622,7977.9278646296225,591.9980355499999,0.0
A_base,2025-12-21,2025-12-21,2,2025-12-21 00:20:00,2025-12-21 00:30:00,0.4269,3472.1,0.0,3429.29,0.0,571.5483333333333,0.0,571.5483333333333,base,base,28,,1404.8816666666667,826.1983333333334,0.0,0.0,0.0,7949.372889629622,8692.951389629621,8727.927864629622,599.7439835,0.0
A_base,2025-12-21,2025-12-21,3,2025-12-21 00:30:00,2025-12-21 00:40:00,0.4272,3388.2602,0.0,3676.387,0.0,612.7311666666667,0.0,612.7311666666667,base,base,28,,1248.3668726337528,683.6568393004195,0.0,0.0,0.0,8692.951389629621,9308.242545,9300.0,533.3023279891393,0.0
A_base,2025-12-21,2025-12-21,4,2025-12-21 00:40:00,2025-12-21 00:50:00,0.4271,3299.4233,0.0,3757.6546,0.0,626.2757666666666,0.0,626.2757666666666,base,base,28,,1459.6091,833.3333333333333,0.0,0.0,76.37188333333336,9308.242545,10058.242545,10050.0,623.3990466099999,0.0
A_base,2025-12-21,2025-12-21,5,2025-12-21 00:50:00,2025-12-21 01:00:00,0.4285,3349.26,0.0,3650.77,0.0,608.4616666666666,0.0,608.4616666666666,base,base,28,,608.4616666666666,50.25166666666655,0.0,0.0,0.0,10058.242545,10103.469045,10050.0,260.72582416666665,0.0
A_base,2025-12-21,2025-12-21,6,2025-12-21 01:00:00,2025-12-21 01:10:00,0.4311,3662.0911,0.0,3636.1785,0.0,606.0297499999999,0.0,606.0297499999999,base,base,28,,606.0297499999999,0.0,4.318766666666761,0.0,0.0,10103.469045,10098.67041537037,10050.0,261.259425225,0.0
A_base,2025-12-21,2025-12-21,7,2025-12-21 01:10:00,2025-12-21 01:20:00,0.4302,3799.4157,0.0,3630.4656,0.0,605.0776,0.0,605.0776,base,base,28,,605.0776,0.0,28.15835000000004,0.0,0.0,10098.67041537037,10067.383359814814,10050.0,260.30438352,0.0
A_base,2025-12-21,2025-12-21,8,2025-12-21 01:20:00,2025-12-21 01:30:00,0.4279,3736.18,0.0,3593.03,0.0,598.8383333333334,0.0,598.8383333333334,base,base,28,,598.8383333333334,0.0,23.858333333333235,0.0,0.0,10067.383359814814,10040.874100555555,10050.0,256.24292283333335,0.0
A_base,2025-12-21,2025-12-21,9,2025-12-21 01:30:00,2025-12-21 01:40:00,0.4312,3824.9356,0.0,3602.2286,0.0,600.3714333333332,0.0,600.3714333333332,base,base,28,,600.3714333333332,0.0,37.11783333333335,0.0,0.0,10040.874100555555,9999.632063518518,10050.0,258.8801620533333,0.0
A_base,2025-12-21,2025-12-21,10,2025-12-21 01:40:00,2025-12-21 01:50:00,0.4333,3734.208,0.0,3658.5023,0.0,609.7503833333333,0.0,609.7503833333333,base,base,28,,609.7503833333333,0.0,12.617616666666663,0.0,0.0,9999.632063518518,9985.612489444444,10050.0,264.2048410983333,0.0
A_base,2025-12-21,2025-12-21,11,2025-12-21 01:50:00,2025-12-21 02:00:00,0.4311,3587.15,0.0,3712.62,0.0,618.77,0.0,618.77,base,base,28,,618.77,20.911666666666633,0.0,0.0,0.0,9985.612489444444,10004.432989444444,10050.0,266.75174699999997,0.0
A_base,2025-12-21,2025-12-21,12,2025-12-21 02:00:00,2025-12-21 02:10:00,0.4293,3856.4774,0.0,3725.8178,0.0,620.9696333333333,0.0,620.9696333333333,base,base,28,,620.9696333333333,0.0,21.77660000000003,0.0,0.0,10004.432989444444,9980.23676722222,10050.0,266.58226358999997,0.0
A_base,2025-12-21,2025-12-21,13,2025-12-21 02:10:00,2025-12-21 02:20:00,0.4324,3923.2147,0.0,3808.8429,0.0,634.80715,0.0,634.80715,base,base,28,,634.80715,0.0,19.06196666666665,0.0,0.0,9980.23676722222,9959.056804259259,10050.0,274.49061166,0.0
A_base,2025-12-21,2025-12-21,14,2025-12-21 02:20:00,2025-12-21 02:30:00,0.4367,3730.5,0.0,3949.55,0.0,658.2583333333333,0.0,658.2583333333333,base,base,28,,658.2583333333333,36.508333333333326,0.0,0.0,0.0,9959.056804259259,9991.914304259259,10050.0,287.46141416666666,0.0
A_base,2025-12-21,2025-12-21,15,2025-12-21 02:30:00,2025-12-21 02:40:00,0.4348,3819.86,0.0,4008.5848,0.0,668.0974666666666,0.0,668.0974666666666,base,base,28,,668.0974666666666,31.45413333333329,0.0,0.0,0.0,9991.914304259259,10020.223024259258,10050.0,290.4887785066667,0.0
A_base,2025-12-21,2025-12-21,16,2025-12-21 02:40:00,2025-12-21 02:50:00,0.4335,3791.4644,0.0,3980.4251,0.0,663.4041833333333,0.0,663.4041833333333,base,base,28,,663.4041833333333,31.493450000000053,0.0,0.0,0.0,10020.223024259258,10048.567129259258,10050.0,287.585713475,0.0
A_base,2025-12-21,2025-12-21,17,2025-12-21 02:50:00,2025-12-21 03:00:00,0.4357,3751.73,0.0,3902.28,0.0,650.38,0.0,650.38,base,base,28,,650.38,25.091666666666697,0.0,0.0,0.0,10048.567129259258,10071.149629259258,10050.0,283.370566,0.0
A_base,2025-12-21,2025-12-21,18,2025-12-21 03:00:00,2025-12-21 03:10:00,0.4374,4180.5461,0.0,3841.0019,0.0,640.1669833333333,0.0,640.1669833333333,base,base,28,,640.1669833333333,0.0,56.59069999999997,0.0,0.0,10071.149629259258,10008.271073703703,10050.0,280.00903851,0.0
A_base,2025-12-21,2025-12-21,19,2025-12-21 03:10:00,2025-12-21 03:20:00,0.4371,4115.3327,0.0,3938.1938,0.0,656.3656333333333,0.0,656.3656333333333,base,base,28,,656.3656333333333,0.0,29.523149999999987,0.0,0.0,10008.271073703703,9975.467573703703,10050.0,286.89741833,0.0
A_base,2025-12-21,2025-12-21,20,2025-12-21 03:20:00,2025-12-21 03:30:00,0.4356,3748.74,0.0,4040.34,0.0,673.39,0.0,673.39,base,base,28,,673.39,48.60000000000002,0.0,0.0,0.0,9975.467573703703,10019.207573703703,10050.0,293.328684,0.0
A_base,2025-12-21,2025-12-21,21,2025-12-21 03:30:00,2025-12-21 03:40:00,0.4353,4220.4858,0.0,3859.3277,0.0,643.2212833333333,0.0,643.2212833333333,base,base,28,,643.2212833333333,0.0,60.19301666666672,0.0,0.0,10019.207573703703,9952.326444074073,10050.0,279.994224635,0.0
A_base,2025-12-21,2025-12-21,22,2025-12-21 03:40:00,2025-12-21 03:50:00,0.436,4423.9257,0.0,3801.431,0.0,633.5718333333333,0.0,633.5718333333333,base,base,28,,633.5718333333333,0.0,103.74911666666662,0.0,0.0,9952.326444074073,9837.049647777776,10050.0,276.23731933333335,0.0
A_base,2025-12-21,2025-12-21,23,2025-12-21 03:50:00,2025-12-21 04:00:00,0.4378,4079.15,0.0,3946.69,0.0,657.7816666666666,0.0,657.7816666666666,base,base,28,,657.7816666666666,0.0,22.07666666666671,0.0,0.0,9837.049647777776,9812.520018148147,10050.0,287.97681366666666,0.0
A_base,2025-12-21,2025-12-21,24,2025-12-21 04:00:00,2025-12-21 04:10:00,0.4401,4038.9424,0.0,3984.0426,0.0,664.0071,0.0,664.0071,base,base,28,,664.0071,0.0,9.149966666666614,0.0,0.0,9812.520018148147,9802.353388518517,10050.0,292.22952471,0.0
A_base,2025-12-21,2025-12-21,25,2025-12-21 04:10:00,2025-12-21 04:20:00,0.4389,4082.3954,0.0,4043.9085,0.0,673.98475,0.0,673.98475,base,base,28,,673.98475,0.0,6.414483333333351,0.0,0.0,9802.353388518517,9795.226184814814,10050.0,295.811906775,0.0
A_base,2025-12-21,2025-12-21,26,2025-12-21 04:20:00,2025-12-21 04:30:00,0.4364,4064.87,0.0,4208.34,0.0,701.39,0.0,701.39,base,base,28,,701.39,23.911666666666747,0.0,0.0,0.0,9795.226184814814,9816.746684814814,10050.0,306.086596,0.0
A_base,2025-12-21,2025-12-21,27,2025-12-21 04:30:00,2025-12-21 04:40:00,0.4393,4121.8784,0.0,4361.7707,0.0,726.9617833333333,0.0,726.9617833333333,base,base,28,,726.9617833333333,39.98205000000007,0.0,0.0,0.0,9816.746684814814,9852.730529814815,10050.0,319.35431141833334,0.0
A_base,2025-12-21,2025-12-21,28,2025-12-21 04:40:00,2025-12-21 04:50:00,0.4422,4083.6154,0.0,4272.1393,0.0,712.0232166666666,0.0,712.0232166666666,base,base,28,,712.0232166666666,31.42064999999991,0.0,0.0,0.0,9852.730529814815,9881.009114814815,10050.0,314.85666640999995,0.0
A_base,2025-12-21,2025-12-21,29,2025-12-21 04:50:00,2025-12-21 05:00:00,0.4395,4032.31,0.0,4064.68,0.0,677.4466666666666,0.0,677.4466666666666,base,base,28,,677.4466666666666,5.394999999999982,0.0,0.0,0.0,9881.009114814815,9885.864614814815,10050.0,297.73780999999997,0.0
A_base,2025-12-21,2025-12-21,30,2025-12-21 05:00:00,2025-12-21 05:10:00,0.4333,4217.9422,0.0023,4095.3383,0.002,682.5560499999999,0.0,682.5560499999999,base,base,28,,682.5560499999999,0.0,20.43393333333347,0.0,0.0,9885.864614814815,9863.160244444443,10050.0,295.75153646499996,0.0
A_base,2025-12-21,2025-12-21,31,2025-12-21 05:10:00,2025-12-21 05:20:00,0.4439,4253.2484,0.0,4118.0415,0.0,686.34025,0.0,686.34025,base,base,28,,686.34025,0.0,22.534483333333355,0.0,0.0,9863.160244444443,9838.12192962963,10050.0,304.666436975,0.0
A_base,2025-12-21,2025-12-21,32,2025-12-21 05:20:00,2025-12-21 05:30:00,0.4301,4066.58,0.0,4041.16,0.0,673.5266666666666,0.0,673.5266666666666,base,base,28,,673.5266666666666,0.0,4.236666666666679,0.0,0.0,9838.12192962963,9833.414522222221,10050.0,289.6838193333333,0.0
A_base,2025-12-21,2025-12-21,33,2025-12-21 05:30:00,2025-12-21 05:40:00,0.3713,4077.7781,0.0316,4101.2526,0.0285,683.5373499999998,0.0,683.5373499999998,base,base,28,,1516.870683333333,833.3333333333333,0.0,0.0,3.9129333333331715,9833.414522222221,10583.414522222221,10800.0,563.2140847216666,0.0
A_base,2025-12-21,2025-12-21,34,2025-12-21 05:40:00,2025-12-21 05:50:00,0.5708,4717.7146,0.0,4586.0753,0.0,764.3458833333334,0.0,764.3458833333334,base,base,28,,764.3458833333334,0.0,21.939883333333228,0.0,0.0,10583.414522222221,10559.036874074074,10800.0,436.2886302066667,0.0
A_base,2025-12-21,2025-12-21,35,2025-12-21 05:50:00,2025-12-21 06:00:00,0.9099,5490.65,0.0,5227.27,0.0,871.2116666666667,0.0,871.2116666666667,base,base,28,,871.2116666666667,0.0,43.89666666666653,0.0,0.0,10559.036874074074,10510.2628,10800.0,792.7154955000001,0.0
A_base,2025-12-21,2025-12-21,36,2025-12-21 06:00:00,2025-12-21 06:10:00,0.9368,5439.318,0.4406,5402.0967,0.3963,900.2833999999999,0.0,900.2833999999999,base,base,28,,225.28339999999992,0.0,681.1961666666667,0.0,0.0,10510.2628,9753.378170370372,10050.0,211.0454891199999,0.0
A_base,2025-12-21,2025-12-21,37,2025-12-21 06:10:00,2025-12-21 06:20:00,0.8758,5407.8325,0.0,5325.5478,0.0,887.5913,0.0,887.5913,base,base,28,,887.5913,0.0,13.714116666666655,0.0,0.0,9753.378170370372,9738.140262962965,10050.0,777.35246054,0.0
A_base,2025-12-21,2025-12-21,38,2025-12-21 06:20:00,2025-12-21 06:30:00,0.8759,5587.05,0.0,5273.41,0.0,878.9016666666666,0.0,878.9016666666666,base,base,28,,878.9016666666666,0.0,52.27333333333331,0.0,0.0,9738.140262962965,9680.058781481483,10050.0,769.8299698333333,0.0
A_base,2025-12-21,2025-12-21,39,2025-12-21 06:30:00,2025-12-21 06:40:00,0.8601,5351.2866,6.1366,5332.3028,5.5202,887.7971,0.0,887.7971,base,base,28,,887.7971,0.0,3.061233333333348,0.0,0.0,9680.058781481483,9676.657411111111,10050.0,763.59428571,0.0
A_base,2025-12-21,2025-12-21,40,2025-12-21 06:40:00,2025-12-21 06:50:00,0.8442,5233.249,0.0,5448.9625,0.0,908.1604166666666,0.0,908.1604166666666,base,base,28,,908.1604166666666,35.95225000000005,0.0,0.0,0.0,9676.657411111111,9709.01443611111,10050.0,766.66902375,0.0
A_base,2025-12-21,2025-12-21,41,2025-12-21 06:50:00,2025-12-21 07:00:00,0.8334,5374.2,0.0,5477.09,0.0,912.8483333333334,0.0,912.8483333333334,base,base,28,,912.8483333333334,17.148333333333426,0.0,0.0,0.0,9709.01443611111,9724.44793611111,10050.0,760.7678010000001,0.0
A_base,2025-12-21,2025-12-21,42,2025-12-21 07:00:00,2025-12-21 07:10:00,0.8092,5360.7841,172.6829,5311.6794,154.8087,859.4784500000001,0.0,859.4784500000001,base,base,28,,859.4784500000001,0.0,5.2050833333332776,0.0,0.0,9724.44793611111,9718.664510185185,10050.0,695.4899617400001,0.0
A_base,2025-12-21,2025-12-21,43,2025-12-21 07:10:00,2025-12-21 07:20:00,0.7972,5321.3096,420.0356,5235.8538,373.5954,810.3763999999999,0.0,810.3763999999999,base,base,28,,810.3763999999999,0.0,6.5026000000000295,0.0,0.0,9718.664510185185,9711.439399074074,10050.0,646.0320660799999,0.0
A_base,2025-12-21,2025-12-21,44,2025-12-21 07:20:00,2025-12-21 07:30:00,0.7644,5231.72,690.675,5263.95,606.525,776.2375,0.0,776.2375,base,base,28,,776.2375,19.396666666666647,0.0,0.0,0.0,9711.439399074074,9728.896399074074,10050.0,593.3559449999999,0.0
A_base,2025-12-21,2025-12-21,45,2025-12-21 07:30:00,2025-12-21 07:40:00,0.6899,5065.8847,996.7377,5254.4509,867.132,731.2198166666667,0.0,731.2198166666667,base,base,28,,1564.55315,833.3333333333333,0.0,0.0,53.0286500000002,9728.896399074074,10478.896399074074,10800.0,1079.385218185,0.0
A_base,2025-12-21,2025-12-21,46,2025-12-21 07:40:00,2025-12-21 07:50:00,0.86,5889.1246,1276.7125,5860.266,1127.5925,788.7789166666666,0.0,788.7789166666666,base,base,28,,788.7789166666666,20.04356666666672,0.0,0.0,0.0,10478.896399074074,10496.935609074075,10800.0,678.3498683333333,0.0
A_base,2025-12-21,2025-12-21,47,2025-12-21 07:50:00,2025-12-21 08:00:00,1.1617,7180.79,1539.8625,6843.61,1391.4,908.7016666666665,0.0,908.7016666666665,base,base,28,,75.36833333333323,0.0,833.3333333333333,31.452916666666738,0.0,10496.935609074075,9571.00968314815,9874.074074074075,87.5553928333332,182.69426645833374
A_base,2025-12-21,2025-12-21,48,2025-12-21 08:00:00,2025-12-21 08:10:00,1.1683,7254.351,1860.1541,7193.4429,1682.7674,918.4459166666667,0.0,918.4459166666667,base,base,28,,85.11258333333342,0.0,813.9202333333332,0.0,0.0,9571.00968314815,8666.653868333335,8948.14814814815,99.43703110833343,0.0
A_base,2025-12-21,2025-12-21,49,2025-12-21 08:10:00,2025-12-21 08:20:00,1.0956,7152.8955,2211.6206,7169.2307,1942.6551,871.0959333333333,0.0,871.0959333333333,base,base,28,,37.76260000000002,0.0,785.7832166666665,0.0,0.0,8666.653868333335,7793.561405370372,8022.2222222222235,41.37270456000002,0.0
A_base,2025-12-21,2025-12-21,50,2025-12-21 08:20:00,2025-12-21 08:30:00,1.0849,7367.01,2579.625,7137.33,2176.275,826.8425,0.0,826.8425,base,base,28,,0.0,0.0,797.8975,0.0,0.0,7793.561405370372,6907.008627592594,7103.508333333335,0.0,0.0
A_base,2025-12-21,2025-12-21,51,2025-12-21 08:30:00,2025-12-21 08:40:00,1.061,7333.1326,2953.1787,7192.1147,2447.0445,790.8450333333333,0.0,790.8450333333333,base,base,28,,0.0,0.0,729.9923166666667,0.0,0.0,6907.008627592594,6095.90605351852,6224.791629629632,0.0,0.0
A_base,2025-12-21,2025-12-21,52,2025-12-21 08:40:00,2025-12-21 08:50:00,1.043,7276.0603,3195.6035,7234.7979,2711.8548,753.8238499999999,0.0,753.8238499999999,base,base,28,,0.0,0.0,680.0761333333332,0.0,0.0,6095.90605351852,5340.265905370372,5387.209574074076,0.0,0.0
A_base,2025-12-21,2025-12-21,53,2025-12-21 08:50:00,2025-12-21 09:00:00,1.036,7255.65,3341.5875,7206.45,2963.2125,707.2062499999998,0.0,707.2062499999998,base,base,28,,0.0,0.0,652.3437499999999,0.0,0.0,5340.265905370372,4615.439516481483,4601.424851851854,0.0,0.0
A_base,2025-12-21,2025-12-21,54,2025-12-21 09:00:00,2025-12-21 09:10:00,1.0147,7076.8086,3572.7867,7154.2553,3236.2485,653.0011333333332,0.0,653.0011333333332,base,base,28,,0.0,0.0,584.00365,0.0,0.0,4615.439516481483,3966.546572037039,3875.8680370370394,0.0,0.0
A_base,2025-12-21,2025-12-21,55,2025-12-21 09:10:00,2025-12-21 09:20:00,0.9922,7014.1683,3848.0561,7197.8707,3485.5191,618.7252666666667,0.0,618.7252666666667,base,base,28,,0.0,0.0,527.6853666666667,0.0,0.0,3966.546572037039,3380.229497962965,3188.395518518521,0.0,0.0
A_base,2025-12-21,2025-12-21,56,2025-12-21 09:20:00,2025-12-21 09:30:00,0.97,7150.59,4116.6,7265.28,3682.8375,597.0737499999999,0.0,597.0737499999999,base,base,28,,0.0,0.0,505.66499999999996,0.0,0.0,3380.229497962965,2818.379497962965,2524.9802407407433,0.0,0.0
A_base,2025-12-21,2025-12-21,57,2025-12-21 09:30:00,2025-12-21 09:40:00,0.9422,7259.4501,4370.6969,7159.0986,3870.6809,548.0696166666667,0.0,548.0696166666667,base,base,28,,548.0696166666667,66.61075,0.0,0.0,0.0,2818.379497962965,2878.329172962965,2524.9802407407433,516.3911928233333,0.0
A_base,2025-12-21,2025-12-21,58,2025-12-21 09:40:00,2025-12-21 09:50:00,0.9569,7142.682,4583.0793,7013.0091,4209.5459,467.2438666666667,0.0,467.2438666666667,base,base,28,,467.2438666666667,40.64341666666678,0.0,0.0,0.0,2878.329172962965,2914.908247962965,2524.9802407407433,447.1056560133333,0.0
A_base,2025-12-21,2025-12-21,59,2025-12-21 09:50:00,2025-12-21 10:00:00,0.9977,6912.23,4750.3875,6980.68,4610.2125,395.07791666666674,0.0,395.07791666666674,base,base,28,,0.0,0.0,360.30708333333325,0.0,0.0,2914.908247962965,2514.5670442592614,2086.0047777777804,0.0,0.0
A_base,2025-12-21,2025-12-21,60,2025-12-21 10:00:00,2025-12-21 10:10:00,0.9919,6873.3728,4886.2111,7094.7959,4852.7288,373.67785000000003,0.0,373.67785000000003,base,base,28,,0.0,0.0,331.19361666666657,0.0,0.0,2514.5670442592614,2146.574136851854,1670.8071666666692,0.0,0.0
A_base,2025-12-21,2025-12-21,61,2025-12-21 10:10:00,2025-12-21 10:20:00,0.9588,6913.1885,4956.6279,7168.5149,5281.359,314.5259833333333,0.0,314.5259833333333,base,base,28,,75.0329499999977,0.0,251.06048333333558,0.0,0.0,2146.574136851854,1867.6180442592588,1404.7037962962963,71.94159245999779,0.0
A_base,2025-12-21,2025-12-21,62,2025-12-21 10:20:00,2025-12-21 10:30:00,0.9549,6951.47,4960.7625,7054.17,5746.0125,218.02625000000003,0.0,218.02625000000003,base,base,28,,218.02625000000003,0.0,113.75833333333335,0.0,0.0,1867.6180442592588,1741.2198961111105,1404.7037962962963,208.19326612500004,0.0
A_base,2025-12-21,2025-12-21,63,2025-12-21 10:30:00,2025-12-21 10:40:00,0.9839,7040.6919,4946.2149,6816.159,5710.7585,184.2334166666666,0.0,184.2334166666666,base,base,28,,0.0,0.0,349.07949999999994,0.0,0.0,1741.2198961111105,1353.3537849999996,1200.0,0.0,0.0
A_base,2025-12-21,2025-12-21,64,2025-12-21 10:40:00,2025-12-21 10:50:00,0.799,7195.1724,4968.8079,6956.2799,5630.2118,221.01135000000005,0.0,221.01135000000005,base,base,28,,221.01135000000005,0.0,138.0184064999996,12.030993500000449,0.0,1353.3537849999996,1200.0,1200.0,176.58806865000005,48.0638190325018
A_base,2025-12-21,2025-12-21,65,2025-12-21 10:50:00,2025-12-21 11:00:00,0.5025,7266.62,4979.2125,7231.77,5759.025,245.45750000000012,0.0,245.45750000000012,base,base,28,,1078.7908333333335,697.5562500000001,0.0,0.0,0.0,1200.0,1827.800625,1950.0,542.09239375,0.0
A_base,2025-12-21,2025-12-21,66,2025-12-21 11:00:00,2025-12-21 11:10:00,0.4662,7080.5804,4907.9946,6895.6312,5911.9944,163.9394666666667,0.0,163.9394666666667,base,base,28,,997.2728,635.1751666666667,0.0,0.0,0.0,1827.800625,2399.458275,2700.0,464.92857935999996,0.0
A_base,2025-12-21,2025-12-21,67,2025-12-21 11:10:00,2025-12-21 11:20:00,0.5007,6948.6094,5015.1025,6569.4148,5966.7895,100.43754999999994,0.0,100.43754999999994,base,base,28,,933.7708833333332,611.5197333333332,0.0,0.0,0.0,2399.458275,2949.826035,3450.0,467.539081285,0.0
A_base,2025-12-21,2025-12-21,68,2025-12-21 11:20:00,2025-12-21 11:30:00,0.4827,6954.16,5256.3375,6633.54,5909.1375,120.73375000000001,0.0,120.73375000000001,base,base,28,,954.0670833333332,671.0966666666666,0.0,0.0,0.0,2949.826035,3553.813035,4200.0,460.52818112499995,0.0
A_base,2025-12-21,2025-12-21,69,2025-12-21 11:30:00,2025-12-21 11:40:00,0.4785,6860.0706,5348.0182,6836.8731,5820.8581,169.33583333333323,0.0,169.33583333333323,base,base,28,,1002.6691666666665,750.6604333333332,0.0,0.0,0.0,3553.813035,4229.407425,4950.0,479.77719624999986,0.0
A_base,2025-12-21,2025-12-21,70,2025-12-21 11:40:00,2025-12-21 11:50:00,0.4662,6565.9337,5577.6892,6790.7755,5813.7308,162.84078333333323,0.0,162.84078333333323,base,base,28,,996.1741166666665,831.4666999999998,0.0,0.0,0.0,4229.407425,4977.727455,5700.0,464.4163731899999,0.0
A_base,2025-12-21,2025-12-21,71,2025-12-21 11:50:00,2025-12-21 12:00:00,0.4432,6330.9,5890.8,6491.37,5891.5875,99.96375000000003,0.0,99.96375000000003,base,base,28,,933.2970833333333,833.3333333333333,0.0,0.0,26.613750000000095,4977.727455,5727.727455,6450.0,413.6372673333333,0.0
A_base,2025-12-21,2025-12-21,72,2025-12-21 12:00:00,2025-12-21 12:10:00,0.4411,6501.863,5904.8948,6294.9218,5973.4043,53.586249999999986,0.0,53.586249999999986,base,base,28,,886.9195833333332,787.4248833333331,0.0,0.0,0.0,5727.727455,6436.40985,7200.0,391.22022820833325,0.0
A_base,2025-12-21,2025-12-21,73,2025-12-21 12:10:00,2025-12-21 12:20:00,0.4551,6520.3344,5868.1645,6333.9076,6089.1559,40.791949999999964,0.0,40.791949999999964,base,base,28,,874.1252833333332,765.4302999999999,0.0,0.0,0.0,6436.40985,7125.29712,7950.0,397.81441644499995,0.0
A_base,2025-12-21,2025-12-21,74,2025-12-21 12:20:00,2025-12-21 12:30:00,0.4463,6273.31,5864.7,6365.04,6127.4625,39.596250000000055,0.0,39.596250000000055,base,base,28,,872.9295833333333,804.8279166666665,0.0,0.0,0.0,7125.29712,7849.642245,8700.0,389.58847304166665,0.0
A_base,2025-12-21,2025-12-21,75,2025-12-21 12:30:00,2025-12-21 12:40:00,0.4113,6234.7567,5722.7661,6091.6909,5920.7826,28.484716666666674,0.0,28.484716666666674,base,base,28,,861.81805,776.4862833333333,0.0,0.0,0.0,7849.642245,8548.4799,9450.0,354.465763965,0.0
A_base,2025-12-21,2025-12-21,76,2025-12-21 12:40:00,2025-12-21 12:50:00,0.5682,6512.763,5549.8704,6220.5541,5742.7536,79.6334166666667,0.0,79.6334166666667,base,base,28,,912.9667499999999,752.4846499999999,0.0,0.0,0.0,8548.4799,9225.716085,10200.0,518.74770735,0.0
A_base,2025-12-21,2025-12-21,77,2025-12-21 12:50:00,2025-12-21 13:00:00,0.8279,6836.44,5390.4375,6701.4,5623.725,179.61249999999987,0.0,179.61249999999987,base,base,28,,179.61249999999987,0.0,61.38791666666671,0.0,0.0,9225.716085,9157.507288703704,10200.0,148.7011887499999,0.0
A_base,2025-12-21,2025-12-21,78,2025-12-21 13:00:00,2025-12-21 13:10:00,0.8636,6797.3346,5211.4597,6744.871,5343.815,233.50933333333342,0.0,233.50933333333342,base,base,28,,233.50933333333342,0.0,30.803149999999846,0.0,0.0,9157.507288703704,9123.281566481483,10200.0,201.65866026666674,0.0
A_base,2025-12-21,2025-12-21,79,2025-12-21 13:10:00,2025-12-21 13:20:00,0.8416,6554.3856,5202.0686,6634.9633,5094.9115,256.6753,0.0,256.6753,base,base,28,,256.6753,31.289133333333325,0.0,0.0,0.0,9123.281566481483,9151.441786481482,10200.0,216.01793247999998,0.0
A_base,2025-12-21,2025-12-21,80,2025-12-21 13:20:00,2025-12-21 13:30:00,0.8618,6350.08,5287.95,6593.66,4968.1875,270.91208333333327,0.0,270.91208333333327,base,base,28,,270.91208333333327,93.8904166666666,0.0,0.0,0.0,9151.441786481482,9235.943161481482,10200.0,233.47203341666662,0.0
A_base,2025-12-21,2025-12-21,81,2025-12-21 13:30:00,2025-12-21 13:40:00,0.8623,6333.408,5178.3498,6524.9679,4861.622,277.22431666666654,0.0,277.22431666666654,base,base,28,,277.22431666666654,84.71461666666647,0.0,0.0,0.0,9235.943161481482,9312.186316481482,10200.0,239.05052826166656,0.0
A_base,2025-12-21,2025-12-21,82,2025-12-21 13:40:00,2025-12-21 13:50:00,0.9026,6515.4464,4993.7017,6428.5754,4729.9833,283.09868333333327,0.0,283.09868333333327,base,base,28,,283.09868333333327,29.47456666666659,0.0,0.0,0.0,9312.186316481482,9338.713426481481,10200.0,255.52487157666658,0.0
A_base,2025-12-21,2025-12-21,83,2025-12-21 13:50:00,2025-12-21 14:00:00,0.9754,6658.81,4847.5125,6371.24,4528.9125,307.0545833333332,0.0,307.0545833333332,base,base,28,,0.0,0.0,301.88291666666674,0.0,0.0,9338.713426481481,9003.287963518518,9858.82824074074,0.0,0.0
A_base,2025-12-21,2025-12-21,84,2025-12-21 14:00:00,2025-12-21 14:10:00,1.0002,6474.7834,4705.4039,6434.9471,4241.2745,365.61209999999994,0.0,365.61209999999994,base,base,28,,0.0,0.0,294.8965833333333,0.0,0.0,9003.287963518518,8675.625093148148,9452.592574074073,0.0,0.0
A_base,2025-12-21,2025-12-21,85,2025-12-21 14:10:00,2025-12-21 14:20:00,0.9978,6311.1097,4404.8152,6598.029,4012.9491,430.84665000000007,0.0,430.84665000000007,base,base,28,,0.0,0.0,317.71574999999996,0.0,0.0,8675.625093148148,8322.607593148148,8973.874074074072,0.0,0.0
A_base,2025-12-21,2025-12-21,86,2025-12-21 14:20:00,2025-12-21 14:30:00,1.0271,6293.57,3988.3875,6653.62,3841.8375,468.63041666666663,0.0,468.63041666666663,base,base,28,,0.0,0.0,384.1970833333333,0.0,0.0,8322.607593148148,7895.721945,8453.17361111111,0.0,0.0
A_base,2025-12-21,2025-12-21,87,2025-12-21 14:30:00,2025-12-21 14:40:00,1.0906,6241.0875,3658.7815,6413.1096,3600.3157,468.79898333333324,0.0,468.79898333333324,base,base,28,,0.0,0.0,430.38433333333325,0.0,0.0,7895.721945,7417.517130185185,7932.285851851851,0.0,0.0
A_base,2025-12-21,2025-12-21,88,2025-12-21 14:40:00,2025-12-21 14:50:00,0.9376,6267.633,3321.4365,6368.7625,3406.0952,493.77788333333325,0.0,493.77788333333325,base,base,28,,0.0,0.0,491.03274999999996,0.0,0.0,7417.517130185185,6871.925185740741,7383.643759259258,0.0,0.0
A_base,2025-12-21,2025-12-21,89,2025-12-21 14:50:00,2025-12-21 15:00:00,0.6694,6308.83,2957.5875,6558.06,3254.2875,550.6287500000001,0.0,550.6287500000001,base,base,28,,1383.9620833333333,825.4216666666667,0.0,0.0,0.0,6871.925185740741,7614.804685740741,8133.643759259258,926.4242185833333,0.0
A_base,2025-12-21,2025-12-21,90,2025-12-21 15:00:00,2025-12-21 15:10:00,0.66,6184.3165,2665.595,6527.0274,3001.2809,587.6244166666665,0.0,587.6244166666665,base,base,28,,1420.9577499999998,833.3333333333333,0.0,0.0,1.1708333333332348,7614.804685740741,8364.80468574074,8883.64375925926,937.8321149999999,0.0
A_base,2025-12-21,2025-12-21,91,2025-12-21 15:10:00,2025-12-21 15:20:00,0.7217,6249.441,2404.6045,6364.202,2691.9936,612.0347333333334,0.0,612.0347333333334,base,base,28,,1445.3680666666667,804.5619833333334,0.0,0.0,0.0,8364.80468574074,9088.91047074074,9633.64375925926,1043.1221337133334,0.0
A_base,2025-12-21,2025-12-21,92,2025-12-21 15:20:00,2025-12-21 15:30:00,0.7308,6412.99,2166.8625,6331.14,2406.45,654.115,0.0,654.115,base,base,28,,1487.4483333333333,779.7604166666667,0.0,0.0,0.0,9088.91047074074,9790.69484574074,10383.64375925926,1087.027242,0.0
A_base,2025-12-21,2025-12-21,93,2025-12-21 15:30:00,2025-12-21 15:40:00,0.7534,6229.2355,1977.0681,6556.5547,2180.4541,729.3500999999999,0.0,729.3500999999999,base,base,28,,1191.9681452674895,483.2735786008228,0.0,0.0,0.0,9790.69484574074,10225.641066481481,10800.0,898.0288006445265,0.0
A_base,2025-12-21,2025-12-21,94,2025-12-21 15:40:00,2025-12-21 15:50:00,0.7823,6140.1248,1719.0539,6541.9728,1933.1371,768.1392833333332,0.0,768.1392833333332,base,base,28,,768.1392833333332,31.29413333333332,0.0,0.0,0.0,10225.641066481481,10253.805786481482,10800.0,600.9153613516665,0.0
A_base,2025-12-21,2025-12-21,95,2025-12-21 15:50:00,2025-12-21 16:00:00,0.8055,6190.42,1414.8375,6227.88,1643.9625,763.9862499999999,0.0,763.9862499999999,base,base,28,,763.9862499999999,0.0,31.944166666666774,0.0,0.0,10253.805786481482,10218.312267962963,10800.0,615.3909243749999,0.0
A_base,2025-12-21,2025-12-21,96,2025-12-21 16:00:00,2025-12-21 16:10:00,0.8271,6007.344,1199.0528,6048.8829,1362.8216,781.0102166666666,0.0,781.0102166666666,base,base,28,,781.0102166666666,0.0,20.371650000000045,0.0,0.0,10218.312267962963,10195.677101296296,10800.0,645.9735502049999,0.0
A_base,2025-12-21,2025-12-21,97,2025-12-21 16:10:00,2025-12-21 16:20:00,0.8519,6021.8302,965.9713,6034.5319,1065.7366,828.1325499999999,0.0,828.1325499999999,base,base,28,,828.1325499999999,0.0,14.510600000000068,0.0,0.0,10195.677101296296,10179.554212407407,10800.0,705.4861193449999,0.0
A_base,2025-12-21,2025-12-21,98,2025-12-21 16:20:00,2025-12-21 16:30:00,0.8791,6231.28,680.625,6170.79,750.375,903.4024999999999,0.0,903.4024999999999,base,base,28,,903.4024999999999,0.0,21.706666666666706,0.0,0.0,10179.554212407407,10155.435693888889,10800.0,794.18113775,0.0
A_base,2025-12-21,2025-12-21,99,2025-12-21 16:30:00,2025-12-21 16:40:00,0.9024,6177.7882,419.0314,6408.9188,450.0255,993.1488833333334,0.0,993.1488833333334,base,base,28,,993.1488833333334,33.35608333333346,0.0,0.0,0.0,10155.435693888889,10185.456168888888,10800.0,896.2175523200001,0.0
A_base,2025-12-21,2025-12-21,100,2025-12-21 16:40:00,2025-12-21 16:50:00,0.9163,6130.9976,173.8125,6333.2123,178.5296,1025.78045,0.0,1025.78045,base,base,28,,1025.78045,32.91626666666673,0.0,0.0,0.0,10185.456168888888,10215.080808888888,10800.0,939.922626335,0.0
A_base,2025-12-21,2025-12-21,101,2025-12-21 16:50:00,2025-12-21 17:00:00,0.9264,6172.78,0.0,6089.53,0.0,1014.9216666666666,0.0,1014.9216666666666,base,base,28,,1014.9216666666666,0.0,13.875,0.0,0.0,10215.080808888888,10199.664142222222,10800.0,940.223432,0.0
A_base,2025-12-21,2025-12-21,102,2025-12-21 17:00:00,2025-12-21 17:10:00,0.9462,6112.1742,0.0,6226.7838,0.0,1037.7973,0.0,1037.7973,base,base,28,,1037.7973,19.101599999999962,0.0,0.0,0.0,10199.664142222222,10216.855582222222,10800.0,981.96380526,0.0
A_base,2025-12-21,2025-12-21,103,2025-12-21 17:10:00,2025-12-21 17:20:00,0.9742,6160.7027,6.2009,6316.685,6.2357,1051.74155,0.0,1051.74155,base,base,28,,1051.74155,25.991250000000036,0.0,0.0,0.0,10216.855582222222,10240.247707222223,10800.0,1024.60661801,0.0
A_base,2025-12-21,2025-12-21,104,2025-12-21 17:20:00,2025-12-21 17:30:00,0.9862,6338.77,0.0,6285.57,0.0,1047.5949999999998,0.0,1047.5949999999998,base,base,28,,1047.5949999999998,0.0,8.866666666666788,0.0,0.0,10240.247707222223,10230.39585537037,10800.0,1033.1381889999998,0.0
A_base,2025-12-21,2025-12-21,105,2025-12-21 17:30:00,2025-12-21 17:40:00,0.976,6290.0948,0.0,6346.6991,0.0,1057.7831833333332,0.0,1057.7831833333332,base,base,28,,1057.7831833333332,9.43405000000007,0.0,0.0,0.0,10230.39585537037,10238.88650037037,10800.0,1032.3963869333331,0.0
A_base,2025-12-21,2025-12-21,106,2025-12-21 17:40:00,2025-12-21 17:50:00,1.0742,5392.9058,0.4452,5515.747,0.4477,919.2165500000001,0.0,919.2165500000001,base,base,28,,919.2165500000001,20.473116666666783,0.0,0.0,0.0,10238.88650037037,10257.312305370371,10800.0,987.4224180100001,0.0
A_base,2025-12-21,2025-12-21,107,2025-12-21 17:50:00,2025-12-21 18:00:00,1.2313,4275.8,0.0,4303.33,0.0,717.2216666666666,0.0,717.2216666666666,base,base,28,,717.2216666666666,4.588333333333253,0.0,0.0,0.0,10257.312305370371,10261.44180537037,10800.0,883.1150381666666,0.0
A_base,2025-12-21,2025-12-21,108,2025-12-21 18:00:00,2025-12-21 18:10:00,1.2561,4292.4867,0.0,4324.9496,0.0,720.8249333333333,0.0,720.8249333333333,base,base,28,,720.8249333333333,5.410483333333332,0.0,0.0,0.0,10261.44180537037,10266.31124037037,10800.0,905.42819876,0.0
A_base,2025-12-21,2025-12-21,109,2025-12-21 18:10:00,2025-12-21 18:20:00,1.2447,4489.6396,0.032,4468.0789,0.0321,744.6744666666666,0.0,744.6744666666666,base,base,28,,744.6744666666666,0.0,3.5934666666667,0.0,0.0,10266.31124037037,10262.31849962963,10800.0,926.8963086599998,0.0
A_base,2025-12-21,2025-12-21,110,2025-12-21 18:20:00,2025-12-21 18:30:00,1.2545,4380.05,0.0,4202.04,0.0,700.3399999999999,0.0,700.3399999999999,base,base,28,,700.3399999999999,0.0,29.668333333333408,0.0,0.0,10262.31849962963,10229.353684814814,10800.0,878.5765299999998,0.0
A_base,2025-12-21,2025-12-21,111,2025-12-21 18:30:00,2025-12-21 18:40:00,1.2522,4406.0663,0.0,4124.9898,0.0,687.4983,0.0,687.4983,base,base,28,,687.4983,0.0,46.846083333333354,0.0,0.0,10229.353684814814,10177.30248111111,10800.0,860.8853712599999,0.0
A_base,2025-12-21,2025-12-21,112,2025-12-21 18:40:00,2025-12-21 18:50:00,1.2881,4500.5016,0.0023,4217.5756,0.0023,702.9288833333333,0.0,702.9288833333333,base,base,28,,110.61005000000102,0.0,639.4731666666655,0.0,0.0,10177.30248111111,9466.776740370371,10141.867962962964,142.47680540500133,0.0
A_base,2025-12-21,2025-12-21,113,2025-12-21 18:50:00,2025-12-21 19:00:00,1.3466,4490.76,0.0,4331.65,0.0,721.9416666666666,0.0,721.9416666666666,base,base,28,,0.0,0.0,748.46,0.0,0.0,9466.776740370371,8635.154518148149,9339.710555555557,0.0,0.0
A_base,2025-12-21,2025-12-21,114,2025-12-21 19:00:00,2025-12-21 19:10:00,1.3523,4334.8994,0.0,4392.2898,0.0,732.0482999999999,0.0,732.0482999999999,base,base,28,,0.0,0.0,722.4832333333334,0.0,0.0,8635.154518148149,7832.39537,8526.323555555557,0.0,0.0
A_base,2025-12-21,2025-12-21,115,2025-12-21 19:10:00,2025-12-21 19:20:00,1.3445,4356.9931,0.0,4452.6765,0.0,742.1127499999999,0.0,742.1127499999999,base,base,28,,0.0,0.0,726.1655166666666,0.0,0.0,7832.39537,7025.544795925926,7701.753833333334,0.0,0.0
A_base,2025-12-21,2025-12-21,116,2025-12-21 19:20:00,2025-12-21 19:30:00,1.3483,4466.59,0.0,4460.15,0.0,743.3583333333332,0.0,743.3583333333332,base,base,28,,0.0,0.0,744.4316666666666,0.0,0.0,7025.544795925926,6198.39849962963,6875.800129629631,0.0,0.0
A_base,2025-12-21,2025-12-21,117,2025-12-21 19:30:00,2025-12-21 19:40:00,1.349,4301.5722,0.0,4319.3481,0.0,719.89135,0.0,719.89135,base,base,28,,0.0,0.0,716.9286999999999,0.0,0.0,6198.39849962963,5401.811055185186,6075.920851851853,0.0,0.0
A_base,2025-12-21,2025-12-21,118,2025-12-21 19:40:00,2025-12-21 19:50:00,1.3473,4398.717,0.0,4300.7541,0.0,716.7923499999999,0.0,716.7923499999999,base,base,28,,0.0,0.0,733.1194999999999,0.0,0.0,5401.811055185186,4587.233832962964,5279.484907407408,0.0,0.0
A_base,2025-12-21,2025-12-21,119,2025-12-21 19:50:00,2025-12-21 20:00:00,1.3482,4681.61,0.0,4470.43,0.0,745.0716666666667,0.0,745.0716666666667,base,base,28,,0.0,0.0,780.2683333333332,0.0,0.0,4587.233832962964,3720.2690181481494,4451.6275000000005,0.0,0.0
A_base,2025-12-21,2025-12-21,120,2025-12-21 20:00:00,2025-12-21 20:10:00,1.3513,4485.5154,0.0,4598.7249,0.0,766.45415,0.0,766.45415,base,base,28,,0.0,0.0,747.5859,0.0,0.0,3720.2690181481494,2889.6180181481495,3600.0117777777778,0.0,0.0
A_base,2025-12-21,2025-12-21,121,2025-12-21 20:10:00,2025-12-21 20:20:00,1.34,4156.9026,0.0,4477.4264,0.0,746.2377333333334,0.0,746.2377333333334,base,base,28,,0.0,0.0,692.8171,0.0,0.0,2889.6180181481495,2119.821240370372,2770.858740740741,0.0,0.0
A_base,2025-12-21,2025-12-21,122,2025-12-21 20:20:00,2025-12-21 20:30:00,1.3489,4090.51,0.0,4241.74,0.0,706.9566666666666,0.0,706.9566666666666,base,base,28,,0.0,0.0,681.7516666666667,0.0,0.0,2119.821240370372,1362.31938851852,1985.3513333333335,0.0,0.0
A_base,2025-12-21,2025-12-21,123,2025-12-21 20:30:00,2025-12-21 20:40:00,1.3952,4322.2266,0.0,4240.8972,0.0,706.8162,0.0,706.8162,base,base,28,,0.0,0.0,146.0874496666681,574.2836503333318,0.0,1362.31938851852,1200.0,1200.0,0.0,4006.202744725323
A_base,2025-12-21,2025-12-21,124,2025-12-21 20:40:00,2025-12-21 20:50:00,1.2226,4336.801,0.0,4345.2631,0.0,724.2105166666666,0.0,724.2105166666666,base,base,28,,724.2105166666666,1.410349999999994,0.0,0.0,0.0,1200.0,1201.269315,1200.0,885.4197776766666,0.0
A_base,2025-12-21,2025-12-21,125,2025-12-21 20:50:00,2025-12-21 21:00:00,0.9332,4144.46,0.0,4397.1,0.0,732.85,0.0,732.85,base,base,28,,732.85,42.10666666666668,0.0,0.0,0.0,1201.269315,1239.165315,1200.0,683.89562,0.0
A_base,2025-12-21,2025-12-21,126,2025-12-21 21:00:00,2025-12-21 21:10:00,0.9068,4227.261,0.0,4366.5969,0.0,727.7661499999999,0.0,727.7661499999999,base,base,28,,727.7661499999999,23.22264999999993,0.0,0.0,0.0,1239.165315,1260.0656999999999,1200.0,659.93834482,0.0
A_base,2025-12-21,2025-12-21,127,2025-12-21 21:10:00,2025-12-21 21:20:00,0.9371,4326.9643,0.0,4352.2444,0.0,725.3740666666665,0.0,725.3740666666665,base,base,28,,725.3740666666665,4.213349999999991,0.0,0.0,0.0,1260.0656999999999,1263.8577149999999,1200.0,679.7480378733333,0.0
A_base,2025-12-21,2025-12-21,128,2025-12-21 21:20:00,2025-12-21 21:30:00,0.9371,4357.83,0.0,4432.75,0.0,738.7916666666666,0.0,738.7916666666666,base,base,28,,738.7916666666666,12.486666666666679,0.0,0.0,0.0,1263.8577149999999,1275.095715,1200.0,692.3216708333333,0.0
A_base,2025-12-21,2025-12-21,129,2025-12-21 21:30:00,2025-12-21 21:40:00,0.9871,4437.1142,0.0,4519.7625,0.0,753.2937499999999,0.0,753.2937499999999,base,base,28,,753.2937499999999,13.774716666666677,0.0,0.0,0.0,1275.095715,1287.49296,1200.0,743.5762606249999,0.0
A_base,2025-12-21,2025-12-21,130,2025-12-21 21:40:00,2025-12-21 21:50:00,0.7764,4070.9954,0.0,4098.3811,0.0,683.0635166666666,0.0,683.0635166666666,base,base,28,,683.0635166666666,4.564283333333378,0.0,0.0,0.0,1287.49296,1291.600815,1200.0,530.3305143399999,0.0
A_base,2025-12-21,2025-12-21,131,2025-12-21 21:50:00,2025-12-21 22:00:00,0.4209,3434.4,0.0,3422.17,0.0,570.3616666666667,0.0,570.3616666666667,base,base,28,,1403.695,831.295,0.0,0.0,0.0,1291.600815,2039.7663149999998,1950.0,590.8152255,0.0
A_base,2025-12-21,2025-12-21,132,2025-12-21 22:00:00,2025-12-21 22:10:00,0.3859,3270.5539,0.0,3317.5117,0.0,552.9186166666666,0.0,552.9186166666666,base,base,28,,1386.2519499999999,833.3333333333333,0.0,0.0,7.8262999999999465,2039.7663149999998,2789.766315,2700.0,534.954627505,0.0
A_base,2025-12-21,2025-12-21,133,2025-12-21 22:10:00,2025-12-21 22:20:00,0.4368,3305.0168,0.0,3418.9331,0.0,569.8221833333333,0.0,569.8221833333333,base,base,28,,569.8221833333333,18.98605000000009,0.0,0.0,0.0,2789.766315,2806.85376,2700.0,248.89832968000002,0.0
A_base,2025-12-21,2025-12-21,134,2025-12-21 22:20:00,2025-12-21 22:30:00,0.4198,3255.6,0.0,3395.77,0.0,565.9616666666666,0.0,565.9616666666666,base,base,28,,1399.2949999999998,833.3333333333333,0.0,0.0,23.36166666666668,2806.85376,3556.85376,3450.0,587.424041,0.0
A_base,2025-12-21,2025-12-21,135,2025-12-21 22:30:00,2025-12-21 22:40:00,0.4186,3155.514,0.0,3290.1474,0.0,548.3579,0.0,548.3579,base,base,28,,1381.6912333333332,833.3333333333333,0.0,0.0,22.43889999999999,3556.85376,4306.85376,4200.0,578.3759502733333,0.0
A_base,2025-12-21,2025-12-21,136,2025-12-21 22:40:00,2025-12-21 22:50:00,0.4241,3260.3635,0.0,3259.769,0.0,543.2948333333333,0.0,543.2948333333333,base,base,28,,543.2948333333333,0.0,0.0990833333333967,0.0,0.0,4306.85376,4306.743667407407,4200.0,230.4113388166666,0.0
A_base,2025-12-21,2025-12-21,137,2025-12-21 22:50:00,2025-12-21 23:00:00,0.4237,3508.97,0.0,3349.95,0.0,558.3249999999999,0.0,558.3249999999999,base,base,28,,1391.6583333333333,806.83,0.0,0.0,0.0,4306.743667407407,5032.890667407407,4950.0,589.6456358333334,0.0
A_base,2025-12-21,2025-12-21,138,2025-12-21 23:00:00,2025-12-21 23:10:00,0.4248,3554.7154,0.0,3468.8979,0.0,578.14965,0.0,578.14965,base,base,28,,578.14965,0.0,14.302916666666647,0.0,0.0,5032.890667407407,5016.9985377777775,4950.0,245.59797132,0.0
A_base,2025-12-21,2025-12-21,139,2025-12-21 23:10:00,2025-12-21 23:20:00,0.424,3395.6628,0.0,3527.78,0.0,587.9633333333334,0.0,587.9633333333334,base,base,28,,1421.2966666666666,833.3333333333333,0.0,0.0,22.019533333333356,5016.9985377777775,5766.9985377777775,5700.0,602.6297866666666,0.0
A_base,2025-12-21,2025-12-21,140,2025-12-21 23:20:00,2025-12-21 23:30:00,0.422,3305.59,0.0,3469.79,0.0,578.2983333333333,0.0,578.2983333333333,base,base,28,,1411.6316666666667,833.3333333333333,0.0,0.0,27.366666666666788,5766.9985377777775,6516.9985377777775,6450.0,595.7085633333334,0.0
A_base,2025-12-21,2025-12-21,141,2025-12-21 23:30:00,2025-12-21 23:40:00,0.424,3539.7613,0.0,3342.6141,0.0,557.1023499999999,0.0,557.1023499999999,base,base,28,,588.1333106995794,0.0,1.8269059670872139,0.0,0.0,6516.9985377777775,6514.968642258792,6477.927864629622,249.36852373662165,0.0
A_base,2025-12-21,2025-12-21,142,2025-12-21 23:40:00,2025-12-21 23:50:00,0.4271,3571.991,0.0,3467.4898,0.0,577.9149666666666,0.0,577.9149666666666,base,base,28,,577.9149666666666,0.0,17.416866666666692,0.0,0.0,6514.968642258792,6495.616568184718,6477.927864629622,246.82748226333328,0.0
A_base,2025-12-21,2025-12-21,143,2025-12-21 23:50:00,2025-12-22 00:00:00,0.4276,3464.4,0.0,3657.78,0.0,609.63,0.0,609.63,base,base,28,,609.63,32.23000000000002,0.0,0.0,0.0,6495.616568184718,6524.623568184717,6477.927864629622,260.67778799999996,0.0
