strategy_id,date,issue_time,slot,start_time,end_time,price_yuan_kWh,load_kW,pv_kW,load_forecast_kW,pv_forecast_kW,net_forecast_kWh,residual_adjustment_kWh,protected_net_kWh,theta,theta_preset,residual_days,fallback_reason,planned_kWh,charge_kWh,discharge_kWh,emergency_kWh,unused_kWh,state_start_kWh,state_end_kWh,nominal_state_end_kWh,planned_cost_yuan,emergency_cost_yuan
B_fixed_q90,2025-03-20,2025-03-20,0,2025-03-20 00:00:00,2025-03-20 00:10:00,0.4248,3299.0689,0.0,3617.1514,0.0,602.8585666666667,35.91453333333334,638.7731,0.90,0.90,28,,638.7731000000003,0.0,0.0,0.0,88.92828333333364,10800.0,10800.0,10800.0,271.35081288000015,0.0
B_fixed_q90,2025-03-20,2025-03-20,1,2025-03-20 00:10:00,2025-03-20 00:20:00,0.4245,3421.881,0.0,3585.3143,0.0,597.5523833333333,26.263616666666735,623.816,0.90,0.90,28,,623.816,0.0,0.0,0.0,53.502500000000055,10800.0,10800.0,10800.0,264.809892,0.0
B_fixed_q90,2025-03-20,2025-03-20,2,2025-03-20 00:20:00,2025-03-20 00:30:00,0.4269,3683.11,0.0,3514.21,0.0,585.7016666666666,33.9516666666666,619.6533333333332,0.90,0.90,28,,619.6533333333332,0.0,0.0,0.0,5.801666666666506,10800.0,10800.0,10800.0,264.53000799999995,0.0
B_fixed_q90,2025-03-20,2025-03-20,3,2025-03-20 00:30:00,2025-03-20 00:40:00,0.4272,3476.737,0.0,3566.7633,0.0,594.46055,25.504250000000013,619.9648,0.90,0.90,28,,619.9648,0.0,0.0,0.0,40.508633333333364,10800.0,10800.0,10800.0,264.84896256,0.0
B_fixed_q90,2025-03-20,2025-03-20,4,2025-03-20 00:40:00,2025-03-20 00:50:00,0.4271,3302.6695,0.0,3529.764,0.0,588.294,19.769483333333255,608.0634833333332,0.90,0.90,28,,608.0634833333332,0.0,0.0,0.0,57.61856666666665,10800.0,10800.0,10800.0,259.7039137316666,0.0
B_fixed_q90,2025-03-20,2025-03-20,5,2025-03-20 00:50:00,2025-03-20 01:00:00,0.4285,3426.94,0.0,3390.6,0.0,565.0999999999999,31.148333333333312,596.2483333333332,0.90,0.90,28,,596.2483333333332,0.0,0.0,0.0,25.091666666666583,10800.0,10800.0,10800.0,255.49241083333328,0.0
B_fixed_q90,2025-03-20,2025-03-20,6,2025-03-20 01:00:00,2025-03-20 01:10:00,0.4311,3609.5343,0.0,3352.8783,0.0,558.81305,32.764350000000036,591.5774,0.90,0.90,28,,591.5774,0.0,10.011649999999918,0.0,0.0,10800.0,10788.875944444444,10800.0,255.02901714,0.0
B_fixed_q90,2025-03-20,2025-03-20,7,2025-03-20 01:10:00,2025-03-20 01:20:00,0.4302,3668.9025,0.0,3308.9055,0.0,551.48425,26.787750000000017,578.2719999999999,0.90,0.90,28,,578.2719999999999,0.0,33.21175000000005,0.0,0.0,10788.875944444444,10751.974,10800.0,248.77261439999998,0.0
B_fixed_q90,2025-03-20,2025-03-20,8,2025-03-20 01:20:00,2025-03-20 01:30:00,0.4279,3589.3,0.0,3260.08,0.0,543.3466666666666,20.966666666666697,564.3133333333333,0.90,0.90,28,,564.3133333333333,0.0,33.90333333333342,0.0,0.0,10751.974,10714.30362962963,10800.0,241.4696753333333,0.0
B_fixed_q90,2025-03-20,2025-03-20,9,2025-03-20 01:30:00,2025-03-20 01:40:00,0.4312,3503.6157,0.0,3353.4584,0.0,558.9097333333333,28.42781666666656,587.3375499999999,0.90,0.90,28,,587.3375499999999,3.4015999999999167,0.0,0.0,0.0,10714.30362962963,10717.36506962963,10800.0,253.25995155999996,0.0
B_fixed_q90,2025-03-20,2025-03-20,10,2025-03-20 01:40:00,2025-03-20 01:50:00,0.4333,3545.9703,0.0,3552.8392,0.0,592.1398666666666,47.38656666666668,639.5264333333333,0.90,0.90,28,,639.5264333333333,48.53138333333334,0.0,0.0,0.0,10717.36506962963,10761.04331462963,10800.0,277.10680356333336,0.0
B_fixed_q90,2025-03-20,2025-03-20,11,2025-03-20 01:50:00,2025-03-20 02:00:00,0.4311,3590.66,0.0,3655.73,0.0,609.2883333333333,43.41833333333341,652.7066666666667,0.90,0.90,28,,652.7066666666667,43.28520596707878,0.0,0.0,10.978127366254654,10761.04331462963,10800.0,10800.0,281.381844,0.0
B_fixed_q90,2025-03-20,2025-03-20,12,2025-03-20 02:00:00,2025-03-20 02:10:00,0.4293,3395.9017,0.0,3484.6496,0.0,580.7749333333334,30.426650000000052,611.2015833333335,0.90,0.90,28,,611.2015833333335,0.0,0.0,0.0,45.217966666666825,10800.0,10800.0,10800.0,262.3888397250001,0.0
B_fixed_q90,2025-03-20,2025-03-20,13,2025-03-20 02:10:00,2025-03-20 02:20:00,0.4324,3276.7246,0.0,3416.4269,0.0,569.4044833333332,31.445749999999975,600.8502333333332,0.90,0.90,28,,600.8502333333332,0.0,0.0,0.0,54.72946666666655,10800.0,10800.0,10800.0,259.8076408933333,0.0
B_fixed_q90,2025-03-20,2025-03-20,14,2025-03-20 02:20:00,2025-03-20 02:30:00,0.4367,3394.28,0.0,3529.19,0.0,588.1983333333333,22.620000000000005,610.8183333333333,0.90,0.90,28,,610.8183333333333,0.0,0.0,0.0,45.104999999999905,10800.0,10800.0,10800.0,266.7443661666666,0.0
B_fixed_q90,2025-03-20,2025-03-20,15,2025-03-20 02:30:00,2025-03-20 02:40:00,0.4348,3587.5594,0.0,3565.0967,0.0,594.1827833333333,21.289250000000038,615.4720333333333,0.90,0.90,28,,615.4720333333333,0.0,0.0,0.0,17.545466666666698,10800.0,10800.0,10800.0,267.60724009333336,0.0
B_fixed_q90,2025-03-20,2025-03-20,16,2025-03-20 02:40:00,2025-03-20 02:50:00,0.4335,3605.7268,0.0,3662.8512,0.0,610.4752,20.87726666666663,631.3524666666666,0.90,0.90,28,,631.3524666666666,0.0,0.0,0.0,30.398000000000025,10800.0,10800.0,10800.0,273.6912943,0.0
B_fixed_q90,2025-03-20,2025-03-20,17,2025-03-20 02:50:00,2025-03-20 03:00:00,0.4357,3522.79,0.0,3749.14,0.0,624.8566666666666,44.178333333333285,669.0349999999999,0.90,0.90,28,,669.0349999999999,0.0,0.0,0.0,81.9033333333332,10800.0,10800.0,10800.0,291.4985494999999,0.0
B_fixed_q90,2025-03-20,2025-03-20,18,2025-03-20 03:00:00,2025-03-20 03:10:00,0.4374,3631.2618,0.0,3576.3344,0.0,596.0557333333334,28.124599999999987,624.1803333333334,0.90,0.90,28,,624.1803333333334,0.0,0.0,0.0,18.97003333333339,10800.0,10800.0,10800.0,273.0164778,0.0
B_fixed_q90,2025-03-20,2025-03-20,19,2025-03-20 03:10:00,2025-03-20 03:20:00,0.4371,3731.3543,0.0,3450.3953,0.0,575.0658833333333,39.3348666666667,614.40075,0.90,0.90,28,,614.40075,0.0,7.491633333333311,0.0,0.0,10800.0,10791.675962962963,10800.0,268.554567825,0.0
B_fixed_q90,2025-03-20,2025-03-20,20,2025-03-20 03:20:00,2025-03-20 03:30:00,0.4356,3721.01,0.0,3522.37,0.0,587.0616666666666,40.86166666666668,627.9233333333333,0.90,0.90,28,,627.9233333333333,7.7549999999999955,0.0,0.0,0.0,10791.675962962963,10798.655462962963,10800.0,273.52340399999997,0.0
B_fixed_q90,2025-03-20,2025-03-20,21,2025-03-20 03:30:00,2025-03-20 03:40:00,0.4353,3699.7385,0.0,3631.228,0.0,605.2046666666666,16.455416666666565,621.6600833333332,0.90,0.90,28,,621.6600833333332,1.4939300411525538,0.0,0.0,3.543069958847367,10798.655462962963,10800.0,10800.0,270.60863427499993,0.0
B_fixed_q90,2025-03-20,2025-03-20,22,2025-03-20 03:40:00,2025-03-20 03:50:00,0.436,3674.7825,0.0,3569.4386,0.0,594.9064333333333,8.646450000000073,603.5528833333334,0.90,0.90,28,,603.5528833333334,0.0,8.910866666666493,0.0,0.0,10800.0,10790.099037037036,10800.0,263.1490571333334,0.0
B_fixed_q90,2025-03-20,2025-03-20,23,2025-03-20 03:50:00,2025-03-20 04:00:00,0.4378,3623.58,0.0,3455.04,0.0,575.8399999999999,29.93999999999994,605.7799999999999,0.90,0.90,28,,605.7799999999999,1.849999999999909,0.0,0.0,0.0,10790.099037037036,10791.764037037035,10800.0,265.21048399999995,0.0
B_fixed_q90,2025-03-20,2025-03-20,24,2025-03-20 04:00:00,2025-03-20 04:10:00,0.4401,3538.7697,0.0019,3583.9838,0.0018,597.3303333333333,24.017283333333353,621.3476166666667,0.90,0.90,28,,621.3476166666667,9.151069958849499,0.0,0.0,22.40191337448399,10791.764037037035,10800.0,10800.0,273.455086095,0.0
B_fixed_q90,2025-03-20,2025-03-20,25,2025-03-20 04:10:00,2025-03-20 04:20:00,0.4389,3488.7843,0.0,3645.8233,0.0,607.6372166666666,15.501750000000015,623.1389666666666,0.90,0.90,28,,623.1389666666666,0.0,0.0,0.0,41.67491666666672,10800.0,10800.0,10800.0,273.49569247,0.0
B_fixed_q90,2025-03-20,2025-03-20,26,2025-03-20 04:20:00,2025-03-20 04:30:00,0.4364,3513.51,0.0,3577.07,0.0,596.1783333333333,45.16500000000008,641.3433333333334,0.90,0.90,28,,641.3433333333334,0.0,0.0,0.0,55.758333333333326,10800.0,10800.0,10800.0,279.88223066666666,0.0
B_fixed_q90,2025-03-20,2025-03-20,27,2025-03-20 04:30:00,2025-03-20 04:40:00,0.4393,3598.3779,0.0271,3630.4401,0.0254,605.0691166666666,40.868016666666676,645.9371333333332,0.90,0.90,28,,645.9371333333332,0.0,0.0,0.0,46.211999999999875,10800.0,10800.0,10800.0,283.7601826733333,0.0
B_fixed_q90,2025-03-20,2025-03-20,28,2025-03-20 04:40:00,2025-03-20 04:50:00,0.4422,3700.4359,0.0,3717.5034,0.0,619.5839,37.25501666666662,656.8389166666666,0.90,0.90,28,,656.8389166666666,0.0,0.0,0.0,40.09960000000001,10800.0,10800.0,10800.0,290.45416894999994,0.0
B_fixed_q90,2025-03-20,2025-03-20,29,2025-03-20 04:50:00,2025-03-20 05:00:00,0.4395,3753.57,0.0,3727.07,0.0,621.1783333333333,19.29499999999996,640.4733333333332,0.90,0.90,28,,640.4733333333332,0.0,0.0,0.0,14.878333333333217,10800.0,10800.0,10800.0,281.48803,0.0
B_fixed_q90,2025-03-20,2025-03-20,30,2025-03-20 05:00:00,2025-03-20 05:10:00,0.4333,3716.9811,0.3776,3652.3286,0.3537,608.6624833333333,21.378933333333293,630.0414166666666,0.90,0.90,28,,630.0414166666666,0.0,0.0,0.0,10.607499999999959,10800.0,10800.0,10800.0,272.9969458416666,0.0
B_fixed_q90,2025-03-20,2025-03-20,31,2025-03-20 05:10:00,2025-03-20 05:20:00,0.4439,3707.0664,0.0,3627.5869,0.0,604.5978166666666,31.52668333333338,636.1245,0.90,0.90,28,,636.1245,0.0,0.0,0.0,18.28010000000006,10800.0,10800.0,10800.0,282.37566555,0.0
B_fixed_q90,2025-03-20,2025-03-20,32,2025-03-20 05:20:00,2025-03-20 05:30:00,0.4301,3642.69,0.0,3625.87,0.0,604.3116666666666,24.171666666666738,628.4833333333333,0.90,0.90,28,,628.4833333333333,0.0,0.0,0.0,21.36833333333334,10800.0,10800.0,10800.0,270.31068166666665,0.0
B_fixed_q90,2025-03-20,2025-03-20,33,2025-03-20 05:30:00,2025-03-20 05:40:00,0.3713,3457.8398,5.2594,3603.0838,4.9264,599.6929,23.589500000000044,623.2824,0.90,0.90,28,,623.2824,0.0,0.0,0.0,47.85233333333338,10800.0,10800.0,10800.0,231.42475512000004,0.0
B_fixed_q90,2025-03-20,2025-03-20,34,2025-03-20 05:40:00,2025-03-20 05:50:00,0.5708,4028.7787,0.0,4178.7819,0.0,696.4636499999999,28.84571666666659,725.3093666666665,0.90,0.90,28,,725.3093666666665,0.0,0.0,0.0,53.84624999999994,10800.0,10800.0,10800.0,414.0065864933332,0.0
B_fixed_q90,2025-03-20,2025-03-20,35,2025-03-20 05:50:00,2025-03-20 06:00:00,0.9099,4962.09,0.0,4976.26,0.0,829.3766666666667,48.41833333333341,877.7950000000001,0.90,0.90,28,,44.461666666666815,0.0,782.5533333333332,0.0,0.0,10800.0,9930.496296296296,9874.074074074075,40.45567050000014,0.0
B_fixed_q90,2025-03-20,2025-03-20,36,2025-03-20 06:00:00,2025-03-20 06:10:00,0.9368,4905.1198,153.4202,4927.8193,144.6043,797.2025,41.377433333333215,838.5799333333332,0.90,0.90,28,,5.246599999999944,0.0,786.7033333333335,0.0,0.0,9930.496296296296,9056.381481481481,8948.14814814815,4.915014879999947,0.0
B_fixed_q90,2025-03-20,2025-03-20,37,2025-03-20 06:10:00,2025-03-20 06:20:00,0.8758,4660.8239,401.044,4816.9758,383.3165,738.9432166666667,27.77556666666669,766.7187833333334,0.90,0.90,28,,0.0,0.0,709.9633166666667,0.0,0.0,9056.381481481481,8267.533351851851,8096.238388888891,0.0,0.0
B_fixed_q90,2025-03-20,2025-03-20,38,2025-03-20 06:20:00,2025-03-20 06:30:00,0.8759,4703.75,675.525,4945.2,669.975,712.5374999999999,23.985833333333403,736.5233333333333,0.90,0.90,28,,0.0,0.0,671.3708333333333,0.0,0.0,8267.533351851851,7521.565759259259,7277.879129629631,0.0,0.0
B_fixed_q90,2025-03-20,2025-03-20,39,2025-03-20 06:30:00,2025-03-20 06:40:00,0.8601,4726.9008,952.6316,4841.0708,986.6364,642.4057333333334,25.855850000000032,668.2615833333334,0.90,0.90,28,,0.0,0.0,629.0448666666666,0.0,0.0,7521.565759259259,6822.6270185185185,6535.366259259261,0.0,0.0
B_fixed_q90,2025-03-20,2025-03-20,40,2025-03-20 06:40:00,2025-03-20 06:50:00,0.8442,4819.4733,1302.5378,4756.7742,1316.594,573.3633666666666,19.6320833333333,592.9954499999999,0.90,0.90,28,,592.9954499999999,6.839533333333293,0.0,0.0,0.0,6822.6270185185185,6828.782598518518,6535.366259259261,500.60675888999987,0.0
B_fixed_q90,2025-03-20,2025-03-20,41,2025-03-20 06:50:00,2025-03-20 07:00:00,0.8334,4880.33,1693.2375,4785.54,1643.8875,523.60875,29.100833333333355,552.7095833333333,0.90,0.90,28,,552.7095833333333,21.527500000000032,0.0,0.0,0.0,6828.782598518518,6848.157348518518,6535.366259259261,460.62816675,0.0
B_fixed_q90,2025-03-20,2025-03-20,42,2025-03-20 07:00:00,2025-03-20 07:10:00,0.8092,4689.3761,2009.9231,4770.8891,1956.0234,469.14428333333336,36.65584999999999,505.80013333333335,0.90,0.90,28,,505.8001333333334,59.22463333333337,0.0,0.0,0.0,6848.157348518518,6901.459518518518,6535.366259259261,409.2934678933334,0.0
B_fixed_q90,2025-03-20,2025-03-20,43,2025-03-20 07:10:00,2025-03-20 07:20:00,0.7972,4713.3646,2305.9149,4933.7109,2250.2085,447.25039999999996,27.401500000000055,474.6519,0.90,0.90,28,,474.65190000000007,73.4102833333335,0.0,0.0,0.0,6901.459518518518,6967.528773518518,6535.366259259261,378.3924946800001,0.0
B_fixed_q90,2025-03-20,2025-03-20,44,2025-03-20 07:20:00,2025-03-20 07:30:00,0.7644,4827.2,2609.7375,5017.07,2498.925,419.6908333333332,24.042083333333267,443.7329166666665,0.90,0.90,28,,443.7329166666665,74.15583333333325,0.0,0.0,0.0,6967.528773518518,7034.269023518518,6535.366259259261,339.1894414999999,0.0
B_fixed_q90,2025-03-20,2025-03-20,45,2025-03-20 07:30:00,2025-03-20 07:40:00,0.6899,4578.156,2894.0148,4678.8593,2691.9663,331.1488333333333,47.01458333333318,378.1634166666665,0.90,0.90,28,,1211.4967499999998,833.3333333333333,0.0,0.0,97.47321666666653,7034.269023518518,7784.269023518518,7285.366259259261,835.8116078249998,0.0
B_fixed_q90,2025-03-20,2025-03-20,46,2025-03-20 07:40:00,2025-03-20 07:50:00,0.86,5187.0368,3179.5684,5430.5741,2986.3327,407.37356666666665,39.76380000000002,447.13736666666665,0.90,0.90,28,,248.54943333333242,0.0,86.02863333333417,0.0,0.0,7784.269023518518,7688.681653148147,7064.713000000001,213.75251266666587,0.0
B_fixed_q90,2025-03-20,2025-03-20,47,2025-03-20 07:50:00,2025-03-20 08:00:00,1.1617,6405.59,3476.5125,6755.97,3339.9375,569.33875,39.273333333333426,608.6120833333334,0.90,0.90,28,,0.0,0.0,488.17958333333337,0.0,0.0,7688.681653148147,7146.259893888888,6388.477351851852,0.0,0.0
B_fixed_q90,2025-03-20,2025-03-20,48,2025-03-20 08:00:00,2025-03-20 08:10:00,1.1683,6658.0486,3761.2255,6545.8122,3552.9582,498.809,48.22210000000007,547.0311000000002,0.90,0.90,28,,0.0,0.0,482.80385,0.0,0.0,7146.259893888888,6609.811171666665,5780.665018518519,0.0,0.0
B_fixed_q90,2025-03-20,2025-03-20,49,2025-03-20 08:10:00,2025-03-20 08:20:00,1.0956,6606.6001,3976.3717,6234.5498,3752.2552,413.7157666666666,37.517999999999915,451.2337666666665,0.90,0.90,28,,0.0,0.0,438.3713999999999,0.0,0.0,6609.811171666665,6122.731838333332,5279.2941666666675,0.0,0.0
B_fixed_q90,2025-03-20,2025-03-20,50,2025-03-20 08:20:00,2025-03-20 08:30:00,1.0849,6687.27,4220.325,6481.09,3987.0,415.6816666666667,35.49499999999989,451.17666666666656,0.90,0.90,28,,0.0,0.0,411.1575000000001,0.0,0.0,6122.731838333332,5665.890171666665,4777.98675925926,0.0,0.0
B_fixed_q90,2025-03-20,2025-03-20,51,2025-03-20 08:30:00,2025-03-20 08:40:00,1.061,6649.776,4653.7429,6510.8474,4178.399,388.7413999999999,88.16823333333349,476.9096333333334,0.90,0.90,28,,0.0,0.0,332.67218333333324,0.0,0.0,5665.890171666665,5296.254412407406,4248.087166666667,0.0,0.0
B_fixed_q90,2025-03-20,2025-03-20,52,2025-03-20 08:40:00,2025-03-20 08:50:00,1.043,6705.5335,5037.5027,6551.7773,4381.418,361.72655,113.36966666666666,475.09621666666663,0.90,0.90,28,,0.0,0.0,278.0051333333332,0.0,0.0,5296.254412407406,4987.359819814813,3720.2024814814818,0.0,0.0
B_fixed_q90,2025-03-20,2025-03-20,53,2025-03-20 08:50:00,2025-03-20 09:00:00,1.036,6757.81,5180.8875,6666.06,4631.2125,339.1412500000001,151.10874999999993,490.25000000000006,0.90,0.90,28,,0.0,0.0,262.82041666666674,0.0,0.0,4987.359819814813,4695.337134629628,3175.4802592592596,0.0,0.0
B_fixed_q90,2025-03-20,2025-03-20,54,2025-03-20 09:00:00,2025-03-20 09:10:00,1.0147,6494.2004,5166.4978,6601.3223,4933.6498,277.9454166666666,104.35941666666682,382.30483333333336,0.90,0.90,28,,0.0,0.0,221.2837666666666,0.0,0.0,4695.337134629628,4449.4662827777765,2750.6971111111116,0.0,0.0
B_fixed_q90,2025-03-20,2025-03-20,55,2025-03-20 09:10:00,2025-03-20 09:20:00,0.9922,6436.4392,5533.329,6573.4361,5388.1737,197.54373333333325,102.88828333333336,300.43201666666664,0.90,0.90,28,,0.0,0.0,150.51836666666668,0.0,0.0,4449.4662827777765,4282.223653148147,2416.8837592592595,0.0,0.0
B_fixed_q90,2025-03-20,2025-03-20,56,2025-03-20 09:20:00,2025-03-20 09:30:00,0.97,6570.85,6107.7375,6614.79,5904.4875,118.38374999999996,164.9258333333333,283.30958333333325,0.90,0.90,28,,0.0,0.0,77.1854166666667,0.0,0.0,4282.223653148147,4196.462079074073,2102.0953333333337,0.0,0.0
B_fixed_q90,2025-03-20,2025-03-20,57,2025-03-20 09:30:00,2025-03-20 09:40:00,0.9422,6399.3635,6182.795,6548.6468,6266.8363,46.96841666666675,134.87228333333337,181.8407000000001,0.90,0.90,28,,0.0,0.0,36.09475000000005,0.0,0.0,4196.462079074073,4156.356801296295,1900.0501111111112,0.0,0.0
B_fixed_q90,2025-03-20,2025-03-20,58,2025-03-20 09:40:00,2025-03-20 09:50:00,0.9569,6445.9301,6198.386,6569.7745,6602.2852,-5.418449999999969,196.09851666666674,190.68006666666676,0.90,0.90,28,,0.0,0.0,41.25734999999986,0.0,0.0,4156.356801296295,4110.515301296296,1688.1833703703703,0.0,0.0
B_fixed_q90,2025-03-20,2025-03-20,59,2025-03-20 09:50:00,2025-03-20 10:00:00,0.9977,6697.43,6426.1875,6666.81,6891.525,-37.45249999999987,234.47875000000005,197.02625000000018,0.90,0.90,28,,0.0,0.0,45.20708333333338,0.0,0.0,4110.515301296296,4060.285208703703,1469.2653148148145,0.0,0.0
B_fixed_q90,2025-03-20,2025-03-20,60,2025-03-20 10:00:00,2025-03-20 10:10:00,0.9919,6577.9956,6675.2481,6615.2017,6963.2464,-58.00745000000006,191.33563333333336,133.3281833333333,0.90,0.90,28,,0.0,16.20874999999993,0.0,0.0,0.0,4060.285208703703,4074.873083703703,1321.1228888888886,0.0,0.0
B_fixed_q90,2025-03-20,2025-03-20,61,2025-03-20 10:10:00,2025-03-20 10:20:00,0.9588,6445.2772,6774.004,6539.3464,6970.7827,-71.9060499999999,131.53278333333344,59.62673333333355,0.90,0.90,28,,0.0,54.787799999999905,0.0,0.0,0.0,4074.873083703703,4124.1821037037025,1254.8709629629625,0.0,0.0
B_fixed_q90,2025-03-20,2025-03-20,62,2025-03-20 10:20:00,2025-03-20 10:30:00,0.9549,6473.61,6879.075,6477.96,7035.9375,-92.99624999999999,129.06249999999994,36.066249999999954,0.90,0.90,28,,0.0,67.57750000000001,0.0,0.0,0.0,4124.1821037037025,4185.001853703702,1214.7973518518515,0.0,0.0
B_fixed_q90,2025-03-20,2025-03-20,63,2025-03-20 10:30:00,2025-03-20 10:40:00,0.9839,6454.2353,7268.5137,6366.0057,7192.6555,-137.77496666666667,151.09258333333315,13.317616666666481,0.90,0.90,28,,0.0,135.7130666666667,0.0,0.0,0.0,4185.001853703702,4307.143613703703,1200.0,0.0,0.0
B_fixed_q90,2025-03-20,2025-03-20,64,2025-03-20 10:40:00,2025-03-20 10:50:00,0.799,6352.336,7455.3554,6413.9505,7566.2113,-192.04346666666666,165.0378333333333,-27.00563333333335,0.90,0.90,28,,0.0,183.83656666666667,0.0,0.0,0.0,4307.143613703703,4472.596523703703,1224.3050700000001,0.0,0.0
B_fixed_q90,2025-03-20,2025-03-20,65,2025-03-20 10:50:00,2025-03-20 11:00:00,0.5025,6279.9,7263.0,6574.38,7889.7,-219.21999999999994,144.19666666666666,-75.02333333333328,0.90,0.90,28,,758.31,833.3333333333333,0.0,0.0,88.82666666666671,4472.596523703703,5222.596523703703,1974.3050700000001,381.05077499999993,0.0
B_fixed_q90,2025-03-20,2025-03-20,66,2025-03-20 11:00:00,2025-03-20 11:10:00,0.4662,6362.0436,7021.6679,6549.5232,7767.7134,-203.0317,155.8068166666668,-47.224883333333196,0.90,0.90,28,,786.1084500000001,833.3333333333333,0.0,0.0,62.712500000000205,5222.596523703703,5972.596523703703,2724.3050700000003,366.48375939000005,0.0
B_fixed_q90,2025-03-20,2025-03-20,67,2025-03-20 11:10:00,2025-03-20 11:20:00,0.5007,6393.8373,7052.8842,6360.3078,7910.4133,-258.35091666666676,191.29348333333323,-67.05743333333353,0.90,0.90,28,,766.2758999999998,833.3333333333333,0.0,0.0,42.78371666666658,5972.596523703703,6722.596523703703,3474.3050700000003,383.6743431299999,0.0
B_fixed_q90,2025-03-20,2025-03-20,68,2025-03-20 11:20:00,2025-03-20 11:30:00,0.4827,6360.1,7317.5625,6232.56,8273.025,-340.0774999999999,204.4854166666667,-135.59208333333316,0.90,0.90,28,,697.74125,833.3333333333333,0.0,0.0,23.985000000000014,6722.596523703703,7472.596523703703,4224.30507,336.79970137500004,0.0
B_fixed_q90,2025-03-20,2025-03-20,69,2025-03-20 11:30:00,2025-03-20 11:40:00,0.4785,6424.0276,7505.6333,6357.7494,8103.1089,-290.8932500000001,199.52706666666668,-91.3661833333334,0.90,0.90,28,,741.9671499999998,833.3333333333333,0.0,0.0,88.90143333333322,7472.596523703703,8222.596523703702,4974.30507,355.0312812749999,0.0
B_fixed_q90,2025-03-20,2025-03-20,70,2025-03-20 11:40:00,2025-03-20 11:50:00,0.4662,6379.6216,7635.0323,6325.6393,7934.0714,-268.0720166666666,188.2612999999999,-79.81071666666674,0.90,0.90,28,,753.5226166666665,833.3333333333333,0.0,0.0,129.42439999999988,8222.596523703702,8972.596523703702,5724.30507,351.29224388999995,0.0
B_fixed_q90,2025-03-20,2025-03-20,71,2025-03-20 11:50:00,2025-03-20 12:00:00,0.4432,6168.32,7818.45,6078.6,8015.4375,-322.8062499999999,239.91833333333324,-82.88791666666668,0.90,0.90,28,,750.4454166666666,833.3333333333333,0.0,0.0,192.13374999999996,8972.596523703702,9722.596523703702,6474.30507,332.59740866666664,0.0
B_fixed_q90,2025-03-20,2025-03-20,72,2025-03-20 12:00:00,2025-03-20 12:10:00,0.4411,5958.8116,8082.9395,5973.117,8091.3897,-353.0454499999999,197.50488333333334,-155.54056666666656,0.90,0.90,28,,677.7927666666667,833.3333333333333,0.0,0.0,198.48075000000017,9722.596523703702,10472.596523703702,7224.30507,298.9743893766667,0.0
B_fixed_q90,2025-03-20,2025-03-20,73,2025-03-20 12:10:00,2025-03-20 12:20:00,0.4551,5855.2299,8090.5707,6003.5669,8333.4204,-388.30891666666685,174.32804999999993,-213.9808666666669,0.90,0.90,28,,619.3524666666664,363.78164032922035,0.0,0.0,628.1276263374459,10472.596523703702,10800.0,7974.30507,281.8673075799999,0.0
B_fixed_q90,2025-03-20,2025-03-20,74,2025-03-20 12:20:00,2025-03-20 12:30:00,0.4463,5883.66,7709.3625,6043.44,8611.9875,-428.09124999999995,195.8733333333333,-232.21791666666664,0.90,0.90,28,,601.1154166666666,0.0,0.0,0.0,905.3991666666667,10800.0,10800.0,8724.30507,268.2778104583333,0.0
B_fixed_q90,2025-03-20,2025-03-20,75,2025-03-20 12:30:00,2025-03-20 12:40:00,0.4113,6006.2794,7205.256,6007.2071,8523.8874,-419.44671666666665,219.48086666666663,-199.96585000000002,0.90,0.90,28,,633.3674833333332,0.0,0.0,0.0,833.1969166666665,10800.0,10800.0,9474.30507,260.50404589499993,0.0
B_fixed_q90,2025-03-20,2025-03-20,76,2025-03-20 12:40:00,2025-03-20 12:50:00,0.5682,6168.3548,7206.9442,6064.0725,8228.5618,-360.7482166666665,234.31696666666673,-126.43124999999978,0.90,0.90,28,,706.9020833333335,0.0,0.0,0.0,880.0003166666668,10800.0,10800.0,10224.30507,401.66176375000015,0.0
B_fixed_q90,2025-03-20,2025-03-20,77,2025-03-20 12:50:00,2025-03-20 13:00:00,0.8279,6351.38,7525.8,6254.85,8001.8625,-291.16874999999993,228.98124999999996,-62.18749999999997,0.90,0.90,28,,0.0,0.0,0.0,0.0,195.73666666666668,10800.0,10800.0,10280.27382,0.0,0.0
B_fixed_q90,2025-03-20,2025-03-20,78,2025-03-20 13:00:00,2025-03-20 13:10:00,0.8636,6510.6216,7339.075,6422.854,7962.5924,-256.62306666666666,196.75298333333345,-59.87008333333321,0.90,0.90,28,,0.0,0.0,0.0,0.0,138.07556666666656,10800.0,10800.0,10334.156895,0.0,0.0
B_fixed_q90,2025-03-20,2025-03-20,79,2025-03-20 13:10:00,2025-03-20 13:20:00,0.8416,6358.8315,6900.6338,6403.1925,7741.4555,-223.0438333333333,169.7227666666666,-53.321066666666724,0.90,0.90,28,,0.0,0.0,0.0,0.0,90.30038333333323,10800.0,10800.0,10382.145855,0.0,0.0
B_fixed_q90,2025-03-20,2025-03-20,80,2025-03-20 13:20:00,2025-03-20 13:30:00,0.8618,6039.3,6610.0125,6313.29,7413.1875,-183.31625,143.51208333333335,-39.804166666666646,0.90,0.90,28,,0.0,0.0,0.0,0.0,95.11874999999993,10800.0,10800.0,10417.969605,0.0,0.0
B_fixed_q90,2025-03-20,2025-03-20,81,2025-03-20 13:30:00,2025-03-20 13:40:00,0.8623,6028.9848,6642.1795,6396.8916,7383.0511,-164.3599166666666,104.08449999999993,-60.27541666666667,0.90,0.90,28,,0.0,0.0,0.0,0.0,102.19911666666667,10800.0,10800.0,10472.21748,0.0,0.0
B_fixed_q90,2025-03-20,2025-03-20,82,2025-03-20 13:40:00,2025-03-20 13:50:00,0.9026,6177.7813,6806.5377,6299.9773,7147.3017,-141.22073333333338,96.79674999999996,-44.423983333333425,0.90,0.90,28,,0.0,0.0,0.0,0.0,104.79273333333336,10800.0,10800.0,10512.199064999999,0.0,0.0
B_fixed_q90,2025-03-20,2025-03-20,83,2025-03-20 13:50:00,2025-03-20 14:00:00,0.9754,6280.02,6799.95,6106.75,6693.1875,-97.73958333333333,91.64291666666668,-6.09666666666665,0.90,0.90,28,,0.0,0.0,0.0,0.0,86.65499999999989,10800.0,10800.0,10517.686064999998,0.0,0.0
B_fixed_q90,2025-03-20,2025-03-20,84,2025-03-20 14:00:00,2025-03-20 14:10:00,1.0002,6283.4823,6453.6137,6255.132,6523.1977,-44.67761666666668,100.48448333333332,55.806866666666636,0.90,0.90,28,,0.0,0.0,0.0,0.0,28.355233333333366,10800.0,10800.0,10455.678435370368,0.0,0.0
B_fixed_q90,2025-03-20,2025-03-20,85,2025-03-20 14:10:00,2025-03-20 14:20:00,0.9978,6314.912,6203.5886,6265.1371,6319.7023,-9.0942,115.58128333333326,106.48708333333326,0.90,0.90,28,,0.0,0.0,18.553900000000034,0.0,0.0,10800.0,10779.384555555556,10337.359453888886,0.0,0.0
B_fixed_q90,2025-03-20,2025-03-20,86,2025-03-20 14:20:00,2025-03-20 14:30:00,1.0271,6352.79,6115.6875,6109.64,5933.475,29.360833333333325,81.19541666666669,110.55625,0.90,0.90,28,,0.0,0.0,39.517083333333325,0.0,0.0,10779.384555555556,10735.476685185185,10214.51917611111,0.0,0.0
B_fixed_q90,2025-03-20,2025-03-20,87,2025-03-20 14:30:00,2025-03-20 14:40:00,1.0906,6259.4213,5837.6616,6254.7096,5577.5788,112.85513333333331,109.18564999999988,222.0407833333332,0.90,0.90,28,,0.0,0.0,70.29328333333326,0.0,0.0,10735.476685185185,10657.373037037038,9967.807194629628,0.0,0.0
B_fixed_q90,2025-03-20,2025-03-20,88,2025-03-20 14:40:00,2025-03-20 14:50:00,0.9376,6190.1146,5431.9635,6398.0053,5382.184,169.30354999999992,80.52626666666643,249.82981666666635,0.90,0.90,28,,0.0,0.0,126.35851666666667,0.0,0.0,10657.373037037038,10516.974685185185,9690.218509444443,0.0,0.0
B_fixed_q90,2025-03-20,2025-03-20,89,2025-03-20 14:50:00,2025-03-20 15:00:00,0.6694,6156.64,5072.775,6358.98,5305.2375,175.6237499999999,77.80041666666676,253.42416666666665,0.90,0.90,28,,653.1813783950633,314.472572016461,0.0,0.0,158.06463971193557,10516.974685185185,10800.0,10050.0,437.2396146976554,0.0
B_fixed_q90,2025-03-20,2025-03-20,90,2025-03-20 15:00:00,2025-03-20 15:10:00,0.66,6039.3659,4855.4545,6262.9226,5169.4135,182.2515166666667,71.04339999999988,253.29491666666658,0.90,0.90,28,,1086.6282499999998,0.0,0.0,0.0,889.3096833333332,10800.0,10800.0,10800.0,717.1746449999998,0.0
B_fixed_q90,2025-03-20,2025-03-20,91,2025-03-20 15:10:00,2025-03-20 15:20:00,0.7217,6054.6789,4561.8383,6174.0028,4854.5331,219.91161666666676,68.69889999999998,288.61051666666674,0.90,0.90,28,,288.61051666666674,0.0,0.0,0.0,39.80375000000015,10800.0,10800.0,10800.0,208.2902098783334,0.0
B_fixed_q90,2025-03-20,2025-03-20,92,2025-03-20 15:20:00,2025-03-20 15:30:00,0.7308,6187.68,4146.825,6169.43,4461.1125,284.71958333333333,78.84708333333322,363.56666666666655,0.90,0.90,28,,363.5666666666666,0.0,0.0,0.0,23.424166666666565,10800.0,10800.0,10800.0,265.69451999999995,0.0
B_fixed_q90,2025-03-20,2025-03-20,93,2025-03-20 15:30:00,2025-03-20 15:40:00,0.7534,6195.3721,3778.6785,6264.8243,4216.6751,341.35819999999995,44.66269999999986,386.0208999999998,0.90,0.90,28,,386.0208999999998,0.0,16.761366666666788,0.0,0.0,10800.0,10781.37625925926,10800.0,290.8281460599998,0.0
B_fixed_q90,2025-03-20,2025-03-20,94,2025-03-20 15:40:00,2025-03-20 15:50:00,0.7823,6186.1376,3471.4229,6126.1485,4038.9704,347.8630166666667,57.99951666666667,405.8625333333334,0.90,0.90,28,,405.86253333333343,0.0,46.58991666666657,0.0,0.0,10781.37625925926,10729.609685185185,10800.0,317.50625982666674,0.0
B_fixed_q90,2025-03-20,2025-03-20,95,2025-03-20 15:50:00,2025-03-20 16:00:00,0.8055,6200.17,3156.225,5880.11,3796.9125,347.1995833333333,75.63875,422.8383333333333,0.90,0.90,28,,422.83833333333337,0.0,84.48583333333329,0.0,0.0,10729.609685185185,10635.736537037037,10800.0,340.59627750000004,0.0
B_fixed_q90,2025-03-20,2025-03-20,96,2025-03-20 16:00:00,2025-03-20 16:10:00,0.8271,6153.3743,2779.805,5993.8657,3419.8851,428.9967666666667,79.1063333333334,508.1031000000001,0.90,0.90,28,,508.1031000000001,0.0,54.15844999999996,0.0,0.0,10635.736537037037,10575.560481481481,10800.0,420.25207401000006,0.0
B_fixed_q90,2025-03-20,2025-03-20,97,2025-03-20 16:10:00,2025-03-20 16:20:00,0.8519,6101.7592,2507.3559,6119.1519,2957.1473,527.0007666666666,65.82973333333325,592.8304999999998,0.90,0.90,28,,592.8304999999998,0.0,6.236716666666894,0.0,0.0,10575.560481481481,10568.630796296296,10800.0,505.0323029499998,0.0
B_fixed_q90,2025-03-20,2025-03-20,98,2025-03-20 16:20:00,2025-03-20 16:30:00,0.8791,6118.95,2334.4125,6080.34,2520.1125,593.3712499999999,42.30749999999989,635.6787499999998,0.90,0.90,28,,635.6787499999998,4.9224999999999,0.0,0.0,0.0,10568.630796296296,10573.061046296296,10800.0,558.8251891249998,0.0
B_fixed_q90,2025-03-20,2025-03-20,99,2025-03-20 16:30:00,2025-03-20 16:40:00,0.9024,6209.4949,2077.0816,6051.7025,2207.5327,640.6949666666667,34.817400000000134,675.5123666666668,0.90,0.90,28,,675.5123666666668,0.0,13.223183333333168,0.0,0.0,10573.061046296296,10558.368620370371,10800.0,609.5823596800001,0.0
B_fixed_q90,2025-03-20,2025-03-20,100,2025-03-20 16:40:00,2025-03-20 16:50:00,0.9163,6190.199,1733.8533,6078.2733,1939.6319,689.7735666666665,46.47505000000001,736.2486166666665,0.90,0.90,28,,736.2486166666665,0.0,6.4756666666667115,0.0,0.0,10558.368620370371,10551.173435185186,10800.0,674.6246074516665,0.0
B_fixed_q90,2025-03-20,2025-03-20,101,2025-03-20 16:50:00,2025-03-20 17:00:00,0.9264,6102.19,1377.7125,6196.49,1642.05,759.0733333333333,33.834583333333285,792.9079166666666,0.90,0.90,28,,792.9079166666666,5.495000000000118,0.0,0.0,0.0,10551.173435185186,10556.118935185186,10800.0,734.5498939999999,0.0
B_fixed_q90,2025-03-20,2025-03-20,102,2025-03-20 17:00:00,2025-03-20 17:10:00,0.9462,6143.2969,1083.9022,6367.7307,1304.9072,843.8039166666667,40.84413333333339,884.6480500000001,0.90,0.90,28,,884.6480500000002,41.415600000000154,0.0,0.0,0.0,10556.118935185186,10593.392975185187,10800.0,837.0539849100003,0.0
B_fixed_q90,2025-03-20,2025-03-20,103,2025-03-20 17:10:00,2025-03-20 17:20:00,0.9742,6075.0134,831.8823,6177.7386,973.3083,867.40505,30.4607166666666,897.8657666666666,0.90,0.90,28,,897.8657666666666,24.01058333333333,0.0,0.0,0.0,10593.392975185187,10615.002500185186,10800.0,874.7008298866665,0.0
B_fixed_q90,2025-03-20,2025-03-20,104,2025-03-20 17:20:00,2025-03-20 17:30:00,0.9862,6025.68,597.3375,5943.23,675.5625,877.9445833333332,40.60208333333321,918.5466666666664,0.90,0.90,28,,918.5466666666664,13.822916666666288,0.0,0.0,0.0,10615.002500185186,10627.443125185186,10800.0,905.8707226666663,0.0
B_fixed_q90,2025-03-20,2025-03-20,105,2025-03-20 17:30:00,2025-03-20 17:40:00,0.976,6213.4416,374.8971,6260.5833,408.3651,975.3697,28.537733333333563,1003.9074333333335,0.90,0.90,28,,1003.9074333333335,30.81668333333357,0.0,0.0,0.0,10627.443125185186,10655.178140185186,10800.0,979.8136549333335,0.0
B_fixed_q90,2025-03-20,2025-03-20,106,2025-03-20 17:40:00,2025-03-20 17:50:00,1.0742,5394.1467,156.1276,5643.5605,164.6811,913.1465666666666,43.75358333333338,956.9001499999999,0.90,0.90,28,,956.9001499999999,83.89696666666657,0.0,0.0,0.0,10655.178140185186,10730.685410185186,10800.0,1027.90214113,0.0
B_fixed_q90,2025-03-20,2025-03-20,107,2025-03-20 17:50:00,2025-03-20 18:00:00,1.2313,4094.12,0.0,4339.62,0.0,723.27,38.83833333333331,762.1083333333333,0.90,0.90,28,,762.1083333333333,77.016210905349,0.0,0.0,2.7387890946511106,10730.685410185186,10800.0,10800.0,938.3839908333334,0.0
B_fixed_q90,2025-03-20,2025-03-20,108,2025-03-20 18:00:00,2025-03-20 18:10:00,1.2561,4187.9837,0.0,4184.4013,0.0,697.4002166666667,22.043199999999842,719.4434166666665,0.90,0.90,28,,719.4434166666665,0.0,0.0,0.0,21.44613333333325,10800.0,10800.0,10800.0,903.6928756749998,0.0
B_fixed_q90,2025-03-20,2025-03-20,109,2025-03-20 18:10:00,2025-03-20 18:20:00,1.2447,4441.4267,5.5774,4355.2005,5.7982,724.9003833333333,24.385716666666553,749.2860999999998,0.90,0.90,28,,749.2860999999998,0.0,0.0,0.0,9.977883333333239,10800.0,10800.0,10800.0,932.6364086699997,0.0
B_fixed_q90,2025-03-20,2025-03-20,110,2025-03-20 18:20:00,2025-03-20 18:30:00,1.2545,4255.45,0.0,4309.15,0.0,718.1916666666666,42.19166666666666,760.3833333333332,0.90,0.90,28,,760.3833333333332,0.0,0.0,0.0,51.14166666666665,10800.0,10800.0,10800.0,953.9008916666664,0.0
B_fixed_q90,2025-03-20,2025-03-20,111,2025-03-20 18:30:00,2025-03-20 18:40:00,1.2522,4286.5369,0.0,4354.2603,0.0,725.7100499999999,32.14031666666676,757.8503666666667,0.90,0.90,28,,757.8503666666667,0.0,0.0,0.0,43.42755,10800.0,10800.0,10800.0,948.98022914,0.0
B_fixed_q90,2025-03-20,2025-03-20,112,2025-03-20 18:40:00,2025-03-20 18:50:00,1.2881,4470.2464,0.4004,4338.3067,0.4163,722.9817333333333,27.815816666666706,750.79755,0.90,0.90,28,,560.5807666666673,0.0,184.39356666666595,0.0,0.0,10800.0,10595.11825925926,10588.64801851852,722.0840855433341,0.0
B_fixed_q90,2025-03-20,2025-03-20,113,2025-03-20 18:50:00,2025-03-20 19:00:00,1.3466,4579.24,0.0,4288.92,0.0,714.8199999999999,25.36166666666668,740.1816666666666,0.90,0.90,28,,0.0,0.0,763.2066666666666,0.0,0.0,10595.11825925926,9747.110851851852,9766.223944444446,0.0,0.0
B_fixed_q90,2025-03-20,2025-03-20,114,2025-03-20 19:00:00,2025-03-20 19:10:00,1.3523,4480.3082,0.0,4415.0451,0.0,735.84085,34.27571666666677,770.1165666666668,0.90,0.90,28,,0.0,0.0,746.7180333333333,0.0,0.0,9747.110851851852,8917.424148148148,8910.538870370372,0.0,0.0
B_fixed_q90,2025-03-20,2025-03-20,115,2025-03-20 19:10:00,2025-03-20 19:20:00,1.3445,4285.5618,0.0288,4447.7655,0.0299,741.2892666666667,23.954083333333415,765.2433500000001,0.90,0.90,28,,0.0,0.0,714.2555,0.0,0.0,8917.424148148148,8123.8069259259255,8060.268481481482,0.0,0.0
B_fixed_q90,2025-03-20,2025-03-20,116,2025-03-20 19:20:00,2025-03-20 19:30:00,1.3483,4196.78,0.0,4430.96,0.0,738.4933333333333,27.998333333333335,766.4916666666667,0.90,0.90,28,,0.0,0.0,699.4633333333333,0.0,0.0,8123.8069259259255,7346.625444444444,7208.611074074074,0.0,0.0
B_fixed_q90,2025-03-20,2025-03-20,117,2025-03-20 19:30:00,2025-03-20 19:40:00,1.349,4330.8684,0.0,4648.3362,0.0,774.7226999999999,43.59968333333313,818.322383333333,0.90,0.90,28,,0.0,0.0,721.8114,0.0,0.0,7346.625444444444,6544.612777777777,6299.3639814814815,0.0,0.0
B_fixed_q90,2025-03-20,2025-03-20,118,2025-03-20 19:40:00,2025-03-20 19:50:00,1.3473,4370.9481,0.0021,4630.751,0.0021,771.7914833333334,33.21996666666661,805.01145,0.90,0.90,28,,0.0,0.0,728.491,0.0,0.0,6544.612777777777,5735.178333333333,5404.906814814814,0.0,0.0
B_fixed_q90,2025-03-20,2025-03-20,119,2025-03-20 19:50:00,2025-03-20 20:00:00,1.3482,4358.21,0.0,4405.57,0.0,734.2616666666665,42.67500000000007,776.9366666666666,0.90,0.90,28,,0.0,0.0,726.3683333333333,0.0,0.0,5735.178333333333,4928.102407407408,4541.643851851852,0.0,0.0
B_fixed_q90,2025-03-20,2025-03-20,120,2025-03-20 20:00:00,2025-03-20 20:10:00,1.3513,4586.0191,0.0,4459.9096,0.0,743.3182666666667,21.56205,764.8803166666667,0.90,0.90,28,,0.0,0.0,764.3365166666667,0.0,0.0,4928.102407407408,4078.8396111111115,3691.7768333333333,0.0,0.0
B_fixed_q90,2025-03-20,2025-03-20,121,2025-03-20 20:10:00,2025-03-20 20:20:00,1.34,4523.6629,0.0,4389.7527,0.0,731.62545,24.640783333333275,756.2662333333333,0.90,0.90,28,,0.0,0.0,753.9438166666666,0.0,0.0,4078.8396111111115,3241.12425925926,2851.481018518519,0.0,0.0
B_fixed_q90,2025-03-20,2025-03-20,122,2025-03-20 20:20:00,2025-03-20 20:30:00,1.3489,4215.37,0.0,4195.37,0.0,699.2283333333332,37.74000000000012,736.9683333333334,0.90,0.90,28,,0.0,0.0,702.5616666666666,0.0,0.0,3241.12425925926,2460.5001851851857,2032.627314814815,0.0,0.0
B_fixed_q90,2025-03-20,2025-03-20,123,2025-03-20 20:30:00,2025-03-20 20:40:00,1.3952,4256.2469,0.0,4327.8811,0.0,721.3135166666666,28.05106666666677,749.3645833333334,0.90,0.90,28,,0.0,0.0,709.3744833333333,0.0,0.0,2460.5001851851857,1672.3063148148153,1200.0,0.0,0.0
B_fixed_q90,2025-03-20,2025-03-20,124,2025-03-20 20:40:00,2025-03-20 20:50:00,1.2226,4319.0159,0.0,4512.0344,0.0,752.0057333333332,34.84311666666679,786.84885,0.90,0.90,28,,786.84885,67.01286666666658,0.0,0.0,0.0,1672.3063148148153,1732.6178948148151,1200.0,962.0014040099999,0.0
B_fixed_q90,2025-03-20,2025-03-20,125,2025-03-20 20:50:00,2025-03-20 21:00:00,0.9332,4257.25,0.0,4484.87,0.0,747.4783333333332,35.91666666666663,783.3949999999999,0.90,0.90,28,,783.395,73.85333333333335,0.0,0.0,0.0,1732.6178948148151,1799.0858948148152,1200.0,731.064214,0.0
B_fixed_q90,2025-03-20,2025-03-20,126,2025-03-20 21:00:00,2025-03-20 21:10:00,0.9068,4290.2681,0.0,4273.0646,0.0,712.1774333333333,30.623866666666686,742.8013,0.90,0.90,28,,742.8013000000001,27.756616666666787,0.0,0.0,0.0,1799.0858948148152,1824.0668498148152,1200.0,673.5722188400001,0.0
B_fixed_q90,2025-03-20,2025-03-20,127,2025-03-20 21:10:00,2025-03-20 21:20:00,0.9371,4418.7036,0.0,4239.7897,0.0,706.6316166666667,28.95613333333347,735.5877500000001,0.90,0.90,28,,735.5877500000001,0.0,0.862849999999753,0.0,0.0,1824.0668498148152,1823.1081275925933,1200.0,689.3192805250002,0.0
B_fixed_q90,2025-03-20,2025-03-20,128,2025-03-20 21:20:00,2025-03-20 21:30:00,0.9371,4553.6,0.0,4406.58,0.0,734.43,36.90000000000009,771.33,0.90,0.90,28,,771.33,12.396666666666647,0.0,0.0,0.0,1823.1081275925933,1834.2651275925932,1200.0,722.813343,0.0
B_fixed_q90,2025-03-20,2025-03-20,129,2025-03-20 21:30:00,2025-03-20 21:40:00,0.9871,4526.2528,0.0,4390.6494,0.0,731.7749,32.22395000000006,763.9988500000001,0.90,0.90,28,,763.9988500000001,9.623383333333436,0.0,0.0,0.0,1834.2651275925932,1842.9261725925933,1200.0,754.1432648350001,0.0
B_fixed_q90,2025-03-20,2025-03-20,130,2025-03-20 21:40:00,2025-03-20 21:50:00,0.7764,4001.6252,0.0,3913.3811,0.0,652.2301833333333,28.08290000000011,680.3130833333335,0.90,0.90,28,,680.3130833333335,13.375550000000203,0.0,0.0,0.0,1842.9261725925933,1854.9641675925934,1200.0,528.1950779000001,0.0
B_fixed_q90,2025-03-20,2025-03-20,131,2025-03-20 21:50:00,2025-03-20 22:00:00,0.4209,3318.94,0.0,3346.61,0.0,557.7683333333333,50.60499999999996,608.3733333333332,0.90,0.90,28,,1441.7066666666665,833.3333333333333,0.0,0.0,55.21666666666658,1854.9641675925934,2604.964167592593,1950.0,606.8143359999999,0.0
B_fixed_q90,2025-03-20,2025-03-20,132,2025-03-20 22:00:00,2025-03-20 22:10:00,0.3859,3233.4088,0.0,3373.0005,0.0,562.16675,35.52290000000005,597.68965,0.90,0.90,28,,1431.0229833333333,833.3333333333333,0.0,0.0,58.788183333333336,2604.964167592593,3354.964167592593,2700.0,552.2317692683333,0.0
B_fixed_q90,2025-03-20,2025-03-20,133,2025-03-20 22:10:00,2025-03-20 22:20:00,0.4368,3319.971,0.0,3465.5966,0.0,577.5994333333333,21.255283333333296,598.8547166666666,0.90,0.90,28,,1265.5213833333312,712.1928833333312,0.0,0.0,0.0,3354.964167592593,3995.9377625925913,3299.999999999998,552.7797402399991,0.0
B_fixed_q90,2025-03-20,2025-03-20,134,2025-03-20 22:20:00,2025-03-20 22:30:00,0.4198,3255.84,0.0,3381.63,0.0,563.605,31.333333333333258,594.9383333333333,0.90,0.90,28,,1428.2716666666665,833.3333333333333,0.0,0.0,52.29833333333329,3995.9377625925913,4745.937762592592,4049.999999999998,599.5884456666666,0.0
B_fixed_q90,2025-03-20,2025-03-20,135,2025-03-20 22:30:00,2025-03-20 22:40:00,0.4186,3144.1326,0.0,3375.153,0.0,562.5255,30.226799999999912,592.7522999999999,0.90,0.90,28,,1426.0856333333331,833.3333333333333,0.0,0.0,68.73019999999997,4745.937762592592,5495.937762592592,4799.999999999998,596.9594461133333,0.0
B_fixed_q90,2025-03-20,2025-03-20,136,2025-03-20 22:40:00,2025-03-20 22:50:00,0.4241,3161.8174,0.0,3326.3207,0.0,554.3867833333334,38.29521666666665,592.682,0.90,0.90,28,,1426.0153333333333,833.3333333333333,0.0,0.0,65.71243333333337,5495.937762592592,6245.937762592592,5549.999999999998,604.7731028666666,0.0
B_fixed_q90,2025-03-20,2025-03-20,137,2025-03-20 22:50:00,2025-03-20 23:00:00,0.4237,3296.4,0.0,3298.16,0.0,549.6933333333333,37.375,587.0683333333333,0.90,0.90,28,,1420.4016666666666,833.3333333333333,0.0,0.0,37.66833333333341,6245.937762592592,6995.937762592592,6299.999999999998,601.8241861666667,0.0
B_fixed_q90,2025-03-20,2025-03-20,138,2025-03-20 23:00:00,2025-03-20 23:10:00,0.4248,3356.4081,0.0,3488.4212,0.0,581.4035333333334,25.747166666666658,607.1507,0.90,0.90,28,,1440.4840333333332,833.3333333333333,0.0,0.0,47.749349999999936,6995.937762592592,7745.937762592592,7049.999999999998,611.9176173599999,0.0
B_fixed_q90,2025-03-20,2025-03-20,139,2025-03-20 23:10:00,2025-03-20 23:20:00,0.424,3261.7676,0.0,3525.4193,0.0,587.5698833333333,29.767033333333416,617.3369166666668,0.90,0.90,28,,1450.6702500000001,833.3333333333333,0.0,0.0,73.70898333333355,7745.937762592592,8495.937762592592,7799.999999999998,615.084186,0.0
B_fixed_q90,2025-03-20,2025-03-20,140,2025-03-20 23:20:00,2025-03-20 23:30:00,0.422,3267.73,0.0,3418.47,0.0,569.7449999999999,26.154999999999973,595.8999999999999,0.90,0.90,28,,1429.2333333333331,833.3333333333333,0.0,0.0,51.278333333333194,8495.937762592592,9245.937762592592,8549.999999999998,603.1364666666666,0.0
B_fixed_q90,2025-03-20,2025-03-20,141,2025-03-20 23:30:00,2025-03-20 23:40:00,0.424,3604.076,0.0,3469.7557,0.0,578.2926166666666,23.950750000000085,602.2433666666667,0.90,0.90,28,,1435.5767,833.3333333333333,0.0,0.0,1.5640333333335548,9245.937762592592,9995.937762592592,9299.999999999998,608.6845208,0.0
B_fixed_q90,2025-03-20,2025-03-20,142,2025-03-20 23:40:00,2025-03-20 23:50:00,0.4271,3245.8691,0.0,3090.0777,0.0,515.0129499999999,43.38155000000006,558.3945,0.90,0.90,28,,1391.7278333333334,833.3333333333333,0.0,0.0,17.41631666666683,9995.937762592592,10745.937762592592,10049.999999999998,594.4069576166667,0.0
B_fixed_q90,2025-03-20,2025-03-20,143,2025-03-20 23:50:00,2025-03-21 00:00:00,0.4276,2401.0,0.0,2440.31,0.0,406.7183333333333,35.98666666666668,442.705,0.90,0.90,28,,1276.0383333333357,60.06915267489805,0.0,0.0,815.802513991771,10745.937762592592,10800.0,10800.0,545.6339913333343,0.0
B_fixed_q90,2025-06-21,2025-06-21,0,2025-06-21 00:00:00,2025-06-21 00:10:00,0.4248,3087.9838,0.0,3292.2207,0.0,548.70345,117.5527166666667,666.2561666666667,0.90,0.90,28,,666.2561666666661,0.0,0.0,0.0,151.59219999999948,10800.0,10800.0,10800.0,283.02561959999974,0.0
B_fixed_q90,2025-06-21,2025-06-21,1,2025-06-21 00:10:00,2025-06-21 00:20:00,0.4245,3200.0919,0.0,3247.762,0.0,541.2936666666667,110.03506666666658,651.3287333333333,0.90,0.90,28,,651.3287333333333,0.0,0.0,0.0,117.98008333333337,10800.0,10800.0,10800.0,276.4890473,0.0
B_fixed_q90,2025-06-21,2025-06-21,2,2025-06-21 00:20:00,2025-06-21 00:30:00,0.4269,3401.46,0.0,3135.42,0.0,522.5699999999999,110.94333333333327,633.5133333333332,0.90,0.90,28,,633.5133333333332,0.0,0.0,0.0,66.60333333333324,10800.0,10800.0,10800.0,270.44684199999995,0.0
B_fixed_q90,2025-06-21,2025-06-21,3,2025-06-21 00:30:00,2025-06-21 00:40:00,0.4272,3063.5261,0.0,3144.8943,0.0,524.14905,97.91101666666668,622.0600666666667,0.90,0.90,28,,622.0600666666667,0.0,0.0,0.0,111.47238333333337,10800.0,10800.0,10800.0,265.74406048000003,0.0
B_fixed_q90,2025-06-21,2025-06-21,4,2025-06-21 00:40:00,2025-06-21 00:50:00,0.4271,2820.2572,0.0,3189.3566,0.0,531.5594333333333,106.40331666666657,637.9627499999999,0.90,0.90,28,,637.9627499999999,0.0,0.0,0.0,167.91988333333325,10800.0,10800.0,10800.0,272.47389052499994,0.0
B_fixed_q90,2025-06-21,2025-06-21,5,2025-06-21 00:50:00,2025-06-21 01:00:00,0.4285,2883.38,0.0,3191.86,0.0,531.9766666666667,112.89166666666665,644.8683333333333,0.90,0.90,28,,644.8683333333333,0.0,0.0,0.0,164.305,10800.0,10800.0,10800.0,276.3260808333333,0.0
B_fixed_q90,2025-06-21,2025-06-21,6,2025-06-21 01:00:00,2025-06-21 01:10:00,0.4311,2869.9796,0.0,3141.3129,0.0,523.55215,116.13384999999994,639.6859999999999,0.90,0.90,28,,639.6859999999999,0.0,0.0,0.0,161.3560666666666,10800.0,10800.0,10800.0,275.7686345999999,0.0
B_fixed_q90,2025-06-21,2025-06-21,7,2025-06-21 01:10:00,2025-06-21 01:20:00,0.4302,2985.8287,0.0,2978.2906,0.0,496.38176666666664,98.65631666666661,595.0380833333332,0.90,0.90,28,,595.0380833333332,0.0,0.0,0.0,97.39996666666661,10800.0,10800.0,10800.0,255.98538344999997,0.0
B_fixed_q90,2025-06-21,2025-06-21,8,2025-06-21 01:20:00,2025-06-21 01:30:00,0.4279,3164.18,0.0,2859.96,0.0,476.65999999999997,100.51833333333332,577.1783333333333,0.90,0.90,28,,577.1783333333333,0.0,0.0,0.0,49.815000000000055,10800.0,10800.0,10800.0,246.97460883333332,0.0
B_fixed_q90,2025-06-21,2025-06-21,9,2025-06-21 01:30:00,2025-06-21 01:40:00,0.4312,3064.8457,0.0,2991.4169,0.0,498.5694833333333,80.57246666666663,579.14195,0.90,0.90,28,,579.14195,0.0,0.0,0.0,68.33433333333335,10800.0,10800.0,10800.0,249.72600884,0.0
B_fixed_q90,2025-06-21,2025-06-21,10,2025-06-21 01:40:00,2025-06-21 01:50:00,0.4333,2954.0459,0.0,2886.449,0.0,481.07483333333334,95.10316666666671,576.1780000000001,0.90,0.90,28,,576.1780000000001,0.0,0.0,0.0,83.83701666666678,10800.0,10800.0,10800.0,249.65792740000006,0.0
B_fixed_q90,2025-06-21,2025-06-21,11,2025-06-21 01:50:00,2025-06-21 02:00:00,0.4311,2994.62,0.0,2684.58,0.0,447.42999999999995,109.09333333333325,556.5233333333332,0.90,0.90,28,,556.5233333333332,0.0,0.0,0.0,57.4199999999999,10800.0,10800.0,10800.0,239.91720899999993,0.0
B_fixed_q90,2025-06-21,2025-06-21,12,2025-06-21 02:00:00,2025-06-21 02:10:00,0.4293,3072.4014,0.0,2981.874,0.0,496.9789999999999,87.39283333333333,584.3718333333333,0.90,0.90,28,,584.3718333333333,0.0,0.0,0.0,72.30493333333322,10800.0,10800.0,10800.0,250.87082804999997,0.0
B_fixed_q90,2025-06-21,2025-06-21,13,2025-06-21 02:10:00,2025-06-21 02:20:00,0.4324,3013.1015,0.0,3040.3061,0.0,506.7176833333333,84.52453333333335,591.2422166666666,0.90,0.90,28,,591.2422166666666,0.0,0.0,0.0,89.05863333333332,10800.0,10800.0,10800.0,255.65313448666666,0.0
B_fixed_q90,2025-06-21,2025-06-21,14,2025-06-21 02:20:00,2025-06-21 02:30:00,0.4367,2838.75,0.0,2782.61,0.0,463.7683333333333,81.95000000000005,545.7183333333334,0.90,0.90,28,,0.0,0.0,473.125,0.0,0.0,10800.0,10274.305555555555,10193.646296296296,0.0,0.0
B_fixed_q90,2025-06-21,2025-06-21,15,2025-06-21 02:30:00,2025-06-21 02:40:00,0.4348,2749.9199,0.0,2861.4034,0.0,476.9005666666667,40.73574999999994,517.6363166666666,0.90,0.90,28,,517.6363166666666,59.31633333333332,0.0,0.0,0.0,10274.305555555555,10327.690255555555,10193.646296296296,225.06827048666665,0.0
B_fixed_q90,2025-06-21,2025-06-21,16,2025-06-21 02:40:00,2025-06-21 02:50:00,0.4335,2820.5847,0.0,2863.2888,0.0,477.21479999999997,41.32341666666662,518.5382166666666,0.90,0.90,28,,518.5382166666666,48.440766666666605,0.0,0.0,0.0,10327.690255555555,10371.286945555556,10193.646296296296,224.78631692499997,0.0
B_fixed_q90,2025-06-21,2025-06-21,17,2025-06-21 02:50:00,2025-06-21 03:00:00,0.4357,2936.24,0.0,2706.74,0.0,451.1233333333333,62.32166666666666,513.4449999999999,0.90,0.90,28,,513.4449999999999,24.07166666666666,0.0,0.0,0.0,10371.286945555556,10392.951445555556,10193.646296296296,223.70798649999995,0.0
B_fixed_q90,2025-06-21,2025-06-21,18,2025-06-21 03:00:00,2025-06-21 03:10:00,0.4374,2920.1894,0.0012,2767.5101,0.0016,461.2514166666666,46.894949999999994,508.1463666666666,0.90,0.90,28,,0.0,0.0,486.69803333333334,0.0,0.0,10392.951445555556,9852.175852962964,9629.039222222222,0.0,0.0
B_fixed_q90,2025-06-21,2025-06-21,19,2025-06-21 03:10:00,2025-06-21 03:20:00,0.4371,2951.0328,0.0,2826.5835,0.0,471.09725000000003,50.77761666666663,521.8748666666667,0.90,0.90,28,,0.0,0.0,491.8388,0.0,0.0,9852.175852962964,9305.688297407409,9049.178259259259,0.0,0.0
B_fixed_q90,2025-06-21,2025-06-21,20,2025-06-21 03:20:00,2025-06-21 03:30:00,0.4356,2977.51,0.0,2821.38,0.0,470.23,46.539999999999964,516.77,0.90,0.90,28,,516.77,20.518333333333317,0.0,0.0,0.0,9305.688297407409,9324.15479740741,9049.178259259259,225.105012,0.0
B_fixed_q90,2025-06-21,2025-06-21,21,2025-06-21 03:30:00,2025-06-21 03:40:00,0.4353,2780.298,0.0162,2923.502,0.0221,487.24664999999993,54.06638333333336,541.3130333333334,0.90,0.90,28,,541.3130333333334,77.93273333333343,0.0,0.0,0.0,9324.15479740741,9394.29425740741,9049.178259259259,235.63356341000002,0.0
B_fixed_q90,2025-06-21,2025-06-21,22,2025-06-21 03:40:00,2025-06-21 03:50:00,0.436,2728.3059,0.0,2996.6877,0.0,499.44795,41.42473333333328,540.8726833333333,0.90,0.90,28,,540.8726833333333,86.15503333333334,0.0,0.0,0.0,9394.29425740741,9471.83378740741,9049.178259259259,235.8204899333333,0.0
B_fixed_q90,2025-06-21,2025-06-21,23,2025-06-21 03:50:00,2025-06-21 04:00:00,0.4378,2862.19,0.0,2885.8,0.0,480.9666666666667,34.039999999999964,515.0066666666667,0.90,0.90,28,,0.0,0.0,477.03166666666664,0.0,0.0,9471.83378740741,8941.798602222225,8476.948629629629,0.0,0.0
B_fixed_q90,2025-06-21,2025-06-21,24,2025-06-21 04:00:00,2025-06-21 04:10:00,0.4401,2845.9182,0.2263,2608.6737,0.3079,434.7276333333333,54.3284000000001,489.0560333333334,0.90,0.90,28,,0.0,0.0,474.28198333333336,0.0,0.0,8941.798602222225,8414.818620740743,7933.553037037036,0.0,0.0
B_fixed_q90,2025-06-21,2025-06-21,25,2025-06-21 04:10:00,2025-06-21 04:20:00,0.4389,2748.951,0.0,2602.2534,0.0,433.70889999999997,40.995750000000044,474.70465,0.90,0.90,28,,0.0,0.0,458.1585,0.0,0.0,8414.818620740743,7905.753620740744,7406.103425925925,0.0,0.0
B_fixed_q90,2025-06-21,2025-06-21,26,2025-06-21 04:20:00,2025-06-21 04:30:00,0.4364,2677.31,0.0,2799.89,0.0,466.6483333333333,44.44833333333338,511.0966666666667,0.90,0.90,28,,13.08698583333188,0.0,433.1313475000014,0.0,0.0,7905.753620740744,7424.496567962964,6852.7593361111085,5.711160617666033,0.0
B_fixed_q90,2025-06-21,2025-06-21,27,2025-06-21 04:30:00,2025-06-21 04:40:00,0.4393,2660.8713,3.1516,2720.8463,4.2881,452.75969999999995,24.645883333333302,477.40558333333325,0.90,0.90,28,,0.0,0.0,442.9532833333333,0.0,0.0,7424.496567962964,6932.32625314815,6322.30868796296,0.0,0.0
B_fixed_q90,2025-06-21,2025-06-21,28,2025-06-21 04:40:00,2025-06-21 04:50:00,0.4422,2702.3205,0.0,2641.2198,0.0,440.20329999999996,36.010366666666755,476.2136666666667,0.90,0.90,28,,0.0,0.0,450.38674999999995,0.0,0.0,6932.32625314815,6431.896530925927,5793.1823916666635,0.0,0.0
B_fixed_q90,2025-06-21,2025-06-21,29,2025-06-21 04:50:00,2025-06-21 05:00:00,0.4395,2732.32,7.275,2632.74,8.7375,437.3337499999999,72.31166666666672,509.6454166666666,0.90,0.90,28,,0.0,0.0,454.1741666666667,0.0,0.0,6431.896530925927,5927.258567962965,5226.909706481479,0.0,0.0
B_fixed_q90,2025-06-21,2025-06-21,30,2025-06-21 05:00:00,2025-06-21 05:10:00,0.4333,2664.7178,116.7655,2502.539,152.8995,391.60658333333333,50.350183333333234,441.95676666666657,0.90,0.90,28,,441.95676666666657,17.298049999999932,0.0,0.0,0.0,5927.258567962965,5942.826812962965,5226.909706481479,191.49986699666664,0.0
B_fixed_q90,2025-06-21,2025-06-21,31,2025-06-21 05:10:00,2025-06-21 05:20:00,0.4439,2606.871,263.9703,2578.8036,339.8186,373.1641666666667,33.671400000000006,406.8355666666667,0.90,0.90,28,,0.0,0.0,390.48345,0.0,0.0,5942.826812962965,5508.956312962965,4774.87018796296,0.0,0.0
B_fixed_q90,2025-06-21,2025-06-21,32,2025-06-21 05:20:00,2025-06-21 05:30:00,0.4301,2642.15,417.075,2833.56,525.2625,384.71624999999995,45.71875,430.43499999999995,0.90,0.90,28,,430.43499999999995,59.589166666666586,0.0,0.0,0.0,5508.956312962965,5562.586562962965,4774.87018796296,185.13009349999996,0.0
B_fixed_q90,2025-06-21,2025-06-21,33,2025-06-21 05:30:00,2025-06-21 05:40:00,0.3713,2745.0641,587.5961,2871.5102,736.5288,355.83023333333335,49.37049999999988,405.20073333333323,0.90,0.90,28,,405.20073333333323,45.62273333333326,0.0,0.0,0.0,5562.586562962965,5603.647022962965,4774.87018796296,150.45103228666665,0.0
B_fixed_q90,2025-06-21,2025-06-21,34,2025-06-21 05:40:00,2025-06-21 05:50:00,0.5708,2758.042,735.8325,2789.4328,959.2791,305.0256166666667,34.42191666666679,339.44753333333347,0.90,0.90,28,,0.0,0.0,337.0349166666666,0.0,0.0,5603.647022962965,5229.163782222225,4397.706262037033,0.0,0.0
B_fixed_q90,2025-06-21,2025-06-21,35,2025-06-21 05:50:00,2025-06-21 06:00:00,0.9099,2741.64,890.7,2768.88,1180.05,264.805,60.663749999999936,325.46874999999994,0.90,0.90,28,,0.0,0.0,308.48999999999995,0.0,0.0,5229.163782222225,4886.397115555558,4036.0743175925886,0.0,0.0
B_fixed_q90,2025-06-21,2025-06-21,36,2025-06-21 06:00:00,2025-06-21 06:10:00,0.9368,2888.7304,1136.9554,2863.8437,1397.0577,244.4643333333333,42.507749999999874,286.97208333333316,0.90,0.90,28,,0.0,0.0,291.9625,0.0,0.0,4886.397115555558,4561.994337777781,3717.2164472222184,0.0,0.0
B_fixed_q90,2025-06-21,2025-06-21,37,2025-06-21 06:10:00,2025-06-21 06:20:00,0.8758,2932.231,1453.4028,2808.6146,1606.6151,200.33324999999996,54.63901666666675,254.9722666666667,0.90,0.90,28,,0.0,0.0,246.47136666666668,0.0,0.0,4561.994337777781,4288.137263703707,3433.9139287037,0.0,0.0
B_fixed_q90,2025-06-21,2025-06-21,38,2025-06-21 06:20:00,2025-06-21 06:30:00,0.8759,2764.02,1765.9125,2621.69,1807.2,135.74833333333333,72.46125000000004,208.20958333333337,0.90,0.90,28,,0.0,0.0,166.35125,0.0,0.0,4288.137263703707,4103.302541481485,3202.5699472222186,0.0,0.0
B_fixed_q90,2025-06-21,2025-06-21,39,2025-06-21 06:30:00,2025-06-21 06:40:00,0.8601,2606.6137,2022.3026,2617.437,2000.3548,102.8470333333333,74.09726666666666,176.94429999999994,0.90,0.90,28,,0.0,0.0,97.38518333333332,0.0,0.0,4103.302541481485,3995.0967822222256,3005.965169444441,0.0,0.0
B_fixed_q90,2025-06-21,2025-06-21,40,2025-06-21 06:40:00,2025-06-21 06:50:00,0.8442,2867.7649,2350.4923,2834.3885,2192.9589,106.90493333333332,83.20323333333317,190.10816666666648,0.90,0.90,28,,0.0,0.0,86.21210000000004,0.0,0.0,3995.0967822222256,3899.3055600000034,2794.733873148145,0.0,0.0
B_fixed_q90,2025-06-21,2025-06-21,41,2025-06-21 06:50:00,2025-06-21 07:00:00,0.8334,3304.27,2699.25,3131.11,2488.1625,107.1579166666667,53.563333333333276,160.72124999999997,0.90,0.90,28,,0.0,0.0,100.83666666666666,0.0,0.0,3899.3055600000034,3787.264819259263,2616.1547064814786,0.0,0.0
B_fixed_q90,2025-06-21,2025-06-21,42,2025-06-21 07:00:00,2025-06-21 07:10:00,0.8092,3254.3169,2874.6231,3294.7013,2986.6862,51.33585000000001,89.35721666666669,140.6930666666667,0.90,0.90,28,,0.0,0.0,63.2823,0.0,0.0,3787.264819259263,3716.9511525925964,2459.829076851849,0.0,0.0
B_fixed_q90,2025-06-21,2025-06-21,43,2025-06-21 07:10:00,2025-06-21 07:20:00,0.7972,3137.5948,3006.0287,3261.0929,3412.6444,-25.258583333333338,67.82260000000014,42.5640166666668,0.90,0.90,28,,0.0,0.0,21.927683333333334,0.0,0.0,3716.9511525925964,3692.587060000004,2412.535724999997,0.0,0.0
B_fixed_q90,2025-06-21,2025-06-21,44,2025-06-21 07:20:00,2025-06-21 07:30:00,0.7644,3174.85,3224.8875,3155.75,3690.2625,-89.08541666666663,78.08166666666659,-11.00375000000004,0.90,0.90,28,,0.0,8.339583333333318,0.0,0.0,0.0,3692.587060000004,3700.0926850000037,2422.439099999997,0.0,0.0
B_fixed_q90,2025-06-21,2025-06-21,45,2025-06-21 07:30:00,2025-06-21 07:40:00,0.6899,3159.7263,3537.527,3173.0118,3974.9372,-133.65423333333325,78.73780000000002,-54.91643333333323,0.90,0.90,28,,0.0,62.96678333333337,0.0,0.0,0.0,3700.0926850000037,3756.762790000004,2471.863889999997,0.0,0.0
B_fixed_q90,2025-06-21,2025-06-21,46,2025-06-21 07:40:00,2025-06-21 07:50:00,0.86,3087.5763,3785.3986,3186.3298,4172.0564,-164.28776666666673,99.54941666666673,-64.73835,0.90,0.90,28,,0.0,116.30371666666663,0.0,0.0,0.0,3756.762790000004,3861.436135000004,2530.1284049999963,0.0,0.0
B_fixed_q90,2025-06-21,2025-06-21,47,2025-06-21 07:50:00,2025-06-21 08:00:00,1.1617,3062.36,4003.425,3174.31,4269.825,-182.5858333333333,117.45583333333326,-65.13000000000005,0.90,0.90,28,,0.0,156.84416666666667,0.0,0.0,0.0,3861.436135000004,4002.595885000004,2588.7454049999965,0.0,0.0
B_fixed_q90,2025-06-21,2025-06-21,48,2025-06-21 08:00:00,2025-06-21 08:10:00,1.1683,3162.0197,4334.7324,3235.6404,4385.3882,-191.62463333333335,138.2405,-53.38413333333335,0.90,0.90,28,,0.0,195.45211666666665,0.0,0.0,0.0,4002.595885000004,4178.502790000004,2636.7911249999966,0.0,0.0
B_fixed_q90,2025-06-21,2025-06-21,49,2025-06-21 08:10:00,2025-06-21 08:20:00,1.0956,3160.9922,4441.8035,3211.7119,4557.504,-224.29868333333334,154.46513333333328,-69.83355000000006,0.90,0.90,28,,0.0,213.46854999999996,0.0,0.0,0.0,4178.502790000004,4370.624485000004,2699.6413199999965,0.0,0.0
B_fixed_q90,2025-06-21,2025-06-21,50,2025-06-21 08:20:00,2025-06-21 08:30:00,1.0849,3037.59,4358.7,3117.03,4806.1125,-281.51374999999996,170.30041666666648,-111.21333333333348,0.90,0.90,28,,0.0,220.18499999999995,0.0,0.0,0.0,4370.624485000004,4568.790985000004,2799.7333199999966,0.0,0.0
B_fixed_q90,2025-06-21,2025-06-21,51,2025-06-21 08:30:00,2025-06-21 08:40:00,1.061,3030.9974,4479.895,3160.411,5092.0224,-321.93523333333326,132.9839000000001,-188.95133333333317,0.90,0.90,28,,0.0,241.48293333333336,0.0,0.0,0.0,4568.790985000004,4786.125625000004,2969.7895199999966,0.0,0.0
B_fixed_q90,2025-06-21,2025-06-21,52,2025-06-21 08:40:00,2025-06-21 08:50:00,1.043,3289.939,4668.5166,3366.9129,5152.4772,-297.59405000000004,131.0628666666668,-166.53118333333325,0.90,0.90,28,,0.0,229.76293333333334,0.0,0.0,0.0,4786.125625000004,4992.9122650000045,3119.6675849999965,0.0,0.0
B_fixed_q90,2025-06-21,2025-06-21,53,2025-06-21 08:50:00,2025-06-21 09:00:00,1.036,3650.62,4746.075,3644.16,5183.1,-256.49000000000007,141.8870833333332,-114.60291666666686,0.90,0.90,28,,0.0,182.57583333333332,0.0,0.0,0.0,4992.9122650000045,5157.230515000005,3222.810209999997,0.0,0.0
B_fixed_q90,2025-06-21,2025-06-21,54,2025-06-21 09:00:00,2025-06-21 09:10:00,1.0147,3785.9011,4746.9534,3852.5107,5602.4247,-291.6523333333333,165.44285000000002,-126.20948333333325,0.90,0.90,28,,0.0,160.17538333333337,0.0,0.0,0.0,5157.230515000005,5301.3883600000045,3336.398744999997,0.0,0.0
B_fixed_q90,2025-06-21,2025-06-21,55,2025-06-21 09:10:00,2025-06-21 09:20:00,0.9922,3849.6183,5139.4381,3939.4047,5705.744,-294.3898833333333,150.416,-143.97388333333328,0.90,0.90,28,,0.0,214.9699666666667,0.0,0.0,0.0,5301.3883600000045,5494.861330000004,3465.9752399999966,0.0,0.0
B_fixed_q90,2025-06-21,2025-06-21,56,2025-06-21 09:20:00,2025-06-21 09:30:00,0.97,3824.6,5794.3125,3890.66,5464.2375,-262.2629166666667,140.12749999999988,-122.1354166666668,0.90,0.90,28,,0.0,328.28541666666666,0.0,0.0,0.0,5494.861330000004,5790.318205000004,3575.8971149999966,0.0,0.0
B_fixed_q90,2025-06-21,2025-06-21,57,2025-06-21 09:30:00,2025-06-21 09:40:00,0.9422,3582.3586,6109.068,3743.0588,5592.3571,-308.2163833333334,192.33538333333323,-115.88100000000017,0.90,0.90,28,,0.0,421.11823333333336,0.0,0.0,0.0,5790.318205000004,6169.324615000004,3680.190014999997,0.0,0.0
B_fixed_q90,2025-06-21,2025-06-21,58,2025-06-21 09:40:00,2025-06-21 09:50:00,0.9569,3687.9447,6385.1018,3668.9743,5934.8802,-377.6509833333333,213.92371666666668,-163.7272666666666,0.90,0.90,28,,0.0,449.5261833333334,0.0,0.0,0.0,6169.324615000004,6573.898180000004,3827.5445549999968,0.0,0.0
B_fixed_q90,2025-06-21,2025-06-21,59,2025-06-21 09:50:00,2025-06-21 10:00:00,0.9977,4000.14,6643.5375,3763.84,6259.5,-415.94333333333327,174.8825,-241.06083333333328,0.90,0.90,28,,0.0,440.5662500000001,0.0,0.0,0.0,6573.898180000004,6970.4078050000035,4044.499304999997,0.0,0.0
B_fixed_q90,2025-06-21,2025-06-21,60,2025-06-21 10:00:00,2025-06-21 10:10:00,0.9919,3826.1041,6589.8893,3940.9272,6487.3724,-424.40753333333333,194.58656666666667,-229.82096666666666,0.90,0.90,28,,0.0,460.63086666666663,0.0,0.0,0.0,6970.4078050000035,7384.975585000004,4251.338174999997,0.0,0.0
B_fixed_q90,2025-06-21,2025-06-21,61,2025-06-21 10:10:00,2025-06-21 10:20:00,0.9588,3761.4976,6695.6004,3851.4805,6558.8571,-451.2294333333333,210.01418333333336,-241.21524999999994,0.90,0.90,28,,0.0,489.01713333333333,0.0,0.0,0.0,7384.975585000004,7825.091005000004,4468.431899999997,0.0,0.0
B_fixed_q90,2025-06-21,2025-06-21,62,2025-06-21 10:20:00,2025-06-21 10:30:00,0.9549,3901.91,7000.9875,3627.76,6622.0125,-499.04208333333327,210.9375,-288.10458333333327,0.90,0.90,28,,0.0,516.5129166666667,0.0,0.0,0.0,7825.091005000004,8289.952630000003,4727.726024999996,0.0,0.0
B_fixed_q90,2025-06-21,2025-06-21,63,2025-06-21 10:30:00,2025-06-21 10:40:00,0.9839,3726.7535,7093.8409,3731.9048,6889.2348,-526.2216666666667,244.34111666666664,-281.8805500000001,0.90,0.90,28,,0.0,561.1812333333334,0.0,0.0,0.0,8289.952630000003,8795.015740000003,4981.4185199999965,0.0,0.0
B_fixed_q90,2025-06-21,2025-06-21,64,2025-06-21 10:40:00,2025-06-21 10:50:00,0.799,3565.5609,7243.1188,3783.4133,7030.3159,-541.1504333333332,205.32943333333333,-335.8209999999999,0.90,0.90,28,,0.0,612.9263166666667,0.0,0.0,0.0,8795.015740000003,9346.649425000003,5283.6574200000005,0.0,0.0
B_fixed_q90,2025-06-21,2025-06-21,65,2025-06-21 10:50:00,2025-06-21 11:00:00,0.5025,3679.21,7400.1,3618.92,6992.85,-562.3216666666667,278.7212499999999,-283.60041666666683,0.90,0.90,28,,0.0,620.1483333333333,0.0,0.0,0.0,9346.649425000003,9904.782925000003,5538.897795000001,0.0,0.0
B_fixed_q90,2025-06-21,2025-06-21,66,2025-06-21 11:00:00,2025-06-21 11:10:00,0.4662,3945.6166,7306.5816,3481.824,7042.9006,-593.5127666666666,261.51508333333334,-331.99768333333327,0.90,0.90,28,,0.0,560.1608333333334,0.0,0.0,0.0,9904.782925000003,10408.927675000003,5837.69571,0.0,0.0
B_fixed_q90,2025-06-21,2025-06-21,67,2025-06-21 11:10:00,2025-06-21 11:20:00,0.5007,3900.6403,7782.8954,3500.7818,7067.4755,-594.4489499999999,235.20160000000018,-359.24734999999964,0.90,0.90,28,,0.0,434.52480555555263,0.0,0.0,212.517711111114,10408.927675000003,10800.0,6161.018325,0.0,0.0
B_fixed_q90,2025-06-21,2025-06-21,68,2025-06-21 11:20:00,2025-06-21 11:30:00,0.4827,3645.76,8490.225,3619.72,7078.8,-576.5133333333333,216.0850000000002,-360.4283333333331,0.90,0.90,28,,0.0,0.0,0.0,0.0,807.4108333333334,10800.0,10800.0,6485.403824999999,0.0,0.0
B_fixed_q90,2025-06-21,2025-06-21,69,2025-06-21 11:30:00,2025-06-21 11:40:00,0.4785,3705.1427,8180.7164,3676.5508,7189.044,-585.4155333333333,217.67873333333347,-367.73679999999985,0.90,0.90,28,,0.0,0.0,0.0,0.0,745.9289500000001,10800.0,10800.0,6816.366945,0.0,0.0
B_fixed_q90,2025-06-21,2025-06-21,70,2025-06-21 11:40:00,2025-06-21 11:50:00,0.4662,3724.3133,7677.6706,3689.0127,7033.8841,-557.4785666666667,255.64781666666636,-301.8307500000003,0.90,0.90,28,,0.0,0.0,0.0,0.0,658.8928833333334,10800.0,10800.0,7088.01462,0.0,0.0
B_fixed_q90,2025-06-21,2025-06-21,71,2025-06-21 11:50:00,2025-06-21 12:00:00,0.4432,3631.08,7665.1125,3693.53,6626.2125,-488.78041666666655,241.81583333333333,-246.96458333333322,0.90,0.90,28,,0.0,0.0,0.0,0.0,672.33875,10800.0,10800.0,7310.2827449999995,0.0,0.0
B_fixed_q90,2025-06-21,2025-06-21,72,2025-06-21 12:00:00,2025-06-21 12:10:00,0.4411,3735.5415,8044.2631,3700.2899,6414.5524,-452.3770833333332,181.75475000000003,-270.62233333333313,0.90,0.90,28,,0.0,0.0,0.0,0.0,718.1202666666668,10800.0,10800.0,7553.842844999999,0.0,0.0
B_fixed_q90,2025-06-21,2025-06-21,73,2025-06-21 12:10:00,2025-06-21 12:20:00,0.4551,3852.2352,8300.9755,3725.1955,6580.7353,-475.92330000000004,199.87679999999997,-276.04650000000004,0.90,0.90,28,,0.0,0.0,0.0,0.0,741.4567166666667,10800.0,10800.0,7802.284694999999,0.0,0.0
B_fixed_q90,2025-06-21,2025-06-21,74,2025-06-21 12:20:00,2025-06-21 12:30:00,0.4463,3928.56,8383.0125,3761.52,6916.125,-525.7674999999999,198.8279166666666,-326.9395833333333,0.90,0.90,28,,0.0,0.0,0.0,0.0,742.4087500000002,10800.0,10800.0,8096.530319999999,0.0,0.0
B_fixed_q90,2025-06-21,2025-06-21,75,2025-06-21 12:30:00,2025-06-21 12:40:00,0.4113,4059.9044,8605.7877,3780.9427,6997.9126,-536.1616499999999,184.10408333333334,-352.05756666666656,0.90,0.90,28,,0.0,0.0,0.0,0.0,757.6472166666668,10800.0,10800.0,8413.382129999998,0.0,0.0
B_fixed_q90,2025-06-21,2025-06-21,76,2025-06-21 12:40:00,2025-06-21 12:50:00,0.5682,3912.5928,8542.7209,3768.4578,6828.0916,-509.9389666666666,225.3083666666667,-284.6305999999999,0.90,0.90,28,,0.0,0.0,0.0,0.0,771.6880166666666,10800.0,10800.0,8669.549669999999,0.0,0.0
B_fixed_q90,2025-06-21,2025-06-21,77,2025-06-21 12:50:00,2025-06-21 13:00:00,0.8279,3688.01,8049.6,3763.37,6705.9,-490.4216666666666,204.5741666666667,-285.8474999999999,0.90,0.90,28,,0.0,0.0,0.0,0.0,726.9316666666666,10800.0,10800.0,8926.81242,0.0,0.0
B_fixed_q90,2025-06-21,2025-06-21,78,2025-06-21 13:00:00,2025-06-21 13:10:00,0.8636,3910.4683,7493.4162,3817.3428,6883.7552,-511.0687333333333,240.1059999999999,-270.9627333333334,0.90,0.90,28,,0.0,0.0,0.0,0.0,597.1579833333333,10800.0,10800.0,9170.67888,0.0,0.0
B_fixed_q90,2025-06-21,2025-06-21,79,2025-06-21 13:10:00,2025-06-21 13:20:00,0.8416,3862.6154,7354.9231,3834.9581,6717.4275,-480.41156666666666,231.4726666666667,-248.93889999999996,0.90,0.90,28,,0.0,0.0,0.0,0.0,582.0512833333332,10800.0,10800.0,9394.72389,0.0,0.0
B_fixed_q90,2025-06-21,2025-06-21,80,2025-06-21 13:20:00,2025-06-21 13:30:00,0.8618,3589.29,7340.8875,3827.67,6265.05,-406.23,220.9045833333333,-185.3254166666667,0.90,0.90,28,,0.0,0.0,0.0,0.0,625.2662499999999,10800.0,10800.0,9561.516765,0.0,0.0
B_fixed_q90,2025-06-21,2025-06-21,81,2025-06-21 13:30:00,2025-06-21 13:40:00,0.8623,3849.2221,6714.7449,3893.2639,6241.1191,-391.3092,251.64231666666683,-139.66688333333315,0.90,0.90,28,,0.0,0.0,0.0,0.0,477.58713333333327,10800.0,10800.0,9687.21696,0.0,0.0
B_fixed_q90,2025-06-21,2025-06-21,82,2025-06-21 13:40:00,2025-06-21 13:50:00,0.9026,3978.2382,6127.755,3906.2985,6290.4161,-397.3529333333334,209.22438333333332,-188.12855000000008,0.90,0.90,28,,0.0,0.0,0.0,0.0,358.25280000000004,10800.0,10800.0,9856.532655,0.0,0.0
B_fixed_q90,2025-06-21,2025-06-21,83,2025-06-21 13:50:00,2025-06-21 14:00:00,0.9754,3861.85,5956.2,3871.55,6216.3,-390.79166666666663,147.85083333333324,-242.9408333333334,0.90,0.90,28,,0.0,0.0,0.0,0.0,349.0583333333333,10800.0,10800.0,10075.179405,0.0,0.0
B_fixed_q90,2025-06-21,2025-06-21,84,2025-06-21 14:00:00,2025-06-21 14:10:00,1.0002,4047.8905,5941.7978,3911.3368,6181.434,-378.34953333333334,167.62058333333331,-210.72895000000003,0.90,0.90,28,,0.0,0.0,0.0,0.0,315.6512166666667,10800.0,10800.0,10264.83546,0.0,0.0
B_fixed_q90,2025-06-21,2025-06-21,85,2025-06-21 14:10:00,2025-06-21 14:20:00,0.9978,4095.2281,5827.294,3878.1365,6047.9156,-361.62985000000003,167.26308333333324,-194.3667666666668,0.90,0.90,28,,0.0,0.0,0.0,0.0,288.67764999999997,10800.0,10800.0,10439.76555,0.0,0.0
B_fixed_q90,2025-06-21,2025-06-21,86,2025-06-21 14:20:00,2025-06-21 14:30:00,1.0271,4007.39,5738.1375,3792.1,5758.5375,-327.73958333333337,174.76499999999987,-152.9745833333335,0.90,0.90,28,,0.0,0.0,0.0,0.0,288.4579166666666,10800.0,10800.0,10577.442675,0.0,0.0
B_fixed_q90,2025-06-21,2025-06-21,87,2025-06-21 14:30:00,2025-06-21 14:40:00,1.0906,4227.0513,5964.2607,3849.9288,5455.4133,-267.58074999999997,144.04934999999978,-123.53140000000019,0.90,0.90,28,,0.0,0.0,0.0,0.0,289.53489999999994,10800.0,10800.0,10688.620935,0.0,0.0
B_fixed_q90,2025-06-21,2025-06-21,88,2025-06-21 14:40:00,2025-06-21 14:50:00,0.9376,4182.4486,5979.2451,4004.3225,5412.6767,-234.72569999999996,141.7804666666666,-92.94523333333336,0.90,0.90,28,,0.0,0.0,0.0,0.0,299.46608333333336,10800.0,10800.0,10772.271645,0.0,0.0
B_fixed_q90,2025-06-21,2025-06-21,89,2025-06-21 14:50:00,2025-06-21 15:00:00,0.6694,3879.68,5680.4625,4111.94,5418.3,-217.72666666666674,193.11749999999998,-24.609166666666766,0.90,0.90,28,,0.0,0.0,0.0,0.0,300.13041666666663,10800.0,10800.0,10794.419895,0.0,0.0
B_fixed_q90,2025-06-21,2025-06-21,90,2025-06-21 15:00:00,2025-06-21 15:10:00,0.66,3916.2335,5457.1539,4048.532,5001.8274,-158.88256666666666,152.68245000000024,-6.200116666666418,0.90,0.90,28,,0.0,0.0,0.0,0.0,256.8200666666667,10800.0,10800.0,10800.0,0.0,0.0
B_fixed_q90,2025-06-21,2025-06-21,91,2025-06-21 15:10:00,2025-06-21 15:20:00,0.7217,3924.3398,5153.0688,3899.0665,4697.3994,-133.05548333333337,188.62200000000013,55.56651666666676,0.90,0.90,28,,55.56651666666676,0.0,0.0,0.0,260.35468333333336,10800.0,10800.0,10800.0,40.102355078333396,0.0
B_fixed_q90,2025-06-21,2025-06-21,92,2025-06-21 15:20:00,2025-06-21 15:30:00,0.7308,3875.5,4811.1,3872.03,4584.0375,-118.66791666666668,228.51041666666652,109.84249999999983,0.90,0.90,28,,109.84249999999983,0.0,0.0,0.0,265.77583333333325,10800.0,10800.0,10800.0,80.27289899999988,0.0
B_fixed_q90,2025-06-21,2025-06-21,93,2025-06-21 15:30:00,2025-06-21 15:40:00,0.7534,4137.0155,4680.9532,4110.3626,4217.3348,-17.828699999999873,232.50471666666664,214.67601666666675,0.90,0.90,28,,214.67601666666678,0.0,0.0,0.0,305.33230000000003,10800.0,10800.0,10800.0,161.73691095666675,0.0
B_fixed_q90,2025-06-21,2025-06-21,94,2025-06-21 15:40:00,2025-06-21 15:50:00,0.7823,4317.2602,4481.2341,4232.824,3892.0797,56.79071666666664,212.0002166666668,268.79093333333344,0.90,0.90,28,,268.79093333333344,0.0,0.0,0.0,296.11991666666677,10800.0,10800.0,10800.0,210.27514714666674,0.0
B_fixed_q90,2025-06-21,2025-06-21,95,2025-06-21 15:50:00,2025-06-21 16:00:00,0.8055,4217.43,4055.4,4214.01,3756.6375,76.22875000000006,139.98375,216.21250000000003,0.90,0.90,28,,216.21250000000003,0.0,0.0,0.0,189.2075,10800.0,10800.0,10800.0,174.15916875000002,0.0
B_fixed_q90,2025-06-21,2025-06-21,96,2025-06-21 16:00:00,2025-06-21 16:10:00,0.8271,4034.2858,3562.8565,4333.1906,3624.4529,118.12294999999995,177.5015166666666,295.62446666666654,0.90,0.90,28,,295.62446666666654,0.0,0.0,0.0,217.0529166666665,10800.0,10800.0,10800.0,244.51099637999988,0.0
B_fixed_q90,2025-06-21,2025-06-21,97,2025-06-21 16:10:00,2025-06-21 16:20:00,0.8519,3980.7146,3361.4888,4174.9277,3335.8463,139.8469,174.5123833333334,314.3592833333334,0.90,0.90,28,,314.3592833333334,0.0,0.0,0.0,211.15498333333346,10800.0,10800.0,10800.0,267.8026734716667,0.0
B_fixed_q90,2025-06-21,2025-06-21,98,2025-06-21 16:20:00,2025-06-21 16:30:00,0.8791,4042.02,3406.575,3991.85,2977.575,169.04583333333335,207.05458333333328,376.10041666666666,0.90,0.90,28,,376.10041666666666,0.0,0.0,0.0,270.19291666666663,10800.0,10800.0,10800.0,330.6298762916667,0.0
B_fixed_q90,2025-06-21,2025-06-21,99,2025-06-21 16:30:00,2025-06-21 16:40:00,0.9024,3983.774,3291.2298,4411.5054,2767.3411,274.0273833333333,190.39245000000005,464.4198333333334,0.90,0.90,28,,464.4198333333334,0.0,0.0,0.0,348.9958000000001,10800.0,10800.0,10800.0,419.09245760000005,0.0
B_fixed_q90,2025-06-21,2025-06-21,100,2025-06-21 16:40:00,2025-06-21 16:50:00,0.9163,3621.8931,2964.175,4246.9867,2513.51,288.9127833333333,162.70781666666664,451.62059999999997,0.90,0.90,28,,451.62059999999997,0.0,0.0,0.0,342.00091666666674,10800.0,10800.0,10800.0,413.81995578,0.0
B_fixed_q90,2025-06-21,2025-06-21,101,2025-06-21 16:50:00,2025-06-21 17:00:00,0.9264,3240.3,2623.6125,3538.36,2166.4875,228.64541666666665,132.36458333333348,361.0100000000001,0.90,0.90,28,,361.0100000000001,0.0,0.0,0.0,258.2287500000001,10800.0,10800.0,10800.0,334.4396640000001,0.0
B_fixed_q90,2025-06-21,2025-06-21,102,2025-06-21 17:00:00,2025-06-21 17:10:00,0.9462,3335.0072,2479.2426,3542.8764,1892.5968,275.0466,118.56228333333334,393.6088833333333,0.90,0.90,28,,393.6088833333333,0.0,0.0,0.0,250.98145,10800.0,10800.0,10800.0,372.43272541,0.0
B_fixed_q90,2025-06-21,2025-06-21,103,2025-06-21 17:10:00,2025-06-21 17:20:00,0.9742,3462.6248,2185.8548,3659.3145,1730.908,321.4010833333333,118.71361666666664,440.11469999999997,0.90,0.90,28,,440.11469999999997,0.0,0.0,0.0,227.31969999999998,10800.0,10800.0,10800.0,428.7597407399999,0.0
B_fixed_q90,2025-06-21,2025-06-21,104,2025-06-21 17:20:00,2025-06-21 17:30:00,0.9862,3484.27,1750.4625,3539.76,1616.475,320.5475,135.01791666666645,455.56541666666647,0.90,0.90,28,,455.56541666666647,0.0,0.0,0.0,166.59749999999985,10800.0,10800.0,10800.0,449.2786139166665,0.0
B_fixed_q90,2025-06-21,2025-06-21,105,2025-06-21 17:30:00,2025-06-21 17:40:00,0.976,3649.2081,1528.3871,3489.1585,1447.3721,340.2977333333333,147.90828333333334,488.20601666666664,0.90,0.90,28,,488.20601666666664,0.0,0.0,0.0,134.73585000000003,10800.0,10800.0,10800.0,476.48907226666665,0.0
B_fixed_q90,2025-06-21,2025-06-21,106,2025-06-21 17:40:00,2025-06-21 17:50:00,1.0742,3604.3529,1310.4274,3482.0899,1250.3672,371.9537833333334,121.73076666666668,493.68455000000006,0.90,0.90,28,,493.68455000000006,0.0,0.0,0.0,111.36363333333344,10800.0,10800.0,10800.0,530.3159436100001,0.0
B_fixed_q90,2025-06-21,2025-06-21,107,2025-06-21 17:50:00,2025-06-21 18:00:00,1.2313,3349.51,1034.1,3497.41,1054.575,407.13916666666665,98.93666666666661,506.07583333333326,0.90,0.90,28,,506.0758333333333,0.0,0.0,0.0,120.17416666666662,10800.0,10800.0,10800.0,623.1311735833333,0.0
B_fixed_q90,2025-06-21,2025-06-21,108,2025-06-21 18:00:00,2025-06-21 18:10:00,1.2561,3274.4828,860.3286,3573.5938,854.5608,453.1721666666667,105.64138333333335,558.8135500000001,0.90,0.90,28,,558.8135500000001,0.0,0.0,0.0,156.4545166666668,10800.0,10800.0,10800.0,701.9257001550001,0.0
B_fixed_q90,2025-06-21,2025-06-21,109,2025-06-21 18:10:00,2025-06-21 18:20:00,1.2447,3297.0032,677.2547,3613.6869,631.3856,497.05021666666664,112.01781666666659,609.0680333333332,0.90,0.90,28,,609.0680333333332,0.0,0.0,0.0,172.44328333333323,10800.0,10800.0,10800.0,758.1069810899999,0.0
B_fixed_q90,2025-06-21,2025-06-21,110,2025-06-21 18:20:00,2025-06-21 18:30:00,1.2545,3342.79,452.7,3620.91,416.1,534.135,111.40291666666678,645.5379166666668,0.90,0.90,28,,645.5379166666668,0.0,0.0,0.0,163.8562500000001,10800.0,10800.0,10800.0,809.8273164583335,0.0
B_fixed_q90,2025-06-21,2025-06-21,111,2025-06-21 18:30:00,2025-06-21 18:40:00,1.2522,3456.8314,276.0564,3681.3967,264.4096,569.49785,112.96636666666666,682.4642166666666,0.90,0.90,28,,682.4642166666666,0.0,0.0,0.0,152.33505000000002,10800.0,10800.0,10800.0,854.58169211,0.0
B_fixed_q90,2025-06-21,2025-06-21,112,2025-06-21 18:40:00,2025-06-21 18:50:00,1.2881,3634.5648,121.8367,3682.0144,122.7855,593.2048166666666,114.71561666666673,707.9204333333333,0.90,0.90,28,,96.33486666666636,0.0,489.119816666667,0.0,0.0,10800.0,10256.533537037038,10120.460481481481,124.08894175333293,0.0
B_fixed_q90,2025-06-21,2025-06-21,113,2025-06-21 18:50:00,2025-06-21 19:00:00,1.3466,3852.72,7.7625,3671.85,6.7875,610.84375,110.66500000000008,721.5087500000001,0.90,0.90,28,,0.0,0.0,640.82625,0.0,0.0,10256.533537037038,9544.50437037037,9318.784092592592,0.0,0.0
B_fixed_q90,2025-06-21,2025-06-21,114,2025-06-21 19:00:00,2025-06-21 19:10:00,1.3523,4004.9442,0.0,3806.9784,0.0,634.4964,129.3454999999999,763.8418999999999,0.90,0.90,28,,0.0,0.0,667.4907,0.0,0.0,9544.50437037037,8802.848037037038,8470.07087037037,0.0,0.0
B_fixed_q90,2025-06-21,2025-06-21,115,2025-06-21 19:10:00,2025-06-21 19:20:00,1.3445,3706.7434,3.2619,3830.7687,3.5416,637.8711833333333,127.02610000000004,764.8972833333333,0.90,0.90,28,,0.0,0.0,617.2469166666666,0.0,0.0,8802.848037037038,8117.0181296296305,7620.1849999999995,0.0,0.0
B_fixed_q90,2025-06-21,2025-06-21,116,2025-06-21 19:20:00,2025-06-21 19:30:00,1.3483,3293.48,0.0,3686.48,0.0,614.4133333333333,122.38499999999993,736.7983333333332,0.90,0.90,28,,0.0,0.0,548.9133333333333,0.0,0.0,8117.0181296296305,7507.114425925927,6801.520185185184,0.0,0.0
B_fixed_q90,2025-06-21,2025-06-21,117,2025-06-21 19:30:00,2025-06-21 19:40:00,1.349,3492.5254,0.0,3569.6441,0.0,594.9406833333333,92.07126666666665,687.0119499999998,0.90,0.90,28,,0.0,0.0,582.0875666666666,0.0,0.0,7507.114425925927,6860.350462962964,6038.173574074073,0.0,0.0
B_fixed_q90,2025-06-21,2025-06-21,118,2025-06-21 19:40:00,2025-06-21 19:50:00,1.3473,3490.6667,0.2342,3471.128,0.2543,578.4789499999999,76.47191666666674,654.9508666666667,0.90,0.90,28,,0.0,0.0,581.73875,0.0,0.0,6860.350462962964,6213.974074074075,5310.4503888888885,0.0,0.0
B_fixed_q90,2025-06-21,2025-06-21,119,2025-06-21 19:50:00,2025-06-21 20:00:00,1.3482,3189.62,0.0,3506.94,0.0,584.49,78.87,663.36,0.90,0.90,28,,0.0,0.0,531.6033333333332,0.0,0.0,6213.974074074075,5623.303703703705,4573.383722222222,0.0,0.0
B_fixed_q90,2025-06-21,2025-06-21,120,2025-06-21 20:00:00,2025-06-21 20:10:00,1.3513,3348.2366,0.0,3809.9315,0.0,634.9885833333333,117.78015000000005,752.7687333333333,0.90,0.90,28,,0.0,0.0,558.0394333333334,0.0,0.0,5623.303703703705,5003.25988888889,3736.9740185185183,0.0,0.0
B_fixed_q90,2025-06-21,2025-06-21,121,2025-06-21 20:10:00,2025-06-21 20:20:00,1.34,3725.2052,0.0168,3890.9938,0.0183,648.4959166666666,121.13216666666654,769.6280833333332,0.90,0.90,28,,0.0,0.0,620.8647333333333,0.0,0.0,5003.25988888889,4313.4101851851865,2881.8317037037036,0.0,0.0
B_fixed_q90,2025-06-21,2025-06-21,122,2025-06-21 20:20:00,2025-06-21 20:30:00,1.3489,3960.13,0.0,3770.6,0.0,628.4333333333333,133.8983333333333,762.3316666666666,0.90,0.90,28,,0.0,0.0,660.0216666666666,0.0,0.0,4313.4101851851865,3580.0527777777793,2034.7965185185185,0.0,0.0
B_fixed_q90,2025-06-21,2025-06-21,123,2025-06-21 20:30:00,2025-06-21 20:40:00,1.3952,3881.8245,0.0,3932.4898,0.0,655.4149666666666,95.90189999999996,751.3168666666666,0.90,0.90,28,,0.0,0.0,646.97075,0.0,0.0,3580.0527777777793,2861.1963888888904,1200.0,0.0,0.0
B_fixed_q90,2025-06-21,2025-06-21,124,2025-06-21 20:40:00,2025-06-21 20:50:00,1.2226,3513.6729,0.0012,4058.333,0.0013,676.3886166666666,91.2456166666667,767.6342333333333,0.90,0.90,28,,767.6342333333333,182.02228333333335,0.0,0.0,0.0,2861.1963888888904,3025.0164438888905,1200.0,938.5096136733332,0.0
B_fixed_q90,2025-06-21,2025-06-21,125,2025-06-21 20:50:00,2025-06-21 21:00:00,0.9332,3160.32,0.0,3918.77,0.0,653.1283333333333,98.2733333333332,751.4016666666665,0.90,0.90,28,,751.4016666666666,224.68166666666662,0.0,0.0,0.0,3025.0164438888905,3227.2299438888904,1200.0,701.2080353333333,0.0
B_fixed_q90,2025-06-21,2025-06-21,126,2025-06-21 21:00:00,2025-06-21 21:10:00,0.9068,3214.7106,0.0,3614.0096,0.0,602.3349333333333,102.03146666666669,704.3664,0.90,0.90,28,,704.3664,168.58130000000006,0.0,0.0,0.0,3227.2299438888904,3378.9531138888906,1200.0,638.71945152,0.0
B_fixed_q90,2025-06-21,2025-06-21,127,2025-06-21 21:10:00,2025-06-21 21:20:00,0.9371,3489.1029,0.0,3370.7921,0.0,561.7986833333333,131.41594999999995,693.2146333333333,0.90,0.90,28,,693.2146333333333,111.69748333333337,0.0,0.0,0.0,3378.9531138888906,3479.4808488888907,1200.0,649.6114328966667,0.0
B_fixed_q90,2025-06-21,2025-06-21,128,2025-06-21 21:20:00,2025-06-21 21:30:00,0.9371,3713.49,0.0,3342.58,0.0,557.0966666666666,112.26499999999999,669.3616666666666,0.90,0.90,28,,669.3616666666666,50.4466666666666,0.0,0.0,0.0,3479.4808488888907,3524.8828488888907,1200.0,627.2588178333333,0.0
B_fixed_q90,2025-06-21,2025-06-21,129,2025-06-21 21:30:00,2025-06-21 21:40:00,0.9871,3715.4477,0.0,3493.8805,0.0,582.3134166666666,85.8225000000001,668.1359166666667,0.90,0.90,28,,668.1359166666667,48.894633333333445,0.0,0.0,0.0,3524.8828488888907,3568.8880188888907,1200.0,659.5169633416667,0.0
B_fixed_q90,2025-06-21,2025-06-21,130,2025-06-21 21:40:00,2025-06-21 21:50:00,0.7764,3460.6768,0.0,3460.6218,0.0,576.7702999999999,97.0413666666667,673.8116666666666,0.90,0.90,28,,673.8116666666666,97.03219999999999,0.0,0.0,0.0,3568.8880188888907,3656.2169988888904,1200.0,523.1473779999999,0.0
B_fixed_q90,2025-06-21,2025-06-21,131,2025-06-21 21:50:00,2025-06-21 22:00:00,0.4209,3169.68,0.0,3267.44,0.0,544.5733333333333,152.0,696.5733333333333,0.90,0.90,28,,1529.9066666666665,833.3333333333333,0.0,0.0,168.2933333333333,3656.2169988888904,4406.216998888891,1950.0,643.9377159999999,0.0
B_fixed_q90,2025-06-21,2025-06-21,132,2025-06-21 22:00:00,2025-06-21 22:10:00,0.3859,3161.2424,0.0,3261.2988,0.0,543.5498,134.28118333333327,677.8309833333333,0.90,0.90,28,,1511.1643166666665,833.3333333333333,0.0,0.0,150.95724999999993,4406.216998888891,5156.216998888891,2700.0,583.1583098016666,0.0
B_fixed_q90,2025-06-21,2025-06-21,133,2025-06-21 22:10:00,2025-06-21 22:20:00,0.4368,3268.4465,0.0,3218.1699,0.0,536.3616499999999,98.43034999999998,634.7919999999999,0.90,0.90,28,,1301.4586666666646,756.7175833333313,0.0,0.0,0.0,5156.216998888891,5837.262823888889,3299.999999999998,568.4771455999992,0.0
B_fixed_q90,2025-06-21,2025-06-21,134,2025-06-21 22:20:00,2025-06-21 22:30:00,0.4198,3317.19,0.0,3190.19,0.0,531.6983333333333,93.64499999999998,625.3433333333332,0.90,0.90,28,,1458.6766666666665,833.3333333333333,0.0,0.0,72.47833333333324,5837.262823888889,6587.262823888889,4049.999999999998,612.3524646666666,0.0
B_fixed_q90,2025-06-21,2025-06-21,135,2025-06-21 22:30:00,2025-06-21 22:40:00,0.4186,3281.0391,0.0,3472.9639,0.0,578.8273166666667,109.01089999999999,687.8382166666667,0.90,0.90,28,,1521.17155,833.3333333333333,0.0,0.0,140.9983666666668,6587.262823888889,7337.262823888889,4799.999999999998,636.76241083,0.0
B_fixed_q90,2025-06-21,2025-06-21,136,2025-06-21 22:40:00,2025-06-21 22:50:00,0.4241,3250.7574,0.0,3653.9269,0.0,608.9878166666666,120.56984999999986,729.5576666666665,0.90,0.90,28,,1562.8909999999998,833.3333333333333,0.0,0.0,187.76476666666667,7337.262823888889,8087.262823888889,5549.999999999998,662.8220730999999,0.0
B_fixed_q90,2025-06-21,2025-06-21,137,2025-06-21 22:50:00,2025-06-21 23:00:00,0.4237,3190.39,0.0,3463.23,0.0,577.2049999999999,92.26666666666665,669.4716666666666,0.90,0.90,28,,1502.8049999999998,833.3333333333333,0.0,0.0,137.74,8087.262823888889,8837.26282388889,6299.999999999998,636.7384784999999,0.0
B_fixed_q90,2025-06-21,2025-06-21,138,2025-06-21 23:00:00,2025-06-21 23:10:00,0.4248,2998.9363,0.0,3048.478,0.0,508.07966666666664,139.51748333333342,647.59715,0.90,0.90,28,,1480.9304833333333,833.3333333333333,0.0,0.0,147.7744333333335,8837.26282388889,9587.26282388889,7049.999999999998,629.09926932,0.0
B_fixed_q90,2025-06-21,2025-06-21,139,2025-06-21 23:10:00,2025-06-21 23:20:00,0.424,2920.9743,0.0,2905.5899,0.0,484.2649833333333,152.59121666666658,636.8562,0.90,0.90,28,,1470.1895333333332,833.3333333333333,0.0,0.0,150.02715,9587.26282388889,10337.26282388889,7799.999999999998,623.3603621333333,0.0
B_fixed_q90,2025-06-21,2025-06-21,140,2025-06-21 23:20:00,2025-06-21 23:30:00,0.422,2989.3,0.0,3071.94,0.0,511.99,143.62166666666667,655.6116666666667,0.90,0.90,28,,1488.945,514.1524179012332,0.0,0.0,476.57591543210003,10337.26282388889,10800.0,8549.999999999998,628.33479,0.0
B_fixed_q90,2025-06-21,2025-06-21,141,2025-06-21 23:30:00,2025-06-21 23:40:00,0.424,3024.571,0.0,3193.2655,0.0,532.2109166666667,129.33829999999995,661.5492166666666,0.90,0.90,28,,1494.8825499999998,0.0,0.0,0.0,990.7873833333332,10800.0,10800.0,9299.999999999998,633.8302011999999,0.0
B_fixed_q90,2025-06-21,2025-06-21,142,2025-06-21 23:40:00,2025-06-21 23:50:00,0.4271,3193.3141,0.0,3497.8213,0.0,582.9702166666666,110.39971666666668,693.3699333333333,0.90,0.90,28,,1526.7032666666667,0.0,0.0,0.0,994.48425,10800.0,10800.0,10049.999999999998,652.0549651933333,0.0
B_fixed_q90,2025-06-21,2025-06-21,143,2025-06-21 23:50:00,2025-06-22 00:00:00,0.4276,3636.14,0.0,3929.38,0.0,654.8966666666666,134.60000000000002,789.4966666666667,0.90,0.90,28,,1622.8300000000017,0.0,0.0,0.0,1016.8066666666684,10800.0,10800.0,10800.0,693.9221080000007,0.0
B_fixed_q90,2025-09-23,2025-09-23,0,2025-09-23 00:00:00,2025-09-23 00:10:00,0.4248,3421.106,0.0,3937.1458,0.0,656.1909666666666,37.04214999999999,693.2331166666665,0.90,0.90,28,,693.2331166666663,0.0,0.0,0.0,123.04878333333295,10800.0,10800.0,10800.0,294.48542795999987,0.0
B_fixed_q90,2025-09-23,2025-09-23,1,2025-09-23 00:10:00,2025-09-23 00:20:00,0.4245,3361.9091,0.0,4000.4017,0.0,666.7336166666666,34.581383333333406,701.315,0.90,0.90,28,,701.315,0.0,0.0,0.0,140.99681666666675,10800.0,10800.0,10800.0,297.7082175,0.0
B_fixed_q90,2025-09-23,2025-09-23,2,2025-09-23 00:20:00,2025-09-23 00:30:00,0.4269,3388.6,0.0,3751.36,0.0,625.2266666666667,19.021666666666647,644.2483333333333,0.90,0.90,28,,644.2483333333333,0.0,0.0,0.0,79.48166666666668,10800.0,10800.0,10800.0,275.0296135,0.0
B_fixed_q90,2025-09-23,2025-09-23,3,2025-09-23 00:30:00,2025-09-23 00:40:00,0.4272,3591.0535,0.0,3531.7831,0.0,588.6305166666666,26.908416666666653,615.5389333333333,0.90,0.90,28,,615.5389333333333,0.0,0.0,0.0,17.030016666666597,10800.0,10800.0,10800.0,262.95823232,0.0
B_fixed_q90,2025-09-23,2025-09-23,4,2025-09-23 00:40:00,2025-09-23 00:50:00,0.4271,3639.0639,0.0,3436.6857,0.0,572.78095,44.99261666666666,617.7735666666666,0.90,0.90,28,,617.7735666666666,0.0,0.0,0.0,11.262916666666683,10800.0,10800.0,10800.0,263.8510903233333,0.0
B_fixed_q90,2025-09-23,2025-09-23,5,2025-09-23 00:50:00,2025-09-23 01:00:00,0.4285,3538.62,0.0,3454.54,0.0,575.7566666666667,44.556666666666615,620.3133333333333,0.90,0.90,28,,620.3133333333333,0.0,0.0,0.0,30.543333333333294,10800.0,10800.0,10800.0,265.8042633333333,0.0
B_fixed_q90,2025-09-23,2025-09-23,6,2025-09-23 01:00:00,2025-09-23 01:10:00,0.4311,3584.1201,0.0,3517.2378,0.0,586.2062999999999,38.76816666666667,624.9744666666666,0.90,0.90,28,,624.9744666666666,0.0,0.0,0.0,27.62111666666658,10800.0,10800.0,10800.0,269.42649257999994,0.0
B_fixed_q90,2025-09-23,2025-09-23,7,2025-09-23 01:10:00,2025-09-23 01:20:00,0.4302,3479.83,0.0,3497.5299,0.0,582.92165,30.871149999999943,613.7927999999999,0.90,0.90,28,,613.7927999999999,0.0,0.0,0.0,33.821133333333364,10800.0,10800.0,10800.0,264.05366255999996,0.0
B_fixed_q90,2025-09-23,2025-09-23,8,2025-09-23 01:20:00,2025-09-23 01:30:00,0.4279,3316.08,0.0,3422.74,0.0,570.4566666666666,35.16166666666663,605.6183333333332,0.90,0.90,28,,605.6183333333332,0.0,0.0,0.0,52.938333333333276,10800.0,10800.0,10800.0,259.1440848333333,0.0
B_fixed_q90,2025-09-23,2025-09-23,9,2025-09-23 01:30:00,2025-09-23 01:40:00,0.4312,3504.3201,0.0,3457.0954,0.0,576.1825666666666,48.07461666666666,624.2571833333333,0.90,0.90,28,,624.2571833333333,0.0,0.0,0.0,40.203833333333364,10800.0,10800.0,10800.0,269.17969745333335,0.0
B_fixed_q90,2025-09-23,2025-09-23,10,2025-09-23 01:40:00,2025-09-23 01:50:00,0.4333,3611.1697,0.0,3628.0075,0.0,604.6679166666667,41.45206666666661,646.1199833333333,0.90,0.90,28,,646.1199833333333,0.0,0.0,0.0,44.25836666666669,10800.0,10800.0,10800.0,279.9637887783333,0.0
B_fixed_q90,2025-09-23,2025-09-23,11,2025-09-23 01:50:00,2025-09-23 02:00:00,0.4311,3543.64,0.0,3727.77,0.0,621.295,26.43333333333328,647.7283333333332,0.90,0.90,28,,647.7283333333332,0.0,0.0,0.0,57.12166666666667,10800.0,10800.0,10800.0,279.23568449999993,0.0
B_fixed_q90,2025-09-23,2025-09-23,12,2025-09-23 02:00:00,2025-09-23 02:10:00,0.4293,3627.3783,0.0,3520.7314,0.0,586.7885666666666,29.75511666666671,616.5436833333333,0.90,0.90,28,,616.5436833333333,0.0,0.0,0.0,11.980633333333344,10800.0,10800.0,10800.0,264.682203255,0.0
B_fixed_q90,2025-09-23,2025-09-23,13,2025-09-23 02:10:00,2025-09-23 02:20:00,0.4324,3646.7973,0.0,3436.0535,0.0,572.6755833333333,24.751549999999952,597.4271333333332,0.90,0.90,28,,597.4271333333332,0.0,10.372416666666709,0.0,0.0,10800.0,10788.475092592593,10800.0,258.3274924533333,0.0
B_fixed_q90,2025-09-23,2025-09-23,14,2025-09-23 02:20:00,2025-09-23 02:30:00,0.4367,3569.92,0.0,3624.55,0.0,604.0916666666667,19.800000000000068,623.8916666666668,0.90,0.90,28,,623.8916666666668,12.805452674896918,0.0,0.0,16.099547325103167,10788.475092592593,10800.0,10800.0,272.4534908333334,0.0
B_fixed_q90,2025-09-23,2025-09-23,15,2025-09-23 02:30:00,2025-09-23 02:40:00,0.4348,3591.0744,0.0,3799.684,0.0,633.2806666666667,33.18371666666667,666.4643833333333,0.90,0.90,28,,666.4643833333333,0.0,0.0,0.0,67.95198333333337,10800.0,10800.0,10800.0,289.77871387333334,0.0
B_fixed_q90,2025-09-23,2025-09-23,16,2025-09-23 02:40:00,2025-09-23 02:50:00,0.4335,3523.6786,0.0,3729.9253,0.0,621.6542166666666,26.20089999999999,647.8551166666666,0.90,0.90,28,,647.8551166666666,0.0,0.0,0.0,60.57534999999996,10800.0,10800.0,10800.0,280.845193075,0.0
B_fixed_q90,2025-09-23,2025-09-23,17,2025-09-23 02:50:00,2025-09-23 03:00:00,0.4357,3402.03,0.0,3599.4,0.0,599.9,27.12833333333333,627.0283333333333,0.90,0.90,28,,627.0283333333333,0.0,0.0,0.0,60.02333333333331,10800.0,10800.0,10800.0,273.1962448333333,0.0
B_fixed_q90,2025-09-23,2025-09-23,18,2025-09-23 03:00:00,2025-09-23 03:10:00,0.4374,3470.8796,0.0,3766.8381,0.0,627.80635,29.25638333333336,657.0627333333333,0.90,0.90,28,,657.0627333333333,0.0,0.0,0.0,78.58280000000002,10800.0,10800.0,10800.0,287.39923956,0.0
B_fixed_q90,2025-09-23,2025-09-23,19,2025-09-23 03:10:00,2025-09-23 03:20:00,0.4371,3546.3118,0.0,3732.5778,0.0,622.0962999999999,36.536449999999945,658.6327499999999,0.90,0.90,28,,658.6327499999999,0.0,0.0,0.0,67.58078333333322,10800.0,10800.0,10800.0,287.88837502499996,0.0
B_fixed_q90,2025-09-23,2025-09-23,20,2025-09-23 03:20:00,2025-09-23 03:30:00,0.4356,3521.1,0.0,3487.16,0.0,581.1933333333333,18.786666666666747,599.98,0.90,0.90,28,,599.98,0.0,0.0,0.0,13.13000000000011,10800.0,10800.0,10800.0,261.351288,0.0
B_fixed_q90,2025-09-23,2025-09-23,21,2025-09-23 03:30:00,2025-09-23 03:40:00,0.4353,3493.0415,0.0,3542.3682,0.0,590.3947,35.17346666666663,625.5681666666666,0.90,0.90,28,,625.5681666666666,0.0,0.0,0.0,43.394583333333344,10800.0,10800.0,10800.0,272.30982294999995,0.0
B_fixed_q90,2025-09-23,2025-09-23,22,2025-09-23 03:40:00,2025-09-23 03:50:00,0.436,3616.52,0.0,3671.4309,0.0,611.9051499999999,31.311800000000062,643.21695,0.90,0.90,28,,643.21695,0.0,0.0,0.0,40.46361666666667,10800.0,10800.0,10800.0,280.4425902,0.0
B_fixed_q90,2025-09-23,2025-09-23,23,2025-09-23 03:50:00,2025-09-23 04:00:00,0.4378,3738.77,0.0,3753.85,0.0,625.6416666666667,33.72666666666669,659.3683333333333,0.90,0.90,28,,659.3683333333333,0.0,0.0,0.0,36.24000000000001,10800.0,10800.0,10800.0,288.67145633333337,0.0
B_fixed_q90,2025-09-23,2025-09-23,24,2025-09-23 04:00:00,2025-09-23 04:10:00,0.4401,3573.138,0.0019,3887.5822,0.0021,647.9300166666666,33.624366666666674,681.5543833333332,0.90,0.90,28,,681.5543833333332,0.0,0.0,0.0,86.0317,10800.0,10800.0,10800.0,299.952084105,0.0
B_fixed_q90,2025-09-23,2025-09-23,25,2025-09-23 04:10:00,2025-09-23 04:20:00,0.4389,3548.8256,0.0,3864.8881,0.0,644.1480166666666,35.60934999999995,679.7573666666666,0.90,0.90,28,,679.7573666666666,0.0,0.0,0.0,88.28643333333332,10800.0,10800.0,10800.0,298.34550822999995,0.0
B_fixed_q90,2025-09-23,2025-09-23,26,2025-09-23 04:20:00,2025-09-23 04:30:00,0.4364,3696.43,0.0,3746.52,0.0,624.42,24.040000000000077,648.46,0.90,0.90,28,,648.46,0.0,0.0,0.0,32.388333333333435,10800.0,10800.0,10800.0,282.987944,0.0
B_fixed_q90,2025-09-23,2025-09-23,27,2025-09-23 04:30:00,2025-09-23 04:40:00,0.4393,3629.4046,0.0268,3799.8707,0.029,633.3069499999999,30.49658333333332,663.8035333333332,0.90,0.90,28,,663.8035333333332,0.0,0.0,0.0,58.90723333333335,10800.0,10800.0,10800.0,291.6088921933333,0.0
B_fixed_q90,2025-09-23,2025-09-23,28,2025-09-23 04:40:00,2025-09-23 04:50:00,0.4422,3602.4949,0.0,3743.4045,0.0,623.90075,29.262333333333345,653.1630833333334,0.90,0.90,28,,653.1630833333334,0.0,0.0,0.0,52.74726666666675,10800.0,10800.0,10800.0,288.82871545,0.0
B_fixed_q90,2025-09-23,2025-09-23,29,2025-09-23 04:50:00,2025-09-23 05:00:00,0.4395,3708.74,0.0,3548.17,0.0,591.3616666666667,13.730000000000018,605.0916666666667,0.90,0.90,28,,605.0916666666667,0.0,13.031666666666524,0.0,0.0,10800.0,10785.52037037037,10800.0,265.9377875,0.0
B_fixed_q90,2025-09-23,2025-09-23,30,2025-09-23 05:00:00,2025-09-23 05:10:00,0.4333,3751.3647,0.3731,3510.4937,0.404,585.01495,33.299800000000005,618.31475,0.90,0.90,28,,618.31475,0.0,6.8505166666666355,0.0,0.0,10785.52037037037,10777.908685185184,10800.0,267.915781175,0.0
B_fixed_q90,2025-09-23,2025-09-23,31,2025-09-23 05:10:00,2025-09-23 05:20:00,0.4439,3689.4488,0.0,3645.7435,0.0,607.6239166666667,31.60593333333327,639.2298499999999,0.90,0.90,28,,639.2298499999999,24.32171666666659,0.0,0.0,0.0,10777.908685185184,10799.798230185184,10800.0,283.75413041499996,0.0
B_fixed_q90,2025-09-23,2025-09-23,32,2025-09-23 05:20:00,2025-09-23 05:30:00,0.4301,3557.68,0.0,3724.04,0.0,620.6733333333333,49.8566666666668,670.5300000000001,0.90,0.90,28,,670.5300000000001,0.2241886831284824,0.0,0.0,77.359144650205,10799.798230185184,10800.0,10800.0,288.39495300000004,0.0
B_fixed_q90,2025-09-23,2025-09-23,33,2025-09-23 05:30:00,2025-09-23 05:40:00,0.3713,3509.0644,5.1961,3582.2553,5.6274,596.10465,27.094833333333384,623.1994833333333,0.90,0.90,28,,623.1994833333333,0.0,0.0,0.0,39.22143333333338,10800.0,10800.0,10800.0,231.39396816166666,0.0
B_fixed_q90,2025-09-23,2025-09-23,34,2025-09-23 05:40:00,2025-09-23 05:50:00,0.5708,4001.4806,0.0,3957.97,0.0,659.6616666666666,43.15810000000022,702.8197666666669,0.90,0.90,28,,702.819766666667,0.0,0.0,0.0,35.90633333333369,10800.0,10800.0,10800.0,401.16952281333346,0.0
B_fixed_q90,2025-09-23,2025-09-23,35,2025-09-23 05:50:00,2025-09-23 06:00:00,0.9099,4743.74,0.0,4700.49,0.0,783.415,36.84999999999991,820.2649999999999,0.90,0.90,28,,0.0,0.0,790.6233333333332,0.0,0.0,10800.0,9921.52962962963,9888.594444444445,0.0,0.0
B_fixed_q90,2025-09-23,2025-09-23,36,2025-09-23 06:00:00,2025-09-23 06:10:00,0.9368,4911.4158,148.7833,4861.7696,163.8012,782.9947333333332,38.31048333333331,821.3052166666665,0.90,0.90,28,,0.0,0.0,793.7720833333333,0.0,0.0,9921.52962962963,9039.560648148148,8976.033092592594,0.0,0.0
B_fixed_q90,2025-09-23,2025-09-23,37,2025-09-23 06:10:00,2025-09-23 06:20:00,0.8758,4831.9735,376.0146,4752.5347,427.0247,720.9183333333333,34.94498333333337,755.8633166666666,0.90,0.90,28,,0.0,0.0,742.6598166666665,0.0,0.0,9039.560648148148,8214.383074074074,8136.184962962964,0.0,0.0
B_fixed_q90,2025-09-23,2025-09-23,38,2025-09-23 06:20:00,2025-09-23 06:30:00,0.8759,4792.2,649.3875,4711.73,733.4625,663.0445833333332,50.22208333333333,713.2666666666665,0.90,0.90,28,,0.0,0.0,690.46875,0.0,0.0,8214.383074074074,7447.195574074074,7343.666444444446,0.0,0.0
B_fixed_q90,2025-09-23,2025-09-23,39,2025-09-23 06:30:00,2025-09-23 06:40:00,0.8601,4757.3085,973.8044,4749.8589,1059.8151,615.0073,45.13869999999997,660.146,0.90,0.90,28,,0.0,0.0,630.5840166666667,0.0,0.0,7447.195574074074,6746.546666666667,6610.170888888891,0.0,0.0
B_fixed_q90,2025-09-23,2025-09-23,40,2025-09-23 06:40:00,2025-09-23 06:50:00,0.8442,4755.1526,1245.8597,4762.9137,1370.8696,565.3406833333333,34.59043333333341,599.9311166666668,0.90,0.90,28,,0.0,0.0,584.88215,0.0,0.0,6746.546666666667,6096.677611111111,5943.580759259261,0.0,0.0
B_fixed_q90,2025-09-23,2025-09-23,41,2025-09-23 06:50:00,2025-09-23 07:00:00,0.8334,4789.05,1511.775,4720.02,1678.1625,506.97625000000005,78.78333333333347,585.7595833333335,0.90,0.90,28,,440.02668333333213,0.0,106.18581666666785,0.0,0.0,6096.677611111111,5978.693370370369,5781.655314814815,366.718237889999,0.0
B_fixed_q90,2025-09-23,2025-09-23,42,2025-09-23 07:00:00,2025-09-23 07:10:00,0.8092,4816.282,1907.945,4702.584,2025.7511,446.1388166666666,86.36615000000006,532.5049666666666,0.90,0.90,28,,532.5049666666666,47.78213333333326,0.0,0.0,0.0,5978.693370370369,6021.697290370369,5781.655314814815,430.90301902666664,0.0
B_fixed_q90,2025-09-23,2025-09-23,43,2025-09-23 07:10:00,2025-09-23 07:20:00,0.7972,4786.2179,2234.3678,4833.7499,2388.5754,407.52908333333323,108.36085000000003,515.8899333333333,0.90,0.90,28,,515.8899333333333,90.58158333333336,0.0,0.0,0.0,6021.697290370369,6103.220715370369,5781.655314814815,411.2674548533333,0.0
B_fixed_q90,2025-09-23,2025-09-23,44,2025-09-23 07:20:00,2025-09-23 07:30:00,0.7644,4660.51,2492.5875,4939.54,2753.5875,364.3254166666666,140.60375,504.9291666666666,0.90,0.90,28,,504.9291666666666,143.60874999999993,0.0,0.0,0.0,6103.220715370369,6232.468590370369,5781.655314814815,385.96785499999993,0.0
B_fixed_q90,2025-09-23,2025-09-23,45,2025-09-23 07:30:00,2025-09-23 07:40:00,0.6899,4606.8822,2894.0726,4828.7625,3120.5921,284.69506666666666,107.62115000000003,392.3162166666667,0.90,0.90,28,,392.3162166666667,106.84795000000008,0.0,0.0,0.0,6232.468590370369,6328.63174537037,5781.655314814815,270.65895787833335,0.0
B_fixed_q90,2025-09-23,2025-09-23,46,2025-09-23 07:40:00,2025-09-23 07:50:00,0.86,5489.8417,3343.4604,5406.1206,3426.4951,329.93758333333335,86.8644166666667,416.802,0.90,0.90,28,,0.0,0.0,357.73021666666665,0.0,0.0,6328.63174537037,5931.153726851851,5318.541981481481,0.0,0.0
B_fixed_q90,2025-09-23,2025-09-23,47,2025-09-23 07:50:00,2025-09-23 08:00:00,1.1617,6701.06,3753.1125,6462.55,3707.325,459.2041666666667,84.15875000000005,543.3629166666667,0.90,0.90,28,,0.0,0.0,491.32458333333335,0.0,0.0,5931.153726851851,5385.237523148147,4714.805407407407,0.0,0.0
B_fixed_q90,2025-09-23,2025-09-23,48,2025-09-23 08:00:00,2025-09-23 08:10:00,1.1683,6664.9869,4119.6249,6779.0099,4082.1536,449.47605,77.07260000000002,526.54865,0.90,0.90,28,,0.0,0.0,424.227,0.0,0.0,5385.237523148147,4913.874189814814,4129.751351851852,0.0,0.0
B_fixed_q90,2025-09-23,2025-09-23,49,2025-09-23 08:10:00,2025-09-23 08:20:00,1.0956,6469.7028,4427.9049,6649.2879,4538.4547,351.8055333333333,118.11226666666664,469.91779999999994,0.90,0.90,28,,0.0,0.0,340.29964999999993,0.0,0.0,4913.874189814814,4535.763467592592,3607.620462962963,0.0,0.0
B_fixed_q90,2025-09-23,2025-09-23,50,2025-09-23 08:20:00,2025-09-23 08:30:00,1.0849,6635.97,4698.6375,6494.49,4959.675,255.80249999999992,125.69791666666666,381.5004166666666,0.90,0.90,28,,0.0,0.0,322.8887500000001,0.0,0.0,4535.763467592592,4176.998189814814,3183.731111111111,0.0,0.0
B_fixed_q90,2025-09-23,2025-09-23,51,2025-09-23 08:30:00,2025-09-23 08:40:00,1.061,6600.0815,4997.093,6432.8642,5221.4296,201.90576666666658,112.66675000000001,314.5725166666666,0.90,0.90,28,,0.0,0.0,267.16475,0.0,0.0,4176.998189814814,3880.148467592592,2834.2060925925925,0.0,0.0
B_fixed_q90,2025-09-23,2025-09-23,52,2025-09-23 08:40:00,2025-09-23 08:50:00,1.043,6462.4233,5400.3214,6438.1781,5443.4725,165.7842666666667,125.17436666666677,290.95863333333347,0.90,0.90,28,,0.0,0.0,177.01698333333343,0.0,0.0,3880.148467592592,3683.462930555555,2510.918722222222,0.0,0.0
B_fixed_q90,2025-09-23,2025-09-23,53,2025-09-23 08:50:00,2025-09-23 09:00:00,1.036,6427.57,5807.85,6502.19,5716.7625,130.90458333333328,155.49000000000007,286.39458333333334,0.90,0.90,28,,0.0,0.0,103.28666666666655,0.0,0.0,3683.462930555555,3568.699967592592,2192.7025185185184,0.0,0.0
B_fixed_q90,2025-09-23,2025-09-23,54,2025-09-23 09:00:00,2025-09-23 09:10:00,1.0147,6551.7343,6020.5511,6620.0241,6031.6126,98.06858333333321,137.76170000000002,235.83028333333323,0.90,0.90,28,,0.0,0.0,88.5305333333334,0.0,0.0,3568.699967592592,3470.332708333333,1930.6688703703705,0.0,0.0
B_fixed_q90,2025-09-23,2025-09-23,55,2025-09-23 09:10:00,2025-09-23 09:20:00,0.9922,6611.8297,6159.4673,6603.7913,6339.8082,43.99718333333324,152.9649833333334,196.96216666666663,0.90,0.90,28,,0.0,0.0,75.39373333333333,0.0,0.0,3470.332708333333,3386.561893518518,1711.8220185185187,0.0,0.0
B_fixed_q90,2025-09-23,2025-09-23,56,2025-09-23 09:20:00,2025-09-23 09:30:00,0.97,6584.42,6306.2625,6407.33,6622.4625,-35.85541666666661,161.38625000000002,125.5308333333334,0.90,0.90,28,,0.0,0.0,46.359583333333376,0.0,0.0,3386.561893518518,3335.05124537037,1572.343314814815,0.0,0.0
B_fixed_q90,2025-09-23,2025-09-23,57,2025-09-23 09:30:00,2025-09-23 09:40:00,0.9422,6627.8893,6423.4053,6200.5473,6897.3346,-116.13121666666666,149.8986833333333,33.76746666666665,0.90,0.90,28,,0.0,0.0,34.08066666666657,0.0,0.0,3335.05124537037,3297.1838379629626,1534.8239074074074,0.0,0.0
B_fixed_q90,2025-09-23,2025-09-23,58,2025-09-23 09:40:00,2025-09-23 09:50:00,0.9569,6567.1756,6483.305,6249.554,7173.3339,-153.96331666666657,191.89324999999994,37.929933333333366,0.90,0.90,28,,0.0,0.0,13.978433333333214,0.0,0.0,3297.1838379629626,3281.65224537037,1492.679537037037,0.0,0.0
B_fixed_q90,2025-09-23,2025-09-23,59,2025-09-23 09:50:00,2025-09-23 10:00:00,0.9977,6455.96,6487.7625,6480.82,7375.3875,-149.09458333333333,186.89708333333343,37.802500000000094,0.90,0.90,28,,0.0,5.30041666666663,0.0,0.0,0.0,3281.65224537037,3286.42262037037,1450.6767592592591,0.0,0.0
B_fixed_q90,2025-09-23,2025-09-23,60,2025-09-23 10:00:00,2025-09-23 10:10:00,0.9919,6527.0912,6506.7574,6557.067,7427.1527,-145.01428333333325,236.0714333333332,91.05714999999995,0.90,0.90,28,,0.0,0.0,3.388966666666571,0.0,0.0,3286.42262037037,3282.6571018518516,1349.502148148148,0.0,0.0
B_fixed_q90,2025-09-23,2025-09-23,61,2025-09-23 10:10:00,2025-09-23 10:20:00,0.9588,6488.4499,6763.9313,6530.2617,7558.6084,-171.39111666666668,253.6288833333333,82.23776666666663,0.90,0.90,28,,0.0,45.91356666666676,0.0,0.0,0.0,3282.6571018518516,3323.979311851852,1258.1268518518518,0.0,0.0
B_fixed_q90,2025-09-23,2025-09-23,62,2025-09-23 10:20:00,2025-09-23 10:30:00,0.9549,6336.11,7139.7,6502.13,7758.4875,-209.39291666666668,261.70708333333323,52.31416666666655,0.90,0.90,28,,0.0,133.93166666666667,0.0,0.0,0.0,3323.979311851852,3444.517811851852,1200.0,0.0,0.0
B_fixed_q90,2025-09-23,2025-09-23,63,2025-09-23 10:30:00,2025-09-23 10:40:00,0.9839,6376.9432,7257.6775,6501.3745,7803.3333,-216.9931333333334,213.36201666666676,-3.631116666666628,0.90,0.90,28,,0.0,146.78905,0.0,0.0,0.0,3444.517811851852,3576.627956851852,1203.268005,0.0,0.0
B_fixed_q90,2025-09-23,2025-09-23,64,2025-09-23 10:40:00,2025-09-23 10:50:00,0.799,6473.6947,7240.5731,6474.7018,7884.0347,-234.8888166666667,224.93008333333333,-9.958733333333385,0.90,0.90,28,,0.0,127.8130666666666,0.0,0.0,0.0,3576.627956851852,3691.659716851852,1212.230865,0.0,0.0
B_fixed_q90,2025-09-23,2025-09-23,65,2025-09-23 10:50:00,2025-09-23 11:00:00,0.5025,6470.56,7359.675,6439.65,8030.625,-265.1625,242.8079166666668,-22.35458333333321,0.90,0.90,28,,810.97875,833.3333333333333,0.0,0.0,125.83124999999995,3691.659716851852,4441.659716851852,1962.230865,407.51682187499995,0.0
B_fixed_q90,2025-09-23,2025-09-23,66,2025-09-23 11:00:00,2025-09-23 11:10:00,0.4662,6357.1346,7784.7849,6473.1896,8066.7709,-265.59688333333344,215.4111000000001,-50.18578333333335,0.90,0.90,28,,783.1475499999999,833.3333333333333,0.0,0.0,187.75593333333313,4441.659716851852,5191.659716851852,2712.230865,365.10338780999996,0.0
B_fixed_q90,2025-09-23,2025-09-23,67,2025-09-23 11:10:00,2025-09-23 11:20:00,0.5007,6310.6975,8209.6886,6527.364,8058.9692,-255.26753333333332,222.2905666666668,-32.97696666666653,0.90,0.90,28,,800.3563666666668,833.3333333333333,0.0,0.0,283.52155000000016,5191.659716851852,5941.659716851852,3462.230865,400.73843279000005,0.0
B_fixed_q90,2025-09-23,2025-09-23,68,2025-09-23 11:20:00,2025-09-23 11:30:00,0.4827,6431.52,8399.7375,6531.11,8058.1875,-254.5129166666667,251.1862500000002,-3.3266666666665117,0.90,0.90,28,,830.0066666666668,833.3333333333333,0.0,0.0,324.7095833333333,5941.659716851852,6691.659716851852,4212.2308649999995,400.6442180000001,0.0
B_fixed_q90,2025-09-23,2025-09-23,69,2025-09-23 11:30:00,2025-09-23 11:40:00,0.4785,6604.0357,8379.679,6437.2197,8059.3959,-270.36270000000013,217.35506666666686,-53.007633333333274,0.90,0.90,28,,780.3257,833.3333333333333,0.0,0.0,242.93291666666664,6691.659716851852,7441.659716851852,4962.2308649999995,373.38584744999997,0.0
B_fixed_q90,2025-09-23,2025-09-23,70,2025-09-23 11:40:00,2025-09-23 11:50:00,0.4662,6371.5522,8435.4109,6258.0133,8144.2088,-314.36591666666675,230.1663166666666,-84.19960000000015,0.90,0.90,28,,749.1337333333331,833.3333333333333,0.0,0.0,259.77684999999997,7441.659716851852,8191.659716851852,5712.2308649999995,349.2461464799999,0.0
B_fixed_q90,2025-09-23,2025-09-23,71,2025-09-23 11:50:00,2025-09-23 12:00:00,0.4432,5893.69,8613.5625,6034.17,8278.275,-374.0174999999999,203.16583333333318,-170.85166666666674,0.90,0.90,28,,662.4816666666666,833.3333333333333,0.0,0.0,282.46041666666656,8191.659716851852,8941.659716851853,6462.2308649999995,293.6118746666666,0.0
B_fixed_q90,2025-09-23,2025-09-23,72,2025-09-23 12:00:00,2025-09-23 12:10:00,0.4411,5815.5593,8690.3915,5857.0228,8321.7803,-410.79291666666677,217.57778333333295,-193.21513333333382,0.90,0.90,28,,640.1181999999994,833.3333333333333,0.0,0.0,285.92356666666615,8941.659716851853,9691.659716851853,7212.2308649999995,282.3561380199997,0.0
B_fixed_q90,2025-09-23,2025-09-23,73,2025-09-23 12:10:00,2025-09-23 12:20:00,0.4551,5929.8452,8581.2694,5948.518,8267.6048,-386.5144666666665,205.44145000000015,-181.07301666666638,0.90,0.90,28,,652.2603166666669,833.3333333333333,0.0,0.0,260.83101666666676,9691.659716851853,10441.659716851853,7962.2308649999995,296.8436701150001,0.0
B_fixed_q90,2025-09-23,2025-09-23,74,2025-09-23 12:20:00,2025-09-23 12:30:00,0.4463,5958.43,8484.4875,6160.56,8156.1,-332.59,211.4749999999999,-121.11500000000007,0.90,0.90,28,,712.2183333333332,398.1558701646079,0.0,0.0,735.0720465020584,10441.659716851853,10800.0,8712.230865,317.8630421666666,0.0
B_fixed_q90,2025-09-23,2025-09-23,75,2025-09-23 12:30:00,2025-09-23 12:40:00,0.4113,5882.5546,8645.3297,6118.0293,8055.8192,-322.9649833333333,216.0849166666667,-106.88006666666661,0.90,0.90,28,,726.4532666666667,0.0,0.0,0.0,1186.9157833333334,10800.0,10800.0,9462.230865,298.79022858,0.0
B_fixed_q90,2025-09-23,2025-09-23,76,2025-09-23 12:40:00,2025-09-23 12:50:00,0.5682,6091.5912,8546.664,6129.9123,8085.3213,-325.90149999999994,212.83461666666676,-113.06688333333318,0.90,0.90,28,,720.2664500000001,0.0,0.0,0.0,1129.4452500000002,10800.0,10800.0,10212.230865,409.2553968900001,0.0
B_fixed_q90,2025-09-23,2025-09-23,77,2025-09-23 12:50:00,2025-09-23 13:00:00,0.8279,6408.53,8135.1375,6271.57,8109.4125,-306.3070833333334,229.99458333333337,-76.31250000000006,0.90,0.90,28,,0.0,0.0,0.0,0.0,287.7679166666667,10800.0,10800.0,10280.912115,0.0,0.0
B_fixed_q90,2025-09-23,2025-09-23,78,2025-09-23 13:00:00,2025-09-23 13:10:00,0.8636,6253.4833,7884.9488,6267.4025,7864.6337,-266.2052,172.10529999999986,-94.09990000000013,0.90,0.90,28,,0.0,0.0,0.0,0.0,271.9109166666667,10800.0,10800.0,10365.602025,0.0,0.0
B_fixed_q90,2025-09-23,2025-09-23,79,2025-09-23 13:10:00,2025-09-23 13:20:00,0.8416,6080.4251,7754.0988,6084.3297,7627.4867,-257.19283333333334,204.97245000000004,-52.2203833333333,0.90,0.90,28,,0.0,0.0,0.0,0.0,278.9456166666665,10800.0,10800.0,10412.60037,0.0,0.0
B_fixed_q90,2025-09-23,2025-09-23,80,2025-09-23 13:20:00,2025-09-23 13:30:00,0.8618,6115.63,7607.2875,5983.25,7552.2375,-261.4979166666667,137.29166666666669,-124.20625000000001,0.90,0.90,28,,0.0,0.0,0.0,0.0,248.60958333333338,10800.0,10800.0,10524.385995,0.0,0.0
B_fixed_q90,2025-09-23,2025-09-23,81,2025-09-23 13:30:00,2025-09-23 13:40:00,0.8623,6161.9414,7394.5585,6249.9547,7511.7507,-210.2993333333332,98.31731666666667,-111.98201666666654,0.90,0.90,28,,0.0,0.0,0.0,0.0,205.4361833333334,10800.0,10800.0,10625.169810000001,0.0,0.0
B_fixed_q90,2025-09-23,2025-09-23,82,2025-09-23 13:40:00,2025-09-23 13:50:00,0.9026,6291.8498,7228.1769,6377.6378,7307.0291,-154.8985499999999,92.41493333333332,-62.48361666666656,0.90,0.90,28,,0.0,0.0,0.0,0.0,156.05451666666673,10800.0,10800.0,10681.405065,0.0,0.0
B_fixed_q90,2025-09-23,2025-09-23,83,2025-09-23 13:50:00,2025-09-23 14:00:00,0.9754,6409.53,7094.9625,6187.65,7022.8875,-139.20625,155.5979166666666,16.391666666666595,0.90,0.90,28,,0.0,0.0,0.0,0.0,114.23874999999998,10800.0,10800.0,10663.192102037037,0.0,0.0
B_fixed_q90,2025-09-23,2025-09-23,84,2025-09-23 14:00:00,2025-09-23 14:10:00,1.0002,6298.6605,6838.0168,6004.646,6916.3565,-151.95175,122.45014999999997,-29.50160000000004,0.90,0.90,28,,0.0,0.0,0.0,0.0,89.89271666666673,10800.0,10800.0,10689.743542037037,0.0,0.0
B_fixed_q90,2025-09-23,2025-09-23,85,2025-09-23 14:10:00,2025-09-23 14:20:00,0.9978,6212.8259,6393.4647,6039.8719,6750.1107,-118.37313333333334,106.47754999999995,-11.895583333333391,0.90,0.90,28,,0.0,0.0,0.0,0.0,30.10646666666677,10800.0,10800.0,10700.449567037036,0.0,0.0
B_fixed_q90,2025-09-23,2025-09-23,86,2025-09-23 14:20:00,2025-09-23 14:30:00,1.0271,6236.6,5854.05,6212.36,6443.325,-38.494166666666686,159.22000000000008,120.7258333333334,0.90,0.90,28,,0.0,0.0,63.75833333333336,0.0,0.0,10800.0,10729.157407407407,10566.309752222222,0.0,0.0
B_fixed_q90,2025-09-23,2025-09-23,87,2025-09-23 14:30:00,2025-09-23 14:40:00,1.0906,6217.1274,5393.4146,6261.2286,6154.0582,17.861733333333326,118.88208333333326,136.7438166666666,0.90,0.90,28,,0.0,0.0,137.2854666666667,0.0,0.0,10729.157407407407,10576.617999999999,10414.372178148147,0.0,0.0
B_fixed_q90,2025-09-23,2025-09-23,88,2025-09-23 14:40:00,2025-09-23 14:50:00,0.9376,6206.2876,4990.8009,6234.7935,5864.7952,61.666383333333364,87.50443333333335,149.17081666666672,0.90,0.90,28,,0.0,0.0,202.58111666666656,0.0,0.0,10576.617999999999,10351.52787037037,10248.626826296295,0.0,0.0
B_fixed_q90,2025-09-23,2025-09-23,89,2025-09-23 14:50:00,2025-09-23 15:00:00,0.6694,6262.68,4761.6375,6185.32,5565.3375,103.33041666666668,106.58541666666665,209.91583333333332,0.90,0.90,28,,209.91583333333335,0.0,40.257916666666716,0.0,0.0,10351.52787037037,10306.796851851852,10248.626826296295,140.51765883333334,0.0
B_fixed_q90,2025-09-23,2025-09-23,90,2025-09-23 15:00:00,2025-09-23 15:10:00,0.66,6377.3851,4842.082,6148.1901,5276.6779,145.25203333333334,104.58328333333338,249.83531666666673,0.90,0.90,28,,862.4721763374502,548.0034979423867,0.0,0.0,58.58482839506337,10306.796851851852,10800.0,10800.0,569.2316363827172,0.0
B_fixed_q90,2025-09-23,2025-09-23,91,2025-09-23 15:10:00,2025-09-23 15:20:00,0.7217,6461.0017,4734.2965,6373.9324,4931.1252,240.46786666666654,92.36386666666667,332.8317333333332,0.90,0.90,28,,332.8317333333332,0.0,0.0,0.0,45.04753333333332,10800.0,10800.0,10800.0,240.2046619466666,0.0
B_fixed_q90,2025-09-23,2025-09-23,92,2025-09-23 15:20:00,2025-09-23 15:30:00,0.7308,6382.45,4417.2375,6665.78,4525.725,356.67583333333323,110.91124999999994,467.58708333333317,0.90,0.90,28,,467.58708333333317,0.0,0.0,0.0,140.05166666666656,10800.0,10800.0,10800.0,341.7126404999999,0.0
B_fixed_q90,2025-09-23,2025-09-23,93,2025-09-23 15:30:00,2025-09-23 15:40:00,0.7534,6120.1976,4306.354,6522.3391,4126.3129,399.33770000000004,110.29231666666652,509.63001666666656,0.90,0.90,28,,509.63001666666656,0.0,0.0,0.0,207.32274999999987,10800.0,10800.0,10800.0,383.95525455666655,0.0
B_fixed_q90,2025-09-23,2025-09-23,94,2025-09-23 15:40:00,2025-09-23 15:50:00,0.7823,6153.6297,4035.9346,6227.3075,3727.669,416.60641666666663,93.63768333333336,510.2441,0.90,0.90,28,,510.2441,0.0,0.0,0.0,157.2949166666666,10800.0,10800.0,10800.0,399.16395943,0.0
B_fixed_q90,2025-09-23,2025-09-23,95,2025-09-23 15:50:00,2025-09-23 16:00:00,0.8055,6505.17,3543.675,6173.39,3392.3625,463.50458333333336,90.99916666666661,554.50375,0.90,0.90,28,,554.50375,0.0,0.0,0.0,60.921249999999986,10800.0,10800.0,10800.0,446.65277062499996,0.0
B_fixed_q90,2025-09-23,2025-09-23,96,2025-09-23 16:00:00,2025-09-23 16:10:00,0.8271,6704.9712,3168.3753,6477.1231,3188.7577,548.0609,84.34918333333326,632.4100833333332,0.90,0.90,28,,632.4100833333332,0.0,0.0,0.0,42.97743333333324,10800.0,10800.0,10800.0,523.0663799249999,0.0
B_fixed_q90,2025-09-23,2025-09-23,97,2025-09-23 16:10:00,2025-09-23 16:20:00,0.8519,6651.3841,2836.5022,6552.0795,2876.8086,612.5451499999999,73.73169999999996,686.2768499999999,0.90,0.90,28,,686.2768499999999,0.0,0.0,0.0,50.4631999999998,10800.0,10800.0,10800.0,584.6392485149998,0.0
B_fixed_q90,2025-09-23,2025-09-23,98,2025-09-23 16:20:00,2025-09-23 16:30:00,0.8791,6512.95,2503.5375,6332.94,2467.5375,644.2337499999999,84.77291666666667,729.0066666666665,0.90,0.90,28,,729.0066666666667,0.0,0.0,0.0,60.77125000000001,10800.0,10800.0,10800.0,640.8697606666667,0.0
B_fixed_q90,2025-09-23,2025-09-23,99,2025-09-23 16:30:00,2025-09-23 16:40:00,0.9024,6516.7553,2218.6701,6320.4369,2200.0679,686.7281666666665,59.778366666666784,746.5065333333333,0.90,0.90,28,,746.5065333333333,0.0,0.0,0.0,30.159000000000106,10800.0,10800.0,10800.0,673.64749568,0.0
B_fixed_q90,2025-09-23,2025-09-23,100,2025-09-23 16:40:00,2025-09-23 16:50:00,0.9163,6452.5286,1863.5925,6492.3208,1918.0586,762.3770333333333,66.94774999999993,829.3247833333332,0.90,0.90,28,,829.3247833333332,0.0,0.0,0.0,64.50209999999993,10800.0,10800.0,10800.0,759.9102989683332,0.0
B_fixed_q90,2025-09-23,2025-09-23,101,2025-09-23 16:50:00,2025-09-23 17:00:00,0.9264,6349.71,1465.3875,6599.87,1558.65,840.2033333333331,77.06375000000003,917.2670833333332,0.90,0.90,28,,917.2670833333332,0.0,0.0,0.0,103.21333333333314,10800.0,10800.0,10800.0,849.7562259999999,0.0
B_fixed_q90,2025-09-23,2025-09-23,102,2025-09-23 17:00:00,2025-09-23 17:10:00,0.9462,6441.2731,1178.7512,6444.2201,1230.6499,868.9283666666666,77.14901666666674,946.0773833333334,0.90,0.90,28,,946.0773833333334,0.0,0.0,0.0,68.99040000000002,10800.0,10800.0,10800.0,895.17842011,0.0
B_fixed_q90,2025-09-23,2025-09-23,103,2025-09-23 17:10:00,2025-09-23 17:20:00,0.9742,6397.9351,917.9154,6365.2663,945.4844,903.2969833333333,57.637383333333446,960.9343666666667,0.90,0.90,28,,960.9343666666668,0.0,0.0,0.0,47.59775000000025,10800.0,10800.0,10800.0,936.1422600066668,0.0
B_fixed_q90,2025-09-23,2025-09-23,104,2025-09-23 17:20:00,2025-09-23 17:30:00,0.9862,6368.49,630.1875,6543.08,683.6625,976.5695833333332,28.744166666666615,1005.3137499999998,0.90,0.90,28,,1005.3137499999998,0.0,0.0,0.0,48.929999999999836,10800.0,10800.0,10800.0,991.4404202499998,0.0
B_fixed_q90,2025-09-23,2025-09-23,105,2025-09-23 17:30:00,2025-09-23 17:40:00,0.976,6667.634,356.458,6702.631,425.9356,1046.1159,43.666716666666844,1089.7826166666669,0.90,0.90,28,,1089.7826166666669,0.0,0.0,0.0,37.9199500000002,10800.0,10800.0,10800.0,1063.6278338666668,0.0
B_fixed_q90,2025-09-23,2025-09-23,106,2025-09-23 17:40:00,2025-09-23 17:50:00,1.0742,5886.4358,131.4439,5992.5794,174.4761,969.6838833333333,32.48728333333338,1002.1711666666666,0.90,0.90,28,,1002.1711666666666,0.0,0.0,0.0,43.00585000000001,10800.0,10800.0,10800.0,1076.5322672333334,0.0
B_fixed_q90,2025-09-23,2025-09-23,107,2025-09-23 17:50:00,2025-09-23 18:00:00,1.2313,4515.87,0.0,4835.08,0.0,805.8466666666666,39.77458333333334,845.6212499999999,0.90,0.90,28,,845.6212499999999,0.0,0.0,0.0,92.97624999999994,10800.0,10800.0,10800.0,1041.213445125,0.0
B_fixed_q90,2025-09-23,2025-09-23,108,2025-09-23 18:00:00,2025-09-23 18:10:00,1.2561,4585.9791,0.0,4585.0492,0.0,764.1748666666667,21.144983333333244,785.31985,0.90,0.90,28,,785.31985,0.0,0.0,0.0,20.990000000000123,10800.0,10800.0,10800.0,986.4402635849999,0.0
B_fixed_q90,2025-09-23,2025-09-23,109,2025-09-23 18:10:00,2025-09-23 18:20:00,1.2447,4985.787,4.4234,4700.096,6.1848,782.3185333333332,42.07156666666663,824.3900999999998,0.90,0.90,28,,824.3900999999998,0.0,5.837166666666917,0.0,0.0,10800.0,10793.514259259258,10800.0,1026.1183574699996,0.0
B_fixed_q90,2025-09-23,2025-09-23,110,2025-09-23 18:20:00,2025-09-23 18:30:00,1.2545,5006.5,0.0,4806.54,0.0,801.0899999999999,55.681666666666615,856.7716666666665,0.90,0.90,28,,856.7716666666665,7.206378600824084,0.0,0.0,15.14862139917582,10793.514259259258,10800.0,10800.0,1074.820055833333,0.0
B_fixed_q90,2025-09-23,2025-09-23,111,2025-09-23 18:30:00,2025-09-23 18:40:00,1.2522,5016.9579,0.0,5029.1871,0.0,838.19785,32.28003333333322,870.4778833333332,0.90,0.90,28,,870.4778833333332,0.0,0.0,0.0,34.31823333333318,10800.0,10800.0,10800.0,1090.0124055099998,0.0
B_fixed_q90,2025-09-23,2025-09-23,112,2025-09-23 18:40:00,2025-09-23 18:50:00,1.2881,4862.5058,0.3176,4889.8514,0.444,814.9012333333332,24.307649999999853,839.208883333333,0.90,0.90,28,,839.208883333333,0.0,0.0,0.0,28.84418333333315,10800.0,10800.0,10800.0,1080.9849626216662,0.0
B_fixed_q90,2025-09-23,2025-09-23,113,2025-09-23 18:50:00,2025-09-23 19:00:00,1.3466,4664.56,0.0,4602.8,0.0,767.1333333333333,53.10166666666669,820.235,0.90,0.90,28,,0.0,0.0,777.4266666666667,0.0,0.0,10800.0,9936.192592592593,9888.627777777778,0.0,0.0
B_fixed_q90,2025-09-23,2025-09-23,114,2025-09-23 19:00:00,2025-09-23 19:10:00,1.3523,4794.5933,0.0,4878.9151,0.0,813.1525166666667,35.69369999999992,848.8462166666666,0.90,0.90,28,,15.51288333333332,0.0,783.586,0.0,0.0,9936.192592592593,9065.541481481483,8962.701851851853,20.97807213166665,0.0
B_fixed_q90,2025-09-23,2025-09-23,115,2025-09-23 19:10:00,2025-09-23 19:20:00,1.3445,4953.598,0.0228,5049.4296,0.0319,841.5662833333333,38.40973333333318,879.9760166666665,0.90,0.90,28,,46.64268333333325,0.0,778.9531833333334,0.0,0.0,9065.541481481483,8200.037944444446,8036.7759259259265,62.71108774166656,0.0
B_fixed_q90,2025-09-23,2025-09-23,116,2025-09-23 19:20:00,2025-09-23 19:30:00,1.3483,4906.9,0.0,4902.19,0.0,817.0316666666665,17.02166666666676,834.0533333333333,0.90,0.90,28,,0.7200000000000273,0.0,817.0966666666666,0.0,0.0,8200.037944444446,7292.152759259261,7110.85,0.9707760000000368,0.0
B_fixed_q90,2025-09-23,2025-09-23,117,2025-09-23 19:30:00,2025-09-23 19:40:00,1.349,4721.0181,0.0,4891.8419,0.0,815.3069833333334,42.11760000000004,857.4245833333334,0.90,0.90,28,,24.091250000000173,0.0,762.7450999999999,0.0,0.0,7292.152759259261,6444.658203703706,6184.924074074074,32.499096250000235,0.0
B_fixed_q90,2025-09-23,2025-09-23,118,2025-09-23 19:40:00,2025-09-23 19:50:00,1.3473,4705.315,0.0016,4903.2757,0.0023,817.2122333333333,24.640799999999956,841.8530333333333,0.90,0.90,28,,8.519700000000057,0.0,775.6991999999999,0.0,0.0,6444.658203703706,5582.770203703706,5258.998148148148,11.478591810000076,0.0
B_fixed_q90,2025-09-23,2025-09-23,119,2025-09-23 19:50:00,2025-09-23 20:00:00,1.3482,4871.47,0.0,4818.68,0.0,803.1133333333333,44.6816666666665,847.7949999999998,0.90,0.90,28,,14.461666666666588,0.0,797.45,0.0,0.0,5582.770203703706,4696.71464814815,4333.072222222222,19.497218999999895,0.0
B_fixed_q90,2025-09-23,2025-09-23,120,2025-09-23 20:00:00,2025-09-23 20:10:00,1.3513,4963.0687,0.0,4696.702,0.0,782.7836666666667,34.31421666666665,817.0978833333334,0.90,0.90,28,,0.0,0.0,827.1781166666666,0.0,0.0,4696.71464814815,3777.6278518518543,3425.185685185185,0.0,0.0
B_fixed_q90,2025-09-23,2025-09-23,121,2025-09-23 20:10:00,2025-09-23 20:20:00,1.34,5061.4062,0.0,4700.0445,0.0,783.34075,60.9067500000001,844.2475000000001,0.90,0.90,28,,508.2470500000007,0.0,335.3206499999994,0.0,0.0,3777.6278518518543,3405.049351851855,3051.851851851852,681.051047000001,0.0
B_fixed_q90,2025-09-23,2025-09-23,122,2025-09-23 20:20:00,2025-09-23 20:30:00,1.3489,5038.25,0.0,4852.22,0.0,808.7033333333334,47.16666666666663,855.87,0.90,0.90,28,,22.536666666666747,0.0,817.1716666666665,0.0,0.0,3405.049351851855,2497.080833333337,2125.925925925926,30.399709666666773,0.0
B_fixed_q90,2025-09-23,2025-09-23,123,2025-09-23 20:30:00,2025-09-23 20:40:00,1.3952,4709.3717,0.0,4995.945,0.0,832.6574999999999,40.12368333333336,872.7811833333333,0.90,0.90,28,,39.44785000000002,0.0,745.4474333333333,0.0,0.0,2497.080833333337,1668.8059074074113,1200.0,55.03764032000002,0.0
B_fixed_q90,2025-09-23,2025-09-23,124,2025-09-23 20:40:00,2025-09-23 20:50:00,1.2226,4809.9708,0.0,4921.7777,0.0,820.2962833333332,44.23260000000005,864.5288833333333,0.90,0.90,28,,864.5288833333334,62.867083333333426,0.0,0.0,0.0,1668.8059074074113,1725.3862824074113,1200.0,1056.9730127633334,0.0
B_fixed_q90,2025-09-23,2025-09-23,125,2025-09-23 20:50:00,2025-09-23 21:00:00,0.9332,5215.3,0.0,4789.94,0.0,798.3233333333333,32.89166666666665,831.2149999999999,0.90,0.90,28,,831.2149999999999,0.0,38.00166666666678,0.0,0.0,1725.3862824074113,1683.162208333337,1200.0,775.6898379999999,0.0
B_fixed_q90,2025-09-23,2025-09-23,126,2025-09-23 21:00:00,2025-09-23 21:10:00,0.9068,5055.1463,0.0,4921.2572,0.0,820.2095333333333,38.441049999999905,858.6505833333332,0.90,0.90,28,,858.6505833333332,16.126199999999812,0.0,0.0,0.0,1683.162208333337,1697.6757883333369,1200.0,778.6243489666666,0.0
B_fixed_q90,2025-09-23,2025-09-23,127,2025-09-23 21:10:00,2025-09-23 21:20:00,0.9371,4827.5711,0.0,4795.1606,0.0,799.1934333333334,69.72811666666666,868.92155,0.90,0.90,28,,868.92155,64.32636666666667,0.0,0.0,0.0,1697.6757883333369,1755.5695183333369,1200.0,814.266384505,0.0
B_fixed_q90,2025-09-23,2025-09-23,128,2025-09-23 21:20:00,2025-09-23 21:30:00,0.9371,4880.29,0.0,4582.3,0.0,763.7166666666667,34.0183333333332,797.7349999999999,0.90,0.90,28,,797.7349999999999,0.0,15.64666666666676,0.0,0.0,1755.5695183333369,1738.1843331481516,1200.0,747.5574684999999,0.0
B_fixed_q90,2025-09-23,2025-09-23,129,2025-09-23 21:30:00,2025-09-23 21:40:00,0.9871,4979.2148,0.0,4908.0858,0.0,818.0142999999999,46.78591666666648,864.8002166666664,0.90,0.90,28,,864.8002166666665,34.93108333333328,0.0,0.0,0.0,1738.1843331481516,1769.6223081481517,1200.0,853.6442938716665,0.0
B_fixed_q90,2025-09-23,2025-09-23,130,2025-09-23 21:40:00,2025-09-23 21:50:00,0.7764,4609.119,0.0,4661.9285,0.0,776.9880833333333,60.37373333333335,837.3618166666666,0.90,0.90,28,,837.3618166666666,69.17531666666673,0.0,0.0,0.0,1769.6223081481517,1831.8800931481517,1200.0,650.12771446,0.0
B_fixed_q90,2025-09-23,2025-09-23,131,2025-09-23 21:50:00,2025-09-23 22:00:00,0.4209,3835.46,0.0,3835.63,0.0,639.2716666666666,38.27166666666676,677.5433333333334,0.90,0.90,28,,1510.8766666666666,833.3333333333333,0.0,0.0,38.299999999999955,1831.8800931481517,2581.880093148152,1950.0,635.9279889999999,0.0
B_fixed_q90,2025-09-23,2025-09-23,132,2025-09-23 22:00:00,2025-09-23 22:10:00,0.3859,3320.6494,0.0,3598.3753,0.0,599.7292166666666,18.96368333333328,618.6928999999999,0.90,0.90,28,,1452.026233333333,833.3333333333333,0.0,0.0,65.25133333333315,2581.880093148152,3331.880093148152,2700.0,560.3369234433333,0.0
B_fixed_q90,2025-09-23,2025-09-23,133,2025-09-23 22:10:00,2025-09-23 22:20:00,0.4368,3496.0714,0.0,3658.3589,0.0,609.7264833333334,10.497516666666684,620.224,0.90,0.90,28,,1286.8906666666646,704.212099999998,0.0,0.0,0.0,3331.880093148152,3965.6709831481503,3299.999999999998,562.1138431999991,0.0
B_fixed_q90,2025-09-23,2025-09-23,134,2025-09-23 22:20:00,2025-09-23 22:30:00,0.4198,3883.24,0.0,3679.49,0.0,613.2483333333332,39.00833333333338,652.2566666666667,0.90,0.90,28,,1485.59,833.3333333333333,0.0,0.0,5.050000000000068,3965.6709831481503,4715.67098314815,4049.999999999998,623.650682,0.0
B_fixed_q90,2025-09-23,2025-09-23,135,2025-09-23 22:30:00,2025-09-23 22:40:00,0.4186,3580.1991,0.0,3675.7073,0.0,612.6178833333333,52.22351666666668,664.8414,0.90,0.90,28,,1498.1747333333333,833.3333333333333,0.0,0.0,68.14155000000005,4715.67098314815,5465.67098314815,4799.999999999998,627.1359433733334,0.0
B_fixed_q90,2025-09-23,2025-09-23,136,2025-09-23 22:40:00,2025-09-23 22:50:00,0.4241,3332.1137,0.0,3704.1898,0.0,617.3649666666666,44.13008333333346,661.4950500000001,0.90,0.90,28,,1494.8283833333335,833.3333333333333,0.0,0.0,106.14276666666694,5465.67098314815,6215.67098314815,5549.999999999998,633.9567173716667,0.0
B_fixed_q90,2025-09-23,2025-09-23,137,2025-09-23 22:50:00,2025-09-23 23:00:00,0.4237,3416.1,0.0,3714.13,0.0,619.0216666666666,57.44166666666672,676.4633333333334,0.90,0.90,28,,1509.7966666666666,833.3333333333333,0.0,0.0,107.11333333333346,6215.67098314815,6965.67098314815,6299.999999999998,639.7008476666667,0.0
B_fixed_q90,2025-09-23,2025-09-23,138,2025-09-23 23:00:00,2025-09-23 23:10:00,0.4248,3387.9352,0.0,3626.4469,0.0,604.4078166666666,25.04350000000011,629.4513166666667,0.90,0.90,28,,1462.78465,833.3333333333333,0.0,0.0,64.79545000000019,6965.67098314815,7715.67098314815,7049.999999999998,621.3909193200001,0.0
B_fixed_q90,2025-09-23,2025-09-23,139,2025-09-23 23:10:00,2025-09-23 23:20:00,0.424,3459.0094,0.0,3690.0841,0.0,615.0140166666666,25.05863333333332,640.07265,0.90,0.90,28,,1473.405983333333,833.3333333333333,0.0,0.0,63.57108333333326,7715.67098314815,8465.67098314815,7799.999999999998,624.7241369333332,0.0
B_fixed_q90,2025-09-23,2025-09-23,140,2025-09-23 23:20:00,2025-09-23 23:30:00,0.422,3661.95,0.0,3800.23,0.0,633.3716666666667,51.59166666666658,684.9633333333333,0.90,0.90,28,,1518.2966666666666,833.3333333333333,0.0,0.0,74.63833333333343,8465.67098314815,9215.67098314815,8549.999999999998,640.7211933333333,0.0
B_fixed_q90,2025-09-23,2025-09-23,141,2025-09-23 23:30:00,2025-09-23 23:40:00,0.424,3702.4038,0.0,3632.9661,0.0,605.4943499999999,31.762533333333295,637.2568833333332,0.90,0.90,28,,1470.5902166666665,833.3333333333333,0.0,0.0,20.189583333333303,9215.67098314815,9965.67098314815,9299.999999999998,623.5302518666666,0.0
B_fixed_q90,2025-09-23,2025-09-23,142,2025-09-23 23:40:00,2025-09-23 23:50:00,0.4271,3409.7885,0.0,3700.6194,0.0,616.7699,25.804399999999987,642.5743,0.90,0.90,28,,1475.9076333333333,833.3333333333333,0.0,0.0,74.27621666666664,9965.67098314815,10715.67098314815,10049.999999999998,630.3601501966666,0.0
B_fixed_q90,2025-09-23,2025-09-23,143,2025-09-23 23:50:00,2025-09-24 00:00:00,0.4276,3147.61,0.0,3923.31,0.0,653.885,54.76999999999998,708.655,0.90,0.90,28,,1541.9883333333364,93.69890761316735,0.0,0.0,923.6877590535024,10715.67098314815,10800.0,10800.0,659.3542113333347,0.0
B_fixed_q90,2025-12-21,2025-12-21,0,2025-12-21 00:00:00,2025-12-21 00:10:00,0.4248,3576.1063,0.0,3556.1474,0.0,592.6912333333332,47.866766666666535,640.5579999999998,0.90,0.90,28,,640.5579999999991,0.0,0.0,0.0,44.54028333333247,10800.0,10800.0,10800.0,272.10903839999963,0.0
B_fixed_q90,2025-12-21,2025-12-21,1,2025-12-21 00:10:00,2025-12-21 00:20:00,0.4245,3537.871,0.0,3367.4634,0.0,561.2438999999999,60.17053333333331,621.4144333333332,0.90,0.90,28,,621.4144333333332,0.0,0.0,0.0,31.769266666666567,10800.0,10800.0,10800.0,263.79042695,0.0
B_fixed_q90,2025-12-21,2025-12-21,2,2025-12-21 00:20:00,2025-12-21 00:30:00,0.4269,3472.1,0.0,3429.29,0.0,571.5483333333333,40.504999999999995,612.0533333333333,0.90,0.90,28,,612.0533333333333,0.0,0.0,0.0,33.370000000000005,10800.0,10800.0,10800.0,261.28556799999996,0.0
B_fixed_q90,2025-12-21,2025-12-21,3,2025-12-21 00:30:00,2025-12-21 00:40:00,0.4272,3388.2602,0.0,3676.387,0.0,612.7311666666667,55.95189999999991,668.6830666666666,0.90,0.90,28,,668.6830666666666,0.0,0.0,0.0,103.97303333333332,10800.0,10800.0,10800.0,285.66140608,0.0
B_fixed_q90,2025-12-21,2025-12-21,4,2025-12-21 00:40:00,2025-12-21 00:50:00,0.4271,3299.4233,0.0,3757.6546,0.0,626.2757666666666,40.3190166666667,666.5947833333333,0.90,0.90,28,,666.5947833333333,0.0,0.0,0.0,116.69090000000006,10800.0,10800.0,10800.0,284.70263196166667,0.0
B_fixed_q90,2025-12-21,2025-12-21,5,2025-12-21 00:50:00,2025-12-21 01:00:00,0.4285,3349.26,0.0,3650.77,0.0,608.4616666666666,61.125,669.5866666666666,0.90,0.90,28,,669.5866666666666,0.0,0.0,0.0,111.37666666666655,10800.0,10800.0,10800.0,286.9178866666666,0.0
B_fixed_q90,2025-12-21,2025-12-21,6,2025-12-21 01:00:00,2025-12-21 01:10:00,0.4311,3662.0911,0.0,3636.1785,0.0,606.0297499999999,48.193466666666666,654.2232166666665,0.90,0.90,28,,654.2232166666665,0.0,0.0,0.0,43.87469999999985,10800.0,10800.0,10800.0,282.0356287049999,0.0
B_fixed_q90,2025-12-21,2025-12-21,7,2025-12-21 01:10:00,2025-12-21 01:20:00,0.4302,3799.4157,0.0,3630.4656,0.0,605.0776,40.47159999999997,645.5491999999999,0.90,0.90,28,,645.5491999999999,0.0,0.0,0.0,12.313249999999925,10800.0,10800.0,10800.0,277.71526584,0.0
B_fixed_q90,2025-12-21,2025-12-21,8,2025-12-21 01:20:00,2025-12-21 01:30:00,0.4279,3736.18,0.0,3593.03,0.0,598.8383333333334,63.7833333333333,662.6216666666667,0.90,0.90,28,,662.6216666666667,0.0,0.0,0.0,39.92500000000007,10800.0,10800.0,10800.0,283.5358111666667,0.0
B_fixed_q90,2025-12-21,2025-12-21,9,2025-12-21 01:30:00,2025-12-21 01:40:00,0.4312,3824.9356,0.0,3602.2286,0.0,600.3714333333332,65.90423333333331,666.2756666666666,0.90,0.90,28,,666.2756666666666,0.0,0.0,0.0,28.786399999999958,10800.0,10800.0,10800.0,287.2980674666666,0.0
B_fixed_q90,2025-12-21,2025-12-21,10,2025-12-21 01:40:00,2025-12-21 01:50:00,0.4333,3734.208,0.0,3658.5023,0.0,609.7503833333333,62.505300000000034,672.2556833333333,0.90,0.90,28,,672.2556833333333,0.0,0.0,0.0,49.88768333333337,10800.0,10800.0,10800.0,291.2883875883333,0.0
B_fixed_q90,2025-12-21,2025-12-21,11,2025-12-21 01:50:00,2025-12-21 02:00:00,0.4311,3587.15,0.0,3712.62,0.0,618.77,75.49499999999989,694.2649999999999,0.90,0.90,28,,694.2649999999999,0.0,0.0,0.0,96.40666666666652,10800.0,10800.0,10800.0,299.29764149999994,0.0
B_fixed_q90,2025-12-21,2025-12-21,12,2025-12-21 02:00:00,2025-12-21 02:10:00,0.4293,3856.4774,0.0,3725.8178,0.0,620.9696333333333,69.88234999999997,690.8519833333332,0.90,0.90,28,,690.8519833333332,0.0,0.0,0.0,48.105749999999944,10800.0,10800.0,10800.0,296.582756445,0.0
B_fixed_q90,2025-12-21,2025-12-21,13,2025-12-21 02:10:00,2025-12-21 02:20:00,0.4324,3923.2147,0.0,3808.8429,0.0,634.80715,65.09266666666667,699.8998166666667,0.90,0.90,28,,699.8998166666667,0.0,0.0,0.0,46.030700000000024,10800.0,10800.0,10800.0,302.63668072666667,0.0
B_fixed_q90,2025-12-21,2025-12-21,14,2025-12-21 02:20:00,2025-12-21 02:30:00,0.4367,3730.5,0.0,3949.55,0.0,658.2583333333333,59.235000000000014,717.4933333333333,0.90,0.90,28,,717.4933333333333,0.0,0.0,0.0,95.74333333333334,10800.0,10800.0,10800.0,313.3293386666667,0.0
B_fixed_q90,2025-12-21,2025-12-21,15,2025-12-21 02:30:00,2025-12-21 02:40:00,0.4348,3819.86,0.0,4008.5848,0.0,668.0974666666666,68.63994999999994,736.7374166666666,0.90,0.90,28,,736.7374166666666,0.0,0.0,0.0,100.09408333333329,10800.0,10800.0,10800.0,320.33342876666666,0.0
B_fixed_q90,2025-12-21,2025-12-21,16,2025-12-21 02:40:00,2025-12-21 02:50:00,0.4335,3791.4644,0.0,3980.4251,0.0,663.4041833333333,88.00074999999998,751.4049333333332,0.90,0.90,28,,751.4049333333332,0.0,0.0,0.0,119.49419999999998,10800.0,10800.0,10800.0,325.73403859999996,0.0
B_fixed_q90,2025-12-21,2025-12-21,17,2025-12-21 02:50:00,2025-12-21 03:00:00,0.4357,3751.73,0.0,3902.28,0.0,650.38,86.29833333333329,736.6783333333333,0.90,0.90,28,,736.6783333333333,0.0,0.0,0.0,111.38999999999999,10800.0,10800.0,10800.0,320.9707498333333,0.0
B_fixed_q90,2025-12-21,2025-12-21,18,2025-12-21 03:00:00,2025-12-21 03:10:00,0.4374,4180.5461,0.0,3841.0019,0.0,640.1669833333333,68.84830000000005,709.0152833333334,0.90,0.90,28,,709.0152833333334,0.0,0.0,0.0,12.257600000000139,10800.0,10800.0,10800.0,310.12328493,0.0
B_fixed_q90,2025-12-21,2025-12-21,19,2025-12-21 03:10:00,2025-12-21 03:20:00,0.4371,4115.3327,0.0,3938.1938,0.0,656.3656333333333,70.20146666666665,726.5671,0.90,0.90,28,,726.5671,0.0,0.0,0.0,40.67831666666666,10800.0,10800.0,10800.0,317.58247940999996,0.0
B_fixed_q90,2025-12-21,2025-12-21,20,2025-12-21 03:20:00,2025-12-21 03:30:00,0.4356,3748.74,0.0,4040.34,0.0,673.39,71.05333333333328,744.4433333333333,0.90,0.90,28,,744.4433333333333,0.0,0.0,0.0,119.65333333333331,10800.0,10800.0,10800.0,324.27951599999994,0.0
B_fixed_q90,2025-12-21,2025-12-21,21,2025-12-21 03:30:00,2025-12-21 03:40:00,0.4353,4220.4858,0.0,3859.3277,0.0,643.2212833333333,60.84399999999994,704.0652833333332,0.90,0.90,28,,704.0652833333334,0.0,0.0,0.0,0.650983333333329,10800.0,10800.0,10800.0,306.479617835,0.0
B_fixed_q90,2025-12-21,2025-12-21,22,2025-12-21 03:40:00,2025-12-21 03:50:00,0.436,4423.9257,0.0,3801.431,0.0,633.5718333333333,61.32596666666677,694.8978000000001,0.90,0.90,28,,694.8978000000002,0.0,42.42314999999974,0.0,0.0,10800.0,10752.863166666666,10800.0,302.97544080000006,0.0
B_fixed_q90,2025-12-21,2025-12-21,23,2025-12-21 03:50:00,2025-12-21 04:00:00,0.4378,4079.15,0.0,3946.69,0.0,657.7816666666666,82.17166666666674,739.9533333333334,0.90,0.90,28,,739.9533333333334,52.374259259259915,0.0,0.0,7.720740740740112,10752.863166666666,10800.0,10800.0,323.9515693333334,0.0
B_fixed_q90,2025-12-21,2025-12-21,24,2025-12-21 04:00:00,2025-12-21 04:10:00,0.4401,4038.9424,0.0,3984.0426,0.0,664.0071,104.48801666666668,768.4951166666667,0.90,0.90,28,,768.4951166666667,0.0,0.0,0.0,95.33805000000007,10800.0,10800.0,10800.0,338.21470084500004,0.0
B_fixed_q90,2025-12-21,2025-12-21,25,2025-12-21 04:10:00,2025-12-21 04:20:00,0.4389,4082.3954,0.0,4043.9085,0.0,673.98475,93.59836666666672,767.5831166666667,0.90,0.90,28,,767.5831166666667,0.0,0.0,0.0,87.18388333333337,10800.0,10800.0,10800.0,336.892229905,0.0
B_fixed_q90,2025-12-21,2025-12-21,26,2025-12-21 04:20:00,2025-12-21 04:30:00,0.4364,4064.87,0.0,4208.34,0.0,701.39,96.5983333333333,797.9883333333332,0.90,0.90,28,,797.9883333333332,0.0,0.0,0.0,120.50999999999999,10800.0,10800.0,10800.0,348.24210866666664,0.0
B_fixed_q90,2025-12-21,2025-12-21,27,2025-12-21 04:30:00,2025-12-21 04:40:00,0.4393,4121.8784,0.0,4361.7707,0.0,726.9617833333333,101.84725000000003,828.8090333333333,0.90,0.90,28,,828.8090333333334,0.0,0.0,0.0,141.82930000000022,10800.0,10800.0,10800.0,364.0958083433334,0.0
B_fixed_q90,2025-12-21,2025-12-21,28,2025-12-21 04:40:00,2025-12-21 04:50:00,0.4422,4083.6154,0.0,4272.1393,0.0,712.0232166666666,103.04141666666658,815.0646333333332,0.90,0.90,28,,815.0646333333332,0.0,0.0,0.0,134.4620666666665,10800.0,10800.0,10800.0,360.4215808599999,0.0
B_fixed_q90,2025-12-21,2025-12-21,29,2025-12-21 04:50:00,2025-12-21 05:00:00,0.4395,4032.31,0.0,4064.68,0.0,677.4466666666666,90.65333333333331,768.0999999999999,0.90,0.90,28,,768.0999999999999,0.0,0.0,0.0,96.04833333333329,10800.0,10800.0,10800.0,337.57994999999994,0.0
B_fixed_q90,2025-12-21,2025-12-21,30,2025-12-21 05:00:00,2025-12-21 05:10:00,0.4333,4217.9422,0.0023,4095.3383,0.002,682.5560499999999,97.05666666666662,779.6127166666665,0.90,0.90,28,,779.6127166666665,0.0,0.0,0.0,76.62273333333314,10800.0,10800.0,10800.0,337.8061901316666,0.0
B_fixed_q90,2025-12-21,2025-12-21,31,2025-12-21 05:10:00,2025-12-21 05:20:00,0.4439,4253.2484,0.0,4118.0415,0.0,686.34025,98.70693333333332,785.0471833333334,0.90,0.90,28,,785.0471833333334,0.0,0.0,0.0,76.17245000000003,10800.0,10800.0,10800.0,348.48244468166666,0.0
B_fixed_q90,2025-12-21,2025-12-21,32,2025-12-21 05:20:00,2025-12-21 05:30:00,0.4301,4066.58,0.0,4041.16,0.0,673.5266666666666,74.8416666666667,748.3683333333333,0.90,0.90,28,,748.3683333333333,0.0,0.0,0.0,70.60500000000002,10800.0,10800.0,10800.0,321.87322016666667,0.0
B_fixed_q90,2025-12-21,2025-12-21,33,2025-12-21 05:30:00,2025-12-21 05:40:00,0.3713,4077.7781,0.0316,4101.2526,0.0285,683.5373499999998,81.7008666666668,765.2382166666666,0.90,0.90,28,,765.2382166666666,0.0,0.0,0.0,85.61379999999997,10800.0,10800.0,10800.0,284.13294984833334,0.0
B_fixed_q90,2025-12-21,2025-12-21,34,2025-12-21 05:40:00,2025-12-21 05:50:00,0.5708,4717.7146,0.0,4586.0753,0.0,764.3458833333334,93.96458333333328,858.3104666666667,0.90,0.90,28,,858.3104666666668,0.0,0.0,0.0,72.02470000000017,10800.0,10800.0,10800.0,489.9236143733334,0.0
B_fixed_q90,2025-12-21,2025-12-21,35,2025-12-21 05:50:00,2025-12-21 06:00:00,0.9099,5490.65,0.0,5227.27,0.0,871.2116666666667,114.36833333333334,985.58,0.90,0.90,28,,985.58,0.0,0.0,0.0,70.4716666666668,10800.0,10800.0,10800.0,896.7792420000001,0.0
B_fixed_q90,2025-12-21,2025-12-21,36,2025-12-21 06:00:00,2025-12-21 06:10:00,0.9368,5439.318,0.4406,5402.0967,0.3963,900.2833999999999,73.57128333333333,973.8546833333332,0.90,0.90,28,,298.85468333333324,0.0,607.6248833333334,0.0,0.0,10800.0,10124.86124074074,10050.0,279.96706734666657,0.0
B_fixed_q90,2025-12-21,2025-12-21,37,2025-12-21 06:10:00,2025-12-21 06:20:00,0.8758,5407.8325,0.0,5325.5478,0.0,887.5913,80.04613333333327,967.6374333333333,0.90,0.90,28,,967.6374333333333,66.33201666666662,0.0,0.0,0.0,10124.86124074074,10184.56005574074,10050.0,847.4568641133334,0.0
B_fixed_q90,2025-12-21,2025-12-21,38,2025-12-21 06:20:00,2025-12-21 06:30:00,0.8759,5587.05,0.0,5273.41,0.0,878.9016666666666,98.02333333333343,976.9250000000001,0.90,0.90,28,,976.9250000000002,45.75000000000023,0.0,0.0,0.0,10184.56005574074,10225.73505574074,10050.0,855.6886075000002,0.0
B_fixed_q90,2025-12-21,2025-12-21,39,2025-12-21 06:30:00,2025-12-21 06:40:00,0.8601,5351.2866,6.1366,5332.3028,5.5202,887.7971,111.58416666666665,999.3812666666666,0.90,0.90,28,,999.3812666666668,108.52293333333341,0.0,0.0,0.0,10225.73505574074,10323.405695740741,10050.0,859.5678274600001,0.0
B_fixed_q90,2025-12-21,2025-12-21,40,2025-12-21 06:40:00,2025-12-21 06:50:00,0.8442,5233.249,0.0,5448.9625,0.0,908.1604166666666,113.33103333333338,1021.49145,0.90,0.90,28,,1021.49145,149.28328333333343,0.0,0.0,0.0,10323.405695740741,10457.760650740742,10050.0,862.3430820899999,0.0
B_fixed_q90,2025-12-21,2025-12-21,41,2025-12-21 06:50:00,2025-12-21 07:00:00,0.8334,5374.2,0.0,5477.09,0.0,912.8483333333334,123.50541666666663,1036.35375,0.90,0.90,28,,1036.35375,140.65375000000006,0.0,0.0,0.0,10457.760650740742,10584.349025740741,10050.0,863.69721525,0.0
B_fixed_q90,2025-12-21,2025-12-21,42,2025-12-21 07:00:00,2025-12-21 07:10:00,0.8092,5360.7841,172.6829,5311.6794,154.8087,859.4784500000001,115.48865,974.9671000000001,0.90,0.90,28,,974.9671000000001,110.28356666666673,0.0,0.0,0.0,10584.349025740741,10683.60423574074,10050.0,788.9433773200001,0.0
B_fixed_q90,2025-12-21,2025-12-21,43,2025-12-21 07:10:00,2025-12-21 07:20:00,0.7972,5321.3096,420.0356,5235.8538,373.5954,810.3763999999999,112.52411666666671,922.9005166666666,0.90,0.90,28,,922.9005166666666,106.02151666666668,0.0,0.0,0.0,10683.60423574074,10779.02360074074,10050.0,735.7362918866667,0.0
B_fixed_q90,2025-12-21,2025-12-21,44,2025-12-21 07:20:00,2025-12-21 07:30:00,0.7644,5231.72,690.675,5263.95,606.525,776.2375,134.9324999999999,911.1699999999998,0.90,0.90,28,,911.1699999999998,23.307110288066422,0.0,0.0,131.02205637860013,10779.02360074074,10800.0,10050.0,696.4983479999999,0.0
B_fixed_q90,2025-12-21,2025-12-21,45,2025-12-21 07:30:00,2025-12-21 07:40:00,0.6899,5065.8847,996.7377,5254.4509,867.132,731.2198166666667,113.98423333333335,845.20405,0.90,0.90,28,,1678.5373833333333,0.0,0.0,0.0,1000.3462166666668,10800.0,10800.0,10800.0,1158.0229407616666,0.0
B_fixed_q90,2025-12-21,2025-12-21,46,2025-12-21 07:40:00,2025-12-21 07:50:00,0.86,5889.1246,1276.7125,5860.266,1127.5925,788.7789166666666,105.76360000000011,894.5425166666668,0.90,0.90,28,,894.5425166666669,0.0,0.0,0.0,125.80716666666694,10800.0,10800.0,10800.0,769.3065643333335,0.0
B_fixed_q90,2025-12-21,2025-12-21,47,2025-12-21 07:50:00,2025-12-21 08:00:00,1.1617,7180.79,1539.8625,6843.61,1391.4,908.7016666666665,109.02249999999998,1017.7241666666664,0.90,0.90,28,,184.39083333333315,0.0,755.7637500000001,0.0,0.0,10800.0,9960.2625,9874.074074074075,214.2068310833331,0.0
B_fixed_q90,2025-12-21,2025-12-21,48,2025-12-21 08:00:00,2025-12-21 08:10:00,1.1683,7254.351,1860.1541,7193.4429,1682.7674,918.4459166666667,91.90030000000002,1010.3462166666667,0.90,0.90,28,,177.01288333333355,0.0,722.019933333333,0.0,0.0,9960.2625,9158.01812962963,8948.14814814815,206.80415159833356,0.0
B_fixed_q90,2025-12-21,2025-12-21,49,2025-12-21 08:10:00,2025-12-21 08:20:00,1.0956,7152.8955,2211.6206,7169.2307,1942.6551,871.0959333333333,144.03131666666656,1015.1272499999998,0.90,0.90,28,,181.79391666666652,0.0,641.7519,0.0,0.0,9158.01812962963,8444.960462962965,8022.2222222222235,199.17341509999983,0.0
B_fixed_q90,2025-12-21,2025-12-21,50,2025-12-21 08:20:00,2025-12-21 08:30:00,1.0849,7367.01,2579.625,7137.33,2176.275,826.8425,136.4083333333333,963.2508333333333,0.90,0.90,28,,129.91750000000002,0.0,667.98,0.0,0.0,8444.960462962965,7702.760462962965,7096.296296296297,140.94749575000003,0.0
B_fixed_q90,2025-12-21,2025-12-21,51,2025-12-21 08:30:00,2025-12-21 08:40:00,1.061,7333.1326,2953.1787,7192.1147,2447.0445,790.8450333333333,107.77008333333333,898.6151166666666,0.90,0.90,28,,65.28178333333335,0.0,664.7105333333334,0.0,0.0,7702.760462962965,6964.193203703706,6170.370370370371,69.26397211666668,0.0
B_fixed_q90,2025-12-21,2025-12-21,52,2025-12-21 08:40:00,2025-12-21 08:50:00,1.043,7276.0603,3195.6035,7234.7979,2711.8548,753.8238499999999,103.30971666666665,857.1335666666665,0.90,0.90,28,,23.800233333333267,0.0,656.2759,0.0,0.0,6964.193203703706,6234.997759259261,5244.444444444445,24.823643366666595,0.0
B_fixed_q90,2025-12-21,2025-12-21,53,2025-12-21 08:50:00,2025-12-21 09:00:00,1.036,7255.65,3341.5875,7206.45,2963.2125,707.2062499999998,122.17125000000004,829.3774999999998,0.90,0.90,28,,0.0,0.0,652.3437499999999,0.0,0.0,6234.997759259261,5510.171370370373,4322.91388888889,0.0,0.0
B_fixed_q90,2025-12-21,2025-12-21,54,2025-12-21 09:00:00,2025-12-21 09:10:00,1.0147,7076.8086,3572.7867,7154.2553,3236.2485,653.0011333333332,103.45500000000004,756.4561333333332,0.90,0.90,28,,0.0,0.0,584.00365,0.0,0.0,5510.171370370373,4861.278425925928,3482.4070740740754,0.0,0.0
B_fixed_q90,2025-12-21,2025-12-21,55,2025-12-21 09:10:00,2025-12-21 09:20:00,0.9922,7014.1683,3848.0561,7197.8707,3485.5191,618.7252666666667,110.32853333333333,729.0538,0.90,0.90,28,,0.0,0.0,527.6853666666667,0.0,0.0,4861.278425925928,4274.961351851854,2672.3472962962974,0.0,0.0
B_fixed_q90,2025-12-21,2025-12-21,56,2025-12-21 09:20:00,2025-12-21 09:30:00,0.97,7150.59,4116.6,7265.28,3682.8375,597.0737499999999,125.3979166666667,722.4716666666666,0.90,0.90,28,,722.4716666666666,216.80666666666662,0.0,0.0,0.0,4274.961351851854,4470.087351851854,2672.3472962962974,700.7975166666665,0.0
B_fixed_q90,2025-12-21,2025-12-21,57,2025-12-21 09:30:00,2025-12-21 09:40:00,0.9422,7259.4501,4370.6969,7159.0986,3870.6809,548.0696166666667,107.33443333333344,655.4040500000001,0.90,0.90,28,,655.4040500000001,173.94518333333343,0.0,0.0,0.0,4470.087351851854,4626.6380168518535,2672.3472962962974,617.5216959100001,0.0
B_fixed_q90,2025-12-21,2025-12-21,58,2025-12-21 09:40:00,2025-12-21 09:50:00,0.9569,7142.682,4583.0793,7013.0091,4209.5459,467.2438666666667,110.81123333333335,578.0551,0.90,0.90,28,,578.0551,151.45465000000013,0.0,0.0,0.0,4626.6380168518535,4762.947201851854,2672.3472962962974,553.1409251900001,0.0
B_fixed_q90,2025-12-21,2025-12-21,59,2025-12-21 09:50:00,2025-12-21 10:00:00,0.9977,6912.23,4750.3875,6980.68,4610.2125,395.07791666666674,144.90749999999997,539.9854166666667,0.90,0.90,28,,0.0,0.0,360.30708333333325,0.0,0.0,4762.947201851854,4362.60599814815,2072.3635000000013,0.0,0.0
B_fixed_q90,2025-12-21,2025-12-21,60,2025-12-21 10:00:00,2025-12-21 10:10:00,0.9919,6873.3728,4886.2111,7094.7959,4852.7288,373.67785000000003,184.58696666666657,558.2648166666665,0.90,0.90,28,,0.0,0.0,331.19361666666657,0.0,0.0,4362.60599814815,3994.6130907407432,1452.0692592592607,0.0,0.0
B_fixed_q90,2025-12-21,2025-12-21,61,2025-12-21 10:10:00,2025-12-21 10:20:00,0.9588,6913.1885,4956.6279,7168.5149,5281.359,314.5259833333333,186.11051666666663,500.6364999999999,0.90,0.90,28,,500.6364999999999,174.54306666666662,0.0,0.0,0.0,3994.6130907407432,4151.701850740743,1452.0692592592607,480.0102761999999,0.0
B_fixed_q90,2025-12-21,2025-12-21,62,2025-12-21 10:20:00,2025-12-21 10:30:00,0.9549,6951.47,4960.7625,7054.17,5746.0125,218.02625000000003,142.10916666666677,360.1354166666668,0.90,0.90,28,,360.1354166666668,28.350833333333412,0.0,0.0,0.0,4151.701850740743,4177.217600740743,1452.0692592592607,343.8933093750001,0.0
B_fixed_q90,2025-12-21,2025-12-21,63,2025-12-21 10:30:00,2025-12-21 10:40:00,0.9839,7040.6919,4946.2149,6816.159,5710.7585,184.2334166666666,146.7178,330.9512166666666,0.90,0.90,28,,104.088883333332,0.0,244.99061666666793,0.0,0.0,4177.217600740743,3905.005804444446,1200.0,102.41305231166537,0.0
B_fixed_q90,2025-12-21,2025-12-21,64,2025-12-21 10:40:00,2025-12-21 10:50:00,0.799,7195.1724,4968.8079,6956.2799,5630.2118,221.01135000000005,155.96475000000007,376.9761000000001,0.90,0.90,28,,376.9761000000001,5.9153499999999894,0.0,0.0,0.0,3905.005804444446,3910.329619444446,1200.0,301.2039039000001,0.0
B_fixed_q90,2025-12-21,2025-12-21,65,2025-12-21 10:50:00,2025-12-21 11:00:00,0.5025,7266.62,4979.2125,7231.77,5759.025,245.45750000000012,145.44583333333335,390.9033333333335,0.90,0.90,28,,1224.2366666666667,833.3333333333333,0.0,0.0,9.668750000000045,3910.329619444446,4660.3296194444465,1950.0,615.1789249999999,0.0
B_fixed_q90,2025-12-21,2025-12-21,66,2025-12-21 11:00:00,2025-12-21 11:10:00,0.4662,7080.5804,4907.9946,6895.6312,5911.9944,163.9394666666667,146.6001166666665,310.5395833333332,0.90,0.90,28,,1143.8729166666665,781.7752833333332,0.0,0.0,0.0,4660.3296194444465,5363.927374444446,2700.0,533.2735537499999,0.0
B_fixed_q90,2025-12-21,2025-12-21,67,2025-12-21 11:10:00,2025-12-21 11:20:00,0.5007,6948.6094,5015.1025,6569.4148,5966.7895,100.43754999999994,144.29586666666665,244.73341666666659,0.90,0.90,28,,1078.06675,755.8155999999999,0.0,0.0,0.0,5363.927374444446,6044.161414444447,3450.0,539.788021725,0.0
B_fixed_q90,2025-12-21,2025-12-21,68,2025-12-21 11:20:00,2025-12-21 11:30:00,0.4827,6954.16,5256.3375,6633.54,5909.1375,120.73375000000001,154.81208333333322,275.54583333333323,0.90,0.90,28,,1108.8791666666666,825.9087499999999,0.0,0.0,0.0,6044.161414444447,6787.479289444446,4200.0,535.25597375,0.0
B_fixed_q90,2025-12-21,2025-12-21,69,2025-12-21 11:30:00,2025-12-21 11:40:00,0.4785,6860.0706,5348.0182,6836.8731,5820.8581,169.33583333333323,119.63810000000011,288.9739333333333,0.90,0.90,28,,1122.3072666666667,833.3333333333333,0.0,0.0,36.96520000000021,6787.479289444446,7537.479289444446,4950.0,537.0240271,0.0
B_fixed_q90,2025-12-21,2025-12-21,70,2025-12-21 11:40:00,2025-12-21 11:50:00,0.4662,6565.9337,5577.6892,6790.7755,5813.7308,162.84078333333323,116.76471666666657,279.6054999999998,0.90,0.90,28,,1112.9388333333332,833.3333333333333,0.0,0.0,114.89808333333326,7537.479289444446,8287.479289444447,5700.0,518.8520841,0.0
B_fixed_q90,2025-12-21,2025-12-21,71,2025-12-21 11:50:00,2025-12-21 12:00:00,0.4432,6330.9,5890.8,6491.37,5891.5875,99.96375000000003,134.2029166666668,234.16666666666683,0.90,0.90,28,,1067.5,833.3333333333333,0.0,0.0,160.81666666666683,8287.479289444447,9037.479289444447,6450.0,473.116,0.0
B_fixed_q90,2025-12-21,2025-12-21,72,2025-12-21 12:00:00,2025-12-21 12:10:00,0.4411,6501.863,5904.8948,6294.9218,5973.4043,53.586249999999986,126.98161666666677,180.56786666666676,0.90,0.90,28,,1013.9012,833.3333333333333,0.0,0.0,81.07316666666668,9037.479289444447,9787.479289444447,7200.0,447.23181932,0.0
B_fixed_q90,2025-12-21,2025-12-21,73,2025-12-21 12:10:00,2025-12-21 12:20:00,0.4551,6520.3344,5868.1645,6333.9076,6089.1559,40.791949999999964,146.8221666666666,187.61411666666655,0.90,0.90,28,,1020.9474499999998,833.3333333333333,0.0,0.0,78.9191333333332,9787.479289444447,10537.479289444447,7950.0,464.6331844949999,0.0
B_fixed_q90,2025-12-21,2025-12-21,74,2025-12-21 12:20:00,2025-12-21 12:30:00,0.4463,6273.31,5864.7,6365.04,6127.4625,39.596250000000055,145.6312499999999,185.22749999999996,0.90,0.90,28,,1018.5608333333332,291.68967839505865,0.0,0.0,658.7694882716078,10537.479289444447,10800.0,8700.0,454.5836999166666,0.0
B_fixed_q90,2025-12-21,2025-12-21,75,2025-12-21 12:30:00,2025-12-21 12:40:00,0.4113,6234.7567,5722.7661,6091.6909,5920.7826,28.484716666666674,152.53831666666656,181.02303333333325,0.90,0.90,28,,1014.3563666666665,0.0,0.0,0.0,929.0245999999999,10800.0,10800.0,9450.0,417.20477360999996,0.0
B_fixed_q90,2025-12-21,2025-12-21,76,2025-12-21 12:40:00,2025-12-21 12:50:00,0.5682,6512.763,5549.8704,6220.5541,5742.7536,79.6334166666667,177.4313333333332,257.0647499999999,0.90,0.90,28,,1090.398083333333,0.0,0.0,0.0,929.9159833333331,10800.0,10800.0,10200.0,619.5641909499999,0.0
B_fixed_q90,2025-12-21,2025-12-21,77,2025-12-21 12:50:00,2025-12-21 13:00:00,0.8279,6836.44,5390.4375,6701.4,5623.725,179.61249999999987,152.22874999999988,331.8412499999997,0.90,0.90,28,,331.8412499999997,0.0,0.0,0.0,90.84083333333314,10800.0,10800.0,10200.0,274.73137087499975,0.0
B_fixed_q90,2025-12-21,2025-12-21,78,2025-12-21 13:00:00,2025-12-21 13:10:00,0.8636,6797.3346,5211.4597,6744.871,5343.815,233.50933333333342,139.2489833333334,372.7583166666668,0.90,0.90,28,,372.7583166666668,0.0,0.0,0.0,108.44583333333355,10800.0,10800.0,10200.0,321.91408227333346,0.0
B_fixed_q90,2025-12-21,2025-12-21,79,2025-12-21 13:10:00,2025-12-21 13:20:00,0.8416,6554.3856,5202.0686,6634.9633,5094.9115,256.6753,161.3574833333334,418.0327833333334,0.90,0.90,28,,418.0327833333334,0.0,0.0,0.0,192.64661666666672,10800.0,10800.0,10200.0,351.8163904533334,0.0
B_fixed_q90,2025-12-21,2025-12-21,80,2025-12-21 13:20:00,2025-12-21 13:30:00,0.8618,6350.08,5287.95,6593.66,4968.1875,270.91208333333327,139.37041666666676,410.2825,0.90,0.90,28,,410.2825,0.0,0.0,0.0,233.26083333333335,10800.0,10800.0,10200.0,353.58145850000005,0.0
B_fixed_q90,2025-12-21,2025-12-21,81,2025-12-21 13:30:00,2025-12-21 13:40:00,0.8623,6333.408,5178.3498,6524.9679,4861.622,277.22431666666654,154.56656666666652,431.79088333333306,0.90,0.90,28,,431.7908833333331,0.0,0.0,0.0,239.28118333333305,10800.0,10800.0,10200.0,372.3332786983331,0.0
B_fixed_q90,2025-12-21,2025-12-21,82,2025-12-21 13:40:00,2025-12-21 13:50:00,0.9026,6515.4464,4993.7017,6428.5754,4729.9833,283.09868333333327,126.87826666666658,409.9769499999999,0.90,0.90,28,,409.9769499999999,0.0,0.0,0.0,156.3528333333332,10800.0,10800.0,10200.0,370.04519506999986,0.0
B_fixed_q90,2025-12-21,2025-12-21,83,2025-12-21 13:50:00,2025-12-21 14:00:00,0.9754,6658.81,4847.5125,6371.24,4528.9125,307.0545833333332,94.57291666666671,401.62749999999994,0.90,0.90,28,,0.0,0.0,301.88291666666674,0.0,0.0,10800.0,10464.574537037037,9753.747222222222,0.0,0.0
B_fixed_q90,2025-12-21,2025-12-21,84,2025-12-21 14:00:00,2025-12-21 14:10:00,1.0002,6474.7834,4705.4039,6434.9471,4241.2745,365.61209999999994,112.21480000000004,477.82689999999997,0.90,0.90,28,,0.0,0.0,294.8965833333333,0.0,0.0,10464.574537037037,10136.911666666667,9222.828444444445,0.0,0.0
B_fixed_q90,2025-12-21,2025-12-21,85,2025-12-21 14:10:00,2025-12-21 14:20:00,0.9978,6311.1097,4404.8152,6598.029,4012.9491,430.84665000000007,117.84605000000002,548.6927000000001,0.90,0.90,28,,0.0,0.0,317.71574999999996,0.0,0.0,10136.911666666667,9783.894166666667,8613.16988888889,0.0,0.0
B_fixed_q90,2025-12-21,2025-12-21,86,2025-12-21 14:20:00,2025-12-21 14:30:00,1.0271,6293.57,3988.3875,6653.62,3841.8375,468.63041666666663,85.97291666666646,554.6033333333331,0.90,0.90,28,,0.0,0.0,384.1970833333333,0.0,0.0,9783.894166666667,9357.008518518518,7996.943962962964,0.0,0.0
B_fixed_q90,2025-12-21,2025-12-21,87,2025-12-21 14:30:00,2025-12-21 14:40:00,1.0906,6241.0875,3658.7815,6413.1096,3600.3157,468.79898333333324,97.96113333333331,566.7601166666666,0.90,0.90,28,,0.0,0.0,430.38433333333325,0.0,0.0,9357.008518518518,8878.803703703703,7367.210500000001,0.0,0.0
B_fixed_q90,2025-12-21,2025-12-21,88,2025-12-21 14:40:00,2025-12-21 14:50:00,0.9376,6267.633,3321.4365,6368.7625,3406.0952,493.77788333333325,107.10391666666652,600.8817999999998,0.90,0.90,28,,315.3923499999988,0.0,175.64040000000114,0.0,0.0,8878.803703703703,8683.647703703702,7050.0,295.7118673599989,0.0
B_fixed_q90,2025-12-21,2025-12-21,89,2025-12-21 14:50:00,2025-12-21 15:00:00,0.6694,6308.83,2957.5875,6558.06,3254.2875,550.6287500000001,84.05250000000007,634.6812500000001,0.90,0.90,28,,1468.0145833333333,833.3333333333333,0.0,0.0,76.14083333333349,8683.647703703702,9433.647703703702,7800.0,982.6889620833333,0.0
B_fixed_q90,2025-12-21,2025-12-21,90,2025-12-21 15:00:00,2025-12-21 15:10:00,0.66,6184.3165,2665.595,6527.0274,3001.2809,587.6244166666665,57.29124999999988,644.9156666666664,0.90,0.90,28,,1478.2489999999998,833.3333333333333,0.0,0.0,58.462083333333226,9433.647703703702,10183.647703703702,8550.0,975.6443399999999,0.0
B_fixed_q90,2025-12-21,2025-12-21,91,2025-12-21 15:10:00,2025-12-21 15:20:00,0.7217,6249.441,2404.6045,6364.202,2691.9936,612.0347333333334,75.99434999999994,688.0290833333333,0.90,0.90,28,,1521.3624166666666,684.8358847736644,0.0,0.0,195.72044855966897,10183.647703703702,10800.0,9300.0,1097.9672561083332,0.0
B_fixed_q90,2025-12-21,2025-12-21,92,2025-12-21 15:20:00,2025-12-21 15:30:00,0.7308,6412.99,2166.8625,6331.14,2406.45,654.115,72.57375000000002,726.68875,0.90,0.90,28,,1560.0220833333333,0.0,0.0,0.0,852.3341666666668,10800.0,10800.0,10050.0,1140.0641385,0.0
B_fixed_q90,2025-12-21,2025-12-21,93,2025-12-21 15:30:00,2025-12-21 15:40:00,0.7534,6229.2355,1977.0681,6556.5547,2180.4541,729.3500999999999,71.77514999999994,801.1252499999998,0.90,0.90,28,,1634.458583333333,0.0,0.0,0.0,925.7640166666664,10800.0,10800.0,10800.0,1231.401096683333,0.0
B_fixed_q90,2025-12-21,2025-12-21,94,2025-12-21 15:40:00,2025-12-21 15:50:00,0.7823,6140.1248,1719.0539,6541.9728,1933.1371,768.1392833333332,88.95678333333319,857.0960666666664,0.90,0.90,28,,857.0960666666665,0.0,0.0,0.0,120.25091666666663,10800.0,10800.0,10800.0,670.5062529533332,0.0
B_fixed_q90,2025-12-21,2025-12-21,95,2025-12-21 15:50:00,2025-12-21 16:00:00,0.8055,6190.42,1414.8375,6227.88,1643.9625,763.9862499999999,54.23624999999993,818.2224999999999,0.90,0.90,28,,818.2224999999999,0.0,0.0,0.0,22.292083333333153,10800.0,10800.0,10800.0,659.0782237499999,0.0
B_fixed_q90,2025-12-21,2025-12-21,96,2025-12-21 16:00:00,2025-12-21 16:10:00,0.8271,6007.344,1199.0528,6048.8829,1362.8216,781.0102166666666,63.75078333333329,844.7609999999999,0.90,0.90,28,,844.761,0.0,0.0,0.0,43.37913333333336,10800.0,10800.0,10800.0,698.7018231,0.0
B_fixed_q90,2025-12-21,2025-12-21,97,2025-12-21 16:10:00,2025-12-21 16:20:00,0.8519,6021.8302,965.9713,6034.5319,1065.7366,828.1325499999999,42.99686666666685,871.1294166666668,0.90,0.90,28,,871.1294166666668,0.0,0.0,0.0,28.48626666666678,10800.0,10800.0,10800.0,742.1151500583334,0.0
B_fixed_q90,2025-12-21,2025-12-21,98,2025-12-21 16:20:00,2025-12-21 16:30:00,0.8791,6231.28,680.625,6170.79,750.375,903.4024999999999,45.47750000000008,948.88,0.90,0.90,28,,948.8800000000001,0.0,0.0,0.0,23.770833333333485,10800.0,10800.0,10800.0,834.1604080000001,0.0
B_fixed_q90,2025-12-21,2025-12-21,99,2025-12-21 16:30:00,2025-12-21 16:40:00,0.9024,6177.7882,419.0314,6408.9188,450.0255,993.1488833333334,43.68771666666669,1036.8366,0.90,0.90,28,,1036.8366,0.0,0.0,0.0,77.04380000000015,10800.0,10800.0,10800.0,935.6413478400001,0.0
B_fixed_q90,2025-12-21,2025-12-21,100,2025-12-21 16:40:00,2025-12-21 16:50:00,0.9163,6130.9976,173.8125,6333.2123,178.5296,1025.78045,43.839916666666795,1069.6203666666668,0.90,0.90,28,,1069.6203666666668,0.0,0.0,0.0,76.75618333333352,10800.0,10800.0,10800.0,980.0931419766667,0.0
B_fixed_q90,2025-12-21,2025-12-21,101,2025-12-21 16:50:00,2025-12-21 17:00:00,0.9264,6172.78,0.0,6089.53,0.0,1014.9216666666666,38.056666666666615,1052.9783333333332,0.90,0.90,28,,1052.9783333333332,0.0,0.0,0.0,24.181666666666615,10800.0,10800.0,10800.0,975.479128,0.0
B_fixed_q90,2025-12-21,2025-12-21,102,2025-12-21 17:00:00,2025-12-21 17:10:00,0.9462,6112.1742,0.0,6226.7838,0.0,1037.7973,33.40183333333323,1071.199133333333,0.90,0.90,28,,1071.199133333333,0.0,0.0,0.0,52.50343333333308,10800.0,10800.0,10800.0,1013.5686199599998,0.0
B_fixed_q90,2025-12-21,2025-12-21,103,2025-12-21 17:10:00,2025-12-21 17:20:00,0.9742,6160.7027,6.2009,6316.685,6.2357,1051.74155,43.033783333333304,1094.7753333333333,0.90,0.90,28,,1094.7753333333333,0.0,0.0,0.0,69.02503333333334,10800.0,10800.0,10800.0,1066.5301297333333,0.0
B_fixed_q90,2025-12-21,2025-12-21,104,2025-12-21 17:20:00,2025-12-21 17:30:00,0.9862,6338.77,0.0,6285.57,0.0,1047.5949999999998,38.245000000000005,1085.8399999999997,0.90,0.90,28,,1085.8399999999997,0.0,0.0,0.0,29.378333333333103,10800.0,10800.0,10800.0,1070.8554079999997,0.0
B_fixed_q90,2025-12-21,2025-12-21,105,2025-12-21 17:30:00,2025-12-21 17:40:00,0.976,6290.0948,0.0,6346.6991,0.0,1057.7831833333332,34.52314999999999,1092.3063333333332,0.90,0.90,28,,1092.3063333333332,0.0,0.0,0.0,43.95720000000006,10800.0,10800.0,10800.0,1066.0909813333333,0.0
B_fixed_q90,2025-12-21,2025-12-21,106,2025-12-21 17:40:00,2025-12-21 17:50:00,1.0742,5392.9058,0.4452,5515.747,0.4477,919.2165500000001,29.45556666666664,948.6721166666667,0.90,0.90,28,,948.6721166666667,0.0,0.0,0.0,49.928683333333424,10800.0,10800.0,10800.0,1019.0635877233334,0.0
B_fixed_q90,2025-12-21,2025-12-21,107,2025-12-21 17:50:00,2025-12-21 18:00:00,1.2313,4275.8,0.0,4303.33,0.0,717.2216666666666,41.89666666666665,759.1183333333332,0.90,0.90,28,,759.1183333333333,0.0,0.0,0.0,46.485000000000014,10800.0,10800.0,10800.0,934.7024038333334,0.0
B_fixed_q90,2025-12-21,2025-12-21,108,2025-12-21 18:00:00,2025-12-21 18:10:00,1.2561,4292.4867,0.0,4324.9496,0.0,720.8249333333333,38.82306666666665,759.6479999999999,0.90,0.90,28,,759.6479999999999,0.0,0.0,0.0,44.23354999999992,10800.0,10800.0,10800.0,954.1938527999998,0.0
B_fixed_q90,2025-12-21,2025-12-21,109,2025-12-21 18:10:00,2025-12-21 18:20:00,1.2447,4489.6396,0.032,4468.0789,0.0321,744.6744666666666,44.29714999999999,788.9716166666666,0.90,0.90,28,,788.9716166666667,0.0,0.0,0.0,40.7036833333334,10800.0,10800.0,10800.0,982.032971265,0.0
B_fixed_q90,2025-12-21,2025-12-21,110,2025-12-21 18:20:00,2025-12-21 18:30:00,1.2545,4380.05,0.0,4202.04,0.0,700.3399999999999,35.559999999999945,735.8999999999999,0.90,0.90,28,,735.8999999999999,0.0,0.0,0.0,5.891666666666538,10800.0,10800.0,10800.0,923.1865499999998,0.0
B_fixed_q90,2025-12-21,2025-12-21,111,2025-12-21 18:30:00,2025-12-21 18:40:00,1.2522,4406.0663,0.0,4124.9898,0.0,687.4983,41.804966666666644,729.3032666666666,0.90,0.90,28,,729.3032666666666,0.0,5.041116666666767,0.0,0.0,10800.0,10794.398759259258,10800.0,913.2335505199999,0.0
B_fixed_q90,2025-12-21,2025-12-21,112,2025-12-21 18:40:00,2025-12-21 18:50:00,1.2881,4500.5016,0.0023,4217.5756,0.0023,702.9288833333333,35.762050000000045,738.6909333333333,0.90,0.90,28,,542.4911333333339,0.0,207.59208333333265,0.0,0.0,10794.398759259258,10563.74088888889,10582.000222222223,698.7828288466674,0.0
B_fixed_q90,2025-12-21,2025-12-21,113,2025-12-21 18:50:00,2025-12-21 19:00:00,1.3466,4490.76,0.0,4331.65,0.0,721.9416666666666,33.91666666666663,755.8583333333332,0.90,0.90,28,,0.0,0.0,748.46,0.0,0.0,10563.74088888889,9732.118666666667,9742.15762962963,0.0,0.0
B_fixed_q90,2025-12-21,2025-12-21,114,2025-12-21 19:00:00,2025-12-21 19:10:00,1.3523,4334.8994,0.0,4392.2898,0.0,732.0482999999999,23.875749999999982,755.9240499999999,0.90,0.90,28,,0.0,0.0,722.4832333333334,0.0,0.0,9732.118666666667,8929.359518518519,8902.242018518518,0.0,0.0
B_fixed_q90,2025-12-21,2025-12-21,115,2025-12-21 19:10:00,2025-12-21 19:20:00,1.3445,4356.9931,0.0,4452.6765,0.0,742.1127499999999,21.804266666666763,763.9170166666667,0.90,0.90,28,,0.0,0.0,726.1655166666666,0.0,0.0,8929.359518518519,8122.508944444445,8053.445333333333,0.0,0.0
B_fixed_q90,2025-12-21,2025-12-21,116,2025-12-21 19:20:00,2025-12-21 19:30:00,1.3483,4466.59,0.0,4460.15,0.0,743.3583333333332,48.59333333333336,791.9516666666666,0.90,0.90,28,,0.0,0.0,744.4316666666666,0.0,0.0,8122.508944444445,7295.362648148149,7173.499037037037,0.0,0.0
B_fixed_q90,2025-12-21,2025-12-21,117,2025-12-21 19:30:00,2025-12-21 19:40:00,1.349,4301.5722,0.0,4319.3481,0.0,719.89135,31.42773333333338,751.3190833333333,0.90,0.90,28,,0.0,0.0,716.9286999999999,0.0,0.0,7295.362648148149,6498.775203703704,6338.700055555555,0.0,0.0
B_fixed_q90,2025-12-21,2025-12-21,118,2025-12-21 19:40:00,2025-12-21 19:50:00,1.3473,4398.717,0.0,4300.7541,0.0,716.7923499999999,33.84986666666663,750.6422166666666,0.90,0.90,28,,0.0,0.0,733.1194999999999,0.0,0.0,6498.775203703704,5684.197981481482,5504.653148148148,0.0,0.0
B_fixed_q90,2025-12-21,2025-12-21,119,2025-12-21 19:50:00,2025-12-21 20:00:00,1.3482,4681.61,0.0,4470.43,0.0,745.0716666666667,37.25166666666678,782.3233333333335,0.90,0.90,28,,0.0,0.0,780.2683333333332,0.0,0.0,5684.197981481482,4817.233166666668,4635.405,0.0,0.0
B_fixed_q90,2025-12-21,2025-12-21,120,2025-12-21 20:00:00,2025-12-21 20:10:00,1.3513,4485.5154,0.0,4598.7249,0.0,766.45415,33.11411666666669,799.5682666666667,0.90,0.90,28,,0.0,0.0,747.5859,0.0,0.0,4817.233166666668,3986.582166666668,3746.9958148148144,0.0,0.0
B_fixed_q90,2025-12-21,2025-12-21,121,2025-12-21 20:10:00,2025-12-21 20:20:00,1.34,4156.9026,0.0,4477.4264,0.0,746.2377333333334,43.64983333333316,789.8875666666665,0.90,0.90,28,,0.0,0.0,692.8171,0.0,0.0,3986.582166666668,3216.7853888888903,2869.3429629629627,0.0,0.0
B_fixed_q90,2025-12-21,2025-12-21,122,2025-12-21 20:20:00,2025-12-21 20:30:00,1.3489,4090.51,0.0,4241.74,0.0,706.9566666666666,41.95999999999998,748.9166666666665,0.90,0.90,28,,0.0,0.0,681.7516666666667,0.0,0.0,3216.7853888888903,2459.2835370370385,2037.2133333333334,0.0,0.0
B_fixed_q90,2025-12-21,2025-12-21,123,2025-12-21 20:30:00,2025-12-21 20:40:00,1.3952,4322.2266,0.0,4240.8972,0.0,706.8162,46.67579999999998,753.492,0.90,0.90,28,,0.0,0.0,720.3711,0.0,0.0,2459.2835370370385,1658.8712037037053,1200.0,0.0,0.0
B_fixed_q90,2025-12-21,2025-12-21,124,2025-12-21 20:40:00,2025-12-21 20:50:00,1.2226,4336.801,0.0,4345.2631,0.0,724.2105166666666,41.74309999999997,765.9536166666667,0.90,0.90,28,,765.9536166666667,43.15345000000002,0.0,0.0,0.0,1658.8712037037053,1697.7093087037053,1200.0,936.4548917366666,0.0
B_fixed_q90,2025-12-21,2025-12-21,125,2025-12-21 20:50:00,2025-12-21 21:00:00,0.9332,4144.46,0.0,4397.1,0.0,732.85,47.83000000000004,780.6800000000001,0.90,0.90,28,,780.6800000000001,89.93666666666672,0.0,0.0,0.0,1697.7093087037053,1778.6523087037053,1200.0,728.5305760000001,0.0
B_fixed_q90,2025-12-21,2025-12-21,126,2025-12-21 21:00:00,2025-12-21 21:10:00,0.9068,4227.261,0.0,4366.5969,0.0,727.7661499999999,45.70001666666667,773.4661666666666,0.90,0.90,28,,773.4661666666666,68.9226666666666,0.0,0.0,0.0,1778.6523087037053,1840.6827087037052,1200.0,701.3791199333333,0.0
B_fixed_q90,2025-12-21,2025-12-21,127,2025-12-21 21:10:00,2025-12-21 21:20:00,0.9371,4326.9643,0.0,4352.2444,0.0,725.3740666666665,37.5204833333334,762.89455,0.90,0.90,28,,762.89455,41.73383333333345,0.0,0.0,0.0,1840.6827087037052,1878.2431587037054,1200.0,714.9084828050001,0.0
B_fixed_q90,2025-12-21,2025-12-21,128,2025-12-21 21:20:00,2025-12-21 21:30:00,0.9371,4357.83,0.0,4432.75,0.0,738.7916666666666,35.32666666666671,774.1183333333333,0.90,0.90,28,,774.1183333333333,47.81333333333339,0.0,0.0,0.0,1878.2431587037054,1921.2751587037055,1200.0,725.4262901666667,0.0
B_fixed_q90,2025-12-21,2025-12-21,129,2025-12-21 21:30:00,2025-12-21 21:40:00,0.9871,4437.1142,0.0,4519.7625,0.0,753.2937499999999,47.28211666666675,800.5758666666667,0.90,0.90,28,,800.5758666666667,61.05683333333343,0.0,0.0,0.0,1921.2751587037055,1976.2263087037056,1200.0,790.2484379866667,0.0
B_fixed_q90,2025-12-21,2025-12-21,130,2025-12-21 21:40:00,2025-12-21 21:50:00,0.7764,4070.9954,0.0,4098.3811,0.0,683.0635166666666,26.682866666666655,709.7463833333333,0.90,0.90,28,,709.7463833333333,31.247150000000033,0.0,0.0,0.0,1976.2263087037056,2004.3487437037056,1200.0,551.0470920199999,0.0
B_fixed_q90,2025-12-21,2025-12-21,131,2025-12-21 21:50:00,2025-12-21 22:00:00,0.4209,3434.4,0.0,3422.17,0.0,570.3616666666667,26.60666666666674,596.9683333333335,0.90,0.90,28,,1430.3016666666667,833.3333333333333,0.0,0.0,24.5683333333335,2004.3487437037056,2754.3487437037056,1950.0,602.0139715,0.0
B_fixed_q90,2025-12-21,2025-12-21,132,2025-12-21 22:00:00,2025-12-21 22:10:00,0.3859,3270.5539,0.0,3317.5117,0.0,552.9186166666666,28.698216666666667,581.6168333333333,0.90,0.90,28,,1414.9501666666665,833.3333333333333,0.0,0.0,36.524516666666614,2754.3487437037056,3504.3487437037056,2700.0,546.0292693166666,0.0
B_fixed_q90,2025-12-21,2025-12-21,133,2025-12-21 22:10:00,2025-12-21 22:20:00,0.4368,3305.0168,0.0,3418.9331,0.0,569.8221833333333,30.731599999999958,600.5537833333333,0.90,0.90,28,,1267.220449999998,716.3843166666647,0.0,0.0,0.0,3504.3487437037056,4149.094628703704,3299.999999999998,553.5218925599992,0.0
B_fixed_q90,2025-12-21,2025-12-21,134,2025-12-21 22:20:00,2025-12-21 22:30:00,0.4198,3255.6,0.0,3395.77,0.0,565.9616666666666,43.35000000000002,609.3116666666666,0.90,0.90,28,,1442.645,833.3333333333333,0.0,0.0,66.71166666666682,4149.094628703704,4899.094628703704,4049.999999999998,605.622371,0.0
B_fixed_q90,2025-12-21,2025-12-21,135,2025-12-21 22:30:00,2025-12-21 22:40:00,0.4186,3155.514,0.0,3290.1474,0.0,548.3579,32.56434999999999,580.92225,0.90,0.90,28,,1414.255583333333,833.3333333333333,0.0,0.0,55.003249999999866,4899.094628703704,5649.094628703704,4799.999999999998,592.0073871833333,0.0
B_fixed_q90,2025-12-21,2025-12-21,136,2025-12-21 22:40:00,2025-12-21 22:50:00,0.4241,3260.3635,0.0,3259.769,0.0,543.2948333333333,44.96234999999996,588.2571833333332,0.90,0.90,28,,1421.5905166666664,833.3333333333333,0.0,0.0,44.863266666666505,5649.094628703704,6399.094628703704,5549.999999999998,602.8965381183332,0.0
B_fixed_q90,2025-12-21,2025-12-21,137,2025-12-21 22:50:00,2025-12-21 23:00:00,0.4237,3508.97,0.0,3349.95,0.0,558.3249999999999,39.264999999999986,597.5899999999999,0.90,0.90,28,,1430.9233333333332,833.3333333333333,0.0,0.0,12.761666666666656,6399.094628703704,7149.094628703704,6299.999999999998,606.2822163333333,0.0
B_fixed_q90,2025-12-21,2025-12-21,138,2025-12-21 23:00:00,2025-12-21 23:10:00,0.4248,3554.7154,0.0,3468.8979,0.0,578.14965,32.73536666666661,610.8850166666666,0.90,0.90,28,,1444.2183499999999,833.3333333333333,0.0,0.0,18.432450000000017,7149.094628703704,7899.094628703704,7049.999999999998,613.50395508,0.0
B_fixed_q90,2025-12-21,2025-12-21,139,2025-12-21 23:10:00,2025-12-21 23:20:00,0.424,3395.6628,0.0,3527.78,0.0,587.9633333333334,36.17156666666665,624.1349,0.90,0.90,28,,1457.4682333333333,833.3333333333333,0.0,0.0,58.191100000000006,7899.094628703704,8649.094628703704,7799.999999999998,617.9665309333333,0.0
B_fixed_q90,2025-12-21,2025-12-21,140,2025-12-21 23:20:00,2025-12-21 23:30:00,0.422,3305.59,0.0,3469.79,0.0,578.2983333333333,50.48833333333323,628.7866666666665,0.90,0.90,28,,1462.12,833.3333333333333,0.0,0.0,77.85500000000002,8649.094628703704,9399.094628703704,8549.999999999998,617.01464,0.0
B_fixed_q90,2025-12-21,2025-12-21,141,2025-12-21 23:30:00,2025-12-21 23:40:00,0.424,3539.7613,0.0,3342.6141,0.0,557.1023499999999,50.086066666666625,607.1884166666665,0.90,0.90,28,,1440.5217499999999,833.3333333333333,0.0,0.0,17.228200000000015,9399.094628703704,10149.094628703704,9299.999999999998,610.781222,0.0
B_fixed_q90,2025-12-21,2025-12-21,142,2025-12-21 23:40:00,2025-12-21 23:50:00,0.4271,3571.991,0.0,3467.4898,0.0,577.9149666666666,45.14641666666671,623.0613833333333,0.90,0.90,28,,1456.3947166666667,723.2281903292177,0.0,0.0,137.8346930041157,10149.094628703704,10800.0,10049.999999999998,622.0261834883333,0.0
B_fixed_q90,2025-12-21,2025-12-21,143,2025-12-21 23:50:00,2025-12-22 00:00:00,0.4276,3464.4,0.0,3657.78,0.0,609.63,50.98666666666668,660.6166666666667,0.90,0.90,28,,1493.9500000000025,0.0,0.0,0.0,916.5500000000026,10800.0,10800.0,10800.0,638.8130200000011,0.0
