供应商ID,材料分类,W001,W002,W003,W004,W005,W006,W007,W008,W009,W010,W011,W012,W013,W014,W015,W016,W017,W018,W019,W020,W021,W022,W023,W024,W025,W026,W027,W028,W029,W030,W031,W032,W033,W034,W035,W036,W037,W038,W039,W040,W041,W042,W043,W044,W045,W046,W047,W048,W049,W050,W051,W052,W053,W054,W055,W056,W057,W058,W059,W060,W061,W062,W063,W064,W065,W066,W067,W068,W069,W070,W071,W072,W073,W074,W075,W076,W077,W078,W079,W080,W081,W082,W083,W084,W085,W086,W087,W088,W089,W090,W091,W092,W093,W094,W095,W096,W097,W098,W099,W100,W101,W102,W103,W104,W105,W106,W107,W108,W109,W110,W111,W112,W113,W114,W115,W116,W117,W118,W119,W120,W121,W122,W123,W124,W125,W126,W127,W128,W129,W130,W131,W132,W133,W134,W135,W136,W137,W138,W139,W140,W141,W142,W143,W144,W145,W146,W147,W148,W149,W150,W151,W152,W153,W154,W155,W156,W157,W158,W159,W160,W161,W162,W163,W164,W165,W166,W167,W168,W169,W170,W171,W172,W173,W174,W175,W176,W177,W178,W179,W180,W181,W182,W183,W184,W185,W186,W187,W188,W189,W190,W191,W192,W193,W194,W195,W196,W197,W198,W199,W200,W201,W202,W203,W204,W205,W206,W207,W208,W209,W210,W211,W212,W213,W214,W215,W216,W217,W218,W219,W220,W221,W222,W223,W224,W225,W226,W227,W228,W229,W230,W231,W232,W233,W234,W235,W236,W237,W238,W239,W240
S001,B,0,0,0,43,0,0,0,0,1,0,1,0,40,40,1,0,0,0,1,1,0,0,1,0,0,0,0,1,1,1,1,0,1,0,0,1,1,1,1,0,0,0,1,0,1,0,1,0,0,0,1,0,1,0,0,0,1,2,0,1,0,0,0,0,0,1,0,0,1,0,0,1,1,0,0,0,0,0,0,1,0,1,0,1,0,1,0,0,1,0,0,0,0,1,0,0,0,0,1,0,0,1,0,1,1,1,0,0,1,0,2,4,1,1,0,0,1,0,0,1,0,0,1,0,1,0,0,1,0,1,0,0,0,2,0,1,1,0,1,0,0,1,0,1,0,1,1,0,0,1,1,0,0,3,4,0,1,0,0,0,0,0,0,1,1,0,0,0,0,0,0,0,0,0,0,1,1,0,1,0,0,0,2,0,1,0,0,2,0,1,0,1,1,0,0,0,0,0,0,0,0,0,1,1,1,1,0,0,0,0,1,1,1,1,0,1,1,1,1,0,0,0,0,0,0,0,0,0,0,0,1,0,0,1,0,1,0,0,0,0
S002,A,1,1,0,1,0,0,0,0,0,1,1,4,0,0,1,0,2,0,1,0,0,1,10,2,0,2,1,0,0,1,1,0,1,0,60,10,1,0,0,2,0,1,0,0,1,1,1,1,0,0,1,1,1,0,0,0,0,1,0,1,1,0,0,0,1,0,0,0,0,0,0,1,1,0,0,1,0,0,1,0,0,0,1,1,0,0,0,0,1,0,0,2,0,0,1,2,1,1,0,2,1,0,0,1,2,2,2,0,20,0,0,10,0,1,0,1,0,0,0,0,0,1,1,0,0,1,0,3,1,5,0,0,0,0,0,0,0,3,0,0,0,0,0,0,0,0,2,1,1,0,1,0,0,0,0,0,1,0,0,2,1,0,7,1,1,0,0,1,0,0,0,1,0,0,0,0,1,0,0,1,1,1,4,7,0,0,1,0,0,0,0,1,1,0,0,2,1,0,0,0,0,0,1,1,0,0,0,0,1,1,42,0,1,0,0,0,0,0,0,0,0,0,0,0,0,0,0,0,0,0,0,0,1,0,0,0,1,1,0,1
S003,C,7,1,0,0,0,1,4,50,130,170,140,80,60,90,190,120,150,80,30,10,30,6,20,480,0,0,1,0,0,0,0,1,10,300,30,20,10,8,4,10,5,7,400,6,9,3,7,2,1,0,1,0,0,0,2,2,5,10,400,14,4,50,28,70,20,40,14,50,56,80,70,50,2,0,0,0,1,0,4,28,76,280,126,76,10,60,285,150,119,84,8,35,140,63,77,30,7,30,0,0,1,1,1,70,308,125,210,112,30,90,112,230,170,100,35,50,35,50,21,14,5,3,0,0,2,0,1,60,250,266,230,96,50,64,190,72,210,77,12,28,35,80,70,50,5,0,0,1,0,1,20,21,140,182,217,170,10,110,208,180,72,90,14,28,40,21,14,1,2,0,0,0,0,0,1,60,240,160,70,32,20,35,192,126,50,60,30,40,50,30,35,30,4,1,0,0,0,0,1,1,2,1,20,5,3,7,9,18,3,4,5,10,30,5,3,2,0,1,0,1,0,0,0,0,0,2,20,9,21,16,10,2,50,10,20,7,5,7,20,10
S004,B,0,1,1,100,0,85,0,0,0,0,0,2,0,0,1,2,3,1,0,0,1,0,0,0,0,1,1,0,1,0,0,0,100,100,0,0,1,1,0,0,0,0,0,0,0,1,1,0,0,0,1,0,1,0,0,1,0,0,100,0,0,0,1,0,1,100,0,0,1,0,0,0,1,0,0,1,0,0,1,0,0,0,0,2,0,0,2,1,3,1,1,1,0,0,0,0,0,0,1,0,0,1,0,1,0,1,1,3,0,0,3,1,0,1,1,0,1,1,0,0,0,1,0,0,0,1,0,1,0,0,1,0,0,0,0,1,3,1,0,0,1,1,1,0,1,1,1,0,0,1,0,0,1,1,1,0,2,1,2,0,2,1,1,1,1,1,0,0,1,0,0,0,1,0,0,2,0,1,4,1,4,2,0,0,0,0,1,1,0,1,0,0,0,0,1,0,1,0,0,0,0,1,0,0,0,0,0,1,1,0,1,0,0,0,0,0,1,1,1,0,1,0,0,0,1,1,0,1,1,0,1,0,1,0,0,0,0,1,0,0
S005,A,30,60,60,60,70,70,60,70,70,80,70,100,110,80,20,0,0,0,0,0,0,1,0,0,0,0,0,0,0,0,0,0,0,0,0,0,0,0,0,0,0,0,0,0,0,0,0,0,0,0,0,0,1,0,0,0,0,0,0,0,0,0,0,0,0,0,0,0,0,0,0,0,0,0,0,0,0,0,0,0,0,0,0,0,1,0,0,0,0,7,4,0,0,0,0,0,0,0,0,0,0,0,0,0,0,0,20,14,0,0,0,0,0,30,5,0,0,0,1,0,0,0,1,0,1,0,0,1,0,0,0,24,70,28,70,24,70,49,6,7,1,0,0,0,0,0,0,0,0,0,0,0,0,0,21,60,60,70,56,70,48,50,35,35,50,49,2,0,0,0,0,0,0,0,0,0,0,1,5,4,10,7,8,49,30,60,60,60,60,60,49,70,24,70,42,70,35,48,70,60,70,70,60,60,30,49,70,42,35,70,49,80,140,60,63,40,28,60,70,56,63,100,40,49,80,48,70,80,49,80,80,35,70,35,70,70,35,49,70,80
S006,C,0,0,0,0,0,0,0,1,0,0,100,0,100,0,0,0,1,1,0,0,0,0,0,0,0,0,1,1,0,1,0,0,0,0,0,0,0,0,2,0,0,0,0,0,0,0,0,0,0,0,1,100,0,0,1,0,0,0,0,0,0,0,0,0,1,100,0,1,0,1,0,0,1,0,0,1,0,0,0,1,0,0,0,1,1,0,0,0,0,0,0,0,0,0,0,0,0,0,1,0,0,0,0,0,1,0,0,3,0,0,3,0,1,0,0,0,0,1,0,1,1,1,0,0,0,0,0,0,0,0,0,0,0,0,0,0,4,1,1,0,0,0,0,0,0,0,0,0,0,0,0,0,0,1,1,0,0,0,0,0,0,0,0,0,0,0,1,1,0,0,1,0,0,0,0,0,0,2,0,1,2,1,0,0,0,0,0,0,0,0,1,0,0,0,0,0,0,0,1,1,0,1,1,0,0,0,0,0,1,1,0,0,0,1,0,1,0,0,0,0,1,0,0,0,0,0,0,1,0,1,0,0,1,0,0,0,0,0,0,0
S007,A,8,150,30,200,20,20,20,10,10,10,200,10,10,10,10,10,20,10,20,10,10,10,10,240,14,120,60,90,21,30,20,20,10,10,10,10,30,16,20,20,10,7,20,14,20,8,14,20,8,70,28,60,14,10,7,5,5,10,10,7,16,20,14,20,20,20,7,20,14,20,20,30,8,120,32,130,14,10,10,7,4,10,12,8,4,10,15,10,7,14,4,5,30,7,7,10,14,120,50,70,10,6,20,20,14,5,20,7,20,20,7,10,20,10,7,10,7,10,7,7,12,130,49,70,20,10,20,10,10,7,10,6,10,8,20,6,20,14,3,7,5,10,10,10,10,91,70,84,8,10,8,6,7,14,7,10,10,10,8,10,8,10,14,14,20,7,21,20,14,120,70,130,12,12,20,30,10,30,5,4,20,7,16,14,15,10,20,20,10,10,14,20,8,120,49,110,10,6,10,10,10,10,30,10,5,7,10,12,5,20,7,10,20,5,7,10,12,140,50,98,7,30,10,7,20,12,10,20,7,24,10,5,10,5,10,10,5,21,20,10
S008,C,0,0,0,0,1,0,0,1,0,0,0,0,0,0,0,1,0,0,0,0,1,1,0,0,1,1,0,0,0,0,1,0,0,1,0,0,0,0,0,0,0,0,10,1,0,0,0,10,1,1,0,1,0,0,1,0,0,0,0,0,0,0,0,0,0,1,0,0,0,0,0,0,0,1,0,0,0,1,0,1,0,0,0,0,0,0,0,1,0,0,0,0,0,0,0,4,0,0,0,0,0,0,0,0,0,0,0,1,0,0,1,1,0,0,0,0,0,0,0,0,1,0,0,0,0,0,0,0,0,2,0,0,0,0,1,0,10,1,0,0,0,1,0,0,1,0,0,0,0,0,0,0,0,1,1,0,0,1,1,0,0,0,0,0,0,1,0,0,0,0,0,0,0,0,0,0,0,1,1,1,0,0,0,0,1,0,0,0,5,1,3,0,0,1,0,0,0,0,0,0,0,1,0,0,0,1,0,1,1,0,0,1,0,0,0,0,0,0,0,0,0,0,1,0,1,0,0,0,0,0,0,1,0,1,0,0,1,0,0,1
S009,B,0,0,0,0,1,0,0,0,0,1,0,3,0,0,0,1,3,1,0,1,1,0,0,0,1,1,0,0,0,0,1,1,0,1,1,0,0,0,1,0,0,0,0,0,0,0,0,1,0,0,0,1,1,0,1,0,0,0,0,1,0,0,0,0,0,0,1,0,0,1,0,0,1,0,0,1,0,0,0,0,1,0,0,2,0,1,0,0,0,1,0,0,0,1,0,0,0,0,0,1,0,0,0,0,0,0,2,4,1,1,1,0,0,1,224,1,0,0,1,0,0,0,1,1,1,1,1,0,0,0,1,1,0,0,0,0,3,1,1,0,1,1,0,0,0,0,0,0,0,0,0,0,0,1,1,0,1,2,1,1,1,0,0,0,0,0,0,0,2,0,0,0,0,0,0,300,0,1,0,1,1,1,0,0,0,0,1,0,0,0,0,1,0,0,1,1,0,1,0,0,0,1,0,0,0,0,0,0,0,0,1,0,0,0,0,1,0,1,0,1,1,1,0,0,0,0,0,0,0,1,1,1,0,0,0,0,0,0,0,1
S010,B,30,1,0,65,0,55,0,0,1,10,1,0,0,0,2,2,1,0,0,0,0,0,0,0,0,0,0,1,0,0,1,0,50,1,0,0,0,1,60,0,0,0,0,0,0,0,0,0,1,1,0,0,0,0,0,1,1,0,0,1,0,0,1,0,0,1,0,1,1,0,1,0,0,0,0,0,0,0,0,0,0,0,1,1,0,2,0,0,1,1,0,1,0,7,14,30,5,1,10,14,1,0,0,0,0,0,0,0,0,0,1,1,0,0,0,0,0,0,1,1,1,0,7,4,0,0,0,1,1,3,0,1,1,0,0,0,2,0,1,1,1,0,0,0,0,0,0,1,1,0,0,1,0,0,1,3,2,0,0,0,0,0,0,0,0,1,6,3,0,0,0,1,0,1,0,100,1,2,2,1,0,1,0,0,0,0,0,0,0,0,1,0,0,1,0,0,0,0,0,0,1,1,1,0,0,0,1,0,0,0,1,0,0,0,0,0,0,0,1,0,0,1,0,0,1,0,0,0,1,0,1,0,1,1,0,0,0,1,0,0
S011,C,0,0,0,0,0,0,0,0,0,0,10,5,0,0,0,1,1,0,0,0,0,0,0,0,0,0,0,0,0,0,0,0,0,0,0,0,0,0,1,1,0,0,0,0,0,2,0,0,0,0,0,0,1,0,0,0,0,0,0,0,0,0,0,0,0,0,0,0,0,0,0,0,0,0,0,0,0,0,0,0,0,1,2,1,1,0,2,1,1,0,0,0,0,0,0,0,0,0,1,1,0,0,0,0,0,0,1,1,0,0,2,0,0,0,0,0,0,2,0,0,0,0,0,0,0,1,0,0,0,0,1,0,0,0,1,0,2,2,0,0,1,0,0,0,1,0,0,0,0,0,0,0,0,1,2,2,2,0,1,0,1,0,0,0,0,0,0,0,0,0,0,0,0,0,0,0,0,1,4,1,7,0,0,0,0,0,1,0,0,0,0,0,0,0,0,0,0,0,0,0,0,0,0,0,0,0,0,0,3,0,2,0,0,0,0,0,0,0,0,0,0,0,0,0,0,0,0,0,0,0,0,0,0,0,0,0,1,0,1,0
S012,A,0,0,1,41,0,42,50,0,0,1,0,4,1,0,1,0,1,0,0,0,0,0,0,2,0,0,0,1,0,0,1,0,50,50,2,4,2,0,0,1,0,0,0,0,0,0,0,0,0,0,1,0,0,1,0,0,1,0,0,0,0,0,0,0,0,0,0,0,0,0,0,0,0,0,0,1,0,0,0,1,0,1,0,0,0,1,2,0,0,0,0,0,0,1,0,0,0,0,1,0,1,0,0,0,0,0,1,1,1,0,1,1,0,1,0,1,0,0,0,0,0,0,0,0,0,0,0,0,1,0,0,0,0,0,0,0,1,0,0,0,0,0,0,1,0,0,0,0,0,1,0,0,1,0,0,1,0,0,0,0,1,1,0,1,0,1,1,0,1,0,0,0,1,0,1,0,0,0,0,0,0,0,4,1,1,1,1,0,1,0,1,0,0,0,0,1,0,1,1,0,0,0,0,0,0,0,0,1,0,1,0,0,0,0,0,0,1,0,0,1,0,0,0,0,0,0,0,0,1,0,1,0,1,0,0,0,0,1,0,0
S013,C,0,0,0,0,0,0,0,0,0,0,1,0,0,0,0,0,0,0,1,0,0,0,0,0,0,0,0,0,0,0,0,0,0,2,0,2,0,1,0,0,0,0,0,0,1,0,0,0,0,0,0,0,1,0,0,0,0,4,0,0,0,0,0,0,0,0,0,0,0,0,0,0,0,0,0,0,0,0,0,0,0,0,0,0,0,0,0,0,0,0,0,0,0,0,0,0,0,0,0,0,0,0,0,0,0,0,0,0,0,0,0,1,0,0,0,0,0,1,0,1,0,0,1,0,0,0,0,0,0,2,1,0,0,1,0,0,2,0,0,0,0,0,0,0,1,0,0,0,0,0,0,0,0,1,1,1,0,0,0,0,0,0,0,0,0,0,0,0,0,0,0,0,0,0,0,0,0,1,1,0,0,0,4,0,0,0,0,0,0,0,0,0,0,0,0,0,0,0,0,0,0,0,0,0,0,0,0,0,0,0,0,0,1,0,0,0,0,1,0,0,1,0,0,0,0,0,0,0,1,0,1,0,0,1,0,0,0,0,0,0
S014,A,0,0,0,0,0,0,0,0,0,0,0,1,0,0,0,1,1,2,0,0,0,0,0,0,0,0,0,0,0,0,0,0,0,0,0,0,0,0,1,0,0,0,0,0,0,0,1,0,0,0,0,0,0,1,0,0,0,0,0,0,0,0,0,0,0,1,0,0,0,0,0,0,0,0,0,0,0,0,0,0,0,0,0,1,0,0,0,0,0,0,0,0,1,0,0,0,1,0,0,0,0,0,0,0,0,0,0,0,0,0,2,0,0,0,0,0,1,0,0,0,0,0,0,0,0,0,0,0,0,0,0,0,0,1,0,0,1,2,0,0,0,0,0,0,0,0,0,0,0,1,0,0,0,1,1,0,0,0,0,0,0,0,0,0,0,0,0,0,0,0,0,0,0,0,0,0,0,0,0,0,2,1,0,0,0,0,1,0,1,0,0,0,0,0,0,0,0,0,0,0,0,0,0,0,0,0,0,1,1,0,0,0,0,0,0,0,0,0,0,1,0,1,0,0,0,0,0,0,0,0,0,0,0,0,0,0,0,0,0,0
S015,A,0,0,0,0,1,0,0,0,1,2,3,1,0,0,0,0,0,1,0,0,0,0,0,0,0,0,1,0,0,0,0,1,0,0,1,0,1,1,0,0,0,0,0,0,0,1,1,0,0,0,0,0,0,0,0,1,0,1,0,0,0,1,0,0,0,0,0,0,1,0,0,0,0,1,1,0,0,1,0,0,0,1,0,0,1,0,0,1,0,0,0,0,1,1,0,2,0,0,0,0,0,0,0,0,0,2,0,1,0,0,0,1,0,1,1,1,1,0,0,0,0,1,0,0,0,0,0,0,0,0,0,0,0,0,1,0,0,1,0,0,1,0,0,0,0,0,0,0,0,0,0,0,1,0,1,0,0,0,0,0,0,1,2947,0,0,0,0,0,0,0,0,0,0,0,0,0,0,0,0,0,4000,2800,0,0,0,0,0,0,0,1,0,0,1,0,0,0,0,1,0,0,0,0,0,0,2000,0,1,0,1,0,0,0,0,0,2870,0,0,4100,0,0,1,0,0,0,3420,0,0,0,0,0,0,0,0,0,0,0,0,1,0,0
S016,A,0,0,0,0,0,0,0,0,0,0,0,1,0,0,0,0,2,1,0,0,0,0,0,0,0,0,0,0,0,0,0,0,0,0,0,0,0,1,1,0,1,0,0,0,0,0,0,0,0,0,0,0,0,0,0,0,0,0,0,0,0,0,0,0,0,0,0,0,0,0,0,0,0,0,1,0,0,0,0,0,0,0,0,2,0,0,0,1,0,0,0,0,0,0,0,0,0,0,0,0,0,0,0,0,0,0,0,3,0,0,5,0,0,0,0,0,0,0,0,0,0,0,0,0,0,1,0,0,0,0,0,0,0,0,0,0,4,1,0,0,0,0,0,0,0,0,0,0,0,0,0,0,0,0,1,0,0,0,0,0,0,0,0,0,0,0,0,0,1,0,0,0,0,0,0,0,0,1,0,0,2,1,0,1,0,0,1,0,0,0,0,0,0,0,0,0,0,0,0,0,0,0,0,0,0,0,0,0,1,0,0,0,0,0,0,0,0,0,0,0,0,0,0,0,0,0,0,0,0,0,0,0,0,0,0,0,0,0,0,0
S017,A,0,0,0,0,0,0,0,1,1,8,0,0,0,1,2,5,0,0,0,0,0,0,1,0,0,0,0,0,0,0,1,0,0,0,0,0,0,0,20,0,0,0,20,0,0,0,1,0,0,0,0,0,0,0,1,0,0,0,0,0,0,0,0,0,1,0,0,0,0,0,0,0,1,0,0,0,0,0,1,0,0,1,0,0,0,1,2,0,1,1,0,0,0,7,14,20,3,0,7,7,1,0,0,0,1,0,0,1,0,1,0,1,0,0,1,0,0,0,0,1,1,0,2,1,0,0,1,0,0,3,0,2,0,0,0,0,0,0,0,0,0,0,0,0,0,0,0,0,1,1,0,1,1,1,0,1,0,0,0,0,1,0,0,0,0,0,3,2,0,1,0,1,0,0,0,0,0,1,1,2,0,1,1,0,0,1,0,0,1,0,0,0,0,0,0,0,1,0,1,0,0,1,0,1,0,0,0,0,1,0,0,0,0,0,0,0,0,0,0,0,1,0,0,0,0,0,0,0,0,0,0,1,0,0,1,0,1,1,0,0
S018,B,0,0,0,0,1,0,15,0,0,0,0,1,1,0,0,1,3,2,0,0,0,0,0,0,0,0,0,0,1,1,1,1,1,0,0,0,1,0,2,1,0,0,0,0,1,0,0,0,0,1,0,0,1,0,0,1,0,0,0,0,0,0,0,0,0,1,0,0,0,0,0,0,0,1,0,0,0,0,1,0,1,1,0,1,0,1,0,1,1,2,0,0,0,1,0,0,0,0,0,0,1,0,0,0,0,0,1,1,0,0,1,0,1,0,0,0,0,1,0,0,0,1,0,0,0,0,0,1,0,1,0,0,0,0,1,0,5,1,0,0,0,0,0,0,0,0,0,0,0,1,0,0,0,2,1,1,0,1,2,0,0,0,0,0,2,1,0,0,1,0,1,0,0,0,0,0,0,2,3,0,8,2,0,0,0,1,1,0,0,1,0,1,0,0,0,1,0,1,1,1,0,0,0,0,0,0,0,1,1,0,0,0,0,0,0,0,0,0,0,1,1,0,0,0,1,0,0,0,0,0,1,0,0,0,1,0,0,1,0,0
S019,B,0,0,0,0,1,50,40,0,1,2,0,3,0,0,0,0,2,0,0,0,0,0,0,2,0,0,0,1,0,0,0,0,0,0,10,50,20,0,0,2,0,32,0,0,0,0,1,0,0,0,1,0,0,0,1,0,1,0,0,0,0,0,0,0,0,0,1,0,0,0,0,0,0,0,0,0,0,0,0,0,0,1,0,0,0,1,0,0,1,0,0,0,0,0,0,1,0,0,0,1,0,0,1,0,1,1,0,0,1,1,1,1,0,1,0,0,0,0,0,0,0,0,0,0,1,0,0,0,0,0,0,1,0,0,1,0,0,0,0,0,0,0,0,0,0,1,0,1,0,0,0,0,1,0,0,1,0,0,0,0,1,1,0,1,0,1,0,1,0,0,0,1,0,0,0,0,0,1,0,0,0,0,5,1,1,0,0,0,0,1,0,0,0,0,0,0,0,0,0,1,0,0,0,0,0,0,1,0,0,0,1,0,0,1,0,0,0,0,0,0,0,0,1,0,0,1,0,0,0,0,0,0,0,1,0,0,0,0,0,1
S020,C,0,0,0,0,0,10,15,1,1,1,0,3,2,1,0,1,5,1,0,0,0,0,1,2,0,1,0,0,0,1,0,1,0,0,0,0,1,0,1,1,0,11,15,1,0,1,1,0,0,0,0,1,0,0,1,0,0,0,0,0,0,1,0,1,0,2,0,0,0,0,0,0,0,1,0,0,0,0,0,1,0,0,0,1,0,1,0,0,1,0,1,0,0,0,0,1,1,0,0,1,0,0,0,0,0,0,2,1,0,0,3,0,0,0,0,0,1,1,0,1,0,0,0,1,0,0,0,1,0,1,1,0,1,1,1,1,3,2,0,0,1,0,1,0,1,0,0,0,1,0,1,0,1,4,0,1,1,0,4,0,1,0,1,0,0,0,1,1,1,0,0,1,0,0,0,0,3,4,3,1,8,3,0,0,0,1,1,0,0,1,0,0,0,0,0,0,0,0,0,1,0,0,0,0,1,0,0,0,1,0,0,0,0,1,0,0,0,0,1,1,0,0,1,1,0,0,0,0,0,0,0,0,1,0,0,0,0,1,0,0
S021,A,0,0,0,0,0,0,0,0,0,0,0,1,0,1,0,1,1,1,1,0,0,0,0,0,0,0,0,0,0,0,0,0,0,0,0,0,2,1,2,1,0,1,1,0,0,0,0,0,0,0,0,0,0,0,0,0,0,0,0,0,0,1,0,0,0,1,0,1,1,0,0,0,0,0,0,0,0,0,0,0,0,0,0,1,0,0,2,0,3,0,0,1,0,0,0,0,0,0,0,0,0,0,0,1,0,1,0,1,1,0,3,0,0,0,168,0,0,1,0,0,0,0,0,0,0,0,0,0,0,0,1,0,0,0,0,0,3,1,1,0,1,0,0,0,0,0,1,0,0,0,0,1,0,2,1,0,1,1,3,1,1,0,0,0,1,0,0,0,1,1,0,1,0,0,0,1,0,3,2,1,4,2,1,0,0,0,3,0,1,2,0,0,0,0,0,0,0,0,0,1,0,0,0,0,0,1,0,0,1,0,0,1,1,0,0,0,0,0,0,0,0,0,1,0,0,1,0,0,0,0,0,0,0,0,0,0,0,0,0,0
S022,A,0,0,0,0,0,45,0,0,10,50,10,1,0,0,1,0,1,0,0,1,0,0,1,0,0,0,0,1,0,0,1,1,0,0,0,0,1,0,0,0,0,0,50,1,0,0,0,45,1,0,1,0,0,0,0,0,0,0,0,0,0,0,0,0,0,0,0,0,0,0,1,0,0,0,0,0,0,0,0,1,0,2,0,1,0,1,0,30,7,0,0,0,1,2,0,2,0,1,1,0,0,0,0,0,1,2,0,0,1,0,0,1,0,1,1,2,0,0,0,1,0,0,0,0,0,1,1,0,1,0,0,0,0,0,0,1,1,0,0,0,1,0,0,1,0,0,1,0,0,0,0,0,0,0,0,0,1,0,0,0,0,0,0,0,1,0,0,0,1,0,1,0,0,0,1,0,0,0,0,0,0,0,0,0,0,0,1,1,0,0,1,0,0,1,0,0,0,0,1,0,1,0,0,1,0,0,0,1,0,1,0,1,0,0,0,0,1,0,0,0,0,0,0,1,0,0,0,0,0,1,1,0,0,0,0,0,0,0,0,1
S023,C,1,0,1,0,1,110,4,1,5,0,400,400,400,0,400,0,1,320,3,0,1,0,1,0,2,1,2,0,1,0,4,300,350,0,1,0,2,1,3,0,1,0,1,0,1,284,249,355,2,0,4,355,2,0,3,0,1,0,1,1,4,0,5,0,1,0,245,0,3,1,3,0,2,0,1,0,4,0,1,0,1,0,2,0,1,0,2,0,1,0,1,1,350,0,1,0,1,0,4,0,2,0,3,0,3,1,3,0,2,0,210,1,3,1,3,1,1,0,1,0,3,1,2,1,1,0,6,0,4,0,4,0,4,1,4,0,6,4,3,2,3,1,5,0,2,0,3,0,2,0,5,0,3,35,56,60,60,20,64,90,88,60,63,0,20,0,4,0,4,0,6,0,1,0,9,390,2,20,25,12,30,0,16,7,15,110,120,10,40,20,21,1,3,0,3,1,2,0,4,0,1,1,2,0,4,0,2,0,2,0,2,0,400,0,2,0,2,0,7,1,5,1,1,0,3,0,4,0,2,0,2,0,5,0,2,0,3,0,4,0
S024,B,0,1,0,32,0,0,35,0,0,0,0,1,0,0,0,0,1,1,1,3,4,2,4,0,0,0,0,0,0,0,0,0,0,0,0,0,1,0,30,2,0,1,0,0,0,0,0,0,0,0,0,0,0,0,1,0,1,0,1,0,1,0,0,0,0,0,0,1,1,0,0,0,0,0,0,0,0,0,0,0,0,1,0,1,0,2,0,0,1,0,1,1,1,0,0,0,1,0,0,1,0,0,0,0,0,0,1,2,0,1,7,5,0,1,1,1,0,0,0,0,0,1,0,0,0,0,0,0,0,0,1,0,1,1,1,0,3,3,0,0,0,0,0,0,0,0,0,1,0,1,0,0,0,1,1,2,3,1,3,2,4,1,0,0,0,0,0,0,0,0,1,0,0,0,0,1,4,6,4,1,7,1,0,0,0,0,1,0,1,1,1,0,0,0,0,0,0,0,0,0,0,0,1,0,1,0,0,0,3,1,1,0,0,0,0,0,0,0,0,0,0,1,0,0,1,1,0,0,0,0,0,0,0,0,0,0,0,0,0,1
S025,C,0,0,5,0,1,0,0,0,1,0,1,3,2,0,5,0,1,0,1,0,2,1,5,2,1,0,1,0,3,0,2,0,3,0,1,1,1,0,1,0,3,0,0,0,1,0,3,1,1,0,3,0,1,0,3,0,1,0,3,0,4,0,2,0,3,1,2,0,3,0,4,0,1,1,2,0,4,0,1,0,1,1,3,1,1,2,3,1,2,1,2,0,4,0,1,0,1,0,2,0,1,0,2,0,0,2,1,1,0,0,1,7,3,0,1,0,1,0,3,0,2,1,3,1,2,0,1,0,1,0,2,2,1,0,3,0,1,0,0,1,2,0,4,0,2,0,4,1,2,0,2,0,3,0,0,0,1,0,2,1,1,0,1,0,1,0,0,0,1,0,3,0,3,0,1,0,4,0,3,0,1,0,2,0,3,0,1,0,1,0,2,0,1,0,3,0,1,1,2,0,1,0,0,0,1,0,1,0,1,0,2,1,4,0,1,0,2,0,3,0,3,0,1,0,5,1,3,0,1,0,4,0,4,0,5,0,1,0,2,0
S026,A,0,0,0,0,0,0,0,0,0,0,0,1,0,0,0,1,1,0,0,0,0,0,0,0,0,0,0,0,0,0,0,0,0,0,0,0,0,0,1,0,0,0,0,0,0,0,0,0,0,0,0,0,0,0,0,0,1,0,0,0,0,0,0,0,0,0,0,0,0,0,0,0,0,0,0,0,0,0,0,0,0,0,0,1,0,0,0,0,0,0,0,0,0,0,0,0,0,0,0,0,0,1,0,0,0,0,0,1,0,0,2,0,0,0,0,0,0,0,0,0,0,0,0,0,0,0,0,0,0,0,0,0,0,0,0,0,4,1,0,0,0,0,0,0,0,0,0,0,0,0,1,0,0,1,0,0,0,1,0,0,0,0,0,0,0,0,0,0,1,0,0,0,0,0,0,0,0,0,0,0,3,0,0,0,0,0,1,0,0,0,0,0,0,0,0,0,0,0,0,0,0,0,0,0,0,0,0,0,0,0,0,0,0,0,0,0,0,0,0,0,0,0,0,0,0,0,0,0,0,0,0,0,0,0,0,0,0,0,0,0
S027,A,0,0,0,0,0,0,0,0,0,0,1,1,0,0,0,0,4,0,0,1,0,0,0,0,0,0,0,0,0,0,0,0,0,1,1,0,0,0,1,1,0,0,0,0,1,1,0,0,0,0,0,0,0,0,0,0,0,0,0,0,0,0,0,0,0,0,0,0,0,0,0,0,0,0,0,0,0,1,0,0,0,0,1,2,1,1,0,3,1,0,1,0,1,0,0,1,0,0,0,0,0,0,0,0,0,0,0,1,0,0,3,0,0,0,0,0,0,1,0,0,0,0,0,0,0,0,0,0,0,0,0,0,1,0,1,0,3,1,0,0,0,0,0,1,0,0,0,0,0,0,0,0,0,1,3,3,3,1,3,0,0,0,0,0,0,0,0,0,1,0,0,0,0,0,0,0,0,1,3,1,7,2,0,0,0,0,0,0,0,0,0,0,0,0,1,0,0,0,0,0,0,0,0,0,0,1,0,1,2,1,0,0,0,1,0,0,0,0,1,0,0,0,0,0,0,0,0,0,0,0,0,0,0,0,0,0,0,0,0,0
S028,B,20,1,0,0,0,0,0,0,1,0,0,0,1,0,0,0,0,0,1,0,0,1,0,2,2,1,0,0,0,0,0,0,0,0,0,1,0,0,0,0,0,0,20,0,0,0,0,1,4,1,0,1,0,0,0,0,0,0,0,0,0,0,0,0,0,0,0,0,0,0,0,0,2,0,0,0,0,0,0,1,0,0,0,0,0,1,0,0,0,0,0,0,0,1,0,0,7,2,0,0,0,0,1,0,0,0,1,0,0,0,0,0,0,0,1,0,0,0,1,0,6,1,0,1,0,0,0,0,0,0,0,0,0,0,0,0,0,0,0,0,0,1,1,0,3,3,0,0,0,0,0,0,0,0,0,0,1,0,0,0,0,0,0,0,0,0,1,0,5,1,0,0,0,0,0,0,0,0,0,0,1,1,0,0,0,0,0,0,0,0,1,1,4,3,0,0,0,0,0,0,0,0,0,0,0,0,0,0,0,0,0,0,0,0,0,0,2,2,0,0,0,0,1,0,0,1,0,0,0,0,0,0,0,1,0,0,0,0,1,1
S029,B,0,0,0,0,0,0,0,1,0,0,0,0,2,0,0,2,5,2,1,1,1,0,0,2,0,1,1,0,0,0,1,1,0,1,1,1,1,1,5,0,0,0,1,0,0,0,0,0,0,0,1,0,1,0,0,1,1,0,1,0,0,0,0,1,0,1,0,1,0,1,0,0,0,1,0,1,1,1,0,1,0,0,0,2,0,2,0,0,3,2,1,1,1,0,1,0,0,0,0,1,1,0,0,0,0,0,0,1,0,1,3,1,0,450,0,0,0,0,0,0,1,1,1,0,0,1,0,0,0,0,0,1,0,0,0,0,7,1,0,0,0,1,0,1,0,1,1,0,0,1,0,0,0,1,2,0,0,0,0,0,1,0,0,0,1,0,0,1,1,1,0,0,0,1,0,0,400,1,2,1,5,2,1,1,0,0,1,0,0,0,0,1,0,0,0,1,0,1,0,0,1,0,0,0,0,1,0,0,2,0,0,0,0,0,1,1,0,1,0,0,1,0,0,0,0,0,0,0,0,0,1,1,0,0,0,0,0,0,0,0
S030,A,0,0,0,0,0,0,0,0,0,6,1,0,0,0,1,2,0,0,0,0,0,0,0,0,0,0,0,0,0,0,0,0,0,0,0,0,0,0,0,0,0,0,0,0,0,0,0,0,0,0,0,0,0,0,0,0,0,0,0,0,0,0,0,0,0,0,0,0,0,0,0,0,0,0,0,0,0,0,0,0,0,1,0,0,0,1,0,0,0,1,0,0,0,7,14,20,3,0,10,14,1,0,0,0,0,0,0,0,0,0,0,0,0,0,0,0,0,0,0,1,1,0,5,3,0,0,0,1,0,3,0,0,0,0,1,0,0,0,0,0,0,0,0,0,0,0,0,0,0,0,0,0,0,0,0,0,0,0,0,0,0,0,0,0,0,1,1,3,0,0,0,1,0,0,0,1,0,0,1,1,0,0,0,0,0,0,0,0,0,0,0,0,0,0,0,0,0,0,0,0,0,0,0,0,0,0,0,0,0,0,0,0,0,0,0,0,0,0,0,0,0,0,0,0,0,0,0,0,0,0,0,0,0,0,0,0,0,1,0,0
S031,B,4,80,160,70,90,100,80,100,80,130,150,130,190,190,180,160,170,180,180,150,180,190,170,192,105,140,150,190,140,210,150,160,210,200,140,160,190,160,180,160,95,126,140,105,180,136,119,190,68,90,126,180,154,115,105,85,100,95,140,147,160,210,140,210,240,210,140,220,140,210,230,250,68,180,68,90,147,210,170,112,68,140,84,48,36,160,195,150,112,112,64,70,130,133,98,160,126,160,170,126,90,126,180,230,119,95,140,112,170,200,126,150,160,140,112,170,91,160,126,112,72,160,147,133,105,105,200,170,170,126,160,90,150,64,190,57,170,112,39,112,75,170,180,170,80,105,180,126,80,230,190,54,140,140,105,130,170,140,152,160,128,120,105,91,130,98,112,170,133,144,160,190,126,114,170,160,190,190,80,68,180,119,160,133,70,180,160,150,130,160,98,180,60,120,105,180,100,108,170,190,170,190,160,130,75,112,160,108,100,190,98,160,60,80,119,90,60,140,170,154,161,250,90,112,190,102,190,170,119,144,200,80,160,80,140,190,80,147,160,190
S032,C,0,0,0,0,0,0,0,1,1,0,0,1,0,0,0,2,3,1,0,0,0,0,0,0,1,0,0,0,0,0,1,0,0,0,0,0,1,0,1,0,0,0,0,0,0,0,0,0,0,0,1,0,0,0,1,0,0,0,0,0,0,0,0,0,0,1,0,0,0,0,1,0,1,0,0,1,1,0,0,0,1,0,0,2,0,0,2,0,1,0,0,1,0,0,0,0,0,0,0,1,1,0,0,1,0,0,0,3,0,0,3,1,0,1,0,0,0,0,0,0,0,0,1,0,0,0,0,1,0,0,0,0,0,0,0,0,2,2,1,0,1,0,0,0,0,0,0,0,0,0,0,0,0,2,0,1,3,1,1,1,3,1,0,0,0,0,0,0,1,0,0,0,0,0,1,0,1,1,3,1,7,3,0,0,0,1,1,0,0,1,0,0,0,0,0,0,0,0,0,0,0,0,1,0,0,0,1,0,1,0,0,0,1,0,0,1,0,1,0,0,0,0,0,0,1,1,0,0,1,0,0,0,0,0,0,0,0,1,0,0
S033,C,0,0,0,0,0,0,0,0,0,0,0,0,0,0,0,0,1,1,0,0,0,0,0,0,0,0,0,0,0,0,0,0,0,0,1,0,0,0,1,1,0,0,0,0,0,1,0,0,0,0,0,0,0,0,0,0,0,0,0,0,0,0,0,0,0,0,0,0,0,0,0,0,0,0,0,0,0,0,0,0,1,0,0,1,0,0,0,0,1,0,0,0,0,0,0,0,0,0,0,0,0,0,0,0,0,0,0,0,0,0,1,0,0,0,0,0,0,0,0,0,0,0,0,0,0,0,0,0,0,0,0,0,0,0,0,0,4,2,0,0,0,0,0,0,0,0,1,0,0,0,0,0,0,0,0,0,0,0,1,0,0,0,0,0,0,0,0,0,0,0,0,0,0,0,0,0,0,2,0,1,5,1,0,0,0,0,1,0,0,0,0,0,0,0,0,0,0,0,0,0,0,0,0,0,0,0,0,0,0,0,0,0,0,0,0,0,0,0,0,0,0,0,0,0,0,0,0,0,0,0,0,0,0,0,0,0,0,0,0,0
S034,C,5,0,0,0,0,0,15,1,1,0,200,200,0,1,200,0,0,200,0,0,1,0,0,0,0,1,0,1,1,0,0,0,0,1,0,1,0,0,0,200,100,140,0,0,0,0,0,0,0,0,1,200,0,1,0,0,1,0,0,0,0,0,1,0,1,0,0,0,0,0,0,0,1,0,0,1,0,1,1,0,1,0,0,0,0,1,0,1,0,1,0,1,0,1,0,0,0,0,0,0,1,0,0,0,1,0,1,0,1,0,0,0,1,0,0,1,0,0,0,0,0,6,0,0,0,0,0,0,2,3,5,2,0,0,1,1,0,0,0,0,0,0,1,0,0,0,0,0,1,0,1,1,0,0,0,1,0,0,0,0,0,2,0,0,1,1,0,1,0,0,0,0,0,1,0,0,0,0,2,0,0,0,0,2,1,0,0,2,1,1,0,0,1,0,1,1,0,1,1,0,0,1,1,0,0,0,0,1,0,0,0,0,0,0,1,1,0,0,0,0,1,0,0,0,0,0,0,0,0,0,1,0,0,0,1,0,1,0,0,0
S035,A,0,0,5,0,0,0,20,1,1,0,0,1,0,1,2,0,0,1,0,0,0,0,0,2,0,1,10,1,0,0,0,0,0,0,0,1,1,0,0,0,0,2,0,0,1,0,1,20,0,0,8,1,0,0,0,1,1,0,0,2,0,1,0,0,1,1,0,1,0,0,0,1,0,1,4,0,0,0,0,0,0,0,0,1,0,1,0,1,0,1,1,0,1,1,1,0,0,2,10,0,0,0,0,1,1,1,0,0,0,1,0,0,2,0,1,0,0,0,0,0,0,1,3,1,1,1,0,0,2,0,0,0,0,0,1,1,1,0,0,0,1,0,1,1,0,0,10,1,0,0,0,1,0,1,0,1,0,1,0,2,1,0,0,0,2,0,1,1,0,1,10,0,0,0,2,1,0,0,1,0,1,1,1,0,0,1,0,0,0,0,0,1,0,0,7,1,1,0,0,0,1,1,0,1,0,1,0,1,1,1,0,0,1,0,0,1,0,0,8,0,0,1,0,0,0,0,0,0,0,1,0,0,2,0,1,1,0,1,1,1
S036,B,0,0,0,0,0,0,0,0,0,1,2,0,0,4,4,0,0,2,0,0,0,0,0,0,0,0,0,0,0,0,0,0,0,1,0,0,0,0,0,0,1,0,0,0,0,0,0,0,0,0,0,0,0,0,0,0,0,0,0,0,0,0,0,1,0,0,0,0,0,0,0,0,0,0,0,0,0,0,0,0,0,2,2,0,1,4,8,2,5,0,0,0,0,0,0,0,1,0,0,0,0,0,0,0,0,1,0,2,0,1,3,2,2,3,1,1,0,0,0,0,0,0,0,0,0,0,0,0,0,1,1,5,0,1,2,1,0,0,0,0,0,0,0,0,0,0,0,0,0,0,0,0,0,0,1,2,0,0,1,3,1,1,0,1,0,0,0,0,0,0,0,0,0,0,0,0,0,0,0,2,0,1,0,1,1,2,1,0,1,0,0,0,0,0,0,0,0,0,0,0,0,0,1,0,0,1,1,0,0,0,0,0,0,1,1,0,0,0,0,0,0,0,0,0,0,0,1,0,0,1,1,1,0,0,0,0,0,0,0,0
S037,C,0,0,0,0,0,0,0,0,2,60,100,400,60,80,210,80,1120,120,30,10,2,1,1,0,1,1,0,1,0,0,1,0,0,2,2,20,2,8,190,4,15,5,20,28,10,16,1,1,1,0,0,0,0,0,0,1,3,10,8,4,4,7,182,20,40,80,3,20,7,190,1,0,0,0,0,0,0,0,0,1,1,150,24,60,2,140,6825,3600,406,1918,332,0,10,1,1,0,1,0,0,1,0,0,2,1,1,210,340,644,5,4430,791,90,110,5390,1365,6,14,1,1,1,0,0,0,0,0,0,0,0,1,294,2440,990,350,252,1420,453,1110,308,273,3,5,3,3,0,0,0,0,0,0,0,0,0,2,1050,1316,120,4000,460,1360,1290,496,520,1,1,1,1,2,1,0,0,0,0,0,0,0,0,0,240,25,200,140,1239,296,140,185,90,20,10,5,1,1,0,0,0,0,0,0,0,0,0,0,1,1,4000,1,6,5,6,10,60,238,20,80,1,2,1,0,0,0,0,0,0,0,0,1,3,10,8,3,8,5330,5,8,2,2,10,10,1,2,0
S038,A,0,0,0,0,1,0,0,1,0,0,1,0,0,1,1,1,2,1,1,0,0,1,0,0,0,0,1,1,0,0,0,0,0,0,0,0,1,0,1,0,1,0,1,1,1,1,1,0,1,1,0,1,0,0,1,0,0,1,0,0,0,0,0,0,1,1,0,0,0,1,0,1,1,0,0,0,0,1,0,0,0,3,0,1,0,0,5,1,3,0,1,1,1,0,0,0,0,1,0,0,0,1,0,0,0,1,4,0,0,0,1,0,0,1,0,0,0,0,0,1,0,0,0,0,1,1,0,0,0,2,1,0,0,0,1,0,0,1,0,0,0,0,1,0,1,0,1,0,0,0,0,0,0,1,1,0,0,0,1,0,3,1,0,1,0,0,0,0,0,0,0,1,0,1,0,0,0,1,1,0,0,0,0,1,1,0,0,0,1,0,0,0,0,0,0,1,0,0,0,0,1,2,1,0,0,0,0,0,1,0,0,0,0,1,0,0,0,0,1,0,0,0,0,0,0,0,0,1,1,0,0,0,0,1,1,1,0,0,0,0
S039,C,0,0,1,200,1,0,0,0,0,0,1,0,0,20,0,0,3,1,200,0,160,0,0,0,0,0,0,0,1,0,0,180,0,0,1,1,1,0,1,1,0,1,0,0,0,0,0,0,0,0,0,0,0,0,0,0,0,0,0,0,0,0,0,0,0,0,0,0,0,0,0,0,0,1,0,0,0,1,0,0,0,0,1,1,0,2,0,0,1,0,0,0,1,0,0,0,1,0,0,0,0,0,0,0,0,0,2,1,0,1,28,40,0,0,1,1,1,10,0,0,0,0,0,1,0,0,0,0,0,0,2,2,2,4,1,1,5,1,0,0,0,0,0,0,0,0,0,0,0,0,0,0,0,5,0,1,3,1,4,1,1,0,0,0,0,1,0,0,1,0,0,0,1,0,0,1,1,2,3,2,0,0,0,0,0,0,0,0,0,0,0,1,0,0,0,0,0,0,0,0,0,0,0,0,0,0,0,0,0,0,0,0,0,0,1,0,0,0,0,0,0,0,0,0,0,0,0,0,0,1,0,1,0,1,0,0,0,0,0,0
S040,B,50,110,90,280,110,100,90,110,100,90,100,100,100,110,120,130,110,100,90,110,100,120,110,132,224,120,120,400,98,120,400,110,400,400,100,110,110,88,120,120,50,84,110,49,90,96,84,130,136,65,91,400,91,75,77,55,55,65,110,70,104,130,70,130,130,150,84,130,84,140,160,140,152,120,52,420,84,150,130,70,44,100,48,40,20,110,165,80,63,63,40,45,80,70,287,120,252,130,160,287,70,84,100,130,77,45,110,70,110,110,70,110,110,100,63,100,56,90,70,70,246,150,84,287,70,65,120,100,100,84,120,66,110,40,100,36,110,63,27,56,40,90,90,110,175,77,130,301,48,150,130,42,70,84,63,90,90,100,72,80,80,80,63,49,80,63,77,130,252,112,120,400,102,60,110,110,140,100,45,40,100,70,88,77,40,80,70,100,90,90,70,110,148,110,70,360,70,66,100,90,100,90,100,100,60,63,110,60,60,90,84,110,60,55,77,55,160,100,120,238,70,140,55,77,120,66,100,110,84,88,120,55,120,60,110,90,50,63,100,110
S041,C,0,0,1,55,0,0,0,0,1,0,0,2,0,0,0,1,3,1,0,0,0,0,1,0,0,0,0,0,0,0,0,0,0,1,0,1,2,0,1,0,0,0,50,0,0,0,0,0,0,0,0,0,0,1,0,0,0,0,0,0,0,0,1,0,0,3,0,0,0,0,0,0,0,0,1,1,0,0,0,0,0,0,1,1,0,2,2,0,3,1,0,1,0,0,0,0,0,0,0,1,0,0,0,0,0,0,1,1,0,0,3,0,0,0,0,0,1,1,1,0,0,1,0,0,0,0,0,0,0,1,0,1,1,1,0,0,1,3,0,0,0,0,0,0,0,0,1,0,0,0,0,0,1,4,1,0,0,1,4,1,0,0,0,0,0,0,0,0,2,0,0,0,1,0,0,1,1,5,2,1,8,1,0,0,0,0,0,0,0,0,0,0,0,0,0,0,0,0,0,0,0,0,0,0,0,0,0,0,1,1,0,0,0,0,0,0,0,0,0,0,0,0,0,1,0,0,0,0,1,0,1,0,0,0,1,0,1,0,0,0
S042,A,50,0,0,0,0,0,45,0,0,5,3,0,0,0,2,1,0,0,0,0,1,0,1,2,0,0,0,0,0,1,0,0,0,0,0,0,0,0,0,0,0,1,0,0,0,0,0,50,1,0,0,0,0,0,0,0,0,0,0,0,0,1,0,0,1,0,0,0,0,0,0,0,0,0,0,0,0,0,0,0,0,2,1,0,0,0,0,0,0,0,1,0,0,7,14,30,4,0,7,14,1,0,0,0,0,0,0,0,0,0,0,0,0,0,0,1,0,1,1,1,2,0,3,1,0,1,0,0,0,2,0,1,0,0,0,1,0,0,0,0,0,0,1,0,0,0,1,0,1,0,1,0,0,1,0,0,0,0,1,0,0,0,0,0,0,1,1,2,0,0,0,2,0,0,0,0,0,0,1,2,0,0,1,0,0,0,0,0,0,1,0,0,0,0,0,0,0,0,0,0,1,0,1,0,1,0,0,0,0,0,0,0,0,0,0,1,0,0,0,1,0,0,0,0,0,0,0,0,0,1,0,0,0,0,0,0,0,0,0,0
S043,A,0,0,0,0,1,1,0,0,0,0,0,0,0,0,1,1,2,1,0,0,0,0,0,0,0,0,0,0,0,0,0,1,0,0,100,0,1,1,2,0,1,0,0,0,80,0,0,0,1,0,0,0,0,0,0,0,0,0,0,0,0,0,1,0,0,88,0,0,0,0,0,1,0,0,0,1,0,0,0,0,0,0,0,2,0,0,2,0,1,0,0,0,2,0,1,0,0,0,0,0,1,0,0,0,0,0,0,3,0,0,2,0,0,1,1,0,1,1,1,0,0,0,0,1,0,0,0,1,0,0,1,0,0,0,1,0,4,3,0,0,0,0,1,1,0,1,0,0,0,0,1,0,0,1,0,0,0,0,0,1,1,0,1,1,1,0,0,0,0,0,0,0,1,0,0,0,0,1,1,0,4,1,0,0,1,0,1,0,1,0,1,1,0,0,0,1,0,0,0,0,0,0,0,0,0,1,0,1,1,0,0,0,0,0,1,0,0,1,0,1,0,0,0,1,0,0,0,0,0,1,0,0,0,0,0,1,1,0,0,0
S044,C,0,0,0,0,1,0,0,0,3,2,2,3,0,0,0,0,0,0,0,0,0,0,0,0,0,0,0,0,0,0,0,0,0,0,0,0,0,0,0,0,0,0,0,0,0,0,0,0,0,0,1,0,0,0,0,0,0,0,0,0,0,0,0,0,0,0,0,0,0,0,0,0,0,0,0,0,0,0,0,0,0,0,0,0,0,0,0,0,1,0,0,0,1,2,1,1,0,0,0,0,0,0,0,0,0,0,1,2,0,0,0,2,0,0,0,2,0,0,0,0,0,0,0,0,0,0,0,0,0,0,0,0,0,0,0,0,1,0,0,0,0,0,0,0,0,0,0,0,0,0,0,0,0,0,0,0,0,0,0,0,0,0,0,0,0,0,0,0,0,0,0,0,0,0,0,0,0,0,0,0,0,0,0,0,0,0,0,0,0,0,0,0,0,0,0,0,1,0,0,0,0,0,0,0,0,0,0,0,0,0,0,0,0,0,0,0,0,0,0,0,0,0,0,0,0,0,0,0,0,0,0,0,0,0,0,0,0,0,0,0
S045,B,0,0,1,0,0,0,20,1,0,1,1,2,1,1,0,1,1,1,0,0,0,0,0,0,0,0,1,1,1,0,0,0,20,0,1,1,0,0,1,0,1,0,0,0,1,0,1,20,0,0,1,0,0,1,1,0,0,1,0,1,0,0,1,0,0,1,0,1,0,0,0,1,1,0,0,0,1,0,0,0,1,0,0,1,0,1,2,0,2,1,0,1,1,0,0,0,0,0,0,0,0,1,0,0,0,1,2,0,0,0,0,0,1,0,0,1,0,0,1,0,0,0,0,1,0,0,0,0,0,1,1,0,0,1,1,2,1,0,1,0,0,0,1,0,0,0,1,0,0,0,0,0,0,0,1,1,0,0,0,0,0,0,1,0,0,0,1,1,0,0,1,0,0,0,1,1,0,1,1,0,0,1,1,0,0,0,1,0,0,1,0,0,0,0,1,0,0,0,1,0,0,0,1,0,0,0,1,0,0,0,0,0,0,0,0,0,0,0,1,1,1,0,0,0,1,0,1,1,0,0,1,0,0,0,0,0,0,0,0,0
S046,A,1,0,1,1,1,1,1,1,0,2,1,2,1,0,0,0,1,1,4,1,1,1,0,2,0,1,1,0,1,0,0,1,1,0,1,0,1,0,2,0,1,1,0,0,1,1,1,0,0,0,0,2,1,1,3,0,0,1,0,0,2,1,1,2,1,3,0,1,1,1,1,0,0,1,1,0,2,2,0,0,1,0,2,0,1,0,2,0,3,2,1,1,1,1,0,0,1,4,2,0,0,2,1,1,1,0,3,0,2,1,3,1,1,1,1,1,2,1,2,1,0,0,0,1,0,2,1,1,1,0,1,1,2,1,1,0,0,2,0,1,1,0,1,0,1,1,2,0,1,0,0,0,0,1,0,1,1,0,2,1,1,0,0,3,1,3,0,2,1,1,2,3,1,1,1,2,1,3,1,1,0,1,1,1,0,1,1,1,0,3,1,1,1,0,1,1,1,0,1,1,0,2,0,0,1,0,1,0,1,4,0,3,0,1,0,0,1,0,1,1,1,1,1,1,1,1,3,0,1,1,0,0,1,0,0,0,1,3,1,1
S047,B,0,1,0,0,0,1,0,0,1,0,0,2,1,0,0,2,3,1,1,0,0,0,0,0,0,0,1,1,1,0,0,0,0,1,1,0,3,0,3,0,0,1,1,0,0,1,1,0,1,0,1,0,1,1,1,0,0,0,1,0,0,0,0,0,0,3,0,0,0,0,1,0,0,0,0,0,1,1,0,0,0,0,0,1,1,1,2,0,1,0,0,1,1,0,0,0,0,1,1,1,0,1,0,0,0,1,0,0,0,0,1,0,1,0,1,0,1,0,0,0,0,0,0,0,1,1,0,1,0,0,0,1,1,0,0,0,4,1,0,0,1,1,0,1,0,0,1,0,0,0,0,0,1,1,0,0,0,1,4,0,0,0,0,1,0,1,0,0,2,1,0,0,0,0,1,1,0,5,3,1,4,3,0,1,0,1,1,0,0,1,1,0,0,0,0,1,0,0,1,0,0,1,0,0,0,0,0,1,1,1,0,0,2300,0,1470,0,0,0,0,1554,0,0,0,0,1,0,0,0,0,0,2100,0,0,0,0,0,0,1,0,0
S048,B,0,0,0,0,0,0,15,0,0,1,0,0,0,0,0,1,5,1,0,0,0,1,0,0,0,0,0,0,0,0,0,0,0,0,0,0,2,0,1,1,0,0,0,0,0,0,0,0,0,0,0,0,0,0,0,0,0,1,0,0,0,0,0,0,0,1,0,1,0,0,0,0,0,0,0,0,0,0,0,0,0,0,1,1,0,0,2,0,3,0,0,1,1,0,0,0,0,0,0,1,0,0,0,0,0,0,0,0,0,0,3,2,0,0,0,0,0,0,0,0,0,0,0,0,0,1,0,0,0,0,0,0,0,0,0,0,1,0,1,0,0,0,0,0,0,0,0,0,0,0,1,0,0,3,0,0,1,1,1,0,2,1,0,0,0,0,0,0,1,0,0,1,0,0,0,0,1,3,3,1,7,1,0,0,0,1,0,0,0,1,1,0,0,0,0,0,0,1,1,0,0,0,0,1,0,1,1,0,1,0,0,0,0,0,1,0,0,0,0,0,0,0,0,0,0,0,0,0,0,0,0,0,0,0,0,1,0,0,0,0
S049,A,0,0,0,0,0,0,0,0,0,0,0,0,0,0,1,0,0,0,1,0,1,0,1,0,0,0,0,0,0,0,0,0,0,0,0,3,0,1,1,0,0,0,1,1,0,0,0,0,0,0,0,0,1,0,0,1,0,2,0,0,0,0,0,0,0,0,1,0,0,0,0,0,0,0,0,0,0,0,0,0,0,0,0,0,0,0,0,0,0,0,0,0,1,0,0,0,0,1,0,0,0,0,1,0,0,0,0,0,0,0,1,0,0,0,0,1,0,0,0,1,0,0,0,0,0,0,0,0,0,3,1,0,0,0,0,0,2,0,1,0,0,1,1,0,1,0,1,0,0,0,0,0,0,1,3,1,0,0,0,0,0,0,0,0,0,0,0,1,0,1,0,0,0,1,0,1,1,0,0,0,0,0,2,0,0,0,1,1,0,1,0,0,1,0,0,0,0,0,0,0,0,1,0,0,0,0,0,0,0,0,0,0,0,0,0,0,0,0,0,0,0,0,0,0,0,0,0,0,0,0,0,0,0,0,0,1,1,0,0,0
S050,B,0,0,0,0,1,0,0,0,0,0,0,1,1,0,0,1,1,0,0,0,0,0,0,0,0,0,0,0,0,0,0,0,0,0,0,0,1,0,2,0,0,0,0,0,0,0,0,0,0,0,0,0,0,0,0,0,0,0,0,0,0,0,0,0,0,1,0,0,0,0,0,0,0,0,0,0,0,0,0,0,0,0,0,1,0,1,0,0,1,1,0,0,0,0,0,0,0,0,0,0,0,0,0,0,0,0,0,2,0,0,5,0,0,0,0,0,1,1,0,0,0,0,0,0,0,0,0,0,0,0,0,0,0,0,0,0,3,1,0,0,0,0,0,0,0,0,0,0,0,0,0,0,0,2,1,0,0,0,1,0,1,0,0,0,0,0,0,0,1,0,0,0,0,0,0,0,0,1,2,1,3,3,0,0,0,0,0,0,0,0,0,0,0,0,0,0,0,1,0,0,0,0,0,0,0,0,0,0,2,0,1,0,0,0,0,0,0,0,0,0,0,1,0,0,0,0,0,0,0,0,0,0,0,0,0,0,0,0,0,0
S051,A,0,1,0,0,0,0,0,0,0,0,0,0,0,0,1,0,4,1,0,0,1,0,0,0,1,0,0,0,1,0,0,0,0,0,0,0,0,0,0,0,0,0,0,0,1,0,0,0,0,0,1,0,1,0,0,0,1,0,0,0,0,1,0,0,1,0,0,0,1,0,0,0,0,1,0,0,0,1,0,0,1,0,0,1,0,0,0,0,0,0,0,0,0,1,0,0,0,0,0,0,0,1,0,0,0,1,1,1,0,0,1,0,0,0,1,0,1,1,0,0,0,1,0,0,0,1,800,0,0,0,0,0,0,0,1,0,6,1,0,0,0,0,0,0,1,0,0,1,0,0,0,0,0,1,2,0,0,0,0,0,0,0,0,0,0,0,0,0,1,0,0,0,0,0,0,0,1,1,0,1,2,1,0,0,0,1,1,0,1,1,0,0,0,0,0,1,1,0,0,0,0,800,0,0,0,525,0,1,1,750,0,1,0,0,0,0,1,1,0,0,0,0,0,0,0,1,0,0,0,1,0,0,0,1,0,0,0,0,1,0
S052,A,0,0,0,0,0,0,0,0,0,0,0,1,0,0,0,0,4,1,0,0,1,0,0,0,0,0,0,0,0,1,0,0,0,0,0,0,1,0,1,0,0,0,0,0,0,0,0,1,0,1,0,0,0,0,0,1,0,0,0,1,0,0,0,0,0,0,0,0,0,0,0,0,0,0,0,0,0,0,0,0,0,1,0,1,0,1,0,0,2,0,1,0,1,1,0,0,0,0,0,0,0,0,0,0,0,0,0,0,0,0,3,0,0,0,0,0,1,1,1,0,0,0,0,0,0,0,0,0,0,0,0,0,0,0,1,0,2,1,0,0,1,0,0,0,0,1,0,1,0,0,0,0,0,2,1,1,0,0,1,0,0,0,0,0,0,0,0,0,1,0,0,0,0,1,0,0,1,3,2,0,4,3,0,0,0,0,0,0,0,1,0,0,0,0,0,0,0,0,0,0,0,0,0,0,0,0,0,0,1,0,1,0,0,0,1,0,0,0,0,0,0,0,0,1,0,0,0,0,0,0,0,0,0,0,0,0,0,1,0,0
S053,A,0,0,0,0,0,0,0,0,0,0,0,0,0,0,0,0,4,1,0,0,0,0,0,0,0,0,0,0,0,0,0,0,0,0,0,0,2,0,1,1,0,0,0,0,0,0,0,0,0,0,0,0,0,0,0,0,0,0,0,0,0,0,0,0,0,1,0,0,0,0,0,0,0,0,0,0,0,0,0,0,0,0,0,2,0,1,0,0,1,1,0,1,0,0,0,0,0,0,0,0,0,0,0,0,0,0,0,2,0,0,4,0,0,0,1,0,0,1,0,0,0,0,0,0,0,0,0,0,0,0,0,0,1,0,0,0,5,3,0,0,1,0,0,0,0,0,0,0,0,0,0,0,0,2,0,1,1,1,1,0,0,0,0,0,1,0,0,0,0,0,0,0,0,0,0,0,1,1,2,0,3,5,0,0,0,0,0,0,0,0,0,0,0,0,0,0,0,0,0,0,0,0,0,0,0,0,0,0,1,0,0,0,0,0,0,0,0,0,0,0,0,0,0,0,0,0,0,0,0,0,0,0,0,0,0,0,0,0,0,0
S054,B,4,0,0,58,0,0,0,0,3,10,1,3,0,2,3,5,6,3,0,0,0,1,0,0,0,0,0,0,0,0,0,0,0,6,5,7,1,1,10,1,0,3,50,0,3,0,0,0,0,0,0,0,0,0,0,0,0,0,0,1,1,0,2,7,0,1,2,0,1,2,0,1,0,0,0,0,0,0,0,0,0,1,1,1,1,1,6,1,3,5,1,1,1,14,21,30,4,0,9,14,1,0,0,0,2,1,1,2,1,1,2,1,1,4,1,1,0,0,0,2,1,0,5,1,0,0,0,1,0,6,4,3,1,1,3,1,1,1,0,0,1,0,1,0,1,1,1,0,0,0,0,0,1,1,2,1,0,1,0,1,8,1,0,0,1,1,3,3,0,1,0,1,0,0,1,0,1,0,4,2,1,1,1,1,0,1,0,1,0,0,0,1,0,0,0,0,0,1,1,0,0,0,0,0,1,3,1,2,0,1,0,2,1,0,0,0,1,0,0,1,0,0,0,0,0,2,0,3,4,2,4,3,2,2,0,1,1,0,1,2
S055,B,50,810,50,50,70,50,50,60,70,50,80,50,60,60,50,590,60,50,50,50,70,50,70,60,28,1160,50,50,49,80,50,60,60,70,50,50,60,64,60,60,30,49,50,35,50,48,35,70,24,390,49,50,49,45,56,30,35,30,50,847,40,60,49,70,70,60,49,60,49,80,80,80,32,990,24,60,42,70,50,770,20,50,30,16,14,50,90,40,774,35,20,20,30,770,49,50,42,1020,60,42,40,42,50,50,63,30,40,35,50,60,42,50,40,50,28,50,21,40,28,35,30,800,42,49,30,35,60,60,50,35,50,30,40,20,70,21,50,35,18,35,35,60,60,40,25,735,60,49,28,70,60,18,42,42,28,40,50,50,56,1200,40,1200,28,882,40,28,35,50,35,1008,40,50,42,30,60,50,50,60,25,20,50,28,40,35,25,50,50,60,50,40,28,40,16,970,35,60,30,42,60,50,40,60,70,40,30,35,50,36,25,60,35,50,20,25,840,30,20,1030,60,42,42,70,30,42,50,30,40,50,35,48,60,25,50,25,50,50,25,28,70,50
S056,A,0,0,0,0,0,0,0,1,0,0,0,1,0,0,0,1,4,0,0,0,0,0,0,0,0,1,0,0,1,0,1,0,0,0,0,0,0,0,0,0,0,0,0,0,0,1,0,0,0,0,0,0,0,0,0,0,0,1,0,0,0,0,0,0,0,0,1,0,0,0,0,0,1,0,0,0,0,0,0,1,0,0,0,1,0,1,0,0,0,0,0,0,0,0,0,0,0,1,0,1,0,0,0,0,0,0,1,3,1,0,1,0,0,0,0,0,1,0,1,0,1,0,0,0,0,0,0,0,0,0,0,0,0,0,0,0,2,1,0,0,0,0,0,0,0,0,1,0,0,0,0,0,0,0,0,0,1,0,1,0,0,0,0,0,0,0,0,1,1,0,0,0,0,0,0,0,0,1,0,1,3,1,0,0,0,0,2,0,0,0,0,0,0,0,0,0,0,0,0,1,0,0,0,1,1,1,0,0,1,1,0,0,0,0,0,0,0,0,0,0,0,0,0,0,0,0,1,0,0,1,0,0,1,0,0,0,0,0,0,0
S057,B,0,0,0,0,0,18,30,0,0,1,0,0,0,0,0,1,0,1,0,0,0,0,0,0,0,0,0,0,0,0,1,0,0,1,0,3,0,2,0,1,0,0,0,0,0,0,0,0,0,0,0,0,0,0,0,1,0,2,0,0,1,0,1,0,1,0,1,0,0,0,1,1,0,0,0,0,0,0,0,0,0,0,0,1,0,0,0,0,1,0,0,0,0,0,1,1,0,0,0,0,1,0,1,0,0,0,0,0,0,0,2,1,0,0,1,0,0,0,0,1,0,0,0,0,1,0,0,0,0,1,1,0,0,1,0,0,3,0,0,0,0,1,0,0,0,0,0,0,0,0,0,0,0,1,2,1,0,0,0,0,0,0,1,0,1,0,1,1,0,0,0,0,0,0,0,0,1,0,0,1,0,0,6,0,0,0,0,2,0,0,0,0,1,0,1,0,0,0,0,0,0,1,0,0,0,1,1,0,1,0,0,0,1,0,0,0,0,0,0,0,1,0,1,0,0,1,0,0,0,0,1,0,0,1,0,1,0,0,0,0
S058,B,0,0,0,0,1,0,0,1,0,0,0,3,0,0,0,0,1,2,0,0,1,1,1,2,0,0,0,1,0,0,0,0,0,0,1,0,0,1,1,1,0,0,0,0,0,1,0,0,0,1,0,0,0,0,0,0,1,0,0,0,1,0,0,0,0,0,0,1,0,0,0,0,0,0,1,0,0,1,0,0,0,0,0,1,1,0,0,0,1,0,1,1,0,0,0,0,0,0,0,0,1,0,0,1,1,1,0,1,1,0,3,0,1,0,1,0,1,1,1,0,0,0,0,1,0,1,0,0,0,0,0,1,0,0,1,0,4,1,1,0,0,0,1,0,0,1,0,0,1,0,0,1,0,3,1,0,0,0,1,0,0,0,189,0,0,0,0,0,1,1,1,0,1,0,0,0,1,1,0,1,3,0,0,0,0,0,1,1,0,0,1,0,1,1,0,0,0,1,0,1,0,0,0,0,0,0,0,0,0,1,0,0,0,0,0,1,0,1,0,0,0,1,1,0,0,1,0,1,0,1,0,0,0,0,0,0,0,0,0,0
S059,C,0,0,0,1,0,0,0,2,0,2,0,0,0,0,0,0,2,0,0,0,1,1,0,2,1,0,1,0,1,1,2,0,1,0,1,0,0,0,1,0,1,0,150,1,0,0,0,150,1,0,0,0,1,0,1,0,0,1,0,0,0,1,2,0,1,1,1,1,2,1,0,1,0,0,0,0,0,0,1,0,0,0,0,0,1,0,218,145,0,0,0,0,1,1,0,1,1,1,0,1,0,1,0,0,1,1,1,1,1,0,1,1,0,0,0,1,0,0,1,0,0,0,1,1,0,0,0,0,0,1,1,0,1,0,0,0,0,0,0,1,0,1,0,0,1,0,1,0,0,2,1,1,1,1,0,1,0,0,0,1,2,0,1,1,0,1,1,0,0,0,1,1,0,0,1,0,1,0,0,0,0,1,0,1,0,1,0,0,0,1,0,0,0,1,0,2,0,1,1,0,0,0,0,0,0,0,0,2,1,0,1,2,0,1,0,0,1,0,0,0,1,0,0,0,1,1,100,1,0,0,1,0,0,1,0,0,0,0,0,0
S060,C,0,0,0,0,0,0,0,0,0,0,0,0,0,0,0,0,0,8,0,0,1,0,1,0,1,0,0,0,0,0,0,0,0,0,0,0,0,0,0,0,0,7,0,1,0,0,0,0,0,0,0,0,0,0,0,0,0,0,0,0,0,0,0,0,0,10,0,0,0,0,0,1,0,0,0,0,0,0,0,0,1,0,0,0,0,0,2,0,0,7,1,0,0,0,0,0,0,0,0,0,1,0,0,0,0,0,0,0,0,0,0,0,0,6,0,0,0,0,0,0,0,0,0,0,0,0,0,0,0,0,0,0,0,0,0,0,0,3,0,0,0,0,0,0,0,0,0,0,1,0,0,0,0,0,0,0,0,0,0,0,0,6,0,0,0,0,1,1,0,0,0,0,0,0,0,0,0,0,0,0,0,0,0,0,0,6,0,0,0,0,0,0,0,0,0,0,0,0,0,0,0,0,0,0,0,0,0,0,0,7,1,1,0,0,0,0,0,0,0,0,1,0,0,0,0,0,0,0,0,0,0,0,0,4,0,0,0,0,0,0
S061,C,0,0,0,0,0,0,0,0,0,0,210,1,0,0,0,0,4,0,1,0,0,0,0,0,1,0,1,0,1,0,0,0,0,0,200,0,2,0,1,0,0,0,0,140,0,171,0,0,0,0,0,0,0,0,0,0,1,1,0,0,0,0,0,0,0,1,0,0,0,0,0,0,0,0,0,0,0,0,0,0,0,1,0,2,0,1,0,200,2,1,0,1,0,0,0,210,1,0,0,0,1,0,0,0,0,0,0,3,0,0,3,1,0,0,0,0,0,1,0,0,0,0,0,0,0,0,0,0,0,0,0,0,1,0,0,1,2,4,0,0,0,0,1,0,1,0,0,0,1,0,0,0,0,3,1,0,2,0,3,0,0,0,0,0,1,0,0,1,1,0,0,0,0,0,0,1,0,1,2,1,11,4,0,0,1,0,1,0,0,1,0,0,0,0,0,0,1,0,0,1,0,0,1,0,0,1,1,0,1,0,0,0,1,0,0,1,1,0,0,0,1,0,1,0,0,0,0,1,0,0,1,0,1,0,0,0,0,1,0,0
S062,A,0,0,0,0,0,0,0,0,0,0,0,0,0,0,0,0,0,0,0,0,0,0,0,0,0,0,0,0,0,0,0,0,0,0,0,0,0,0,0,0,0,0,0,0,0,0,0,0,0,0,0,0,0,0,0,0,0,0,0,0,0,0,0,0,0,0,0,0,0,0,0,0,0,0,0,0,0,0,0,0,0,0,0,0,0,0,0,0,0,0,0,0,1,1,0,0,1,1,0,0,0,0,0,0,0,15,9,14,0,0,0,0,0,0,0,0,0,0,0,0,0,0,0,0,0,0,0,0,0,0,0,0,0,0,0,1,0,0,1,0,0,0,1,0,0,0,0,0,0,0,0,0,0,0,0,0,0,0,0,0,0,0,0,0,0,0,0,0,0,0,0,0,0,0,0,0,0,0,0,0,0,1,4,0,0,0,0,0,0,0,0,0,0,0,0,0,0,0,0,0,0,0,0,0,0,0,1,0,0,0,0,0,0,0,1,0,0,0,0,0,1,0,0,0,0,0,0,0,0,1,0,0,0,0,0,0,1,0,0,0
S063,C,0,0,0,34,0,0,0,1,0,0,0,0,1,0,1,0,0,0,0,0,0,0,1,2,0,1,0,0,0,1,0,1,1,1,0,0,0,0,30,0,0,0,0,0,0,0,0,0,0,1,0,1,0,1,1,1,1,1,0,0,0,0,0,0,0,0,0,0,0,0,0,0,0,0,0,0,1,1,0,1,0,0,0,1,0,1,2,0,1,0,0,1,1,0,0,1,0,1,1,0,0,1,0,0,0,1,1,1,0,1,1,0,0,0,0,0,0,0,0,0,0,0,0,0,0,0,1,1,1,1,0,1,1,0,1,0,1,1,0,1,2,0,1,0,1,0,0,0,0,0,0,0,2,1,0,0,0,0,2,1,0,0,0,0,0,0,0,0,0,0,0,1,0,0,1,400,0,0,0,0,0,1,0,0,0,0,1,0,0,0,0,0,0,0,1,0,1,0,0,0,0,2,0,1,1,1,1,0,0,0,1,1,0,0,1,0,0,0,1,0,0,1,1,0,1,0,1,0,0,1,0,0,0,0,0,400,0,1,0,0
S064,A,2,0,3,0,3,0,1,0,3,0,1,1,3,0,5,0,3,0,4,0,3,0,3,2,2,0,1,0,1,0,2,0,5,1,3,0,2,0,1,0,1,0,3,0,2,0,3,0,1,0,3,0,5,0,4,0,0,0,1,1,4,0,3,0,5,1,3,0,3,0,5,0,1,0,2,0,3,0,3,0,1,2,1,0,1,0,5,0,7,1,2,0,1,0,2,0,1,0,4,2170,1,0,1,0,4,2,1,1,2,0,1,4,4,0,2,0,1,0,1,0,5,0,1,0,1,0,1,0,1,0,1,0,1,0,5,0,3,0,2,1,1,0,1,0,1,0,4,0,2,1,3,0,4,2170,1,0,1,0,2,0,1,0,1,0,1,0,1,0,2,0,3,0,4,0,1,0,1,0,3,0,1,0,2,0,1,0,1,0,2,0,0,0,2,0,3,0,2,0,1,0,0,0,1,0,1,2100,3,0,1,0,1,0,1,0,3,0,1,0,1,0,3,0,1,0,5,1800,1,1,3,0,2,0,2,0,1,0,1,0,1,0
S065,A,0,1,6,0,0,1,1,1,1,1,0,1,1,0,0,0,0,0,0,0,0,0,0,0,0,0,20,0,0,2,0,0,0,0,1,1,0,0,0,0,1,0,0,0,1,0,1,0,0,1,5,0,0,0,2,1,1,1,0,1,1,1,1,1,1,1,0,1,0,0,1,0,0,1,12,0,0,0,0,0,1,1,1,0,0,1,2,0,0,0,0,1,1,0,0,1,1,0,10,0,0,1,1,0,0,0,0,0,0,0,0,0,1,1,0,0,1,1,0,2,0,0,7,1,0,1,0,0,0,0,0,0,0,1,0,1,0,1,0,1,0,1,1,0,0,1,10,2,0,0,0,0,1,1,0,0,0,2,1,0,0,0,0,1,0,0,0,0,0,0,10,0,0,1,1,0,0,0,0,0,1,0,0,0,0,0,10,0,0,0,1,0,0,0,7,0,1,0,0,1,0,0,1,0,0,0,1,1,0,0,0,0,0,1,0,1,0,1,10,0,1,0,0,0,0,0,2,0,1,0,0,1,0,0,1,0,0,0,0,0
S066,A,1,0,1,0,0,0,3,0,3,0,2,5,4,0,2,0,1,0,3,0,1,0,2,0,3,0,3,0,3,0,3,0,1,0,3,0,2,1,2,0,2,0,3,0,1,1,0,1,1,1,3,0,5,0,1,1,1,0,2,0,5,0,2,0,1,1,3,0,1,0,4,1,1,0,2,0,2,0,0,1,1,1,2,0,1,0,2,1,3,0,2,0,1,2,2,0,1,0,2,0,1,0,2,0,1,0,1,2,3,1,1,4,7,0,1,0,1,0,1,1,3,0,3,0,2,1,1,0,1,0,1,1,400,0,1,1,4,0,1,0,1,0,4,0,2,0,1,0,2,0,2,0,1,0,2,0,2,0,2,0,1,0,1,0,1,0,3,0,1,0,2,0,3,0,3,0,4,1,2,0,2,0,4,1,1,1,1,0,1,0,1,0,0,0,3,0,1,0,9,0,1,1,1,0,1,1,2,0,2,0,1,0,1,0,6,1,1,0,2,0,5,0,2,0,1,0,2,0,1,0,5,0,1,0,0,230,1,0,6,0
S067,C,1,1,1,0,0,1,1,1,1,1,1,1,1,0,1,1,1,1,0,1,0,1,1,0,0,1,1,1,0,1,1,0,1,0,2,0,0,2,1,1,1,1,0,1,1,3,1,1,1,1,0,1,0,1,1,0,1,1,0,0,1,0,1,1,1,1,0,0,1,1,2,0,1,1,1,0,1,1,1,0,0,0,1,1,0,0,2,1,1,1,1,0,1,1,0,2,1,1,1,1,1,1,0,1,0,1,0,0,1,1,1,1,0,1,0,0,1,0,1,0,0,1,1,1,0,0,0,1,0,0,1,0,1,1,2,1,1,2,1,1,1,0,1,1,0,1,0,1,1,0,0,1,1,1,1,3,0,0,1,1,1,1,1,0,1,1,0,1,0,1,1,2,1,0,1,1,1,2,1,1,1,0,1,1,0,1,1,1,0,1,1,1,1,1,1,0,0,1,1,1,1,1,0,0,1,1,1,1,1,0,1,1,0,1,1,1,1,0,1,1,1,1,1,1,2,1,1,1,1,1,0,1,1,0,1,1,1,0,1,0
S068,C,0,0,1,42,0,0,0,1,0,0,0,1,0,0,0,1,0,0,1,0,1,0,0,0,0,0,0,0,0,1,0,1,0,0,0,0,0,0,40,0,0,0,0,0,40,32,0,0,0,1,0,0,0,0,0,1,0,1,40,1,0,0,0,0,0,0,0,1,0,0,0,1,1,1,1,0,0,0,0,1,0,0,0,0,0,0,0,0,1,1,0,0,0,0,0,0,0,0,0,0,0,1,0,0,0,0,0,7,0,0,1,0,1,0,0,0,0,1,1,1,0,1,1,1,0,0,0,0,0,2,1,0,0,1,0,1,1,1,1,1,1,0,1,1,0,0,0,0,0,1,0,0,0,0,0,1,0,0,3,1,0,3,0,1,0,0,1,0,0,0,0,0,1,0,0,0,0,1,0,2,1,0,2,2,0,0,0,0,0,0,0,0,0,0,0,1,0,0,0,0,1,1,0,0,0,1,0,0,1,0,0,0,0,0,0,0,0,0,1,0,0,0,0,0,1,0,0,0,0,0,0,0,1,0,1,0,1,0,0,0
S069,B,0,0,0,0,0,0,0,0,0,0,40,1,1,50,0,0,3,0,1,1,1,0,2,0,0,0,0,0,1,0,0,0,0,0,50,1,5,0,3,1,0,2,50,0,0,0,1,0,1,0,0,0,0,0,0,0,0,0,0,0,1,0,1,0,0,0,0,0,1,0,0,0,0,0,0,0,0,0,1,1,0,0,2,2,0,2,0,1,1,1,0,0,0,0,0,0,0,0,1,0,1,0,0,0,0,1,1,2,0,1,7,10,2,0,0,1,0,0,0,0,0,0,0,0,0,0,1,0,2,1,5,1,2,1,1,1,7,1,1,0,0,0,0,1,1,1,1,1,1,0,1,0,1,2,1,3,2,1,1,1,3,0,0,0,0,0,1,0,2,0,0,0,0,1,0,1,3,6,4,1,7,3,3,0,1,0,1,0,1,2,1,0,0,0,0,0,0,0,1,0,0,0,0,1,1,0,0,0,3,0,0,0,0,0,1,0,1,0,1,0,0,1,1,0,0,0,0,1,1,1,1,0,0,0,2,0,0,0,0,0
S070,C,0,0,0,0,0,0,0,0,1,0,0,0,0,50,1,0,0,1,0,0,0,0,0,0,0,0,0,0,0,0,0,0,0,1,0,1,0,1,0,0,0,0,0,0,0,0,0,0,0,0,0,0,0,0,0,0,1,2,0,0,0,0,0,0,0,0,0,0,0,0,0,0,0,0,0,0,0,0,0,0,0,1,1,1,0,0,0,0,0,1,0,0,0,1,1,0,0,0,0,0,0,0,0,0,0,0,0,0,0,0,1,1,1,0,0,0,0,0,0,2,0,0,0,0,0,0,0,0,0,1,1,0,0,1,0,0,2,0,0,0,0,1,0,0,0,0,0,0,0,1,0,0,0,1,4,0,0,0,0,0,1,0,0,0,0,0,0,0,0,0,0,0,0,0,0,0,1,1,0,0,0,0,2,0,0,0,0,1,0,1,0,0,0,0,0,0,0,0,0,0,0,0,0,0,0,0,0,0,0,0,0,0,0,0,0,0,0,0,0,0,0,0,0,0,0,0,0,0,0,0,0,0,0,1,0,1,0,0,0,0
S071,A,0,0,8,0,1,0,0,0,0,0,0,0,0,1,0,0,0,0,0,1,0,0,1,0,0,0,30,0,1,0,0,0,0,0,30,0,0,0,30,1,0,0,1,1,1,0,0,0,1,0,14,1,0,1,0,1,1,1,1,1,0,1,0,0,0,1,0,0,1,1,0,0,0,0,4,0,0,0,1,0,1,1,0,1,0,1,2,0,0,0,0,1,1,1,1,0,0,1,10,0,0,0,1,0,0,0,0,0,0,0,0,1,0,1,0,0,0,1,0,0,0,0,14,1,0,0,0,0,0,0,1,0,0,0,0,1,0,0,1,0,0,0,0,1,0,0,30,0,1,0,0,0,0,0,0,0,0,0,0,0,0,1,0,0,1,0,0,1,0,0,30,0,0,0,0,0,0,0,0,1,1,1,0,0,1,0,0,0,1,0,0,1,0,0,14,1,0,1,0,0,0,1,0,0,0,0,0,0,0,0,0,0,0,0,0,1,0,1,30,1,0,0,0,1,1,0,0,0,0,0,1,0,0,0,0,0,0,0,0,0
S072,A,5,0,0,0,0,0,0,0,0,0,0,2,0,50,0,1,6,3,0,1,0,0,0,0,0,0,0,0,0,0,0,0,0,0,1,0,0,0,1,0,1,0,0,0,0,0,0,0,0,0,0,0,0,0,0,0,0,0,0,1,0,0,0,0,0,0,0,0,0,0,0,0,0,0,0,0,0,0,0,0,0,1,0,1,0,1,0,0,0,0,0,1,1,0,0,0,0,0,0,0,0,0,0,0,0,0,0,1,0,0,2,0,0,0,0,1,0,0,0,0,0,0,1,0,1,0,1,0,0,0,0,0,0,0,0,0,1,2,0,0,0,0,0,0,1,0,0,0,0,0,0,0,0,0,1,0,0,1,1,0,0,0,0,0,1,0,0,0,0,0,0,0,0,0,0,0,1,1,0,0,1,1,1,0,1,0,1,0,0,0,0,0,0,0,0,0,0,0,1,1,0,0,0,0,0,0,0,0,0,0,0,0,0,0,0,0,0,0,0,0,0,0,0,0,0,0,0,0,0,1,0,1,0,0,0,0,0,0,1,0
S073,B,0,0,0,0,0,0,0,0,0,0,0,0,0,0,1,1,0,0,0,0,0,0,0,0,0,0,0,0,0,0,0,0,0,0,0,0,0,0,0,0,0,0,1,0,0,0,0,0,0,0,0,0,0,1,0,0,0,0,0,0,0,0,0,0,1,0,0,0,0,0,1,0,0,0,0,0,0,0,0,0,0,0,0,0,0,0,0,0,1,0,0,1,1,0,0,0,0,0,0,0,0,0,0,0,0,0,0,0,0,0,0,0,0,0,0,0,0,0,1,1,1,0,0,1,0,0,0,1,0,1,1,0,0,0,6,0,0,2,0,0,0,0,0,0,0,0,0,0,0,0,0,0,0,1,0,1,0,0,0,0,1,0,0,0,0,0,0,0,0,0,0,0,0,0,0,0,0,0,2,0,0,0,0,0,1,0,0,0,0,0,0,0,0,0,0,0,0,0,0,0,0,0,0,0,0,0,0,0,0,0,0,0,0,0,0,0,0,0,0,0,0,0,0,0,0,0,0,0,0,0,0,0,0,0,0,0,0,0,0,0
S074,C,5,0,2,1000,2,0,6,0,1000,1000,1000,1,1000,0,6,1,3,0,4,1000,140,770,1170,840,448,510,780,590,567,680,650,570,760,760,100,0,9,0,9,1100,2,0,1,700,1000,0,14,0,4,0,1,0,2,0,1,0,2,0,3,0,1,1100,2,0,4,0,770,0,3,0,5,0,2,0,2,0,4,1,4,0,1,2,30,0,2,1100,6,0,42,21,12,1,1100,42,77,150,154,60,40,0,1,0,5,0,1,2,10,5,10,1,7,1,10,30,14,2,5,20,49,77,12,1,2,1,2,1,3,0,40,63,20,1,7,8,30,6,50,35,33,14,15,50,80,20,25,14,40,7,16,30,60,3,35,21,49,30,50,30,56,40,104,140,189,7,20,0,3,0,4,0,8,0,1,0,2,0,20,300,10,36,40,0,16,707,10,100,60,10,30,1,6,0,2,0,3,0,1,0,1,0,3,2,11,20,4,0,4,0,2,0,770,0,1,1,3,0,4,0,2,0,14,0,550,0,4,0,6,1,1,0,3,575,3,0,1150,0,2,0,3,0
S075,A,2,0,3,0,1,0,1,0,3,1,1,1,2,0,5,1,1,1,3,1,1,0,2,2,2,0,1,0,3,0,4,0,2,0,1,0,1,0,2,0,0,0,1,0,1,0,1,0,1,1,3,0,2,0,1,0,1,0,2,0,3,0,3,0,4,0,3,0,1,0,4,0,2,0,1,0,3,1,0,0,2,1,1,0,1,0,3,1,2,0,2,0,1,0,1,1,3,0,6,0,1,0,2,0,3,3,1,3,5,0,1,4,3,0,2,0,1,0,3,0,2,0,2,0,3,0,1,0,1,0,1,1,1,0,5,0,2,0,1,0,2,0,1,0,3,0,3,0,2,0,1,0,3,0,3,0,1,0,1,0,3,1,2,0,1,0,2,1,3,0,4,0,2,0,1,1,2,0,20,0,5,0,2,0,2,0,1,0,3,0,1,0,2,0,1,0,2,0,0,0,1,0,1,0,2,0,2,0,1,1,1,0,4,0,2,0,1,0,1,0,1,0,3,0,2,0,0,0,2,0,4,0,2,0,0,0,1,0,1,0
S076,C,0,1,0,0,1,1,2,0,1,1,1,1,1,1,1,1,3,1,1,1,1,2,0,2,1,3,1,1,1,1,1,1,1,0,1,1,1,1,2,1,0,1,1,1,0,0,2,0,1,0,1,1,1,1,1,1,1,1,1,1,3,1,1,1,3,1,3,0,1,1,1,0,1,1,1,0,1,1,1,0,1,1,4,1,0,2,2,3,1,1,0,1,1,1,0,1,1,0,1,1,2,1,1,1,1,1,2,1,1,2,3,2,1,1,3,1,0,0,1,1,1,2,1,1,1,1,1,1,3,1,2,1,1,2,2,1,0,1,1,1,1,1,0,1,1,0,2,2,1,4,1,1,2,2,2,1,1,1,1,2,1,0,0,1,1,1,1,1,3,0,2,0,1,1,1,1,0,1,1,1,1,2,1,0,1,1,1,2,1,0,2,1,1,1,1,1,0,1,1,1,2,0,2,0,1,1,1,2,0,1,2,1,0,2,0,1,1,1,1,2,0,4,1,1,1,2,1,1,1,1,1,1,1,1,0,1,1,2,2,2
S077,B,0,0,1,0,0,0,0,0,1,0,0,1,0,50,0,0,0,1,0,0,0,0,1,2,0,1,0,0,0,0,0,0,50,0,0,0,0,1,0,0,0,0,0,0,0,1,0,0,1,0,1,1,0,0,0,1,0,0,0,0,1,1,1,0,0,1,0,0,0,0,0,0,0,1,0,0,0,0,0,0,0,0,0,0,0,0,0,1,0,0,0,0,0,0,0,0,0,1,0,1,1,0,1,0,0,0,0,0,0,0,0,0,0,1,0,0,1,0,0,1,0,0,0,0,0,0,0,0,0,0,1,0,1,1,0,0,0,0,0,0,0,0,0,0,0,0,0,1,0,0,0,0,0,0,1,1,0,1,0,0,0,30,0,0,0,0,0,0,1,0,0,0,1,0,0,0,0,0,25,2,30,0,0,0,1,1,1,1,0,0,1,0,1,0,1,1,1,0,0,0,0,0,0,0,0,1,0,0,0,0,0,0,0,1,0,0,1,0,0,0,0,0,1,0,0,1,0,0,1,1,0,0,0,0,1,0,0,0,0,0
S078,A,0,0,4,0,0,20,30,100,150,90,60,290,410,390,200,0,0,60,400,30,0,0,0,0,0,0,5,0,0,40,20,140,400,80,30,0,0,0,0,0,0,0,0,0,0,0,0,400,0,1,6,0,1,0,42,65,80,40,0,289,1,0,0,0,0,0,0,0,0,0,0,0,0,0,2,0,0,1,0,140,12,180,66,24,8,10,30,30,280,0,0,0,0,0,0,0,0,0,4,0,0,18,10,120,91,30,0,21,0,130,182,150,270,290,231,280,49,220,84,0,0,0,7,0,0,15,30,190,100,42,20,0,0,3,10,9,30,28,6,28,15,20,0,0,0,0,7,0,0,40,20,39,105,70,0,10,0,0,0,0,0,0,0,5,0,0,0,0,0,0,7,0,0,12,40,130,160,70,0,0,10,0,0,0,0,0,0,0,0,0,0,0,0,0,4,0,0,24,30,100,130,70,0,0,10,3,0,0,0,0,0,0,0,0,0,0,0,0,5,0,0,0,30,77,110,42,4,0,0,16,0,0,0,0,1,0,0,0,0,0
S079,B,0,0,0,0,0,0,0,1,1,0,50,2,0,50,0,0,2,0,0,0,0,0,0,0,1,0,0,0,0,0,50,0,0,0,0,0,3,0,2,0,0,0,0,0,0,0,1,0,0,0,0,1,1,0,0,1,0,0,0,0,0,0,0,44,0,2,0,0,0,0,0,0,0,0,0,0,0,0,0,0,0,1,0,1,0,1,0,1,1,0,0,0,0,0,0,0,0,0,0,0,0,0,0,0,0,0,0,1,0,0,1,0,0,1,0,0,0,0,0,0,0,0,0,0,1,1,0,0,0,0,0,0,0,0,0,0,6,3,0,0,0,0,0,1,0,0,0,0,0,1,0,0,0,3,0,0,1,1,1,0,0,0,0,0,0,0,0,1,1,1,0,0,1,1,0,0,1,3,4,0,5,3,0,0,0,0,1,0,0,1,0,0,0,0,1,0,0,0,0,0,0,1,0,0,1,0,1,0,0,0,0,0,0,0,0,0,0,0,0,0,0,0,0,0,1,0,0,0,0,0,0,0,0,0,0,0,0,0,0,1
S080,C,50,20,200,10,100,20,80,20,160,20,100,20,170,30,190,30,210,20,130,20,120,20,140,24,133,20,120,20,140,20,130,40,150,20,130,30,170,32,130,30,65,14,130,91,100,16,91,30,56,5,126,20,112,15,91,10,55,20,90,14,112,30,91,30,160,30,91,40,91,30,210,40,64,40,56,20,84,30,100,14,56,20,54,8,24,20,210,10,105,21,52,10,150,14,63,20,84,20,90,14,75,24,110,30,77,15,90,14,80,40,91,30,130,30,77,40,70,20,70,21,102,30,119,21,100,20,110,20,90,14,90,18,120,8,120,6,90,14,39,14,85,30,120,30,75,21,170,14,52,20,130,6,98,14,63,30,90,30,112,20,96,20,98,21,100,14,105,30,98,8,130,30,126,18,120,20,140,20,55,12,110,21,120,21,55,20,110,20,90,20,56,20,60,20,105,30,85,24,160,20,100,20,100,20,40,14,90,18,55,20,77,40,140,10,91,10,60,20,130,14,119,20,65,7,170,12,140,20,119,16,170,20,140,15,160,30,60,21,100,20
S081,B,0,0,0,0,0,0,0,0,0,0,0,0,0,0,1,1,0,0,0,0,0,0,0,0,0,0,0,0,0,0,0,0,0,0,0,0,0,0,0,0,0,0,0,0,0,0,0,0,0,0,0,0,0,0,0,0,0,0,0,0,0,0,0,0,0,0,0,0,0,0,0,0,0,0,0,0,1,0,0,0,0,0,0,0,0,0,0,0,0,0,1,2,2,0,0,0,0,0,0,0,1,0,0,0,0,0,0,0,1,0,0,0,0,1,0,1,0,1,0,1,1,0,0,0,0,0,0,0,0,1,1,0,0,0,10,1,0,0,0,1,0,1,0,0,0,0,0,0,0,0,0,0,0,2,0,0,0,0,1,0,1,0,0,1,0,0,0,0,0,0,0,0,0,0,0,0,0,0,2,0,0,0,1,0,1,0,0,0,0,0,0,1,0,0,0,0,0,0,0,0,0,0,0,0,0,1,0,0,0,0,0,0,0,0,0,0,0,1,1,0,0,0,0,0,0,0,0,0,1,0,0,0,0,0,0,0,0,0,0,0
S082,A,0,0,0,0,0,0,0,0,1,0,1,1,0,1,0,0,0,0,1,0,0,1,1,2,0,0,0,0,1,1,0,0,0,0,0,0,1,0,0,0,0,1,0,0,0,0,1,1,0,0,0,0,0,0,1,0,0,0,1,1,0,0,0,0,0,0,0,0,0,0,0,0,0,0,0,1,0,0,0,0,0,0,1,1,0,0,5,0,2,1,1,1,1,0,0,0,0,0,0,0,1,0,0,0,0,1,0,0,2,0,0,4,1,10,0,2,1,1,1,0,1,1,0,0,0,0,1,0,0,1,0,1,1,3,1,1,2,1,0,0,0,1,0,2,1,0,0,0,0,0,0,0,0,1,1,1,0,0,0,1,0,0,0,0,0,0,0,0,0,0,0,0,1,1,0,0,0,0,1,0,0,0,1,0,1,0,0,0,1,0,0,0,0,0,0,0,0,0,0,0,1,0,0,0,1,0,0,0,1,1,0,0,1,0,1,1,1,0,0,1,1,0,0,1,0,0,0,0,0,0,0,0,0,0,0,1,0,0,0,0
S083,A,0,0,0,0,0,0,0,0,0,1,0,0,0,0,0,0,1,1,0,0,0,0,0,0,0,0,0,0,0,0,0,0,0,0,0,0,0,0,2,0,0,0,0,0,0,0,0,0,0,0,0,0,0,0,0,1,0,0,0,0,0,0,0,0,0,0,0,0,0,0,0,0,0,0,0,0,0,1,0,0,0,0,0,1,0,0,0,0,0,0,0,0,0,0,0,0,0,0,0,0,0,0,0,0,0,0,1,1,0,0,3,0,0,0,0,0,0,0,0,0,0,0,0,0,0,0,750,0,0,0,0,0,0,0,1,1,5,1,0,0,0,0,0,0,0,0,0,0,0,1,0,0,1,0,0,0,0,1,0,0,0,0,0,1,700,0,0,0,0,0,0,0,0,0,0,0,0,3,0,1,1,1,0,0,0,0,1,1,0,0,0,0,0,0,0,0,0,0,0,1,0,0,0,0,0,0,0,0,1,0,0,0,0,0,0,0,0,0,0,0,0,1,1,0,0,0,710,0,1,0,0,0,0,0,0,0,0,0,0,0
S084,C,8,0,0,25,1,1,0,0,1,1,1,0,1,40,0,0,0,1,0,0,0,0,0,0,0,0,0,0,0,0,0,0,1,0,40,0,0,1,30,0,1,0,0,1,0,1,0,0,0,0,0,0,0,1,0,0,0,0,0,0,1,0,0,0,0,0,0,0,0,0,0,0,0,1,0,1,0,1,0,1,1,0,0,0,0,1,0,1,4,0,1,1,0,1,0,1,0,0,0,1,0,0,0,0,1,0,0,0,0,0,0,1,0,0,0,0,0,0,0,0,0,0,1,0,0,0,0,1,0,1,0,0,0,0,1,0,1,1,0,1,0,1,1,1,0,0,0,0,0,0,0,0,3,7,2,1,0,0,1,0,0,1,0,0,0,0,0,0,0,0,0,0,0,0,0,0,0,8,1,2,3,0,0,0,2,0,0,1,0,1,0,0,0,0,0,0,1,1,0,0,1,0,0,3,0,0,8,3,0,1,0,0,0,0,0,0,0,0,0,1,0,0,1,0,0,1,0,1,0,0,1,1,0,0,0,300,0,0,0,0
S085,C,6,1,0,0,0,0,0,0,1,1,0,0,1,20,0,3,0,0,1,0,0,0,0,2,1,0,0,0,0,0,0,1,1,1,0,0,0,0,0,0,0,0,0,0,0,0,0,0,0,0,0,0,0,1,0,0,0,1,1,0,0,0,1,0,0,0,0,0,0,0,0,0,0,1,0,1,0,0,1,0,0,1,0,1,0,1,0,0,3,1,0,0,1,0,0,0,0,0,0,0,0,0,0,1,0,0,3,0,0,0,0,1,0,0,0,0,0,0,0,0,0,0,0,0,0,0,0,0,1,0,0,1,1,0,0,0,0,0,1,1,1,1,0,0,0,0,0,0,0,0,0,1,0,1,0,0,0,0,0,0,0,0,0,1,0,0,0,0,0,0,0,0,1,0,0,1,0,0,0,1,0,2,6,0,3,2,0,1,0,0,0,1,1,0,0,0,0,0,0,1,0,0,0,0,0,0,0,0,1,0,1,0,1,1,0,0,0,0,1,0,0,0,0,0,0,0,0,0,0,0,0,0,0,0,0,0,0,1,0,0
S086,C,2,0,660,0,0,1,1,1,3,6,1,1000,3,3,3,3,3,8,1,1,6,1000,5,3,483,0,1190,1190,0,8,5,3,5,2,8,6,4,2,1,5,2,2,6,770,2,2,1,4,384,0,693,0,0,5,5,5,4,1,1,3,4,4,1,4,1,0,1,2,3,2,7,7,312,0,400,0,0,10,3,854,4,2,2,1,1,4,5,1,3,5,3,1,0,1,0,3,406,0,860,0,0,6,5,7,3,1,3,2,2,3,2,5,1,1,3,5,1,4,1,4,618,0,567,0,0,3,2,4,1200,3,2,2,3,1,1,2,1,3,1,3,2,5,7,4,440,0,1280,1,1,7,5,1,5,1,840,2,1,2,2,3,2,3,2,3,2,1,3,1,448,0,940,0,0,4,4,2,3,1,1,1,2,5,8,5,2,5,1,1,1000,1,3,1,396,0,658,0,0,6,1,10,10,1000,1,5,2,4,6,2,3,4,4,7,6,2,3,3,348,0,1260,0,0,10,0,4,7,2,3,6,777,5,3,555,5,3,4,1,1,4,2,4
S087,A,0,0,0,0,0,0,0,0,0,0,0,1,0,25,0,0,7,0,0,0,1,0,0,0,0,0,0,0,0,0,0,0,0,0,0,0,0,0,1,1,0,0,0,0,1,0,0,0,0,0,0,0,0,1,0,0,0,0,0,0,0,0,0,0,0,1,0,0,0,0,0,0,1,1,0,0,0,0,0,0,0,0,0,1,0,0,0,0,1,0,0,0,1,0,0,0,0,0,0,0,0,1,0,0,0,0,0,2,0,0,2,1,0,0,0,0,0,0,0,0,0,0,0,1,0,0,0,0,1,0,0,0,0,0,0,0,6,1,0,0,0,0,0,0,0,0,0,0,0,0,0,1,0,3,2,0,1,0,2,0,0,0,0,0,1,0,0,0,1,0,0,0,0,0,0,0,0,3,2,0,2,1,0,0,0,0,1,0,0,0,0,0,0,0,0,0,0,1,0,0,0,0,0,1,0,0,0,0,1,0,0,0,0,0,0,0,0,0,0,0,0,0,0,0,0,0,0,0,0,0,0,1,0,0,0,0,0,0,0,0
S088,B,2,0,0,60,1,0,0,1,1,1,2,2,6,60,9,1,1,7,9,0,1,1,2,2,1,0,1,0,3,0,5,0,3,0,2,0,1,0,1,0,1,0,50,0,1,0,2,60,2,0,3,1,1,0,4,1,2,0,4,0,3,0,2,0,5,1,3,0,2,1,2,0,1,0,1,0,3,1,1,0,2,1,1,0,1,2,2,1,5,1,1,0,1,0,2,0,3,0,5,0,2,0,2,1,0,3,6,1,4,1,4,2,7,0,1,0,0,0,3,0,1,0,1,0,1,0,0,0,3,0,3,1,1,0,7,0,1,1,1,1,2,0,2,0,1,1,0,0,2,0,3,1,2,0,1,0,2,0,4,0,2,1,1,1,1,0,2,1,1,0,3,1,1,0,1,0,2,0,2,0,3,1,8,0,1,0,2,0,2,0,1,0,1,0,1,1,2,0,5,0,2,1,4,0,2,1,1,0,1,0,1,0,3,1,2,0,2,0,2,0,2,0,0,1,2,0,1,1,4,0,1,0,1,0,2,0,1,0,4,0
S089,A,0,0,0,0,0,42,0,0,1,8,1,1,0,0,1,1,0,0,0,0,1,0,0,0,0,0,0,0,0,0,50,0,0,0,45,0,0,0,0,0,0,0,0,0,0,0,0,0,0,0,0,0,0,0,0,0,0,0,0,0,0,0,0,0,0,0,0,0,0,0,0,0,0,0,0,0,0,0,0,0,0,1,0,0,1,0,0,0,0,1,0,0,0,7,7,20,5,0,7,7,1,0,0,0,0,0,0,0,0,0,0,0,0,1,1,0,0,1,0,0,0,0,5,0,0,0,0,1,0,2,0,0,0,0,0,0,0,0,1,0,0,0,0,0,0,0,1,0,0,0,1,0,1,0,0,1,0,0,0,0,0,0,0,0,0,1,4,3,0,0,0,1,0,0,0,1,0,0,1,1,0,0,1,0,0,0,0,0,0,0,0,0,0,0,0,1,0,0,0,0,0,1,0,0,0,0,0,0,0,1,0,0,0,0,0,0,0,0,0,0,0,0,0,0,0,0,0,0,0,0,0,0,0,0,0,0,0,1,0,0
S090,C,0,0,0,0,0,0,0,0,0,7,120,0,0,0,1,1,0,0,0,0,0,0,0,0,0,0,0,0,0,0,0,0,0,0,0,0,0,0,0,0,0,0,0,0,0,0,0,0,0,0,0,0,0,0,0,0,1,0,0,0,0,0,1,0,0,0,0,0,0,0,0,0,0,0,0,0,0,1,0,0,0,1,0,0,1,1,0,0,1,1,0,0,1,6,14,20,3,0,10,7,1,0,0,0,1,0,0,0,0,0,0,0,0,0,0,0,0,0,0,0,0,0,3,3,0,0,0,1,0,3,0,1,0,0,0,0,0,0,0,0,0,0,0,0,0,0,0,1,1,0,0,0,0,0,0,1,1,0,0,0,0,0,0,0,0,1,3,1,0,0,0,0,0,0,1,0,0,1,1,2,0,1,1,0,0,0,0,0,0,0,0,0,0,1,0,0,0,0,0,1,0,0,0,0,0,0,0,0,0,0,0,1,0,0,0,0,0,0,0,0,0,0,0,0,0,0,0,0,0,0,0,1,0,0,0,0,0,0,0,0
S091,A,0,0,0,45,0,0,0,0,0,0,0,1,0,0,0,0,2,2,0,0,0,0,0,0,0,0,0,0,0,0,0,0,0,0,1,0,1,0,2,0,0,0,0,0,0,0,0,0,0,0,0,0,0,0,0,0,0,0,0,0,0,0,1,0,0,0,0,0,0,0,0,0,0,0,0,0,0,0,0,0,0,0,0,1,0,2,0,0,1,3,0,1,0,0,0,0,1,0,0,0,0,0,0,0,0,0,0,1,0,0,2,1,0,0,0,0,1,0,0,0,0,0,1,0,0,0,0,0,1,0,0,0,1,0,1,0,4,0,0,0,1,0,0,0,0,0,1,0,1,0,1,0,0,1,0,0,1,1,1,0,1,0,0,0,0,0,0,1,1,0,0,0,0,0,0,0,1,2,3,1,7,2,0,0,0,0,1,0,0,1,0,0,0,1,0,0,1,0,0,0,0,0,0,0,0,0,0,0,4,1,0,0,1,0,0,0,0,0,0,0,0,0,0,1,0,1,1,0,0,0,0,0,0,0,0,1,0,0,1,0
S092,B,0,1,1,0,4,0,1,0,1,0,1,1,1,1,4,0,1,0,0,0,5,0,1,0,3,0,2,0,2,1,1,0,2,0,1,0,4,0,3,0,2,0,2,0,2,0,4,0,1,1,3,0,3,0,2,0,2,0,0,0,1,0,3,0,2,1,2,0,4,0,4,0,2,0,1,0,0,0,4,0,1,1,1,0,1,1,3,0,3,1,3,0,1,0,1,0,1,0,2,0,1,0,1,0,2,1,1,0,4,0,1,9,2,0,1,0,1,0,3,0,2,0,4,0,4,0,4,0,3,0,3,1,1,0,9,0,2,0,1,0,2,0,1,0,1,0,5,0,1,0,2,0,1,0,3,0,2,0,1,0,1,0,3,0,2,0,3,0,3,1,2,0,2,1,4,0,3,0,2,0,2,0,2,0,2,0,1,0,5,0,3,0,1,0,2,0,2,0,1,0,1,0,0,0,1,0,1,1,2,0,2,0,1,0,5,0,1,0,1,0,3,0,1,0,1,0,6,0,1,0,2,0,5,0,3,0,2,0,6,0
S093,A,6,0,0,0,0,0,0,0,1,6,1,1,0,0,0,0,0,1,0,0,0,0,0,2,0,0,0,1,0,0,1,0,0,0,1,1,1,0,0,0,0,0,0,0,0,0,1,0,1,0,0,0,0,0,0,1,0,0,0,0,0,0,0,1,0,0,0,0,0,0,0,0,0,0,0,0,1,0,0,0,0,0,1,1,1,1,2,1,1,2,0,0,0,0,2,4,0,0,0,1,0,0,0,0,0,0,0,4,0,1,0,3,0,0,0,4,0,0,0,0,0,0,0,0,0,1,0,0,300,0,0,0,0,0,0,1,0,0,1,0,0,0,0,1,0,0,0,0,0,0,0,0,0,0,0,0,0,1,0,0,0,0,1,0,0,1,0,0,0,0,0,0,0,0,300,300,0,0,0,0,0,0,0,0,1,0,1,1,0,1,0,1,0,1,0,0,0,0,1,0,0,0,1,0,1,0,0,0,0,0,0,0,0,0,0,0,0,1,0,0,1,0,1,0,0,0,0,0,1,1,0,0,0,0,0,235,1,0,1,0
S094,C,0,0,1,0,0,0,0,0,0,0,1,0,0,0,0,0,0,1,0,0,0,1,0,0,0,0,0,0,0,0,1,0,0,0,0,1,0,3,0,0,0,0,0,0,1,1,0,0,0,0,0,0,0,0,0,0,1,2,0,0,1,0,0,0,0,0,1,0,0,0,0,0,0,0,0,0,0,0,0,1,0,0,0,0,0,0,0,1,0,1,0,0,0,1,0,0,0,0,1,0,1,1,0,0,0,0,0,0,0,1,0,1,0,0,0,0,0,0,1,3,1,0,0,1,1,0,0,0,0,0,1,0,0,1,0,0,0,0,0,0,0,2,0,0,0,0,0,0,1,0,180,0,0,1,1,1,0,0,0,0,0,0,0,0,0,0,0,0,0,0,0,0,0,0,0,0,2,1,0,1,1,0,4,0,0,0,0,0,0,0,0,0,0,0,0,0,0,1,0,0,0,1,0,0,1,0,0,0,1,1,0,1,0,0,0,1,0,1,0,0,0,0,0,0,0,0,1,0,0,0,0,1,0,1,0,0,0,0,0,0
S095,B,0,0,0,23,0,0,0,1,0,0,0,5,1,0,0,0,1,1,0,0,1,0,0,0,0,0,0,0,1,0,0,1,0,0,2,8,1,0,1,3,0,0,0,0,0,1,0,0,1,1,1,1,1,1,0,0,0,1,1,0,0,1,1,1,0,0,1,0,0,1,0,1,0,0,0,1,0,0,0,1,0,0,0,0,0,0,0,0,0,0,0,0,0,1,0,1,0,0,0,0,0,0,0,0,0,1,1,0,1,0,1,1,0,1,0,1,0,0,0,1,1,0,0,0,0,0,0,0,0,0,1,0,0,0,0,0,1,1,0,0,0,1,0,0,0,0,0,1,0,0,0,1,0,0,0,0,0,0,1,1,2,0,0,0,1,0,0,0,0,0,0,0,1,0,0,0,0,0,0,0,0,0,1,1,0,0,2,0,1,0,1,0,1,0,0,1,0,0,1,0,0,0,0,0,0,1,0,0,0,0,0,1,0,0,1,0,0,0,0,0,1,0,0,0,1,1,0,1,1,1,1,0,0,0,0,0,0,0,0,0
S096,A,8,0,0,0,0,0,0,0,0,0,0,1,0,0,1,1,4,1,1,1,0,0,0,0,0,0,0,0,0,0,0,0,0,0,0,0,1,0,2,0,0,0,0,0,0,1,1,1,0,0,0,0,0,0,0,0,0,0,0,0,0,0,0,1,0,1,0,0,0,0,0,0,0,0,0,0,0,0,0,1,0,0,0,3,0,0,2,0,2,1,0,1,1,0,0,0,1,0,0,1897,0,0,2710,0,0,0,0,0,0,0,3,0,1,1,0,0,0,2700,0,1890,0,0,0,1890,0,0,0,0,0,0,0,1,0,0,0,0,2,1,0,0,1,0,0,0,0,0,0,0,0,0,0,0,0,3,1,1,1,1,0,0,0,2000,0,0,1,0,1,1,1,0,0,0,0,0,0,0,0,1,4,0,9,2,0,0,0,0,1,0,0,0,0,0,0,0,0,0,0,0,0,0,0,2700,0,0,0,0,0,0,1,0,0,0,0,0,0,0,0,0,0,1,0,0,0,0,0,0,0,0,0,0,0,0,0,0,0,0,1,0,0,0
S097,A,0,0,1,55,0,0,0,0,1,0,0,2,0,60,0,1,3,1,0,0,0,0,1,0,0,0,0,0,1,0,1,0,0,0,200,0,3,144,180,0,90,0,0,140,0,1,0,150,0,0,0,157,0,0,0,0,0,0,0,0,0,1,0,0,0,1,0,0,0,1,1,1,1,0,1,0,0,0,0,0,0,0,0,2,0,200,0,0,140,1,0,0,1,0,0,0,1,0,0,0,0,0,0,0,0,0,0,2,0,0,105,0,0,1,1,0,0,1,1,0,0,0,0,0,0,0,0,0,0,0,1,0,0,1,1,0,5,1,0,0,1,0,0,0,0,0,0,1,0,0,0,0,1,1,2,2000,1,1,1,0,1200,0,0,0,0,0,0,0,0,0,0,0,1,0,0,0,0,2,3,1,6,1,0,0,0,1,1,0,1800,0,0,0,0,1500,0,0,0,1,0,1,0,0,0,1,0,0,1,0,0,1800,0,0,0,0,0,0,0,0,0,0,0,0,0,0,0,1200,0,0,0,0,1890,0,0,0,0,1400,1,0,0,1
S098,B,1,1,0,1,1,2,1,0,2,1,1,3,2,15,1,2,1,1,1,3,4,1,1,2,3,1,2,2,1,1,0,0,6,1,10,3,1,1,0,1,1,1,1,1,1,1,1,1,1,2,1,1,2,1,0,1,3,0,1,1,1,1,3,0,1,1,1,1,2,1,1,3,1,1,1,2,1,1,2,1,1,1,2,1,1,0,2,1,1,1,1,1,1,1,1,1,0,0,1,1,1,6,1,0,2,1,0,3,1,1,1,1,3,1,1,0,3,1,1,1,1,1,2,1,1,1,0,1,3,1,0,2,0,1,1,1,1,2,1,1,3,1,0,1,1,1,1,1,1,1,2,1,2,0,0,1,2,1,1,1,3,0,0,0,1,1,1,2,1,1,5,2,2,1,1,1,1,0,1,2,3,1,1,1,1,2,1,2,4,3,1,1,1,1,0,1,1,1,2,1,2,1,1,1,1,0,1,1,2,0,1,1,1,1,1,1,1,1,0,1,2,1,1,0,3,1,0,1,1,1,1,1,1,1,1,1,3,1,0,1
S099,A,0,0,0,0,0,0,0,0,1,0,0,1,0,0,0,1,1,1,1,0,0,0,0,0,0,0,0,1,0,0,0,0,0,1,0,0,2,0,1,0,0,0,0,1,0,0,0,1,0,0,1,0,0,1,0,0,0,0,0,0,0,0,0,1,0,0,0,1,0,0,0,0,0,0,0,0,0,0,0,0,1,0,0,1,0,1,0,0,1,0,0,0,0,0,0,0,0,0,0,0,0,0,0,0,0,0,0,1,0,0,1,1,0,700,0,0,0,0,0,0,0,0,0,0,0,0,0,0,0,0,0,0,0,0,0,0,6,2,0,0,1,0,0,0,0,0,0,0,0,0,0,0,0,2,1,0,1,0,3,0,0,0,0,0,0,0,0,1,1,0,0,0,0,0,0,0,0,3,2,0,3,5,0,0,0,0,1,0,0,0,0,0,0,0,0,0,0,0,0,0,0,0,0,0,0,0,0,0,0,0,0,0,0,1,0,0,0,0,0,0,0,0,0,0,0,0,0,0,455,0,0,0,0,0,0,0,0,1,0,0
S100,C,0,0,1,0,0,0,0,0,0,1,0,6,0,0,1,0,2,1,0,1,0,1,0,2,1,0,0,0,0,0,0,1,1,0,3,8,1,0,1,3,0,0,0,1,0,0,0,0,1,0,0,1,0,0,0,1,0,0,1,1,0,0,0,0,1,0,0,1,1,0,0,1,1,1,1,0,0,1,0,0,0,1,0,1,0,1,2,0,2,0,0,0,0,0,0,0,1,0,0,0,0,0,0,1,2,1,0,1,0,0,0,0,0,3,0,1,0,0,0,1,0,0,0,0,0,1,0,0,0,0,1,1,450,0,2,0,1,1,0,0,1,1,0,0,0,0,1,1,0,0,0,0,1,1,0,1,0,0,1,1,1,0,0,0,0,0,0,0,0,0,1,0,1,0,400,0,1,0,0,1,0,1,5,2,1,1,1,0,0,1,1,0,0,1,1,0,0,0,0,1,0,0,1,1,1,1,0,0,1,0,0,0,0,0,0,0,0,1,0,1,0,0,0,0,1,1,425,1,0,0,0,40,1,0,0,0,0,1,0,0
S101,A,7,0,0,0,0,0,0,0,0,0,0,1,0,0,1,2,1,1,0,0,0,1,0,0,0,0,0,0,0,0,0,0,0,1,1,1,0,1,1,2,1,0,0,0,1,0,0,0,1,0,0,0,0,0,0,0,0,0,0,0,0,0,1,0,0,1,0,0,0,0,1,0,0,1,0,0,1,0,0,0,0,0,0,2,0,250,0,0,1,0,0,1,0,0,0,0,1,0,0,0,1,0,1,0,0,0,1,0,0,0,140,1,0,0,1,0,1,0,0,0,0,0,0,1,0,0,0,0,0,0,0,0,1,0,0,0,4,1,0,0,1,1,0,0,1,0,0,0,0,0,0,0,0,2,2,1,0,0,0,1,0,0,1,0,0,1,1,1,2,0,0,0,0,0,0,0,1,2,3,1,8,2,0,0,0,0,1,0,1,1,1,0,0,0,0,1,0,0,0,0,0,0,1,0,1,1,1,0,1,1,0,0,1,0,0,1,1,0,0,0,0,0,0,0,0,0,0,0,1,0,1,0,0,120,0,0,1,0,0,0
S102,A,0,0,0,0,0,0,0,0,0,0,100,0,1,1,0,0,4,0,0,100,1,0,1,0,0,0,0,0,0,0,100,0,0,0,0,0,2,0,80,100,0,1,0,0,0,0,0,0,0,0,0,0,0,0,0,0,0,0,0,0,0,0,0,0,1,0,0,0,0,0,1,0,0,0,0,0,0,0,0,0,0,0,0,1,1,1,0,1,1,0,0,0,3,0,0,0,0,0,0,0,0,0,0,0,0,1,2,3,0,2,14,5,0,2,0,0,0,1,0,0,0,0,1,0,0,0,0,0,0,0,1,2,0,1,0,1,3,3,0,1,0,0,0,0,1,0,0,1,0,0,0,0,1,3,0,2,3,1,3,2,3,0,0,0,1,0,0,0,0,0,0,0,0,0,0,0,4,5,6,1,9,1,3,0,1,1,1,0,1,0,0,0,0,0,0,0,0,0,1,0,0,0,0,0,0,0,0,0,1,1,1,0,0,0,0,1,0,0,0,0,0,0,0,0,0,0,0,0,0,0,0,0,0,0,0,0,0,0,1,0
S103,C,0,0,0,0,0,0,0,0,1,0,1,1,1,15,1,0,2,0,0,1,1,1,0,0,0,1,1,0,0,1,0,0,0,0,0,0,0,0,0,1,0,1,15,1,1,0,1,10,0,0,0,0,0,0,0,1,0,0,0,0,0,0,0,0,0,1,0,0,0,1,0,0,0,0,0,0,0,1,0,1,0,0,1,0,0,1,0,1,2,0,0,0,1,0,0,0,0,0,0,0,0,0,0,0,0,0,0,1,0,0,0,1,1,1,0,1,0,0,0,0,0,0,0,0,0,0,625,0,1,0,0,0,0,0,1,0,1,0,0,0,1,0,1,0,0,0,0,0,0,0,0,1,0,420,1,0,0,0,0,0,1,1,1,0,0,0,0,0,0,0,1,0,0,0,0,0,0,0,0,1,1,0,480,0,0,9,1,0,0,1,1,0,0,0,1,0,0,0,0,0,0,0,0,0,0,0,0,0,1,0,1,0,0,0,0,1,0,0,1,0,0,0,0,0,0,0,0,0,0,0,0,0,0,0,600,0,1,0,1,0
S104,A,4,1,0,45,0,0,0,0,0,0,0,0,0,0,0,0,1,0,1,0,1,0,0,0,3,0,0,1,0,0,1,1,0,1,50,0,0,40,50,0,0,0,0,0,0,40,35,0,12,4,0,1,0,0,0,1,0,0,0,0,0,0,0,0,1,0,0,0,0,0,0,0,3,0,1,1,2,1,0,0,0,0,0,0,0,0,0,0,1,1,0,0,0,0,0,0,3,4,0,1,0,0,0,0,0,0,1,1,0,1,0,0,1,0,0,0,0,1,1,0,12,6,0,1,0,0,0,0,0,1,1,1,0,0,0,0,0,0,0,0,0,0,0,0,2,1,0,0,1,0,1,0,0,0,0,0,0,0,1,0,0,0,0,0,0,0,0,0,0,2,0,1,1,0,1,0,0,0,0,0,0,0,0,0,0,1,0,0,0,0,0,0,3,0,1,1,0,0,1,0,0,0,1,0,0,0,0,0,0,1,1,1,0,1,0,1,8,2,0,0,1,0,1,0,0,0,0,0,0,0,0,0,1,1,0,1,1,0,0,1
S105,B,0,0,0,0,0,0,0,0,0,0,0,3,0,0,0,0,3,0,1,0,0,0,0,0,0,1,0,0,1,0,0,0,0,1,0,0,1,0,1,1,1,0,40,0,0,0,0,0,0,1,0,0,0,0,1,0,0,0,0,0,0,1,0,0,0,0,0,0,0,0,0,1,0,0,0,0,0,1,0,0,0,0,0,0,0,1,0,0,3,0,0,0,0,0,0,0,0,0,0,1,0,0,0,0,1,0,0,2,0,0,5,1,0,0,1,0,0,0,0,0,0,0,0,0,0,0,0,0,0,1,0,1,1,0,0,1,4,1,0,0,0,0,0,0,0,0,0,0,0,1,0,0,1,4,3,6,2,1,32,1,4,0,0,0,0,0,0,0,0,1,0,0,0,0,1,0,1,3,3,0,7,1,0,0,0,0,0,1,0,0,0,0,0,0,0,0,0,0,0,0,0,0,0,0,0,1,0,0,1,0,0,0,0,0,0,0,0,1,0,0,0,0,1,0,1,0,0,0,0,0,1,1,0,0,0,0,0,0,0,0
S106,A,0,0,0,0,0,0,0,0,0,0,0,1,0,1,0,1,2,0,1,0,0,0,0,0,0,0,0,0,0,0,0,0,0,0,0,0,1,0,2,0,0,1,0,0,0,0,0,0,0,0,0,0,0,0,0,0,0,0,0,0,0,0,1,0,0,1,0,0,0,0,0,0,0,0,0,0,0,0,0,0,0,0,0,1,0,0,2,1,1,1,0,0,0,0,0,0,0,0,0,0,0,0,0,0,0,0,1,2,0,0,3,2,0,0,0,0,0,1,0,0,0,0,0,0,0,0,0,0,0,0,1,0,1,0,1,0,5,3,0,0,0,0,0,0,0,0,0,0,0,0,0,0,0,1,1,0,1,1,2,0,1,0,0,0,0,0,0,0,0,0,0,0,0,0,0,1,0,4,2,0,3,1,0,0,0,0,1,0,0,1,0,0,0,0,0,0,0,0,0,0,0,0,0,0,0,0,0,0,1,0,0,0,0,0,0,0,0,0,0,0,0,0,0,0,0,0,0,0,0,0,0,0,0,0,0,0,0,0,0,0
S107,C,6,0,0,0,0,0,0,1,0,1,0,1,0,0,0,0,3,2,1,0,1,0,0,0,0,0,1,0,0,0,0,0,0,0,0,0,2,0,3,1,1,0,0,0,0,1,0,0,0,1,0,0,0,0,0,0,0,0,0,1,0,0,1,0,0,0,0,0,0,0,1,0,1,0,0,0,0,0,0,0,0,0,0,1,1,1,0,0,1,1,0,0,1,0,0,0,1,0,0,0,0,1,1,0,0,0,1,1,0,0,2,2,0,0,350,0,0,1,0,1,0,0,0,0,0,0,1,0,0,0,0,0,0,0,0,0,2,3,0,1,0,1,0,0,1,0,0,0,1,0,0,0,0,350,0,0,1,1,1,0,1,0,0,0,0,0,0,0,0,0,0,0,0,0,1,0,0,4,1,1,8,3,1,0,0,0,1,1,0,1,0,0,0,0,0,0,0,0,1,0,0,0,0,0,0,1,0,0,2,0,0,0,0,0,0,0,0,0,0,0,0,0,0,0,0,0,400,0,0,0,0,1,0,0,0,0,0,1,0,0
S108,B,550,7870,830,630,760,700,610,630,730,730,670,680,800,860,900,1080,940,770,750,710,710,710,780,8160,413,7580,740,680,595,780,670,640,890,780,740,730,870,632,880,820,395,553,780,392,710,568,532,750,316,3585,616,730,637,405,588,315,410,395,750,546,712,810,623,850,940,800,567,800,623,850,1050,910,320,6500,332,650,560,900,680,462,320,700,414,260,154,740,1155,700,602,511,316,290,620,427,497,720,483,7240,1060,497,440,516,790,790,616,355,760,518,750,770,581,700,820,650,525,720,511,580,413,504,486,7880,595,511,490,410,780,720,830,560,740,378,740,292,850,267,730,469,216,497,395,730,730,660,390,4487,920,518,364,800,740,216,609,588,532,690,720,680,680,730,576,600,413,378,620,406,497,720,483,4440,830,760,552,486,770,710,880,780,395,276,720,511,760,567,350,680,730,660,630,610,511,6100,272,5490,637,7000,405,462,740,670,710,720,740,620,340,434,750,408,375,680,497,700,410,315,511,340,308,6200,790,4907,574,840,385,490,7505,420,770,680,546,616,780,330,800,350,660,630,360,441,750,690
S109,A,0,0,0,35,1,1,0,0,0,1,0,0,0,0,0,0,2,1,0,0,1,0,1,2,1,1,0,0,0,0,1,0,0,0,1,0,0,0,2,1,0,0,0,0,0,1,0,30,0,1,1,0,1,0,0,0,0,0,0,0,0,0,0,0,0,1,0,0,0,0,0,0,0,0,0,0,0,0,0,0,0,0,0,1,0,1,2,0,0,0,0,0,0,0,0,0,0,0,0,0,0,0,1,0,0,0,0,1,1,0,3,0,0,0,1,0,0,1,0,0,0,0,1,0,1,0,0,0,0,0,0,0,0,0,0,0,4,1,0,0,0,0,0,0,0,0,0,0,0,0,1,0,0,0,1,0,0,1,0,0,0,0,0,0,0,0,1,0,0,0,0,1,0,1,0,0,0,1,0,1,3,1,1,0,0,0,1,1,0,0,0,0,1,0,0,0,0,1,0,0,1,0,0,0,1,0,0,0,1,0,0,0,0,0,0,0,0,0,0,0,0,0,0,0,0,0,0,0,1,1,1,1,0,0,0,0,0,0,0,0
S110,C,1,0,2,25,1,1,2,0,4,0,2,4,3,0,6,1,3,0,4,0,2,0,2,0,1,1,3,0,2,0,5,0,4,0,1,0,4,0,6,1,1,0,1,1,2,0,4,20,1,0,4,0,3,0,3,0,1,1,4,0,4,0,5,0,6,1,4,1,3,1,4,0,1,0,1,0,3,0,1,0,1,2,1,0,1,1,3,1,3,1,2,0,1,0,2,1,3,0,3,1,1,1,1,0,4,2,4,1,1,0,1,4,5,1,1,1,0,0,2,0,3,0,3,0,3,0,1,0,3,1,1,0,3,0,5,0,3,0,1,1,3,0,2,0,1,0,4,0,1,0,1,0,1,1,1,0,4,0,3,1,1,0,0,1,5,1,0,1,2,0,4,1,1,0,2,1,1,1,3,0,1,0,5,0,1,0,4,1,0,0,2,1,1,0,3,0,3,0,1,0,5,0,2,0,4,0,0,0,1,0,3,0,1,0,2,0,2,0,3,1,3,0,3,1,0,0,2,0,1,0,4,1,5,1,5,0,2,0,3,0
S111,B,0,0,0,0,0,0,0,1,0,0,0,0,1,15,0,1,1,1,0,0,0,0,0,0,0,1,0,0,0,0,0,0,0,0,0,0,0,0,1,1,0,0,0,0,0,0,0,0,0,0,0,0,0,0,0,0,1,0,0,0,0,0,0,0,0,0,0,0,1,0,0,1,0,0,0,0,0,0,0,0,0,0,1,1,0,0,0,0,0,1,0,0,0,0,0,0,0,0,0,0,0,0,0,0,0,0,0,0,0,0,2,0,0,0,0,0,0,1,0,0,0,0,0,0,0,0,0,0,0,0,0,0,500,0,0,0,5,1,0,1,0,0,0,0,0,0,0,0,0,1,0,0,1,2,0,0,0,2,1,0,0,1,0,0,0,0,1,0,0,0,0,0,1,0,0,500,0,1,0,2,1,1,0,0,0,0,1,0,0,0,0,0,0,0,0,0,0,0,0,0,0,0,0,0,0,0,0,0,0,0,0,0,0,0,0,0,1,1,1,0,0,0,0,0,0,0,0,0,0,0,0,0,0,0,0,0,0,0,0,0
S112,B,0,0,0,67,0,0,0,0,1,0,0,0,0,0,0,0,0,0,0,0,0,0,0,0,0,0,0,0,0,0,0,1,0,1,0,0,0,0,0,0,0,0,0,0,0,0,0,0,0,0,0,0,0,0,0,0,0,0,0,0,0,0,0,0,0,0,0,0,0,0,0,0,0,0,0,1,0,0,0,0,0,0,0,0,0,0,0,0,0,0,0,0,0,0,0,0,0,0,0,0,0,0,0,0,0,0,1,0,0,0,0,0,0,0,0,0,0,1,0,0,0,0,0,0,0,0,0,0,0,0,60,0,0,12,20,0,0,0,0,0,0,0,0,0,0,0,0,0,0,0,0,0,0,0,0,0,0,0,0,0,0,1,0,0,0,0,0,0,0,0,0,0,0,0,0,0,0,1,0,0,0,0,0,0,1,0,0,0,0,0,0,0,0,0,0,0,0,0,0,0,0,0,0,0,0,0,0,0,0,0,0,0,0,0,0,1,0,0,0,0,0,0,0,1,0,0,0,0,0,0,0,0,0,1,0,0,0,0,0,0
S113,C,1,0,1,0,0,0,1,0,5,0,5,4,2,0,10,0,4,0,3,0,1,0,1,2,1,0,1,1,3,1,2,0,1,0,1,0,3,0,3,0,1,0,0,0,1,0,2,0,1,1,3,0,2,0,1,0,2,0,3,0,6,0,4,0,2,0,3,0,3,0,6,0,1,0,1,0,3,0,1,0,1,0,5,0,2,0,3,1,2,1,3,0,1,0,1,0,1,0,1,0,2,0,1,0,2,1,2,1,3,0,1,7,5,0,1,1,1,0,2,0,2,0,1,0,1,0,1,0,1,0,1,1,4,0,9,0,1,0,1,1,3,0,3,0,1,0,1,0,2,0,6,0,1,0,0,0,2,0,3,0,2,0,1,0,2,0,3,0,2,0,1,0,1,0,0,0,6,0,3,0,1,0,4,0,1,0,1,0,2,1,0,0,1,1,1,0,2,1,6,1,0,0,1,0,1,1,4,0,1,0,1,0,1,0,3,0,1,0,1,0,2,0,2,0,1,0,2,0,5,0,6,0,1,0,1,0,1,0,1,0
S114,A,700,0,1,550,3,6,3,4,10,4,7,8,8,3,10,5,7,3,4,0,9,1,4,6,280,0,1,650,5,7,8,8,10,1,8,5,10,4,8,5,2,2,700,4,2,2,7,4,252,0,6,600,3,3,5,5,4,1,653,3,8,2,4,614,9,1,5,732,4,1,10,3,192,1,2,440,5,10,4,2,4,5,4,1,2,4,5,8,7,5,4,1,3,0,3,4,245,0,4,308,1,3,9,8,5,5,8,3,2,3,3,8,7,2,4,1,4,3,1,3,330,1,3,469,2,2,4,5,3,1,7,3,4,2,3,1,7,3,3,1,5,3,6,3,255,0,2,336,1,5,8,1,7,2,5,2,2,1,3,730,3,4,5,1,2,1,3,2,238,0,5,720,2,2,6,7,10,1,4,1,5,4,5,1,3,2,7,3,7,4,5,1,192,0,3,400,4,3,8,7,7,4,10,3,3,1,5,1,3,3,3,1,3,3,5,1,184,1,3,217,5,7,3,5,10,3,5,4,5,6,8,2,10,2,5,3,4,3,3,6
S115,A,2,0,1,88,2,0,0,0,3,1,3,2,4,0,5,0,2,0,2,0,1,0,2,0,3,1,1,0,3,0,3,0,2,0,180,0,3,0,180,0,1,0,2,0,1,0,2,0,1,1,3,0,1,0,3,0,1,0,0,0,4,0,3,0,3,0,2,0,0,1,5,1,1,0,2,0,3,0,1,0,2,1,2,1,1,0,9,3,7,1,2,0,1,0,1,0,3,0,1,0,2,0,2,0,2,1,4,1,2,0,3,2,3,0,2,0,1,0,3,0,3,0,2,0,4,0,4,0,1,0,4,0,1,0,7,1,2,0,1,0,1,0,1,0,2,0,5,1,0,0,1,0,2,0,2,0,0,0,1,1,2,0,1,0,3,0,1,0,1,1,7,0,2,0,1,1,4,0,2,0,3,0,4,0,2,0,3,0,1,0,1,0,2,1,3,0,2,0,4,0,3,0,1,0,2,0,4,1,1,0,2,0,1,1,1,0,1,0,1,1,5,0,2,0,5,0,1,0,3,0,3,1,6,0,2,1,3,0,2,1
S116,A,0,0,0,0,0,0,15,0,0,0,1,2,0,0,0,1,1,1,0,0,0,0,0,0,0,0,0,0,0,0,0,0,0,0,0,0,0,0,0,0,0,0,0,0,0,0,0,0,0,0,0,0,0,0,0,0,1,1,0,0,0,0,0,0,0,0,0,0,0,0,0,0,0,0,0,0,0,0,0,0,0,0,5,2,0,1,0,1,2,0,0,0,0,1,0,0,0,0,0,0,0,0,0,0,0,0,0,1,0,1,5,1,0,0,0,0,0,0,0,0,0,0,0,0,0,0,0,0,0,0,0,0,0,0,0,0,1,2,0,0,0,0,0,0,0,0,1,0,0,0,0,0,0,3,1,1,8,0,1,0,0,0,0,1,0,0,0,0,0,0,1,0,0,0,0,0,0,1,2,1,7,1,0,0,0,0,1,0,0,0,0,0,0,0,0,0,0,0,0,0,0,0,1,0,0,0,0,0,2,0,0,0,0,0,0,0,0,0,0,0,0,0,0,0,0,0,0,0,0,0,0,0,0,0,0,0,0,1,0,0
S117,B,1,0,4,0,0,0,0,1,0,1,0,1,0,0,0,0,0,0,0,1,0,0,0,2,0,0,5,0,0,0,0,0,2,0,1,0,1,2,0,0,0,0,0,0,0,2,1,0,0,0,4,1,1,0,0,0,1,1,0,0,2,1,1,0,0,0,1,0,0,0,1,0,1,1,4,0,0,0,0,1,1,0,0,1,0,0,2,1,1,0,1,0,0,0,0,0,1,0,8,2,1,0,0,0,0,1,1,1,1,1,1,0,0,0,0,0,0,1,0,0,0,1,3,0,1,0,550,2,1,0,1,2,1,0,0,0,0,0,1,0,1,0,0,1,1,0,10,1,0,1,0,1,0,1,1,0,0,0,0,1,1,1,350,0,550,0,0,0,0,0,11,500,0,0,0,1,0,1,0,0,1,1,0,0,0,1,0,0,1,0,0,1,0,0,3,2,0,0,1,0,1,2,0,0,1,0,0,1,1,0,0,0,0,0,385,1,0,0,9,0,0,0,1,0,1,0,0,1,0,0,0,0,1,1,510,0,1,1,1,0
S118,B,0,0,0,0,0,1,0,0,1,0,210,1,0,0,200,0,1,180,0,0,0,0,0,0,0,0,0,0,0,1,0,0,0,200,0,0,1,0,3,2,0,140,200,0,0,0,0,0,0,0,0,0,0,1,0,0,0,0,0,0,0,0,0,200,200,1,140,0,1,0,0,1,0,0,0,0,0,1,1,0,1,0,0,1,0,1,0,1,2,0,0,1,1,1,0,0,0,0,1,1,0,0,0,0,0,0,1,1,0,0,5,1,0,1,0,0,0,0,1,0,0,0,0,0,0,1,0,0,1,0,1,0,0,0,0,0,6,1,1,0,1,0,0,0,0,0,0,0,0,0,0,0,0,1,1,1,0,0,1,0,1,0,0,1,0,0,0,0,1,0,1,0,0,0,0,0,1,1,2,0,8,2,0,0,0,0,1,0,0,1,0,0,0,0,0,0,1,0,0,0,1,0,0,0,0,0,0,1,2,0,0,1,1,0,0,0,0,0,0,0,0,1,0,0,1,1,0,0,0,0,0,0,0,0,0,0,0,0,0,0
S119,A,0,0,0,0,0,0,0,0,0,0,0,0,0,30,0,1,0,1,1,0,0,0,1,0,0,0,0,0,1,0,0,0,1,1,0,0,0,0,0,0,0,0,0,0,0,0,0,0,0,0,0,0,0,0,0,0,0,0,0,0,0,1,0,1,0,0,0,0,0,0,0,0,0,0,0,1,0,0,0,1,0,0,1,0,0,0,0,0,1,0,0,0,0,0,0,0,1,0,0,0,0,0,0,0,0,1,0,0,0,0,0,0,0,0,0,0,0,0,0,0,1,0,1,1,1,0,0,0,0,1,0,1,1,0,0,1,0,0,0,0,0,0,0,0,0,1,0,0,0,0,0,0,0,1,1,0,0,0,0,0,0,10,0,0,1,0,1,0,0,0,0,0,1,0,0,0,0,0,1,0,1,0,0,1,1,0,0,0,1,0,1,1,1,0,3,1,0,0,0,0,0,0,0,0,1,0,0,0,0,0,0,0,0,0,0,0,1,1,1,0,0,1,0,0,0,1,0,0,0,0,0,0,0,0,0,0,0,0,0,0
S120,B,0,0,1,0,0,0,0,0,0,0,0,1,0,0,0,1,1,2,0,0,0,0,0,0,0,0,0,0,0,0,0,1,0,0,1,0,1,0,1,0,0,0,0,0,0,1,0,0,0,0,0,0,0,0,0,0,0,0,0,0,0,1,0,0,0,0,0,0,0,0,0,0,0,0,0,0,0,0,1,0,0,0,0,1,0,0,0,0,0,0,1,0,0,0,0,0,0,0,0,0,0,1,0,0,0,0,0,1,0,0,3,0,0,0,0,0,0,0,0,0,0,0,0,0,0,0,0,0,0,0,0,0,0,0,0,0,3,3,0,0,0,0,0,0,1,0,0,1,0,0,0,0,0,1,0,0,0,0,1,0,0,0,0,0,0,0,0,0,0,0,0,0,0,0,0,0,0,0,0,1,3,1,0,0,0,0,1,0,0,0,0,0,0,0,0,0,0,0,0,0,0,1,0,0,0,0,0,0,1,1,0,0,0,0,0,0,0,0,0,0,0,0,1,0,0,0,0,0,0,1,0,0,0,0,0,0,0,0,0,0
S121,A,0,0,0,0,0,18,30,0,1,8,1,0,0,0,0,1,0,0,0,0,0,0,0,0,0,0,0,1,0,0,0,1,0,0,0,1,1,0,0,0,0,0,0,0,0,0,0,0,0,0,0,0,0,0,0,0,0,0,0,0,0,0,0,0,0,1,1,0,0,0,1,0,0,0,0,0,0,0,0,0,0,1,0,1,0,0,2,0,0,0,0,0,0,7,14,20,3,0,10,7,3,0,0,0,1,0,1,0,0,0,0,0,1,0,0,0,0,0,0,1,1,0,3,1,1,0,0,1,1,1,0,0,0,0,0,0,0,0,0,0,1,0,0,0,1,0,1,0,0,0,0,0,0,0,0,2,0,0,1,1,0,0,0,0,1,1,2,1,0,0,0,0,0,0,1,1,0,0,1,2,0,0,0,0,0,1,0,0,0,0,0,0,0,0,0,0,0,0,0,0,0,0,0,0,0,0,1,1,0,0,0,0,0,0,0,0,1,0,0,0,0,0,0,0,0,0,0,0,0,0,0,0,0,1,0,0,0,1,0,0
S122,A,0,0,0,0,0,0,0,0,0,0,0,0,0,0,1,1,2,1,0,0,1,0,1,0,0,0,0,0,0,0,0,0,0,0,0,0,1,0,2,1,0,0,0,0,0,0,0,0,0,0,0,1,0,0,0,0,0,1,0,0,0,0,0,0,0,1,0,0,0,0,0,0,0,0,0,0,0,0,0,0,0,0,0,2,0,1,0,3,1,1,0,0,0,0,0,0,0,0,0,0,0,0,0,0,0,1,0,1,0,0,1,0,0,1,1,0,0,1,0,0,0,0,0,0,0,0,0,0,0,0,0,1,0,0,0,1,2,2,0,0,1,0,0,0,0,0,0,0,0,0,0,0,0,4,0,0,0,0,1,0,1,0,0,0,0,0,0,0,0,0,0,0,0,0,0,0,1,4,2,0,6,1,1,0,0,0,2,1,0,0,0,1,0,0,1,1,0,0,0,0,0,0,0,0,0,0,0,0,1,0,0,0,0,0,0,0,0,0,0,0,0,0,0,0,0,0,0,0,0,0,0,0,0,1,0,0,0,0,0,1
S123,A,1,10,10,10,20,20,30,20,20,40,20,30,20,20,10,30,20,20,30,20,30,100,30,36,14,20,30,30,21,30,20,20,30,40,20,100,20,24,30,30,15,14,30,7,10,16,21,40,12,15,14,20,21,10,14,10,15,15,20,14,16,20,28,30,40,20,14,20,14,10,30,20,12,30,16,30,28,30,30,14,8,20,12,8,4,20,30,20,7,21,12,10,10,7,7,10,7,20,30,21,15,18,40,30,21,15,20,21,20,30,28,30,20,20,14,20,7,20,7,14,18,20,14,14,15,25,20,30,10,14,20,12,20,8,20,9,20,14,9,14,10,40,110,30,15,14,20,14,8,50,20,9,14,14,14,70,30,30,56,50,16,20,14,14,30,14,14,30,14,16,30,30,18,12,30,20,30,20,10,8,20,14,16,21,10,20,20,20,30,20,21,20,8,30,14,30,10,12,30,20,20,10,20,20,10,14,20,12,55,20,28,20,9,10,21,15,4,10,20,14,14,40,10,14,20,12,30,20,14,16,30,15,30,20,20,30,10,28,20,20
S124,B,0,0,0,0,0,0,0,0,0,0,0,0,1,20,0,1,3,0,0,0,0,0,1,0,0,0,1,0,0,0,0,0,0,0,0,0,0,0,2,1,0,0,0,0,0,0,0,0,0,0,0,0,1,0,0,0,0,0,0,0,0,0,0,0,0,0,0,0,0,1,0,0,0,0,0,0,0,0,0,0,0,0,1,1,1,0,0,0,0,0,1,0,0,0,0,0,0,0,0,0,0,0,0,0,0,0,0,1,0,0,3,0,0,0,0,0,0,0,1,0,0,0,0,0,0,0,0,0,0,0,0,0,0,0,0,0,7,2,0,0,0,0,0,0,0,0,0,0,0,0,0,0,0,1,1,0,0,0,1,0,0,0,0,0,0,0,0,0,0,0,0,0,0,0,0,0,0,0,1,1,2,1,0,0,0,0,0,0,0,0,1,0,0,0,0,0,0,0,1,0,0,1,0,0,0,0,0,0,0,0,0,0,0,0,0,0,0,0,0,0,0,0,0,0,0,0,0,0,1,0,0,0,0,0,0,0,0,0,0,0
S125,B,0,0,0,50,0,0,50,1,1,0,0,1,0,0,0,0,0,1,0,0,1,0,0,0,1,0,1,0,0,0,50,0,0,0,0,0,1,0,0,0,0,0,1,0,1,0,0,0,0,0,1,0,0,0,0,0,0,0,0,1,0,0,0,0,0,0,0,0,0,0,0,0,0,0,0,0,0,0,0,0,0,0,0,0,0,1,0,1,3,0,0,0,0,0,0,1,1,0,0,1,0,0,0,0,1,0,1,3,0,0,1,0,0,0,1,0,1,0,0,0,0,0,0,0,0,0,0,0,0,1,0,0,0,0,1,0,6,3,0,0,0,1,0,0,0,0,0,1,0,0,0,1,0,1,2,7,7,1,0,0,1,0,0,0,0,0,0,0,1,0,0,0,1,0,0,1,0,0,2,0,1,2,0,0,0,1,3,1,0,0,1,0,1,1,0,0,0,0,0,0,0,0,1,0,0,0,1,0,1,0,1,0,0,0,0,0,1,0,1,0,0,0,0,0,0,0,0,0,0,0,0,0,0,0,1,0,0,0,0,0
S126,C,4,0,0,0,0,0,0,0,0,10,10,10,2000,20,40,40,40,90,160,20,10,0,0,0,0,0,0,0,0,0,0,0,0,1,0,1,0,3,8,0,0,7,0,5600,0,0,0,0,0,0,0,0,0,0,0,0,0,1,0,0,0,0,0,0,0,3,0,0,0,1,0,0,0,1,0,0,1,0,11000,0,0,10,18,16,1,30,150,110,133,70,56,35,60,4326,0,0,0,0,0,0,0,0,0,0,0,495,200,224,530,220,504,690,600,460,889,50,3,0,0,2,3,0,0,0,0,0,0,0,0,168,860,9000,10,48,580,267,760,847,453,1869,7555,7800,1550,0,0,0,0,0,0,0,0,0,0,357,133,30,1,850,136,960,656,380,462,875,0,0,0,5,1,0,0,0,0,0,0,0,0,9,15,48,3,5,32,77,40,20,10,0,0,0,0,0,0,0,0,0,0,0,0,0,0,3,0,0,0,0,5,4,7500,4,0,0,20,2,0,0,0,0,0,0,0,0,7015,9821,0,0,0,0,0,0,1,0,0,5,0,0,0,0,0,0
S127,A,0,0,1,0,0,0,0,0,1,8,4,1,1,0,1,3,0,0,0,0,0,0,0,0,0,1,0,0,0,0,0,1,0,1,0,1,1,0,0,0,0,0,1,0,1,1,0,0,1,0,0,0,0,0,0,0,0,0,1,0,1,0,0,0,0,0,0,0,0,0,0,0,0,1,0,0,0,1,0,0,0,1,0,0,1,1,0,0,1,1,0,1,0,7,14,20,3,0,10,14,1,0,0,0,0,0,1,0,1,0,0,0,0,0,0,0,0,0,0,1,0,0,4,2,0,0,0,0,0,2,1,0,0,1,1,0,0,0,1,0,0,0,0,1,0,0,0,0,0,0,0,0,0,0,0,1,0,0,0,1,0,1,224,0,0,1,3,2,0,0,0,2,0,0,0,0,1,1,1,2,0,0,0,0,0,0,0,0,0,0,0,0,0,0,0,0,0,0,0,0,1,0,0,1,1,0,0,0,0,0,0,0,0,0,0,1,0,0,0,0,0,1,0,0,0,0,0,1,0,0,0,0,1,0,0,0,0,0,0,0
S128,A,0,0,0,0,1,0,0,0,0,0,0,1,0,0,1,1,1,1,0,1,1,0,1,0,0,0,0,0,0,0,0,0,0,1,0,0,1,0,2,1,0,1,0,0,0,0,0,0,0,0,0,0,0,0,0,0,0,0,1,0,0,0,0,0,0,1,0,1,0,0,0,0,0,0,0,0,0,0,0,0,0,0,0,1,0,3,2,0,2,0,0,1,3,0,0,0,0,0,1,0,0,0,1,0,0,1,1,3,0,3,7,6,1,0,0,0,1,0,0,0,0,0,1,0,0,0,0,0,0,0,1,2,1,1,1,0,1,1,0,1,1,0,0,1,1,0,0,1,0,0,0,0,0,0,1,10,6,1,1,1,4,0,0,0,1,1,0,0,0,0,0,0,0,0,0,0,1,3,3,1,5,1,1,2,1,0,0,0,2,1,0,0,0,0,0,1,0,0,0,0,0,0,0,0,0,0,0,0,1,0,0,0,0,0,0,0,0,0,1,0,0,0,0,0,0,0,0,1,1,0,0,0,0,0,0,0,0,0,0,0
S129,C,70,100,0,0,0,8,1,4,2,2,3,1,6,1,100,1,1,100,100,0,1,4,1,2,42,10,0,0,5,4,2,2,4,100,1,3,1,80,0,0,1,2,1,2,2,0,2,1,32,10,0,0,0,2,1,2,1,2,2,1,3,2,1,150,150,2,1,1,4,2,1,1,28,20,1,0,0,5,3,4,1,1,2,0,1,130,2,7,2,5,1,1,3,3,3,1,28,30,1,0,1,5,1,7,1,2,1,3,0,3,1,2,4,1,0,2,1,2,1,0,90,30,1,0,0,3,1,3,3,1,1,2,1,0,2,1,3,1,1,3,1,2,3,1,35,14,0,0,1,7,2,1,3,0,2,4,3,2,3,3,2,1,1,2,3,4,0,1,49,0,0,0,2,2,1,2,4,1,1,1,3,2,3,2,1,1,1,3,1,2,1,1,52,30,1,0,0,5,1,2,4,3,2,3,1,1,1,2,1,3,0,5,1,1,0,2,28,10,0,0,3,1,0,1,3,1,2,1,1,1,1,1,6,1,1,0,1,3,1,3
S130,A,0,1,0,32,1,0,40,1,0,0,0,4,1,0,0,0,3,1,0,0,0,0,0,0,0,1,0,0,0,0,0,0,0,0,40,30,1,32,40,0,0,0,0,0,0,1,0,0,0,0,0,1,1,0,0,0,0,0,0,0,1,1,0,1,0,1,0,1,1,0,0,0,1,0,0,0,1,0,1,0,1,0,0,2,0,2,3,0,1,0,0,1,1,0,1,0,0,1,1,0,0,1,0,0,0,1,0,2,1,0,3,0,0,0,0,1,0,0,0,1,0,0,0,0,0,0,0,1,0,0,1,0,1,1,0,0,1,1,0,0,0,0,0,0,0,1,1,0,0,0,0,1,0,2,0,1,1,0,4,0,1,0,0,0,0,1,1,0,1,0,0,0,1,1,1,0,2,1,1,1,6,3,0,0,1,1,0,0,0,1,0,0,1,1,1,0,1,0,0,0,0,1,0,0,0,1,1,0,2,1,2,0,1,0,1,1,1,1,0,0,0,0,0,1,1,1,1,0,0,0,0,0,1,0,1,0,1,1,0,0
S131,B,1,530,650,620,620,660,1000,660,690,750,500,530,690,710,760,520,790,660,690,590,370,500,360,504,252,360,390,410,287,480,370,400,410,460,370,410,480,352,450,420,235,322,420,245,370,304,294,490,160,190,301,460,364,260,364,195,240,255,400,336,376,900,322,470,550,490,322,470,308,590,570,540,164,390,176,1010,322,520,400,273,156,360,198,144,78,400,525,360,630,273,132,160,320,266,280,670,350,680,590,497,415,450,550,840,525,315,490,441,780,720,448,630,560,470,441,670,392,570,434,350,414,640,560,609,505,310,750,710,730,511,490,384,700,264,730,198,550,371,195,504,290,520,600,710,310,483,790,399,316,870,730,198,420,490,462,600,570,570,504,730,520,550,399,252,520,434,434,710,343,536,660,740,510,438,570,720,730,770,230,248,630,483,608,357,350,650,570,580,570,510,378,630,212,640,322,600,380,516,700,420,770,650,660,660,320,448,590,378,275,710,504,900,190,205,280,270,164,510,760,399,462,890,375,392,780,330,640,740,497,680,520,305,590,350,570,710,340,420,590,660
S132,A,0,1,1,0,0,0,0,0,0,1,0,0,0,0,0,1,1,0,0,0,0,1,0,0,0,0,0,0,0,0,0,0,0,0,1,0,0,0,1,0,0,0,0,0,0,1,0,0,0,0,0,0,0,0,0,0,0,0,0,0,0,0,0,0,0,1,0,0,0,0,1,0,0,0,0,0,0,1,0,0,1,0,0,2,0,0,2,1,3,1,0,1,0,0,0,0,0,1,0,0,0,0,0,0,0,0,1,0,0,0,2,1,0,0,0,0,1,1,0,0,0,0,0,0,0,0,0,0,0,0,0,1,0,0,0,1,1,1,0,0,1,0,0,1,0,0,0,0,0,0,0,0,0,3,0,0,1,1,3,0,1,0,0,1,0,1,0,0,0,0,0,0,0,0,0,1,0,1,3,0,4,2,0,0,0,0,2,0,0,0,0,0,0,0,0,0,0,0,0,0,0,0,1,0,0,0,0,0,3,0,0,0,0,0,0,0,0,1,0,0,1,0,0,0,0,0,0,0,0,0,0,0,1,0,0,0,0,0,0,1
S133,C,0,0,0,0,0,0,0,0,0,0,0,1,0,0,1,1,1,1,0,0,0,0,0,0,0,0,0,0,0,0,0,0,0,0,0,0,1,0,6,0,0,0,0,0,0,1,0,0,0,0,0,0,0,0,0,0,0,0,0,0,0,0,0,0,0,2,0,0,0,0,0,0,0,0,0,0,0,0,0,0,0,0,0,1,1,0,0,0,2,0,0,0,0,0,0,0,0,0,0,0,0,0,0,0,0,0,4,3,0,0,1,0,0,0,0,0,0,0,0,0,0,0,0,0,0,0,0,0,0,0,0,0,0,0,0,0,4,1,0,0,0,0,0,0,0,1,0,0,0,0,0,0,0,3,0,0,2,1,0,1,0,0,0,0,1,0,0,0,0,0,0,0,0,1,0,0,0,6,1,2,5,0,0,0,0,0,0,0,0,1,0,0,0,0,0,0,0,0,0,0,0,0,0,0,0,0,0,0,1,0,0,0,0,0,0,0,0,0,0,0,0,0,0,0,0,0,0,0,0,0,0,0,0,0,0,0,0,0,0,0
S134,B,0,0,0,0,0,1,0,1,0,0,0,1,0,0,0,0,1,0,0,0,0,1,1,2,0,0,0,0,0,0,1,0,0,1,0,3,0,1,0,0,0,1,0,0,1,0,0,0,0,0,1,0,0,0,0,0,1,3,0,0,0,0,0,1,0,1,1,1,0,0,0,0,0,0,0,0,1,0,0,0,0,0,1,0,0,0,0,0,0,0,0,0,1,3,0,0,1,0,0,0,0,0,0,1,1,0,0,0,0,0,1,1,0,0,0,0,0,0,0,2,0,0,0,0,0,0,0,0,430,2,2,0,1,1,0,0,5,0,0,0,0,1,0,0,0,0,0,0,0,0,0,1,0,2,3,1,0,0,1,0,1,0,0,0,0,0,1,0,0,0,1,0,0,0,0,1,3,1,1,0,0,0,2,0,1,0,1,0,0,0,1,0,1,0,0,0,0,0,0,0,0,0,1,0,1,0,1,1,0,0,0,0,0,0,1,1,0,0,0,0,0,1,0,0,0,0,0,0,0,0,1,1,0,1,0,0,0,0,0,1
S135,C,0,0,0,0,0,0,0,0,1,0,4,0,0,0,0,0,0,10,0,0,0,0,1,0,0,0,0,0,0,0,0,0,0,0,0,0,0,0,0,0,0,0,0,0,0,0,0,0,0,0,0,0,0,0,1,0,0,0,0,0,1,0,1,0,0,0,1,0,0,0,0,0,0,0,0,0,0,0,0,0,0,0,0,0,0,0,0,1,0,0,0,0,0,0,0,0,0,0,0,0,0,0,0,0,0,0,0,0,0,1,0,0,0,0,0,0,0,0,1,0,0,0,0,1,0,0,0,0,0,0,10,0,0,0,0,0,0,0,0,0,0,0,1,0,0,0,0,0,0,0,1,0,0,1,0,0,0,0,0,1,0,0,0,0,0,0,0,0,0,0,0,0,0,0,0,0,0,0,0,0,0,0,0,0,0,0,0,0,0,0,0,0,0,40,0,0,0,0,0,0,0,0,0,0,0,0,0,0,0,0,0,0,0,0,1,0,0,0,0,0,0,0,0,0,0,0,0,0,0,0,0,1,0,1,0,0,0,0,0,0
S136,C,0,0,1,0,0,0,0,0,0,0,0,0,0,0,1,1,1,0,0,0,0,0,0,0,0,0,1,0,0,0,1,0,1,0,0,0,0,0,0,0,1,0,1,0,0,0,0,0,0,0,1,0,0,0,0,0,1,0,0,0,0,0,0,0,0,0,0,0,0,0,0,0,1,0,0,0,0,0,0,1,0,0,0,1,0,0,2,0,0,0,0,1,1,0,0,0,0,0,0,0,0,0,0,1,0,0,2,0,0,0,0,0,0,1,0,0,0,0,1,1,2,0,0,0,0,0,0,0,0,1,0,0,0,0,6,1,0,1,0,0,0,1,0,1,0,0,0,0,0,0,0,0,0,1,0,0,0,0,1,400,320,0,1,1,0,0,1,0,0,1,0,0,0,0,0,0,0,1,2,0,0,0,4,3,0,0,0,0,0,1,0,0,0,0,0,0,0,0,0,1,0,0,0,0,0,0,0,0,0,0,0,0,0,0,0,0,0,0,0,0,0,1,0,0,0,0,0,0,0,0,0,0,0,0,0,0,0,0,0,0
S137,B,0,1,1,60,0,0,0,0,0,3,1,50,1,0,0,3,0,1,0,0,1,0,0,2,0,1,0,0,0,0,0,1,0,0,50,0,1,0,2,0,0,0,1,0,0,0,1,0,0,0,1,0,0,0,0,0,0,0,0,1,0,1,1,0,0,55,0,1,0,1,0,1,1,0,0,0,1,1,0,0,0,1,0,0,0,0,0,1,3,1,0,0,0,0,560,0,0,0,0,0,1,1,0,780,0,1,0,1,0,0,525,1,0,0,0,0,1,1,0,0,0,0,0,1,0,0,1,0,0,1,1,0,0,0,1,2,0,0,1,1,1,0,0,1,0,0,0,0,0,0,0,0,1,1,1,0,0,0,3,0,0,0,1,0,0,0,0,0,0,0,1,1,0,0,0,400,1,1,0,1,0,0,1,1,1,0,1,0,0,0,0,1,1,0,0,1,0,0,0,0,0,1,0,0,1,0,0,0,1,0,0,1,0,1,0,0,0,0,0,0,0,0,0,0,0,0,0,0,543,0,0,1,1,0,780,780,0,1,1,1
S138,B,2,1,1,0,6,1,1,1,2,0,1,1,3,1,6,1,3,1,1,1,1,1,1,0,2,1,3,0,3,0,2,0,1,0,3,0,4,1,4,0,1,0,0,1,0,0,1,1,1,0,2,0,3,0,1,1,2,0,1,2,4,0,2,0,4,1,3,1,2,0,3,0,1,0,2,0,2,0,2,0,2,1,2,0,1,0,6,2,3,0,2,0,3,0,1,0,1,1,4,0,3,0,870,1,3,2,3,0,1,0,4,3,6,0,1,0,3,0,2,1,3,1,1,0,2,0,1,0,1,1,2,1,2,0,7,0,2,0,1,2,1,2,5,0,2,0,4,1,2,0,2,1,2,0,2,0,1,2,1,0,2,1,1,1,1,0,2,0,3,1,6,1,2,0,2,0,7,0,1,0,2,1,4,0,1,1,2,0,4,0,2,1,2,0,3,0,2,0,2,0,2,0,1,0,1,0,0,0,2,0,3,3,1,0,2,0,0,0,2,1,0,0,1,0,4,0,2,1,560,1,4,0,1,335,3,0,1,0,1,0
S139,B,6390,0,7020,0,4,10,9,10,20,9,20,10,20,10,20,9,20,3,10,3,10,10,10,9,4599,0,8550,0,3,30,10,10,20,10,10,10,10,8,10,6,5,6,20,7,10,4,7,10,4080,1,4816,1,5,10,7,15,15,2,10,7,16,10,7,8,20,9,7,800,7,10,20,10,3840,0,2984,0,1,20,10,7,12,10,6,2,4,8,15,3,7,7070,8,4,10,7,7,9,4074,0,4860,1,1,6,20,20,7,5,10,5,10,7,14,7,20,8,7,8,7,3,7,5,5796,0,6727,0,1,5,10,10,20,7,10,1,7,2,20,3,10,7,6,3,5,5,10,7,3585,0,7620,5334,3,20,20,6,14,3,5,5,10,10,7,9,8,3,7,7,7,7,7,4,3654,0,5570,0,2,12,20,9,20,10,5,4,10,5,16,7,5,8,10,3,4,3,14,5,3664,0,3192,0,2,6,20,20,8000,6,10,10,5,6,10,5,5,10,7,10,10,5,7,2,3700,0,7930,0,3,20,10,7,30,6,10,8,7,8,20,2,10,3,10,5,5,7,8,3
S140,B,9,0,0,0,15680,3,1,6000,5,2,6,4,9,5,10,2,20,4,8,2,1,6,6,4,6720,0,6,0,11634,9,9,2,10,3,7,2,10,1,7,4,4,2,6,1,6,1,5,2,7464,0,2,1,14903,2,6,1,9000,1,3,3,4,2,7000,1,7,1,6,1,7140,5,10,1,7148,0,3,0,10500,7,3,3,4,2,6,1,1,5,15,4,6,3,4,3,4,1,5,2,7224,0,5,0,9265,5,9,9,14000,10000,5,3,3,1,2,10,8,4,7,1,2,2,7,1,10800,0,4,0,10185,3,3,3,8,4,5,1,5,2,10,2,5,3,2,4,4,1,1,2,6590,0,3,0,6892,7,10,4500,7,1,7,1,3,7,5,2,4,1,3,14000,4,3,3,2,6867,0,1,0,10404,3,9,10,10,2,10000,1,9,3,6,3,2,2,6,5,4,1,4,3,5980,0,1,0,8045,6,9,4,10,1,6,1,10000,1,6,12000,2,4,3,4,4,2,4,1,6240,0,1,0,10402,10,3,4,10,2,5,4,4,5,10,4,7,1,3,2,3,3,1,4
S141,B,3,1,1,0,3,1,2,0,2,0,3,0,1,0,2,0,3,0,1,0,6,1,4,0,1,0,1,0,2,0,5,1,1,0,4,0,1,0,1,0,2,0,3,0,2,0,1,0,1,0,0,0,1,0,1,0,1,0,2,0,2,0,3,0,5,1,1,0,2,0,1,0,2,0,1,1,2,0,1,0,1,0,1,0,1,0,0,0,0,0,1,0,1,0,1,0,2,0,2,1,1,0,4,0,1,0,4,0,2,0,0,0,1,0,3,0,2,0,1,0,1,0,3,0,1,1,1,0,3,0,4,0,3,3,9,0,3,0,2,0,1,0,1,0,3,0,2,0,2,0,1,0,3,5,3,0,1,1,4,0,8,0,5,1,4,0,5,0,3,0,5,0,3,0,5,0,2,0,3,1,10,0,6,0,1,1,5,0,1,0,2,0,2,0,3,0,1,0,2,0,1,0,5,0,1,0,3,0,1,0,3,0,0,0,3,0,1,0,6,0,4,0,2,0,2,0,2,0,1,0,1,0,3,1,1,0,1,0,2,0
S142,B,0,1,0,0,0,0,40,1,0,0,0,0,0,0,0,0,0,1,0,1,0,0,0,0,0,0,0,0,0,0,0,0,0,1,0,30,0,0,0,0,0,0,0,0,0,1,0,0,0,0,0,0,0,0,0,0,0,0,40,0,1,0,0,0,0,0,0,0,0,0,0,0,0,0,0,0,0,0,0,0,1,0,1,0,0,0,0,10,0,0,0,1,1,1,1,0,0,0,0,0,0,0,0,0,0,0,0,28,0,0,0,0,0,0,0,0,0,0,0,0,0,1,0,0,0,0,0,0,1,1,0,0,0,0,0,0,1,0,0,0,0,1,0,1,0,0,0,0,0,0,0,0,1,0,7,0,0,0,0,0,0,0,1,0,0,1,0,1,0,0,0,0,1,0,0,0,0,0,0,1,0,0,1,7,5,1,0,0,10,0,2,0,0,0,0,0,0,0,0,1,0,0,0,0,0,0,0,0,0,1,0,1,0,0,0,0,0,0,0,0,1,0,0,1,0,1,0,1,0,0,0,0,0,0,0,1,0,1,0,0
S143,A,10,630,30,420,250,550,30,590,40,600,200,490,310,540,500,610,240,490,200,470,220,440,40,780,63,450,260,360,77,770,70,340,240,580,190,520,70,608,50,350,130,329,470,413,2000,312,105,450,88,220,42,640,35,345,105,345,25,355,30,378,168,580,203,500,30,790,35,660,210,620,140,910,28,670,56,390,161,470,30,455,32,380,78,168,30,590,120,750,1057,287,100,225,2010,581,14,490,140,440,230,406,20,468,120,660,168,245,50,581,50,560,70,440,320,360,70,2500,56,440,308,364,72,510,14,469,50,285,230,560,170,434,80,252,390,168,150,45,510,126,117,35,305,30,2500,290,220,84,600,70,304,60,390,69,343,14,448,100,550,230,528,130,584,230,406,49,330,182,280,30,469,32,670,160,270,66,600,60,880,30,200,104,460,98,456,28,255,150,510,540,370,30,385,30,164,150,238,30,235,6,710,120,440,190,530,10,375,49,620,138,270,90,399,90,2520,55,1750,135,232,50,670,28,329,70,295,210,480,36,600,40,294,152,350,20,510,55,580,40,140,119,360,20
S144,A,0,0,0,0,0,0,0,0,0,0,0,0,0,20,0,0,0,0,0,0,0,0,0,0,0,0,0,0,0,0,1,0,1,0,0,0,0,0,0,0,0,0,0,0,0,0,0,0,0,0,0,0,0,0,0,0,0,0,0,0,0,0,0,1,0,0,0,0,0,0,0,0,0,0,0,0,0,1,0,0,1,0,0,1,1,0,2,0,0,0,0,0,0,0,1,0,0,0,0,1,0,0,0,0,0,0,0,0,0,0,0,0,0,0,0,0,0,0,0,0,0,0,0,0,0,0,0,0,0,0,0,0,0,0,0,0,0,0,0,0,0,0,0,1,0,0,0,0,0,0,0,0,0,0,0,0,0,0,0,0,0,1,0,0,0,0,0,0,0,0,0,0,1,0,0,0,0,0,0,0,0,0,1,0,0,0,0,0,0,0,0,0,1,0,0,0,0,0,0,0,0,0,0,0,0,0,0,12,3,0,0,0,0,0,0,0,0,0,1,0,0,0,0,0,0,0,0,0,0,0,0,0,0,0,0,0,0,1,0,0
S145,A,0,0,0,0,1,0,0,0,0,0,0,0,1,0,0,0,3,1,1,0,0,0,0,0,0,0,0,1,0,0,0,0,0,0,0,0,0,0,0,1,0,0,0,1,1,0,0,0,1,0,0,0,0,0,0,1,1,1,0,1,0,0,0,0,1,1,1,0,1,0,1,0,0,0,1,0,0,0,0,0,0,0,0,2,0,1,0,0,1,1,1,0,1,0,1,0,0,1,0,1,0,0,0,0,0,0,1,1,0,0,3,0,1,0,0,0,0,0,1,0,0,0,0,0,1,0,700,0,0,0,0,0,1,0,0,1,7,1,1,0,1,0,1,0,1,0,0,0,0,0,0,0,0,3,0,0,1,0,4,500,0,1,0,0,0,0,0,1,1,0,0,1,0,1,0,0,1,1,2,1,9,2,0,0,0,0,1,0,0,1,0,1,0,0,0,0,0,0,0,0,0,600,1,0,0,1,0,0,1,0,1,1,650,0,0,0,0,0,0,0,0,1,1,0,0,0,0,0,0,0,0,0,0,1,0,0,0,0,1,0
S146,B,0,0,1,1,1,55,55,1,0,1,10,1,1,1,65,2,1,2,1,0,0,1,1,0,1,1,3,0,1,0,1,1,1,1,65,0,1,0,1,0,0,3,0,0,1,1,1,1,1,1,1,0,1,1,1,1,1,1,60,1,1,2,1,2,1,1,1,4,1,1,0,2,1,1,0,0,1,1,1,1,0,0,1,0,1,2,0,60,7,1,1,1,0,1,1,1,1,0,0,1,1,1,1,2,0,1,2,0,1,0,1,1,1,0,1,2,1,0,2,1,1,2,1,1,0,0,120,1,1,1,1,0,2,1,1,18,1,2,1,1,0,1,1,2,1,0,1,1,1,2,0,1,1,2,1,0,1,1,1,1,1,1,1,1,0,1,1,0,3,1,0,0,1,1,0,2,0,1,1,1,1,0,1,2,1,1,0,0,2,1,1,2,1,3,1,1,1,2,1,1,0,1,0,3,1,2,1,2,1,1,2,1,5,2,1,1,1,1,1,1,2,0,1,1,2,0,0,1,2,2,0,1,1,1,0,2,2,2,1,2
S147,B,0,0,0,0,0,0,0,0,0,0,0,0,0,0,0,0,0,0,1,0,0,0,0,0,0,0,0,0,0,0,0,0,0,0,0,0,1,0,0,0,0,0,0,0,50,0,0,0,0,0,0,0,0,0,0,0,0,1,0,0,0,0,1,0,0,0,0,0,0,0,0,1,0,0,0,0,0,0,0,0,0,0,18,0,0,1,0,0,0,0,0,0,0,0,0,0,0,0,0,0,0,0,0,0,0,30,0,0,0,0,0,0,0,0,0,0,0,0,0,0,0,0,0,0,0,0,0,0,0,0,0,0,0,0,0,0,0,0,1,0,0,0,0,0,0,1,1,0,0,0,0,0,0,0,0,0,1,0,0,0,0,0,0,0,0,0,0,0,0,0,0,1,0,0,0,0,0,0,0,0,1,0,0,1,0,1,0,0,0,0,0,0,0,1,0,0,0,0,0,0,0,0,0,1,0,0,0,0,0,0,0,0,0,0,1,0,0,0,0,0,0,0,0,0,0,0,0,0,0,0,0,0,0,0,0,0,0,0,0,0
S148,A,0,0,1,0,0,0,0,0,0,1,1,0,0,0,0,0,0,0,3,1,0,0,0,0,0,1,0,1,0,0,0,0,1,1,150,100,0,80,1,0,0,88,0,1,0,96,0,0,0,0,1,126,0,1,0,1,1,5,0,0,1,1,1,100,0,0,70,1,0,0,0,1,0,0,0,1,0,0,0,0,0,0,0,0,1,0,0,0,0,1,0,1,0,2,0,0,0,0,1,0,1,0,0,0,0,0,0,0,1,1,0,3,2,0,1,0,0,0,1,3,0,0,0,0,0,0,0,1,0,3,2,0,0,1,1,0,5,0,0,0,1,4,0,0,0,0,0,0,0,0,0,0,1,1,1,2,0,0,1,0,0,1,0,0,0,0,1,0,0,1,0,0,0,0,0,1,1,0,1,0,0,0,2,0,1,0,0,3,1,0,0,0,1,0,1,0,0,1,0,0,1,1,0,0,1,1,0,1,0,0,0,0,1,0,0,0,0,0,0,1,0,1,0,1,0,0,0,0,0,0,0,0,0,2,0,1,0,0,0,0
S149,C,0,0,0,0,0,0,0,0,1,0,2,0,3,0,8,1,2,2,0,1,2,3,0,0,1,0,0,0,0,0,0,1,1,0,0,0,0,4,1,0,0,6,1,0,3,8,1,0,0,0,0,0,0,0,0,0,0,0,0,0,0,4,1,1,10,1,2,2,3,2,1,0,0,0,0,0,0,0,0,0,0,0,0,1,1,1,2,1,0,0,2,0,2,0,0,0,0,1,0,1,0,0,0,0,0,1,0,0,0,0,0,0,0,0,0,1,0,0,1,0,0,7,0,0,0,0,0,0,3,1,2,1,0,0,0,1,3,1,0,0,2,0,0,0,1,0,0,0,0,0,0,0,0,0,0,1,0,1,1,5,0,0,0,3,5,0,0,0,0,0,0,0,0,0,0,0,0,0,3,0,0,1,2,3,0,2,1,2,1,0,0,0,0,0,0,1,0,0,0,0,0,0,0,0,0,0,0,0,5,1,1,3,5,0,0,1,0,0,0,0,0,0,0,0,0,0,0,0,0,1,2,0,2,4,1,4,4,2,0,0
S150,A,3,6,3,8,5,550,2,5,7,6,4,560,7,500,8,5,1,1,4,5,3,255,5,6,5,9,3,2,4,9,4,4,500,4,7,500,7,400,1,3,2,2,5,3,2,4,7,3,1,2,2,5,5,3,1,2,5,3,3,3,4,5,3,6,7,5,5,11,5,8,2,3,2,1,2,2,3,8,3,1,3,4,1,1,1,4,3,2,7,3,2,1,5,1,3,7,3,10,6,5,3,3,9,7,3,2,10,3,5,11,5,7,7,2,3,8,3,3,3,4,3,11,3,4,2,2,5,8,7,6,6,6,9,2,4,3,5,3,2,5,4,4,9,3,4,5,5,5,1,6,1,3,4,2,3,3,4,5,3,4,5,1,3,3,6,5,4,4,3,6,1,6,3,5,500,6,6,5,5,3,5,4,4,3,1,7,3,6,4,1,3,5,2,5,2,1,2,4,3,3,2,8,5,4,2,3,3,6,4,4,7,3,1,1,392,2,4,2,1,3,1,7,4,3,1,3,4,1,3,3,1,3,3,1,1,1,1,3,1,3
S151,C,140,550,640,610,720,660,620,610,720,610,730,610,870,760,870,780,920,680,660,610,680,690,740,780,462,560,670,650,567,700,630,7100,870,750,760,740,880,592,2120,720,375,476,630,385,670,520,3570,700,320,275,504,740,511,380,532,310,360,375,680,483,688,710,595,770,910,780,574,760,553,770,1010,870,316,650,308,520,609,820,670,427,284,680,11250,8504,1460,600,960,1500,511,420,268,10500,590,399,476,650,462,560,700,455,420,456,740,580,441,270,560,469,510,420,322,380,450,400,329,400,301,360,280,308,264,470,371,329,330,295,480,440,470,14000,400,228,620,232,680,207,670,364,219,420,320,530,660,580,355,350,670,434,324,710,620,165,427,427,385,530,630,520,520,490,440,430,322,301,500,336,441,620,441,408,690,610,504,390,630,600,720,600,280,228,560,399,616,406,290,550,630,550,560,460,420,510,184,290,252,330,235,240,400,330,340,330,440,510,285,357,620,330,305,580,497,650,280,240,420,270,252,450,630,364,490,670,320,406,640,342,620,610,420,488,720,10505,640,250,600,510,290,357,550,540
S152,A,8,0,2,0,1,1,0,0,2,0,2,1,5,0,7,0,4,0,1,0,1,1,3,2,2,0,0,0,4,0,4,0,6,0,3,0,2,0,1,0,1,0,2,0,2,0,2,1,1,0,5,1,1,0,4,0,2,0,2,0,4,0,1,0,5,1,4,0,2,0,8,1,2,1,1,0,3,0,1,0,1,1,1,1,0,0,5,0,5,2,2,0,1,0,3,0,3,0,6,0,1,0,1,0,2,1,3,1,0,0,1,11,2,0,1,0,1,0,1,0,1,0,1,0,3,0,4,0,1,0,4,1,1,0,7,0,2,0,1,1,1,0,2,0,1,0,7,0,1,1,1,0,3,0,1,0,4,0,3,1,2,0,0,0,1,0,4,0,4,0,1,1,2,0,2,0,3,0,4,0,3,0,5,0,1,0,1,0,1,0,1,0,2,0,2,0,2,0,3,0,2,1,3,0,2,0,2,1,2,0,1,0,1,0,1,0,1,1,2,0,3,0,1,0,1,0,0,0,3,0,7,0,2,0,2,0,2,0,3,0
S153,B,0,130,0,180,1,0,0,0,0,1,0,0,0,0,0,0,0,0,0,0,0,0,0,2,0,1,0,0,0,0,160,0,0,0,300,0,0,0,0,200,0,0,0,0,0,0,0,0,0,0,0,211,1,0,0,0,0,0,0,1,0,0,1,150,0,0,105,0,0,0,0,1,0,0,0,0,0,0,0,0,0,0,1,0,0,1,0,0,0,0,0,0,0,0,0,0,0,1,0,0,0,0,0,0,0,1,0,0,250,1,0,0,0,0,1,0,1,0,0,0,0,0,0,0,0,0,0,1,0,1,0,0,1,0,0,1,0,0,45,0,1,0,0,0,1,0,0,0,0,0,0,0,0,0,0,0,1,0,0,0,0,4,0,0,230,0,0,0,0,0,0,0,0,0,250,250,0,0,2,0,0,0,0,1,1,2,2,1,0,1,0,1,1,0,1,1,0,0,0,0,0,1,0,1,0,0,0,1,0,0,1,0,0,0,0,0,0,1,0,0,0,0,0,1,0,0,0,0,0,1,0,0,1,0,0,0,1,0,0,0
S154,A,400,0,0,540,0,0,0,0,1,0,0,0,1,0,0,0,1,0,0,0,0,0,0,0,0,0,0,0,0,0,0,0,0,0,0,0,0,408,0,0,0,0,0,0,0,0,0,0,0,1,0,0,0,0,0,0,0,0,0,0,0,0,1,0,0,0,0,0,0,0,0,0,0,1,0,0,0,0,0,0,0,0,1,0,0,0,0,0,0,0,0,0,0,1,0,0,1,0,0,0,1,0,0,1,0,0,0,1,0,0,0,0,0,0,0,1,0,0,1,0,0,0,0,0,1,0,0,0,500,0,0,1,0,0,0,0,0,1,0,1,0,0,1,1,0,0,1,0,0,0,540,0,0,1,0,1,0,0,0,0,0,0,0,0,3,7,5,4,1,1,1,1,2,1,2,2,3,4,5,8,20,7,24,42,45,150,180,330,420,360,119,80,12,20,7,10,5,12,40,60,80,100,120,140,65,84,130,84,90,180,140,360,300,135,112,40,16,10,20,7,7,20,20,42,90,54,110,160,84,120,140,65,180,80,240,270,140,203,150,80
S155,A,0,0,0,52,0,0,0,0,0,1,0,1,0,0,0,0,0,0,0,0,0,0,1,0,0,0,0,0,1,0,1,0,0,0,0,50,0,0,50,1,25,35,0,0,0,0,0,0,0,0,0,0,1,1,0,0,1,0,0,0,1,0,0,0,0,1,0,0,0,0,0,0,0,0,0,0,1,0,0,0,0,0,1,0,0,0,0,1,1,1,0,0,0,0,0,0,1,0,0,0,1,0,0,0,4,0,0,0,0,0,0,1,2,1,0,0,0,0,0,0,0,0,0,0,1,1,0,0,1,1,0,1,100,0,1,0,0,1,0,1,0,0,1,0,0,0,0,0,0,0,1,0,1,0,0,0,0,1,0,0,1,0,0,0,0,0,0,0,0,0,1,0,0,0,0,0,3,0,0,0,1,0,7,1,0,1,1,0,0,0,0,1,0,1,0,0,0,0,0,0,0,1,0,0,0,1,0,0,1,0,0,0,0,0,0,0,0,0,0,0,0,0,0,0,0,0,0,0,0,0,0,0,1,0,0,0,0,0,0,0
S156,A,0,0,0,0,0,0,0,0,0,0,0,2,1,0,0,0,4,1,0,0,0,1,0,0,0,1,0,0,0,0,0,0,0,0,0,0,0,1,3,2,0,1,0,0,0,0,0,0,0,0,0,1,0,0,0,0,0,0,0,0,0,0,1,0,1,0,0,0,0,0,0,0,0,0,0,0,1,1,0,0,0,0,0,1,0,1,0,2,0,0,1,0,0,0,0,0,0,0,0,1,0,0,0,0,0,0,0,1,0,0,1,1,0,0,0,0,1,0,0,1,1,0,0,0,0,0,0,1,0,0,0,0,0,1,1,1,1,4,0,0,0,0,0,0,0,0,0,0,1,0,200,0,0,1,0,0,0,1,0,0,0,0,0,0,0,0,0,0,1,0,0,0,1,0,0,0,0,0,0,0,1,1,0,1,0,0,0,0,0,0,0,0,0,0,0,0,0,0,0,0,0,0,1,1,0,0,1,0,0,0,0,0,0,1,0,0,1,0,0,0,0,0,0,0,0,0,0,0,0,0,1,0,0,0,0,0,0,0,0,1
S157,A,0,0,0,0,0,0,1,0,3,0,2,1,4,0,5,0,4,0,0,0,3,0,3,0,3,0,1,0,3,0,1,0,5,0,2,0,4,0,5,0,1,0,1,0,2,0,2,0,1,0,3,1,2,0,5,0,0,0,1,0,6,0,4,0,7,1,3,0,0,1,4,0,2,0,1,0,3,0,1,2191,1,1,1,0,1,0,3,0,2107,0,2,0,1,0,1,0,1,1,3,0,1,0,3,0,1,1,0,1,2,0,1,3000,5,0,1,0,2,0,1,0,3,1,3,2170,3,0,1,0,1,0,2,2,2,1,7,1,3,0,1,1,3,0,4,0,2,0,1,0,2,0,2,0,1,0,3,0,3000,0,3,0,1,0,3,0,3,2100,1,0,2,2400,0,0,2,0,4,0,4,0,2,0,1,0,4,0,2,1,1,0,1,0,3,0,1,0,3,0,1,0,3,0,0,0,1,0,1,1925,1,0,1,0,1,3000,1,0,2,0,1,0,3,0,1,0,0,0,2,1800,2,0,3,0,4,0,1,0,3000,0,1,0,1,0
S158,A,0,0,0,0,0,0,1,0,0,0,0,0,0,0,0,1,4,1,0,0,0,0,1,0,0,0,0,0,0,0,0,0,0,0,1,0,0,0,1,1,1,0,0,0,0,1,0,0,0,0,0,0,0,0,0,1,0,0,0,0,0,1,1,1,0,0,0,0,0,0,0,0,0,0,0,0,0,1,0,0,0,1,0,2,0,0,0,0,1,1,1,0,2,1,0,0,0,0,0,0,0,0,1500,0,0,0,0,1,0,0,1,0,0,0,0,0,0,0,1,1,0,0,0,0,0,0,0,0,0,0,0,0,0,0,0,0,3,1,0,0,0,0,0,0,0,0,0,1,0,0,1500,0,0,1050,0,0,0,0,0,0,0,0,0,0,0,0,0,0,1,1,0,0,0,0,0,0,1400,1,1,1,4,0,0,0,1,0,1,0,0,1,0,0,0,0,0,0,0,0,0,0,1,0,0,0,0,0,1400,0,1,0,0,0,0,1,0,0,0,1,0,0,0,0,0,0,0,0,0,0,0,0,0,0,1400,0,1400,0,1,1,0,0
S159,A,0,0,0,0,0,0,30,0,1,1,0,0,0,0,1,0,1,0,1,0,0,0,0,0,0,0,0,1,1,0,0,0,0,1,0,0,0,0,20,30,2,3,0,0,0,0,1,0,0,0,0,0,1,0,1,0,0,1,0,0,0,0,1,1,0,1,0,0,0,0,0,0,0,0,0,0,0,0,0,0,0,0,2,2,1,5,2,0,0,1,0,1,1,0,0,0,0,0,0,0,0,1,0,1,0,0,2,1,0,1,21,10,0,1,0,1,1,2,0,0,0,0,0,0,0,0,1,0,0,0,0,1,1,0,5,1,7,1,0,1,1,0,0,1,1,1,1,1,0,0,0,0,0,1,0,4,3,1,3,2,1,1,0,0,1,0,0,1,1,0,1,0,0,1,0,1,3,4,2,1,8,4,0,0,1,0,2,0,2,1,0,0,0,0,0,1,0,0,0,0,0,0,0,0,0,0,0,0,1,0,0,0,0,0,0,0,0,0,0,1,0,0,0,0,0,0,1,0,0,0,0,0,0,0,0,0,0,0,1,0
S160,C,0,0,0,0,0,0,0,0,0,1,1,0,0,0,1,0,0,0,0,0,1,0,0,0,0,1,0,1,0,0,0,0,0,1,1,3,0,2,1,1,0,0,0,1,0,1,0,0,0,1,0,0,0,0,0,0,0,3,1,0,0,0,0,0,0,0,0,0,0,0,0,1,0,1,0,0,0,1,1,0,0,1,0,0,0,0,0,0,0,0,0,1,1,1,0,0,0,1,1,0,1,0,0,5000,0,0,5000,3500,0,0,0,1,0,0,1,4000,0,0,0,2814,1,0,0,0,0,0,0,0,0,5,1,0,0,1,0,1,5000,1,0,0,0,1,0,1,0,0,0,0,0,0,0,0,0,2,3,0,0,1,1,0,3200,4000,0,0,0,2450,0,1,0,2400,0,3000,0,0,0,0,1,0,1,0,0,0,1,2800,0,1,4000,1,0,0,0,0,0,0,0,0,0,0,0,0,0,0,0,0,0,0,0,0,0,0,0,0,0,0,0,0,1,0,0,0,0,0,1,0,0,0,0,0,0,3640,0,0,4550,0,0,1,0,1,1,0
S161,C,0,0,0,0,0,1,0,0,0,0,0,0,0,0,1,0,0,3,0,1,0,0,0,0,0,0,0,0,0,0,0,1,0,1,0,1,0,1,0,0,0,0,1,0,0,0,0,0,0,0,1,0,0,0,0,0,0,4,1,1,0,0,1,1,0,1,0,0,0,0,0,1,0,0,0,0,1,0,0,0,0,0,0,0,1,0,2328,0,0,0,0,0,0,0,1085,0,0,0,0,0,0,0,0,0,0,0,0,0,0,1500,0,1,1500,0,0,0,1050,0,1,1,0,1,0,0,0,0,0,0,0,2,1,1,1500,1,1,1,2,1,0,0,0,1,0,0,1,0,1,0,0,1,0,0,1050,1,3,1500,0,1,0,0,0,0,0,1,0,0,0,1,1,0,0,0,1,0,0,0,0,0,1,0,0,1,1200,1050,1,0,0,0,1300,0,0,0,0,1500,0,1500,1,0,1500,0,0,0,0,0,0,861,0,0,0,0,0,0,0,0,0,0,0,1,0,1,0,1,0,0,0,0,0,0,0,0,1,1,1,625,0,1,1,0,1,1500
S162,C,0,0,1,0,0,0,0,0,1,0,0,0,0,100,0,1,4,2,0,50,50,0,1,2,0,1,0,1,1,1,0,0,0,100,100,0,1,80,2,0,50,0,0,0,0,0,0,0,0,0,0,97,1,1,1,1,0,0,0,0,0,0,0,0,1,0,0,0,0,1,1,1,0,1,0,0,0,0,0,70,0,0,1,1,0,0,2,0,1,0,0,0,0,0,1,0,0,0,1,0,1,1,1,1,0,0,1,0,100,0,1,0,0,0,1,1,1,1,0,1,0,0,0,0,1,0,0,0,0,1,0,0,0,1,1,0,6,3,0,0,0,0,0,0,0,0,1,1,0,1,0,0,0,1,0,0,0,2,0,0,1,1,0,1,0,0,1,0,1,0,0,0,0,0,0,0,1,1,1,1,0,1,1,0,1,0,2,0,1,0,0,0,0,0,0,0,0,1,1,0,1,0,1,0,0,1,1,0,0,0,0,0,0,1,1,0,0,0,0,0,1,1,1,0,0,0,0,1,1,0,0,0,0,0,1,0,0,0,0,1
S163,A,0,1,0,0,0,0,0,0,0,1,120,0,0,0,0,1,1,0,0,0,0,0,0,0,2,0,0,0,1,1,0,0,0,1,0,0,0,0,0,0,0,0,0,0,0,80,0,0,1,0,0,0,0,0,0,0,0,1,120,0,1,0,0,0,1,0,0,0,0,0,0,0,0,0,0,0,1,0,0,0,0,100,0,2,1,1,2,120,3,0,0,20,20,14,14,30,7,10,0,0,1,0,0,0,0,1,2,4,0,0,3,1,0,1,1,2,0,0,0,0,0,0,0,0,0,0,1,0,0,1,8,1,1,0,1,3,0,4,0,1,2,0,0,0,1,0,0,0,1,0,1,0,0,1,3,1,1,1,1,0,2,0,0,0,0,1,1,0,0,0,0,0,0,0,1,0,0,1,0,1,0,1,2,1,0,1,0,0,0,0,0,0,0,0,0,1,1,1,0,0,1,0,0,0,1,0,0,1,0,0,0,0,0,1,0,0,1,0,0,0,0,1,0,0,0,0,0,0,0,0,0,1,0,0,0,0,0,0,0,0
S164,C,0,0,1,0,0,0,0,1,1,0,120,100,0,120,0,1,9,1,100,0,0,0,0,2,0,0,0,1,1,0,0,0,0,0,0,0,1,0,1,0,50,0,0,0,0,0,0,120,1,1,0,0,1,0,0,0,0,0,0,0,1,0,0,0,0,110,0,0,0,0,0,0,0,1,0,0,0,0,1,0,1,0,0,2,0,1,0,0,0,0,0,0,1,1,0,1,0,0,0,0,1,1,0,0,1,0,0,3,0,0,5,0,0,0,1,0,0,0,0,0,0,1,0,1,0,0,0,0,0,1,1,0,0,0,0,1,8,2,1,0,1,0,0,0,1,1,0,0,0,0,1,0,0,3,0,0,2,0,1,0,1,0,0,0,2,0,0,1,1,1,0,0,0,0,1,0,1,1,4,0,4,1,0,0,0,0,0,1,0,1,0,1,0,0,0,0,0,0,0,0,1,1,0,0,1,0,0,0,3,0,0,1,0,0,1,0,0,0,0,0,0,0,0,0,0,1,1,0,1,0,0,0,0,1,0,0,1,1,1,0
S165,A,1,0,0,0,1,0,0,1,1,0,0,4,0,0,0,0,0,1,1,0,0,0,0,2,1,0,0,1,1,1,100,0,0,0,1,1,1,1,1,1,0,70,0,0,0,80,0,1,0,0,1,0,1,0,0,1,1,1,1,2,1,0,0,0,0,0,0,0,56,1,0,0,0,0,0,0,1,1,0,0,1,80,1,1,0,0,3,1,1,1,0,0,0,2,1,0,0,0,0,0,0,1,0,0,0,1,0,1,100,0,0,0,0,1,0,1,0,0,0,1,0,1,0,0,0,0,0,1,0,1,1,0,1,0,1,0,2,0,0,1,0,0,0,0,0,0,0,1,0,1,0,0,0,1,0,1,1,0,0,0,0,1,0,0,0,0,0,0,1,1,0,1,1,1,0,1,1,0,0,1,0,1,4,1,1,1,1,0,0,0,0,0,0,0,0,0,0,0,0,1,1,1,1,0,1,0,0,1,0,2,0,0,1,0,0,0,1,1,0,0,0,0,0,1,0,1,0,0,1,0,0,0,0,0,0,0,0,2,1,1
S166,B,0,0,0,0,1,0,0,0,0,0,0,0,0,0,1,1,2,1,0,0,0,1,0,0,0,0,1,0,0,0,0,0,0,0,1,0,0,0,1,1,0,0,0,0,0,0,0,0,0,0,0,0,1,0,0,1,1,0,0,0,0,0,0,1,1,0,0,0,0,0,0,0,1,0,0,0,0,0,1,1,1,0,0,1,0,0,0,0,0,0,1,0,1,0,0,1,1,0,0,0,1,0,0,0,0,0,1,0,0,0,1,0,0,0,60,0,1,1,0,0,0,0,1,0,0,0,0,0,1,0,0,0,0,0,0,0,6,2,0,0,0,0,0,0,1,0,0,0,0,0,0,0,0,0,0,0,0,0,0,0,0,0,0,0,0,0,0,0,1,0,0,0,0,0,0,1,1,0,1,1,2,0,0,0,0,0,1,0,0,0,0,0,0,0,0,0,1,0,0,1,0,1,0,1,0,0,0,0,1,0,0,0,0,0,0,0,0,0,0,1,0,0,0,1,0,0,0,0,0,0,1,0,0,1,1,0,0,0,0,0
S167,A,0,0,1,0,0,0,0,0,1,5,2,0,0,30,1,2,0,0,0,1,0,0,1,0,0,0,0,0,0,0,0,1,30,0,0,0,1,0,0,0,0,0,0,0,0,0,0,0,0,0,0,0,0,0,0,0,0,0,0,0,0,0,1,0,0,0,0,1,0,1,1,0,0,0,1,0,1,0,0,0,0,1,0,0,0,1,0,0,0,0,1,0,0,7,21,20,1,0,10,7,1,1,0,0,0,0,0,0,0,0,0,1,0,0,1,1,0,1,0,1,0,0,3,2,0,1,0,0,0,3,0,2,1,1,0,0,0,1,0,0,0,0,0,0,0,0,1,0,0,0,0,0,0,1,2,1,0,0,0,1,1,1,0,1,0,1,3,1,0,0,0,1,0,0,0,1,0,1,3,1,0,0,0,0,0,0,0,0,0,0,0,0,0,0,1,0,0,1,0,0,0,0,0,0,0,0,1,0,1,1,0,0,1,1,0,0,1,0,0,0,0,1,0,0,0,0,0,1,1,0,0,0,0,0,1,0,0,0,0,0
S168,B,0,1,0,0,0,0,0,0,0,1,0,0,0,0,1,2,2,1,0,0,1,1,0,0,0,0,0,0,0,0,0,0,0,0,0,0,1,0,3,0,0,0,0,0,0,1,0,0,1,1,0,1,0,0,0,0,0,1,0,1,0,0,0,0,0,1,1,0,0,0,0,0,0,1,0,1,1,0,1,1,0,0,0,1,0,1,0,0,2,1,0,0,0,0,1,0,0,0,0,0,0,0,0,0,0,0,0,1,0,0,1,0,0,0,0,0,1,0,0,1,1,0,0,0,0,0,0,0,0,1,0,1,0,0,0,0,4,1,1,0,0,1,400,1,0,0,1,0,0,0,0,1,0,0,0,0,0,0,0,0,0,0,0,0,400,0,1,0,2,0,0,0,1,0,0,375,1,1,0,1,3,1,0,0,0,0,1,0,0,0,0,0,0,1,1,0,1,0,0,0,0,0,0,0,0,0,0,1,1,0,0,0,0,0,0,0,1,0,1,0,0,0,0,0,1,1,0,0,0,0,0,0,1,170,0,0,0,0,0,0
S169,B,3,0,1,0,0,0,1,0,3,0,2,3,1,0,7,0,3,0,1,0,3,0,2,0,1,0,2,0,2,0,1,0,2,0,2,0,2,1,4,0,0,0,1,0,2,0,1,0,0,0,1,0,3,0,2,0,2,0,1,0,2,0,2,0,6,1,2,0,3,0,2,0,1,0,1,0,1,0,1,0,1,1,2,0,1,0,5,1,3,0,2,0,1,0,3,0,2,0,4,0,1,0,2,0,1,1,1,1,1,0,2,2,1,0,1,0,1,0,2,0,3,0,1,1,1,0,0,0,1,0,1,0,1,0,5,0,1,0,1,0,2,0,2,0,1,0,2,0,1,0,1,0,2,0,3,0,0,0,2,0,1,0,1,1,4,0,1,0,1,0,2,0,4,0,1,0,4,0,3,0,2,1,2,0,0,0,1,0,0,0,0,0,2,0,2,0,2,0,1,0,3,0,3,0,1,0,2,0,4,0,3,1,1,0,4,0,2,0,2,0,3,0,2,0,3,0,3,0,1,0,5,0,3,0,1,0,0,0,1,0
S170,A,0,0,0,0,0,0,0,0,0,5,100,0,0,0,1,1,0,0,0,0,0,0,0,0,0,0,0,0,0,1,0,1,0,0,0,0,0,0,0,0,0,70,0,0,0,0,0,0,0,0,0,0,0,0,0,0,0,0,0,0,0,0,0,0,0,0,0,0,0,0,1,0,0,0,0,0,0,0,1,0,0,1,0,1,0,0,0,0,0,1,1,0,0,7,14,20,1,0,9,21,0,1,0,0,0,0,0,1,0,0,0,1,0,0,0,0,0,0,0,0,1,0,3,2,0,0,0,1,0,2,0,0,0,0,0,1,0,0,0,0,0,0,0,0,0,0,0,0,0,0,0,0,0,0,0,0,0,0,0,0,0,0,0,0,0,1,3,1,0,0,0,1,0,1,0,0,0,0,2,1,0,1,0,1,0,0,0,0,0,0,1,0,0,0,1,0,0,0,0,0,0,0,0,0,1,0,0,0,0,0,0,0,0,0,0,0,0,0,0,0,0,0,0,0,0,0,0,0,0,0,0,0,0,0,0,1,0,0,0,0
S171,C,6,0,1,0,0,0,0,0,0,0,0,1,0,0,0,1,2,0,0,0,0,0,0,0,0,0,0,0,0,0,0,1,0,0,0,0,2,0,3,0,0,1,0,0,0,0,0,0,0,1,0,0,0,0,0,0,0,1,0,0,0,1,0,1,0,1,0,0,0,0,0,0,0,0,0,0,0,1,0,1,1,1,0,1,0,1,0,1,2,0,0,1,0,0,0,0,0,0,0,1,0,0,0,0,0,0,0,1,0,0,3,1,0,0,0,1,0,0,0,1,0,0,0,0,0,0,0,0,0,0,0,0,0,0,0,1,4,2,0,0,1,0,0,0,0,0,1,1,0,0,0,0,0,3,1,0,1,1,1,0,1,0,0,1,1,0,0,0,1,1,0,0,1,0,0,0,1,1,3,1,9,3,1,0,0,0,0,1,0,3,0,0,0,1,1,0,0,0,0,0,0,0,0,1,0,1,0,0,1,0,2,0,0,0,0,0,0,0,0,0,0,0,0,0,0,0,1,0,0,0,0,0,0,0,0,0,0,1,0,0
S172,B,10,0,1,0,2,0,1,1,5,0,3,1,3,0,4,0,5,1,1,1,2,0,1,0,2,0,2,0,2,0,1,0,1,0,4,0,3,0,1,0,2,1,1,0,1,1,3,0,1,0,4,0,4,0,1,0,1,0,1,0,0,0,0,0,2,1,1,0,2,0,3,0,2,0,1,0,4,0,3,0,1,1,2,0,1,0,2,1,4,0,2,1,3,0,1,0,2,0,1,0,2,0,1,0,2,2,1,1,4,0,2,4,2,0,1,0,1,0,3,0,2,0,1,0,1,0,3,0,1,0,0,1,1,0,5,1,3,0,1,0,1,0,1,0,1,0,4,0,2,0,1,0,2,0,4,1,2,0,3,0,1,1,1,2,1,0,3,0,1,0,3,1,2,0,2,0,3,0,3,0,1,0,1,0,2,0,1,0,2,2,1,0,1,0,1,0,2,0,1,0,0,0,1,0,1,0,2,0,2,0,1,0,1,1,2,1,2,0,3,0,1,0,1,0,1,0,3,0,3,0,3,0,3,0,0,0,1,0,1,0
S173,C,0,0,0,0,0,0,0,1,6,5,1,2,0,0,0,0,0,200,0,200,0,0,0,0,1,0,1,0,0,0,0,0,0,0,0,0,0,0,0,200,0,0,0,0,0,0,0,0,0,0,0,265,0,0,0,0,0,0,0,0,0,0,0,280,0,0,0,0,0,0,0,0,0,0,0,0,0,0,0,0,0,100,0,1,0,0,2,0,1,3,0,0,0,0,4,5,0,1,0,1,1,0,0,0,0,1,10,3,1,250,7,20,0,0,0,1,0,0,0,0,0,0,1,0,0,0,0,0,0,0,0,0,0,0,0,0,0,0,0,0,1,0,0,0,0,1,0,0,0,0,0,0,0,0,0,0,0,0,0,0,0,0,179,0,0,0,0,0,0,0,0,0,0,0,0,0,0,0,1,0,1,0,1,0,0,0,0,0,0,0,0,0,0,0,0,0,0,0,0,0,0,0,0,0,0,0,0,1,0,0,0,0,0,0,0,0,0,0,0,0,0,0,0,0,0,0,0,1,0,0,0,0,0,0,0,0,0,0,0,0
S174,B,1,0,1,0,0,0,1,0,1,0,1,3,5,0,8,0,3,0,2,0,1,0,1,0,1,0,1,0,1,0,2,0,1,0,1,0,2,0,3,0,1,0,3,0,0,0,2,0,1,1,3,1,3,0,4,0,1,0,1,0,1,0,3,0,1,1,3,0,2,0,6,0,1,0,2,0,2,0,1,0,0,0,2,0,1,0,2,1,3,1,1,0,3,0,1,0,1,0,3,0,1,0,1,0,1,1,2,1,1,0,1,3,5,0,1,0,1,0,2,0,2,0,2,0,2,0,1,0,2,0,1,1,1,0,5,0,0,0,1,0,2,0,3,0,1,0,3,0,2,0,1,0,2,0,2,0,1,0,0,0,1,0,3,0,1,0,1,0,3,0,1,0,1,0,1,0,1,0,1,1,2,0,2,0,1,0,1,0,2,0,2,0,1,0,1,0,2,0,3,0,2,0,1,0,1,0,1,0,1,0,2,0,6,0,3,0,2,0,1,0,4,0,2,0,1,0,2,0,2,0,1,0,2,0,3,0,1,0,1,0
S175,B,0,0,0,0,2,0,1,0,1,0,1,1,6,0,4,0,6,1,1,0,2,1,1,2,2,0,1,0,3,0,4,0,2,0,2,0,5,0,3,0,1,1,3,0,2,0,1,0,1,0,2,1,3,0,1,0,1,0,1,0,1,0,1,0,4,1,3,0,2,0,2,1,1,1,1,0,2,0,1,0,2,0,2,0,1,1,5,0,6,1,1,1,1,0,1,0,1,0,3,0,1,0,1,1,2,1,1,3,1,1,1,6,3,0,1,0,4,0,1,1,1,0,1,0,2,0,1,0,3,0,1,0,1,0,1,0,1,1,0,1,1,0,0,0,1,1,6,0,1,0,2,0,3,0,1,0,4,1,0,0,1,0,3,0,1,0,2,0,1,0,1,1,2,1,0,0,1,1,1,0,3,0,2,0,1,0,1,0,1,0,2,0,1,0,1,0,2,0,2,0,1,0,2,0,1,1,0,0,3,1,3,1,1,0,1,0,1,0,3,0,1,0,1,0,1,0,1,0,2,0,8,0,1,0,6,0,2,0,0,1
S176,B,0,1,0,0,0,1,1,2,0,0,100,0,100,0,1,1,0,1,0,0,0,0,0,0,0,0,1,0,2,0,0,1,0,0,0,0,1,0,0,0,0,0,1,1,0,0,0,0,0,1,0,0,0,0,1,1,0,1,1,0,1,1,0,0,0,2,0,0,0,0,1,0,1,1,1,0,0,0,1,0,0,0,0,0,1,0,0,0,1,1,0,1,0,0,0,0,0,1,1,2,1,0,1,1,0,0,1,0,0,100,1,0,0,0,1,0,1,0,0,0,0,0,1,0,0,1,1,0,0,0,0,0,0,0,2,0,0,0,0,0,1,0,1,0,0,1,0,0,1,0,1,0,0,0,1,0,0,0,1,2,1,2,1,0,0,0,0,1,0,0,0,2,1,0,1,1,1,0,1,0,0,0,0,1,0,0,0,2,1,0,1,1,0,0,1,0,0,0,1,1,2,0,0,0,0,1,0,0,0,0,0,0,0,1,0,0,0,1,1,0,0,0,0,0,0,1,0,0,0,0,0,0,0,0,0,0,1,0,0,0
S177,C,0,0,0,0,0,0,0,0,0,0,0,2,1,0,0,0,1,0,0,1,1,0,1,0,0,1,0,0,1,0,0,0,0,1,50,0,1,0,1,1,0,0,0,1,0,0,0,0,0,0,1,0,0,1,0,0,0,0,0,0,0,1,0,0,0,3,0,1,1,0,0,0,1,0,0,0,1,0,0,0,0,0,0,1,0,0,0,0,1,1,1,1,0,1,0,0,0,0,1,1,0,0,0,1,1,1,1,1,0,0,2,0,1,0,0,0,0,0,0,1,0,1,0,1,0,0,1,1,0,0,0,1,2,0,0,0,3,1,0,0,0,0,0,1,0,0,0,0,0,0,0,0,1,1,0,1,1,1,0,0,0,1,0,0,0,0,0,0,1,1,0,0,0,0,0,0,0,3,2,1,8,1,0,0,1,1,1,0,0,1,0,0,1,1,1,0,1,0,0,1,0,0,0,0,1,0,0,1,1,0,0,0,1,1,0,0,0,0,0,1,0,0,0,0,1,0,0,0,0,0,0,0,0,0,0,0,0,0,0,1
S178,A,0,0,0,0,0,0,0,0,0,0,2,0,0,0,1,1,4,7,0,0,0,0,0,0,0,0,0,0,0,0,0,0,0,1,0,0,0,0,0,0,0,0,0,0,0,0,0,0,0,0,0,0,0,0,0,0,0,0,0,0,0,0,0,0,0,0,0,0,0,0,0,0,0,0,0,0,0,0,0,0,0,0,2,0,0,0,9,0,1,1,0,0,0,0,0,0,0,0,0,0,0,0,0,0,0,0,0,1,0,0,0,1,1,2,0,1,0,0,0,0,0,0,0,0,0,0,0,0,0,1,1,0,0,1,0,1,4,5,0,0,0,0,0,0,0,0,0,0,0,0,0,0,0,1,1,0,0,0,2,3,2,4,0,0,0,0,0,0,0,0,0,0,0,0,0,0,0,0,1,1,0,0,5,3,2,1,0,0,0,0,0,0,0,0,0,0,0,0,0,0,0,0,0,0,0,1,1,2,0,2,0,8,10,2,5,1,0,0,0,0,0,0,0,0,3,3,0,1,0,0,0,0,0,0,0,0,0,0,0,0
S179,B,0,1,0,63,0,0,60,0,0,0,0,3,1,60,0,1,2,0,0,0,0,0,0,0,1,1,0,0,1,0,100,0,0,0,0,0,0,0,1,100,0,0,0,0,0,0,0,0,0,1,0,0,1,1,0,1,0,0,0,0,0,0,1,1,0,0,0,0,0,1,0,0,1,0,0,1,0,0,0,70,1,0,1,1,0,70,0,0,0,1,0,1,0,1,0,0,0,0,0,0,1,1,0,0,0,0,0,1,0,0,1,1,0,0,0,0,0,1,0,1,1,0,1,0,1,0,0,0,1,0,0,0,0,0,0,0,6,2,0,1,0,0,0,0,1,0,0,0,0,1,0,0,0,1,0,0,1,0,0,0,1,0,0,0,1,0,1,0,1,0,0,1,1,0,1,0,0,0,1,0,2,0,0,0,0,0,2,0,0,0,0,0,1,0,0,1,0,0,0,0,0,0,0,1,0,0,0,0,1,1,1,1,0,1,1,0,0,0,0,0,1,0,0,0,0,0,1,0,0,1,0,0,1,0,0,0,1,1,0,0
S180,B,1,0,0,0,0,0,0,0,0,0,1,1,0,0,0,1,0,0,0,1,2,0,0,0,0,0,0,0,0,0,0,1,0,0,0,0,0,1,0,0,0,0,0,1,1,1,1,0,0,0,0,1,0,0,0,0,0,0,0,0,0,0,0,0,1,0,0,1,0,0,0,2,1,0,0,0,0,0,0,1,0,0,1,0,1,1,0,0,0,1,0,0,0,0,1,0,0,0,0,0,1,0,1,1,0,0,1,0,0,1,1,0,0,0,0,1,0,0,0,0,0,1,0,0,1,1,0,1,1,0,1,0,0,0,0,0,1,0,0,1,0,1,0,0,0,1,0,0,0,0,0,0,0,0,0,0,1,0,0,0,0,0,1,1,0,0,0,1,0,0,0,0,0,0,1,0,0,0,0,0,0,0,1,1,0,0,0,0,0,0,0,1,0,0,0,0,0,1,0,0,1,0,0,0,0,0,0,0,0,0,0,0,0,0,0,1,0,1,1,1,0,0,1,0,0,0,1,0,0,0,0,0,0,1,0,1,1,0,0,0
S181,A,4,0,1,0,0,0,0,0,2,1,3,2,0,0,0,0,1,0,1,0,1,0,1,2,0,0,0,0,0,1,0,0,0,0,0,0,0,0,0,0,0,0,0,0,0,0,0,0,0,1,0,0,1,1,0,0,1,0,0,0,0,0,0,0,0,0,0,0,0,1,0,0,1,0,0,0,0,0,0,0,0,1,0,0,0,0,0,1,0,1,0,0,0,0,1,1,0,0,0,1,0,0,0,0,0,1,2,3,255,250,0,5,0,1,0,3,0,0,0,0,0,0,0,0,1,0,0,0,0,0,1,0,0,0,1,1,1,0,1,0,0,1,0,0,0,0,1,1,1,0,0,0,0,1,0,0,0,0,0,0,0,0,0,0,0,0,0,0,0,0,0,0,0,0,0,0,1,1,1,0,0,1,0,0,1,1,0,0,0,0,0,0,0,0,0,0,0,1,1,0,0,0,0,0,0,0,0,1,1,0,1,1,0,0,0,0,0,0,0,1,0,0,0,0,0,0,0,0,0,1,0,0,0,0,0,0,1,0,0,0
S182,C,0,0,0,0,0,0,30,1,1,6,0,0,0,0,1,1,0,0,0,0,0,0,1,0,0,0,0,0,0,0,0,0,0,0,0,0,0,0,0,0,0,0,30,0,0,0,0,0,0,0,0,0,0,0,0,0,0,0,0,0,0,0,1,0,0,0,1,0,0,0,0,0,0,0,0,0,0,0,1,0,0,2,0,0,0,1,2,0,3,1,0,0,0,14,7,30,1,0,10,7,0,0,1,0,1,0,1,0,0,0,0,0,0,1,0,0,0,0,0,0,1,0,4,1,0,0,0,0,0,1,0,1,0,0,0,0,0,0,0,0,0,0,0,0,0,0,0,0,0,0,0,0,0,0,0,1,0,0,0,0,0,0,0,1,0,1,3,1,0,0,0,1,0,0,0,0,1,1,1,2,0,0,1,0,0,0,0,0,0,0,0,0,1,1,0,0,0,0,0,0,0,0,0,0,1,0,0,0,0,0,0,0,0,1,0,0,0,0,0,0,0,0,0,1,0,0,0,0,0,0,0,0,0,0,1,0,0,0,0,0
S183,C,0,0,0,0,0,0,0,0,0,0,0,1,1,0,0,1,1,1,1,0,0,1,0,0,0,0,1,1,1,1,0,0,0,0,1,0,0,0,1,2,0,0,1,0,0,0,0,0,1,0,1,0,0,0,1,0,0,0,0,0,0,0,0,1,0,0,0,1,0,0,0,0,0,0,0,0,0,0,0,1,1,0,1,0,0,1,0,0,0,1,1,0,0,0,0,1,0,0,1,0,0,0,890,0,0,0,0,1,0,800,560,800,0,1,1,0,0,0,0,0,0,0,0,0,0,1,1,0,0,0,0,0,0,1,0,1,2,1,1,1,0,0,0,0,0,0,0,1,0,0,0,0,1,1,0,0,0,0,1,0,0,1,525,1,0,560,0,1,1,0,0,1,1,0,0,800,0,0,0,1,1,0,1,0,0,1,0,1,1,0,1,1,1,0,1,1,0,0,0,0,1,0,740,0,0,0,810,1,1,810,1,0,0,0,0,1,0,0,0,1,1,1,0,1,0,0,720,0,0,1,0,1,0,0,0,0,0,0,0,0
S184,A,0,0,0,0,0,1,0,1,0,0,0,1,1,0,1,0,2,1,0,0,0,0,0,0,0,1,0,1,0,0,0,0,0,0,0,0,0,1,3,0,0,0,0,0,0,1,0,0,0,1,0,1,0,0,0,0,0,0,1,0,0,1,1,0,0,1,1,0,0,0,0,0,0,0,0,0,0,0,0,0,0,0,0,1,0,1,0,0,1,1,0,1,0,0,0,0,0,1,0,0,0,0,0,0,0,0,0,0,0,1,3,1,0,0,0,0,1,2,350,1,0,0,0,0,0,0,0,0,0,0,0,0,1,0,0,0,1,0,0,0,1,0,0,0,0,0,0,1,0,0,0,0,0,1,0,0,0,0,2,0,8,7,0,1,0,0,1,0,0,0,0,1,0,0,0,0,1,0,4,1,5,1,0,0,0,0,1,0,0,2,0,1,0,0,0,0,0,0,0,0,0,0,0,0,0,0,0,0,1,0,0,0,0,0,0,0,0,0,0,0,0,0,0,0,0,0,0,0,0,0,0,0,1,0,0,0,0,0,0,0
S185,A,0,0,0,0,0,0,0,0,0,0,0,1,0,0,0,0,5,3,1,0,1,1,1,2,0,1,0,0,0,1,0,0,0,0,0,1,2,0,2,0,0,0,1,1,0,0,1,0,0,0,0,1,0,0,0,0,1,0,384,0,0,0,1,0,0,0,0,0,1,1,0,0,0,0,0,1,1,0,1,0,0,0,0,1,0,0,2,0,3,0,0,2,0,1,0,0,1,0,0,1,1,1,0,1,0,0,0,1,0,0,1,1,0,0,0,0,1,0,0,1,0,1,0,0,0,0,0,0,0,0,0,1,2,1,1,0,2,1,1,0,0,1,0,0,1,0,1,1,1,1,0,0,1,1,1,1,1,0,1,1,0,1,0,0,0,1,0,0,0,0,0,0,0,1,0,0,0,3,5,1,3,4,0,1,0,0,0,0,1,0,1,0,0,0,1,1,0,0,0,0,0,1,0,0,0,0,1,1,2,0,1,0,0,0,0,0,0,0,0,1,0,0,0,0,1,0,0,0,0,0,0,0,0,0,0,1,0,0,1,0
S186,C,1,0,1,0,0,0,1,1,4,0,3,1,2,0,4,0,2,0,5,0,1,0,0,2,1,0,0,0,1,1,1,0,0,0,1,0,4,0,4,0,1,0,5,0,3,0,1,0,2,1,3,0,3,0,2,0,1,1,1,0,4,0,3,0,6,1,3,0,3,1,8,0,2,0,2,0,1,0,5,0,1,1,2,0,1,0,8,1,3,1,1,0,3,0,2,0,1,0,3,0,2,0,3,0,1,1,2,1,1,0,1,11,7,0,1,0,3,0,4,0,1,0,0,0,3,0,2,0,600,1,1,1,5,0,4,0,7,0,3,0,1,0,0,0,1,0,2,0,1,0,3,0,1,0,1,0,1,1,3,0,3,0,3,0,1,0,2,0,2,0,2,0,2,0,2,0,1,0,2,0,3,0,2,0,1,0,1,0,2,0,2,0,1,0,2,1,2,0,1,0,2,0,550,0,1,0,555,0,1,0,2,0,4,0,1,0,1,0,1,0,4,0,1,0,5,0,1,0,399,0,6,0,3,0,3,0,1,0,1,0
S187,A,0,0,0,0,1,1,0,0,1,0,0,0,0,0,20,1,1,1,0,20,0,1,1,2,0,0,0,0,0,0,1,0,0,0,0,0,2,0,2,1,0,0,0,0,0,1,0,0,0,0,0,1,1,1,0,0,0,0,0,0,1,1,0,1,0,1,0,0,0,1,1,0,0,0,0,0,1,0,1,0,0,0,1,2,0,1,0,1,1,1,0,1,1,0,0,0,0,0,0,0,1,0,1,0,0,0,0,1,0,0,3,0,0,0,0,0,0,1,1,0,0,0,0,0,0,1,0,1,1,0,0,0,0,0,0,0,4,1,0,0,0,1,0,1,0,0,0,0,0,1,0,0,1,4,1,0,2,0,2,0,0,0,0,0,1,0,0,0,1,0,0,1,0,0,0,0,1,3,4,1,11,3,0,0,1,0,1,0,0,2,0,0,0,1,0,1,1,0,0,1,0,0,0,1,0,1,1,1,1,1,0,0,1,1,0,0,0,0,1,1,1,1,0,0,0,0,0,0,1,0,0,0,0,0,0,1,0,0,0,0
S188,B,0,0,0,0,0,0,0,0,0,0,0,0,0,0,0,0,0,1,1,0,0,0,0,0,0,1,0,0,0,0,0,0,0,1,0,3,0,4,0,0,0,0,0,0,0,0,0,0,0,0,0,0,0,0,0,0,1,3,0,0,0,0,0,0,0,0,1,0,0,0,0,0,0,0,0,0,0,0,0,0,0,0,0,0,0,0,0,0,0,0,0,0,0,1,0,0,0,0,0,0,0,0,0,0,0,0,0,0,0,0,0,2,0,0,0,0,0,0,0,1,0,0,0,0,0,0,0,0,0,1,0,0,0,0,0,0,1,0,0,0,0,1,0,0,0,0,0,0,0,0,0,0,0,1,3,1,0,0,0,0,0,0,0,0,0,0,0,0,0,0,0,0,0,0,0,0,1,1,1,0,0,0,2,0,0,0,0,1,0,1,1,0,0,0,0,0,0,0,0,0,0,0,0,0,0,0,0,0,0,0,0,0,0,0,0,0,0,0,1,0,0,0,0,0,0,0,0,0,0,0,0,0,0,0,0,0,0,0,0,0
S189,A,70,50,100,60,60,60,80,80,70,50,50,70,100,100,70,70,80,50,60,60,60,70,80,60,49,40,70,60,42,70,110,60,60,80,50,60,70,64,100,60,30,28,60,28,50,48,49,80,28,15,42,70,49,35,35,30,30,35,80,49,64,70,49,80,80,70,42,70,56,90,90,70,16,60,28,50,56,80,60,28,20,60,36,28,12,50,75,40,35,42,16,25,50,35,35,60,35,40,60,28,30,42,50,60,49,30,110,56,200,60,56,50,70,50,42,50,35,70,28,42,30,50,42,35,35,30,40,60,70,42,70,24,50,28,0,0,20,2,0,0,1,1,0,0,0,0,0,0,1,0,0,0,0,1,1,0,10,10,0,0,0,0,1,0,0,0,0,0,0,0,0,0,0,0,0,0,1,5,5,1,10,4,0,0,0,1,1,0,0,4,0,0,0,1,0,0,0,0,0,0,0,0,0,0,0,0,0,0,3,0,0,0,0,0,1,0,0,0,0,0,1,0,1,0,0,0,0,0,0,0,0,1,0,0,0,0,0,0,0,0
S190,B,0,1,0,0,0,0,0,0,0,0,0,8,0,0,0,0,0,0,0,0,0,0,0,0,0,0,1,1,0,0,0,0,0,0,0,20,0,0,0,0,1,0,0,0,0,0,0,0,0,0,1,0,0,0,0,0,0,0,1,0,0,0,0,0,0,0,0,0,0,0,0,0,0,0,0,0,0,0,0,0,0,20,0,0,0,10,0,0,0,0,1,1,0,0,0,0,0,1,0,0,0,0,0,0,0,0,0,0,0,0,0,0,0,0,0,0,0,0,0,0,1,0,0,0,0,0,0,0,0,0,0,0,0,0,0,0,0,0,0,0,0,0,0,0,0,0,0,0,0,0,0,1,0,0,0,0,0,0,0,0,0,0,0,0,0,0,0,0,1,0,0,0,0,0,0,1,0,0,0,0,0,0,0,0,0,0,0,0,0,0,0,0,0,0,0,0,0,0,0,0,0,0,1,0,0,1,0,0,0,0,0,0,0,0,0,0,1,0,0,0,0,0,0,0,0,0,0,0,0,0,0,1,0,0,0,0,0,0,0,0
S191,B,3,0,0,0,1,0,1,1,0,0,3,2,6,0,4,1,5,0,3,0,2,0,2,2,1,0,1,0,1,0,1,0,3,0,1,0,4,0,2,0,1,0,1,0,3,0,2,0,1,0,4,0,2,0,3,1,3,0,0,0,2,0,1,1,1,0,3,0,3,0,2,0,1,0,2,0,1,0,1,0,1,2,1,0,1,0,3,1,4,1,1,0,3,0,0,0,1,0,1,0,1,0,4,0,1,2,3,1,4,0,1,800,4,0,1,0,3,800,4,0,1,0,2,0,2,1,0,0,1,0,0,0,0,0,5,1,2,0,1,0,2,0,3,0,1,0,2,0,2,0,2,0,2,0,3,1,1,0,1,0,1,0,3,1,0,0,420,0,4,0,1,0,1,1,1,0,1,0,3,1,2,0,7,1,0,0,1,0,2,0,3,0,1,0,1,0,4,0,3,0,1,0,750,0,1,0,1,432,1,0,3,0,3,0,504,1,1,0,2,0,2,0,3,0,1,0,1,0,1,0,1,0,3,0,5,0,2,0,1,0
S192,C,0,0,1,0,1,0,0,0,1,0,0,0,1,0,0,2,4,0,0,0,0,0,0,2,0,0,1,0,1,0,0,0,0,0,150,0,0,0,1,100,50,0,0,0,0,104,1,0,1,0,0,0,0,1,1,0,0,0,0,0,1,135,0,0,0,0,0,0,1,0,0,0,0,0,0,0,0,0,0,0,0,0,1,1,0,0,2,140,0,0,0,1,0,0,0,1,0,0,0,0,0,0,0,1,0,1,0,1,0,0,1,0,1,0,0,0,0,0,1,0,1,0,0,0,0,0,0,0,0,0,0,0,1,0,0,0,1,4,1,0,0,0,0,0,1,0,0,0,0,0,0,0,0,1,0,0,1,1,0,0,0,0,0,1,0,0,0,0,1,0,0,0,1,0,0,0,0,1,1,0,4,1,1,0,1,1,1,0,1,0,0,0,1,1,0,0,0,0,0,1,1,0,0,0,1,0,0,0,0,1,1,0,0,1,0,0,0,0,0,1,0,0,0,0,0,1,1,0,0,1,1,1,0,0,0,0,0,0,0,0
S193,B,0,0,0,0,0,0,0,0,0,0,0,0,0,0,0,0,0,0,0,0,0,0,0,0,0,0,0,0,0,0,0,0,0,0,0,0,0,0,0,0,0,0,0,0,0,0,0,0,0,0,0,0,0,0,0,0,0,0,0,0,0,0,0,0,0,0,0,0,0,0,0,0,0,0,0,0,0,0,0,0,0,0,0,0,0,0,0,0,0,0,0,0,0,0,0,0,0,0,0,0,0,0,0,1,0,0,0,0,0,0,0,0,0,0,0,0,0,0,0,0,0,0,0,0,0,0,0,0,0,0,0,2,1,1,1,1,10,2,0,0,1,0,0,0,0,0,0,0,0,1,0,0,0,5,0,6,2,4,2,1,1,0,0,0,1,0,0,0,1,0,0,0,0,0,0,0,7,3,3,0,3,3,0,0,0,0,1,0,3,5,0,1,0,0,0,0,0,0,0,0,0,0,0,0,1,0,0,0,1,0,0,0,0,0,0,0,0,0,0,0,0,0,0,0,0,0,0,0,0,0,0,0,0,0,0,0,0,0,0,0
S194,C,240,340,500,360,430,420,400,430,610,400,310,360,440,480,430,430,440,460,380,370,410,420,430,492,231,390,420,420,343,570,380,410,430,410,600,460,470,392,460,430,205,329,410,245,390,304,322,490,176,210,329,470,357,275,287,220,270,235,390,336,440,530,364,510,530,500,357,520,350,500,590,590,180,440,184,450,350,550,400,322,164,390,198,128,86,410,570,350,301,294,140,165,390,266,287,450,266,390,450,287,250,306,460,480,329,205,340,266,410,470,294,330,350,340,273,390,252,380,259,280,240,420,336,329,270,260,450,430,490,294,370,234,410,168,440,135,390,266,114,287,190,390,400,440,195,280,440,343,200,510,420,135,329,315,252,360,340,380,336,400,296,320,224,217,290,245,273,440,273,312,440,430,312,288,400,440,480,450,190,144,350,294,376,273,180,390,410,360,350,390,273,380,156,360,273,410,215,294,370,390,410,450,380,400,200,280,440,234,205,460,287,470,140,200,273,225,140,320,410,287,336,530,230,266,420,252,400,440,280,392,420,200,380,220,430,390,220,273,420,430
S195,A,0,0,0,300,0,0,0,0,1,1,0,2,2,0,0,1,2,0,0,0,0,0,1,0,0,1,0,0,0,0,250,0,0,0,0,290,0,0,2,1,0,0,0,0,0,0,0,0,1,0,0,0,0,0,0,0,0,0,253,0,0,0,0,0,0,0,0,0,186,0,0,0,0,0,0,0,0,0,0,0,0,100,0,1,0,0,0,0,0,0,0,0,0,0,0,0,0,0,1,0,0,1,0,1,0,0,1,1,0,0,2,0,1,0,0,0,1,0,0,0,0,0,0,0,0,0,0,1,0,0,0,0,0,0,0,1,7,1,0,0,0,0,0,0,0,0,0,0,0,0,0,0,0,0,0,1,0,0,0,0,0,0,0,0,0,1,0,1,0,0,0,0,0,0,0,1,0,1,1,1,4,0,0,0,0,0,1,0,0,0,0,0,0,0,0,0,0,0,0,0,0,0,0,0,0,0,0,0,0,0,0,0,0,0,0,0,1,0,0,0,1,0,0,0,0,0,0,0,0,0,0,0,0,0,0,0,0,0,0,0
S196,A,0,0,0,0,0,0,0,0,0,0,0,0,0,0,0,0,0,0,1,0,0,1,0,0,0,0,0,1,0,1,1,0,0,0,0,1,0,1,1,0,0,0,0,0,0,0,0,0,0,0,0,0,0,0,0,0,0,1,0,0,0,0,1,0,0,0,0,0,0,0,0,0,0,0,0,0,0,1,0,0,0,0,0,0,1,0,2,0,1,1,0,0,0,1,0,1,0,1,0,0,1,0,0,0,0,0,0,0,1,0,0,1,1,0,0,0,0,0,0,3,0,0,0,0,0,0,0,0,0,1,1,0,0,1,0,0,2,0,0,1,0,1,0,0,0,1,0,0,0,0,0,0,0,1,4,0,0,0,0,0,1,0,0,0,0,0,0,0,0,0,0,1,0,0,1,0,1,0,1,0,0,0,3,0,0,0,0,0,0,0,0,1,0,0,0,0,0,0,0,1,0,1,0,0,0,0,0,0,0,0,1,1,0,0,0,0,0,0,0,0,0,0,0,0,0,0,1,0,0,0,0,1,1,0,1,0,0,0,1,0
S197,B,8,0,0,0,1,0,1,0,0,0,2,1,2,0,10,0,4,0,1,0,4,0,2,0,3,0,1,0,3,0,2,0,1,0,2,0,4,0,4,0,0,0,1,0,1,0,1,0,1,0,3,0,3,0,2,0,1,0,2,1,1,0,0,0,2,1,4,0,2,0,5,0,1,0,2,0,1,0,2,0,1,1,1,0,1,0,2,1,6,0,2,0,1,0,2,0,0,0,2,0,2,0,2,0,3,1,2,3,1,0,1,10,5,0,1,0,1,0,0,0,2,0,2,0,2,0,300,0,1,0,1,0,1,0,4,0,2,0,1,1,1,1,1,0,2,0,2,0,2,1,2,0,2,0,1,0,0,0,2,0,1,0,2,1,1,0,3,0,1,0,0,0,3,0,1,0,4,0,1,0,1,0,1,0,1,0,1,0,4,0,1,0,1,0,1,0,1,0,2,0,1,1,2,0,0,0,3,0,2,0,2,0,4,0,1,0,2,0,5,0,3,1,1,0,1,0,5,0,2,0,4,0,1,0,1,0,1,0,3,0
S198,A,0,0,0,0,1,0,0,0,0,1,0,1,0,28,0,3,3,0,0,0,0,1,0,2,1,0,1,1,0,0,0,1,1,1,20,0,1,1,2,0,1,0,0,0,0,0,1,0,0,1,0,0,0,1,0,0,0,1,0,1,0,1,1,0,0,1,1,1,1,0,0,0,0,0,0,0,1,0,0,0,0,1,0,1,0,1,225,0,1,1,0,0,0,1,105,1,0,0,0,0,0,0,0,1,1,0,1,2,0,0,3,0,0,0,0,0,1,0,0,1,0,0,1,0,0,0,0,0,0,0,0,0,0,1,0,1,3,3,0,0,0,0,1,0,0,0,0,0,1,0,0,0,1,2,0,0,4,0,4,0,0,0,0,0,1,0,0,0,1,1,0,0,1,0,0,0,1,1,4,0,7,1,0,0,1,0,1,0,1,0,0,0,1,0,0,0,0,0,0,0,0,0,1,1,0,0,1,0,2,0,0,0,1,1,1,0,0,1,0,0,1,0,0,1,1,1,0,0,0,0,1,0,0,1,0,1,0,0,0,1
S199,B,0,0,0,0,0,0,0,0,0,6,2,0,0,0,0,2,0,0,0,0,0,0,0,0,0,0,0,0,0,0,0,0,0,0,20,0,0,0,0,0,0,0,0,0,0,0,0,0,0,0,0,0,0,0,0,0,0,0,20,0,0,0,0,0,0,0,0,0,0,0,0,0,0,0,0,0,0,1,0,0,0,1,0,0,1,2,0,0,1,1,1,0,0,7,7,20,4,0,7,14,1,0,0,0,0,0,0,0,0,0,0,0,0,0,0,0,0,0,0,1,0,0,2,3,0,0,0,1,0,1,0,1,0,0,0,0,0,0,0,0,0,0,0,0,0,0,1,0,1,0,0,0,0,0,0,0,1,1,0,0,0,1,280,0,0,280,4,1,0,0,0,1,0,0,0,1,0,1,1,1,0,0,1,0,0,0,0,0,0,0,0,0,1,0,0,1,0,0,0,0,0,0,300,1,0,0,0,165,0,0,0,0,0,0,1,0,1,0,0,0,0,0,0,0,0,0,0,1,0,0,0,0,0,0,0,0,0,0,0,0
S200,B,0,0,0,0,0,0,0,1,0,0,0,1,0,0,0,1,3,0,1,1,0,0,0,0,0,0,1,0,0,0,0,0,0,0,120,0,1,1,2,110,0,84,0,70,100,0,70,0,0,0,0,0,0,0,0,0,0,0,0,1,0,0,0,0,0,120,0,110,0,0,0,0,0,0,0,1,0,1,0,0,0,0,0,2,0,0,0,0,3,0,0,1,0,0,0,0,0,0,1,0,0,0,0,0,0,0,0,0,1,0,1,0,1,0,0,0,0,0,0,1,1,1,1,0,0,0,0,0,0,1,0,0,0,0,0,0,1,2,0,0,1,0,0,0,0,1,1,0,1,0,0,0,0,1,1,1,2,2,1,0,1,0,0,0,0,1,1,0,0,0,0,0,0,0,0,1,2,1,4,1,6,1,1,1,0,0,1,1,0,1,1,0,1,1,0,1,0,0,0,1,0,0,0,0,0,1,0,1,1,0,0,0,0,0,0,1,1,0,0,0,0,0,0,1,0,1,0,0,0,1,0,0,0,0,0,0,0,0,0,0
S201,A,150,0,0,0,1,0,0,0,0,0,0,0,0,0,280,1610,1530,1370,1140,1930,1990,1560,9300,0,0,0,0,0,0,0,0,1,0,0,0,0,0,0,0,0,10000,0,0,0,0,0,4200,0,0,0,1,0,0,0,14945,0,0,15000,0,0,0,0,0,0,0,0,0,0,0,0,0,0,0,0,0,0,0,0,0,0,12008,0,0,0,6194,2550,0,0,0,0,0,0,0,0,0,0,0,0,0,0,0,0,0,0,0,0,0,0,0,0,0,0,0,0,4200,0,4200,0,0,0,0,0,0,0,0,0,0,0,0,1,0,0,0,12000,0,9000,0,0,0,0,0,0,0,0,0,1,0,0,0,0,0,9000,0,0,1960,0,0,1,0,1,0,0,329,301,0,0,0,0,0,0,0,400,0,0,0,0,0,0,0,12000,1030,686,784,721,480,1050,960,2240,2140,7520,5264,3430,0,0,0,0,0,0,0,0,0,0,0,0,0,0,0,0,0,0,0,0,0,10500,0,0,0,0,1,0,0,0,0,0,1,0,0,0,0,0,0,0,0,0,0,0,0,0,0,0
S202,B,2,0,2,0,2,0,0,0,1,0,1,1,5,0,7,1,3,0,2,0,2,0,3,2,1,0,4,0,1,0,3,0,1,0,0,1,3,0,3,0,2,0,3,0,2,0,3,0,1,0,3,0,7,0,2,0,1,0,0,0,2,0,3,0,4,1,3,0,2,0,6,0,1,0,1,0,2,0,1,0,2,1,2,0,1,0,3,1,5,0,1,0,2,0,2,0,0,0,4,0,1,0,4,0,1,1,2,1,4,0,2,3,2,0,3,0,2,0,1,0,4,0,1,0,3,0,3,0,3,0,2,1,2,0,6,0,1,0,1,1,1,0,1,0,2,0,3,0,2,0,3,0,1,0,2,1,3,0,1,1,2,0,308,0,1,0,3,0,3,0,1,0,1,0,1,0,3,0,2,0,2,0,1,0,1,400,3,0,1,0,1,0,2,0,3,0,3,0,3,0,2,0,2,0,1,0,1,0,1,0,1,0,6,1,2,0,1,0,1,0,1,0,1,0,4,0,2,1,3,0,5,0,1,0,1,0,1,0,2,0
S203,A,1,0,1,0,0,1,1,0,0,0,0,1,0,0,0,0,0,0,1,0,1,0,0,0,0,0,0,0,0,0,0,0,0,0,0,3,0,0,0,0,0,1,0,0,0,0,0,0,0,0,1,0,1,0,0,0,0,0,0,0,0,0,0,0,0,0,0,0,0,0,0,0,0,0,1,1,0,0,0,0,0,0,0,0,0,0,2,0,0,0,0,0,0,0,0,1,0,0,0,0,0,0,0,0,0,0,0,0,0,0,0,0,0,1,0,0,0,0,0,0,0,0,0,2,1,0,0,1,0,0,0,0,0,0,0,0,3,0,0,0,0,0,0,0,0,0,0,0,0,0,0,0,0,0,0,0,0,0,0,0,0,0,0,0,2,0,0,0,0,0,1,0,0,0,0,0,0,1,0,0,0,0,0,0,0,0,0,0,0,0,1,0,0,0,0,1,0,0,0,0,0,1,1,0,0,0,0,0,0,0,0,0,0,0,0,0,0,0,0,0,0,0,0,0,0,0,0,0,0,0,0,0,0,1,0,0,0,0,0,0
S204,A,0,0,0,0,0,0,0,0,0,0,0,0,0,30,0,0,0,0,0,0,0,0,0,0,0,0,0,0,0,0,0,0,0,0,0,0,0,0,0,0,0,0,0,0,0,0,0,0,0,0,1,0,1,0,0,0,0,0,0,0,0,0,1,0,0,0,1,1,0,0,0,0,0,0,0,0,0,0,1,0,0,0,0,1,0,0,0,0,0,1,0,0,0,0,1,0,0,0,1,0,0,0,0,0,0,0,0,0,0,0,0,20,3,0,0,1,0,0,0,0,0,0,0,0,0,0,0,0,0,0,0,0,0,0,0,0,0,0,0,1,0,0,0,0,0,0,1,0,0,1,1,0,0,0,1,0,0,0,0,30,0,0,0,4,0,0,0,0,0,0,0,0,0,0,0,0,0,0,0,0,10,0,0,0,0,0,0,0,0,1,0,0,0,0,0,0,0,0,0,0,0,0,0,0,0,0,0,0,0,0,0,0,0,0,1,0,1,0,0,0,0,0,0,0,1,0,0,0,0,0,1,0,0,0,0,0,0,0,0,0
S205,A,0,0,0,0,0,0,0,0,0,1,0,1,0,0,0,0,5,2,0,0,1,0,1,0,0,1,1,1,0,0,0,0,1,0,0,0,1,0,1,0,0,0,0,0,1,0,0,1,0,0,0,1,0,1,0,0,1,0,0,0,1,1,0,0,0,1,0,1,0,0,0,0,0,0,0,0,0,0,0,0,0,0,0,1,1,1,0,1,1,2,0,1,0,0,0,0,0,0,0,0,0,0,0,1,0,1,0,1,0,1,1,1,0,0,0,0,0,0,0,0,0,0,1,0,0,0,0,0,0,0,0,0,0,0,1,0,3,1,0,0,0,0,0,0,0,0,0,0,0,1,0,0,0,1,105,1,1,2,1,1,0,1,70,1,0,0,1,0,1,0,0,0,0,0,0,0,1,2,3,1,5,3,0,0,0,0,2,1,0,2,1,0,0,0,1,0,0,1,1,0,0,0,0,0,0,0,1,0,1,1,2,0,0,0,0,0,0,1,0,0,0,0,0,0,0,0,0,1,0,0,0,0,0,0,0,0,0,1,0,0
S206,C,0,0,0,0,0,0,0,0,0,0,0,1,0,0,0,0,4,1,0,0,0,0,0,0,0,0,0,0,0,0,0,0,0,0,0,0,0,0,1,0,0,0,0,0,0,0,0,0,0,0,0,0,0,0,0,0,0,0,0,0,0,0,0,0,0,0,0,0,0,0,0,0,0,0,0,0,0,0,0,0,0,0,0,1,0,0,0,0,1,0,0,0,0,0,0,0,0,0,0,0,0,0,0,0,0,0,0,1,0,0,1,0,0,0,0,0,0,0,0,0,0,0,0,0,0,0,0,0,0,0,0,0,0,0,0,0,4,1,0,0,0,0,0,0,0,0,0,0,0,0,0,0,0,0,0,0,0,0,1,0,0,0,0,0,0,0,0,0,0,0,0,0,0,0,0,0,0,1,0,0,3,1,0,0,0,0,0,0,0,0,0,0,0,0,0,0,0,0,0,0,0,0,0,0,0,0,0,0,0,0,0,1,0,0,0,0,0,0,0,0,0,0,0,0,0,0,0,0,0,0,0,0,0,0,0,0,0,0,0,0
S207,C,0,0,1,43,0,1,0,0,1,0,1,1,1,1,0,1,6,1,0,60,1,0,0,0,0,1,1,0,1,0,60,0,0,0,0,0,3,0,5,55,28,1,0,0,0,40,0,0,1,0,0,0,0,1,0,0,1,1,58,0,0,0,0,0,0,1,0,1,1,0,1,0,0,0,0,0,0,0,0,0,0,0,1,8,0,0,0,1,1,0,0,1,2,1,0,0,1,0,0,0,0,0,0,0,0,1,5,3,0,1,3,2,0,10,0,0,1,0,0,1,0,0,0,0,0,0,0,0,0,0,1,5,1,1,0,3,2,1,0,0,0,1,0,0,0,0,0,1,0,0,1,0,0,1,1,1,3,0,2,0,1,0,0,1,0,0,1,0,0,0,0,0,1,0,0,1,0,2,1,0,4,1,8,0,0,0,1,6,1,0,0,1,0,0,0,0,1,1,0,0,1,0,1,0,1,1,0,1,1,1,0,0,0,0,0,0,0,0,0,0,1,1,0,0,0,0,0,0,1,0,0,0,0,0,0,0,0,0,1,0
S208,A,0,0,0,0,0,0,0,0,0,0,0,0,10,10,500,20,10,4,20,10,0,30,50,84,49,60,60,70,49,80,80,70,90,70,70,80,80,400,70,510,35,413,60,35,60,56,49,80,36,30,49,510,49,50,49,25,30,30,40,35,32,30,21,30,30,30,21,40,28,30,50,30,8,10,8,10,7,10,20,14,4,10,12,4,2,10,6,0,1,7,104,210,450,399,420,590,350,530,550,413,80,1,0,0,1,1,0,1,0,1,0,0,450,1,70,0,0,0,1,0,0,0,0,0,0,0,1,0,1,0,1,5,1,0,0,0,0,1,1,3,0,0,0,1,0,0,0,0,0,0,600,1,420,1,0,600,600,0,0,1,0,1,0,0,0,0,0,0,0,0,1,0,0,0,0,0,0,0,0,0,0,0,0,0,0,0,1,0,520,1,0,0,0,0,0,0,1,0,0,0,1,0,0,0,1,0,0,0,0,0,0,0,0,0,0,0,0,0,0,0,1,0,0,0,1,0,0,0,0,1,0,1,1,0,0,500,0,0,0,0
S209,A,0,0,0,0,1,0,45,0,0,1,0,5,0,1,0,1,1,0,0,0,0,0,0,2,0,1,0,0,0,0,0,0,40,0,1,8,1,0,0,1,0,0,0,0,0,0,0,1,1,0,0,1,0,0,0,0,0,0,0,0,0,0,1,0,1,0,0,0,0,0,0,0,0,0,0,1,0,0,1,0,0,1,3,0,1,1,3,1,14,0,0,2,1,0,0,1,0,0,0,0,0,0,0,1,1,0,0,0,0,0,0,1,2,1,0,0,0,0,0,0,0,0,0,0,0,0,0,1,6,1,0,0,0,1,1,0,0,2,1,2,1,1,0,0,0,0,0,0,0,0,0,0,0,3,1,0,0,6,2,0,0,0,0,1,0,0,0,0,0,1,1,0,0,0,0,0,0,2,0,1,1,7,40,4,0,1,0,3,0,1,1,0,1,0,0,0,0,0,0,1,0,0,1,0,0,0,1,0,0,0,0,1,1,0,0,0,0,0,0,0,1,0,0,0,0,0,0,0,1,1,0,0,0,0,0,1,0,0,0,0
S210,C,1000,0,0,1200,2,0,0,0,0,2,0,0,30,160,0,0,410,7,7,0,400,400,0,60,2,20,1,1,2,0,0,60,120,800,0,30,1040,0,0,5,20,14,1100,280,30,8,196,0,128,160,0,1000,0,0,0,90,30,5,1105,774,4,230,721,60,60,480,0,1003,7,840,40,840,1,0,1,0,1,0,0,0,0,0,0,1,4,1,0,1200,1,5,0,195,2,0,798,1140,1,0,0,0,1,0,5,0,133,15,0,0,0,0,5,1,80,0,14,20,28,0,0,0,66,0,0,2,0,0,0,1200,0,0,940,0,1200,1,0,1,0,35,0,56,1,1,10,0,0,0,8,1,0,0,1,0,3,0,0,0,0,130,1,0,0,20,0,1,280,231,231,80,0,32,4,0,0,6,0,1000,2,1000,0,0,20,0,0,0,5,0,1,80,210,150,0,2,2,0,0,0,1,0,0,0,0,0,350,350,0,133,620,72,330,0,210,4,10,0,203,105,1,0,0,0,0,1,1,0,0,1,1100,80,14,0,460,65,40,1,640,670,35,133,150,0
S211,A,0,0,0,0,0,0,0,0,0,1,0,0,1,0,1,0,1,1,0,1,0,0,1,0,0,0,0,0,0,1,0,3,0,0,0,0,0,0,0,0,1,1,1,0,0,0,0,0,0,0,0,0,0,1,0,0,0,0,1,0,0,0,1,0,1,0,0,0,0,0,0,1,0,0,0,0,1,1,0,0,1,0,0,1,0,0,0,0,1,0,0,0,0,0,0,0,0,0,0,0,1,1,0,1,1,0,0,0,0,1,0,0,1,0,0,0,1,0,1,1,1,0,0,0,0,0,0,1,0,0,0,0,1,1,0,0,0,0,0,0,0,0,0,0,0,0,0,0,0,1,1,1,0,0,179,1,0,0,0,0,0,1,0,0,1,1,1,1,0,0,0,0,0,0,0,1,0,1,0,0,0,0,0,0,0,0,0,0,0,0,0,0,0,0,0,0,1,1,0,0,1,0,1,1,0,0,0,0,1,0,0,0,1,0,0,0,0,0,0,0,1,2,0,1,0,1,0,0,0,1,1,0,1,1,0,0,0,0,0,0
S212,C,0,0,0,0,0,0,0,1,1,5,2,0,0,0,1,0,1,1,0,0,1,0,0,0,0,0,0,0,0,1,0,0,1,0,0,1,1,0,0,1,1,0,0,0,1,1,1,0,0,0,0,0,0,0,0,1,0,1,0,0,0,0,0,0,0,1,0,0,0,0,1,0,0,1,1,0,0,1,0,0,0,0,0,0,1,0,0,1,2,1,0,0,0,0,4,3,0,1,0,0,0,0,0,0,0,0,1,5,0,0,1,4,1,1,0,2,0,300,1,0,0,0,1,0,0,1,0,0,0,0,0,0,1,0,0,1,0,0,0,0,0,0,0,0,0,0,0,1,0,0,0,0,0,1,0,0,1,0,0,0,1,0,0,0,120,0,0,0,0,0,1,0,0,0,0,0,0,1,0,0,0,0,0,0,1,0,0,0,0,1,0,0,0,0,0,1,0,0,0,0,0,0,0,1,0,1,0,162,0,0,1,0,1,0,0,0,1,0,1,0,0,0,0,0,0,0,1,0,1,0,0,1,0,0,1,0,1,0,1,210
S213,C,1,0,0,1,1,2,1,1,0,1,0,1,0,1,1,0,0,0,1,1,1,1,1,2,1,1,0,2,1,1,1,0,0,0,1,1,1,0,0,1,1,1,1,1,1,1,3,0,1,1,1,1,1,1,0,0,1,1,2,0,1,0,1,1,0,1,0,1,1,1,1,1,1,2,1,1,0,1,3,0,1,1,1,0,1,0,2,0,1,2,1,1,0,0,1,0,0,1,0,1,0,1,0,0,0,0,1,1,1,1,0,0,1,1,1,1,1,1,0,1,1,1,1,2,1,1,2,0,0,1,0,1,0,1,1,1,0,0,1,0,1,0,1,1,1,0,1,1,1,2,0,1,0,1,1,1,1,1,1,1,1,1,0,0,1,1,0,1,1,1,1,1,0,0,1,1,3,1,1,0,1,0,1,1,1,2,0,1,1,0,1,1,1,1,0,1,0,0,1,1,1,1,1,0,0,0,1,1,1,1,0,1,1,1,1,0,0,1,1,1,2,0,1,1,0,1,1,1,1,1,1,1,1,0,1,0,1,1,0,0
S214,B,1,1,0,43,0,0,0,1,1,1,0,1,0,0,1,1,0,0,1,1,0,0,2,0,1,2,1,0,1,1,1,0,1,0,0,1,2,0,0,0,1,0,0,1,0,0,1,0,0,1,0,1,1,1,0,1,0,0,0,0,0,0,0,0,0,0,1,0,0,1,0,0,1,0,0,1,0,0,0,1,0,1,0,0,1,1,2,0,0,0,0,1,1,0,0,0,0,0,0,0,0,1,0,1,0,1,0,0,0,0,1,0,2,1,1,0,0,1,0,0,0,0,1,0,0,0,2,0,0,1,0,1,0,0,0,0,0,0,0,0,1,0,1,2,0,0,0,0,0,1,1,1,1,0,0,1,0,2,0,0,0,1,1,0,0,1,210,0,0,1,1,2,0,0,2,0,1,0,1,1,1,1,0,1,0,0,1,0,1,0,0,0,1,0,0,0,0,0,0,0,1,1,1,0,0,0,0,1,0,0,0,0,0,1,1,0,1,1,0,0,0,1,1,0,0,0,0,0,1,0,1,0,0,0,1,100,0,1,0,0
S215,B,10,0,0,36,0,0,0,0,0,0,120,0,0,0,0,2,0,0,3,100,0,0,0,120,0,0,1,0,1,0,0,1,0,0,100,100,0,80,0,0,0,0,0,0,100,0,0,0,1,1,0,0,0,0,0,0,0,1,100,0,0,0,0,0,1,100,0,0,0,1,1,0,0,0,1,0,0,0,0,0,0,0,1,0,0,0,0,1,0,0,1,0,2,0,0,1,0,1,0,1,1,1,0,1,0,0,7,1,0,0,1,0,1,0,1,6,0,0,0,0,1,0,1,0,0,1,0,1,0,0,1,1,1,0,2,0,20,0,0,0,0,0,0,0,1,0,0,0,0,0,0,0,0,1,1,0,0,0,0,1,0,1,0,0,0,1,0,0,0,0,0,0,0,1,100,0,0,0,1,0,0,1,0,0,1,4,0,0,1,0,1,0,0,1,0,0,1,0,0,1,1,1,0,0,0,1,0,0,1,0,1,0,0,0,1,0,0,0,0,0,0,0,0,0,1,1,0,0,0,0,0,1,0,0,1,0,0,0,1,0
S216,B,6,0,1,0,3,0,1,0,1,0,3,1,8,0,7,0,1,0,1,0,1,0,3,2,1,0,3,0,1,0,4,0,4,1,1,0,4,0,5,0,2,0,2,1,3,1,3,0,1,1,5,1,4,1,3,0,1,1,1,0,3,0,4,0,2,1,3,1,1,0,5,0,1,0,3,0,3,0,0,0,2,2,2,0,1,0,5,1,3,1,2,1,2,0,0,0,3,0,5,0,1,1,2,0,1,2,1,1,1,0,0,4,6,1,1,0,1,0,1,0,3,0,2,0,1,1,3,0,1,0,1,0,2,0,9,0,4,0,1,2,3,0,1,0,2,0,5,0,1,0,5,0,3,0,3,1,3,0,1,1,1,0,1,0,1,1,2,0,4,0,3,1,2,0,4,0,3,0,3,0,1,1,2,0,3,1,1,1,4,0,1,0,1,0,3,1,3,0,2,0,5,0,6,0,3,0,1,0,1,0,0,0,6,0,4,0,1,0,3,0,2,1,1,0,2,0,2,0,2,0,3,0,4,0,2,1,2,0,2,0
S217,A,0,4,1,0,0,0,0,0,0,0,0,0,0,20,0,0,0,0,0,0,0,1,0,2,0,7,4,0,1,1,0,0,0,0,0,15,0,0,0,0,0,0,0,0,0,0,0,0,0,5,1,0,0,0,0,0,0,0,1,0,0,0,0,0,0,1,0,0,0,0,0,0,0,10,4,1,0,0,0,0,0,0,0,0,0,0,0,0,0,0,0,0,0,1,0,1,0,10,1,0,1,0,1,0,1,0,0,0,0,0,0,0,0,0,0,0,0,0,0,0,0,20,3,0,0,0,0,0,0,0,0,0,1,0,0,0,0,0,0,0,1,0,0,0,0,14,5,0,0,0,0,1,1,0,0,1,0,0,0,0,0,0,0,0,0,0,0,0,0,3,4,0,0,0,0,0,0,0,1,0,0,0,0,0,0,0,0,0,0,0,0,0,0,9,3,1,0,0,0,0,1,0,0,0,0,0,0,0,0,1,0,0,0,0,0,0,0,5,8,0,0,0,0,0,0,0,0,0,0,0,0,0,0,0,0,0,0,0,0,0
S218,C,90,20,60,10,80,40,40,120,90,20,60,20,130,40,140,50,100,40,90,30,90,30,90,36,56,30,70,30,105,40,110,20,160,30,70,30,120,24,90,30,50,21,80,21,70,16,70,30,28,10,91,30,105,20,84,15,50,15,60,21,80,30,70,30,120,40,63,40,56,40,150,50,40,30,36,20,56,40,60,21,40,20,42,8,22,30,120,30,77,21,32,10,100,14,56,30,63,30,70,21,55,18,110,30,63,20,50,21,60,30,56,20,110,20,49,30,49,20,56,21,66,30,98,21,90,20,80,40,90,21,60,12,80,12,80,9,70,21,24,14,45,20,80,30,65,14,120,21,48,40,100,12,63,14,49,20,80,30,72,30,64,20,63,21,70,14,49,30,70,16,90,30,78,24,70,30,110,30,35,8,70,28,80,14,35,20,70,20,80,50,56,10,40,20,91,40,65,18,130,20,80,30,90,30,35,21,70,12,35,30,63,20,50,10,63,15,36,40,100,21,105,30,40,14,110,18,100,30,77,32,110,10,90,15,90,30,40,28,70,50
S219,A,0,0,0,0,0,0,0,0,0,0,0,0,0,0,0,0,0,0,1,0,1,0,1,0,0,0,0,0,0,0,0,0,0,0,0,2,1,1,0,0,0,1,0,0,1,1,0,0,0,0,0,0,0,0,0,0,0,1,0,0,0,0,0,0,1,0,0,0,1,2,1,0,0,0,0,0,0,0,0,0,0,0,0,0,1,0,0,0,0,0,0,0,1,0,0,0,0,0,0,0,0,0,0,0,0,0,0,1,0,0,1,0,0,0,0,0,0,0,0,0,0,0,0,0,0,0,0,0,0,0,0,0,0,0,1,0,0,0,0,1,0,0,1,1,0,210,0,0,0,1,0,0,0,1,0,0,0,0,0,2,0,0,0,1,0,0,0,0,0,0,0,0,0,0,0,0,0,0,0,1,0,0,0,0,0,0,0,0,0,0,2,0,0,0,0,0,0,0,0,0,0,0,0,0,0,0,0,0,0,0,1,0,0,0,0,1,1,0,0,0,0,0,0,0,0,0,1,1,0,0,0,0,0,0,1,1,0,0,0,0
S220,C,0,0,0,0,0,0,0,1,0,1,0,2,0,0,0,0,4,0,1,1,0,0,0,0,0,1,1,1,0,0,0,0,0,0,120,0,0,80,4,115,0,0,0,0,0,0,1,0,0,0,1,0,0,0,0,0,0,0,0,0,0,0,0,0,0,1,0,0,0,0,0,0,0,0,0,0,0,0,0,0,0,0,0,2,1,100,0,100,1,1,0,0,0,0,0,1,0,0,0,0,1,0,0,0,0,1,0,1,1,0,3,1,0,0,0,0,0,0,1,0,0,0,1,0,0,1,0,0,1,1,0,0,1,0,0,0,5,2,0,0,1,0,0,0,0,0,0,0,0,0,0,1,0,2,0,2,3,1,2,0,2,0,0,0,0,1,0,1,1,0,0,0,1,0,0,0,0,2,4,1,3,1,0,0,0,0,1,0,0,0,1,1,0,0,0,0,0,0,0,0,0,0,0,0,1,1,0,0,1,0,0,0,0,0,0,0,0,0,0,0,0,0,0,0,0,0,0,0,0,0,0,0,0,0,1,0,0,1,0,0
S221,A,2,0,3,0,2,0,3,0,1,0,1,1,6,1,6,0,1,0,3,0,2,0,0,2,1,1,1,0,3,0,1,0,1,0,3,0,5,0,5,0,1,0,1,0,1,0,3,0,1,1,3,0,3,0,3,0,1,0,1,0,0,0,1,0,1,0,2,0,1,1,2,0,1,0,2,0,1,1,0,0,1,0,2,0,1,0,2,0,4,0,2,0,1,0,1,0,2,0,4,0,2,0,4,0,3,1,1,1,1,0,0,6,5,0,0,0,1,0,1,0,2,0,1,1,3,0,2,0,0,0,1,1,1,0,8,0,3,0,1,1,2,0,1,0,3,0,4,0,1,0,2,0,3,0,2,1,3,0,1,0,1,1,5,0,3,0,1,0,0,0,2,0,2,0,1,0,4,0,2,0,3,0,2,0,0,0,1,0,3,0,1,0,1,0,1,0,2,0,3,0,1,0,4,0,1,0,2,0,1,0,3,0,1,0,1,0,1,0,1,0,5,0,2,0,2,0,2,0,4,0,5,0,1,0,5,0,1,0,0,0
S222,B,0,0,0,0,0,0,0,0,0,0,200,0,1,155,0,0,4,0,0,0,150,0,0,120,0,0,1,0,0,1,0,0,0,0,1,0,0,0,1,0,0,0,0,0,0,0,0,0,0,1,0,187,0,0,0,0,0,0,0,0,0,0,1,184,0,0,0,0,0,0,0,0,0,0,0,0,0,0,0,0,0,0,0,1,0,0,0,0,0,0,0,0,1,0,0,0,0,0,0,0,0,0,0,0,0,0,1,0,0,0,2,0,0,0,1,0,0,0,0,0,0,0,0,0,0,0,1,0,0,0,0,0,0,0,0,0,4,2,0,0,1,0,1,0,0,0,0,0,0,0,0,0,0,0,0,1,0,0,1,0,0,0,1,1,0,0,0,0,0,0,1,0,0,0,0,0,0,1,0,1,2,1,0,0,0,0,2,0,0,0,0,0,1,200,0,0,0,0,0,0,0,0,0,0,0,1,0,0,0,0,0,0,0,0,0,0,0,0,0,0,0,0,0,0,0,0,0,0,0,1,0,0,0,0,0,0,1,0,0,0
S223,C,0,0,0,0,0,0,0,0,0,0,0,1,0,0,0,1,2,1,0,0,0,0,0,0,0,0,0,0,0,0,0,1,0,0,1,0,0,0,1,0,0,0,0,0,0,1,0,0,0,0,0,1,0,0,0,0,0,0,0,0,0,0,0,0,0,0,0,0,0,0,0,0,0,0,0,0,1,0,0,1,0,0,0,1,1,0,0,0,1,0,0,0,0,0,0,0,0,0,0,0,0,0,0,0,0,0,0,1,0,0,3,0,0,0,0,0,1,0,0,0,0,0,1,0,0,0,200,0,0,0,0,0,0,0,0,1,4,0,0,0,1,0,0,0,0,0,1,0,0,0,1,0,0,0,0,1,0,0,0,1,0,0,0,0,0,0,0,0,0,0,0,0,0,0,1,0,0,0,1,1,2,1,0,0,0,0,1,1,0,0,0,0,0,0,0,0,0,0,0,0,0,0,0,0,0,0,0,0,0,0,0,0,0,0,0,0,0,0,0,1,0,0,0,0,0,0,0,0,0,0,0,0,0,1,1,1,0,0,0,0
S224,B,1,0,1,1,0,0,10,1,1,0,1,1,0,1,1,0,1,1,3,1,0,0,0,0,0,0,1,0,0,1,0,0,0,0,0,1,0,0,0,1,1,0,1,1,10,8,1,0,1,0,0,0,1,0,1,0,1,1,0,0,0,1,1,0,0,1,0,0,1,1,1,1,0,1,0,1,2,1,0,0,1,1,1,0,0,0,0,0,1,1,0,0,0,1,0,1,0,1,0,0,1,1,0,0,0,0,0,0,0,0,0,0,1,0,0,1,0,0,1,0,1,0,0,1,1,1,150,1,0,0,0,0,0,1,2,0,1,1,0,0,0,1,0,0,1,0,1,0,1,1,1,0,1,2,0,0,0,1,1,0,1,1,1,2,0,0,0,0,1,0,1,1,1,1,1,0,1,0,1,0,0,2,2,0,1,1,0,1,0,0,0,1,0,0,0,1,0,0,0,1,0,0,0,1,0,0,0,1,0,0,0,1,1,1,0,1,0,1,1,1,0,0,0,1,1,0,0,1,0,0,0,1,0,1,0,1,0,1,0,1
S225,B,0,0,0,0,0,0,0,0,0,0,0,4,0,0,0,0,1,0,0,0,0,0,0,0,0,0,0,0,0,0,0,0,0,0,2,6,1,0,0,1,0,0,0,0,1,0,0,0,0,0,0,0,0,0,0,0,0,0,0,0,0,0,0,0,0,0,0,0,0,0,0,0,0,0,0,0,0,0,0,0,0,0,0,0,0,0,0,0,0,0,0,0,0,0,0,0,0,0,0,0,0,0,0,0,0,0,1,0,0,0,0,0,0,1,0,0,0,0,0,0,0,0,0,0,0,0,0,0,1,0,0,0,0,0,0,0,0,1,0,0,0,0,0,0,0,0,0,0,0,0,0,0,0,0,0,0,0,0,0,0,1,1,0,0,0,0,0,0,0,0,0,0,0,0,0,0,0,0,0,0,0,0,4,1,0,0,1,0,0,0,0,0,0,0,0,0,0,0,0,0,0,0,0,0,0,0,0,0,0,0,0,0,0,0,0,0,0,0,0,0,0,0,0,0,0,0,0,0,0,0,0,0,0,0,0,0,0,0,0,0
S226,A,0,0,0,0,0,0,43,1,1,10,1,1,0,0,1,1,0,0,0,1,0,0,0,0,0,0,0,0,0,0,0,0,0,0,0,0,0,0,0,0,0,0,0,0,0,0,0,0,0,0,0,0,0,0,0,0,0,0,0,0,1,0,0,0,0,0,0,0,1,1,0,0,0,0,1,1,0,0,0,0,0,2,1,0,1,0,0,0,2,1,0,0,1,7,14,50,3,0,9,14,0,0,0,0,0,0,0,0,1,0,0,1,1,10,0,1,0,0,0,0,0,0,3,0,5,0,0,1,0,3,0,0,0,0,2,0,2,0,1,0,0,0,0,1,1,1,0,0,0,0,0,0,0,0,0,1,1,0,0,0,0,0,0,0,1,1,2,2,0,0,0,0,0,0,0,0,0,2,1,1,0,0,0,0,0,0,0,0,0,0,0,0,1,1,0,0,1,0,0,0,0,0,0,0,1,0,0,0,0,0,1,0,0,0,0,0,1,0,2,0,0,0,0,0,1,0,0,0,0,1,0,0,0,0,0,0,0,0,0,0
S227,A,0,0,0,108,0,0,0,0,0,0,0,1,0,0,0,0,1,2,0,0,0,0,0,0,0,0,0,0,0,0,0,0,0,0,0,0,1,0,1,0,0,0,0,0,0,0,0,0,0,0,1,0,0,0,0,0,0,0,0,0,0,0,0,0,0,1,0,0,0,0,0,0,0,0,1,0,0,0,0,0,0,0,0,4,6,100,8,30,2,5,0,1,0,0,0,0,0,0,0,0,0,0,0,0,0,5,0,1,0,0,3,2,0,0,0,0,0,0,0,0,0,0,0,0,0,0,0,0,0,0,0,0,80,0,0,0,6,3,0,0,0,0,0,0,0,0,0,0,0,0,1,0,0,3,0,0,1,0,3,0,0,0,0,0,0,0,0,0,1,0,0,0,0,0,0,0,0,3,4,0,2,1,0,0,0,0,0,1,0,1,0,0,0,0,0,0,0,0,1,0,0,0,0,0,0,1,0,0,1,0,0,1,0,0,0,0,0,0,0,0,0,0,0,0,0,0,0,0,0,0,0,0,0,0,0,0,0,0,0,0
S228,C,1,7,0,0,0,0,0,1,40,2,1,0,3,0,5,0,0,0,0,0,0,0,0,2,0,1,0,0,0,0,450,0,0,1,0,0,0,1,0,0,200,0,0,0,0,0,0,400,0,0,0,0,0,0,0,0,0,0,0,0,0,0,1,0,0,0,283,400,0,0,0,0,0,0,0,0,0,1,0,280,0,0,0,0,0,0,0,0,0,0,0,0,0,0,0,0,1,0,0,0,0,1,0,0,1,0,0,0,0,0,0,0,0,0,0,0,0,0,0,0,0,0,0,0,0,1,0,1,1,0,0,0,1,1,1,2,1,0,0,0,0,0,0,1,1,0,0,0,1,0,0,0,0,0,0,8,1,0,1,0,1,0,0,0,400,0,0,0,0,1,1,0,0,1,400,0,400,0,4,8,0,0,8,0,0,20,40,0,1,0,1,1,0,0,0,0,0,0,0,0,1,0,0,0,0,0,0,0,0,0,0,0,0,0,0,0,0,1,0,1,0,0,1,0,0,1,0,0,0,0,0,0,0,0,0,0,0,0,0,0
S229,A,2000,1130,990,1020,1150,1170,1420,1780,1780,1570,1380,1630,2790,1670,1320,1580,1400,1260,1810,1550,2140,1960,1550,1452,1211,1260,1140,1100,889,1320,1190,1590,1920,1780,1600,2170,3080,1392,1570,1540,795,1036,1920,903,2630,1520,1344,1660,940,550,763,1080,784,625,735,800,960,940,3015,1505,2560,1700,1113,1540,1730,1740,1666,2040,1897,2540,2130,2100,948,1460,516,1310,952,1580,1420,1155,728,1600,840,732,516,1050,1425,890,721,784,648,640,1490,1106,931,1210,1442,1340,1320,910,730,888,1510,2000,1491,850,1460,1190,2230,3100,693,900,940,990,1246,1390,1246,1430,854,854,1140,1250,945,350,275,685,1540,1800,1990,1204,1460,972,2510,548,1430,492,1340,868,519,1001,890,1590,1340,1140,930,952,1300,910,520,1380,1400,549,1428,1253,980,1170,1850,790,624,600,464,550,581,441,940,672,595,770,679,464,560,540,378,396,680,820,980,880,650,596,2240,931,1016,896,605,1070,1660,1330,1630,1450,931,1140,688,1050,672,1000,550,678,3100,1390,1570,1500,1460,1650,1150,924,1320,786,655,1440,1372,2200,2570,950,1120,715,740,1000,1000,658,686,1230,510,896,1510,894,1440,1670,1526,1192,1310,675,1230,725,2030,1610,1115,1323,1570,1660
S230,B,0,0,0,0,0,0,0,0,0,0,0,1,0,0,0,1,2,0,1,0,0,0,0,0,0,0,0,0,0,0,1,0,0,0,0,0,2,0,2,0,0,0,0,0,0,0,0,0,0,0,0,0,0,0,0,0,0,0,0,0,0,0,1,0,0,0,0,0,0,0,1,0,0,0,0,0,0,0,0,0,0,0,0,1,0,1,0,0,1,2,0,0,0,1,0,0,0,0,0,0,0,0,0,0,0,0,0,1,0,0,2,0,0,0,0,0,0,530,0,0,0,0,0,0,0,0,0,0,0,0,0,0,1,0,0,0,1,1,0,0,0,0,0,0,0,0,0,0,0,0,0,0,1,1,0,0,2,0,1,0,0,0,0,0,512,0,350,0,1,0,0,0,0,0,0,0,1,1,2,0,4,2,0,0,0,0,0,0,0,1,0,0,0,0,0,0,0,0,0,0,0,0,0,0,0,0,0,0,1,0,0,0,0,0,0,0,0,0,0,0,0,0,0,0,0,0,0,0,0,0,0,0,0,0,0,0,0,0,0,0
S231,C,0,1,0,0,0,1,0,0,0,0,0,1,0,0,0,1,2,1,0,0,0,1,0,0,0,0,0,0,0,0,1,0,0,0,0,0,0,0,1,2,0,0,0,0,0,1,0,0,0,0,0,0,1,0,1,1,0,0,0,0,0,0,0,1,1,0,1,0,1,1,0,1,0,0,0,0,0,0,1,0,0,0,0,1,0,1,2,0,1,0,0,1,0,1,0,0,0,1,1,0,0,0,0,1,0,0,0,3,0,0,3,455,0,1,0,0,1,0,0,0,0,0,1,0,1,0,0,1,0,0,0,0,1,0,0,1,2,3,1,0,0,0,0,0,0,0,0,1,0,1,450,1,315,1,315,0,0,0,1,0,1,0,0,0,0,280,280,0,0,0,0,0,0,0,400,0,0,2,0,1,1,3,1,0,0,0,1,1,0,1,1,0,0,0,1,0,1,0,0,0,0,400,0,0,1,0,0,0,1,410,1,1,1,0,0,1,0,0,0,0,0,0,0,0,0,0,310,0,0,0,0,0,1,0,1,0,1,0,0,0
S232,B,10,0,0,0,0,0,0,0,2,10,1,0,0,0,1,2,0,0,0,0,20,0,0,0,0,0,1,1,0,0,0,0,1,0,0,0,0,0,0,0,0,0,0,0,0,0,1,0,0,0,0,0,0,0,0,0,0,0,0,0,0,0,0,0,0,0,0,1,0,0,0,1,0,0,0,0,0,1,0,0,0,2,0,0,0,0,0,0,1,0,1,0,0,5,7,20,1,1,9,7,0,0,0,0,1,1,0,0,0,0,0,0,0,0,0,0,0,0,0,0,1,0,1,2,0,0,0,1,0,3,0,1,0,0,0,0,0,0,0,0,0,0,0,0,0,0,0,0,0,0,0,0,0,0,1,0,2,0,0,0,0,0,0,0,0,0,1,2,0,0,0,1,0,0,0,0,0,0,1,2,0,0,0,0,0,0,0,0,0,0,0,1,0,0,0,0,0,0,0,0,0,0,0,0,0,0,0,0,0,0,0,0,0,0,0,0,0,0,0,0,0,0,0,0,0,0,0,0,0,0,0,0,0,0,0,0,0,0,0,0
S233,B,3,0,1,0,0,1,1,0,15,1,0,0,3,0,0,0,1,0,1,0,0,0,0,0,5,0,0,1,0,4,1,0,1,1,0,20,1,0,0,0,0,0,1,0,0,0,0,1,8,0,0,0,1,1,1,1,1,0,0,0,3,0,0,0,0,0,2,0,0,0,0,1,4,0,0,0,0,0,0,1,0,0,0,0,1,0,3,3,0,4,1,1,2,0,1,0,5,0,0,0,0,2,1,0,1,0,0,0,1,0,0,0,0,1,0,0,0,0,0,0,6,1,1,0,0,4,0,0,0,0,0,2,1,1,0,0,0,0,0,0,1,0,0,0,3,0,0,0,0,6,2,0,0,0,1,1,1,0,1,0,0,1,1,1,0,0,1,1,1,0,0,0,0,2,2,0,0,0,0,1,1,0,1,0,0,0,0,1,0,1,0,0,2,1,0,0,0,2,0,1,0,0,0,0,1,0,1,0,0,0,2,0,0,0,0,0,2,1,0,0,0,4,1,0,0,0,0,1,0,0,0,1,0,0,0,0,0,0,0,0
S234,C,0,1,1,0,0,1,0,0,0,0,0,0,0,0,0,0,1,1,0,1,0,0,0,2,1,2,2,0,0,0,1,0,1,1,300,0,0,0,290,0,150,210,0,1,300,0,0,0,0,0,0,0,0,1,0,0,0,0,0,1,0,0,1,290,0,213,0,1,0,1,1,0,0,1,0,1,1,0,1,1,1,0,1,0,0,215,323,1,1,0,1,0,2,1,0,0,1,1,0,0,0,0,0,0,0,0,1,0,0,0,0,1,0,0,0,1,2,0,2,0,1,0,0,1,0,1,0,0,0,1,0,2,0,0,0,1,0,1,0,0,1,1,0,1,0,1,2,0,0,1,1,0,0,1,1,2,2,0,0,0,1,0,0,0,0,1,196,1,0,0,0,0,0,0,1,1,0,1,0,1,1,1,0,0,0,1,0,0,1,0,1,0,0,0,0,0,1,0,0,0,0,0,2,1,0,1,0,1,1,2,2,1,0,0,0,0,0,1,1,0,0,0,1,1,1,1,300,0,0,0,1,0,1,115,1,280,0,1,0,0
S235,B,0,0,0,0,0,0,0,0,0,0,0,0,0,0,0,0,1,10,70,0,0,0,0,0,0,0,0,0,0,0,0,0,0,0,0,0,1,0,70,70,0,0,0,0,0,0,0,0,0,0,0,0,0,0,0,0,0,0,0,1,0,0,0,0,0,1,0,0,0,0,0,0,0,0,0,0,0,0,0,0,0,0,0,1,0,1,2,0,0,1,0,0,0,0,0,0,0,0,0,0,0,0,0,0,0,0,0,1,0,1,5,0,0,0,0,0,1,0,0,0,0,0,0,0,0,0,0,0,0,0,0,0,1,3,20,3,8,0,0,0,0,0,0,0,0,0,0,0,0,0,0,0,0,1,1,1,0,0,1,0,0,0,0,0,0,0,0,0,1,0,0,0,0,0,1,0,1,1,1,1,5,3,0,0,0,0,1,0,0,0,0,0,0,0,0,1,0,0,0,0,0,0,0,0,0,0,0,0,1,0,1,0,0,0,0,0,1,0,0,0,0,0,0,0,0,0,0,0,0,0,0,0,0,0,0,0,0,0,0,0
S236,C,0,0,0,0,0,0,0,0,0,0,0,1,0,0,0,0,2,2,0,0,0,0,0,0,0,0,0,0,0,0,0,0,0,1,0,0,0,0,2,1,0,0,0,0,0,1,0,0,0,0,0,0,0,0,0,0,0,0,0,0,0,0,0,0,0,0,0,0,0,0,0,0,0,0,0,0,0,0,0,0,0,0,0,1,0,0,0,0,0,0,0,0,0,0,0,0,0,0,0,0,0,0,0,0,0,0,0,1,0,0,3,0,0,0,0,0,0,0,0,0,1,0,0,0,1,0,0,0,0,0,0,0,0,0,0,0,3,1,0,0,0,0,0,0,0,0,0,1,0,0,0,0,1,0,0,0,0,0,0,0,0,0,0,0,0,0,0,0,0,0,0,0,0,0,0,0,0,1,0,0,1,1,0,0,0,0,1,0,0,0,0,0,0,0,1,0,0,0,1,0,0,0,0,0,0,0,0,0,1,0,0,0,0,0,0,0,0,0,0,0,0,1,0,0,0,0,0,0,0,0,0,0,0,1,0,0,0,0,0,0
S237,A,2,0,1,0,1,0,2,0,1,0,1,0,0,0,3,0,1,0,1,0,1,0,1,0,1,0,2,0,1,0,1,0,3,0,2,0,4,0,10,0,1,0,1,0,1,0,3,0,2,0,1,0,0,0,1,0,2,0,0,0,4,0,3,0,4,0,0,0,1,0,1,0,1,0,1,0,1,0,1,0,1,0,2,0,1,0,2,0,1,0,1,0,1,0,1,0,0,0,2,0,2,0,2,0,1,0,2,0,1,0,2,0,1,0,1,0,1,0,1,0,1,0,0,0,1,0,1,0,5,0,2,0,3,2,3,0,6,0,1,0,1,0,0,0,2,0,3,0,1,0,2,0,1,7,3,0,3,3,2,2,4,0,2,0,1,0,2,0,1,0,1,0,1,0,1,0,5,0,1,1,4,0,1,0,2,1,6,0,1,0,1,0,2,1,1,0,1,0,2,0,1,1,2,0,1,0,3,0,2,0,3,0,1,0,2,0,1,0,1,0,4,0,1,1,4,0,1,0,1,0,0,0,1,0,1,0,2,0,3,0
S238,B,0,0,1,40,1,0,40,0,0,0,0,0,0,40,0,0,0,0,0,1,1,0,0,0,0,0,0,0,1,0,1,0,40,0,0,40,1,0,0,1,0,0,0,0,0,0,0,0,0,1,0,0,0,0,0,0,0,1,0,0,0,1,0,0,0,0,0,1,1,0,0,0,0,0,0,0,0,1,0,1,0,1,0,0,0,0,0,0,0,1,0,1,0,0,0,1,0,1,0,0,1,1,0,0,0,0,0,0,0,0,0,0,0,0,0,0,0,0,0,1,0,0,1,0,0,1,0,0,0,0,0,0,1,0,0,0,0,1,0,1,0,0,0,0,0,0,0,0,0,0,1,0,0,0,0,1,0,0,0,0,0,1,0,0,0,1,0,0,0,0,0,1,1,0,300,0,0,0,5,8,1,0,0,0,1,0,0,0,0,0,0,0,0,0,0,0,0,1,0,0,0,0,0,0,0,0,0,0,1,0,0,0,0,1,161,0,1,0,0,0,0,0,0,0,1,1,300,0,0,0,0,0,0,115,0,0,0,1,0,1
S239,C,2,0,1,0,4,0,2,1,3,0,2,1,4,1,7,1,5,1,1,1,4,0,0,2,3,0,4,0,3,0,1,0,3,0,2,0,8,0,1,0,1,1,1,0,1,0,1,0,2,0,3,0,3,0,1,0,1,0,1,0,4,0,3,0,1,1,2,0,3,0,3,1,1,1,2,0,3,0,1,1,1,0,1,0,1,1,6,0,3,0,1,0,2,0,1,0,1,0,3,0,2,0,1,0,1,2,1,1,2,1,1,4,4,0,1,0,2,0,3,1,4,0,3,0,1,0,1,0,2,0,4,2,4,0,5,1,1,0,1,0,1,0,2,0,4,0,5,0,1,0,200,0,1,0,3,0,1,0,3,1,0,0,3,1,1,0,3,0,3,1,4,0,2,1,1,0,4,0,1,0,2,1,3,0,1,0,2,0,1,0,3,1,1,0,1,0,1,0,2,0,0,0,0,0,1,0,1,0,2,0,3,1,5,1,3,0,1,0,2,0,2,0,1,0,5,0,4,0,3,0,4,0,1,1,2,0,1,0,1,0
S240,B,0,1,0,0,0,0,0,0,0,0,0,1,0,0,0,0,0,0,0,0,1,0,0,0,0,0,0,0,0,0,0,0,0,0,0,0,0,0,0,0,0,0,1,0,1,0,0,0,0,1,0,1,0,0,0,0,1,1,0,0,1,1,0,0,0,1,0,1,1,0,0,0,1,0,0,0,0,0,0,1,0,0,0,0,1,0,0,0,1,1,1,1,1,0,0,0,0,0,0,1,1,0,1,0,0,0,0,0,1,0,1,0,1,0,1,0,0,1,1,1,0,0,0,0,0,1,0,0,0,0,1,0,0,0,1,0,0,0,0,1,0,1,0,0,0,0,0,0,0,0,1,0,0,1,0,0,0,0,0,0,1,0,1,0,0,0,0,1,1,0,0,0,1,0,0,0,0,0,0,0,2,0,1,6,4,1,0,1,0,0,0,1,0,0,0,0,1,1,1,0,1,0,0,1,0,0,0,0,0,1,0,0,0,1,0,0,0,0,0,0,0,1,0,0,0,0,0,0,0,0,3,10,0,1,1,0,1,0,0,0
S241,C,3,0,0,0,1,0,0,0,0,0,0,1,0,0,0,0,2,2,1,0,0,0,0,0,0,0,0,0,0,0,0,0,1,0,0,0,1,0,2,0,0,0,0,0,1,0,1,0,0,0,0,0,0,0,0,0,0,0,0,0,0,1,0,0,1,0,0,1,0,1,0,1,0,0,0,0,0,0,0,1,0,1,0,2,1,0,2,0,0,0,0,0,1,0,0,0,0,0,0,0,0,1,0,1,0,1,0,1,0,0,3,0,0,1,0,0,1,0,0,1,1,0,0,1,0,1,0,0,0,0,0,0,0,0,0,0,3,3,0,0,0,1,0,0,0,0,1,1,0,1,0,1,0,1,0,0,300,1,0,0,0,0,0,0,0,0,210,0,0,0,0,0,1,0,0,0,0,0,0,0,2,0,0,0,0,0,0,0,0,1,0,0,0,0,0,1,0,0,0,0,0,0,0,1,1,0,0,0,0,0,1,0,0,0,0,0,1,0,0,0,0,0,1,1,0,0,0,0,0,0,0,0,0,0,1,0,0,0,0,1
S242,A,0,0,0,0,0,0,0,0,0,0,0,1,0,0,0,0,1,1,1,1,0,1,0,2,0,0,0,0,1,0,0,0,1,0,150,0,2,0,1,0,0,0,0,0,0,1,0,150,0,0,0,0,0,0,0,0,0,0,100,0,0,0,0,0,0,1,0,0,0,0,0,0,0,0,1,0,0,0,0,0,0,0,0,1,0,1,0,0,1,1,0,1,0,0,0,0,0,0,0,0,0,0,0,1,0,0,0,0,0,0,6,0,1,0,1,1,0,1,1,0,0,0,0,1,0,0,0,0,0,0,0,0,0,0,0,0,3,1,3,1,0,0,0,0,0,0,0,0,0,0,0,0,0,3,1,1,1,0,1,1,1,0,1,0,1,0,0,0,2,0,0,0,0,0,1,1,0,9,2,1,3,3,0,0,0,0,0,1,1,3,0,0,0,0,0,1,0,1,0,0,0,1,1,0,0,0,0,0,1,0,0,0,0,0,0,0,0,1,0,0,0,0,0,1,1,0,1,0,0,0,0,0,0,50,1,0,0,0,0,0
S243,A,0,1,1,0,0,1,0,0,0,1,0,2,0,10,0,0,4,1,0,0,0,1,0,0,0,1,0,0,0,0,0,0,1,0,0,0,1,0,1,0,1,0,0,0,1,0,0,0,0,0,0,0,1,0,1,0,1,0,0,1,0,0,0,1,0,1,1,1,0,0,0,0,0,0,0,0,1,0,0,1,0,0,1,1,0,1,0,0,3,0,0,0,1,0,0,1,0,0,1,0,1,0,0,1,0,1,0,1,1,0,5,1,1,0,1,0,0,0,0,1,0,0,1,0,0,1,0,0,1,0,0,0,1,1,0,0,4,3,0,0,0,0,0,1,1,0,0,0,0,0,1,1,0,1,1,0,1,0,2,0,1,0,0,0,0,1,1,1,2,1,0,1,0,0,0,0,0,4,4,1,3,1,0,1,0,1,1,1,0,2,0,0,0,1,0,0,0,0,0,0,0,0,0,0,1,0,1,0,2,0,1,0,0,0,0,1,0,0,0,1,0,0,0,1,1,0,0,0,0,0,1,1,0,1,0,0,0,0,0,0
S244,C,300,10,10,8,9,10,30,60,70,80,50,290,90,90,90,90,70,90,140,130,160,130,90,72,35,10,30,30,21,20,40,30,80,60,90,90,90,88,120,90,30,63,100,56,130,96,84,100,16,5,28,10,14,15,14,20,25,30,60,42,64,80,98,70,80,110,63,160,70,150,160,110,24,30,8,7,14,30,20,28,24,60,42,16,10,50,75,60,42,70,32,25,90,63,70,70,14,50,30,21,5,6,50,40,49,20,130,28,450,110,42,50,70,50,63,70,42,100,42,49,24,20,14,21,5,15,400,50,100,49,40,30,60,16,50,24,90,35,30,77,40,110,60,70,30,7,10,7,8,30,40,21,42,49,28,50,40,80,32,60,72,50,49,42,60,49,84,120,42,16,20,20,6,12,110,50,70,70,25,24,80,77,96,63,35,70,90,90,100,100,70,130,20,30,14,10,5,12,60,40,60,80,70,90,20,35,70,60,60,120,49,130,180,50,84,40,20,30,7,7,14,30,20,28,70,36,50,80,42,72,140,55,90,55,150,80,40,77,110,100
S245,C,1,2,1,0,1,1,60,1,0,1,1,0,1,2,2,1,0,1,2,80,70,80,0,0,7,1,1,1,0,3,1,1,1,1,0,1,1,0,0,0,1,1,0,1,0,1,1,80,1,1,2,1,1,1,1,1,2,1,0,0,1,1,2,0,2,0,1,1,1,1,0,0,1,1,1,0,1,2,1,1,1,0,1,0,1,0,2,0,0,1,0,1,1,0,1,1,1,2,1,2,1,0,1,0,0,1,0,1,1,1,1,1,0,1,0,4,0,0,1,0,1,1,1,1,0,1,0,0,2,1,0,0,0,1,1,0,1,0,1,1,0,1,1,1,1,1,1,1,0,1,0,1,1,1,1,1,0,0,1,1,1,0,0,2,0,0,1,3,3,2,1,1,1,1,0,1,0,0,1,0,1,0,0,0,1,1,4,1,1,1,0,0,1,1,0,2,0,2,0,1,1,1,1,0,1,0,2,1,1,1,0,2,1,1,1,1,1,1,0,1,1,2,1,0,1,0,1,0,2,0,0,0,0,1,1,0,1,1,2,1
S246,C,1,1,1,0,0,0,1,0,0,0,0,0,0,0,0,0,0,0,0,1,1,1,0,2,3,1,1,0,0,0,0,0,1,0,1,0,0,1,0,1,0,0,1,0,0,1,0,0,2,1,1,0,0,1,0,0,0,0,1,0,1,0,0,0,0,0,1,0,0,0,0,0,1,0,1,0,1,1,0,0,0,0,0,0,0,0,0,0,0,0,1,0,1,0,788,0,2,1,0,1,0,0,0,0,1,1,0,1,0,0,0,0,0,0,0,0,0,0,0,1,3,3,1,700,0,1,0,0,0,0,0,0,0,0,0,0,0,1,0,1,0,1,0,0,1,1,0,0,0,0,0,0,0,0,0,1000,1000,0,0,1000,0,0,0,1,0,0,0,0,3,3,0,0,1,0,0,1000,0,0,0,0,0,0,0,0,1,1000,0,0,0,0,0,0,1,3,0,0,0,0,0,0,0,0,1100,0,1,0,1000,0,0,0,0,0,0,0,0,0,2,2,0,0,0,1,0,0,1,0,0,1100,0,880,0,0,0,550,0,0,0,1,0,1000
S247,C,210,180,200,190,240,230,190,200,240,220,180,180,260,230,260,280,250,240,230,240,220,250,230,288,119,210,210,220,182,270,220,230,250,260,200,240,320,184,280,220,120,168,240,147,250,200,175,250,100,105,168,230,189,155,147,110,130,140,200,189,232,290,189,280,300,330,182,270,203,280,340,330,100,240,100,240,196,290,200,147,104,210,114,76,42,230,315,210,147,168,80,90,180,154,154,220,140,230,230,175,140,162,220,270,217,100,200,147,240,240,168,220,220,190,154,170,154,210,147,168,126,260,189,189,155,140,240,260,270,189,220,126,220,96,220,78,210,133,60,147,100,210,270,220,110,154,290,182,116,280,250,78,182,175,147,180,200,230,176,220,168,190,119,126,160,154,147,270,147,176,250,270,180,174,230,230,270,260,115,80,210,154,192,154,105,220,190,200,180,170,140,220,80,190,140,240,105,162,240,200,220,240,190,210,105,147,250,138,105,230,147,260,110,110,175,115,100,200,220,168,196,330,120,168,240,144,230,250,161,224,250,115,190,110,220,260,110,147,220,250
S248,B,7,0,1,82,0,0,0,0,0,0,0,0,0,0,1,1,2,1,0,0,0,0,0,2,1,0,0,0,0,0,80,0,0,0,0,80,1,0,1,0,0,0,0,0,80,0,0,0,1,1,1,0,1,1,0,1,0,0,80,0,0,1,0,0,0,3,0,0,1,0,0,0,0,0,1,0,0,1,0,0,0,0,0,1,1,1,2,0,3,3,1,1,1,0,0,0,0,1,0,0,0,0,0,1,1,0,0,3,0,0,5,1,0,0,1,0,1,0,1,1,1,0,0,0,0,0,0,0,0,0,0,0,1,0,0,1,1,1,1,1,0,1,0,0,1,0,0,0,0,0,0,0,1,3,0,0,0,1,2,0,1,0,0,0,1,1,0,0,0,0,0,0,1,1,0,0,1,2,4,1,2,3,1,0,1,0,1,0,0,1,1,0,0,0,0,0,0,0,0,0,0,0,0,0,1,1,0,0,1,1,0,0,0,0,0,0,1,0,1,0,1,0,0,0,0,0,1,1,1,0,0,0,0,1,0,0,0,0,0,0
S249,B,0,1,0,68,1,0,0,0,0,0,0,1,0,0,0,1,1,1,0,2,0,0,0,2,0,0,1,0,0,0,0,0,50,0,0,0,1,0,3,0,0,0,0,0,0,0,0,0,0,0,0,0,0,0,0,0,0,1,65,0,0,1,0,0,0,1,0,0,0,0,0,0,0,0,0,0,0,0,0,0,0,0,1,2,0,1,0,100,1,0,0,0,0,0,0,0,1,1,0,0,0,0,0,0,0,0,2,2,0,0,2,1,0,0,0,0,0,0,0,0,0,0,0,0,0,0,0,0,0,0,0,0,0,0,0,0,5,1,0,1,1,0,0,1,0,0,0,0,0,0,0,0,0,2,1,0,0,1,2,0,2,0,1,0,0,0,0,0,1,0,1,0,0,0,0,1,1,2,4,1,1,2,0,0,0,0,1,0,0,0,1,1,0,0,0,1,0,0,0,0,1,0,0,1,0,0,0,0,2,0,1,0,0,0,0,0,0,0,0,0,0,1,0,0,0,1,1,0,0,1,0,0,0,0,0,0,0,0,0,0
S250,A,0,0,0,0,0,0,0,0,0,3,4,2,0,0,0,0,0,0,1,0,0,0,0,0,0,0,0,0,0,0,0,0,0,0,0,0,0,0,0,0,0,0,0,0,0,0,0,0,0,0,0,0,0,0,0,0,0,0,0,0,0,0,0,0,0,0,0,0,0,0,1,0,0,0,0,0,0,0,0,0,0,0,0,0,0,0,0,0,1,1,0,0,0,0,1,625,0,0,0,0,0,0,0,0,0,1,1,0,0,0,0,3,0,0,0,5,0,0,0,0,0,0,0,0,0,0,0,0,1,0,0,0,1,0,0,0,0,0,0,0,0,0,0,0,0,0,0,0,0,0,0,0,0,0,0,0,0,0,0,0,0,0,0,0,0,0,0,0,0,1,0,0,0,0,0,0,0,0,0,0,0,0,0,1,0,0,0,0,0,0,0,0,0,0,0,0,0,0,0,0,0,0,0,0,0,0,0,0,0,0,0,0,0,0,0,0,0,0,0,0,0,1,0,1,0,0,0,0,0,0,0,0,0,0,0,0,0,0,0,0
S251,A,6,0,0,0,0,0,0,0,1,0,0,0,0,0,1,0,0,0,0,0,0,1,0,2,0,0,0,0,0,0,0,0,0,1,0,3,0,0,0,0,1,1,0,0,1,0,0,0,0,0,0,0,1,0,1,1,0,0,0,0,1,1,0,0,0,0,0,0,0,0,0,0,0,0,1,0,0,0,0,1,0,1,0,0,1,0,0,0,0,0,0,0,0,1,0,0,0,0,0,0,1,1,0,0,0,0,0,1,0,1,2,1,0,1,0,0,0,0,1,0,0,0,0,0,0,1,0,0,0,0,10,1,0,0,0,1,0,0,1,1,0,0,0,0,0,0,1,0,0,1,0,1,0,0,7,0,0,0,0,2,0,0,0,0,510,0,0,0,0,0,0,0,0,1,500,0,0,1,1,0,0,0,0,0,0,0,1,0,0,0,0,0,0,0,0,0,0,0,0,0,0,0,0,0,0,350,0,0,0,0,0,1,0,0,0,0,0,0,1,1,1,0,0,0,1,0,0,0,350,0,0,1,0,0,0,0,0,0,1,0
S252,C,0,0,0,0,0,0,0,0,0,0,0,1,2,0,1,0,0,0,0,0,1,1,0,0,0,0,0,0,0,0,0,0,0,0,0,0,1,1,2,1,1,0,0,0,0,0,0,0,1,0,0,0,0,0,0,0,0,0,0,0,0,0,0,0,0,1,1,0,0,0,0,0,0,0,0,0,0,0,0,0,1,0,0,1,0,1,2,1,1,0,0,0,0,0,0,0,0,0,1,0,0,0,0,0,0,0,1,2,0,0,3,0,1,0,0,0,0,0,0,0,0,0,0,0,0,0,0,0,1,0,0,0,1,0,1,0,6,1,1,0,0,0,0,0,1,0,0,0,0,0,0,0,1,1,0,1,0,0,5,0,1,1,350,1,0,1,0,0,0,1,0,0,0,0,0,0,0,3,3,1,1,1,1,0,0,0,1,0,0,1,0,0,0,0,0,0,0,0,0,1,0,0,0,0,0,1,0,0,1,0,1,0,450,1,0,0,0,0,0,1,1,0,0,0,1,0,0,0,315,0,0,0,0,0,0,0,0,0,0,0
S253,C,0,0,0,0,0,0,0,0,0,1,1,0,0,0,1,9,1,0,0,1,0,0,0,0,0,0,0,1,0,0,0,0,0,0,0,0,0,0,0,0,0,0,0,0,0,0,0,0,0,0,0,0,0,0,0,0,1,0,0,0,0,0,0,0,0,0,0,0,0,0,0,0,0,0,0,0,0,0,0,0,0,0,5,1,0,0,2,1,1,0,1,0,0,0,0,0,0,0,0,0,0,0,0,0,0,2,2,0,2,1,1,8,3,0,2,1,1,0,0,3,0,0,0,1,0,0,0,0,0,0,2,0,8,1,5,1,3,0,0,1,1,1,0,0,0,0,0,0,1,0,0,0,0,0,1,5,0,6,2,3,6,2,1,2,0,0,1,0,0,0,0,0,0,1,0,1,3,0,0,1,1,7,0,2,4,1,6,0,1,1,1,0,0,7,0,0,0,0,0,0,0,1,0,1,1,0,7,0,0,0,0,1,1,1,0,0,0,0,0,0,0,0,0,0,0,0,0,1,3,1,0,0,0,0,0,1,0,1,0,0
S254,A,0,0,0,0,0,0,0,0,1,10,1,0,0,0,1,2,0,1,0,0,0,0,0,0,0,1,1,0,0,0,0,0,0,0,0,0,0,0,0,0,0,0,0,1,0,0,0,0,0,0,0,0,0,0,0,0,0,0,0,0,0,0,0,0,0,0,0,0,0,0,1,0,0,0,0,0,0,0,1,0,0,1,0,0,1,1,0,0,0,0,0,0,0,14,14,20,2,0,10,14,0,0,0,0,0,0,0,0,0,0,1,0,0,0,0,0,0,1,1,2,0,0,5,2,0,0,1,0,0,1,0,0,0,0,1,0,1,0,0,0,0,0,0,0,0,0,0,0,0,0,0,0,0,0,1,1,0,1,0,0,0,1,0,0,0,1,3,2,0,0,0,1,0,0,0,1,0,1,1,1,0,0,0,0,0,0,0,0,0,0,0,0,0,0,0,1,0,0,0,0,0,0,0,0,0,0,0,0,0,0,0,0,0,0,0,1,0,0,0,0,0,0,1,0,0,0,0,0,0,0,0,0,0,0,0,0,0,0,0,0
S255,A,0,0,1,0,0,0,0,0,0,0,0,2,0,0,0,0,5,1,0,0,1,0,0,0,1,0,0,0,0,0,0,0,0,0,0,0,0,0,1,0,0,0,0,0,0,0,0,0,0,0,0,1,0,1,0,0,0,0,0,0,0,0,0,0,0,0,0,0,0,0,0,0,0,0,0,0,0,0,0,0,0,0,0,1,1,0,0,0,1,1,0,0,0,0,0,0,0,0,0,0,0,0,0,1,0,0,0,1,0,0,3,0,0,0,0,0,0,0,0,0,0,0,0,0,0,0,0,0,0,0,0,0,1,0,0,0,3,1,0,0,0,0,0,0,0,0,0,0,0,0,0,0,0,0,1,0,0,0,2,1,0,0,0,0,0,0,1,0,0,0,0,0,0,0,0,0,0,1,0,1,2,1,0,1,0,1,1,0,0,0,0,0,0,1,0,1,0,0,0,0,0,0,0,1,0,0,1,0,1,0,0,0,0,0,0,0,0,0,0,0,0,0,0,0,0,0,0,0,0,0,0,0,0,0,0,0,0,0,1,0
S256,B,20,0,0,0,3,5,3,1,0,0,0,0,0,0,0,0,0,0,6,1,1,0,0,2,5,1,0,0,0,2,0,1,3,0,0,15,4,5,2,0,2,5,0,4,0,4,0,1,1,1,3,2,7,1,1,2,0,0,0,0,0,0,0,0,1,0,0,6,0,0,1,0,0,2,1,2,2,0,3,0,1,1,0,0,0,0,14,1,1,0,0,1,0,0,0,9,0,0,0,0,0,2,4,1,1,1,1,0,0,0,3,3,2,1,1,0,0,3,1,2,0,0,4,6,4,0,6,3,1,1,0,0,2,0,1,0,4,1,1,1,3,0,1,3,0,2,3,3,2,0,0,1,0,0,0,0,1,1,0,4,1,3,1,0,7,2,1,0,1,2,1,0,1,1,5,1,3,0,3,0,0,1,0,1,1,0,2,2,0,0,3,2,1,0,2,8,2,1,1,1,0,9,1,0,0,0,0,1,0,1,1,0,1,0,0,0,0,0,0,7,0,1,1,1,3,1,4,4,0,0,0,0,1,1,0,0,0,2,0,0
S257,C,0,0,0,0,0,0,0,0,0,0,0,0,0,15,0,0,5,2,1,0,1,0,0,0,0,0,0,0,0,0,0,0,0,0,15,0,0,0,1,0,0,0,0,0,1,0,0,0,0,0,0,0,1,1,0,0,0,0,1,0,0,0,0,0,1,0,0,0,0,0,0,0,0,1,0,0,0,0,0,0,1,0,0,1,0,0,0,0,0,1,0,0,0,0,0,0,1,0,0,0,0,1,0,0,0,0,1,1,0,0,2,0,0,0,0,0,0,0,0,0,1,0,0,0,0,0,0,0,0,1,0,0,0,0,0,0,5,1,0,0,1,0,0,1,0,0,0,0,0,0,1,0,0,0,0,1,0,0,0,1,0,0,0,0,0,1,0,0,0,0,0,0,0,0,60,0,0,0,0,1,3,1,1,0,1,0,1,0,0,1,0,0,0,1,0,0,1,0,0,0,0,0,0,0,0,0,0,0,1,0,1,0,0,1,0,1,0,0,0,0,0,0,1,0,1,0,0,1,1,1,0,0,0,0,0,0,0,0,1,0
S258,B,20,0,1,0,2,0,2,0,1,0,3,3,3,0,10,1,2,0,1,0,1,0,3,2,1,1,1,0,4,0,4,0,1,0,1,0,4,0,6,0,2,0,1,0,1,1,2,0,1,1,2,1,1,0,3,0,1,0,0,0,4,0,2,0,5,0,5,1,2,0,2,0,1,0,1,0,3,1,4,0,2,0,2,0,1,0,5,1,7,0,1,0,2,0,1,0,1,0,2,1,1,0,2,1,2,1,3,1,2,1,2,8,6,1,1,0,0,0,4,0,3,0,2,1,2,0,1,0,5,0,1,0,1,0,8,0,3,1,2,0,2,0,2,0,2,0,4,0,3,0,2,0,5,0,3,0,5,1,3,0,5,0,3,0,240,0,3,1,2,0,3,0,2,0,1,0,4,0,3,0,1,0,3,0,2,1,2,1,1,0,4,0,0,0,5,0,2,0,2,0,5,0,1,0,1,0,1,0,1,0,0,0,2,0,2,0,1,1,1,0,3,0,2,0,1,0,1,0,3,0,6,0,2,0,1,0,2,0,1,0
S259,B,0,0,0,0,0,0,0,0,0,0,0,1,0,0,1,0,3,2,0,0,0,1,0,0,0,0,0,0,0,0,0,0,1,0,1,0,1,0,1,0,0,0,0,0,0,0,0,1,0,0,0,0,0,0,0,0,0,0,0,0,0,0,0,0,0,1,0,0,1,0,0,1,0,0,0,0,0,0,0,1,0,0,0,2,0,1,0,80,1,1,0,1,0,1,0,0,0,0,0,0,0,0,1,0,0,0,1,1,0,1,2,1,1,0,0,0,0,1,0,0,1,0,0,0,1,0,0,0,0,0,0,0,0,0,0,0,5,1,0,0,0,0,0,0,0,0,0,0,0,0,0,0,1,1,0,1,2,1,1,0,1,1,0,0,0,0,0,0,0,0,1,0,0,0,0,0,0,1,3,1,6,2,0,1,0,0,4,0,0,1,0,0,0,0,0,1,1,0,0,0,0,0,0,0,0,0,0,0,1,0,0,0,0,0,1,0,0,0,0,0,0,0,0,0,0,0,0,0,0,0,0,0,0,0,0,0,0,0,0,0
S260,B,1,2,0,1,1,1,0,0,0,1,0,0,1,0,0,0,1,2,0,0,1,1,0,0,2,0,1,0,0,1,2,1,1,2,0,1,1,1,0,1,0,0,0,0,1,0,1,1,1,1,0,0,1,1,0,0,2,1,1,1,1,1,0,1,1,0,1,2,1,1,3,1,1,1,1,1,1,3,1,1,1,1,0,0,0,1,0,1,0,0,1,0,0,0,1,0,1,2,1,1,2,1,1,1,1,1,0,1,1,1,0,400,0,0,0,1,1,0,0,1,1,0,2,0,1,1,0,2,2,0,0,0,1,1,1,1,1,1,1,0,0,0,0,0,0,2,2,1,2,2,1,1,1,1,0,2,0,1,1,1,0,1,0,1,0,1,1,1,0,0,0,0,1,1,1,1,1,0,0,1,1,0,0,0,0,0,1,1,0,1,1,0,1,1,1,1,0,1,1,0,0,0,0,1,1,2,0,0,1,0,1,2,0,1,1,1,1,1,0,0,2,0,1,1,0,1,0,1,0,0,1,0,1,1,1,0,1,1,0,1
S261,B,3,0,0,0,0,0,0,0,1,1,180,0,0,220,0,1,4,0,0,0,0,0,0,240,0,0,0,0,0,0,0,0,0,0,0,0,2,160,200,0,0,0,0,0,0,0,0,0,0,0,0,0,0,0,0,0,0,1,0,0,1,0,0,0,0,1,0,1,0,0,0,1,0,0,0,0,0,0,0,0,1,0,0,0,0,0,315,0,1,1,0,1,1,0,0,1,1,0,0,0,0,0,1,1,0,0,0,1,0,0,3,0,0,0,1,0,0,0,0,0,0,0,0,0,0,0,0,0,1,0,0,0,1,0,0,0,4,1,0,0,0,0,0,0,0,0,0,0,0,0,1,0,0,2,0,0,1,1,1,0,1,0,0,0,1,0,1,0,1,0,0,1,0,1,1,0,1,5,3,1,4,4,0,0,0,0,1,0,1,1,0,0,0,0,0,0,0,0,1,0,0,0,1,0,0,1,1,0,2,0,1,0,0,0,0,0,0,0,0,0,0,0,0,1,0,1,1,0,1,0,0,0,0,0,1,0,0,0,0,0
S262,C,0,0,0,0,0,0,0,1,0,0,100,100,0,0,0,1,3,0,100,100,0,100,0,0,0,0,0,1,0,1,0,0,0,0,0,100,1,0,1,1,0,1,0,0,0,0,0,0,0,0,0,0,0,1,0,0,0,0,0,0,0,0,0,0,0,0,68,0,0,0,0,0,0,1,0,1,0,0,0,0,0,0,0,1,0,0,0,0,1,0,0,0,0,1,0,1,0,0,0,0,0,0,0,0,0,0,0,1,0,1,3,0,0,0,1,1,0,0,0,0,0,1,1,0,0,0,0,0,0,0,1,0,0,0,0,1,5,0,0,1,0,0,0,0,0,1,0,0,0,0,0,0,0,1,0,0,0,0,0,0,0,0,0,0,0,0,0,0,1,0,0,1,0,0,0,0,1,0,1,0,5,2,0,0,0,0,1,0,1,0,0,1,0,0,1,0,0,0,0,0,0,0,0,0,0,0,0,1,1,0,0,0,80,0,0,0,0,0,1,0,0,1,0,1,0,0,0,0,1,0,0,1,0,1,1,0,0,0,0,0
S263,C,2,1,4,42,1,0,1,0,3,1,3,1,3,1,7,0,2,1,2,0,2,0,0,2,3,0,2,0,3,0,2,0,2,0,1,35,3,0,1,0,1,0,2,0,4,0,2,40,1,0,3,1,2,0,1,0,2,0,1,1,3,0,1,0,5,0,2,0,2,0,3,1,1,1,1,1,1,0,1,0,1,2,4,1,1,0,5,0,7,0,1,0,6,1,1,1,2,0,6,1,1,0,1,0,1,2,3,3,3,0,1,3,4,0,1,0,1,0,2,0,3,0,3,0,2,0,2,0,2,0,3,0,4,0,6,1,2,0,1,1,2,0,1,0,2,0,2,1,2,0,0,0,5,0,1,0,5,1,2,1,6,0,3,1,2,0,1,0,1,1,4,0,3,1,4,0,2,0,3,0,7,0,4,0,1,0,1,0,1,1,2,0,1,0,1,0,3,0,3,0,1,0,2,0,1,0,2,0,1,0,4,0,2,0,3,0,1,0,1,0,2,1,2,0,4,1,2,0,1,0,3,0,3,0,1,1,1,0,1,0
S264,B,0,0,0,0,0,0,0,0,0,1,20,0,0,0,0,0,0,0,0,0,0,0,0,0,0,0,0,0,0,0,0,0,0,0,0,0,0,0,0,0,1,0,0,0,0,0,0,0,0,0,0,0,0,0,0,0,0,0,0,0,0,0,0,0,0,0,0,0,0,0,0,0,0,0,0,0,1,0,0,0,0,0,0,0,0,0,0,0,1,0,0,0,0,0,0,0,0,0,0,0,0,0,0,0,0,0,0,0,0,0,0,0,0,0,0,0,0,0,0,0,0,0,0,0,0,0,0,0,0,0,0,1,0,0,0,0,1,0,0,0,0,0,0,0,0,0,0,0,0,0,0,0,0,0,0,0,0,0,0,0,1,0,0,0,0,0,0,0,0,0,0,0,0,0,0,0,0,0,0,0,0,0,0,0,0,0,0,0,0,1,0,0,0,0,0,0,0,0,0,0,0,0,0,0,0,0,0,0,0,0,0,0,0,0,0,0,0,0,0,1,0,0,0,0,0,0,0,0,0,0,0,0,0,0,0,0,0,0,0,0
S265,A,30,0,8,1,0,0,0,2,0,0,100,0,1,0,0,0,0,0,0,1,0,0,0,2,0,0,4,0,0,1,1,0,0,0,0,1,1,80,100,0,1,1,0,0,0,2,0,0,0,0,7,1,1,0,0,0,0,0,1,0,0,1,0,1,0,100,1,0,0,0,0,1,0,0,4,0,0,0,1,0,0,0,0,0,1,0,0,1,1,0,0,1,1,0,0,0,0,1,10,0,0,2,1,0,0,0,1,0,0,1,0,0,0,0,1,0,1,0,0,0,0,1,7,0,0,0,1,0,0,0,0,0,0,0,0,0,0,0,1,0,0,0,1,1,0,0,10,0,0,0,0,0,0,0,1,0,0,0,0,0,1,0,0,1,0,0,0,0,0,1,5,1,0,0,0,1,0,0,0,1,0,0,0,0,0,0,0,1,0,0,0,0,0,1,5,0,0,0,1,0,1,0,1,0,1,0,0,1,0,0,0,1,0,0,0,0,1,0,4,1,1,1,0,0,0,1,2,0,0,0,0,0,1,1,1,1,0,1,1,1
S266,A,10,20,20,20,20,20,20,20,20,40,20,20,20,30,20,20,20,20,20,20,20,20,20,36,14,20,20,20,21,30,20,20,30,20,20,20,30,24,30,40,20,21,20,21,40,16,28,30,8,10,14,20,21,15,14,10,20,15,20,21,32,30,28,30,30,30,21,30,21,30,30,30,8,20,8,20,14,40,20,14,8,20,12,8,4,20,30,30,14,14,12,10,30,14,14,20,14,20,20,14,15,24,20,30,21,10,20,14,20,20,14,20,30,30,21,30,14,20,14,14,12,20,21,14,15,15,20,20,20,14,20,12,30,8,30,9,20,14,6,14,10,40,20,20,10,14,20,21,12,30,20,6,28,14,14,20,20,30,16,20,16,20,14,14,20,14,28,20,14,16,20,20,18,18,20,20,30,20,10,8,30,14,16,14,10,20,20,20,30,30,14,20,8,20,14,20,10,12,20,20,20,20,20,20,10,14,40,12,10,20,14,30,10,10,14,10,8,20,20,14,14,40,10,14,20,12,20,20,14,32,20,10,20,10,20,20,10,14,20,20
S267,C,1,0,2,0,1,0,0,0,0,0,1,1,0,0,0,1,0,0,0,1,0,1,0,2,1,1,4,0,0,0,1,0,1,1,1,0,1,1,1,1,0,0,0,0,0,0,1,0,1,0,3,0,0,1,1,0,1,0,0,0,1,1,1,0,0,0,1,0,0,1,0,1,1,0,2,0,1,1,0,1,1,0,1,0,0,0,2,0,0,0,1,0,0,1,0,1,1,2,3,0,0,1,0,0,1,1,0,0,0,0,0,360,1,0,1,0,2,0,0,1,0,0,0,0,1,0,1,0,0,0,0,1,1,0,2,0,0,0,1,0,0,2,0,0,0,0,1,0,1,1,0,0,1,0,0,0,1,0,0,0,0,0,0,0,0,0,0,0,0,0,5,0,1,0,0,1,1,0,0,0,0,0,0,2,0,0,0,1,0,0,0,0,0,1,3,0,0,1,0,0,0,0,0,1,1,1,0,0,0,0,0,0,230,1,0,0,1,0,1,0,0,0,1,1,0,0,0,0,1,1,1,0,0,0,0,0,1,0,1,0
S268,C,500,510,520,520,560,570,430,480,490,510,470,480,570,590,550,570,620,560,500,480,520,530,530,600,322,530,580,640,420,670,460,540,600,560,510,550,590,456,560,510,270,392,550,308,490,408,399,630,228,280,448,660,413,345,329,290,290,285,450,427,536,620,455,620,640,610,434,620,434,620,710,730,232,610,240,590,441,690,520,329,188,470,240,180,96,510,675,460,364,343,184,220,450,336,350,560,392,610,610,399,315,372,560,590,413,235,440,350,550,560,350,440,460,460,357,470,329,440,301,364,324,590,469,434,360,325,550,540,520,385,500,276,560,220,610,168,500,336,150,336,240,460,530,510,275,441,660,497,260,670,520,168,378,378,322,440,460,460,432,450,384,430,301,294,450,315,364,580,371,472,590,630,408,366,540,530,560,590,240,192,460,350,408,364,210,460,520,530,440,440,406,510,208,490,441,590,295,396,470,510,500,510,490,480,250,364,600,300,275,530,371,560,250,265,357,270,200,510,600,462,420,680,265,350,580,330,520,470,329,504,570,270,530,255,520,540,245,350,530,530
S269,A,1,1,1,0,0,0,1,2,1,1,120,1,1,1,2,0,3,1,1,1,120,0,2,2,1,1,0,0,0,0,0,1,1,1,0,4,1,0,0,1,1,0,1,1,0,1,1,1,0,0,1,1,1,1,1,1,0,0,1,0,1,0,1,3,1,1,1,0,0,0,1,1,0,1,1,0,0,1,1,1,0,1,1,0,1,1,0,1,0,1,0,0,0,0,0,1,0,1,1,0,0,1,0,1,0,0,0,0,1,1,4,0,1,1,2,0,1,1,0,0,0,0,1,1,1,1,1,0,1,1,0,0,1,1,1,1,1,1,1,0,1,1,1,1,1,0,0,0,1,1,0,0,1,1,0,1,1,1,1,0,1,1,70,1,0,2,1,1,0,1,1,1,2,1,1,1,0,0,1,1,1,1,1,2,0,1,1,0,1,0,1,1,1,1,1,0,2,1,1,1,2,1,1,1,0,0,0,0,1,1,0,0,320,1,1,1,1,0,1,1,1,0,0,1,1,0,2,0,1,1,0,1,0,1,2,1,1,0,0,0
S270,C,0,0,1,1,0,1,1,0,0,0,0,0,0,0,1,1,0,1,0,0,0,0,0,0,1,0,7,0,0,1,0,1,0,0,1,0,1,1,0,0,0,1,0,0,1,1,0,0,0,1,3,0,0,0,0,1,0,0,0,0,0,0,0,1,1,0,1,0,0,0,0,0,0,0,2,0,0,2,0,0,0,2,1,0,0,0,0,0,0,1,0,0,0,0,0,0,0,0,4,1,0,1,0,0,0,1,0,0,0,1,0,0,2,0,0,1,0,1,0,0,1,0,2,1,0,1,0,0,0,0,0,0,0,0,0,0,0,0,0,0,0,0,0,0,1,0,4,0,1,0,0,0,1,0,0,0,0,0,0,0,0,0,0,0,1,1,0,0,0,0,3,1,0,0,0,0,1,1,0,0,0,1,0,1,0,0,0,0,1,0,1,0,0,0,2,1,0,0,0,0,0,1,0,0,0,0,0,0,0,0,0,1,0,0,0,0,1,0,3,1,0,0,0,1,0,0,1,0,0,0,0,0,1,0,0,0,0,0,0,0
S271,C,50,1,0,0,0,0,0,0,0,0,0,0,0,0,0,1,0,0,0,0,0,1,0,0,0,0,0,0,0,0,0,0,0,0,45,0,0,0,0,0,0,0,0,0,0,0,0,0,0,1,0,0,0,0,0,0,1,0,0,0,0,0,0,0,0,0,0,0,0,0,0,0,1,1,0,0,0,0,0,0,0,0,0,0,0,0,0,0,28,28,0,0,0,0,0,0,0,0,0,1,0,1,0,0,5,1,0,3,0,10,4,3,0,7,5,2,1,1,0,0,0,0,0,0,0,0,0,0,1,1,5,4,0,1,4,0,0,4,1,3,0,0,0,0,0,0,0,0,0,0,0,0,1,2,0,0,0,1,1,10,4,1,2,0,0,0,0,0,0,0,0,0,0,2,0,0,2,0,0,0,1,0,4,5,1,1,1,1,0,0,0,0,0,0,0,0,0,0,1,0,0,0,1,1,0,1,1,3,1,0,0,1,0,0,1,0,0,0,0,0,0,0,0,1,0,0,0,0,0,0,0,2,1,0,0,0,0,0,0,0
S272,B,0,0,0,0,0,0,0,0,0,0,300,1,0,0,0,0,1,0,0,0,0,0,0,0,0,0,0,0,0,0,0,0,0,0,1,0,0,0,2,1,0,1,0,0,0,0,0,0,0,0,0,0,0,0,0,0,0,0,0,0,0,0,0,0,0,0,0,0,0,0,0,0,0,0,0,0,0,0,0,0,0,0,0,1,0,0,0,0,0,0,0,0,0,0,0,0,0,0,0,0,0,0,0,0,0,0,0,1,0,0,3,0,0,0,0,0,0,0,0,0,0,0,0,0,0,0,0,0,0,0,0,0,0,0,0,0,2,3,0,0,0,0,0,0,0,0,0,0,0,0,0,0,0,0,0,0,0,0,0,0,0,0,0,0,0,0,0,0,0,1,0,0,0,0,0,0,0,0,0,1,5,1,0,0,0,0,1,0,0,0,1,0,0,0,0,0,0,0,0,0,0,0,0,0,0,0,0,0,0,0,0,0,0,0,0,0,0,0,0,0,0,0,0,0,0,0,0,0,0,0,0,0,0,0,0,0,0,0,0,0
S273,A,0,0,0,0,0,0,0,0,0,0,0,0,1,0,0,0,0,1,0,0,0,0,0,0,0,0,0,0,0,0,0,0,0,0,0,0,0,0,500,0,250,0,0,0,0,0,0,0,0,0,0,0,0,0,0,0,0,0,0,0,0,0,0,0,0,0,359,0,0,0,0,0,0,0,0,0,0,1,0,0,0,0,0,1,0,0,0,0,1,0,0,0,0,0,0,0,0,0,0,0,0,0,0,0,0,0,0,0,0,0,0,0,0,0,0,0,0,0,0,0,0,0,0,0,1,0,0,0,0,1,0,0,0,0,0,1,1,0,0,0,0,0,0,0,0,0,0,0,0,0,0,0,0,1,1,1,4,10,168,530,328,370,189,105,110,70,63,60,14,8,10,4,3,5,30,60,130,210,80,60,130,98,160,147,100,220,150,120,110,110,77,70,12,10,7,5,3,6,10,40,90,140,150,140,55,77,130,84,75,150,84,150,120,60,70,35,16,10,10,5,5,9,5,28,80,72,140,130,77,112,140,70,160,75,140,140,75,98,130,90
S274,A,0,0,0,0,0,0,1,0,0,0,0,0,0,0,0,1,4,1,0,0,0,0,0,0,0,0,0,0,0,0,0,0,0,0,1,0,4,0,3,0,0,0,0,0,0,0,0,0,0,0,0,0,1,0,0,0,0,0,0,0,1,0,0,0,0,1,0,0,0,0,0,1,0,0,0,0,0,0,0,0,0,0,0,1,0,1,150,2,1,0,1,0,0,1,0,0,0,0,0,0,0,0,0,0,0,0,1,1,1,0,3,0,0,0,0,0,0,1,1,0,0,0,0,0,0,0,0,0,0,0,0,1,0,0,1,1,4,4,0,0,0,0,0,0,0,0,0,0,0,0,0,0,0,1,0,1,2,0,2,0,1,0,0,0,0,0,1,0,1,0,0,0,0,0,0,0,1,1,2,0,3,3,0,0,0,0,1,0,0,1,0,0,0,0,0,0,1,0,0,0,0,0,0,0,0,0,0,1,2,0,0,0,0,0,0,0,0,0,0,0,0,0,0,0,0,0,0,1,0,0,0,1,0,0,0,0,0,0,1,0
S275,A,390,520,570,540,640,650,480,610,690,580,590,630,760,590,620,760,660,700,700,460,650,640,730,888,343,460,650,630,581,800,540,670,700,750,710,530,770,560,820,450,350,490,890,336,560,544,462,760,264,270,490,760,630,470,315,330,450,360,750,469,632,810,602,820,900,560,525,880,539,690,830,830,260,650,328,600,553,850,650,455,204,610,384,228,130,730,615,580,434,518,252,280,380,455,525,710,434,730,510,511,485,504,790,570,546,330,550,518,530,620,420,530,420,560,455,600,427,420,392,462,342,670,406,497,420,400,680,650,640,518,610,366,630,196,660,222,710,385,186,329,315,660,710,720,335,336,760,532,336,740,590,219,546,462,371,560,430,710,576,610,472,600,280,378,530,364,308,660,448,448,760,700,432,480,680,720,770,750,215,240,570,518,600,420,255,620,650,600,560,620,315,670,228,520,462,520,340,432,590,620,580,510,660,700,325,511,590,342,335,750,420,520,470,245,560,380,252,610,620,518,595,870,350,539,890,330,710,820,581,768,830,300,710,335,680,700,370,371,810,770
S276,B,20,0,0,0,1,1,0,0,20,0,0,0,0,0,0,1,0,0,0,0,0,0,0,0,1,1,0,0,1,1,0,0,0,0,0,0,0,0,1,0,0,0,0,0,0,1,1,0,0,0,0,0,0,0,0,0,0,0,0,0,0,1,0,0,1,0,0,0,0,0,1,0,1,0,0,0,1,0,0,0,0,0,0,1,0,1,2,1,0,0,0,0,0,0,0,0,0,0,1,0,1,0,0,0,0,0,0,4,0,0,1,0,1,0,0,1,0,0,0,0,0,0,0,0,0,1,1,1,0,1,0,0,0,0,0,1,5,5,0,1,0,0,1,0,0,1,1,0,0,0,0,1,1,2,0,350,2,1,1,0,1,1,0,1,0,0,0,0,0,0,0,0,0,0,0,1,1,1,3,2,3,3,0,1,0,0,1,1,1,0,0,1,1,0,0,0,1,0,1,1,0,0,0,0,1,0,0,0,1,0,1,0,0,1,0,1,1,0,1,0,1,0,1,0,0,1,0,0,1,1,0,0,0,120,1,0,0,0,0,0
S277,C,25,1,1,40,0,0,0,0,0,0,200,0,0,0,0,1,4,1,0,0,0,0,0,240,0,0,1,0,0,0,0,1,0,0,1,0,1,0,1,0,0,0,0,0,200,0,0,0,1,1,1,0,0,0,0,0,1,0,0,0,0,0,0,180,180,0,0,0,126,1,1,0,0,0,0,1,0,0,0,0,0,0,1,1,1,200,300,0,1,1,0,0,0,0,0,1,0,0,0,0,0,1,0,1,0,0,0,1,0,1,1,1,0,0,0,0,1,1,1,0,0,0,0,0,0,1,0,1,1,0,0,0,0,1,0,0,5,1,0,1,1,0,0,0,0,0,1,1,0,0,0,0,0,1,1,0,1,2,0,0,1,0,1,0,0,0,0,0,0,1,0,0,1,0,0,0,0,1,0,1,0,3,0,0,1,1,2,0,1,0,0,0,0,1,1,1,0,0,1,0,0,0,1,0,1,0,0,0,0,1,0,0,0,1,1,0,1,0,1,0,0,1,1,0,0,0,0,0,0,0,1,0,0,0,1,0,0,0,0,0
S278,A,0,0,0,0,0,15,1,0,0,0,0,2,0,0,1,0,1,0,1,0,0,1,0,0,0,0,0,0,0,0,0,0,0,1,0,0,3,0,2,0,0,0,0,0,0,0,0,0,0,0,1,0,1,1,0,0,0,1,0,0,0,0,0,0,0,1,0,1,0,0,0,0,0,1,0,1,1,0,0,1,0,0,1,2,0,0,2,1,1,1,0,1,0,0,0,1,0,0,0,0,0,0,1,1,0,0,1,3,0,0,4,0,0,0,0,0,1,0,0,1,0,0,1,0,1,1,0,1,0,1,0,0,0,1,0,0,4,2,0,1,0,0,300,0,0,0,1,1,0,0,1,1,1,4,1,1,3,1,2,0,0,1,0,0,1,1,0,0,0,0,0,0,0,0,0,0,0,1,2,1,7,4,1,1,0,1,1,0,0,1,0,1,1,0,1,0,0,0,1,0,1,0,1,0,0,0,1,1,1,0,0,1,1,0,0,0,0,0,0,0,1,0,0,0,0,0,0,0,0,0,0,1,0,0,0,0,0,1,0,0
S279,C,0,0,1,0,0,0,0,0,0,0,0,0,1,1,0,1,7,1,0,0,1,0,0,0,0,0,0,0,0,0,0,0,0,0,0,0,1,0,2,1,1,1,0,0,0,0,0,0,0,0,0,0,0,0,0,0,1,0,0,0,0,0,0,0,0,1,0,0,0,0,0,0,0,0,0,0,0,0,0,0,1,0,0,1,0,1,0,0,1,0,0,1,0,0,0,0,0,0,0,0,0,0,0,0,0,0,2,2,0,0,7,3,2,1,0,0,0,1,0,0,0,0,0,0,0,0,0,0,0,0,0,0,0,0,0,0,4,2,0,0,1,0,0,0,0,0,0,1,0,0,0,0,0,1,2,200,1,1,0,0,0,0,1,0,0,0,0,0,0,0,0,0,0,0,0,0,0,3,4,1,2,1,0,0,0,0,1,0,0,1,0,0,0,1,0,0,0,0,0,0,0,1,0,0,1,0,0,0,1,0,0,0,0,0,0,0,1,0,0,0,0,0,0,0,0,0,0,0,0,0,0,0,0,0,1,0,0,0,0,0
S280,B,2,1,1,0,2,0,0,0,2,1,1,4,1,0,1,0,10,0,0,0,0,1,0,2,1,0,1,0,1,0,0,1,1,0,1,0,2,0,1,0,0,0,3,1,0,1,0,0,1,0,2,1,0,0,1,0,2,0,0,1,0,0,3,0,1,1,1,0,1,0,1,0,1,0,0,0,1,0,1,0,1,1,1,0,1,1,2,0,1,0,1,1,3,1,0,1,0,0,1,1,1,0,1,0,1,1,0,0,0,0,1,1,0,0,0,0,1,255,0,0,1,0,1,0,0,0,0,1,1,0,0,0,1,0,7,1,0,1,2,0,1,0,1,0,1,0,1,0,1,0,0,0,1,0,1,1,0,0,0,0,3,0,147,0,0,0,1,0,2,0,1,0,0,0,1,0,1,1,0,0,1,0,2,0,1,1,0,0,2,1,0,0,1,0,2,1,1,0,2,0,0,0,1,1,0,0,1,0,1,1,1,0,240,0,1,0,1,0,0,1,0,0,0,0,1,0,1,0,1,0,1,0,2,0,2,1,1,1,0,0
S281,A,8,0,0,0,0,0,1,0,0,0,0,1,0,0,1,0,0,0,0,0,0,1,0,0,0,0,0,0,0,0,0,0,1,0,0,1,1,0,0,0,1,0,0,0,0,0,0,0,0,0,0,0,0,0,0,0,0,0,0,0,1,0,0,0,0,0,0,0,0,0,0,0,0,0,0,0,0,0,1,0,0,0,0,0,0,0,0,0,0,1,0,0,0,0,0,0,1,0,0,0,0,0,0,0,7,0,1,0,0,0,0,3,1,1,0,0,0,1,0,0,0,0,0,0,0,0,0,0,2,1,0,0,0,1,1,0,1,1,0,0,0,0,0,0,0,0,0,0,0,1,0,0,0,0,0,0,1,0,0,0,0,0,0,0,1,0,0,1,0,1,0,0,1,0,0,0,1,1,0,0,1,1,2,1,0,1,1,0,0,0,0,1,0,0,0,0,0,0,1,0,0,0,0,0,0,0,1,0,0,0,0,0,0,1,0,0,0,0,0,0,0,0,0,0,1,1,0,0,0,1,1,0,0,0,0,1,0,1,0,0
S282,A,1,160,110,100,130,230,360,470,470,520,480,570,810,830,720,780,810,940,1120,1260,1380,1330,1050,756,210,200,140,130,112,270,370,550,650,680,670,790,960,760,900,850,445,749,1190,805,1380,1072,791,780,164,105,119,140,105,140,245,275,335,380,690,651,848,1070,728,1070,1160,1230,910,1650,1211,1650,1340,800,148,210,60,110,35,100,290,273,176,480,264,204,140,700,885,580,469,574,380,520,1070,791,658,640,217,190,140,84,75,150,370,510,392,280,590,490,870,860,553,710,780,830,784,1230,833,1070,602,441,204,210,126,98,90,135,410,560,680,511,680,414,870,352,860,273,820,588,327,910,620,1210,1000,680,185,154,160,98,60,260,390,159,427,490,427,620,730,760,632,730,568,740,623,721,1170,812,714,700,252,176,170,140,108,156,420,530,620,660,300,260,770,574,656,567,455,1040,1210,1370,1320,1200,791,760,164,240,119,150,85,168,420,590,750,860,880,910,495,714,1040,630,560,1220,938,1690,330,705,770,355,164,250,200,112,119,300,220,434,770,498,850,880,644,888,990,465,950,535,1210,1350,705,889,1030,700
S283,A,0,0,0,0,0,0,0,0,1,0,0,0,1,19,1,1,2,2,1,0,0,0,0,0,0,1,0,0,0,0,0,0,0,1,0,15,0,0,3,1,1,0,0,1,0,0,1,10,0,0,0,0,0,0,0,0,0,0,0,0,0,1,0,0,0,0,0,1,0,0,1,1,1,0,0,0,0,0,0,0,1,0,0,2,1,0,0,0,1,0,0,0,1,0,0,0,1,1,0,0,0,0,0,0,0,0,0,2,0,0,1,0,0,1,0,1,0,0,0,0,0,1,0,0,1,1,0,1,0,0,0,0,1,0,0,0,7,3,1,0,0,1,1,0,0,1,0,0,1,0,0,1,0,3,0,0,0,1,0,0,0,0,0,0,0,1,0,0,1,0,1,0,0,0,0,0,0,0,0,1,2,1,0,0,1,1,1,1,0,0,0,0,0,0,0,0,1,1,0,0,0,0,0,0,0,0,0,0,1,0,0,0,0,1,1,0,0,1,0,0,0,0,0,0,0,0,1,1,0,0,0,1,0,0,1,0,0,0,0,0
S284,C,70,5,80,50,50,120,190,120,180,360,250,230,320,240,370,390,520,500,120,100,130,100,100,120,56,60,140,100,147,170,240,130,190,190,240,370,300,224,340,280,115,182,210,140,200,256,91,140,32,30,105,90,49,70,91,55,80,155,160,105,248,290,231,530,200,100,56,50,133,80,80,80,48,60,72,80,56,170,120,49,72,330,138,92,40,180,450,380,210,203,76,155,500,35,56,280,84,40,120,77,50,90,150,110,112,175,310,182,310,330,252,220,280,180,77,80,49,60,63,84,72,100,154,126,75,175,490,240,120,245,270,138,220,92,350,99,410,147,39,84,55,50,90,60,35,42,140,91,44,200,250,126,154,231,154,210,200,170,200,310,224,200,98,49,80,63,91,90,28,16,90,290,114,108,250,180,260,370,125,88,220,119,184,196,160,220,480,2000,680,110,42,60,40,30,91,220,75,156,320,40,40,60,180,120,40,140,140,60,55,150,77,70,50,55,91,30,24,40,80,126,98,100,105,140,280,150,60,70,105,144,140,65,110,75,160,80,55,98,80,50
S285,A,16,0,1,0,1,0,20,1,0,0,200,0,0,185,0,2,0,1,1,150,0,150,0,0,0,0,0,1,1,0,500,0,0,0,500,0,1,364,0,400,0,280,400,280,0,0,0,0,0,0,0,453,0,0,1,0,0,1,0,0,0,420,0,0,0,1,0,450,0,0,0,0,1,1,0,1,0,0,1,0,0,450,1,1,0,0,0,0,0,0,1,1,1,0,0,0,0,0,0,0,0,0,0,1,0,1,0,1,0,0,0,0,0,0,1,0,2,0,1,1,0,0,0,0,0,0,0,0,0,1,1,1,1,0,7,1,0,1,0,0,0,1,0,0,0,0,0,0,0,0,0,0,0,1,0,1,0,0,0,0,1,0,280,1,0,0,315,0,0,0,1,0,0,0,0,0,0,0,3,0,1,0,1,0,1,0,1,1,1,0,0,1,1,0,0,0,0,1,0,0,1,0,0,0,1,0,0,0,0,0,0,0,0,0,0,1,0,0,0,1,0,0,1,0,0,0,150,0,0,0,0,1,0,0,1,0,0,0,0,1
S286,B,0,0,0,0,0,0,0,0,0,0,0,1,0,0,0,1,3,0,0,1,1,0,1,0,0,0,0,0,0,0,0,0,0,0,0,0,0,0,3,0,0,0,0,1,0,0,0,0,0,0,0,0,0,0,0,0,0,0,0,0,0,0,0,0,0,1,0,0,0,0,0,0,0,0,1,0,0,0,0,0,0,0,0,1,0,1,0,0,1,0,0,1,0,0,0,0,0,0,0,0,0,0,0,0,0,0,1,1,0,0,2,1,0,0,0,0,0,0,0,0,1,0,0,0,0,0,0,0,0,0,0,0,0,0,0,0,4,1,1,0,0,0,0,0,0,0,0,0,0,0,0,0,0,2,1,1,1,0,1,0,1,0,0,0,0,0,0,0,0,1,0,0,0,0,0,0,1,1,5,1,1,2,0,0,0,0,2,0,0,1,0,1,0,0,0,0,0,0,0,0,0,0,0,0,0,0,0,0,1,0,0,0,0,0,0,0,0,0,0,0,0,0,0,0,0,0,0,0,0,0,0,0,0,0,0,0,0,1,0,0
S287,B,0,0,0,0,0,1,30,1,30,0,100,0,0,0,100,0,0,0,0,0,80,0,0,120,0,0,0,0,0,1,0,1,100,0,0,0,0,80,0,0,0,0,0,1,0,0,0,0,0,0,1,0,1,0,0,1,0,0,0,0,0,100,0,0,0,0,0,0,0,0,0,0,1,0,0,0,1,0,0,0,0,0,0,0,1,0,0,0,0,1,0,1,10,0,0,0,0,0,0,0,1,0,1,0,0,0,0,1,1,1,0,0,0,1,1,0,0,0,0,0,0,0,1,0,0,0,0,0,0,0,1,0,0,0,0,1,1,1,0,7,0,30,0,0,0,0,0,0,1,0,0,0,0,1,0,0,0,1,0,0,0,0,0,0,0,0,0,1,1,0,1,0,0,0,0,1,1,0,0,0,0,0,1,0,0,1,1,0,1,1,0,1,1,0,0,0,0,0,0,0,0,0,0,0,0,0,1,1,0,1,0,1,0,0,1,0,1,0,0,0,0,0,0,0,0,0,0,0,0,1,1,0,0,0,0,0,0,0,0,0
S288,A,0,1,0,0,1,1,0,1,0,1,0,1,0,0,0,1,2,0,0,0,1,0,0,0,0,0,0,0,0,0,0,0,0,0,0,0,0,1,0,0,0,0,0,0,0,0,0,1,0,0,0,0,0,0,0,0,0,1,0,0,0,0,0,0,1,0,0,0,0,0,1,0,0,0,0,0,0,0,0,0,0,0,0,2,0,0,0,0,0,0,0,0,0,0,0,0,0,0,0,0,0,0,0,0,0,0,0,3,0,0,1,0,0,0,0,0,1,0,0,0,0,0,1,0,1,1,0,0,0,0,0,0,0,0,0,0,4,1,0,0,0,0,0,0,0,0,0,0,0,0,0,0,0,1,0,0,0,0,0,0,0,0,0,0,0,0,0,0,1,0,0,0,0,0,0,0,0,3,0,0,0,1,0,0,0,0,2,0,0,0,0,0,0,0,0,0,0,0,0,1,0,1,0,0,0,1,0,0,0,0,0,0,0,0,0,0,0,0,0,0,0,0,0,0,0,0,0,0,0,0,0,0,0,0,0,1,0,0,0,1
S289,A,0,0,0,0,1,0,0,0,0,0,0,5,0,0,0,0,3,0,0,0,1,1,0,2,1,0,1,1,1,0,0,0,0,1,1,1,1,0,0,6,0,0,0,0,0,1,1,1,0,0,0,0,0,0,0,0,0,0,0,0,0,0,0,0,0,0,0,0,0,0,1,0,1,0,0,0,0,1,0,0,0,0,0,0,0,1,2,0,1,0,0,1,0,1,0,0,0,0,0,1,1,0,0,0,1,0,0,0,0,0,0,1,0,0,0,0,0,1,364,1,0,0,0,0,0,0,0,0,0,0,0,1,0,0,0,0,1,3,0,0,0,0,1,0,0,0,0,0,0,1,0,0,0,0,0,0,0,0,0,0,1,0,0,0,1,0,1,1,0,1,1,1,0,0,0,0,0,0,0,0,0,0,5,3,1,0,1,0,0,0,0,0,0,0,0,0,0,0,1,0,0,0,0,0,0,0,0,0,0,0,0,500,0,0,0,1,0,0,0,0,0,0,0,0,0,0,100,0,0,1,0,0,0,1,1,0,0,0,0,0
S290,C,0,1,1,0,0,0,0,0,0,0,0,0,1,0,1,1,0,0,0,0,0,1,0,0,1,0,0,0,0,1,0,0,0,0,0,1,0,0,0,0,1,0,1,0,0,0,0,1,0,0,0,0,0,0,1,0,0,0,0,1,0,0,0,0,0,0,0,0,0,0,1,1,0,0,1,0,0,0,1,1,0,0,0,1,1,0,0,0,1,0,0,0,1,0,0,0,0,0,0,1,1,0,1,0,0,0,1,0,610,0,0,0,0,1,0,1,0,0,0,1,0,0,0,0,0,1,600,0,0,1,1,0,0,0,6,1,0,2,0,0,0,1,0,0,0,0,0,0,1,0,1,1,1,1,1,1,0,0,0,1,1,0,0,0,0,0,0,0,0,0,0,1,1,0,600,1,0,0,1,0,0,0,2,2,1,500,0,0,0,0,1,1,1,1,0,0,0,1,0,0,1,0,600,0,0,0,0,0,1,0,0,0,1,0,0,0,0,0,0,0,0,0,1,1,0,1,0,0,0,0,0,0,1,0,0,0,1,1,1,0
S291,A,5,0,1,0,680,2,3,9,10,1,4,4,10,3,8,3,8,5,9,4,500,5,9,600,161,1,1,0,245,6,10,4,10,5,5,4,10,3,6,4,300,4,10,5,5,1,7,3,160,0,2,0,245,3,6,2,5,1,4,1,524,3,6,6,8,5,7,2,3,2,6,6,124,0,2,0,182,5,4,2,4,3,6,2,2,3,30,1,7,3,3,2,6,2,5,3,133,0,2,0,110,5,600,9,7,3,4,5,600,1,3,510,7,1,6,6,5,2,5,0,210,0,1,0,225,3,4,7,10,3,4,3,4,1,4,3,6,1,2,1,5,3,10,3,130,0,4,0,180,5,450,2,7,1,476,2,4,2,3,4,2,3,4,1,600,2,5,4,154,0,3,560,3,12,5,8,9,6,4,1,8,1,7,2,4,1,5,3,5,5,5,1,108,0,4,0,170,5,20,4,10,1,5,1,1,2,3,2,4,5,2,4,5,3,3,2,136,0,1,1,385,8,3,5,30,3,5,5,7,3,7,1,2,2,6,2,3,2,8,1
S292,A,170,0,0,220,0,0,310,0,270,0,300,30,0,0,70,0,0,70,0,0,90,1,0,144,0,110,1,0,133,0,0,190,190,0,230,0,0,24,0,0,25,210,50,35,0,56,0,0,40,0,0,110,0,1,91,1,95,0,0,7,0,300,14,0,0,60,0,0,35,0,130,0,0,80,0,1,77,0,0,119,0,0,72,0,6,300,0,50,0,0,12,0,0,84,0,0,70,1,130,0,1,102,0,0,105,0,0,14,1,1,210,0,70,3,1,50,5,0,49,1,0,150,1,0,55,0,0,130,1,84,30,0,20,0,2,15,0,0,18,0,0,60,1,1,50,0,190,0,1,190,0,0,126,0,0,30,0,0,48,0,56,0,0,42,300,0,49,1,0,64,0,0,102,0,0,140,0,220,0,0,10,0,0,28,0,0,60,0,1,80,0,120,0,0,91,0,0,138,0,0,220,1,0,20,0,0,30,0,15,0,0,100,0,0,42,0,0,110,1,0,133,0,110,0,0,138,0,0,21,0,0,5,0,0,40,0,50,1,0,100
S293,A,0,145,1,0,0,0,0,0,0,1,1,0,1,0,0,0,0,1,0,150,150,1,1,0,0,0,0,0,0,0,0,0,0,0,0,0,1,0,100,100,0,0,0,1,0,1,0,170,1,0,1,0,0,0,0,0,0,1,0,0,128,0,0,170,0,0,0,0,0,0,0,0,0,0,0,0,0,0,1,0,0,130,0,0,0,0,0,0,0,0,0,1,0,1,1,1,0,1,0,1,0,0,0,1,1,0,0,1,1,1,1,0,0,0,0,1,0,0,0,0,1,0,0,0,0,0,1,1,1,0,0,0,0,0,0,2,1,1,0,2,0,0,1,0,1,1,1,0,0,0,0,0,1,0,0,1,0,0,0,0,0,0,0,0,0,0,0,0,0,0,0,0,0,1,0,0,1,0,1,0,0,0,0,0,0,0,0,0,1,0,0,0,1,1,1,0,0,0,0,0,1,0,0,1,0,0,0,1,1,0,0,0,0,0,0,1,1,0,0,0,0,0,0,0,0,0,0,0,0,0,0,0,0,1,1,0,1,1,0,0
S294,C,1,60,70,60,80,80,60,60,70,60,60,50,70,110,100,90,80,80,60,70,80,100,80,84,56,60,70,70,56,90,70,110,80,70,80,80,90,72,100,100,40,49,70,49,50,72,63,80,28,35,56,70,63,50,42,45,45,45,80,77,80,80,70,90,90,90,63,110,63,90,110,100,28,60,28,80,56,90,70,42,36,60,36,28,20,80,90,60,42,49,36,35,50,49,63,70,35,70,80,56,45,54,80,90,56,35,50,49,80,90,49,70,70,60,70,60,35,90,42,49,36,70,63,63,50,45,90,60,80,56,70,36,80,32,90,24,70,42,24,42,30,60,100,80,40,56,80,63,32,90,80,24,49,49,42,70,70,70,72,90,40,50,63,35,50,49,56,90,42,48,80,70,60,48,80,80,90,80,35,32,80,70,96,42,30,50,60,70,60,60,49,80,24,50,49,80,40,54,80,50,70,60,70,70,40,49,60,48,35,80,63,100,70,30,49,30,28,60,70,56,56,120,40,49,70,48,80,80,56,72,80,35,70,35,70,70,40,49,60,80
S295,A,1,0,0,1,0,0,0,0,0,0,200,0,0,1,1,0,1,0,0,0,0,0,1,0,1,0,0,1,1,0,0,1,0,0,200,0,0,0,0,1,0,2,200,0,0,0,1,200,0,0,0,1,1,0,1,75,0,0,1,0,0,0,0,0,0,0,0,1,0,0,0,0,0,0,0,0,1,0,1,0,0,0,0,0,1,0,0,200,1,0,0,0,0,1,1,0,1,0,1,1,1,0,0,0,0,0,0,0,2,1,0,0,0,0,1,0,2,0,0,0,1,0,1,0,0,1,0,0,0,0,2,1,0,0,0,0,1,1,0,0,0,1,1,0,1,1,0,1,0,0,1,0,1,0,0,0,0,1,1,1,0,0,0,1,0,0,0,0,0,0,1,0,0,0,2,0,1,1,0,1,1,1,0,0,1,0,1,0,1,0,0,1,0,0,1,1,1,0,0,0,0,0,0,1,0,0,1,0,1,0,0,0,0,0,1,0,0,1,1,1,1,1,0,0,1,0,0,1,0,0,0,0,0,0,1,1,0,0,0,0
S296,A,0,0,0,0,0,0,1,0,1,0,0,1,0,0,0,1,3,1,0,0,1,0,0,0,0,0,0,0,0,0,0,0,0,0,0,0,1,0,2,1,0,0,0,0,0,0,0,0,0,0,0,0,0,0,0,0,0,0,0,0,0,0,0,0,0,1,0,0,0,0,0,0,0,0,0,1,0,0,0,0,0,0,0,1,0,2,0,0,1,1,0,0,0,0,0,0,0,0,0,0,0,0,0,0,0,1,0,2,0,0,1,1,0,0,0,1,1,1,0,0,0,0,0,0,0,1,0,0,0,0,0,0,0,0,0,0,3,3,0,0,1,0,0,1,1,0,0,0,0,0,1,0,0,3,0,0,1,1,1,0,1,0,0,0,0,0,0,0,0,0,0,1,0,0,0,0,0,1,3,1,1,1,0,0,0,0,1,0,0,1,0,0,0,0,1,0,0,0,0,0,0,0,0,0,0,0,0,0,1,0,1,0,1,0,0,0,0,0,1,1,1,0,0,0,0,0,0,0,0,0,0,0,0,0,0,0,0,0,0,0
S297,C,0,0,0,0,1,1,0,0,0,0,0,0,0,0,1,1,2,0,0,0,0,0,1,0,0,0,0,0,1,0,0,0,0,0,0,1,0,1,2,0,0,1,0,0,0,0,0,0,0,0,1,0,0,0,1,0,0,1,0,0,0,0,0,0,1,1,0,0,1,0,0,1,1,0,0,0,0,0,1,0,0,0,1,1,0,0,0,1,0,0,0,1,0,0,1,810,1,0,0,0,0,0,0,1,0,0,0,1,800,0,4,0,0,0,1,1,1,800,0,1,0,0,1,1,0,1,0,0,1,0,0,0,0,0,1,0,3,1,0,0,0,0,0,0,1,1,0,0,0,0,1,0,0,2,0,1,0,0,0,1,0,0,0,1,0,0,0,0,1,0,0,0,0,0,0,0,1,2,0,1,1,1,1,0,0,0,1,0,0,0,0,0,0,0,0,0,1,0,1,0,1,0,0,0,1,0,800,1,1,0,0,0,800,1,0,0,0,1,0,0,0,0,1,0,0,0,0,1,0,0,1,1,800,0,1,0,0,0,0,0
S298,B,0,0,0,0,0,0,0,0,1,0,0,0,0,0,1,5,1,0,0,0,0,0,0,0,1,0,0,0,0,0,0,0,0,0,0,0,0,0,0,0,0,0,0,0,0,0,0,0,0,0,0,0,0,0,0,0,0,0,0,0,0,0,0,0,0,0,0,0,0,0,0,0,0,0,0,0,0,0,0,0,0,0,0,0,0,0,15,0,0,0,0,0,0,0,0,0,0,0,0,0,0,0,0,0,0,2,0,0,0,0,0,0,0,0,0,0,0,0,0,0,0,0,0,0,0,0,0,0,0,0,7,0,0,1,0,0,1,0,0,0,0,0,0,0,0,0,0,0,0,0,0,0,0,0,0,0,0,0,0,0,0,0,0,0,0,0,0,0,0,0,0,0,0,0,0,0,10,1,1,1,0,0,0,1,0,0,0,0,0,0,0,0,0,0,0,0,0,0,0,0,0,0,0,0,0,0,0,0,0,0,0,0,0,0,0,1,0,0,0,0,0,0,0,0,0,0,0,0,0,0,0,0,1,0,0,0,0,0,0,0
S299,A,30,1,0,0,1,0,0,0,1,1,120,0,1,1,100,0,0,0,100,100,100,0,0,2,1,0,1,1,0,1,1,0,1,1,1,0,1,1,100,1,1,1,100,1,1,0,1,120,0,1,2,0,0,0,1,0,1,0,1,1,0,0,0,1,1,1,0,2,1,1,0,1,0,0,0,0,1,1,1,1,0,1,0,1,1,0,0,0,1,0,0,0,0,2,84,0,1,2,1,1,0,0,1,1,0,0,1,0,1,0,1,1,1,0,1,1,1,0,1,0,0,0,1,1,1,1,0,0,0,0,1,0,1,1,0,1,1,1,1,0,1,1,1,0,1,1,0,0,0,1,0,0,0,0,0,2,1,1,0,1,0,1,0,0,1,1,0,1,0,1,1,1,0,0,1,0,2,1,0,0,2,2,1,0,1,1,1,1,0,1,1,1,1,0,1,0,1,0,1,0,0,1,0,0,0,0,1,1,1,0,1,0,1,1,1,1,1,1,1,0,1,1,1,0,1,1,1,0,0,0,0,0,0,0,0,1,1,2,0,0
S300,A,0,0,0,0,0,0,0,0,0,10,0,110,0,0,0,0,8,30,5,0,0,0,0,0,0,0,1,0,0,0,0,0,0,0,100,0,0,0,0,0,0,0,0,0,0,0,0,0,0,0,0,0,0,0,0,0,0,0,0,0,0,0,0,0,0,0,0,0,0,0,0,0,0,0,0,0,0,0,0,0,0,0,0,0,0,0,0,0,0,0,0,0,0,0,42,10,0,0,0,0,0,0,0,0,0,0,0,0,0,0,0,0,0,0,0,0,0,0,0,0,0,0,0,0,0,0,0,0,0,0,0,0,0,0,0,0,0,0,0,0,0,0,0,0,25,0,0,0,0,0,0,0,0,0,1,0,0,0,0,0,0,0,0,0,0,0,0,0,0,0,0,0,0,0,0,0,0,0,0,0,0,0,0,0,0,0,0,0,0,0,0,0,0,0,0,0,0,0,0,0,0,0,0,0,0,0,0,0,0,0,0,0,0,0,0,0,0,0,0,0,0,0,0,0,0,0,0,0,0,0,0,0,0,0,0,0,0,0,0,0
S301,C,0,0,0,0,0,0,0,0,0,0,0,0,0,0,0,1,4,1,0,0,0,0,0,0,0,0,0,0,0,0,0,0,0,1,0,0,0,0,1,0,0,0,0,0,0,1,0,0,0,0,0,0,0,0,0,0,0,0,0,1,0,0,0,0,0,1,0,0,0,0,0,0,0,0,0,0,0,0,0,1,0,0,0,1,0,0,0,0,1,1,0,0,0,0,0,0,0,0,0,0,0,0,0,0,0,0,1,1,0,0,4,1,0,0,0,0,0,0,0,0,0,0,0,0,0,0,0,0,0,0,0,0,0,0,0,0,8,1,0,0,1,0,0,0,0,0,0,0,0,1,0,0,0,3,0,1,1,2,6,0,0,0,0,0,10,1,0,0,1,0,0,0,1,0,0,0,1,4,3,0,4,2,0,0,0,0,1,0,0,1,0,0,0,0,0,1,0,0,1,0,0,0,0,0,0,0,0,0,1,0,0,0,0,0,0,0,0,0,0,0,0,0,0,0,0,0,0,0,0,0,0,0,0,0,0,1,0,0,0,0
S302,A,0,0,0,66,0,1,1,0,60,0,0,1,1,0,1,3,3,1,1,0,0,1,1,2,0,0,0,0,0,1,0,0,0,1,200,200,1,0,2,0,0,0,0,1,200,0,1,0,0,1,0,0,0,0,1,69,1,0,0,0,0,0,0,1,1,1,0,0,0,0,0,0,0,1,0,1,0,0,0,0,0,150,0,2,0,0,300,200,4,1,1,1,0,0,0,1,0,0,1,0,0,1,0,0,1,1,1,1,0,0,3,0,0,0,0,0,0,1,0,0,1,0,0,0,1,1,0,0,1,0,0,0,0,1,0,1,3,2,0,1,1,0,1,1,0,0,0,0,0,0,0,0,0,2,0,0,1,0,2,0,0,0,0,0,0,1,0,0,0,1,0,0,0,0,0,0,0,2,2,0,6,2,0,1,1,0,1,0,0,2,1,0,0,0,0,0,0,1,1,1,0,0,0,0,1,0,1,0,1,0,1,1,0,0,1,0,0,0,0,1,0,0,0,0,0,0,0,0,1,0,1,1,0,0,0,0,1,0,0,0
S303,B,0,0,0,0,0,0,0,0,0,1,0,0,0,0,0,0,0,0,0,0,0,0,0,0,0,0,0,0,0,0,0,0,0,0,0,0,0,0,0,0,0,0,0,0,0,0,0,0,0,0,0,0,0,0,0,0,0,0,0,0,0,0,0,0,0,0,0,0,0,0,0,0,0,0,0,0,0,0,0,0,0,0,0,0,0,0,0,0,0,0,0,0,0,5,1,6,0,0,0,0,0,0,0,0,1,4,0,0,0,0,0,20,0,0,0,5,0,0,0,0,0,0,0,0,0,0,0,0,0,0,0,0,0,0,1,0,0,0,0,0,1,0,0,0,0,0,0,0,0,0,0,0,0,0,0,0,0,0,0,0,0,0,0,0,0,0,0,0,0,0,0,0,0,0,0,0,0,0,0,0,0,0,0,0,0,0,0,0,0,0,0,0,0,0,0,0,0,1,0,0,0,0,0,0,0,0,0,0,0,0,0,0,0,0,0,0,0,0,0,0,0,0,0,0,0,0,0,0,0,0,1,1,1,0,0,0,0,0,0,0
S304,A,1,0,1,1,0,0,0,0,0,1,1,1,1,1,2,1,5,1,0,0,2,1,0,0,0,0,0,0,0,0,1,0,1,0,1,0,0,0,0,1,0,2,0,0,0,0,1,1,1,0,0,1,0,0,0,0,0,0,0,0,0,0,0,1,0,0,1,0,0,1,0,0,1,0,0,0,0,0,1,0,0,1,1,1,1,0,2,1,1,0,0,1,2,0,0,0,2,0,0,1,0,1,0,0,0,1,1,1,0,1,1,210,1,1,1,0,0,0,0,0,1,0,1,0,0,0,1,0,0,1,3,0,1,0,2,1,2,3,1,1,1,0,0,1,1,0,0,0,0,0,1,0,1,1,2,1,1,3,3,1,2,1,1,0,1,1,0,1,1,0,0,0,1,1,0,0,0,1,1,1,0,0,1,3,2,1,0,0,0,0,0,0,0,0,0,0,0,0,1,0,1,0,0,0,1,0,2,0,0,0,0,0,1,0,1,1,0,0,0,0,0,0,0,0,0,0,0,0,1,0,0,0,0,1,0,1,0,0,0,2
S305,C,0,0,0,0,0,0,0,0,0,0,0,1,0,0,0,1,2,0,0,0,0,0,0,0,0,0,0,0,0,0,0,0,0,0,0,0,0,0,0,0,0,0,0,0,0,0,0,0,0,0,0,0,0,0,0,0,0,0,0,1,0,0,0,0,0,1,0,0,0,0,0,0,0,0,0,0,0,0,0,0,0,0,0,1,0,0,0,0,2,0,0,0,0,0,0,0,0,0,0,0,0,0,0,0,0,0,1,1,0,0,2,0,0,0,0,0,0,0,0,0,0,0,0,0,0,0,0,0,0,0,0,0,0,0,0,0,3,1,0,0,0,0,0,0,0,0,0,0,0,0,0,0,0,1,0,0,0,0,0,0,0,0,0,0,0,0,0,0,0,1,0,0,0,0,0,0,0,1,0,1,1,1,0,0,0,0,1,0,0,0,0,0,0,0,0,0,0,0,0,1,0,0,0,0,0,0,0,0,0,0,0,0,0,0,0,0,0,0,0,0,0,0,0,0,0,0,0,0,0,0,0,0,0,0,0,0,0,0,0,0
S306,C,400,260,320,340,400,370,380,350,550,530,650,410,570,540,630,570,670,610,580,570,590,570,580,540,287,380,430,310,315,380,340,350,680,530,570,470,660,496,710,610,330,441,560,294,640,344,455,600,220,205,371,380,315,200,280,205,295,295,620,420,560,570,595,720,920,870,462,580,490,760,800,570,216,380,168,300,252,540,450,301,336,790,390,244,120,530,870,560,434,399,208,225,450,378,476,570,385,390,450,301,220,234,420,430,546,300,580,413,690,550,434,530,740,490,378,510,371,420,329,357,324,460,364,287,270,215,460,440,640,476,770,330,630,232,700,216,600,280,171,371,310,530,650,460,250,280,470,287,160,370,520,141,427,441,448,570,430,450,408,500,416,320,329,329,490,301,427,530,315,288,400,410,378,216,420,470,760,760,325,208,500,378,488,315,220,450,530,520,520,420,343,430,192,350,245,300,185,222,420,400,560,640,640,530,290,378,660,336,300,570,406,680,450,220,357,230,172,310,430,273,301,370,230,245,620,360,640,600,420,456,580,230,490,200,510,440,270,329,540,530
S307,A,1,2,3,210,150,4340,3,2,1,1,1,2000,1,0,1,1,2,0,1,0,10,0,0,0,0,1,4,220,119,4890,3,1,2,1,1,1,1,1,0,1,1,1,1,1,0,0,0,0,0,2,3,200,133,2605,3,1,1,1,1,1,1,1,1,1,1,1,1,1,0,0,0,0,0,3,3,6480,168,7400,3,1,1,1,1,1,1,1,2,0,0,0,0,0,0,0,0,0,0,3,7,210,120,4206,4,2,1,1,1,3,1,0,1,1,2,1,1,1,1,1,6300,0,0,0,1,210,150,4545,20,20,7,2,2,2,1,1,0,1,1,0,0,1,0,0,0,0,0,3,1,266,116,8980,10,3,7,6,7,4,1,1,1,1,1,1,0,0,0,0,0,0,0,4,5,480,180,5052,20,10,10,7,1,1,1,1,1,1,1,0,1,0,0,1,0,0,0,4,3,430,95,4218,40,7000,10,7,4,1,1,0,1,1,0,0,0,0,0,1,0,0,0,3,4,315,182,9380,15,7,5,3,2,1,1,1,1,1,1,0,1,0,0,0,0,0
S308,B,330,340,750,290,430,470,7218,1000,790,660,360,3100,510,380,470,530,970,960,630,810,460,360,420,432,322,820,600,640,532,410,410,340,520,1060,510,400,1120,712,810,350,220,266,750,399,510,288,434,670,308,200,259,730,364,300,616,135,400,395,570,476,568,530,399,490,810,760,476,700,833,450,540,1500,152,390,224,580,567,860,600,266,140,460,204,208,82,550,1050,630,273,525,128,250,350,336,350,1070,399,540,480,301,255,252,450,1080,476,255,1180,266,380,440,287,510,620,440,392,590,413,510,266,266,462,380,490,371,570,355,760,6500,510,441,700,252,360,156,690,204,550,231,270,294,245,930,600,8000,260,469,570,749,200,460,470,177,329,420,287,780,400,430,296,1020,240,500,203,294,580,700,308,390,266,320,420,480,246,852,560,640,890,400,205,176,400,546,6400,399,300,390,350,530,340,390,574,440,168,470,4907,390,175,318,7250,540,660,450,550,550,320,259,440,240,355,410,4900,1160,50,70,70,4090,80,280,440,154,210,290,125,259,270,126,240,280,175,304,300,115,210,120,290,280,75,217,220,270
S309,A,0,0,0,0,0,0,0,0,0,0,0,1,0,0,0,1,3,0,0,0,0,0,0,0,0,0,0,0,0,0,0,0,0,0,0,0,0,0,0,1,0,0,0,0,0,0,0,0,0,0,0,0,0,0,0,0,0,0,0,0,0,0,0,0,0,0,0,0,0,0,0,0,0,0,0,0,0,1,0,0,1,0,0,1,0,0,0,0,0,0,0,0,0,0,0,0,0,1,0,0,0,0,1,0,0,0,1,1,0,0,3,0,0,0,0,0,0,0,0,0,0,0,0,0,0,0,0,0,0,0,0,0,0,0,0,0,5,2,0,0,0,0,0,0,0,420,0,0,0,1,0,0,0,1,0,0,0,0,1,1,0,0,0,0,0,0,0,0,1,0,1,0,0,0,0,0,0,500,0,0,3,1,0,0,0,0,1,0,0,0,0,0,0,0,0,0,0,0,0,0,0,0,0,0,0,0,0,0,1,0,0,0,0,0,0,0,0,0,0,0,0,0,0,0,0,0,0,0,0,0,0,0,0,0,0,0,0,0,0,1
S310,B,1,0,3,0,4,0,3,0,4,0,1,1,4,0,8,0,6,0,2,0,1,1,1,2,2,0,2,0,1,0,1,0,3,1,1,0,2,0,3,0,1,0,1,0,1,0,2,1,0,1,4,0,3,1,2,1,1,0,2,0,1,0,1,0,5,1,7,0,1,1,3,1,1,0,1,0,2,1,2,0,1,1,1,0,1,1,9,0,5,1,2,1,2,0,1,0,1,0,1,0,1,0,3,0,3,1,1,1,1,0,1,4,3,0,2,0,2,0,1,0,2,0,1,0,3,0,3,0,2,0,3,1,1,0,7,0,2,0,1,1,3,0,3,1,3,0,1,0,2,0,3,0,3,0,2,0,0,0,1,0,2,1,3,0,5,0,1,0,3,1,4,0,3,0,1,0,4,0,2,0,4,0,2,0,1,0,2,0,1,0,2,0,0,0,3,0,2,0,3,0,1,0,1,0,3,0,2,0,1,0,0,0,3,0,1,0,1,0,4,1,3,1,1,0,2,0,1,0,4,1,5,0,3,1,1,0,1,0,2,0
S311,B,0,1,1,0,0,0,0,0,0,0,0,2,1,0,0,1,2,0,2,0,0,0,0,0,0,1,0,0,1,0,0,1,0,0,0,0,1,0,3,0,0,0,1,0,1,1,0,0,0,0,0,0,0,0,0,0,0,1,0,0,0,0,1,0,0,1,1,0,0,1,0,0,0,0,0,0,0,0,1,1,0,0,0,1,0,0,2,80,1,0,0,1,0,1,0,0,0,0,0,0,0,0,0,1,0,1,1,2,0,0,5,1,0,0,0,0,0,1,0,0,0,0,0,0,1,0,0,0,0,0,0,0,1,0,0,0,3,1,0,1,0,1,0,1,0,0,0,1,0,0,1,0,1,1,1,1,2,0,1,0,1,1,0,0,1,1,0,0,1,1,0,0,0,1,1,1,0,1,4,0,4,3,0,0,1,0,0,0,0,1,0,0,1,0,0,0,1,1,0,0,0,0,1,1,0,0,0,0,1,0,0,1,1,0,0,1,1,0,0,0,0,0,0,0,1,0,0,0,1,0,0,1,1,0,0,0,1,0,0,0
S312,A,30,0,1,0,1,0,0,0,0,0,0,2,0,0,0,1,1,2,0,0,0,0,1,0,0,0,0,0,0,0,0,0,0,0,0,15,1,0,2,1,0,0,0,0,0,0,0,0,0,0,0,0,0,0,0,0,0,0,0,0,0,0,0,0,0,1,0,0,0,0,0,1,0,0,0,0,0,0,0,0,0,0,0,1,0,0,0,0,3,0,1,1,0,0,1,1,1,0,1,0,0,0,0,0,0,0,0,2,0,0,3,1,0,0,0,0,0,1,0,1,0,0,0,0,0,0,0,0,1,0,0,0,1,0,0,1,2,3,0,1,0,0,0,0,0,0,0,0,0,0,0,0,1,3,1,0,1,1,2,0,2,0,0,1,1,0,0,0,1,0,0,0,0,0,0,0,1,2,4,0,3,2,0,0,0,0,1,1,0,2,0,0,0,0,1,0,0,0,0,0,0,0,0,0,0,0,0,1,1,0,1,1,0,0,0,0,0,0,0,0,1,0,1,0,0,1,0,0,0,0,0,0,0,0,0,1,0,0,0,1
S313,C,0,0,1,0,0,1,0,0,0,1,100,1,0,0,0,1,0,0,0,0,0,0,0,0,0,0,0,0,0,0,0,0,100,0,0,0,0,0,1,0,1,35,0,0,100,0,0,0,1,0,0,96,0,0,0,0,1,0,0,0,0,0,1,0,0,0,0,0,0,0,1,0,0,0,0,0,0,0,0,1,1,1,0,0,0,100,2,1,14,35,0,1,20,0,0,0,0,0,1,0,0,0,1,0,0,15,3,14,95,0,0,2,5,0,0,1,0,0,0,0,3,0,1,1,0,0,0,0,0,14,10,2,1,3,9,15,30,1,0,0,0,0,0,0,4,0,0,0,0,0,0,1,0,0,2,0,0,0,1,20,1,0,7,0,2,2,0,0,0,0,1,0,0,0,0,0,0,1,0,0,0,0,0,2,1,1,0,0,0,0,0,0,0,0,0,1,0,1,0,0,0,10,0,0,1,0,0,0,0,1,0,0,0,0,0,0,0,0,0,0,0,0,0,0,0,0,0,1,0,0,0,0,0,0,0,0,0,1,1,0
S314,C,1,10,10,300,1,1,7,7,180,6,4,3,4,4,3,4,20,2,4,3,3,5,2,5,0,10,10,9,4,2,10,3,300,4,4,6,4,224,5,7,5,5,6,3,2,3,4,285,4,10,3,7,1,2,7,4,4,3,7,1,8,4,5,5,9,8,194,5,4,2,5,4,1,30,8,3,3,4,20,5,3,5,4,2,1,7,6,3,5,4,2,2,4,3,3,3,1,20,30,7,1,2,20,7,1,2,3,3,7,2,2,2,3,6,1,5,1,1,2,3,2,30,21,14,2,2,10,5,4,3,2,5,4,2,5,2,1,2,1,3,3,4,6,4,2,7,50,8,1,3,10,1,7,5,1,1,3,1,4,6,2,8,3,2,8,3,14,2,0,8,20,10,3,1,10,7,6,8,4,3,9,6,6,1,2,7,4,4,7,1,3,10,2,10,7,10,1,1,10,6,8,5,6,9,1,5,9,5,4,6,5,8,0,2,0,2,0,20,30,7,3,2,5,4,8,4,4,5,5,16,6,3,1,3,2,1,1,4,2,5
S315,B,0,1,0,0,0,0,0,0,0,0,0,0,0,1,0,1,0,0,0,0,0,0,0,0,0,0,0,0,0,0,0,0,1,1,0,0,0,0,0,0,0,0,0,0,0,0,0,0,0,0,0,0,0,0,0,0,0,0,1,0,0,1,0,0,0,0,0,0,0,0,0,1,0,0,0,0,0,0,0,0,0,0,0,0,0,0,0,0,0,0,0,0,0,0,0,0,0,0,0,0,0,0,0,0,5,0,0,1,0,0,0,1,0,0,1,0,0,0,0,0,0,0,0,0,0,0,0,0,1,1,0,0,0,0,0,0,0,0,0,0,0,0,0,0,1,0,0,0,0,0,0,0,1,0,0,1,0,0,0,0,0,0,0,0,0,0,0,0,0,0,0,0,0,0,0,0,1,0,0,0,1,1,5,4,1,1,2,0,0,0,0,0,0,0,0,0,0,0,0,0,0,0,0,0,0,0,0,0,0,0,0,0,0,0,0,0,0,0,0,0,0,0,0,0,0,0,0,0,0,0,0,0,0,200,0,0,0,0,0,0
S316,B,0,0,0,0,0,0,0,0,0,0,0,0,0,0,0,2,2,2,1,0,0,0,0,0,1,0,0,0,0,0,0,1,0,0,0,1,1,0,1,1,0,0,0,0,0,0,0,0,1,0,0,0,0,0,0,0,0,0,0,0,0,1,0,0,0,0,0,0,0,0,0,0,0,1,0,0,0,0,0,0,0,0,1,2,0,0,0,0,1,0,0,0,0,0,1,1,0,0,0,0,0,0,0,0,0,0,2,1,1,0,2,1,0,0,0,0,0,0,0,0,0,0,0,0,0,0,0,0,0,0,0,0,0,1,0,0,3,3,0,0,0,0,0,0,0,0,0,0,0,0,0,0,0,1,1,1,1,0,2,0,0,0,0,0,0,0,0,0,1,0,0,0,0,0,0,0,0,2,4,1,4,1,0,0,0,0,3,0,0,1,0,0,0,0,0,0,0,0,1,0,0,0,0,0,0,0,0,0,1,0,0,0,0,0,0,0,0,0,0,0,0,0,0,0,0,0,0,1,0,0,0,0,0,1,0,0,0,0,0,0
S317,A,0,0,1,0,1,1,1,0,0,1,0,0,0,0,0,1,0,1,2,0,1,0,0,0,1,0,1,0,0,0,0,0,0,0,1,0,1,1,1,0,0,1,1,0,0,1,0,0,0,0,0,0,0,0,1,0,0,0,1,0,0,1,0,0,1,0,1,1,0,1,1,0,0,0,0,0,1,1,1,1,0,0,0,0,0,0,2,0,0,0,1,0,0,0,0,0,0,1,0,1,0,0,1,0,0,1,0,1,0,0,0,1,0,0,1,0,1,0,0,1,0,1,0,1,3,1,1,1,0,1,0,1,1,0,0,0,2,0,0,1,1,0,220,0,1,0,0,1,1,0,0,1,0,0,0,0,0,1,0,1,1,0,1,0,1,0,0,1,0,0,1,0,1,0,1,0,0,0,0,0,0,0,1,0,0,1,0,0,0,0,0,0,0,0,0,1,1,0,1,0,0,2,1,1,0,1,0,0,0,0,0,1,0,0,1,0,1,0,0,0,0,1,0,0,1,0,1,0,0,0,0,0,0,0,0,1,1,1,0,0
S318,A,1,1,0,0,0,1,0,0,1,1,2,0,0,0,0,0,1,0,0,0,0,0,0,0,0,30,0,0,1,1,1,0,1,3,2,1,2,1,1,4,1,1,1,2,0,0,1,1,1,1,1,1,1,1,1,1,0,1,0,0,1,0,3,1,1,1,3,2,1,0,1,0,1,1,0,0,0,0,1,0,0,0,1,0,0,0,2,1,1,2,0,1,0,0,0,0,0,0,1,1,1,1,0,0,1,0,1,0,0,1,0,0,0,1,2,0,1,1,0,0,0,1,1,0,0,0,1,0,0,1,0,0,0,0,0,1,1,0,1,1,1,0,1,0,1,0,2,0,0,0,0,0,0,0,2,1,0,0,3,1,0,0,1,0,0,0,2,1,1,0,3,2,0,1,1,0,0,0,0,0,0,1,0,1,0,0,1,0,2,0,0,0,0,0,1,0,1,1,1,1,1,0,1,0,0,1,0,0,0,0,0,0,0,0,1,0,16,1,0,0,0,0,15,1,0,0,0,0,28,2,0,0,0,0,30,0,0,0,0,0
S319,B,0,1,0,0,0,1,1,0,0,0,0,2,0,0,0,2,1,3,1,0,1,0,0,2,1,0,0,1,0,0,0,0,0,0,0,0,1,0,1,0,0,0,0,1,0,0,0,0,0,0,0,1,0,0,0,0,0,0,0,0,1,0,0,1,0,1,0,0,0,0,0,0,0,0,0,0,0,0,1,0,0,0,0,0,0,1,0,0,1,1,0,0,1,1,0,0,0,0,1,0,0,0,0,0,1,0,1,0,0,0,3,1,0,0,0,1,0,1,315,0,0,0,0,0,0,1,0,1,0,1,0,0,1,0,0,0,7,2,0,0,1,1,0,1,1,0,1,0,0,0,0,0,0,3,0,0,1,0,3,0,2,0,0,0,0,0,0,0,1,0,0,0,0,1,450,1,2,4,1,1,10,1,0,0,0,0,1,0,0,1,0,0,0,0,1,1,0,0,0,0,0,0,0,0,0,0,0,0,1,0,1,1,440,0,0,1,0,0,0,0,1,0,0,0,0,0,0,0,0,0,1,0,0,0,0,0,0,0,1,1
S320,C,0,0,0,60,0,0,0,0,0,0,0,0,0,0,1,1,0,0,0,0,0,1,0,0,0,0,0,1,0,0,0,0,0,1,0,0,0,0,0,1,0,35,50,35,0,0,0,50,1,0,0,1,0,0,1,0,0,1,0,0,0,0,0,1,0,0,0,0,0,1,0,0,0,0,1,0,0,0,0,0,0,0,1,0,1,0,0,1,0,0,1,1,2,0,0,0,1,1,0,0,0,0,0,1,0,0,0,0,0,0,1,0,1,0,0,1,0,1,4,2,1,0,0,1,0,1,0,0,0,0,0,0,0,0,7,1,0,1,0,1,0,2,0,0,1,0,0,0,0,0,0,1,0,1,1,2,0,0,0,1,0,0,0,1,0,0,0,0,0,0,1,0,0,1,0,0,0,1,1,0,0,0,2,0,0,0,1,0,0,0,0,0,0,0,0,1,0,1,0,1,0,0,0,0,0,0,0,0,0,0,0,0,1,0,0,0,0,0,0,0,0,1,0,1,1,0,0,0,0,0,0,0,0,0,0,0,0,0,1,0
S321,B,0,0,0,0,0,0,0,0,0,0,0,0,0,0,0,0,0,0,0,0,0,0,0,0,0,0,0,0,0,0,0,0,0,0,0,0,0,0,0,0,0,0,0,1,0,0,1,0,0,0,0,0,1,0,0,0,0,0,0,0,0,0,0,0,0,0,0,0,0,0,0,1,0,0,0,0,0,0,0,0,0,0,0,0,0,0,0,0,1,0,0,0,0,0,0,0,0,0,0,0,0,0,0,0,0,0,0,0,0,0,1,0,0,0,0,0,0,0,1,0,0,0,0,0,0,0,0,0,0,0,0,1,0,0,0,0,0,0,0,0,0,0,0,0,0,0,0,0,0,0,0,0,0,0,0,0,0,0,0,0,0,0,0,0,0,0,0,0,0,0,0,0,0,0,0,0,0,0,0,0,0,0,0,7,0,0,0,0,0,0,0,0,0,0,0,0,0,0,0,0,0,0,0,0,0,0,0,0,0,0,0,10,0,0,0,1,0,0,0,0,0,0,0,0,0,0,1,0,0,0,0,0,0,0,0,0,0,0,0,0
S322,B,0,1,0,0,1,0,0,1,0,0,0,2,1,0,0,0,2,2,0,0,1,1,0,0,0,0,0,0,0,0,1,0,1,0,1,0,0,0,0,0,0,0,0,1,0,0,0,0,0,0,1,0,0,0,0,0,0,0,0,0,0,0,0,0,0,1,1,1,0,0,0,1,1,0,0,1,0,0,0,0,0,0,0,3,0,1,0,0,1,0,0,1,0,0,0,0,0,0,0,0,0,0,0,0,1,0,0,1,0,0,2,0,0,0,0,0,0,1,0,0,0,0,1,0,0,0,0,1,0,0,0,0,0,0,0,0,3,1,0,0,1,1,0,1,0,0,1,0,0,0,0,0,0,1,1,0,1,0,6,0,0,1,0,0,90,0,1,0,1,1,0,0,0,0,0,0,1,2,4,2,6,1,0,0,0,0,1,0,0,1,0,0,0,1,0,0,0,0,0,0,0,0,0,0,0,0,0,0,1,0,1,1,0,0,0,0,0,1,0,0,0,0,1,0,1,1,1,0,0,1,0,0,0,0,0,0,0,1,0,0
S323,A,0,0,0,0,0,0,0,0,0,1,0,1,0,0,0,0,1,0,0,0,0,0,0,0,0,0,0,0,0,0,0,0,0,0,1,3,1,0,0,0,0,0,0,0,0,0,0,0,0,0,0,0,0,1,0,0,0,0,0,0,0,0,1,0,0,0,0,0,0,1,0,0,0,0,0,0,0,0,0,0,0,0,0,0,0,0,0,0,0,0,0,0,0,0,0,0,0,0,0,0,0,0,0,0,0,0,0,0,0,0,0,1,0,1,0,0,0,450,0,0,0,0,0,0,0,0,0,0,1,0,0,0,0,0,1,0,0,1,1,0,0,0,0,0,0,0,0,0,1,0,0,0,0,0,0,0,0,0,0,0,1,1,0,0,0,312,0,0,0,0,0,0,0,0,0,0,0,0,0,0,0,0,7,3,0,0,0,0,0,0,0,0,0,0,0,1,0,0,0,0,0,0,0,0,0,0,0,0,0,0,0,0,450,0,0,0,1,0,1,0,0,0,0,0,0,0,0,0,0,0,0,0,0,0,0,0,0,0,0,0
S324,B,3,0,1,0,2,0,3,0,4,0,1,1,3,0,6,0,5,0,1,0,1,0,2,2,2,0,1,0,3,0,4,0,1,0,2,0,2,0,0,0,2,0,2,0,2,0,1,0,1,0,4,0,1,0,2,0,1,0,4,1,4,0,1,0,6,1,5,0,2,0,7,0,1,0,2,0,3,0,1,0,1,1,2,0,1,1,3,0,3,1,3,0,2,0,3,0,1,0,3,1,1,0,1,0,0,1,2,1,5,1,2,8,3,0,2,0,3,1,2,0,3,0,3,0,4,0,3,0,1,0,4,0,2,0,10,0,1,0,1,1,1,0,1,0,1,0,2,0,1,0,2,0,3,0,1,0,2,0,4,0,4,0,2,0,2,1,3,0,2,0,2,1,1,0,3,0,10,0,1,0,2,0,1,0,1,0,1,1,5,0,2,0,1,0,3,0,1,0,1,0,0,0,3,0,2,0,2,0,1,0,1,0,1,0,1,0,1,0,2,1,3,0,2,0,4,0,2,0,1,0,6,0,1,0,6,0,1,0,3,1
S325,C,0,0,0,110,0,1,0,0,0,0,0,1,0,0,0,2,1,1,0,0,0,0,0,0,0,0,0,0,0,0,0,0,100,0,0,0,1,0,2,1,0,35,50,0,0,0,0,0,0,0,0,0,0,0,0,0,0,1,100,0,0,0,0,0,0,1,0,0,0,0,0,0,0,0,0,0,1,0,0,1,0,0,0,2,0,0,0,0,1,1,0,1,0,0,0,0,0,1,0,0,0,1,0,0,0,0,1,2,0,0,3,2,0,0,0,0,0,1,0,0,0,0,0,0,1,0,0,0,0,0,0,0,1,0,0,0,4,2,0,1,1,1,0,0,0,0,0,0,1,0,0,1,0,3,0,0,1,0,1,0,0,1,1,0,0,0,1,0,0,0,0,0,0,0,0,2,0,4,3,1,9,2,0,0,0,1,0,0,0,1,0,1,1,0,0,0,0,1,0,0,0,0,1,0,0,0,0,0,1,0,0,0,0,1,0,0,0,0,1,0,0,0,0,0,0,1,1,0,0,0,0,0,0,0,0,0,1,0,0,0
S326,C,0,0,0,0,0,1,1,0,0,10,0,10,0,0,0,1,1,0,0,0,0,0,0,0,0,1,0,0,0,0,0,0,1,0,400,0,0,0,0,0,1,0,0,0,0,0,0,0,0,0,0,0,1,0,0,0,0,1,0,1,0,358,0,0,0,0,0,0,0,0,0,0,1,0,0,0,1,0,0,0,0,0,1,1,0,355,0,0,1,0,0,0,3,1,0,0,0,0,0,0,0,0,1,0,0,0,1,2,0,1,3,1,1,1,0,1,0,0,0,0,1,0,0,1,0,0,0,1,0,3,0,0,0,0,1,1,7,4,0,0,0,0,0,0,0,1,0,0,0,1,0,0,0,1,1,0,0,0,1,0,0,1,1,1,1,0,0,0,0,0,0,0,0,0,0,0,0,3,1,0,0,0,0,3,1,0,0,0,0,0,1,0,0,0,0,0,0,0,0,0,1,2,0,0,0,0,0,0,0,0,0,0,0,0,0,1,0,1,0,0,1,1,0,0,0,0,0,3,0,0,0,0,0,0,1,0,0,1,0,0
S327,B,0,0,0,26,0,0,0,0,0,0,0,1,0,0,1,1,2,1,0,0,0,0,0,0,0,0,1,0,0,0,0,0,0,0,0,0,0,0,1,0,0,0,0,0,0,0,0,0,0,0,0,0,0,0,0,0,0,1,0,0,0,0,0,0,0,0,0,0,0,0,0,0,0,0,0,0,0,0,0,0,0,0,0,1,0,0,0,4,1,0,0,0,0,0,0,0,0,0,0,0,0,0,0,0,1,0,0,1,0,0,3,0,0,1,0,0,0,0,0,0,0,1,0,0,0,0,0,0,0,0,0,0,1,0,0,0,4,2,0,0,0,0,0,0,0,0,1,0,0,0,0,0,0,1,0,0,0,0,1,0,0,0,0,0,0,0,0,0,0,0,0,0,0,0,0,0,0,0,0,1,2,1,0,0,0,0,1,0,0,0,0,0,0,0,0,0,0,0,0,0,0,0,0,0,1,0,0,0,0,0,0,0,1,0,0,0,0,0,0,0,0,0,0,0,0,0,0,0,0,0,0,0,0,0,0,0,0,0,0,0
S328,B,0,0,1,0,1,0,0,0,0,0,0,0,0,1,0,0,0,1,1,0,0,0,0,0,1,0,0,0,0,0,0,0,1,0,0,0,1,0,0,0,0,0,0,0,0,0,1,0,1,0,0,1,0,0,0,0,0,0,0,1,0,0,0,0,0,0,0,0,0,0,1,0,0,1,0,0,0,0,0,1,0,0,0,0,0,1,2,1,0,0,0,0,1,0,0,0,0,0,0,0,0,0,0,0,0,0,0,0,0,0,0,0,0,10,1,0,0,0,0,0,0,1,0,0,0,0,0,0,0,0,0,0,0,0,0,1,1,0,1,0,0,0,0,0,0,0,0,0,0,0,1,0,0,0,1,0,1,0,0,0,8,0,0,0,0,0,0,0,1,1,0,0,0,0,0,0,0,0,0,0,0,0,0,0,0,0,0,0,0,0,0,0,0,0,1,0,0,0,0,0,0,0,0,0,1,0,0,0,0,0,0,0,0,0,0,0,0,0,0,0,0,0,1,0,0,0,1,0,1,1,0,0,0,0,0,0,0,0,0,0
S329,A,490,490,610,570,680,520,620,720,600,700,370,510,740,800,640,570,740,660,670,410,680,680,750,816,287,580,640,760,567,590,660,590,840,790,710,580,800,592,730,660,410,399,720,434,660,520,539,720,328,315,525,700,504,395,448,365,385,330,710,539,656,860,693,770,730,820,567,920,532,890,720,850,268,690,336,520,581,970,650,434,196,630,312,212,126,620,780,540,469,497,168,270,460,483,469,690,399,570,670,462,415,510,770,730,420,325,620,413,700,690,399,600,610,590,413,460,385,560,378,462,360,540,490,497,415,415,510,700,790,504,570,258,710,288,650,234,480,434,198,441,305,510,600,720,325,490,780,490,268,880,620,210,511,357,378,530,600,450,608,640,432,560,343,294,560,413,434,710,392,536,740,760,552,468,500,720,760,760,280,176,630,462,552,532,315,460,670,590,510,550,287,690,244,590,434,620,280,456,600,620,670,560,520,630,325,434,630,324,355,770,476,820,170,170,287,230,132,490,810,469,504,800,375,441,680,420,620,530,420,632,680,390,760,280,610,730,335,441,630,730
S330,B,230,240,230,440,350,440,400,450,310,420,490,640,1120,540,400,1050,520,720,560,270,350,340,820,660,294,240,540,450,1281,930,320,290,590,1070,520,750,640,280,510,370,160,4200,600,182,490,4000,1204,1550,192,155,616,360,322,215,294,4825,360,265,520,280,360,570,287,1820,1230,660,357,750,784,450,620,640,152,420,232,580,294,520,280,175,592,980,342,132,100,900,465,420,231,266,104,360,280,385,371,520,308,310,1670,693,300,252,1120,620,406,320,410,315,330,340,343,280,400,400,315,1310,700,440,196,231,468,330,378,350,285,235,580,360,640,203,370,162,470,592,1390,171,300,518,117,399,340,480,330,440,200,322,360,273,144,820,1330,363,385,371,217,910,290,310,264,470,232,550,266,364,220,392,231,9000,854,752,320,530,690,564,610,320,360,9000,205,152,410,217,472,245,290,1160,850,440,320,760,280,450,176,300,252,280,255,234,630,290,490,510,1470,660,325,259,340,474,300,540,308,500,50,60,91,4880,96,420,290,161,175,330,105,210,170,150,260,280,203,272,180,145,220,135,290,170,130,182,230,290
S331,C,0,0,1,1,2,0,0,1,0,0,0,0,0,0,1,0,1,0,0,0,1,0,1,0,0,0,2,1,1,0,0,0,2,0,0,1,0,0,0,0,0,0,1,0,1,1,1,2,1,0,0,1,1,0,0,0,0,0,0,0,1,0,0,0,0,1,0,1,0,1,0,1,0,1,3,0,0,0,0,1,1,0,0,0,0,0,0,0,0,0,0,0,0,0,2,1,0,1,2,0,0,0,0,0,0,0,0,0,0,0,1,120,0,0,0,0,0,0,0,1,0,1,3,0,1,0,0,0,1,1,0,2,0,1,0,0,0,0,0,0,0,0,0,1,1,0,6,0,0,1,0,0,0,0,1,0,0,0,0,0,1,0,0,0,0,1,1,0,0,0,1,0,0,1,1,0,1,0,0,0,0,0,0,0,1,0,2,0,0,0,0,0,1,2,3,0,1,0,1,0,0,0,1,1,0,0,0,1,0,0,0,2,0,1,0,1,1,0,3,0,0,0,0,0,0,0,0,1,1,0,0,0,0,0,0,0,0,0,0,1
S332,A,0,0,0,0,0,0,0,0,0,0,0,0,0,0,0,0,0,0,0,0,0,0,0,0,0,0,0,0,0,0,0,0,0,0,0,0,0,0,0,0,0,0,0,0,0,0,0,0,0,0,0,0,0,0,0,0,0,0,0,0,0,120,0,0,0,0,0,0,0,0,0,0,0,0,0,0,0,0,0,0,0,0,0,1,1,1,0,1,1,1,0,0,1,0,0,0,0,0,0,0,0,0,0,0,0,0,1,3,0,1,84,50,6,1,0,10,0,1,0,0,0,0,0,0,0,0,0,1,0,0,1,1,2,1,1,1,6,4,0,0,1,0,0,0,0,0,0,0,0,0,1,0,0,4,0,1,3,1,2,4,0,0,0,0,1,0,0,0,1,0,0,0,0,1,0,0,1,3,1,1,5,2,1,0,1,0,1,0,1,1,0,0,0,0,0,0,0,0,0,0,1,0,0,0,0,0,0,0,1,0,1,0,0,0,0,0,0,0,0,0,0,0,0,0,0,0,0,0,0,0,0,0,0,0,0,0,0,0,0,0
S333,B,0,0,0,0,0,1,0,0,0,2,0,1,0,0,0,0,1,0,0,0,0,0,0,2,0,1,1,0,0,1,0,0,0,0,0,0,0,0,0,0,1,0,0,0,0,0,1,0,0,0,0,0,0,0,0,0,0,1,0,0,0,0,0,0,1,0,1,0,0,0,1,1,0,0,1,0,0,0,0,0,0,1,0,0,0,1,2,0,0,0,0,0,0,0,1,1,0,1,0,0,0,0,0,0,0,1,1,1,0,0,0,0,0,0,0,0,1,0,0,0,0,0,0,1,0,1,0,0,0,0,0,0,0,0,1,1,0,1,1,3,1,2,1,1,2,1,0,2,1,1,500,1,1,5,0,1,1,0,2,0,3,1,1,1,1,0,280,2,3,1,1,2,3,2,1,0,1,3,1,1,1,1,3,2,1,1,1,2,2,1,1,2,0,2,2,1,1,1,1,1,1,1,1,2,1,315,4,1,3,1,1,1,1,1,1,1,1,1,2,1,0,4,1,1,1,1,5,1,1,1,1,1,2,1,1,2,1,0,2,1
S334,C,0,0,0,0,0,0,0,0,1,1,200,0,0,0,180,0,0,20,0,0,200,200,0,0,0,1,0,0,0,0,0,0,0,0,155,155,0,0,0,100,0,84,0,0,200,0,1,0,0,0,0,0,0,1,0,0,1,1,0,0,0,0,1,0,0,200,0,0,1,0,0,0,1,0,0,0,1,0,1,0,1,200,1,0,0,0,0,0,1,14,1,0,0,1,0,1,0,0,0,1,0,0,0,0,0,0,0,0,0,1,0,120,0,20,0,0,0,1,1,0,0,1,0,0,0,0,1,0,0,0,0,0,0,0,1,0,0,7,1,0,0,0,0,0,0,1,0,1,1,0,0,0,1,0,0,0,0,1,1,1,0,10,0,0,0,0,0,1,0,0,0,1,0,0,0,0,0,0,0,0,0,0,0,0,1,10,1,1,1,0,0,0,0,1,1,1,0,1,0,0,1,0,0,0,0,0,0,0,1,10,1,1,0,0,0,0,1,0,0,0,0,0,0,1,0,1,0,0,1,0,0,0,0,15,0,1,0,0,0,0
S335,B,4,0,0,0,0,0,0,0,1,0,0,0,0,0,0,0,0,0,1,0,0,0,1,2,0,0,0,1,0,0,0,1,0,0,0,6,0,1,3,0,0,0,0,0,1,0,0,0,0,0,1,0,1,0,0,0,0,3,0,0,1,0,0,0,0,0,0,0,0,0,1,0,0,1,1,0,1,0,0,0,0,0,0,0,0,0,0,0,0,0,0,0,1,0,0,0,0,1,0,0,0,1,1,0,0,0,0,0,0,0,0,1,0,0,0,0,0,0,0,2,1,0,0,0,0,0,0,0,0,3,0,0,0,1,0,0,0,0,1,0,0,2,0,0,0,0,0,1,0,1,0,0,0,1,3,1,0,0,1,0,0,0,0,0,0,0,1400,2000,1,0,0,0,0,0,2000,0,0,0,1,0,0,0,4,0,0,0,0,2,1800,0,1,0,0,0,0,0,1,0,0,0,0,1,0,1800,0,0,0,0,0,0,0,0,0,0,0,0,0,0,1,0,0,0,0,0,1,0,0,0,840,0,0,0,0,0,0,0,0,0,0,1100
S336,A,0,0,0,0,0,0,0,1,0,3,1,0,0,0,1,2,0,0,0,0,0,1,0,0,0,0,0,1,0,0,0,0,0,0,0,0,0,0,0,0,0,0,0,0,0,0,0,0,0,0,0,1,0,0,0,0,0,0,0,0,0,0,0,1,0,0,0,0,0,0,0,0,0,0,0,0,0,1,0,0,0,1,0,0,1,1,0,0,0,0,0,0,0,7,14,20,4,0,10,7,1,0,0,0,0,0,0,0,0,0,0,0,1,0,0,0,0,1,0,1,1,0,1,2,0,0,0,0,0,3,0,0,0,0,1,0,1,1,0,0,0,0,0,0,0,0,0,0,0,0,0,0,0,0,1,0,0,0,0,0,0,0,0,0,0,1,1,2,0,0,1,1,0,0,0,1,0,1,1,2,0,0,1,0,1,0,0,0,0,1,0,0,0,1,1,0,1,0,0,0,0,0,0,0,0,0,0,0,0,1,0,0,0,0,0,0,0,0,0,0,0,0,0,0,0,0,0,0,0,0,0,0,0,0,0,0,0,0,0,0
S337,A,0,0,1,0,0,0,0,0,1,2,1,1,0,0,0,1,0,0,0,0,0,0,0,0,0,0,0,0,0,0,0,0,0,0,0,1,0,0,0,0,1,0,0,0,0,0,0,0,0,0,0,0,0,0,0,0,0,0,0,0,0,0,0,0,0,0,0,0,0,0,0,0,0,0,0,0,0,0,0,0,0,1,0,0,0,0,0,0,3,1,0,0,0,0,0,0,0,0,0,0,0,0,0,0,0,0,1,1,0,0,2,0,0,0,0,0,0,0,0,0,0,0,0,0,0,0,0,0,0,1,1,1,0,0,0,1,0,0,1,0,0,0,0,0,0,0,0,0,0,0,0,0,0,2,1,0,0,0,1,0,1,0,1,0,0,0,0,0,0,0,0,0,0,0,0,0,0,0,0,0,0,0,0,2,1,0,0,0,0,0,0,0,0,0,0,0,0,0,0,0,0,0,0,0,1,0,0,0,0,0,0,0,0,0,0,0,0,0,0,0,0,0,0,0,0,0,1,1,0,0,0,0,0,0,0,0,0,1,0,0
S338,B,2,0,0,1460,0,2000,2,7,10,6,3,2,6,6,3,4,1,3,2,2,1,2,5,2,1001,0,0,1160,0,7,4,10,10,1,1,3,5,4,6,5,2,2,1,0,1,2,2,3,832,0,0,1500,0,5,1,1000,2,1,1,1400,4,1,3,2,4,5,3,3,3,8,8,6,812,0,0,1390,0,7,2,2,4,1,3,1,1,6,6,1,1,1,2,1,3,2,1,4,833,0,0,1442,0,5,1,10,3,2,3,2,3,1,1,2,2,4,2,1,2,0,3,5,1236,0,0,805,0,4,1,4,3,3,2,1,3,2,0,1,1,1,1,3,3,3,4,1,755,0,0,945,0,10,3,2,4,3,1,4,6,3,3,3,0,0,2,5,2000,2,2,2,910,0,0,1230,0,6,4,10,3,1,3,1,1,3,4,7,3,3,1,6,3,4,2,1,744,0,0,1020,0,6,5,10,6,3,1,3,1,1,3,2,2,1,3,4,2,3,3,3,752,0,0,1288,0,10,1,5,10,3,2,2,5,5,3,3,5,2,5,1,0,4,6,4
S339,C,0,0,0,1,1,0,0,0,0,0,0,1,0,0,0,0,1,0,0,0,1,0,1,2,1,1,0,0,0,1,0,0,1,1,0,0,1,0,0,1,0,0,0,1,1,0,0,1,0,1,0,1,0,0,1,1,0,1,0,0,0,1,0,1,0,0,0,0,1,1,0,0,0,0,1,0,0,0,0,1,1,1,0,0,0,0,0,0,0,0,1,0,1,0,0,0,0,0,1,2,0,0,0,0,0,0,1,1,0,1,0,0,1,1,1,1,1,0,0,1,0,0,1,0,1,1,0,0,1,0,0,1,0,0,0,0,0,0,0,0,1,0,0,1,1,0,0,1,0,0,0,0,1,0,1,0,1,0,0,0,0,0,350,1,0,0,0,1,0,0,0,0,1,0,0,1,0,0,0,0,0,0,0,0,0,0,1,0,1,0,0,0,0,0,0,1,0,0,0,0,0,0,0,0,0,0,0,0,0,0,1,1,0,1,0,0,0,1,0,1,0,0,1,0,0,0,1,0,0,0,1,1,0,0,0,0,0,0,0,0
S340,B,40,600,730,760,790,730,580,750,870,810,540,720,920,750,800,920,910,880,890,570,560,530,630,624,315,510,510,580,462,660,500,500,610,580,550,570,640,528,650,560,285,413,550,315,560,432,413,660,228,280,427,610,434,365,329,275,300,330,510,448,520,660,490,660,730,660,413,610,469,680,760,740,240,560,268,590,462,760,510,826,228,490,222,164,112,560,735,470,385,378,184,205,420,350,343,900,616,760,830,658,450,630,820,900,679,355,700,525,820,830,588,740,680,720,553,760,497,670,518,413,522,770,658,742,585,455,920,930,870,539,620,438,730,332,650,273,810,490,228,427,365,820,880,850,290,574,900,651,404,1010,630,237,602,574,462,640,560,760,664,770,472,670,427,406,560,427,546,860,469,640,780,750,606,558,800,730,1130,890,395,304,790,539,624,504,390,670,690,720,530,660,476,790,308,610,490,860,415,480,770,800,820,870,630,700,415,581,820,366,415,810,574,670,280,255,378,425,120,520,680,609,714,1180,415,504,1020,522,870,680,525,768,990,485,770,375,790,770,405,518,770,960
S341,A,0,0,0,0,1,0,0,0,0,0,0,2,1,0,0,1,4,1,0,1,0,0,0,0,0,0,1,1,0,0,0,0,0,0,0,0,1,0,2,0,0,0,0,0,0,0,0,0,0,0,0,1,0,0,0,0,0,1,0,0,0,0,0,0,0,0,0,0,1,0,0,0,0,0,0,0,0,0,0,1,0,0,0,1,0,3,0,0,0,0,0,1,1,0,0,0,1,1,0,0,0,0,0,0,0,0,0,2,500,0,350,1,0,0,0,0,1,0,0,0,0,0,0,0,0,0,0,1,0,0,0,0,1,0,0,0,1,3,1,0,1,0,0,0,0,1,1,0,0,0,0,0,0,2,1,1,1,0,1,1,0,0,0,0,0,0,0,0,0,0,0,0,0,0,0,0,2,3,4,1,5,1,0,0,1,350,3,0,0,1,0,0,0,1,0,0,0,1,0,0,0,0,0,1,0,0,0,0,1,0,0,1,0,0,1,0,1,0,0,0,1,0,1,0,0,0,0,0,0,0,0,0,0,1,0,0,0,0,0,0
S342,C,0,0,0,0,0,0,0,0,0,1,8,0,0,0,0,1,0,0,0,0,0,0,0,0,0,0,0,0,0,0,0,0,0,0,10,3,0,0,0,0,1,0,1,0,0,0,0,0,0,0,0,0,0,0,0,0,0,0,0,0,0,0,0,0,0,0,0,0,0,0,0,0,0,0,0,0,0,0,0,0,0,0,0,4,0,0,15,1,7,1,4,2,0,0,0,0,0,0,0,0,0,0,0,0,0,1,1,6,0,0,0,0,2,4,0,10,0,0,0,0,0,0,0,0,0,0,0,0,0,0,2,0,0,0,0,1,0,0,0,0,0,0,0,0,0,0,0,0,0,0,0,0,0,4,1,4,0,0,0,0,1,1,3,1,0,0,0,0,0,0,0,0,0,0,0,0,0,3,1,0,0,0,7,1,5,7,0,8,10,0,0,0,0,0,0,0,0,0,0,0,0,1,0,0,0,0,0,0,5,0,0,0,0,0,0,0,0,0,0,0,0,0,0,0,0,0,0,1,0,0,0,0,0,0,0,0,0,0,0,0
S343,C,0,1,0,0,0,0,0,0,0,0,0,1,0,0,0,1,5,0,0,1,0,0,0,2,0,1,1,0,1,0,1,1,1,1,0,0,0,0,3,1,0,1,1,0,1,0,0,0,0,1,0,0,0,1,0,0,0,0,0,1,0,1,0,1,0,0,0,0,1,0,0,0,0,1,1,0,0,0,0,0,0,0,0,1,0,0,0,1,0,0,0,0,0,0,0,415,0,1,0,0,1,1,0,0,0,0,1,1,0,0,3,0,1,0,1,0,1,1,0,0,0,0,1,1,1,0,0,0,0,1,0,0,1,0,1,0,3,2,1,0,0,0,0,1,0,0,0,0,0,0,0,0,0,0,0,0,0,0,0,0,0,1,0,1,0,0,280,0,0,0,0,0,0,0,0,0,0,0,0,0,2,2,0,0,0,400,2,0,1,1,0,0,0,0,1,0,1,1,1,0,1,0,400,0,0,0,450,0,0,450,0,0,0,0,0,1,0,0,1,0,0,0,0,0,0,0,0,0,0,0,0,0,0,1,0,410,0,0,0,0
S344,B,0,0,0,0,1,0,0,0,0,1,0,0,0,50,50,30,0,0,1,0,0,0,0,0,1,0,0,0,1,0,0,0,0,0,0,0,0,0,0,0,1,0,0,1,0,1,0,0,0,0,0,0,1,0,0,1,0,0,0,0,0,0,0,0,0,0,32,0,0,0,1,0,0,0,0,0,1,0,0,0,0,0,0,1,0,0,0,0,0,0,0,0,0,0,0,0,0,1,1,1,0,0,1,0,0,0,0,0,0,1,0,0,0,0,0,0,0,0,0,0,0,0,0,1,1,0,0,0,0,0,0,0,0,0,1,0,1,1,0,1,0,1,0,0,0,0,0,0,0,1,1,0,1,0,0,0,0,0,0,0,0,0,0,0,0,0,0,0,1,0,0,1,0,0,0,0,0,0,2,0,0,0,6,2,1,0,0,0,0,1,0,0,0,0,0,0,0,0,0,0,0,0,0,0,0,0,1,0,0,0,0,0,1,0,0,1,0,0,0,0,0,0,0,0,0,0,1,0,0,0,0,1,0,0,0,0,0,0,0,1
S345,C,0,0,0,0,0,0,1,0,0,20,0,1,0,0,0,0,0,0,0,0,0,0,0,0,0,0,0,0,0,0,0,0,0,0,0,0,0,1,0,1,0,0,0,0,0,0,0,0,0,0,0,0,0,0,0,0,1,1,1,0,1,0,0,0,0,0,0,0,0,0,0,0,0,0,0,0,0,0,0,0,0,1,0,0,0,0,0,1,1,0,0,0,1,1,0,1,0,0,0,0,0,1,0,0,0,1,0,0,0,0,0,2,0,1,0,1,0,0,0,0,0,0,0,1,0,0,0,0,0,0,0,0,0,0,0,0,20,2,0,0,15,0,0,0,0,0,0,0,0,0,0,0,0,0,0,0,1,0,0,0,0,0,0,0,0,0,0,0,0,0,0,0,0,0,0,0,0,0,0,0,0,1,0,0,0,1,0,0,0,0,1,0,0,0,0,0,1,0,0,0,0,0,1,0,0,1,0,0,0,0,0,0,0,0,0,0,0,0,0,0,0,0,0,0,0,0,0,1,0,0,0,0,0,0,0,0,0,1,0,0
S346,B,70,90,90,120,90,90,80,110,90,90,600,600,100,100,90,110,110,90,90,100,90,90,110,96,56,80,90,140,91,90,70,120,90,90,80,80,90,72,90,90,50,63,110,56,80,80,63,100,40,55,77,120,77,70,63,45,50,50,590,77,88,100,84,120,100,110,77,100,91,130,150,170,52,100,40,150,63,110,80,56,32,80,48,20,18,90,105,80,63,63,24,35,60,56,63,80,56,100,80,105,55,78,90,80,70,45,80,63,70,90,63,80,70,80,49,90,49,90,42,56,54,110,70,84,60,40,90,90,100,56,70,36,80,40,90,27,70,49,27,56,40,80,80,90,50,77,90,98,52,130,100,27,77,63,56,90,80,70,88,100,64,80,42,49,90,56,70,90,49,80,110,160,66,66,110,80,90,110,45,36,90,77,64,56,40,70,90,80,80,100,56,90,32,90,63,150,45,54,80,100,90,70,70,80,40,63,80,54,55,90,84,110,60,65,70,50,36,90,100,105,77,120,45,77,90,66,550,90,56,96,110,40,90,45,100,90,55,70,90,120
S347,C,0,0,0,0,0,0,0,0,0,0,0,1,0,0,0,0,2,0,0,1,0,1,1,2,1,0,0,0,0,0,0,0,0,0,1,0,0,1,1,0,0,1,0,1,1,0,0,0,0,1,0,0,0,0,0,0,1,0,0,0,0,0,0,0,20,1,1,1,0,1,0,1,0,0,0,0,0,0,0,0,0,0,0,1,0,0,2,0,1,1,0,2,0,0,0,0,0,0,0,0,0,0,0,0,1,1,0,1,0,0,3,0,0,0,0,0,0,0,0,0,0,0,0,0,0,0,0,0,1,1,1,1,1,0,0,1,1,1,0,1,1,0,0,0,0,0,0,0,0,0,0,0,1,3,0,1,1,0,2,0,0,0,0,0,0,0,0,0,3,0,0,1,0,0,1,0,1,4,1,0,4,1,0,0,0,0,1,0,0,1,0,0,0,0,0,1,0,0,0,0,0,0,0,1,1,1,1,0,1,0,1,0,0,1,0,0,0,0,0,1,1,0,0,0,0,0,0,1,0,0,0,1,0,0,0,1,0,0,0,1
S348,A,10,6,0,0,0,0,4,190,3600,3290,330,260,50,70,270,410,250,290,290,60,50,70,50,12,6,0,1,2000,2,1,6000,7,30,50,110,50,30,16,20,20,5,14,10,14,30,16,7,5,2,10000,0,0,0,0,3,2,20,15,30,4200,1,10,14,20,30,50,28,30,35,80,100,10,8,0,1,0,0,7,3,70,136,570,228,104,10,140,480,280,189,112,11328,50,130,70,42,20,4,1,1,0,0,0,4,140,504,220,520,266,90,250,224,310,280,100,49,150,63,100,28,7,1,0,0,0,4,1,1,170,530,1092,1020,390,540,208,940,321,710,7966,11091,9093,25,80,40,8,5,4,0,0,0,0,10,69,7000,287,280,400,70,260,384,330,104,70,7,28,70,28,14,0,1,0,0,0,0,0,6,170,470,550,180,128,60,126,352,245,50,70,10,10,10,10,28,40,0,0,1,0,0,0,0,10,20,10,80,40,55,84,10,24,30,10,14,30,50,5,1,5,0,0,0,3,0,0,0,0,5,72,160,60,7,32,50,5,70,20,40,40,15,28,50,50
S349,C,0,0,0,0,0,0,1,0,0,0,0,0,0,0,0,0,0,1,0,0,0,0,0,0,0,0,0,0,0,0,0,0,0,1,0,2,0,0,1,0,0,0,0,1,0,0,0,0,0,0,0,0,0,0,1,0,0,1,0,0,0,0,0,0,0,0,1,1,0,0,0,0,0,0,0,0,0,0,0,0,0,0,0,0,0,0,0,0,0,0,1,0,0,0,0,0,0,0,0,0,0,0,0,0,0,0,0,0,0,0,1,1,0,0,0,0,0,0,0,1,0,0,0,0,0,0,0,0,0,2,1,0,0,0,0,1,6,0,0,0,0,1,0,0,0,0,0,0,0,0,0,0,0,1,2,1,0,0,0,0,0,0,0,0,0,1,0,1,0,0,0,0,0,1,0,0,3,0,1,0,0,0,3,0,0,0,0,2,0,1,0,0,0,0,0,0,0,0,0,0,0,1,0,0,0,0,0,0,0,0,0,0,0,0,0,0,0,0,0,0,0,0,1,0,0,0,1,0,0,0,0,0,0,0,0,1,1,0,0,0
S350,A,4,0,0,0,0,1,0,0,0,1,0,1,0,50,50,0,0,0,1,1,0,1,0,0,1,0,0,0,1,1,0,0,0,0,200,4,0,120,1,0,0,0,0,70,1,0,1,0,0,0,0,0,0,1,1,0,0,3,200,0,0,0,1,0,0,200,0,200,0,1,0,0,0,0,1,0,1,1,1,0,0,0,1,0,0,0,0,0,1,0,1,0,0,1,0,0,0,1,0,1,0,1,0,0,1,0,0,0,0,0,1,1,1,0,1,0,0,0,1,3,0,1,0,0,0,0,0,0,0,1,1,0,0,1,0,0,2,1,0,1,0,2,0,0,0,0,0,0,0,0,0,0,0,1,2,1,0,1,0,0,0,0,0,0,0,0,1,1,0,0,0,0,0,1,0,0,1,1,0,0,0,0,1,0,0,0,0,0,1,0,1,0,0,0,0,1,0,0,0,0,0,1,0,0,0,0,0,0,0,0,0,0,0,0,0,0,0,0,1,0,0,1,1,0,0,0,0,0,1,0,0,1,1,0,0,1,0,0,1,0
S351,C,0,0,0,0,0,0,0,0,0,0,0,1,0,0,0,1,0,0,1,0,1,0,0,0,0,0,0,1,0,0,1,0,0,0,0,0,0,0,1,0,0,1,0,0,0,0,0,0,1,0,0,0,0,0,1,0,0,0,0,0,1,0,0,0,0,1,0,0,0,0,0,0,0,0,0,0,0,0,0,0,1,0,0,0,0,0,0,0,0,0,0,0,0,0,0,0,1,1,0,0,0,0,0,0,0,0,0,0,0,1,0,0,1,0,0,1,0,0,0,0,0,0,0,0,0,0,0,0,0,1,0,1,1,0,0,0,0,0,0,0,0,0,0,0,0,0,0,0,0,0,0,1,0,0,0,1,0,0,0,0,0,0,0,0,1,1,1,0,0,0,0,0,0,0,0,1,1,0,0,0,0,0,0,1,0,0,1,0,1,0,0,1,0,0,0,1,0,0,0,0,0,0,0,0,0,0,0,0,1,0,0,0,0,1,1,0,1,0,0,0,0,0,1,0,0,0,0,0,0,0,0,0,0,1,0,0,0,0,0,0
S352,A,80,80,300,150,120,160,240,280,230,250,230,270,330,350,300,340,340,150,240,320,310,140,150,228,175,240,350,290,224,240,160,200,380,380,320,360,410,480,240,370,185,224,180,70,200,136,161,180,88,80,105,150,133,150,70,65,75,75,300,161,208,380,280,320,240,140,91,140,91,200,240,200,76,220,104,220,217,140,80,56,116,250,204,100,54,290,540,230,231,189,116,140,210,175,182,280,210,290,300,252,190,246,330,440,217,95,260,196,290,340,203,360,340,300,238,330,231,300,217,252,216,330,259,252,225,220,380,380,360,238,380,210,420,172,460,159,420,273,102,266,160,350,340,330,225,280,470,336,216,620,410,129,336,329,252,410,470,470,432,500,352,390,245,224,330,245,266,420,315,424,590,580,414,366,560,570,630,630,280,212,550,413,536,448,305,610,580,580,520,520,392,570,196,470,350,490,280,372,450,400,460,500,490,470,235,392,510,318,265,510,322,380,340,275,385,275,188,450,460,322,371,690,295,343,570,300,460,490,336,488,640,310,600,295,550,530,245,336,480,500
S353,B,0,0,0,0,0,0,0,0,0,0,0,1,1,0,0,1,1,1,0,0,0,0,0,0,0,0,0,0,0,0,0,0,0,0,1,0,1,0,1,0,0,0,0,0,1,1,0,0,0,0,0,0,1,0,0,0,0,0,0,1,0,0,0,0,0,1,0,0,0,0,0,0,0,0,0,0,1,0,0,0,0,0,0,1,0,1,0,0,1,1,0,1,0,0,0,0,0,1,0,0,0,0,0,0,0,0,0,1,0,0,2,1,0,0,0,0,0,0,0,0,0,0,0,0,0,0,0,0,0,0,0,0,0,0,0,0,4,1,0,0,1,0,0,0,0,0,0,0,0,0,0,0,0,1,0,1,1,1,4,0,0,0,0,0,1,0,0,0,0,0,0,0,0,0,0,0,0,1,1,1,6,3,0,0,0,0,0,0,0,0,0,0,0,1,0,0,0,0,0,0,0,0,0,0,1,0,0,0,2,0,0,0,0,0,0,0,0,0,0,0,0,0,0,0,0,0,0,0,0,0,0,0,0,0,0,0,0,0,0,0
S354,A,0,0,0,0,0,0,0,0,0,0,300,3,1,0,0,1,2,0,0,255,0,0,1,0,0,0,1,0,0,0,300,0,0,1,0,0,1,232,1,0,0,0,0,0,0,0,1,0,0,0,0,300,0,1,0,0,0,0,0,0,224,1,1,0,0,0,0,150,1,0,0,0,0,0,0,0,0,0,1,0,1,0,1,2,0,0,0,280,0,0,0,1,0,0,0,0,0,0,0,0,0,0,1,0,0,0,0,1,0,0,3,0,1,1,0,0,0,1,0,0,0,0,0,0,0,0,1,0,0,0,1,2,0,0,1,1,5,2,0,0,0,0,0,1,0,0,0,0,0,0,0,0,0,2,1,1,5,1,0,0,1,0,0,0,0,0,0,0,0,1,0,0,0,0,0,0,0,1,3,0,5,1,0,0,0,100,1,0,1,0,0,0,1,0,0,0,0,1,1,0,0,0,0,0,0,0,0,0,2,1,0,0,0,1,0,0,1,1,0,0,0,0,0,0,0,0,0,0,0,0,0,0,0,0,0,0,0,0,0,1
S355,C,0,0,0,0,0,0,0,0,1,0,200,0,0,0,0,0,0,0,0,0,0,0,0,0,1,1,0,0,0,0,0,0,0,0,0,0,0,0,0,155,0,0,1,0,200,0,0,0,0,0,1,0,0,0,0,0,0,0,0,0,0,0,0,0,0,200,0,0,0,0,0,0,0,0,0,0,0,0,0,0,0,0,0,0,0,0,15,0,0,0,0,0,0,0,0,0,0,0,0,0,0,0,0,0,0,0,0,0,0,0,0,0,0,0,0,1,0,0,0,0,0,0,0,0,0,0,0,0,0,0,1,0,0,1,0,0,0,0,0,0,1,0,0,1,0,0,0,0,0,0,0,0,1,0,0,0,0,1,0,0,1,0,0,0,0,1,0,0,0,0,0,0,0,0,0,0,10,1,1,0,0,0,0,0,0,0,0,0,0,0,0,0,0,0,0,0,0,0,1,0,0,0,0,0,0,0,0,0,0,0,0,0,1,0,0,0,0,1,0,0,0,0,0,0,0,0,0,0,0,0,0,1,0,0,0,155,0,0,0,0
S356,C,50,1300,320,210,210,200,380,540,650,590,530,480,440,870,910,980,1020,1190,1780,1230,1020,990,960,1908,336,370,340,230,56,140,200,310,860,1130,560,740,940,712,870,750,435,721,830,854,980,824,875,1612,252,170,238,80,56,100,84,235,370,330,780,693,928,880,728,1070,990,1340,665,920,742,940,990,1780,136,300,128,50,56,170,80,98,76,240,132,100,76,560,300,280,329,245,140,235,380,462,455,600,315,410,290,63,65,60,140,220,140,110,180,189,620,350,252,270,360,440,308,470,329,610,399,434,216,290,112,98,75,45,130,190,250,196,1150,246,1250,124,430,132,300,266,129,294,230,530,670,680,150,203,190,42,88,80,120,69,161,196,203,300,250,470,320,540,184,350,224,280,610,336,630,520,196,136,210,100,126,96,130,810,320,310,150,108,270,273,696,301,205,1040,800,1360,450,890,567,700,152,420,287,120,30,108,170,530,390,380,640,560,560,644,1110,744,440,870,511,910,1480,535,742,400,276,300,220,238,196,160,80,252,690,432,750,780,728,672,760,395,620,330,670,690,610,686,630,1470
S357,C,0,0,0,0,0,0,0,0,0,1,0,1,0,0,1,0,1,0,5,0,0,0,0,0,1,0,1,0,0,0,0,0,0,0,0,9,0,1,1,1,1,0,0,0,0,0,0,0,0,1,0,0,0,0,0,0,0,0,1,0,0,0,0,0,0,0,0,0,0,0,1,1,0,0,0,0,0,1,0,0,0,1,3,0,0,1,3,20,28,1,1,3,0,0,1,1,0,0,0,0,0,0,0,0,3,2,8,1,1,4,4,4,3,0,3,0,0,0,0,1,0,0,0,0,0,0,0,0,0,0,1,0,0,1,1,1,0,2,0,0,1,0,1,0,0,0,0,0,0,0,0,1,1,1,2,0,0,0,2,0,2,0,0,0,0,0,0,0,0,0,0,0,0,1,0,0,4,1,1,1,4,1,16,1,1,0,1,0,0,0,0,0,0,0,0,0,0,0,0,1,0,0,0,1,0,0,2,0,1,0,0,0,0,0,0,0,0,0,0,0,0,0,0,0,0,0,0,0,0,0,0,0,0,1,0,0,0,0,0,0
S358,B,0,0,0,0,0,0,0,0,1,1,10,0,0,0,0,0,0,0,0,0,0,0,0,0,0,0,0,0,0,0,0,0,0,0,0,0,0,0,0,0,0,0,0,0,0,0,0,0,0,0,0,0,0,0,0,0,0,0,0,0,0,0,0,0,0,0,0,0,0,0,0,0,0,0,0,0,0,0,0,0,0,0,0,0,0,0,0,0,0,2,0,0,0,1,3,3,0,0,0,0,0,0,0,0,0,0,1,1,0,0,0,0,0,0,0,1,0,0,0,0,0,0,0,0,0,0,0,1,0,0,0,0,0,0,1,0,0,0,0,0,0,0,0,0,0,0,0,0,0,0,1,0,0,0,0,0,0,0,0,0,0,0,0,0,0,0,0,0,0,0,0,0,0,0,0,0,0,0,0,0,0,1,0,0,0,0,0,0,0,0,0,0,0,0,0,0,0,0,0,0,0,0,0,0,0,0,0,0,0,0,0,0,0,0,1,0,0,0,0,0,0,0,0,0,0,0,0,0,0,0,0,0,0,0,0,0,0,0,0,0
S359,C,0,0,1,50,1,0,0,0,0,0,0,1,0,1,0,0,5,1,0,0,0,0,0,0,0,0,0,0,1,0,50,0,0,0,0,0,1,0,2,1,0,0,0,0,0,0,0,0,0,0,0,0,0,0,0,0,0,0,0,0,0,0,0,0,0,0,0,0,0,0,0,0,0,1,0,0,0,0,0,0,0,0,0,2,0,1,2,0,3,0,0,1,0,0,0,0,0,0,0,0,0,0,0,0,0,0,1,0,0,0,2,1,0,0,0,0,1,0,1,0,0,0,0,0,0,0,0,0,0,0,0,0,0,1,0,0,2,2,0,0,0,0,0,0,0,0,0,0,0,0,0,0,0,3,0,0,1,0,4,1,1,0,0,0,0,0,0,1,1,0,0,0,0,0,0,1,1,3,3,1,6,7,0,0,1,1,1,0,0,0,0,0,0,0,1,1,0,0,0,0,0,0,0,0,0,0,0,0,1,0,0,0,0,0,0,0,0,0,0,0,0,0,0,0,0,0,0,0,0,0,0,0,0,1,0,0,1,0,0,0
S360,B,1,0,2,40,2,0,4,0,3,0,1,5,1,0,7,0,3,0,3,0,2,0,2,5,3,0,1,0,1,1,2,0,1,1,2,0,6,1,1,0,2,0,2,0,1,0,5,0,1,1,2,0,3,0,3,0,1,0,28,0,1,0,4,0,2,0,2,0,2,0,3,1,2,0,1,0,0,1,3,0,1,1,1,0,1,0,3,0,3,1,2,0,2,0,3,0,3,0,2,0,1,1,2,0,3,2,0,1,3,0,2,6,3,0,3,0,3,1,3,1,3,1,3,0,2,0,2,0,3,1,1,1,1,0,7,0,3,1,1,1,2,0,3,0,1,0,1,1,1,1,1,0,2,1,3,0,1,0,4,0,2,0,1,1,1,0,1,0,5,0,3,0,3,1,7,0,5,0,3,0,6,1,1,0,3,0,3,0,4,0,2,0,2,1,3,0,3,1,2,1,1,0,1,0,2,0,3,0,2,0,1,0,2,0,3,0,1,0,1,0,3,0,1,0,7,0,3,0,1,0,2,0,4,1,5,0,2,1,1,0
S361,C,910,1210,1250,910,1180,830,1130,880,830,1400,710,1220,1760,1950,1760,1380,2070,1800,1400,950,1210,2100,970,1692,630,1520,1130,2360,917,1110,870,1850,1450,2200,1530,2700,1590,1136,1470,2650,765,812,1280,623,1120,1392,1155,1450,752,525,756,1140,854,640,833,480,675,905,1240,1533,1352,1810,1232,1410,2712,1800,1015,1410,1043,2570,2750,1690,424,1530,388,1160,1687,1500,1220,1092,868,1660,906,516,276,1630,1890,720,1148,1050,500,550,1380,1967,609,1410,616,2300,1040,1344,710,876,1220,1690,1141,835,1030,966,1420,1520,1176,1110,1370,940,1001,1560,686,1960,637,1050,1014,1570,700,1197,600,530,1840,960,1730,1190,1000,1002,1490,464,1550,330,1220,595,348,686,735,2490,1750,1170,470,539,1740,546,548,1270,1210,408,1050,1330,1029,800,990,1030,976,1200,1088,1010,455,588,1300,1141,770,680,1057,880,1400,1310,762,684,970,2100,1510,1060,620,452,890,798,800,770,750,740,2700,1110,820,1430,966,1680,420,1300,1071,1630,345,1230,1600,1490,1490,1680,1250,1820,555,693,1620,672,665,1050,938,1300,430,1040,1134,550,540,1090,1660,945,609,1470,450,924,1100,1290,1580,1620,910,1224,1100,710,970,740,1400,700,620,1554,1040,1010
S362,C,1,0,0,0,0,1,0,0,0,0,0,0,0,0,0,1,0,0,0,0,1,0,0,0,1,0,0,0,0,0,1,0,0,1,0,0,0,0,1,0,0,0,0,0,0,0,0,0,1,0,0,0,0,0,0,0,0,0,0,0,0,0,0,0,0,0,0,1,0,0,1,0,1,0,0,1,0,0,0,1,0,0,0,0,0,0,0,1,0,1,0,0,1,1,1,0,1,1,0,0,0,1,0,0,0,1,1,1,0,0,1,0,1,0,1,1,0,0,0,1,3,1,0,0,1,0,0,0,0,2,1,0,1,0,0,0,1,0,0,0,0,0,0,0,1,1,0,1,0,0,0,0,0,2,1,0,0,0,0,1,1,1,0,0,0,0,0,0,2,1,0,0,1,1,0,0,0,1,0,0,1,1,0,1,0,0,0,1,1,0,0,0,1,1,1,0,0,1,0,1,0,0,0,1,0,0,0,0,0,0,0,0,0,0,0,0,1,0,0,0,0,1,1,1,1,0,0,1,1,0,1,1,0,0,0,0,0,0,0,0
S363,A,0,0,0,0,0,1,0,0,1,1,0,3,0,21,0,0,0,0,0,0,0,0,0,0,0,0,0,1,0,0,0,0,0,0,0,5,1,0,0,2,0,0,0,0,0,0,0,1,0,1,0,0,0,0,1,0,1,0,0,1,0,0,0,0,0,0,1,0,0,0,0,1,0,0,0,0,0,0,0,0,0,0,0,0,0,0,0,0,1,0,1,0,0,0,0,0,0,0,1,0,0,0,0,0,4,0,1,0,0,0,0,1,1,0,1,0,0,0,0,0,0,0,1,0,0,1,0,0,0,0,0,0,0,0,0,0,0,1,0,0,1,0,0,0,1,0,0,0,0,0,1,0,0,0,0,1,0,0,0,0,2,0,0,0,1,1,1,0,0,0,0,0,0,0,0,0,10,1,0,0,0,1,6,1,0,1,4,1,0,0,0,0,0,0,0,0,0,0,1,0,0,0,0,0,0,0,0,0,0,0,0,0,0,0,0,0,1,0,0,0,1,0,0,0,0,0,0,0,0,0,0,0,0,0,0,0,0,0,0,0
S364,B,230,70,90,350,220,80,60,90,80,80,70,70,80,90,70,100,90,70,80,70,70,80,80,84,154,60,90,520,126,110,70,80,100,80,90,590,100,80,70,80,45,70,70,42,90,64,70,100,164,45,84,570,119,50,49,40,45,40,80,56,72,70,63,90,110,90,77,110,63,90,110,110,144,90,40,690,161,110,80,63,36,70,42,24,16,90,90,70,49,49,28,30,670,49,56,90,203,80,90,371,85,60,80,90,63,35,60,63,80,70,63,70,60,70,56,70,49,90,35,56,204,80,77,371,115,50,90,100,90,77,80,30,90,32,70,27,90,49,27,56,40,80,90,90,155,70,110,406,76,90,90,27,63,63,56,80,90,70,64,80,64,70,42,35,70,63,49,80,217,64,90,520,138,48,100,90,90,70,35,28,90,63,80,56,35,70,100,70,50,60,56,80,116,70,70,540,110,60,90,70,80,100,80,80,40,56,70,48,45,100,56,90,50,40,70,50,140,70,110,329,161,100,50,49,70,54,80,90,49,80,100,40,90,40,80,80,50,56,90,80
S365,C,210,290,280,150,150,150,120,130,140,130,110,120,140,150,130,160,140,160,140,130,170,140,160,156,126,330,310,310,112,180,120,150,170,170,150,170,150,240,200,180,85,112,140,84,160,120,119,160,84,185,259,310,133,95,105,65,85,75,140,112,136,180,126,170,180,170,112,160,112,170,200,170,88,370,148,320,126,200,160,77,64,130,72,48,26,130,210,120,84,91,44,55,120,77,105,140,119,380,330,210,95,102,160,170,112,65,130,105,130,150,112,120,120,120,91,110,77,110,84,112,120,370,238,224,95,85,150,130,170,126,120,72,130,52,160,51,140,91,36,98,70,140,130,140,95,273,360,217,68,160,150,42,112,105,84,130,140,150,120,120,128,130,84,77,110,77,91,130,126,288,340,310,108,108,160,140,170,160,65,48,120,91,120,91,70,130,130,120,90,130,98,130,64,300,168,300,75,84,110,130,130,140,100,130,110,98,140,90,80,150,98,150,80,70,105,75,68,380,300,224,168,190,80,98,150,96,160,160,91,136,190,75,150,70,140,140,70,98,150,150
S366,B,0,0,0,0,1,0,0,1,0,0,0,0,1,0,2,0,0,0,0,0,0,0,0,0,1,0,1,0,0,0,1,0,0,1,0,0,0,1,0,0,0,0,0,0,0,0,0,1,0,1,0,1,0,1,1,0,0,1,0,0,0,0,0,1,0,0,0,0,0,1,0,0,0,1,0,0,0,0,0,0,0,0,0,0,0,1,0,0,0,0,1,0,0,0,0,0,0,0,0,1,0,0,0,0,0,0,0,0,1,0,0,0,0,1,1,0,0,1,0,0,0,0,0,0,0,0,0,0,1,0,1,0,1,1,0,0,0,0,0,0,0,0,0,1,0,0,0,0,1,0,1,0,0,1,0,0,1,1,1,1,1,0,0,0,1,1,0,1,0,0,1,0,0,0,2,1,0,1,0,1,0,0,0,0,0,1,0,1,0,1,1,0,0,0,0,0,0,1,0,1,0,1,0,1,0,0,1,0,0,1,0,1,0,1,0,0,0,0,1,0,1,0,0,0,0,0,0,0,0,0,0,0,0,0,1,0,0,0,0,0
S367,B,160,40,100,50,160,70,90,50,170,60,120,40,200,50,230,50,220,60,170,50,200,40,160,60,77,40,110,60,133,60,130,60,200,70,130,60,240,56,140,350,295,56,140,28,90,48,126,60,52,25,147,60,147,35,133,30,80,30,120,35,144,70,112,500,170,60,105,60,350,90,280,90,72,40,64,40,112,70,140,42,56,50,78,28,24,50,225,40,133,21,48,15,160,28,98,60,84,60,150,42,85,36,190,60,112,35,120,35,110,80,105,40,160,50,84,40,77,40,112,35,84,40,126,42,125,30,110,500,140,28,120,30,130,16,120,15,130,28,57,21,70,50,150,50,75,28,190,35,80,60,170,18,98,42,91,500,120,50,128,40,96,40,112,35,130,42,119,60,105,40,170,40,114,42,500,50,170,70,55,16,120,28,160,42,60,40,140,40,120,40,91,70,60,40,105,30,90,30,180,50,110,50,150,50,45,35,140,36,80,60,98,70,170,20,112,25,44,50,170,35,140,70,75,35,190,36,150,30,133,64,170,25,140,20,150,50,75,28,140,50
S368,C,0,0,0,0,0,0,0,0,0,0,0,0,0,0,0,0,0,0,1,0,0,0,0,0,0,0,0,0,0,0,0,0,0,0,0,30,0,0,0,0,0,4,30,0,0,0,0,0,0,0,0,1,0,0,0,0,0,0,0,0,1,0,0,0,0,1,0,0,0,0,0,0,0,0,0,0,0,0,0,0,0,0,0,1,1,2,0,1,1,1,1,0,20,0,0,1,0,0,0,0,1,0,0,0,0,4,3,0,0,8,0,0,0,0,1,0,0,0,0,0,1,0,0,0,0,1,0,0,0,0,0,0,0,0,0,0,0,0,0,0,0,0,0,0,0,0,0,0,0,0,0,0,0,0,0,0,0,0,0,0,0,0,0,0,0,0,0,0,0,0,0,0,0,0,0,0,0,0,0,0,0,0,1,0,0,0,0,0,0,0,1,0,0,1,0,0,0,0,0,0,0,0,0,0,0,0,0,0,1,0,0,1,0,0,0,0,0,1,0,0,0,0,0,0,0,0,0,0,0,0,0,0,0,0,1,0,0,0,0,0
S369,C,0,1,0,46,0,0,45,1,0,9,210,210,1,200,1,1,0,1,1,0,1,0,0,0,0,0,0,1,0,1,0,0,0,0,0,0,0,0,0,170,0,0,100,0,0,0,0,0,0,0,0,0,0,1,0,0,1,0,0,0,0,210,0,0,1,0,0,0,0,0,0,0,0,0,0,1,0,0,0,0,0,1,0,0,1,1,300,200,0,0,0,1,0,7,140,20,2,0,10,7,1,1,0,0,0,0,0,0,0,0,0,1,0,1,0,0,0,0,1,0,0,0,4,1,0,0,0,0,0,1,0,0,1,0,0,0,1,0,0,0,0,0,0,1,0,1,0,0,1,0,0,0,0,0,1,1,0,0,0,0,0,0,140,0,0,1,2,1,0,0,0,0,0,0,0,0,0,1,1,1,1,0,0,0,0,0,0,0,0,0,0,0,0,0,0,0,1,0,1,0,1,0,0,0,0,1,0,0,0,0,0,0,0,0,0,1,0,0,0,0,0,0,1,0,0,0,1,0,0,0,0,1,1,0,0,0,0,0,0,0
S370,A,0,0,0,0,0,0,0,0,1,0,0,1,0,0,0,0,2,0,1,0,0,1,0,0,0,0,0,0,0,0,0,0,0,0,1,0,1,0,1,0,0,0,0,0,0,1,0,0,0,0,0,0,0,0,0,0,1,0,0,1,0,0,0,0,0,1,0,0,0,0,0,0,0,0,0,1,0,0,1,0,0,0,0,1,0,1,0,1,1,0,0,1,0,0,0,1,0,0,0,0,1,0,0,0,0,0,0,0,0,0,3,0,0,0,0,1,1,1,0,0,0,0,0,0,0,0,0,0,0,0,0,0,1,0,0,0,4,2,0,0,0,1,0,0,0,1,0,0,1,0,0,1,0,1,210,0,1,0,1,0,0,0,0,0,0,0,0,0,1,0,0,0,0,0,0,0,1,3,2,0,7,1,0,0,0,0,1,0,0,0,0,0,0,0,0,0,0,0,0,0,0,0,1,0,0,0,0,0,1,1,0,0,1,0,0,0,0,0,0,0,0,0,0,0,0,0,0,0,1,1,0,0,0,0,1,0,0,0,0,0
S371,B,0,0,1,0,0,0,0,0,0,0,0,0,1,0,0,0,1,0,0,0,0,0,0,2,0,0,0,1,0,0,1,0,0,4,0,1,0,1,1,0,0,0,0,2,0,0,0,0,0,1,0,0,0,0,0,0,1,4,0,0,1,0,0,0,0,1,0,1,0,0,0,0,0,1,1,0,0,1,0,0,0,1,0,0,0,0,2,1,1,1,1,0,0,3,0,0,0,0,0,0,0,0,0,0,0,0,0,0,0,0,0,1,500,0,0,0,0,1,0,1,0,0,0,0,1,0,0,0,0,1,1,0,0,1,0,1,5,0,0,0,0,1,0,0,1,0,1,1,0,0,500,1,0,1,3,500,0,0,0,1,400,1,0,0,0,0,0,0,0,0,0,0,0,0,0,0,2,0,1,1,0,0,3,0,0,0,0,0,1,0,0,0,1,450,0,0,0,0,0,1,1,1,1,0,0,0,0,0,0,0,1,1,0,0,0,0,0,0,1,0,0,0,0,0,1,1,0,0,0,1,0,1,0,175,1,0,1,0,0,0
S372,A,1,0,0,0,1,1,0,1,1,1,0,0,0,1,0,0,0,0,0,1,0,0,0,0,1,0,1,0,0,0,0,0,0,0,0,0,0,0,0,0,0,0,1,0,0,0,0,0,1,1,1,0,0,0,0,0,0,0,0,0,0,0,0,0,0,0,1,0,0,0,0,0,2,0,1,0,0,0,0,0,0,0,1,0,0,1,0,0,0,0,0,0,0,0,0,0,2,0,0,0,0,0,0,0,0,0,1,0,0,1,0,0,0,0,0,0,0,0,0,0,1,0,0,0,0,0,0,1,0,0,0,0,1,0,0,0,1,0,0,0,0,0,0,0,2,0,0,0,0,0,0,0,0,0,0,0,0,0,0,0,0,0,210,1,0,0,0,0,1,3,1,0,0,0,0,0,250,0,0,0,0,1,0,0,0,0,1,0,0,0,0,0,0,200,0,0,0,0,0,0,0,0,0,0,0,0,0,0,0,0,0,0,0,0,0,0,1,0,1,0,0,0,0,0,0,0,0,0,0,0,0,0,0,0,0,0,0,0,0,1
S373,A,0,0,0,0,1,0,0,0,0,0,0,0,0,0,0,1,2,2,0,1,0,0,1,0,0,0,0,0,0,0,0,1,0,0,155,0,0,0,2,0,0,0,0,0,150,120,1,0,0,0,0,0,1,0,0,0,1,0,0,1,0,0,0,0,0,0,0,0,0,0,1,0,0,0,1,1,0,0,0,1,0,0,1,1,0,120,0,120,1,1,0,0,0,0,1,0,0,0,0,1,1,0,0,1,0,0,0,0,0,1,1,0,0,0,0,1,0,0,0,1,0,0,0,0,0,1,0,1,1,0,0,1,0,0,0,1,3,3,0,0,1,0,1,0,0,0,0,1,0,0,0,0,0,1,0,1,0,0,0,0,0,0,0,0,1,1,0,0,1,0,0,0,0,0,0,0,0,1,1,1,5,1,0,0,1,1,0,1,1,0,0,0,0,0,1,0,0,0,0,1,0,0,0,1,1,0,1,1,1,0,0,1,0,1,0,0,1,1,0,0,0,0,0,0,1,0,0,1,0,0,0,0,0,0,1,0,0,0,0,0
S374,C,1,1,1,1,3,5,8,10,20,20,10,10,10,20,30,30,20,10,6,3,1,1,1,2,1,1,1,1,3,6,10,20,40,30,20,10,20,24,40,30,10,7,7,3,2,1,1,1,1,1,1,1,3,3,7,10,20,15,20,14,16,30,28,40,20,10,5,3,1,1,1,1,1,1,1,1,2,6,6,7,8,10,6,4,2,10,30,20,7,7,2,1,1,1,1,1,1,1,1,1,2,3,8,10,14,10,10,7,10,10,14,20,10,9,3,2,1,1,1,1,1,1,1,1,3,4,10,10,20,14,10,6,10,4,20,6,10,7,2,2,1,1,1,1,1,1,1,1,2,8,9,3,14,14,7,10,10,10,16,20,8,10,3,2,1,1,1,1,1,1,1,1,3,5,9,10,20,20,5,4,10,14,24,21,10,10,6,3,2,1,1,1,1,1,1,1,2,5,10,20,30,30,20,20,10,21,40,24,10,10,5,3,2,1,1,1,1,1,1,1,4,10,5,21,40,24,30,20,14,24,40,15,20,5,5,3,11845,9156,5760,3610
S375,B,0,0,0,0,0,0,0,0,0,1,1,0,0,0,90,0,1,0,0,85,0,0,0,0,0,0,0,0,1,1,0,1,0,0,0,0,0,1,0,80,0,0,0,0,0,1,0,0,0,0,0,0,0,0,1,0,1,0,0,0,0,0,1,1,0,0,0,0,0,0,0,0,0,1,0,0,1,0,0,0,0,90,0,1,0,0,0,0,2,0,0,1,1,1,0,0,0,0,0,0,0,0,0,0,0,0,0,1,90,0,1,0,0,0,0,0,1,0,0,0,0,0,1,0,0,0,0,0,0,0,0,2,0,0,1,1,0,0,0,1,0,0,0,0,0,0,1,0,0,1,0,1,1,2,1,1,0,1,0,0,1,1,1,0,0,1,0,0,0,1,0,0,0,1,0,0,0,1,0,0,1,0,0,0,1,1,0,1,0,0,0,0,1,0,0,0,0,0,0,0,0,1,1,0,0,0,1,0,0,0,0,0,0,0,0,1,1,1,0,0,0,0,0,0,0,1,0,1,0,0,0,0,0,0,1,0,0,0,0,0
S376,B,1,0,0,0,3,0,0,0,1,0,1,1,5,0,3,0,2,0,1,0,1,0,4,0,2,0,1,0,1,1,3,0,4,0,4,0,2,0,2,1,2,0,1,1,1,0,1,0,1,0,3,0,3,0,2,0,1,0,1,0,4,0,3,0,1,1,3,0,2,1,2,1,2,0,1,0,2,0,1,0,1,0,1,0,1,0,3,1,2,1,1,0,4,0,3,0,2,0,3,0,2,0,4,0,3,1,1,2,3,0,2,6,240,1,3,0,1,0,3,0,3,0,3,0,3,0,3,0,1,0,1,0,3,1,1,0,4,0,1,1,2,0,0,0,2,0,2,0,1,0,1,0,1,0,1,0,1,0,3,2,2,0,3,0,4,0,2,0,3,0,1,0,0,0,1,0,2,1,3,0,1,0,1,0,1,0,3,0,2,0,1,0,1,0,1,0,2,1,5,0,1,0,1,0,2,0,1,1,1,0,1,0,1,1,3,1,2,0,6,0,2,0,0,1,5,0,1,0,1,0,2,0,3,0,0,220,1,0,1,1
S377,C,0,0,0,0,0,1,0,1,1,0,0,1,0,1,0,0,1,1,0,1,1,0,0,0,0,0,0,0,0,0,0,0,0,0,1,0,1,0,4,0,0,1,0,0,0,0,0,0,0,0,0,1,0,0,0,1,0,0,1,0,0,0,0,0,0,0,0,1,0,0,0,0,0,0,0,0,0,0,0,0,0,0,0,2,0,1,2,0,1,1,0,1,0,0,0,0,0,0,0,1,0,0,1,0,0,0,0,3,0,0,3,0,0,0,1,0,0,0,0,0,0,0,0,0,0,0,0,0,0,0,0,0,0,0,0,0,5,2,0,0,0,0,0,1,0,0,0,0,0,0,0,0,0,1,0,0,0,0,1,0,1,0,0,0,0,0,0,0,1,1,0,1,0,0,1,1,1,1,4,1,4,3,0,0,0,0,4,0,0,1,0,0,0,0,0,0,1,0,0,0,1,0,0,1,0,0,1,0,0,1,0,1,0,0,0,0,0,1,0,1,0,0,0,0,0,0,1,0,0,0,0,0,0,0,0,0,0,1,0,0
S378,B,0,0,0,0,0,0,0,1,0,0,0,1,0,0,0,1,0,0,0,0,0,0,0,2,0,0,0,0,0,0,0,0,0,0,0,1,0,1,0,0,1,0,1,0,0,0,0,0,1,0,0,0,1,0,0,0,1,0,0,0,0,0,0,0,0,0,0,0,0,1,0,1,0,0,0,0,0,0,1,0,0,0,0,1,0,0,0,0,0,0,1,1,0,0,0,0,0,0,0,0,1,0,0,0,0,0,1,4,140,3,0,0,0,0,0,3,1,1,0,1,1,0,0,0,0,0,0,0,1,0,1,0,0,0,1,0,1,7,0,1,0,1,0,0,0,0,0,0,0,0,0,0,1,1,1,1,0,0,1,0,3,0,0,0,0,0,0,0,0,0,0,0,0,0,0,0,0,0,1,0,1,0,3,2,1,1,1,0,0,0,0,0,1,0,0,0,0,0,0,0,0,0,0,1,1,1,0,1,0,0,0,0,0,0,1,0,0,0,0,1,0,0,0,0,1,0,0,0,0,0,0,0,0,0,0,0,0,0,0,0
S379,C,0,0,0,0,0,0,0,0,0,0,0,1,0,40,0,1,4,0,50,50,0,0,0,0,0,0,0,0,0,0,0,0,0,0,0,0,0,0,1,1,0,1,0,0,0,0,0,0,0,0,0,0,0,0,0,0,0,0,0,0,0,0,0,0,0,1,0,0,0,0,0,0,0,0,0,0,0,0,0,0,0,0,0,2,0,1,0,0,2,0,0,1,1,0,0,0,0,0,0,0,0,0,0,0,0,0,0,1,0,0,3,1,0,0,0,0,0,1,0,0,0,0,0,0,0,0,0,0,0,0,0,2,0,4,0,3,4,2,0,0,0,0,0,0,0,0,0,0,0,0,1,0,0,1,0,0,1,1,2,0,1,0,0,0,0,0,0,0,0,0,0,0,0,0,0,0,0,1,4,1,2,3,0,0,0,0,1,0,0,0,0,0,0,0,0,0,0,0,0,0,0,0,0,0,0,0,0,0,2,0,0,0,0,0,0,0,0,0,0,0,0,0,0,0,0,0,0,0,0,0,0,0,0,0,0,0,0,0,0,0
S380,C,40,0,0,0,0,0,40,0,35,0,1,0,1,0,0,0,1,1,1,0,0,0,1,2,1,0,0,0,0,0,0,0,0,0,0,0,0,0,3,0,0,0,0,0,0,0,0,0,1,0,0,1,0,0,0,0,0,0,0,0,0,0,0,0,0,0,0,0,0,0,0,0,0,0,0,0,0,0,0,0,0,0,12,2,1,5,0,0,0,0,0,0,1,0,0,0,0,0,0,0,0,0,0,0,0,0,0,3,0,0,1,0,0,0,0,1,0,0,1,0,0,0,0,0,0,0,0,0,0,0,0,0,0,0,0,0,7,5,1,0,1,1,0,0,0,0,0,0,0,0,1,0,0,3,1,1,1,0,1,0,0,0,700,0,1,0,0,1,0,0,0,0,0,0,0,0,0,0,2,0,5,1,0,0,0,800,1,1,1,0,0,0,1,0,0,0,0,0,0,0,0,0,0,0,0,0,0,0,1,0,0,0,0,0,0,1,0,1,0,0,0,0,0,0,0,0,0,0,0,0,0,0,0,0,0,0,1,1,0,0
S381,A,40,0,0,0,0,0,0,0,0,0,0,0,0,0,0,0,0,0,0,0,0,0,0,0,0,0,0,0,0,0,0,0,0,0,0,2,0,16,1,0,0,0,0,2,1,8,0,0,0,0,0,0,0,0,0,0,1,1,0,0,0,0,0,0,0,0,0,0,0,0,0,0,0,0,0,0,0,0,0,0,0,0,0,0,0,0,0,0,0,7,0,0,0,0,0,0,0,0,0,0,0,0,0,0,0,0,0,0,0,0,1,40,0,0,0,2,0,0,0,1,0,0,0,0,0,0,0,0,0,5,1,0,0,12,10,0,1,7,0,0,0,1,1,0,0,0,0,0,0,0,0,0,0,2,2,1,0,0,0,0,0,0,0,0,0,0,0,0,0,0,0,0,0,0,0,0,1,0,0,1,0,0,2,0,0,0,0,0,0,1,0,1,0,0,0,0,0,0,0,0,0,1,0,0,0,0,0,0,0,0,0,0,0,0,0,0,0,0,0,0,0,0,0,0,0,0,0,0,0,0,0,0,0,1,0,0,0,0,0,0
S382,C,0,0,0,0,0,1,0,0,0,0,0,1,0,0,0,0,2,1,1,0,0,0,0,0,0,0,0,0,1,1,0,0,0,0,0,0,0,0,1,1,0,1,0,0,0,0,0,0,0,0,0,0,0,0,0,0,0,0,0,0,0,0,0,0,0,1,0,0,0,0,0,1,0,0,0,0,0,0,0,0,0,0,0,2,0,0,0,1,0,0,0,0,0,0,0,0,0,1,1,0,0,0,0,0,0,0,0,1,0,0,2,0,0,0,0,0,0,0,0,0,0,0,0,0,0,0,0,1,0,0,0,0,0,1,0,0,2,3,0,0,0,0,0,0,0,0,0,0,0,0,0,1,0,1,0,0,0,0,0,0,1,0,0,0,0,0,0,0,0,0,1,0,0,0,0,0,0,0,1,1,1,2,0,0,0,0,1,0,0,0,0,0,1,0,0,0,0,0,0,0,0,0,0,1,0,0,1,120,0,0,0,0,0,1,0,0,0,0,0,0,0,0,0,0,0,0,0,0,0,0,0,0,0,0,1,0,0,0,0,0
S383,C,0,0,0,0,0,0,0,0,1,6,1,0,0,0,1,2,0,0,0,0,0,0,0,2,0,0,0,0,0,0,0,0,1,0,0,0,0,0,0,0,0,0,0,0,0,0,0,0,0,0,0,0,0,0,0,0,0,0,0,0,0,0,0,0,0,0,1,0,0,0,0,0,0,0,0,0,0,1,0,0,0,1,0,0,1,0,0,0,1,0,0,0,0,14,14,20,3,0,20,7,1,0,0,0,0,0,0,0,0,0,0,0,0,0,0,0,0,0,0,1,0,0,3,5,0,0,0,0,0,3,0,0,0,0,0,0,0,0,0,0,0,0,0,0,0,0,1,0,0,0,0,0,0,1,0,1,0,0,0,0,0,0,0,0,0,2,5,2,0,0,0,0,0,0,0,0,0,1,1,1,0,0,0,0,0,0,0,0,0,1,0,0,0,0,0,0,0,0,0,0,0,0,0,0,0,0,0,0,0,0,0,0,0,0,0,0,0,0,0,0,0,0,0,0,0,0,0,0,0,0,0,0,0,0,0,0,0,1,0,0
S384,C,0,0,0,0,0,1,0,0,0,0,0,0,0,0,0,0,0,1,0,1,0,0,0,0,0,0,0,1,0,0,0,1,0,0,0,0,0,0,0,0,0,1,0,0,0,0,0,0,0,0,0,0,0,0,0,0,1,0,0,0,0,0,1,0,0,0,0,0,0,1,0,0,0,0,0,0,1,0,0,0,0,0,0,0,0,0,0,0,0,3,0,0,0,0,0,0,0,0,0,0,0,0,0,0,0,0,4,0,0,0,4,10,0,0,0,0,0,0,1,0,1,0,0,0,0,0,0,0,0,1,1,5,0,1,1,1,0,1,1,0,0,0,0,0,0,1,0,0,0,0,0,0,1,3,1,0,0,0,0,3,0,0,0,0,0,0,0,0,0,0,0,0,0,0,0,0,0,0,1,1,0,1,2,21,1,0,0,0,0,0,0,0,0,0,1,0,0,0,1,0,1,1,0,0,0,0,0,0,0,0,0,1,0,0,0,0,1,0,0,1,0,0,0,0,0,1,1,0,0,0,0,0,1,0,0,0,1,0,0,0
S385,B,0,1,0,42,0,0,0,0,40,0,1,0,0,0,40,0,0,0,1,1,0,0,0,2,1,0,0,1,0,1,1,1,0,1,0,6,0,0,2,0,0,0,1,0,1,0,0,0,0,0,1,1,0,0,0,0,0,3,37,0,1,0,0,0,0,0,0,0,0,0,1,0,1,0,1,1,1,0,1,0,0,0,1,0,0,0,0,0,0,1,0,0,0,0,1,1,0,1,1,0,0,0,0,0,0,0,1,0,1,0,3,1,0,1,0,0,0,0,0,1,1,0,0,1,0,0,0,0,1,3,1,0,1,1,1,0,3,0,1,0,0,1,0,0,0,1,0,0,0,0,0,0,0,2,3,0,1,0,1,1,0,0,0,0,0,0,0,0,0,0,0,0,0,1,0,0,1,1,0,1,0,0,2,0,0,1,0,0,0,0,1,1,0,0,1,0,0,0,1,1,0,1,0,0,0,0,1,0,0,0,0,0,0,0,1,0,0,0,0,1,0,0,0,0,1,1,0,0,0,1,0,1,0,1,1,1,0,1,0,1
S386,B,0,0,0,0,0,0,0,1,0,0,0,1,10,1,0,0,1,1,1,1,0,0,0,0,0,0,0,0,0,0,0,0,0,0,0,0,0,0,1,1,0,0,2,0,0,0,0,0,0,0,0,0,0,0,1,0,0,0,0,0,1,0,0,0,0,0,0,0,0,0,0,0,0,0,0,0,0,0,0,0,0,1,0,1,0,0,0,2,0,6,1,0,0,0,0,0,0,0,0,0,0,0,0,0,0,1,1,0,0,0,1,0,1,3,1,0,1,0,0,0,0,0,0,0,0,1,0,0,0,0,0,2,0,0,2,0,1,0,0,0,0,0,0,1,1,0,0,0,0,0,0,0,0,1,7,2,0,3,8,2,1,2,0,0,0,0,1,0,0,0,0,0,0,0,0,1,0,0,1,0,0,0,1,0,1,1,3,6,1,0,1,1,0,0,0,0,0,0,0,0,0,0,0,0,0,0,0,0,0,0,0,0,0,0,0,0,0,0,1,0,0,0,0,0,1,0,0,0,0,0,0,0,0,0,0,2,1,0,0,0
S387,B,0,1,0,0,0,0,0,1,1,0,1,0,0,0,1,0,1,0,1,0,1,0,0,0,0,0,0,1,0,0,1,1,0,0,0,0,1,0,0,0,0,0,1,1,0,0,0,0,0,1,0,0,0,0,0,0,0,1,0,0,0,0,0,0,1,0,0,0,0,0,1,0,0,0,1,1,1,0,0,1,0,1,1,0,1,0,2,1,0,0,0,0,0,0,0,0,1,0,0,1,1,0,1,0,0,0,0,0,0,0,0,1,0,0,1,0,0,0,0,0,0,6,0,0,0,0,0,0,1,1,6,1,0,1,0,0,1,1,1,0,1,0,0,0,1,0,1,0,0,1,455,0,1,0,1,1,1,0,0,1,0,0,1,1,2,0,0,0,0,0,0,0,0,1,400,0,0,0,1,0,0,1,1,0,0,0,0,3,0,0,0,1,0,0,0,1,0,0,0,1,0,0,400,0,0,1,0,0,0,400,0,0,0,1,0,1,0,1,1,0,0,0,0,1,1,0,0,0,0,0,0,1,0,1,0,310,0,0,0,0
S388,B,0,0,1,1,0,0,0,0,0,0,0,0,0,0,0,0,0,0,0,0,1,0,0,0,0,0,4,0,0,0,1,0,0,0,0,1,0,1,0,0,0,0,0,0,0,0,0,0,0,0,5,0,1,0,1,1,0,0,0,0,0,0,1,1,0,0,1,1,1,1,1,0,0,0,2,1,1,1,0,0,0,0,0,1,0,0,0,0,1,1,0,0,1,1,0,1,0,0,6,0,1,0,1,0,1,0,0,1,0,0,1,1,0,0,0,0,1,0,1,0,0,1,2,1,0,0,0,0,0,0,1,0,0,1,1,0,0,0,0,0,0,0,0,0,0,0,5,1,0,0,0,0,0,0,0,400,1,0,0,0,0,0,0,1,0,0,0,1,0,0,8,1,0,0,1,0,0,0,0,0,0,0,0,0,0,0,0,1,1,0,0,0,0,0,3,0,1,0,1,0,1,1,0,0,0,1,0,0,1,0,1,0,0,1,0,0,0,0,10,0,0,0,1,1,0,0,0,1,0,1,0,0,1,0,0,0,1,1,0,0
S389,B,0,0,0,0,0,0,0,0,0,0,0,3,1,0,0,0,3,2,0,0,0,0,0,0,0,0,0,0,1,1,0,0,0,0,0,1,1,0,4,1,0,0,0,0,0,0,0,0,0,1,0,0,0,0,0,0,0,0,0,0,0,0,0,0,0,1,0,0,0,0,0,0,1,0,0,0,0,0,0,0,0,0,0,2,0,1,2,0,1,0,0,0,0,0,1,0,0,0,0,0,0,0,0,0,0,0,0,1,0,0,1,2,0,0,0,0,0,0,0,0,0,0,0,0,0,0,0,0,0,0,0,0,1,0,0,0,5,2,0,0,1,0,0,0,0,179,0,0,1,0,0,0,0,1,0,0,0,0,1,0,1,0,0,0,0,0,0,1,1,0,0,0,0,0,1,0,200,1,3,1,3,1,0,0,0,1,1,0,0,1,0,0,0,0,0,0,0,0,0,1,0,0,0,0,0,0,0,0,2,0,0,0,1,0,0,0,0,0,0,1,0,0,0,0,0,0,0,0,0,0,0,0,0,0,0,0,0,0,0,0
S390,B,0,0,0,0,0,1,20,0,0,0,0,3,0,0,0,1,1,1,0,0,0,1,0,0,0,0,0,0,0,1,0,0,0,0,5,10,20,0,0,1,0,0,0,0,0,0,0,0,0,0,0,0,0,0,0,0,0,0,0,0,0,1,0,0,0,0,0,0,0,0,1,0,0,0,1,1,1,0,0,0,0,0,1,1,0,1,0,150,0,0,0,0,0,1,0,0,0,1,0,0,0,1,0,0,1,0,2,0,0,1,0,0,0,3,0,0,0,0,0,0,0,0,0,0,0,0,0,0,1,0,0,0,0,0,0,0,0,0,0,0,0,0,1,0,0,0,0,0,0,1,0,0,0,0,0,0,1,0,0,0,0,0,0,0,0,0,1,0,0,1,1,0,0,0,0,0,0,0,1,0,0,1,2,3,0,1,1,0,0,0,0,1,0,0,0,0,0,1,0,1,0,0,0,0,0,0,0,0,0,1,0,1,0,0,0,1,0,0,0,0,0,0,0,1,0,0,0,1,0,0,0,0,0,0,0,0,0,0,0,0
S391,C,0,0,0,30,0,0,0,0,0,0,100,1,0,0,100,1,4,1,0,0,0,0,1,0,0,1,1,0,1,1,0,0,0,0,0,100,0,0,95,95,0,0,0,0,0,0,0,100,1,0,0,0,0,1,0,0,0,1,0,0,0,1,1,0,0,1,0,0,0,0,0,0,1,0,1,0,1,0,1,0,0,0,0,2,0,1,120,0,2,1,1,1,1,0,0,0,0,0,1,0,0,0,0,0,0,0,0,2,100,0,1,1,0,0,0,0,0,0,0,0,0,0,0,0,0,1,1,0,0,0,1,0,0,0,1,1,4,0,0,1,1,0,1,1,1,0,0,0,0,1,0,0,0,2,1,0,1,1,3,1,2,0,0,1,0,1,0,0,1,0,0,1,0,0,1,1,1,4,4,0,8,1,0,0,0,0,1,0,0,0,0,0,0,0,1,0,0,0,0,0,0,0,0,1,0,0,0,1,1,1,0,0,0,0,1,0,0,0,0,0,0,0,0,0,0,0,1,0,0,0,0,0,0,1,0,0,0,1,0,0
S392,B,1,0,2,0,1,0,0,0,4,0,5,1,4,0,10,1,3,0,2,0,1,0,2,2,2,0,1,0,3,0,2,0,7,0,3,0,4,0,2,0,1,0,3,0,1,0,2,0,1,1,4,0,5,0,1,0,1,0,2,0,4,0,1,0,6,2,2,0,3,0,3,0,1,0,2,1,1,0,3,0,2,1,0,0,1,0,3,0,4,1,1,0,2,0,3,0,1,0,2,0,1,0,2,1,1,1,4,2,4,0,3,6,3,0,1,1,2,0,2,0,3,0,1,0,3,0,1,0,1,0,0,1,1,0,4,0,1,0,1,1,2,0,4,0,2,0,1,0,1,0,2,0,4,0,3,0,4,0,4,0,1,0,2,1,2,0,1,0,2,0,1,0,1,0,1,0,2,0,3,0,4,0,3,0,1,1,5,0,1,1,1,1,2,0,4,0,3,0,2,1,1,0,5,0,0,0,1,0,1,0,2,0,3,0,3,0,0,0,3,0,2,0,2,0,3,0,1,0,3,1,2,1,5,0,4,1,1,0,3,0
S393,B,0,0,0,0,0,0,0,0,0,0,0,0,0,0,0,0,0,0,0,1,0,0,1,0,0,0,1,0,0,0,0,1,0,0,0,0,0,0,0,0,0,0,0,0,1,0,0,1,0,0,0,1,0,0,0,0,0,0,0,0,0,1,0,0,1,0,0,0,0,0,0,0,0,0,0,0,1,0,0,0,1,0,0,1,0,0,0,0,0,0,0,0,0,0,28,0,0,0,0,0,0,0,0,0,0,1,0,0,0,1,0,0,1,0,0,0,0,1,1,1,0,1,0,0,0,0,0,0,0,0,0,0,1,0,0,0,0,0,0,0,0,0,0,0,0,0,0,0,0,0,0,0,0,0,0,1,0,0,0,1,1,0,0,1,0,0,0,0,0,0,1,1,0,0,0,0,0,0,0,1,1,0,0,0,0,0,0,0,0,0,0,0,0,0,0,0,0,0,0,0,0,0,0,0,0,0,0,0,0,0,0,0,0,0,0,0,0,0,1,0,0,0,0,1,0,0,0,0,0,0,0,0,0,0,0,1,0,0,0,1
S394,A,0,1,0,0,0,0,17,0,0,0,100,100,0,0,0,0,0,20,1,0,1,0,1,0,0,0,1,1,0,0,0,0,0,0,0,100,0,0,0,90,0,14,0,63,0,0,0,0,0,1,0,89,0,0,0,0,1,0,0,0,0,0,0,0,1,10,0,0,1,1,0,0,0,0,0,0,0,0,0,0,0,0,0,0,1,0,0,0,0,14,0,1,1,0,0,0,0,0,0,0,0,0,0,0,0,0,0,0,100,0,0,1,0,4,1,1,1,0,1,1,0,0,0,0,0,0,0,0,0,0,0,0,1,0,0,0,1,7,0,1,1,0,1,0,0,1,0,0,0,1,1,0,0,0,0,1,0,0,0,0,0,10,0,1,0,0,0,0,1,1,0,0,1,0,0,0,0,1,1,0,0,0,0,0,0,10,0,0,0,0,0,0,0,0,1,1,0,0,1,0,0,0,0,0,0,1,0,1,0,10,0,0,0,0,0,1,1,0,0,1,0,0,1,0,0,0,1,0,1,0,0,0,1,5,0,0,1,0,0,0
S395,A,940,0,0,0,0,0,0,0,0,670,7,0,0,0,190,180,2260,420,300,920,3,60,0,0,469,0,0,0,0,0,0,0,0,10,4,290,0,0,0,0,0,4277,0,0,0,0,0,0,1292,0,0,0,0,0,0,3005,1,0,0,0,4008,0,0,0,0,0,0,0,0,0,0,0,1496,0,0,0,0,0,0,0,0,3130,180,2512,0,290,0,0,2583,1001,0,0,5000,0,0,590,1036,0,0,0,0,0,0,0,126,610,2030,175,0,1,0,280,4190,1470,0,0,0,0,406,1,978,0,0,0,0,0,0,0,890,413,1060,864,0,48,340,0,460,154,0,0,0,0,0,0,635,0,0,0,0,0,0,0,56,56,154,550,0,7660,3472,1200,0,0,0,1,0,0,42,8,700,0,0,1,0,0,0,0,0,9,25,116,0,5,0,651,3125,740,0,40,40,130,21,0,400,0,0,0,0,0,0,0,0,0,50,60,2,0,210,216,35,80,0,0,0,0,0,0,108,0,0,0,0,0,0,0,0,0,0,7550,0,0,0,0,0,315,0,0,0,0,0,0
S396,A,0,0,0,0,0,0,0,1,0,0,0,1,0,120,0,0,1,0,1,1,0,100,0,0,1,0,0,0,0,0,0,0,100,2,0,1,1,80,100,100,0,0,0,0,1,0,0,0,0,0,1,0,0,1,0,0,1,2,100,1,0,0,0,0,1,0,0,0,1,0,0,1,0,0,1,0,1,0,1,0,0,3,0,0,1,120,0,0,0,1,1,1,0,0,1,0,0,0,1,0,0,0,1,0,0,1,1,1,0,0,84,1,3,0,1,0,0,0,1,1,0,0,0,0,0,0,0,1,0,1,2,0,0,0,0,1,1,1,1,0,1,1,1,0,0,0,1,1,0,1,0,1,1,1,1,1,0,1,0,0,0,0,0,0,0,0,0,0,1,0,1,0,1,1,0,0,1,0,1,0,0,0,1,0,0,1,1,0,0,1,0,0,0,0,0,0,1,1,1,0,0,0,0,0,1,0,1,1,1,0,0,0,1,0,0,0,0,0,0,0,1,0,1,0,1,0,1,0,1,1,0,0,1,1,0,0,0,0,0,0
S397,B,0,1,0,0,0,0,0,0,1,0,0,0,0,0,0,1,1,0,0,0,0,0,0,2,0,0,0,0,0,1,1,1,1,0,0,1,0,0,1,0,0,0,1,1,0,0,0,1,0,0,0,1,0,1,0,0,0,1,1,0,0,1,0,1,1,0,1,0,1,1,0,0,0,0,0,0,1,1,1,0,1,0,0,0,1,1,0,0,0,0,1,0,0,0,0,0,1,0,0,0,1,0,0,1,0,1,0,0,0,0,1,0,0,0,0,0,1,1,0,0,0,1,0,0,0,0,0,0,0,0,1,0,0,0,0,0,1,0,0,0,0,0,0,0,1,0,0,0,0,0,0,0,0,0,0,0,1,0,0,0,0,0,0,0,0,0,1,0,0,0,0,0,0,0,1,0,0,0,0,0,1,0,0,0,1,0,1,0,0,0,0,0,0,1,0,0,0,0,0,1,0,0,1,0,0,0,0,1,0,0,0,0,0,0,0,1,0,0,0,0,1,1,0,0,0,0,0,0,0,1,0,0,1,1,0,1,0,0,0,0
S398,C,0,1,0,70,0,0,0,0,0,0,0,0,0,0,0,0,3,1,0,0,0,0,0,0,0,0,0,0,0,0,1,0,0,0,1,0,0,0,3,1,35,0,0,0,0,0,0,0,0,0,0,0,0,0,0,0,0,0,0,0,0,0,0,0,1,0,0,0,0,0,1,0,1,0,0,0,0,0,0,0,0,0,0,3,1,0,0,0,1,0,0,0,0,0,1,0,1,0,0,0,0,0,0,0,0,0,0,1,1,0,3,0,1,0,0,0,0,0,0,0,1,0,0,0,0,0,0,0,0,0,1,0,0,0,0,0,6,3,0,0,0,0,0,0,1,1,0,0,0,0,0,0,0,2,1,0,1,0,0,0,1,0,0,0,0,0,0,0,1,0,0,0,0,0,0,1,0,1,0,1,3,0,0,0,0,0,1,0,0,0,0,0,0,0,0,0,0,0,0,0,0,0,0,0,0,0,0,0,1,0,0,0,0,0,0,0,0,0,0,0,0,0,0,0,0,0,0,0,1,0,0,0,0,0,0,0,1,0,0,0
S399,B,0,0,1,0,0,0,0,1,0,1,0,1,1,1,1,2,1,0,0,0,0,0,0,0,0,0,0,1,0,0,0,1,1,1,0,0,0,0,3,1,0,0,0,0,0,1,0,1,0,0,0,1,0,0,0,0,0,1,0,0,0,0,0,0,0,1,0,0,0,0,0,0,0,0,0,0,0,0,1,0,0,1,0,1,0,1,0,0,2,0,0,1,0,1,0,0,0,0,0,0,0,0,0,0,0,0,0,3,0,0,2,1,0,0,0,0,1,2,0,0,0,0,0,0,0,0,0,0,0,0,0,0,0,1,0,1,4,2,0,1,0,0,0,0,0,0,0,0,0,0,0,1,0,4,0,0,200,1,1,0,1,0,0,1,0,0,0,0,1,0,0,0,0,0,0,0,2,1,2,1,4,2,0,1,0,0,1,0,0,1,1,0,0,0,0,0,0,0,0,0,0,0,0,0,0,0,0,1,1,0,0,1,0,0,0,0,0,1,0,0,0,0,0,0,0,0,0,0,0,0,0,0,1,0,0,0,0,0,1,0
S400,B,0,1,0,60,0,1,0,1,3,2,1,0,1,1,1,1,1,0,0,0,1,0,1,2,0,0,0,0,0,1,0,0,0,1,120,120,0,0,100,0,50,0,0,0,0,1,0,0,0,0,0,0,0,0,0,0,0,0,0,0,0,0,0,0,0,0,83,0,0,0,0,0,1,0,0,1,0,0,1,0,1,100,0,0,2,0,0,0,0,1,0,1,0,1,2,1,0,0,0,0,1,0,0,1,0,1,1,0,0,0,0,0,0,0,0,0,0,0,1,1,0,0,0,1,0,0,0,1,0,0,0,6,0,0,0,0,0,1,0,0,1,1,0,0,0,1,0,1,1,0,0,1,1,0,0,1,0,0,0,0,0,0,1,0,0,0,1,1,0,0,0,1,0,0,0,0,0,0,1,0,0,1,0,0,0,0,0,1,0,1,0,0,0,1,0,0,0,0,0,0,0,1,0,0,0,1,0,0,1,0,0,1,0,0,0,0,0,0,0,1,1,0,1,1,0,0,0,1,0,0,0,0,0,0,1,0,1,0,0,0
S401,B,0,0,0,0,0,0,6,1,0,1,0,1,1,0,0,1,3,0,0,0,0,0,0,0,0,0,0,1,0,0,0,0,0,0,0,0,1,0,1,0,0,0,1,0,0,0,0,0,0,0,0,0,0,0,1,0,1,0,0,0,1,0,0,0,0,1,0,0,0,1,0,0,0,0,0,0,0,0,0,1,0,0,0,1,0,1,0,1,2,1,1,0,0,0,0,0,0,1,0,1,0,0,0,0,0,0,1,1,0,0,3,0,0,1,0,0,2,1,0,0,0,1,0,0,1,0,0,0,0,0,0,2,0,0,0,1,7,3,0,1,0,0,100,0,1,0,0,0,1,0,0,0,0,1,1,0,0,0,3,1,0,0,0,0,0,0,0,0,1,0,0,0,1,0,0,1,1,2,2,0,5,2,0,0,0,0,0,0,0,0,1,0,0,0,0,0,0,0,1,0,0,0,0,0,0,0,0,0,2,0,0,0,1,1,0,1,0,1,0,0,0,0,1,0,0,1,0,0,0,1,0,0,1,1,0,0,0,0,1,1
S402,B,0,0,0,0,1,0,0,0,0,0,0,0,0,100,1,0,0,0,0,80,0,0,0,0,0,1,1,0,0,1,100,1,0,1,0,0,0,80,0,100,0,0,0,0,0,0,0,100,1,0,0,0,0,0,0,1,0,0,0,0,1,0,0,0,0,0,67,0,0,1,1,0,0,0,0,1,0,1,1,1,0,0,0,1,0,0,135,0,1,1,1,0,0,1,70,0,0,0,1,0,0,1,0,1,0,0,0,0,0,20,1,1,1,1,0,1,0,1,1,0,0,0,0,0,0,0,1,0,0,3,5,0,0,2,0,0,1,1,1,0,0,0,0,0,1,1,0,0,0,1,1,0,0,2,1,0,0,1,0,0,0,0,0,0,0,0,1,0,0,0,1,1,0,0,0,0,0,1,0,0,1,0,1,0,1,0,0,0,0,1,0,0,0,0,0,0,0,0,0,0,0,0,0,0,0,0,0,0,0,0,1,0,0,1,0,1,0,0,0,1,1,1,0,0,0,0,0,1,0,0,0,0,0,0,1,1,0,1,0,0
