供应商ID,材料分类,W001,W002,W003,W004,W005,W006,W007,W008,W009,W010,W011,W012,W013,W014,W015,W016,W017,W018,W019,W020,W021,W022,W023,W024,W025,W026,W027,W028,W029,W030,W031,W032,W033,W034,W035,W036,W037,W038,W039,W040,W041,W042,W043,W044,W045,W046,W047,W048,W049,W050,W051,W052,W053,W054,W055,W056,W057,W058,W059,W060,W061,W062,W063,W064,W065,W066,W067,W068,W069,W070,W071,W072,W073,W074,W075,W076,W077,W078,W079,W080,W081,W082,W083,W084,W085,W086,W087,W088,W089,W090,W091,W092,W093,W094,W095,W096,W097,W098,W099,W100,W101,W102,W103,W104,W105,W106,W107,W108,W109,W110,W111,W112,W113,W114,W115,W116,W117,W118,W119,W120,W121,W122,W123,W124,W125,W126,W127,W128,W129,W130,W131,W132,W133,W134,W135,W136,W137,W138,W139,W140,W141,W142,W143,W144,W145,W146,W147,W148,W149,W150,W151,W152,W153,W154,W155,W156,W157,W158,W159,W160,W161,W162,W163,W164,W165,W166,W167,W168,W169,W170,W171,W172,W173,W174,W175,W176,W177,W178,W179,W180,W181,W182,W183,W184,W185,W186,W187,W188,W189,W190,W191,W192,W193,W194,W195,W196,W197,W198,W199,W200,W201,W202,W203,W204,W205,W206,W207,W208,W209,W210,W211,W212,W213,W214,W215,W216,W217,W218,W219,W220,W221,W222,W223,W224,W225,W226,W227,W228,W229,W230,W231,W232,W233,W234,W235,W236,W237,W238,W239,W240
S001,B,0,0,0,0,0,0,0,0,0,0,1,0,0,0,0,0,0,0,0,0,0,0,0,0,0,0,0,0,0,0,0,0,0,0,0,2,0,3,1,0,0,0,0,0,2,0,0,0,0,0,0,0,0,0,0,0,2,5,0,0,0,0,0,0,0,0,0,0,0,0,0,0,0,0,0,0,0,0,0,0,0,1,0,0,0,0,0,0,0,0,0,0,0,2,0,0,0,0,0,0,0,0,0,0,0,0,0,0,0,0,2,5,1,0,0,0,0,0,0,0,0,0,0,0,0,0,0,0,0,1,0,0,0,3,0,0,2,0,0,0,0,2,0,0,0,0,0,0,0,0,0,0,0,3,5,0,0,0,0,0,0,0,0,0,0,0,0,0,0,0,0,0,0,0,0,0,2,0,1,0,0,0,3,0,0,0,0,1,0,2,0,0,0,0,0,0,0,0,0,0,0,0,0,0,0,0,0,0,0,0,0,0,0,0,0,0,0,0,0,0,0,0,0,0,0,0,0,0,0,0,0,0,0,2,0,3,0,0,0,0
S002,A,1,0,0,1,0,0,0,0,0,2,2,5,0,0,0,0,1,0,2,0,0,0,15,1,0,1,1,0,0,1,0,0,1,0,0,14,1,0,0,5,0,2,0,0,0,2,2,2,0,0,0,2,1,0,0,0,0,1,0,1,2,0,0,0,1,0,0,0,0,0,0,1,0,0,0,1,0,0,0,0,0,0,1,1,0,0,0,0,1,0,0,4,0,0,2,5,1,0,0,1,0,0,0,2,3,3,1,0,14,0,0,27,0,2,0,1,0,0,0,0,0,0,1,0,0,1,0,4,2,8,0,0,0,0,0,0,0,4,0,0,0,0,0,0,0,0,3,0,2,0,0,0,0,0,0,0,2,0,0,3,1,0,24,2,2,0,0,0,0,0,0,1,0,0,0,0,1,0,0,0,1,1,6,19,0,0,1,0,0,0,0,0,0,0,0,1,1,0,0,0,0,0,0,1,0,0,0,0,0,1,67,0,0,0,0,0,0,0,0,0,0,0,0,0,0,0,0,0,0,0,0,0,0,0,0,0,0,0,0,1
S003,C,8,1,0,0,0,1,5,58,110,173,145,83,62,91,212,128,153,89,38,17,35,7,22,7,0,0,1,0,0,0,0,0,13,9,35,22,13,19,5,17,14,23,20,14,12,6,10,5,3,0,0,0,0,0,3,5,16,27,18,29,6,55,33,79,29,41,32,59,87,66,71,52,4,0,0,0,2,0,5,42,190,280,128,66,6,60,288,156,175,180,41,150,296,182,177,48,6,38,0,0,1,0,0,73,387,176,216,163,30,93,252,351,174,105,54,52,86,83,48,33,8,2,0,0,2,0,1,61,255,336,234,169,53,165,194,244,198,89,38,31,38,63,76,54,7,0,0,0,0,0,24,76,209,267,220,174,13,113,269,185,97,194,42,82,60,51,26,2,3,0,0,0,0,0,2,68,242,160,145,84,29,52,248,182,54,65,33,45,89,47,58,38,9,0,0,0,0,0,1,1,3,4,42,6,5,11,10,56,9,5,8,12,45,26,5,4,0,0,0,2,0,0,0,0,0,3,26,8,30,30,9,6,54,40,20,12,18,10,22,11
S004,B,0,0,0,0,0,0,0,0,0,0,0,1,0,0,0,1,2,0,0,0,0,0,0,0,0,0,0,0,0,0,0,0,0,0,0,0,0,0,0,0,0,0,0,0,0,0,0,0,0,0,0,0,0,0,0,0,0,0,0,0,0,0,0,0,0,2,0,0,0,0,0,0,0,0,0,0,0,0,0,0,0,0,0,1,0,0,0,0,3,0,0,4,0,0,0,0,0,0,0,0,0,0,0,0,0,0,2,2,0,0,6,2,0,0,0,0,2,2,0,0,0,0,0,0,0,0,0,0,0,0,0,0,0,0,0,1,2,1,0,0,1,0,0,0,0,0,0,0,0,0,0,0,0,1,1,0,3,1,3,0,1,0,0,0,0,0,0,0,1,0,0,0,0,0,0,1,0,2,8,1,5,3,0,0,0,0,1,0,0,2,0,0,0,0,0,0,0,0,0,0,0,0,0,0,0,0,0,0,2,0,0,0,0,0,0,0,0,0,0,0,0,0,0,0,0,0,0,0,0,0,0,0,0,0,0,0,0,0,0,0
S005,A,37,62,60,65,76,76,65,71,72,80,71,100,110,89,32,0,0,0,0,0,0,0,0,0,0,0,0,0,0,0,0,0,0,0,0,0,0,0,0,0,0,0,0,0,0,0,0,0,0,0,0,0,0,0,0,0,0,0,0,0,0,0,0,0,0,0,0,0,0,0,0,0,0,0,0,0,0,0,0,0,0,0,0,0,0,0,0,0,0,20,24,0,0,0,0,0,0,0,0,0,0,0,0,0,0,0,21,25,0,0,0,0,0,33,8,0,0,0,0,0,0,0,0,0,0,0,0,0,0,0,0,43,70,74,79,83,71,62,20,10,1,0,0,0,0,0,0,0,0,0,0,0,0,0,28,61,66,72,76,71,65,116,114,112,114,113,5,0,0,0,0,0,0,0,0,0,0,1,14,14,14,15,17,70,34,68,68,66,95,96,71,70,65,64,67,72,39,42,70,65,72,148,136,68,69,72,72,110,113,74,70,89,173,256,95,84,29,67,79,81,90,101,83,75,81,81,117,80,76,140,84,117,77,158,78,113,74,74,76,81
S006,C,0,0,0,0,0,0,0,0,0,0,0,0,0,0,0,0,2,0,0,0,0,0,0,0,0,0,0,0,0,0,0,0,0,0,0,0,0,0,3,0,0,0,0,0,0,0,0,0,0,0,0,0,0,0,0,0,0,0,0,0,0,0,0,0,0,0,0,0,0,0,0,0,0,0,0,0,0,0,0,0,0,0,0,2,0,0,0,0,0,0,0,0,0,0,0,0,0,0,0,0,0,0,0,0,0,0,0,2,0,0,6,0,0,0,0,0,0,0,0,0,0,0,0,0,0,0,0,0,0,0,0,0,0,0,0,0,5,1,0,0,0,0,0,0,0,0,0,0,0,0,0,0,0,1,0,0,0,0,0,0,0,0,0,0,0,0,0,0,0,0,0,0,0,0,0,0,0,1,0,1,3,2,0,0,0,0,0,0,0,0,0,0,0,0,0,0,0,0,0,0,0,0,0,0,0,0,0,0,3,0,0,0,0,0,0,0,0,0,0,0,0,0,0,0,0,0,0,0,0,0,0,0,0,0,0,0,0,0,0,0
S007,A,9,94,37,102,25,21,22,15,19,15,16,18,18,17,20,12,20,17,13,18,16,12,15,15,21,120,61,92,23,24,27,22,15,19,18,19,25,30,27,41,21,26,24,17,20,25,22,35,23,146,43,64,26,12,17,16,17,23,16,18,20,22,27,26,23,27,21,23,23,20,21,30,28,129,69,132,28,18,18,17,15,18,13,6,3,13,18,15,15,30,18,38,38,32,27,26,12,125,53,73,11,10,20,21,22,13,15,18,26,21,27,27,24,12,13,18,27,23,24,20,20,132,74,105,14,14,25,16,16,15,19,19,15,20,25,22,15,22,16,14,8,13,15,19,16,86,60,129,11,19,9,22,19,24,14,17,18,16,16,17,12,36,24,32,28,20,27,33,21,155,75,131,27,20,23,20,19,19,17,13,21,17,20,20,10,12,21,21,21,24,20,13,21,129,73,113,11,10,18,13,14,36,42,15,19,15,18,32,29,20,19,14,21,34,19,23,13,132,54,140,19,30,23,16,12,21,24,24,18,30,17,17,15,36,17,29,17,19,21,17
S008,C,0,0,0,0,0,0,0,0,0,0,0,0,0,0,0,1,0,0,0,0,0,1,0,0,0,0,0,0,0,0,0,0,0,0,0,0,0,0,0,0,0,0,0,0,0,0,0,0,0,0,0,0,0,0,0,0,0,0,0,0,0,0,0,0,0,0,0,0,0,0,0,0,0,0,0,0,0,0,0,0,0,0,0,0,0,0,0,1,0,0,0,0,0,0,0,8,0,0,0,0,0,0,0,0,0,0,0,1,0,0,0,0,0,0,0,0,0,0,0,0,0,0,0,0,0,0,0,0,0,3,0,0,0,0,1,0,13,0,0,0,0,1,0,0,0,0,0,0,0,0,0,0,0,0,1,0,0,0,0,0,0,0,0,0,0,2,0,0,0,0,0,0,0,0,0,0,0,0,0,1,0,0,0,0,1,0,0,0,6,0,5,0,0,0,0,0,0,0,0,0,0,0,0,0,0,0,0,0,0,0,0,0,0,0,0,0,0,0,0,0,0,0,0,0,0,0,0,0,0,0,0,0,0,0,0,0,0,0,0,0
S009,B,0,0,0,0,0,0,0,0,0,0,0,2,0,0,0,0,2,1,0,0,0,0,0,0,0,0,0,0,0,0,0,0,0,0,1,0,0,0,0,0,0,0,0,0,0,0,0,0,0,0,0,0,0,0,0,0,0,0,0,0,0,0,0,0,0,0,0,0,0,0,0,0,0,0,0,0,0,0,0,0,0,0,0,2,0,0,0,0,0,0,0,0,0,0,0,0,0,0,0,0,0,0,0,0,0,0,1,4,0,0,2,0,0,0,0,0,0,0,0,0,0,0,0,0,0,0,0,0,0,0,0,0,0,0,0,0,4,1,0,0,0,0,0,0,0,0,0,0,0,0,0,0,0,2,0,0,0,1,1,0,0,0,0,0,0,0,0,0,1,0,0,0,0,0,0,0,0,1,0,1,1,1,0,0,0,0,1,0,0,0,0,0,0,0,0,0,0,0,0,0,0,0,0,0,0,0,0,0,0,0,0,0,0,0,0,0,0,0,0,0,0,0,0,0,0,0,0,0,0,0,0,0,0,0,0,0,0,0,0,0
S010,B,0,0,0,0,0,0,0,0,1,13,2,0,0,0,2,3,0,0,0,0,0,0,0,0,0,0,0,0,0,0,0,0,0,0,0,0,0,0,0,0,0,0,0,0,0,0,0,0,0,0,0,0,0,0,0,0,0,0,0,0,0,0,0,0,0,0,0,0,0,0,0,0,0,0,0,0,0,0,0,0,0,0,0,0,0,1,0,0,0,2,0,0,0,30,26,45,3,0,13,14,1,0,0,0,0,0,0,0,0,0,0,0,0,0,0,0,0,0,0,2,1,0,9,4,0,0,0,0,0,4,0,1,0,0,0,0,1,0,0,0,1,0,0,0,0,0,0,0,0,0,0,0,0,0,1,2,1,0,0,0,0,0,0,0,0,2,11,6,0,0,0,2,0,0,0,0,0,1,2,3,0,0,0,0,0,0,0,0,0,0,0,0,0,0,0,0,0,0,0,0,0,0,0,0,0,0,0,0,0,0,0,0,0,0,0,0,0,0,0,0,0,0,0,0,0,0,0,0,0,0,0,0,0,0,0,0,0,0,0,0
S011,C,0,0,0,0,0,0,0,0,0,0,11,6,0,0,0,1,1,0,0,0,0,0,0,0,0,0,0,0,0,0,0,0,0,0,0,0,0,0,2,2,0,0,0,0,0,2,0,0,0,0,0,0,0,0,0,0,0,0,0,0,0,0,0,0,0,0,0,0,0,0,0,0,0,0,0,0,0,0,0,0,0,0,2,2,0,0,2,2,1,0,0,0,0,0,0,0,0,0,0,0,0,0,0,0,0,0,1,1,0,0,5,0,0,0,0,0,0,2,0,0,0,0,0,0,0,0,0,0,0,0,0,0,0,0,1,0,3,3,0,0,1,0,0,0,0,0,0,0,0,0,0,0,0,2,1,3,3,0,1,0,1,0,0,0,0,0,0,0,0,0,0,0,0,0,0,0,0,2,9,0,8,0,0,0,0,0,1,0,0,0,0,0,0,0,0,0,0,0,0,0,0,0,0,0,0,0,0,0,9,0,1,0,0,0,0,0,0,0,0,0,0,0,0,0,0,0,0,0,0,0,0,0,0,0,0,0,0,0,0,0
S012,A,0,0,0,0,0,0,0,0,0,0,0,3,0,0,0,0,0,0,0,0,0,0,0,0,0,0,0,0,0,0,0,0,0,0,3,5,1,0,0,2,0,0,0,0,0,0,0,0,0,0,0,0,0,0,0,0,0,0,0,0,0,0,0,0,0,0,0,0,0,0,0,0,0,0,0,0,0,0,0,0,0,0,0,0,0,0,0,0,0,0,0,0,0,0,0,0,0,0,0,0,0,0,0,0,0,0,2,0,0,0,0,0,0,1,0,0,0,0,0,0,0,0,0,0,0,0,0,0,2,0,0,0,0,0,0,0,0,0,0,0,0,0,0,0,0,0,0,0,0,0,0,0,0,0,0,0,0,0,0,0,0,0,0,0,0,0,0,0,0,0,0,0,0,0,0,0,0,0,0,0,0,0,6,2,1,0,2,0,0,0,0,0,0,0,0,0,0,0,0,0,0,0,0,0,0,0,0,0,0,0,0,0,0,0,0,0,0,0,0,0,0,0,0,0,0,0,0,0,0,0,0,0,0,0,0,0,0,0,0,0
S013,C,0,0,0,0,0,0,0,0,0,0,2,0,0,0,0,0,0,0,1,0,0,0,0,0,0,0,0,0,0,0,0,0,0,1,0,3,0,3,0,0,0,0,0,0,2,0,0,0,0,0,0,0,0,0,0,0,0,9,0,0,0,0,0,0,0,0,0,0,0,0,0,0,0,0,0,0,0,0,0,0,0,0,0,0,0,0,0,0,0,0,0,0,0,0,0,0,0,0,0,0,0,0,0,0,0,0,0,0,0,0,0,2,0,0,0,0,0,0,0,3,0,0,0,0,0,0,0,0,0,3,1,0,0,2,0,0,3,0,0,0,0,0,0,0,0,0,0,0,0,0,0,0,0,1,1,1,0,0,0,0,0,0,0,0,0,0,0,0,0,0,0,0,0,0,0,0,0,1,1,0,0,0,6,0,0,0,0,0,0,0,0,0,0,0,0,0,0,0,0,0,0,0,0,0,0,0,0,0,0,0,0,0,0,0,0,0,0,0,0,0,0,0,0,0,0,0,0,0,0,0,0,0,0,4,0,0,0,0,0,0
S014,A,0,0,0,0,0,0,0,0,0,0,0,0,0,0,0,1,2,3,0,0,0,0,0,0,0,0,0,0,0,0,0,0,0,0,0,0,0,0,1,0,0,0,0,0,0,0,0,0,0,0,0,0,0,0,0,0,0,0,0,0,0,0,0,0,0,0,0,0,0,0,0,0,0,0,0,0,0,0,0,0,0,0,0,2,0,0,0,0,0,0,0,0,2,0,0,0,0,0,0,0,0,0,0,0,0,0,0,0,0,0,5,0,0,0,0,0,2,0,0,0,0,0,0,0,0,0,0,0,0,0,0,0,0,0,0,0,2,3,0,0,0,0,0,0,0,0,0,0,0,0,0,0,0,1,1,0,0,0,0,0,0,0,0,0,0,0,0,0,0,0,0,0,0,0,0,0,0,0,0,0,3,1,0,0,0,0,1,0,0,0,0,0,0,0,0,0,0,0,0,0,0,0,0,0,0,0,0,0,2,0,0,0,0,0,0,0,0,0,0,0,0,0,0,0,0,0,0,0,0,0,0,0,0,0,0,0,0,0,0,0
S015,A,0,0,0,0,0,0,0,0,0,3,4,1,0,0,0,0,0,0,0,0,0,0,0,0,0,0,0,0,0,0,0,0,0,0,0,0,0,0,0,0,0,0,0,0,0,2,0,0,0,0,0,0,0,0,0,0,0,0,0,0,0,0,0,0,0,0,0,0,0,0,0,0,0,0,0,0,0,0,0,0,0,1,0,0,0,0,0,1,0,0,0,0,0,4,0,5,0,0,0,0,0,0,0,0,0,3,0,2,0,0,0,2,0,2,0,1,0,0,0,0,0,0,0,0,0,0,0,0,0,0,0,0,0,0,1,0,0,0,0,0,1,0,0,0,0,0,0,0,0,0,0,0,0,0,0,0,0,0,0,0,0,0,0,0,0,0,0,0,0,0,0,0,0,0,0,0,0,0,0,0,0,0,0,0,0,0,0,0,0,0,0,0,0,0,0,0,0,0,0,0,0,0,0,0,0,0,0,0,0,0,0,0,0,0,0,0,0,0,0,0,0,0,0,0,0,0,0,0,0,0,0,0,0,0,0,0,0,0,0,0
S016,A,0,0,0,0,0,0,0,0,0,0,0,1,0,0,0,0,3,1,0,0,0,0,0,0,0,0,0,0,0,0,0,0,0,0,0,0,0,0,1,0,0,0,0,0,0,0,0,0,0,0,0,0,0,0,0,0,0,0,0,0,0,0,0,0,0,0,0,0,0,0,0,0,0,0,0,0,0,0,0,0,0,0,0,2,0,0,0,1,0,0,0,0,0,0,0,0,0,0,0,0,0,0,0,0,0,0,0,4,0,0,11,0,0,0,0,0,0,0,0,0,0,0,0,0,0,0,0,0,0,0,0,0,0,0,0,0,5,1,0,0,0,0,0,0,0,0,0,0,0,0,0,0,0,0,1,0,0,0,0,0,0,0,0,0,0,0,0,0,1,0,0,0,0,0,0,0,0,1,0,0,3,1,0,0,0,0,1,0,0,0,0,0,0,0,0,0,0,0,0,0,0,0,0,0,0,0,0,0,2,0,0,0,0,0,0,0,0,0,0,0,0,0,0,0,0,0,0,0,0,0,0,0,0,0,0,0,0,0,0,0
S017,A,0,0,0,0,0,0,0,0,1,9,0,0,0,0,2,4,0,0,0,0,0,0,0,0,0,0,0,0,0,0,0,0,0,0,0,0,0,0,0,0,0,0,0,0,0,0,0,0,0,0,0,0,0,0,0,0,0,0,0,0,0,0,0,0,0,0,0,0,0,0,0,0,0,0,0,0,0,0,0,0,0,1,0,0,0,1,0,0,1,0,0,0,0,26,38,36,2,0,8,13,0,0,0,0,0,0,0,0,0,0,0,0,0,0,0,0,0,0,0,2,1,0,3,1,0,0,0,0,0,5,0,1,0,0,0,0,0,0,0,0,0,0,0,0,0,0,0,0,0,0,0,0,0,0,0,0,0,0,0,0,0,0,0,0,0,0,6,5,0,0,0,1,0,0,0,0,0,0,3,5,0,0,1,0,0,0,0,0,0,0,0,0,0,0,0,0,0,0,0,0,0,0,0,0,0,0,0,0,0,0,0,0,0,0,0,0,0,0,0,0,0,0,0,0,0,0,0,0,0,0,0,0,0,0,0,0,0,0,0,0
S018,B,0,0,0,0,0,0,0,0,0,0,0,1,0,0,0,1,4,1,0,0,0,0,0,0,0,0,0,0,0,0,0,0,0,0,0,0,2,0,3,2,0,0,0,0,0,0,0,0,0,0,0,0,0,0,0,0,0,0,0,0,0,0,0,0,0,1,0,0,0,0,0,0,0,0,0,0,0,0,0,0,0,0,0,1,0,1,0,0,1,2,0,0,0,0,0,0,0,0,0,0,0,0,0,0,0,0,0,2,0,0,3,0,0,0,0,0,0,2,0,0,0,0,0,0,0,0,0,0,0,0,0,0,0,0,0,0,4,2,0,0,0,0,0,0,0,0,0,0,0,0,0,0,0,3,1,1,0,2,3,0,0,0,0,0,2,0,0,0,1,0,0,0,0,0,0,0,0,3,7,0,7,3,0,0,0,0,2,0,0,3,0,0,0,0,0,0,0,0,0,0,0,0,0,0,0,0,0,0,2,0,0,0,0,0,0,0,0,0,0,0,0,0,0,0,0,0,0,0,0,0,0,0,0,0,0,0,0,0,0,0
S019,B,0,0,0,0,0,0,0,0,0,1,0,4,0,0,0,0,1,0,0,0,0,0,0,0,0,0,0,0,0,0,0,0,0,0,18,56,12,0,0,5,0,0,0,0,0,0,0,0,0,0,0,0,0,0,0,0,0,0,0,0,0,0,0,0,0,0,0,0,0,0,0,0,0,0,0,0,0,0,0,0,0,0,0,0,0,0,0,0,1,0,0,0,0,0,0,0,0,0,0,0,0,0,0,0,0,0,0,0,0,0,0,0,0,2,0,0,0,0,0,0,0,0,0,0,0,0,0,0,0,0,0,0,0,0,0,0,0,0,0,0,0,0,0,0,0,0,0,0,0,0,0,0,0,0,0,0,0,0,0,0,2,0,0,0,0,0,0,0,0,0,0,0,0,0,0,0,0,0,0,0,0,0,7,2,0,0,0,0,0,0,0,0,0,0,0,0,0,0,0,0,0,0,0,0,0,0,0,0,0,0,0,0,0,0,0,0,0,0,0,0,0,0,0,0,0,0,0,0,0,0,0,0,0,0,0,0,0,0,0,0
S020,C,0,0,0,0,0,0,0,0,0,0,0,2,1,0,0,1,4,2,0,0,0,0,0,0,0,0,0,0,0,0,0,0,0,0,0,0,1,0,2,0,0,0,0,0,0,2,0,0,0,0,0,0,0,0,0,0,0,0,0,0,0,0,0,0,0,1,0,0,0,0,0,0,0,0,0,0,0,0,0,0,0,0,0,1,0,1,0,0,1,0,0,0,0,0,0,0,0,0,0,0,0,0,0,0,0,0,1,2,0,0,8,0,0,0,0,0,0,2,0,0,0,0,0,0,0,0,0,0,0,0,0,0,0,0,0,0,4,1,0,0,1,0,0,0,0,0,0,0,0,0,0,0,0,6,0,1,1,0,5,0,1,0,0,0,0,0,0,0,1,0,0,0,0,0,0,0,2,3,5,0,7,3,0,0,0,0,1,0,0,3,0,0,0,0,0,0,0,0,0,0,0,0,0,0,0,0,0,0,2,0,0,0,0,0,0,0,0,0,0,0,0,0,0,0,0,0,0,0,0,0,0,0,0,0,0,0,0,0,0,0
S021,A,0,0,0,0,0,0,0,0,0,0,0,1,0,1,0,2,1,2,1,0,0,0,0,0,0,0,0,0,0,0,0,0,0,0,0,0,3,0,3,0,0,2,0,0,0,0,0,0,0,0,0,0,0,0,0,0,0,0,0,0,0,0,0,0,0,2,0,0,0,0,0,0,0,0,0,0,0,0,0,0,0,0,0,2,0,0,2,0,2,0,0,2,0,0,0,0,0,0,0,0,0,0,0,0,0,0,0,1,1,0,6,0,0,0,0,0,0,2,0,0,0,0,0,0,0,0,0,0,0,0,1,0,0,0,0,0,4,1,1,0,0,0,0,0,0,0,0,0,0,0,0,0,0,3,1,0,1,2,4,1,2,0,0,0,2,0,0,0,2,0,0,0,0,0,0,1,0,4,4,1,5,3,1,0,0,0,2,0,2,2,0,0,0,0,0,0,0,0,0,0,0,0,0,0,0,0,0,0,3,0,0,0,0,0,0,0,0,0,0,0,0,0,0,0,0,0,0,0,0,0,0,0,0,0,0,0,0,0,0,0
S022,A,0,0,0,0,0,0,0,0,18,39,19,2,0,0,2,0,0,0,0,0,0,0,0,0,0,0,0,0,0,0,0,0,0,0,0,0,0,0,0,0,0,0,0,0,0,0,0,0,0,0,0,0,0,0,0,0,0,0,0,0,0,0,0,0,0,0,0,0,0,0,0,0,0,0,0,0,0,0,0,0,0,1,0,0,0,0,0,31,12,0,0,0,4,6,0,2,0,0,0,0,0,0,0,0,0,3,0,0,0,0,0,2,0,2,0,3,0,0,0,0,0,0,0,0,0,0,0,0,0,0,0,0,0,0,0,0,1,0,0,0,0,0,0,0,0,0,0,0,0,0,0,0,0,0,0,0,0,0,0,0,0,0,0,0,0,0,0,0,0,0,0,0,0,0,0,0,0,0,0,0,0,0,0,0,0,0,0,0,0,0,0,0,0,0,0,0,0,0,0,0,0,0,0,0,0,0,0,0,0,0,0,0,0,0,0,0,0,0,0,0,0,0,0,0,0,0,0,0,0,0,0,0,0,0,0,0,0,0,0,0
S023,C,1,0,1,0,2,0,5,0,4,0,5,0,2,0,3,0,2,0,4,0,2,0,2,0,3,0,3,0,1,0,5,0,4,0,2,0,3,0,4,0,3,0,3,0,3,0,1,0,5,0,6,0,3,0,4,0,3,0,2,0,4,0,7,0,2,0,3,0,5,0,4,0,4,0,2,0,4,0,1,0,2,0,3,0,1,0,3,0,1,0,3,0,6,0,3,0,1,0,3,0,3,0,4,0,4,0,2,0,3,0,3,0,2,0,4,0,3,0,2,0,5,0,1,0,2,0,5,0,5,0,5,0,3,1,3,0,7,6,11,3,4,0,4,0,2,0,2,0,2,0,6,0,4,52,61,64,68,26,85,99,91,120,164,0,24,0,9,0,6,0,7,0,2,0,10,0,3,11,59,30,24,0,11,14,11,112,128,12,60,30,32,0,5,0,5,0,3,0,5,0,2,0,6,0,6,0,3,0,3,0,3,0,0,0,3,0,2,0,8,0,8,0,3,0,4,0,8,0,3,0,1,0,6,0,3,0,4,0,3,0
S024,B,0,0,0,0,0,0,0,0,0,0,0,0,0,0,0,0,0,0,2,2,5,3,3,0,0,0,0,0,0,0,0,0,0,0,0,0,2,0,2,2,0,2,0,0,0,0,0,0,0,0,0,0,0,0,0,0,0,0,0,0,0,0,0,0,0,0,0,0,0,0,0,0,0,0,0,0,0,0,0,0,0,0,0,1,0,1,0,0,2,0,0,2,0,0,0,0,0,0,0,0,0,0,0,0,0,0,2,3,0,2,20,9,0,1,0,1,0,0,0,0,0,0,0,0,0,0,0,0,0,0,1,0,2,1,1,0,2,4,0,0,0,0,0,0,0,0,0,0,0,0,0,0,0,1,1,3,4,2,4,1,4,0,0,0,0,0,0,0,0,0,0,0,0,0,0,0,5,7,6,1,8,1,0,0,0,0,2,0,2,3,1,0,0,0,0,0,0,0,0,0,0,0,0,0,0,0,0,0,6,0,0,0,0,0,0,0,0,0,0,0,0,0,0,0,0,0,0,0,0,0,0,0,0,0,0,0,0,0,0,0
S025,C,0,0,4,0,1,0,0,0,1,0,2,4,3,0,8,0,1,0,2,0,3,0,6,1,1,0,1,0,4,0,3,0,4,0,1,0,1,0,0,0,5,0,0,0,3,0,5,2,3,0,4,0,2,0,5,0,3,0,4,0,5,0,3,0,4,2,2,0,4,0,5,0,3,0,6,0,6,0,1,0,3,1,3,0,1,1,5,2,3,2,6,0,10,0,3,0,1,0,3,0,2,0,3,0,0,3,2,1,0,0,2,12,2,0,1,0,2,0,8,0,3,1,5,0,3,0,2,0,2,0,3,2,2,0,4,0,2,0,0,1,2,0,5,0,4,0,5,1,2,0,3,0,5,0,0,0,1,0,3,0,1,0,4,0,2,0,0,0,1,0,4,0,5,0,2,0,5,0,7,0,1,0,3,0,2,0,1,0,2,0,3,0,3,0,4,0,1,1,3,0,2,0,0,0,2,0,2,0,5,0,3,0,8,0,2,0,2,0,4,0,4,0,1,0,6,0,3,0,1,0,5,0,5,0,4,0,3,0,3,0
S026,A,0,0,0,0,0,0,0,0,0,0,0,2,0,0,0,2,2,0,0,0,0,0,0,0,0,0,0,0,0,0,0,0,0,0,0,0,0,0,2,0,0,0,0,0,0,0,0,0,0,0,0,0,0,0,0,0,0,0,0,0,0,0,0,0,0,0,0,0,0,0,0,0,0,0,0,0,0,0,0,0,0,0,0,1,0,0,0,0,0,0,0,0,0,0,0,0,0,0,0,0,0,0,0,0,0,0,0,1,0,0,5,0,0,0,0,0,0,0,0,0,0,0,0,0,0,0,0,0,0,0,0,0,0,0,0,0,5,1,0,0,0,0,0,0,0,0,0,0,0,0,0,0,0,1,0,0,0,1,0,0,0,0,0,0,0,0,0,0,1,0,0,0,0,0,0,0,0,0,0,0,4,0,0,0,0,0,1,0,0,0,0,0,0,0,0,0,0,0,0,0,0,0,0,0,0,0,0,0,0,0,0,0,0,0,0,0,0,0,0,0,0,0,0,0,0,0,0,0,0,0,0,0,0,0,0,0,0,0,0,0
S027,A,0,0,0,0,0,0,0,0,0,0,1,2,0,0,0,0,5,0,0,0,0,0,0,0,0,0,0,0,0,0,0,0,0,0,1,0,0,0,1,0,0,0,0,0,0,2,0,0,0,0,0,0,0,0,0,0,0,0,0,0,0,0,0,0,0,0,0,0,0,0,0,0,0,0,0,0,0,0,0,0,0,0,2,2,0,2,0,4,1,0,0,0,0,0,0,0,0,0,0,0,0,0,0,0,0,0,0,2,0,0,8,0,0,0,0,0,0,2,0,0,0,0,0,0,0,0,0,0,0,0,0,0,2,0,1,0,4,1,0,0,0,0,0,0,0,0,0,0,0,0,0,0,0,1,3,4,4,1,2,0,0,0,0,0,0,0,0,0,0,0,0,0,0,0,0,0,0,1,7,1,8,3,0,0,0,0,0,0,0,0,0,0,0,0,0,0,0,0,0,0,0,0,0,0,0,0,0,0,6,0,0,0,0,0,0,0,0,0,0,0,0,0,0,0,0,0,0,0,0,0,0,0,0,0,0,0,0,0,0,0
S028,B,7,1,0,0,0,0,0,0,0,0,0,0,0,0,0,0,0,0,0,0,0,0,0,0,3,2,0,0,0,0,0,0,0,0,0,0,0,0,0,0,0,0,0,0,0,0,0,0,11,3,0,0,0,0,0,0,0,0,0,0,0,0,0,0,0,0,0,0,0,0,0,0,4,0,0,0,0,0,0,0,0,0,0,0,0,0,0,0,0,0,0,0,0,0,0,0,8,3,0,0,0,0,0,0,0,0,0,0,0,0,0,0,0,0,0,0,0,0,0,0,14,1,0,0,0,0,0,0,0,0,0,0,0,0,0,0,0,0,0,0,0,0,0,0,5,4,0,0,0,0,0,0,0,0,0,0,0,0,0,0,0,0,0,0,0,0,0,0,8,2,0,0,0,0,0,0,0,0,0,0,0,0,0,0,0,0,0,0,0,0,0,0,9,2,0,0,0,0,0,0,0,0,0,0,0,0,0,0,0,0,0,0,0,0,0,0,3,3,0,0,0,0,0,0,0,0,0,0,0,0,0,0,0,0,0,0,0,0,0,0
S029,B,0,0,0,0,0,0,0,0,0,0,0,0,1,0,0,1,6,1,0,0,0,0,0,0,0,0,0,0,0,0,0,0,0,0,0,0,1,0,4,0,0,0,0,0,0,0,0,0,0,0,0,0,0,0,0,0,0,0,0,0,0,0,0,0,0,1,0,0,0,0,0,0,0,0,0,0,0,0,0,0,0,0,0,2,0,3,0,0,5,5,0,2,0,0,0,0,0,0,0,0,0,0,0,0,0,0,0,2,0,0,6,2,0,0,0,0,0,0,0,0,0,0,0,0,0,0,0,0,0,0,0,0,0,0,0,0,6,2,0,0,0,0,0,0,0,0,0,0,0,0,0,0,0,2,1,0,0,0,0,0,1,0,0,0,2,0,0,0,1,0,0,0,0,0,0,0,1,1,4,0,4,3,0,0,0,0,1,0,0,0,0,0,0,0,0,0,0,0,0,0,0,0,0,0,0,0,0,0,5,0,0,0,0,0,0,0,0,0,0,0,0,0,0,0,0,0,0,0,0,0,0,0,0,0,0,0,0,0,0,0
S030,A,0,0,0,0,0,0,0,0,0,7,2,0,0,0,2,3,0,0,0,0,0,0,0,0,0,0,0,0,0,0,0,0,0,0,0,0,0,0,0,0,0,0,0,0,0,0,0,0,0,0,0,0,0,0,0,0,0,0,0,0,0,0,0,0,0,0,0,0,0,0,0,0,0,0,0,0,0,0,0,0,0,1,0,0,0,2,0,0,0,3,0,0,0,34,39,30,2,0,14,18,1,0,0,0,0,0,0,0,0,0,0,0,0,0,0,0,0,0,0,2,2,0,7,4,0,0,0,1,0,5,0,0,0,0,1,0,0,0,0,0,0,0,0,0,0,0,0,0,0,0,0,0,0,0,0,0,0,0,0,0,0,0,0,0,0,3,3,6,0,0,0,1,0,0,0,1,0,0,3,3,0,0,0,0,0,0,0,0,0,0,0,0,0,0,0,0,0,0,0,0,0,0,0,0,0,0,0,0,0,0,0,0,0,0,0,0,0,0,0,0,0,0,0,0,0,0,0,0,0,0,0,0,0,0,0,0,0,0,0,0
S031,B,5,84,69,79,97,103,84,102,88,133,156,130,197,198,221,162,173,186,185,151,182,192,175,165,135,149,158,199,203,215,159,168,194,203,145,167,197,267,186,245,190,284,173,228,222,225,173,278,176,184,182,159,220,118,151,177,203,197,147,217,209,213,207,217,242,216,306,221,209,218,238,251,178,189,177,91,219,214,173,160,179,147,84,51,17,161,209,154,160,242,248,270,266,382,224,249,90,169,178,133,92,109,184,220,176,133,149,161,178,201,279,230,168,148,161,148,209,242,275,249,129,166,215,191,110,109,200,174,178,188,161,157,152,167,191,192,170,163,110,114,76,178,187,179,115,112,187,182,81,231,190,188,208,205,110,131,176,143,192,148,165,254,300,264,278,222,243,260,172,189,164,191,216,199,175,165,199,199,163,179,170,177,200,190,74,186,164,159,209,243,140,185,156,121,158,188,100,92,171,163,179,388,328,138,159,160,166,279,260,193,148,167,104,328,179,184,62,141,177,201,212,229,183,160,192,171,287,172,170,282,171,254,166,330,143,287,162,180,164,193
S032,C,0,0,0,0,0,0,0,0,0,0,0,2,0,0,0,1,4,1,0,0,0,0,0,0,0,0,0,0,0,0,0,0,0,0,0,0,1,0,1,0,0,0,0,0,0,0,0,0,0,0,0,0,0,0,0,0,0,0,0,0,0,0,0,0,0,1,0,0,0,0,0,0,0,0,0,0,0,0,0,0,0,0,0,2,0,0,2,0,2,0,0,2,0,0,0,0,0,0,0,0,0,0,0,0,0,0,0,2,0,0,8,0,0,0,0,0,0,0,0,0,0,0,0,0,0,0,0,0,0,0,0,0,0,0,0,0,3,3,0,0,0,0,0,0,0,0,0,0,0,0,0,0,0,3,0,1,4,1,1,0,2,0,0,0,0,0,0,0,0,0,0,0,0,0,0,0,1,2,7,1,8,3,0,0,0,0,1,0,0,2,0,0,0,0,0,0,0,0,0,0,0,0,0,0,0,0,0,0,3,0,0,0,0,0,0,0,0,0,0,0,0,0,0,0,0,0,0,0,0,0,0,0,0,0,0,0,0,0,0,0
S033,C,0,0,0,0,0,0,0,0,0,0,0,0,0,0,0,0,1,1,0,0,0,0,0,0,0,0,0,0,0,0,0,0,0,0,1,0,0,0,1,2,0,0,0,0,0,2,0,0,0,0,0,0,0,0,0,0,0,0,0,0,0,0,0,0,0,0,0,0,0,0,0,0,0,0,0,0,0,0,0,0,0,0,0,1,0,0,0,0,1,0,0,0,0,0,0,0,0,0,0,0,0,0,0,0,0,0,0,0,0,0,2,0,0,0,0,0,0,0,0,0,0,0,0,0,0,0,0,0,0,0,0,0,0,0,0,0,5,3,0,0,0,0,0,0,0,0,0,0,0,0,0,0,0,0,0,0,0,0,1,0,0,0,0,0,0,0,0,0,0,0,0,0,0,0,0,0,0,3,0,1,4,2,0,0,0,0,2,0,0,0,0,0,0,0,0,0,0,0,0,0,0,0,0,0,0,0,0,0,0,0,0,0,0,0,0,0,0,0,0,0,0,0,0,0,0,0,0,0,0,0,0,0,0,0,0,0,0,0,0,0
S034,C,0,0,0,0,0,0,0,0,1,0,1,0,0,0,0,0,0,0,0,0,0,0,0,0,0,0,0,0,0,0,0,0,0,0,0,0,0,0,0,0,0,0,0,0,0,0,0,0,0,0,0,0,0,0,0,0,0,0,0,0,0,0,0,0,0,0,0,0,0,0,0,0,0,0,0,0,0,0,0,0,0,0,0,0,0,0,0,0,0,0,0,0,0,0,0,0,0,0,0,0,0,0,0,0,0,0,0,0,0,0,0,0,0,0,0,0,0,0,0,0,0,7,0,0,0,0,0,0,1,2,6,3,0,0,0,0,0,0,0,0,0,0,0,0,0,0,0,0,0,0,0,0,0,0,0,1,0,0,0,0,0,2,0,0,2,0,0,0,0,0,0,0,0,0,0,0,0,0,3,0,0,0,0,1,1,0,0,1,0,0,0,0,0,0,0,0,0,0,0,0,0,0,0,0,0,0,0,0,0,0,0,0,0,0,0,0,0,0,0,0,0,0,0,0,0,0,0,0,0,0,0,0,0,0,0,0,0,0,0,0
S035,A,0,0,4,0,0,0,0,0,1,0,0,0,0,1,2,0,0,0,0,0,0,0,0,0,0,0,11,0,0,0,0,0,0,0,0,0,0,0,0,0,0,2,0,0,0,0,1,2,0,0,10,1,0,0,0,0,0,0,0,1,0,1,0,0,1,0,0,1,0,0,0,0,0,1,11,0,0,0,0,0,0,0,0,0,0,0,0,1,0,0,2,0,0,2,0,0,0,1,12,0,0,0,0,0,0,1,0,0,0,0,0,0,1,0,0,0,0,0,0,0,0,0,5,0,0,1,0,0,1,0,0,0,0,0,1,1,0,0,0,0,1,0,0,1,0,0,11,0,0,0,0,0,0,0,0,0,0,1,0,1,1,0,0,0,2,0,2,2,0,1,11,0,0,0,1,0,0,0,1,0,0,0,0,0,0,0,0,0,0,0,0,0,0,0,15,1,0,0,0,0,0,2,0,1,0,1,0,0,2,1,0,0,2,0,0,1,0,0,9,0,0,0,0,0,0,0,0,0,0,2,0,0,1,0,0,0,0,0,1,1
S036,B,0,0,0,0,0,0,0,0,0,1,3,0,0,5,6,0,0,3,0,0,0,0,0,0,0,0,0,0,0,0,0,0,0,2,0,0,0,0,0,0,1,0,0,0,0,0,0,0,0,0,0,0,0,0,0,0,0,0,0,0,0,0,0,0,0,0,0,0,0,0,0,0,0,0,0,0,0,0,0,0,0,3,2,0,1,5,9,3,5,0,0,0,0,0,0,0,0,0,0,0,0,0,0,0,0,1,0,3,0,1,6,5,3,4,1,1,0,0,0,0,0,0,0,0,0,0,0,0,0,2,2,9,0,3,3,1,0,0,0,0,0,0,0,0,0,0,0,0,0,0,0,0,0,0,1,3,0,0,0,4,1,2,0,4,0,0,0,0,0,0,0,0,0,0,0,0,0,0,0,4,0,2,0,1,0,3,1,0,0,0,0,0,0,0,0,0,0,0,0,0,0,0,2,0,0,1,2,0,0,0,0,0,0,2,2,0,0,0,0,0,0,0,0,0,0,0,2,0,0,2,2,3,0,0,0,0,0,0,0,0
S037,C,0,0,0,0,0,0,0,0,3,69,100,407,63,87,257,89,1122,121,30,11,3,1,1,0,0,1,0,1,0,0,1,0,0,3,3,29,3,16,198,8,30,12,34,68,15,26,2,2,1,0,0,0,0,0,0,2,6,22,9,6,6,8,265,28,45,85,6,27,11,190,0,0,0,0,0,0,0,0,0,1,2,153,27,64,1,141,1419,3602,580,4116,1245,0,28,4,3,0,1,0,0,0,0,0,3,1,2,295,342,922,6,4433,1707,146,115,5398,1957,7,38,3,2,2,0,0,0,0,0,0,0,0,2,424,2446,1657,357,601,1310,1518,1116,443,728,4,5,4,2,0,0,0,0,0,0,0,0,0,3,1507,1316,127,2,460,1485,1296,579,1056,4,2,2,3,5,3,0,0,0,0,0,0,0,0,0,243,51,504,140,1776,371,202,162,93,28,11,9,3,1,0,0,0,0,0,0,0,0,0,0,4,4,0,2,9,6,27,38,65,342,22,128,4,3,1,0,0,0,0,0,0,0,0,1,6,23,9,5,17,22,15,9,8,3,21,21,1,1,0
S038,A,0,0,0,0,0,0,0,0,0,0,1,0,0,0,0,1,1,0,0,0,0,0,0,0,0,0,0,0,0,0,0,0,0,0,0,0,0,0,0,0,0,0,0,0,0,0,0,0,0,0,0,0,0,0,0,0,0,0,0,0,0,0,0,0,0,0,0,0,0,0,0,0,0,0,0,0,0,0,0,0,0,2,0,1,0,0,3,0,2,0,2,0,0,0,0,0,0,0,0,0,0,0,0,0,0,1,3,0,0,0,0,0,0,2,0,0,0,0,0,0,0,0,0,0,0,0,0,0,0,1,2,0,0,0,1,0,0,0,0,0,0,0,0,0,0,0,0,0,0,0,0,0,0,2,0,0,0,0,0,0,4,0,0,0,0,0,0,0,0,0,0,0,0,0,0,0,0,1,2,0,0,0,0,1,1,0,0,0,0,0,0,0,0,0,0,0,0,0,0,0,0,2,0,0,0,0,0,0,0,0,0,0,0,0,0,0,0,0,0,0,0,0,0,0,0,0,0,1,0,0,0,0,0,0,0,0,0,0,0,0
S039,C,0,0,0,0,0,0,0,0,0,0,1,0,0,25,0,0,4,1,1,0,163,0,0,0,0,0,0,0,0,0,0,0,0,0,1,0,1,0,2,3,0,2,0,0,0,0,0,0,0,0,0,0,0,0,0,0,0,0,0,0,0,0,0,0,0,0,0,0,0,0,0,0,0,0,0,0,0,0,0,0,0,0,1,2,0,1,0,0,2,0,0,0,2,0,0,0,0,0,0,0,0,0,0,0,0,0,3,2,0,1,69,65,0,0,0,1,2,20,0,0,0,0,0,0,0,0,0,0,0,0,1,3,3,9,1,1,6,2,0,0,0,0,0,0,0,0,0,0,0,0,0,0,0,5,0,1,4,1,6,2,2,0,0,0,0,0,0,0,1,0,0,0,0,0,0,1,2,3,7,4,0,0,0,0,0,0,0,0,0,0,0,0,0,0,0,0,0,0,0,0,0,0,0,0,0,0,0,0,0,0,0,0,0,0,0,0,0,0,0,0,0,0,0,0,0,0,0,0,0,0,0,0,0,0,0,0,0,0,0,0
S040,B,57,111,90,283,116,106,90,113,100,91,105,101,100,117,146,134,119,106,98,111,106,123,112,119,326,110,123,401,143,126,101,111,115,112,100,118,115,151,124,188,109,183,141,119,111,162,128,188,340,130,139,400,135,76,115,113,119,130,111,109,135,131,105,137,131,152,180,138,127,147,162,141,387,123,131,422,127,150,109,100,119,102,50,44,11,110,173,85,97,146,150,182,174,206,165,180,180,131,150,294,70,73,109,130,113,68,102,105,111,111,161,165,110,103,97,109,132,143,155,158,374,131,124,414,71,69,110,107,108,129,111,103,115,108,108,126,116,95,79,60,43,95,99,114,250,81,139,432,48,129,118,117,105,122,66,97,99,100,97,84,102,176,162,152,172,138,179,195,362,149,125,406,144,108,115,119,144,106,99,108,101,107,114,114,45,88,79,103,146,144,104,114,373,113,107,369,63,60,93,92,103,194,206,106,102,91,110,164,183,99,126,119,98,220,116,110,163,107,125,343,108,143,116,116,120,119,150,117,121,168,129,171,125,202,108,147,101,97,107,115
S041,C,0,0,0,0,0,0,0,0,0,0,0,1,0,0,0,1,4,1,0,0,0,0,0,0,0,0,0,0,0,0,0,0,0,0,0,0,3,0,1,0,0,0,0,0,0,0,0,0,0,0,0,0,0,0,0,0,0,0,0,0,0,0,0,0,0,2,0,0,0,0,0,0,0,0,0,0,0,0,0,0,0,0,0,2,0,3,0,0,2,2,0,4,0,0,0,0,0,0,0,0,0,0,0,0,0,0,0,2,0,0,6,0,0,0,0,0,0,3,0,0,0,0,0,0,0,0,0,0,0,0,0,0,0,0,0,0,1,3,0,0,0,0,0,0,0,0,0,0,0,0,0,0,0,4,2,0,0,0,3,0,0,0,0,0,0,0,0,0,1,0,0,0,0,0,0,0,1,6,5,2,7,1,0,0,0,0,0,0,0,0,0,0,0,0,0,0,0,0,0,0,0,0,0,0,0,0,0,0,5,0,0,0,0,0,0,0,0,0,0,0,0,0,0,0,0,0,0,0,0,0,0,0,0,0,0,0,0,0,0,0
S042,A,0,0,0,0,0,0,0,0,0,6,4,0,0,0,4,1,0,0,0,0,0,0,0,0,0,0,0,0,0,0,0,0,0,0,0,0,0,0,0,0,0,0,0,0,0,0,0,0,0,0,0,0,0,0,0,0,0,0,0,0,0,0,0,0,0,0,0,0,0,0,0,0,0,0,0,0,0,0,0,0,0,1,0,0,0,0,0,0,0,0,0,0,0,32,36,36,2,0,8,14,1,0,0,0,0,0,0,0,0,0,0,0,0,0,0,0,0,0,0,2,2,0,4,2,0,0,0,0,0,1,0,1,0,0,0,0,0,0,0,0,0,0,0,0,0,0,0,0,0,0,0,0,0,0,0,0,0,0,0,0,0,0,0,0,0,2,3,5,0,0,0,1,0,0,0,0,0,0,2,5,0,0,1,0,0,0,0,0,0,0,0,0,0,0,0,0,0,0,0,0,0,0,0,0,0,0,0,0,0,0,0,0,0,0,0,0,0,0,0,0,0,0,0,0,0,0,0,0,0,0,0,0,0,0,0,0,0,0,0,0
S043,A,0,0,0,0,0,0,0,0,0,0,0,0,0,0,0,0,3,1,0,0,0,0,0,0,0,0,0,0,0,0,0,0,0,0,0,0,0,0,3,0,0,0,0,0,0,0,0,0,0,0,0,0,0,0,0,0,0,0,0,0,0,0,0,0,0,0,0,0,0,0,0,0,0,0,0,0,0,0,0,0,0,0,0,2,0,0,0,0,1,0,0,0,2,0,0,0,0,0,0,0,0,0,0,0,0,0,0,2,0,0,5,0,0,0,0,0,2,0,0,0,0,0,0,0,0,0,0,0,0,0,0,0,0,0,0,0,3,4,0,0,0,0,0,0,0,0,0,0,0,0,0,0,0,1,0,0,0,0,0,0,0,0,0,0,0,0,0,0,0,0,0,0,0,0,0,0,0,1,1,0,5,2,0,0,0,0,2,0,0,0,0,0,0,0,0,0,0,0,0,0,0,0,0,0,0,0,0,0,2,0,0,0,0,0,0,0,0,0,0,0,0,0,0,0,0,0,0,0,0,0,0,0,0,0,0,0,0,0,0,0
S044,C,0,0,0,0,0,0,0,0,4,3,3,2,0,0,0,0,0,0,0,0,0,0,0,0,0,0,0,0,0,0,0,0,0,0,0,0,0,0,0,0,0,0,0,0,0,0,0,0,0,0,0,0,0,0,0,0,0,0,0,0,0,0,0,0,0,0,0,0,0,0,0,0,0,0,0,0,0,0,0,0,0,0,0,0,0,0,0,0,1,0,0,0,2,6,2,2,0,0,0,0,0,0,0,0,0,0,1,3,0,0,0,5,0,0,0,3,0,0,0,0,0,0,0,0,0,0,0,0,0,0,0,0,0,0,0,0,1,0,0,0,0,0,0,0,0,0,0,0,0,0,0,0,0,0,0,0,0,0,0,0,0,0,0,0,0,0,0,0,0,0,0,0,0,0,0,0,0,0,0,0,0,0,0,0,0,0,0,0,0,0,0,0,0,0,0,0,0,0,0,0,0,0,0,0,0,0,0,0,0,0,0,0,0,0,0,0,0,0,0,0,0,0,0,0,0,0,0,0,0,0,0,0,0,0,0,0,0,0,0,0
S045,B,0,0,0,0,0,0,0,0,0,2,1,1,0,0,0,1,1,0,0,0,0,0,0,0,0,0,0,0,0,0,0,0,0,0,1,0,0,0,1,0,1,0,0,0,0,0,0,0,0,0,0,0,0,0,0,0,0,0,0,0,0,0,0,0,0,0,0,0,0,0,0,0,0,0,0,0,0,0,0,0,0,0,0,1,0,0,0,0,3,0,0,2,0,0,0,0,0,0,0,0,0,0,0,0,0,1,1,0,0,0,0,0,0,0,0,0,0,0,0,0,0,0,0,0,0,0,0,0,0,2,1,0,0,0,1,7,0,0,0,0,0,0,0,0,0,0,0,0,0,0,0,0,0,0,2,0,0,0,0,0,0,0,0,0,0,0,0,0,0,0,0,0,0,0,0,0,0,1,0,0,0,0,0,0,0,0,0,0,0,0,0,0,0,0,0,0,0,0,0,0,0,0,0,0,0,0,0,0,0,0,0,0,0,0,0,0,0,0,0,0,0,0,0,0,0,0,0,1,0,0,0,0,0,0,0,0,0,0,0,0
S046,A,2,0,1,1,2,2,1,1,0,1,2,1,1,0,0,0,1,0,3,1,2,2,0,1,0,2,1,0,1,0,0,1,1,0,1,0,1,0,1,0,3,2,0,0,2,2,1,0,0,0,0,1,1,1,2,0,0,1,0,0,1,1,2,1,2,2,0,2,1,1,1,0,0,1,0,0,1,3,0,0,1,0,1,0,1,0,3,0,2,2,0,2,2,0,0,0,0,3,1,0,0,1,1,1,1,0,2,0,1,1,3,0,0,1,1,0,5,0,5,2,0,0,0,1,0,2,1,1,0,0,2,1,3,2,1,0,0,1,0,1,1,0,1,0,1,0,1,0,1,0,0,0,0,2,0,0,1,0,1,0,2,0,0,4,4,3,0,2,0,1,1,2,2,0,2,1,1,2,1,0,0,1,1,0,0,1,1,1,0,3,2,1,3,0,1,1,1,0,1,1,0,2,0,0,1,0,2,0,2,3,0,2,0,2,0,0,1,0,1,1,2,1,1,0,2,1,3,0,0,2,0,0,1,0,0,0,2,2,2,1
S047,B,0,0,0,0,0,0,0,0,0,0,0,3,0,0,0,1,4,1,0,0,0,0,0,0,0,0,0,0,0,0,0,0,0,0,0,0,2,0,2,0,0,0,0,0,0,0,0,0,0,0,0,0,0,0,0,0,0,0,0,0,0,0,0,0,0,2,0,0,0,0,0,0,0,0,0,0,0,0,0,0,0,0,0,2,0,1,2,0,2,0,0,2,0,0,0,0,0,0,0,0,0,0,0,0,0,0,0,0,0,0,3,0,0,0,0,0,0,0,0,0,0,0,0,0,0,0,0,0,0,0,0,0,1,0,0,0,3,2,0,0,1,0,0,0,0,0,0,0,0,0,0,0,0,2,0,0,0,1,4,0,0,0,0,0,0,0,0,0,1,0,0,0,0,0,0,0,0,6,6,2,5,3,0,0,0,0,2,0,0,0,0,0,0,0,0,0,0,0,0,0,0,0,0,0,0,0,0,0,3,0,0,0,0,0,0,0,0,0,0,0,0,0,0,0,0,0,0,0,0,0,0,0,0,0,0,0,0,0,0,0
S048,B,0,0,0,0,0,0,0,0,0,0,0,0,0,0,0,1,6,0,0,0,0,0,0,0,0,0,0,0,0,0,0,0,0,0,0,0,3,0,2,2,0,0,0,0,0,0,0,0,0,0,0,0,0,0,0,0,0,0,0,0,0,0,0,0,0,1,0,0,0,0,0,0,0,0,0,0,0,0,0,0,0,0,0,2,0,0,2,0,4,0,0,2,0,0,0,0,0,0,0,0,0,0,0,0,0,0,0,0,0,0,6,2,0,0,0,0,0,0,0,0,0,0,0,0,0,0,0,0,0,0,0,0,0,0,0,0,2,0,0,0,0,0,0,0,0,0,0,0,0,0,0,0,0,3,0,0,1,1,2,0,1,0,0,0,0,0,0,0,0,0,0,0,0,0,0,0,1,4,7,1,8,2,0,0,0,0,0,0,0,3,0,0,0,0,0,0,0,0,0,0,0,0,0,0,0,0,0,0,3,0,0,0,0,0,0,0,0,0,0,0,0,0,0,0,0,0,0,0,0,0,0,0,0,0,0,0,0,0,0,0
S049,A,0,0,0,0,0,0,0,0,0,0,0,0,0,0,0,0,0,0,1,0,0,0,0,0,0,0,0,0,0,0,0,0,0,0,0,4,0,3,0,0,0,0,0,2,0,0,0,0,0,0,0,0,0,0,0,0,0,4,0,0,0,0,0,0,0,0,0,0,0,0,0,0,0,0,0,0,0,0,0,0,0,0,0,0,0,0,0,0,0,0,0,0,0,0,0,0,0,0,0,0,0,0,0,0,0,0,0,0,0,0,2,0,0,0,0,0,0,0,0,2,0,0,0,0,0,0,0,0,0,4,1,0,0,0,0,0,3,0,0,0,0,2,0,0,0,0,0,0,0,0,0,0,0,2,3,1,0,0,0,0,0,0,0,0,0,0,0,0,0,0,0,0,0,0,0,0,1,0,0,0,0,0,3,0,0,0,0,1,0,0,0,0,0,0,0,0,0,0,0,0,0,2,0,0,0,0,0,0,0,0,0,0,0,0,0,0,0,0,0,0,0,0,0,0,0,0,0,0,0,0,0,0,0,0,0,2,0,0,0,0
S050,B,0,0,0,0,0,0,0,0,0,0,0,2,1,0,0,1,1,0,0,0,0,0,0,0,0,0,0,0,0,0,0,0,0,0,0,0,1,0,3,0,0,0,0,0,0,0,0,0,0,0,0,0,0,0,0,0,0,0,0,0,0,0,0,0,0,2,0,0,0,0,0,0,0,0,0,0,0,0,0,0,0,0,0,1,0,1,0,0,2,2,0,0,0,0,0,0,0,0,0,0,0,0,0,0,0,0,0,3,0,0,12,0,0,0,0,0,2,2,0,0,0,0,0,0,0,0,0,0,0,0,0,0,0,0,0,0,4,2,0,0,0,0,0,0,0,0,0,0,0,0,0,0,0,3,2,0,0,0,2,0,1,0,0,0,0,0,0,0,2,0,0,0,0,0,0,0,0,2,4,1,4,4,0,0,0,0,0,0,0,0,0,0,0,0,0,0,0,0,0,0,0,0,0,0,0,0,0,0,6,0,1,0,0,0,0,0,0,0,0,0,0,0,0,0,0,0,0,0,0,0,0,0,0,0,0,0,0,0,0,0
S051,A,0,0,0,0,0,0,0,0,0,0,0,0,0,0,0,0,5,1,0,0,0,0,0,0,0,0,0,0,0,0,0,0,0,0,0,0,0,0,0,0,0,0,0,0,0,0,0,0,0,0,0,0,0,0,0,0,0,0,0,0,0,0,0,0,0,0,0,0,0,0,0,0,0,0,0,0,0,0,0,0,0,0,0,1,0,0,0,0,0,0,0,0,0,0,0,0,0,0,0,0,0,0,0,0,0,0,0,1,0,0,3,0,0,0,0,0,0,0,0,0,0,0,0,0,0,0,0,0,0,0,0,0,0,0,0,0,5,1,0,0,0,0,0,0,0,0,0,0,0,0,0,0,0,1,1,0,0,0,0,0,0,0,0,0,0,0,0,0,1,0,0,0,0,0,0,0,0,0,0,1,3,2,0,0,0,0,2,0,0,0,0,0,0,0,0,0,0,0,0,0,0,0,0,0,0,0,0,0,2,0,0,0,0,0,0,0,0,0,0,0,0,0,0,0,0,0,0,0,0,0,0,0,0,0,0,0,0,0,0,0
S052,A,0,0,0,0,0,0,0,0,0,0,0,2,0,0,0,0,5,1,0,0,0,0,0,0,0,0,0,0,0,0,0,0,0,0,0,0,2,0,1,0,0,0,0,0,0,0,0,0,0,0,0,0,0,0,0,0,0,0,0,0,0,0,0,0,0,0,0,0,0,0,0,0,0,0,0,0,0,0,0,0,0,0,0,1,0,2,0,0,3,0,0,0,2,0,0,0,0,0,0,0,0,0,0,0,0,0,0,0,0,0,6,0,0,0,0,0,0,0,0,0,0,0,0,0,0,0,0,0,0,0,0,0,0,0,0,0,3,1,0,0,0,0,0,0,0,0,0,0,0,0,0,0,0,3,1,1,0,0,1,0,0,0,0,0,0,0,0,0,1,0,0,0,0,0,0,0,1,4,4,0,5,3,0,0,0,0,0,0,0,3,0,0,0,0,0,0,0,0,0,0,0,0,0,0,0,0,0,0,2,0,1,0,0,0,0,0,0,0,0,0,0,0,0,0,0,0,0,0,0,0,0,0,0,0,0,0,0,0,0,0
S053,A,0,0,0,0,0,0,0,0,0,0,0,0,0,0,0,0,5,2,0,0,0,0,0,0,0,0,0,0,0,0,0,0,0,0,0,0,3,0,1,2,0,0,0,0,0,0,0,0,0,0,0,0,0,0,0,0,0,0,0,0,0,0,0,0,0,2,0,0,0,0,0,0,0,0,0,0,0,0,0,0,0,0,0,2,0,1,0,0,1,2,0,2,0,0,0,0,0,0,0,0,0,0,0,0,0,0,0,3,0,0,9,0,0,0,1,0,0,2,0,0,0,0,0,0,0,0,0,0,0,0,0,0,2,0,0,0,6,4,0,0,1,0,0,0,0,0,0,0,0,0,0,0,0,3,0,1,1,1,2,0,0,0,0,0,2,0,0,0,0,0,0,0,0,0,0,0,1,2,5,0,4,7,0,0,0,0,0,0,0,0,0,0,0,0,0,0,0,0,0,0,0,0,0,0,0,0,0,0,3,0,0,0,0,0,0,0,0,0,0,0,0,0,0,0,0,0,0,0,0,0,0,0,0,0,0,0,0,0,0,0
S054,B,1,0,0,0,0,0,0,0,2,14,2,4,0,1,3,6,7,4,0,0,0,0,0,0,0,0,0,0,0,0,0,0,0,7,6,8,2,2,12,3,0,6,0,0,5,0,0,0,0,0,0,0,0,0,0,0,0,0,0,2,1,0,3,8,0,1,5,0,1,3,0,0,0,0,0,0,0,0,0,0,0,2,1,1,1,0,8,1,5,11,2,6,2,28,30,48,3,0,8,14,1,0,0,0,3,2,1,1,1,2,5,3,2,3,1,1,0,0,0,5,1,0,7,1,0,0,0,1,0,7,3,6,0,1,2,2,2,1,0,0,0,0,2,0,0,0,1,0,0,0,0,0,2,1,3,2,0,1,0,1,10,4,0,0,2,3,6,3,0,0,0,2,0,0,0,0,0,0,8,4,0,2,2,1,0,1,0,1,0,0,0,2,0,0,0,0,0,0,0,0,0,0,0,0,1,4,2,6,0,1,0,1,2,0,0,0,1,0,0,0,0,0,0,0,0,3,0,4,6,5,5,11,3,8,0,2,2,0,1,1
S055,B,55,812,56,51,74,59,56,69,71,53,84,56,64,62,69,599,65,55,54,55,71,58,60,54,49,1161,58,58,73,71,56,60,63,70,54,53,61,111,62,99,60,111,65,77,71,78,58,100,65,784,75,52,75,36,75,57,73,66,56,72,51,67,76,70,70,64,116,61,73,67,80,83,75,991,67,64,69,75,55,45,53,58,33,18,7,56,92,46,59,84,78,88,76,102,108,86,32,1022,63,43,40,38,57,56,77,42,42,53,59,63,93,77,42,58,48,50,57,74,68,83,55,803,63,76,34,36,63,48,54,54,50,55,47,57,75,62,53,54,52,40,30,60,63,49,40,741,64,62,30,78,64,60,69,66,35,49,55,59,64,61,52,106,96,90,88,68,78,89,57,1216,46,52,79,59,64,59,59,64,53,51,52,45,53,51,29,52,57,69,77,65,49,48,47,971,57,64,31,36,63,59,47,126,108,47,62,50,55,95,81,64,53,58,39,116,63,69,22,1039,60,60,68,77,64,68,56,54,74,56,56,104,60,84,57,118,51,75,57,48,70,59
S056,A,0,0,0,0,0,0,0,0,0,0,0,1,0,0,0,1,5,0,0,0,0,0,0,0,0,0,0,0,0,0,0,0,0,0,0,0,0,0,0,0,0,0,0,0,0,0,0,0,0,0,0,0,0,0,0,0,0,0,0,0,0,0,0,0,0,0,0,0,0,0,0,0,0,0,0,0,0,0,0,0,0,0,0,2,0,0,0,0,0,0,0,0,0,0,0,0,0,0,0,0,0,0,0,0,0,0,1,2,0,0,3,0,0,0,0,0,2,0,0,0,0,0,0,0,0,0,0,0,0,0,0,0,0,0,0,0,3,1,0,0,0,0,0,0,0,0,0,0,0,0,0,0,0,0,0,0,0,0,1,0,0,0,0,0,0,0,0,0,1,0,0,0,0,0,0,0,0,0,0,1,2,1,0,0,0,0,1,0,0,0,0,0,0,0,0,0,0,0,0,0,0,0,0,0,0,0,0,0,2,0,0,0,0,0,0,0,0,0,0,0,0,0,0,0,0,0,0,0,0,0,0,0,0,0,0,0,0,0,0,0
S057,B,0,0,0,0,0,0,0,0,0,0,0,0,0,0,0,0,0,1,0,0,0,0,0,0,0,0,0,0,0,0,0,0,0,0,0,2,0,4,0,0,0,0,0,0,0,0,0,0,0,0,0,0,0,0,0,0,0,4,0,0,0,0,0,0,0,0,3,0,0,0,0,0,0,0,0,0,0,0,0,0,0,0,0,0,0,0,0,0,0,0,0,0,0,0,0,0,0,0,0,0,0,0,0,0,0,0,0,0,0,0,5,3,0,0,0,0,0,0,0,3,0,0,0,0,0,0,0,0,0,1,1,0,0,3,0,0,4,0,0,0,0,2,0,0,0,0,0,0,0,0,0,0,0,2,3,2,0,0,0,0,0,0,0,0,0,0,0,0,0,0,0,0,0,0,0,0,1,0,0,0,0,0,8,0,0,0,0,1,0,0,0,0,0,0,0,0,0,0,0,0,0,2,0,0,0,0,0,0,0,0,0,0,0,0,0,0,0,0,0,0,0,0,0,0,0,0,0,0,0,0,0,0,0,2,0,2,0,0,0,0
S058,B,0,0,0,0,0,0,0,0,0,0,0,2,0,0,0,0,2,1,0,0,0,0,0,0,0,0,0,0,0,0,0,0,0,0,1,0,0,0,1,2,0,0,0,0,0,2,0,0,0,0,0,0,0,0,0,0,0,0,0,0,0,0,0,0,0,0,0,0,0,0,0,0,0,0,0,0,0,0,0,0,0,0,0,1,0,0,0,0,1,0,0,0,0,0,0,0,0,0,0,0,0,0,0,0,0,0,0,2,0,0,3,0,0,0,0,0,2,0,0,0,0,0,0,0,0,0,0,0,0,0,0,0,0,0,0,0,5,0,0,0,0,0,0,0,0,0,0,0,0,0,0,0,0,2,1,0,0,0,1,0,0,0,0,0,0,0,0,0,0,0,0,0,0,0,0,0,0,1,0,1,4,0,0,0,0,0,2,0,0,0,0,0,0,0,0,0,0,0,0,0,0,0,0,0,0,0,0,0,0,0,0,0,0,0,0,0,0,0,0,0,0,0,0,0,0,0,0,0,0,0,0,0,0,0,0,0,0,0,0,0
S059,C,0,0,0,1,0,0,0,1,0,1,0,0,0,0,0,0,1,0,0,0,1,0,0,0,1,0,0,0,1,1,1,0,1,0,1,0,0,0,0,0,1,0,0,2,0,0,0,2,1,0,0,0,1,0,0,0,0,1,0,0,0,0,1,0,0,1,2,1,1,1,0,0,0,0,0,0,0,0,1,0,0,0,0,0,0,0,0,0,0,0,0,0,0,0,0,2,1,1,0,0,0,0,0,0,0,1,0,1,0,0,0,0,0,0,0,0,0,0,0,0,0,0,1,1,0,0,0,0,0,0,1,0,1,0,0,0,0,0,0,1,0,0,0,0,0,0,0,0,0,1,0,0,0,0,0,1,0,0,0,0,1,0,0,0,0,0,0,0,0,0,0,1,0,0,1,0,0,0,0,0,0,0,0,0,0,0,0,0,0,0,0,0,0,0,0,1,0,0,0,0,0,0,0,0,0,0,0,2,2,0,0,1,0,2,0,0,0,0,0,0,0,0,0,0,0,0,2,1,0,0,0,0,0,2,0,0,0,0,0,0
S060,C,0,0,0,0,0,0,0,0,0,0,0,0,0,0,0,0,0,9,0,0,0,0,0,0,0,0,0,0,0,0,0,0,0,0,0,0,0,0,0,0,0,18,0,0,0,0,0,0,0,0,0,0,0,0,0,0,0,0,0,0,0,0,0,0,0,11,0,0,0,0,0,0,0,0,0,0,0,0,0,0,0,0,0,0,0,0,0,0,0,21,0,0,0,0,0,0,0,0,0,0,0,0,0,0,0,0,0,0,0,0,0,0,0,7,0,0,0,0,0,0,0,0,0,0,0,0,0,0,0,0,0,0,0,0,0,0,0,5,0,0,0,0,0,0,0,0,0,0,0,0,0,0,0,0,0,0,0,0,0,0,0,14,0,0,0,0,0,0,0,0,0,0,0,0,0,0,0,0,0,0,0,0,0,0,0,7,0,0,0,0,0,0,0,0,0,0,0,0,0,0,0,0,0,0,0,0,0,0,0,8,0,0,0,0,0,0,0,0,0,0,0,0,0,0,0,0,0,0,0,0,0,0,0,12,0,0,0,0,0,0
S061,C,0,0,0,0,0,0,0,0,0,0,0,1,0,0,0,0,5,0,0,0,0,0,0,0,0,0,0,0,0,0,0,0,0,0,0,0,1,0,1,0,0,0,0,0,0,0,0,0,0,0,0,0,0,0,0,0,0,0,0,0,0,0,0,0,0,2,0,0,0,0,0,0,0,0,0,0,0,0,0,0,0,0,0,2,0,1,0,0,3,2,0,2,0,0,0,0,0,0,0,0,0,0,0,0,0,0,0,4,0,0,8,3,0,0,0,0,0,2,0,0,0,0,0,0,0,0,0,0,0,0,0,0,0,0,0,0,3,4,0,0,0,0,0,0,0,0,0,0,0,0,0,0,0,3,1,0,3,0,4,0,0,0,0,0,2,0,0,0,0,0,0,0,0,0,0,2,0,2,5,1,10,6,0,0,0,0,2,0,0,3,0,0,0,0,0,0,0,0,0,0,0,0,0,0,0,0,0,0,5,0,0,0,0,0,0,0,0,0,0,0,0,0,0,0,0,0,0,0,0,0,0,0,0,0,0,0,0,0,0,0
S062,A,0,0,0,0,0,0,0,0,0,0,0,0,0,0,0,0,0,0,0,0,0,0,0,0,0,0,0,0,0,0,0,0,0,0,0,0,0,0,0,0,0,0,0,0,0,0,0,0,0,0,0,0,0,0,0,0,0,0,0,0,0,0,0,0,0,0,0,0,0,0,0,0,0,0,0,0,0,0,0,0,0,0,0,0,0,0,0,0,0,0,0,0,2,0,0,0,0,0,0,0,0,0,0,0,0,26,10,24,0,0,0,0,0,0,0,0,0,0,0,0,0,0,0,0,0,0,0,0,0,0,0,0,0,0,0,0,0,0,0,0,0,0,0,0,0,0,0,0,0,0,0,0,0,0,0,0,0,0,0,0,0,0,0,0,0,0,0,0,0,0,0,0,0,0,0,0,0,0,0,0,0,0,3,0,0,0,0,0,0,0,0,0,0,0,0,0,0,0,0,0,0,0,0,0,0,0,0,0,0,0,0,0,0,0,0,0,0,0,0,0,0,0,0,0,0,0,0,0,0,0,0,0,0,0,0,0,0,0,0,0
S063,C,0,0,0,0,0,0,0,1,0,0,0,0,0,0,0,0,0,0,0,0,0,0,0,0,0,0,0,0,0,0,0,2,0,1,0,0,0,0,0,0,0,0,0,0,0,0,0,0,0,0,0,0,0,0,0,1,1,1,0,0,0,0,0,0,0,0,0,0,0,0,0,0,0,0,0,0,0,0,0,1,0,0,0,0,0,0,0,0,0,0,0,0,0,0,0,0,0,0,0,0,0,0,0,0,0,1,1,0,0,0,0,0,0,0,0,0,0,0,0,0,0,0,0,0,0,0,0,1,2,1,0,0,0,0,0,0,0,2,0,2,2,0,0,0,0,0,0,0,0,0,0,0,1,1,0,0,0,0,1,0,0,0,0,0,0,0,0,0,0,0,0,0,0,0,0,1,0,0,0,0,0,0,0,0,0,0,0,0,0,0,0,0,0,0,0,0,0,0,0,0,0,6,0,0,0,0,0,0,0,0,0,0,0,0,0,0,0,0,0,0,0,0,0,0,1,0,0,0,0,0,0,0,0,0,0,0,0,0,0,0
S064,A,3,0,4,0,2,0,1,0,4,0,2,2,4,0,8,0,4,0,5,0,4,0,4,1,3,0,1,0,1,0,3,0,6,0,4,0,3,0,2,0,2,0,5,0,4,0,5,0,3,0,4,0,7,0,6,0,0,0,2,0,6,0,3,0,6,1,6,0,2,0,6,0,3,0,4,0,4,0,4,0,3,3,2,0,1,0,6,0,10,2,8,0,4,0,5,0,1,0,5,0,1,0,2,0,4,3,1,2,3,0,2,8,5,0,3,0,3,0,2,0,8,0,2,0,2,0,2,0,2,0,1,0,2,0,4,0,4,0,4,1,2,0,2,0,3,0,5,0,2,0,4,0,6,0,1,0,1,0,3,0,1,0,2,0,2,0,2,0,3,0,4,0,7,0,2,0,2,0,7,0,2,0,3,0,1,0,1,0,5,0,0,0,5,0,4,0,2,0,2,0,0,0,2,0,2,0,4,0,3,0,1,0,3,0,5,0,1,0,2,0,4,0,1,0,6,0,3,0,5,0,3,0,3,0,1,0,1,0,2,0
S065,A,0,0,5,0,0,1,1,1,0,1,0,1,1,0,0,0,0,0,0,0,0,0,0,0,0,0,11,0,0,1,0,0,0,0,0,1,0,0,0,0,1,0,0,0,2,0,1,0,0,0,8,0,0,0,1,1,1,1,0,1,0,0,1,1,1,1,0,1,0,0,1,0,0,1,18,0,0,0,0,0,1,1,1,0,0,1,2,0,0,0,0,0,0,0,0,0,1,0,16,0,0,0,0,0,0,0,0,0,0,0,0,0,1,1,0,0,2,2,0,2,0,0,14,0,0,1,0,0,0,0,0,0,0,1,0,1,0,0,0,1,0,0,1,0,0,0,11,1,0,0,0,0,1,1,0,0,0,1,1,0,0,0,0,2,0,0,0,0,0,0,18,0,0,1,0,0,0,0,0,0,0,0,0,0,0,0,12,0,0,0,1,0,0,0,10,0,0,0,0,0,0,0,0,0,0,0,1,0,0,0,0,0,0,2,0,0,0,1,13,0,0,0,0,0,0,0,2,0,0,0,0,2,0,0,1,0,0,0,0,0
S066,A,2,0,1,0,0,0,4,0,4,0,3,6,5,0,4,0,2,0,4,0,2,0,3,0,4,0,4,0,4,0,4,0,1,0,4,0,3,0,3,0,5,0,5,0,2,2,0,2,3,1,3,0,8,0,1,0,3,0,3,0,7,0,3,0,2,1,8,0,2,0,5,1,3,0,4,0,3,0,0,0,3,1,2,0,1,0,3,2,5,0,8,0,4,2,5,0,1,0,3,0,1,0,3,0,1,0,1,3,4,1,3,8,8,0,2,0,2,0,2,2,5,0,4,0,2,0,2,0,1,0,2,2,3,0,2,1,5,0,4,0,1,0,5,0,2,0,1,0,2,0,3,0,2,0,3,0,3,0,3,0,2,0,4,0,2,0,8,0,1,0,3,0,3,0,4,0,5,1,5,0,3,0,5,1,1,0,1,0,3,0,2,0,0,0,4,0,2,0,8,0,2,0,4,0,2,0,1,0,8,0,2,0,2,0,7,0,1,0,3,0,7,0,5,0,2,0,5,0,2,0,4,0,1,0,0,0,2,0,5,0
S067,C,1,1,1,0,0,1,2,2,1,1,1,2,1,0,2,1,1,2,0,2,0,1,1,0,0,1,1,2,0,2,1,0,2,0,3,0,0,4,1,3,1,2,0,3,2,3,1,2,2,1,0,1,0,1,2,0,2,1,0,0,2,0,1,2,1,1,0,0,1,1,3,0,2,1,1,0,1,1,1,0,0,0,1,1,0,0,2,2,1,2,2,0,2,2,0,5,1,1,1,2,1,1,0,2,0,1,0,0,1,2,2,3,0,1,0,0,2,0,2,0,0,2,1,1,0,0,0,1,0,0,1,0,1,1,3,1,1,3,2,2,1,0,2,1,0,1,0,1,1,0,0,1,2,2,2,4,0,0,1,1,2,2,4,0,2,2,0,2,0,2,2,3,1,0,1,1,1,1,1,1,1,0,2,1,0,1,1,2,0,2,1,1,1,1,1,0,0,1,1,1,2,2,0,0,1,1,2,2,3,0,1,1,0,2,2,1,1,0,1,1,1,1,1,1,3,1,2,1,2,2,0,2,1,0,1,2,1,0,2,0
S068,C,0,0,0,0,0,0,0,0,0,0,0,0,0,0,0,0,0,0,0,0,0,0,0,0,0,0,0,0,0,0,0,0,0,0,0,0,0,0,0,0,0,0,0,0,0,0,0,0,0,0,0,0,0,0,0,0,0,0,0,0,0,0,0,0,0,0,0,0,0,0,0,0,0,0,0,0,0,0,0,0,0,0,0,0,0,0,0,0,0,0,0,0,0,0,0,0,0,0,0,0,0,0,0,0,0,0,0,14,0,0,0,0,1,0,0,0,0,0,0,0,0,0,0,0,0,0,0,0,0,1,1,0,0,0,0,2,1,0,3,1,1,0,0,0,0,0,0,0,0,0,0,0,0,0,0,0,0,0,2,0,0,8,0,4,0,0,0,0,0,0,0,0,0,0,0,0,0,1,0,4,0,0,3,1,0,0,0,0,0,0,0,0,0,0,0,0,0,0,0,0,0,0,0,0,0,0,0,0,0,0,0,0,0,0,0,0,0,0,0,0,0,0,0,0,0,0,0,0,0,0,0,0,0,0,0,0,0,0,0,0
S069,B,0,0,0,0,0,0,0,0,0,0,0,1,0,0,0,0,4,0,1,1,1,0,1,0,0,0,0,0,1,0,0,0,0,0,0,0,4,0,4,2,0,5,0,0,0,0,1,0,1,0,0,0,0,0,0,0,0,0,0,0,1,0,1,0,0,0,0,0,0,0,0,0,0,0,0,0,0,0,1,0,0,0,1,3,0,3,0,1,1,2,0,0,0,0,0,0,0,0,1,0,1,0,0,0,0,1,2,3,0,2,17,17,3,0,0,1,0,0,0,0,0,0,0,0,0,0,0,0,1,0,6,2,3,1,1,2,8,2,1,0,0,0,0,0,1,0,0,0,1,0,0,0,0,3,0,4,3,1,1,1,4,0,0,0,0,0,2,0,1,0,0,0,0,0,0,1,2,7,6,2,8,3,2,0,0,0,2,0,3,2,0,0,0,0,0,0,0,0,0,0,0,0,0,0,1,0,0,0,6,0,0,0,0,0,0,0,1,0,0,0,0,0,1,0,0,0,0,0,1,0,0,0,0,0,1,0,0,0,0,0
S070,C,0,0,0,0,0,0,0,0,0,0,0,0,0,0,0,0,0,1,0,0,0,0,0,0,0,0,0,0,0,0,0,0,0,1,0,1,0,2,0,0,0,0,0,0,0,0,0,0,0,0,0,0,0,0,0,0,1,4,0,0,0,0,0,0,0,0,0,0,0,0,0,0,0,0,0,0,0,0,0,0,0,1,0,0,0,0,0,0,0,2,0,0,0,2,0,0,0,0,0,0,0,0,0,0,0,0,0,0,0,0,2,3,2,0,0,0,0,0,0,5,0,0,0,0,0,0,0,0,0,1,1,0,0,2,0,0,3,0,0,0,0,2,0,0,0,0,0,0,0,0,0,0,0,1,5,0,0,0,0,0,0,0,0,0,0,0,0,0,0,0,0,0,0,0,0,0,2,1,0,0,0,0,3,0,0,0,0,0,0,2,0,0,0,0,0,0,0,0,0,0,0,0,0,0,0,0,0,0,0,0,0,0,0,0,0,0,0,0,0,0,0,0,0,0,0,0,0,0,0,0,0,0,0,4,0,2,0,0,0,0
S071,A,0,0,7,0,0,0,0,0,0,0,0,0,0,1,0,0,0,0,0,0,0,0,0,0,0,0,20,0,0,0,0,0,0,0,0,0,0,0,0,0,0,0,0,0,0,0,0,0,0,0,16,0,0,0,0,0,0,0,0,0,0,0,0,0,0,0,0,0,0,0,0,0,0,0,16,0,0,0,0,0,0,0,0,0,0,0,0,0,0,0,0,0,0,0,0,0,0,0,13,0,0,0,0,0,0,0,0,0,0,0,0,0,0,0,0,0,0,0,0,0,0,0,26,0,0,0,0,0,0,0,0,0,0,0,0,1,0,0,0,0,0,0,0,0,0,0,25,0,0,0,0,0,0,0,0,0,0,0,0,0,0,0,0,0,0,0,0,0,0,0,23,0,0,0,0,0,0,0,0,0,0,0,0,0,0,0,0,0,0,0,0,0,0,0,24,0,0,0,0,0,0,0,0,0,0,0,0,0,0,0,0,0,0,0,0,0,0,0,19,0,0,0,0,0,0,0,0,0,0,0,0,0,0,0,0,0,0,0,0,0
S072,A,0,0,0,0,0,0,0,0,0,0,0,1,0,0,0,1,5,2,0,0,0,0,0,0,0,0,0,0,0,0,0,0,0,0,1,0,0,0,2,0,0,0,0,0,0,0,0,0,0,0,0,0,0,0,0,0,0,0,0,0,0,0,0,0,0,0,0,0,0,0,0,0,0,0,0,0,0,0,0,0,0,0,0,2,0,0,0,0,0,0,0,0,2,0,0,0,0,0,0,0,0,0,0,0,0,0,0,1,0,0,5,0,0,0,0,0,0,0,0,0,0,0,0,0,0,0,0,0,0,0,0,0,0,0,0,0,2,1,0,0,0,0,0,0,0,0,0,0,0,0,0,0,0,0,1,0,0,0,0,0,0,0,0,0,0,0,0,0,0,0,0,0,0,0,0,0,0,1,0,0,1,1,0,0,0,0,1,0,0,0,0,0,0,0,0,0,0,0,0,0,0,0,0,0,0,0,0,0,0,0,0,0,0,0,0,0,0,0,0,0,0,0,0,0,0,0,0,0,0,0,0,0,0,0,0,0,0,0,0,0
S073,B,0,0,0,0,0,0,0,0,0,0,0,0,0,0,3,1,0,0,0,0,0,0,0,0,0,0,0,0,0,0,0,0,0,0,0,0,0,0,0,0,0,0,2,0,0,0,0,0,0,0,0,0,0,0,0,0,0,0,0,0,0,0,0,0,0,0,0,0,0,0,0,0,0,0,0,0,0,0,0,0,0,0,0,0,0,0,0,0,1,0,0,0,2,0,0,0,0,0,0,0,0,0,0,0,0,0,0,0,0,0,0,0,0,0,0,0,0,0,2,2,1,0,0,0,0,0,0,0,0,2,2,0,0,0,7,0,0,3,0,0,0,0,0,0,0,0,0,0,0,0,0,0,0,2,0,1,0,0,0,0,1,0,0,0,0,0,0,0,0,0,0,0,0,0,0,0,0,0,4,0,0,0,0,0,1,0,0,0,0,0,0,0,0,0,0,0,0,0,0,0,0,0,0,0,0,0,0,0,0,0,0,0,0,0,0,0,0,0,0,0,0,0,0,0,0,0,0,0,0,0,0,0,0,0,0,0,0,0,0,0
S074,C,6,0,3,0,3,0,7,0,2,2,8,1,3,0,9,1,4,0,5,0,121,779,1043,706,642,513,780,593,738,615,655,574,764,158,102,0,10,0,10,0,4,0,3,0,6,0,20,0,10,0,2,0,3,0,2,0,4,0,4,0,2,0,3,0,5,0,5,0,2,0,4,0,5,0,4,0,4,0,5,0,1,3,32,0,2,19,8,0,66,53,35,2,2,124,177,234,97,65,34,0,2,0,4,0,2,3,12,7,11,1,24,2,16,30,27,1,11,23,117,168,26,0,3,1,3,0,4,0,41,95,14,1,6,20,36,22,55,59,90,14,17,54,73,28,35,17,40,17,20,30,55,14,58,37,55,38,53,30,72,43,138,240,468,26,56,0,6,0,6,0,7,0,2,0,3,0,29,303,26,92,41,0,26,43,15,109,61,12,57,0,9,0,4,0,4,0,1,0,1,0,2,2,20,24,9,0,5,0,8,0,3,0,2,0,5,0,4,0,3,0,11,0,6,0,5,0,11,0,2,0,4,0,4,0,4,0,2,0,4,0
S075,A,3,0,2,0,2,0,2,0,4,0,2,1,3,0,8,0,1,1,4,0,2,0,3,1,3,0,2,0,4,0,5,0,3,0,1,0,1,0,3,0,0,0,2,0,2,0,1,0,2,1,5,0,3,0,2,0,2,0,3,0,2,0,4,0,5,0,8,0,1,0,5,0,4,0,3,0,4,0,0,0,5,1,1,0,1,0,5,2,3,0,6,0,4,0,3,0,1,0,7,0,1,0,3,0,2,5,1,4,4,0,2,8,4,0,3,0,3,0,6,0,4,0,3,0,3,0,1,0,2,0,2,1,2,0,6,0,3,0,1,0,2,0,2,0,5,0,4,0,3,0,1,0,2,0,3,0,1,0,2,0,4,0,6,0,2,0,5,0,2,0,3,0,4,0,2,0,3,0,30,0,6,0,3,0,3,0,2,0,3,0,2,0,6,0,2,0,2,0,0,0,2,0,4,0,4,0,3,0,5,0,2,0,8,0,3,0,1,0,2,0,2,0,5,0,3,0,0,0,3,0,5,0,3,0,0,0,3,0,1,0
S076,C,0,1,0,0,2,2,3,0,2,1,1,1,1,1,2,2,4,1,2,2,1,3,0,1,1,4,1,2,1,1,1,2,2,0,1,2,2,3,3,2,0,3,3,2,0,0,3,0,1,0,1,1,1,1,1,2,2,1,2,2,4,2,2,2,4,1,6,0,2,1,1,0,1,0,2,0,2,2,2,0,2,2,3,1,0,1,3,4,2,2,0,4,2,4,0,3,1,0,1,2,2,1,2,2,2,2,3,1,2,3,3,2,2,2,2,1,0,0,2,3,1,3,1,2,1,1,1,1,4,2,1,1,1,3,3,2,0,2,2,2,1,1,0,2,2,0,3,3,1,5,1,1,3,3,3,2,1,1,2,3,1,0,0,2,2,2,3,3,5,0,3,0,2,2,1,2,0,1,2,1,2,3,2,0,1,1,2,3,2,0,3,1,1,2,2,1,0,1,1,1,3,0,6,0,1,1,1,2,0,2,3,2,0,4,0,1,2,2,2,3,0,5,3,0,1,3,3,2,1,3,1,0,0,2,0,2,3,1,3,3
S077,B,0,0,0,0,0,0,0,0,0,0,0,0,0,0,0,0,0,0,0,0,0,0,0,0,0,0,0,0,0,0,0,0,0,0,0,0,0,0,0,0,0,0,0,0,0,0,0,0,0,0,0,0,0,0,0,0,0,0,0,0,0,0,0,0,0,0,0,0,0,0,0,0,0,0,0,0,0,0,0,0,0,0,0,0,0,0,0,0,0,0,0,0,0,0,0,0,0,0,0,0,0,0,0,0,0,0,0,0,0,0,0,0,0,0,0,0,0,0,0,0,0,0,0,0,0,0,0,0,0,0,0,0,0,0,0,0,0,0,0,0,0,0,0,0,0,0,0,0,0,0,0,0,0,0,0,0,0,0,0,0,0,48,0,0,0,0,0,0,0,0,0,0,0,0,0,0,0,0,59,2,30,0,0,0,2,2,2,1,0,0,1,0,2,0,1,1,0,0,0,0,0,0,0,0,0,0,0,0,0,0,0,0,0,0,0,0,0,0,0,0,0,0,0,0,0,0,0,0,0,0,0,0,0,0,0,0,0,0,0,0
S078,A,0,0,5,0,0,24,30,101,151,90,69,296,412,399,250,0,0,69,47,30,0,0,0,0,0,0,6,0,0,34,25,123,144,82,31,0,0,0,0,0,0,0,0,0,0,0,0,0,0,0,9,0,0,0,51,130,164,86,0,21,0,0,0,0,0,0,0,0,0,0,0,0,0,0,6,0,0,0,0,201,30,180,67,22,5,12,32,32,18,0,0,0,0,0,0,0,0,0,5,0,0,20,19,127,137,46,0,20,0,130,398,227,277,298,330,289,117,341,186,0,0,0,11,0,0,15,38,190,101,66,20,0,0,5,15,25,28,44,22,31,16,25,0,0,0,0,8,0,0,40,29,131,151,93,0,18,0,0,0,0,0,0,0,16,0,0,0,0,0,0,8,0,0,28,28,138,163,76,0,0,16,0,0,0,0,0,0,0,0,0,0,0,0,0,6,0,0,24,30,98,130,148,0,0,20,4,0,0,0,0,0,0,0,0,0,0,0,0,6,0,0,0,60,116,110,64,8,0,0,33,0,0,0,0,0,0,0,0,0,0
S079,B,0,0,0,0,0,0,0,0,0,0,0,3,0,0,0,0,3,0,0,0,0,0,0,0,0,0,0,0,0,0,0,0,0,0,0,0,2,0,3,0,0,0,0,0,0,0,0,0,0,0,0,0,0,0,0,0,0,0,0,0,0,0,0,0,0,1,0,0,0,0,0,0,0,0,0,0,0,0,0,0,0,0,0,1,0,2,0,0,1,0,0,0,0,0,0,0,0,0,0,0,0,0,0,0,0,0,0,2,0,0,3,0,0,0,0,0,0,0,0,0,0,0,0,0,0,0,0,0,0,0,0,0,0,0,0,0,7,4,0,0,0,0,0,0,0,0,0,0,0,0,0,0,0,4,0,0,2,1,1,0,0,0,0,0,0,0,0,0,1,0,0,0,0,0,0,0,1,4,6,0,6,4,0,0,0,0,2,0,0,2,0,0,0,0,0,0,0,0,0,0,0,0,0,0,0,0,0,0,0,0,0,0,0,0,0,0,0,0,0,0,0,0,0,0,0,0,0,0,0,0,0,0,0,0,0,0,0,0,0,0
S080,C,55,21,89,17,104,24,82,27,162,23,100,26,173,32,236,34,176,25,136,24,127,23,140,29,194,21,125,27,186,29,131,28,155,29,133,35,179,43,133,53,136,42,161,39,124,33,138,52,141,19,186,28,164,15,133,28,116,43,98,22,143,33,137,37,166,35,188,40,139,32,215,41,165,29,148,26,121,34,103,17,141,28,57,9,13,21,218,19,157,47,173,40,314,52,143,42,63,23,95,20,64,16,116,33,111,28,90,29,88,44,204,51,136,31,96,30,153,38,153,48,172,22,173,31,100,18,110,21,99,27,96,30,96,28,123,26,99,22,109,21,78,30,129,37,112,24,160,29,54,24,135,28,146,24,66,36,97,30,145,21,103,48,286,38,170,32,200,51,144,18,135,30,178,34,124,28,144,28,117,30,119,23,153,32,59,25,110,13,143,33,89,20,157,21,155,31,89,20,161,29,105,50,218,21,83,22,93,47,168,26,116,41,215,44,131,28,63,23,139,24,158,29,136,19,172,21,224,23,173,33,170,47,146,62,141,35,126,32,105,25
S081,B,0,0,0,0,0,0,0,0,0,0,0,0,0,0,3,1,0,0,0,0,0,0,0,0,0,0,0,0,0,0,0,0,0,0,0,0,0,0,0,0,0,0,0,0,0,0,0,0,0,0,0,0,0,0,0,0,0,0,0,0,0,0,0,0,0,0,0,0,0,0,0,0,0,0,0,0,0,0,0,0,0,0,0,0,0,0,0,0,0,0,2,10,2,0,0,0,0,0,0,0,0,0,0,0,0,0,0,0,0,0,0,0,0,1,0,2,0,2,0,3,2,0,0,0,0,0,0,0,0,2,1,0,0,0,13,1,0,0,0,1,0,1,0,0,0,0,0,0,0,0,0,0,0,1,0,0,0,0,1,0,1,0,0,2,0,0,0,0,0,0,0,0,0,0,0,0,0,0,5,0,0,0,1,0,1,0,0,0,0,0,0,0,0,0,0,0,0,0,0,0,0,0,0,0,0,0,0,0,0,0,0,0,0,0,0,0,0,0,0,0,0,0,0,0,0,0,0,0,0,0,0,0,0,0,0,0,0,0,0,0
S082,A,0,0,0,0,0,0,0,0,0,0,2,0,0,2,0,0,0,0,0,0,0,0,0,0,0,0,0,0,1,0,0,0,0,0,0,0,0,0,0,0,0,2,0,0,0,0,0,0,0,0,0,0,0,0,0,0,0,0,0,0,0,0,0,0,0,0,0,0,0,0,0,0,0,0,0,0,0,0,0,0,0,0,2,0,0,0,3,0,1,0,0,0,4,0,0,0,0,0,0,0,0,0,0,0,0,3,0,0,1,0,0,5,1,9,0,3,2,0,0,0,0,0,0,0,0,0,0,0,0,0,0,1,0,6,2,2,3,2,0,0,0,1,0,3,1,0,0,0,0,0,0,0,0,0,0,1,0,0,0,0,0,0,0,0,0,0,0,0,0,0,0,0,0,0,0,0,0,0,1,0,0,0,0,0,0,0,0,0,0,0,0,0,0,0,0,0,0,0,0,0,0,0,0,0,0,0,0,0,2,0,0,0,0,0,0,0,0,0,0,0,0,0,0,0,0,0,0,0,0,0,0,0,0,0,0,0,0,0,0,0
S083,A,0,0,0,0,0,0,0,0,0,0,0,0,0,0,0,0,1,1,0,0,0,0,0,0,0,0,0,0,0,0,0,0,0,0,0,0,0,0,3,0,0,0,0,0,0,0,0,0,0,0,0,0,0,0,0,0,0,0,0,0,0,0,0,0,0,0,0,0,0,0,0,0,0,0,0,0,0,0,0,0,0,0,0,2,0,0,0,0,0,0,0,0,0,0,0,0,0,0,0,0,0,0,0,0,0,0,1,1,0,0,5,0,0,0,0,0,0,0,0,0,0,0,0,0,0,0,0,0,0,0,0,0,0,0,0,0,6,0,0,0,0,0,0,0,0,0,0,0,0,0,0,0,0,0,0,0,0,0,0,0,0,0,0,0,0,0,0,0,0,0,0,0,0,0,0,0,0,2,0,1,2,2,0,0,0,0,1,0,0,0,0,0,0,0,0,0,0,0,0,0,0,0,0,0,0,0,0,0,2,0,0,0,0,0,0,0,0,0,0,0,0,0,0,0,0,0,0,0,0,0,0,0,0,0,0,0,0,0,0,0
S084,C,0,0,0,0,0,0,0,0,1,1,2,0,0,0,0,0,0,0,0,0,0,0,0,0,0,0,0,0,0,0,0,0,0,0,0,0,0,0,0,0,0,0,0,0,0,0,0,0,0,0,0,0,0,0,0,0,0,0,0,0,0,0,0,0,0,0,0,0,0,0,0,0,0,0,0,0,0,0,0,0,3,0,0,0,0,0,0,0,4,0,0,0,0,0,0,0,0,0,0,0,0,0,0,0,2,0,0,0,0,0,0,0,0,0,0,0,0,0,0,0,0,0,0,0,0,0,0,0,0,2,0,0,0,0,0,0,0,0,0,0,0,0,0,0,0,0,0,0,0,0,0,0,4,10,3,2,0,0,0,0,0,0,0,0,0,0,0,0,0,0,0,0,0,0,0,0,0,9,0,5,2,0,0,0,1,0,0,0,0,0,0,0,0,0,0,0,0,0,0,0,0,0,0,4,0,0,9,8,0,0,0,0,0,0,0,0,0,0,0,0,0,0,0,0,0,0,0,0,0,0,0,0,0,0,0,0,0,0,0,0
S085,C,0,0,0,0,0,0,0,0,0,1,0,0,1,0,0,4,0,0,0,0,0,0,0,0,0,0,0,0,0,0,0,0,0,1,0,0,0,0,0,0,0,0,0,0,0,0,0,0,0,0,0,0,0,0,0,0,0,1,0,0,0,0,1,0,0,0,0,0,0,0,0,0,0,0,0,0,0,0,0,0,0,1,0,0,0,2,0,0,3,2,0,0,0,0,0,0,0,0,0,0,0,0,0,0,0,0,4,0,0,0,0,3,0,0,0,0,0,0,0,0,0,0,0,0,0,0,0,0,0,0,0,1,1,0,0,0,0,0,1,0,0,1,0,0,0,0,0,0,0,0,0,0,0,1,0,0,0,0,0,0,0,0,0,0,0,0,0,0,0,0,0,0,0,0,0,0,0,0,0,1,0,1,8,0,4,1,0,0,0,0,0,0,0,0,0,0,0,0,0,0,0,0,0,0,0,0,0,0,0,0,0,0,2,0,0,0,0,0,0,0,0,0,0,0,0,0,0,0,0,0,0,0,0,0,0,0,0,0,0,0
S086,C,3,0,666,0,0,2,1,1,4,5,2,3,4,4,5,4,4,7,2,2,7,2,6,3,696,0,1091,0,0,9,6,4,6,3,9,7,5,4,2,9,5,5,9,11,4,4,2,7,969,0,940,0,0,8,7,10,8,1,2,4,6,5,1,5,2,0,3,3,5,3,6,6,786,0,1003,0,0,12,4,7,12,3,2,2,1,5,6,1,4,11,9,4,0,4,0,6,292,0,800,0,0,7,6,8,4,3,4,3,3,4,5,9,2,1,5,4,2,8,2,9,1035,0,810,0,0,2,3,5,15,4,3,4,4,1,1,3,1,5,1,4,2,6,6,5,618,0,1241,0,0,8,6,1,7,1,3,3,1,3,3,4,3,8,6,8,6,3,6,3,645,0,945,0,0,7,5,3,4,1,3,3,3,7,13,8,3,6,1,2,5,2,5,1,992,0,885,0,0,4,1,11,9,6,4,6,5,6,7,5,9,5,6,8,11,8,4,5,350,0,1265,0,0,12,0,6,8,4,6,5,4,8,4,3,6,14,5,3,2,4,3,5
S087,A,0,0,0,0,0,0,0,0,0,0,0,2,0,1,0,0,8,0,0,0,2,0,0,0,0,0,0,0,0,0,0,0,0,0,0,0,0,0,1,2,0,0,0,0,0,0,0,0,0,0,0,0,0,0,0,0,0,0,0,0,0,0,0,0,0,1,0,0,0,0,0,0,0,0,0,0,0,0,0,0,0,0,0,2,0,0,0,0,1,0,0,0,2,0,0,0,0,0,0,0,0,0,0,0,0,0,0,3,0,0,5,3,0,0,0,0,0,0,0,0,0,0,0,0,0,0,0,0,0,0,0,0,0,0,0,0,7,1,0,0,0,0,0,0,0,0,0,0,0,0,0,0,0,4,1,0,1,0,3,0,0,0,0,0,2,0,0,0,1,0,0,0,0,0,0,0,0,4,5,0,3,2,0,0,0,0,1,0,0,0,0,0,0,0,0,0,0,0,0,0,0,0,0,0,0,0,0,0,2,0,0,0,0,0,0,0,0,0,0,0,0,0,0,0,0,0,0,0,0,0,0,0,0,0,0,0,0,0,0,0
S088,B,1,0,0,0,2,0,0,1,2,0,3,3,7,0,12,0,1,8,8,0,2,1,1,0,2,0,1,0,5,0,6,0,4,0,3,0,2,0,2,0,2,0,5,0,3,0,3,0,5,0,4,0,2,0,4,0,5,0,5,0,4,0,3,0,6,2,6,0,3,1,3,0,1,0,1,0,4,1,1,0,4,2,1,0,1,1,3,1,7,3,5,0,2,0,5,0,2,0,6,0,3,0,3,1,0,5,7,2,5,2,9,5,8,0,2,0,0,0,6,0,2,0,2,0,1,0,0,0,4,0,4,1,1,0,8,0,2,0,3,1,1,0,1,0,2,1,0,0,2,0,4,1,3,0,1,0,3,0,4,0,3,2,4,2,2,0,5,2,2,0,4,1,2,0,2,0,3,0,4,0,4,1,10,0,1,0,3,0,5,0,2,0,3,0,2,0,3,0,6,0,1,2,10,0,5,0,2,0,5,0,2,0,6,0,3,0,3,0,3,0,3,0,0,0,3,0,3,0,6,0,2,0,2,0,3,0,1,0,3,0
S089,A,0,0,0,0,0,0,0,0,1,9,2,0,0,0,2,2,0,0,0,0,0,0,0,0,0,0,0,0,0,0,0,0,0,0,0,0,0,0,0,0,0,0,0,0,0,0,0,0,0,0,0,0,0,0,0,0,0,0,0,0,0,0,0,0,0,0,0,0,0,0,0,0,0,0,0,0,0,0,0,0,0,2,0,0,0,0,0,0,0,2,0,0,0,34,26,42,4,0,8,10,2,0,0,0,0,0,0,0,0,0,0,0,0,0,0,0,0,0,0,0,0,0,5,0,0,0,0,0,0,3,0,0,0,0,0,0,0,0,0,0,0,0,0,0,0,0,1,0,0,0,0,0,0,0,0,1,0,0,0,0,0,0,0,0,0,0,9,6,0,0,0,2,0,0,0,1,0,0,1,3,0,0,2,0,0,0,0,0,0,0,0,0,0,0,0,0,0,0,0,0,0,0,0,0,0,0,0,0,0,0,0,0,0,0,0,0,0,0,0,0,0,0,0,0,0,0,0,0,0,0,0,0,0,0,0,0,0,0,0,0
S090,C,0,0,0,0,0,0,0,0,0,8,2,0,0,0,3,2,0,0,0,0,0,0,0,0,0,0,0,0,0,0,0,0,0,0,0,0,0,0,0,0,0,0,0,0,0,0,0,0,0,0,0,0,0,0,0,0,0,0,0,0,0,0,0,0,0,0,0,0,0,0,0,0,0,0,0,0,0,0,0,0,0,1,0,0,1,2,0,0,1,2,0,0,0,18,33,35,1,0,17,14,1,0,0,0,0,0,0,0,0,0,0,0,0,0,0,0,0,0,0,0,0,0,4,4,0,0,0,1,0,4,0,0,0,0,0,0,0,0,0,0,0,0,0,0,0,0,0,0,0,0,0,0,0,0,0,1,1,0,0,0,0,0,0,0,0,2,6,3,0,0,0,0,0,0,0,0,0,1,3,5,0,0,1,0,0,0,0,0,0,0,0,0,0,0,0,0,0,0,0,0,0,0,0,0,0,0,0,0,0,0,0,0,0,0,0,0,0,0,0,0,0,0,0,0,0,0,0,0,0,0,0,0,0,0,0,0,0,0,0,0
S091,A,0,0,0,0,0,0,0,0,0,0,0,2,0,0,0,0,3,3,0,0,0,0,0,0,0,0,0,0,0,0,0,0,0,0,1,0,2,0,3,0,0,0,0,0,0,0,0,0,0,0,0,0,0,0,0,0,0,0,0,0,0,0,0,0,0,0,0,0,0,0,0,0,0,0,0,0,0,0,0,0,0,0,0,2,0,1,0,0,1,3,0,2,0,0,0,0,0,0,0,0,0,0,0,0,0,0,0,2,0,0,5,2,0,0,0,0,0,0,0,0,0,0,0,0,0,0,0,0,0,0,0,0,0,0,0,0,5,0,0,0,0,0,0,0,0,0,0,0,0,0,0,0,0,2,0,0,1,1,2,0,1,0,0,0,0,0,0,0,1,0,0,0,0,0,0,0,1,3,7,1,8,3,0,0,0,0,1,0,0,0,0,0,0,0,0,0,0,0,0,0,0,0,0,0,0,0,0,0,12,0,0,0,0,0,0,0,0,0,0,0,0,0,0,0,0,0,0,0,0,0,0,0,0,0,0,0,0,0,0,0
S092,B,0,0,1,0,3,0,1,0,1,0,2,1,1,1,4,0,1,0,0,0,4,0,2,0,4,0,3,0,3,1,2,0,3,0,2,0,5,0,4,0,4,0,4,0,4,0,6,0,1,1,4,0,5,0,3,0,4,0,0,0,2,0,2,0,3,1,5,0,6,0,5,0,4,0,2,0,0,0,5,0,3,1,2,0,1,1,5,0,2,3,11,0,4,0,2,0,1,0,3,0,2,0,1,0,3,3,2,0,5,0,3,12,3,0,2,0,3,0,6,0,3,0,6,0,5,0,5,0,2,0,4,1,2,0,8,0,3,0,1,0,2,0,2,0,1,0,6,0,2,0,3,0,1,0,4,0,3,0,1,0,1,0,8,0,6,0,8,0,5,0,3,0,3,0,3,0,4,0,4,0,3,0,3,0,2,0,2,0,6,0,5,0,3,0,3,0,3,0,2,0,2,0,0,0,2,0,1,0,8,0,3,0,2,0,8,0,2,0,2,0,5,0,3,0,2,0,11,0,2,0,3,0,6,0,2,0,5,0,7,0
S093,A,0,0,0,0,0,0,0,0,2,7,2,1,0,0,0,0,0,0,0,0,0,0,0,0,0,0,0,0,0,0,0,0,0,0,0,0,0,0,0,0,0,0,0,0,0,0,0,0,0,0,0,0,0,0,0,0,0,0,0,0,0,0,0,0,0,0,0,0,0,0,0,0,0,0,0,0,0,0,0,0,0,0,0,0,0,0,2,0,1,2,0,0,0,0,5,8,0,0,0,0,0,0,0,0,0,0,0,4,0,0,0,6,0,0,0,5,0,0,0,0,0,0,0,0,0,0,0,0,0,0,0,0,0,0,0,0,0,0,0,0,0,0,0,0,0,0,0,0,0,0,0,0,0,0,0,0,0,0,0,0,0,0,0,0,0,0,0,0,0,0,0,0,0,0,0,0,0,0,0,0,0,0,0,0,0,0,0,0,0,0,0,0,0,0,0,0,0,0,0,0,0,0,0,0,0,0,0,0,0,0,0,0,0,0,0,0,0,0,0,0,0,0,0,0,0,0,0,0,0,0,0,0,0,0,0,0,0,0,0,0
S094,C,0,0,0,0,0,0,0,0,0,0,1,0,0,0,0,0,0,1,0,0,0,0,0,0,0,0,0,0,0,0,0,0,0,0,0,2,0,3,0,0,0,0,0,0,2,0,0,0,0,0,0,0,0,0,0,0,1,5,0,0,0,0,0,0,0,0,2,0,0,0,0,0,0,0,0,0,0,0,0,0,0,0,0,0,0,0,0,1,0,3,0,0,0,2,0,0,0,0,0,0,0,0,0,0,0,0,0,0,0,0,0,3,0,0,0,0,0,0,0,5,0,0,0,0,0,0,0,0,0,0,1,0,0,1,0,0,0,0,0,0,0,1,0,0,0,0,0,0,0,0,0,0,0,1,1,1,0,0,0,0,0,0,0,0,0,0,0,0,0,0,0,0,0,0,0,0,3,1,0,0,0,0,5,0,0,0,0,0,0,0,0,0,0,0,0,0,0,0,0,0,0,2,0,0,0,0,0,0,0,0,0,0,0,0,0,0,0,0,0,0,0,0,0,0,0,0,0,0,0,0,0,0,0,4,0,0,0,0,0,0
S095,B,0,0,0,0,0,0,0,0,0,0,0,6,0,0,0,0,1,0,0,0,0,0,0,0,0,0,0,0,0,0,0,0,0,0,3,7,2,0,0,3,0,0,0,0,0,0,0,0,0,0,0,0,0,0,0,0,0,0,0,0,0,0,0,0,0,0,0,0,0,0,0,0,0,0,0,0,0,0,0,0,0,0,0,0,0,0,0,0,0,0,0,0,0,0,0,0,0,0,0,0,0,0,0,0,0,0,1,0,0,0,0,0,0,1,0,0,0,0,0,0,0,0,0,0,0,0,0,0,0,0,0,0,0,0,0,0,0,1,0,0,0,0,0,0,0,0,0,0,0,0,0,0,0,0,0,0,0,0,0,0,1,0,0,0,0,0,0,0,0,0,0,0,0,0,0,0,0,0,0,0,0,0,2,2,0,0,3,0,0,0,0,0,0,0,0,0,0,0,0,0,0,0,0,0,0,0,0,0,0,0,0,0,0,0,0,0,0,0,0,0,0,0,0,0,0,0,0,0,0,0,0,0,0,0,0,0,0,0,0,0
S096,A,0,0,0,0,0,0,0,0,0,0,0,0,0,0,0,2,5,2,1,0,0,0,0,0,0,0,0,0,0,0,0,0,0,0,0,0,1,0,3,0,0,0,0,0,0,0,0,0,0,0,0,0,0,0,0,0,0,0,0,0,0,0,0,0,0,1,0,0,0,0,0,0,0,0,0,0,0,0,0,0,0,0,0,2,0,0,2,0,3,3,0,0,2,0,0,0,0,0,0,0,0,0,0,0,0,0,0,0,0,0,6,0,0,0,0,0,0,0,0,0,0,0,0,0,0,0,0,0,0,0,0,0,0,0,0,0,1,2,0,0,1,0,0,0,0,0,0,0,0,0,0,0,0,5,2,0,2,1,0,0,0,0,0,0,2,0,0,0,1,0,0,0,0,0,0,0,0,2,9,0,8,3,0,0,0,0,2,0,0,0,0,0,0,0,0,0,0,0,0,0,0,0,0,0,0,0,0,0,3,0,0,0,0,0,0,0,0,0,0,0,0,0,0,0,0,0,0,0,0,0,0,0,0,0,0,0,0,0,0,0
S097,A,0,0,0,0,0,0,0,0,0,0,0,3,0,0,0,1,4,1,0,0,0,0,0,0,0,0,0,0,0,0,0,0,0,0,1,0,2,0,1,0,0,0,0,0,0,2,0,0,0,0,0,0,0,0,0,0,0,0,0,0,0,0,0,0,0,1,0,0,0,0,0,0,0,0,0,0,0,0,0,0,0,0,0,2,0,0,0,0,0,2,0,0,0,0,0,0,0,0,0,0,0,0,0,0,0,0,0,1,0,0,5,0,0,0,0,0,0,2,0,0,0,0,0,0,0,0,0,0,0,0,0,0,0,0,0,0,6,1,0,0,1,0,0,0,0,0,0,0,0,0,0,0,0,2,1,1,1,1,2,0,1,0,0,0,0,0,0,0,0,0,0,0,0,0,0,0,0,3,6,2,7,1,0,0,0,0,1,0,0,0,0,0,0,0,0,0,0,0,0,0,0,0,0,0,0,0,0,0,0,0,0,0,0,0,0,0,0,0,0,0,0,0,0,0,0,0,0,0,0,0,0,0,0,0,0,0,0,0,0,0
S098,B,1,1,0,1,1,3,1,0,3,2,1,2,1,2,3,3,1,2,2,4,5,2,2,1,2,1,3,3,1,2,0,0,7,1,1,4,2,3,0,3,3,3,3,3,2,3,1,3,1,2,2,1,3,2,0,2,6,0,1,1,1,0,5,0,2,2,3,1,3,1,1,4,2,1,2,3,1,2,3,2,3,2,2,1,1,0,2,2,1,2,3,4,2,4,2,2,0,0,1,2,0,5,1,0,3,3,0,4,1,1,2,3,2,2,2,0,6,3,2,2,2,2,3,2,1,1,0,2,4,2,0,1,0,1,2,1,2,3,1,1,3,1,0,1,2,1,1,1,1,1,3,2,3,0,0,1,3,1,1,1,2,0,0,0,2,2,2,5,2,1,4,3,3,2,1,2,2,0,2,4,4,1,2,1,1,3,1,3,8,6,1,1,2,1,0,1,1,1,3,0,3,4,2,1,1,0,2,3,3,0,2,2,2,4,2,3,1,2,0,2,3,2,1,0,4,2,0,1,2,2,1,3,2,2,1,2,4,1,0,1
S099,A,0,0,0,0,0,0,0,0,0,0,0,2,0,0,0,2,0,2,1,0,0,0,0,0,0,0,0,0,0,0,0,0,0,0,0,0,3,0,1,0,0,0,0,0,0,0,0,0,0,0,0,0,0,0,0,0,0,0,0,0,0,0,0,0,0,0,0,0,0,0,0,0,0,0,0,0,0,0,0,0,0,0,0,1,0,1,0,0,2,0,0,0,0,0,0,0,0,0,0,0,0,0,0,0,0,0,0,1,0,0,3,2,0,0,0,0,0,0,0,0,0,0,0,0,0,0,0,0,0,0,0,0,0,0,0,0,5,3,0,0,1,0,0,0,0,0,0,0,0,0,0,0,0,3,1,0,2,0,4,0,0,0,0,0,0,0,0,0,1,0,0,0,0,0,0,0,0,4,5,0,4,6,0,0,0,0,2,0,0,0,0,0,0,0,0,0,0,0,0,0,0,0,0,0,0,0,0,0,0,0,0,0,0,0,0,0,0,0,0,0,0,0,0,0,0,0,0,0,0,0,0,0,0,0,0,0,0,0,0,0
S100,C,0,0,0,0,0,0,0,0,0,1,0,5,0,0,0,0,1,0,0,0,0,0,0,0,0,0,0,0,0,0,0,0,0,0,4,7,1,0,0,3,0,0,0,0,0,0,0,0,0,0,0,0,0,0,0,0,0,0,0,0,0,0,0,0,0,0,0,0,0,0,0,0,0,0,0,0,0,0,0,0,0,0,0,0,0,0,0,0,3,0,0,0,0,0,0,0,0,0,0,0,0,0,0,0,1,0,0,0,0,0,0,0,0,2,0,0,0,0,0,0,0,0,0,0,0,0,0,0,0,0,0,0,0,0,1,0,0,0,0,0,0,0,0,0,0,0,0,0,0,0,0,0,0,0,0,0,0,0,0,0,2,0,0,0,0,0,0,0,0,0,0,0,0,0,0,0,0,0,0,0,0,0,7,3,0,1,1,0,0,0,0,0,0,0,0,0,0,0,0,0,0,0,0,0,0,0,0,0,0,0,0,0,0,0,0,0,0,0,0,0,0,0,0,0,0,0,0,0,0,0,0,0,0,0,0,0,0,0,0,0
S101,A,0,0,0,0,0,0,0,0,0,0,0,0,0,0,0,1,1,2,0,0,0,0,0,0,0,0,0,0,0,0,0,0,0,0,1,0,0,0,0,2,0,0,0,0,0,0,0,0,0,0,0,0,0,0,0,0,0,0,0,0,0,0,0,0,0,0,0,0,0,0,0,0,0,0,0,0,0,0,0,0,0,0,0,2,0,0,0,0,2,0,0,4,0,0,0,0,0,0,0,0,0,0,0,0,0,0,0,0,0,0,8,3,0,0,0,0,0,0,0,0,0,0,0,0,0,0,0,0,0,0,0,0,0,0,0,0,5,1,0,0,1,0,0,0,0,0,0,0,0,0,0,0,0,1,1,0,0,0,0,0,0,0,0,0,0,0,0,0,1,0,0,0,0,0,0,0,1,3,6,2,7,3,0,0,0,0,1,0,0,2,0,0,0,0,0,0,0,0,0,0,0,0,0,0,0,0,0,0,3,0,0,0,0,0,0,0,0,0,0,0,0,0,0,0,0,0,0,0,0,0,0,0,0,0,0,0,0,0,0,0
S102,A,0,0,0,0,0,0,0,0,0,0,1,0,1,1,0,0,5,0,0,1,1,0,0,0,0,0,0,0,0,0,0,0,0,0,0,0,1,0,2,3,0,3,0,0,0,0,0,0,0,0,0,0,0,0,0,0,0,0,0,0,0,0,0,0,1,0,0,0,0,0,0,0,0,0,0,0,0,0,0,0,0,0,0,1,1,2,0,1,1,0,0,0,4,0,0,0,0,0,0,0,0,0,0,0,0,1,1,5,0,3,18,6,0,1,0,0,0,2,0,0,0,0,0,0,0,0,0,0,0,0,2,2,0,2,0,1,4,3,0,0,0,0,0,0,0,0,0,0,0,0,0,0,0,3,0,1,4,2,4,1,2,0,0,0,2,0,0,0,0,0,0,0,0,0,0,0,5,6,10,2,10,2,2,0,1,0,2,0,0,0,0,0,0,0,0,0,0,0,0,0,0,0,0,0,0,0,0,0,3,0,1,0,0,0,0,0,0,0,0,0,0,0,0,0,0,0,0,0,0,0,0,0,0,0,0,0,0,0,0,0
S103,C,0,0,0,0,0,0,0,0,0,0,1,2,0,0,2,0,1,0,0,1,1,0,0,0,0,0,0,0,0,0,0,0,0,0,0,0,0,0,0,0,0,2,0,0,0,0,0,0,0,0,0,0,0,0,0,0,0,0,0,0,0,0,0,0,0,0,0,0,0,0,0,0,0,0,0,0,0,0,0,0,0,0,1,0,0,2,0,0,1,0,0,0,0,0,0,0,0,0,0,0,0,0,0,0,0,0,0,0,0,0,0,3,1,0,0,0,0,0,0,0,0,0,0,0,0,0,0,0,0,0,0,0,0,0,0,0,0,0,0,0,0,0,0,0,0,0,0,0,0,0,0,0,0,0,1,0,0,0,0,0,0,2,2,0,0,0,0,0,0,0,0,0,0,0,0,0,0,0,0,1,0,0,0,0,0,10,1,0,0,0,0,0,0,0,0,0,0,0,0,0,0,0,0,0,0,0,0,0,0,0,0,0,0,0,0,0,0,0,0,0,0,0,0,0,0,0,0,0,0,0,0,0,0,0,0,0,0,0,0,0
S104,A,5,0,0,1,0,0,0,0,0,0,0,0,0,0,0,0,0,0,0,0,0,0,0,0,2,0,0,1,0,0,0,0,0,0,0,0,0,0,0,0,0,0,0,0,0,0,0,0,39,6,0,1,0,0,0,0,0,0,0,0,0,0,0,0,0,0,0,0,0,0,0,0,7,0,0,2,1,0,0,0,0,0,0,0,0,0,0,0,0,0,0,0,0,0,0,0,2,5,0,2,0,0,0,0,0,0,0,0,0,0,0,0,0,0,0,0,0,0,0,0,26,5,0,1,0,0,0,0,0,0,0,0,0,0,0,0,0,0,0,0,0,0,0,0,4,0,0,0,1,0,0,0,0,0,0,0,0,0,0,0,0,0,0,0,0,0,0,0,0,3,0,1,1,0,0,0,0,0,0,0,0,0,0,0,0,0,0,0,0,0,0,0,5,0,0,1,0,0,0,0,0,0,0,0,0,0,0,0,0,0,0,0,0,0,0,0,11,3,0,0,0,0,0,0,0,0,0,0,0,0,0,0,0,0,0,0,0,0,0,0
S105,B,0,0,0,0,0,0,0,0,0,0,0,2,0,0,0,0,4,0,0,0,0,0,0,0,0,0,0,0,0,0,0,0,0,0,0,0,1,0,1,2,0,0,0,0,0,0,0,0,0,0,0,0,0,0,0,0,0,0,0,0,0,0,0,0,0,0,0,0,0,0,0,0,0,0,0,0,0,0,0,0,0,0,0,0,0,1,0,0,2,0,0,0,0,0,0,0,0,0,0,0,0,0,0,0,0,0,0,1,0,0,9,2,0,0,0,0,0,0,0,0,0,0,0,0,0,0,0,0,0,0,0,0,0,0,0,0,5,1,0,0,0,0,0,0,0,0,0,0,0,0,0,0,0,6,2,7,3,1,48,0,5,0,0,0,0,0,0,0,0,0,0,0,0,0,0,0,1,4,6,0,8,2,0,0,0,0,0,0,0,0,0,0,0,0,0,0,0,0,0,0,0,0,0,0,0,0,0,0,2,0,0,0,0,0,0,0,0,0,0,0,0,0,0,0,0,0,0,0,0,0,0,0,0,0,0,0,0,0,0,0
S106,A,0,0,0,0,0,0,0,0,0,0,0,2,0,1,0,1,3,0,1,0,0,0,0,0,0,0,0,0,0,0,0,0,0,0,0,0,1,0,3,0,0,0,0,0,0,0,0,0,0,0,0,0,0,0,0,0,0,0,0,0,0,0,1,0,0,1,0,0,0,0,0,0,0,0,0,0,0,0,0,0,0,0,0,2,0,0,2,1,2,2,0,0,0,0,0,0,0,0,0,0,0,0,0,0,0,0,1,3,0,0,6,5,0,0,0,0,0,2,0,0,0,0,0,0,0,0,0,0,0,0,1,0,1,0,0,0,6,2,0,0,0,0,0,0,0,0,0,0,0,0,0,0,0,1,2,0,2,2,3,0,2,0,0,0,0,0,0,0,0,0,0,0,0,0,0,1,0,5,5,0,4,1,0,0,0,0,2,0,0,3,0,0,0,0,0,0,0,0,0,0,0,0,0,0,0,0,0,0,2,0,0,0,0,0,0,0,0,0,0,0,0,0,0,0,0,0,0,0,0,0,0,0,0,0,0,0,0,0,0,0
S107,C,0,0,0,0,0,0,0,0,0,0,0,2,0,0,0,0,4,1,0,0,0,0,0,0,0,0,0,0,0,0,0,0,0,0,0,0,1,0,4,2,0,0,0,0,0,0,0,0,0,0,0,0,0,0,0,0,0,0,0,0,0,0,0,0,0,0,0,0,0,0,0,0,0,0,0,0,0,0,0,0,0,0,0,1,0,2,0,0,1,3,0,0,2,0,0,0,0,0,0,0,0,0,0,0,0,0,0,2,0,0,5,2,0,0,0,0,0,0,0,0,0,0,0,0,0,0,0,0,0,0,0,0,0,0,0,0,3,2,0,0,0,0,0,0,0,0,0,0,0,0,0,0,0,3,0,0,2,2,2,0,2,0,0,0,0,0,0,0,0,0,0,0,0,0,0,0,0,5,3,1,7,4,0,0,0,0,1,0,0,2,0,0,0,0,0,0,0,0,0,0,0,0,0,0,0,0,0,0,6,0,0,0,0,0,0,0,0,0,0,0,0,0,0,0,0,0,0,0,0,0,0,0,0,0,0,0,0,0,0,0
S108,B,556,7871,832,636,761,707,615,636,736,730,676,685,802,862,1083,1082,948,779,754,716,713,710,736,627,599,7586,744,683,853,785,676,643,895,789,748,737,876,1038,882,1085,796,1191,939,849,852,930,768,1063,798,7170,880,731,913,409,726,638,824,793,755,782,899,811,896,853,949,803,1220,808,890,854,1054,913,804,6508,837,656,805,901,685,660,806,707,415,264,78,749,1164,705,865,1098,1187,1176,1244,1232,1070,1086,349,7243,1062,499,440,430,799,797,884,501,764,744,756,779,1247,1055,824,656,751,724,1038,882,890,1089,817,7885,850,736,491,410,781,727,832,806,745,638,748,730,850,891,733,671,580,444,361,731,737,666,547,4492,928,743,365,801,740,722,874,847,535,693,728,682,855,739,729,1206,1194,1084,1258,872,1073,1086,692,5556,834,760,926,817,778,713,883,781,790,694,727,739,951,818,353,686,733,666,959,927,738,620,684,5492,798,677,409,389,746,672,719,1456,1484,622,685,628,753,1022,1139,680,716,708,626,1270,731,688,310,6205,792,709,822,849,773,700,814,708,1169,688,786,1139,781,990,804,1406,668,959,725,636,755,698
S109,A,0,0,0,0,0,0,0,0,0,0,0,0,0,0,0,0,3,1,0,0,0,0,0,0,0,0,0,0,0,0,0,0,0,0,1,0,0,0,3,2,0,0,0,0,0,2,0,0,0,0,0,0,0,0,0,0,0,0,0,0,0,0,0,0,0,0,0,0,0,0,0,0,0,0,0,0,0,0,0,0,0,0,0,1,0,0,0,0,0,0,0,0,0,0,0,0,0,0,0,0,0,0,0,0,0,0,0,2,0,0,8,0,0,0,0,0,0,0,0,0,0,0,0,0,0,0,0,0,0,0,0,0,0,0,0,0,5,2,0,0,0,0,0,0,0,0,0,0,0,0,0,0,0,0,1,0,0,1,0,0,0,0,0,0,0,0,0,0,0,0,0,0,0,0,0,0,0,1,0,1,4,1,0,0,0,0,1,0,0,0,0,0,0,0,0,0,0,0,0,0,0,0,0,0,0,0,0,0,2,0,0,0,0,0,0,0,0,0,0,0,0,0,0,0,0,0,0,0,0,0,0,0,0,0,0,0,0,0,0,0
S110,C,1,0,3,0,2,0,3,0,5,0,3,5,4,0,9,0,4,0,5,0,3,0,3,0,2,1,4,0,3,0,6,0,3,0,2,0,5,0,5,0,3,0,3,0,4,0,6,0,2,0,6,0,4,0,5,0,2,0,3,0,3,0,7,0,5,2,6,0,4,0,5,0,2,0,3,0,4,0,2,0,2,3,2,0,1,1,5,1,5,2,6,0,4,0,5,0,1,0,2,0,2,1,1,0,6,4,5,1,1,0,2,8,6,0,1,0,0,0,5,0,5,0,5,0,3,0,2,0,4,1,1,0,2,0,6,0,4,0,3,1,3,0,3,0,2,0,5,0,1,0,2,0,2,0,1,0,3,0,4,0,1,0,0,2,12,0,0,0,3,0,5,0,2,0,3,0,1,0,7,0,2,0,5,0,1,0,3,0,0,0,3,0,3,0,4,0,4,0,2,0,4,0,6,0,7,0,0,0,3,0,2,0,3,0,3,0,3,0,4,0,2,0,6,0,0,0,2,0,1,0,5,0,6,0,6,0,4,0,4,0
S111,B,0,0,0,0,0,0,0,0,0,0,0,0,0,0,0,2,1,1,0,0,0,0,0,0,0,0,0,0,0,0,0,0,0,0,0,0,0,0,2,0,0,0,0,0,0,0,0,0,0,0,0,0,0,0,0,0,0,0,0,0,0,0,0,0,0,0,0,0,0,0,0,0,0,0,0,0,0,0,0,0,0,0,0,2,0,0,0,0,0,0,0,0,0,0,0,0,0,0,0,0,0,0,0,0,0,0,0,0,0,0,5,0,0,0,0,0,0,0,0,0,0,0,0,0,0,0,0,0,0,0,0,0,0,0,0,0,6,1,0,0,0,0,0,0,0,0,0,0,0,0,0,0,0,3,0,0,0,1,1,0,0,0,0,0,0,0,0,0,0,0,0,0,0,0,0,0,0,1,0,2,2,1,0,0,0,0,1,0,0,0,0,0,0,0,0,0,0,0,0,0,0,0,0,0,0,0,0,0,0,0,0,0,0,0,0,0,0,0,0,0,0,0,0,0,0,0,0,0,0,0,0,0,0,0,0,0,0,0,0,0
S112,B,0,0,0,0,0,0,0,0,0,0,0,0,0,0,0,0,0,0,0,0,0,0,0,0,0,0,0,0,0,0,0,0,0,0,0,0,0,0,0,0,0,0,0,0,0,0,0,0,0,0,0,0,0,0,0,0,0,0,0,0,0,0,0,0,0,0,0,0,0,0,0,0,0,0,0,0,0,0,0,0,0,0,0,0,0,0,0,0,0,0,0,0,0,0,0,0,0,0,0,0,0,0,0,0,0,0,0,0,0,0,0,0,0,0,0,0,0,0,0,0,0,0,0,0,0,0,0,0,0,0,69,0,0,31,21,0,0,0,0,0,0,0,0,0,0,0,0,0,0,0,0,0,0,0,0,0,0,0,0,0,0,2,0,0,0,0,0,0,0,0,0,0,0,0,0,0,0,1,0,0,0,0,0,0,0,0,0,0,0,0,0,0,0,0,0,0,0,0,0,0,0,0,0,0,0,0,0,0,0,0,0,0,0,0,0,0,0,0,0,0,0,0,0,0,0,0,0,0,0,0,0,0,0,0,0,0,0,0,0,0
S113,C,2,0,1,0,0,0,2,0,6,0,6,3,3,0,14,0,5,0,4,0,2,0,1,2,1,0,1,0,4,1,3,0,2,0,2,0,4,0,4,0,2,0,0,0,2,0,3,0,2,1,4,0,3,0,2,0,4,0,4,0,6,0,4,0,3,0,6,0,4,0,7,0,2,0,1,0,3,0,2,0,3,0,5,0,1,0,5,1,3,3,9,0,2,0,2,0,1,0,1,0,2,0,2,0,3,1,3,2,4,0,3,12,6,0,1,0,2,0,5,0,4,0,1,0,2,0,1,0,2,0,2,2,5,0,10,0,2,0,1,1,3,0,4,0,2,0,2,0,2,0,7,0,1,0,0,0,3,0,4,0,1,0,2,0,6,0,8,0,3,0,2,0,1,0,0,0,7,0,6,0,1,0,5,0,1,0,2,0,5,2,0,0,3,0,1,0,2,0,7,0,0,0,2,0,1,0,5,0,5,0,2,0,2,0,5,0,1,0,1,0,3,0,4,0,1,0,5,0,5,0,7,0,2,0,1,0,1,0,2,0
S114,A,354,0,1,550,4,7,4,5,12,5,8,9,9,4,16,6,8,4,5,0,10,2,5,6,406,0,1,651,5,8,9,9,14,1,9,6,11,7,9,9,5,5,14,9,4,4,11,7,632,0,7,603,5,3,8,10,9,3,2,5,10,3,6,2,10,2,12,2,6,2,17,4,488,0,4,443,5,11,5,3,15,6,5,1,1,5,6,9,15,9,15,2,8,0,8,5,178,0,3,310,1,3,10,9,8,7,7,4,3,4,8,14,8,3,6,1,9,6,3,6,555,1,4,677,3,2,5,6,4,2,8,3,5,6,4,2,8,3,8,2,6,4,7,4,311,0,3,420,2,6,9,3,10,3,6,3,3,1,4,3,4,10,16,2,6,2,6,2,332,0,4,721,2,3,7,8,14,2,8,2,6,4,7,2,4,3,8,4,12,5,8,1,488,0,3,406,5,3,9,6,8,10,18,4,4,2,6,2,11,4,4,2,6,12,8,1,187,0,4,312,5,8,6,8,16,5,9,5,8,12,9,8,12,10,6,6,8,3,4,5
S115,A,3,0,2,0,1,0,0,0,4,0,4,3,5,0,5,0,3,0,3,0,1,0,3,0,4,0,2,0,5,0,4,0,3,0,1,0,2,0,2,0,2,0,4,0,3,0,3,0,2,0,4,0,2,0,5,0,2,0,0,0,6,0,2,0,4,0,5,0,0,0,6,0,3,0,5,0,4,0,2,0,3,1,3,0,1,0,11,4,9,3,6,0,4,0,2,0,1,0,1,0,3,0,3,0,3,1,3,2,3,0,5,5,4,0,3,0,3,0,8,0,6,0,3,0,5,0,5,0,1,0,3,0,2,0,8,0,3,0,2,0,1,0,1,0,4,0,6,0,0,0,2,0,3,0,3,0,0,0,2,0,3,0,2,0,8,0,3,0,1,0,8,0,3,0,2,0,5,0,2,0,4,0,6,0,2,0,2,0,0,0,2,0,3,0,4,0,2,0,3,0,2,0,2,0,4,0,5,0,3,0,3,0,2,0,2,0,1,0,1,0,7,0,5,0,4,0,2,0,5,0,4,0,7,0,3,0,4,0,3,0
S116,A,0,0,0,0,0,0,0,0,0,0,1,3,0,0,0,2,2,2,0,0,0,0,0,0,0,0,0,0,0,0,0,0,0,0,0,0,0,0,0,0,0,0,0,0,0,0,0,0,0,0,0,0,0,0,0,0,0,0,0,0,0,0,0,0,0,0,0,0,0,0,0,0,0,0,0,0,0,0,0,0,0,0,5,2,0,2,0,0,3,0,0,0,0,0,0,0,0,0,0,0,0,0,0,0,0,0,0,2,0,1,12,0,0,0,0,0,0,0,0,0,0,0,0,0,0,0,0,0,0,0,0,0,0,0,0,0,2,3,0,0,0,0,0,0,0,0,0,0,0,0,0,0,0,4,1,1,9,0,0,0,0,0,0,0,0,0,0,0,0,0,0,0,0,0,0,0,0,0,4,1,6,2,0,0,0,0,0,0,0,0,0,0,0,0,0,0,0,0,0,0,0,0,0,0,0,0,0,0,6,0,0,0,0,0,0,0,0,0,0,0,0,0,0,0,0,0,0,0,0,0,0,0,0,0,0,0,0,0,0,0
S117,B,1,0,5,0,0,0,0,0,0,0,0,0,0,0,0,0,0,0,0,1,0,0,0,0,0,0,6,0,0,0,0,0,1,0,1,0,1,2,0,0,0,0,0,0,0,2,0,0,0,0,6,1,0,0,0,0,0,1,0,0,1,0,0,0,0,0,0,0,0,0,1,0,1,0,10,0,0,0,0,1,0,0,0,1,0,0,0,0,0,0,0,0,0,0,0,0,1,0,7,1,0,0,0,0,0,1,0,1,1,0,2,0,0,0,0,0,0,2,0,0,0,1,4,0,0,0,0,1,1,0,0,1,0,0,0,0,0,0,1,0,1,0,0,1,1,0,9,1,0,0,0,1,0,1,0,0,0,0,0,0,1,2,0,0,2,0,0,0,0,0,10,1,0,0,0,1,0,0,0,0,1,0,0,0,0,0,0,0,2,0,0,0,0,0,5,1,0,0,0,0,1,2,0,0,0,0,0,2,2,0,0,0,0,0,1,1,0,0,10,0,0,0,0,0,0,0,0,1,0,0,0,0,0,2,1,0,1,0,1,0
S118,B,0,0,0,0,0,0,0,0,0,0,0,2,0,0,0,0,2,0,0,0,0,0,0,0,0,0,0,0,0,0,0,0,0,0,0,0,1,0,4,2,0,0,0,0,0,0,0,0,0,0,0,0,0,0,0,0,0,0,0,0,0,0,0,0,0,2,0,0,0,0,0,0,0,0,0,0,0,0,0,0,0,0,0,1,0,2,0,2,3,0,0,2,2,0,0,0,0,0,0,0,0,0,0,0,0,0,0,2,0,0,12,0,0,0,0,0,0,0,0,0,0,0,0,0,0,0,0,0,0,0,0,0,0,0,0,0,5,2,0,0,1,0,0,0,0,0,0,0,0,0,0,0,0,1,1,0,0,0,1,0,0,0,0,0,0,0,0,0,1,0,0,0,0,0,0,0,1,1,4,0,7,3,0,0,0,0,2,0,0,0,0,0,0,0,0,0,0,0,0,0,0,0,0,0,0,0,0,0,6,0,0,0,0,0,0,0,0,0,0,0,0,0,0,0,0,0,0,0,0,0,0,0,0,0,0,0,0,0,0,0
S119,A,0,0,0,0,0,0,0,0,0,0,0,0,0,0,0,0,0,0,0,0,0,0,0,0,0,0,0,0,0,0,0,0,0,0,0,0,0,0,0,0,0,0,0,0,0,0,0,0,0,0,0,0,0,0,0,0,0,0,0,0,0,0,0,0,0,0,0,0,0,0,0,0,0,0,0,0,0,0,0,0,0,0,0,0,0,0,0,0,0,0,0,0,0,0,0,0,0,0,0,0,0,0,0,0,0,0,0,0,0,0,0,0,0,0,0,0,0,0,0,0,0,0,0,0,0,0,0,0,0,0,0,0,0,0,0,0,0,0,0,0,0,0,0,0,0,0,0,0,0,0,0,0,0,0,0,0,0,0,0,0,0,32,0,0,0,0,0,0,0,0,0,0,0,0,0,0,0,0,1,0,0,0,0,1,2,0,0,0,0,0,1,2,1,0,2,2,0,0,0,0,0,0,0,0,0,0,0,0,0,0,0,0,0,0,0,0,0,0,0,0,0,0,0,0,0,0,0,0,0,0,0,0,0,0,0,0,0,0,0,0
S120,B,0,0,0,0,0,0,0,0,0,0,0,1,0,0,0,2,2,1,0,0,0,0,0,0,0,0,0,0,0,0,0,0,0,0,1,0,0,0,1,0,0,0,0,0,0,0,0,0,0,0,0,0,0,0,0,0,0,0,0,0,0,0,0,0,0,0,0,0,0,0,0,0,0,0,0,0,0,0,0,0,0,0,0,2,0,0,0,0,0,0,0,0,0,0,0,0,0,0,0,0,0,0,0,0,0,0,0,1,0,0,3,0,0,0,0,0,0,0,0,0,0,0,0,0,0,0,0,0,0,0,0,0,0,0,0,0,4,5,0,0,0,0,0,0,0,0,0,0,0,0,0,0,0,2,0,0,0,0,0,0,0,0,0,0,0,0,0,0,0,0,0,0,0,0,0,0,0,0,0,1,4,0,0,0,0,0,2,0,0,0,0,0,0,0,0,0,0,0,0,0,0,0,0,0,0,0,0,0,2,0,0,0,0,0,0,0,0,0,0,0,0,0,0,0,0,0,0,0,0,0,0,0,0,0,0,0,0,0,0,0
S121,A,0,0,0,0,0,0,0,0,0,9,1,0,0,0,0,1,0,0,0,0,0,0,0,0,0,0,0,0,0,0,0,0,0,0,0,0,0,0,0,0,0,0,0,0,0,0,0,0,0,0,0,0,0,0,0,0,0,0,0,0,0,0,0,0,0,0,0,0,0,0,0,0,0,0,0,0,0,0,0,0,0,1,0,0,0,0,0,0,0,0,0,0,0,28,36,42,2,0,11,12,2,0,0,0,0,0,0,0,0,0,0,0,0,0,0,0,0,0,0,3,1,0,4,1,0,0,0,1,0,1,0,0,0,0,0,0,0,0,0,0,1,0,0,0,0,0,1,0,0,0,0,0,0,0,0,1,0,0,0,0,0,0,0,0,0,2,5,2,0,0,0,0,0,0,0,1,0,0,1,4,0,0,0,0,0,0,0,0,0,0,0,0,0,0,0,0,0,0,0,0,0,0,0,0,0,0,0,0,0,0,0,0,0,0,0,0,0,0,0,0,0,0,0,0,0,0,0,0,0,0,0,0,0,0,0,0,0,0,0,0
S122,A,0,0,0,0,0,0,0,0,0,0,0,0,0,0,0,1,3,1,0,0,0,0,0,0,0,0,0,0,0,0,0,0,0,0,0,0,2,0,1,0,0,0,0,0,0,0,0,0,0,0,0,0,0,0,0,0,0,0,0,0,0,0,0,0,0,2,0,0,0,0,0,0,0,0,0,0,0,0,0,0,0,0,0,2,0,1,0,4,2,3,0,0,0,0,0,0,0,0,0,0,0,0,0,0,0,2,0,1,0,0,3,0,0,2,0,0,0,2,0,0,0,0,0,0,0,0,0,0,0,0,0,1,0,0,0,1,3,3,0,0,0,0,0,0,0,0,0,0,0,0,0,0,0,6,0,0,0,0,2,0,0,0,0,0,0,0,0,0,0,0,0,0,0,0,0,0,1,5,4,0,5,2,2,0,0,0,3,1,0,0,0,0,0,0,0,0,0,0,0,0,0,0,0,0,0,0,0,0,3,0,0,0,0,0,0,0,0,0,0,0,0,0,0,0,0,0,0,0,0,0,0,0,0,0,0,0,0,0,0,0
S123,A,1,15,14,16,28,22,30,28,28,32,25,30,20,22,21,31,27,20,34,24,30,33,32,26,28,22,32,33,30,34,28,29,31,26,24,17,23,50,35,47,31,32,30,21,22,33,34,45,33,33,27,25,30,12,29,21,30,20,24,28,29,25,30,35,34,28,41,27,23,19,30,29,31,31,36,35,43,31,26,16,21,17,17,10,3,29,44,26,18,33,32,42,34,26,24,24,7,23,32,14,16,19,28,34,30,26,24,26,24,30,42,36,23,21,23,15,24,35,29,38,38,26,16,22,19,19,28,27,19,21,17,24,24,27,23,23,24,24,17,17,11,41,114,39,16,16,26,29,11,37,26,26,22,24,19,60,35,25,78,38,22,50,48,40,44,32,38,30,23,26,23,33,32,26,30,29,32,20,24,20,22,22,23,31,14,24,29,20,48,44,20,22,25,23,24,33,13,14,28,21,24,24,44,28,16,14,24,35,131,20,29,27,15,46,33,27,8,19,26,28,25,45,23,24,28,29,51,20,24,36,33,59,37,86,24,47,27,29,29,21
S124,B,0,0,0,0,0,0,0,0,0,0,0,0,1,0,0,1,4,0,0,0,0,0,0,0,0,0,0,0,0,0,0,0,0,0,0,0,0,0,3,0,0,0,0,0,0,0,0,0,0,0,0,0,0,0,0,0,0,0,0,0,0,0,0,0,0,0,0,0,0,0,0,0,0,0,0,0,0,0,0,0,0,0,0,2,0,0,0,0,0,0,0,0,0,0,0,0,0,0,0,0,0,0,0,0,0,0,0,0,0,0,3,0,0,0,0,0,0,0,0,0,0,0,0,0,0,0,0,0,0,0,0,0,0,0,0,0,6,3,0,0,0,0,0,0,0,0,0,0,0,0,0,0,0,2,1,0,0,0,1,0,0,0,0,0,0,0,0,0,0,0,0,0,0,0,0,0,0,0,0,2,3,2,0,0,0,0,0,0,0,0,0,0,0,0,0,0,0,0,0,0,0,0,0,0,0,0,0,0,0,0,0,0,0,0,0,0,0,0,0,0,0,0,0,0,0,0,0,0,0,0,0,0,0,0,0,0,0,0,0,0
S125,B,0,0,0,0,0,0,0,0,0,0,0,0,0,0,0,0,0,0,0,0,0,0,0,0,0,0,0,0,0,0,0,0,0,0,0,0,0,0,0,0,0,0,0,0,0,0,0,0,0,0,0,0,0,0,0,0,0,0,0,0,0,0,0,0,0,0,0,0,0,0,0,0,0,0,0,0,0,0,0,0,0,0,0,0,0,0,0,2,2,0,0,0,0,0,0,0,0,0,0,0,0,0,0,0,0,0,0,4,0,0,3,0,0,0,0,0,0,0,0,0,0,0,0,0,0,0,0,0,0,0,0,0,0,0,0,0,7,4,0,0,0,0,0,0,0,0,0,0,0,0,0,0,0,2,1,6,6,0,0,0,1,0,0,0,0,0,0,0,0,0,0,0,0,0,0,0,0,0,4,0,2,1,0,0,0,0,4,0,0,0,0,0,0,0,0,0,0,0,0,0,0,0,0,0,0,0,0,0,2,0,0,0,0,0,0,0,0,0,0,0,0,0,0,0,0,0,0,0,0,0,0,0,0,0,0,0,0,0,0,0
S126,C,5,0,0,0,0,0,0,0,0,19,17,18,0,25,52,49,46,98,160,26,11,0,0,0,0,0,0,0,0,0,0,0,0,1,0,1,0,6,9,0,0,17,0,2,0,0,0,0,0,0,0,0,0,0,0,0,0,2,0,0,0,0,0,0,0,4,0,0,0,0,0,0,0,0,0,0,0,0,0,0,0,15,20,20,1,30,161,113,195,158,210,146,134,102,0,0,0,0,0,0,0,0,0,0,0,696,204,325,533,229,1088,1046,608,464,1198,51,6,0,0,5,6,0,0,0,0,0,0,0,0,242,860,224,11,102,581,890,764,1212,1215,1874,7557,7804,1556,0,0,0,0,0,0,0,0,0,0,516,140,36,1,851,173,963,827,766,1332,2518,0,0,0,9,0,0,0,0,0,0,0,0,0,10,39,120,4,6,41,117,45,28,15,0,0,0,0,0,0,0,0,0,0,0,0,0,0,8,0,0,0,0,6,11,8,5,0,0,32,8,0,0,0,0,0,0,0,0,0,0,0,0,0,0,0,0,0,0,0,22,0,0,0,0,0,0
S127,A,0,0,0,0,0,0,0,0,2,9,5,0,0,0,0,4,0,0,0,0,0,0,0,0,0,0,0,0,0,0,0,0,0,0,0,0,0,0,0,0,0,0,0,0,0,0,0,0,0,0,0,0,0,0,0,0,0,0,0,0,0,0,0,0,0,0,0,0,0,0,0,0,0,0,0,0,0,0,0,0,0,0,0,0,0,1,0,0,0,3,0,0,0,28,41,38,3,0,15,14,1,0,0,0,0,0,0,0,0,0,0,0,0,0,0,0,0,0,0,3,0,0,6,3,0,0,0,0,0,3,0,0,0,0,0,0,0,0,0,0,0,0,0,0,0,0,0,0,0,0,0,0,0,0,0,2,0,0,0,0,0,0,0,0,0,2,6,2,0,0,0,1,0,0,0,0,0,0,1,3,0,0,0,0,0,0,0,0,0,0,0,0,0,0,0,0,0,0,0,0,0,0,0,0,0,0,0,0,0,0,0,0,0,0,0,0,0,0,0,0,0,0,0,0,0,0,0,0,0,0,0,0,0,0,0,0,0,0,0,0
S128,A,0,0,0,0,0,0,0,0,0,0,0,2,0,0,0,1,2,1,0,0,1,0,0,0,0,0,0,0,0,0,0,0,0,0,0,0,1,0,3,2,0,2,0,0,0,0,0,0,0,0,0,0,0,0,0,0,0,0,0,0,0,0,0,0,0,1,0,0,0,0,0,0,0,0,0,0,0,0,0,0,0,0,0,1,0,2,2,0,3,0,0,2,4,0,0,0,0,0,0,0,0,0,0,0,0,1,2,4,0,4,26,11,1,0,0,0,0,0,0,0,0,0,0,0,0,0,0,0,0,0,1,3,2,1,1,0,2,1,0,0,1,0,0,0,0,0,0,0,0,0,0,0,0,0,1,14,7,1,1,1,5,0,0,0,2,0,0,0,0,0,0,0,0,0,0,0,2,4,6,1,6,2,1,1,1,0,0,0,5,3,0,0,0,0,0,0,0,0,0,0,0,0,0,0,0,0,0,0,2,0,0,0,0,0,0,0,0,0,0,0,0,0,0,0,0,0,0,0,0,0,0,0,0,0,0,0,0,0,0,0
S129,C,70,6,0,0,0,9,2,5,3,3,4,2,5,2,2,2,1,2,2,0,1,5,1,1,60,14,0,0,5,3,3,3,5,4,2,4,1,4,0,0,1,5,2,5,4,0,1,2,83,28,0,0,0,2,2,5,1,2,3,1,4,3,1,3,0,3,3,1,4,3,2,2,73,20,0,0,0,4,4,6,0,1,1,0,1,4,2,8,3,8,5,2,8,8,6,3,24,30,0,0,0,4,1,8,2,2,1,4,0,4,2,5,5,0,0,3,0,5,2,0,143,36,0,0,0,3,1,4,4,2,1,3,1,0,3,3,4,1,2,3,1,3,4,1,55,15,0,0,0,6,1,1,5,0,3,3,2,3,4,4,1,4,2,6,8,6,0,3,74,0,0,0,4,3,1,3,5,1,2,2,2,1,2,3,2,2,2,2,3,5,2,1,134,34,0,0,0,4,1,3,5,8,6,2,2,0,2,6,2,4,0,6,3,6,0,3,31,15,0,0,4,2,0,1,4,1,5,2,1,2,2,3,5,6,1,0,1,3,1,4
S130,A,0,0,0,0,0,0,0,0,0,0,0,3,1,0,0,0,4,1,0,0,0,0,0,0,0,0,0,0,0,0,0,0,0,0,0,0,1,0,3,0,0,0,0,0,0,0,0,0,0,0,0,0,0,0,0,0,0,0,0,0,0,0,0,0,0,0,0,0,0,0,0,0,0,0,0,0,0,0,0,0,0,0,0,1,0,1,2,0,0,0,0,0,0,0,0,0,0,0,0,0,0,0,0,0,0,0,0,3,0,0,6,0,0,0,0,0,0,0,0,0,0,0,0,0,0,0,0,0,0,0,0,0,0,0,0,0,1,2,0,0,0,0,0,0,0,0,0,0,0,0,0,0,0,3,0,1,1,0,4,0,1,0,0,0,0,0,0,0,1,0,0,0,0,0,0,0,1,2,2,1,7,2,0,0,0,0,0,0,0,2,0,0,0,0,0,0,0,0,0,0,0,0,0,0,0,0,0,0,8,0,1,0,0,0,0,0,0,0,0,0,0,0,0,0,0,0,0,0,0,0,0,0,0,0,0,0,0,0,0,0
S131,B,2,539,657,628,620,663,426,661,699,751,507,531,691,710,914,528,794,669,697,597,374,454,367,427,337,367,393,418,418,486,371,404,413,463,378,418,488,582,452,639,478,698,515,537,453,505,423,692,409,385,439,463,456,262,375,397,467,516,403,483,478,481,469,472,557,498,704,474,440,530,572,540,410,396,442,419,467,522,403,398,399,367,202,138,40,403,525,362,416,599,498,648,656,776,603,1008,251,684,592,502,419,376,558,749,751,446,497,638,780,725,969,950,560,476,637,675,849,864,944,758,696,649,805,857,507,313,750,717,738,635,494,648,706,660,739,660,550,539,521,510,291,524,604,710,439,490,794,574,317,871,736,664,605,706,462,568,571,574,639,732,655,1102,1142,728,1046,935,941,1070,473,676,667,744,851,728,578,726,734,770,464,627,637,695,761,516,353,655,573,587,857,768,542,632,538,646,466,602,382,435,701,429,690,1316,1330,660,643,645,594,945,801,717,722,905,293,828,400,474,166,468,760,574,667,893,733,564,785,555,971,744,714,1289,525,929,596,1410,576,1074,684,608,599,660
S132,A,0,0,0,0,0,0,0,0,0,0,0,0,0,0,0,1,2,0,0,0,0,0,0,0,0,0,0,0,0,0,0,0,0,0,1,0,0,0,1,0,0,0,0,0,0,0,0,0,0,0,0,0,0,0,0,0,0,0,0,0,0,0,0,0,0,1,0,0,0,0,0,0,0,0,0,0,0,0,0,0,0,0,0,2,0,0,2,0,4,2,0,2,0,0,0,0,0,0,0,0,0,0,0,0,0,0,1,0,0,0,5,2,0,0,0,0,0,2,0,0,0,0,0,0,0,0,0,0,0,0,0,0,0,0,0,0,1,1,0,0,1,0,0,0,0,0,0,0,0,0,0,0,0,5,0,0,1,0,4,0,1,0,0,0,0,0,0,0,0,0,0,0,0,0,0,1,0,2,7,0,5,3,0,0,0,0,1,0,0,0,0,0,0,0,0,0,0,0,0,0,0,0,0,0,0,0,0,0,9,0,0,0,0,0,0,0,0,0,0,0,0,0,0,0,0,0,0,0,0,0,0,0,0,0,0,0,0,0,0,0
S133,C,0,0,0,0,0,0,0,0,0,0,0,1,0,0,0,2,1,2,0,0,0,0,0,0,0,0,0,0,0,0,0,0,0,0,0,0,1,0,5,0,0,0,0,0,0,2,0,0,0,0,0,0,0,0,0,0,0,0,0,0,0,0,0,0,0,1,0,0,0,0,0,0,0,0,0,0,0,0,0,0,0,0,0,1,0,0,0,0,3,0,0,0,0,0,0,0,0,0,0,0,0,0,0,0,0,0,5,4,0,0,3,0,0,0,0,0,0,0,0,0,0,0,0,0,0,0,0,0,0,0,0,0,0,0,0,0,5,1,0,0,0,0,0,0,0,0,0,0,0,0,0,0,0,4,0,0,3,1,0,2,0,0,0,0,4,0,0,0,0,0,0,0,0,0,0,0,0,7,3,2,6,0,0,0,0,0,0,0,0,3,0,0,0,0,0,0,0,0,0,0,0,0,0,0,0,0,0,0,5,0,0,0,0,0,0,0,0,0,0,0,0,0,0,0,0,0,0,0,0,0,0,0,0,0,0,0,0,0,0,0
S134,B,0,0,0,0,0,0,0,0,0,0,0,0,0,0,0,0,0,0,0,0,0,0,0,0,0,0,0,0,0,0,0,0,0,1,0,4,0,3,0,0,0,0,0,0,2,0,0,0,0,0,0,0,0,0,0,0,0,6,0,0,0,0,0,0,0,0,0,0,0,0,0,0,0,0,0,0,0,0,0,0,0,0,0,0,0,0,0,0,0,0,0,0,0,4,0,0,0,0,0,0,0,0,0,0,0,0,0,0,0,0,3,2,0,0,0,0,0,0,0,2,0,0,0,0,0,0,0,0,0,3,1,0,0,2,0,0,6,0,0,0,0,1,0,0,0,0,0,0,0,0,0,0,0,3,3,0,0,0,0,0,0,0,0,0,0,0,0,0,0,0,0,0,0,0,0,0,4,2,1,0,0,0,3,0,0,0,0,0,0,0,0,0,0,0,0,0,0,0,0,0,0,0,0,0,0,0,0,0,0,0,0,0,0,0,0,0,0,0,0,0,0,0,0,0,0,0,0,0,0,0,0,0,0,4,0,0,0,0,0,0
S135,C,0,0,0,0,0,0,0,0,0,0,5,0,0,0,0,0,0,15,0,0,0,0,0,0,0,0,0,0,0,0,0,0,0,0,0,0,0,0,0,0,0,0,0,0,0,0,0,0,0,0,0,0,0,0,0,0,0,0,0,0,0,0,0,0,0,0,0,0,0,0,0,0,0,0,0,0,0,0,0,0,0,0,0,0,0,0,0,0,0,0,0,0,0,0,0,0,0,0,0,0,0,0,0,0,0,0,0,0,0,0,0,0,0,0,0,0,0,0,0,0,0,0,0,0,0,0,0,0,0,0,17,0,0,0,0,0,0,0,0,0,0,0,0,0,0,0,0,0,0,0,0,0,0,0,0,0,0,0,0,0,0,0,0,0,0,0,0,0,0,0,0,0,0,0,0,0,0,0,0,0,0,0,0,0,0,0,0,0,0,0,0,0,0,49,0,0,0,0,0,0,0,0,0,0,0,0,0,0,0,0,0,0,0,0,0,0,0,0,0,0,0,0,0,0,0,0,0,0,0,0,0,2,0,0,0,0,0,0,0,0
S136,C,0,0,0,0,0,0,0,0,0,0,0,0,0,0,3,2,0,0,0,0,0,0,0,0,0,0,0,0,0,0,0,0,0,0,0,0,0,0,0,0,0,0,0,0,0,0,0,0,0,0,0,0,0,0,0,0,0,0,0,0,0,0,0,0,0,0,0,0,0,0,0,0,0,0,0,0,0,0,0,0,0,0,0,1,0,0,0,0,0,0,0,6,2,0,0,0,0,0,0,0,0,0,0,0,0,0,1,0,0,0,0,0,0,1,0,0,0,0,2,2,3,0,0,0,0,0,0,0,0,1,0,0,0,0,7,0,0,1,0,0,0,1,0,0,0,0,0,0,0,0,0,0,0,1,0,0,0,0,0,0,0,0,0,2,0,0,0,0,0,0,0,0,0,0,0,0,0,0,4,0,0,0,5,4,0,0,0,0,0,0,0,0,0,0,0,0,0,0,0,0,0,0,0,0,0,0,0,0,0,0,0,0,0,0,0,0,0,0,0,0,0,0,0,0,0,0,0,0,0,0,0,0,0,0,0,0,0,0,0,0
S137,B,0,0,0,0,0,0,0,0,0,4,1,0,0,0,0,2,0,0,0,0,0,0,0,0,0,0,0,0,0,0,0,0,0,0,0,0,0,0,3,0,0,0,0,0,0,0,0,0,0,0,0,0,0,0,0,0,0,0,0,0,0,0,0,0,0,0,0,0,0,0,0,0,0,0,0,0,0,0,0,0,0,0,0,0,0,0,0,1,5,0,0,0,0,0,0,0,0,0,0,0,0,0,0,0,0,1,0,1,0,0,0,0,0,0,0,0,0,0,0,0,0,0,0,0,0,0,0,0,0,1,1,0,0,0,1,3,0,0,0,0,0,0,0,0,0,0,0,0,0,0,0,0,0,2,1,0,0,0,2,0,0,0,2,0,0,0,0,0,0,0,0,0,0,0,0,0,0,0,0,0,0,0,0,1,1,0,0,0,0,0,0,0,0,0,0,0,0,0,0,0,0,2,0,0,0,0,0,0,0,0,0,0,0,0,0,0,0,0,0,0,0,0,0,0,0,0,0,0,0,0,0,0,0,0,0,0,0,0,0,0
S138,B,3,0,1,0,5,0,2,0,3,0,2,2,4,1,6,1,4,1,2,0,2,1,2,0,3,1,4,0,4,0,3,0,2,0,4,0,5,2,3,0,3,0,0,0,0,0,1,0,2,0,3,0,4,0,2,0,3,0,1,1,5,0,3,0,5,1,6,2,3,0,4,0,2,0,2,0,3,0,3,0,2,2,2,0,1,0,8,3,5,0,6,0,8,0,3,0,1,0,5,0,2,0,4,0,4,3,4,0,1,0,9,6,5,0,2,0,8,0,5,2,5,0,1,0,3,0,1,0,1,0,3,2,3,0,8,0,1,0,2,3,1,1,6,0,3,0,5,0,2,0,3,0,3,0,3,0,1,1,1,0,3,2,2,4,2,0,5,0,5,0,7,1,4,0,3,0,8,0,3,0,1,1,5,0,1,1,3,0,5,0,3,0,4,0,4,0,3,0,1,0,3,0,2,0,2,0,0,0,6,0,4,2,3,0,3,0,0,0,1,1,0,0,3,0,3,0,5,0,4,2,5,0,1,0,4,0,3,0,1,0
S139,B,6390,0,7023,0,5,16,10,11,25,10,21,11,20,12,34,10,25,4,15,4,19,11,12,8,6506,0,8559,0,4,32,17,18,25,12,14,18,19,15,15,11,14,14,15,17,17,7,16,20,10207,1,6882,1,7,15,15,33,35,5,16,16,22,13,16,9,22,10,27,11,17,16,25,16,9600,0,7468,0,2,20,13,13,30,11,8,3,3,9,27,4,16,15,39,18,30,20,24,15,2914,0,4866,0,1,9,25,20,15,10,12,7,17,8,33,12,23,9,19,9,17,6,29,11,9662,0,9617,0,1,9,14,12,22,12,15,1,8,5,20,10,12,13,20,4,7,6,11,8,5026,0,7624,0,4,20,21,21,23,5,5,6,14,11,9,10,17,8,30,24,16,18,23,8,5224,0,5570,0,4,20,21,10,29,11,15,9,16,8,20,10,7,9,16,4,8,6,25,6,9168,0,4565,0,3,9,23,21,20,14,38,11,13,9,14,14,26,13,14,12,27,20,19,4,3702,0,7931,0,4,26,21,17,34,12,20,9,16,29,21,8,17,14,15,9,10,13,9,4
S140,B,10,0,0,0,15687,4,1,11,6,3,7,5,10,6,18,3,11,5,9,3,2,7,7,4,9548,0,7,0,16628,10,10,3,15,4,8,3,12,3,8,8,8,5,9,3,9,2,7,5,18661,0,3,1,21293,2,9,2,11,3,4,5,5,3,10,1,8,2,14,1,5,6,15,2,17878,0,6,0,14904,8,4,4,9,3,6,2,1,6,17,5,9,6,14,14,10,4,11,5,5165,0,6,0,9268,4,10,10,11,4,6,5,4,1,5,18,9,5,11,1,5,5,15,3,18002,0,4,0,10186,3,4,4,9,6,6,2,6,4,14,5,6,3,5,5,4,2,1,3,9229,0,4,0,6895,8,12,10,17,1,7,2,4,6,7,3,5,2,10,8,10,8,6,5,9815,0,0,0,17346,5,10,13,14,3,11,2,8,5,8,5,3,3,7,4,8,3,6,4,14952,0,1,0,8050,5,10,3,11,4,14,2,5,2,7,3,8,5,4,5,8,8,6,2,6218,0,1,0,14866,13,7,6,13,3,9,5,6,11,12,14,8,6,4,5,5,4,2,5
S141,B,4,0,2,0,4,0,3,0,3,0,4,0,2,0,4,0,4,0,2,0,5,0,5,0,2,0,2,0,3,0,4,0,2,0,5,0,1,0,2,0,4,0,5,0,4,0,2,0,2,0,0,0,1,0,1,0,2,0,3,0,1,0,4,0,6,0,3,0,3,0,1,0,3,0,2,0,3,0,1,0,3,0,2,0,1,0,0,0,0,0,3,0,2,0,3,0,2,0,3,0,1,0,5,0,2,0,5,0,3,0,0,0,1,0,5,0,2,0,3,0,1,0,4,0,1,0,2,0,2,0,5,0,4,8,10,0,4,0,4,0,1,0,1,0,5,0,3,0,2,0,2,0,4,7,4,0,2,2,5,0,11,0,14,0,10,0,11,0,4,0,6,0,5,0,6,0,3,0,5,2,12,0,8,0,2,1,6,0,2,0,3,0,6,0,5,0,2,0,3,0,2,0,8,0,1,0,4,0,5,0,4,0,0,0,5,0,2,0,7,0,6,0,5,0,3,0,5,0,1,0,2,0,4,0,2,0,2,0,3,0
S142,B,0,0,0,0,0,0,0,0,0,0,0,0,0,0,0,0,0,0,0,0,0,0,0,0,0,0,0,0,0,0,0,0,0,0,0,0,0,0,0,0,0,0,0,0,0,0,0,0,0,0,0,0,0,0,0,0,0,0,0,0,0,0,0,0,0,0,0,0,0,0,0,0,0,0,0,0,0,0,0,0,0,0,0,0,0,0,0,11,0,0,0,0,2,0,2,0,0,0,0,0,0,0,0,0,0,0,0,44,0,0,0,0,0,0,0,0,0,0,0,0,0,0,0,0,0,0,0,0,0,2,0,0,0,0,0,0,2,0,0,0,0,1,0,0,0,0,0,0,0,0,0,0,0,0,10,0,0,0,0,0,0,0,0,0,0,2,0,0,0,0,0,0,0,0,0,0,0,0,0,1,0,0,0,15,6,1,0,0,23,0,1,0,0,0,0,0,0,0,0,0,0,0,0,0,0,0,0,0,0,0,0,0,0,0,0,0,0,0,0,0,0,0,0,0,0,0,0,0,0,0,0,0,0,0,0,0,0,0,0,0
S143,A,13,638,38,428,252,557,33,592,40,370,206,496,319,548,102,617,246,493,201,424,223,447,45,657,75,418,265,363,114,777,75,340,249,583,198,522,76,991,55,530,266,705,40,894,88,513,157,643,193,440,63,640,57,346,157,691,51,688,30,549,216,581,294,500,36,793,81,595,301,624,148,911,78,678,146,398,238,479,36,650,82,380,84,169,16,590,126,758,86,617,378,914,100,1676,42,735,101,445,216,410,22,380,111,669,248,350,55,839,57,564,158,660,320,368,103,731,129,663,665,785,103,519,27,675,55,287,239,563,176,622,81,428,347,424,156,150,515,189,318,37,308,37,345,294,313,84,604,107,307,67,394,236,495,25,455,103,554,238,664,134,733,478,1164,146,668,398,612,36,679,40,672,166,453,115,604,65,880,36,403,266,467,140,577,45,258,155,512,547,567,56,559,35,417,154,344,39,239,9,717,125,442,390,1062,19,752,74,624,345,818,92,579,96,3782,230,458,273,233,40,673,42,471,79,570,300,418,63,903,42,423,296,356,62,519,188,581,72,285,171,362,24
S144,A,0,0,0,0,0,0,0,0,0,0,0,0,0,0,0,0,0,0,0,0,0,0,0,0,0,0,0,0,0,0,0,0,0,0,0,0,0,0,0,0,0,0,0,0,0,0,0,0,0,0,0,0,0,0,0,0,0,0,0,0,0,0,0,0,0,0,0,0,0,0,0,0,0,0,0,0,0,0,0,0,0,0,0,0,1,0,0,0,0,0,0,0,0,0,0,0,0,0,0,0,0,0,0,0,0,0,0,0,0,0,0,0,0,0,0,0,0,0,0,0,0,0,0,0,0,0,0,0,0,0,0,0,0,0,0,0,0,0,0,0,0,0,0,0,0,0,0,0,0,0,0,0,0,0,0,0,0,0,0,0,0,0,0,0,0,0,0,0,0,0,0,0,0,0,0,0,0,0,0,0,0,0,0,0,0,0,0,0,0,0,0,0,0,0,0,0,0,0,0,0,0,0,0,0,0,0,0,30,11,0,0,0,0,0,0,0,0,0,0,0,0,0,0,0,0,0,0,0,0,0,0,0,0,0,0,0,0,0,0,0
S145,A,0,0,0,0,0,0,0,0,0,0,0,0,0,0,0,0,2,1,0,0,0,0,0,0,0,0,0,0,0,0,0,0,0,0,0,0,0,0,0,2,0,0,0,0,0,0,0,0,0,0,0,0,0,0,0,0,0,0,0,0,0,0,0,0,0,2,0,0,0,0,0,0,0,0,0,0,0,0,0,0,0,0,0,2,0,1,0,0,1,2,0,0,2,0,0,0,0,0,0,0,0,0,0,0,0,0,0,1,0,0,8,0,0,0,0,0,0,0,0,0,0,0,0,0,0,0,0,0,0,0,0,0,0,0,0,0,6,2,0,0,1,0,0,0,0,0,0,0,0,0,0,0,0,4,0,0,1,0,4,0,0,0,0,0,0,0,0,0,1,0,0,0,0,0,0,0,1,2,5,1,8,3,0,0,0,0,1,0,0,2,0,0,0,0,0,0,0,0,0,0,0,0,0,0,0,0,0,0,2,0,1,0,0,0,0,0,0,0,0,0,0,0,0,0,0,0,0,0,0,0,0,0,0,0,0,0,0,0,0,0
S146,B,0,0,0,2,1,2,1,1,0,1,19,2,1,2,0,1,1,1,2,0,0,1,1,0,0,1,2,0,1,0,2,1,1,0,2,0,2,0,2,0,0,5,0,0,2,0,2,3,1,1,0,0,1,1,1,3,1,2,0,2,2,3,1,1,1,2,0,3,2,1,0,3,2,1,0,0,2,1,1,1,0,0,0,0,1,3,0,4,11,2,2,4,0,2,2,2,1,0,0,2,1,1,1,1,0,1,1,0,2,0,3,2,1,0,1,1,3,0,2,0,2,1,1,2,0,0,1,1,2,2,1,0,1,1,1,69,1,1,1,1,0,1,2,1,3,0,1,2,1,1,0,1,1,1,2,0,1,2,0,1,2,0,2,2,0,0,2,0,3,1,0,0,1,1,0,1,0,1,0,2,2,0,1,1,1,1,0,0,2,2,0,3,1,2,2,1,1,2,1,1,0,0,0,4,2,3,1,2,2,2,1,1,6,10,2,1,1,0,1,2,1,0,2,1,3,0,0,0,1,5,0,2,1,2,0,2,2,3,1,1
S147,B,0,0,0,0,0,0,0,0,0,0,0,0,0,0,0,0,0,0,1,0,0,0,0,0,0,0,0,0,0,0,0,0,0,0,0,0,0,0,0,0,0,0,0,0,0,0,0,0,0,0,0,0,0,0,0,0,0,0,0,0,0,0,0,0,0,0,0,0,0,0,0,0,0,0,0,0,0,0,0,0,0,0,21,0,0,2,0,0,0,0,0,0,0,0,0,0,0,0,0,0,0,0,0,0,0,46,0,0,0,0,0,0,0,0,0,0,0,0,0,0,0,0,0,0,0,0,0,0,0,0,0,0,0,0,0,0,0,0,1,0,0,0,0,0,0,0,0,0,0,0,0,0,0,0,0,0,0,0,0,0,0,0,0,0,0,0,0,0,0,0,0,0,0,0,0,0,0,0,0,0,1,0,0,1,0,2,0,0,0,0,0,0,0,0,0,0,0,0,0,0,0,0,0,0,0,0,0,0,0,0,0,0,0,0,0,0,0,0,0,0,0,0,0,0,0,0,0,0,0,0,0,0,0,0,0,0,0,0,0,0
S148,A,0,0,0,0,0,0,0,0,0,0,1,0,0,0,0,0,0,0,2,0,0,0,0,0,0,0,0,0,0,0,0,0,0,2,0,2,0,3,2,0,0,0,0,2,0,0,0,0,0,0,0,0,0,0,0,0,1,9,0,0,0,0,0,0,0,0,0,0,0,0,0,0,0,0,0,0,0,0,0,0,0,0,0,0,0,0,0,0,0,2,0,0,0,2,0,0,0,0,0,0,0,0,0,0,0,0,0,0,0,0,0,3,1,0,0,0,0,0,0,8,0,0,0,0,0,0,0,0,0,4,3,0,0,3,0,0,4,0,0,0,0,3,0,0,0,0,0,0,0,0,0,0,0,0,1,1,0,0,0,0,0,0,0,0,0,0,0,0,0,0,0,0,0,0,0,0,1,0,0,0,0,0,1,0,0,0,0,2,0,0,0,0,0,0,0,0,0,0,0,0,0,2,0,0,0,0,0,0,0,0,0,0,0,0,0,0,0,0,0,0,0,0,0,0,0,0,0,0,0,0,0,0,0,4,0,2,0,0,0,0
S149,C,0,0,0,0,0,0,0,0,1,0,3,0,2,0,11,1,3,3,0,2,3,4,0,0,0,0,0,0,0,0,0,0,1,0,0,0,0,7,2,0,0,14,3,0,5,15,1,0,0,0,0,0,0,0,0,0,0,0,0,0,0,5,2,2,11,1,5,3,4,3,2,0,0,0,0,0,0,0,0,0,0,0,0,0,1,1,3,2,0,0,9,0,6,0,0,0,0,0,0,0,0,0,0,0,0,1,0,0,0,0,0,0,0,0,0,2,0,0,3,0,0,8,0,0,0,0,0,0,4,1,3,1,0,0,0,2,4,1,0,0,2,0,0,0,0,0,0,0,0,0,0,0,0,0,0,2,0,0,2,4,0,0,0,8,12,0,0,0,0,0,0,0,0,0,0,0,0,0,6,0,0,2,3,4,0,3,1,3,3,0,0,0,0,0,0,0,0,0,0,0,0,0,0,0,0,0,0,0,17,1,2,4,9,0,0,0,0,0,0,0,0,0,0,0,0,0,0,0,0,3,3,0,3,16,2,8,9,3,0,0
S150,A,4,7,2,9,6,4,3,6,8,5,5,567,8,7,11,6,1,1,5,6,4,2,4,4,7,8,4,3,6,10,5,3,5,5,8,2,8,4,2,6,4,5,8,8,4,7,8,6,3,4,3,6,7,3,2,3,8,7,4,4,6,6,3,7,8,6,11,10,7,9,3,4,4,1,6,3,4,7,4,2,7,5,2,2,1,5,5,3,10,3,3,6,12,4,8,12,2,12,7,6,3,3,10,8,4,4,9,5,6,10,12,9,8,3,5,9,6,6,6,6,5,10,5,6,2,3,6,9,8,9,7,8,10,4,5,10,6,4,4,5,4,5,8,4,6,6,6,8,2,7,2,11,6,3,3,4,5,6,4,5,5,2,8,8,14,11,9,8,5,6,2,7,6,6,6,7,5,6,11,7,6,6,6,2,2,8,4,7,8,3,4,4,2,4,3,2,1,3,4,4,3,18,8,5,5,2,4,14,9,5,10,4,3,6,5,3,3,3,1,5,2,8,7,4,2,4,8,1,5,6,1,11,4,4,1,3,3,5,2,4
S151,C,146,553,643,610,721,663,628,612,720,617,730,610,878,762,1047,789,922,689,662,617,682,690,747,657,663,561,672,650,811,702,638,624,871,752,764,744,881,970,814,1088,752,1020,767,827,809,845,745,985,801,556,729,746,732,382,651,627,720,750,685,695,861,714,855,778,911,786,1230,763,796,779,1012,876,791,653,772,528,876,827,671,611,719,682,11250,8507,731,609,972,1501,739,905,941,1036,1196,1142,1025,981,331,564,700,462,421,382,744,585,636,381,569,674,517,426,690,573,458,407,479,400,645,554,606,666,441,477,538,477,333,288,484,447,479,413,403,381,624,585,683,695,678,526,532,421,324,539,661,584,499,353,676,624,327,712,620,559,616,618,389,534,638,522,655,495,559,868,924,866,1002,720,953,941,630,516,694,617,780,659,638,601,724,609,563,571,565,571,772,580,294,555,635,559,849,702,602,515,465,292,366,333,235,204,401,333,341,678,898,512,572,510,620,836,918,581,715,652,434,978,605,545,254,453,631,525,705,676,643,581,648,576,942,612,607,921,724,785,643,1008,602,779,583,513,557,547
S152,A,1,0,1,0,1,0,0,0,3,0,3,2,4,0,10,0,3,0,2,0,2,0,2,1,3,0,0,0,6,0,5,0,5,0,2,0,3,0,2,0,3,0,4,0,4,0,3,2,2,0,6,1,2,0,6,0,3,0,3,0,5,0,1,0,6,0,6,0,1,0,9,0,4,0,3,0,5,0,2,0,1,2,2,0,0,0,3,0,7,2,6,0,2,0,6,0,2,0,5,0,2,0,2,0,3,2,4,2,0,0,3,15,3,0,1,0,3,0,3,0,2,0,2,0,2,0,5,0,2,0,3,1,2,0,8,0,3,0,4,1,2,0,3,0,3,0,8,0,2,0,2,0,5,0,2,0,5,0,2,0,3,0,0,0,4,0,6,0,4,0,1,0,3,0,3,0,2,0,9,0,4,0,5,0,1,0,2,0,3,0,0,0,4,0,3,0,2,0,4,0,3,0,8,0,4,0,3,0,3,0,2,0,2,0,2,0,2,0,3,0,4,0,3,0,1,0,0,0,5,0,6,0,3,0,3,0,5,0,4,0
S153,B,0,0,0,0,0,0,0,0,0,0,0,0,0,0,0,0,0,0,0,0,0,0,0,0,0,0,0,0,0,0,0,0,0,0,0,0,0,0,0,0,0,0,0,0,0,0,0,0,0,0,0,0,0,0,0,0,0,0,0,0,0,0,0,0,0,0,0,0,0,0,0,0,0,0,0,0,0,0,0,0,0,0,1,0,0,2,0,0,0,0,0,0,0,0,0,0,0,0,0,0,0,0,0,0,0,0,0,0,0,0,0,0,0,0,0,0,0,0,0,0,0,0,0,0,0,0,0,0,0,0,0,0,0,0,0,0,0,0,124,0,0,0,0,0,0,0,0,0,0,0,0,0,0,0,0,0,0,0,0,0,0,6,0,0,0,0,0,0,0,0,0,0,0,0,0,0,0,0,2,0,0,0,0,0,1,3,1,1,0,0,0,1,2,0,2,1,0,0,0,0,0,0,0,0,0,0,0,0,0,0,0,0,0,0,0,0,0,0,0,0,0,0,0,0,0,0,0,0,0,0,0,0,0,0,0,0,0,0,0,0
S154,A,0,0,0,0,0,0,0,0,0,0,0,0,0,0,0,0,0,0,0,0,0,0,0,0,0,0,0,0,0,0,0,0,0,0,0,0,0,0,0,0,0,0,0,0,0,0,0,0,0,0,0,0,0,0,0,0,0,0,0,0,0,0,0,0,0,0,0,0,0,0,0,0,0,0,0,0,0,0,0,0,0,0,0,0,0,0,0,0,0,0,0,0,0,0,0,0,0,0,0,0,0,0,0,0,0,0,0,0,0,0,0,0,0,0,0,0,0,0,0,0,0,0,0,0,0,0,0,0,0,0,0,0,0,0,0,0,0,0,0,0,0,0,0,0,0,0,0,0,0,0,0,0,0,0,0,1,0,0,0,0,0,0,0,0,8,18,12,8,2,1,1,1,1,1,3,3,4,5,8,21,21,16,34,64,49,151,188,339,590,482,177,83,38,21,15,11,7,13,42,63,81,208,254,142,133,128,134,210,236,182,206,328,461,540,165,84,17,19,15,12,13,20,40,61,74,92,174,134,127,236,140,206,151,338,217,383,280,244,153,83
S155,A,0,0,0,0,0,0,0,0,0,0,0,1,0,0,0,0,0,0,0,0,0,0,0,0,0,0,0,0,0,0,0,0,0,0,0,6,0,0,0,3,0,0,0,0,0,0,0,0,0,0,0,0,0,0,0,0,0,0,0,0,0,0,0,0,0,0,0,0,0,0,0,0,0,0,0,0,0,0,0,0,0,0,0,0,0,0,0,1,1,2,0,0,0,0,0,0,0,0,0,0,0,0,0,0,4,0,0,0,0,0,0,3,1,1,0,0,0,0,0,0,0,0,0,0,0,0,0,0,0,1,0,0,0,0,0,0,0,2,0,0,0,0,0,0,0,0,0,0,0,0,0,0,0,0,0,0,0,0,0,0,2,0,0,0,0,0,0,0,0,0,0,0,0,0,0,0,4,0,0,0,1,0,7,1,0,1,1,0,0,0,0,0,0,0,0,0,0,0,0,0,0,0,0,0,0,0,0,0,0,0,0,0,0,0,0,0,0,0,0,0,0,0,0,0,0,0,0,0,0,0,0,0,0,0,0,0,0,0,0,0
S156,A,0,0,0,0,0,0,0,0,0,0,0,1,0,0,0,0,3,1,0,0,0,0,0,0,0,0,0,0,0,0,0,0,0,0,0,0,0,0,2,2,0,0,0,0,0,0,0,0,0,0,0,0,0,0,0,0,0,0,0,0,0,0,0,0,0,0,0,0,0,0,0,0,0,0,0,0,0,0,0,0,0,0,0,1,0,0,0,3,0,0,0,0,0,0,0,0,0,0,0,0,0,0,0,0,0,0,0,2,0,0,3,0,0,0,0,0,0,0,0,0,0,0,0,0,0,0,0,0,0,0,0,0,0,0,0,0,2,4,0,0,0,0,0,0,0,0,0,0,0,0,0,0,0,1,0,0,0,1,0,0,0,0,0,0,0,0,0,0,1,0,0,0,0,0,0,0,0,0,0,0,2,1,0,0,0,0,0,0,0,0,0,0,0,0,0,0,0,0,0,0,0,0,0,0,0,0,0,0,0,0,0,0,0,0,0,0,0,0,0,0,0,0,0,0,0,0,0,0,0,0,0,0,0,0,0,0,0,0,0,0
S157,A,0,0,0,0,0,0,2,0,4,0,3,2,5,0,8,0,5,0,0,0,2,0,4,0,5,0,2,0,4,0,2,0,6,0,3,0,5,0,6,0,3,0,2,0,4,0,3,0,1,0,4,1,3,0,5,0,0,0,1,0,6,0,6,0,8,1,6,0,0,0,5,0,2,0,3,0,5,0,2,0,2,1,1,0,1,0,5,0,3,0,6,0,2,0,2,0,1,0,4,0,2,0,4,0,1,3,0,1,3,0,3,11,6,0,1,0,5,0,3,0,6,0,4,0,4,0,1,0,2,0,3,3,3,0,8,1,4,0,1,1,3,0,5,0,4,0,1,0,2,0,3,0,2,0,3,0,5,0,4,0,1,0,8,0,8,0,3,0,3,0,0,0,4,0,5,0,5,0,4,0,2,0,6,0,2,0,2,0,3,0,4,0,3,0,4,0,2,0,4,0,0,0,4,0,3,0,2,0,5,0,2,0,3,0,3,0,1,0,4,0,1,0,0,0,3,0,5,0,4,0,5,0,2,0,5,0,3,0,1,0
S158,A,0,0,0,0,0,0,0,0,0,0,0,0,0,0,0,1,3,1,0,0,0,0,0,0,0,0,0,0,0,0,0,0,0,0,1,0,0,0,2,2,0,0,0,0,0,2,0,0,0,0,0,0,0,0,0,0,0,0,0,0,0,0,0,0,0,0,0,0,0,0,0,0,0,0,0,0,0,0,0,0,0,0,0,2,0,0,0,0,1,0,0,0,2,0,0,0,0,0,0,0,0,0,0,0,0,0,0,1,0,0,3,0,0,0,0,0,0,0,0,0,0,0,0,0,0,0,0,0,0,0,0,0,0,0,0,0,4,2,0,0,0,0,0,0,0,0,0,0,0,0,0,0,0,0,0,0,0,0,0,0,0,0,0,0,0,0,0,0,2,0,0,0,0,0,0,0,0,1,0,2,5,0,0,0,0,0,1,0,0,0,0,0,0,0,0,0,0,0,0,0,0,0,0,0,0,0,0,0,2,0,0,0,0,0,0,0,0,0,0,0,0,0,0,0,0,0,0,0,0,0,0,0,0,0,0,0,0,0,0,0
S159,A,0,0,0,0,0,0,0,0,0,0,0,0,0,0,0,0,0,0,0,0,0,0,0,0,0,0,0,0,0,0,0,0,0,0,0,0,0,0,21,59,4,6,0,0,0,0,0,0,0,0,0,0,0,0,0,0,0,0,0,0,0,0,0,0,0,1,0,0,0,0,0,0,0,0,0,0,0,0,0,0,0,0,1,2,1,4,2,0,0,2,0,2,2,0,0,0,0,0,0,0,0,0,0,0,0,0,1,2,0,2,39,20,0,1,0,0,0,2,0,0,0,0,0,0,0,0,0,0,0,0,0,2,2,0,6,2,8,1,0,0,1,0,0,0,0,0,0,0,0,0,0,0,0,2,0,5,4,0,4,1,2,0,0,0,4,0,0,0,2,0,0,0,0,0,0,1,4,5,5,3,9,6,0,0,1,0,3,0,2,3,0,0,0,0,0,0,0,0,0,0,0,0,0,0,0,0,0,0,2,0,0,0,0,0,0,0,0,0,0,0,0,0,0,0,0,0,0,0,0,0,0,0,0,0,0,0,0,0,0,0
S160,C,0,0,0,0,0,0,0,0,0,0,1,0,0,0,0,0,0,0,0,0,0,0,0,0,0,0,0,0,0,0,0,0,0,1,0,2,0,2,0,0,0,0,0,2,0,0,0,0,0,0,0,0,0,0,0,0,0,6,0,0,0,0,0,0,0,0,0,0,0,0,0,0,0,0,0,0,0,0,0,0,0,2,0,0,0,0,0,0,0,0,0,0,0,0,0,0,0,0,0,0,0,0,0,0,0,0,0,0,0,0,0,2,0,0,0,0,0,0,0,6,0,0,0,0,0,0,0,0,0,5,1,0,0,2,0,0,4,0,0,0,0,1,0,0,0,0,0,0,0,0,0,0,0,3,3,0,0,0,0,0,0,0,0,0,0,0,0,0,0,0,0,0,0,0,0,0,1,0,2,0,0,0,2,0,0,0,0,0,0,0,0,0,0,0,0,0,0,0,0,0,0,0,0,0,0,0,0,0,0,0,0,0,0,0,0,0,0,0,0,0,0,0,0,0,0,0,0,0,0,0,0,0,0,0,0,2,0,0,0,0
S161,C,0,0,0,0,0,0,0,0,0,0,0,0,0,0,0,0,0,2,0,0,0,0,0,0,0,0,0,0,0,0,0,0,0,1,0,2,0,2,0,0,0,0,0,0,0,0,0,0,0,0,0,0,0,0,0,0,0,7,0,0,0,0,0,0,0,0,0,0,0,0,0,0,0,0,0,0,0,0,0,0,0,0,0,0,0,0,0,0,0,0,0,0,0,0,0,0,0,0,0,0,0,0,0,0,0,0,0,0,0,0,0,3,1,0,0,0,0,0,0,2,0,0,0,0,0,0,0,0,0,3,1,0,0,1,0,0,3,0,0,0,0,2,0,0,0,0,0,0,0,0,0,0,0,1,3,2,0,0,0,0,0,0,0,0,0,0,0,0,0,0,0,0,0,0,0,0,0,0,1,0,0,0,7,0,0,0,0,0,0,0,0,0,0,0,0,0,0,0,0,0,0,0,0,0,0,0,0,0,0,0,0,0,0,0,0,0,0,0,0,0,0,0,0,0,0,0,0,0,0,0,0,0,0,8,0,2,0,0,0,0
S162,C,0,0,0,0,0,0,0,0,0,0,0,0,0,0,0,0,3,1,0,0,0,0,0,0,0,0,0,0,0,0,0,0,0,0,0,0,0,0,3,0,0,0,0,0,0,0,0,0,0,0,0,0,0,0,0,0,0,0,0,0,0,0,0,0,0,0,0,0,0,0,0,0,0,0,0,0,0,0,0,0,0,0,0,1,0,0,0,0,1,0,0,0,0,0,0,0,0,0,0,0,0,0,0,0,0,0,0,0,0,0,3,0,0,0,0,0,2,0,0,0,0,0,0,0,0,0,0,0,0,0,0,0,0,0,0,0,5,4,0,0,0,0,0,0,0,0,0,0,0,0,0,0,0,0,0,0,0,1,0,0,0,0,0,0,0,0,0,0,0,0,0,0,0,0,0,0,0,1,0,2,0,1,0,0,0,0,1,0,0,0,0,0,0,0,0,0,0,0,0,0,0,0,0,0,0,0,0,0,0,0,0,0,0,0,0,0,0,0,0,0,0,0,0,0,0,0,0,0,0,0,0,0,0,0,0,0,0,0,0,0
S163,A,0,0,0,0,0,0,0,0,0,0,0,0,0,0,0,1,0,0,0,0,0,0,0,0,1,0,0,0,0,0,0,0,0,1,0,0,0,0,0,0,0,0,0,0,0,0,0,0,1,0,0,0,0,0,0,0,0,0,0,0,0,0,0,0,0,0,0,0,0,0,0,0,0,0,0,0,0,0,0,0,0,0,0,1,1,1,2,1,4,0,0,82,34,44,32,51,9,17,0,0,0,0,0,0,0,1,3,6,0,0,5,2,0,0,1,1,0,0,0,0,0,0,0,0,0,0,0,0,0,0,9,2,1,0,1,9,0,6,0,2,1,0,0,0,1,0,0,0,0,0,0,0,0,2,3,0,1,1,2,0,1,0,0,0,0,0,0,0,0,0,0,0,0,0,0,0,0,0,0,2,0,1,1,1,0,2,0,0,0,0,0,0,0,0,0,0,0,0,0,0,0,0,0,0,0,0,0,0,0,0,0,0,0,2,0,0,1,0,0,0,0,0,0,0,0,0,0,0,0,0,0,0,0,0,0,0,0,0,0,0
S164,C,0,0,0,0,0,0,0,0,0,0,0,0,0,0,0,1,8,1,0,0,0,0,0,0,0,0,0,0,0,0,0,0,0,0,0,0,2,0,1,0,0,0,0,0,0,0,0,0,0,0,0,0,0,0,0,0,0,0,0,0,0,0,0,0,0,0,0,0,0,0,0,0,0,0,0,0,0,0,0,0,0,0,0,2,0,2,0,0,0,0,0,0,0,0,0,0,0,0,0,0,0,0,0,0,0,0,0,2,0,0,8,0,0,0,0,0,0,0,0,0,0,0,0,0,0,0,0,0,0,0,0,0,0,0,0,0,9,3,0,0,0,0,0,0,0,0,0,0,0,0,0,0,0,4,0,0,3,0,2,0,1,0,0,0,2,0,0,0,0,0,0,0,0,0,0,0,0,2,8,0,5,2,0,0,0,0,0,0,0,2,0,0,0,0,0,0,0,0,0,0,0,0,0,0,0,0,0,0,8,0,0,0,0,0,0,0,0,0,0,0,0,0,0,0,0,0,0,0,0,0,0,0,0,0,0,0,0,0,0,0
S165,A,1,0,0,0,0,0,0,1,0,0,0,3,0,0,0,0,0,1,1,0,0,0,0,1,0,0,0,0,1,1,0,0,0,0,1,1,1,2,1,3,0,0,0,0,0,0,0,3,0,0,0,0,0,0,0,2,2,1,1,1,0,0,0,0,0,0,0,0,0,1,0,0,0,0,0,0,0,1,0,0,1,0,0,1,0,0,2,1,1,2,0,0,0,2,2,0,0,0,0,0,0,1,0,0,0,0,0,1,0,0,0,0,0,1,0,1,0,0,0,2,0,0,0,0,0,0,0,0,0,1,0,0,1,0,1,0,1,0,0,1,0,0,0,0,0,0,0,0,0,1,0,0,0,0,0,0,0,0,0,0,0,0,0,0,0,0,0,0,1,0,0,0,1,1,0,1,1,0,0,1,0,1,5,2,1,1,2,0,0,0,0,0,0,0,0,0,0,0,0,0,0,0,2,0,1,0,0,0,0,1,0,0,2,0,0,0,1,0,0,0,0,0,0,1,0,0,0,0,1,0,0,0,0,0,0,0,0,1,1,1
S166,B,0,0,0,0,0,0,0,0,0,0,0,0,0,0,0,1,3,2,0,0,0,0,0,0,0,0,0,0,0,0,0,0,0,0,1,0,0,0,1,2,0,0,0,0,0,0,0,0,0,0,0,0,0,0,0,0,0,0,0,0,0,0,0,0,0,0,0,0,0,0,0,0,0,0,0,0,0,0,0,0,0,0,0,1,0,0,0,0,0,0,0,0,0,0,0,0,0,0,0,0,0,0,0,0,0,0,0,0,0,0,3,0,0,0,0,0,2,0,0,0,0,0,0,0,0,0,0,0,0,0,0,0,0,0,0,0,7,3,0,0,0,0,0,0,0,0,0,0,0,0,0,0,0,0,0,0,0,0,0,0,0,0,0,0,0,0,0,0,0,0,0,0,0,0,0,0,0,0,1,1,3,0,0,0,0,0,2,0,0,0,0,0,0,0,0,0,0,0,0,0,0,0,0,0,0,0,0,0,2,0,0,0,0,0,0,0,0,0,0,0,0,0,0,0,0,0,0,0,0,0,0,0,0,0,0,0,0,0,0,0
S167,A,0,0,0,0,0,0,0,0,2,6,3,0,0,0,3,1,0,0,0,0,0,0,0,0,0,0,0,0,0,0,0,0,0,0,0,0,0,0,0,0,0,0,0,0,0,0,0,0,0,0,0,0,0,0,0,0,0,0,0,0,0,0,0,0,0,0,0,0,0,0,0,0,0,0,0,0,0,0,0,0,0,1,0,0,0,0,0,0,0,0,0,0,0,28,35,35,1,0,15,11,1,1,0,0,0,0,0,0,0,0,0,0,0,0,0,0,0,0,0,0,0,0,4,3,0,0,0,0,0,3,0,1,0,0,0,0,0,0,0,0,0,0,0,0,0,0,0,0,0,0,0,0,0,0,1,1,0,0,0,0,0,0,0,0,0,2,5,2,0,0,0,1,0,0,0,1,0,1,4,3,0,0,0,0,0,0,0,0,0,0,0,0,0,0,0,0,0,0,0,0,0,0,0,0,0,0,0,0,0,0,0,0,0,0,0,0,0,0,0,0,0,0,0,0,0,0,0,0,0,0,0,0,0,0,0,0,0,0,0,0
S168,B,0,0,0,0,0,0,0,0,0,0,0,0,0,0,0,1,3,1,0,0,0,0,0,0,0,0,0,0,0,0,0,0,0,0,0,0,0,0,4,0,0,0,0,0,0,0,0,0,0,0,0,0,0,0,0,0,0,0,0,0,0,0,0,0,0,0,0,0,0,0,0,0,0,0,0,0,0,0,0,0,0,0,0,1,0,0,0,0,1,0,0,0,0,0,0,0,0,0,0,0,0,0,0,0,0,0,0,1,0,0,3,0,0,0,0,0,2,0,0,0,0,0,0,0,0,0,0,0,0,0,0,0,0,0,0,0,5,2,0,0,0,0,0,0,0,0,0,0,0,0,0,0,0,0,0,0,0,0,0,0,0,0,0,0,0,0,0,0,1,0,0,0,0,0,0,0,0,1,0,2,2,1,0,0,0,0,1,0,0,0,0,0,0,0,0,0,0,0,0,0,0,0,0,0,0,0,0,0,0,0,0,0,0,0,0,0,0,0,0,0,0,0,0,0,0,0,0,0,0,0,0,0,0,0,0,0,0,0,0,0
S169,B,4,0,2,0,0,0,0,0,4,0,3,4,2,0,10,0,4,0,2,0,4,0,3,0,2,0,3,0,3,0,2,0,3,0,3,0,3,0,5,0,0,0,3,0,4,0,1,0,0,0,2,0,5,0,3,0,4,0,1,0,3,0,3,0,7,2,5,0,2,0,3,0,2,0,3,0,1,0,2,0,3,2,2,0,1,0,6,1,5,0,6,0,2,0,6,0,2,0,5,0,1,0,3,0,2,3,2,2,2,0,5,5,2,0,1,0,3,0,5,0,5,0,2,0,2,0,0,0,2,0,2,0,1,0,6,0,1,0,4,0,2,0,3,0,2,0,3,0,1,0,2,0,3,0,3,0,0,0,3,0,1,0,4,2,10,0,2,0,1,0,3,0,7,0,1,0,5,0,7,0,3,0,3,0,0,0,2,0,0,0,0,0,4,0,3,0,3,0,1,0,4,0,8,0,2,0,3,0,12,0,4,0,2,0,6,0,2,0,3,0,5,0,5,0,4,0,6,0,1,0,6,0,4,0,1,0,0,0,1,0
S170,A,0,0,0,0,0,0,0,0,0,6,2,0,0,0,2,1,0,0,0,0,0,0,0,0,0,0,0,0,0,0,0,0,0,0,0,0,0,0,0,0,0,0,0,0,0,0,0,0,0,0,0,0,0,0,0,0,0,0,0,0,0,0,0,0,0,0,0,0,0,0,0,0,0,0,0,0,0,0,0,0,0,2,0,0,0,0,0,0,0,2,0,0,0,34,35,32,1,0,10,14,0,1,0,0,0,0,0,0,0,0,0,0,0,0,0,0,0,0,0,0,1,0,5,3,0,0,0,2,0,3,0,0,0,0,0,0,0,0,0,0,0,0,0,0,0,0,0,0,0,0,0,0,0,0,0,0,0,0,0,0,0,0,0,0,0,3,6,3,0,0,0,1,0,0,0,0,0,0,3,3,0,0,0,0,0,0,0,0,0,0,0,0,0,0,0,0,0,0,0,0,0,0,0,0,0,0,0,0,0,0,0,0,0,0,0,0,0,0,0,0,0,0,0,0,0,0,0,0,0,0,0,0,0,0,0,0,0,0,0,0
S171,C,0,0,0,0,0,0,0,0,0,0,0,2,0,0,0,1,3,0,0,0,0,0,0,0,0,0,0,0,0,0,0,0,0,0,0,0,3,0,4,0,0,0,0,0,0,0,0,0,0,0,0,0,0,0,0,0,0,0,0,0,0,0,0,0,0,2,0,0,0,0,0,0,0,0,0,0,0,0,0,0,0,0,0,1,0,2,0,0,3,0,0,2,0,0,0,0,0,0,0,0,0,0,0,0,0,0,0,0,0,0,3,2,0,0,0,0,0,0,0,0,0,0,0,0,0,0,0,0,0,0,0,0,0,0,0,0,5,3,0,0,0,0,0,0,0,0,0,0,0,0,0,0,0,4,1,0,1,1,2,0,1,0,0,0,0,0,0,0,0,0,0,0,0,0,0,0,1,2,6,1,10,5,0,0,0,0,0,0,0,3,0,0,0,0,0,0,0,0,0,0,0,0,0,0,0,0,0,0,2,0,1,0,0,0,0,0,0,0,0,0,0,0,0,0,0,0,0,0,0,0,0,0,0,0,0,0,0,0,0,0
S172,B,1,0,1,0,3,0,2,0,6,0,4,2,4,0,6,0,6,1,2,0,3,0,2,0,3,0,3,0,3,0,1,0,2,0,5,0,4,0,1,0,4,0,3,0,2,2,3,0,2,0,4,0,6,0,2,0,2,0,2,0,0,0,0,0,3,1,3,0,3,0,4,0,4,0,3,0,4,0,2,0,2,1,2,0,1,0,3,1,6,0,9,0,8,0,3,0,2,0,2,0,2,0,2,0,3,4,1,2,3,0,5,8,3,0,1,0,3,0,8,0,3,0,2,0,1,0,4,0,2,0,0,1,1,0,6,1,4,0,2,0,1,0,1,0,1,0,5,0,2,0,1,0,3,0,5,1,3,0,4,0,1,0,4,2,4,0,6,0,2,0,4,0,4,0,3,0,4,0,6,0,2,0,1,0,3,0,2,0,5,2,0,0,2,0,1,0,2,0,2,0,0,0,2,0,1,0,3,0,6,0,1,0,3,0,1,0,2,0,4,0,2,0,1,0,2,0,6,0,4,0,4,0,4,0,0,0,2,0,2,0
S173,C,0,0,0,0,0,0,0,0,5,6,2,3,0,0,0,0,0,0,0,0,0,0,0,0,0,0,0,0,0,0,0,0,0,0,0,0,0,0,0,0,0,0,0,0,0,0,0,0,0,0,0,0,0,0,0,0,0,0,0,0,0,0,0,281,0,0,0,0,0,0,0,0,0,0,0,0,0,0,0,0,0,0,0,1,0,0,2,0,1,6,0,0,0,0,9,6,0,0,0,0,0,0,0,0,0,0,12,4,0,0,18,42,0,0,0,2,0,0,0,0,0,0,0,0,0,0,0,0,0,0,0,0,0,0,0,0,0,0,0,0,0,0,0,0,0,0,0,0,0,0,0,0,0,0,0,0,0,0,0,0,0,0,0,0,0,0,0,0,0,0,0,0,0,0,0,0,0,0,0,0,0,0,0,0,0,0,0,0,0,0,0,0,0,0,0,0,0,0,0,0,0,0,0,0,0,0,0,0,0,0,0,0,0,0,0,0,0,0,0,0,0,0,0,0,0,0,0,0,0,0,0,0,0,0,0,0,0,0,0,0
S174,B,1,0,2,0,0,0,1,0,2,0,2,4,6,0,11,0,4,0,3,0,1,0,1,0,2,0,1,0,2,0,3,0,2,0,2,0,3,0,4,0,1,0,5,0,0,0,3,0,2,1,4,1,5,0,6,0,3,0,2,0,2,0,5,0,2,2,6,0,3,0,7,0,1,0,4,0,3,0,1,0,0,0,3,0,1,0,3,1,5,3,2,0,8,0,3,0,1,0,4,0,1,0,2,0,1,1,3,2,1,0,3,6,6,0,2,0,2,0,5,0,2,0,3,0,3,0,1,0,3,0,1,2,1,0,6,0,0,0,3,0,2,0,4,0,2,0,4,0,2,0,2,0,3,0,3,0,1,0,0,0,1,0,10,0,2,0,3,0,4,0,1,0,1,0,1,0,2,0,2,0,3,0,3,0,2,0,2,0,5,0,3,0,2,0,2,0,3,0,4,0,3,0,2,0,1,0,2,0,5,0,3,0,11,0,5,0,2,0,2,0,6,0,4,0,1,0,5,0,3,0,1,0,3,0,4,0,2,0,2,0
S175,B,0,0,0,0,3,0,1,0,2,0,2,2,7,0,6,0,7,0,2,0,3,1,2,1,3,0,1,0,4,0,5,0,3,0,3,0,6,0,4,0,2,2,5,0,4,0,1,0,2,0,3,1,5,0,2,0,1,0,2,0,2,0,2,0,5,1,6,0,3,0,3,1,2,0,2,0,3,0,1,0,5,0,2,0,1,1,6,0,9,2,5,2,4,0,2,0,1,0,4,0,2,0,2,1,3,3,1,4,1,1,3,11,4,0,2,0,6,0,3,2,2,0,2,0,3,0,1,0,4,0,2,0,1,0,2,0,1,0,0,1,1,0,0,0,1,1,7,0,1,0,3,0,4,0,2,0,5,1,0,0,2,0,8,0,4,0,5,0,1,0,2,1,3,1,0,0,2,1,2,0,4,0,3,0,1,0,2,0,3,0,3,0,2,0,2,0,2,0,3,0,2,0,6,0,3,1,0,0,9,1,5,1,2,0,2,0,1,0,4,0,2,0,3,0,2,0,3,0,3,0,9,0,2,0,7,0,3,0,0,1
S176,B,0,0,0,0,0,1,1,1,0,0,0,0,0,0,2,1,0,1,0,0,0,0,0,0,0,0,1,0,1,0,0,1,0,0,0,0,0,0,0,0,0,0,2,2,0,0,0,0,0,1,0,0,0,0,0,1,0,0,1,0,1,1,0,0,0,1,0,0,0,0,1,0,1,1,1,0,0,0,1,0,0,0,0,0,0,0,0,0,1,2,0,0,0,0,0,0,0,0,1,1,1,0,1,0,0,0,1,0,0,0,2,0,0,0,1,0,0,0,0,0,0,0,0,0,0,1,1,0,0,0,0,0,0,0,1,0,0,0,0,0,0,0,0,0,0,0,0,0,1,0,0,0,0,0,1,0,0,0,0,1,0,2,0,0,0,0,0,2,0,0,0,1,0,0,1,0,1,0,0,0,0,0,0,0,0,0,0,1,0,0,1,1,0,0,0,0,0,0,0,0,1,0,0,0,0,1,0,0,0,0,0,0,0,2,0,0,0,1,0,0,0,0,0,0,0,1,0,0,0,0,0,0,0,0,0,0,1,0,0,0
S177,C,0,0,0,0,0,0,0,0,0,0,0,1,0,0,0,0,0,0,0,0,0,0,0,0,0,0,0,0,0,0,0,0,0,0,0,0,2,0,1,2,0,0,0,0,0,0,0,0,0,0,0,0,0,0,0,0,0,0,0,0,0,0,0,0,0,2,0,0,0,0,0,0,0,0,0,0,0,0,0,0,0,0,0,1,0,0,0,0,2,0,0,0,0,0,0,0,0,0,0,0,0,0,0,0,0,0,0,0,0,0,5,0,0,0,0,0,0,0,0,0,0,0,0,0,0,0,0,0,0,0,0,0,1,0,0,0,4,2,0,0,0,0,0,0,0,0,0,0,0,0,0,0,0,1,0,0,0,1,0,0,0,0,0,0,0,0,0,0,1,0,0,0,0,0,0,0,0,4,5,1,9,2,0,0,0,0,0,0,0,2,0,0,0,0,0,0,0,0,0,0,0,0,0,0,0,0,0,0,3,0,0,0,0,0,0,0,0,0,0,0,0,0,0,0,0,0,0,0,0,0,0,0,0,0,0,0,0,0,0,0
S178,A,0,0,0,0,0,0,0,0,0,0,3,0,0,0,3,2,5,8,0,0,0,0,0,0,0,0,0,0,0,0,0,0,0,1,0,0,0,0,0,0,0,0,0,0,0,0,0,0,0,0,0,0,0,0,0,0,0,0,0,0,0,0,0,0,0,0,0,0,0,0,0,0,0,0,0,0,0,0,0,0,0,0,2,0,0,0,11,0,1,3,0,0,0,0,0,0,0,0,0,0,0,0,0,0,0,0,0,2,0,0,0,3,2,3,0,2,0,0,0,0,0,0,0,0,0,0,0,0,0,2,2,0,0,3,0,2,5,8,0,0,0,0,0,0,0,0,0,0,0,0,0,0,0,2,1,0,0,0,3,4,3,10,0,0,0,0,0,0,0,0,0,0,0,0,0,0,0,0,3,1,0,0,7,5,2,1,0,0,0,0,0,0,0,0,0,0,0,0,0,0,0,0,0,0,0,1,2,6,0,3,0,9,21,8,8,2,0,0,0,0,0,0,0,0,4,5,0,1,0,0,0,0,0,0,0,0,0,0,0,0
S179,B,0,0,0,0,0,0,0,0,0,0,0,2,0,0,0,1,3,0,0,0,0,0,0,0,0,0,0,0,0,0,0,0,0,0,0,0,0,0,2,0,0,0,0,0,0,0,0,0,0,0,0,0,0,0,0,0,0,0,0,0,0,0,0,0,0,0,0,0,0,0,0,0,0,0,0,0,0,0,0,0,0,0,0,1,0,0,0,0,0,0,0,0,0,0,0,0,0,0,0,0,0,0,0,0,0,0,0,2,0,0,3,0,0,0,0,0,0,0,0,0,0,0,0,0,0,0,0,0,0,0,0,0,0,0,0,0,7,3,0,0,0,0,0,0,0,0,0,0,0,0,0,0,0,1,0,0,0,0,0,0,0,0,0,0,0,0,0,0,0,0,0,0,0,0,0,0,0,0,1,0,3,0,0,0,0,0,1,0,0,0,0,0,0,0,0,0,0,0,0,0,0,0,0,0,0,0,0,0,2,0,0,0,0,0,0,0,0,0,0,0,0,0,0,0,0,0,0,0,0,0,0,0,0,0,0,0,0,0,0,0
S180,B,1,0,0,0,0,0,0,0,0,0,1,1,0,0,0,1,0,0,0,1,1,0,0,0,0,0,0,0,0,0,0,0,0,0,0,0,0,2,0,0,0,0,0,2,2,2,0,0,0,0,0,1,0,0,0,0,0,0,0,0,0,0,0,0,1,0,0,1,0,0,0,1,1,0,0,0,0,0,0,1,0,0,1,0,1,1,0,0,0,2,0,0,0,0,0,0,0,0,0,0,0,0,1,1,0,0,1,0,0,1,2,0,0,0,0,1,0,0,0,0,0,0,0,0,1,1,0,1,1,0,0,0,0,0,0,0,1,0,0,1,0,1,0,0,0,1,0,0,0,0,0,0,0,0,0,0,1,0,0,0,0,0,2,2,0,0,0,2,0,0,0,0,0,0,1,0,0,0,0,0,0,0,1,1,0,0,0,0,0,0,0,1,0,0,0,0,0,1,0,0,1,0,0,0,0,0,0,0,0,0,0,0,0,0,0,1,0,1,1,1,0,0,1,0,0,0,2,0,0,0,0,0,0,2,0,2,0,0,0,0
S181,A,0,0,0,0,0,0,0,0,3,1,4,1,0,0,0,0,0,0,0,0,0,0,0,0,0,0,0,0,0,0,0,0,0,0,0,0,0,0,0,0,0,0,0,0,0,0,0,0,0,0,0,0,0,0,0,0,0,0,0,0,0,0,0,0,0,0,0,0,0,0,0,0,0,0,0,0,0,0,0,0,0,2,0,0,0,0,0,2,0,0,0,0,0,0,3,2,0,0,0,0,0,0,0,0,0,1,1,3,0,0,0,9,0,2,0,4,0,0,0,0,0,0,0,0,0,0,0,0,0,0,0,0,0,0,2,0,0,0,1,0,0,0,0,0,0,0,0,0,0,0,0,0,0,0,0,0,0,0,0,0,0,0,0,0,0,0,0,0,0,0,0,0,0,0,0,0,0,0,0,0,0,0,0,0,0,0,0,0,0,0,0,0,0,0,0,0,0,0,0,0,0,0,0,0,0,0,0,0,0,0,0,0,0,0,0,0,0,0,0,0,0,0,0,0,0,0,0,0,0,0,0,0,0,0,0,0,0,0,0,0
S182,C,0,0,0,0,0,0,0,0,1,7,0,0,0,0,3,2,0,0,0,0,0,0,0,0,0,0,0,0,0,0,0,0,0,0,0,0,0,0,0,0,0,0,0,0,0,0,0,0,0,0,0,0,0,0,0,0,0,0,0,0,0,0,0,0,0,0,0,0,0,0,0,0,0,0,0,0,0,0,0,0,0,3,0,0,0,2,2,0,3,0,0,0,0,42,29,45,1,0,12,13,0,0,0,0,0,0,0,0,0,0,0,0,0,2,0,0,0,0,0,0,0,0,6,2,0,0,0,0,0,1,0,0,0,0,0,0,0,0,0,0,0,0,0,0,0,0,0,0,0,0,0,0,0,0,0,2,0,0,0,0,0,0,0,0,0,3,6,2,0,0,0,1,0,0,0,0,0,1,3,4,0,0,2,0,0,0,0,0,0,0,0,0,0,0,0,0,0,0,0,0,0,0,0,0,0,0,0,0,0,0,0,0,0,0,0,0,0,0,0,0,0,0,0,0,0,0,0,0,0,0,0,0,0,0,0,0,0,0,0,0
S183,C,0,0,0,0,0,0,0,0,0,0,0,1,0,0,0,1,1,2,0,0,0,0,0,0,0,0,0,0,0,0,0,0,0,0,0,0,0,0,1,2,0,0,0,0,0,0,0,0,0,0,0,0,0,0,0,0,0,0,0,0,0,0,0,0,0,0,0,0,0,0,0,0,0,0,0,0,0,0,0,0,0,0,0,0,0,0,0,0,0,0,0,0,0,0,0,0,0,0,0,0,0,0,0,0,0,0,0,0,0,0,11,0,0,0,0,0,0,0,0,0,0,0,0,0,0,0,0,0,0,0,0,0,0,0,0,0,3,2,0,0,0,0,0,0,0,0,0,0,0,0,0,0,0,2,0,0,0,0,1,0,0,0,0,0,0,0,0,0,1,0,0,0,0,0,0,0,0,0,0,1,2,0,0,0,0,0,0,0,0,0,0,0,0,0,0,0,0,0,0,0,0,0,0,0,0,0,0,0,3,0,0,0,0,0,0,0,0,0,0,0,0,0,0,0,0,0,0,0,0,0,0,0,0,0,0,0,0,0,0,0
S184,A,0,0,0,0,0,0,0,0,0,0,0,1,0,0,0,0,3,1,0,0,0,0,0,0,0,0,0,0,0,0,0,0,0,0,0,0,0,0,4,0,0,0,0,0,0,0,0,0,0,0,0,0,0,0,0,0,0,0,0,0,0,0,0,0,0,1,0,0,0,0,0,0,0,0,0,0,0,0,0,0,0,0,0,1,0,2,0,0,1,2,0,0,0,0,0,0,0,0,0,0,0,0,0,0,0,0,0,0,0,0,5,2,0,0,0,0,2,2,0,0,0,0,0,0,0,0,0,0,0,0,0,0,1,0,0,0,1,0,0,0,0,0,0,0,0,0,0,0,0,0,0,0,0,1,0,0,0,0,3,0,18,12,0,0,0,0,0,0,0,0,0,0,0,0,0,0,1,0,8,0,6,1,0,0,0,0,1,0,0,2,0,0,0,0,0,0,0,0,0,0,0,0,0,0,0,0,0,0,5,0,0,0,0,0,0,0,0,0,0,0,0,0,0,0,0,0,0,0,0,0,0,0,0,0,0,0,0,0,0,0
S185,A,0,0,0,0,0,0,0,0,0,0,0,2,0,0,0,0,4,2,0,0,0,0,0,0,0,0,0,0,0,0,0,0,0,0,0,0,3,0,3,0,0,0,0,0,0,0,0,0,0,0,0,0,0,0,0,0,0,0,0,0,0,0,0,0,0,0,0,0,0,0,0,0,0,0,0,0,0,0,0,0,0,0,0,1,0,0,2,0,2,0,0,4,0,0,0,0,0,0,0,0,0,0,0,0,0,0,0,2,0,0,2,2,0,0,0,0,0,0,0,0,0,0,0,0,0,0,0,0,0,0,0,0,1,0,0,0,3,2,0,0,0,0,0,0,0,0,0,0,0,0,0,0,0,1,1,1,2,0,1,0,0,0,0,0,0,0,0,0,0,0,0,0,0,0,0,0,0,4,10,0,4,4,0,0,0,0,0,0,0,0,0,0,0,0,0,0,0,0,0,0,0,0,0,0,0,0,0,0,6,0,1,0,0,0,0,0,0,0,0,0,0,0,0,0,0,0,0,0,0,0,0,0,0,0,0,0,0,0,0,0
S186,C,2,0,1,0,0,0,2,0,3,0,4,2,3,0,6,0,3,0,6,0,2,0,0,0,2,0,0,0,2,2,1,0,0,0,2,0,3,0,3,0,1,0,5,0,5,0,2,0,4,0,4,0,5,0,3,0,1,0,1,0,5,0,5,0,7,1,8,0,4,0,9,0,4,0,4,0,1,0,4,0,2,1,2,0,1,0,6,1,4,2,2,0,8,0,2,0,1,0,4,0,2,0,4,0,1,2,1,1,1,0,3,15,8,0,0,0,3,0,9,0,2,0,0,0,3,0,3,0,2,0,0,1,4,0,5,0,6,0,7,0,2,0,0,0,3,0,3,0,2,0,4,0,2,0,2,0,1,0,4,0,4,0,8,0,2,0,5,0,1,0,3,0,3,0,3,0,2,0,5,0,4,0,3,0,1,0,1,0,5,0,3,0,2,0,3,0,2,0,2,0,3,0,8,0,3,0,5,0,2,0,1,0,8,0,2,0,1,0,1,0,6,0,1,0,6,0,3,0,2,0,7,0,4,0,4,0,3,0,1,0
S187,A,0,0,0,0,0,0,0,0,0,0,0,0,0,0,0,1,2,0,0,0,0,0,0,0,0,0,0,0,0,0,0,0,0,0,0,0,3,0,3,0,0,0,0,0,0,0,0,0,0,0,0,0,0,0,0,0,0,0,0,0,0,0,0,0,0,1,0,0,0,0,0,0,0,0,0,0,0,0,0,0,0,0,0,2,0,1,0,0,1,0,0,0,0,0,0,0,0,0,0,0,0,0,0,0,0,0,0,1,0,0,8,0,0,0,0,0,0,2,0,0,0,0,0,0,0,0,0,0,0,0,0,0,0,0,0,0,5,2,0,0,0,0,0,0,0,0,0,0,0,0,0,0,0,4,1,0,3,0,3,0,0,0,0,0,0,0,0,0,1,0,0,0,0,0,0,0,0,4,8,1,10,4,0,0,0,0,1,0,0,2,0,0,0,0,0,0,0,0,0,0,0,0,0,0,0,0,0,0,5,0,0,0,0,0,0,0,0,0,0,0,0,0,0,0,0,0,0,0,0,0,0,0,0,0,0,0,0,0,0,0
S188,B,0,0,0,0,0,0,0,0,0,0,0,0,0,0,0,0,0,1,2,0,0,0,0,0,0,0,0,0,0,0,0,0,0,1,0,4,0,8,0,0,0,0,0,0,0,0,0,0,0,0,0,0,0,0,0,0,1,7,0,0,0,0,0,0,0,0,2,0,0,0,0,0,0,0,0,0,0,0,0,0,0,0,0,0,0,0,0,0,0,0,0,0,0,2,0,0,0,0,0,0,0,0,0,0,0,0,0,0,0,0,0,5,0,0,0,0,0,0,0,2,0,0,0,0,0,0,0,0,0,2,0,0,0,0,0,0,2,0,0,0,0,2,0,0,0,0,0,0,0,0,0,0,0,2,4,1,0,0,0,0,0,0,0,0,0,0,0,0,0,0,0,0,0,0,0,0,2,1,1,0,0,0,3,0,0,0,0,1,0,2,0,0,0,0,0,0,0,0,0,0,0,0,0,0,0,0,0,0,0,0,0,0,0,0,0,0,0,0,0,0,0,0,0,0,0,0,0,0,0,0,0,0,0,0,0,0,0,0,0,0
S189,A,71,54,52,62,64,64,82,81,74,53,59,72,83,106,89,72,85,54,62,61,69,79,81,53,79,43,74,65,69,77,55,52,63,82,56,64,79,107,62,104,69,68,74,74,70,81,73,112,74,39,61,79,72,38,50,66,64,72,83,74,85,77,78,84,82,73,98,73,88,93,82,77,49,64,73,53,87,84,68,49,58,60,41,28,7,53,89,49,53,101,71,78,86,104,87,98,28,48,65,29,33,35,56,68,71,42,116,88,68,65,123,83,62,54,63,58,87,87,68,93,52,52,62,51,36,34,49,53,77,60,70,42,54,55,0,0,29,3,0,0,0,1,0,0,0,0,0,0,0,0,0,0,0,1,2,0,11,15,0,0,0,0,0,0,0,0,0,0,0,0,0,0,0,0,0,0,2,6,11,3,9,6,0,0,0,0,1,0,0,5,0,0,0,0,0,0,0,0,0,0,0,0,0,0,0,0,0,0,9,0,0,0,0,0,0,0,0,0,0,0,0,0,0,0,0,0,0,0,0,0,0,2,0,0,0,0,0,0,0,0
S190,B,0,0,0,0,0,0,0,0,0,0,0,9,0,0,0,0,0,0,0,0,0,0,0,0,0,0,0,0,0,0,0,0,0,0,0,0,0,0,0,0,0,0,0,0,0,0,0,0,0,0,0,0,0,0,0,0,0,0,0,0,0,0,0,0,0,0,0,0,0,0,0,0,0,0,0,0,0,0,0,0,0,27,0,0,0,12,0,0,0,0,0,0,0,0,0,0,0,0,0,0,0,0,0,0,0,0,0,0,0,0,0,0,0,0,0,0,0,0,0,0,0,0,0,0,0,0,0,0,0,0,0,0,0,0,0,0,0,0,0,0,0,0,0,0,0,0,0,0,0,0,0,0,0,0,0,0,0,0,0,0,0,0,0,0,0,0,0,0,0,0,0,0,0,0,0,0,0,0,0,0,0,0,0,0,0,0,0,0,0,0,0,0,0,0,0,0,0,0,0,0,0,0,0,0,0,0,0,0,0,0,0,0,0,0,0,0,0,0,0,0,0,0,0,0,0,0,0,0,0,0,0,0,0,0,0,0,0,0,0,0
S191,B,4,0,0,0,1,0,1,0,0,0,4,3,7,0,6,0,4,0,2,0,3,0,3,2,1,0,2,0,2,0,2,0,4,0,1,0,3,0,3,0,2,0,2,0,3,0,3,0,1,0,4,0,3,0,4,0,6,0,0,0,3,0,1,0,1,0,8,0,5,0,3,0,3,0,4,0,1,0,1,0,3,3,1,0,1,0,5,1,6,0,5,0,8,0,0,0,1,0,1,0,1,0,5,0,2,3,2,1,5,0,2,9,5,0,2,0,6,0,9,0,2,0,3,0,3,0,0,0,2,0,0,0,0,0,6,0,3,0,1,0,2,0,2,0,2,0,3,0,2,0,3,0,3,0,2,1,1,0,1,0,2,0,10,0,0,0,3,0,6,0,2,0,2,0,2,0,2,0,6,0,3,0,7,0,0,0,2,0,5,0,5,0,3,0,1,0,3,0,4,0,1,0,4,0,3,0,2,0,3,0,3,0,6,0,3,0,2,0,3,0,3,0,4,0,2,0,3,0,2,0,2,0,4,0,4,0,5,0,2,0
S192,C,0,0,0,0,0,0,0,0,0,0,0,0,1,0,0,1,3,0,0,0,0,0,0,0,0,0,0,0,0,0,0,0,0,0,0,0,0,0,1,2,0,0,0,0,0,0,0,0,0,0,0,0,0,0,0,0,0,0,0,0,0,0,0,0,0,0,0,0,0,0,0,0,0,0,0,0,0,0,0,0,0,0,0,1,0,0,0,0,0,0,0,0,0,0,0,0,0,0,0,0,0,0,0,0,0,0,0,1,0,0,3,0,0,0,0,0,0,0,0,0,0,0,0,0,0,0,0,0,0,0,0,0,0,0,0,0,2,4,0,0,0,0,0,0,0,0,0,0,0,0,0,0,0,2,0,0,0,0,0,0,0,0,0,0,0,0,0,0,0,0,0,0,0,0,0,0,0,1,1,0,5,2,0,0,0,0,1,0,0,0,0,0,0,0,0,0,0,0,0,0,0,0,0,0,0,0,0,0,0,0,0,0,0,0,0,0,0,0,0,0,0,0,0,0,0,0,0,0,0,0,0,0,0,0,0,0,0,0,0,0
S193,B,0,0,0,0,0,0,0,0,0,0,0,0,0,0,0,0,0,0,0,0,0,0,0,0,0,0,0,0,0,0,0,0,0,0,0,0,0,0,0,0,0,0,0,0,0,0,0,0,0,0,0,0,0,0,0,0,0,0,0,0,0,0,0,0,0,0,0,0,0,0,0,0,0,0,0,0,0,0,0,0,0,0,0,0,0,0,0,0,0,0,0,0,0,0,0,0,0,0,0,0,0,0,0,0,0,0,0,0,0,0,0,0,0,0,0,0,0,0,0,0,0,0,0,0,0,0,0,0,0,0,0,4,1,2,2,4,15,3,0,0,0,0,0,0,0,0,0,0,0,0,0,0,0,7,0,7,3,3,3,2,1,0,0,0,2,0,0,0,1,0,0,0,0,0,0,0,8,4,7,0,4,5,0,0,0,0,1,0,6,9,0,0,0,0,0,0,0,0,0,0,0,0,0,0,0,0,0,0,5,0,0,0,0,0,0,0,0,0,0,0,0,0,0,0,0,0,0,0,0,0,0,0,0,0,0,0,0,0,0,0
S194,C,242,349,304,369,435,427,404,431,427,402,313,365,445,480,526,431,446,468,380,379,415,423,434,413,332,393,423,424,498,526,381,415,437,418,424,469,475,621,460,656,419,707,492,539,470,500,468,688,446,427,473,474,514,278,413,446,463,477,399,484,556,531,522,510,531,501,693,528,501,507,591,595,450,446,467,458,506,557,401,406,418,393,199,131,44,412,570,359,433,630,525,666,684,764,623,680,194,391,451,294,251,258,463,486,478,288,346,387,415,422,636,500,356,348,397,396,549,578,564,605,401,426,489,474,273,262,458,432,446,427,374,394,419,422,442,450,390,384,310,287,193,394,406,446,278,282,444,491,203,519,424,453,474,454,255,367,343,386,422,402,374,640,644,622,588,527,590,669,397,375,446,435,521,482,405,442,484,453,388,361,353,421,479,396,180,398,411,367,528,593,398,380,394,360,397,418,219,248,371,394,412,918,766,407,402,409,447,597,623,460,414,477,215,810,390,451,140,325,416,418,487,536,460,384,427,424,606,441,405,749,426,609,389,894,431,585,384,394,420,438
S195,A,0,0,0,0,0,0,0,0,0,0,0,3,1,0,0,1,3,0,0,0,0,0,0,0,0,0,0,0,0,0,0,0,0,0,0,0,0,0,3,2,0,0,0,0,0,0,0,0,0,0,0,0,0,0,0,0,0,0,0,0,0,0,0,0,0,0,0,0,0,0,0,0,0,0,0,0,0,0,0,0,0,0,0,2,0,0,0,0,0,0,0,0,0,0,0,0,0,0,0,0,0,0,0,0,0,0,1,2,0,0,5,0,0,0,0,0,2,0,0,0,0,0,0,0,0,0,0,0,0,0,0,0,0,0,0,0,6,1,0,0,0,0,0,0,0,0,0,0,0,0,0,0,0,0,0,0,0,0,0,0,0,0,0,0,0,0,0,0,0,0,0,0,0,0,0,0,0,2,0,1,3,0,0,0,0,0,1,0,0,0,0,0,0,0,0,0,0,0,0,0,0,0,0,0,0,0,0,0,0,0,0,0,0,0,0,0,0,0,0,0,0,0,0,0,0,0,0,0,0,0,0,0,0,0,0,0,0,0,0,0
S196,A,0,0,0,0,0,0,0,0,0,0,0,0,0,0,0,0,0,0,1,0,0,0,0,0,0,0,0,0,0,0,0,0,0,0,0,1,0,2,1,0,0,0,0,0,0,0,0,0,0,0,0,0,0,0,0,0,0,3,0,0,0,0,0,0,0,0,0,0,0,0,0,0,0,0,0,0,0,0,0,0,0,0,0,0,0,0,0,0,0,2,0,0,0,0,0,0,0,0,0,0,0,0,0,0,0,0,0,0,0,0,0,2,1,0,0,0,0,0,0,8,0,0,0,0,0,0,0,0,0,2,1,0,0,2,0,0,3,0,0,0,0,1,0,0,0,0,0,0,0,0,0,0,0,1,5,0,0,0,0,0,0,0,0,0,0,0,0,0,0,0,0,0,0,0,0,0,2,0,1,0,0,0,4,0,0,0,0,0,0,0,0,0,0,0,0,0,0,0,0,0,0,4,0,0,0,0,0,0,0,0,0,0,0,0,0,0,0,0,0,0,0,0,0,0,0,0,0,0,0,0,0,0,0,0,0,0,0,0,0,0
S197,B,2,0,0,0,2,0,1,0,0,0,3,2,3,0,14,0,5,0,2,0,5,0,3,0,4,0,1,0,4,0,3,0,2,0,3,0,3,0,5,0,0,0,3,0,3,0,2,0,2,0,4,0,3,0,3,0,1,0,3,0,1,0,0,0,3,1,9,0,3,0,6,0,2,0,5,0,1,0,3,0,2,1,2,0,1,0,3,2,9,0,8,0,4,0,5,0,0,0,3,0,3,0,3,0,4,3,3,3,2,0,2,17,6,0,2,0,2,0,0,0,3,0,3,0,2,0,2,0,1,0,1,0,2,0,5,0,3,0,1,1,2,0,1,0,3,0,3,0,2,0,1,0,3,0,1,0,0,0,3,0,1,0,6,0,4,0,3,0,2,0,0,0,5,0,2,0,5,0,2,0,2,0,2,0,1,0,2,0,5,0,2,0,3,0,1,0,2,0,3,0,1,0,6,0,0,0,4,0,3,0,3,0,5,0,2,0,2,0,6,0,5,0,3,0,2,0,9,0,3,0,5,0,2,0,1,0,2,0,4,0
S198,A,0,0,0,0,0,0,0,0,0,0,0,2,0,0,0,2,4,0,0,0,0,0,0,0,0,0,0,0,0,0,0,0,0,0,0,0,2,0,3,0,0,0,0,0,0,0,0,0,0,0,0,0,0,0,0,0,0,0,0,0,0,0,0,0,0,0,0,0,0,0,0,0,0,0,0,0,0,0,0,0,0,0,0,1,0,1,0,0,1,0,0,0,0,0,0,0,0,0,0,0,0,0,0,0,0,0,0,1,0,0,6,0,0,0,0,0,0,0,0,0,0,0,0,0,0,0,0,0,0,0,0,0,0,0,0,0,4,2,0,0,0,0,0,0,0,0,0,0,0,0,0,0,0,1,0,0,3,0,5,0,0,0,0,0,0,0,0,0,1,0,0,0,0,0,0,0,0,1,6,0,6,1,0,0,0,0,1,0,0,0,0,0,0,0,0,0,0,0,0,0,0,0,0,0,0,0,0,0,3,0,0,0,0,0,0,0,0,0,0,0,0,0,0,0,0,0,0,0,0,0,0,0,0,0,0,0,0,0,0,0
S199,B,0,0,0,0,0,0,0,0,0,7,3,0,0,0,0,3,0,0,0,0,0,0,0,0,0,0,0,0,0,0,0,0,0,0,0,0,0,0,0,0,0,0,0,0,0,0,0,0,0,0,0,0,0,0,0,0,0,0,0,0,0,0,0,0,0,0,0,0,0,0,0,0,0,0,0,0,0,0,0,0,0,1,0,0,0,1,0,0,1,2,0,0,0,24,23,36,2,0,8,14,1,0,0,0,0,0,0,0,0,0,0,0,0,0,0,0,0,0,0,2,0,0,3,4,0,0,0,1,0,2,0,1,0,0,0,0,0,0,0,0,0,0,0,0,0,0,1,0,0,0,0,0,0,0,0,0,0,0,0,0,0,0,0,0,0,2,9,3,0,0,0,2,0,0,0,1,0,1,1,1,0,0,1,0,0,0,0,0,0,0,0,0,0,0,0,0,0,0,0,0,0,0,0,0,0,0,0,0,0,0,0,0,0,0,0,0,0,0,0,0,0,0,0,0,0,0,0,0,0,0,0,0,0,0,0,0,0,0,0,0
S200,B,0,0,0,0,0,0,0,0,0,0,0,1,0,0,0,2,4,0,1,0,0,0,0,0,0,0,0,0,0,0,0,0,0,0,0,0,2,0,3,2,0,0,0,0,0,0,0,0,0,0,0,0,0,0,0,0,0,0,0,0,0,0,0,0,0,2,0,0,0,0,0,0,0,0,0,0,0,0,0,0,0,0,0,2,0,0,0,0,4,0,0,2,0,0,0,0,0,0,0,0,0,0,0,0,0,0,0,0,0,0,3,0,0,0,0,0,0,0,0,0,0,0,0,0,0,0,0,0,0,0,0,0,0,0,0,0,1,3,0,0,0,0,0,0,0,0,0,0,0,0,0,0,0,2,1,1,1,1,1,0,2,0,0,0,0,0,0,0,0,0,0,0,0,0,0,0,1,2,8,1,7,2,0,0,0,0,1,0,0,2,0,0,0,0,0,0,0,0,0,0,0,0,0,0,0,0,0,0,5,0,0,0,0,0,0,0,0,0,0,0,0,0,0,0,0,0,0,0,0,0,0,0,0,0,0,0,0,0,0,0
S201,A,155,0,0,0,0,0,0,0,0,0,0,0,0,0,345,1619,1535,1372,1149,1932,1993,1569,9307,0,0,0,0,0,0,0,0,0,0,0,0,0,0,0,0,0,0,0,0,0,0,0,0,0,0,0,0,0,0,0,0,0,0,0,0,0,0,0,0,0,0,0,0,0,0,0,0,0,0,0,0,0,0,0,0,0,0,0,0,0,3098,2552,0,0,0,0,0,0,0,0,0,0,0,0,0,0,0,0,0,0,0,0,0,0,0,0,0,0,0,0,0,0,0,0,0,0,0,0,0,0,0,0,0,0,0,0,0,0,0,0,0,0,0,0,0,0,0,0,0,0,0,0,0,0,0,0,0,0,0,0,1964,0,0,0,0,0,0,0,948,870,0,0,0,0,0,0,0,0,0,0,0,0,0,0,0,509,1031,982,985,1033,480,1058,962,2249,3212,1427,7529,3438,0,0,0,0,0,0,0,0,0,0,0,0,0,0,0,0,0,0,0,0,0,0,0,0,0,0,0,0,0,0,0,0,0,0,0,0,0,0,0,0,0,0,0,0,0,0,0,0
S202,B,3,0,1,0,3,0,0,0,2,0,2,1,6,0,10,0,4,0,3,0,3,0,4,1,1,0,3,0,2,0,4,0,2,0,0,0,4,0,4,0,4,0,5,0,4,0,4,0,1,0,5,0,10,0,3,0,3,0,0,0,3,0,5,0,5,2,6,0,3,0,7,0,3,0,3,0,3,0,2,0,6,2,3,0,1,0,5,1,8,0,2,0,6,0,5,0,0,0,3,0,2,0,5,0,2,3,3,2,5,0,5,6,3,0,3,0,5,0,2,0,5,0,2,0,4,0,4,0,4,0,3,2,3,0,5,0,1,0,4,1,1,0,1,0,3,0,4,0,2,0,4,0,1,0,3,1,4,0,2,0,3,0,6,0,2,0,6,0,4,0,2,0,1,0,2,0,4,0,5,0,3,0,2,0,2,0,4,0,3,0,1,0,4,0,4,0,3,0,4,0,3,0,6,0,2,0,2,0,2,0,2,0,8,0,3,0,1,0,2,0,2,0,1,0,5,0,5,0,4,0,6,0,2,0,2,0,1,0,3,0
S203,A,0,0,1,0,0,1,1,0,0,0,0,1,0,0,0,0,0,0,2,0,0,0,0,0,0,0,0,0,0,0,0,0,0,0,0,4,0,0,0,0,0,2,0,0,0,0,0,0,0,0,1,0,1,0,0,0,0,0,0,0,0,0,0,0,0,0,0,0,0,0,0,0,0,0,1,1,0,0,0,0,0,0,0,0,0,0,2,0,0,0,0,0,0,0,0,2,0,0,0,0,0,0,0,0,0,0,0,0,0,0,0,0,0,1,0,0,0,0,0,0,0,0,0,3,1,0,0,1,0,0,0,0,0,0,0,0,4,0,0,0,0,0,0,0,0,0,0,0,0,0,0,0,0,0,0,0,0,0,0,0,0,0,0,0,6,0,0,0,0,0,0,0,0,0,0,0,0,1,0,0,0,0,0,0,0,0,0,0,0,0,0,0,0,0,0,2,0,0,0,0,0,4,0,0,0,0,0,0,0,0,0,0,0,0,0,0,0,0,0,0,0,0,0,0,0,0,0,0,0,0,0,0,0,2,0,0,0,0,0,0
S204,A,0,0,0,0,0,0,0,0,0,0,0,0,0,0,0,0,0,0,0,0,0,0,0,0,0,0,0,0,0,0,0,0,0,0,0,0,0,0,0,0,0,0,0,0,0,0,0,0,0,0,0,0,0,0,0,0,0,0,0,0,0,0,0,0,0,0,0,0,0,0,0,0,0,0,0,0,0,0,0,0,0,0,0,0,0,0,0,0,0,0,0,0,0,0,0,0,0,0,0,0,0,0,0,0,0,0,0,0,0,0,0,36,2,0,0,0,0,0,0,0,0,0,0,0,0,0,0,0,0,0,0,0,0,0,0,0,0,0,0,0,0,0,0,0,0,0,0,0,0,0,0,0,0,0,0,0,0,0,0,31,0,0,0,12,0,0,0,0,0,0,0,0,0,0,0,0,0,0,0,0,18,0,0,0,0,0,0,0,0,0,0,0,0,0,0,0,0,0,0,0,0,0,0,0,0,0,0,0,0,0,0,0,0,0,0,0,0,0,0,0,0,0,0,0,0,0,0,0,0,0,0,0,0,0,0,0,0,0,0,0
S205,A,0,0,0,0,0,0,0,0,0,0,0,2,0,0,0,0,6,1,0,0,0,0,0,0,0,0,0,0,0,0,0,0,0,0,0,0,1,0,2,0,0,0,0,0,0,0,0,0,0,0,0,0,0,0,0,0,0,0,0,0,0,0,0,0,0,1,0,0,0,0,0,0,0,0,0,0,0,0,0,0,0,0,0,2,0,2,0,0,1,2,0,2,0,0,0,0,0,0,0,0,0,0,0,0,0,0,0,2,0,0,3,2,0,0,0,0,0,0,0,0,0,0,0,0,0,0,0,0,0,0,0,0,0,0,0,0,2,1,0,0,0,0,0,0,0,0,0,0,0,0,0,0,0,1,0,0,0,1,1,0,0,0,0,0,0,0,0,0,2,0,0,0,0,0,0,0,1,1,6,1,6,3,0,0,0,0,3,0,0,5,0,0,0,0,0,0,0,0,0,0,0,0,0,0,0,0,0,0,2,0,1,0,0,0,0,0,0,0,0,0,0,0,0,0,0,0,0,0,0,0,0,0,0,0,0,0,0,0,0,0
S206,C,0,0,0,0,0,0,0,0,0,0,0,1,0,0,0,0,5,2,0,0,0,0,0,0,0,0,0,0,0,0,0,0,0,0,0,0,0,0,2,0,0,0,0,0,0,0,0,0,0,0,0,0,0,0,0,0,0,0,0,0,0,0,0,0,0,0,0,0,0,0,0,0,0,0,0,0,0,0,0,0,0,0,0,1,0,0,0,0,1,0,0,0,0,0,0,0,0,0,0,0,0,0,0,0,0,0,0,2,0,0,3,0,0,0,0,0,0,0,0,0,0,0,0,0,0,0,0,0,0,0,0,0,0,0,0,0,5,2,0,0,0,0,0,0,0,0,0,0,0,0,0,0,0,0,0,0,0,0,1,0,0,0,0,0,0,0,0,0,0,0,0,0,0,0,0,0,0,1,0,0,4,2,0,0,0,0,0,0,0,0,0,0,0,0,0,0,0,0,0,0,0,0,0,0,0,0,0,0,0,0,0,0,0,0,0,0,0,0,0,0,0,0,0,0,0,0,0,0,0,0,0,0,0,0,0,0,0,0,0,0
S207,C,0,0,0,0,0,0,0,0,0,0,1,1,1,1,0,1,7,0,0,1,1,0,0,0,0,0,0,0,0,0,0,0,0,0,0,0,2,0,6,0,0,3,0,0,0,0,0,0,0,0,0,0,0,0,0,0,0,0,0,0,0,0,0,0,0,1,0,0,0,0,0,0,0,0,0,0,0,0,0,0,0,0,0,6,0,0,0,1,1,0,0,4,2,0,0,0,0,0,0,0,0,0,0,0,0,3,4,2,0,2,8,5,0,13,0,0,2,0,0,0,0,0,0,0,0,0,0,0,0,0,2,9,1,1,0,11,3,2,0,0,0,0,0,0,0,0,0,0,0,0,0,0,0,1,0,0,2,0,3,0,2,0,0,0,0,0,0,0,0,0,0,0,0,0,0,0,0,3,3,0,5,2,17,0,0,0,1,7,0,0,0,0,0,0,0,0,0,0,0,0,0,0,0,0,0,0,0,0,5,0,0,0,0,0,0,0,0,0,0,0,0,0,0,0,0,0,0,0,0,0,0,0,0,0,0,0,0,0,0,0
S208,A,0,0,0,0,0,0,0,0,0,0,0,0,18,16,4,20,17,5,22,12,0,30,36,70,71,64,67,77,77,88,73,73,92,78,74,88,84,129,75,132,78,125,83,89,74,97,77,118,71,54,72,72,75,41,58,51,66,63,46,52,34,32,36,35,34,33,53,31,43,32,36,30,20,14,15,16,18,17,13,12,13,12,8,5,2,13,8,0,0,18,395,844,918,1074,842,888,251,538,555,413,66,0,0,0,0,0,0,0,0,0,0,0,0,0,106,0,0,0,0,0,0,0,0,0,0,0,0,0,0,0,0,6,1,0,0,0,0,0,0,2,0,0,0,0,0,0,0,0,0,0,0,0,0,0,0,0,0,0,0,0,0,0,0,0,0,0,0,0,0,0,0,0,0,0,0,0,0,0,0,0,0,0,0,0,0,0,0,0,0,0,0,0,0,0,0,0,0,0,0,0,0,0,0,0,0,0,0,0,0,0,0,0,0,0,0,0,0,0,0,0,0,0,0,0,0,0,0,0,0,0,0,0,0,0,0,0,0,0,0,0
S209,A,0,0,0,0,0,0,0,0,0,1,0,6,0,1,0,0,1,0,0,0,0,0,0,0,0,0,0,0,0,0,0,0,0,0,1,9,0,0,0,3,0,0,0,0,0,0,0,2,0,0,0,0,0,0,0,0,0,0,0,0,0,0,0,0,0,0,0,0,0,0,0,0,0,0,0,0,0,0,0,0,0,0,3,0,0,1,2,2,24,0,0,8,0,0,0,0,0,0,0,0,0,0,0,0,2,0,0,0,0,0,0,2,1,2,0,0,0,0,0,0,0,0,0,0,0,0,0,0,5,2,0,0,0,1,1,0,0,1,1,1,0,1,0,0,0,0,0,0,0,0,0,0,0,5,1,0,0,7,3,0,0,0,0,0,0,0,0,0,0,0,0,0,0,0,0,0,0,3,0,1,0,12,44,6,0,1,0,2,0,0,0,0,0,0,0,0,0,0,0,0,0,0,0,0,0,0,0,0,0,0,0,0,0,0,0,0,0,0,0,0,0,0,0,0,0,0,0,0,0,0,0,0,0,0,0,0,0,0,0,0
S210,C,6,0,0,0,3,0,0,0,0,1,0,0,38,164,0,0,413,6,8,0,409,10,0,51,3,20,1,1,3,0,0,62,120,0,0,32,975,0,0,9,30,41,166,611,36,17,281,0,324,1,0,1,0,0,0,188,68,16,0,0,6,230,1034,66,11,482,0,1,15,845,42,0,3,0,0,0,1,0,0,0,0,0,0,1,2,1,0,109,0,11,0,794,6,0,188,0,0,0,0,0,0,0,6,0,196,26,0,0,0,0,12,2,81,0,28,20,66,0,0,0,115,0,0,3,0,0,0,0,0,0,905,0,0,0,0,0,0,52,0,63,0,1,11,0,0,0,7,1,0,0,1,0,5,0,0,0,0,136,0,0,0,46,0,0,562,503,0,128,0,49,5,0,0,8,0,0,3,23,0,0,28,0,0,0,10,0,1,82,329,186,0,1,5,0,0,0,1,0,0,0,0,0,672,105,0,191,621,188,1001,0,305,5,23,0,292,219,0,0,0,0,0,0,1,0,0,1,83,81,20,0,450,204,44,2,645,1007,73,192,154,0
S211,A,0,0,0,0,0,0,0,0,0,1,0,0,1,0,2,0,1,1,0,1,0,0,1,0,0,0,0,0,0,0,0,2,0,0,0,0,0,0,0,0,1,2,2,0,0,0,0,0,0,0,0,0,0,1,0,0,0,0,1,0,0,0,1,0,1,0,0,0,0,0,0,0,0,0,0,0,1,2,0,0,1,0,0,1,0,0,0,0,1,0,0,0,0,0,0,0,0,0,0,0,1,1,0,1,0,0,0,0,0,1,0,0,0,0,0,0,2,0,2,2,1,0,0,0,0,0,0,1,0,0,0,0,1,1,0,0,0,0,0,0,0,0,0,0,0,0,0,0,0,1,1,1,0,0,0,1,0,0,0,0,0,2,0,0,2,2,0,2,0,0,0,0,0,0,0,2,0,0,0,0,0,0,0,0,0,0,0,0,0,0,0,0,0,0,0,0,1,0,0,0,1,0,2,1,0,0,0,0,2,0,0,0,2,0,0,0,0,0,0,0,1,1,0,1,0,1,0,0,0,2,1,0,1,2,0,0,0,0,0,0
S212,C,0,0,0,0,0,0,0,0,1,4,3,0,0,0,0,0,0,0,0,0,0,0,0,0,0,0,0,0,0,0,0,0,0,0,0,0,0,0,0,0,0,0,0,0,0,0,0,0,0,0,0,0,0,0,0,0,0,0,0,0,0,0,0,0,0,0,0,0,0,0,0,0,0,0,0,0,0,0,0,0,0,0,0,0,0,0,0,0,1,2,0,0,0,0,6,6,0,0,0,0,0,0,0,0,0,0,0,5,0,0,0,8,0,0,0,3,0,0,0,0,0,0,0,0,0,0,0,0,0,0,0,0,0,0,0,0,0,0,0,0,0,0,0,0,0,0,0,0,0,0,0,0,0,0,0,0,0,0,0,0,0,0,0,0,0,0,0,0,0,0,0,0,0,0,0,0,0,0,0,0,0,0,0,0,0,0,0,0,0,0,0,0,0,0,0,0,0,0,0,0,0,0,0,0,0,0,0,0,0,0,0,0,0,0,0,0,0,0,0,0,0,0,0,0,0,0,0,0,0,0,0,0,0,0,0,0,0,0,0,0
S213,C,1,0,0,2,1,3,1,1,0,1,0,2,0,1,3,0,0,0,2,1,0,1,2,2,1,1,0,3,2,1,1,0,0,0,2,1,1,0,0,2,2,3,3,2,2,2,4,0,2,2,2,1,2,2,0,0,1,2,3,0,2,0,1,2,0,1,0,1,0,2,1,2,1,1,1,1,0,1,4,0,3,2,1,0,1,0,3,0,2,5,3,2,0,0,2,0,0,1,0,1,0,1,0,0,0,0,1,1,1,2,0,0,1,2,2,1,2,2,0,3,1,1,1,3,1,1,3,0,0,1,0,1,0,3,1,2,0,0,1,0,1,0,2,1,3,0,2,2,1,3,0,2,0,1,1,1,2,2,1,1,1,2,0,0,4,3,0,2,1,2,1,1,0,0,2,1,2,1,1,0,1,0,1,1,1,1,0,1,2,0,1,1,2,2,0,1,0,0,2,2,2,2,4,0,0,0,2,2,2,2,0,2,2,4,1,0,0,1,2,1,1,0,1,1,0,2,2,1,1,3,1,5,1,0,0,0,1,1,0,0
S214,B,0,0,0,0,0,0,0,0,1,0,0,0,0,0,2,0,0,0,1,1,0,0,1,0,1,1,1,0,1,1,0,0,1,0,0,1,1,0,0,0,1,0,0,0,0,0,1,0,0,0,0,1,0,1,0,1,0,0,0,0,0,0,0,0,0,0,2,0,0,0,0,0,0,0,0,1,0,0,0,1,0,1,0,0,1,0,0,0,0,0,0,2,0,0,0,0,0,0,0,0,0,0,0,1,0,0,0,0,0,0,2,0,1,0,0,0,0,2,0,0,0,0,0,0,0,0,1,0,0,0,0,1,0,0,0,0,0,0,0,0,1,0,0,1,0,0,0,0,0,1,1,1,0,0,0,0,0,1,0,0,0,2,0,0,0,2,0,0,0,1,0,1,0,0,1,0,1,0,0,0,1,0,0,1,0,0,1,0,2,0,0,0,1,0,0,0,0,0,0,0,1,0,2,0,0,0,0,0,0,0,0,0,0,0,1,0,1,0,0,0,0,0,0,0,0,0,0,0,1,0,0,0,0,0,0,0,0,0,0,0
S215,B,0,0,0,0,0,0,0,0,0,0,0,0,0,0,0,3,0,0,2,0,0,0,0,0,0,0,0,0,0,0,0,0,0,0,0,0,0,0,0,0,0,0,0,0,0,0,0,0,0,0,0,0,0,0,0,0,0,0,0,0,0,0,0,0,0,0,0,0,0,0,0,0,0,0,0,0,0,0,0,0,0,0,0,0,0,0,0,2,0,0,0,0,6,0,0,2,0,0,0,0,0,0,0,0,0,0,8,1,0,0,0,0,0,0,0,7,0,0,0,0,0,0,0,0,0,0,0,0,0,0,0,0,0,0,3,0,13,0,0,0,0,0,0,0,0,0,0,0,0,0,0,0,0,0,0,0,0,0,0,0,0,0,0,0,0,2,0,0,0,0,0,0,0,0,0,0,0,0,0,0,0,0,0,0,1,3,0,0,3,0,0,0,0,0,0,0,0,0,0,0,0,0,0,0,0,0,0,0,0,0,0,0,0,0,0,0,0,0,0,0,0,0,0,0,0,0,0,0,0,0,0,0,0,0,0,0,0,0,0,0
S216,B,2,0,2,0,4,0,1,0,2,0,4,2,7,0,8,0,2,0,2,0,2,0,4,1,1,0,4,0,2,0,3,0,5,0,2,0,5,0,6,0,3,0,4,0,3,0,4,0,2,1,5,1,6,0,4,0,3,0,2,0,4,0,6,0,3,1,8,0,1,0,6,0,1,0,5,0,4,0,0,0,3,1,3,0,1,0,6,1,5,3,8,0,6,0,0,0,1,0,4,0,2,0,3,0,2,2,2,1,2,0,0,8,7,0,2,0,3,0,3,0,3,0,3,0,1,0,2,0,1,0,2,0,3,0,10,0,5,0,3,1,4,0,2,0,3,0,6,0,2,0,6,0,4,0,4,0,2,0,1,1,1,0,4,0,4,0,5,0,6,0,4,0,2,0,5,0,4,0,7,0,1,0,3,0,3,0,1,0,8,0,2,0,2,0,5,0,3,0,3,0,6,0,10,0,4,0,2,0,3,0,0,0,8,0,6,0,1,0,2,0,3,0,3,0,3,0,5,0,3,0,4,0,5,0,3,0,5,0,3,0
S217,A,0,5,1,0,0,0,0,0,0,0,0,0,0,0,0,0,0,0,0,0,0,0,0,0,0,8,5,0,0,0,0,0,0,0,0,0,0,0,0,0,0,0,0,0,0,0,0,0,0,11,2,0,0,0,0,0,0,0,0,0,0,0,0,0,0,0,0,0,0,0,0,0,0,17,7,0,0,0,0,0,0,0,0,0,0,0,0,0,0,0,0,0,0,0,0,0,0,11,2,0,0,0,0,0,0,0,0,0,0,0,0,0,0,0,0,0,0,0,0,0,0,11,4,0,0,0,0,0,0,0,0,0,0,0,0,0,0,0,0,0,0,0,0,0,0,9,6,0,0,0,0,0,0,0,0,0,0,0,0,0,0,0,0,0,0,0,0,0,0,4,5,0,0,0,0,0,0,0,0,0,0,0,0,0,0,0,0,0,0,0,0,0,0,10,5,0,0,0,0,0,0,0,0,0,0,0,0,0,0,0,0,0,0,0,0,0,0,6,7,0,0,0,0,0,0,0,0,0,0,0,0,0,0,0,0,0,0,0,0,0
S218,C,96,29,65,18,89,44,46,31,92,28,63,26,130,42,168,38,106,45,96,30,91,38,97,31,86,38,73,31,156,41,110,27,130,39,72,33,125,50,98,53,104,51,98,48,86,38,107,42,77,26,130,35,140,24,125,23,90,34,69,38,104,37,107,38,120,48,141,47,89,47,155,50,107,30,95,20,82,49,68,30,102,22,44,11,12,36,123,33,110,48,123,42,212,56,98,47,47,30,75,24,60,17,118,33,97,30,50,38,64,32,122,36,101,20,75,33,113,36,113,47,118,37,145,39,90,24,82,42,98,30,64,28,86,27,86,36,72,33,68,15,50,28,89,32,94,19,128,37,48,48,105,43,96,29,56,20,85,32,98,35,86,46,182,50,152,38,114,53,103,27,94,39,134,40,77,31,111,35,74,26,73,44,101,27,39,24,73,28,134,53,83,19,88,28,112,44,65,19,134,28,85,66,188,32,70,38,78,39,105,35,91,29,81,42,93,31,37,40,108,33,152,36,83,28,117,31,162,32,113,71,116,42,79,72,96,48,86,33,79,37
S219,A,0,0,0,0,0,0,0,0,0,0,0,0,0,0,0,0,0,0,0,0,1,0,2,0,0,0,0,0,0,0,0,0,0,0,0,3,1,2,0,0,0,2,0,0,2,0,0,0,0,0,0,0,0,0,0,0,0,1,0,0,0,0,0,0,2,0,0,0,0,3,1,0,0,0,0,0,0,0,0,0,0,0,0,0,1,0,0,0,0,0,0,0,2,0,0,0,0,0,0,0,0,0,0,0,0,0,0,2,0,0,2,0,0,0,0,0,0,0,0,0,0,0,0,0,0,0,0,0,0,0,0,0,0,0,0,0,0,0,0,0,0,0,1,2,0,0,0,0,0,0,0,0,0,0,0,0,0,0,0,3,0,0,0,2,0,0,0,0,0,0,0,0,0,0,0,0,0,0,0,1,0,0,0,0,0,0,0,0,0,0,1,0,0,0,0,0,0,0,0,0,0,0,0,0,0,0,0,0,0,0,1,0,0,0,0,0,0,0,0,0,0,0,0,0,0,0,2,0,0,0,0,0,0,0,1,2,0,0,0,0
S220,C,0,0,0,0,0,0,0,0,0,0,0,1,0,0,0,0,3,0,0,0,0,0,0,0,0,0,0,0,0,0,0,0,0,0,0,0,0,0,5,0,0,0,0,0,0,0,0,0,0,0,0,0,0,0,0,0,0,0,0,0,0,0,0,0,0,1,0,0,0,0,0,0,0,0,0,0,0,0,0,0,0,0,0,2,0,0,0,0,2,2,0,0,0,0,0,0,0,0,0,0,0,0,0,0,0,0,0,2,0,0,6,3,0,0,0,0,0,0,0,0,0,0,0,0,0,0,0,0,0,0,0,0,1,0,0,0,6,3,0,0,1,0,0,0,0,0,0,0,0,0,0,0,0,3,0,1,4,1,3,0,1,0,0,0,0,0,0,0,1,0,0,0,0,0,0,0,0,3,8,1,4,1,0,0,0,0,1,0,0,0,0,0,0,0,0,0,0,0,0,0,0,0,0,0,0,0,0,0,3,0,0,0,0,0,0,0,0,0,0,0,0,0,0,0,0,0,0,0,0,0,0,0,0,0,0,0,0,0,0,0
S221,A,3,0,4,0,3,0,4,0,1,0,1,1,7,1,9,0,2,0,4,0,3,0,0,1,1,1,2,0,5,0,2,0,2,0,4,0,6,0,6,0,3,0,2,0,3,0,4,0,1,1,4,0,4,0,4,0,2,0,2,0,0,0,1,0,2,0,5,0,2,0,3,0,3,0,5,0,2,1,0,0,3,0,3,0,1,0,3,0,6,0,8,0,4,0,3,0,2,0,5,0,2,0,5,0,4,3,1,1,1,0,0,11,6,0,0,0,3,0,3,0,4,0,2,0,4,0,3,0,0,0,1,2,2,0,9,0,4,0,1,1,2,0,2,0,5,0,5,0,1,0,3,0,5,0,3,1,4,0,2,0,1,0,14,0,8,0,2,0,0,0,3,0,4,0,2,0,5,0,5,0,4,0,3,0,0,0,2,0,6,0,2,0,1,0,2,0,2,0,4,0,2,0,10,0,3,0,3,0,5,0,4,0,3,0,2,0,2,0,2,0,7,0,4,0,3,0,5,0,6,0,6,0,1,0,6,0,3,0,0,0
S222,B,0,0,0,0,0,0,0,0,0,0,0,0,1,0,0,0,5,0,0,0,0,0,0,0,0,0,0,0,0,0,0,0,0,0,1,0,0,0,1,0,0,0,0,0,0,0,0,0,0,0,0,0,0,0,0,0,0,0,0,0,0,0,0,0,0,0,0,0,0,0,0,0,0,0,0,0,0,0,0,0,0,0,0,1,0,0,0,0,0,0,0,0,0,0,0,0,0,0,0,0,0,0,0,0,0,0,1,0,0,0,5,0,0,0,0,0,0,0,0,0,0,0,0,0,0,0,0,0,0,0,0,0,0,0,0,0,5,3,0,0,0,0,0,0,0,0,0,0,0,0,0,0,0,0,0,0,0,0,1,0,0,0,0,0,0,0,0,0,0,0,0,0,0,0,0,0,0,1,0,1,3,1,0,0,0,0,3,0,0,0,0,0,0,0,0,0,0,0,0,0,0,0,0,0,0,0,0,0,0,0,0,0,0,0,0,0,0,0,0,0,0,0,0,0,0,0,0,0,0,0,0,0,0,0,0,0,0,0,0,0
S223,C,0,0,0,0,0,0,0,0,0,0,0,1,0,0,0,1,3,1,0,0,0,0,0,0,0,0,0,0,0,0,0,0,0,0,0,0,0,0,2,0,0,0,0,0,0,2,0,0,0,0,0,0,0,0,0,0,0,0,0,0,0,0,0,0,0,0,0,0,0,0,0,0,0,0,0,0,0,0,0,0,0,0,0,1,0,0,0,0,1,0,0,0,0,0,0,0,0,0,0,0,0,0,0,0,0,0,0,2,0,0,3,0,0,0,0,0,2,0,0,0,0,0,0,0,0,0,0,0,0,0,0,0,0,0,0,0,5,0,0,0,0,0,0,0,0,0,0,0,0,0,0,0,0,0,0,0,0,0,0,0,0,0,0,0,0,0,0,0,0,0,0,0,0,0,0,0,0,0,1,2,1,1,0,0,0,0,2,0,0,0,0,0,0,0,0,0,0,0,0,0,0,0,0,0,0,0,0,0,0,0,0,0,0,0,0,0,0,0,0,0,0,0,0,0,0,0,0,0,0,0,0,0,0,0,0,0,0,0,0,0
S224,B,1,0,1,1,0,0,1,1,2,0,1,1,0,1,2,0,1,1,2,1,0,0,0,0,0,0,1,0,0,1,0,0,0,0,0,1,0,0,0,2,0,0,2,2,0,2,2,0,1,0,0,0,1,0,1,0,1,1,0,0,0,1,1,0,0,1,0,0,1,1,0,1,0,1,0,1,1,2,0,0,1,1,1,0,0,0,0,0,1,2,0,0,0,2,0,2,0,0,0,0,1,1,0,0,0,0,0,0,0,0,0,0,1,0,0,0,0,0,0,0,1,0,0,0,0,1,0,0,0,0,0,0,0,1,1,0,1,1,0,0,0,1,0,0,1,0,1,0,1,1,1,0,1,1,0,0,0,0,2,0,1,2,2,2,0,0,0,0,2,0,1,0,1,1,1,0,2,0,1,0,0,1,1,0,1,1,0,2,0,0,0,1,0,0,0,1,0,0,0,0,0,0,0,1,0,0,0,2,0,0,0,1,0,2,0,2,0,1,1,2,0,0,0,1,1,0,0,0,0,0,0,2,0,4,0,2,0,1,0,2
S225,B,0,0,0,0,0,0,0,0,0,0,0,3,0,0,0,0,2,0,0,0,0,0,0,0,0,0,0,0,0,0,0,0,0,0,3,7,1,0,0,2,0,0,0,0,0,0,0,0,0,0,0,0,0,0,0,0,0,0,0,0,0,0,0,0,0,0,0,0,0,0,0,0,0,0,0,0,0,0,0,0,0,0,0,0,0,0,0,0,0,0,0,0,0,0,0,0,0,0,0,0,0,0,0,0,0,0,2,0,0,0,0,0,0,2,0,0,0,0,0,0,0,0,0,0,0,0,0,0,1,0,0,0,0,0,0,0,0,1,0,0,0,0,0,0,0,0,0,0,0,0,0,0,0,0,0,0,0,0,0,0,1,0,0,0,0,0,0,0,0,0,0,0,0,0,0,0,0,0,0,0,0,0,5,2,0,0,1,0,0,0,0,0,0,0,0,0,0,0,0,0,0,0,0,0,0,0,0,0,0,0,0,0,0,0,0,0,0,0,0,0,0,0,0,0,0,0,0,0,0,0,0,0,0,0,0,0,0,0,0,0
S226,A,0,0,0,0,0,0,0,0,1,14,2,0,0,0,2,2,0,0,0,0,0,0,0,0,0,0,0,0,0,0,0,0,0,0,0,0,0,0,0,0,0,0,0,0,0,0,0,0,0,0,0,0,0,0,0,0,0,0,0,0,0,0,0,0,0,0,0,0,1,0,0,0,0,0,0,0,0,0,0,0,0,3,0,0,1,0,0,0,3,2,0,0,0,30,41,62,3,0,10,11,0,0,0,0,0,0,0,0,0,0,0,0,0,14,0,0,0,0,0,0,0,0,3,0,9,0,0,1,0,4,0,0,0,0,1,0,1,0,0,0,0,0,0,1,0,0,0,0,0,0,0,0,0,0,0,1,1,0,0,0,0,0,0,0,0,2,2,5,0,0,0,0,0,0,0,0,0,1,2,3,0,0,0,0,0,0,0,0,0,0,0,0,0,1,0,0,0,0,0,0,0,0,0,0,0,0,0,0,0,0,0,0,0,0,0,0,0,0,1,0,0,0,0,0,0,0,0,0,0,0,0,0,0,0,0,0,0,0,0,0
S227,A,0,0,0,0,0,0,0,0,0,0,0,2,0,0,0,0,2,3,0,0,0,0,0,0,0,0,0,0,0,0,0,0,0,0,0,0,2,0,1,0,0,0,0,0,0,0,0,0,0,0,0,0,0,0,0,0,0,0,0,0,0,0,0,0,0,1,0,0,0,0,0,0,0,0,0,0,0,0,0,0,0,0,0,4,4,2,9,35,3,12,0,2,0,0,0,0,0,0,0,0,0,0,0,0,0,11,0,2,0,0,8,2,0,0,0,0,0,0,0,0,0,0,0,0,0,0,0,0,0,0,0,0,84,0,0,0,7,4,0,0,0,0,0,0,0,0,0,0,0,0,0,0,0,2,0,0,1,0,4,0,0,0,0,0,0,0,0,0,1,0,0,0,0,0,0,0,0,4,9,0,3,1,0,0,0,0,0,0,0,2,0,0,0,0,0,0,0,0,0,0,0,0,0,0,0,0,0,0,0,0,0,0,0,0,0,0,0,0,0,0,0,0,0,0,0,0,0,0,0,0,0,0,0,0,0,0,0,0,0,0
S228,C,2,8,0,0,0,0,0,0,0,3,1,0,2,0,5,0,0,0,0,0,0,0,0,0,0,0,0,0,0,0,0,0,0,0,0,0,0,0,0,0,0,0,0,0,0,0,0,0,0,0,0,0,0,0,0,0,0,0,0,0,0,0,0,0,0,0,0,0,0,0,0,0,0,0,0,0,0,0,0,0,0,0,0,0,0,0,0,0,0,0,0,0,0,0,0,0,0,0,0,0,0,0,0,0,0,0,0,0,0,0,0,0,0,0,0,0,0,0,0,0,0,0,0,0,0,0,0,0,0,0,0,0,0,0,0,5,2,0,0,0,0,0,0,0,0,0,0,0,0,0,0,0,0,0,0,9,0,0,0,0,0,0,0,0,0,0,0,0,0,0,0,0,0,0,0,0,0,0,9,26,0,0,15,0,0,23,40,0,0,0,2,0,0,0,0,0,0,0,0,0,0,0,0,0,0,0,0,0,0,0,0,0,0,0,0,0,0,0,0,0,0,0,0,0,0,0,0,0,0,0,0,0,0,0,0,0,0,0,0,0
S229,A,2006,1138,993,1027,1155,1175,1299,1786,1781,1570,1387,1635,2795,1679,1595,1585,1406,1260,1814,1556,2143,1963,1555,1217,1738,1261,1141,1099,1274,1325,1197,1596,1923,1789,1606,2174,3089,2270,1571,2318,1593,2220,2310,1935,3165,2480,1922,2324,2355,1104,1093,1085,1125,629,1055,1547,1927,1881,1490,2156,3147,1706,1599,1544,1738,1747,3570,2049,2713,2543,2139,2105,2378,1461,1295,1313,1360,1582,1425,1656,1822,1602,843,735,259,1052,1434,895,972,1686,2430,2560,2984,3174,1995,1829,1032,1347,1325,892,731,741,1511,2000,2137,1151,1464,1706,2236,1065,1491,1361,948,997,1788,1394,2681,2153,1838,1832,1900,1259,1357,509,279,688,1548,1802,1995,1720,1468,1625,2515,1371,1439,1642,1344,1247,1390,1004,891,1595,1348,1083,1305,957,1299,1301,524,1382,1401,1837,2045,1790,987,1179,1852,796,780,602,584,1116,1662,1278,1886,1440,1289,1163,976,581,563,547,635,664,684,828,981,889,1303,1490,2246,1335,1270,1281,605,1078,1664,1337,2448,2181,1333,1146,1721,1059,963,1000,554,566,1086,1399,1575,3014,2938,1650,2305,1328,1323,1971,1976,1443,1963,2201,3866,3800,1606,1390,744,1009,1001,940,981,1239,1023,1284,1510,1497,2172,1677,2188,2249,1313,2027,1237,2908,2031,2423,2230,1899,1574,1666
S230,B,0,0,0,0,0,0,0,0,0,0,0,1,0,0,0,1,3,0,0,0,0,0,0,0,0,0,0,0,0,0,0,0,0,0,0,0,3,0,3,0,0,0,0,0,0,0,0,0,0,0,0,0,0,0,0,0,0,0,0,0,0,0,0,0,0,0,0,0,0,0,0,0,0,0,0,0,0,0,0,0,0,0,0,1,0,1,0,0,1,2,0,0,0,0,0,0,0,0,0,0,0,0,0,0,0,0,0,1,0,0,5,0,0,0,0,0,0,0,0,0,0,0,0,0,0,0,0,0,0,0,0,0,1,0,0,0,2,2,0,0,0,0,0,0,0,0,0,0,0,0,0,0,0,2,0,0,1,0,2,0,0,0,0,0,0,0,0,0,2,0,0,0,0,0,0,0,1,2,4,0,5,3,0,0,0,0,0,0,0,3,0,0,0,0,0,0,0,0,0,0,0,0,0,0,0,0,0,0,5,0,0,0,0,0,0,0,0,0,0,0,0,0,0,0,0,0,0,0,0,0,0,0,0,0,0,0,0,0,0,0
S231,C,0,0,0,0,0,0,0,0,0,0,0,1,0,0,0,0,3,0,0,0,0,0,0,0,0,0,0,0,0,0,0,0,0,0,0,0,0,0,2,2,0,0,0,0,0,0,0,0,0,0,0,0,0,0,0,0,0,0,0,0,0,0,0,0,0,0,0,0,0,0,0,0,0,0,0,0,0,0,0,0,0,0,0,1,0,0,0,0,1,0,0,0,0,0,0,0,0,0,0,0,0,0,0,0,0,0,0,2,0,0,8,0,0,0,0,0,2,0,0,0,0,0,0,0,0,0,0,0,0,0,0,0,0,0,0,0,3,2,0,0,0,0,0,0,0,0,0,0,0,0,0,0,0,0,0,0,0,0,1,0,0,0,0,0,0,0,0,0,0,0,0,0,0,0,0,0,0,1,0,2,2,2,0,0,0,0,0,0,0,0,0,0,0,0,0,0,0,0,0,0,0,0,0,0,0,0,0,0,0,0,0,0,0,0,0,0,0,0,0,0,0,0,0,0,0,0,0,0,0,0,0,0,0,0,0,0,0,0,0,0
S232,B,0,0,0,0,0,0,0,0,1,13,1,0,0,0,3,3,0,0,0,0,0,0,0,0,0,0,0,0,0,0,0,0,0,0,0,0,0,0,0,0,0,0,0,0,0,0,0,0,0,0,0,0,0,0,0,0,0,0,0,0,0,0,0,0,0,0,0,0,0,0,0,0,0,0,0,0,0,0,0,0,0,1,0,0,0,0,0,0,1,0,0,0,0,16,21,30,1,0,10,13,0,0,0,0,0,0,0,0,0,0,0,0,0,0,0,0,0,0,0,0,1,0,1,3,0,0,0,1,0,4,0,1,0,0,0,0,0,0,0,0,0,0,0,0,0,0,0,0,0,0,0,0,0,0,1,0,1,0,0,0,0,0,0,0,0,0,3,5,0,0,0,2,0,0,0,0,0,0,1,4,0,0,0,0,0,0,0,0,0,0,0,0,0,0,0,0,0,0,0,0,0,0,0,0,0,0,0,0,0,0,0,0,0,0,0,0,0,0,0,0,0,0,0,0,0,0,0,0,0,0,0,0,0,0,0,0,0,0,0,0
S233,B,4,0,0,0,0,2,1,0,0,0,0,0,2,0,0,0,2,0,1,0,0,0,0,0,8,0,0,0,0,5,1,0,0,0,0,0,1,0,0,0,0,0,2,0,0,0,0,0,16,0,0,0,0,1,0,1,0,0,0,0,2,0,0,0,0,0,5,0,0,0,0,0,10,0,0,0,0,0,0,0,0,0,0,0,1,0,5,2,0,6,5,2,6,0,0,0,4,0,0,0,0,2,2,0,0,0,0,0,1,0,0,0,0,0,0,0,0,0,0,0,13,1,0,0,0,3,0,0,0,0,0,3,1,0,0,0,0,0,0,0,0,0,0,0,5,0,0,0,0,7,1,0,0,0,0,1,2,0,0,0,0,4,2,2,0,0,0,2,1,0,0,0,0,4,3,0,0,0,0,0,1,0,0,0,0,0,0,2,0,0,0,0,6,1,0,0,0,2,0,2,0,0,0,0,1,0,0,0,0,0,3,0,0,0,0,0,2,0,0,0,0,3,1,0,0,0,0,0,0,0,0,2,0,0,0,0,0,0,0,0
S234,C,0,1,0,0,0,1,0,0,0,0,0,0,0,0,0,0,0,0,0,0,0,0,0,0,0,1,1,0,0,0,1,0,0,1,1,0,0,0,0,0,0,0,0,2,0,0,0,0,0,0,0,0,0,0,0,0,0,0,0,1,0,0,1,1,0,0,0,1,0,1,0,0,0,0,0,1,0,0,0,1,0,0,1,0,0,1,0,1,0,0,0,0,2,0,0,0,1,0,0,0,0,0,0,0,0,0,1,0,0,0,0,0,0,0,0,1,2,0,2,0,0,0,0,0,0,0,0,0,0,0,0,1,0,0,0,1,0,0,0,0,0,0,0,0,0,0,1,0,0,0,0,0,0,1,1,1,1,0,0,0,0,0,0,0,0,0,0,0,0,0,0,0,0,0,1,0,0,0,0,0,0,1,0,0,0,0,0,0,0,0,0,0,0,0,0,0,1,0,0,0,0,0,2,0,0,0,0,2,0,1,1,1,0,0,0,0,0,0,1,0,0,0,1,1,0,0,2,0,0,0,0,0,1,0,0,0,0,1,0,0
S235,B,0,0,0,0,0,0,0,0,0,0,0,0,0,0,0,0,2,14,71,0,0,0,0,0,0,0,0,0,0,0,0,0,0,0,0,0,1,0,1,0,0,0,0,0,0,0,0,0,0,0,0,0,0,0,0,0,0,0,0,0,0,0,0,0,0,2,0,0,0,0,0,0,0,0,0,0,0,0,0,0,0,0,0,2,0,2,2,0,0,0,0,0,0,0,0,0,0,0,0,0,0,0,0,0,0,0,0,1,0,0,12,0,0,0,0,0,2,0,0,0,0,0,0,0,0,0,0,0,0,0,0,0,1,7,27,14,7,0,0,0,0,0,0,0,0,0,0,0,0,0,0,0,0,1,1,1,0,0,1,0,0,0,0,0,0,0,0,0,2,0,0,0,0,0,0,0,1,1,3,1,6,4,0,0,0,0,1,0,0,0,0,0,0,0,0,0,0,0,0,0,0,0,0,0,0,0,0,0,3,0,1,0,0,0,0,0,0,0,0,0,0,0,0,0,0,0,0,0,0,0,0,0,0,0,0,0,0,0,0,0
S236,C,0,0,0,0,0,0,0,0,0,0,0,1,0,0,0,0,3,1,0,0,0,0,0,0,0,0,0,0,0,0,0,0,0,0,0,0,0,0,3,2,0,0,0,0,0,2,0,0,0,0,0,0,0,0,0,0,0,0,0,0,0,0,0,0,0,0,0,0,0,0,0,0,0,0,0,0,0,0,0,0,0,0,0,1,0,0,0,0,0,0,0,0,0,0,0,0,0,0,0,0,0,0,0,0,0,0,0,1,0,0,6,0,0,0,0,0,0,0,0,0,0,0,0,0,0,0,0,0,0,0,0,0,0,0,0,0,4,1,0,0,0,0,0,0,0,0,0,0,0,0,0,0,0,0,0,0,0,0,0,0,0,0,0,0,0,0,0,0,0,0,0,0,0,0,0,0,0,1,0,0,2,2,0,0,0,0,1,0,0,0,0,0,0,0,0,0,0,0,0,0,0,0,0,0,0,0,0,0,2,0,0,0,0,0,0,0,0,0,0,0,0,0,0,0,0,0,0,0,0,0,0,0,0,0,0,0,0,0,0,0
S237,A,3,0,1,0,2,0,3,0,2,0,2,0,0,0,5,0,2,0,1,0,2,0,2,0,2,0,3,0,1,0,2,0,4,0,3,0,5,0,1,0,2,0,3,0,3,0,4,0,5,0,1,0,0,0,1,0,4,0,0,0,5,0,4,0,5,0,0,0,2,0,1,0,2,0,2,0,2,0,2,0,3,0,2,0,1,0,3,0,2,0,3,0,2,0,3,0,0,0,3,0,3,0,3,0,1,0,3,0,1,0,5,0,1,0,1,0,2,0,2,0,1,0,0,0,1,0,1,0,6,0,3,0,4,4,4,0,7,0,2,0,1,0,0,0,3,0,4,0,2,0,3,0,2,12,3,0,4,4,3,3,6,0,6,0,2,0,5,0,1,0,2,0,2,0,2,0,4,0,3,1,5,0,2,0,2,1,7,0,3,0,1,0,4,0,2,0,1,0,3,0,1,2,6,0,2,0,4,0,6,0,4,0,2,0,3,0,2,0,2,0,4,0,3,0,5,0,2,0,2,0,0,0,2,0,2,0,5,0,4,0
S238,B,0,0,0,0,0,0,0,0,0,0,0,0,0,0,0,0,0,0,0,0,0,0,0,0,0,0,0,0,0,0,0,0,0,0,0,0,0,0,0,0,0,0,0,0,0,0,0,0,0,0,0,0,0,0,0,0,0,0,0,0,0,0,0,0,0,0,0,0,0,0,0,0,0,0,0,0,0,0,0,0,0,0,0,0,0,0,0,0,0,0,0,0,0,0,0,0,0,0,0,0,0,0,0,0,0,0,0,0,0,0,0,0,0,0,0,0,0,0,0,0,0,0,0,0,0,0,0,0,0,0,0,0,0,0,0,0,0,0,0,0,0,0,0,0,0,0,0,0,0,0,0,0,0,0,0,0,0,0,0,0,0,0,0,0,0,0,0,0,0,0,0,0,0,0,0,0,0,0,16,15,0,0,0,0,1,0,0,0,0,0,0,0,0,0,0,0,0,0,0,0,0,0,0,0,0,0,0,0,0,0,0,0,0,0,0,0,0,0,0,0,0,0,0,0,0,0,0,0,0,0,0,0,0,0,0,0,0,0,0,0
S239,C,3,0,1,0,5,0,3,1,4,0,3,2,5,1,10,1,6,1,1,1,5,0,0,1,4,0,3,0,4,0,2,0,4,0,3,0,9,0,1,0,1,2,3,0,2,0,2,0,5,0,5,0,5,0,2,0,2,0,2,0,5,0,5,0,2,2,5,0,4,0,4,1,2,1,4,0,4,0,1,1,2,0,1,0,1,1,8,0,5,0,2,0,6,0,3,0,1,0,4,0,3,0,1,0,2,3,1,2,3,1,3,8,5,0,2,0,5,0,8,2,7,0,5,0,2,0,1,0,3,0,5,3,5,0,6,1,1,0,3,0,1,0,3,0,7,0,6,0,2,0,5,0,2,0,3,0,1,0,4,1,0,0,8,2,4,0,6,0,4,1,5,0,3,2,2,0,5,0,3,0,3,2,4,0,1,0,3,0,3,0,5,1,1,0,1,0,2,0,3,0,0,0,0,0,1,0,2,0,6,0,4,1,9,2,4,0,2,0,3,0,3,0,1,0,6,0,8,0,4,0,5,0,2,2,3,0,1,0,1,0
S240,B,0,0,0,0,0,0,0,0,0,0,0,0,0,0,0,0,0,0,0,0,0,0,0,0,0,0,0,0,0,0,0,0,0,0,0,0,0,0,0,0,0,0,0,0,0,0,0,0,0,0,0,0,0,0,0,0,0,0,0,0,0,0,0,0,0,0,0,0,0,0,0,0,0,0,0,0,0,0,0,0,0,0,0,0,0,0,0,0,0,0,0,0,0,0,0,0,0,0,0,0,0,0,0,0,0,0,0,0,0,0,0,0,0,0,0,0,0,0,0,0,0,0,0,0,0,0,0,0,0,0,0,0,0,0,0,0,0,0,0,0,0,0,0,0,0,0,0,0,0,0,0,0,0,0,0,0,0,0,0,0,0,0,0,0,0,0,0,0,0,0,0,0,0,0,0,0,0,0,0,0,3,0,0,9,5,0,0,0,0,0,0,0,0,0,0,0,0,0,0,0,0,0,0,0,0,0,0,0,0,0,0,0,0,0,0,0,0,0,0,0,0,0,0,0,0,0,0,0,0,0,4,36,0,0,0,0,0,0,0,0
S241,C,0,0,0,0,0,0,0,0,0,0,0,1,0,0,0,0,3,1,0,0,0,0,0,0,0,0,0,0,0,0,0,0,0,0,0,0,0,0,1,0,0,0,0,0,0,0,0,0,0,0,0,0,0,0,0,0,0,0,0,0,0,0,0,0,0,0,0,0,0,0,0,0,0,0,0,0,0,0,0,0,0,0,0,2,0,0,0,0,0,0,0,0,0,0,0,0,0,0,0,0,0,0,0,0,0,0,0,1,0,0,6,0,0,0,0,0,0,0,0,0,0,0,0,0,0,0,0,0,0,0,0,0,0,0,0,0,4,3,0,0,0,0,0,0,0,0,0,0,0,0,0,0,0,2,0,0,0,0,0,0,0,0,0,0,0,0,0,0,0,0,0,0,0,0,0,0,0,0,0,0,3,0,0,0,0,0,0,0,0,0,0,0,0,0,0,0,0,0,0,0,0,0,0,0,0,0,0,0,0,0,0,0,0,0,0,0,0,0,0,0,0,0,0,0,0,0,0,0,0,0,0,0,0,0,0,0,0,0,0,0
S242,A,0,0,0,0,0,0,0,0,0,0,0,2,0,0,0,0,1,1,1,0,0,0,0,0,0,0,0,0,0,0,0,0,0,0,0,0,3,0,1,0,0,0,0,0,0,0,0,0,0,0,0,0,0,0,0,0,0,0,0,0,0,0,0,0,0,2,0,0,0,0,0,0,0,0,0,0,0,0,0,0,0,0,0,1,0,1,0,0,1,2,0,2,0,0,0,0,0,0,0,0,0,0,0,0,0,0,0,0,0,0,11,0,0,0,0,0,0,0,0,0,0,0,0,0,0,0,0,0,0,0,0,0,0,0,0,0,4,1,9,0,0,0,0,0,0,0,0,0,0,0,0,0,0,2,1,1,2,0,0,0,2,0,0,0,0,0,0,0,1,0,0,0,0,0,0,0,0,10,5,3,2,4,0,0,0,0,0,0,0,6,0,0,0,0,0,0,0,0,0,0,0,0,0,0,0,0,0,0,5,0,0,0,0,0,0,0,0,0,0,0,0,0,0,0,0,0,0,0,0,0,0,0,0,0,0,0,0,0,0,0
S243,A,0,0,0,0,0,0,0,0,0,0,0,1,0,0,0,0,5,0,0,0,0,0,0,0,0,0,0,0,0,0,0,0,0,0,0,0,2,0,1,0,0,0,0,0,0,0,0,0,0,0,0,0,0,0,0,0,0,0,0,0,0,0,0,0,0,1,0,0,0,0,0,0,0,0,0,0,0,0,0,0,0,0,0,1,0,1,0,0,3,0,0,0,0,0,0,0,0,0,0,0,0,0,0,0,0,0,0,1,0,0,9,0,0,0,0,0,0,0,0,0,0,0,0,0,0,0,0,0,0,0,0,0,1,0,0,0,3,3,0,0,0,0,0,0,0,0,0,0,0,0,0,0,0,2,1,0,1,0,3,0,1,0,0,0,0,0,0,0,1,0,0,0,0,0,0,0,0,3,8,1,4,2,0,0,0,0,1,0,0,2,0,0,0,0,0,0,0,0,0,0,0,0,0,0,0,0,0,0,6,0,0,0,0,0,0,0,0,0,0,0,0,0,0,0,0,0,0,0,0,0,0,0,0,0,0,0,0,0,0,0
S244,C,45,13,18,9,10,18,32,67,76,67,54,75,90,95,108,80,79,95,145,132,162,133,99,68,53,19,33,23,21,25,44,39,86,69,90,97,97,154,124,146,69,141,124,132,131,156,121,149,46,17,28,12,26,17,29,47,58,64,64,67,66,89,119,70,87,100,138,168,107,151,160,114,54,31,27,8,11,30,29,42,64,66,41,20,6,56,81,69,61,150,125,104,154,194,150,90,15,37,38,24,9,10,43,44,79,30,130,47,61,111,101,77,79,53,99,76,96,150,92,117,40,21,23,21,7,17,56,53,100,70,46,54,65,46,53,84,90,50,83,80,41,116,69,76,42,10,19,11,9,25,42,57,67,75,29,51,47,80,41,62,94,104,112,120,120,119,180,150,50,25,27,26,14,22,119,58,79,75,57,66,86,116,102,90,39,62,96,99,161,162,108,133,52,31,26,12,7,11,64,47,65,162,146,79,48,59,75,156,182,97,76,132,270,202,126,80,22,30,8,13,25,33,48,49,70,62,80,83,67,147,148,179,75,224,158,129,85,114,112,108
S245,C,2,3,1,0,1,1,1,1,0,1,1,0,1,3,2,1,0,1,1,1,79,83,0,0,13,2,2,2,0,2,1,1,2,1,0,2,1,0,0,0,1,2,0,2,0,3,1,0,2,1,3,1,2,1,2,0,2,2,0,0,1,1,3,0,3,0,3,1,1,1,0,0,1,1,2,0,2,3,2,1,1,0,2,0,1,0,2,0,0,3,0,4,2,0,3,3,1,1,1,1,1,0,0,0,0,1,0,1,2,1,2,2,0,1,0,3,0,0,2,0,1,1,1,1,0,1,0,0,1,1,0,0,0,2,1,0,2,0,2,1,0,1,1,1,1,2,0,1,0,2,0,1,1,1,1,1,0,0,1,2,1,0,0,6,0,0,2,6,4,1,1,1,2,1,0,2,0,0,0,0,1,0,0,0,0,0,3,1,2,2,0,0,1,1,0,1,0,1,0,1,1,2,2,0,2,0,3,2,2,1,0,1,0,2,1,0,1,1,0,1,1,3,1,0,1,0,0,0,1,0,0,0,0,2,1,0,0,2,1,1
S246,C,2,1,0,0,0,0,0,0,0,0,0,0,0,0,0,0,0,0,0,0,0,0,0,0,2,1,0,0,0,0,0,0,0,0,0,0,0,0,0,0,0,0,0,0,0,0,0,0,2,1,0,0,0,0,0,0,0,0,0,0,0,0,0,0,0,0,0,0,0,0,0,0,3,0,0,0,0,0,0,0,0,0,0,0,0,0,0,0,0,0,0,0,0,0,0,0,2,1,0,0,0,0,0,0,0,0,0,0,0,0,0,0,0,0,0,0,0,0,0,0,4,2,0,0,0,0,0,0,0,0,0,0,0,0,0,0,0,0,0,0,0,0,0,0,1,0,0,0,0,0,0,0,0,0,0,0,0,0,0,0,0,0,0,0,0,0,0,0,4,4,0,0,0,0,0,0,0,0,0,0,0,0,0,0,0,0,0,0,0,0,0,0,2,4,0,0,0,0,0,0,0,0,0,0,0,0,0,0,0,0,0,0,0,0,0,0,3,1,0,0,0,0,0,0,0,0,0,0,0,0,0,0,0,0,0,0,0,0,0,0
S247,C,215,182,205,194,247,230,199,206,241,226,183,184,267,239,316,281,255,244,238,247,226,251,235,248,174,215,216,223,269,274,228,233,254,261,209,246,292,305,281,332,242,372,291,317,306,312,259,362,258,219,247,234,273,157,214,228,266,285,203,273,296,291,275,285,302,298,402,275,299,289,342,337,258,241,257,245,284,293,208,212,264,215,117,77,22,239,327,214,212,372,311,362,370,440,342,338,104,232,230,179,142,139,223,272,268,145,208,217,245,248,368,332,225,199,228,179,308,318,317,333,217,235,271,277,157,140,248,267,272,275,222,211,229,246,222,264,210,194,165,154,104,212,232,224,154,159,257,262,117,280,256,262,266,257,150,180,200,233,227,220,210,388,346,372,334,336,329,360,212,220,251,273,308,274,231,237,270,261,207,200,219,225,244,229,107,220,199,204,279,266,206,226,202,191,202,242,106,138,240,207,221,482,394,213,215,219,255,353,318,234,211,268,165,456,250,231,89,202,229,242,289,334,243,247,247,247,350,250,237,431,252,351,196,450,228,404,225,219,227,258
S248,B,0,0,0,0,0,0,0,0,0,0,0,0,0,0,0,1,3,1,0,0,0,0,0,0,0,0,0,0,0,0,0,0,0,0,0,0,2,0,1,0,0,0,0,0,0,0,0,0,0,0,0,0,0,0,0,0,0,0,0,0,0,0,0,0,0,2,0,0,0,0,0,0,0,0,0,0,0,0,0,0,0,0,0,1,0,2,0,0,2,3,0,2,2,0,0,0,0,0,0,0,0,0,0,0,0,0,0,4,0,0,8,2,0,0,0,0,2,0,0,0,0,0,0,0,0,0,0,0,0,0,0,0,1,0,0,0,2,1,0,0,0,0,0,0,0,0,0,0,0,0,0,0,0,5,0,0,0,0,3,0,0,0,0,0,0,0,0,0,0,0,0,0,0,0,0,0,2,3,9,2,3,4,0,0,0,0,2,0,0,2,0,0,0,0,0,0,0,0,0,0,0,0,0,0,0,0,0,0,2,0,0,0,0,0,0,0,0,0,0,0,0,0,0,0,0,0,0,0,0,0,0,0,0,0,0,0,0,0,0,0
S249,B,0,0,0,0,0,0,0,0,0,0,0,2,0,0,0,1,2,1,0,1,0,0,0,0,0,0,0,0,0,0,0,0,0,0,0,0,1,0,4,0,0,0,0,0,0,0,0,0,0,0,0,0,0,0,0,0,0,0,0,0,0,0,0,0,0,1,0,0,0,0,0,0,0,0,0,0,0,0,0,0,0,0,0,2,0,1,0,0,1,0,0,0,0,0,0,0,0,0,0,0,0,0,0,0,0,0,1,3,0,0,5,0,0,0,0,0,0,0,0,0,0,0,0,0,0,0,0,0,0,0,0,0,0,0,0,0,6,1,0,0,1,0,0,0,0,0,0,0,0,0,0,0,0,1,1,0,0,0,3,0,1,0,0,0,0,0,0,0,2,0,0,0,0,0,0,0,1,3,8,1,2,3,0,0,0,0,1,0,0,0,0,0,0,0,0,0,0,0,0,0,0,0,0,0,0,0,0,0,6,0,1,0,0,0,0,0,0,0,0,0,0,0,0,0,0,0,0,0,0,0,0,0,0,0,0,0,0,0,0,0
S250,A,0,0,0,0,0,0,0,0,0,4,5,3,0,0,0,0,0,0,0,0,0,0,0,0,0,0,0,0,0,0,0,0,0,0,0,0,0,0,0,0,0,0,0,0,0,0,0,0,0,0,0,0,0,0,0,0,0,0,0,0,0,0,0,0,0,0,0,0,0,0,0,0,0,0,0,0,0,0,0,0,0,0,0,0,0,0,0,0,2,3,0,0,0,0,2,6,0,0,0,0,0,0,0,0,0,1,2,0,0,0,0,6,0,0,0,6,0,0,0,0,0,0,0,0,0,0,0,0,0,0,0,0,0,0,0,0,0,0,0,0,0,0,0,0,0,0,0,0,0,0,0,0,0,0,0,0,0,0,0,0,0,0,0,0,0,0,0,0,0,0,0,0,0,0,0,0,0,0,0,0,0,0,0,1,0,0,0,0,0,0,0,0,0,0,0,0,0,0,0,0,0,0,0,0,0,0,0,0,0,0,0,0,0,0,0,0,0,0,0,0,0,0,0,0,0,0,0,0,0,0,0,0,0,0,0,0,0,0,0,0
S251,A,0,0,0,0,0,0,0,0,0,0,0,0,0,0,0,0,0,0,0,0,0,0,0,0,0,0,0,0,0,0,0,0,0,0,0,4,0,0,0,0,0,0,0,0,0,0,0,0,0,0,0,0,0,0,0,0,0,0,0,0,0,0,0,0,0,0,0,0,0,0,0,0,0,0,0,0,0,0,0,0,0,0,0,0,0,0,0,0,0,0,0,0,0,0,0,0,0,0,0,0,0,0,0,0,0,0,0,0,0,0,5,0,0,0,0,0,0,0,0,0,0,0,0,0,0,0,0,0,0,0,16,1,0,0,0,0,0,0,0,0,0,0,0,0,0,0,0,0,0,0,0,0,0,0,8,0,0,0,0,1,0,0,0,0,0,0,0,0,0,0,0,0,0,0,0,0,0,0,0,0,0,0,0,0,0,0,0,0,0,0,0,0,0,0,0,0,0,0,0,0,0,0,0,0,0,0,0,0,0,0,0,0,0,0,0,0,0,0,0,0,0,0,0,0,0,0,0,0,0,0,0,0,0,0,0,0,0,0,0,0
S252,C,0,0,0,0,0,0,0,0,0,0,0,2,1,0,0,0,0,0,0,0,0,0,0,0,0,0,0,0,0,0,0,0,0,0,0,0,1,0,3,2,0,0,0,0,0,0,0,0,0,0,0,0,0,0,0,0,0,0,0,0,0,0,0,0,0,1,0,0,0,0,0,0,0,0,0,0,0,0,0,0,0,0,0,1,0,1,0,0,1,0,0,0,0,0,0,0,0,0,0,0,0,0,0,0,0,0,1,3,0,0,6,0,0,0,0,0,0,0,0,0,0,0,0,0,0,0,0,0,0,0,0,0,1,0,0,0,5,1,0,0,0,0,0,0,0,0,0,0,0,0,0,0,0,1,0,1,0,0,5,0,0,0,0,0,0,0,0,0,0,0,0,0,0,0,0,0,0,2,6,1,1,2,0,0,0,0,2,0,0,0,0,0,0,0,0,0,0,0,0,0,0,0,0,0,0,0,0,0,0,0,0,0,0,0,0,0,0,0,0,0,0,0,0,0,0,0,0,0,0,0,0,0,0,0,0,0,0,0,0,0
S253,C,0,0,0,0,0,0,0,0,0,0,1,0,0,0,2,10,2,0,0,2,0,0,0,0,0,0,0,2,0,0,0,0,0,0,0,0,0,0,0,0,0,0,0,0,0,0,0,0,0,0,0,0,0,0,0,0,2,0,0,0,0,0,0,0,0,0,0,0,0,0,0,0,0,0,0,0,0,0,0,0,0,0,5,1,0,0,2,1,1,0,5,0,0,0,0,0,0,0,0,0,0,0,0,0,0,4,3,0,3,2,3,14,4,0,3,1,3,0,0,8,0,0,0,1,0,0,0,0,0,0,3,0,9,3,4,2,4,0,0,1,1,2,0,0,0,0,0,0,0,0,0,0,0,0,2,6,0,7,3,4,8,6,4,6,0,0,3,0,0,0,0,0,0,1,0,0,4,0,0,1,2,14,0,3,5,1,7,0,3,2,0,0,0,8,0,0,0,0,0,0,0,2,0,2,2,0,8,0,0,0,0,2,2,2,0,0,0,0,0,0,0,0,0,0,0,0,0,2,4,2,0,0,0,0,0,2,0,1,0,0
S254,A,0,0,0,0,0,0,0,0,1,11,2,0,0,0,2,3,0,0,0,0,0,0,0,0,0,0,0,0,0,0,0,0,0,0,0,0,0,0,0,0,0,0,0,0,0,0,0,0,0,0,0,0,0,0,0,0,0,0,0,0,0,0,0,0,0,0,0,0,0,0,0,0,0,0,0,0,0,0,0,0,0,1,0,0,1,1,0,0,0,0,0,0,0,30,39,33,2,0,16,20,0,0,0,0,0,0,0,0,0,0,0,0,0,0,0,0,0,0,0,2,0,0,8,3,0,0,0,0,0,2,0,0,0,0,0,0,1,0,0,0,0,0,0,0,0,0,0,0,0,0,0,0,0,0,0,1,0,0,0,0,0,0,0,0,0,2,6,5,0,0,0,1,0,0,0,0,0,0,2,3,0,0,0,0,0,0,0,0,0,0,0,0,0,0,0,0,0,0,0,0,0,0,0,0,0,0,0,0,0,0,0,0,0,0,0,0,0,0,0,0,0,0,0,0,0,0,0,0,0,0,0,0,0,0,0,0,0,0,0,0
S255,A,0,0,0,0,0,0,0,0,0,0,0,3,0,0,0,0,6,1,0,0,0,0,0,0,0,0,0,0,0,0,0,0,0,0,0,0,0,0,1,0,0,0,0,0,0,0,0,0,0,0,0,0,0,0,0,0,0,0,0,0,0,0,0,0,0,0,0,0,0,0,0,0,0,0,0,0,0,0,0,0,0,0,0,1,0,0,0,0,1,0,0,0,0,0,0,0,0,0,0,0,0,0,0,0,0,0,0,2,0,0,5,0,0,0,0,0,0,0,0,0,0,0,0,0,0,0,0,0,0,0,0,0,0,0,0,0,4,2,0,0,0,0,0,0,0,0,0,0,0,0,0,0,0,0,1,0,0,0,1,0,0,0,0,0,0,0,0,0,0,0,0,0,0,0,0,0,0,1,0,1,3,1,0,0,0,0,2,0,0,0,0,0,0,0,0,0,0,0,0,0,0,0,0,0,0,0,0,0,2,0,0,0,0,0,0,0,0,0,0,0,0,0,0,0,0,0,0,0,0,0,0,0,0,0,0,0,0,0,0,0
S256,B,3,0,0,0,4,6,4,1,0,0,0,0,0,0,0,0,0,0,5,1,1,0,0,1,7,2,0,0,0,1,0,1,2,0,0,8,3,10,3,0,5,12,0,9,0,7,0,2,0,2,5,3,11,1,1,4,0,0,0,0,0,0,0,0,2,0,0,7,0,0,1,0,0,3,2,3,1,0,4,0,2,0,0,0,0,0,15,1,2,0,0,6,0,0,0,15,0,0,0,0,0,2,5,1,2,0,2,0,0,0,6,3,3,1,0,0,0,6,2,2,0,0,6,9,4,0,7,4,1,2,0,0,3,0,1,0,5,1,1,1,4,0,1,4,0,3,4,4,3,0,0,0,0,0,0,0,2,1,0,5,1,8,2,0,16,5,0,0,1,3,2,0,2,2,6,1,4,0,6,0,0,1,0,1,1,0,1,3,0,0,3,3,1,0,3,9,2,1,2,0,0,20,2,0,0,0,0,2,0,2,2,0,3,0,0,0,0,0,0,11,0,2,3,1,4,1,8,5,0,0,0,0,1,6,0,0,0,1,0,0
S257,C,0,0,0,0,0,0,0,0,0,0,0,0,0,0,0,0,6,1,0,0,0,0,0,0,0,0,0,0,0,0,0,0,0,0,1,0,0,0,2,0,0,0,0,0,0,0,0,0,0,0,0,0,0,0,0,0,0,0,0,0,0,0,0,0,0,0,0,0,0,0,0,0,0,0,0,0,0,0,0,0,0,0,0,1,0,0,0,0,0,0,0,0,0,0,0,0,0,0,0,0,0,0,0,0,0,0,0,2,0,0,5,0,0,0,0,0,0,0,0,0,0,0,0,0,0,0,0,0,0,0,0,0,0,0,0,0,6,2,0,0,0,0,0,0,0,0,0,0,0,0,0,0,0,0,0,0,0,0,0,0,0,0,0,0,0,0,0,0,0,0,0,0,0,0,0,0,0,0,0,2,2,2,0,0,0,0,1,0,0,0,0,0,0,0,0,0,0,0,0,0,0,0,0,0,0,0,0,0,0,0,0,0,0,0,0,0,0,0,0,0,0,0,0,0,0,0,0,0,0,0,0,0,0,0,0,0,0,0,0,0
S258,B,4,0,0,0,3,0,3,0,2,0,4,2,4,0,11,1,3,0,2,0,1,0,2,1,1,1,1,0,4,0,5,0,2,0,1,0,5,0,7,0,3,0,2,0,2,0,3,0,1,1,3,0,2,0,2,0,3,0,0,0,5,0,3,0,6,0,9,0,3,0,3,0,2,0,1,0,4,0,3,0,4,0,2,0,1,0,6,1,10,0,5,0,6,0,2,0,1,0,3,0,1,0,3,0,1,2,4,1,3,1,5,14,7,0,1,0,0,0,9,0,5,0,1,0,2,0,2,0,4,0,2,0,2,0,9,0,4,0,4,0,3,0,3,0,4,0,3,0,2,0,3,0,5,0,4,0,6,0,4,0,5,0,8,0,6,0,6,0,3,0,4,0,3,0,2,0,5,0,4,0,2,0,4,0,3,0,3,0,3,0,6,0,0,0,8,0,3,0,3,0,4,0,2,0,2,0,1,0,3,0,0,0,5,0,3,0,1,0,2,0,2,0,4,0,2,0,3,0,4,0,7,0,3,0,1,0,5,0,2,0
S259,B,0,0,0,0,0,0,0,0,0,0,0,1,0,0,0,0,4,1,0,0,0,0,0,0,0,0,0,0,0,0,0,0,0,0,1,0,2,0,2,0,0,0,0,0,0,0,0,0,0,0,0,0,0,0,0,0,0,0,0,0,0,0,0,0,0,0,0,0,0,0,0,0,0,0,0,0,0,0,0,0,0,0,0,2,0,1,0,0,1,2,0,2,0,0,0,0,0,0,0,0,0,0,0,0,0,0,1,1,0,0,5,2,0,0,0,0,0,0,0,0,0,0,0,0,0,0,0,0,0,0,0,0,0,0,0,0,6,2,0,0,0,0,0,0,0,0,0,0,0,0,0,0,0,1,0,1,3,0,1,0,2,0,0,0,0,0,0,0,0,0,0,0,0,0,0,0,0,2,6,2,7,3,0,0,0,0,3,0,0,2,0,0,0,0,0,0,0,0,0,0,0,0,0,0,0,0,0,0,2,0,0,0,0,0,0,0,0,0,0,0,0,0,0,0,0,0,0,0,0,0,0,0,0,0,0,0,0,0,0,0
S260,B,1,1,0,2,1,1,0,0,0,1,0,0,1,0,0,0,0,3,0,0,2,1,0,0,3,0,1,0,0,1,1,1,0,3,0,0,2,3,0,0,0,0,0,0,2,0,0,2,1,1,0,0,2,1,0,0,3,0,1,1,2,1,0,1,1,0,3,1,1,1,2,1,2,2,1,0,1,4,1,1,1,1,0,0,0,2,0,0,0,0,2,0,0,0,2,0,1,3,0,2,1,1,1,1,2,1,0,2,2,1,0,2,0,0,0,1,2,0,0,0,1,0,1,0,0,2,0,1,1,0,0,0,1,1,1,1,1,0,2,0,0,0,0,0,0,3,1,2,2,3,2,1,2,1,0,3,0,0,2,1,0,2,0,0,0,3,2,2,0,0,0,0,1,1,1,1,1,0,0,1,1,0,0,0,0,0,1,2,0,3,2,0,1,2,1,0,0,1,1,0,0,0,0,1,1,1,0,0,2,0,1,1,0,2,1,1,1,1,0,0,1,0,1,2,0,2,0,1,0,0,1,0,2,2,0,0,0,1,0,2
S261,B,0,0,0,0,0,0,0,0,0,0,0,0,0,0,0,0,5,0,0,0,0,0,0,0,0,0,0,0,0,0,0,0,0,0,0,0,3,0,3,0,0,0,0,0,0,0,0,0,0,0,0,0,0,0,0,0,0,0,0,0,0,0,0,0,0,1,0,0,0,0,0,0,0,0,0,0,0,0,0,0,0,0,0,0,0,0,2,0,1,2,0,2,2,0,0,0,0,0,0,0,0,0,0,0,0,0,0,1,0,0,6,0,0,0,0,0,0,0,0,0,0,0,0,0,0,0,0,0,0,0,0,0,1,0,0,0,5,2,0,0,0,0,0,0,0,0,0,0,0,0,0,0,0,3,0,0,2,1,1,0,1,0,0,0,2,0,0,0,1,0,0,0,0,0,0,0,1,6,6,1,3,4,0,0,0,0,1,0,0,2,0,0,0,0,0,0,0,0,0,0,0,0,0,0,0,0,0,0,8,0,1,0,0,0,0,0,0,0,0,0,0,0,0,0,0,0,0,0,0,0,0,0,0,0,0,0,0,0,0,0
S262,C,0,0,0,0,0,0,0,0,0,0,0,0,0,0,0,1,2,0,0,0,0,0,0,0,0,0,0,0,0,0,0,0,0,0,0,0,0,0,1,2,0,0,0,0,0,0,0,0,0,0,0,0,0,0,0,0,0,0,0,0,0,0,0,0,0,0,0,0,0,0,0,0,0,0,0,0,0,0,0,0,0,0,0,1,0,0,0,0,1,0,0,0,0,0,0,0,0,0,0,0,0,0,0,0,0,0,0,1,0,0,5,0,0,0,0,0,0,0,0,0,0,0,0,0,0,0,0,0,0,0,0,0,0,0,0,0,6,0,0,0,0,0,0,0,0,0,0,0,0,0,0,0,0,0,0,0,0,0,0,0,0,0,0,0,0,0,0,0,1,0,0,0,0,0,0,0,0,0,0,0,6,1,0,0,0,0,2,0,0,0,0,0,0,0,0,0,0,0,0,0,0,0,0,0,0,0,0,0,0,0,0,0,0,0,0,0,0,0,0,0,0,0,0,0,0,0,0,0,0,0,0,0,0,0,0,0,0,0,0,0
S263,C,3,0,5,0,1,0,1,0,4,0,4,1,4,1,10,0,3,0,3,0,3,0,0,2,5,0,3,0,5,0,3,0,3,0,1,0,2,0,2,0,1,0,4,0,6,0,3,0,3,0,5,2,3,0,2,0,4,0,1,0,4,0,2,0,6,0,5,0,3,0,4,1,3,0,2,0,2,0,1,0,2,3,5,0,1,0,6,0,14,0,5,0,10,0,2,0,2,0,5,1,2,0,1,0,2,3,4,2,2,0,3,6,5,0,2,0,2,0,5,0,5,0,5,0,2,0,3,0,3,0,2,0,3,0,7,0,3,0,3,1,3,0,1,0,2,0,3,0,2,0,0,0,6,0,1,0,6,0,3,0,6,0,10,2,6,0,3,0,2,1,5,0,4,0,5,0,3,0,6,0,8,0,5,0,1,0,2,0,3,2,3,0,2,0,2,0,4,0,4,0,1,0,6,0,1,0,3,0,3,0,4,0,5,0,5,0,2,0,2,0,3,0,5,0,5,0,5,0,2,0,4,0,4,0,2,0,2,0,2,0
S264,B,0,0,0,0,0,0,0,0,0,1,28,0,0,0,0,0,0,0,0,0,0,0,0,0,0,0,0,0,0,0,0,0,0,0,0,0,0,0,0,0,0,0,0,0,0,0,0,0,0,0,0,0,0,0,0,0,0,0,0,0,0,0,0,0,0,0,0,0,0,0,0,0,0,0,0,0,0,0,0,0,0,0,0,0,0,0,0,0,1,0,0,0,0,0,0,0,0,0,0,0,0,0,0,0,0,0,0,0,0,0,0,0,0,0,0,0,0,0,0,0,0,0,0,0,0,0,0,0,0,0,0,0,0,0,0,0,1,0,0,0,0,0,0,0,0,0,0,0,0,0,0,0,0,0,0,0,0,0,0,0,1,0,0,0,0,0,0,0,0,0,0,0,0,0,0,0,0,0,0,0,0,0,0,0,0,0,0,0,0,0,0,0,0,0,0,0,0,0,0,0,0,0,0,0,0,0,0,0,0,0,0,0,0,0,0,0,0,0,0,0,0,0,0,0,0,0,0,0,0,0,0,0,0,0,0,0,0,0,0,0
S265,A,1,0,9,1,0,0,0,1,0,0,0,0,1,0,0,0,0,0,0,1,0,0,0,0,0,0,5,0,0,0,1,0,0,0,0,1,1,2,1,0,1,0,0,0,0,2,0,0,0,0,9,0,0,0,0,0,0,0,1,0,0,1,0,1,0,1,2,0,0,0,0,1,0,0,11,0,0,0,0,0,0,0,0,0,1,0,0,1,1,0,0,0,2,0,0,0,0,0,13,0,0,1,0,0,0,0,1,0,0,1,0,0,0,0,0,0,2,0,0,0,0,1,12,0,0,0,1,0,0,0,0,0,0,0,0,0,0,0,1,0,0,0,0,0,0,0,15,0,0,0,0,0,0,0,1,0,0,0,0,0,0,0,0,2,0,0,0,0,0,1,6,0,0,0,0,1,0,0,0,1,0,0,0,0,0,0,0,1,0,0,0,0,0,0,7,0,0,0,0,0,1,0,2,0,1,0,0,0,0,0,0,1,0,0,0,0,0,0,5,1,1,1,0,0,0,1,2,0,0,0,0,0,0,2,1,0,0,1,1,1
S266,A,14,21,21,23,27,26,23,26,25,26,23,24,28,30,34,29,29,29,28,27,28,29,28,27,21,23,25,27,30,31,25,26,30,29,27,29,33,42,31,44,29,47,35,36,34,38,30,45,28,25,28,28,30,17,24,27,30,31,27,32,33,34,34,34,37,33,48,34,34,36,39,36,27,27,28,28,29,34,25,25,26,25,14,10,3,27,38,23,26,41,38,46,46,52,41,42,12,25,26,19,16,16,26,30,30,18,24,26,28,28,41,36,25,24,26,25,38,36,36,41,25,25,30,29,17,16,27,28,29,28,24,24,26,27,28,30,27,25,20,19,15,27,28,27,18,19,28,30,12,32,26,28,29,28,17,23,24,26,27,26,24,44,44,44,46,36,41,41,24,25,27,28,32,30,26,27,30,29,25,24,24,26,28,27,13,25,26,26,38,41,26,25,22,22,24,25,14,15,25,24,26,54,52,25,26,27,28,41,42,29,28,33,23,54,28,27,10,22,26,26,29,33,27,26,27,28,41,27,26,48,29,41,27,56,28,41,28,27,28,28
S267,C,1,0,3,0,0,0,0,0,0,0,1,1,0,0,0,1,0,0,0,1,0,0,0,1,0,1,5,0,0,0,0,0,0,0,1,0,1,0,0,0,0,0,0,0,0,0,1,0,1,0,2,0,0,1,1,0,1,0,0,0,0,1,0,0,0,0,2,0,0,1,0,1,1,0,5,0,1,0,0,1,1,0,0,0,0,0,2,0,0,0,0,0,0,0,0,2,1,1,4,0,0,0,0,0,0,1,0,0,0,0,0,2,0,0,1,0,2,0,0,0,0,0,0,0,1,0,1,0,0,0,0,1,1,0,1,0,0,0,1,0,0,1,0,0,0,0,1,0,0,1,0,0,1,0,0,0,1,0,0,0,0,0,0,0,0,0,0,0,0,0,4,0,1,0,0,0,1,0,0,0,0,0,0,1,0,0,0,0,0,0,0,0,0,1,3,0,0,1,0,0,0,0,0,0,1,1,0,0,0,0,0,0,0,2,0,0,1,0,2,0,0,0,1,1,0,0,0,0,0,2,1,0,0,0,0,0,0,0,0,0
S268,C,509,516,522,521,569,574,433,481,498,514,473,487,577,593,668,579,589,561,508,483,525,532,539,506,468,536,582,648,601,674,468,543,605,565,514,550,599,752,561,771,544,840,663,660,596,667,573,889,579,567,644,663,596,346,477,533,588,578,453,612,670,626,657,624,645,616,938,626,624,628,718,736,586,618,608,595,634,697,522,476,477,473,242,184,48,519,675,463,526,737,695,894,822,970,755,846,280,612,619,404,318,313,563,597,595,336,447,503,551,568,755,660,466,460,515,477,713,668,650,792,541,590,679,627,364,327,553,543,521,555,501,468,562,555,563,569,501,485,405,339,243,464,533,517,389,444,668,712,262,675,528,561,545,544,324,449,461,462,541,457,486,878,876,856,806,687,792,870,534,599,599,634,680,616,545,532,560,596,483,487,469,508,516,520,215,460,520,461,665,674,505,488,521,492,558,591,299,331,475,458,506,1032,994,483,504,525,536,756,806,534,513,561,386,1062,512,542,201,519,601,660,606,687,535,504,584,556,789,475,477,948,559,822,531,1026,524,776,495,507,531,535
S269,A,1,1,2,0,0,0,2,1,1,2,0,1,2,1,4,0,2,2,2,1,1,0,1,1,0,0,0,0,0,0,0,2,1,2,0,5,1,0,0,2,1,0,3,2,0,3,1,2,0,0,1,1,1,1,1,1,0,0,2,0,1,0,2,2,2,2,2,0,0,0,2,1,0,2,2,0,0,1,0,1,0,1,2,0,1,2,0,1,0,3,0,0,0,0,0,2,0,1,2,0,0,1,0,1,0,0,0,0,1,1,9,0,1,1,1,0,2,3,0,0,0,0,1,1,1,1,1,0,1,2,0,0,1,0,2,2,2,1,1,0,1,1,2,1,0,0,0,0,2,1,0,0,2,2,0,1,0,1,1,0,1,4,0,4,0,2,0,0,0,1,1,1,2,2,1,1,0,0,1,2,1,1,1,3,0,0,1,0,2,0,2,1,1,1,1,0,2,1,2,2,1,2,4,1,0,0,0,0,3,2,0,0,0,4,1,1,1,0,1,2,1,0,0,1,1,0,5,0,1,2,0,2,0,4,1,3,1,0,0,0
S270,C,0,0,2,1,0,1,1,0,0,0,0,0,0,0,2,0,0,1,0,0,0,0,0,0,1,0,8,0,0,1,0,1,0,0,1,0,1,2,0,0,0,0,0,0,2,0,0,0,0,1,4,0,0,0,0,1,0,0,0,0,0,0,0,1,1,0,2,0,0,0,0,0,0,0,6,0,0,1,0,0,0,1,1,0,0,0,0,0,0,2,0,0,0,0,0,0,0,0,5,1,0,1,0,0,0,1,0,0,0,1,0,0,1,0,0,1,0,2,0,0,1,0,3,1,0,1,0,0,0,0,0,0,0,0,0,0,0,0,0,0,0,0,0,0,1,0,5,0,1,0,0,0,1,0,0,0,0,0,0,0,0,0,0,0,2,2,0,0,0,0,4,1,0,0,0,0,1,1,0,0,0,0,0,1,0,0,0,0,0,0,1,0,0,0,3,1,0,0,0,0,0,2,0,0,0,0,0,0,0,0,0,1,0,0,0,0,1,0,4,1,0,0,0,1,0,0,2,0,0,0,0,0,0,0,0,0,0,0,0,0
S271,C,0,0,0,0,0,0,0,0,0,0,0,0,0,0,0,0,0,0,0,0,0,0,0,0,0,0,0,0,0,0,0,0,0,0,0,0,0,0,0,0,0,0,0,0,0,0,0,0,0,0,0,0,0,0,0,0,0,0,0,0,0,0,0,0,0,0,0,0,0,0,0,0,0,0,0,0,0,0,0,0,0,0,0,0,0,0,0,0,40,60,0,0,0,0,0,0,0,0,0,0,0,0,0,0,8,0,0,3,0,11,9,6,0,8,7,3,3,2,0,0,0,0,0,0,0,0,0,0,1,1,6,5,0,1,3,0,0,4,2,3,0,0,0,0,0,0,0,0,0,0,0,0,1,3,0,0,0,2,2,18,6,2,6,0,0,0,0,0,0,0,0,0,0,1,0,0,3,0,0,0,1,0,6,8,1,2,2,1,0,0,0,0,0,0,0,0,0,0,1,0,0,0,4,1,0,2,2,9,5,0,0,2,0,0,1,0,0,0,0,0,0,0,0,0,0,0,0,0,0,0,0,6,1,0,0,0,0,0,0,0
S272,B,0,0,0,0,0,0,0,0,0,0,0,1,0,0,0,0,2,0,0,0,0,0,0,0,0,0,0,0,0,0,0,0,0,0,1,0,0,0,3,2,0,0,0,0,0,0,0,0,0,0,0,0,0,0,0,0,0,0,0,0,0,0,0,0,0,0,0,0,0,0,0,0,0,0,0,0,0,0,0,0,0,0,0,1,0,0,0,0,0,0,0,0,0,0,0,0,0,0,0,0,0,0,0,0,0,0,0,1,0,0,8,0,0,0,0,0,0,0,0,0,0,0,0,0,0,0,0,0,0,0,0,0,0,0,0,0,3,4,0,0,0,0,0,0,0,0,0,0,0,0,0,0,0,0,0,0,0,0,0,0,0,0,0,0,0,0,0,0,0,0,0,0,0,0,0,0,0,0,0,1,6,1,0,0,0,0,2,0,0,0,0,0,0,0,0,0,0,0,0,0,0,0,0,0,0,0,0,0,0,0,0,0,0,0,0,0,0,0,0,0,0,0,0,0,0,0,0,0,0,0,0,0,0,0,0,0,0,0,0,0
S273,A,0,0,0,0,0,0,0,0,0,0,0,0,1,0,0,0,0,0,0,0,0,0,0,0,0,0,0,0,0,0,0,0,0,0,0,0,0,0,0,0,0,0,0,0,0,0,0,0,0,0,0,0,0,0,0,0,0,0,0,0,0,0,0,0,0,0,0,0,0,0,0,0,0,0,0,0,0,0,0,0,0,0,0,2,0,0,0,0,0,0,0,0,0,0,0,0,0,0,0,0,0,0,0,0,0,0,0,0,0,0,0,0,0,0,0,0,0,0,0,0,0,0,0,0,0,0,0,0,0,0,0,0,0,0,0,1,0,0,0,0,0,0,0,0,0,0,0,0,0,0,0,0,0,1,1,1,3,17,214,537,417,756,542,308,228,153,149,104,29,14,9,5,6,9,35,69,135,183,168,156,136,149,201,213,100,185,150,129,177,174,111,75,34,14,8,6,3,5,19,43,91,280,300,141,113,117,139,215,227,152,121,153,185,244,109,77,16,19,11,8,8,10,19,43,87,127,212,138,114,216,144,213,150,310,144,222,152,147,134,94
S274,A,0,0,0,0,0,0,0,0,0,0,0,0,0,0,0,1,5,0,0,0,0,0,0,0,0,0,0,0,0,0,0,0,0,0,1,0,3,0,4,0,0,0,0,0,0,0,0,0,0,0,0,0,0,0,0,0,0,0,0,0,0,0,0,0,0,1,0,0,0,0,0,0,0,0,0,0,0,0,0,0,0,0,0,1,0,1,0,3,2,0,0,0,0,0,0,0,0,0,0,0,0,0,0,0,0,0,1,2,0,0,8,0,0,0,0,0,0,2,0,0,0,0,0,0,0,0,0,0,0,0,0,1,0,0,0,3,5,6,0,0,0,0,0,0,0,0,0,0,0,0,0,0,0,2,0,1,1,0,1,0,1,0,0,0,0,0,0,0,2,0,0,0,0,0,0,0,1,1,5,0,4,4,0,0,0,0,1,0,0,3,0,0,0,0,0,0,0,0,0,0,0,0,0,0,0,0,0,0,6,0,0,0,0,0,0,0,0,0,0,0,0,0,0,0,0,0,0,0,0,0,0,0,0,0,0,0,0,0,0,0
S275,A,395,525,577,546,643,651,487,618,697,583,597,633,767,598,753,768,667,708,709,461,650,648,733,690,498,467,658,637,835,808,543,679,704,758,715,535,775,910,820,675,706,1052,904,731,676,891,662,1070,665,544,701,766,905,471,452,667,903,729,698,674,791,814,861,827,906,564,1134,887,776,696,831,833,655,657,821,609,791,854,656,650,518,612,359,228,66,738,621,585,621,1113,956,1124,776,1312,1125,1073,312,733,499,511,471,423,736,573,787,463,557,740,533,629,914,803,426,565,651,607,918,632,846,996,579,674,589,714,421,405,689,654,643,742,612,613,637,492,666,749,713,553,500,330,316,669,715,724,472,336,760,768,339,745,595,738,743,663,378,560,434,711,722,610,594,1202,800,1096,1062,786,671,999,644,569,763,708,720,800,688,724,771,750,435,600,573,741,759,608,256,626,650,604,840,941,456,672,570,527,661,525,340,359,595,626,586,1032,1324,672,650,688,595,869,1005,754,605,523,714,990,802,766,254,617,620,744,853,878,703,698,894,552,1079,822,831,1449,830,906,711,1342,687,1059,744,532,786,779
S276,B,0,0,0,0,0,0,0,0,0,0,0,0,0,0,0,0,0,0,0,0,0,0,0,0,0,0,0,0,0,0,0,0,0,0,0,0,0,0,0,0,0,0,0,0,0,0,0,0,0,0,0,0,0,0,0,0,0,0,0,0,0,0,0,0,0,0,0,0,0,0,0,0,0,0,0,0,0,0,0,0,0,0,0,0,0,2,0,1,0,0,0,0,0,0,0,0,0,0,0,0,0,0,0,0,0,0,0,4,0,0,3,0,0,0,0,0,0,0,0,0,0,0,0,0,0,0,0,0,0,0,0,0,0,0,0,0,6,7,0,0,0,0,0,0,0,0,0,0,0,0,0,0,0,3,0,2,1,1,1,0,1,0,0,0,0,0,0,0,0,0,0,0,0,0,0,0,0,2,7,2,4,4,0,0,0,0,1,0,0,0,0,0,0,0,0,0,0,0,0,0,0,0,0,0,0,0,0,0,2,0,0,0,0,0,0,0,0,0,0,0,0,0,0,0,0,0,0,0,0,0,0,0,0,0,0,0,0,0,0,0
S277,C,0,0,0,0,0,0,0,0,0,0,0,0,0,0,0,0,3,1,0,0,0,0,0,0,0,0,0,0,0,0,0,0,0,0,1,0,0,0,2,0,0,0,0,0,0,0,0,0,0,0,0,0,0,0,0,0,0,0,0,0,0,0,0,0,0,0,0,0,0,0,0,0,0,0,0,0,0,0,0,0,0,0,0,2,0,0,0,0,0,0,0,0,0,0,0,0,0,0,0,0,0,0,0,0,0,0,0,1,0,0,3,0,0,0,0,0,0,0,0,0,0,0,0,0,0,0,0,0,0,0,0,0,0,0,0,0,6,2,0,0,0,0,0,0,0,0,0,0,0,0,0,0,0,1,1,0,0,1,0,0,0,0,0,0,0,0,0,0,0,0,0,0,0,0,0,0,0,1,0,2,0,2,0,0,0,0,1,0,0,0,0,0,0,0,0,0,0,0,0,0,0,0,0,0,0,0,0,0,0,0,0,0,0,0,0,0,0,0,0,0,0,0,0,0,0,0,0,0,0,0,0,0,0,0,0,0,0,0,0,0
S278,A,0,0,0,0,0,0,0,0,0,0,0,1,0,0,0,0,1,0,0,0,0,0,0,0,0,0,0,0,0,0,0,0,0,0,0,0,2,0,3,0,0,0,0,0,0,0,0,0,0,0,0,0,0,0,0,0,0,0,0,0,0,0,0,0,0,1,0,0,0,0,0,0,0,0,0,0,0,0,0,0,0,0,0,1,0,0,2,0,2,0,0,4,0,0,0,0,0,0,0,0,0,0,0,0,0,0,0,2,0,0,6,0,0,0,0,0,2,0,0,0,0,0,0,0,0,0,0,0,0,0,0,0,0,0,0,0,5,3,0,0,0,0,0,0,0,0,0,0,0,0,0,0,0,4,1,0,2,1,3,0,0,0,0,0,0,0,0,0,0,0,0,0,0,0,0,0,0,1,4,1,8,4,0,0,0,0,2,0,0,0,0,0,0,0,0,0,0,0,0,0,0,0,0,0,0,0,0,0,2,0,0,0,0,0,0,0,0,0,0,0,0,0,0,0,0,0,0,0,0,0,0,0,0,0,0,0,0,0,0,0
S279,C,0,0,0,0,0,0,0,0,0,0,0,0,1,2,0,1,8,1,0,0,2,0,0,0,0,0,0,0,0,0,0,0,0,0,0,0,1,0,3,3,0,2,0,0,0,0,0,0,0,0,0,0,0,0,0,0,0,0,0,0,0,0,0,0,0,1,0,0,0,0,0,0,0,0,0,0,0,0,0,0,0,0,0,1,0,1,0,0,1,0,0,2,0,0,0,0,0,0,0,0,0,0,0,0,0,0,1,3,0,0,15,6,3,2,0,0,0,2,0,0,0,0,0,0,0,0,0,0,0,0,0,0,0,0,0,0,5,3,0,0,0,0,0,0,0,0,0,0,0,0,0,0,0,2,1,0,1,1,0,0,0,0,0,0,0,0,0,0,0,0,0,0,0,0,0,0,0,4,9,2,3,1,0,0,0,0,1,0,0,2,0,0,0,0,0,0,0,0,0,0,0,0,0,0,0,0,0,0,5,0,0,0,0,0,0,0,0,0,0,0,0,0,0,0,0,0,0,0,0,0,0,0,0,0,0,0,0,0,0,0
S280,B,3,0,0,0,1,0,0,0,1,0,1,3,1,0,3,0,14,0,0,0,0,0,0,1,1,0,0,0,2,0,0,0,1,0,1,0,1,0,0,0,0,0,3,0,0,0,0,0,1,0,1,0,0,0,2,0,2,0,0,0,0,0,2,0,2,0,2,0,1,0,1,0,1,0,0,0,1,0,0,0,1,0,1,0,1,0,3,0,1,0,2,0,4,0,0,0,0,0,1,0,1,0,1,0,1,3,0,0,0,0,2,3,0,0,0,0,2,0,0,0,2,0,0,0,0,0,0,0,0,0,0,0,1,0,8,0,0,0,6,0,0,0,0,0,2,0,1,0,0,0,0,0,0,0,1,0,0,0,0,0,2,0,0,0,0,0,2,0,1,0,1,0,0,0,1,0,1,0,0,0,1,0,1,0,1,0,0,0,2,0,0,0,1,0,3,0,1,0,1,0,0,0,2,0,0,0,1,0,2,0,2,0,2,0,2,0,1,0,0,0,0,0,0,0,1,0,2,0,2,0,0,0,1,0,1,0,1,0,0,0
S281,A,0,0,0,0,0,0,0,0,0,0,0,0,0,0,0,0,0,0,0,0,0,0,0,0,0,0,0,0,0,0,0,0,0,0,0,0,0,0,0,0,0,0,0,0,0,0,0,0,0,0,0,0,0,0,0,0,0,0,0,0,0,0,0,0,0,0,0,0,0,0,0,0,0,0,0,0,0,0,0,0,0,0,0,0,0,0,0,0,0,0,0,0,0,0,0,0,0,0,0,0,0,0,0,0,18,0,1,0,0,0,0,3,1,0,0,0,0,0,0,0,0,0,0,0,0,0,0,0,1,1,0,0,0,0,1,0,0,1,0,0,0,0,0,0,0,0,0,0,0,0,0,0,0,0,0,0,0,0,0,0,0,0,0,0,0,0,0,0,0,0,0,0,0,0,0,0,1,0,0,0,1,1,3,1,0,1,2,0,0,0,0,0,0,0,0,0,0,0,0,0,0,0,0,0,0,0,0,0,0,0,0,0,0,0,0,0,0,0,0,0,0,0,0,0,0,0,0,0,0,0,0,0,0,0,0,0,0,0,0,0
S282,A,2,162,116,108,139,237,367,470,478,523,487,573,817,835,869,787,816,941,1121,1268,1386,1336,1052,637,305,201,147,134,162,278,379,550,650,681,673,798,967,1235,901,1278,896,1613,1432,1730,1656,1750,1135,1094,415,218,172,140,158,142,352,553,671,765,697,936,1068,1072,1049,1077,1169,1138,1953,1657,1724,1651,1344,809,378,217,154,113,53,107,292,392,443,481,269,206,71,704,887,584,677,1235,1436,2092,2154,2266,1410,966,159,194,140,85,78,130,376,516,566,392,590,706,872,868,1193,1068,782,839,1127,1234,1788,1619,1290,957,345,217,180,141,91,136,413,561,687,738,687,692,876,886,865,918,829,841,874,916,622,1216,1008,680,261,160,168,140,62,260,397,533,615,700,431,622,731,761,798,730,716,1496,1780,2068,2340,1743,1533,1050,362,225,171,144,180,267,425,536,622,662,608,656,778,820,825,811,395,1042,1211,1372,1994,1814,1132,763,412,242,175,152,85,143,426,592,757,1720,1774,917,994,1022,1046,1586,1692,1224,1343,1692,503,2826,1101,715,166,258,207,162,178,303,448,625,770,839,1284,889,926,1679,995,1404,959,2144,1216,2027,1412,1271,1036,708
S283,A,0,0,0,0,0,0,0,0,0,0,0,0,0,0,0,0,1,1,0,0,0,0,0,0,0,0,0,0,0,0,0,0,0,0,0,0,0,0,2,2,0,0,0,0,0,0,0,0,0,0,0,0,0,0,0,0,0,0,0,0,0,0,0,0,0,0,0,0,0,0,0,0,0,0,0,0,0,0,0,0,0,0,0,2,0,0,0,0,0,0,0,0,2,0,0,0,0,0,0,0,0,0,0,0,0,0,0,1,0,0,3,0,0,0,0,0,0,0,0,0,0,0,0,0,0,0,0,0,0,0,0,0,0,0,0,0,6,3,0,0,0,0,0,0,0,0,0,0,0,0,0,0,0,2,0,0,0,0,0,0,0,0,0,0,0,0,0,0,0,0,0,0,0,0,0,0,0,0,0,0,3,2,0,0,0,0,2,0,0,0,0,0,0,0,0,0,0,0,0,0,0,0,0,0,0,0,0,0,0,0,0,0,0,0,0,0,0,0,0,0,0,0,0,0,0,0,0,0,0,0,0,0,0,0,0,0,0,0,0,0
S284,C,71,6,82,54,59,125,195,123,189,360,255,238,324,240,444,397,522,509,127,101,134,102,107,101,80,61,148,106,211,171,244,133,195,199,241,377,304,374,341,423,237,398,260,302,246,423,130,196,81,60,151,99,78,72,135,115,163,317,164,158,314,292,339,537,202,108,126,59,193,89,88,85,121,60,182,86,82,177,129,77,184,336,139,94,21,185,464,388,302,444,296,630,1012,116,125,422,62,46,129,83,53,76,154,114,164,252,316,269,315,335,545,341,287,187,115,84,107,104,149,188,126,106,225,188,79,175,495,245,127,359,271,230,224,233,353,330,412,214,107,87,55,53,97,65,54,43,144,136,47,206,255,428,225,338,159,215,206,171,259,317,282,406,298,158,160,141,197,137,40,26,99,292,192,185,250,182,260,377,258,221,223,179,235,283,162,225,481,2005,1029,174,66,62,101,39,139,223,76,131,327,40,48,136,370,125,83,205,144,161,165,158,119,78,83,222,133,64,27,42,81,180,144,105,219,208,283,250,96,74,157,282,140,200,113,306,163,128,110,144,83,59
S285,A,0,0,0,0,0,0,0,0,0,0,0,0,0,0,0,1,0,0,0,0,0,0,0,0,0,0,0,0,0,0,0,0,0,0,0,0,0,0,0,0,0,0,2,0,0,0,0,0,0,0,0,0,0,0,0,0,0,0,0,0,0,0,0,0,0,0,0,0,0,0,0,0,0,0,0,0,0,0,0,0,0,0,0,0,0,0,0,0,0,0,2,4,2,0,0,0,0,0,0,0,0,0,0,0,0,0,0,0,0,0,0,0,0,0,0,0,2,0,2,2,0,0,0,0,0,0,0,0,0,2,2,0,0,0,8,1,0,2,0,0,0,1,0,0,0,0,0,0,0,0,0,0,0,0,0,1,0,0,0,0,0,0,0,2,0,0,0,0,0,0,0,0,0,0,0,0,0,0,5,0,0,0,1,0,1,0,0,0,0,0,0,0,0,0,0,0,0,0,0,0,0,0,0,0,0,0,0,0,0,0,0,0,0,0,0,0,0,0,0,0,0,0,0,0,0,0,0,0,0,0,0,0,0,0,0,0,0,0,0,0
S286,B,0,0,0,0,0,0,0,0,0,0,0,2,0,0,0,1,4,0,0,0,0,0,0,0,0,0,0,0,0,0,0,0,0,0,0,0,0,0,2,0,0,0,0,0,0,0,0,0,0,0,0,0,0,0,0,0,0,0,0,0,0,0,0,0,0,1,0,0,0,0,0,0,0,0,0,0,0,0,0,0,0,0,0,1,0,2,0,0,1,0,0,4,0,0,0,0,0,0,0,0,0,0,0,0,0,0,1,1,0,0,5,2,0,0,0,0,0,0,0,0,0,0,0,0,0,0,0,0,0,0,0,0,0,0,0,0,5,2,0,0,0,0,0,0,0,0,0,0,0,0,0,0,0,3,1,1,2,0,1,0,2,0,0,0,0,0,0,0,0,0,0,0,0,0,0,0,2,2,11,2,2,3,0,0,0,0,3,0,0,2,0,0,0,0,0,0,0,0,0,0,0,0,0,0,0,0,0,0,2,0,0,0,0,0,0,0,0,0,0,0,0,0,0,0,0,0,0,0,0,0,0,0,0,0,0,0,0,0,0,0
S287,B,0,0,0,0,0,0,0,0,0,0,0,0,0,0,0,0,0,0,0,0,0,0,0,0,0,0,0,0,0,0,0,0,0,0,0,0,0,0,0,0,0,0,0,0,0,0,0,0,0,0,0,0,0,0,0,0,0,0,0,0,0,0,0,0,0,0,0,0,0,0,0,0,0,0,0,0,0,0,0,0,0,0,0,0,0,0,0,0,0,0,0,0,38,0,0,0,0,0,0,0,0,0,0,0,0,0,0,1,0,0,0,0,0,0,0,0,0,0,0,0,0,0,0,0,0,0,0,0,0,0,0,0,0,0,0,0,0,1,0,10,0,31,0,0,0,0,0,0,0,0,0,0,0,0,0,0,0,0,0,0,0,0,0,0,0,0,0,0,0,0,0,0,0,0,0,0,0,0,0,0,0,0,1,0,0,0,0,0,0,0,0,0,0,0,0,0,0,0,0,0,0,0,0,0,0,0,0,0,0,0,0,0,0,0,0,0,0,0,0,0,0,0,0,0,0,0,0,0,0,0,0,0,0,0,0,0,0,0,0,0
S288,A,0,0,0,0,0,0,0,0,0,0,0,0,0,0,0,1,3,0,0,0,0,0,0,0,0,0,0,0,0,0,0,0,0,0,0,0,0,0,0,0,0,0,0,0,0,0,0,0,0,0,0,0,0,0,0,0,0,0,0,0,0,0,0,0,0,0,0,0,0,0,0,0,0,0,0,0,0,0,0,0,0,0,0,3,0,0,0,0,0,0,0,0,0,0,0,0,0,0,0,0,0,0,0,0,0,0,0,4,0,0,3,0,0,0,0,0,2,0,0,0,0,0,0,0,0,0,0,0,0,0,0,0,0,0,0,0,5,1,0,0,0,0,0,0,0,0,0,0,0,0,0,0,0,2,0,0,0,0,0,0,0,0,0,0,0,0,0,0,1,0,0,0,0,0,0,0,0,2,0,0,0,1,0,0,0,0,1,0,0,0,0,0,0,0,0,0,0,0,0,0,0,0,0,0,0,0,0,0,0,0,0,0,0,0,0,0,0,0,0,0,0,0,0,0,0,0,0,0,0,0,0,0,0,0,0,0,0,0,0,0
S289,A,0,0,0,0,0,0,0,0,0,0,0,4,0,0,0,0,4,0,0,0,0,0,0,0,0,0,0,0,0,0,0,0,0,0,2,2,2,0,0,11,0,0,0,0,0,0,0,2,0,0,0,0,0,0,0,0,0,0,0,0,0,0,0,0,0,0,0,0,0,0,0,0,0,0,0,0,0,0,0,0,0,0,0,0,0,0,0,0,1,0,0,0,0,0,0,0,0,0,0,0,0,0,0,0,0,0,0,0,0,0,0,2,0,0,0,0,0,0,0,0,0,0,0,0,0,0,0,0,0,0,0,0,0,0,0,0,0,5,0,0,0,0,0,0,0,0,0,0,0,0,0,0,0,0,0,0,0,0,0,0,0,0,0,0,0,0,0,0,0,0,0,0,0,0,0,0,0,0,0,0,0,0,5,4,1,0,1,0,0,0,0,0,0,0,0,0,0,0,0,0,0,0,0,0,0,0,0,0,0,0,0,0,0,0,0,0,0,0,0,0,0,0,0,0,0,0,0,0,0,0,0,0,0,0,0,0,0,0,0,0
S290,C,0,0,0,0,0,0,0,0,0,0,0,0,0,0,2,1,0,0,0,0,0,0,0,0,0,0,0,0,0,0,0,0,0,0,0,0,0,0,0,0,0,0,2,0,0,0,0,0,0,0,0,0,0,0,0,0,0,0,0,0,0,0,0,0,0,0,0,0,0,0,0,0,0,0,0,0,0,0,0,0,0,0,0,0,0,0,0,0,0,0,0,0,2,0,0,0,0,0,0,0,0,0,0,0,0,0,1,0,0,0,0,0,0,0,0,1,0,0,0,2,0,0,0,0,0,0,0,0,0,2,1,0,0,0,5,1,0,3,0,0,0,1,0,0,0,0,0,0,0,0,0,0,0,1,0,0,0,0,0,0,1,0,0,0,0,0,0,0,0,0,0,0,0,0,0,0,0,0,1,0,0,0,3,3,1,0,0,0,0,0,0,0,0,0,0,0,0,0,0,0,0,0,0,0,0,0,0,0,0,0,0,0,0,0,0,0,0,0,0,0,0,0,0,0,0,0,0,0,0,0,0,0,0,0,0,0,0,0,0,0
S291,A,6,0,0,0,686,3,4,10,11,2,5,5,12,4,11,4,9,6,10,5,6,6,10,3,238,0,1,0,358,7,11,5,13,6,6,5,9,6,7,8,9,9,14,8,8,2,10,6,346,0,3,0,356,4,9,4,8,2,5,2,7,4,7,7,9,6,15,3,4,3,7,7,319,0,5,0,266,6,5,3,12,4,6,2,1,4,17,2,10,8,12,8,14,6,11,6,96,0,1,0,111,4,8,10,10,5,5,8,7,1,8,12,8,1,9,7,9,5,12,0,356,0,2,0,226,3,5,8,13,5,5,6,5,3,5,6,5,2,6,2,5,4,12,4,188,0,5,0,181,6,10,5,11,2,5,3,5,3,4,5,3,8,12,2,10,5,12,8,221,0,4,560,5,12,6,9,10,5,9,3,7,2,9,3,4,1,6,4,9,9,5,1,277,0,6,0,170,3,11,5,14,2,12,1,3,3,4,5,12,6,3,5,9,10,4,4,137,0,2,0,555,9,6,7,17,5,9,6,12,6,8,5,3,8,7,5,6,3,9,2
S292,A,177,0,0,220,0,0,277,0,274,0,0,31,0,0,94,0,0,73,0,0,98,0,0,126,0,112,0,0,198,0,0,198,0,0,234,0,0,41,0,0,53,0,69,0,0,95,0,0,106,0,0,110,0,0,135,0,170,0,0,19,0,0,25,0,0,48,0,0,51,0,108,0,0,86,0,0,112,0,0,173,0,0,74,0,3,0,0,59,0,0,48,0,0,248,0,0,49,0,132,0,0,90,0,0,157,0,0,28,0,0,63,0,58,4,0,57,11,0,114,0,0,155,0,0,58,0,0,133,0,121,34,0,25,0,3,58,0,0,49,0,0,65,0,0,71,0,191,0,0,192,0,0,187,0,0,18,0,0,54,0,78,0,0,120,0,0,111,0,0,85,0,0,155,0,0,147,0,226,0,0,17,0,0,36,0,0,50,0,0,101,0,110,0,0,137,0,0,119,0,0,224,0,0,22,0,0,30,0,56,0,0,103,0,0,66,0,0,113,0,0,197,0,223,0,0,233,0,0,34,0,0,23,0,0,49,0,84,0,0,83
S293,A,0,0,0,0,0,0,0,0,0,2,2,0,0,0,0,0,0,0,0,0,0,0,0,0,0,0,0,0,0,0,0,0,0,0,0,0,0,0,0,0,0,0,0,0,0,0,0,0,0,0,0,0,0,0,0,0,0,0,0,0,0,0,0,174,0,0,0,0,0,0,0,0,0,0,0,0,0,0,0,0,0,0,0,0,0,0,0,0,0,0,0,0,0,0,0,3,0,0,0,0,0,0,0,0,0,0,0,0,0,0,0,0,0,0,0,1,0,0,0,0,0,0,0,0,0,0,0,0,0,0,0,0,0,0,0,7,1,0,0,3,0,0,0,0,0,0,0,0,0,0,0,0,0,0,0,0,0,0,0,0,0,0,0,0,0,0,0,0,0,0,0,0,0,0,0,0,0,0,0,0,0,0,0,0,0,0,0,0,0,0,0,0,0,0,0,0,0,0,0,0,0,0,0,0,0,0,0,0,0,0,0,0,0,0,0,0,0,0,0,0,0,0,0,0,0,0,0,0,0,0,0,0,0,0,0,0,0,0,0,0
S294,C,1,68,75,64,82,87,68,65,72,67,65,59,71,90,105,90,87,81,67,70,85,89,89,72,71,64,75,79,80,94,77,94,81,76,84,81,92,124,91,122,80,113,94,105,71,123,99,121,75,71,86,73,96,54,68,78,94,96,77,93,88,86,101,93,95,98,135,93,92,95,113,105,75,64,74,85,81,98,78,63,83,60,40,30,8,81,99,63,66,105,119,118,106,158,140,117,27,79,86,59,45,48,81,91,86,56,57,79,80,96,108,116,56,67,100,68,84,110,99,107,69,70,98,99,48,48,91,67,81,89,75,63,87,84,97,86,79,62,65,45,35,67,106,87,54,58,86,95,33,98,81,80,74,79,47,78,71,77,77,72,54,106,146,118,116,105,128,149,66,66,83,79,104,86,84,83,97,86,60,84,81,86,101,68,34,59,67,73,90,98,74,86,67,57,72,83,44,49,87,59,75,136,144,71,80,78,64,122,116,70,98,105,113,128,75,65,24,67,72,83,84,105,80,71,77,82,128,84,89,144,81,107,70,140,79,116,83,72,67,81
S295,A,1,0,0,1,0,0,0,0,0,0,0,0,0,1,2,0,1,0,0,0,0,0,1,0,0,0,0,1,1,0,0,0,0,0,0,0,0,0,0,2,0,2,2,0,0,0,0,0,0,0,0,1,1,0,0,0,0,0,1,0,0,0,0,0,0,0,0,1,0,0,0,0,0,0,0,0,0,0,1,0,0,0,0,0,1,0,0,1,1,0,0,0,0,2,2,0,0,0,1,1,1,0,0,0,0,0,0,0,1,0,0,0,0,0,1,0,2,0,0,0,0,0,1,0,0,1,0,0,0,0,1,1,0,0,0,0,0,0,0,0,0,0,1,0,0,1,0,0,0,0,1,0,1,0,0,0,0,1,1,1,0,0,0,2,0,0,0,0,0,0,1,0,0,0,1,0,1,1,0,0,1,0,0,0,1,0,1,0,2,0,0,1,0,0,1,1,0,0,0,0,0,0,0,0,0,0,1,0,2,0,0,0,0,0,0,0,0,1,0,0,0,0,0,0,0,0,0,1,0,0,0,0,0,0,1,2,0,0,0,0
S296,A,0,0,0,0,0,0,0,0,0,0,0,1,0,0,0,1,4,1,0,0,0,0,0,0,0,0,0,0,0,0,0,0,0,0,0,0,1,0,3,2,0,0,0,0,0,0,0,0,0,0,0,0,0,0,0,0,0,0,0,0,0,0,0,0,0,1,0,0,0,0,0,0,0,0,0,0,0,0,0,0,0,0,0,2,0,3,0,0,1,3,0,0,0,0,0,0,0,0,0,0,0,0,0,0,0,0,0,3,0,0,2,2,0,0,0,0,0,2,0,0,0,0,0,0,0,0,0,0,0,0,0,0,0,0,0,0,4,2,0,0,1,0,0,0,0,0,0,0,0,0,0,0,0,2,0,0,2,1,2,0,1,0,0,0,0,0,0,0,0,0,0,0,0,0,0,0,0,1,7,1,2,2,0,0,0,0,2,0,0,2,0,0,0,0,0,0,0,0,0,0,0,0,0,0,0,0,0,0,3,0,1,0,0,0,0,0,0,0,0,0,0,0,0,0,0,0,0,0,0,0,0,0,0,0,0,0,0,0,0,0
S297,C,0,0,0,0,0,0,0,0,0,0,0,0,0,0,0,0,3,0,0,0,0,0,0,0,0,0,0,0,0,0,0,0,0,0,0,0,0,0,1,0,0,0,0,0,0,0,0,0,0,0,0,0,0,0,0,0,0,0,0,0,0,0,0,0,0,0,0,0,0,0,0,0,0,0,0,0,0,0,0,0,0,0,0,2,0,0,0,0,0,0,0,0,0,0,0,0,0,0,0,0,0,0,0,0,0,0,0,2,0,0,9,0,0,0,0,0,0,0,0,0,0,0,0,0,0,0,0,0,0,0,0,0,0,0,0,0,4,1,0,0,0,0,0,0,0,0,0,0,0,0,0,0,0,1,0,0,0,0,0,0,0,0,0,0,0,0,0,0,1,0,0,0,0,0,0,0,0,3,0,2,2,1,0,0,0,0,1,0,0,0,0,0,0,0,0,0,0,0,0,0,0,0,0,0,0,0,0,0,0,0,0,0,0,0,0,0,0,0,0,0,0,0,0,0,0,0,0,0,0,0,0,0,0,0,0,0,0,0,0,0
S298,B,0,0,0,0,0,0,0,0,0,0,0,0,0,0,2,6,1,0,0,0,0,0,0,0,0,0,0,0,0,0,0,0,0,0,0,0,0,0,0,0,0,0,0,0,0,0,0,0,0,0,0,0,0,0,0,0,0,0,0,0,0,0,0,0,0,0,0,0,0,0,0,0,0,0,0,0,0,0,0,0,0,0,0,0,0,0,17,0,0,0,0,0,0,0,0,0,0,0,0,0,0,0,0,0,0,4,0,0,0,0,0,0,0,0,0,0,0,0,0,0,0,0,0,0,0,0,0,0,0,0,8,0,0,1,0,0,1,0,0,0,0,0,0,0,0,0,0,0,0,0,0,0,0,0,0,0,0,0,0,0,0,0,0,0,0,0,0,0,0,0,0,0,0,0,0,0,12,1,1,2,0,0,0,1,0,0,0,0,0,0,0,0,0,0,0,0,0,0,0,0,0,0,0,0,0,0,0,0,0,0,0,0,0,0,0,0,0,0,0,0,0,0,0,0,0,0,0,0,0,0,0,0,0,0,0,0,0,0,0,0
S299,A,1,0,0,0,0,0,0,0,0,1,0,0,1,1,0,0,0,0,0,1,0,0,0,1,0,0,0,1,0,1,1,0,1,0,1,0,0,2,0,2,1,2,0,2,2,0,1,0,0,0,1,0,0,0,0,0,1,0,1,0,0,0,0,0,1,1,0,1,1,1,0,0,0,0,0,0,1,0,0,0,0,1,0,0,0,0,0,0,0,0,0,0,0,2,2,0,1,1,0,1,0,0,0,0,0,0,1,0,0,0,0,0,1,0,0,1,2,0,0,0,0,0,0,1,1,0,0,0,0,0,0,0,0,0,0,1,0,0,1,0,1,0,0,0,0,1,0,0,0,1,0,0,0,0,0,1,0,0,0,0,0,0,0,0,2,0,0,0,0,0,0,0,0,0,0,0,1,1,0,0,1,1,0,0,0,1,0,0,0,2,0,0,0,0,0,0,0,0,0,0,0,0,0,0,0,0,0,0,0,0,1,0,0,2,0,1,1,0,1,0,1,0,1,0,1,0,0,0,0,0,0,0,0,0,0,2,0,1,0,0
S300,A,0,0,0,0,0,0,0,0,0,14,0,96,0,0,0,0,9,36,6,0,0,0,0,0,0,0,0,0,0,0,0,0,0,0,0,0,0,0,0,0,0,0,0,0,0,0,0,0,0,0,0,0,0,0,0,0,0,0,0,0,0,0,0,0,0,0,0,0,0,0,0,0,0,0,0,0,0,0,0,0,0,0,0,0,0,0,0,0,0,0,0,0,0,0,96,24,0,0,0,0,0,0,0,0,0,0,0,0,0,0,0,0,0,0,0,0,0,0,0,0,0,0,0,0,0,0,0,0,0,0,0,0,0,0,0,0,0,0,0,0,0,0,0,0,41,0,0,0,0,0,0,0,0,0,0,0,0,0,0,0,0,0,0,0,0,0,0,0,0,0,0,0,0,0,0,0,0,0,0,0,0,0,0,0,0,0,0,0,0,0,0,0,0,0,0,0,0,0,0,0,0,0,0,0,0,0,0,0,0,0,0,0,0,0,0,0,0,0,0,0,0,0,0,0,0,0,0,0,0,0,0,0,0,0,0,0,0,0,0,0
S301,C,0,0,0,0,0,0,0,0,0,0,0,0,0,0,0,1,5,1,0,0,0,0,0,0,0,0,0,0,0,0,0,0,0,0,0,0,0,0,2,0,0,0,0,0,0,2,0,0,0,0,0,0,0,0,0,0,0,0,0,0,0,0,0,0,0,2,0,0,0,0,0,0,0,0,0,0,0,0,0,0,0,0,0,1,0,0,0,0,1,2,0,0,0,0,0,0,0,0,0,0,0,0,0,0,0,0,1,1,0,0,9,2,0,0,0,0,0,0,0,0,0,0,0,0,0,0,0,0,0,0,0,0,0,0,0,0,9,2,0,0,1,0,0,0,0,0,0,0,0,1,0,0,0,5,0,0,1,1,8,0,0,0,0,0,22,0,0,0,1,0,0,0,0,0,0,0,1,5,6,0,5,3,0,0,0,0,2,0,0,2,0,0,0,0,0,0,0,0,0,0,0,0,0,0,0,0,0,0,2,0,0,0,0,0,0,0,0,0,0,0,0,0,0,0,0,0,0,0,0,0,0,0,0,0,0,0,0,0,0,0
S302,A,0,0,0,0,0,0,0,0,0,0,0,2,0,0,0,2,4,1,0,0,0,0,0,0,0,0,0,0,0,0,0,0,0,0,0,0,1,0,3,0,0,0,0,0,0,0,0,0,0,0,0,0,0,0,0,0,0,0,0,0,0,0,0,0,0,1,0,0,0,0,0,0,0,0,0,0,0,0,0,0,0,0,0,2,0,0,0,0,4,2,0,0,0,0,0,0,0,0,0,0,0,0,0,0,0,0,0,2,0,0,5,0,0,0,0,0,0,3,0,0,0,0,0,0,0,0,0,0,0,0,0,0,0,0,0,0,2,3,0,0,0,0,0,0,0,0,0,0,0,0,0,0,0,3,0,0,0,0,3,0,0,0,0,0,0,0,0,0,0,0,0,0,0,0,0,0,0,1,5,0,5,3,0,0,0,0,1,0,0,2,0,0,0,0,0,0,0,0,0,0,0,0,0,0,0,0,0,0,3,0,1,0,0,0,0,0,0,0,0,0,0,0,0,0,0,0,0,0,0,0,0,0,0,0,0,0,0,0,0,0
S303,B,0,0,0,0,0,0,0,0,0,0,0,0,0,0,0,0,0,0,0,0,0,0,0,0,0,0,0,0,0,0,0,0,0,0,0,0,0,0,0,0,0,0,0,0,0,0,0,0,0,0,0,0,0,0,0,0,0,0,0,0,0,0,0,0,0,0,0,0,0,0,0,0,0,0,0,0,0,0,0,0,0,0,0,0,0,0,0,0,0,0,0,0,0,14,3,11,0,0,0,0,0,0,0,0,1,6,0,0,0,0,0,32,0,0,0,6,0,0,0,0,0,0,0,0,0,0,0,0,0,0,0,0,0,0,1,0,0,0,0,0,1,0,0,0,0,0,0,0,0,0,0,0,0,0,0,0,0,0,0,0,0,0,0,0,0,0,0,0,0,0,0,0,0,0,0,0,0,0,0,0,0,0,0,0,0,0,0,0,0,0,0,0,0,0,0,0,0,0,0,0,0,0,0,0,0,0,0,0,0,0,0,0,0,0,0,0,0,0,0,0,0,0,0,0,0,0,0,0,0,0,0,0,0,0,0,0,0,0,0,0
S304,A,1,0,0,1,0,0,0,0,0,2,2,2,1,2,2,2,6,1,0,0,1,0,0,0,0,0,0,0,0,0,1,0,0,0,1,0,0,0,0,2,0,5,0,0,0,0,0,2,1,0,0,1,0,0,0,0,0,0,0,0,0,0,0,1,0,0,2,0,0,1,0,0,1,0,0,0,0,0,1,0,0,2,1,1,1,0,3,2,2,0,0,2,6,0,0,0,1,0,0,0,0,0,0,0,0,1,1,2,0,1,2,0,0,1,2,0,0,0,0,0,1,0,2,0,0,0,1,0,0,2,4,0,1,0,3,1,3,5,1,2,1,0,0,2,1,0,0,0,0,0,1,0,2,2,3,1,1,4,4,1,3,4,4,0,0,3,0,3,1,0,0,0,0,0,0,0,0,2,3,2,0,0,1,5,2,1,0,0,0,0,0,0,0,0,0,0,0,0,1,0,2,0,0,0,1,0,3,0,0,0,0,0,2,0,1,0,0,0,0,0,0,0,0,0,0,0,0,0,2,0,0,0,0,2,0,2,0,0,0,3
S305,C,0,0,0,0,0,0,0,0,0,0,0,1,0,0,0,2,3,0,0,0,0,0,0,0,0,0,0,0,0,0,0,0,0,0,0,0,0,0,0,0,0,0,0,0,0,0,0,0,0,0,0,0,0,0,0,0,0,0,0,0,0,0,0,0,0,0,0,0,0,0,0,0,0,0,0,0,0,0,0,0,0,0,0,1,0,0,0,0,1,0,0,0,0,0,0,0,0,0,0,0,0,0,0,0,0,0,1,2,0,0,5,0,0,0,0,0,0,0,0,0,0,0,0,0,0,0,0,0,0,0,0,0,0,0,0,0,4,2,0,0,0,0,0,0,0,0,0,0,0,0,0,0,0,1,0,0,0,0,0,0,0,0,0,0,0,0,0,0,0,0,0,0,0,0,0,0,0,1,0,1,1,2,0,0,0,0,1,0,0,0,0,0,0,0,0,0,0,0,0,0,0,0,0,0,0,0,0,0,0,0,0,0,0,0,0,0,0,0,0,0,0,0,0,0,0,0,0,0,0,0,0,0,0,0,0,0,0,0,0,0
S306,C,406,260,320,344,408,379,385,356,558,538,659,419,573,542,758,571,671,617,588,574,593,574,587,457,418,380,438,314,450,384,344,359,684,532,578,471,663,814,714,921,667,945,683,641,778,562,653,849,554,416,539,382,453,202,351,412,598,596,625,609,702,571,859,723,922,771,990,538,700,693,807,572,542,380,423,308,367,542,452,434,841,795,392,245,61,533,879,568,624,857,786,900,908,1098,1022,860,277,397,454,304,221,199,427,439,785,426,580,595,694,553,941,803,666,498,546,515,806,639,714,771,548,441,529,410,271,219,467,446,640,682,773,559,639,584,704,722,602,409,461,378,314,530,650,464,357,280,477,411,162,376,449,478,615,632,453,577,436,455,514,503,525,650,942,954,980,657,917,806,456,362,402,415,567,367,428,474,763,704,659,527,506,542,614,452,220,452,538,520,782,638,496,438,484,358,353,303,186,189,429,355,560,1288,1286,531,580,540,663,851,911,576,587,687,686,896,511,463,176,314,435,399,437,378,466,350,627,600,974,536,607,855,589,699,494,814,511,665,548,473,546,538
S307,A,1,3,4,214,155,4345,4,3,2,2,2,2,1,0,2,2,3,0,1,0,15,0,0,0,0,2,5,229,179,4897,4,2,3,2,1,2,1,2,0,2,3,2,2,2,0,0,0,0,0,5,4,208,190,2608,4,3,3,2,2,1,2,2,1,1,1,1,2,1,0,0,0,0,0,4,7,379,244,7404,4,2,2,1,2,1,1,1,2,0,0,0,0,0,0,0,0,0,0,4,8,215,122,3506,5,3,2,2,2,3,1,0,2,2,3,1,1,1,2,2,0,0,0,0,2,306,154,4545,27,21,8,3,3,3,2,1,0,1,1,0,0,1,0,0,0,0,0,3,2,388,118,8987,19,18,11,9,7,5,1,1,2,1,1,2,0,0,0,0,0,0,0,5,6,480,307,8427,26,18,15,8,2,2,1,1,1,1,1,0,1,0,0,2,0,0,0,5,4,437,95,3518,40,22,18,16,10,2,1,0,1,2,0,0,0,0,0,2,0,0,0,4,5,454,268,9385,39,16,6,5,5,2,1,2,1,2,1,0,1,0,0,0,0,0
S308,B,332,340,752,298,439,471,375,699,798,613,366,426,510,382,569,534,977,963,633,812,468,368,420,367,460,826,601,647,762,416,419,349,527,1069,512,409,1124,1160,814,534,449,578,911,867,622,479,625,947,770,401,373,733,522,295,883,278,809,684,571,686,716,538,573,499,815,762,1026,701,1199,458,547,1506,383,392,568,582,816,860,603,381,354,461,182,210,42,557,1059,630,399,1139,482,1014,706,966,753,1607,253,544,481,303,257,214,458,1086,680,364,1182,388,382,449,621,773,620,447,534,599,887,768,579,570,771,388,622,531,574,357,766,527,516,634,709,422,350,396,698,685,553,336,727,301,249,934,602,453,371,451,570,1072,202,460,471,594,476,603,294,784,406,436,372,1028,309,1002,590,856,1176,1505,660,596,385,402,426,485,414,1426,560,647,893,403,412,449,405,785,1068,578,302,390,352,533,515,585,825,440,425,478,1016,398,180,250,319,543,663,916,1100,556,642,372,444,609,1074,412,391,1166,83,282,105,8181,84,282,448,228,302,299,259,323,271,216,360,288,252,578,309,348,219,480,294,425,152,313,221,279
S309,A,0,0,0,0,0,0,0,0,0,0,0,1,0,0,0,2,4,0,0,0,0,0,0,0,0,0,0,0,0,0,0,0,0,0,0,0,0,0,0,2,0,0,0,0,0,0,0,0,0,0,0,0,0,0,0,0,0,0,0,0,0,0,0,0,0,0,0,0,0,0,0,0,0,0,0,0,0,0,0,0,0,0,0,2,0,0,0,0,0,0,0,0,0,0,0,0,0,0,0,0,0,0,0,0,0,0,1,1,0,0,6,0,0,0,0,0,0,0,0,0,0,0,0,0,0,0,0,0,0,0,0,0,0,0,0,0,4,3,0,0,0,0,0,0,0,0,0,0,0,0,0,0,0,2,0,0,0,0,1,0,0,0,0,0,0,0,0,0,1,0,0,0,0,0,0,0,0,2,0,0,4,1,0,0,0,0,1,0,0,0,0,0,0,0,0,0,0,0,0,0,0,0,0,0,0,0,0,0,2,0,0,0,0,0,0,0,0,0,0,0,0,0,0,0,0,0,0,0,0,0,0,0,0,0,0,0,0,0,0,0
S310,B,2,0,2,0,3,0,4,0,5,0,2,2,5,0,9,0,7,0,3,0,2,0,1,1,3,0,3,0,2,0,1,0,4,0,2,0,3,0,4,0,1,0,3,0,2,0,3,0,0,1,6,0,4,0,3,0,2,0,3,0,2,0,1,0,6,0,20,0,2,0,4,0,2,0,2,0,3,0,3,0,3,2,1,0,1,0,11,0,7,3,6,0,6,0,3,0,1,0,1,0,1,0,4,0,4,3,2,2,2,0,2,8,2,0,3,0,5,0,3,0,4,0,2,0,4,0,4,0,3,0,4,1,1,0,8,0,3,0,0,1,4,0,2,0,5,0,2,0,2,0,4,0,4,0,3,0,0,0,2,0,3,0,10,0,12,0,3,0,4,0,5,0,5,0,1,0,5,0,5,0,3,0,3,0,1,0,3,0,3,0,3,0,0,0,4,0,2,0,4,0,2,0,2,0,5,0,3,0,2,0,0,0,6,0,2,0,2,0,5,0,4,0,2,0,3,0,3,0,6,0,6,0,4,0,2,0,3,0,3,0
S311,B,0,0,0,0,0,0,0,0,0,0,0,1,1,0,0,1,3,0,1,0,0,0,0,0,0,0,0,0,0,0,0,0,0,0,0,0,1,0,2,0,0,0,0,0,0,2,0,0,0,0,0,0,0,0,0,0,0,0,0,0,0,0,0,0,0,0,0,0,0,0,0,0,0,0,0,0,0,0,0,0,0,0,0,2,0,0,0,0,2,0,0,2,0,0,0,0,0,0,0,0,0,0,0,0,0,0,1,1,0,0,8,3,0,0,0,0,0,2,0,0,0,0,0,0,0,0,0,0,0,0,0,0,1,0,0,0,4,2,0,0,0,0,0,0,0,0,0,0,0,0,0,0,0,1,2,1,3,0,1,0,0,0,0,0,0,0,0,0,1,0,0,0,0,0,0,0,0,2,8,0,5,3,0,0,0,0,0,0,0,3,0,0,0,0,0,0,0,0,0,0,0,0,0,0,0,0,0,0,3,0,0,0,0,0,0,0,0,0,0,0,0,0,0,0,0,0,0,0,0,0,0,0,0,0,0,0,0,0,0,0
S312,A,0,0,0,0,0,0,0,0,0,0,0,3,0,0,0,0,1,3,0,0,0,0,0,0,0,0,0,0,0,0,0,0,0,0,0,0,1,0,3,2,0,0,0,0,0,0,0,0,0,0,0,0,0,0,0,0,0,0,0,0,0,0,0,0,0,1,0,0,0,0,0,0,0,0,0,0,0,0,0,0,0,0,0,1,0,0,0,0,3,0,0,2,0,0,0,0,0,0,0,0,0,0,0,0,0,0,0,3,0,0,8,3,0,0,0,0,0,2,0,0,0,0,0,0,0,0,0,0,0,0,0,0,0,0,0,0,3,4,0,0,0,0,0,0,0,0,0,0,0,0,0,0,0,5,2,0,1,1,3,0,3,0,0,0,2,0,0,0,1,0,0,0,0,0,0,0,0,3,8,0,4,3,0,0,0,0,1,0,0,5,0,0,0,0,0,0,0,0,0,0,0,0,0,0,0,0,0,0,2,0,1,0,0,0,0,0,0,0,0,0,0,0,0,0,0,0,0,0,0,0,0,0,0,0,0,0,0,0,0,0
S313,C,0,0,0,0,0,0,0,0,0,2,2,1,0,0,0,1,0,0,0,0,0,0,0,0,0,0,0,0,0,0,0,0,0,0,0,0,0,0,2,0,1,0,0,0,0,0,0,0,0,0,0,0,0,0,0,0,0,0,0,0,0,0,0,0,0,0,0,0,0,0,0,0,0,0,0,0,0,0,0,0,1,2,0,0,0,0,2,2,28,59,0,0,42,0,0,0,0,0,0,0,0,0,0,0,0,16,4,24,0,0,0,2,6,0,0,0,0,0,0,0,4,0,0,0,0,0,0,0,0,17,18,4,0,8,10,50,31,1,0,0,0,0,0,0,7,0,0,0,0,0,0,0,0,0,3,0,0,0,0,22,0,0,38,0,6,5,0,0,0,0,0,0,0,0,0,0,0,1,0,0,0,0,0,3,1,0,0,0,0,0,0,0,0,0,0,0,0,0,0,0,0,30,0,0,0,0,0,0,0,0,0,0,0,0,0,0,0,0,0,0,0,0,0,0,0,0,0,1,0,0,0,0,0,0,0,0,0,0,0,0
S314,C,1,16,18,15,2,1,8,8,4,5,5,2,5,5,5,5,27,3,5,4,4,6,3,5,0,13,14,10,4,3,13,2,4,5,5,7,5,7,6,12,10,12,9,5,4,6,6,9,7,29,4,8,2,2,14,8,8,6,8,2,8,5,7,6,8,9,3,6,6,3,4,3,1,18,24,4,3,3,16,5,5,6,5,3,1,8,8,4,7,9,6,4,6,10,6,6,1,13,25,9,1,2,22,8,2,4,4,2,8,3,5,5,4,7,1,6,3,2,5,5,3,30,38,16,2,3,15,4,5,5,3,7,5,4,4,6,2,3,3,4,3,5,7,5,4,12,40,10,2,4,15,1,8,5,1,2,4,2,6,7,3,14,8,6,18,8,36,2,0,15,26,14,5,1,17,8,7,9,8,8,8,9,8,2,3,8,3,5,12,2,4,12,6,12,14,17,1,1,14,7,9,12,14,8,2,6,10,11,12,7,6,9,0,6,0,4,0,14,30,10,4,3,14,6,7,5,8,6,8,18,7,8,2,12,3,3,1,6,3,6
S315,B,0,0,0,0,0,0,0,0,0,0,0,0,0,0,0,0,0,0,0,0,0,0,0,0,0,0,0,0,0,0,0,0,0,0,0,0,0,0,0,0,0,0,0,0,0,0,0,0,0,0,0,0,0,0,0,0,0,0,0,0,0,0,0,0,0,0,0,0,0,0,0,0,0,0,0,0,0,0,0,0,0,0,0,0,0,0,0,0,0,0,0,0,0,0,0,0,0,0,0,0,0,0,0,0,7,0,0,0,0,0,0,2,0,0,0,0,0,0,0,0,0,0,0,0,0,0,0,0,2,1,0,0,0,0,0,0,0,0,0,0,0,0,0,0,0,0,0,0,0,0,0,0,0,0,0,0,0,0,0,0,0,0,0,0,0,0,0,0,0,0,0,0,0,0,0,0,2,0,0,0,1,1,5,6,1,2,3,0,0,0,0,0,0,0,0,0,0,0,0,0,0,0,0,0,0,0,0,0,0,0,0,0,0,0,0,0,0,0,0,0,0,0,0,0,0,0,0,0,0,0,0,0,0,0,0,0,0,0,0,0
S316,B,0,0,0,0,0,0,0,0,0,0,0,0,0,0,0,1,3,3,0,0,0,0,0,0,0,0,0,0,0,0,0,0,0,0,0,0,1,0,1,2,0,0,0,0,0,0,0,0,0,0,0,0,0,0,0,0,0,0,0,0,0,0,0,0,0,0,0,0,0,0,0,0,0,0,0,0,0,0,0,0,0,0,0,2,0,0,0,0,2,0,0,0,0,0,0,0,0,0,0,0,0,0,0,0,0,0,1,2,0,0,5,2,0,0,0,0,0,0,0,0,0,0,0,0,0,0,0,0,0,0,0,0,0,0,0,0,4,5,0,0,0,0,0,0,0,0,0,0,0,0,0,0,0,2,2,1,1,0,3,0,0,0,0,0,0,0,0,0,2,0,0,0,0,0,0,0,0,3,9,1,5,2,0,0,0,0,2,0,0,2,0,0,0,0,0,0,0,0,0,0,0,0,0,0,0,0,0,0,5,0,0,0,0,0,0,0,0,0,0,0,0,0,0,0,0,0,0,0,0,0,0,0,0,0,0,0,0,0,0,0
S317,A,0,0,0,0,0,0,1,0,0,0,0,0,0,0,0,0,0,0,1,0,0,0,0,0,0,0,0,0,0,0,0,0,0,0,0,0,1,0,0,0,0,2,0,0,0,2,0,0,0,0,0,0,0,0,0,0,0,0,0,0,0,0,0,0,0,0,0,0,0,0,0,0,0,0,0,0,0,0,2,0,0,0,0,0,0,0,2,0,0,0,0,0,0,0,0,0,0,0,0,0,0,0,0,0,0,0,0,0,0,0,0,2,0,0,0,0,0,0,0,0,0,0,0,1,2,0,1,0,0,1,0,0,0,0,0,0,1,0,0,0,0,0,0,0,0,0,0,2,0,0,0,0,0,0,0,0,0,0,0,0,0,0,0,0,2,0,0,2,0,0,0,0,0,0,0,0,0,0,0,0,0,0,0,0,0,0,0,0,0,0,0,0,0,0,0,2,0,0,0,0,0,2,0,0,0,0,0,0,0,0,0,0,0,0,2,0,0,0,0,0,0,0,0,0,1,0,3,0,0,0,0,0,0,0,0,0,0,0,0,0
S318,A,1,2,0,0,0,2,0,0,0,1,3,0,0,0,0,0,0,0,0,0,0,0,0,0,0,32,0,0,2,2,1,0,1,2,3,1,3,3,1,8,1,2,2,5,0,0,1,2,1,3,2,2,1,1,1,2,0,1,0,0,0,0,4,1,1,1,6,3,1,0,1,0,2,0,0,0,0,0,2,0,0,0,1,0,0,0,2,1,1,5,0,4,0,0,0,0,0,0,1,1,1,0,0,0,0,0,1,0,0,2,0,0,0,1,3,0,2,2,0,0,0,1,2,0,0,0,1,0,0,1,0,0,0,0,0,1,1,0,2,1,1,0,2,0,1,0,1,0,0,0,0,0,0,0,3,1,0,0,2,1,0,0,2,0,0,0,5,2,2,0,4,3,0,1,1,0,0,0,0,0,0,1,0,2,0,0,1,0,2,0,0,0,0,0,1,0,1,1,1,0,0,0,2,0,0,1,0,0,0,0,0,0,0,0,1,0,17,1,0,0,0,0,38,2,0,0,0,0,43,5,0,0,0,0,38,0,0,0,0,0
S319,B,0,0,0,0,0,0,0,0,0,0,0,3,0,0,0,1,1,2,1,0,0,0,0,0,0,0,0,0,0,0,0,0,0,0,0,0,0,0,2,0,0,0,0,0,0,0,0,0,0,0,0,0,0,0,0,0,0,0,0,0,0,0,0,0,0,1,0,0,0,0,0,0,0,0,0,0,0,0,0,0,0,0,0,0,0,1,0,0,1,2,0,0,0,0,0,0,0,0,0,0,0,0,0,0,0,0,1,0,0,0,3,2,0,0,0,0,0,3,0,0,0,0,0,0,0,0,0,0,0,0,0,0,0,0,0,0,8,3,0,0,0,0,0,0,0,0,0,0,0,0,0,0,0,2,0,0,2,0,4,0,1,0,0,0,0,0,0,0,2,0,0,0,0,0,0,0,1,5,2,1,9,1,0,0,0,0,1,0,0,3,0,0,0,0,0,0,0,0,0,0,0,0,0,0,0,0,0,0,2,0,1,0,0,0,0,0,0,0,0,0,0,0,0,0,0,0,0,0,0,0,0,0,0,0,0,0,0,0,0,0
S320,C,0,0,0,0,0,0,0,0,0,0,0,0,0,0,2,1,0,0,0,0,0,0,0,0,0,0,0,0,0,0,0,0,0,0,0,0,0,0,0,0,0,0,4,0,0,0,0,0,0,0,0,0,0,0,0,0,0,0,0,0,0,0,0,0,0,0,0,0,0,0,0,0,0,0,0,0,0,0,0,0,0,0,0,0,0,0,0,0,0,0,2,2,2,0,0,0,0,0,0,0,0,0,0,0,0,0,0,0,0,0,0,0,0,0,0,1,0,2,6,5,2,0,0,0,0,0,0,0,0,0,0,0,0,0,6,2,0,2,0,0,0,3,0,0,0,0,0,0,0,0,0,0,0,1,0,1,0,0,0,0,0,0,0,4,0,0,0,0,0,0,0,0,0,0,0,0,0,0,3,0,0,0,3,0,0,0,0,0,0,0,0,0,0,0,0,0,0,0,0,0,0,0,0,0,0,0,0,0,0,0,0,0,0,0,0,0,0,0,0,0,0,0,0,0,0,0,0,0,0,0,0,0,0,0,0,0,0,0,0,0
S321,B,0,0,0,0,0,0,0,0,0,0,0,0,0,0,0,0,0,0,0,0,0,0,0,0,0,0,0,0,0,0,0,0,0,0,0,0,0,0,0,0,0,0,0,0,0,0,0,0,0,0,0,0,0,0,0,0,0,0,0,0,0,0,0,0,0,0,0,0,0,0,0,0,0,0,0,0,0,0,0,0,0,0,0,0,0,0,0,0,0,0,0,0,0,0,0,0,0,0,0,0,0,0,0,0,0,0,0,0,0,0,0,0,0,0,0,0,0,0,0,0,0,0,0,0,0,0,0,0,0,0,0,0,0,0,0,0,0,0,0,0,0,0,0,0,0,0,0,0,0,0,0,0,0,0,0,0,0,0,0,0,0,0,0,0,0,0,0,0,0,0,0,0,0,0,0,0,0,0,0,0,0,0,0,15,0,0,0,0,0,0,0,0,0,0,0,0,0,0,0,0,0,0,0,0,0,0,0,0,0,0,0,18,0,0,0,0,0,0,0,0,0,0,0,0,0,0,0,0,0,0,0,0,0,0,0,0,0,0,0,0
S322,B,0,0,0,0,0,0,0,0,0,0,0,3,1,0,0,0,3,1,0,0,0,0,0,0,0,0,0,0,0,0,0,0,0,0,1,0,0,0,0,0,0,0,0,0,0,0,0,0,0,0,0,0,0,0,0,0,0,0,0,0,0,0,0,0,0,1,0,0,0,0,0,0,0,0,0,0,0,0,0,0,0,0,0,3,0,1,0,0,1,0,0,2,0,0,0,0,0,0,0,0,0,0,0,0,0,0,0,2,0,0,5,0,0,0,0,0,0,2,0,0,0,0,0,0,0,0,0,0,0,0,0,0,0,0,0,0,4,0,0,0,0,0,0,0,0,0,0,0,0,0,0,0,0,1,1,0,1,0,6,0,0,0,0,0,0,0,0,0,1,0,0,0,0,0,0,0,1,3,7,3,7,1,0,0,0,0,2,0,0,2,0,0,0,0,0,0,0,0,0,0,0,0,0,0,0,0,0,0,3,0,1,0,0,0,0,0,0,0,0,0,0,0,0,0,0,0,0,0,0,0,0,0,0,0,0,0,0,0,0,0
S323,A,0,0,0,0,0,0,0,0,0,0,0,2,0,0,0,0,1,0,0,0,0,0,0,0,0,0,0,0,0,0,0,0,0,0,2,4,0,0,0,0,0,0,0,0,0,0,0,0,0,0,0,0,0,0,0,0,0,0,0,0,0,0,0,0,0,0,0,0,0,0,0,0,0,0,0,0,0,0,0,0,0,0,0,0,0,0,0,0,0,0,0,0,0,0,0,0,0,0,0,0,0,0,0,0,0,0,0,0,0,0,0,2,0,1,0,0,0,0,0,0,0,0,0,0,0,0,0,0,1,0,0,0,0,0,1,0,0,2,0,0,0,0,0,0,0,0,0,0,0,0,0,0,0,0,0,0,0,0,0,0,1,0,0,0,0,0,0,0,0,0,0,0,0,0,0,0,0,0,0,0,0,0,9,4,0,0,0,0,0,0,0,0,0,0,0,0,0,0,0,0,0,0,0,0,0,0,0,0,0,0,0,0,0,0,0,0,0,0,0,0,0,0,0,0,0,0,0,0,0,0,0,0,0,0,0,0,0,0,0,0
S324,B,4,0,1,0,3,0,4,0,5,0,2,2,4,0,9,0,6,0,2,0,2,0,3,1,3,0,2,0,5,0,5,0,1,0,3,0,3,0,0,0,5,0,4,0,4,0,2,0,3,0,6,0,1,0,3,0,2,0,3,0,3,0,2,0,5,2,9,0,3,0,6,0,2,0,5,0,2,0,1,0,2,2,2,0,1,0,5,0,5,2,11,0,6,0,6,0,1,0,4,0,1,0,1,0,0,2,3,2,6,0,5,14,4,0,3,0,6,0,5,0,5,0,4,0,4,0,4,0,1,0,5,0,3,0,12,0,2,0,2,2,1,0,2,0,2,0,3,0,1,0,3,0,3,0,2,0,3,0,5,0,5,0,6,0,6,0,8,0,3,0,3,0,2,0,4,0,9,0,3,0,3,0,1,0,2,0,2,0,9,0,3,0,3,0,4,0,2,0,1,0,0,0,8,0,4,0,3,0,5,0,1,0,2,0,2,0,2,0,3,0,4,0,4,0,5,0,5,0,2,0,7,0,2,0,5,0,2,0,4,0
S325,C,0,0,0,0,0,0,0,0,0,0,0,1,0,0,0,1,1,1,0,0,0,0,0,0,0,0,0,0,0,0,0,0,0,0,0,0,1,0,3,2,0,0,0,0,0,0,0,0,0,0,0,0,0,0,0,0,0,0,0,0,0,0,0,0,0,2,0,0,0,0,0,0,0,0,0,0,0,0,0,0,0,0,0,2,0,0,0,0,2,0,0,2,0,0,0,0,0,0,0,0,0,0,0,0,0,0,1,3,0,0,6,2,0,0,0,0,0,2,0,0,0,0,0,0,0,0,0,0,0,0,0,0,0,0,0,0,3,3,0,0,0,0,0,0,0,0,0,0,0,0,0,0,0,5,0,0,1,0,2,0,0,0,0,0,0,0,0,0,0,0,0,0,0,0,0,1,0,5,7,1,10,3,0,0,0,0,0,0,0,3,0,0,0,0,0,0,0,0,0,0,0,0,0,0,0,0,0,0,5,0,0,0,0,0,0,0,0,0,0,0,0,0,0,0,0,0,0,0,0,0,0,0,0,0,0,0,0,0,0,0
S326,C,0,0,0,0,0,0,0,0,0,18,0,11,0,0,0,1,1,0,0,0,0,0,0,0,0,0,0,0,0,0,0,0,0,0,0,0,0,0,0,0,1,0,0,0,0,0,0,0,0,0,0,0,0,0,0,0,0,0,0,0,0,0,0,0,0,0,0,0,0,0,0,0,0,0,0,0,0,0,0,0,0,0,0,1,0,0,0,0,2,0,0,0,4,0,0,0,0,0,0,0,0,0,0,0,0,0,2,1,0,0,8,0,0,1,0,2,0,0,0,0,0,0,0,0,0,0,0,0,0,2,0,0,0,0,1,1,8,4,0,0,0,0,0,0,0,0,0,0,0,0,0,0,0,2,1,0,0,0,1,0,0,2,2,2,0,0,0,0,0,0,0,0,0,0,0,0,0,2,1,0,0,0,0,2,1,0,0,0,0,0,0,0,0,0,0,0,0,0,0,0,0,6,0,0,0,0,0,0,0,0,0,0,0,0,0,0,0,0,0,0,0,0,0,0,0,0,0,2,0,0,0,0,0,0,0,0,0,0,0,0
S327,B,0,0,0,0,0,0,0,0,0,0,0,1,0,0,0,1,3,2,0,0,0,0,0,0,0,0,0,0,0,0,0,0,0,0,0,0,0,0,2,0,0,0,0,0,0,0,0,0,0,0,0,0,0,0,0,0,0,0,0,0,0,0,0,0,0,0,0,0,0,0,0,0,0,0,0,0,0,0,0,0,0,0,0,1,0,0,0,5,1,0,0,0,0,0,0,0,0,0,0,0,0,0,0,0,0,0,0,1,0,0,8,0,0,0,0,0,0,0,0,0,0,0,0,0,0,0,0,0,0,0,0,0,0,0,0,0,3,3,0,0,0,0,0,0,0,0,0,0,0,0,0,0,0,1,0,0,0,0,0,0,0,0,0,0,0,0,0,0,0,0,0,0,0,0,0,0,0,0,0,1,3,1,0,0,0,0,1,0,0,0,0,0,0,0,0,0,0,0,0,0,0,0,0,0,0,0,0,0,0,0,0,0,0,0,0,0,0,0,0,0,0,0,0,0,0,0,0,0,0,0,0,0,0,0,0,0,0,0,0,0
S328,B,0,0,0,0,0,0,0,0,0,0,0,0,0,1,0,0,0,0,0,0,0,0,0,0,0,0,0,0,0,0,0,0,0,0,0,0,0,0,0,0,0,0,0,0,0,0,0,0,0,0,0,0,0,0,0,0,0,0,0,0,0,0,0,0,0,0,0,0,0,0,0,0,0,0,0,0,0,0,0,0,0,0,0,0,0,0,0,0,0,0,0,0,0,0,0,0,0,0,0,0,0,0,0,0,0,0,0,0,0,0,0,0,0,12,0,0,0,0,0,0,0,0,0,0,0,0,0,0,0,0,0,0,0,0,0,1,0,0,0,0,0,0,0,0,0,0,0,0,0,0,0,0,0,0,0,0,0,0,0,0,19,0,0,0,0,0,0,0,0,0,0,0,0,0,0,0,0,0,0,0,0,0,0,0,0,0,0,0,0,0,0,0,0,0,0,0,0,0,0,0,0,0,0,0,0,0,0,0,0,0,0,0,0,0,0,0,0,0,0,0,0,0,0,0,0,0,0,0,0,0,0,0,0,0,0,0,0,0,0,0
S329,A,495,494,612,573,681,486,628,720,606,651,371,519,748,808,768,576,745,663,679,413,688,689,753,682,418,587,640,762,819,596,667,590,845,791,710,580,801,970,737,995,738,860,873,939,803,852,772,1020,822,562,751,702,722,399,642,735,772,668,621,779,829,869,882,773,737,821,1227,920,760,898,721,857,673,697,843,524,834,971,650,626,497,631,315,214,64,621,791,543,674,1074,639,1080,926,1392,1016,1037,286,577,672,464,416,426,772,734,605,460,626,596,701,699,867,914,614,590,590,466,837,851,815,1004,609,546,700,712,416,418,518,705,790,721,579,435,719,720,654,782,488,571,532,446,309,514,604,690,462,496,785,707,270,888,625,706,735,514,382,538,572,458,765,641,546,1124,984,846,1122,894,930,1074,560,649,741,700,925,783,509,720,763,762,565,448,636,663,693,768,315,461,676,592,777,834,411,695,616,550,629,622,283,381,602,627,676,1122,1042,633,654,623,632,824,1073,774,686,828,266,692,411,468,135,493,812,670,726,801,754,632,686,707,935,537,600,1190,686,1178,766,1138,611,959,676,632,553,730
S330,B,234,247,231,442,359,445,404,458,311,420,493,645,1124,548,485,1054,524,653,560,270,357,346,743,550,423,248,469,458,1706,875,323,299,597,1072,520,751,649,455,510,569,325,449,723,395,599,959,1720,2170,481,311,886,364,468,216,428,374,721,532,524,405,452,577,418,1824,1236,668,773,750,1121,387,623,643,388,427,585,588,429,527,281,251,1485,988,342,118,48,904,470,428,339,572,396,1444,578,1118,803,794,224,310,1679,699,302,212,1121,629,584,450,411,386,337,341,746,425,402,403,441,1319,1505,660,384,509,788,337,541,508,288,237,581,365,640,291,379,270,472,1471,1390,572,309,743,315,344,340,481,336,445,283,327,363,399,146,826,1339,1214,550,535,222,911,291,316,333,472,294,1118,770,1054,456,842,504,558,1145,949,322,539,1158,945,616,320,366,385,410,343,415,318,598,355,292,1168,853,443,485,1151,405,453,426,302,369,285,255,196,631,296,497,1026,2940,668,653,379,349,1197,903,541,445,508,87,248,139,9768,99,426,290,231,252,337,219,305,173,254,399,284,290,522,186,449,224,542,295,257,264,262,238,293
S331,C,0,0,1,1,1,0,0,1,0,0,0,0,0,0,2,0,1,0,0,0,1,0,1,0,0,0,1,1,1,0,0,0,1,0,0,1,0,0,0,0,0,0,0,0,2,0,1,2,1,0,0,1,0,0,0,0,0,0,0,0,0,0,0,0,0,1,0,1,0,1,0,1,0,0,5,0,0,0,0,1,0,0,0,0,0,0,0,0,0,0,0,0,0,0,2,0,0,1,3,0,0,0,0,0,0,0,0,0,0,0,2,0,0,0,0,0,0,0,0,0,0,1,4,0,0,0,0,0,1,0,0,1,0,1,0,0,0,0,0,0,0,0,0,0,1,0,5,0,0,1,0,0,0,0,0,0,0,0,0,0,0,0,0,0,0,2,2,0,0,0,2,0,0,1,0,0,0,0,0,0,0,0,0,0,1,0,1,0,0,0,0,0,0,1,4,0,0,0,0,0,0,0,0,1,0,0,0,0,0,0,0,1,0,0,0,1,1,0,4,0,0,0,0,0,0,0,0,0,0,0,0,0,0,0,0,0,0,0,0,1
S332,A,0,0,0,0,0,0,0,0,0,0,0,0,0,0,0,0,0,0,0,0,0,0,0,0,0,0,0,0,0,0,0,0,0,0,0,0,0,0,0,0,0,0,0,0,0,0,0,0,0,0,0,0,0,0,0,0,0,0,0,0,0,0,0,0,0,0,0,0,0,0,0,0,0,0,0,0,0,0,0,0,0,0,0,1,1,2,0,1,1,2,0,0,2,0,0,0,0,0,0,0,0,0,0,0,0,0,2,4,0,1,188,87,7,2,0,17,0,2,0,0,0,0,0,0,0,0,0,0,0,0,1,1,3,1,1,3,7,6,0,0,1,0,0,0,0,0,0,0,0,0,0,0,0,6,0,1,4,2,3,5,0,0,0,0,4,0,0,0,1,0,0,0,0,0,0,0,2,4,3,3,6,3,2,0,1,0,1,0,3,3,0,0,0,0,0,0,0,0,0,0,0,0,0,0,0,0,0,0,2,0,1,0,0,0,0,0,0,0,0,0,0,0,0,0,0,0,0,0,0,0,0,0,0,0,0,0,0,0,0,0
S333,B,0,0,0,0,0,0,0,0,0,1,0,0,0,0,0,0,0,0,0,0,0,0,0,0,0,0,0,0,0,0,0,0,0,0,0,0,0,0,0,0,0,0,0,0,0,0,0,0,0,0,0,0,0,0,0,0,0,1,0,0,0,0,0,0,0,0,0,0,0,0,0,0,0,0,0,0,0,0,0,0,0,0,0,0,0,0,0,0,0,0,0,0,0,0,2,0,0,0,0,0,0,0,0,0,0,1,1,0,0,0,0,0,0,0,0,0,0,0,0,0,0,0,0,0,0,0,0,0,0,0,0,0,0,0,1,2,0,1,1,3,1,3,1,1,3,1,0,1,1,1,1,2,2,6,0,2,1,0,1,0,2,4,4,4,2,0,3,2,2,1,0,3,5,3,2,0,2,4,1,3,1,1,2,1,1,1,2,1,5,2,2,1,0,1,1,2,1,1,1,0,2,4,2,3,1,1,5,2,8,1,0,2,2,6,1,1,1,2,1,1,0,5,2,2,1,2,6,2,1,3,1,3,3,2,1,5,0,0,3,1
S334,C,0,0,0,0,0,0,0,0,0,0,0,0,0,0,0,0,0,12,0,0,0,0,0,0,0,0,0,0,0,0,0,0,0,0,0,0,0,0,0,0,0,18,0,0,0,0,0,0,0,0,0,0,0,0,0,0,0,0,0,0,0,0,0,0,0,15,0,0,0,0,0,0,0,0,0,0,0,0,0,0,0,0,0,0,0,0,0,0,0,33,0,0,0,0,0,0,0,0,0,0,0,0,0,0,0,0,0,0,0,0,0,0,0,13,0,0,0,0,0,0,0,0,0,0,0,0,0,0,0,0,0,0,0,0,0,0,0,15,0,0,0,0,0,0,0,0,0,0,0,0,0,0,0,0,0,0,0,0,0,0,0,28,0,0,0,0,0,0,0,0,0,0,0,0,0,0,0,0,0,0,0,0,0,0,0,17,0,0,0,0,0,0,0,0,0,0,0,0,0,0,0,0,0,0,0,0,0,0,0,11,0,0,0,0,0,0,0,0,0,0,0,0,0,0,0,0,0,0,0,0,0,0,0,34,0,0,0,0,0,0
S335,B,0,0,0,0,0,0,0,0,0,0,0,0,0,0,0,0,0,0,2,0,0,0,0,0,0,0,0,0,0,0,0,0,0,0,0,5,0,3,2,0,0,0,0,0,3,0,0,0,0,0,0,0,0,0,0,0,0,6,0,0,0,0,0,0,0,0,0,0,0,0,0,0,0,0,0,0,0,0,0,0,0,0,0,0,0,0,0,0,0,0,0,0,0,0,0,0,0,0,0,0,0,0,0,0,0,0,0,0,0,0,0,2,0,0,0,0,0,0,0,5,0,0,0,0,0,0,0,0,0,5,0,0,0,2,0,0,0,0,0,0,0,3,0,0,0,0,0,0,0,0,0,0,0,2,4,1,0,0,0,0,0,0,0,0,0,0,0,0,0,0,0,0,0,0,0,0,0,0,1,0,0,0,6,0,0,0,0,1,0,0,0,0,0,0,0,0,0,0,0,0,0,2,0,0,0,0,0,0,0,0,0,0,0,0,0,0,0,0,0,0,0,0,0,0,0,0,0,0,0,0,0,0,0,0,0,0,0,0,0,0
S336,A,0,0,0,0,0,0,0,0,0,4,2,0,0,0,2,1,0,0,0,0,0,0,0,0,0,0,0,0,0,0,0,0,0,0,0,0,0,0,0,0,0,0,0,0,0,0,0,0,0,0,0,0,0,0,0,0,0,0,0,0,0,0,0,0,0,0,0,0,0,0,0,0,0,0,0,0,0,0,0,0,0,1,0,0,1,1,0,0,0,0,0,0,0,34,44,36,3,0,11,9,2,0,0,0,0,0,0,0,0,0,0,0,0,0,0,0,0,0,0,2,2,0,2,3,0,0,0,0,0,5,0,0,0,0,1,0,0,0,0,0,0,0,0,0,0,0,0,0,0,0,0,0,0,0,1,0,0,0,0,0,0,0,0,0,0,2,2,5,0,0,0,1,0,0,0,1,0,1,1,5,0,0,1,0,1,0,0,0,0,0,0,0,0,0,0,0,0,0,0,0,0,0,0,0,0,0,0,0,0,0,0,0,0,0,0,0,0,0,0,0,0,0,0,0,0,0,0,0,0,0,0,0,0,0,0,0,0,0,0,0
S337,A,0,0,0,0,0,0,0,0,0,3,1,1,0,0,0,1,0,0,0,0,0,0,0,0,0,0,0,0,0,0,0,0,0,0,0,0,0,0,0,0,1,0,0,0,0,0,0,0,0,0,0,0,0,0,0,0,0,0,0,0,0,0,0,0,0,0,0,0,0,0,0,0,0,0,0,0,0,0,0,0,0,1,0,0,0,0,0,0,4,2,0,0,0,0,0,0,0,0,0,0,0,0,0,0,0,0,2,0,0,0,2,0,0,0,0,0,0,0,0,0,0,0,0,0,0,0,0,0,0,2,1,1,0,0,0,2,0,0,0,0,0,0,0,0,0,0,0,0,0,0,0,0,0,3,1,0,0,0,1,0,2,0,2,0,0,0,0,0,0,0,0,0,0,0,0,0,0,0,0,0,0,0,0,3,1,0,0,0,0,0,0,0,0,0,0,0,0,0,0,0,0,0,0,0,0,0,0,0,0,0,0,0,0,0,0,0,0,0,0,0,0,0,0,0,0,0,0,2,0,0,0,0,0,0,0,0,0,0,0,0
S338,B,3,0,0,1468,0,6,3,8,12,7,4,3,7,7,5,5,1,4,3,3,2,3,6,2,1268,0,0,1161,0,8,5,12,12,1,1,4,6,8,7,9,4,5,3,0,2,4,3,6,2081,0,0,1505,0,6,2,13,4,3,1,5,6,2,5,3,5,6,8,4,4,7,7,7,1987,0,0,1391,0,8,3,3,9,2,3,1,1,7,8,2,2,3,8,2,8,6,2,8,596,0,0,1445,0,5,1,16,4,4,2,3,4,1,3,5,3,5,3,2,5,0,8,12,2060,0,0,1155,0,4,1,5,4,4,3,1,4,4,0,1,1,2,4,3,4,4,5,2,1058,0,0,1351,0,13,4,5,6,5,2,5,7,4,4,4,0,0,6,14,4,5,5,2,1306,0,0,1132,0,10,5,12,4,1,6,3,2,4,5,13,3,4,1,5,6,8,3,1,1861,0,0,1022,0,7,6,11,7,8,2,4,2,1,4,6,8,2,5,5,5,12,4,6,754,0,0,1844,0,12,1,8,11,6,5,3,7,11,4,9,6,8,6,3,0,6,7,5
S339,C,0,0,0,1,1,0,0,0,0,0,0,1,0,0,0,0,1,0,0,0,0,0,0,0,0,1,0,0,0,1,0,0,1,1,0,0,1,0,0,2,0,0,0,2,0,0,0,2,0,0,0,1,0,0,0,1,0,1,0,0,0,0,0,1,0,0,0,0,1,0,0,0,0,0,0,0,0,0,0,0,1,0,0,0,0,0,0,0,0,0,2,0,0,0,0,0,0,0,0,1,0,0,0,0,0,0,0,0,0,0,0,0,0,1,1,1,0,0,0,2,0,0,0,0,1,1,0,0,0,0,0,0,0,0,0,0,0,0,0,0,1,0,0,1,1,0,0,0,0,0,0,0,1,0,1,0,1,0,0,0,0,0,0,2,0,0,0,0,0,0,0,0,1,0,0,1,0,0,0,0,0,0,0,0,0,0,1,0,2,0,0,0,0,0,0,1,0,0,0,0,0,0,0,0,0,0,0,0,0,0,0,0,0,2,0,0,0,1,0,1,0,0,1,0,0,0,2,0,0,0,0,2,0,0,0,0,0,0,0,0
S340,B,42,609,734,761,791,732,584,759,878,748,546,725,923,754,962,920,915,886,892,575,563,535,638,523,450,515,511,587,664,663,506,502,610,581,558,570,647,861,658,852,575,897,663,687,683,713,590,937,570,495,611,612,620,365,478,551,602,660,518,645,658,665,700,663,732,660,887,616,671,682,765,743,603,562,596,595,664,767,516,507,571,493,224,165,55,567,746,444,526,821,693,834,858,1014,744,1361,442,769,839,663,411,530,824,904,975,504,704,758,828,832,1274,1110,599,729,799,761,1068,1019,1118,893,879,772,941,1069,585,407,928,935,877,775,622,733,732,832,651,911,816,700,612,431,367,820,885,858,407,581,906,889,405,1018,631,791,869,824,467,643,566,763,832,777,597,1344,1238,1160,1134,918,1182,1299,673,807,785,757,1014,936,802,735,986,898,798,760,790,777,784,728,394,679,692,723,807,1004,689,790,778,616,707,867,416,405,773,803,829,1588,1272,703,831,834,822,915,1250,810,826,670,426,1032,543,853,121,523,683,876,1022,1181,835,729,903,879,1316,681,757,1440,991,1455,770,1516,798,1166,811,742,779,961
S341,A,0,0,0,0,0,0,0,0,0,0,0,3,0,0,0,1,5,0,0,0,0,0,0,0,0,0,0,0,0,0,0,0,0,0,0,0,1,0,3,0,0,0,0,0,0,0,0,0,0,0,0,0,0,0,0,0,0,0,0,0,0,0,0,0,0,0,0,0,0,0,0,0,0,0,0,0,0,0,0,0,0,0,0,2,0,2,0,0,0,0,0,2,0,0,0,0,0,0,0,0,0,0,0,0,0,0,0,1,0,0,2,3,0,0,0,0,2,0,0,0,0,0,0,0,0,0,0,0,0,0,0,0,0,0,0,0,2,5,0,0,1,0,0,0,0,0,0,0,0,0,0,0,0,3,0,0,1,0,2,0,0,0,0,0,0,0,0,0,0,0,0,0,0,0,0,0,1,2,8,1,6,1,0,0,0,0,2,0,0,2,0,0,0,0,0,0,0,0,0,0,0,0,0,0,0,0,0,0,5,0,0,0,0,0,0,0,0,0,0,0,0,0,0,0,0,0,0,0,0,0,0,0,0,0,0,0,0,0,0,0
S342,C,0,0,0,0,0,0,0,0,0,2,9,0,0,0,0,1,0,0,0,0,0,0,0,0,0,0,0,0,0,0,0,0,0,0,11,4,0,0,0,0,1,0,0,0,0,0,0,0,0,0,0,0,0,0,0,0,0,0,0,0,0,0,0,0,0,0,0,0,0,0,0,0,0,0,0,0,0,0,0,0,0,0,0,4,0,0,20,1,10,3,23,10,0,0,0,0,0,0,0,0,0,0,0,0,0,1,1,9,0,0,0,0,3,5,0,13,0,0,0,0,0,0,0,0,0,0,0,0,0,0,3,0,0,0,0,2,0,0,0,0,0,0,0,0,0,0,0,0,0,0,0,0,0,6,2,5,0,0,0,0,1,2,10,4,0,0,0,0,0,0,0,0,0,0,0,0,0,4,3,0,0,0,9,1,7,8,0,9,21,0,0,0,0,0,0,0,0,0,0,0,0,4,0,0,0,0,0,0,24,0,0,0,0,0,0,0,0,0,0,0,0,0,0,0,0,0,0,2,0,0,0,0,0,0,0,0,0,0,0,0
S343,C,0,0,0,0,0,0,0,0,0,0,0,0,0,0,0,1,6,0,0,0,0,0,0,0,0,0,0,0,0,0,0,0,0,0,0,0,0,0,2,0,0,0,0,0,0,0,0,0,0,0,0,0,0,0,0,0,0,0,0,0,0,0,0,0,0,0,0,0,0,0,0,0,0,0,0,0,0,0,0,0,0,0,0,1,0,0,0,0,0,0,0,0,0,0,0,0,0,0,0,0,0,0,0,0,0,0,0,1,0,0,6,0,0,0,0,0,0,0,0,0,0,0,0,0,0,0,0,0,0,0,0,0,0,0,0,0,4,1,0,0,0,0,0,0,0,0,0,0,0,0,0,0,0,0,0,0,0,0,0,0,0,0,0,0,0,0,0,0,0,0,0,0,0,0,0,0,0,0,0,0,3,1,0,0,0,0,3,0,0,0,0,0,0,0,0,0,0,0,0,0,0,0,0,0,0,0,0,0,0,0,0,0,0,0,0,0,0,0,0,0,0,0,0,0,0,0,0,0,0,0,0,0,0,0,0,0,0,0,0,0
S344,B,0,0,0,0,0,0,0,0,0,0,0,0,0,0,2,36,0,0,0,0,0,0,0,0,0,0,0,0,0,0,0,0,0,0,0,0,0,0,0,0,0,0,0,0,0,0,0,0,0,0,0,0,0,0,0,0,0,0,0,0,0,0,0,0,0,0,0,0,0,0,0,0,0,0,0,0,0,0,0,0,0,0,0,1,0,0,0,0,0,0,0,0,0,0,0,0,0,0,0,0,0,0,0,0,0,0,0,0,0,0,0,0,0,0,0,0,0,0,0,0,0,0,0,0,0,0,0,0,0,0,0,0,0,0,0,0,0,2,0,1,0,0,0,0,0,0,0,0,0,0,0,0,0,0,0,0,0,0,0,0,0,0,0,0,0,0,0,0,0,0,0,0,0,0,0,0,0,0,4,0,0,0,6,1,1,0,0,0,0,0,0,0,0,0,0,0,0,0,0,0,0,0,0,0,0,0,0,0,0,0,0,0,0,0,0,0,0,0,0,0,0,0,0,0,0,0,0,0,0,0,0,0,0,0,0,0,0,0,0,0
S345,C,0,0,0,0,0,0,0,0,0,21,0,0,0,0,0,0,0,0,0,0,0,0,0,0,0,0,0,0,0,0,0,0,0,0,0,0,0,0,0,0,0,0,0,0,0,0,0,0,0,0,0,0,0,0,0,0,0,0,0,0,0,0,0,0,0,0,0,0,0,0,0,0,0,0,0,0,0,0,0,0,0,1,0,0,0,0,0,1,1,0,0,0,0,2,0,3,0,0,0,0,0,0,0,0,0,2,0,0,0,0,0,5,0,1,0,2,0,0,0,0,0,0,0,0,0,0,0,0,0,0,0,0,0,0,0,0,24,3,0,0,12,0,0,0,0,0,0,0,0,0,0,0,0,0,0,0,0,0,0,0,0,0,0,0,0,0,0,0,0,0,0,0,0,0,0,0,0,0,0,0,0,0,0,0,0,2,0,0,0,0,0,0,0,0,0,0,0,0,0,0,0,0,0,0,0,0,0,0,0,0,0,0,0,0,0,0,0,0,0,0,0,0,0,0,0,0,0,0,0,0,0,0,0,0,0,0,0,0,0,0
S346,B,75,94,99,123,94,92,85,88,95,97,80,76,104,109,110,113,111,98,91,101,98,93,91,88,83,84,93,120,109,97,79,105,94,94,88,89,97,119,97,140,96,140,122,126,102,136,95,145,104,118,113,127,115,65,92,94,105,105,79,118,114,106,120,121,102,112,176,107,132,138,124,149,110,109,101,156,98,119,84,88,83,83,49,24,10,94,108,84,73,147,104,150,132,162,143,132,43,105,87,107,55,57,99,88,104,66,81,91,79,93,140,122,76,86,75,91,108,116,101,125,99,110,102,129,61,43,96,98,102,86,72,66,83,85,96,92,77,72,72,62,44,87,86,94,70,80,99,143,53,131,89,94,116,95,59,94,83,75,111,103,81,168,126,142,182,123,153,141,75,103,103,162,113,118,117,86,97,117,98,91,90,99,86,89,44,77,90,89,120,126,87,96,86,91,96,137,48,46,80,88,96,154,140,82,86,92,88,138,138,98,121,93,93,232,107,94,37,97,100,157,115,127,93,110,90,114,149,96,82,191,95,134,98,196,105,149,110,107,99,102
S347,C,0,0,0,0,0,0,0,0,0,0,0,2,0,0,0,0,3,0,0,0,0,0,0,0,0,0,0,0,0,0,0,0,0,0,0,0,0,0,1,0,0,0,0,0,0,0,0,0,0,0,0,0,0,0,0,0,0,0,0,0,0,0,0,0,25,2,0,0,0,0,0,0,0,0,0,0,0,0,0,0,0,0,0,1,0,0,2,0,1,2,0,4,0,0,0,0,0,0,0,0,0,0,0,0,0,0,0,2,0,0,5,0,0,0,0,0,0,0,0,0,0,0,0,0,0,0,0,0,0,0,0,0,1,0,0,0,1,2,0,0,0,0,0,0,0,0,0,0,0,0,0,0,0,4,0,0,2,0,3,0,0,0,0,0,0,0,0,0,2,0,0,0,0,0,0,0,2,3,3,0,5,2,0,0,0,0,1,0,0,3,0,0,0,0,0,0,0,0,0,0,0,0,0,0,0,0,0,0,5,0,1,0,0,0,0,0,0,0,0,0,0,0,0,0,0,0,0,0,0,0,0,0,0,0,0,0,0,0,0,0
S348,A,12,7,0,0,0,0,5,190,343,3294,335,268,54,75,324,416,253,295,33,68,52,79,40,14,9,0,2,0,3,1,0,8,32,58,110,56,37,26,29,35,17,44,22,32,42,26,11,9,5,0,0,0,0,0,5,4,46,35,32,30,1,19,21,27,34,55,69,35,58,82,83,13,27,0,1,0,0,6,4,108,348,574,232,106,6,148,483,287,271,242,90,206,268,214,101,32,3,0,0,0,0,0,5,146,723,311,522,386,93,259,486,477,281,106,71,157,140,152,63,17,1,0,0,0,5,1,1,173,533,1561,1026,650,497,521,883,1076,712,11382,29578,9098,25,81,45,9,8,5,0,0,0,0,18,232,527,416,285,402,72,263,454,337,137,152,30,88,154,74,33,0,2,0,0,0,0,0,7,171,471,556,363,320,65,188,443,359,55,75,11,12,20,18,40,45,0,0,1,0,0,0,0,12,24,30,170,42,113,126,18,60,102,11,21,31,84,24,1,13,0,0,0,4,0,0,0,0,6,122,242,60,18,63,55,24,78,94,49,68,38,48,59,58
S349,C,0,0,0,0,0,0,0,0,0,0,0,0,0,0,0,0,0,2,0,0,0,0,0,0,0,0,0,0,0,0,0,0,0,1,0,3,0,0,1,0,0,0,0,0,0,0,0,0,0,0,0,0,0,0,0,0,0,1,0,0,0,0,0,0,0,0,2,0,0,0,0,0,0,0,0,0,0,0,0,0,0,0,0,0,0,0,0,0,0,0,0,0,0,0,0,0,0,0,0,0,0,0,0,0,0,0,0,0,0,0,2,3,0,0,0,0,0,0,0,3,0,0,0,0,0,0,0,0,0,3,1,0,0,0,0,0,5,0,0,0,0,2,0,0,0,0,0,0,0,0,0,0,0,1,3,1,0,0,0,0,0,0,0,0,0,0,0,0,0,0,0,0,0,0,0,0,4,0,1,0,0,0,2,0,0,0,0,1,0,2,0,0,0,0,0,0,0,0,0,0,0,2,0,0,0,0,0,0,0,0,0,0,0,0,0,0,0,0,0,0,0,0,0,0,0,0,0,0,0,0,0,0,0,0,0,3,0,0,0,0
S350,A,0,0,0,0,0,0,0,0,0,0,0,0,0,0,0,0,0,0,1,0,0,0,0,0,0,0,0,0,0,0,0,0,0,0,0,5,0,3,1,0,0,0,0,0,2,0,0,0,0,0,0,0,0,0,0,0,0,4,0,0,0,0,0,0,0,0,0,0,0,0,0,0,0,0,0,0,0,0,0,0,0,0,0,0,0,0,0,0,0,0,0,0,0,0,0,0,0,0,0,0,0,0,0,0,0,0,0,0,0,0,2,0,2,0,0,0,0,0,0,5,0,0,0,0,0,0,0,0,0,1,1,0,0,1,0,0,3,0,0,0,0,3,0,0,0,0,0,0,0,0,0,0,0,2,3,1,0,0,0,0,0,0,0,0,0,0,0,0,0,0,0,0,0,0,0,0,1,1,0,0,0,0,2,0,0,0,0,0,0,0,0,0,0,0,0,0,0,0,0,0,0,0,0,0,0,0,0,0,0,0,0,0,0,0,0,0,0,0,0,0,0,0,0,0,0,0,0,0,0,0,0,0,0,0,0,0,0,0,0,0
S351,C,0,0,0,0,0,0,0,0,0,0,0,1,0,0,0,1,0,0,1,0,1,0,0,0,0,0,0,0,0,0,2,0,0,0,0,0,0,0,1,0,0,2,0,0,0,0,0,0,2,0,0,0,0,0,2,0,0,0,0,0,2,0,0,0,0,1,0,0,0,0,0,0,0,0,0,0,0,0,0,0,1,0,0,0,0,0,0,0,0,0,0,0,0,0,0,0,1,1,0,0,0,0,0,0,0,0,0,0,0,2,0,0,1,0,0,1,0,0,0,0,0,0,0,0,0,0,0,0,0,2,0,1,1,0,0,0,0,0,0,0,0,0,0,0,0,0,0,0,0,0,0,2,0,0,0,1,0,0,0,0,0,0,0,0,2,2,2,0,0,0,0,0,0,0,0,1,1,0,0,0,0,0,0,1,0,0,1,0,0,0,0,1,0,0,0,1,0,0,0,0,0,0,0,0,0,0,0,0,2,0,0,0,0,2,1,0,1,0,0,0,0,0,1,0,0,0,0,0,0,0,0,0,0,2,0,0,0,0,0,0
S352,A,86,86,80,159,129,167,249,282,235,259,233,278,337,351,368,342,296,155,249,321,316,140,150,161,256,243,308,290,326,248,163,206,385,384,325,366,413,322,247,569,371,480,221,159,244,228,233,257,221,162,150,155,193,154,102,131,158,150,307,231,263,389,408,323,241,141,207,146,131,184,246,208,195,227,267,221,316,148,83,86,292,254,182,102,28,296,552,236,333,408,437,566,434,456,390,423,151,298,304,258,194,209,338,380,317,139,262,287,290,343,449,552,344,302,349,331,432,456,467,546,363,331,377,364,225,222,385,384,368,341,386,359,429,438,466,492,424,367,279,271,162,351,340,336,299,281,470,480,195,538,413,434,480,477,257,413,470,476,548,500,440,796,700,652,674,533,572,633,458,536,597,589,699,616,564,576,636,639,563,534,551,596,670,640,309,619,583,589,786,788,562,572,499,476,500,495,260,312,456,401,461,1012,984,471,477,515,515,809,801,518,461,387,521,1104,550,541,190,414,466,467,539,693,599,495,536,505,704,490,488,918,640,938,605,1182,552,797,490,480,483,501
S353,B,0,0,0,0,0,0,0,0,0,0,0,2,1,0,0,2,2,1,0,0,0,0,0,0,0,0,0,0,0,0,0,0,0,0,1,0,2,0,2,0,0,0,0,0,0,2,0,0,0,0,0,0,0,0,0,0,0,0,0,0,0,0,0,0,0,1,0,0,0,0,0,0,0,0,0,0,0,0,0,0,0,0,0,2,0,1,0,0,2,2,0,2,0,0,0,0,0,0,0,0,0,0,0,0,0,0,0,1,0,0,5,3,0,0,0,0,0,0,0,0,0,0,0,0,0,0,0,0,0,0,0,0,0,0,0,0,5,2,0,0,1,0,0,0,0,0,0,0,0,0,0,0,0,2,0,1,1,1,5,0,0,0,0,0,2,0,0,0,0,0,0,0,0,0,0,0,0,1,1,1,7,5,0,0,0,0,0,0,0,0,0,0,0,0,0,0,0,0,0,0,0,0,0,0,0,0,0,0,8,0,0,0,0,0,0,0,0,0,0,0,0,0,0,0,0,0,0,0,0,0,0,0,0,0,0,0,0,0,0,0
S354,A,0,0,0,0,0,0,0,0,0,0,0,4,0,0,0,1,3,0,0,0,0,0,0,0,0,0,0,0,0,0,0,0,0,0,0,0,0,0,2,0,0,0,0,0,0,0,0,0,0,0,0,0,0,0,0,0,0,0,0,0,0,0,0,0,0,0,0,0,0,0,0,0,0,0,0,0,0,0,0,0,0,0,1,2,0,0,0,0,0,0,0,0,0,0,0,0,0,0,0,0,0,0,0,0,0,0,0,1,0,0,6,0,0,0,0,0,0,0,0,0,0,0,0,0,0,0,0,0,0,0,0,1,0,0,0,0,4,1,0,0,0,0,0,0,0,0,0,0,0,0,0,0,0,3,2,1,4,1,0,0,1,0,0,0,0,0,0,0,0,0,0,0,0,0,0,0,0,1,5,0,6,2,0,0,0,0,2,0,0,0,0,0,0,0,0,0,0,0,0,0,0,0,0,0,0,0,0,0,3,0,0,0,0,0,0,0,0,0,0,0,0,0,0,0,0,0,0,0,0,0,0,0,0,0,0,0,0,0,0,0
S355,C,0,0,0,0,0,0,0,0,0,0,0,0,0,0,0,0,0,0,0,0,0,0,0,0,0,0,0,0,0,0,0,0,0,0,0,0,0,0,0,0,0,0,0,0,0,0,0,0,0,0,0,0,0,0,0,0,0,0,0,0,0,0,0,0,0,0,0,0,0,0,0,0,0,0,0,0,0,0,0,0,0,0,0,0,0,0,18,0,0,0,0,0,0,0,0,0,0,0,0,0,0,0,0,0,0,0,0,0,0,0,0,0,0,0,0,0,0,0,0,0,0,0,0,0,0,0,0,0,0,0,1,0,0,1,0,0,0,0,0,0,0,0,0,0,0,0,0,0,0,0,0,0,0,0,0,0,0,0,0,0,2,0,0,0,0,0,0,0,0,0,0,0,0,0,0,0,12,2,1,0,0,0,0,0,0,0,0,0,0,0,0,0,0,0,0,0,0,0,0,0,0,0,0,0,0,0,0,0,0,0,0,0,0,0,0,0,0,0,0,0,0,0,0,0,0,0,0,0,0,0,0,0,0,0,0,0,0,0,0,0
S356,C,55,209,326,217,218,206,380,540,652,590,531,487,444,878,1102,862,1023,1193,1788,1238,1023,990,964,1596,480,374,347,231,89,144,206,316,860,1137,568,741,940,1159,872,1128,871,1550,1006,1839,1185,1343,1259,1378,637,347,345,82,82,102,120,471,740,667,784,991,1162,848,1042,1072,996,1344,1436,924,1061,945,990,763,345,306,304,59,85,172,82,145,194,245,133,102,39,561,300,282,476,537,537,956,766,1330,989,902,229,416,296,61,65,43,144,226,200,154,188,278,629,354,543,408,365,444,446,472,717,929,860,936,363,294,166,140,76,49,132,199,259,281,994,413,1254,311,431,381,306,383,352,300,231,531,670,597,213,203,195,64,92,83,123,233,232,281,205,300,258,472,406,544,231,718,654,810,1228,734,1352,785,284,176,215,108,215,163,137,813,328,316,307,270,275,393,877,436,207,1043,801,1367,686,1337,814,703,388,427,411,128,33,92,177,536,394,772,1292,567,1126,923,1117,1869,1331,878,736,919,2231,2152,1067,808,276,301,220,345,289,160,166,366,690,726,1131,780,1049,1271,765,1062,621,1332,675,1049,1222,980,631,1478
S357,C,0,0,0,0,0,0,0,0,0,2,0,2,0,0,3,0,1,0,6,0,0,0,0,0,0,0,0,0,0,0,0,0,0,0,0,10,0,3,1,2,0,0,0,0,0,0,0,0,0,0,0,0,0,0,0,0,0,0,2,0,0,0,0,0,0,0,0,0,0,0,0,0,0,0,0,0,0,0,0,0,0,1,4,0,0,1,5,22,47,2,2,14,0,0,0,0,0,0,0,0,0,0,0,0,5,4,9,2,0,5,9,8,4,0,4,0,0,0,0,0,0,0,0,0,0,0,0,0,0,0,1,0,0,1,1,2,0,3,0,0,1,0,1,0,0,0,0,0,0,0,0,1,2,1,1,0,0,0,3,0,3,0,0,0,0,0,0,0,0,0,0,0,0,0,0,0,5,1,1,2,3,1,11,2,2,0,1,0,0,0,0,0,0,0,0,0,0,0,0,0,0,0,0,1,0,0,3,0,2,0,0,0,0,0,0,0,0,0,0,0,0,0,0,0,0,0,0,0,0,0,0,0,0,0,0,0,0,0,0,0
S358,B,0,0,0,0,0,0,0,0,1,1,16,0,0,0,0,0,0,0,0,0,0,0,0,0,0,0,0,0,0,0,0,0,0,0,0,0,0,0,0,0,0,0,0,0,0,0,0,0,0,0,0,0,0,0,0,0,0,0,0,0,0,0,0,0,0,0,0,0,0,0,0,0,0,0,0,0,0,0,0,0,0,0,0,0,0,0,0,0,0,5,0,0,0,2,6,6,0,0,0,0,0,0,0,0,0,0,1,2,0,0,0,0,0,0,0,1,0,0,0,0,0,0,0,0,0,0,0,0,0,0,0,0,0,0,0,0,0,0,0,0,0,0,0,0,0,0,0,0,0,0,0,0,0,0,0,0,0,0,0,0,0,0,0,0,0,0,0,0,0,0,0,0,0,0,0,0,0,0,0,0,0,0,0,0,0,0,0,0,0,0,0,0,0,0,0,0,0,0,0,0,0,0,0,0,0,0,0,0,0,0,0,0,0,0,0,0,0,0,0,0,0,0,0,0,0,0,0,0,0,0,0,0,0,0,0,0,0,0,0,0
S359,C,0,0,0,0,0,0,0,0,0,0,0,1,0,1,0,0,6,1,0,0,0,0,0,0,0,0,0,0,0,0,0,0,0,0,0,0,1,0,3,2,0,0,0,0,0,0,0,0,0,0,0,0,0,0,0,0,0,0,0,0,0,0,0,0,0,0,0,0,0,0,0,0,0,0,0,0,0,0,0,0,0,0,0,2,0,1,0,0,3,0,0,2,0,0,0,0,0,0,0,0,0,0,0,0,0,0,2,0,0,0,5,2,0,0,0,0,2,0,0,0,0,0,0,0,0,0,0,0,0,0,0,0,0,1,0,0,3,3,0,0,0,0,0,0,0,0,0,0,0,0,0,0,0,4,0,0,1,0,6,1,1,0,0,0,0,0,0,0,1,0,0,0,0,0,0,1,0,4,6,2,7,10,0,0,1,0,1,0,0,0,0,0,0,0,0,0,0,0,0,0,0,0,0,0,0,0,0,0,3,0,0,0,0,0,0,0,0,0,0,0,0,0,0,0,0,0,0,0,0,0,0,0,0,0,0,0,0,0,0,0
S360,B,2,0,1,0,1,0,5,0,4,0,2,6,1,0,10,0,4,0,4,0,3,0,3,3,2,0,1,0,1,1,1,0,1,0,3,0,5,0,2,0,5,0,4,0,2,0,7,0,1,1,3,0,4,0,5,0,3,0,2,0,2,0,6,0,3,0,5,0,3,0,4,0,4,0,3,0,0,1,4,0,1,2,2,0,1,0,5,0,5,3,5,0,6,0,6,0,1,0,1,0,2,0,3,0,2,4,0,2,4,0,5,11,4,0,4,0,3,0,3,2,5,0,4,0,3,0,3,0,2,0,2,1,1,0,8,0,4,0,2,0,2,0,4,0,2,0,2,0,1,1,2,0,3,0,4,0,1,0,3,0,3,0,2,4,4,0,3,0,5,0,4,0,6,0,6,0,4,0,6,0,5,0,1,0,2,0,4,0,5,0,3,0,4,0,3,0,3,0,3,0,2,0,4,0,4,0,4,0,3,0,2,0,5,0,4,0,2,0,1,0,4,0,1,0,6,0,3,0,2,0,3,0,5,0,4,0,5,0,0,0
S361,C,910,1212,1253,913,1181,838,1130,886,832,1400,717,1221,1764,1952,2121,1388,2072,1802,1372,953,1218,2105,972,1416,907,1504,1139,2360,1317,1110,871,1858,1454,2202,1531,1237,1590,1857,1478,3975,1530,1743,1536,1346,1346,2269,1633,2030,1883,1056,1081,1144,1226,642,1191,961,1353,1801,1249,2191,1697,1810,1764,1418,1403,1800,2183,1411,1496,2571,2757,1699,1061,1535,976,1167,2413,1508,1220,1568,2170,1663,911,520,139,1630,1902,723,1640,2250,1871,2152,2776,5632,1319,2126,443,2269,1049,1349,713,732,1229,1699,1633,1174,1039,1382,1420,1524,2528,1679,1378,946,1433,1566,1475,2954,1368,2187,1690,1579,1006,1719,578,532,1841,969,1735,1702,1005,1679,1490,1168,1547,1061,1226,857,928,689,739,2495,1728,1171,663,543,1744,789,550,1276,1216,1360,1500,1838,1030,809,999,1033,1221,1200,1361,2036,1306,1690,2618,2445,1629,1020,1511,1106,1406,1314,1278,1145,947,889,1519,1060,1241,1134,897,1145,1007,1104,753,748,938,1102,1239,2156,1382,1687,1041,1302,1531,1638,346,1022,1570,1490,1493,3366,2462,1826,1117,998,1623,1689,1998,1058,1344,1308,650,4160,1625,1106,528,1098,1666,1351,875,1474,858,1326,1107,2136,2378,1629,1306,2307,1088,2144,975,2972,1404,1062,1248,2221,1015,1012
S362,C,2,0,0,0,0,1,0,0,0,0,0,0,0,0,0,1,0,0,0,0,1,0,0,0,1,0,0,0,0,0,1,0,0,2,0,0,0,0,1,0,0,0,0,0,0,0,0,0,3,0,0,0,0,0,0,0,0,0,0,0,0,0,0,0,0,0,0,1,0,0,1,0,1,0,0,1,0,0,0,1,0,0,0,0,0,0,0,1,0,2,0,0,2,2,2,0,1,1,0,0,0,1,0,0,0,1,1,1,0,0,2,0,1,0,1,1,0,0,0,2,5,2,0,0,1,0,0,0,0,3,1,0,1,0,0,0,1,0,0,0,0,0,0,0,3,1,0,1,0,0,0,0,0,3,1,0,0,0,0,1,1,2,0,0,0,0,0,0,3,1,0,0,1,1,0,0,0,2,0,0,1,1,0,1,0,0,0,1,2,0,0,0,3,1,1,0,0,0,0,1,0,0,0,1,0,0,0,0,0,0,0,0,0,0,0,0,2,0,0,0,0,1,1,1,1,0,0,1,1,0,1,2,0,0,0,0,0,0,0,0
S363,A,0,0,0,0,0,0,0,0,0,1,0,4,0,0,0,0,0,0,0,0,0,0,0,0,0,0,0,0,0,0,0,0,0,0,0,6,2,0,0,5,0,0,0,0,0,0,0,2,0,0,0,0,0,0,0,0,0,0,0,0,0,0,0,0,0,0,0,0,0,0,0,0,0,0,0,0,0,0,0,0,0,0,0,0,0,0,0,0,1,0,0,0,0,0,0,0,0,0,0,0,0,0,0,0,4,0,1,0,0,0,0,2,1,0,0,0,0,0,0,0,0,0,0,0,0,0,0,0,0,0,0,0,0,0,0,0,0,1,0,0,0,0,0,0,0,0,0,0,0,0,0,0,0,0,0,0,0,0,0,0,1,0,0,0,0,0,0,0,0,0,0,0,0,0,0,0,14,0,0,0,0,1,8,2,0,1,3,0,0,0,0,0,0,0,0,0,0,0,0,0,0,0,0,0,0,0,0,0,0,0,0,0,0,0,0,0,0,0,0,0,0,0,0,0,0,0,0,0,0,0,0,0,0,0,0,0,0,0,0,0
S364,B,238,75,94,358,221,87,66,90,84,87,70,76,84,94,93,93,90,76,87,79,78,84,87,70,223,65,98,523,187,111,78,84,103,86,91,108,108,130,73,126,95,156,94,93,113,108,109,150,393,93,120,575,172,51,76,82,92,88,84,86,96,79,99,94,115,97,168,115,98,99,117,118,363,92,101,618,238,117,85,96,92,72,48,26,9,91,101,74,75,119,90,130,116,156,123,138,147,85,93,372,90,53,86,92,90,55,66,92,88,74,138,107,66,73,81,72,107,149,86,132,342,89,111,535,118,55,98,107,98,98,88,53,92,85,73,97,81,79,74,49,40,81,96,90,224,60,114,589,79,99,83,98,95,99,63,82,95,77,84,80,81,156,122,118,144,110,116,122,317,87,91,523,238,85,101,98,94,79,78,73,95,93,107,84,38,75,104,77,89,93,85,85,298,79,101,491,107,51,92,79,88,204,176,82,80,84,79,125,135,101,82,96,75,168,105,102,142,78,113,473,233,103,106,79,76,95,125,93,74,153,105,120,92,174,81,128,100,86,93,87
S365,C,215,293,288,158,158,152,121,135,142,130,115,126,148,152,164,162,144,161,144,134,148,141,161,139,186,335,319,312,165,181,126,152,171,170,155,171,158,211,205,281,174,248,170,185,196,207,170,237,214,376,350,316,193,98,142,134,174,151,149,162,171,185,188,177,180,177,246,167,164,178,202,177,228,374,374,325,188,195,166,115,164,133,78,50,14,132,215,121,125,206,179,234,240,232,228,219,85,380,336,210,97,89,162,170,162,96,136,153,136,154,248,180,122,126,139,118,179,167,192,245,200,375,347,328,99,86,155,139,171,165,123,129,132,136,162,171,140,133,101,103,58,145,135,149,138,255,361,313,72,169,152,144,164,154,87,130,140,154,150,125,140,264,244,230,238,171,197,206,185,361,345,319,181,186,165,145,178,162,133,120,126,137,155,139,71,133,133,122,149,198,148,134,162,305,247,276,80,75,114,134,138,292,212,139,229,147,146,200,248,158,145,154,126,288,158,150,70,381,300,329,240,198,160,143,159,163,240,167,135,258,174,231,158,280,147,210,142,140,155,154
S366,B,0,0,0,0,1,0,0,1,0,0,0,0,1,0,2,0,0,0,0,0,0,0,0,0,0,0,1,0,0,0,0,0,0,1,0,0,0,2,0,0,0,0,0,0,0,0,0,2,0,1,0,1,0,1,0,0,0,1,0,0,0,0,0,1,0,0,0,0,0,1,0,0,0,1,0,0,0,0,0,0,0,0,0,0,0,0,0,0,0,0,0,0,0,0,0,0,0,0,0,1,0,0,0,0,0,0,0,0,1,0,0,0,0,1,1,0,0,2,0,0,0,0,0,0,0,0,0,0,1,0,1,0,1,1,0,0,0,0,0,0,0,0,0,1,0,0,0,0,1,0,1,0,0,1,0,0,1,1,0,1,1,0,0,0,2,2,0,2,0,0,0,0,0,0,1,0,0,1,0,1,0,0,0,0,0,1,0,0,0,0,1,0,0,0,0,0,0,1,0,1,0,0,0,0,0,0,1,0,0,1,0,1,0,2,0,0,0,0,1,0,1,0,0,0,0,0,0,0,0,0,0,0,0,0,1,0,0,0,0,0
S367,B,167,47,106,50,167,76,98,55,172,60,126,40,179,56,281,55,222,61,173,58,181,44,166,53,114,48,118,64,197,64,137,51,203,59,138,66,241,95,149,525,597,134,171,63,114,80,184,97,139,56,213,62,216,38,198,62,165,61,127,59,180,70,168,64,179,69,239,65,162,81,286,81,184,49,160,45,169,74,144,48,145,50,80,29,13,51,228,42,166,57,188,72,322,98,219,102,62,64,154,43,88,35,198,60,160,51,108,54,114,84,234,74,168,51,127,49,176,65,198,80,149,48,187,63,129,28,117,39,144,42,128,50,130,49,126,57,123,42,157,28,70,51,152,59,111,35,199,57,81,69,179,61,142,66,96,42,125,58,163,47,122,80,290,104,260,74,230,90,156,52,174,45,191,71,133,56,173,72,111,44,124,49,209,68,64,48,140,40,188,63,138,54,156,48,153,36,94,29,184,59,113,100,300,52,96,59,143,92,251,52,146,77,267,82,161,58,46,50,178,57,208,74,155,57,192,62,228,37,191,108,170,75,142,98,159,77,159,45,119,51
S368,C,0,0,0,0,0,0,0,0,0,0,0,0,0,0,0,0,0,0,0,0,0,0,0,0,0,0,0,0,0,0,0,0,0,0,0,0,0,0,0,0,0,9,28,0,0,0,0,0,0,0,0,0,0,0,0,0,0,0,0,0,0,0,0,0,0,1,0,0,0,0,0,0,0,0,0,0,0,0,0,0,0,0,0,1,1,3,0,1,1,2,0,0,50,0,0,0,0,0,0,0,0,0,0,0,0,7,4,0,0,9,0,0,0,0,0,0,0,0,0,0,0,0,0,0,0,0,0,0,0,0,0,0,0,0,0,0,0,0,0,0,0,0,0,0,0,0,0,0,0,0,0,0,0,0,0,0,0,0,0,0,0,0,0,0,0,0,0,0,0,0,0,0,0,0,0,0,0,0,0,0,0,0,0,0,0,0,0,0,0,0,0,0,0,0,0,0,0,0,0,0,0,0,0,0,0,0,0,0,0,0,0,0,0,0,0,0,0,0,0,0,0,0,0,0,0,0,0,0,0,0,0,0,0,0,0,0,0,0,0,0
S369,C,0,0,0,0,0,0,0,0,0,10,3,0,0,0,3,1,0,0,0,0,0,0,0,0,0,0,0,0,0,0,0,0,0,0,0,0,0,0,0,0,0,0,0,0,0,0,0,0,0,0,0,0,0,0,0,0,0,0,0,0,0,0,0,0,0,0,0,0,0,0,0,0,0,0,0,0,0,0,0,0,0,1,0,0,1,1,0,0,0,0,0,0,0,32,36,44,2,0,11,12,1,1,0,0,0,0,0,0,0,0,0,0,0,0,0,0,0,0,0,0,0,0,6,2,0,0,0,0,0,2,0,0,0,0,0,0,1,0,0,0,0,0,0,0,0,0,0,0,0,0,0,0,0,0,0,2,0,0,0,0,0,0,0,0,0,2,5,2,0,0,0,0,0,0,0,0,0,1,3,3,0,0,0,0,0,0,0,0,0,0,0,0,0,0,0,0,0,0,0,0,0,0,0,0,0,0,0,0,0,0,0,0,0,0,0,0,0,0,0,0,0,0,0,0,0,0,0,0,0,0,0,0,0,0,0,0,0,0,0,0
S370,A,0,0,0,0,0,0,0,0,0,0,0,1,0,0,0,0,3,0,0,0,0,0,0,0,0,0,0,0,0,0,0,0,0,0,1,0,2,0,1,0,0,0,0,0,0,2,0,0,0,0,0,0,0,0,0,0,0,0,0,0,0,0,0,0,0,0,0,0,0,0,0,0,0,0,0,0,0,0,0,0,0,0,0,2,0,1,0,0,2,0,0,2,0,0,0,0,0,0,0,0,0,0,0,0,0,0,0,0,0,0,8,0,0,0,0,0,2,2,0,0,0,0,0,0,0,0,0,0,0,0,0,0,2,0,0,0,5,3,0,0,0,0,0,0,0,0,0,0,0,0,0,0,0,1,2,0,0,0,2,0,0,0,0,0,0,0,0,0,1,0,0,0,0,0,0,0,1,4,5,0,8,1,0,0,0,0,0,0,0,0,0,0,0,0,0,0,0,0,0,0,0,0,0,0,0,0,0,0,0,0,0,0,0,0,0,0,0,0,0,0,0,0,0,0,0,0,0,0,0,0,0,0,0,0,0,0,0,0,0,0
S371,B,0,0,0,0,0,0,0,0,0,0,0,0,0,0,0,0,0,0,0,0,0,0,0,0,0,0,0,0,0,0,0,0,0,3,0,1,0,2,1,0,0,0,0,2,0,0,0,0,0,0,0,0,0,0,0,0,0,9,0,0,0,0,0,0,0,0,0,0,0,0,0,0,0,0,0,0,0,0,0,0,0,1,0,0,0,0,0,0,0,2,0,0,0,4,0,0,0,0,0,0,0,0,0,0,0,0,0,0,0,0,0,3,1,0,0,0,0,0,0,3,0,0,0,0,0,0,0,0,0,2,2,0,0,3,0,0,6,0,0,0,0,1,0,0,0,0,0,0,0,0,0,0,0,1,4,2,0,0,0,0,0,0,0,0,0,0,0,0,0,0,0,0,0,0,0,0,1,0,0,0,0,0,4,0,0,0,0,0,0,0,0,0,0,0,0,0,0,0,0,0,0,2,0,0,0,0,0,0,0,0,0,0,0,0,0,0,0,0,0,0,0,0,0,0,0,0,0,0,0,0,0,0,0,2,0,0,0,0,0,0
S372,A,2,0,0,0,0,0,0,0,0,0,0,0,0,0,0,0,0,0,0,0,0,0,0,0,2,0,0,0,0,0,0,0,0,0,0,0,0,0,0,0,0,0,0,0,0,0,0,0,3,0,0,0,0,0,0,0,0,0,0,0,0,0,0,0,0,0,0,0,0,0,0,0,6,0,0,0,0,0,0,0,0,0,0,0,0,0,0,0,0,0,0,0,0,0,0,0,2,0,0,0,0,0,0,0,0,0,0,0,0,0,0,0,0,0,0,0,0,0,0,0,1,0,0,0,0,0,0,0,0,0,0,0,0,0,0,0,0,0,0,0,0,0,0,0,3,0,0,0,0,0,0,0,0,0,0,0,0,0,0,0,0,0,0,0,0,0,0,0,1,4,0,0,0,0,0,0,0,0,0,0,0,0,0,0,0,0,0,0,0,0,0,0,0,0,0,0,0,0,0,0,0,0,0,0,0,0,0,0,0,0,0,0,0,0,0,0,2,0,0,0,0,0,0,0,0,0,0,0,0,0,0,0,0,0,0,0,0,0,0,0
S373,A,0,0,0,0,0,0,0,0,0,0,0,0,0,0,0,1,3,1,0,0,0,0,0,0,0,0,0,0,0,0,0,0,0,0,1,0,0,0,3,0,0,0,0,0,0,0,0,0,0,0,0,0,0,0,0,0,0,0,0,0,0,0,0,0,0,0,0,0,0,0,0,0,0,0,0,0,0,0,0,0,0,0,0,2,0,0,0,0,0,0,0,0,0,0,0,0,0,0,0,0,0,0,0,0,0,0,0,0,0,0,2,0,0,0,0,0,0,0,0,0,0,0,0,0,0,0,0,0,0,0,0,0,0,0,0,0,4,4,0,0,0,0,0,0,0,0,0,0,0,0,0,0,0,1,0,0,0,0,0,0,0,0,0,0,0,0,0,0,1,0,0,0,0,0,0,0,0,1,0,1,4,1,0,0,0,0,0,0,0,0,0,0,0,0,0,0,0,0,0,0,0,0,0,0,0,0,0,0,0,0,0,0,0,0,0,0,0,0,0,0,0,0,0,0,0,0,0,0,0,0,0,0,0,0,0,0,0,0,0,0
S374,C,1,1,1,2,4,6,9,18,28,22,14,13,16,24,42,35,29,18,7,4,2,2,1,1,1,1,1,2,4,7,12,27,41,35,25,19,21,46,43,51,29,27,10,8,4,3,1,2,1,1,1,2,4,4,11,29,43,38,29,24,27,36,45,41,27,16,11,4,2,2,1,1,1,1,1,2,3,7,7,15,23,17,8,5,2,19,36,21,15,15,8,6,4,4,2,2,1,1,1,2,2,3,9,19,27,14,14,11,13,19,41,36,17,10,4,3,3,3,2,2,1,1,1,2,3,5,11,19,27,21,16,15,14,19,26,26,19,11,4,3,1,2,1,1,1,1,1,2,3,9,10,18,25,20,12,13,13,17,23,21,17,22,10,6,4,3,2,2,1,1,1,2,6,9,10,19,26,21,16,14,15,22,32,33,13,16,7,4,5,3,1,1,1,1,1,2,3,4,12,24,34,62,48,20,22,33,41,74,44,18,8,4,5,4,2,1,1,1,1,2,6,11,18,32,40,43,45,23,24,53,40,51,24,26,6,6,23695,13081,5765,3618
S375,B,0,0,0,0,0,0,0,0,0,2,1,0,0,0,0,0,0,0,0,0,0,0,0,0,0,0,0,0,0,0,0,0,0,0,0,0,0,0,0,0,0,0,0,0,0,0,0,0,0,0,0,0,0,0,0,0,0,0,0,0,0,0,0,0,0,0,0,0,0,0,0,0,0,0,0,0,0,0,0,0,0,1,0,0,0,0,0,0,3,0,0,2,0,0,0,0,0,0,0,0,0,0,0,0,0,0,0,0,94,0,2,0,0,0,0,0,0,0,0,0,0,0,0,0,0,0,0,0,0,0,0,2,0,0,0,2,0,0,0,0,0,0,0,0,0,0,0,0,0,0,0,0,0,1,1,0,0,0,0,0,2,0,0,0,0,0,0,0,0,0,0,0,0,0,0,0,0,0,0,0,0,0,0,0,1,0,0,0,0,0,0,0,0,0,0,0,0,0,0,0,0,0,0,0,0,0,0,0,0,0,0,0,0,0,0,0,0,0,0,0,0,0,0,0,0,0,0,0,0,0,0,0,0,0,0,0,0,0,0,0
S376,B,2,0,0,0,4,0,0,0,1,0,2,1,4,0,5,0,3,0,1,0,1,0,5,0,3,0,2,0,2,0,4,0,5,0,5,0,3,0,1,0,3,0,3,0,2,0,2,0,1,0,4,0,5,0,3,0,2,0,1,0,5,0,4,0,1,1,8,0,3,0,3,0,4,0,2,0,3,0,1,0,2,0,2,0,1,0,5,1,3,3,3,0,6,0,6,0,2,0,4,0,2,0,5,0,4,3,2,3,4,0,5,11,5,0,4,0,2,0,8,0,6,0,4,0,2,0,4,0,2,0,1,0,4,0,2,0,5,0,3,0,2,0,0,0,3,0,3,0,1,0,2,0,2,0,1,0,2,0,4,1,3,0,8,0,10,0,5,0,4,0,2,0,0,0,2,0,3,0,6,0,2,0,2,0,1,0,4,0,5,0,1,0,2,0,1,0,3,0,6,0,0,0,4,0,4,0,2,0,5,0,1,0,3,0,3,0,2,0,5,0,3,0,0,0,4,0,3,0,2,0,3,0,4,0,0,0,2,0,1,0
S377,C,0,0,0,0,0,0,0,0,0,0,0,1,0,2,0,0,2,2,0,2,1,0,0,0,0,0,0,0,0,0,0,0,0,0,1,0,2,0,5,0,0,2,0,0,0,0,0,0,0,0,0,0,0,0,0,0,0,0,0,0,0,0,0,0,0,0,0,0,0,0,0,0,0,0,0,0,0,0,0,0,0,0,0,2,0,1,0,0,1,2,0,4,0,0,0,0,0,0,0,0,0,0,0,0,0,0,0,2,0,0,3,0,0,0,0,0,0,0,0,0,0,0,0,0,0,0,0,0,0,0,0,0,0,0,0,0,6,3,0,0,0,0,0,0,0,0,0,0,0,0,0,0,0,2,0,0,0,0,1,0,1,0,0,0,0,0,0,0,2,0,0,0,0,0,0,0,1,1,8,1,5,4,0,0,0,0,3,0,0,2,0,0,0,0,0,0,0,0,0,0,0,0,0,0,0,0,0,0,0,0,0,0,0,0,0,0,0,0,0,0,0,0,0,0,0,0,0,0,0,0,0,0,0,0,0,0,0,0,0,0
S378,B,0,0,0,0,0,0,0,0,0,0,0,0,0,0,0,0,0,0,0,0,0,0,0,0,0,0,0,0,0,0,0,0,0,0,0,0,0,0,0,0,0,0,0,0,0,0,0,0,0,0,0,0,0,0,0,0,0,0,0,0,0,0,0,0,0,0,0,0,0,0,0,0,0,0,0,0,0,0,0,0,0,0,0,0,0,0,0,0,0,0,5,2,0,0,0,0,0,0,0,0,0,0,0,0,0,0,2,4,0,4,0,0,0,0,0,2,2,2,0,2,1,0,0,0,0,0,0,0,0,0,0,0,0,0,2,0,2,10,0,2,0,1,0,0,0,0,0,0,0,0,0,0,0,1,0,0,0,0,0,0,2,0,0,0,0,0,0,0,0,0,0,0,0,0,0,0,0,0,3,0,0,0,4,1,1,0,0,0,0,0,0,0,0,0,0,0,0,0,0,0,0,0,0,0,0,0,0,0,0,0,0,0,0,0,0,0,0,0,0,0,0,0,0,0,0,0,0,0,0,0,0,0,0,0,0,0,0,0,0,0
S379,C,0,0,0,0,0,0,0,0,0,0,0,2,0,46,0,1,5,0,51,55,0,0,0,0,0,0,0,0,0,0,0,0,0,0,0,0,0,0,2,2,0,2,0,0,0,0,0,0,0,0,0,0,0,0,0,0,0,0,0,0,0,0,0,0,0,1,0,0,0,0,0,0,0,0,0,0,0,0,0,0,0,0,0,2,0,1,0,0,3,0,0,2,2,0,0,0,0,0,0,0,0,0,0,0,0,0,0,1,0,0,6,2,0,0,0,0,0,2,0,0,0,0,0,0,0,0,0,0,0,0,0,4,0,11,0,12,5,3,0,0,0,0,0,0,0,0,0,0,0,0,0,0,0,2,0,0,1,1,3,0,1,0,0,0,0,0,0,0,0,0,0,0,0,0,0,0,0,1,8,2,3,4,0,0,0,0,1,0,0,0,0,0,0,0,0,0,0,0,0,0,0,0,0,0,0,0,0,0,6,0,0,0,0,0,0,0,0,0,0,0,0,0,0,0,0,0,0,0,0,0,0,0,0,0,0,0,0,0,0,0
S380,C,0,0,0,0,0,0,0,0,0,0,1,0,1,0,0,0,1,1,1,0,0,0,0,0,0,0,0,0,0,0,0,0,0,0,0,0,0,0,4,0,0,0,0,0,0,0,0,0,0,0,0,0,0,0,0,0,0,0,0,0,0,0,0,0,0,0,0,0,0,0,0,0,0,0,0,0,0,0,0,0,0,0,10,3,0,6,0,0,0,0,0,0,4,0,0,0,0,0,0,0,0,0,0,0,0,0,0,4,0,0,3,0,0,0,0,0,0,0,0,0,0,0,0,0,0,0,0,0,0,0,0,0,0,0,0,0,6,7,0,0,1,0,0,0,0,0,0,0,0,0,0,0,0,4,1,2,2,0,2,0,0,0,0,0,0,0,0,0,0,0,0,0,0,0,0,0,0,0,4,0,6,2,0,0,0,0,2,0,0,0,0,0,0,0,0,0,0,0,0,0,0,0,0,0,0,0,0,0,2,0,0,0,0,0,0,0,0,0,0,0,0,0,0,0,0,0,0,0,0,0,0,0,0,0,0,0,0,0,0,0
S381,A,0,0,0,0,0,0,0,0,0,0,0,0,0,0,0,0,0,0,0,0,0,0,0,0,0,0,0,0,0,0,0,0,0,0,0,3,0,32,2,0,0,0,0,5,2,20,0,0,0,0,0,0,0,0,0,0,1,3,0,0,0,0,0,0,0,0,0,0,0,0,0,0,0,0,0,0,0,0,0,0,0,0,0,0,0,0,0,0,0,21,0,0,0,0,0,0,0,0,0,0,0,0,0,0,0,0,0,0,0,0,2,63,0,0,0,3,0,0,0,2,0,0,0,0,0,0,0,0,0,7,2,0,0,37,12,0,2,14,0,0,0,1,0,0,0,0,0,0,0,0,0,0,0,1,3,1,0,0,0,0,0,0,0,0,0,0,0,0,0,0,0,0,0,0,0,0,2,0,0,0,0,0,3,0,0,0,0,0,0,2,0,0,0,0,0,0,0,0,0,0,0,2,0,0,0,0,0,0,0,0,0,0,0,0,0,0,0,0,0,0,0,0,0,0,0,0,0,0,0,0,0,0,0,2,0,0,0,0,0,0
S382,C,0,0,0,0,0,0,0,0,0,0,0,1,0,0,0,0,3,1,0,0,0,0,0,0,0,0,0,0,0,0,0,0,0,0,0,0,0,0,1,2,0,0,0,0,0,0,0,0,0,0,0,0,0,0,0,0,0,0,0,0,0,0,0,0,0,0,0,0,0,0,0,0,0,0,0,0,0,0,0,0,0,0,0,2,0,0,0,0,0,0,0,0,0,0,0,0,0,0,0,0,0,0,0,0,0,0,0,1,0,0,5,0,0,0,0,0,0,0,0,0,0,0,0,0,0,0,0,0,0,0,0,0,0,0,0,0,3,4,0,0,0,0,0,0,0,0,0,0,0,0,0,0,0,2,0,0,0,0,0,0,0,0,0,0,0,0,0,0,0,0,0,0,0,0,0,0,0,0,0,1,1,1,0,0,0,0,1,0,0,0,0,0,0,0,0,0,0,0,0,0,0,0,0,0,0,0,0,0,0,0,0,0,0,0,0,0,0,0,0,0,0,0,0,0,0,0,0,0,0,0,0,0,0,0,0,0,0,0,0,0
S383,C,0,0,0,0,0,0,0,0,1,7,2,0,0,0,2,3,0,0,0,0,0,0,0,0,0,0,0,0,0,0,0,0,0,0,0,0,0,0,0,0,0,0,0,0,0,0,0,0,0,0,0,0,0,0,0,0,0,0,0,0,0,0,0,0,0,0,0,0,0,0,0,0,0,0,0,0,0,0,0,0,0,2,0,0,1,0,0,0,1,0,0,0,0,26,33,33,3,0,13,12,1,0,0,0,0,0,0,0,0,0,0,0,0,0,0,0,0,0,0,2,0,0,4,7,0,0,0,0,0,4,0,0,0,0,0,0,0,0,0,0,0,0,0,0,0,0,1,0,0,0,0,0,0,0,0,1,0,0,0,0,0,0,0,0,0,5,11,5,0,0,0,0,0,0,0,0,0,2,1,1,0,0,0,0,0,0,0,0,0,0,0,0,0,0,0,0,0,0,0,0,0,0,0,0,0,0,0,0,0,0,0,0,0,0,0,0,0,0,0,0,0,0,0,0,0,0,0,0,0,0,0,0,0,0,0,0,0,0,0,0
S384,C,0,0,0,0,0,0,0,0,0,0,0,0,0,0,0,0,0,0,0,0,0,0,0,0,0,0,0,0,0,0,0,0,0,0,0,0,0,0,0,0,0,0,0,0,0,0,0,0,0,0,0,0,0,0,0,0,0,0,0,0,0,0,0,0,0,0,0,0,0,0,0,0,0,0,0,0,0,0,0,0,0,0,0,0,0,0,0,0,0,3,0,0,0,0,0,0,0,0,0,0,0,0,0,0,0,0,5,0,0,0,9,14,0,0,0,0,0,0,0,0,0,0,0,0,0,0,0,0,0,2,1,9,0,1,1,2,0,2,4,0,0,0,0,0,0,0,0,0,0,0,0,0,0,4,0,0,0,0,0,2,0,0,0,0,0,0,0,0,0,0,0,0,0,0,0,0,0,0,1,1,0,0,1,35,0,0,0,0,0,0,0,0,0,0,0,0,0,0,0,0,0,0,0,0,0,0,0,0,0,0,0,1,0,0,0,0,0,0,0,0,0,0,0,0,0,0,0,0,0,0,0,0,0,0,0,0,0,0,0,0
S385,B,0,0,0,0,0,0,0,0,0,0,1,0,0,0,0,0,0,0,1,0,0,0,0,0,0,0,0,0,0,0,0,0,0,1,0,7,0,0,1,0,0,0,0,0,3,0,0,0,0,0,0,0,0,0,0,0,0,5,0,0,0,0,0,0,0,0,0,0,0,0,0,0,0,0,0,0,0,0,0,0,0,0,1,0,0,0,0,0,0,2,0,0,0,0,0,0,0,0,0,0,0,0,0,0,0,0,1,0,0,0,3,2,0,0,0,0,0,0,0,2,0,0,0,0,0,0,0,0,0,3,0,0,0,2,0,0,4,0,0,0,0,0,0,0,0,0,0,0,0,0,0,0,0,3,3,0,0,0,0,0,0,0,0,0,0,0,0,0,0,0,0,0,0,0,0,0,2,1,0,0,0,0,3,0,0,0,0,0,0,0,0,0,0,0,0,0,0,0,0,0,0,4,0,0,0,0,0,0,0,0,0,0,0,0,0,0,0,0,0,0,0,0,0,0,0,0,0,0,0,0,0,0,0,4,0,3,0,0,0,0
S386,B,0,0,0,0,0,0,0,0,0,0,0,1,11,1,0,0,1,1,2,0,0,0,0,0,0,0,0,0,0,0,0,0,0,0,0,0,0,0,1,0,0,0,4,0,0,0,0,0,0,0,0,0,0,0,0,0,0,0,0,0,0,0,0,0,0,0,0,0,0,0,0,0,0,0,0,0,0,0,0,0,0,0,0,2,0,0,0,3,0,14,3,0,0,0,0,0,0,0,0,0,0,0,0,0,0,0,1,0,0,0,2,0,1,4,2,0,2,0,0,0,0,0,0,0,0,0,0,0,0,0,0,4,0,0,3,0,1,0,0,0,0,0,0,1,1,0,0,0,0,0,0,0,0,1,10,3,0,2,13,3,1,6,0,0,0,0,2,0,0,0,0,0,0,0,0,0,0,0,3,0,0,0,0,0,1,1,2,7,3,0,1,2,0,0,0,0,0,0,0,0,0,0,0,0,0,0,0,0,0,0,0,0,0,0,0,0,0,0,0,0,0,0,0,0,0,0,0,0,0,0,0,0,0,0,0,2,0,0,0,0
S387,B,0,0,0,0,0,0,0,0,0,0,2,0,0,0,0,0,0,0,0,0,0,0,0,0,0,0,0,0,0,0,0,0,0,0,0,0,0,0,0,0,0,0,0,0,0,0,0,0,0,0,0,0,0,0,0,0,0,0,0,0,0,0,0,0,0,0,0,0,0,0,0,0,0,0,0,0,0,0,0,0,0,0,1,0,0,0,0,0,0,0,0,0,0,0,0,0,0,0,0,0,0,0,0,0,0,0,0,0,0,0,0,0,0,0,0,0,0,0,0,0,0,7,0,0,0,0,0,0,1,1,7,2,0,0,0,0,1,2,0,0,0,0,0,0,0,0,0,0,0,0,0,0,0,0,0,1,0,0,0,1,0,0,0,0,6,0,0,0,0,0,0,0,0,0,0,0,0,0,0,0,0,0,0,0,0,0,0,4,0,0,0,0,0,0,0,0,0,0,0,0,0,0,0,0,0,0,0,0,0,0,0,0,0,0,0,0,0,0,0,0,0,0,0,0,0,0,0,0,0,0,0,0,0,0,0,0,0,0,0,0
S388,B,0,0,1,1,0,0,0,0,0,0,0,0,0,0,0,0,0,0,0,0,1,0,0,0,0,0,5,0,0,0,1,0,0,0,0,1,0,2,0,0,0,0,0,0,0,0,0,0,0,0,8,0,1,0,1,1,0,0,0,0,0,0,1,1,0,0,2,1,1,1,1,0,0,0,6,1,1,1,0,0,0,0,0,1,0,0,0,0,1,2,0,0,0,0,0,2,0,0,7,0,1,0,1,0,1,0,0,1,0,0,2,2,0,0,0,0,2,0,2,0,0,1,3,1,0,0,0,0,0,0,1,0,0,1,1,0,0,0,0,0,0,0,0,0,0,0,6,1,0,0,0,0,0,0,0,0,1,0,0,0,0,0,0,2,0,0,0,2,0,0,9,1,0,0,1,0,0,0,0,0,0,0,0,0,0,0,0,1,2,0,0,0,0,0,4,0,0,0,1,0,0,2,0,0,0,1,0,0,0,0,1,0,0,2,0,0,0,0,11,0,0,0,0,1,0,0,0,1,0,2,0,0,1,0,0,0,1,1,0,0
S389,B,0,0,0,0,0,0,0,0,0,0,0,2,0,0,0,0,4,1,0,0,0,0,0,0,0,0,0,0,0,0,0,0,0,0,0,0,2,0,3,2,0,0,0,0,0,0,0,0,0,0,0,0,0,0,0,0,0,0,0,0,0,0,0,0,0,1,0,0,0,0,0,0,0,0,0,0,0,0,0,0,0,0,0,2,0,2,2,0,2,0,0,0,0,0,0,0,0,0,0,0,0,0,0,0,0,0,0,2,0,0,3,2,0,0,0,0,0,0,0,0,0,0,0,0,0,0,0,0,0,0,0,0,2,0,0,0,6,3,0,0,1,0,0,0,0,0,0,0,0,0,0,0,0,2,0,0,0,0,2,0,1,0,0,0,0,0,0,0,2,0,0,0,0,0,0,0,1,1,6,1,4,2,0,0,0,0,1,0,0,2,0,0,0,0,0,0,0,0,0,0,0,0,0,0,0,0,0,0,6,0,0,0,0,0,0,0,0,0,0,0,0,0,0,0,0,0,0,0,0,0,0,0,0,0,0,0,0,0,0,0
S390,B,0,0,0,0,0,0,0,0,0,0,0,2,0,0,0,0,2,0,0,0,0,0,0,0,0,0,0,0,0,0,0,0,0,0,4,14,27,0,0,2,0,0,0,0,0,0,0,0,0,0,0,0,0,0,0,0,0,0,0,0,0,0,0,0,0,0,0,0,0,0,0,0,0,0,0,0,0,0,0,0,0,0,0,0,0,0,0,0,0,0,0,0,0,0,0,0,0,0,0,0,0,0,0,0,0,0,3,0,0,0,0,0,0,2,0,0,0,0,0,0,0,0,0,0,0,0,0,0,1,0,0,0,0,0,0,0,0,0,0,0,0,0,0,0,0,0,0,0,0,0,0,0,0,0,0,0,0,0,0,0,0,0,0,0,0,0,0,0,0,0,0,0,0,0,0,0,0,0,0,0,0,0,3,4,0,1,2,0,0,0,0,0,0,0,0,0,0,0,0,0,0,0,0,0,0,0,0,0,0,0,0,0,0,0,0,0,0,0,0,0,0,0,0,0,0,0,0,0,0,0,0,0,0,0,0,0,0,0,0,0
S391,C,0,0,0,0,0,0,0,0,0,0,0,1,0,0,0,1,3,1,0,0,0,0,0,0,0,0,0,0,0,0,0,0,0,0,0,0,0,0,1,2,0,0,0,0,0,0,0,0,0,0,0,0,0,0,0,0,0,0,0,0,0,0,0,0,0,2,0,0,0,0,0,0,0,0,0,0,0,0,0,0,0,0,0,2,0,2,0,0,3,2,0,0,2,0,0,0,0,0,0,0,0,0,0,0,0,0,0,3,0,0,3,2,0,0,0,0,0,0,0,0,0,0,0,0,0,0,0,0,0,0,0,0,0,0,0,1,5,0,0,0,0,0,0,0,0,0,0,0,0,0,0,0,0,3,2,0,1,2,4,0,1,0,0,0,0,0,0,0,2,0,0,0,0,0,0,1,0,3,6,0,7,2,0,0,0,0,1,0,0,0,0,0,0,0,0,0,0,0,0,0,0,0,0,0,0,0,0,0,3,0,0,0,0,0,0,0,0,0,0,0,0,0,0,0,0,0,0,0,0,0,0,0,0,0,0,0,0,0,0,0
S392,B,1,0,3,0,1,0,0,0,5,0,6,2,5,0,14,0,4,0,3,0,1,0,3,0,3,0,2,0,4,0,3,0,8,0,4,0,5,0,3,0,2,0,5,0,3,0,3,0,2,1,6,0,5,0,1,0,2,0,3,0,5,0,2,0,7,1,5,0,4,0,4,0,2,0,3,0,1,0,4,0,2,2,0,0,1,0,5,0,6,2,5,0,6,0,3,0,1,0,3,0,2,0,3,0,1,1,5,3,5,0,8,11,4,0,1,1,5,0,5,0,5,0,2,0,4,0,2,0,1,0,0,1,2,0,5,0,2,0,2,1,2,0,5,0,3,0,2,0,1,0,3,0,4,0,2,0,5,0,5,0,2,0,6,2,6,0,2,0,3,0,1,0,1,0,2,0,3,0,7,0,5,0,4,0,2,1,6,0,3,2,2,0,4,0,6,0,2,0,3,0,2,0,8,0,0,0,1,0,5,0,3,0,6,0,4,0,0,0,4,0,3,0,5,0,4,0,2,0,4,0,3,0,6,0,3,0,3,0,4,0
S393,B,0,0,0,0,0,0,0,0,0,0,0,0,0,0,0,0,0,0,0,0,0,0,0,0,0,0,0,0,0,0,0,0,0,0,0,0,0,0,0,0,0,0,0,0,0,0,0,0,0,0,0,0,0,0,0,0,0,0,0,0,0,0,0,0,0,0,0,0,0,0,0,0,0,0,0,0,0,0,0,0,0,0,0,0,0,0,0,0,0,0,0,0,0,0,50,0,0,0,0,0,0,0,0,0,0,0,0,0,0,0,0,0,0,0,0,0,0,0,0,0,0,0,0,0,0,0,0,0,0,0,0,0,0,0,0,0,0,0,0,0,0,0,0,0,0,0,0,0,0,0,0,0,0,0,0,0,0,0,0,0,0,0,0,0,0,0,0,0,0,0,0,0,0,0,0,0,0,0,0,0,0,0,0,0,0,0,0,0,0,0,0,0,0,0,0,0,0,0,0,0,0,0,0,0,0,0,0,0,0,0,0,0,0,0,0,0,0,0,0,0,0,0,0,0,0,0,0,0,0,0,0,0,0,0,0,0,0,0,0,0
S394,A,0,0,0,0,0,0,0,0,0,0,0,0,0,0,0,0,0,12,0,0,0,0,0,0,0,0,0,0,0,0,0,0,0,0,0,0,0,0,0,0,0,30,0,0,0,0,0,0,0,0,0,0,0,0,0,0,0,0,0,0,0,0,0,0,0,15,0,0,0,0,0,0,0,0,0,0,0,0,0,0,0,0,0,0,0,0,0,0,0,35,0,0,0,0,0,0,0,0,0,0,0,0,0,0,0,0,0,0,0,0,0,0,0,5,0,0,0,0,0,0,0,0,0,0,0,0,0,0,0,0,0,0,0,0,0,0,0,12,0,0,0,0,0,0,0,0,0,0,0,0,0,0,0,0,0,0,0,0,0,0,0,24,0,0,0,0,0,0,0,0,0,0,0,0,0,0,0,0,0,0,0,0,0,0,0,17,0,0,0,0,0,0,0,0,0,0,0,0,0,0,0,0,0,0,0,0,0,0,0,17,0,0,0,0,0,0,0,0,0,0,0,0,0,0,0,0,0,0,0,0,0,0,0,22,0,0,0,0,0,0
S395,A,945,0,0,0,0,0,0,0,0,671,8,0,0,0,232,188,2265,429,300,925,4,60,0,0,674,0,0,0,0,0,0,0,0,13,5,297,0,0,0,0,0,0,0,0,0,0,0,0,3233,0,0,0,0,0,0,0,0,0,0,0,0,0,0,0,0,0,0,0,0,0,0,0,3748,0,0,0,0,0,0,0,0,3134,180,2516,0,297,0,0,3695,2154,0,0,0,0,0,899,742,0,0,0,0,0,0,0,183,861,2031,256,0,0,0,432,4196,1477,0,0,0,0,872,0,1635,0,0,0,0,0,0,0,896,595,1063,1443,0,121,347,0,463,224,0,0,0,0,0,0,892,0,0,0,0,0,0,0,88,88,154,553,0,7661,4125,1209,0,0,0,0,0,0,101,14,1000,0,0,0,0,0,0,0,0,10,58,292,0,8,0,939,3129,745,0,42,74,195,30,0,1003,0,0,0,0,0,0,0,0,0,110,62,4,0,217,548,105,87,0,0,0,0,0,0,111,0,0,0,0,0,0,0,0,0,0,0,0,0,0,0,0,1262,0,0,0,0,0,0
S396,A,0,0,0,0,0,0,0,0,0,0,0,0,0,0,0,0,0,0,0,1,0,0,0,0,0,0,0,0,0,0,0,0,0,1,0,1,0,3,0,0,0,0,0,0,2,0,0,0,0,0,0,0,0,0,0,0,0,4,0,0,0,0,0,0,0,0,0,0,0,0,0,0,0,0,0,0,0,0,0,0,0,4,0,0,0,0,0,0,0,2,0,0,0,0,0,0,0,0,0,0,0,0,0,0,0,0,0,0,0,0,2,3,2,0,0,0,0,0,0,2,0,0,0,0,0,0,0,0,0,2,3,0,0,0,0,2,1,0,1,0,0,1,0,0,0,0,0,0,0,0,0,0,0,1,1,0,0,0,0,0,0,0,0,0,0,0,0,0,0,0,0,0,0,0,0,0,1,0,0,0,0,0,1,0,0,0,1,0,0,2,0,0,0,0,0,0,0,0,0,0,0,0,0,0,0,0,0,0,0,0,0,0,0,0,0,0,0,0,0,0,0,0,0,0,0,0,0,0,1,0,0,0,0,0,0,0,0,0,0,0
S397,B,0,1,0,0,0,0,0,0,1,0,0,0,0,0,0,0,1,0,0,0,0,0,0,1,0,0,0,0,0,0,1,1,1,0,0,1,0,0,1,0,0,0,2,2,0,0,0,2,0,0,0,1,0,1,0,0,0,1,1,0,0,1,0,1,1,0,2,0,1,1,0,0,0,0,0,0,1,1,1,0,1,0,0,0,1,1,0,0,0,0,2,0,0,0,0,0,1,0,0,0,1,0,0,1,0,1,0,0,0,0,2,0,0,0,0,0,2,2,0,0,0,0,0,0,0,0,0,0,0,0,1,0,0,0,0,0,1,0,0,0,0,0,0,0,0,0,0,0,0,0,0,0,0,0,0,0,1,0,0,0,0,0,0,0,0,0,2,0,0,0,0,0,0,0,1,0,0,0,0,0,1,0,0,0,1,0,1,0,0,0,0,0,0,0,0,0,0,0,0,1,0,0,0,0,0,0,0,2,0,0,0,0,0,0,0,0,0,0,0,0,1,1,0,0,0,0,0,0,0,2,0,0,1,2,0,2,0,0,0,0
S398,C,0,0,0,0,0,0,0,0,0,0,0,0,0,0,0,0,4,1,0,0,0,0,0,0,0,0,0,0,0,0,0,0,0,0,1,0,0,0,4,0,0,0,0,0,0,0,0,0,0,0,0,0,0,0,0,0,0,0,0,0,0,0,0,0,0,0,0,0,0,0,0,0,0,0,0,0,0,0,0,0,0,0,0,2,0,0,0,0,0,0,0,0,0,0,0,0,0,0,0,0,0,0,0,0,0,0,0,1,0,0,6,0,0,0,0,0,0,0,0,0,0,0,0,0,0,0,0,0,0,0,0,0,0,0,0,0,5,4,0,0,0,0,0,0,0,0,0,0,0,0,0,0,0,3,1,0,0,0,0,0,0,0,0,0,0,0,0,0,0,0,0,0,0,0,0,0,0,1,0,1,4,0,0,0,0,0,1,0,0,0,0,0,0,0,0,0,0,0,0,0,0,0,0,0,0,0,0,0,2,0,0,0,0,0,0,0,0,0,0,0,0,0,0,0,0,0,0,0,0,0,0,0,0,0,0,0,0,0,0,0
S399,B,0,0,0,0,0,0,0,0,0,0,0,1,0,0,0,1,2,0,0,0,0,0,0,0,0,0,0,0,0,0,0,0,0,0,0,0,0,0,4,2,0,0,0,0,0,0,0,0,0,0,0,0,0,0,0,0,0,0,0,0,0,0,0,0,0,1,0,0,0,0,0,0,0,0,0,0,0,0,0,0,0,0,0,1,0,1,0,0,1,0,0,2,0,0,0,0,0,0,0,0,0,0,0,0,0,0,0,3,0,0,5,2,0,0,0,0,2,2,0,0,0,0,0,0,0,0,0,0,0,0,0,0,0,0,0,0,5,3,0,0,0,0,0,0,0,0,0,0,0,0,0,0,0,4,0,0,3,2,1,0,1,0,0,0,0,0,0,0,2,0,0,0,0,0,0,0,1,2,4,0,5,3,0,0,0,0,2,0,0,0,0,0,0,0,0,0,0,0,0,0,0,0,0,0,0,0,0,0,5,0,0,0,0,0,0,0,0,0,0,0,0,0,0,0,0,0,0,0,0,0,0,0,0,0,0,0,0,0,0,0
S400,B,0,0,0,0,0,0,0,0,4,3,2,0,0,2,2,2,0,0,0,0,0,0,0,0,0,0,0,0,0,0,0,0,0,0,0,0,0,0,0,0,0,0,0,0,0,0,0,0,0,0,0,0,0,0,0,0,0,0,0,0,0,0,0,0,0,0,0,0,0,0,0,0,0,0,0,0,0,0,0,0,0,0,0,0,2,0,0,0,0,2,0,0,0,0,5,3,0,0,0,0,0,0,0,0,0,1,1,0,0,0,0,0,0,0,0,0,0,0,0,0,0,0,0,0,0,0,0,0,0,0,0,16,0,0,0,0,0,0,0,0,0,0,0,0,0,0,0,0,0,0,0,0,0,0,0,0,0,0,0,0,0,0,0,0,0,0,0,0,0,0,0,0,0,0,0,0,0,0,0,0,0,0,0,0,0,0,0,0,0,0,0,0,0,0,0,0,0,0,0,0,0,0,0,0,0,0,0,0,0,0,0,0,0,0,0,0,0,0,0,0,0,0,0,0,0,0,0,0,0,0,0,0,0,0,0,0,0,0,0,0
S401,B,0,0,0,0,0,0,0,0,0,0,0,1,1,0,0,1,4,0,0,0,0,0,0,0,0,0,0,0,0,0,0,0,0,0,0,0,1,0,2,0,0,0,0,0,0,0,0,0,0,0,0,0,0,0,0,0,0,0,0,0,0,0,0,0,0,1,0,0,0,0,0,0,0,0,0,0,0,0,0,0,0,0,0,1,0,1,0,2,1,0,0,0,0,0,0,0,0,0,0,0,0,0,0,0,0,0,0,1,0,0,5,0,0,1,0,0,2,0,0,0,0,0,0,0,0,0,0,0,0,0,0,3,0,0,0,1,8,4,0,0,0,0,0,0,0,0,0,0,0,0,0,0,0,2,1,0,0,0,4,0,0,0,0,0,0,0,0,0,1,0,0,0,0,0,0,0,1,3,5,0,6,3,0,0,0,0,0,0,0,0,0,0,0,0,0,0,0,0,0,0,0,0,0,0,0,0,0,0,3,0,0,0,0,0,0,0,0,0,0,0,0,0,0,0,0,0,0,0,0,0,0,0,0,0,0,0,0,0,0,0
S402,B,0,0,0,0,0,0,0,0,0,0,0,0,0,0,3,0,0,0,0,0,0,0,0,0,0,0,0,0,0,0,0,0,0,0,0,0,0,0,0,0,0,0,0,0,0,0,0,0,0,0,0,0,0,0,0,0,0,0,0,0,0,0,0,0,0,0,0,0,0,0,0,0,0,0,0,0,0,0,0,0,0,0,0,0,0,0,0,0,0,2,0,0,0,0,0,0,0,0,0,0,0,0,0,0,0,0,0,0,0,20,3,0,0,0,0,0,0,0,0,0,0,0,0,0,0,0,0,0,0,2,4,0,0,3,0,0,0,0,0,0,0,0,0,0,0,0,0,0,0,0,0,0,0,1,0,0,0,0,0,0,0,0,0,0,0,0,0,0,0,0,0,0,0,0,0,0,0,0,0,0,0,0,0,0,0,0,0,0,0,0,0,0,0,0,0,0,0,0,0,0,0,0,0,0,0,0,0,0,0,0,0,0,0,0,0,0,0,0,0,0,0,0,0,0,0,0,0,0,0,0,0,0,0,0,0,0,0,0,0,0
