strategy_id,date,issue_time,slot,start_time,end_time,price_yuan_kWh,load_kW,pv_kW,load_forecast_kW,pv_forecast_kW,net_forecast_kWh,residual_adjustment_kWh,protected_net_kWh,theta,theta_preset,residual_days,fallback_reason,planned_kWh,charge_kWh,discharge_kWh,emergency_kWh,unused_kWh,state_start_kWh,state_end_kWh,nominal_state_end_kWh,planned_cost_yuan,emergency_cost_yuan
B_fixed_q65,2025-03-20,2025-03-20,0,2025-03-20 00:00:00,2025-03-20 00:10:00,0.4248,3299.0689,0.0,3617.1514,0.0,602.8585666666667,11.591549999999984,614.4501166666666,0.65,0.65,28,,614.4501166666669,0.0,0.0,0.0,64.60530000000017,10800.0,10800.0,10800.0,261.01840956000007,0.0
B_fixed_q65,2025-03-20,2025-03-20,1,2025-03-20 00:10:00,2025-03-20 00:20:00,0.4245,3421.881,0.0,3585.3143,0.0,597.5523833333333,11.85968333333335,609.4120666666666,0.65,0.65,28,,609.4120666666666,0.0,0.0,0.0,39.09856666666667,10800.0,10800.0,10800.0,258.69542229999996,0.0
B_fixed_q65,2025-03-20,2025-03-20,2,2025-03-20 00:20:00,2025-03-20 00:30:00,0.4269,3683.11,0.0,3514.21,0.0,585.7016666666666,19.900000000000034,605.6016666666667,0.65,0.65,28,,605.6016666666667,0.0,8.25,0.0,0.0,10800.0,10790.833333333334,10800.0,258.5313515,0.0
B_fixed_q65,2025-03-20,2025-03-20,3,2025-03-20 00:30:00,2025-03-20 00:40:00,0.4272,3476.737,0.0,3566.7633,0.0,594.46055,4.377533333333417,598.8380833333334,0.65,0.65,28,,598.8380833333334,10.185185185184512,0.0,0.0,9.196731481482313,10790.833333333334,10800.0,10800.0,255.82362920000006,0.0
B_fixed_q65,2025-03-20,2025-03-20,4,2025-03-20 00:40:00,2025-03-20 00:50:00,0.4271,3302.6695,0.0,3529.764,0.0,588.294,4.452200000000062,592.7462,0.65,0.65,28,,592.7462,0.0,0.0,0.0,42.30128333333346,10800.0,10800.0,10800.0,253.16190202,0.0
B_fixed_q65,2025-03-20,2025-03-20,5,2025-03-20 00:50:00,2025-03-20 01:00:00,0.4285,3426.94,0.0,3390.6,0.0,565.0999999999999,2.4383333333332757,567.5383333333332,0.65,0.65,28,,567.5383333333332,0.0,3.618333333333453,0.0,0.0,10800.0,10795.97962962963,10800.0,243.19017583333326,0.0
B_fixed_q65,2025-03-20,2025-03-20,6,2025-03-20 01:00:00,2025-03-20 01:10:00,0.4311,3609.5343,0.0,3352.8783,0.0,558.81305,4.908750000000055,563.7218,0.65,0.65,28,,563.7218,0.0,37.8672499999999,0.0,0.0,10795.97962962963,10753.904907407408,10800.0,243.02046798,0.0
B_fixed_q65,2025-03-20,2025-03-20,7,2025-03-20 01:10:00,2025-03-20 01:20:00,0.4302,3668.9025,0.0,3308.9055,0.0,551.48425,9.43593333333331,560.9201833333333,0.65,0.65,28,,560.9201833333333,0.0,50.5635666666667,0.0,0.0,10753.904907407408,10697.723166666667,10800.0,241.30786287,0.0
B_fixed_q65,2025-03-20,2025-03-20,8,2025-03-20 01:20:00,2025-03-20 01:30:00,0.4279,3589.3,0.0,3260.08,0.0,543.3466666666666,1.0633333333333326,544.4099999999999,0.65,0.65,28,,544.4099999999999,0.0,53.80666666666684,0.0,0.0,10697.723166666667,10637.937981481482,10800.0,232.95303899999993,0.0
B_fixed_q65,2025-03-20,2025-03-20,9,2025-03-20 01:30:00,2025-03-20 01:40:00,0.4312,3503.6157,0.0,3353.4584,0.0,558.9097333333333,5.534050000000093,564.4437833333334,0.65,0.65,28,,564.4437833333334,0.0,19.49216666666655,0.0,0.0,10637.937981481482,10616.280018518519,10800.0,243.38815937333337,0.0
B_fixed_q65,2025-03-20,2025-03-20,10,2025-03-20 01:40:00,2025-03-20 01:50:00,0.4333,3545.9703,0.0,3552.8392,0.0,592.1398666666666,6.2293833333334305,598.3692500000001,0.65,0.65,28,,598.3692500000001,7.374200000000087,0.0,0.0,0.0,10616.280018518519,10622.91679851852,10800.0,259.27339602500007,0.0
B_fixed_q65,2025-03-20,2025-03-20,11,2025-03-20 01:50:00,2025-03-20 02:00:00,0.4311,3590.66,0.0,3655.73,0.0,609.2883333333333,20.54166666666663,629.8299999999999,0.65,0.65,28,,629.8299999999999,31.386666666666656,0.0,0.0,0.0,10622.91679851852,10651.16479851852,10800.0,271.51971299999997,0.0
B_fixed_q65,2025-03-20,2025-03-20,12,2025-03-20 02:00:00,2025-03-20 02:10:00,0.4293,3395.9017,0.0,3484.6496,0.0,580.7749333333334,11.973416666666708,592.7483500000001,0.65,0.65,28,,592.7483500000001,26.764733333333425,0.0,0.0,0.0,10651.16479851852,10675.25305851852,10800.0,254.46686665500005,0.0
B_fixed_q65,2025-03-20,2025-03-20,13,2025-03-20 02:10:00,2025-03-20 02:20:00,0.4324,3276.7246,0.0,3416.4269,0.0,569.4044833333332,1.188066666666657,570.5925499999998,0.65,0.65,28,,570.5925499999998,24.47178333333318,0.0,0.0,0.0,10675.25305851852,10697.27766351852,10800.0,246.72421861999993,0.0
B_fixed_q65,2025-03-20,2025-03-20,14,2025-03-20 02:20:00,2025-03-20 02:30:00,0.4367,3394.28,0.0,3529.19,0.0,588.1983333333333,0.941666666666606,589.1399999999999,0.65,0.65,28,,589.1399999999999,23.426666666666506,0.0,0.0,0.0,10697.27766351852,10718.36166351852,10800.0,257.2774379999999,0.0
B_fixed_q65,2025-03-20,2025-03-20,15,2025-03-20 02:30:00,2025-03-20 02:40:00,0.4348,3587.5594,0.0,3565.0967,0.0,594.1827833333333,7.515433333333476,601.6982166666668,0.65,0.65,28,,601.6982166666668,3.771650000000136,0.0,0.0,0.0,10718.36166351852,10721.756148518522,10800.0,261.6183846066667,0.0
B_fixed_q65,2025-03-20,2025-03-20,16,2025-03-20 02:40:00,2025-03-20 02:50:00,0.4335,3605.7268,0.0,3662.8512,0.0,610.4752,7.105333333333306,617.5805333333333,0.65,0.65,28,,617.5805333333333,16.626066666666702,0.0,0.0,0.0,10721.756148518522,10736.719608518522,10800.0,267.7211612,0.0
B_fixed_q65,2025-03-20,2025-03-20,17,2025-03-20 02:50:00,2025-03-20 03:00:00,0.4357,3522.79,0.0,3749.14,0.0,624.8566666666666,5.951666666666654,630.8083333333332,0.65,0.65,28,,630.8083333333332,43.676666666666506,0.0,0.0,0.0,10736.719608518522,10776.028608518522,10800.0,274.84319083333327,0.0
B_fixed_q65,2025-03-20,2025-03-20,18,2025-03-20 03:00:00,2025-03-20 03:10:00,0.4374,3631.2618,0.0,3576.3344,0.0,596.0557333333334,12.462650000000053,608.5183833333334,0.65,0.65,28,,608.5183833333334,3.3080833333334567,0.0,0.0,0.0,10776.028608518522,10779.005883518521,10800.0,266.16594087000004,0.0
B_fixed_q65,2025-03-20,2025-03-20,19,2025-03-20 03:10:00,2025-03-20 03:20:00,0.4371,3731.3543,0.0,3450.3953,0.0,575.0658833333333,3.6218666666666195,578.6877499999999,0.65,0.65,28,,578.6877499999999,0.0,43.20463333333339,0.0,0.0,10779.005883518521,10731.000735370373,10800.0,252.94441552499995,0.0
B_fixed_q65,2025-03-20,2025-03-20,20,2025-03-20 03:20:00,2025-03-20 03:30:00,0.4356,3721.01,0.0,3522.37,0.0,587.0616666666666,-5.434999999999945,581.6266666666667,0.65,0.65,28,,581.6266666666667,0.0,38.54166666666663,0.0,0.0,10731.000735370373,10688.176661296298,10800.0,253.356576,0.0
B_fixed_q65,2025-03-20,2025-03-20,21,2025-03-20 03:30:00,2025-03-20 03:40:00,0.4353,3699.7385,0.0,3631.228,0.0,605.2046666666666,-8.328883333333351,596.8757833333333,0.65,0.65,28,,596.8757833333333,0.0,19.747299999999996,0.0,0.0,10688.176661296298,10666.235216851854,10800.0,259.82002848499997,0.0
B_fixed_q65,2025-03-20,2025-03-20,22,2025-03-20 03:40:00,2025-03-20 03:50:00,0.436,3674.7825,0.0,3569.4386,0.0,594.9064333333333,-7.340250000000083,587.5661833333332,0.65,0.65,28,,587.5661833333332,0.0,24.89756666666665,0.0,0.0,10666.235216851854,10638.571253888891,10800.0,256.1788559333333,0.0
B_fixed_q65,2025-03-20,2025-03-20,23,2025-03-20 03:50:00,2025-03-20 04:00:00,0.4378,3623.58,0.0,3455.04,0.0,575.8399999999999,-5.473333333333358,570.3666666666666,0.65,0.65,28,,570.3666666666666,0.0,33.56333333333339,0.0,0.0,10638.571253888891,10601.2786612963,10800.0,249.70652666666663,0.0
B_fixed_q65,2025-03-20,2025-03-20,24,2025-03-20 04:00:00,2025-03-20 04:10:00,0.4401,3538.7697,0.0019,3583.9838,0.0018,597.3303333333333,-0.9530666666667003,596.3772666666666,0.65,0.65,28,,596.3772666666666,6.582633333333433,0.0,0.0,0.0,10601.2786612963,10607.2030312963,10800.0,262.46563505999995,0.0
B_fixed_q65,2025-03-20,2025-03-20,25,2025-03-20 04:10:00,2025-03-20 04:20:00,0.4389,3488.7843,0.0,3645.8233,0.0,607.6372166666666,4.677216666666595,612.3144333333332,0.65,0.65,28,,612.3144333333332,30.850383333333298,0.0,0.0,0.0,10607.2030312963,10634.9683762963,10800.0,268.74480479,0.0
B_fixed_q65,2025-03-20,2025-03-20,26,2025-03-20 04:20:00,2025-03-20 04:30:00,0.4364,3513.51,0.0,3577.07,0.0,596.1783333333333,3.033333333333303,599.2116666666666,0.65,0.65,28,,599.2116666666666,13.626666666666551,0.0,0.0,0.0,10634.9683762963,10647.232376296299,10800.0,261.49597133333333,0.0
B_fixed_q65,2025-03-20,2025-03-20,27,2025-03-20 04:30:00,2025-03-20 04:40:00,0.4393,3598.3779,0.0271,3630.4401,0.0254,605.0691166666666,2.7897833333333892,607.8589,0.65,0.65,28,,607.8589,8.133766666666588,0.0,0.0,0.0,10647.232376296299,10654.5527662963,10800.0,267.03241477,0.0
B_fixed_q65,2025-03-20,2025-03-20,28,2025-03-20 04:40:00,2025-03-20 04:50:00,0.4422,3700.4359,0.0,3717.5034,0.0,619.5839,14.915899999999965,634.4997999999999,0.65,0.65,28,,634.4997999999999,17.760483333333354,0.0,0.0,0.0,10654.5527662963,10670.5372012963,10800.0,280.57581156,0.0
B_fixed_q65,2025-03-20,2025-03-20,29,2025-03-20 04:50:00,2025-03-20 05:00:00,0.4395,3753.57,0.0,3727.07,0.0,621.1783333333333,3.5283333333333076,624.7066666666666,0.65,0.65,28,,624.7066666666666,0.0,0.8883333333334349,0.0,0.0,10670.5372012963,10669.550164259263,10800.0,274.55857999999995,0.0
B_fixed_q65,2025-03-20,2025-03-20,30,2025-03-20 05:00:00,2025-03-20 05:10:00,0.4333,3716.9811,0.3776,3652.3286,0.3537,608.6624833333333,10.208450000000084,618.8709333333334,0.65,0.65,28,,618.8709333333334,0.0,0.5629833333332499,0.0,0.0,10669.550164259263,10668.924627222226,10800.0,268.1567754133334,0.0
B_fixed_q65,2025-03-20,2025-03-20,31,2025-03-20 05:10:00,2025-03-20 05:20:00,0.4439,3707.0664,0.0,3627.5869,0.0,604.5978166666666,-2.7869833333332963,601.8108333333333,0.65,0.65,28,,601.8108333333333,0.0,16.033566666666616,0.0,0.0,10668.924627222226,10651.109553148151,10800.0,267.1438289166667,0.0
B_fixed_q65,2025-03-20,2025-03-20,32,2025-03-20 05:20:00,2025-03-20 05:30:00,0.4301,3642.69,0.0,3625.87,0.0,604.3116666666666,3.518333333333203,607.8299999999998,0.65,0.65,28,,607.8299999999998,0.7149999999998045,0.0,0.0,0.0,10651.109553148151,10651.753053148152,10800.0,261.4276829999999,0.0
B_fixed_q65,2025-03-20,2025-03-20,33,2025-03-20 05:30:00,2025-03-20 05:40:00,0.3713,3457.8398,5.2594,3603.0838,4.9264,599.6929,-7.807199999999966,591.8857,0.65,0.65,28,,591.8857,16.455633333333367,0.0,0.0,0.0,10651.753053148152,10666.563123148151,10800.0,219.76716041000003,0.0
B_fixed_q65,2025-03-20,2025-03-20,34,2025-03-20 05:40:00,2025-03-20 05:50:00,0.5708,4028.7787,0.0,4178.7819,0.0,696.4636499999999,-10.133783333333213,686.3298666666667,0.65,0.65,28,,686.3298666666667,14.866750000000138,0.0,0.0,0.0,10666.563123148151,10679.943198148152,10800.0,391.75708789333333,0.0
B_fixed_q65,2025-03-20,2025-03-20,35,2025-03-20 05:50:00,2025-03-20 06:00:00,0.9099,4962.09,0.0,4976.26,0.0,829.3766666666667,-7.053333333333285,822.3233333333334,0.65,0.65,28,,0.0,0.0,827.015,0.0,0.0,10679.943198148152,9761.037642592597,9886.307407407407,0.0,0.0
B_fixed_q65,2025-03-20,2025-03-20,36,2025-03-20 06:00:00,2025-03-20 06:10:00,0.9368,4905.1198,153.4202,4927.8193,144.6043,797.2025,9.445366666666814,806.6478666666668,0.65,0.65,28,,0.0,0.0,791.9499333333334,0.0,0.0,9761.037642592597,8881.093272222226,8990.032,0.0,0.0
B_fixed_q65,2025-03-20,2025-03-20,37,2025-03-20 06:10:00,2025-03-20 06:20:00,0.8758,4660.8239,401.044,4816.9758,383.3165,738.9432166666667,3.734133333333375,742.67735,0.65,0.65,28,,0.0,0.0,709.9633166666667,0.0,0.0,8881.093272222226,8092.2451425925965,8164.834944444444,0.0,0.0
B_fixed_q65,2025-03-20,2025-03-20,38,2025-03-20 06:20:00,2025-03-20 06:30:00,0.8759,4703.75,675.525,4945.2,669.975,712.5374999999999,-7.144999999999982,705.3924999999999,0.65,0.65,28,,0.0,0.0,671.3708333333333,0.0,0.0,8092.2451425925965,7346.277550000004,7381.0655,0.0,0.0
B_fixed_q65,2025-03-20,2025-03-20,39,2025-03-20 06:30:00,2025-03-20 06:40:00,0.8601,4726.9008,952.6316,4841.0708,986.6364,642.4057333333334,-3.657016666666891,638.7487166666665,0.65,0.65,28,,0.0,0.0,629.0448666666666,0.0,0.0,7346.277550000004,6647.338809259264,6671.344703703704,0.0,0.0
B_fixed_q65,2025-03-20,2025-03-20,40,2025-03-20 06:40:00,2025-03-20 06:50:00,0.8442,4819.4733,1302.5378,4756.7742,1316.594,573.3633666666666,-2.1340333333333774,571.2293333333332,0.65,0.65,28,,0.0,0.0,586.1559166666666,0.0,0.0,6647.338809259264,5996.054457407412,6036.645444444444,0.0,0.0
B_fixed_q65,2025-03-20,2025-03-20,41,2025-03-20 06:50:00,2025-03-20 07:00:00,0.8334,4880.33,1693.2375,4785.54,1643.8875,523.60875,-6.605416666666542,517.0033333333334,0.65,0.65,28,,328.673016666668,0.0,202.50906666666526,0.0,0.0,5996.054457407412,5771.044383333339,5827.389537037038,273.9160920900011,0.0
B_fixed_q65,2025-03-20,2025-03-20,42,2025-03-20 07:00:00,2025-03-20 07:10:00,0.8092,4689.3761,2009.9231,4770.8891,1956.0234,469.14428333333336,-5.471883333333153,463.6724000000002,0.65,0.65,28,,463.6724000000002,17.096900000000176,0.0,0.0,0.0,5771.044383333339,5786.431593333339,5827.389537037038,375.2037060800002,0.0
B_fixed_q65,2025-03-20,2025-03-20,43,2025-03-20 07:10:00,2025-03-20 07:20:00,0.7972,4713.3646,2305.9149,4933.7109,2250.2085,447.25039999999996,4.370233333333545,451.6206333333335,0.65,0.65,28,,451.6206333333335,50.37901666666693,0.0,0.0,0.0,5786.431593333339,5831.772708333339,5827.389537037038,360.0319688933335,0.0
B_fixed_q65,2025-03-20,2025-03-20,44,2025-03-20 07:20:00,2025-03-20 07:30:00,0.7644,4827.2,2609.7375,5017.07,2498.925,419.6908333333332,13.207083333333372,432.89791666666656,0.65,0.65,28,,432.89791666666656,63.320833333333326,0.0,0.0,0.0,5831.772708333339,5888.76145833334,5827.389537037038,330.9071674999999,0.0
B_fixed_q65,2025-03-20,2025-03-20,45,2025-03-20 07:30:00,2025-03-20 07:40:00,0.6899,4578.156,2894.0148,4678.8593,2691.9663,331.1488333333333,11.19375000000008,342.3425833333334,0.65,0.65,28,,342.3425833333334,61.652383333333376,0.0,0.0,0.0,5888.76145833334,5944.24860333334,5827.389537037038,236.18214824166668,0.0
B_fixed_q65,2025-03-20,2025-03-20,46,2025-03-20 07:40:00,2025-03-20 07:50:00,0.86,5187.0368,3179.5684,5430.5741,2986.3327,407.37356666666665,4.699950000000058,412.0735166666667,0.65,0.65,28,,0.0,0.0,334.5780666666666,0.0,0.0,5944.24860333334,5572.495195925932,5369.530074074075,0.0,0.0
B_fixed_q65,2025-03-20,2025-03-20,47,2025-03-20 07:50:00,2025-03-20 08:00:00,1.1617,6405.59,3476.5125,6755.97,3339.9375,569.33875,14.305416666666662,583.6441666666667,0.65,0.65,28,,0.0,0.0,488.17958333333337,0.0,0.0,5572.495195925932,5030.073436666673,4721.036555555556,0.0,0.0
B_fixed_q65,2025-03-20,2025-03-20,48,2025-03-20 08:00:00,2025-03-20 08:10:00,1.1683,6658.0486,3761.2255,6545.8122,3552.9582,498.809,-1.2644833333333025,497.5445166666667,0.65,0.65,28,,0.0,0.0,482.80385,0.0,0.0,5030.073436666673,4493.624714444451,4168.209314814815,0.0,0.0
B_fixed_q65,2025-03-20,2025-03-20,49,2025-03-20 08:10:00,2025-03-20 08:20:00,1.0956,6606.6001,3976.3717,6234.5498,3752.2552,413.7157666666666,-1.3829166666666097,412.33284999999995,0.65,0.65,28,,0.0,0.0,438.3713999999999,0.0,0.0,4493.624714444451,4006.5453811111174,3710.0617037037036,0.0,0.0
B_fixed_q65,2025-03-20,2025-03-20,50,2025-03-20 08:20:00,2025-03-20 08:30:00,1.0849,6687.27,4220.325,6481.09,3987.0,415.6816666666667,-5.1120833333333735,410.5695833333333,0.65,0.65,28,,0.0,0.0,411.1575000000001,0.0,0.0,4006.5453811111174,3549.7037144444507,3253.8732777777777,0.0,0.0
B_fixed_q65,2025-03-20,2025-03-20,51,2025-03-20 08:30:00,2025-03-20 08:40:00,1.061,6649.776,4653.7429,6510.8474,4178.399,388.7413999999999,5.759166666666715,394.5005666666666,0.65,0.65,28,,0.0,0.0,332.67218333333324,0.0,0.0,3549.7037144444507,3180.0679551851917,2815.5393148148146,0.0,0.0
B_fixed_q65,2025-03-20,2025-03-20,52,2025-03-20 08:40:00,2025-03-20 08:50:00,1.043,6705.5335,5037.5027,6551.7773,4381.418,361.72655,9.867866666666657,371.59441666666663,0.65,0.65,28,,0.0,0.0,278.0051333333332,0.0,0.0,3180.0679551851917,2871.1733625925995,2402.6566296296296,0.0,0.0
B_fixed_q65,2025-03-20,2025-03-20,53,2025-03-20 08:50:00,2025-03-20 09:00:00,1.036,6757.81,5180.8875,6666.06,4631.2125,339.1412500000001,5.10791666666654,344.24916666666667,0.65,0.65,28,,0.0,0.0,262.82041666666674,0.0,0.0,2871.1733625925995,2579.150677407414,2020.1575555555553,0.0,0.0
B_fixed_q65,2025-03-20,2025-03-20,54,2025-03-20 09:00:00,2025-03-20 09:10:00,1.0147,6494.2004,5166.4978,6601.3223,4933.6498,277.9454166666666,12.131983333333352,290.0773999999999,0.65,0.65,28,,0.0,0.0,221.2837666666666,0.0,0.0,2579.150677407414,2333.279825555562,1697.849333333333,0.0,0.0
B_fixed_q65,2025-03-20,2025-03-20,55,2025-03-20 09:10:00,2025-03-20 09:20:00,0.9922,6436.4392,5533.329,6573.4361,5388.1737,197.54373333333325,28.8565999999999,226.40033333333315,0.65,0.65,28,,0.0,0.0,150.51836666666668,0.0,0.0,2333.279825555562,2166.0371959259323,1446.2934074074074,0.0,0.0
B_fixed_q65,2025-03-20,2025-03-20,56,2025-03-20 09:20:00,2025-03-20 09:30:00,0.97,6570.85,6107.7375,6614.79,5904.4875,118.38374999999996,12.189999999999912,130.57374999999988,0.65,0.65,28,,0.0,0.0,77.1854166666667,0.0,0.0,2166.0371959259323,2080.2756218518584,1301.211462962963,0.0,0.0
B_fixed_q65,2025-03-20,2025-03-20,57,2025-03-20 09:30:00,2025-03-20 09:40:00,0.9422,6399.3635,6182.795,6548.6468,6266.8363,46.96841666666675,17.12893333333325,64.09735,0.65,0.65,28,,0.0,0.0,36.09475000000005,0.0,0.0,2080.2756218518584,2040.1703440740805,1229.9921851851852,0.0,0.0
B_fixed_q65,2025-03-20,2025-03-20,58,2025-03-20 09:40:00,2025-03-20 09:50:00,0.9569,6445.9301,6198.386,6569.7745,6602.2852,-5.418449999999969,32.41141666666664,26.99296666666667,0.65,0.65,28,,0.0,0.0,41.25734999999986,0.0,0.0,2040.1703440740805,1994.3288440740807,1200.0,0.0,0.0
B_fixed_q65,2025-03-20,2025-03-20,59,2025-03-20 09:50:00,2025-03-20 10:00:00,0.9977,6697.43,6426.1875,6666.81,6891.525,-37.45249999999987,31.693749999999852,-5.7587500000000205,0.65,0.65,28,,0.0,0.0,45.20708333333338,0.0,0.0,1994.3288440740807,1944.098751481488,1205.182875,0.0,0.0
B_fixed_q65,2025-03-20,2025-03-20,60,2025-03-20 10:00:00,2025-03-20 10:10:00,0.9919,6577.9956,6675.2481,6615.2017,6963.2464,-58.00745000000006,42.747433333333305,-15.260016666666758,0.65,0.65,28,,0.0,16.20874999999993,0.0,0.0,0.0,1944.098751481488,1958.686626481488,1218.91689,0.0,0.0
B_fixed_q65,2025-03-20,2025-03-20,61,2025-03-20 10:10:00,2025-03-20 10:20:00,0.9588,6445.2772,6774.004,6539.3464,6970.7827,-71.9060499999999,34.733799999999974,-37.17224999999992,0.65,0.65,28,,0.0,54.787799999999905,0.0,0.0,0.0,1958.686626481488,2007.995646481488,1252.371915,0.0,0.0
B_fixed_q65,2025-03-20,2025-03-20,62,2025-03-20 10:20:00,2025-03-20 10:30:00,0.9549,6473.61,6879.075,6477.96,7035.9375,-92.99624999999999,18.74333333333334,-74.25291666666665,0.65,0.65,28,,0.0,67.57750000000001,0.0,0.0,0.0,2007.995646481488,2068.815396481488,1319.1995399999998,0.0,0.0
B_fixed_q65,2025-03-20,2025-03-20,63,2025-03-20 10:30:00,2025-03-20 10:40:00,0.9839,6454.2353,7268.5137,6366.0057,7192.6555,-137.77496666666667,14.175933333333433,-123.59903333333324,0.65,0.65,28,,0.0,135.7130666666667,0.0,0.0,0.0,2068.815396481488,2190.957156481488,1430.4386699999998,0.0,0.0
B_fixed_q65,2025-03-20,2025-03-20,64,2025-03-20 10:40:00,2025-03-20 10:50:00,0.799,6352.336,7455.3554,6413.9505,7566.2113,-192.04346666666666,29.201066666666833,-162.84239999999983,0.65,0.65,28,,0.0,183.83656666666667,0.0,0.0,0.0,2190.957156481488,2356.410066481488,1576.9968299999996,0.0,0.0
B_fixed_q65,2025-03-20,2025-03-20,65,2025-03-20 10:50:00,2025-03-20 11:00:00,0.5025,6279.9,7263.0,6574.38,7889.7,-219.21999999999994,15.049583333333374,-204.17041666666657,0.65,0.65,28,,102.8330500000011,266.6830500000011,0.0,0.0,0.0,2356.410066481488,2596.4248114814886,1853.2999500000005,51.67360762500054,0.0
B_fixed_q65,2025-03-20,2025-03-20,66,2025-03-20 11:00:00,2025-03-20 11:10:00,0.4662,6362.0436,7021.6679,6549.5232,7767.7134,-203.0317,22.57766666666657,-180.45403333333343,0.65,0.65,28,,652.8792999999998,762.8166833333332,0.0,0.0,0.0,2596.4248114814886,3282.9598264814886,2603.2999500000005,304.37232965999993,0.0
B_fixed_q65,2025-03-20,2025-03-20,67,2025-03-20 11:10:00,2025-03-20 11:20:00,0.5007,6393.8373,7052.8842,6360.3078,7910.4133,-258.35091666666676,47.503600000000006,-210.84731666666676,0.65,0.65,28,,622.4860166666665,732.3271666666666,0.0,0.0,0.0,3282.9598264814886,3942.0542764814886,3353.2999500000005,311.67874854499996,0.0
B_fixed_q65,2025-03-20,2025-03-20,68,2025-03-20 11:20:00,2025-03-20 11:30:00,0.4827,6360.1,7317.5625,6232.56,8273.025,-340.0774999999999,41.5291666666667,-298.5483333333332,0.65,0.65,28,,534.7850000000001,694.3620833333333,0.0,0.0,0.0,3942.0542764814886,4566.980151481489,4103.2999500000005,258.14071950000005,0.0
B_fixed_q65,2025-03-20,2025-03-20,69,2025-03-20 11:30:00,2025-03-20 11:40:00,0.4785,6424.0276,7505.6333,6357.7494,8103.1089,-290.8932500000001,37.965016666666685,-252.9282333333334,0.65,0.65,28,,580.4050999999998,760.6727166666665,0.0,0.0,0.0,4566.980151481489,5251.585596481489,4853.2999500000005,277.72384034999993,0.0
B_fixed_q65,2025-03-20,2025-03-20,70,2025-03-20 11:40:00,2025-03-20 11:50:00,0.4662,6379.6216,7635.0323,6325.6393,7934.0714,-268.0720166666666,42.067533333333245,-226.00448333333338,0.65,0.65,28,,607.3288499999999,816.5639666666664,0.0,0.0,0.0,5251.585596481489,5986.4931664814885,5603.2999500000005,283.13670986999995,0.0
B_fixed_q65,2025-03-20,2025-03-20,71,2025-03-20 11:50:00,2025-03-20 12:00:00,0.4432,6168.32,7818.45,6078.6,8015.4375,-322.8062499999999,26.063750000000027,-296.7424999999999,0.65,0.65,28,,536.5908333333334,811.6125000000001,0.0,0.0,0.0,5986.4931664814885,6716.944416481489,6353.2999500000005,237.81705733333337,0.0
B_fixed_q65,2025-03-20,2025-03-20,72,2025-03-20 12:00:00,2025-03-20 12:10:00,0.4411,5958.8116,8082.9395,5973.117,8091.3897,-353.0454499999999,16.905133333333424,-336.1403166666665,0.65,0.65,28,,497.1930166666668,833.3333333333333,0.0,0.0,17.881000000000313,6716.944416481489,7466.944416481489,7103.2999500000005,219.3118396516667,0.0
B_fixed_q65,2025-03-20,2025-03-20,73,2025-03-20 12:10:00,2025-03-20 12:20:00,0.4551,5855.2299,8090.5707,6003.5669,8333.4204,-388.30891666666685,11.352699999999913,-376.95621666666693,0.65,0.65,28,,456.3771166666663,828.9339166666663,0.0,0.0,0.0,7466.944416481489,8212.984941481489,7853.2999500000005,207.69722579499984,0.0
B_fixed_q65,2025-03-20,2025-03-20,74,2025-03-20 12:20:00,2025-03-20 12:30:00,0.4463,5883.66,7709.3625,6043.44,8611.9875,-428.09124999999995,17.61916666666673,-410.4720833333332,0.65,0.65,28,,422.86125000000004,727.1450000000001,0.0,0.0,0.0,8212.984941481489,8867.41544148149,8603.29995,188.722975875,0.0
B_fixed_q65,2025-03-20,2025-03-20,75,2025-03-20 12:30:00,2025-03-20 12:40:00,0.4113,6006.2794,7205.256,6007.2071,8523.8874,-419.44671666666665,9.953683333333288,-409.49303333333336,0.65,0.65,28,,423.84029999999984,623.6697333333332,0.0,0.0,0.0,8867.41544148149,9428.71820148149,9353.29995,174.32551538999994,0.0
B_fixed_q65,2025-03-20,2025-03-20,76,2025-03-20 12:40:00,2025-03-20 12:50:00,0.5682,6168.3548,7206.9442,6064.0725,8228.5618,-360.7482166666665,1.580699999999979,-359.16751666666653,0.65,0.65,28,,0.0,173.0982333333333,0.0,0.0,0.0,9428.71820148149,9584.506611481489,9676.550715000001,0.0,0.0
B_fixed_q65,2025-03-20,2025-03-20,77,2025-03-20 12:50:00,2025-03-20 13:00:00,0.8279,6351.38,7525.8,6254.85,8001.8625,-291.16874999999993,12.016666666666723,-279.1520833333332,0.65,0.65,28,,0.0,195.73666666666668,0.0,0.0,0.0,9584.506611481489,9760.66961148149,9927.787590000002,0.0,0.0
B_fixed_q65,2025-03-20,2025-03-20,78,2025-03-20 13:00:00,2025-03-20 13:10:00,0.8636,6510.6216,7339.075,6422.854,7962.5924,-256.62306666666666,39.21279999999993,-217.41026666666673,0.65,0.65,28,,0.0,138.07556666666656,0.0,0.0,0.0,9760.66961148149,9884.93762148149,10123.456830000001,0.0,0.0
B_fixed_q65,2025-03-20,2025-03-20,79,2025-03-20 13:10:00,2025-03-20 13:20:00,0.8416,6358.8315,6900.6338,6403.1925,7741.4555,-223.0438333333333,6.891199999999884,-216.15263333333343,0.65,0.65,28,,0.0,90.30038333333323,0.0,0.0,0.0,9884.93762148149,9966.207966481488,10317.994200000001,0.0,0.0
B_fixed_q65,2025-03-20,2025-03-20,80,2025-03-20 13:20:00,2025-03-20 13:30:00,0.8618,6039.3,6610.0125,6313.29,7413.1875,-183.31625,8.947500000000218,-174.36874999999978,0.65,0.65,28,,0.0,95.11874999999993,0.0,0.0,0.0,9966.207966481488,10051.814841481488,10474.926075000001,0.0,0.0
B_fixed_q65,2025-03-20,2025-03-20,81,2025-03-20 13:30:00,2025-03-20 13:40:00,0.8623,6028.9848,6642.1795,6396.8916,7383.0511,-164.3599166666666,32.05493333333334,-132.30498333333327,0.65,0.65,28,,0.0,102.19911666666667,0.0,0.0,0.0,10051.814841481488,10143.794046481487,10594.00056,0.0,0.0
B_fixed_q65,2025-03-20,2025-03-20,82,2025-03-20 13:40:00,2025-03-20 13:50:00,0.9026,6177.7813,6806.5377,6299.9773,7147.3017,-141.22073333333338,21.13134999999994,-120.08938333333344,0.65,0.65,28,,0.0,104.79273333333336,0.0,0.0,0.0,10143.794046481487,10238.107506481487,10702.081005,0.0,0.0
B_fixed_q65,2025-03-20,2025-03-20,83,2025-03-20 13:50:00,2025-03-20 14:00:00,0.9754,6280.02,6799.95,6106.75,6693.1875,-97.73958333333333,16.49374999999992,-81.24583333333341,0.65,0.65,28,,0.0,86.65499999999989,0.0,0.0,0.0,10238.107506481487,10316.097006481486,10775.202255,0.0,0.0
B_fixed_q65,2025-03-20,2025-03-20,84,2025-03-20 14:00:00,2025-03-20 14:10:00,1.0002,6283.4823,6453.6137,6255.132,6523.1977,-44.67761666666668,17.124566666666794,-27.553049999999885,0.65,0.65,28,,0.0,28.355233333333366,0.0,0.0,0.0,10316.097006481486,10341.616716481487,10800.0,0.0,0.0
B_fixed_q65,2025-03-20,2025-03-20,85,2025-03-20 14:10:00,2025-03-20 14:20:00,0.9978,6314.912,6203.5886,6265.1371,6319.7023,-9.0942,11.008400000000009,1.9142000000000081,0.65,0.65,28,,0.0,0.0,18.553900000000034,0.0,0.0,10341.616716481487,10321.001272037043,10797.873111111112,0.0,0.0
B_fixed_q65,2025-03-20,2025-03-20,86,2025-03-20 14:20:00,2025-03-20 14:30:00,1.0271,6352.79,6115.6875,6109.64,5933.475,29.360833333333325,22.798749999999927,52.15958333333325,0.65,0.65,28,,0.0,0.0,39.517083333333325,0.0,0.0,10321.001272037043,10277.093401666672,10739.91801851852,0.0,0.0
B_fixed_q65,2025-03-20,2025-03-20,87,2025-03-20 14:30:00,2025-03-20 14:40:00,1.0906,6259.4213,5837.6616,6254.7096,5577.5788,112.85513333333331,21.381283333333144,134.23641666666646,0.65,0.65,28,,0.0,0.0,70.29328333333326,0.0,0.0,10277.093401666672,10198.989753518525,10590.766444444445,0.0,0.0
B_fixed_q65,2025-03-20,2025-03-20,88,2025-03-20 14:40:00,2025-03-20 14:50:00,0.9376,6190.1146,5431.9635,6398.0053,5382.184,169.30354999999992,29.616416666666737,198.91996666666665,0.65,0.65,28,,0.0,0.0,126.35851666666667,0.0,0.0,10198.989753518525,10058.591401666672,10369.74425925926,0.0,0.0
B_fixed_q65,2025-03-20,2025-03-20,89,2025-03-20 14:50:00,2025-03-20 15:00:00,0.6694,6156.64,5072.775,6358.98,5305.2375,175.6237499999999,38.95458333333332,214.5783333333332,0.65,0.65,28,,214.5783333333332,33.93416666666644,0.0,0.0,0.0,10058.591401666672,10089.132151666672,10369.74425925926,143.63873633333324,0.0
B_fixed_q65,2025-03-20,2025-03-20,90,2025-03-20 15:00:00,2025-03-20 15:10:00,0.66,6039.3659,4855.4545,6262.9226,5169.4135,182.2515166666667,26.878566666666586,209.1300833333333,0.65,0.65,28,,687.1920174897114,489.8734508230447,0.0,0.0,0.0,10089.132151666672,10530.018257407413,10800.0,453.54673154320955,0.0
B_fixed_q65,2025-03-20,2025-03-20,91,2025-03-20 15:10:00,2025-03-20 15:20:00,0.7217,6054.6789,4561.8383,6174.0028,4854.5331,219.91161666666676,17.97006666666664,237.8816833333334,0.65,0.65,28,,237.8816833333334,0.0,10.925083333333191,0.0,0.0,10530.018257407413,10517.879275925932,10800.0,171.67921086166672,0.0
B_fixed_q65,2025-03-20,2025-03-20,92,2025-03-20 15:20:00,2025-03-20 15:30:00,0.7308,6187.68,4146.825,6169.43,4461.1125,284.71958333333333,31.021666666666533,315.74124999999987,0.65,0.65,28,,315.74124999999987,0.0,24.401250000000175,0.0,0.0,10517.879275925932,10490.766775925931,10800.0,230.7437054999999,0.0
B_fixed_q65,2025-03-20,2025-03-20,93,2025-03-20 15:30:00,2025-03-20 15:40:00,0.7534,6195.3721,3778.6785,6264.8243,4216.6751,341.35819999999995,22.85711666666665,364.2153166666666,0.65,0.65,28,,364.2153166666666,0.0,38.56695000000002,0.0,0.0,10490.766775925931,10447.914609259264,10800.0,274.3998195766666,0.0
B_fixed_q65,2025-03-20,2025-03-20,94,2025-03-20 15:40:00,2025-03-20 15:50:00,0.7823,6186.1376,3471.4229,6126.1485,4038.9704,347.8630166666667,13.04701666666682,360.9100333333335,0.65,0.65,28,,360.91003333333356,0.0,91.54241666666644,0.0,0.0,10447.914609259264,10346.200812962968,10800.0,282.33991907666683,0.0
B_fixed_q65,2025-03-20,2025-03-20,95,2025-03-20 15:50:00,2025-03-20 16:00:00,0.8055,6200.17,3156.225,5880.11,3796.9125,347.1995833333333,16.539999999999964,363.73958333333326,0.65,0.65,28,,363.73958333333326,0.0,143.5845833333334,0.0,0.0,10346.200812962968,10186.662387037042,10800.0,292.99223437499995,0.0
B_fixed_q65,2025-03-20,2025-03-20,96,2025-03-20 16:00:00,2025-03-20 16:10:00,0.8271,6153.3743,2779.805,5993.8657,3419.8851,428.9967666666667,-4.909466666666731,424.08729999999997,0.65,0.65,28,,424.08729999999997,0.0,138.1742500000001,0.0,0.0,10186.662387037042,10033.135442592598,10800.0,350.7626058299999,0.0
B_fixed_q65,2025-03-20,2025-03-20,97,2025-03-20 16:10:00,2025-03-20 16:20:00,0.8519,6101.7592,2507.3559,6119.1519,2957.1473,527.0007666666666,-4.094833333333327,522.9059333333332,0.65,0.65,28,,522.9059333333332,0.0,76.16128333333347,0.0,0.0,10033.135442592598,9948.51179444445,10800.0,445.4635646066666,0.0
B_fixed_q65,2025-03-20,2025-03-20,98,2025-03-20 16:20:00,2025-03-20 16:30:00,0.8791,6118.95,2334.4125,6080.34,2520.1125,593.3712499999999,15.951666666666597,609.3229166666665,0.65,0.65,28,,609.3229166666665,0.0,21.433333333333394,0.0,0.0,9948.51179444445,9924.696979629634,10800.0,535.6557760416665,0.0
B_fixed_q65,2025-03-20,2025-03-20,99,2025-03-20 16:30:00,2025-03-20 16:40:00,0.9024,6209.4949,2077.0816,6051.7025,2207.5327,640.6949666666667,16.48706666666658,657.1820333333333,0.65,0.65,28,,657.1820333333333,0.0,31.553516666666724,0.0,0.0,9924.696979629634,9889.637516666671,10800.0,593.0410668799999,0.0
B_fixed_q65,2025-03-20,2025-03-20,100,2025-03-20 16:40:00,2025-03-20 16:50:00,0.9163,6190.199,1733.8533,6078.2733,1939.6319,689.7735666666665,11.46168333333344,701.23525,0.65,0.65,28,,701.23525,0.0,41.48903333333328,0.0,0.0,9889.637516666671,9843.538590740745,10800.0,642.541859575,0.0
B_fixed_q65,2025-03-20,2025-03-20,101,2025-03-20 16:50:00,2025-03-20 17:00:00,0.9264,6102.19,1377.7125,6196.49,1642.05,759.0733333333333,12.070416666666802,771.1437500000001,0.65,0.65,28,,771.1437500000002,0.0,16.26916666666625,0.0,0.0,9843.538590740745,9825.461738888895,10800.0,714.3875700000002,0.0
B_fixed_q65,2025-03-20,2025-03-20,102,2025-03-20 17:00:00,2025-03-20 17:10:00,0.9462,6143.2969,1083.9022,6367.7307,1304.9072,843.8039166666667,8.278816666666728,852.0827333333334,0.65,0.65,28,,852.0827333333334,8.850283333333323,0.0,0.0,0.0,9825.461738888895,9833.426993888894,10800.0,806.2406822800001,0.0
B_fixed_q65,2025-03-20,2025-03-20,103,2025-03-20 17:10:00,2025-03-20 17:20:00,0.9742,6075.0134,831.8823,6177.7386,973.3083,867.40505,7.61910000000006,875.02415,0.65,0.65,28,,875.02415,1.1689666666667335,0.0,0.0,0.0,9833.426993888894,9834.479063888894,10800.0,852.44852693,0.0
B_fixed_q65,2025-03-20,2025-03-20,104,2025-03-20 17:20:00,2025-03-20 17:30:00,0.9862,6025.68,597.3375,5943.23,675.5625,877.9445833333332,13.572083333333353,891.5166666666665,0.65,0.65,28,,891.5166666666665,0.0,13.207083333333571,0.0,0.0,9834.479063888894,9819.804526851856,10800.0,879.2137366666665,0.0
B_fixed_q65,2025-03-20,2025-03-20,105,2025-03-20 17:30:00,2025-03-20 17:40:00,0.976,6213.4416,374.8971,6260.5833,408.3651,975.3697,14.999799999999823,990.3694999999998,0.65,0.65,28,,990.3694999999998,17.27874999999983,0.0,0.0,0.0,9819.804526851856,9835.355401851855,10800.0,966.6006319999998,0.0
B_fixed_q65,2025-03-20,2025-03-20,106,2025-03-20 17:40:00,2025-03-20 17:50:00,1.0742,5394.1467,156.1276,5643.5605,164.6811,913.1465666666666,12.062933333333262,925.2094999999998,0.65,0.65,28,,925.2094999999999,52.20631666666657,0.0,0.0,0.0,9835.355401851855,9882.341086851855,10800.0,993.8600448999999,0.0
B_fixed_q65,2025-03-20,2025-03-20,107,2025-03-20 17:50:00,2025-03-20 18:00:00,1.2313,4094.12,0.0,4339.62,0.0,723.27,11.620000000000061,734.8900000000001,0.65,0.65,28,,734.8900000000001,52.53666666666686,0.0,0.0,0.0,9882.341086851855,9929.624086851854,10800.0,904.8700570000002,0.0
B_fixed_q65,2025-03-20,2025-03-20,108,2025-03-20 18:00:00,2025-03-20 18:10:00,1.2561,4187.9837,0.0,4184.4013,0.0,697.4002166666667,12.287500000000023,709.6877166666667,0.65,0.65,28,,709.6877166666668,11.690433333333544,0.0,0.0,0.0,9929.624086851854,9940.145476851854,10800.0,891.4387409050001,0.0
B_fixed_q65,2025-03-20,2025-03-20,109,2025-03-20 18:10:00,2025-03-20 18:20:00,1.2447,4441.4267,5.5774,4355.2005,5.7982,724.9003833333333,13.632483333333425,738.5328666666667,0.65,0.65,28,,738.5328666666667,0.0,0.7753499999998894,0.0,0.0,9940.145476851854,9939.283976851855,10800.0,919.25185914,0.0
B_fixed_q65,2025-03-20,2025-03-20,110,2025-03-20 18:20:00,2025-03-20 18:30:00,1.2545,4255.45,0.0,4309.15,0.0,718.1916666666666,14.581666666666592,732.7733333333332,0.65,0.65,28,,732.7733333333332,23.531666666666638,0.0,0.0,0.0,9939.283976851855,9960.462476851855,10800.0,919.2641466666664,0.0
B_fixed_q65,2025-03-20,2025-03-20,111,2025-03-20 18:30:00,2025-03-20 18:40:00,1.2522,4286.5369,0.0,4354.2603,0.0,725.7100499999999,4.5550833333333,730.2651333333332,0.65,0.65,28,,730.2651333333333,15.842316666666648,0.0,0.0,0.0,9960.462476851855,9974.720561851855,10800.0,914.43799996,0.0
B_fixed_q65,2025-03-20,2025-03-20,112,2025-03-20 18:40:00,2025-03-20 18:50:00,1.2881,4470.2464,0.4004,4338.3067,0.4163,722.9817333333333,8.758916666666664,731.74065,0.65,0.65,28,,309.40761666666845,0.0,435.5667166666648,0.0,0.0,9974.720561851855,9490.757543333339,10330.741074074076,398.54795102833566,0.0
B_fixed_q65,2025-03-20,2025-03-20,113,2025-03-20 18:50:00,2025-03-20 19:00:00,1.3466,4579.24,0.0,4288.92,0.0,714.8199999999999,14.281666666666752,729.1016666666667,0.65,0.65,28,,0.0,0.0,763.2066666666666,0.0,0.0,9490.757543333339,8642.750135925931,9520.628111111113,0.0,0.0
B_fixed_q65,2025-03-20,2025-03-20,114,2025-03-20 19:00:00,2025-03-20 19:10:00,1.3523,4480.3082,0.0,4415.0451,0.0,735.84085,11.553250000000048,747.3941000000001,0.65,0.65,28,,0.0,0.0,746.7180333333333,0.0,0.0,8642.750135925931,7813.063432222228,8690.190222222223,0.0,0.0
B_fixed_q65,2025-03-20,2025-03-20,115,2025-03-20 19:10:00,2025-03-20 19:20:00,1.3445,4285.5618,0.0288,4447.7655,0.0299,741.2892666666667,9.05776666666668,750.3470333333333,0.65,0.65,28,,0.0,0.0,714.2555,0.0,0.0,7813.063432222228,7019.4462100000055,7856.471296296297,0.0,0.0
B_fixed_q65,2025-03-20,2025-03-20,116,2025-03-20 19:20:00,2025-03-20 19:30:00,1.3483,4196.78,0.0,4430.96,0.0,738.4933333333333,8.413333333333355,746.9066666666668,0.65,0.65,28,,0.0,0.0,699.4633333333333,0.0,0.0,7019.4462100000055,6242.264728518524,7026.575000000001,0.0,0.0
B_fixed_q65,2025-03-20,2025-03-20,117,2025-03-20 19:30:00,2025-03-20 19:40:00,1.349,4330.8684,0.0,4648.3362,0.0,774.7226999999999,9.418333333333408,784.1410333333333,0.65,0.65,28,,0.0,0.0,721.8114,0.0,0.0,6242.264728518524,5440.252061851857,6155.3071851851855,0.0,0.0
B_fixed_q65,2025-03-20,2025-03-20,118,2025-03-20 19:40:00,2025-03-20 19:50:00,1.3473,4370.9481,0.0021,4630.751,0.0021,771.7914833333334,7.658650000000023,779.4501333333335,0.65,0.65,28,,0.0,0.0,728.491,0.0,0.0,5440.252061851857,4630.817617407413,5289.251481481481,0.0,0.0
B_fixed_q65,2025-03-20,2025-03-20,119,2025-03-20 19:50:00,2025-03-20 20:00:00,1.3482,4358.21,0.0,4405.57,0.0,734.2616666666665,1.7016666666666538,735.9633333333331,0.65,0.65,28,,0.0,0.0,726.3683333333333,0.0,0.0,4630.817617407413,3823.7416914814876,4471.514444444444,0.0,0.0
B_fixed_q65,2025-03-20,2025-03-20,120,2025-03-20 20:00:00,2025-03-20 20:10:00,1.3513,4586.0191,0.0,4459.9096,0.0,743.3182666666667,9.03634999999997,752.3546166666666,0.65,0.65,28,,0.0,0.0,764.3365166666667,0.0,0.0,3823.7416914814876,2974.4788951851915,3635.56487037037,0.0,0.0
B_fixed_q65,2025-03-20,2025-03-20,121,2025-03-20 20:10:00,2025-03-20 20:20:00,1.34,4523.6629,0.0,4389.7527,0.0,731.62545,11.368883333333315,742.9943333333333,0.65,0.65,28,,0.0,0.0,753.9438166666666,0.0,0.0,2974.4788951851915,2136.76354333334,2810.015611111111,0.0,0.0
B_fixed_q65,2025-03-20,2025-03-20,122,2025-03-20 20:20:00,2025-03-20 20:30:00,1.3489,4215.37,0.0,4195.37,0.0,699.2283333333332,14.531666666666752,713.76,0.65,0.65,28,,0.0,0.0,702.5616666666666,0.0,0.0,2136.76354333334,1356.1394692592658,2016.9489444444444,0.0,0.0
B_fixed_q65,2025-03-20,2025-03-20,123,2025-03-20 20:30:00,2025-03-20 20:40:00,1.3952,4256.2469,0.0,4327.8811,0.0,721.3135166666666,13.940533333333406,735.25405,0.65,0.65,28,,0.0,0.0,140.52552233333918,568.8489609999941,0.0,1356.1394692592658,1200.0,1200.0,0.0,3968.2903519359593
B_fixed_q65,2025-03-20,2025-03-20,124,2025-03-20 20:40:00,2025-03-20 20:50:00,1.2226,4319.0159,0.0,4512.0344,0.0,752.0057333333332,13.732499999999959,765.7382333333331,0.65,0.65,28,,765.7382333333331,45.90224999999975,0.0,0.0,0.0,1200.0,1241.3120249999997,1200.0,936.191564073333,0.0
B_fixed_q65,2025-03-20,2025-03-20,125,2025-03-20 20:50:00,2025-03-20 21:00:00,0.9332,4257.25,0.0,4484.87,0.0,747.4783333333332,20.9283333333334,768.4066666666666,0.65,0.65,28,,768.4066666666668,58.86500000000012,0.0,0.0,0.0,1241.3120249999997,1294.290525,1200.0,717.0771013333334,0.0
B_fixed_q65,2025-03-20,2025-03-20,126,2025-03-20 21:00:00,2025-03-20 21:10:00,0.9068,4290.2681,0.0,4273.0646,0.0,712.1774333333333,11.47716666666679,723.6546000000001,0.65,0.65,28,,723.6546000000001,8.609916666666777,0.0,0.0,0.0,1294.290525,1302.03945,1200.0,656.20999128,0.0
B_fixed_q65,2025-03-20,2025-03-20,127,2025-03-20 21:10:00,2025-03-20 21:20:00,0.9371,4418.7036,0.0,4239.7897,0.0,706.6316166666667,6.733316666666724,713.3649333333334,0.65,0.65,28,,713.3649333333334,0.0,23.085666666666498,0.0,0.0,1302.03945,1276.3887092592595,1200.0,668.4942790266667,0.0
B_fixed_q65,2025-03-20,2025-03-20,128,2025-03-20 21:20:00,2025-03-20 21:30:00,0.9371,4553.6,0.0,4406.58,0.0,734.43,13.508333333333383,747.9383333333333,0.65,0.65,28,,747.9383333333333,0.0,10.995000000000118,0.0,0.0,1276.3887092592595,1264.1720425925928,1200.0,700.8930121666666,0.0
B_fixed_q65,2025-03-20,2025-03-20,129,2025-03-20 21:30:00,2025-03-20 21:40:00,0.9871,4526.2528,0.0,4390.6494,0.0,731.7749,6.400266666666653,738.1751666666667,0.65,0.65,28,,738.1751666666667,0.0,16.20029999999997,0.0,0.0,1264.1720425925928,1246.1717092592594,1200.0,728.6527070166667,0.0
B_fixed_q65,2025-03-20,2025-03-20,130,2025-03-20 21:40:00,2025-03-20 21:50:00,0.7764,4001.6252,0.0,3913.3811,0.0,652.2301833333333,10.457900000000052,662.6880833333335,0.65,0.65,28,,662.6880833333335,0.0,4.249449999999797,0.0,0.0,1246.1717092592594,1241.4500981481485,1200.0,514.5110279,0.0
B_fixed_q65,2025-03-20,2025-03-20,131,2025-03-20 21:50:00,2025-03-20 22:00:00,0.4209,3318.94,0.0,3346.61,0.0,557.7683333333333,24.0383333333333,581.8066666666666,0.65,0.65,28,,1415.1399999999999,833.3333333333333,0.0,0.0,28.649999999999977,1241.4500981481485,1991.4500981481485,1950.0,595.6324259999999,0.0
B_fixed_q65,2025-03-20,2025-03-20,132,2025-03-20 22:00:00,2025-03-20 22:10:00,0.3859,3233.4088,0.0,3373.0005,0.0,562.16675,20.000999999999976,582.16775,0.65,0.65,28,,1415.501083333333,833.3333333333333,0.0,0.0,43.26628333333315,1991.4500981481485,2741.4500981481488,2700.0,546.2418680583332,0.0
B_fixed_q65,2025-03-20,2025-03-20,133,2025-03-20 22:10:00,2025-03-20 22:20:00,0.4368,3319.971,0.0,3465.5966,0.0,577.5994333333333,10.724999999999966,588.3244333333332,0.65,0.65,28,,1254.991099999998,701.662599999998,0.0,0.0,0.0,2741.4500981481488,3372.946438148147,3299.999999999998,548.1801124799991,0.0
B_fixed_q65,2025-03-20,2025-03-20,134,2025-03-20 22:20:00,2025-03-20 22:30:00,0.4198,3255.84,0.0,3381.63,0.0,563.605,15.62166666666667,579.2266666666667,0.65,0.65,28,,1412.56,833.3333333333333,0.0,0.0,36.5866666666667,3372.946438148147,4122.946438148147,4049.999999999998,592.9926879999999,0.0
B_fixed_q65,2025-03-20,2025-03-20,135,2025-03-20 22:30:00,2025-03-20 22:40:00,0.4186,3144.1326,0.0,3375.153,0.0,562.5255,20.188866666666627,582.7143666666666,0.65,0.65,28,,1416.0476999999998,833.3333333333333,0.0,0.0,58.69226666666668,4122.946438148147,4872.946438148147,4799.999999999998,592.7575672199999,0.0
B_fixed_q65,2025-03-20,2025-03-20,136,2025-03-20 22:40:00,2025-03-20 22:50:00,0.4241,3161.8174,0.0,3326.3207,0.0,554.3867833333334,12.337433333333252,566.7242166666666,0.65,0.65,28,,1400.05755,833.3333333333333,0.0,0.0,39.75465000000008,4872.946438148147,5622.946438148147,5549.999999999998,593.7644069549999,0.0
B_fixed_q65,2025-03-20,2025-03-20,137,2025-03-20 22:50:00,2025-03-20 23:00:00,0.4237,3296.4,0.0,3298.16,0.0,549.6933333333333,17.148333333333312,566.8416666666666,0.65,0.65,28,,1400.1749999999997,833.3333333333333,0.0,0.0,17.441666666666492,5622.946438148147,6372.946438148147,6299.999999999998,593.2541474999999,0.0
B_fixed_q65,2025-03-20,2025-03-20,138,2025-03-20 23:00:00,2025-03-20 23:10:00,0.4248,3356.4081,0.0,3488.4212,0.0,581.4035333333334,12.66210000000001,594.0656333333334,0.65,0.65,28,,1427.3989666666666,833.3333333333333,0.0,0.0,34.6642833333334,6372.946438148147,7122.946438148147,7049.999999999998,606.35908104,0.0
B_fixed_q65,2025-03-20,2025-03-20,139,2025-03-20 23:10:00,2025-03-20 23:20:00,0.424,3261.7676,0.0,3525.4193,0.0,587.5698833333333,11.158166666666602,598.7280499999999,0.65,0.65,28,,1432.0613833333332,833.3333333333333,0.0,0.0,55.10011666666662,7122.946438148147,7872.946438148147,7799.999999999998,607.1940265333333,0.0
B_fixed_q65,2025-03-20,2025-03-20,140,2025-03-20 23:20:00,2025-03-20 23:30:00,0.422,3267.73,0.0,3418.47,0.0,569.7449999999999,10.68333333333328,580.4283333333332,0.65,0.65,28,,1413.7616666666663,833.3333333333333,0.0,0.0,35.80666666666639,7872.946438148147,8622.946438148147,8549.999999999998,596.6074233333331,0.0
B_fixed_q65,2025-03-20,2025-03-20,141,2025-03-20 23:30:00,2025-03-20 23:40:00,0.424,3604.076,0.0,3469.7557,0.0,578.2926166666666,8.794550000000072,587.0871666666667,0.65,0.65,28,,1420.4205,819.7411666666667,0.0,0.0,0.0,8622.946438148147,9360.713488148147,9299.999999999998,602.258292,0.0
B_fixed_q65,2025-03-20,2025-03-20,142,2025-03-20 23:40:00,2025-03-20 23:50:00,0.4271,3245.8691,0.0,3090.0777,0.0,515.0129499999999,14.1950333333333,529.2079833333332,0.65,0.65,28,,1362.5413166666665,821.5631333333332,0.0,0.0,0.0,9360.713488148147,10100.120308148147,10049.999999999998,581.9413963483332,0.0
B_fixed_q65,2025-03-20,2025-03-20,143,2025-03-20 23:50:00,2025-03-21 00:00:00,0.4276,2401.0,0.0,2440.31,0.0,406.7183333333333,12.543333333333408,419.2616666666667,0.65,0.65,28,,1252.595000000003,777.6441020576142,0.0,0.0,74.78423127572216,10100.120308148147,10800.0,10800.0,535.6096220000012,0.0
B_fixed_q65,2025-06-21,2025-06-21,0,2025-06-21 00:00:00,2025-06-21 00:10:00,0.4248,3087.9838,0.0,3292.2207,0.0,548.70345,31.37731666666673,580.0807666666667,0.65,0.65,28,,580.080766666666,0.0,0.0,0.0,65.4167999999994,10800.0,10800.0,10800.0,246.41830967999974,0.0
B_fixed_q65,2025-06-21,2025-06-21,1,2025-06-21 00:10:00,2025-06-21 00:20:00,0.4245,3200.0919,0.0,3247.762,0.0,541.2936666666667,37.111916666666616,578.4055833333333,0.65,0.65,28,,578.4055833333333,0.0,0.0,0.0,45.056933333333404,10800.0,10800.0,10800.0,245.533170125,0.0
B_fixed_q65,2025-06-21,2025-06-21,2,2025-06-21 00:20:00,2025-06-21 00:30:00,0.4269,3401.46,0.0,3135.42,0.0,522.5699999999999,51.72333333333336,574.2933333333333,0.65,0.65,28,,574.2933333333333,0.0,0.0,0.0,7.383333333333326,10800.0,10800.0,10800.0,245.165824,0.0
B_fixed_q65,2025-06-21,2025-06-21,3,2025-06-21 00:30:00,2025-06-21 00:40:00,0.4272,3063.5261,0.0,3144.8943,0.0,524.14905,27.316583333333256,551.4656333333332,0.65,0.65,28,,551.4656333333332,0.0,0.0,0.0,40.87794999999994,10800.0,10800.0,10800.0,235.58611856,0.0
B_fixed_q65,2025-06-21,2025-06-21,4,2025-06-21 00:40:00,2025-06-21 00:50:00,0.4271,2820.2572,0.0,3189.3566,0.0,531.5594333333333,31.747799999999984,563.3072333333333,0.65,0.65,28,,563.3072333333333,0.0,0.0,0.0,93.26436666666666,10800.0,10800.0,10800.0,240.58851935666667,0.0
B_fixed_q65,2025-06-21,2025-06-21,5,2025-06-21 00:50:00,2025-06-21 01:00:00,0.4285,2883.38,0.0,3191.86,0.0,531.9766666666667,36.13499999999999,568.1116666666667,0.65,0.65,28,,568.1116666666667,0.0,0.0,0.0,87.54833333333335,10800.0,10800.0,10800.0,243.43584916666666,0.0
B_fixed_q65,2025-06-21,2025-06-21,6,2025-06-21 01:00:00,2025-06-21 01:10:00,0.4311,2869.9796,0.0,3141.3129,0.0,523.55215,30.947683333333316,554.4998333333333,0.65,0.65,28,,554.4998333333333,0.0,0.0,0.0,76.16989999999998,10800.0,10800.0,10800.0,239.04487815,0.0
B_fixed_q65,2025-06-21,2025-06-21,7,2025-06-21 01:10:00,2025-06-21 01:20:00,0.4302,2985.8287,0.0,2978.2906,0.0,496.38176666666664,18.857849999999985,515.2396166666666,0.65,0.65,28,,515.2396166666666,0.0,0.0,0.0,17.601499999999987,10800.0,10800.0,10800.0,221.65608308999998,0.0
B_fixed_q65,2025-06-21,2025-06-21,8,2025-06-21 01:20:00,2025-06-21 01:30:00,0.4279,3164.18,0.0,2859.96,0.0,476.65999999999997,24.00666666666666,500.66666666666663,0.65,0.65,28,,500.66666666666663,0.0,26.6966666666666,0.0,0.0,10800.0,10770.337037037038,10800.0,214.23526666666666,0.0
B_fixed_q65,2025-06-21,2025-06-21,9,2025-06-21 01:30:00,2025-06-21 01:40:00,0.4312,3064.8457,0.0,2991.4169,0.0,498.5694833333333,21.185833333333278,519.7553166666667,0.65,0.65,28,,519.7553166666667,8.947700000000054,0.0,0.0,0.0,10770.337037037038,10778.389967037037,10800.0,224.1184925466667,0.0
B_fixed_q65,2025-06-21,2025-06-21,10,2025-06-21 01:40:00,2025-06-21 01:50:00,0.4333,2954.0459,0.0,2886.449,0.0,481.07483333333334,9.363816666666594,490.43864999999994,0.65,0.65,28,,490.43864999999994,0.0,1.902333333333388,0.0,0.0,10778.389967037037,10776.276263333333,10800.0,212.50706704499999,0.0
B_fixed_q65,2025-06-21,2025-06-21,11,2025-06-21 01:50:00,2025-06-21 02:00:00,0.4311,2994.62,0.0,2684.58,0.0,447.42999999999995,8.831666666666592,456.26166666666654,0.65,0.65,28,,456.26166666666654,0.0,42.841666666666754,0.0,0.0,10776.276263333333,10728.674411481481,10800.0,196.69440449999993,0.0
B_fixed_q65,2025-06-21,2025-06-21,12,2025-06-21 02:00:00,2025-06-21 02:10:00,0.4293,3072.4014,0.0,2981.874,0.0,496.9789999999999,19.197116666666602,516.1761166666665,0.65,0.65,28,,516.1761166666665,4.109216666666498,0.0,0.0,0.0,10728.674411481481,10732.372706481481,10800.0,221.59440688499996,0.0
B_fixed_q65,2025-06-21,2025-06-21,13,2025-06-21 02:10:00,2025-06-21 02:20:00,0.4324,3013.1015,0.0,3040.3061,0.0,506.7176833333333,23.29253333333338,530.0102166666667,0.65,0.65,28,,530.0102166666667,27.826633333333348,0.0,0.0,0.0,10732.372706481481,10757.416676481482,10800.0,229.17641768666667,0.0
B_fixed_q65,2025-06-21,2025-06-21,14,2025-06-21 02:20:00,2025-06-21 02:30:00,0.4367,2838.75,0.0,2782.61,0.0,463.7683333333333,20.13833333333332,483.90666666666664,0.65,0.65,28,,0.0,0.0,473.125,0.0,0.0,10757.416676481482,10231.722232037037,10262.325925925927,0.0,0.0
B_fixed_q65,2025-06-21,2025-06-21,15,2025-06-21 02:30:00,2025-06-21 02:40:00,0.4348,2749.9199,0.0,2861.4034,0.0,476.9005666666667,30.808433333333255,507.70899999999995,0.65,0.65,28,,507.70899999999995,49.389016666666635,0.0,0.0,0.0,10231.722232037037,10276.172347037036,10262.325925925927,220.75187319999998,0.0
B_fixed_q65,2025-06-21,2025-06-21,16,2025-06-21 02:40:00,2025-06-21 02:50:00,0.4335,2820.5847,0.0,2863.2888,0.0,477.21479999999997,21.223749999999995,498.43854999999996,0.65,0.65,28,,498.43854999999996,28.341099999999983,0.0,0.0,0.0,10276.172347037036,10301.679337037036,10262.325925925927,216.07311142499998,0.0
B_fixed_q65,2025-06-21,2025-06-21,17,2025-06-21 02:50:00,2025-06-21 03:00:00,0.4357,2936.24,0.0,2706.74,0.0,451.1233333333333,18.36500000000001,469.4883333333333,0.65,0.65,28,,0.0,0.0,489.3733333333333,0.0,0.0,10301.679337037036,9757.931188888888,9740.672222222223,0.0,0.0
B_fixed_q65,2025-06-21,2025-06-21,18,2025-06-21 03:00:00,2025-06-21 03:10:00,0.4374,2920.1894,0.0012,2767.5101,0.0016,461.2514166666666,15.797199999999975,477.0486166666666,0.65,0.65,28,,0.0,0.0,486.69803333333334,0.0,0.0,9757.931188888888,9217.155596296296,9210.618203703705,0.0,0.0
B_fixed_q65,2025-06-21,2025-06-21,19,2025-06-21 03:10:00,2025-06-21 03:20:00,0.4371,2951.0328,0.0,2826.5835,0.0,471.09725000000003,12.96244999999999,484.0597,0.65,0.65,28,,0.0,0.0,491.8388,0.0,0.0,9217.155596296296,8670.66804074074,8672.774092592594,0.0,0.0
B_fixed_q65,2025-06-21,2025-06-21,20,2025-06-21 03:20:00,2025-06-21 03:30:00,0.4356,2977.51,0.0,2821.38,0.0,470.23,19.924999999999955,490.155,0.65,0.65,28,,0.0,0.0,496.25166666666667,0.0,0.0,8670.66804074074,8119.2773,8128.157425925927,0.0,0.0
B_fixed_q65,2025-06-21,2025-06-21,21,2025-06-21 03:30:00,2025-06-21 03:40:00,0.4353,2780.298,0.0162,2923.502,0.0221,487.24664999999993,20.226466666666624,507.47311666666656,0.65,0.65,28,,126.78848333333326,0.0,336.59181666666666,0.0,0.0,8119.2773,7745.286392592592,7705.174500000001,55.19102679499997,0.0
B_fixed_q65,2025-06-21,2025-06-21,22,2025-06-21 03:40:00,2025-06-21 03:50:00,0.436,2728.3059,0.0,2996.6877,0.0,499.44795,14.478233333333321,513.9261833333333,0.65,0.65,28,,0.0,0.0,454.71764999999994,0.0,0.0,7745.286392592592,7240.044559259259,7134.145407407408,0.0,0.0
B_fixed_q65,2025-06-21,2025-06-21,23,2025-06-21 03:50:00,2025-06-21 04:00:00,0.4378,2862.19,0.0,2885.8,0.0,480.9666666666667,7.2883333333332985,488.255,0.65,0.65,28,,0.0,0.0,477.03166666666664,0.0,0.0,7240.044559259259,6710.009374074074,6591.639851851853,0.0,0.0
B_fixed_q65,2025-06-21,2025-06-21,24,2025-06-21 04:00:00,2025-06-21 04:10:00,0.4401,2845.9182,0.2263,2608.6737,0.3079,434.7276333333333,19.128450000000043,453.85608333333334,0.65,0.65,28,,0.0,0.0,474.28198333333336,0.0,0.0,6710.009374074074,6183.029392592593,6087.355314814816,0.0,0.0
B_fixed_q65,2025-06-21,2025-06-21,25,2025-06-21 04:10:00,2025-06-21 04:20:00,0.4389,2748.951,0.0,2602.2534,0.0,433.70889999999997,14.051500000000033,447.7604,0.65,0.65,28,,0.0,0.0,458.1585,0.0,0.0,6183.029392592593,5673.964392592593,5589.84375925926,0.0,0.0
B_fixed_q65,2025-06-21,2025-06-21,26,2025-06-21 04:20:00,2025-06-21 04:30:00,0.4364,2677.31,0.0,2799.89,0.0,466.6483333333333,21.061666666666667,487.71,0.65,0.65,28,,0.0,0.0,446.2183333333333,0.0,0.0,5673.964392592593,5178.166244444445,5047.943759259259,0.0,0.0
B_fixed_q65,2025-06-21,2025-06-21,27,2025-06-21 04:30:00,2025-06-21 04:40:00,0.4393,2660.8713,3.1516,2720.8463,4.2881,452.75969999999995,12.856416666666746,465.6161166666667,0.65,0.65,28,,0.0,0.0,442.9532833333333,0.0,0.0,5178.166244444445,4685.99592962963,4530.592518518519,0.0,0.0
B_fixed_q65,2025-06-21,2025-06-21,28,2025-06-21 04:40:00,2025-06-21 04:50:00,0.4422,2702.3205,0.0,2641.2198,0.0,440.20329999999996,13.731750000000034,453.93505,0.65,0.65,28,,0.0,0.0,450.38674999999995,0.0,0.0,4685.99592962963,4185.566207407408,4026.220240740741,0.0,0.0
B_fixed_q65,2025-06-21,2025-06-21,29,2025-06-21 04:50:00,2025-06-21 05:00:00,0.4395,2732.32,7.275,2632.74,8.7375,437.3337499999999,7.269583333333287,444.6033333333332,0.65,0.65,28,,0.0,0.0,454.1741666666667,0.0,0.0,4185.566207407408,3680.928244444445,3532.216537037037,0.0,0.0
B_fixed_q65,2025-06-21,2025-06-21,30,2025-06-21 05:00:00,2025-06-21 05:10:00,0.4333,2664.7178,116.7655,2502.539,152.8995,391.60658333333333,9.051999999999907,400.65858333333324,0.65,0.65,28,,400.65858333333324,0.0,24.000133333333395,0.0,0.0,3680.928244444445,3654.26142962963,3532.216537037037,173.6053641583333,0.0
B_fixed_q65,2025-06-21,2025-06-21,31,2025-06-21 05:10:00,2025-06-21 05:20:00,0.4439,2606.871,263.9703,2578.8036,339.8186,373.1641666666667,9.657600000000002,382.8217666666667,0.65,0.65,28,,0.0,0.0,390.48345,0.0,0.0,3654.26142962963,3220.39092962963,3106.8590185185185,0.0,0.0
B_fixed_q65,2025-06-21,2025-06-21,32,2025-06-21 05:20:00,2025-06-21 05:30:00,0.4301,2642.15,417.075,2833.56,525.2625,384.71624999999995,13.706666666666706,398.42291666666665,0.65,0.65,28,,398.42291666666665,27.57708333333329,0.0,0.0,0.0,3220.39092962963,3245.21030462963,3106.8590185185185,171.3616964583333,0.0
B_fixed_q65,2025-06-21,2025-06-21,33,2025-06-21 05:30:00,2025-06-21 05:40:00,0.3713,2745.0641,587.5961,2871.5102,736.5288,355.83023333333335,12.352516666666588,368.18274999999994,0.65,0.65,28,,368.18274999999994,8.604749999999967,0.0,0.0,0.0,3245.21030462963,3252.95457962963,3106.8590185185185,136.70625507499997,0.0
B_fixed_q65,2025-06-21,2025-06-21,34,2025-06-21 05:40:00,2025-06-21 05:50:00,0.5708,2758.042,735.8325,2789.4328,959.2791,305.0256166666667,10.631316666666635,315.6569333333333,0.65,0.65,28,,0.0,0.0,337.0349166666666,0.0,0.0,3252.95457962963,2878.4713388888895,2756.1290925925928,0.0,0.0
B_fixed_q65,2025-06-21,2025-06-21,35,2025-06-21 05:50:00,2025-06-21 06:00:00,0.9099,2741.64,890.7,2768.88,1180.05,264.805,14.023333333333312,278.8283333333333,0.65,0.65,28,,0.0,0.0,308.48999999999995,0.0,0.0,2878.4713388888895,2535.704672222223,2446.3198333333335,0.0,0.0
B_fixed_q65,2025-06-21,2025-06-21,36,2025-06-21 06:00:00,2025-06-21 06:10:00,0.9368,2888.7304,1136.9554,2863.8437,1397.0577,244.4643333333333,19.188366666666752,263.65270000000004,0.65,0.65,28,,0.0,0.0,291.9625,0.0,0.0,2535.704672222223,2211.301894444445,2153.372388888889,0.0,0.0
B_fixed_q65,2025-06-21,2025-06-21,37,2025-06-21 06:10:00,2025-06-21 06:20:00,0.8758,2932.231,1453.4028,2808.6146,1606.6151,200.33324999999996,18.568616666666514,218.90186666666648,0.65,0.65,28,,0.0,0.0,246.47136666666668,0.0,0.0,2211.301894444445,1937.4448203703712,1910.148092592593,0.0,0.0
B_fixed_q65,2025-06-21,2025-06-21,38,2025-06-21 06:20:00,2025-06-21 06:30:00,0.8759,2764.02,1765.9125,2621.69,1807.2,135.74833333333333,21.007083333333526,156.75541666666686,0.65,0.65,28,,0.0,0.0,166.35125,0.0,0.0,1937.4448203703712,1752.610098148149,1735.9754074074076,0.0,0.0
B_fixed_q65,2025-06-21,2025-06-21,39,2025-06-21 06:30:00,2025-06-21 06:40:00,0.8601,2606.6137,2022.3026,2617.437,2000.3548,102.8470333333333,26.014499999999984,128.86153333333328,0.65,0.65,28,,0.0,0.0,97.38518333333332,0.0,0.0,1752.610098148149,1644.40433888889,1592.7959259259262,0.0,0.0
B_fixed_q65,2025-06-21,2025-06-21,40,2025-06-21 06:40:00,2025-06-21 06:50:00,0.8442,2867.7649,2350.4923,2834.3885,2192.9589,106.90493333333332,23.115899999999925,130.02083333333326,0.65,0.65,28,,0.0,0.0,86.21210000000004,0.0,0.0,1644.40433888889,1548.6131166666676,1448.3283333333336,0.0,0.0
B_fixed_q65,2025-06-21,2025-06-21,41,2025-06-21 06:50:00,2025-06-21 07:00:00,0.8334,3304.27,2699.25,3131.11,2488.1625,107.1579166666667,34.38625000000002,141.5441666666667,0.65,0.65,28,,0.0,0.0,100.83666666666666,0.0,0.0,1548.6131166666676,1436.5723759259267,1291.0570370370372,0.0,0.0
B_fixed_q65,2025-06-21,2025-06-21,42,2025-06-21 07:00:00,2025-06-21 07:10:00,0.8092,3254.3169,2874.6231,3294.7013,2986.6862,51.33585000000001,26.096233333333316,77.43208333333332,0.65,0.65,28,,0.0,0.0,63.2823,0.0,0.0,1436.5723759259267,1366.25870925926,1205.021388888889,0.0,0.0
B_fixed_q65,2025-06-21,2025-06-21,43,2025-06-21 07:10:00,2025-06-21 07:20:00,0.7972,3137.5948,3006.0287,3261.0929,3412.6444,-25.258583333333338,29.77783333333349,4.519250000000152,0.65,0.65,28,,0.0,0.0,21.927683333333334,0.0,0.0,1366.25870925926,1341.8946166666674,1200.0,0.0,0.0
B_fixed_q65,2025-06-21,2025-06-21,44,2025-06-21 07:20:00,2025-06-21 07:30:00,0.7644,3174.85,3224.8875,3155.75,3690.2625,-89.08541666666663,34.706250000000125,-54.37916666666651,0.65,0.65,28,,0.0,8.339583333333318,0.0,0.0,0.0,1341.8946166666674,1349.4002416666674,1200.0,0.0,0.0
B_fixed_q65,2025-06-21,2025-06-21,45,2025-06-21 07:30:00,2025-06-21 07:40:00,0.6899,3159.7263,3537.527,3173.0118,3974.9372,-133.65423333333325,10.867733333333263,-122.78649999999999,0.65,0.65,28,,0.0,62.96678333333337,0.0,0.0,0.0,1349.4002416666674,1406.0703466666673,1200.0,0.0,0.0
B_fixed_q65,2025-06-21,2025-06-21,46,2025-06-21 07:40:00,2025-06-21 07:50:00,0.86,3087.5763,3785.3986,3186.3298,4172.0564,-164.28776666666673,35.19425000000001,-129.09351666666672,0.65,0.65,28,,0.0,116.30371666666663,0.0,0.0,0.0,1406.0703466666673,1510.7436916666672,1200.0,0.0,0.0
B_fixed_q65,2025-06-21,2025-06-21,47,2025-06-21 07:50:00,2025-06-21 08:00:00,1.1617,3062.36,4003.425,3174.31,4269.825,-182.5858333333333,58.5916666666667,-123.99416666666662,0.65,0.65,28,,0.0,156.84416666666667,0.0,0.0,0.0,1510.7436916666672,1651.9034416666673,1200.0,0.0,0.0
B_fixed_q65,2025-06-21,2025-06-21,48,2025-06-21 08:00:00,2025-06-21 08:10:00,1.1683,3162.0197,4334.7324,3235.6404,4385.3882,-191.62463333333335,62.21058333333326,-129.4140500000001,0.65,0.65,28,,0.0,195.45211666666665,0.0,0.0,0.0,1651.9034416666673,1827.8103466666673,1200.0,0.0,0.0
B_fixed_q65,2025-06-21,2025-06-21,49,2025-06-21 08:10:00,2025-06-21 08:20:00,1.0956,3160.9922,4441.8035,3211.7119,4557.504,-224.29868333333334,49.05364999999995,-175.2450333333334,0.65,0.65,28,,0.0,213.46854999999996,0.0,0.0,0.0,1827.8103466666673,2019.9320416666674,1200.0,0.0,0.0
B_fixed_q65,2025-06-21,2025-06-21,50,2025-06-21 08:20:00,2025-06-21 08:30:00,1.0849,3037.59,4358.7,3117.03,4806.1125,-281.51374999999996,65.78958333333333,-215.72416666666663,0.65,0.65,28,,0.0,220.18499999999995,0.0,0.0,0.0,2019.9320416666674,2218.098541666667,1200.0,0.0,0.0
B_fixed_q65,2025-06-21,2025-06-21,51,2025-06-21 08:30:00,2025-06-21 08:40:00,1.061,3030.9974,4479.895,3160.411,5092.0224,-321.93523333333326,60.427116666666905,-261.50811666666635,0.65,0.65,28,,0.0,241.48293333333336,0.0,0.0,0.0,2218.098541666667,2435.433181666667,1200.0,0.0,0.0
B_fixed_q65,2025-06-21,2025-06-21,52,2025-06-21 08:40:00,2025-06-21 08:50:00,1.043,3289.939,4668.5166,3366.9129,5152.4772,-297.59405000000004,42.41191666666645,-255.18213333333358,0.65,0.65,28,,0.0,229.76293333333334,0.0,0.0,0.0,2435.433181666667,2642.219821666667,1200.0,0.0,0.0
B_fixed_q65,2025-06-21,2025-06-21,53,2025-06-21 08:50:00,2025-06-21 09:00:00,1.036,3650.62,4746.075,3644.16,5183.1,-256.49000000000007,66.38500000000006,-190.10500000000002,0.65,0.65,28,,0.0,182.57583333333332,0.0,0.0,0.0,2642.219821666667,2806.538071666667,1200.0,0.0,0.0
B_fixed_q65,2025-06-21,2025-06-21,54,2025-06-21 09:00:00,2025-06-21 09:10:00,1.0147,3785.9011,4746.9534,3852.5107,5602.4247,-291.6523333333333,42.41531666666663,-249.23701666666665,0.65,0.65,28,,0.0,160.17538333333337,0.0,0.0,0.0,2806.538071666667,2950.695916666667,1200.0,0.0,0.0
B_fixed_q65,2025-06-21,2025-06-21,55,2025-06-21 09:10:00,2025-06-21 09:20:00,0.9922,3849.6183,5139.4381,3939.4047,5705.744,-294.3898833333333,74.33611666666668,-220.0537666666666,0.65,0.65,28,,0.0,214.9699666666667,0.0,0.0,0.0,2950.695916666667,3144.1688866666673,1200.0,0.0,0.0
B_fixed_q65,2025-06-21,2025-06-21,56,2025-06-21 09:20:00,2025-06-21 09:30:00,0.97,3824.6,5794.3125,3890.66,5464.2375,-262.2629166666667,71.57583333333326,-190.68708333333342,0.65,0.65,28,,0.0,328.28541666666666,0.0,0.0,0.0,3144.1688866666673,3439.625761666667,1200.0,0.0,0.0
B_fixed_q65,2025-06-21,2025-06-21,57,2025-06-21 09:30:00,2025-06-21 09:40:00,0.9422,3582.3586,6109.068,3743.0588,5592.3571,-308.2163833333334,103.38649999999991,-204.8298833333335,0.65,0.65,28,,0.0,421.11823333333336,0.0,0.0,0.0,3439.625761666667,3818.632171666667,1200.0,0.0,0.0
B_fixed_q65,2025-06-21,2025-06-21,58,2025-06-21 09:40:00,2025-06-21 09:50:00,0.9569,3687.9447,6385.1018,3668.9743,5934.8802,-377.6509833333333,96.79278333333347,-280.8581999999998,0.65,0.65,28,,0.0,449.5261833333334,0.0,0.0,0.0,3818.632171666667,4223.205736666667,1200.0,0.0,0.0
B_fixed_q65,2025-06-21,2025-06-21,59,2025-06-21 09:50:00,2025-06-21 10:00:00,0.9977,4000.14,6643.5375,3763.84,6259.5,-415.94333333333327,87.44374999999997,-328.4995833333333,0.65,0.65,28,,0.0,440.5662500000001,0.0,0.0,0.0,4223.205736666667,4619.7153616666665,1272.577800000001,0.0,0.0
B_fixed_q65,2025-06-21,2025-06-21,60,2025-06-21 10:00:00,2025-06-21 10:10:00,0.9919,3826.1041,6589.8893,3940.9272,6487.3724,-424.40753333333333,96.8752666666666,-327.5322666666667,0.65,0.65,28,,0.0,460.63086666666663,0.0,0.0,0.0,4619.7153616666665,5034.283141666667,1272.577800000001,0.0,0.0
B_fixed_q65,2025-06-21,2025-06-21,61,2025-06-21 10:10:00,2025-06-21 10:20:00,0.9588,3761.4976,6695.6004,3851.4805,6558.8571,-451.2294333333333,94.13273333333348,-357.0966999999998,0.65,0.65,28,,0.0,489.01713333333333,0.0,0.0,0.0,5034.283141666667,5474.398561666667,1593.9648300000008,0.0,0.0
B_fixed_q65,2025-06-21,2025-06-21,62,2025-06-21 10:20:00,2025-06-21 10:30:00,0.9549,3901.91,7000.9875,3627.76,6622.0125,-499.04208333333327,110.36583333333327,-388.67625,0.65,0.65,28,,0.0,516.5129166666667,0.0,0.0,0.0,5474.398561666667,5939.260186666666,1593.9648300000008,0.0,0.0
B_fixed_q65,2025-06-21,2025-06-21,63,2025-06-21 10:30:00,2025-06-21 10:40:00,0.9839,3726.7535,7093.8409,3731.9048,6889.2348,-526.2216666666667,84.15516666666656,-442.06650000000013,0.65,0.65,28,,0.0,561.1812333333334,0.0,0.0,0.0,5939.260186666666,6444.3232966666665,1593.9648300000003,0.0,0.0
B_fixed_q65,2025-06-21,2025-06-21,64,2025-06-21 10:40:00,2025-06-21 10:50:00,0.799,3565.5609,7243.1188,3783.4133,7030.3159,-541.1504333333332,80.72700000000009,-460.42343333333315,0.65,0.65,28,,0.0,612.9263166666667,0.0,0.0,0.0,6444.3232966666665,6995.956981666666,2008.3459200000002,0.0,0.0
B_fixed_q65,2025-06-21,2025-06-21,65,2025-06-21 10:50:00,2025-06-21 11:00:00,0.5025,3679.21,7400.1,3618.92,6992.85,-562.3216666666667,57.314583333333445,-505.0070833333333,0.65,0.65,28,,0.0,620.1483333333333,0.0,0.0,0.0,6995.956981666666,7554.090481666666,2462.852295,0.0,0.0
B_fixed_q65,2025-06-21,2025-06-21,66,2025-06-21 11:00:00,2025-06-21 11:10:00,0.4662,3945.6166,7306.5816,3481.824,7042.9006,-593.5127666666666,63.419850000000054,-530.0929166666665,0.65,0.65,28,,0.0,560.1608333333334,0.0,0.0,0.0,7554.090481666666,8058.235231666667,2939.93592,0.0,0.0
B_fixed_q65,2025-06-21,2025-06-21,67,2025-06-21 11:10:00,2025-06-21 11:20:00,0.5007,3900.6403,7782.8954,3500.7818,7067.4755,-594.4489499999999,54.290349999999904,-540.1586,0.65,0.65,28,,0.0,647.0425166666666,0.0,0.0,0.0,8058.235231666667,8640.573496666666,3426.07866,0.0,0.0
B_fixed_q65,2025-06-21,2025-06-21,68,2025-06-21 11:20:00,2025-06-21 11:30:00,0.4827,3645.76,8490.225,3619.72,7078.8,-576.5133333333333,78.57499999999993,-497.9383333333334,0.65,0.65,28,,0.0,807.4108333333334,0.0,0.0,0.0,8640.573496666666,9367.243246666665,3874.22316,0.0,0.0
B_fixed_q65,2025-06-21,2025-06-21,69,2025-06-21 11:30:00,2025-06-21 11:40:00,0.4785,3705.1427,8180.7164,3676.5508,7189.044,-585.4155333333333,64.75468333333326,-520.6608500000001,0.65,0.65,28,,0.0,745.9289500000001,0.0,0.0,0.0,9367.243246666665,10038.579301666665,4342.817925,0.0,0.0
B_fixed_q65,2025-06-21,2025-06-21,70,2025-06-21 11:40:00,2025-06-21 11:50:00,0.4662,3724.3133,7677.6706,3689.0127,7033.8841,-557.4785666666667,77.49118333333338,-479.9873833333333,0.65,0.65,28,,0.0,658.8928833333334,0.0,0.0,0.0,10038.579301666665,10631.582896666665,4774.806570000001,0.0,0.0
B_fixed_q65,2025-06-21,2025-06-21,71,2025-06-21 11:50:00,2025-06-21 12:00:00,0.4432,3631.08,7665.1125,3693.53,6626.2125,-488.78041666666655,82.53583333333336,-406.2445833333332,0.65,0.65,28,,0.0,187.1301148148167,0.0,0.0,485.2086351851833,10631.582896666665,10800.0,5140.426695,0.0,0.0
B_fixed_q65,2025-06-21,2025-06-21,72,2025-06-21 12:00:00,2025-06-21 12:10:00,0.4411,3735.5415,8044.2631,3700.2899,6414.5524,-452.3770833333332,92.86125000000004,-359.51583333333315,0.65,0.65,28,,0.0,0.0,0.0,0.0,718.1202666666668,10800.0,10800.0,5463.990945,0.0,0.0
B_fixed_q65,2025-06-21,2025-06-21,73,2025-06-21 12:10:00,2025-06-21 12:20:00,0.4551,3852.2352,8300.9755,3725.1955,6580.7353,-475.92330000000004,83.80434999999989,-392.11895000000015,0.65,0.65,28,,0.0,0.0,0.0,0.0,741.4567166666667,10800.0,10800.0,5816.897999999999,0.0,0.0
B_fixed_q65,2025-06-21,2025-06-21,74,2025-06-21 12:20:00,2025-06-21 12:30:00,0.4463,3928.56,8383.0125,3761.52,6916.125,-525.7674999999999,54.85375000000022,-470.9137499999997,0.65,0.65,28,,0.0,0.0,0.0,0.0,742.4087500000002,10800.0,10800.0,6240.720374999999,0.0,0.0
B_fixed_q65,2025-06-21,2025-06-21,75,2025-06-21 12:30:00,2025-06-21 12:40:00,0.4113,4059.9044,8605.7877,3780.9427,6997.9126,-536.1616499999999,75.54415000000002,-460.6174999999999,0.65,0.65,28,,0.0,0.0,0.0,0.0,757.6472166666668,10800.0,10800.0,6655.2761249999985,0.0,0.0
B_fixed_q65,2025-06-21,2025-06-21,76,2025-06-21 12:40:00,2025-06-21 12:50:00,0.5682,3912.5928,8542.7209,3768.4578,6828.0916,-509.9389666666666,74.99206666666646,-434.94690000000014,0.65,0.65,28,,0.0,0.0,0.0,0.0,771.6880166666666,10800.0,10800.0,7046.728334999999,0.0,0.0
B_fixed_q65,2025-06-21,2025-06-21,77,2025-06-21 12:50:00,2025-06-21 13:00:00,0.8279,3688.01,8049.6,3763.37,6705.9,-490.4216666666666,71.4333333333334,-418.98833333333323,0.65,0.65,28,,0.0,0.0,0.0,0.0,726.9316666666666,10800.0,10800.0,7423.817834999999,0.0,0.0
B_fixed_q65,2025-06-21,2025-06-21,78,2025-06-21 13:00:00,2025-06-21 13:10:00,0.8636,3910.4683,7493.4162,3817.3428,6883.7552,-511.0687333333333,103.96891666666659,-407.0998166666667,0.65,0.65,28,,0.0,0.0,0.0,0.0,597.1579833333333,10800.0,10800.0,7790.207669999999,0.0,0.0
B_fixed_q65,2025-06-21,2025-06-21,79,2025-06-21 13:10:00,2025-06-21 13:20:00,0.8416,3862.6154,7354.9231,3834.9581,6717.4275,-480.41156666666666,97.44660000000005,-382.9649666666666,0.65,0.65,28,,0.0,0.0,0.0,0.0,582.0512833333332,10800.0,10800.0,8134.8761399999985,0.0,0.0
B_fixed_q65,2025-06-21,2025-06-21,80,2025-06-21 13:20:00,2025-06-21 13:30:00,0.8618,3589.29,7340.8875,3827.67,6265.05,-406.23,78.97416666666669,-327.2558333333333,0.65,0.65,28,,0.0,0.0,0.0,0.0,625.2662499999999,10800.0,10800.0,8429.406389999998,0.0,0.0
B_fixed_q65,2025-06-21,2025-06-21,81,2025-06-21 13:30:00,2025-06-21 13:40:00,0.8623,3849.2221,6714.7449,3893.2639,6241.1191,-391.3092,81.7997666666667,-309.5094333333333,0.65,0.65,28,,0.0,0.0,0.0,0.0,477.58713333333327,10800.0,10800.0,8707.964879999998,0.0,0.0
B_fixed_q65,2025-06-21,2025-06-21,82,2025-06-21 13:40:00,2025-06-21 13:50:00,0.9026,3978.2382,6127.755,3906.2985,6290.4161,-397.3529333333334,69.78606666666667,-327.5668666666667,0.65,0.65,28,,0.0,0.0,0.0,0.0,358.25280000000004,10800.0,10800.0,9002.775059999998,0.0,0.0
B_fixed_q65,2025-06-21,2025-06-21,83,2025-06-21 13:50:00,2025-06-21 14:00:00,0.9754,3861.85,5956.2,3871.55,6216.3,-390.79166666666663,72.86625000000004,-317.9254166666666,0.65,0.65,28,,0.0,0.0,0.0,0.0,349.0583333333333,10800.0,10800.0,9288.907934999997,0.0,0.0
B_fixed_q65,2025-06-21,2025-06-21,84,2025-06-21 14:00:00,2025-06-21 14:10:00,1.0002,4047.8905,5941.7978,3911.3368,6181.434,-378.34953333333334,55.95718333333343,-322.3923499999999,0.65,0.65,28,,0.0,0.0,0.0,0.0,315.6512166666667,10800.0,10800.0,9579.061049999998,0.0,0.0
B_fixed_q65,2025-06-21,2025-06-21,85,2025-06-21 14:10:00,2025-06-21 14:20:00,0.9978,4095.2281,5827.294,3878.1365,6047.9156,-361.62985000000003,77.77785000000006,-283.852,0.65,0.65,28,,0.0,0.0,0.0,0.0,288.67764999999997,10800.0,10800.0,9834.527849999999,0.0,0.0
B_fixed_q65,2025-06-21,2025-06-21,86,2025-06-21 14:20:00,2025-06-21 14:30:00,1.0271,4007.39,5738.1375,3792.1,5758.5375,-327.73958333333337,33.451250000000016,-294.28833333333336,0.65,0.65,28,,0.0,0.0,0.0,0.0,288.4579166666666,10800.0,10800.0,10099.387349999999,0.0,0.0
B_fixed_q65,2025-06-21,2025-06-21,87,2025-06-21 14:30:00,2025-06-21 14:40:00,1.0906,4227.0513,5964.2607,3849.9288,5455.4133,-267.58074999999997,75.67723333333333,-191.90351666666663,0.65,0.65,28,,0.0,0.0,0.0,0.0,289.53489999999994,10800.0,10800.0,10272.100514999998,0.0,0.0
B_fixed_q65,2025-06-21,2025-06-21,88,2025-06-21 14:40:00,2025-06-21 14:50:00,0.9376,4182.4486,5979.2451,4004.3225,5412.6767,-234.72569999999996,87.89681666666667,-146.8288833333333,0.65,0.65,28,,0.0,0.0,0.0,0.0,299.46608333333336,10800.0,10800.0,10404.246509999999,0.0,0.0
B_fixed_q65,2025-06-21,2025-06-21,89,2025-06-21 14:50:00,2025-06-21 15:00:00,0.6694,3879.68,5680.4625,4111.94,5418.3,-217.72666666666674,55.976249999999865,-161.75041666666687,0.65,0.65,28,,0.0,0.0,0.0,0.0,300.13041666666663,10800.0,10800.0,10549.821885,0.0,0.0
B_fixed_q65,2025-06-21,2025-06-21,90,2025-06-21 15:00:00,2025-06-21 15:10:00,0.66,3916.2335,5457.1539,4048.532,5001.8274,-158.88256666666666,47.92395000000002,-110.95861666666664,0.65,0.65,28,,0.0,0.0,0.0,0.0,256.8200666666667,10800.0,10800.0,10649.68464,0.0,0.0
B_fixed_q65,2025-06-21,2025-06-21,91,2025-06-21 15:10:00,2025-06-21 15:20:00,0.7217,3924.3398,5153.0688,3899.0665,4697.3994,-133.05548333333337,44.68071666666674,-88.37476666666663,0.65,0.65,28,,0.0,0.0,0.0,0.0,204.78816666666663,10800.0,10800.0,10729.22193,0.0,0.0
B_fixed_q65,2025-06-21,2025-06-21,92,2025-06-21 15:20:00,2025-06-21 15:30:00,0.7308,3875.5,4811.1,3872.03,4584.0375,-118.66791666666668,49.57333333333327,-69.09458333333342,0.65,0.65,28,,0.0,0.0,0.0,0.0,155.9333333333334,10800.0,10800.0,10791.407055,0.0,0.0
B_fixed_q65,2025-06-21,2025-06-21,93,2025-06-21 15:30:00,2025-06-21 15:40:00,0.7534,4137.0155,4680.9532,4110.3626,4217.3348,-17.828699999999873,8.280983333333474,-9.5477166666664,0.65,0.65,28,,0.0,0.0,0.0,0.0,90.65628333333325,10800.0,10800.0,10800.0,0.0,0.0
B_fixed_q65,2025-06-21,2025-06-21,94,2025-06-21 15:40:00,2025-06-21 15:50:00,0.7823,4317.2602,4481.2341,4232.824,3892.0797,56.79071666666664,46.954016666666746,103.74473333333339,0.65,0.65,28,,103.74473333333339,0.0,0.0,0.0,131.0737166666667,10800.0,10800.0,10800.0,81.15950488666671,0.0
B_fixed_q65,2025-06-21,2025-06-21,95,2025-06-21 15:50:00,2025-06-21 16:00:00,0.8055,4217.43,4055.4,4214.01,3756.6375,76.22875000000006,47.16166666666662,123.39041666666668,0.65,0.65,28,,123.39041666666668,0.0,0.0,0.0,96.38541666666666,10800.0,10800.0,10800.0,99.39098062500001,0.0
B_fixed_q65,2025-06-21,2025-06-21,96,2025-06-21 16:00:00,2025-06-21 16:10:00,0.8271,4034.2858,3562.8565,4333.1906,3624.4529,118.12294999999995,52.6724999999999,170.79544999999985,0.65,0.65,28,,170.79544999999985,0.0,0.0,0.0,92.22389999999982,10800.0,10800.0,10800.0,141.26491669499987,0.0
B_fixed_q65,2025-06-21,2025-06-21,97,2025-06-21 16:10:00,2025-06-21 16:20:00,0.8519,3980.7146,3361.4888,4174.9277,3335.8463,139.8469,51.68633333333341,191.5332333333334,0.65,0.65,28,,191.53323333333344,0.0,0.0,0.0,88.3289333333335,10800.0,10800.0,10800.0,163.16716147666676,0.0
B_fixed_q65,2025-06-21,2025-06-21,98,2025-06-21 16:20:00,2025-06-21 16:30:00,0.8791,4042.02,3406.575,3991.85,2977.575,169.04583333333335,54.22541666666666,223.27125,0.65,0.65,28,,223.27125,0.0,0.0,0.0,117.36374999999998,10800.0,10800.0,10800.0,196.277755875,0.0
B_fixed_q65,2025-06-21,2025-06-21,99,2025-06-21 16:30:00,2025-06-21 16:40:00,0.9024,3983.774,3291.2298,4411.5054,2767.3411,274.0273833333333,49.454733333333365,323.4821166666667,0.65,0.65,28,,323.4821166666667,0.0,0.0,0.0,208.0580833333334,10800.0,10800.0,10800.0,291.91026208,0.0
B_fixed_q65,2025-06-21,2025-06-21,100,2025-06-21 16:40:00,2025-06-21 16:50:00,0.9163,3621.8931,2964.175,4246.9867,2513.51,288.9127833333333,60.462900000000104,349.3756833333334,0.65,0.65,28,,349.3756833333334,0.0,0.0,0.0,239.75600000000017,10800.0,10800.0,10800.0,320.1329386383334,0.0
B_fixed_q65,2025-06-21,2025-06-21,101,2025-06-21 16:50:00,2025-06-21 17:00:00,0.9264,3240.3,2623.6125,3538.36,2166.4875,228.64541666666665,74.9445833333333,303.5899999999999,0.65,0.65,28,,303.5899999999999,0.0,0.0,0.0,200.80874999999992,10800.0,10800.0,10800.0,281.2457759999999,0.0
B_fixed_q65,2025-06-21,2025-06-21,102,2025-06-21 17:00:00,2025-06-21 17:10:00,0.9462,3335.0072,2479.2426,3542.8764,1892.5968,275.0466,52.019316666666555,327.06591666666657,0.65,0.65,28,,327.06591666666657,0.0,0.0,0.0,184.43848333333324,10800.0,10800.0,10800.0,309.4697703499999,0.0
B_fixed_q65,2025-06-21,2025-06-21,103,2025-06-21 17:10:00,2025-06-21 17:20:00,0.9742,3462.6248,2185.8548,3659.3145,1730.908,321.4010833333333,59.248350000000016,380.6494333333333,0.65,0.65,28,,380.6494333333333,0.0,0.0,0.0,167.85443333333333,10800.0,10800.0,10800.0,370.8286779533333,0.0
B_fixed_q65,2025-06-21,2025-06-21,104,2025-06-21 17:20:00,2025-06-21 17:30:00,0.9862,3484.27,1750.4625,3539.76,1616.475,320.5475,89.46374999999989,410.0112499999999,0.65,0.65,28,,410.0112499999999,0.0,0.0,0.0,121.0433333333333,10800.0,10800.0,10800.0,404.3530947499999,0.0
B_fixed_q65,2025-06-21,2025-06-21,105,2025-06-21 17:30:00,2025-06-21 17:40:00,0.976,3649.2081,1528.3871,3489.1585,1447.3721,340.2977333333333,64.54371666666668,404.84145,0.65,0.65,28,,404.84145,0.0,0.0,0.0,51.371283333333395,10800.0,10800.0,10800.0,395.1252552,0.0
B_fixed_q65,2025-06-21,2025-06-21,106,2025-06-21 17:40:00,2025-06-21 17:50:00,1.0742,3604.3529,1310.4274,3482.0899,1250.3672,371.9537833333334,36.93818333333343,408.8919666666668,0.65,0.65,28,,408.8919666666668,0.0,0.0,0.0,26.571050000000184,10800.0,10800.0,10800.0,439.2317505933335,0.0
B_fixed_q65,2025-06-21,2025-06-21,107,2025-06-21 17:50:00,2025-06-21 18:00:00,1.2313,3349.51,1034.1,3497.41,1054.575,407.13916666666665,42.7591666666666,449.89833333333326,0.65,0.65,28,,449.8983333333333,0.0,0.0,0.0,63.99666666666661,10800.0,10800.0,10800.0,553.9598178333333,0.0
B_fixed_q65,2025-06-21,2025-06-21,108,2025-06-21 18:00:00,2025-06-21 18:10:00,1.2561,3274.4828,860.3286,3573.5938,854.5608,453.1721666666667,35.61926666666659,488.7914333333333,0.65,0.65,28,,0.0,0.0,402.3590333333333,0.0,0.0,10800.0,10352.934407407407,10256.898407407407,0.0,0.0
B_fixed_q65,2025-06-21,2025-06-21,109,2025-06-21 18:10:00,2025-06-21 18:20:00,1.2447,3297.0032,677.2547,3613.6869,631.3856,497.05021666666664,29.85185000000024,526.9020666666669,0.65,0.65,28,,526.9020666666669,90.27731666666688,0.0,0.0,0.0,10352.934407407407,10434.183992407407,10256.898407407407,655.8350023800002,0.0
B_fixed_q65,2025-06-21,2025-06-21,110,2025-06-21 18:20:00,2025-06-21 18:30:00,1.2545,3342.79,452.7,3620.91,416.1,534.135,36.521666666666704,570.6566666666668,0.65,0.65,28,,247.62168333333375,0.0,234.05998333333292,0.0,0.0,10434.183992407407,10174.117344259259,9897.970648148148,310.64140174166715,0.0
B_fixed_q65,2025-06-21,2025-06-21,111,2025-06-21 18:30:00,2025-06-21 18:40:00,1.2522,3456.8314,276.0564,3681.3967,264.4096,569.49785,44.52188333333322,614.0197333333332,0.65,0.65,28,,614.0197333333332,83.89056666666659,0.0,0.0,0.0,10174.117344259259,10249.618854259259,9897.970648148148,768.8755100799998,0.0
B_fixed_q65,2025-06-21,2025-06-21,112,2025-06-21 18:40:00,2025-06-21 18:50:00,1.2881,3634.5648,121.8367,3682.0144,122.7855,593.2048166666666,24.245066666666844,617.4498833333334,0.65,0.65,28,,0.0,0.0,585.4546833333334,0.0,0.0,10249.618854259259,9599.113650555555,9211.915222222222,0.0,0.0
B_fixed_q65,2025-06-21,2025-06-21,113,2025-06-21 18:50:00,2025-06-21 19:00:00,1.3466,3852.72,7.7625,3671.85,6.7875,610.84375,40.924999999999955,651.76875,0.65,0.65,28,,0.0,0.0,640.82625,0.0,0.0,9599.113650555555,8887.084483888888,8487.727722222222,0.0,0.0
B_fixed_q65,2025-06-21,2025-06-21,114,2025-06-21 19:00:00,2025-06-21 19:10:00,1.3523,4004.9442,0.0,3806.9784,0.0,634.4964,30.646516666666685,665.1429166666667,0.65,0.65,28,,0.0,0.0,667.4907,0.0,0.0,8887.084483888888,8145.428150555555,7748.680037037037,0.0,0.0
B_fixed_q65,2025-06-21,2025-06-21,115,2025-06-21 19:10:00,2025-06-21 19:20:00,1.3445,3706.7434,3.2619,3830.7687,3.5416,637.8711833333333,47.929416666666555,685.8005999999998,0.65,0.65,28,,0.0,0.0,617.2469166666666,0.0,0.0,8145.428150555555,7459.598243148147,6986.679370370371,0.0,0.0
B_fixed_q65,2025-06-21,2025-06-21,116,2025-06-21 19:20:00,2025-06-21 19:30:00,1.3483,3293.48,0.0,3686.48,0.0,614.4133333333333,46.37166666666667,660.785,0.65,0.65,28,,0.0,0.0,548.9133333333333,0.0,0.0,7459.598243148147,6849.694539444444,6252.473814814815,0.0,0.0
B_fixed_q65,2025-06-21,2025-06-21,117,2025-06-21 19:30:00,2025-06-21 19:40:00,1.349,3492.5254,0.0,3569.6441,0.0,594.9406833333333,19.083616666666785,614.0243,0.65,0.65,28,,0.0,0.0,582.0875666666666,0.0,0.0,6849.694539444444,6202.930576481481,5570.224592592593,0.0,0.0
B_fixed_q65,2025-06-21,2025-06-21,118,2025-06-21 19:40:00,2025-06-21 19:50:00,1.3473,3490.6667,0.2342,3471.128,0.2543,578.4789499999999,26.972516666666706,605.4514666666666,0.65,0.65,28,,0.0,0.0,581.73875,0.0,0.0,6202.930576481481,5556.554187592592,4897.500740740741,0.0,0.0
B_fixed_q65,2025-06-21,2025-06-21,119,2025-06-21 19:50:00,2025-06-21 20:00:00,1.3482,3189.62,0.0,3506.94,0.0,584.49,38.97833333333335,623.4683333333334,0.65,0.65,28,,0.0,0.0,531.6033333333332,0.0,0.0,5556.554187592592,4965.883817222221,4204.758148148148,0.0,0.0
B_fixed_q65,2025-06-21,2025-06-21,120,2025-06-21 20:00:00,2025-06-21 20:10:00,1.3513,3348.2366,0.0,3809.9315,0.0,634.9885833333333,35.056100000000015,670.0446833333333,0.65,0.65,28,,0.0,0.0,558.0394333333334,0.0,0.0,4965.883817222221,4345.840002407406,3460.264055555556,0.0,0.0
B_fixed_q65,2025-06-21,2025-06-21,121,2025-06-21 20:10:00,2025-06-21 20:20:00,1.34,3725.2052,0.0168,3890.9938,0.0183,648.4959166666666,23.997333333333472,672.4932500000001,0.65,0.65,28,,0.0,0.0,620.8647333333333,0.0,0.0,4345.840002407406,3655.9902987037026,2713.0493333333334,0.0,0.0
B_fixed_q65,2025-06-21,2025-06-21,122,2025-06-21 20:20:00,2025-06-21 20:30:00,1.3489,3960.13,0.0,3770.6,0.0,628.4333333333333,47.321666666666715,675.755,0.65,0.65,28,,0.0,0.0,660.0216666666666,0.0,0.0,3655.9902987037026,2922.6328912962954,1962.2104444444444,0.0,0.0
B_fixed_q65,2025-06-21,2025-06-21,123,2025-06-21 20:30:00,2025-06-21 20:40:00,1.3952,3881.8245,0.0,3932.4898,0.0,655.4149666666666,30.574433333333218,685.9893999999998,0.65,0.65,28,,0.0,0.0,646.97075,0.0,0.0,2922.6328912962954,2203.7765024074065,1200.0,0.0,0.0
B_fixed_q65,2025-06-21,2025-06-21,124,2025-06-21 20:40:00,2025-06-21 20:50:00,1.2226,3513.6729,0.0012,4058.333,0.0013,676.3886166666666,35.724050000000034,712.1126666666667,0.65,0.65,28,,712.1126666666667,126.50071666666668,0.0,0.0,0.0,2203.7765024074065,2317.6271474074065,1200.0,870.6289462666666,0.0
B_fixed_q65,2025-06-21,2025-06-21,125,2025-06-21 20:50:00,2025-06-21 21:00:00,0.9332,3160.32,0.0,3918.77,0.0,653.1283333333333,49.24666666666678,702.3750000000001,0.65,0.65,28,,702.3750000000001,175.6550000000001,0.0,0.0,0.0,2317.6271474074065,2475.7166474074065,1200.0,655.4563500000002,0.0
B_fixed_q65,2025-06-21,2025-06-21,126,2025-06-21 21:00:00,2025-06-21 21:10:00,0.9068,3214.7106,0.0,3614.0096,0.0,602.3349333333333,34.93539999999996,637.2703333333333,0.65,0.65,28,,637.2703333333333,101.48523333333333,0.0,0.0,0.0,2475.7166474074065,2567.0533574074066,1200.0,577.8767382666666,0.0
B_fixed_q65,2025-06-21,2025-06-21,127,2025-06-21 21:10:00,2025-06-21 21:20:00,0.9371,3489.1029,0.0,3370.7921,0.0,561.7986833333333,42.81976666666674,604.61845,0.65,0.65,28,,604.61845,23.10130000000015,0.0,0.0,0.0,2567.0533574074066,2587.8445274074065,1200.0,566.5879494950001,0.0
B_fixed_q65,2025-06-21,2025-06-21,128,2025-06-21 21:20:00,2025-06-21 21:30:00,0.9371,3713.49,0.0,3342.58,0.0,557.0966666666666,52.85166666666669,609.9483333333333,0.65,0.65,28,,609.9483333333333,0.0,8.966666666666697,0.0,0.0,2587.8445274074065,2577.8815644444435,1200.0,571.5825831666666,0.0
B_fixed_q65,2025-06-21,2025-06-21,129,2025-06-21 21:30:00,2025-06-21 21:40:00,0.9871,3715.4477,0.0,3493.8805,0.0,582.3134166666666,35.02793333333341,617.34135,0.65,0.65,28,,617.34135,0.0,1.8999333333332515,0.0,0.0,2577.8815644444435,2575.7705274074065,1200.0,609.377646585,0.0
B_fixed_q65,2025-06-21,2025-06-21,130,2025-06-21 21:40:00,2025-06-21 21:50:00,0.7764,3460.6768,0.0,3460.6218,0.0,576.7702999999999,33.235149999999976,610.0054499999999,0.65,0.65,28,,610.0054499999999,33.22598333333326,0.0,0.0,0.0,2575.7705274074065,2605.6739124074065,1200.0,473.6082313799999,0.0
B_fixed_q65,2025-06-21,2025-06-21,131,2025-06-21 21:50:00,2025-06-21 22:00:00,0.4209,3169.68,0.0,3267.44,0.0,544.5733333333333,39.31499999999994,583.8883333333332,0.65,0.65,28,,1417.2216666666664,833.3333333333333,0.0,0.0,55.60833333333312,2605.6739124074065,3355.6739124074065,1950.0,596.5085994999998,0.0
B_fixed_q65,2025-06-21,2025-06-21,132,2025-06-21 22:00:00,2025-06-21 22:10:00,0.3859,3161.2424,0.0,3261.2988,0.0,543.5498,18.334583333333285,561.8843833333333,0.65,0.65,28,,1395.2177166666665,833.3333333333333,0.0,0.0,35.01064999999994,3355.6739124074065,4105.6739124074065,2700.0,538.4145168616667,0.0
B_fixed_q65,2025-06-21,2025-06-21,133,2025-06-21 22:10:00,2025-06-21 22:20:00,0.4368,3268.4465,0.0,3218.1699,0.0,536.3616499999999,14.31018333333327,550.6718333333332,0.65,0.65,28,,1217.3384999999978,672.5974166666645,0.0,0.0,0.0,4105.6739124074065,4711.0115874074045,3299.999999999998,531.7334567999991,0.0
B_fixed_q65,2025-06-21,2025-06-21,134,2025-06-21 22:20:00,2025-06-21 22:30:00,0.4198,3317.19,0.0,3190.19,0.0,531.6983333333333,35.450000000000045,567.1483333333333,0.65,0.65,28,,1400.4816666666666,833.3333333333333,0.0,0.0,14.283333333333303,4711.0115874074045,5461.0115874074045,4049.999999999998,587.9222036666666,0.0
B_fixed_q65,2025-06-21,2025-06-21,135,2025-06-21 22:30:00,2025-06-21 22:40:00,0.4186,3281.0391,0.0,3472.9639,0.0,578.8273166666667,42.04673333333329,620.8740499999999,0.65,0.65,28,,1454.2073833333332,833.3333333333333,0.0,0.0,74.03419999999994,5461.0115874074045,6211.0115874074045,4799.999999999998,608.7312106633333,0.0
B_fixed_q65,2025-06-21,2025-06-21,136,2025-06-21 22:40:00,2025-06-21 22:50:00,0.4241,3250.7574,0.0,3653.9269,0.0,608.9878166666666,43.536550000000034,652.5243666666667,0.65,0.65,28,,1485.8577,833.3333333333333,0.0,0.0,110.73146666666685,6211.0115874074045,6961.0115874074045,5549.999999999998,630.15225057,0.0
B_fixed_q65,2025-06-21,2025-06-21,137,2025-06-21 22:50:00,2025-06-21 23:00:00,0.4237,3190.39,0.0,3463.23,0.0,577.2049999999999,48.82499999999993,626.0299999999999,0.65,0.65,28,,1459.3633333333332,833.3333333333333,0.0,0.0,94.2983333333334,6961.0115874074045,7711.0115874074045,6299.999999999998,618.3322443333333,0.0
B_fixed_q65,2025-06-21,2025-06-21,138,2025-06-21 23:00:00,2025-06-21 23:10:00,0.4248,2998.9363,0.0,3048.478,0.0,508.07966666666664,29.248550000000023,537.3282166666667,0.65,0.65,28,,1370.6615499999998,833.3333333333333,0.0,0.0,37.505499999999984,7711.0115874074045,8461.011587407404,7049.999999999998,582.2570264399999,0.0
B_fixed_q65,2025-06-21,2025-06-21,139,2025-06-21 23:10:00,2025-06-21 23:20:00,0.424,2920.9743,0.0,2905.5899,0.0,484.2649833333333,25.826850000000036,510.09183333333334,0.65,0.65,28,,1343.4251666666667,833.3333333333333,0.0,0.0,23.26278333333346,8461.011587407404,9211.011587407404,7799.999999999998,569.6122706666666,0.0
B_fixed_q65,2025-06-21,2025-06-21,140,2025-06-21 23:20:00,2025-06-21 23:30:00,0.422,2989.3,0.0,3071.94,0.0,511.99,26.616666666666674,538.6066666666667,0.65,0.65,28,,1371.94,833.3333333333333,0.0,0.0,40.3900000000001,9211.011587407404,9961.011587407404,8549.999999999998,578.95868,0.0
B_fixed_q65,2025-06-21,2025-06-21,141,2025-06-21 23:30:00,2025-06-21 23:40:00,0.424,3024.571,0.0,3193.2655,0.0,532.2109166666667,32.02798333333334,564.2389000000001,0.65,0.65,28,,1397.5722333333333,833.3333333333333,0.0,0.0,60.143733333333444,9961.011587407404,10711.011587407404,9299.999999999998,592.5706269333333,0.0
B_fixed_q65,2025-06-21,2025-06-21,142,2025-06-21 23:40:00,2025-06-21 23:50:00,0.4271,3193.3141,0.0,3497.8213,0.0,582.9702166666666,31.37586666666664,614.3460833333332,0.65,0.65,28,,1447.6794166666664,98.87601399177382,0.0,0.0,816.5843860082259,10711.011587407404,10800.0,10049.999999999998,618.3038788583332,0.0
B_fixed_q65,2025-06-21,2025-06-21,143,2025-06-21 23:50:00,2025-06-22 00:00:00,0.4276,3636.14,0.0,3929.38,0.0,654.8966666666666,35.72500000000002,690.6216666666667,0.65,0.65,28,,1523.9550000000017,0.0,0.0,0.0,917.9316666666684,10800.0,10800.0,10800.0,651.6431580000008,0.0
B_fixed_q65,2025-09-23,2025-09-23,0,2025-09-23 00:00:00,2025-09-23 00:10:00,0.4248,3421.106,0.0,3937.1458,0.0,656.1909666666666,11.191433333333293,667.3823999999998,0.65,0.65,28,,667.3823999999998,97.19806666666648,0.0,0.0,0.0,9823.91107037037,9911.38933037037,9823.91107037037,283.5040435199999,0.0
B_fixed_q65,2025-09-23,2025-09-23,1,2025-09-23 00:10:00,2025-09-23 00:20:00,0.4245,3361.9091,0.0,4000.4017,0.0,666.7336166666666,0.8264833333333854,667.5601,0.65,0.65,28,,918.7700218107,358.45183847736666,0.0,0.0,0.0,9911.38933037037,10233.995985,10050.0,390.0178742586421,0.0
B_fixed_q65,2025-09-23,2025-09-23,2,2025-09-23 00:20:00,2025-09-23 00:30:00,0.4269,3388.6,0.0,3751.36,0.0,625.2266666666667,-12.648333333333312,612.5783333333334,0.65,0.65,28,,612.5783333333334,47.811666666666724,0.0,0.0,0.0,10233.995985,10277.026485,10050.0,261.50969050000003,0.0
B_fixed_q65,2025-09-23,2025-09-23,3,2025-09-23 00:30:00,2025-09-23 00:40:00,0.4272,3591.0535,0.0,3531.7831,0.0,588.6305166666666,-9.318633333333423,579.3118833333332,0.65,0.65,28,,579.3118833333332,0.0,19.19703333333348,0.0,0.0,10277.026485,10255.696447962962,10050.0,247.48203655999995,0.0
B_fixed_q65,2025-09-23,2025-09-23,4,2025-09-23 00:40:00,2025-09-23 00:50:00,0.4271,3639.0639,0.0,3436.6857,0.0,572.78095,-3.6541833333333216,569.1267666666666,0.65,0.65,28,,569.1267666666666,0.0,37.3838833333333,0.0,0.0,10255.696447962962,10214.158799814813,10050.0,243.07404204333332,0.0
B_fixed_q65,2025-09-23,2025-09-23,5,2025-09-23 00:50:00,2025-09-23 01:00:00,0.4285,3538.62,0.0,3454.54,0.0,575.7566666666667,5.5316666666667516,581.2883333333334,0.65,0.65,28,,581.2883333333334,0.0,8.48166666666657,0.0,0.0,10214.158799814813,10204.73472574074,10050.0,249.08205083333337,0.0
B_fixed_q65,2025-09-23,2025-09-23,6,2025-09-23 01:00:00,2025-09-23 01:10:00,0.4311,3584.1201,0.0,3517.2378,0.0,586.2062999999999,12.58235000000002,598.78865,0.65,0.65,28,,598.78865,1.4352999999999838,0.0,0.0,0.0,10204.73472574074,10206.02649574074,10050.0,258.13778701499996,0.0
B_fixed_q65,2025-09-23,2025-09-23,7,2025-09-23 01:10:00,2025-09-23 01:20:00,0.4302,3479.83,0.0,3497.5299,0.0,582.92165,7.518083333333379,590.4397333333334,0.65,0.65,28,,590.4397333333334,10.4680666666668,0.0,0.0,0.0,10206.02649574074,10215.44775574074,10050.0,254.00717328000005,0.0
B_fixed_q65,2025-09-23,2025-09-23,8,2025-09-23 01:20:00,2025-09-23 01:30:00,0.4279,3316.08,0.0,3422.74,0.0,570.4566666666666,-3.0599999999999454,567.3966666666666,0.65,0.65,28,,567.3966666666666,14.716666666666697,0.0,0.0,0.0,10215.44775574074,10228.692755740742,10050.0,242.78903366666665,0.0
B_fixed_q65,2025-09-23,2025-09-23,9,2025-09-23 01:30:00,2025-09-23 01:40:00,0.4312,3504.3201,0.0,3457.0954,0.0,576.1825666666666,9.586916666666639,585.7694833333333,0.65,0.65,28,,585.7694833333333,1.716133333333346,0.0,0.0,0.0,10228.692755740742,10230.237275740741,10050.0,252.58380121333332,0.0
B_fixed_q65,2025-09-23,2025-09-23,10,2025-09-23 01:40:00,2025-09-23 01:50:00,0.4333,3611.1697,0.0,3628.0075,0.0,604.6679166666667,8.596283333333417,613.2642000000001,0.65,0.65,28,,613.2642000000001,11.402583333333496,0.0,0.0,0.0,10230.237275740741,10240.49960074074,10050.0,265.72737786000005,0.0
B_fixed_q65,2025-09-23,2025-09-23,11,2025-09-23 01:50:00,2025-09-23 02:00:00,0.4311,3543.64,0.0,3727.77,0.0,621.295,8.008333333333326,629.3033333333333,0.65,0.65,28,,629.3033333333333,38.696666666666715,0.0,0.0,0.0,10240.49960074074,10275.32660074074,10050.0,271.292667,0.0
B_fixed_q65,2025-09-23,2025-09-23,12,2025-09-23 02:00:00,2025-09-23 02:10:00,0.4293,3627.3783,0.0,3520.7314,0.0,586.7885666666666,-2.8625500000000557,583.9260166666666,0.65,0.65,28,,583.9260166666666,0.0,20.63703333333342,0.0,0.0,10275.32660074074,10252.396563703704,10050.0,250.67943895499997,0.0
B_fixed_q65,2025-09-23,2025-09-23,13,2025-09-23 02:10:00,2025-09-23 02:20:00,0.4324,3646.7973,0.0,3436.0535,0.0,572.6755833333333,4.61525000000006,577.2908333333334,0.65,0.65,28,,577.2908333333334,0.0,30.5087166666666,0.0,0.0,10252.396563703704,10218.49798962963,10050.0,249.62055633333335,0.0
B_fixed_q65,2025-09-23,2025-09-23,14,2025-09-23 02:20:00,2025-09-23 02:30:00,0.4367,3569.92,0.0,3624.55,0.0,604.0916666666667,-6.116666666666788,597.9749999999999,0.65,0.65,28,,597.9749999999999,2.9883333333332303,0.0,0.0,0.0,10218.49798962963,10221.18748962963,10050.0,261.1356825,0.0
B_fixed_q65,2025-09-23,2025-09-23,15,2025-09-23 02:30:00,2025-09-23 02:40:00,0.4348,3591.0744,0.0,3799.684,0.0,633.2806666666667,1.483066666666673,634.7637333333333,0.65,0.65,28,,634.7637333333333,36.25133333333338,0.0,0.0,0.0,10221.18748962963,10253.813689629631,10050.0,275.9952712533333,0.0
B_fixed_q65,2025-09-23,2025-09-23,16,2025-09-23 02:40:00,2025-09-23 02:50:00,0.4335,3523.6786,0.0,3729.9253,0.0,621.6542166666666,5.7521999999999025,627.4064166666665,0.65,0.65,28,,627.4064166666665,40.12664999999981,0.0,0.0,0.0,10253.813689629631,10289.927674629631,10050.0,271.98068162499993,0.0
B_fixed_q65,2025-09-23,2025-09-23,17,2025-09-23 02:50:00,2025-09-23 03:00:00,0.4357,3402.03,0.0,3599.4,0.0,599.9,-5.314999999999941,594.585,0.65,0.65,28,,594.585,27.58000000000004,0.0,0.0,0.0,10289.927674629631,10314.749674629631,10050.0,259.0606845,0.0
B_fixed_q65,2025-09-23,2025-09-23,18,2025-09-23 03:00:00,2025-09-23 03:10:00,0.4374,3470.8796,0.0,3766.8381,0.0,627.80635,-10.25245000000001,617.5538999999999,0.65,0.65,28,,617.5538999999999,39.07396666666659,0.0,0.0,0.0,10314.749674629631,10349.91624462963,10050.0,270.11807586,0.0
B_fixed_q65,2025-09-23,2025-09-23,19,2025-09-23 03:10:00,2025-09-23 03:20:00,0.4371,3546.3118,0.0,3732.5778,0.0,622.0962999999999,-1.7810499999999365,620.31525,0.65,0.65,28,,620.31525,29.263283333333334,0.0,0.0,0.0,10349.91624462963,10376.253199629631,10050.0,271.139795775,0.0
B_fixed_q65,2025-09-23,2025-09-23,20,2025-09-23 03:20:00,2025-09-23 03:30:00,0.4356,3521.1,0.0,3487.16,0.0,581.1933333333333,3.30499999999995,584.4983333333332,0.65,0.65,28,,584.4983333333332,0.0,2.351666666666688,0.0,0.0,10376.253199629631,10373.640236666668,10050.0,254.60747399999994,0.0
B_fixed_q65,2025-09-23,2025-09-23,21,2025-09-23 03:30:00,2025-09-23 03:40:00,0.4353,3493.0415,0.0,3542.3682,0.0,590.3947,6.8218166666666775,597.2165166666666,0.65,0.65,28,,597.2165166666666,15.042933333333394,0.0,0.0,0.0,10373.640236666668,10387.178876666669,10050.0,259.968349705,0.0
B_fixed_q65,2025-09-23,2025-09-23,22,2025-09-23 03:40:00,2025-09-23 03:50:00,0.436,3616.52,0.0,3671.4309,0.0,611.9051499999999,2.082966666666607,613.9881166666665,0.65,0.65,28,,613.9881166666665,11.234783333333212,0.0,0.0,0.0,10387.178876666669,10397.290181666669,10050.0,267.6988188666666,0.0
B_fixed_q65,2025-09-23,2025-09-23,23,2025-09-23 03:50:00,2025-09-23 04:00:00,0.4378,3738.77,0.0,3753.85,0.0,625.6416666666667,-1.3099999999999454,624.3316666666667,0.65,0.65,28,,624.3316666666667,1.2033333333333758,0.0,0.0,0.0,10397.290181666669,10398.37318166667,10050.0,273.3324036666667,0.0
B_fixed_q65,2025-09-23,2025-09-23,24,2025-09-23 04:00:00,2025-09-23 04:10:00,0.4401,3573.138,0.0019,3887.5822,0.0021,647.9300166666666,10.03774999999996,657.9677666666665,0.65,0.65,28,,657.9677666666665,62.44508333333329,0.0,0.0,0.0,10398.37318166667,10454.57375666667,10050.0,289.5716141099999,0.0
B_fixed_q65,2025-09-23,2025-09-23,25,2025-09-23 04:10:00,2025-09-23 04:20:00,0.4389,3548.8256,0.0,3864.8881,0.0,644.1480166666666,15.432700000000068,659.5807166666667,0.65,0.65,28,,659.5807166666667,68.10978333333344,0.0,0.0,0.0,10454.57375666667,10515.87256166667,10050.0,289.48997654500005,0.0
B_fixed_q65,2025-09-23,2025-09-23,26,2025-09-23 04:20:00,2025-09-23 04:30:00,0.4364,3696.43,0.0,3746.52,0.0,624.42,11.48833333333323,635.9083333333332,0.65,0.65,28,,635.9083333333332,19.836666666666588,0.0,0.0,0.0,10515.87256166667,10533.72556166667,10050.0,277.5103966666666,0.0
B_fixed_q65,2025-09-23,2025-09-23,27,2025-09-23 04:30:00,2025-09-23 04:40:00,0.4393,3629.4046,0.0268,3799.8707,0.029,633.3069499999999,7.49466666666666,640.8016166666666,0.65,0.65,28,,640.8016166666666,35.90531666666675,0.0,0.0,0.0,10533.72556166667,10566.04034666667,10050.0,281.5041502016667,0.0
B_fixed_q65,2025-09-23,2025-09-23,28,2025-09-23 04:40:00,2025-09-23 04:50:00,0.4422,3602.4949,0.0,3743.4045,0.0,623.90075,0.3432000000000244,624.24395,0.65,0.65,28,,624.24395,23.828133333333426,0.0,0.0,0.0,10566.04034666667,10587.485666666671,10050.0,276.04067469,0.0
B_fixed_q65,2025-09-23,2025-09-23,29,2025-09-23 04:50:00,2025-09-23 05:00:00,0.4395,3708.74,0.0,3548.17,0.0,591.3616666666667,2.25,593.6116666666667,0.65,0.65,28,,593.6116666666667,0.0,24.511666666666542,0.0,0.0,10587.485666666671,10560.250481481486,10050.0,260.8923275,0.0
B_fixed_q65,2025-09-23,2025-09-23,30,2025-09-23 05:00:00,2025-09-23 05:10:00,0.4333,3751.3647,0.3731,3510.4937,0.404,585.01495,-2.888500000000022,582.12645,0.65,0.65,28,,582.12645,0.0,43.03881666666666,0.0,0.0,10560.250481481486,10512.429574074078,10050.0,252.235390785,0.0
B_fixed_q65,2025-09-23,2025-09-23,31,2025-09-23 05:10:00,2025-09-23 05:20:00,0.4439,3689.4488,0.0,3645.7435,0.0,607.6239166666667,11.116416666666623,618.7403333333333,0.65,0.65,28,,618.7403333333333,3.8321999999999434,0.0,0.0,0.0,10512.429574074078,10515.878554074077,10050.0,274.65883396666663,0.0
B_fixed_q65,2025-09-23,2025-09-23,32,2025-09-23 05:20:00,2025-09-23 05:30:00,0.4301,3557.68,0.0,3724.04,0.0,620.6733333333333,6.936666666666724,627.61,0.65,0.65,28,,627.61,34.66333333333341,0.0,0.0,0.0,10515.878554074077,10547.075554074077,10050.0,269.935061,0.0
B_fixed_q65,2025-09-23,2025-09-23,33,2025-09-23 05:30:00,2025-09-23 05:40:00,0.3713,3509.0644,5.1961,3582.2553,5.6274,596.10465,-0.8829500000000507,595.2216999999999,0.65,0.65,28,,1428.555033333333,281.02716213991397,0.0,0.0,563.5498211934191,10547.075554074077,10800.0,10800.0,530.4224838766665,0.0
B_fixed_q65,2025-09-23,2025-09-23,34,2025-09-23 05:40:00,2025-09-23 05:50:00,0.5708,4001.4806,0.0,3957.97,0.0,659.6616666666666,1.496499999999969,661.1581666666666,0.65,0.65,28,,661.1581666666666,0.0,5.755266666666671,0.0,0.0,10800.0,10793.605259259259,10800.0,377.3890815333333,0.0
B_fixed_q65,2025-09-23,2025-09-23,35,2025-09-23 05:50:00,2025-09-23 06:00:00,0.9099,4743.74,0.0,4700.49,0.0,783.415,13.873749999999916,797.2887499999999,0.65,0.65,28,,0.0,0.0,790.6233333333332,0.0,0.0,10793.605259259259,9915.134888888888,9914.12361111111,0.0,0.0
B_fixed_q65,2025-09-23,2025-09-23,36,2025-09-23 06:00:00,2025-09-23 06:10:00,0.9368,4911.4158,148.7833,4861.7696,163.8012,782.9947333333332,6.441583333333369,789.4363166666666,0.65,0.65,28,,0.0,0.0,793.7720833333333,0.0,0.0,9915.134888888888,9033.165907407407,9036.972148148147,0.0,0.0
B_fixed_q65,2025-09-23,2025-09-23,37,2025-09-23 06:10:00,2025-09-23 06:20:00,0.8758,4831.9735,376.0146,4752.5347,427.0247,720.9183333333333,8.804516666666643,729.7228499999999,0.65,0.65,28,,0.0,0.0,742.6598166666665,0.0,0.0,9033.165907407407,8207.988333333333,8226.16898148148,0.0,0.0
B_fixed_q65,2025-09-23,2025-09-23,38,2025-09-23 06:20:00,2025-09-23 06:30:00,0.8759,4792.2,649.3875,4711.73,733.4625,663.0445833333332,15.883749999999964,678.9283333333332,0.65,0.65,28,,0.0,0.0,690.46875,0.0,0.0,8207.988333333333,7440.800833333333,7471.804166666665,0.0,0.0
B_fixed_q65,2025-09-23,2025-09-23,39,2025-09-23 06:30:00,2025-09-23 06:40:00,0.8601,4757.3085,973.8044,4749.8589,1059.8151,615.0073,7.864416666666671,622.8717166666667,0.65,0.65,28,,0.0,0.0,630.5840166666667,0.0,0.0,7440.800833333333,6740.151925925926,6779.724481481479,0.0,0.0
B_fixed_q65,2025-09-23,2025-09-23,40,2025-09-23 06:40:00,2025-09-23 06:50:00,0.8442,4755.1526,1245.8597,4762.9137,1370.8696,565.3406833333333,22.68278333333319,588.0234666666665,0.65,0.65,28,,0.0,0.0,584.88215,0.0,0.0,6740.151925925926,6090.28287037037,6126.365074074072,0.0,0.0
B_fixed_q65,2025-09-23,2025-09-23,41,2025-09-23 06:50:00,2025-09-23 07:00:00,0.8334,4789.05,1511.775,4720.02,1678.1625,506.97625000000005,16.767083333333318,523.7433333333333,0.65,0.65,28,,0.0,0.0,546.2125,0.0,0.0,6090.28287037037,5483.3800925925925,5544.428037037035,0.0,0.0
B_fixed_q65,2025-09-23,2025-09-23,42,2025-09-23 07:00:00,2025-09-23 07:10:00,0.8092,4816.282,1907.945,4702.584,2025.7511,446.1388166666666,22.427983333333316,468.56679999999994,0.65,0.65,28,,0.0,0.0,484.72283333333337,0.0,0.0,5483.3800925925925,4944.799166666667,5023.798259259258,0.0,0.0
B_fixed_q65,2025-09-23,2025-09-23,43,2025-09-23 07:10:00,2025-09-23 07:20:00,0.7972,4786.2179,2234.3678,4833.7499,2388.5754,407.52908333333323,20.530983333333324,428.06006666666656,0.65,0.65,28,,0.0,0.0,425.3083499999999,0.0,0.0,4944.799166666667,4472.234333333334,4548.175962962961,0.0,0.0
B_fixed_q65,2025-09-23,2025-09-23,44,2025-09-23 07:20:00,2025-09-23 07:30:00,0.7644,4660.51,2492.5875,4939.54,2753.5875,364.3254166666666,40.234583333333205,404.55999999999983,0.65,0.65,28,,190.6988000000012,0.0,170.6216166666655,0.0,0.0,4472.234333333334,4282.6547592592615,4310.552407407407,145.7701627200009,0.0
B_fixed_q65,2025-09-23,2025-09-23,45,2025-09-23 07:30:00,2025-09-23 07:40:00,0.6899,4606.8822,2894.0726,4828.7625,3120.5921,284.69506666666666,44.30516666666654,329.0002333333332,0.65,0.65,28,,329.0002333333332,43.53196666666656,0.0,0.0,0.0,4282.6547592592615,4321.833529259261,4310.552407407407,226.97726097666657,0.0
B_fixed_q65,2025-09-23,2025-09-23,46,2025-09-23 07:40:00,2025-09-23 07:50:00,0.86,5489.8417,3343.4604,5406.1206,3426.4951,329.93758333333335,35.54511666666667,365.4827,0.65,0.65,28,,0.0,0.0,357.73021666666665,0.0,0.0,4321.833529259261,3924.3555107407424,3904.4605185185187,0.0,0.0
B_fixed_q65,2025-09-23,2025-09-23,47,2025-09-23 07:50:00,2025-09-23 08:00:00,1.1617,6701.06,3753.1125,6462.55,3707.325,459.2041666666667,38.84791666666675,498.0520833333335,0.65,0.65,28,,0.0,0.0,491.32458333333335,0.0,0.0,3924.3555107407424,3378.439307037039,3351.069314814815,0.0,0.0
B_fixed_q65,2025-09-23,2025-09-23,48,2025-09-23 08:00:00,2025-09-23 08:10:00,1.1683,6664.9869,4119.6249,6779.0099,4082.1536,449.47605,20.797016666666735,470.27306666666675,0.65,0.65,28,,0.0,0.0,424.227,0.0,0.0,3378.439307037039,2907.0759737037056,2828.543685185185,0.0,0.0
B_fixed_q65,2025-09-23,2025-09-23,49,2025-09-23 08:10:00,2025-09-23 08:20:00,1.0956,6469.7028,4427.9049,6649.2879,4538.4547,351.8055333333333,28.871316666666644,380.67684999999994,0.65,0.65,28,,0.0,0.0,340.29964999999993,0.0,0.0,2907.0759737037056,2528.9652514814834,2405.569407407407,0.0,0.0
B_fixed_q65,2025-09-23,2025-09-23,50,2025-09-23 08:20:00,2025-09-23 08:30:00,1.0849,6635.97,4698.6375,6494.49,4959.675,255.80249999999992,20.209583333333285,276.0120833333332,0.65,0.65,28,,0.0,0.0,322.8887500000001,0.0,0.0,2528.9652514814834,2170.1999737037054,2098.889314814815,0.0,0.0
B_fixed_q65,2025-09-23,2025-09-23,51,2025-09-23 08:30:00,2025-09-23 08:40:00,1.061,6600.0815,4997.093,6432.8642,5221.4296,201.90576666666658,44.10731666666666,246.01308333333324,0.65,0.65,28,,0.0,0.0,267.16475,0.0,0.0,2170.1999737037054,1873.3502514814832,1825.5414444444446,0.0,0.0
B_fixed_q65,2025-09-23,2025-09-23,52,2025-09-23 08:40:00,2025-09-23 08:50:00,1.043,6462.4233,5400.3214,6438.1781,5443.4725,165.7842666666667,34.812599999999975,200.59686666666667,0.65,0.65,28,,0.0,0.0,177.01698333333343,0.0,0.0,1873.3502514814832,1676.664714444446,1602.656037037037,0.0,0.0
B_fixed_q65,2025-09-23,2025-09-23,53,2025-09-23 08:50:00,2025-09-23 09:00:00,1.036,6427.57,5807.85,6502.19,5716.7625,130.90458333333328,13.42958333333354,144.33416666666682,0.65,0.65,28,,0.0,0.0,103.28666666666655,0.0,0.0,1676.664714444446,1561.9017514814832,1442.2847407407405,0.0,0.0
B_fixed_q65,2025-09-23,2025-09-23,54,2025-09-23 09:00:00,2025-09-23 09:10:00,1.0147,6551.7343,6020.5511,6620.0241,6031.6126,98.06858333333321,25.95346666666667,124.02204999999988,0.65,0.65,28,,0.0,0.0,88.5305333333334,0.0,0.0,1561.9017514814832,1463.534492222224,1304.482462962963,0.0,0.0
B_fixed_q65,2025-09-23,2025-09-23,55,2025-09-23 09:10:00,2025-09-23 09:20:00,0.9922,6611.8297,6159.4673,6603.7913,6339.8082,43.99718333333324,36.79786666666662,80.79504999999986,0.65,0.65,28,,0.0,0.0,75.39373333333333,0.0,0.0,1463.534492222224,1379.763677407409,1214.7101851851853,0.0,0.0
B_fixed_q65,2025-09-23,2025-09-23,56,2025-09-23 09:20:00,2025-09-23 09:30:00,0.97,6584.42,6306.2625,6407.33,6622.4625,-35.85541666666661,49.094583333333354,13.23916666666674,0.65,0.65,28,,0.0,0.0,46.359583333333376,0.0,0.0,1379.763677407409,1328.2530292592608,1200.0,0.0,0.0
B_fixed_q65,2025-09-23,2025-09-23,57,2025-09-23 09:30:00,2025-09-23 09:40:00,0.9422,6627.8893,6423.4053,6200.5473,6897.3346,-116.13121666666666,31.629449999999906,-84.50176666666675,0.65,0.65,28,,0.0,0.0,34.08066666666657,0.0,0.0,1328.2530292592608,1290.3856218518536,1276.05159,0.0,0.0
B_fixed_q65,2025-09-23,2025-09-23,58,2025-09-23 09:40:00,2025-09-23 09:50:00,0.9569,6567.1756,6483.305,6249.554,7173.3339,-153.96331666666657,38.02041666666659,-115.94289999999998,0.65,0.65,28,,0.0,0.0,13.978433333333214,0.0,0.0,1290.3856218518536,1274.854029259261,1380.4002,0.0,0.0
B_fixed_q65,2025-09-23,2025-09-23,59,2025-09-23 09:50:00,2025-09-23 10:00:00,0.9977,6455.96,6487.7625,6480.82,7375.3875,-149.09458333333333,63.10083333333341,-85.99374999999992,0.65,0.65,28,,0.0,5.30041666666663,0.0,0.0,0.0,1274.854029259261,1279.6244042592612,1457.794575,0.0,0.0
B_fixed_q65,2025-09-23,2025-09-23,60,2025-09-23 10:00:00,2025-09-23 10:10:00,0.9919,6527.0912,6506.7574,6557.067,7427.1527,-145.01428333333325,47.76499999999987,-97.24928333333338,0.65,0.65,28,,0.0,0.0,3.388966666666571,0.0,0.0,1279.6244042592612,1275.8588857407428,1545.31893,0.0,0.0
B_fixed_q65,2025-09-23,2025-09-23,61,2025-09-23 10:10:00,2025-09-23 10:20:00,0.9588,6488.4499,6763.9313,6530.2617,7558.6084,-171.39111666666668,44.92223333333334,-126.46888333333334,0.65,0.65,28,,0.0,45.91356666666676,0.0,0.0,0.0,1275.8588857407428,1317.1810957407429,1659.140925,0.0,0.0
B_fixed_q65,2025-09-23,2025-09-23,62,2025-09-23 10:20:00,2025-09-23 10:30:00,0.9549,6336.11,7139.7,6502.13,7758.4875,-209.39291666666668,29.3195833333333,-180.07333333333338,0.65,0.65,28,,0.0,133.93166666666667,0.0,0.0,0.0,1317.1810957407429,1437.719595740743,1821.2069250000004,0.0,0.0
B_fixed_q65,2025-09-23,2025-09-23,63,2025-09-23 10:30:00,2025-09-23 10:40:00,0.9839,6376.9432,7257.6775,6501.3745,7803.3333,-216.9931333333334,44.474216666666734,-172.51891666666666,0.65,0.65,28,,0.0,146.78905,0.0,0.0,0.0,1437.719595740743,1569.829740740743,1976.4739500000005,0.0,0.0
B_fixed_q65,2025-09-23,2025-09-23,64,2025-09-23 10:40:00,2025-09-23 10:50:00,0.799,6473.6947,7240.5731,6474.7018,7884.0347,-234.8888166666667,54.50869999999975,-180.38011666666696,0.65,0.65,28,,0.0,127.8130666666666,0.0,0.0,0.0,1569.829740740743,1684.861500740743,2138.8160550000007,0.0,0.0
B_fixed_q65,2025-09-23,2025-09-23,65,2025-09-23 10:50:00,2025-09-23 11:00:00,0.5025,6470.56,7359.675,6439.65,8030.625,-265.1625,39.19458333333341,-225.9679166666666,0.65,0.65,28,,0.0,148.18583333333328,0.0,0.0,0.0,1684.861500740743,1818.228750740743,2342.187180000001,0.0,0.0
B_fixed_q65,2025-09-23,2025-09-23,66,2025-09-23 11:00:00,2025-09-23 11:10:00,0.4662,6357.1346,7784.7849,6473.1896,8066.7709,-265.59688333333344,76.10449999999975,-189.4923833333337,0.65,0.65,28,,643.8409499999996,833.3333333333333,0.0,0.0,48.44933333333279,1818.228750740743,2568.2287507407427,3092.187180000001,300.1586508899998,0.0
B_fixed_q65,2025-09-23,2025-09-23,67,2025-09-23 11:10:00,2025-09-23 11:20:00,0.5007,6310.6975,8209.6886,6527.364,8058.9692,-255.26753333333332,108.95036666666675,-146.31716666666657,0.65,0.65,28,,0.0,316.49851666666655,0.0,0.0,0.0,2568.2287507407427,2853.0774157407427,3223.8726300000008,0.0,0.0
B_fixed_q65,2025-09-23,2025-09-23,68,2025-09-23 11:20:00,2025-09-23 11:30:00,0.4827,6431.52,8399.7375,6531.11,8058.1875,-254.5129166666667,20.533749999999884,-233.97916666666683,0.65,0.65,28,,438.9220666666665,766.9583166666663,0.0,0.0,0.0,2853.0774157407427,3543.3399007407425,3829.4837400000006,211.86768157999995,0.0
B_fixed_q65,2025-09-23,2025-09-23,69,2025-09-23 11:30:00,2025-09-23 11:40:00,0.4785,6604.0357,8379.679,6437.2197,8059.3959,-270.36270000000013,23.817433333333327,-246.5452666666668,0.65,0.65,28,,586.7880666666665,833.3333333333333,0.0,0.0,49.39528333333317,3543.3399007407425,4293.339900740742,4579.483740000001,280.77808989999994,0.0
B_fixed_q65,2025-09-23,2025-09-23,70,2025-09-23 11:40:00,2025-09-23 11:50:00,0.4662,6371.5522,8435.4109,6258.0133,8144.2088,-314.36591666666675,40.983683333333374,-273.3822333333334,0.65,0.65,28,,559.9510999999999,833.3333333333333,0.0,0.0,70.59421666666674,4293.339900740742,5043.339900740742,5329.483740000001,261.04920281999995,0.0
B_fixed_q65,2025-09-23,2025-09-23,71,2025-09-23 11:50:00,2025-09-23 12:00:00,0.4432,5893.69,8613.5625,6034.17,8278.275,-374.0174999999999,78.32666666666637,-295.69083333333356,0.65,0.65,28,,537.6424999999997,833.3333333333333,0.0,0.0,157.6212499999998,5043.339900740742,5793.339900740742,6079.483740000001,238.28315599999985,0.0
B_fixed_q65,2025-09-23,2025-09-23,72,2025-09-23 12:00:00,2025-09-23 12:10:00,0.4411,5815.5593,8690.3915,5857.0228,8321.7803,-410.79291666666677,48.54080000000022,-362.25211666666655,0.65,0.65,28,,471.0812166666667,833.3333333333333,0.0,0.0,116.88658333333342,5793.339900740742,6543.339900740742,6829.483740000001,207.79392467166667,0.0
B_fixed_q65,2025-09-23,2025-09-23,73,2025-09-23 12:10:00,2025-09-23 12:20:00,0.4551,5929.8452,8581.2694,5948.518,8267.6048,-386.5144666666665,42.574016666666466,-343.94045000000006,0.65,0.65,28,,489.3928833333332,833.3333333333333,0.0,0.0,97.96358333333319,6543.339900740742,7293.339900740742,7579.483740000001,222.72270120499994,0.0
B_fixed_q65,2025-09-23,2025-09-23,74,2025-09-23 12:20:00,2025-09-23 12:30:00,0.4463,5958.43,8484.4875,6160.56,8156.1,-332.59,60.06916666666683,-272.52083333333314,0.65,0.65,28,,560.8125000000001,833.3333333333333,0.0,0.0,148.48874999999998,7293.339900740742,8043.339900740742,8329.483740000001,250.29061875000005,0.0
B_fixed_q65,2025-09-23,2025-09-23,75,2025-09-23 12:30:00,2025-09-23 12:40:00,0.4113,5882.5546,8645.3297,6118.0293,8055.8192,-322.9649833333333,52.25555000000003,-270.70943333333327,0.65,0.65,28,,562.6239,833.3333333333333,0.0,0.0,189.7530833333334,8043.339900740742,8793.339900740742,9079.483740000001,231.40721007000002,0.0
B_fixed_q65,2025-09-23,2025-09-23,76,2025-09-23 12:40:00,2025-09-23 12:50:00,0.5682,6091.5912,8546.664,6129.9123,8085.3213,-325.90149999999994,53.532916666666665,-272.3685833333333,0.65,0.65,28,,0.0,409.17880000000014,0.0,0.0,0.0,8793.339900740742,9161.600820740743,9324.615465,0.0,0.0
B_fixed_q65,2025-09-23,2025-09-23,77,2025-09-23 12:50:00,2025-09-23 13:00:00,0.8279,6408.53,8135.1375,6271.57,8109.4125,-306.3070833333334,63.997499999999945,-242.30958333333348,0.65,0.65,28,,0.0,287.7679166666667,0.0,0.0,0.0,9161.600820740743,9420.591945740744,9542.69409,0.0,0.0
B_fixed_q65,2025-09-23,2025-09-23,78,2025-09-23 13:00:00,2025-09-23 13:10:00,0.8636,6253.4833,7884.9488,6267.4025,7864.6337,-266.2052,57.50156666666663,-208.70363333333336,0.65,0.65,28,,0.0,271.9109166666667,0.0,0.0,0.0,9420.591945740744,9665.311770740744,9730.52736,0.0,0.0
B_fixed_q65,2025-09-23,2025-09-23,79,2025-09-23 13:10:00,2025-09-23 13:20:00,0.8416,6080.4251,7754.0988,6084.3297,7627.4867,-257.19283333333334,29.09331666666651,-228.09951666666683,0.65,0.65,28,,0.0,278.9456166666665,0.0,0.0,0.0,9665.311770740744,9916.362825740744,9935.816925000001,0.0,0.0
B_fixed_q65,2025-09-23,2025-09-23,80,2025-09-23 13:20:00,2025-09-23 13:30:00,0.8618,6115.63,7607.2875,5983.25,7552.2375,-261.4979166666667,12.649583333333197,-248.8483333333335,0.65,0.65,28,,0.0,248.60958333333338,0.0,0.0,0.0,9916.362825740744,10140.111450740744,10159.780425,0.0,0.0
B_fixed_q65,2025-09-23,2025-09-23,81,2025-09-23 13:30:00,2025-09-23 13:40:00,0.8623,6161.9414,7394.5585,6249.9547,7511.7507,-210.2993333333332,22.96216666666669,-187.33716666666652,0.65,0.65,28,,0.0,205.4361833333334,0.0,0.0,0.0,10140.111450740744,10325.004015740744,10328.383875000001,0.0,0.0
B_fixed_q65,2025-09-23,2025-09-23,82,2025-09-23 13:40:00,2025-09-23 13:50:00,0.9026,6291.8498,7228.1769,6377.6378,7307.0291,-154.8985499999999,34.49530000000004,-120.40324999999984,0.65,0.65,28,,0.0,156.05451666666673,0.0,0.0,0.0,10325.004015740744,10465.453080740745,10436.7468,0.0,0.0
B_fixed_q65,2025-09-23,2025-09-23,83,2025-09-23 13:50:00,2025-09-23 14:00:00,0.9754,6409.53,7094.9625,6187.65,7022.8875,-139.20625,23.855416666666542,-115.35083333333347,0.65,0.65,28,,0.0,114.23874999999998,0.0,0.0,0.0,10465.453080740745,10568.267955740745,10540.56255,0.0,0.0
B_fixed_q65,2025-09-23,2025-09-23,84,2025-09-23 14:00:00,2025-09-23 14:10:00,1.0002,6298.6605,6838.0168,6004.646,6916.3565,-151.95175,0.45674999999998533,-151.495,0.65,0.65,28,,0.0,89.89271666666673,0.0,0.0,0.0,10568.267955740745,10649.171400740745,10676.90805,0.0,0.0
B_fixed_q65,2025-09-23,2025-09-23,85,2025-09-23 14:10:00,2025-09-23 14:20:00,0.9978,6212.8259,6393.4647,6039.8719,6750.1107,-118.37313333333334,8.954716666666776,-109.41841666666656,0.65,0.65,28,,0.0,30.10646666666677,0.0,0.0,0.0,10649.171400740745,10676.267220740745,10775.384625,0.0,0.0
B_fixed_q65,2025-09-23,2025-09-23,86,2025-09-23 14:20:00,2025-09-23 14:30:00,1.0271,6236.6,5854.05,6212.36,6443.325,-38.494166666666686,11.143750000000068,-27.350416666666618,0.65,0.65,28,,0.0,0.0,63.75833333333336,0.0,0.0,10676.267220740745,10605.424628148152,10800.0,0.0,0.0
B_fixed_q65,2025-09-23,2025-09-23,87,2025-09-23 14:30:00,2025-09-23 14:40:00,1.0906,6217.1274,5393.4146,6261.2286,6154.0582,17.861733333333326,-4.896333333333246,12.96540000000008,0.65,0.65,28,,0.0,0.0,137.2854666666667,0.0,0.0,10605.424628148152,10452.885220740744,10785.594,0.0,0.0
B_fixed_q65,2025-09-23,2025-09-23,88,2025-09-23 14:40:00,2025-09-23 14:50:00,0.9376,6206.2876,4990.8009,6234.7935,5864.7952,61.666383333333364,-9.628383333333346,52.03800000000002,0.65,0.65,28,,0.0,0.0,202.58111666666656,0.0,0.0,10452.885220740744,10227.795091111115,10727.774,0.0,0.0
B_fixed_q65,2025-09-23,2025-09-23,89,2025-09-23 14:50:00,2025-09-23 15:00:00,0.6694,6262.68,4761.6375,6185.32,5565.3375,103.33041666666668,26.505416666666633,129.8358333333333,0.65,0.65,28,,129.8358333333333,0.0,120.33791666666676,0.0,0.0,10227.795091111115,10094.086294814819,10727.774,86.91210683333333,0.0
B_fixed_q65,2025-09-23,2025-09-23,90,2025-09-23 15:00:00,2025-09-23 15:10:00,0.66,6377.3851,4842.082,6148.1901,5276.6779,145.25203333333334,12.961350000000039,158.21338333333338,0.65,0.65,28,,238.4644944444451,0.0,17.419355555554887,0.0,0.0,10094.086294814819,10074.731455308647,10800.0,157.38656633333377,0.0
B_fixed_q65,2025-09-23,2025-09-23,91,2025-09-23 15:10:00,2025-09-23 15:20:00,0.7217,6461.0017,4734.2965,6373.9324,4931.1252,240.46786666666654,23.807900000000103,264.27576666666664,0.65,0.65,28,,264.27576666666664,0.0,23.508433333333244,0.0,0.0,10074.731455308647,10048.610973827166,10800.0,190.72782080333332,0.0
B_fixed_q65,2025-09-23,2025-09-23,92,2025-09-23 15:20:00,2025-09-23 15:30:00,0.7308,6382.45,4417.2375,6665.78,4525.725,356.67583333333323,32.1133333333332,388.78916666666646,0.65,0.65,28,,388.78916666666646,61.253749999999854,0.0,0.0,0.0,10048.610973827166,10103.739348827166,10800.0,284.12712299999987,0.0
B_fixed_q65,2025-09-23,2025-09-23,93,2025-09-23 15:30:00,2025-09-23 15:40:00,0.7534,6120.1976,4306.354,6522.3391,4126.3129,399.33770000000004,13.68395000000001,413.02165,0.65,0.65,28,,413.02165,110.71438333333333,0.0,0.0,0.0,10103.739348827166,10203.382293827166,10800.0,311.17051111,0.0
B_fixed_q65,2025-09-23,2025-09-23,94,2025-09-23 15:40:00,2025-09-23 15:50:00,0.7823,6153.6297,4035.9346,6227.3075,3727.669,416.60641666666663,17.13650000000007,433.7429166666667,0.65,0.65,28,,433.7429166666667,80.79373333333331,0.0,0.0,0.0,10203.382293827166,10276.096653827166,10800.0,339.31708370833337,0.0
B_fixed_q65,2025-09-23,2025-09-23,95,2025-09-23 15:50:00,2025-09-23 16:00:00,0.8055,6505.17,3543.675,6173.39,3392.3625,463.50458333333336,12.479166666666629,475.98375,0.65,0.65,28,,475.98375,0.0,17.598749999999995,0.0,0.0,10276.096653827166,10256.5424871605,10800.0,383.404910625,0.0
B_fixed_q65,2025-09-23,2025-09-23,96,2025-09-23 16:00:00,2025-09-23 16:10:00,0.8271,6704.9712,3168.3753,6477.1231,3188.7577,548.0609,18.70378333333329,566.7646833333332,0.65,0.65,28,,566.7646833333332,0.0,22.667966666666757,0.0,0.0,10256.5424871605,10231.355857530869,10800.0,468.77106958499985,0.0
B_fixed_q65,2025-09-23,2025-09-23,97,2025-09-23 16:10:00,2025-09-23 16:20:00,0.8519,6651.3841,2836.5022,6552.0795,2876.8086,612.5451499999999,11.850033333333272,624.3951833333332,0.65,0.65,28,,624.3951833333332,0.0,11.418466666666859,0.0,0.0,10231.355857530869,10218.668672345684,10800.0,531.9222566816666,0.0
B_fixed_q65,2025-09-23,2025-09-23,98,2025-09-23 16:20:00,2025-09-23 16:30:00,0.8791,6512.95,2503.5375,6332.94,2467.5375,644.2337499999999,-5.008749999999964,639.2249999999999,0.65,0.65,28,,639.2249999999999,0.0,29.010416666666742,0.0,0.0,10218.668672345684,10186.434876049389,10800.0,561.9426974999999,0.0
B_fixed_q65,2025-09-23,2025-09-23,99,2025-09-23 16:30:00,2025-09-23 16:40:00,0.9024,6516.7553,2218.6701,6320.4369,2200.0679,686.7281666666665,6.07140000000004,692.7995666666666,0.65,0.65,28,,692.7995666666666,0.0,23.54796666666664,0.0,0.0,10186.434876049389,10160.270468641982,10800.0,625.18232896,0.0
B_fixed_q65,2025-09-23,2025-09-23,100,2025-09-23 16:40:00,2025-09-23 16:50:00,0.9163,6452.5286,1863.5925,6492.3208,1918.0586,762.3770333333333,27.249833333333413,789.6268666666667,0.65,0.65,28,,789.6268666666667,24.804183333333413,0.0,0.0,0.0,10160.270468641982,10182.594233641981,10800.0,723.5350979266667,0.0
B_fixed_q65,2025-09-23,2025-09-23,101,2025-09-23 16:50:00,2025-09-23 17:00:00,0.9264,6349.71,1465.3875,6599.87,1558.65,840.2033333333331,25.647916666666788,865.8512499999999,0.65,0.65,28,,865.8512499999999,51.7974999999999,0.0,0.0,0.0,10182.594233641981,10229.21198364198,10800.0,802.124598,0.0
B_fixed_q65,2025-09-23,2025-09-23,102,2025-09-23 17:00:00,2025-09-23 17:10:00,0.9462,6441.2731,1178.7512,6444.2201,1230.6499,868.9283666666666,-0.7573833333333369,868.1709833333333,0.65,0.65,28,,868.1709833333334,0.0,8.91599999999994,0.0,0.0,10229.21198364198,10219.305316975315,10800.0,821.4633844300001,0.0
B_fixed_q65,2025-09-23,2025-09-23,103,2025-09-23 17:10:00,2025-09-23 17:20:00,0.9742,6397.9351,917.9154,6365.2663,945.4844,903.2969833333333,13.294683333333296,916.5916666666666,0.65,0.65,28,,916.5916666666667,3.2550500000000966,0.0,0.0,0.0,10219.305316975315,10222.234861975316,10800.0,892.9436016666666,0.0
B_fixed_q65,2025-09-23,2025-09-23,104,2025-09-23 17:20:00,2025-09-23 17:30:00,0.9862,6368.49,630.1875,6543.08,683.6625,976.5695833333332,14.019166666666479,990.5887499999997,0.65,0.65,28,,990.5887499999997,34.2049999999997,0.0,0.0,0.0,10222.234861975316,10253.019361975315,10800.0,976.9186252499996,0.0
B_fixed_q65,2025-09-23,2025-09-23,105,2025-09-23 17:30:00,2025-09-23 17:40:00,0.976,6667.634,356.458,6702.631,425.9356,1046.1159,5.5220833333333985,1051.6379833333335,0.65,0.65,28,,1051.6379833333335,0.0,0.2246833333331324,0.0,0.0,10253.019361975315,10252.769713827167,10800.0,1026.3986717333335,0.0
B_fixed_q65,2025-09-23,2025-09-23,106,2025-09-23 17:40:00,2025-09-23 17:50:00,1.0742,5886.4358,131.4439,5992.5794,174.4761,969.6838833333333,0.1465499999999338,969.8304333333332,0.65,0.65,28,,969.8304333333332,10.665116666666563,0.0,0.0,0.0,10252.769713827167,10262.368318827166,10800.0,1041.7918514866665,0.0
B_fixed_q65,2025-09-23,2025-09-23,107,2025-09-23 17:50:00,2025-09-23 18:00:00,1.2313,4515.87,0.0,4835.08,0.0,805.8466666666666,-8.817499999999882,797.0291666666667,0.65,0.65,28,,797.0291666666667,44.384166666666715,0.0,0.0,0.0,10262.368318827166,10302.314068827167,10800.0,981.3820129166668,0.0
B_fixed_q65,2025-09-23,2025-09-23,108,2025-09-23 18:00:00,2025-09-23 18:10:00,1.2561,4585.9791,0.0,4585.0492,0.0,764.1748666666667,-7.922899999999913,756.2519666666668,0.65,0.65,28,,756.2519666666668,0.0,8.077883333333034,0.0,0.0,10302.314068827167,10293.33864290124,10800.0,949.9280953300001,0.0
B_fixed_q65,2025-09-23,2025-09-23,109,2025-09-23 18:10:00,2025-09-23 18:20:00,1.2447,4985.787,4.4234,4700.096,6.1848,782.3185333333332,-5.415199999999913,776.9033333333333,0.65,0.65,28,,776.9033333333333,0.0,53.32393333333346,0.0,0.0,10293.33864290124,10234.089828086426,10800.0,967.0115789999999,0.0
B_fixed_q65,2025-09-23,2025-09-23,110,2025-09-23 18:20:00,2025-09-23 18:30:00,1.2545,5006.5,0.0,4806.54,0.0,801.0899999999999,6.743333333333339,807.8333333333333,0.65,0.65,28,,807.8333333333333,0.0,26.58333333333337,0.0,0.0,10234.089828086426,10204.55279104939,10800.0,1013.4269166666666,0.0
B_fixed_q65,2025-09-23,2025-09-23,111,2025-09-23 18:30:00,2025-09-23 18:40:00,1.2522,5016.9579,0.0,5029.1871,0.0,838.19785,3.6290166666666437,841.8268666666667,0.65,0.65,28,,841.8268666666668,5.667216666666718,0.0,0.0,0.0,10204.55279104939,10209.65328604939,10800.0,1054.1356024400002,0.0
B_fixed_q65,2025-09-23,2025-09-23,112,2025-09-23 18:40:00,2025-09-23 18:50:00,1.2881,4862.5058,0.3176,4889.8514,0.444,814.9012333333332,-8.507799999999861,806.3934333333333,0.65,0.65,28,,806.3934333333333,0.0,3.9712666666665655,0.0,0.0,10209.65328604939,10205.240767530871,10800.0,1038.7153814766666,0.0
B_fixed_q65,2025-09-23,2025-09-23,113,2025-09-23 18:50:00,2025-09-23 19:00:00,1.3466,4664.56,0.0,4602.8,0.0,767.1333333333333,-14.825000000000045,752.3083333333333,0.65,0.65,28,,0.0,0.0,777.4266666666667,0.0,0.0,10205.240767530871,9341.433360123465,9964.101851851852,0.0,0.0
B_fixed_q65,2025-09-23,2025-09-23,114,2025-09-23 19:00:00,2025-09-23 19:10:00,1.3523,4794.5933,0.0,4878.9151,0.0,813.1525166666667,15.476599999999962,828.6291166666666,0.65,0.65,28,,0.0,0.0,799.0988833333333,0.0,0.0,9341.433360123465,8453.545711975317,9043.402833333334,0.0,0.0
B_fixed_q65,2025-09-23,2025-09-23,115,2025-09-23 19:10:00,2025-09-23 19:20:00,1.3445,4953.598,0.0228,5049.4296,0.0319,841.5662833333333,2.713166666666666,844.27945,0.65,0.65,28,,10.94611666666674,0.0,814.6497499999999,0.0,0.0,8453.545711975317,7548.3793230864285,8117.476907407407,14.717053858333431,0.0
B_fixed_q65,2025-09-23,2025-09-23,116,2025-09-23 19:20:00,2025-09-23 19:30:00,1.3483,4906.9,0.0,4902.19,0.0,817.0316666666665,1.3466666666665787,818.3783333333331,0.65,0.65,28,,0.0,0.0,817.8166666666666,0.0,0.0,7548.3793230864285,6639.694137901243,7208.167648148148,0.0,0.0
B_fixed_q65,2025-09-23,2025-09-23,117,2025-09-23 19:30:00,2025-09-23 19:40:00,1.349,4721.0181,0.0,4891.8419,0.0,815.3069833333334,-9.679250000000025,805.6277333333334,0.65,0.65,28,,0.0,0.0,786.83635,0.0,0.0,6639.694137901243,5765.431526790132,6313.025722222223,0.0,0.0
B_fixed_q65,2025-09-23,2025-09-23,118,2025-09-23 19:40:00,2025-09-23 19:50:00,1.3473,4705.315,0.0016,4903.2757,0.0023,817.2122333333333,-8.384116666666728,808.8281166666666,0.65,0.65,28,,0.0,0.0,784.2189,0.0,0.0,5765.431526790132,4894.077193456798,5414.327814814816,0.0,0.0
B_fixed_q65,2025-09-23,2025-09-23,119,2025-09-23 19:50:00,2025-09-23 20:00:00,1.3482,4871.47,0.0,4818.68,0.0,803.1133333333333,-0.9516666666667106,802.1616666666666,0.65,0.65,28,,0.0,0.0,811.9116666666666,0.0,0.0,4894.077193456798,3991.9531193827243,4523.037074074075,0.0,0.0
B_fixed_q65,2025-09-23,2025-09-23,120,2025-09-23 20:00:00,2025-09-23 20:10:00,1.3513,4963.0687,0.0,4696.702,0.0,782.7836666666667,7.582533333333231,790.3661999999999,0.65,0.65,28,,0.0,0.0,827.1781166666666,0.0,0.0,3991.9531193827243,3072.866323086428,3644.852407407408,0.0,0.0
B_fixed_q65,2025-09-23,2025-09-23,121,2025-09-23 20:10:00,2025-09-23 20:20:00,1.34,5061.4062,0.0,4700.0445,0.0,783.34075,-5.809849999999869,777.5309000000001,0.65,0.65,28,,216.26373333333333,0.0,627.3039666666667,0.0,0.0,3072.866323086428,2375.8619156790205,3021.2222222222226,289.7934026666667,0.0
B_fixed_q65,2025-09-23,2025-09-23,122,2025-09-23 20:20:00,2025-09-23 20:30:00,1.3489,5038.25,0.0,4852.22,0.0,808.7033333333334,-2.9366666666666106,805.7666666666668,0.65,0.65,28,,0.0,0.0,833.3333333333333,6.375,0.0,2375.8619156790205,1449.9359897530946,2125.925925925926,0.0,42.9961875
B_fixed_q65,2025-09-23,2025-09-23,123,2025-09-23 20:30:00,2025-09-23 20:40:00,1.3952,4709.3717,0.0,4995.945,0.0,832.6574999999999,11.788933333333262,844.4464333333332,0.65,0.65,28,,11.113099999999918,0.0,224.9423907777852,548.8397925555482,0.0,1449.9359897530946,1200.0,1200.0,15.504997119999885,3828.7063928675043
B_fixed_q65,2025-09-23,2025-09-23,124,2025-09-23 20:40:00,2025-09-23 20:50:00,1.2226,4809.9708,0.0,4921.7777,0.0,820.2962833333332,7.542749999999955,827.8390333333332,0.65,0.65,28,,827.8390333333332,26.17723333333322,0.0,0.0,0.0,1200.0,1223.5595099999998,1200.0,1012.116002153333,0.0
B_fixed_q65,2025-09-23,2025-09-23,125,2025-09-23 20:50:00,2025-09-23 21:00:00,0.9332,5215.3,0.0,4789.94,0.0,798.3233333333333,-2.230000000000018,796.0933333333332,0.65,0.65,28,,796.0933333333332,0.0,21.20355899999984,51.919774333333606,0.0,1223.5595099999998,1200.0,1200.0,742.9142986666666,242.25766703933465
B_fixed_q65,2025-09-23,2025-09-23,126,2025-09-23 21:00:00,2025-09-23 21:10:00,0.9068,5055.1463,0.0,4921.2572,0.0,820.2095333333333,2.3783333333333303,822.5878666666666,0.65,0.65,28,,822.5878666666667,0.0,0.0,19.93651666666665,0.0,1200.0,1200.0,1200.0,745.9226774933335,90.39216656666659
B_fixed_q65,2025-09-23,2025-09-23,127,2025-09-23 21:10:00,2025-09-23 21:20:00,0.9371,4827.5711,0.0,4795.1606,0.0,799.1934333333334,-6.926099999999906,792.2673333333335,0.65,0.65,28,,792.2673333333335,0.0,0.0,12.327849999999899,0.0,1200.0,1200.0,1200.0,742.4337180666669,57.76214117499953
B_fixed_q65,2025-09-23,2025-09-23,128,2025-09-23 21:20:00,2025-09-23 21:30:00,0.9371,4880.29,0.0,4582.3,0.0,763.7166666666667,-3.424999999999841,760.2916666666669,0.65,0.65,28,,760.291666666667,0.0,0.0,53.08999999999969,0.0,1200.0,1200.0,1200.0,712.4693208333337,248.75319499999856
B_fixed_q65,2025-09-23,2025-09-23,129,2025-09-23 21:30:00,2025-09-23 21:40:00,0.9871,4979.2148,0.0,4908.0858,0.0,818.0142999999999,11.69545000000005,829.70975,0.65,0.65,28,,829.70975,0.0,0.0,0.15938333333326682,0.0,1200.0,1200.0,1200.0,819.006494225,0.7866364416663384
B_fixed_q65,2025-09-23,2025-09-23,130,2025-09-23 21:40:00,2025-09-23 21:50:00,0.7764,4609.119,0.0,4661.9285,0.0,776.9880833333333,17.93915000000004,794.9272333333333,0.65,0.65,28,,794.9272333333333,26.740733333333424,0.0,0.0,0.0,1200.0,1224.0666600000002,1200.0,617.18150396,0.0
B_fixed_q65,2025-09-23,2025-09-23,131,2025-09-23 21:50:00,2025-09-23 22:00:00,0.4209,3835.46,0.0,3835.63,0.0,639.2716666666666,2.441666666666606,641.7133333333333,0.65,0.65,28,,1475.0466666666666,833.3333333333333,0.0,0.0,2.4700000000000273,1224.0666600000002,1974.0666600000002,1950.0,620.847142,0.0
B_fixed_q65,2025-09-23,2025-09-23,132,2025-09-23 22:00:00,2025-09-23 22:10:00,0.3859,3320.6494,0.0,3598.3753,0.0,599.7292166666666,-9.722783333333268,590.0064333333333,0.65,0.65,28,,1423.3397666666665,833.3333333333333,0.0,0.0,36.5648666666666,1974.0666600000002,2724.0666600000004,2700.0,549.2668159566666,0.0
B_fixed_q65,2025-09-23,2025-09-23,133,2025-09-23 22:10:00,2025-09-23 22:20:00,0.4368,3496.0714,0.0,3658.3589,0.0,609.7264833333334,-16.422833333333358,593.3036500000001,0.65,0.65,28,,593.3036500000001,10.625083333333464,0.0,0.0,0.0,2724.0666600000004,2733.6292350000003,2700.0,259.15503432,0.0
B_fixed_q65,2025-09-23,2025-09-23,134,2025-09-23 22:20:00,2025-09-23 22:30:00,0.4198,3883.24,0.0,3679.49,0.0,613.2483333333332,-7.063333333333276,606.185,0.65,0.65,28,,1439.5183333333332,792.3116666666666,0.0,0.0,0.0,2733.6292350000003,3446.7097350000004,3450.0,604.3097963333333,0.0
B_fixed_q65,2025-09-23,2025-09-23,135,2025-09-23 22:30:00,2025-09-23 22:40:00,0.4186,3580.1991,0.0,3675.7073,0.0,612.6178833333333,-5.340050000000019,607.2778333333333,0.65,0.65,28,,1440.6111666666666,833.3333333333333,0.0,0.0,10.57798333333335,3446.7097350000004,4196.709735,4200.0,603.0398343666667,0.0
B_fixed_q65,2025-09-23,2025-09-23,136,2025-09-23 22:40:00,2025-09-23 22:50:00,0.4241,3332.1137,0.0,3704.1898,0.0,617.3649666666666,11.201983333333374,628.56695,0.65,0.65,28,,1461.9002833333334,833.3333333333333,0.0,0.0,73.21466666666686,4196.709735,4946.709735,4950.0,619.9919101616666,0.0
B_fixed_q65,2025-09-23,2025-09-23,137,2025-09-23 22:50:00,2025-09-23 23:00:00,0.4237,3416.1,0.0,3714.13,0.0,619.0216666666666,8.508333333333212,627.5299999999999,0.65,0.65,28,,1460.8633333333332,833.3333333333333,0.0,0.0,58.180000000000064,4946.709735,5696.709735,5700.0,618.9677943333334,0.0
B_fixed_q65,2025-09-23,2025-09-23,138,2025-09-23 23:00:00,2025-09-23 23:10:00,0.4248,3387.9352,0.0,3626.4469,0.0,604.4078166666666,-14.981899999999996,589.4259166666666,0.65,0.65,28,,1422.7592499999998,833.3333333333333,0.0,0.0,24.77004999999997,5696.709735,6446.709735,6450.0,604.3881293999999,0.0
B_fixed_q65,2025-09-23,2025-09-23,139,2025-09-23 23:10:00,2025-09-23 23:20:00,0.424,3459.0094,0.0,3690.0841,0.0,615.0140166666666,-12.685583333333398,602.3284333333332,0.65,0.65,28,,1435.6617666666666,833.3333333333333,0.0,0.0,25.826866666666774,6446.709735,7196.709735,7200.0,608.7205890666667,0.0
B_fixed_q65,2025-09-23,2025-09-23,140,2025-09-23 23:20:00,2025-09-23 23:30:00,0.422,3661.95,0.0,3800.23,0.0,633.3716666666667,10.411666666666633,643.7833333333333,0.65,0.65,28,,1477.1166666666666,833.3333333333333,0.0,0.0,33.45833333333337,7196.709735,7946.709735,7950.0,623.3432333333333,0.0
B_fixed_q65,2025-09-23,2025-09-23,141,2025-09-23 23:30:00,2025-09-23 23:40:00,0.424,3702.4038,0.0,3632.9661,0.0,605.4943499999999,-7.708550000000059,597.7857999999999,0.65,0.65,28,,1431.1191333333331,814.0518333333332,0.0,0.0,0.0,7946.709735,8679.356385000001,8700.0,606.7945125333332,0.0
B_fixed_q65,2025-09-23,2025-09-23,142,2025-09-23 23:40:00,2025-09-23 23:50:00,0.4271,3409.7885,0.0,3700.6194,0.0,616.7699,-5.7867833333333465,610.9831166666667,0.65,0.65,28,,1444.3164499999998,833.3333333333333,0.0,0.0,42.685033333333195,8679.356385000001,9429.356385000001,9450.0,616.8675557949999,0.0
B_fixed_q65,2025-09-23,2025-09-23,143,2025-09-23 23:50:00,2025-09-24 00:00:00,0.4276,3147.61,0.0,3923.31,0.0,653.885,-2.9483333333332666,650.9366666666667,0.65,0.65,28,,1066.3934115226334,541.7917448559667,0.0,0.0,0.0,9429.356385000001,9916.96895537037,9823.91107037037,455.989822767078,0.0
B_fixed_q65,2025-12-21,2025-12-21,0,2025-12-21 00:00:00,2025-12-21 00:10:00,0.4248,3576.1063,0.0,3556.1474,0.0,592.6912333333332,14.572033333333366,607.2632666666666,0.65,0.65,28,,607.2632666666668,0.0,0.0,0.0,11.245550000000208,10800.0,10800.0,10800.0,257.9654356800001,0.0
B_fixed_q65,2025-12-21,2025-12-21,1,2025-12-21 00:10:00,2025-12-21 00:20:00,0.4245,3537.871,0.0,3367.4634,0.0,561.2438999999999,19.944416666666598,581.1883166666665,0.65,0.65,28,,581.1883166666665,0.0,8.456850000000145,0.0,0.0,10800.0,10790.6035,10800.0,246.71444042499994,0.0
B_fixed_q65,2025-12-21,2025-12-21,2,2025-12-21 00:20:00,2025-12-21 00:30:00,0.4269,3472.1,0.0,3429.29,0.0,571.5483333333333,19.379999999999995,590.9283333333333,0.65,0.65,28,,590.9283333333333,10.44055555555638,0.0,0.0,1.8044444444436252,10790.6035,10800.0,10800.0,252.2673055,0.0
B_fixed_q65,2025-12-21,2025-12-21,3,2025-12-21 00:30:00,2025-12-21 00:40:00,0.4272,3388.2602,0.0,3676.387,0.0,612.7311666666667,26.17180000000002,638.9029666666668,0.65,0.65,28,,638.9029666666668,0.0,0.0,0.0,74.19293333333349,10800.0,10800.0,10800.0,272.93934736000006,0.0
B_fixed_q65,2025-12-21,2025-12-21,4,2025-12-21 00:40:00,2025-12-21 00:50:00,0.4271,3299.4233,0.0,3757.6546,0.0,626.2757666666666,26.13425000000001,652.4100166666667,0.65,0.65,28,,652.4100166666667,0.0,0.0,0.0,102.50613333333342,10800.0,10800.0,10800.0,278.64431811833333,0.0
B_fixed_q65,2025-12-21,2025-12-21,5,2025-12-21 00:50:00,2025-12-21 01:00:00,0.4285,3349.26,0.0,3650.77,0.0,608.4616666666666,14.07666666666671,622.5383333333333,0.65,0.65,28,,622.5383333333333,0.0,0.0,0.0,64.32833333333326,10800.0,10800.0,10800.0,266.75767583333334,0.0
B_fixed_q65,2025-12-21,2025-12-21,6,2025-12-21 01:00:00,2025-12-21 01:10:00,0.4311,3662.0911,0.0,3636.1785,0.0,606.0297499999999,17.12869999999998,623.1584499999999,0.65,0.65,28,,623.1584499999999,0.0,0.0,0.0,12.80993333333322,10800.0,10800.0,10800.0,268.6436077949999,0.0
B_fixed_q65,2025-12-21,2025-12-21,7,2025-12-21 01:10:00,2025-12-21 01:20:00,0.4302,3799.4157,0.0,3630.4656,0.0,605.0776,19.204733333333365,624.2823333333333,0.65,0.65,28,,624.2823333333333,0.0,8.953616666666676,0.0,0.0,10800.0,10790.051537037038,10800.0,268.5662598,0.0
B_fixed_q65,2025-12-21,2025-12-21,8,2025-12-21 01:20:00,2025-12-21 01:30:00,0.4279,3736.18,0.0,3593.03,0.0,598.8383333333334,39.73333333333335,638.5716666666667,0.65,0.65,28,,638.5716666666667,11.053847736624851,0.0,0.0,4.821152263375263,10790.051537037038,10800.0,10800.0,273.2448161666667,0.0
B_fixed_q65,2025-12-21,2025-12-21,9,2025-12-21 01:30:00,2025-12-21 01:40:00,0.4312,3824.9356,0.0,3602.2286,0.0,600.3714333333332,23.309966666666696,623.6813999999999,0.65,0.65,28,,623.6813999999999,0.0,13.807866666666655,0.0,0.0,10800.0,10784.657925925925,10800.0,268.93141968,0.0
B_fixed_q65,2025-12-21,2025-12-21,10,2025-12-21 01:40:00,2025-12-21 01:50:00,0.4333,3734.208,0.0,3658.5023,0.0,609.7503833333333,24.80393333333336,634.5543166666666,0.65,0.65,28,,634.5543166666666,12.186316666666698,0.0,0.0,0.0,10784.657925925925,10795.625610925925,10800.0,274.9523854116667,0.0
B_fixed_q65,2025-12-21,2025-12-21,11,2025-12-21 01:50:00,2025-12-21 02:00:00,0.4311,3587.15,0.0,3712.62,0.0,618.77,39.63499999999999,658.405,0.65,0.65,28,,658.405,4.860432304528028,0.0,0.0,55.6862343621386,10795.625610925925,10800.0,10800.0,283.8383955,0.0
B_fixed_q65,2025-12-21,2025-12-21,12,2025-12-21 02:00:00,2025-12-21 02:10:00,0.4293,3856.4774,0.0,3725.8178,0.0,620.9696333333333,27.272400000000005,648.2420333333332,0.65,0.65,28,,648.2420333333332,0.0,0.0,0.0,5.495799999999917,10800.0,10800.0,10800.0,278.29030491,0.0
B_fixed_q65,2025-12-21,2025-12-21,13,2025-12-21 02:10:00,2025-12-21 02:20:00,0.4324,3923.2147,0.0,3808.8429,0.0,634.80715,23.831383333333292,658.6385333333333,0.65,0.65,28,,658.6385333333333,0.0,0.0,0.0,4.769416666666643,10800.0,10800.0,10800.0,284.7953018133333,0.0
B_fixed_q65,2025-12-21,2025-12-21,14,2025-12-21 02:20:00,2025-12-21 02:30:00,0.4367,3730.5,0.0,3949.55,0.0,658.2583333333333,23.148333333333426,681.4066666666668,0.65,0.65,28,,681.4066666666668,0.0,0.0,0.0,59.65666666666675,10800.0,10800.0,10800.0,297.57029133333333,0.0
B_fixed_q65,2025-12-21,2025-12-21,15,2025-12-21 02:30:00,2025-12-21 02:40:00,0.4348,3819.86,0.0,4008.5848,0.0,668.0974666666666,14.205266666666603,682.3027333333332,0.65,0.65,28,,682.3027333333332,0.0,0.0,0.0,45.65939999999989,10800.0,10800.0,10800.0,296.66522845333327,0.0
B_fixed_q65,2025-12-21,2025-12-21,16,2025-12-21 02:40:00,2025-12-21 02:50:00,0.4335,3791.4644,0.0,3980.4251,0.0,663.4041833333333,24.722966666666593,688.1271499999999,0.65,0.65,28,,688.1271499999999,0.0,0.0,0.0,56.216416666666646,10800.0,10800.0,10800.0,298.30311952499994,0.0
B_fixed_q65,2025-12-21,2025-12-21,17,2025-12-21 02:50:00,2025-12-21 03:00:00,0.4357,3751.73,0.0,3902.28,0.0,650.38,23.656666666666638,674.0366666666666,0.65,0.65,28,,674.0366666666666,0.0,0.0,0.0,48.748333333333335,10800.0,10800.0,10800.0,293.67777566666666,0.0
B_fixed_q65,2025-12-21,2025-12-21,18,2025-12-21 03:00:00,2025-12-21 03:10:00,0.4374,4180.5461,0.0,3841.0019,0.0,640.1669833333333,15.23090000000002,655.3978833333333,0.65,0.65,28,,655.3978833333333,0.0,41.35979999999995,0.0,0.0,10800.0,10754.044666666667,10800.0,286.67103417,0.0
B_fixed_q65,2025-12-21,2025-12-21,19,2025-12-21 03:10:00,2025-12-21 03:20:00,0.4371,4115.3327,0.0,3938.1938,0.0,656.3656333333333,20.323766666666643,676.6894,0.65,0.65,28,,676.6894,0.0,9.199383333333344,0.0,0.0,10754.044666666667,10743.823129629629,10800.0,295.78093673999996,0.0
B_fixed_q65,2025-12-21,2025-12-21,20,2025-12-21 03:20:00,2025-12-21 03:30:00,0.4356,3748.74,0.0,4040.34,0.0,673.39,25.64166666666665,699.0316666666666,0.65,0.65,28,,699.0316666666668,62.418744855967816,0.0,0.0,11.822921810698972,10743.823129629629,10800.0,10800.0,304.498194,0.0
B_fixed_q65,2025-12-21,2025-12-21,21,2025-12-21 03:30:00,2025-12-21 03:40:00,0.4353,4220.4858,0.0,3859.3277,0.0,643.2212833333333,15.127533333333417,658.3488166666667,0.65,0.65,28,,658.3488166666667,0.0,45.065483333333304,0.0,0.0,10800.0,10749.92724074074,10800.0,286.57923989500006,0.0
B_fixed_q65,2025-12-21,2025-12-21,22,2025-12-21 03:40:00,2025-12-21 03:50:00,0.436,4423.9257,0.0,3801.431,0.0,633.5718333333333,29.131650000000036,662.7034833333333,0.65,0.65,28,,662.7034833333333,0.0,74.61746666666659,0.0,0.0,10749.92724074074,10667.018944444444,10800.0,288.93871873333336,0.0
B_fixed_q65,2025-12-21,2025-12-21,23,2025-12-21 03:50:00,2025-12-21 04:00:00,0.4378,4079.15,0.0,3946.69,0.0,657.7816666666666,49.1516666666667,706.9333333333334,0.65,0.65,28,,706.9333333333334,27.075000000000045,0.0,0.0,0.0,10667.018944444444,10691.386444444444,10800.0,309.4954133333334,0.0
B_fixed_q65,2025-12-21,2025-12-21,24,2025-12-21 04:00:00,2025-12-21 04:10:00,0.4401,4038.9424,0.0,3984.0426,0.0,664.0071,23.09445000000005,687.1015500000001,0.65,0.65,28,,687.1015500000001,13.944483333333437,0.0,0.0,0.0,10691.386444444444,10703.936479444445,10800.0,302.393392155,0.0
B_fixed_q65,2025-12-21,2025-12-21,25,2025-12-21 04:10:00,2025-12-21 04:20:00,0.4389,4082.3954,0.0,4043.9085,0.0,673.98475,28.554016666666598,702.5387666666666,0.65,0.65,28,,702.5387666666666,22.139533333333247,0.0,0.0,0.0,10703.936479444445,10723.862059444444,10800.0,308.34426469,0.0
B_fixed_q65,2025-12-21,2025-12-21,26,2025-12-21 04:20:00,2025-12-21 04:30:00,0.4364,4064.87,0.0,4208.34,0.0,701.39,36.54666666666668,737.9366666666667,0.65,0.65,28,,737.9366666666667,60.458333333333485,0.0,0.0,0.0,10723.862059444444,10778.274559444444,10800.0,322.03556133333336,0.0
B_fixed_q65,2025-12-21,2025-12-21,27,2025-12-21 04:30:00,2025-12-21 04:40:00,0.4393,4121.8784,0.0,4361.7707,0.0,726.9617833333333,31.81009999999992,758.7718833333332,0.65,0.65,28,,758.7718833333333,24.139378395062117,0.0,0.0,47.65277160493799,10778.274559444444,10800.0,10800.0,333.32848834833334,0.0
B_fixed_q65,2025-12-21,2025-12-21,28,2025-12-21 04:40:00,2025-12-21 04:50:00,0.4422,4083.6154,0.0,4272.1393,0.0,712.0232166666666,16.46923333333325,728.4924499999998,0.65,0.65,28,,728.4924499999998,0.0,0.0,0.0,47.88988333333316,10800.0,10800.0,10800.0,322.1393613899999,0.0
B_fixed_q65,2025-12-21,2025-12-21,29,2025-12-21 04:50:00,2025-12-21 05:00:00,0.4395,4032.31,0.0,4064.68,0.0,677.4466666666666,38.35500000000002,715.8016666666666,0.65,0.65,28,,715.8016666666667,0.0,0.0,0.0,43.750000000000114,10800.0,10800.0,10800.0,314.59483250000005,0.0
B_fixed_q65,2025-12-21,2025-12-21,30,2025-12-21 05:00:00,2025-12-21 05:10:00,0.4333,4217.9422,0.0023,4095.3383,0.002,682.5560499999999,23.633083333333275,706.1891333333332,0.65,0.65,28,,706.1891333333333,0.0,0.0,0.0,3.199149999999918,10800.0,10800.0,10800.0,305.99175147333335,0.0
B_fixed_q65,2025-12-21,2025-12-21,31,2025-12-21 05:10:00,2025-12-21 05:20:00,0.4439,4253.2484,0.0,4118.0415,0.0,686.34025,25.635883333333368,711.9761333333333,0.65,0.65,28,,711.9761333333333,0.0,0.0,0.0,3.1014000000000124,10800.0,10800.0,10800.0,316.0462055866667,0.0
B_fixed_q65,2025-12-21,2025-12-21,32,2025-12-21 05:20:00,2025-12-21 05:30:00,0.4301,4066.58,0.0,4041.16,0.0,673.5266666666666,38.183333333333394,711.71,0.65,0.65,28,,711.71,0.0,0.0,0.0,33.946666666666715,10800.0,10800.0,10800.0,306.106471,0.0
B_fixed_q65,2025-12-21,2025-12-21,33,2025-12-21 05:30:00,2025-12-21 05:40:00,0.3713,4077.7781,0.0316,4101.2526,0.0285,683.5373499999998,35.64148333333344,719.1788333333333,0.65,0.65,28,,719.1788333333334,0.0,0.0,0.0,39.554416666666725,10800.0,10800.0,10800.0,267.0311008166667,0.0
B_fixed_q65,2025-12-21,2025-12-21,34,2025-12-21 05:40:00,2025-12-21 05:50:00,0.5708,4717.7146,0.0,4586.0753,0.0,764.3458833333334,20.103083333333302,784.4489666666667,0.65,0.65,28,,784.4489666666668,0.0,1.836799999999812,0.0,0.0,10800.0,10797.959111111111,10800.0,447.7634701733334,0.0
B_fixed_q65,2025-12-21,2025-12-21,35,2025-12-21 05:50:00,2025-12-21 06:00:00,0.9099,5490.65,0.0,5227.27,0.0,871.2116666666667,34.721666666666636,905.9333333333334,0.65,0.65,28,,905.9333333333334,0.0,9.17499999999984,0.0,0.0,10797.959111111111,10787.764666666668,10800.0,824.3087400000001,0.0
B_fixed_q65,2025-12-21,2025-12-21,36,2025-12-21 06:00:00,2025-12-21 06:10:00,0.9368,5439.318,0.4406,5402.0967,0.3963,900.2833999999999,47.31128333333345,947.5946833333334,0.65,0.65,28,,272.59468333333336,0.0,633.8848833333333,0.0,0.0,10787.764666666668,10083.44812962963,10050.0,255.36669934666668,0.0
B_fixed_q65,2025-12-21,2025-12-21,37,2025-12-21 06:10:00,2025-12-21 06:20:00,0.8758,5407.8325,0.0,5325.5478,0.0,887.5913,39.745099999999866,927.3363999999999,0.65,0.65,28,,927.3363999999999,26.03098333333321,0.0,0.0,0.0,10083.44812962963,10106.87601462963,10050.0,812.1612191199999,0.0
B_fixed_q65,2025-12-21,2025-12-21,38,2025-12-21 06:20:00,2025-12-21 06:30:00,0.8759,5587.05,0.0,5273.41,0.0,878.9016666666666,31.838333333333367,910.74,0.65,0.65,28,,910.74,0.0,20.434999999999945,0.0,0.0,10106.87601462963,10084.170459074074,10050.0,797.717166,0.0
B_fixed_q65,2025-12-21,2025-12-21,39,2025-12-21 06:30:00,2025-12-21 06:40:00,0.8601,5351.2866,6.1366,5332.3028,5.5202,887.7971,22.274633333333327,910.0717333333333,0.65,0.65,28,,910.0717333333333,19.21339999999998,0.0,0.0,0.0,10084.170459074074,10101.462519074073,10050.0,782.75269784,0.0
B_fixed_q65,2025-12-21,2025-12-21,40,2025-12-21 06:40:00,2025-12-21 06:50:00,0.8442,5233.249,0.0,5448.9625,0.0,908.1604166666666,45.09434999999985,953.2547666666665,0.65,0.65,28,,953.2547666666665,81.0465999999999,0.0,0.0,0.0,10101.462519074073,10174.404459074074,10050.0,804.7376740199998,0.0
B_fixed_q65,2025-12-21,2025-12-21,41,2025-12-21 06:50:00,2025-12-21 07:00:00,0.8334,5374.2,0.0,5477.09,0.0,912.8483333333334,29.660833333333358,942.5091666666667,0.65,0.65,28,,942.5091666666667,46.80916666666678,0.0,0.0,0.0,10174.404459074074,10216.532709074074,10050.0,785.4871395,0.0
B_fixed_q65,2025-12-21,2025-12-21,42,2025-12-21 07:00:00,2025-12-21 07:10:00,0.8092,5360.7841,172.6829,5311.6794,154.8087,859.4784500000001,25.155033333333336,884.6334833333334,0.65,0.65,28,,884.6334833333335,19.94995000000017,0.0,0.0,0.0,10216.532709074074,10234.487664074073,10050.0,715.8454147133335,0.0
B_fixed_q65,2025-12-21,2025-12-21,43,2025-12-21 07:10:00,2025-12-21 07:20:00,0.7972,5321.3096,420.0356,5235.8538,373.5954,810.3763999999999,44.82349999999997,855.1998999999998,0.65,0.65,28,,855.1998999999998,38.32089999999994,0.0,0.0,0.0,10234.487664074073,10268.976474074074,10050.0,681.7653602799999,0.0
B_fixed_q65,2025-12-21,2025-12-21,44,2025-12-21 07:20:00,2025-12-21 07:30:00,0.7644,5231.72,690.675,5263.95,606.525,776.2375,40.50083333333333,816.7383333333332,0.65,0.65,28,,816.7383333333332,59.89749999999992,0.0,0.0,0.0,10268.976474074074,10322.884224074074,10050.0,624.3147819999999,0.0
B_fixed_q65,2025-12-21,2025-12-21,45,2025-12-21 07:30:00,2025-12-21 07:40:00,0.6899,5065.8847,996.7377,5254.4509,867.132,731.2198166666667,41.53429999999992,772.7541166666666,0.65,0.65,28,,1606.08745,530.1286399176954,0.0,0.0,397.7676434156381,10322.884224074074,10800.0,10800.0,1108.0397317549998,0.0
B_fixed_q65,2025-12-21,2025-12-21,46,2025-12-21 07:40:00,2025-12-21 07:50:00,0.86,5889.1246,1276.7125,5860.266,1127.5925,788.7789166666666,47.90645000000018,836.6853666666668,0.65,0.65,28,,836.6853666666668,0.0,0.0,0.0,67.9500166666669,10800.0,10800.0,10800.0,719.5494153333335,0.0
B_fixed_q65,2025-12-21,2025-12-21,47,2025-12-21 07:50:00,2025-12-21 08:00:00,1.1617,7180.79,1539.8625,6843.61,1391.4,908.7016666666665,45.44,954.1416666666664,0.65,0.65,28,,120.80833333333317,0.0,819.34625,0.0,0.0,10800.0,9889.615277777777,9874.074074074075,140.34304083333313,0.0
B_fixed_q65,2025-12-21,2025-12-21,48,2025-12-21 08:00:00,2025-12-21 08:10:00,1.1683,7254.351,1860.1541,7193.4429,1682.7674,918.4459166666667,46.34978333333322,964.7956999999999,0.65,0.65,28,,131.46236666666664,0.0,767.5704499999999,0.0,0.0,9889.615277777777,9036.759222222221,8948.14814814815,153.58748297666662,0.0
B_fixed_q65,2025-12-21,2025-12-21,49,2025-12-21 08:10:00,2025-12-21 08:20:00,1.0956,7152.8955,2211.6206,7169.2307,1942.6551,871.0959333333333,36.12519999999995,907.2211333333332,0.65,0.65,28,,73.88779999999997,0.0,749.6580166666665,0.0,0.0,9036.759222222221,8203.80587037037,8022.2222222222235,80.95147367999996,0.0
B_fixed_q65,2025-12-21,2025-12-21,50,2025-12-21 08:20:00,2025-12-21 08:30:00,1.0849,7367.01,2579.625,7137.33,2176.275,826.8425,34.75041666666664,861.5929166666666,0.65,0.65,28,,28.259583333333353,0.0,769.6379166666667,0.0,0.0,8203.80587037037,7348.652629629629,7096.296296296297,30.658821958333355,0.0
B_fixed_q65,2025-12-21,2025-12-21,51,2025-12-21 08:30:00,2025-12-21 08:40:00,1.061,7333.1326,2953.1787,7192.1147,2447.0445,790.8450333333333,50.44290000000001,841.2879333333333,0.65,0.65,28,,7.954600000000028,0.0,722.0377166666667,0.0,0.0,7348.652629629629,6546.388499999999,6170.370370370371,8.439830600000029,0.0
B_fixed_q65,2025-12-21,2025-12-21,52,2025-12-21 08:40:00,2025-12-21 08:50:00,1.043,7276.0603,3195.6035,7234.7979,2711.8548,753.8238499999999,54.383566666666695,808.2074166666666,0.65,0.65,28,,0.0,0.0,680.0761333333332,0.0,0.0,6546.388499999999,5790.748351851851,5272.3621296296305,0.0,0.0
B_fixed_q65,2025-12-21,2025-12-21,53,2025-12-21 08:50:00,2025-12-21 09:00:00,1.036,7255.65,3341.5875,7206.45,2963.2125,707.2062499999998,45.19041666666658,752.3966666666664,0.65,0.65,28,,0.0,0.0,652.3437499999999,0.0,0.0,5790.748351851851,5065.921962962962,4436.365833333334,0.0,0.0
B_fixed_q65,2025-12-21,2025-12-21,54,2025-12-21 09:00:00,2025-12-21 09:10:00,1.0147,7076.8086,3572.7867,7154.2553,3236.2485,653.0011333333332,53.77805000000001,706.7791833333332,0.65,0.65,28,,0.0,0.0,584.00365,0.0,0.0,5065.921962962962,4417.029018518518,3651.055629629631,0.0,0.0
B_fixed_q65,2025-12-21,2025-12-21,55,2025-12-21 09:10:00,2025-12-21 09:20:00,0.9922,7014.1683,3848.0561,7197.8707,3485.5191,618.7252666666667,38.95163333333335,657.6769,0.65,0.65,28,,0.0,0.0,527.6853666666667,0.0,0.0,4417.029018518518,3830.7119444444434,2920.30351851852,0.0,0.0
B_fixed_q65,2025-12-21,2025-12-21,56,2025-12-21 09:20:00,2025-12-21 09:30:00,0.97,7150.59,4116.6,7265.28,3682.8375,597.0737499999999,34.004583333333244,631.0783333333331,0.65,0.65,28,,220.29644999999942,0.0,285.36855000000054,0.0,0.0,3830.7119444444434,3513.635777777776,2463.8792037037047,213.68755649999943,0.0
B_fixed_q65,2025-12-21,2025-12-21,57,2025-12-21 09:30:00,2025-12-21 09:40:00,0.9422,7259.4501,4370.6969,7159.0986,3870.6809,548.0696166666667,38.28163333333333,586.3512499999999,0.65,0.65,28,,586.3512499999999,104.89238333333327,0.0,0.0,0.0,3513.635777777776,3608.038922777776,2463.8792037037047,552.4601477499999,0.0
B_fixed_q65,2025-12-21,2025-12-21,58,2025-12-21 09:40:00,2025-12-21 09:50:00,0.9569,7142.682,4583.0793,7013.0091,4209.5459,467.2438666666667,35.67583333333323,502.9196999999999,0.65,0.65,28,,502.9196999999999,76.31925000000001,0.0,0.0,0.0,3608.038922777776,3676.726247777776,2463.8792037037047,481.2438609299999,0.0
B_fixed_q65,2025-12-21,2025-12-21,59,2025-12-21 09:50:00,2025-12-21 10:00:00,0.9977,6912.23,4750.3875,6980.68,4610.2125,395.07791666666674,61.709583333333434,456.7875000000002,0.65,0.65,28,,0.0,0.0,360.30708333333325,0.0,0.0,3676.726247777776,3276.385044074072,1956.3375370370377,0.0,0.0
B_fixed_q65,2025-12-21,2025-12-21,60,2025-12-21 10:00:00,2025-12-21 10:10:00,0.9919,6873.3728,4886.2111,7094.7959,4852.7288,373.67785000000003,52.29343333333358,425.97128333333364,0.65,0.65,28,,0.0,0.0,331.19361666666657,0.0,0.0,3276.385044074072,2908.3921366666646,1483.0361111111113,0.0,0.0
B_fixed_q65,2025-12-21,2025-12-21,61,2025-12-21 10:10:00,2025-12-21 10:20:00,0.9588,6913.1885,4956.6279,7168.5149,5281.359,314.5259833333333,39.121616666666796,353.64760000000007,0.65,0.65,28,,353.64760000000007,27.554166666666788,0.0,0.0,0.0,2908.3921366666646,2933.1908866666645,1483.0361111111113,339.07731888000006,0.0
B_fixed_q65,2025-12-21,2025-12-21,62,2025-12-21 10:20:00,2025-12-21 10:30:00,0.9549,6951.47,4960.7625,7054.17,5746.0125,218.02625000000003,60.40624999999994,278.4325,0.65,0.65,28,,278.4325,0.0,53.35208333333338,0.0,0.0,2933.1908866666645,2873.910794074072,1483.0361111111113,265.87519425,0.0
B_fixed_q65,2025-12-21,2025-12-21,63,2025-12-21 10:30:00,2025-12-21 10:40:00,0.9839,7040.6919,4946.2149,6816.159,5710.7585,184.2334166666666,70.49908333333345,254.73250000000007,0.65,0.65,28,,0.0,0.0,349.07949999999994,0.0,0.0,2873.910794074072,2486.044682962961,1200.0,0.0,0.0
B_fixed_q65,2025-12-21,2025-12-21,64,2025-12-21 10:40:00,2025-12-21 10:50:00,0.799,7195.1724,4968.8079,6956.2799,5630.2118,221.01135000000005,64.87460000000009,285.88595000000015,0.65,0.65,28,,285.88595000000015,0.0,85.17479999999995,0.0,0.0,2486.044682962961,2391.406016296294,1200.0,228.42287405000013,0.0
B_fixed_q65,2025-12-21,2025-12-21,65,2025-12-21 10:50:00,2025-12-21 11:00:00,0.5025,7266.62,4979.2125,7231.77,5759.025,245.45750000000012,65.3045833333332,310.7620833333333,0.65,0.65,28,,1144.0954166666666,762.8608333333332,0.0,0.0,0.0,2391.406016296294,3077.980766296294,1950.0,574.9079468749999,0.0
B_fixed_q65,2025-12-21,2025-12-21,66,2025-12-21 11:00:00,2025-12-21 11:10:00,0.4662,7080.5804,4907.9946,6895.6312,5911.9944,163.9394666666667,32.98840000000001,196.92786666666672,0.65,0.65,28,,1030.2612,668.1635666666666,0.0,0.0,0.0,3077.980766296294,3679.327976296294,2700.0,480.30777143999995,0.0
B_fixed_q65,2025-12-21,2025-12-21,67,2025-12-21 11:10:00,2025-12-21 11:20:00,0.5007,6948.6094,5015.1025,6569.4148,5966.7895,100.43754999999994,60.42281666666662,160.86036666666655,0.65,0.65,28,,994.1936999999998,671.9425499999998,0.0,0.0,0.0,3679.327976296294,4284.076271296293,3450.0,497.79278558999994,0.0
B_fixed_q65,2025-12-21,2025-12-21,68,2025-12-21 11:20:00,2025-12-21 11:30:00,0.4827,6954.16,5256.3375,6633.54,5909.1375,120.73375000000001,59.769583333333344,180.50333333333336,0.65,0.65,28,,1013.8366666666666,730.8662499999999,0.0,0.0,0.0,4284.076271296293,4941.855896296293,4200.0,489.37895899999995,0.0
B_fixed_q65,2025-12-21,2025-12-21,69,2025-12-21 11:30:00,2025-12-21 11:40:00,0.4785,6860.0706,5348.0182,6836.8731,5820.8581,169.33583333333323,37.2013666666665,206.53719999999973,0.65,0.65,28,,1039.870533333333,787.8617999999998,0.0,0.0,0.0,4941.855896296293,5650.931516296293,4950.0,497.57805019999984,0.0
B_fixed_q65,2025-12-21,2025-12-21,70,2025-12-21 11:40:00,2025-12-21 11:50:00,0.4662,6565.9337,5577.6892,6790.7755,5813.7308,162.84078333333323,55.56803333333316,218.40881666666638,0.65,0.65,28,,1051.7421499999996,833.3333333333333,0.0,0.0,53.701399999999694,5650.931516296293,6400.931516296293,5700.0,490.3221903299998,0.0
B_fixed_q65,2025-12-21,2025-12-21,71,2025-12-21 11:50:00,2025-12-21 12:00:00,0.4432,6330.9,5890.8,6491.37,5891.5875,99.96375000000003,80.33875000000005,180.30250000000007,0.65,0.65,28,,1013.6358333333333,833.3333333333333,0.0,0.0,106.9525000000001,6400.931516296293,7150.931516296293,6450.0,449.2434013333333,0.0
B_fixed_q65,2025-12-21,2025-12-21,72,2025-12-21 12:00:00,2025-12-21 12:10:00,0.4411,6501.863,5904.8948,6294.9218,5973.4043,53.586249999999986,67.78093333333331,121.36718333333329,0.65,0.65,28,,954.7005166666665,833.3333333333333,0.0,0.0,21.872483333333207,7150.931516296293,7900.931516296293,7200.0,421.1183979016666,0.0
B_fixed_q65,2025-12-21,2025-12-21,73,2025-12-21 12:10:00,2025-12-21 12:20:00,0.4551,6520.3344,5868.1645,6333.9076,6089.1559,40.791949999999964,68.62681666666654,109.4187666666665,0.65,0.65,28,,942.7520999999997,833.3333333333333,0.0,0.0,0.7237833333331309,7900.931516296293,8650.931516296292,7950.0,429.04648070999986,0.0
B_fixed_q65,2025-12-21,2025-12-21,74,2025-12-21 12:20:00,2025-12-21 12:30:00,0.4463,6273.31,5864.7,6365.04,6127.4625,39.596250000000055,70.83833333333337,110.43458333333342,0.65,0.65,28,,943.7679166666667,833.3333333333333,0.0,0.0,42.33291666666662,8650.931516296292,9400.931516296292,8700.0,421.2036212083333,0.0
B_fixed_q65,2025-12-21,2025-12-21,75,2025-12-21 12:30:00,2025-12-21 12:40:00,0.4113,6234.7567,5722.7661,6091.6909,5920.7826,28.484716666666674,70.92568333333344,99.41040000000011,0.65,0.65,28,,932.7437333333334,833.3333333333333,0.0,0.0,14.078633333333414,9400.931516296292,10150.931516296292,9450.0,383.63749752,0.0
B_fixed_q65,2025-12-21,2025-12-21,76,2025-12-21 12:40:00,2025-12-21 12:50:00,0.5682,6512.763,5549.8704,6220.5541,5742.7536,79.6334166666667,67.48445000000007,147.11786666666677,0.65,0.65,28,,980.4512,721.187204115231,0.0,0.0,98.78189588476903,10150.931516296292,10800.0,10200.0,557.09237184,0.0
B_fixed_q65,2025-12-21,2025-12-21,77,2025-12-21 12:50:00,2025-12-21 13:00:00,0.8279,6836.44,5390.4375,6701.4,5623.725,179.61249999999987,46.347083333333416,225.95958333333328,0.65,0.65,28,,225.95958333333328,0.0,15.040833333333296,0.0,0.0,10800.0,10783.287962962962,10200.0,187.0719390416666,0.0
B_fixed_q65,2025-12-21,2025-12-21,78,2025-12-21 13:00:00,2025-12-21 13:10:00,0.8636,6797.3346,5211.4597,6744.871,5343.815,233.50933333333342,52.133433333333414,285.64276666666683,0.65,0.65,28,,285.64276666666683,18.56893004115288,0.0,0.0,2.76135329218069,10783.287962962962,10800.0,10200.0,246.68109329333348,0.0
B_fixed_q65,2025-12-21,2025-12-21,79,2025-12-21 13:10:00,2025-12-21 13:20:00,0.8416,6554.3856,5202.0686,6634.9633,5094.9115,256.6753,31.850150000000042,288.52545000000003,0.65,0.65,28,,288.52545000000003,0.0,0.0,0.0,63.13928333333337,10800.0,10800.0,10200.0,242.82301872000002,0.0
B_fixed_q65,2025-12-21,2025-12-21,80,2025-12-21 13:20:00,2025-12-21 13:30:00,0.8618,6350.08,5287.95,6593.66,4968.1875,270.91208333333327,60.289999999999964,331.20208333333323,0.65,0.65,28,,331.20208333333323,0.0,0.0,0.0,154.18041666666656,10800.0,10800.0,10200.0,285.4299554166666,0.0
B_fixed_q65,2025-12-21,2025-12-21,81,2025-12-21 13:30:00,2025-12-21 13:40:00,0.8623,6333.408,5178.3498,6524.9679,4861.622,277.22431666666654,37.594716666666656,314.8190333333332,0.65,0.65,28,,314.8190333333332,0.0,0.0,0.0,122.30933333333314,10800.0,10800.0,10200.0,271.4684524433332,0.0
B_fixed_q65,2025-12-21,2025-12-21,82,2025-12-21 13:40:00,2025-12-21 13:50:00,0.9026,6515.4464,4993.7017,6428.5754,4729.9833,283.09868333333327,46.79088333333342,329.88956666666667,0.65,0.65,28,,329.88956666666667,0.0,0.0,0.0,76.26544999999999,10800.0,10800.0,10200.0,297.7583228733333,0.0
B_fixed_q65,2025-12-21,2025-12-21,83,2025-12-21 13:50:00,2025-12-21 14:00:00,0.9754,6658.81,4847.5125,6371.24,4528.9125,307.0545833333332,40.35125000000005,347.40583333333325,0.65,0.65,28,,0.0,0.0,301.88291666666674,0.0,0.0,10800.0,10464.574537037037,9813.993518518519,0.0,0.0
B_fixed_q65,2025-12-21,2025-12-21,84,2025-12-21 14:00:00,2025-12-21 14:10:00,1.0002,6474.7834,4705.4039,6434.9471,4241.2745,365.61209999999994,51.2398666666665,416.85196666666644,0.65,0.65,28,,0.0,0.0,294.8965833333333,0.0,0.0,10464.574537037037,10136.911666666667,9350.824666666667,0.0,0.0
B_fixed_q65,2025-12-21,2025-12-21,85,2025-12-21 14:10:00,2025-12-21 14:20:00,0.9978,6311.1097,4404.8152,6598.029,4012.9491,430.84665000000007,51.36996666666661,482.2166166666667,0.65,0.65,28,,0.0,0.0,317.71574999999996,0.0,0.0,10136.911666666667,9783.894166666667,8815.028425925926,0.0,0.0
B_fixed_q65,2025-12-21,2025-12-21,86,2025-12-21 14:20:00,2025-12-21 14:30:00,1.0271,6293.57,3988.3875,6653.62,3841.8375,468.63041666666663,36.51333333333332,505.14374999999995,0.65,0.65,28,,0.0,0.0,384.1970833333333,0.0,0.0,9783.894166666667,9357.008518518518,8253.757592592592,0.0,0.0
B_fixed_q65,2025-12-21,2025-12-21,87,2025-12-21 14:30:00,2025-12-21 14:40:00,1.0906,6241.0875,3658.7815,6413.1096,3600.3157,468.79898333333324,21.176783333333447,489.9757666666667,0.65,0.65,28,,0.0,0.0,430.38433333333325,0.0,0.0,9357.008518518518,8878.803703703703,7709.3400740740735,0.0,0.0
B_fixed_q65,2025-12-21,2025-12-21,88,2025-12-21 14:40:00,2025-12-21 14:50:00,0.9376,6267.633,3321.4365,6368.7625,3406.0952,493.77788333333325,53.79524999999995,547.5731333333332,0.65,0.65,28,,0.0,0.0,491.03274999999996,0.0,0.0,8878.803703703703,8333.211759259259,7100.925481481481,0.0,0.0
B_fixed_q65,2025-12-21,2025-12-21,89,2025-12-21 14:50:00,2025-12-21 15:00:00,0.6694,6308.83,2957.5875,6558.06,3254.2875,550.6287500000001,48.74499999999989,599.37375,0.65,0.65,28,,1432.7070833333332,833.3333333333333,0.0,0.0,40.83333333333337,8333.211759259259,9083.211759259259,7850.925481481481,959.0541215833333,0.0
B_fixed_q65,2025-12-21,2025-12-21,90,2025-12-21 15:00:00,2025-12-21 15:10:00,0.66,6184.3165,2665.595,6527.0274,3001.2809,587.6244166666665,37.60093333333327,625.2253499999998,0.65,0.65,28,,1458.5586833333332,833.3333333333333,0.0,0.0,38.77176666666662,9083.211759259259,9833.211759259259,8600.925481481481,962.648731,0.0
B_fixed_q65,2025-12-21,2025-12-21,91,2025-12-21 15:10:00,2025-12-21 15:20:00,0.7217,6249.441,2404.6045,6364.202,2691.9936,612.0347333333334,25.837716666666665,637.8724500000001,0.65,0.65,28,,1471.2057833333333,830.3997,0.0,0.0,0.0,9833.211759259259,10580.571489259259,9350.925481481481,1061.7692138316668,0.0
B_fixed_q65,2025-12-21,2025-12-21,92,2025-12-21 15:20:00,2025-12-21 15:30:00,0.7308,6412.99,2166.8625,6331.14,2406.45,654.115,26.21749999999986,680.3324999999999,0.65,0.65,28,,1513.665833333333,243.80945637860148,0.0,0.0,562.168460288065,10580.571489259259,10800.0,10100.925481481481,1106.1869909999998,0.0
B_fixed_q65,2025-12-21,2025-12-21,93,2025-12-21 15:30:00,2025-12-21 15:40:00,0.7534,6229.2355,1977.0681,6556.5547,2180.4541,729.3500999999999,37.576733333333436,766.9268333333333,0.65,0.65,28,,1543.6762983539097,0.0,0.0,0.0,834.981731687243,10800.0,10800.0,10800.0,1163.0057231798355,0.0
B_fixed_q65,2025-12-21,2025-12-21,94,2025-12-21 15:40:00,2025-12-21 15:50:00,0.7823,6140.1248,1719.0539,6541.9728,1933.1371,768.1392833333332,30.36805000000004,798.5073333333332,0.65,0.65,28,,798.5073333333332,0.0,0.0,0.0,61.66218333333336,10800.0,10800.0,10800.0,624.6722868666666,0.0
B_fixed_q65,2025-12-21,2025-12-21,95,2025-12-21 15:50:00,2025-12-21 16:00:00,0.8055,6190.42,1414.8375,6227.88,1643.9625,763.9862499999999,36.741250000000036,800.7275,0.65,0.65,28,,800.7275,0.0,0.0,0.0,4.797083333333262,10800.0,10800.0,10800.0,644.98600125,0.0
B_fixed_q65,2025-12-21,2025-12-21,96,2025-12-21 16:00:00,2025-12-21 16:10:00,0.8271,6007.344,1199.0528,6048.8829,1362.8216,781.0102166666666,15.896666666666533,796.9068833333331,0.65,0.65,28,,796.9068833333331,0.0,4.474983333333512,0.0,0.0,10800.0,10795.027796296295,10800.0,659.1216832049997,0.0
B_fixed_q65,2025-12-21,2025-12-21,97,2025-12-21 16:10:00,2025-12-21 16:20:00,0.8519,6021.8302,965.9713,6034.5319,1065.7366,828.1325499999999,18.09493333333336,846.2274833333333,0.65,0.65,28,,846.2274833333333,3.5843333333333476,0.0,0.0,0.0,10795.027796296295,10798.253696296295,10800.0,720.9011930516666,0.0
B_fixed_q65,2025-12-21,2025-12-21,98,2025-12-21 16:20:00,2025-12-21 16:30:00,0.8791,6231.28,680.625,6170.79,750.375,903.4024999999999,21.35833333333335,924.7608333333333,0.65,0.65,28,,924.7608333333333,0.0,0.3483333333333576,0.0,0.0,10798.253696296295,10797.866659259258,10800.0,812.9572485833332,0.0
B_fixed_q65,2025-12-21,2025-12-21,99,2025-12-21 16:30:00,2025-12-21 16:40:00,0.9024,6177.7882,419.0314,6408.9188,450.0255,993.1488833333334,21.155683333333286,1014.3045666666667,0.65,0.65,28,,1014.3045666666667,2.3703786008243495,0.0,0.0,52.14138806584239,10797.866659259258,10800.0,10800.0,915.30844096,0.0
B_fixed_q65,2025-12-21,2025-12-21,100,2025-12-21 16:40:00,2025-12-21 16:50:00,0.9163,6130.9976,173.8125,6333.2123,178.5296,1025.78045,17.082000000000107,1042.86245,0.65,0.65,28,,1042.86245,0.0,0.0,0.0,49.99826666666684,10800.0,10800.0,10800.0,955.574862935,0.0
B_fixed_q65,2025-12-21,2025-12-21,101,2025-12-21 16:50:00,2025-12-21 17:00:00,0.9264,6172.78,0.0,6089.53,0.0,1014.9216666666666,7.62166666666667,1022.5433333333333,0.65,0.65,28,,1022.5433333333333,0.0,6.25333333333333,0.0,0.0,10800.0,10793.051851851851,10800.0,947.284144,0.0
B_fixed_q65,2025-12-21,2025-12-21,102,2025-12-21 17:00:00,2025-12-21 17:10:00,0.9462,6112.1742,0.0,6226.7838,0.0,1037.7973,8.86704999999995,1046.66435,0.65,0.65,28,,1046.66435,7.720164609054336,0.0,0.0,20.24848539094569,10793.051851851851,10800.0,10800.0,990.35380797,0.0
B_fixed_q65,2025-12-21,2025-12-21,103,2025-12-21 17:10:00,2025-12-21 17:20:00,0.9742,6160.7027,6.2009,6316.685,6.2357,1051.74155,16.862866666666605,1068.6044166666666,0.65,0.65,28,,1068.6044166666666,0.0,0.0,0.0,42.85411666666664,10800.0,10800.0,10800.0,1041.0344227166665,0.0
B_fixed_q65,2025-12-21,2025-12-21,104,2025-12-21 17:20:00,2025-12-21 17:30:00,0.9862,6338.77,0.0,6285.57,0.0,1047.5949999999998,15.921666666666624,1063.5166666666664,0.65,0.65,28,,1063.5166666666664,0.0,0.0,0.0,7.054999999999836,10800.0,10800.0,10800.0,1048.8401366666665,0.0
B_fixed_q65,2025-12-21,2025-12-21,105,2025-12-21 17:30:00,2025-12-21 17:40:00,0.976,6290.0948,0.0,6346.6991,0.0,1057.7831833333332,11.080566666666755,1068.86375,0.65,0.65,28,,1068.86375,0.0,0.0,0.0,20.514616666666825,10800.0,10800.0,10800.0,1043.21102,0.0
B_fixed_q65,2025-12-21,2025-12-21,106,2025-12-21 17:40:00,2025-12-21 17:50:00,1.0742,5392.9058,0.4452,5515.747,0.4477,919.2165500000001,19.485783333333302,938.7023333333334,0.65,0.65,28,,938.7023333333334,0.0,0.0,0.0,39.958900000000085,10800.0,10800.0,10800.0,1008.3540464666668,0.0
B_fixed_q65,2025-12-21,2025-12-21,107,2025-12-21 17:50:00,2025-12-21 18:00:00,1.2313,4275.8,0.0,4303.33,0.0,717.2216666666666,1.588333333333253,718.8099999999998,0.65,0.65,28,,718.81,0.0,0.0,0.0,6.17666666666662,10800.0,10800.0,10800.0,885.070753,0.0
B_fixed_q65,2025-12-21,2025-12-21,108,2025-12-21 18:00:00,2025-12-21 18:10:00,1.2561,4292.4867,0.0,4324.9496,0.0,720.8249333333333,15.859633333333363,736.6845666666667,0.65,0.65,28,,736.6845666666668,0.0,0.0,0.0,21.27011666666681,10800.0,10800.0,10800.0,925.3494841900001,0.0
B_fixed_q65,2025-12-21,2025-12-21,109,2025-12-21 18:10:00,2025-12-21 18:20:00,1.2447,4489.6396,0.032,4468.0789,0.0321,744.6744666666666,10.673200000000008,755.3476666666666,0.65,0.65,28,,755.3476666666666,0.0,0.0,0.0,7.079733333333252,10800.0,10800.0,10800.0,940.1812406999998,0.0
B_fixed_q65,2025-12-21,2025-12-21,110,2025-12-21 18:20:00,2025-12-21 18:30:00,1.2545,4380.05,0.0,4202.04,0.0,700.3399999999999,18.843333333333476,719.1833333333334,0.65,0.65,28,,719.1833333333334,0.0,10.824999999999932,0.0,0.0,10800.0,10787.972222222223,10800.0,902.2154916666667,0.0
B_fixed_q65,2025-12-21,2025-12-21,111,2025-12-21 18:30:00,2025-12-21 18:40:00,1.2522,4406.0663,0.0,4124.9898,0.0,687.4983,11.893599999999878,699.3918999999999,0.65,0.65,28,,699.3918999999999,0.0,34.952483333333475,0.0,0.0,10787.972222222223,10749.136129629629,10800.0,875.7785371799998,0.0
B_fixed_q65,2025-12-21,2025-12-21,112,2025-12-21 18:40:00,2025-12-21 18:50:00,1.2881,4500.5016,0.0023,4217.5756,0.0023,702.9288833333333,16.458650000000034,719.3875333333333,0.65,0.65,28,,257.9932833333339,0.0,492.0899333333326,0.0,0.0,10749.136129629629,10202.369537037037,10287.339722222223,332.3211482616674,0.0
B_fixed_q65,2025-12-21,2025-12-21,113,2025-12-21 18:50:00,2025-12-21 19:00:00,1.3466,4490.76,0.0,4331.65,0.0,721.9416666666666,18.34333333333325,740.2849999999999,0.65,0.65,28,,0.0,0.0,748.46,0.0,0.0,10202.369537037037,9370.747314814815,9464.800833333335,0.0,0.0
B_fixed_q65,2025-12-21,2025-12-21,114,2025-12-21 19:00:00,2025-12-21 19:10:00,1.3523,4334.8994,0.0,4392.2898,0.0,732.0482999999999,11.571849999999927,743.6201499999999,0.65,0.65,28,,0.0,0.0,722.4832333333334,0.0,0.0,9370.747314814815,8567.988166666666,8638.556222222223,0.0,0.0
B_fixed_q65,2025-12-21,2025-12-21,115,2025-12-21 19:10:00,2025-12-21 19:20:00,1.3445,4356.9931,0.0,4452.6765,0.0,742.1127499999999,7.127700000000004,749.2404499999999,0.65,0.65,28,,0.0,0.0,726.1655166666666,0.0,0.0,8567.988166666666,7761.137592592592,7806.066833333334,0.0,0.0
B_fixed_q65,2025-12-21,2025-12-21,116,2025-12-21 19:20:00,2025-12-21 19:30:00,1.3483,4466.59,0.0,4460.15,0.0,743.3583333333332,14.376666666666779,757.735,0.65,0.65,28,,0.0,0.0,744.4316666666666,0.0,0.0,7761.137592592592,6933.991296296296,6964.139055555556,0.0,0.0
B_fixed_q65,2025-12-21,2025-12-21,117,2025-12-21 19:30:00,2025-12-21 19:40:00,1.349,4301.5722,0.0,4319.3481,0.0,719.89135,7.619716666666648,727.5110666666667,0.65,0.65,28,,0.0,0.0,716.9286999999999,0.0,0.0,6933.991296296296,6137.403851851852,6155.793425925926,0.0,0.0
B_fixed_q65,2025-12-21,2025-12-21,118,2025-12-21 19:40:00,2025-12-21 19:50:00,1.3473,4398.717,0.0,4300.7541,0.0,716.7923499999999,15.750616666666588,732.5429666666665,0.65,0.65,28,,0.0,0.0,733.1194999999999,0.0,0.0,6137.403851851852,5322.82662962963,5341.856796296297,0.0,0.0
B_fixed_q65,2025-12-21,2025-12-21,119,2025-12-21 19:50:00,2025-12-21 20:00:00,1.3482,4681.61,0.0,4470.43,0.0,745.0716666666667,14.965000000000032,760.0366666666667,0.65,0.65,28,,0.0,0.0,780.2683333333332,0.0,0.0,5322.82662962963,4455.861814814815,4497.371611111112,0.0,0.0
B_fixed_q65,2025-12-21,2025-12-21,120,2025-12-21 20:00:00,2025-12-21 20:10:00,1.3513,4485.5154,0.0,4598.7249,0.0,766.45415,10.044366666666633,776.4985166666667,0.65,0.65,28,,0.0,0.0,747.5859,0.0,0.0,4455.861814814815,3625.2108148148154,3634.595481481482,0.0,0.0
B_fixed_q65,2025-12-21,2025-12-21,121,2025-12-21 20:10:00,2025-12-21 20:20:00,1.34,4156.9026,0.0,4477.4264,0.0,746.2377333333334,8.813483333333352,755.0512166666667,0.65,0.65,28,,0.0,0.0,692.8171,0.0,0.0,3625.2108148148154,2855.414037037038,2795.6496851851853,0.0,0.0
B_fixed_q65,2025-12-21,2025-12-21,122,2025-12-21 20:20:00,2025-12-21 20:30:00,1.3489,4090.51,0.0,4241.74,0.0,706.9566666666666,18.921666666666624,725.8783333333332,0.65,0.65,28,,0.0,0.0,681.7516666666667,0.0,0.0,2855.414037037038,2097.912185185186,1989.1182037037038,0.0,0.0
B_fixed_q65,2025-12-21,2025-12-21,123,2025-12-21 20:30:00,2025-12-21 20:40:00,1.3952,4322.2266,0.0,4240.8972,0.0,706.8162,3.3901833333333116,710.2063833333333,0.65,0.65,28,,0.0,0.0,720.3711,0.0,0.0,2097.912185185186,1297.4998518518528,1200.0,0.0,0.0
B_fixed_q65,2025-12-21,2025-12-21,124,2025-12-21 20:40:00,2025-12-21 20:50:00,1.2226,4336.801,0.0,4345.2631,0.0,724.2105166666666,12.151616666666769,736.3621333333334,0.65,0.65,28,,736.3621333333335,13.561966666666876,0.0,0.0,0.0,1297.4998518518528,1309.705621851853,1200.0,900.2763442133335,0.0
B_fixed_q65,2025-12-21,2025-12-21,125,2025-12-21 20:50:00,2025-12-21 21:00:00,0.9332,4144.46,0.0,4397.1,0.0,732.85,11.698333333333494,744.5483333333335,0.65,0.65,28,,744.5483333333336,53.80500000000029,0.0,0.0,0.0,1309.705621851853,1358.1301218518533,1200.0,694.812504666667,0.0
B_fixed_q65,2025-12-21,2025-12-21,126,2025-12-21 21:00:00,2025-12-21 21:10:00,0.9068,4227.261,0.0,4366.5969,0.0,727.7661499999999,12.960000000000036,740.72615,0.65,0.65,28,,740.72615,36.18264999999997,0.0,0.0,0.0,1358.1301218518533,1390.6945068518532,1200.0,671.69047282,0.0
B_fixed_q65,2025-12-21,2025-12-21,127,2025-12-21 21:10:00,2025-12-21 21:20:00,0.9371,4326.9643,0.0,4352.2444,0.0,725.3740666666665,12.530950000000075,737.9050166666666,0.65,0.65,28,,737.9050166666666,16.744300000000067,0.0,0.0,0.0,1390.6945068518532,1405.7643768518533,1200.0,691.4907911183333,0.0
B_fixed_q65,2025-12-21,2025-12-21,128,2025-12-21 21:20:00,2025-12-21 21:30:00,0.9371,4357.83,0.0,4432.75,0.0,738.7916666666666,6.9166666666667425,745.7083333333334,0.65,0.65,28,,745.7083333333335,19.403333333333535,0.0,0.0,0.0,1405.7643768518533,1423.2273768518535,1200.0,698.8032791666668,0.0
B_fixed_q65,2025-12-21,2025-12-21,129,2025-12-21 21:30:00,2025-12-21 21:40:00,0.9871,4437.1142,0.0,4519.7625,0.0,753.2937499999999,13.793983333333244,767.0877333333332,0.65,0.65,28,,767.0877333333333,27.568700000000035,0.0,0.0,0.0,1423.2273768518535,1448.0392068518536,1200.0,757.1923015733332,0.0
B_fixed_q65,2025-12-21,2025-12-21,130,2025-12-21 21:40:00,2025-12-21 21:50:00,0.7764,4070.9954,0.0,4098.3811,0.0,683.0635166666666,11.604449999999929,694.6679666666665,0.65,0.65,28,,694.6679666666665,16.168733333333307,0.0,0.0,0.0,1448.0392068518536,1462.5910668518536,1200.0,539.3402093199999,0.0
B_fixed_q65,2025-12-21,2025-12-21,131,2025-12-21 21:50:00,2025-12-21 22:00:00,0.4209,3434.4,0.0,3422.17,0.0,570.3616666666667,10.198333333333267,580.56,0.65,0.65,28,,1413.8933333333332,833.3333333333333,0.0,0.0,8.159999999999968,1462.5910668518536,2212.5910668518536,1950.0,595.1077039999999,0.0
B_fixed_q65,2025-12-21,2025-12-21,132,2025-12-21 22:00:00,2025-12-21 22:10:00,0.3859,3270.5539,0.0,3317.5117,0.0,552.9186166666666,18.950399999999945,571.8690166666665,0.65,0.65,28,,1405.2023499999998,833.3333333333333,0.0,0.0,26.77669999999989,2212.5910668518536,2962.5910668518536,2700.0,542.267586865,0.0
B_fixed_q65,2025-12-21,2025-12-21,133,2025-12-21 22:10:00,2025-12-21 22:20:00,0.4368,3305.0168,0.0,3418.9331,0.0,569.8221833333333,10.97580000000005,580.7979833333334,0.65,0.65,28,,1247.464649999998,696.6285166666648,0.0,0.0,0.0,2962.5910668518536,3589.556731851852,3299.999999999998,544.8925591199992,0.0
B_fixed_q65,2025-12-21,2025-12-21,134,2025-12-21 22:20:00,2025-12-21 22:30:00,0.4198,3255.6,0.0,3395.77,0.0,565.9616666666666,7.786666666666747,573.7483333333333,0.65,0.65,28,,1407.0816666666665,833.3333333333333,0.0,0.0,31.148333333333312,3589.556731851852,4339.5567318518515,4049.999999999998,590.6928836666666,0.0
B_fixed_q65,2025-12-21,2025-12-21,135,2025-12-21 22:30:00,2025-12-21 22:40:00,0.4186,3155.514,0.0,3290.1474,0.0,548.3579,11.322900000000004,559.6808,0.65,0.65,28,,1393.0141333333331,833.3333333333333,0.0,0.0,33.76179999999988,4339.5567318518515,5089.5567318518515,4799.999999999998,583.1157162133333,0.0
B_fixed_q65,2025-12-21,2025-12-21,136,2025-12-21 22:40:00,2025-12-21 22:50:00,0.4241,3260.3635,0.0,3259.769,0.0,543.2948333333333,17.30749999999989,560.6023333333331,0.65,0.65,28,,1393.9356666666663,833.3333333333333,0.0,0.0,17.20841666666638,5089.5567318518515,5839.5567318518515,5549.999999999998,591.1681162333332,0.0
B_fixed_q65,2025-12-21,2025-12-21,137,2025-12-21 22:50:00,2025-12-21 23:00:00,0.4237,3508.97,0.0,3349.95,0.0,558.3249999999999,16.383333333333326,574.7083333333333,0.65,0.65,28,,1408.0416666666665,823.2133333333333,0.0,0.0,0.0,5839.5567318518515,6580.448731851851,6299.999999999998,596.5872541666666,0.0
B_fixed_q65,2025-12-21,2025-12-21,138,2025-12-21 23:00:00,2025-12-21 23:10:00,0.4248,3554.7154,0.0,3468.8979,0.0,578.14965,17.122133333333295,595.2717833333332,0.65,0.65,28,,1428.6051166666666,833.3333333333333,0.0,0.0,2.8192166666667617,6580.448731851851,7330.448731851851,7049.999999999998,606.87145356,0.0
B_fixed_q65,2025-12-21,2025-12-21,139,2025-12-21 23:10:00,2025-12-21 23:20:00,0.424,3395.6628,0.0,3527.78,0.0,587.9633333333334,22.522916666666674,610.48625,0.65,0.65,28,,1443.8195833333334,833.3333333333333,0.0,0.0,44.542450000000144,7330.448731851851,8080.448731851851,7799.999999999998,612.1795033333334,0.0
B_fixed_q65,2025-12-21,2025-12-21,140,2025-12-21 23:20:00,2025-12-21 23:30:00,0.422,3305.59,0.0,3469.79,0.0,578.2983333333333,18.599999999999966,596.8983333333333,0.65,0.65,28,,1430.2316666666666,833.3333333333333,0.0,0.0,45.9666666666667,8080.448731851851,8830.448731851851,8549.999999999998,603.5577633333332,0.0
B_fixed_q65,2025-12-21,2025-12-21,141,2025-12-21 23:30:00,2025-12-21 23:40:00,0.424,3539.7613,0.0,3342.6141,0.0,557.1023499999999,13.506150000000048,570.6084999999999,0.65,0.65,28,,1403.9418333333333,813.9816166666667,0.0,0.0,0.0,8830.448731851851,9563.032186851851,9299.999999999998,595.2713373333333,0.0
B_fixed_q65,2025-12-21,2025-12-21,142,2025-12-21 23:40:00,2025-12-21 23:50:00,0.4271,3571.991,0.0,3467.4898,0.0,577.9149666666666,12.960316666666586,590.8752833333332,0.65,0.65,28,,1424.2086166666663,828.876783333333,0.0,0.0,0.0,9563.032186851851,10309.021291851852,10049.999999999998,608.2795001783331,0.0
B_fixed_q65,2025-12-21,2025-12-21,143,2025-12-21 23:50:00,2025-12-22 00:00:00,0.4276,3464.4,0.0,3657.78,0.0,609.63,16.33333333333337,625.9633333333334,0.65,0.65,28,,1459.296666666669,545.5318979423868,0.0,0.0,336.36476872428216,10309.021291851852,10800.0,10800.0,623.9952546666676,0.0
