教师编号,队号,匹配得分,条件满足率,条件完全满足,专业偏好满足率,队伍质量,条件明细
7,1,44.989247,0.333333,False,1.000000,58.279570,三人均有参赛经历:0.33
7,2,72.043846,0.666667,False,1.000000,76.885895,三人均有参赛经历:0.67
7,3,68.381226,0.666667,False,1.000000,58.572797,三人均有参赛经历:0.67
7,4,44.830038,0.333333,False,1.000000,57.483524,三人均有参赛经历:0.33
7,5,69.631935,0.666667,False,1.000000,64.826344,三人均有参赛经历:0.67
7,6,45.199012,0.333333,False,1.000000,59.328395,三人均有参赛经历:0.33
7,7,44.723799,0.333333,False,1.000000,56.952327,三人均有参赛经历:0.33
7,8,44.274074,0.333333,False,1.000000,54.703704,三人均有参赛经历:0.33
7,9,46.539853,0.333333,False,1.000000,66.032600,三人均有参赛经历:0.33
7,10,21.416667,0.000000,False,1.000000,57.083333,三人均有参赛经历:0.00
7,11,70.755226,0.666667,False,1.000000,70.442798,三人均有参赛经历:0.67
7,12,70.714710,0.666667,False,1.000000,70.240216,三人均有参赛经历:0.67
7,13,21.015335,0.000000,False,1.000000,55.076676,三人均有参赛经历:0.00
7,14,69.195857,0.666667,False,1.000000,62.645951,三人均有参赛经历:0.67
7,15,71.326998,0.666667,False,1.000000,73.301659,三人均有参赛经历:0.67
7,16,45.681333,0.333333,False,1.000000,61.740000,三人均有参赛经历:0.33
7,17,45.035266,0.333333,False,1.000000,58.509662,三人均有参赛经历:0.33
7,18,70.097374,0.666667,False,1.000000,67.153535,三人均有参赛经历:0.67
7,19,44.786752,0.333333,False,1.000000,57.267094,三人均有参赛经历:0.33
7,20,46.731509,0.333333,False,1.000000,66.990877,三人均有参赛经历:0.33
7,21,17.486793,0.000000,False,1.000000,37.433964,三人均有参赛经历:0.00
7,22,69.635928,0.666667,False,1.000000,64.846307,三人均有参赛经历:0.67
7,23,45.699577,0.333333,False,1.000000,61.831220,三人均有参赛经历:0.33
7,24,21.018382,0.000000,False,1.000000,55.091912,三人均有参赛经历:0.00
7,25,44.522222,0.333333,False,1.000000,55.944444,三人均有参赛经历:0.33
7,26,21.467439,0.000000,False,1.000000,57.337193,三人均有参赛经历:0.00
7,27,19.510719,0.000000,False,1.000000,47.553595,三人均有参赛经历:0.00
7,28,94.652508,1.000000,True,1.000000,73.262542,三人均有参赛经历:1.00
7,29,19.854177,0.000000,False,1.000000,49.270885,三人均有参赛经历:0.00
7,30,68.522650,0.666667,False,1.000000,59.279915,三人均有参赛经历:0.67
7,31,44.608841,0.333333,False,1.000000,56.377536,三人均有参赛经历:0.33
7,32,21.672172,0.000000,False,1.000000,58.360861,三人均有参赛经历:0.00
7,33,45.343303,0.333333,False,1.000000,60.049851,三人均有参赛经历:0.33
7,34,43.417810,0.333333,False,1.000000,50.422386,三人均有参赛经历:0.33
7,35,44.263686,0.333333,False,1.000000,54.651762,三人均有参赛经历:0.33
7,36,96.225014,1.000000,True,1.000000,81.125070,三人均有参赛经历:1.00
7,37,71.446436,0.666667,False,1.000000,73.898846,三人均有参赛经历:0.67
7,38,46.931195,0.333333,False,1.000000,67.989310,三人均有参赛经历:0.33
7,39,67.567811,0.666667,False,1.000000,54.505722,三人均有参赛经历:0.67
7,40,67.743733,0.666667,False,1.000000,55.385332,三人均有参赛经历:0.67
7,41,68.067421,0.666667,False,1.000000,57.003771,三人均有参赛经历:0.67
7,42,22.794510,0.000000,False,1.000000,63.972548,三人均有参赛经历:0.00
7,43,21.781377,0.000000,False,1.000000,58.906887,三人均有参赛经历:0.00
7,44,43.377860,0.333333,False,1.000000,50.222634,三人均有参赛经历:0.33
7,45,45.104091,0.333333,False,1.000000,58.853789,三人均有参赛经历:0.33
7,46,69.312495,0.666667,False,1.000000,63.229143,三人均有参赛经历:0.67
7,47,43.697437,0.333333,False,1.000000,51.820518,三人均有参赛经历:0.33
7,48,17.673946,0.000000,False,1.000000,38.369732,三人均有参赛经历:0.00
7,49,41.811676,0.333333,False,1.000000,42.391714,三人均有参赛经历:0.33
7,50,68.177039,0.666667,False,1.000000,57.551862,三人均有参赛经历:0.67
7,51,20.673125,0.000000,False,1.000000,53.365623,三人均有参赛经历:0.00
7,52,43.234211,0.333333,False,1.000000,49.504388,三人均有参赛经历:0.33
7,53,45.258537,0.333333,False,1.000000,59.626016,三人均有参赛经历:0.33
7,54,18.322137,0.000000,False,1.000000,41.610684,三人均有参赛经历:0.00
7,55,20.402207,0.000000,False,1.000000,52.011036,三人均有参赛经历:0.00
7,56,70.030903,0.666667,False,1.000000,66.821181,三人均有参赛经历:0.67
7,57,20.097826,0.000000,False,1.000000,50.489130,三人均有参赛经历:0.00
7,58,46.228545,0.333333,False,1.000000,64.476057,三人均有参赛经历:0.33
7,59,22.556364,0.000000,False,1.000000,62.781822,三人均有参赛经历:0.00
7,60,70.436847,0.666667,False,1.000000,68.850902,三人均有参赛经历:0.67
7,61,46.906658,0.333333,False,1.000000,67.866626,三人均有参赛经历:0.33
7,62,45.766333,0.333333,False,1.000000,62.164997,三人均有参赛经历:0.33
7,63,70.734178,0.666667,False,1.000000,70.337558,三人均有参赛经历:0.67
7,64,43.320773,0.333333,False,1.000000,49.937198,三人均有参赛经历:0.33
7,65,44.049661,0.333333,False,1.000000,53.581640,三人均有参赛经历:0.33
7,66,70.309814,0.666667,False,1.000000,68.215738,三人均有参赛经历:0.67
7,67,46.574633,0.333333,False,1.000000,66.206500,三人均有参赛经历:0.33
7,68,71.121665,0.666667,False,1.000000,72.274990,三人均有参赛经历:0.67
7,69,45.656510,0.333333,False,1.000000,61.615885,三人均有参赛经历:0.33
7,70,46.577363,0.333333,False,1.000000,66.220147,三人均有参赛经历:0.33
7,71,44.977333,0.333333,False,1.000000,58.220000,三人均有参赛经历:0.33
7,72,69.902146,0.666667,False,1.000000,66.177397,三人均有参赛经历:0.67
7,73,46.603464,0.333333,False,1.000000,66.350653,三人均有参赛经历:0.33
7,74,45.207844,0.333333,False,1.000000,59.372551,三人均有参赛经历:0.33
7,75,43.592279,0.333333,False,1.000000,51.294727,三人均有参赛经历:0.33
7,76,71.905797,0.666667,False,1.000000,76.195652,三人均有参赛经历:0.67
7,77,21.270808,0.000000,False,1.000000,56.354040,三人均有参赛经历:0.00
7,78,93.015835,1.000000,True,1.000000,65.079177,三人均有参赛经历:1.00
7,79,45.978696,0.333333,False,1.000000,63.226815,三人均有参赛经历:0.33
7,80,70.220021,0.666667,False,1.000000,67.766771,三人均有参赛经历:0.67
7,81,47.088232,0.333333,False,1.000000,68.774492,三人均有参赛经历:0.33
7,82,21.721527,0.000000,False,1.000000,58.607634,三人均有参赛经历:0.00
7,83,44.245833,0.333333,False,1.000000,54.562500,三人均有参赛经历:0.33
7,84,66.580478,0.666667,False,1.000000,49.569054,三人均有参赛经历:0.67
7,85,68.634887,0.666667,False,1.000000,59.841102,三人均有参赛经历:0.67
7,86,46.115836,0.333333,False,1.000000,63.912512,三人均有参赛经历:0.33
7,87,45.941403,0.333333,False,1.000000,63.040351,三人均有参赛经历:0.33
7,88,43.590485,0.333333,False,1.000000,51.285757,三人均有参赛经历:0.33
7,89,46.237455,0.333333,False,1.000000,64.520609,三人均有参赛经历:0.33
7,90,67.938831,0.666667,False,1.000000,56.360820,三人均有参赛经历:0.67
7,91,45.265484,0.333333,False,1.000000,59.660754,三人均有参赛经历:0.33
7,92,69.700000,0.666667,False,1.000000,65.166667,三人均有参赛经历:0.67
7,93,70.656119,0.666667,False,1.000000,69.947262,三人均有参赛经历:0.67
7,94,71.482626,0.666667,False,1.000000,74.079798,三人均有参赛经历:0.67
7,95,44.572350,0.333333,False,1.000000,56.195083,三人均有参赛经历:0.33
7,96,69.611081,0.666667,False,1.000000,64.722072,三人均有参赛经历:0.67
7,97,45.368519,0.333333,False,1.000000,60.175926,三人均有参赛经历:0.33
7,98,45.912681,0.333333,False,1.000000,62.896737,三人均有参赛经历:0.33
7,99,19.485556,0.000000,False,1.000000,47.427778,三人均有参赛经历:0.00
7,100,69.636393,0.666667,False,1.000000,64.848631,三人均有参赛经历:0.67
7,101,20.221859,0.000000,False,1.000000,51.109295,三人均有参赛经历:0.00
7,102,47.472899,0.333333,False,1.000000,70.697829,三人均有参赛经历:0.33
7,103,94.060341,1.000000,True,1.000000,70.301705,三人均有参赛经历:1.00
7,104,46.180725,0.333333,False,1.000000,64.236959,三人均有参赛经历:0.33
7,105,45.488235,0.333333,False,1.000000,60.774510,三人均有参赛经历:0.33
7,106,95.436158,1.000000,True,1.000000,77.180791,三人均有参赛经历:1.00
7,107,43.698142,0.333333,False,1.000000,51.824044,三人均有参赛经历:0.33
7,108,70.203371,0.666667,False,1.000000,67.683520,三人均有参赛经历:0.67
7,109,45.499548,0.333333,False,1.000000,60.831075,三人均有参赛经历:0.33
7,110,21.773892,0.000000,False,1.000000,58.869458,三人均有参赛经历:0.00
7,111,21.880796,0.000000,False,1.000000,59.403978,三人均有参赛经历:0.00
7,112,95.515954,1.000000,True,1.000000,77.579772,三人均有参赛经历:1.00
7,113,18.996239,0.000000,False,1.000000,44.981197,三人均有参赛经历:0.00
7,114,21.476296,0.000000,False,1.000000,57.381481,三人均有参赛经历:0.00
7,115,69.992190,0.666667,False,1.000000,66.627616,三人均有参赛经历:0.67
7,116,68.994444,0.666667,False,1.000000,61.638889,三人均有参赛经历:0.67
7,117,21.219008,0.000000,False,1.000000,56.095041,三人均有参赛经历:0.00
7,118,46.979554,0.333333,False,1.000000,68.231103,三人均有参赛经历:0.33
7,119,44.760784,0.333333,False,1.000000,57.137255,三人均有参赛经历:0.33
7,120,44.388933,0.333333,False,1.000000,55.278000,三人均有参赛经历:0.33
7,121,46.079357,0.333333,False,1.000000,63.730120,三人均有参赛经历:0.33
7,122,46.217496,0.333333,False,1.000000,64.420812,三人均有参赛经历:0.33
7,123,70.309166,0.666667,False,1.000000,68.212496,三人均有参赛经历:0.67
7,124,20.672888,0.000000,False,1.000000,53.364441,三人均有参赛经历:0.00
7,125,22.277385,0.000000,False,1.000000,61.386923,三人均有参赛经历:0.00
7,126,44.472999,0.333333,False,1.000000,55.698327,三人均有参赛经历:0.33
7,127,68.588368,0.666667,False,1.000000,59.608507,三人均有参赛经历:0.67
7,128,68.513555,0.666667,False,1.000000,59.234443,三人均有参赛经历:0.67
7,129,42.416390,0.333333,False,1.000000,45.415285,三人均有参赛经历:0.33
7,130,71.490526,0.666667,False,1.000000,74.119297,三人均有参赛经历:0.67
7,131,68.724342,0.666667,False,1.000000,60.288377,三人均有参赛经历:0.67
7,132,70.139319,0.666667,False,1.000000,67.363260,三人均有参赛经历:0.67
7,133,45.002832,0.333333,False,1.000000,58.347495,三人均有参赛经历:0.33
7,134,45.444363,0.333333,False,1.000000,60.555147,三人均有参赛经历:0.33
7,135,69.881643,0.666667,False,1.000000,66.074879,三人均有参赛经历:0.67
7,136,21.152002,0.000000,False,1.000000,55.760009,三人均有参赛经历:0.00
7,137,69.770255,0.666667,False,1.000000,65.517940,三人均有参赛经历:0.67
7,138,95.525689,1.000000,True,1.000000,77.628444,三人均有参赛经历:1.00
7,139,45.202424,0.333333,False,1.000000,59.345455,三人均有参赛经历:0.33
7,140,44.612127,0.333333,False,1.000000,56.393970,三人均有参赛经历:0.33
7,141,69.154722,0.666667,False,1.000000,62.440275,三人均有参赛经历:0.67
7,142,19.926924,0.000000,False,1.000000,49.634622,三人均有参赛经历:0.00
7,143,47.658001,0.333333,False,1.000000,71.623336,三人均有参赛经历:0.33
7,144,43.962778,0.333333,False,1.000000,53.147222,三人均有参赛经历:0.33
7,145,46.026872,0.333333,False,1.000000,63.467693,三人均有参赛经历:0.33
7,146,44.608577,0.333333,False,1.000000,56.376220,三人均有参赛经历:0.33
7,147,46.003157,0.333333,False,1.000000,63.349119,三人均有参赛经历:0.33
7,148,22.679218,0.000000,False,1.000000,63.396090,三人均有参赛经历:0.00
7,149,70.615775,0.666667,False,1.000000,69.745540,三人均有参赛经历:0.67
7,150,19.988889,0.000000,False,1.000000,49.944444,三人均有参赛经历:0.00
7,151,69.160000,0.666667,False,1.000000,62.466667,三人均有参赛经历:0.67
7,152,44.553046,0.333333,False,1.000000,56.098563,三人均有参赛经历:0.33
7,153,45.858132,0.333333,False,1.000000,62.623994,三人均有参赛经历:0.33
7,154,19.816764,0.000000,False,1.000000,49.083821,三人均有参赛经历:0.00
7,155,46.449462,0.333333,False,1.000000,65.580645,三人均有参赛经历:0.33
7,156,45.828218,0.333333,False,1.000000,62.474425,三人均有参赛经历:0.33
7,157,71.375966,0.666667,False,1.000000,73.546498,三人均有参赛经历:0.67
7,158,45.652351,0.333333,False,1.000000,61.595090,三人均有参赛经历:0.33
7,159,22.356461,0.000000,False,1.000000,61.782306,三人均有参赛经历:0.00
7,160,45.468981,0.333333,False,1.000000,60.678237,三人均有参赛经历:0.33
7,161,44.808312,0.333333,False,1.000000,57.374894,三人均有参赛经历:0.33
7,162,45.124439,0.333333,False,1.000000,58.955530,三人均有参赛经历:0.33
7,163,45.217824,0.333333,False,1.000000,59.422454,三人均有参赛经历:0.33
7,164,43.238797,0.333333,False,1.000000,49.527320,三人均有参赛经历:0.33
7,165,19.965278,0.000000,False,1.000000,49.826389,三人均有参赛经历:0.00
7,166,43.032377,0.333333,False,1.000000,48.495219,三人均有参赛经历:0.33
7,167,44.496406,0.333333,False,1.000000,55.815366,三人均有参赛经历:0.33
7,168,68.170667,0.666667,False,1.000000,57.520000,三人均有参赛经历:0.67
7,169,70.667806,0.666667,False,1.000000,70.005698,三人均有参赛经历:0.67
7,170,45.016852,0.333333,False,1.000000,58.417595,三人均有参赛经历:0.33
7,171,67.836928,0.666667,False,1.000000,55.851307,三人均有参赛经历:0.67
7,172,70.608475,0.666667,False,1.000000,69.709040,三人均有参赛经历:0.67
7,173,18.703292,0.000000,False,1.000000,43.516461,三人均有参赛经历:0.00
7,174,71.258966,0.666667,False,1.000000,72.961497,三人均有参赛经历:0.67
7,175,71.315458,0.666667,False,1.000000,73.243955,三人均有参赛经历:0.67
2,1,46.655914,0.500000,False,0.000000,58.279570,至少两人有参赛经历:0.50；三人专业不同:0.50
2,2,85.377179,1.000000,True,0.000000,76.885895,至少两人有参赛经历:1.00；三人专业不同:1.00
2,3,46.714559,0.500000,False,0.000000,58.572797,至少两人有参赛经历:1.00；三人专业不同:0.00
2,4,63.996705,0.750000,False,0.000000,57.483524,至少两人有参赛经历:0.50；三人专业不同:1.00
2,5,86.298602,1.000000,True,0.333333,64.826344,至少两人有参赛经历:1.00；三人专业不同:1.00
2,6,46.865679,0.500000,False,0.000000,59.328395,至少两人有参赛经历:0.50；三人专业不同:0.50
2,7,63.890465,0.750000,False,0.000000,56.952327,至少两人有参赛经历:0.50；三人专业不同:1.00
2,8,38.440741,0.250000,False,1.000000,54.703704,至少两人有参赛经历:0.50；三人专业不同:0.00
2,9,69.039853,0.750000,False,0.333333,66.032600,至少两人有参赛经历:0.50；三人专业不同:1.00
2,10,28.916667,0.250000,False,0.000000,57.083333,至少两人有参赛经历:0.00；三人专业不同:0.50
2,11,87.421893,1.000000,True,0.333333,70.442798,至少两人有参赛经历:1.00；三人专业不同:1.00
2,12,66.548043,0.750000,False,0.000000,70.240216,至少两人有参赛经历:1.00；三人专业不同:0.50
2,13,49.348669,0.500000,False,0.333333,55.076676,至少两人有参赛经历:0.00；三人专业不同:1.00
2,14,85.862524,1.000000,True,0.333333,62.645951,至少两人有参赛经历:1.00；三人专业不同:1.00
2,15,87.993665,1.000000,True,0.333333,73.301659,至少两人有参赛经历:1.00；三人专业不同:1.00
2,16,47.348000,0.500000,False,0.000000,61.740000,至少两人有参赛经历:0.50；三人专业不同:0.50
2,17,64.201932,0.750000,False,0.000000,58.509662,至少两人有参赛经历:0.50；三人专业不同:1.00
2,18,48.430707,0.500000,False,0.000000,67.153535,至少两人有参赛经历:1.00；三人专业不同:0.00
2,19,28.953419,0.250000,False,0.000000,57.267094,至少两人有参赛经历:0.50；三人专业不同:0.00
2,20,48.398175,0.500000,False,0.000000,66.990877,至少两人有参赛经历:0.50；三人专业不同:0.50
2,21,24.986793,0.250000,False,0.000000,37.433964,至少两人有参赛经历:0.00；三人专业不同:0.50
2,22,82.969261,1.000000,True,0.000000,64.846307,至少两人有参赛经历:1.00；三人专业不同:1.00
2,23,50.699577,0.500000,False,0.333333,61.831220,至少两人有参赛经历:0.50；三人专业不同:0.50
2,24,28.518382,0.250000,False,0.000000,55.091912,至少两人有参赛经历:0.00；三人专业不同:0.50
2,25,52.855556,0.500000,False,0.666667,55.944444,至少两人有参赛经历:0.50；三人专业不同:0.50
2,26,49.800772,0.500000,False,0.333333,57.337193,至少两人有参赛经历:0.00；三人专业不同:1.00
2,27,27.010719,0.250000,False,0.000000,47.553595,至少两人有参赛经历:0.00；三人专业不同:0.50
2,28,87.985842,1.000000,True,0.333333,73.262542,至少两人有参赛经历:1.00；三人专业不同:1.00
2,29,48.187510,0.500000,False,0.333333,49.270885,至少两人有参赛经历:0.00；三人专业不同:1.00
2,30,85.189316,1.000000,True,0.333333,59.279915,至少两人有参赛经历:1.00；三人专业不同:1.00
2,31,46.275507,0.500000,False,0.000000,56.377536,至少两人有参赛经历:0.50；三人专业不同:0.50
2,32,50.005506,0.500000,False,0.333333,58.360861,至少两人有参赛经历:0.00；三人专业不同:1.00
2,33,64.509970,0.750000,False,0.000000,60.049851,至少两人有参赛经历:0.50；三人专业不同:1.00
2,34,27.584477,0.250000,False,0.000000,50.422386,至少两人有参赛经历:0.50；三人专业不同:0.00
2,35,55.930352,0.500000,False,1.000000,54.651762,至少两人有参赛经历:0.50；三人专业不同:0.50
2,36,72.058347,0.750000,False,0.333333,81.125070,至少两人有参赛经历:1.00；三人专业不同:0.50
2,37,73.946436,0.750000,False,0.666667,73.898846,至少两人有参赛经历:1.00；三人专业不同:0.50
2,38,51.931195,0.500000,False,0.333333,67.989310,至少两人有参赛经历:0.50；三人专业不同:0.50
2,39,80.901144,1.000000,True,0.000000,54.505722,至少两人有参赛经历:1.00；三人专业不同:1.00
2,40,56.077066,0.500000,False,1.000000,55.385332,至少两人有参赛经历:1.00；三人专业不同:0.00
2,41,81.400754,1.000000,True,0.000000,57.003771,至少两人有参赛经历:1.00；三人专业不同:1.00
2,42,30.294510,0.250000,False,0.000000,63.972548,至少两人有参赛经历:0.00；三人专业不同:0.50
2,43,29.281377,0.250000,False,0.000000,58.906887,至少两人有参赛经历:0.00；三人专业不同:0.50
2,44,45.044527,0.500000,False,0.000000,50.222634,至少两人有参赛经历:0.50；三人专业不同:0.50
2,45,67.604091,0.750000,False,0.333333,58.853789,至少两人有参赛经历:0.50；三人专业不同:1.00
2,46,82.645829,1.000000,True,0.000000,63.229143,至少两人有参赛经历:1.00；三人专业不同:1.00
2,47,55.364104,0.500000,False,1.000000,51.820518,至少两人有参赛经历:0.50；三人专业不同:0.50
2,48,7.673946,0.000000,False,0.000000,38.369732,至少两人有参赛经历:0.00；三人专业不同:0.00
2,49,35.978343,0.250000,False,1.000000,42.391714,至少两人有参赛经历:0.50；三人专业不同:0.00
2,50,84.843706,1.000000,True,0.333333,57.551862,至少两人有参赛经历:1.00；三人专业不同:1.00
2,51,28.173125,0.250000,False,0.000000,53.365623,至少两人有参赛经历:0.00；三人专业不同:0.50
2,52,51.567544,0.500000,False,0.666667,49.504388,至少两人有参赛经历:0.50；三人专业不同:0.50
2,53,39.425203,0.250000,False,1.000000,59.626016,至少两人有参赛经历:0.50；三人专业不同:0.00
2,54,43.322137,0.500000,False,0.000000,41.610684,至少两人有参赛经历:0.00；三人专业不同:1.00
2,55,45.402207,0.500000,False,0.000000,52.011036,至少两人有参赛经历:0.00；三人专业不同:1.00
2,56,58.364236,0.500000,False,1.000000,66.821181,至少两人有参赛经历:1.00；三人专业不同:0.00
2,57,10.097826,0.000000,False,0.000000,50.489130,至少两人有参赛经历:0.00；三人专业不同:0.00
2,58,54.561878,0.500000,False,0.666667,64.476057,至少两人有参赛经历:0.50；三人专业不同:0.50
2,59,40.056364,0.250000,False,1.000000,62.781822,至少两人有参赛经历:0.00；三人专业不同:0.50
2,60,66.270180,0.750000,False,0.000000,68.850902,至少两人有参赛经历:1.00；三人专业不同:0.50
2,61,66.073325,0.750000,False,0.000000,67.866626,至少两人有参赛经历:0.50；三人专业不同:1.00
2,62,68.266333,0.750000,False,0.333333,62.164997,至少两人有参赛经历:0.50；三人专业不同:1.00
2,63,84.067512,1.000000,True,0.000000,70.337558,至少两人有参赛经历:1.00；三人专业不同:1.00
2,64,62.487440,0.750000,False,0.000000,49.937198,至少两人有参赛经历:0.50；三人专业不同:1.00
2,65,38.216328,0.250000,False,1.000000,53.581640,至少两人有参赛经历:0.50；三人专业不同:0.00
2,66,48.643148,0.500000,False,0.000000,68.215738,至少两人有参赛经历:1.00；三人专业不同:0.00
2,67,48.241300,0.500000,False,0.000000,66.206500,至少两人有参赛经历:0.50；三人专业不同:0.50
2,68,66.954998,0.750000,False,0.000000,72.274990,至少两人有参赛经历:1.00；三人专业不同:0.50
2,69,47.323177,0.500000,False,0.000000,61.615885,至少两人有参赛经历:0.50；三人专业不同:0.50
2,70,65.744029,0.750000,False,0.000000,66.220147,至少两人有参赛经历:0.50；三人专业不同:1.00
2,71,67.477333,0.750000,False,0.333333,58.220000,至少两人有参赛经历:0.50；三人专业不同:1.00
2,72,65.735479,0.750000,False,0.000000,66.177397,至少两人有参赛经历:1.00；三人专业不同:0.50
2,73,48.270131,0.500000,False,0.000000,66.350653,至少两人有参赛经历:0.50；三人专业不同:0.50
2,74,67.707844,0.750000,False,0.333333,59.372551,至少两人有参赛经历:0.50；三人专业不同:1.00
2,75,55.258945,0.500000,False,1.000000,51.294727,至少两人有参赛经历:0.50；三人专业不同:0.50
2,76,50.239130,0.500000,False,0.000000,76.195652,至少两人有参赛经历:1.00；三人专业不同:0.00
2,77,28.770808,0.250000,False,0.000000,56.354040,至少两人有参赛经历:0.00；三人专业不同:0.50
2,78,83.015835,1.000000,True,0.000000,65.079177,至少两人有参赛经历:1.00；三人专业不同:1.00
2,79,47.645363,0.500000,False,0.000000,63.226815,至少两人有参赛经历:0.50；三人专业不同:0.50
2,80,83.553354,1.000000,True,0.000000,67.766771,至少两人有参赛经历:1.00；三人专业不同:1.00
2,81,66.254898,0.750000,False,0.000000,68.774492,至少两人有参赛经历:0.50；三人专业不同:1.00
2,82,29.221527,0.250000,False,0.000000,58.607634,至少两人有参赛经历:0.00；三人专业不同:0.50
2,83,45.912500,0.500000,False,0.000000,54.562500,至少两人有参赛经历:0.50；三人专业不同:0.50
2,84,83.247144,1.000000,True,0.333333,49.569054,至少两人有参赛经历:1.00；三人专业不同:1.00
2,85,64.468220,0.750000,False,0.000000,59.841102,至少两人有参赛经历:1.00；三人专业不同:0.50
2,86,47.782502,0.500000,False,0.000000,63.912512,至少两人有参赛经历:0.50；三人专业不同:0.50
2,87,65.108070,0.750000,False,0.000000,63.040351,至少两人有参赛经历:0.50；三人专业不同:1.00
2,88,45.257151,0.500000,False,0.000000,51.285757,至少两人有参赛经历:0.50；三人专业不同:0.50
2,89,54.570789,0.500000,False,0.666667,64.520609,至少两人有参赛经历:0.50；三人专业不同:0.50
2,90,81.272164,1.000000,True,0.000000,56.360820,至少两人有参赛经历:1.00；三人专业不同:1.00
2,91,29.432151,0.250000,False,0.000000,59.660754,至少两人有参赛经历:0.50；三人专业不同:0.00
2,92,89.700000,1.000000,True,0.666667,65.166667,至少两人有参赛经历:1.00；三人专业不同:1.00
2,93,87.322786,1.000000,True,0.333333,69.947262,至少两人有参赛经历:1.00；三人专业不同:1.00
2,94,49.815960,0.500000,False,0.000000,74.079798,至少两人有参赛经历:1.00；三人专业不同:0.00
2,95,63.739017,0.750000,False,0.000000,56.195083,至少两人有参赛经历:0.50；三人专业不同:1.00
2,96,65.444414,0.750000,False,0.000000,64.722072,至少两人有参赛经历:1.00；三人专业不同:0.50
2,97,47.035185,0.500000,False,0.000000,60.175926,至少两人有参赛经历:0.50；三人专业不同:0.50
2,98,30.079347,0.250000,False,0.000000,62.896737,至少两人有参赛经历:0.50；三人专业不同:0.00
2,99,30.318889,0.250000,False,0.333333,47.427778,至少两人有参赛经历:0.00；三人专业不同:0.50
2,100,68.803060,0.750000,False,0.333333,64.848631,至少两人有参赛经历:1.00；三人专业不同:0.50
2,101,51.888526,0.500000,False,0.666667,51.109295,至少两人有参赛经历:0.00；三人专业不同:1.00
2,102,49.139566,0.500000,False,0.000000,70.697829,至少两人有参赛经历:0.50；三人专业不同:0.50
2,103,69.893674,0.750000,False,0.333333,70.301705,至少两人有参赛经历:1.00；三人专业不同:0.50
2,104,72.014058,0.750000,False,0.666667,64.236959,至少两人有参赛经历:0.50；三人专业不同:1.00
2,105,29.654902,0.250000,False,0.000000,60.774510,至少两人有参赛经历:0.50；三人专业不同:0.00
2,106,50.436158,0.500000,False,0.000000,77.180791,至少两人有参赛经历:1.00；三人专业不同:0.00
2,107,66.198142,0.750000,False,0.333333,51.824044,至少两人有参赛经历:0.50；三人专业不同:1.00
2,108,83.536704,1.000000,True,0.000000,67.683520,至少两人有参赛经历:1.00；三人专业不同:1.00
2,109,50.499548,0.500000,False,0.333333,60.831075,至少两人有参赛经历:0.50；三人专业不同:0.50
2,110,29.273892,0.250000,False,0.000000,58.869458,至少两人有参赛经历:0.00；三人专业不同:0.50
2,111,11.880796,0.000000,False,0.000000,59.403978,至少两人有参赛经历:0.00；三人专业不同:0.00
2,112,68.015954,0.750000,False,0.000000,77.579772,至少两人有参赛经历:1.00；三人专业不同:0.50
2,113,26.496239,0.250000,False,0.000000,44.981197,至少两人有参赛经历:0.00；三人专业不同:0.50
2,114,46.476296,0.500000,False,0.000000,57.381481,至少两人有参赛经历:0.00；三人专业不同:1.00
2,115,83.325523,1.000000,True,0.000000,66.627616,至少两人有参赛经历:1.00；三人专业不同:1.00
2,116,68.161111,0.750000,False,0.333333,61.638889,至少两人有参赛经历:1.00；三人专业不同:0.50
2,117,49.552342,0.500000,False,0.333333,56.095041,至少两人有参赛经历:0.00；三人专业不同:1.00
2,118,66.146221,0.750000,False,0.000000,68.231103,至少两人有参赛经历:0.50；三人专业不同:1.00
2,119,67.260784,0.750000,False,0.333333,57.137255,至少两人有参赛经历:0.50；三人专业不同:1.00
2,120,66.888933,0.750000,False,0.333333,55.278000,至少两人有参赛经历:0.50；三人专业不同:1.00
2,121,71.912691,0.750000,False,0.666667,63.730120,至少两人有参赛经历:0.50；三人专业不同:1.00
2,122,30.384162,0.250000,False,0.000000,64.420812,至少两人有参赛经历:0.50；三人专业不同:0.00
2,123,66.142499,0.750000,False,0.000000,68.212496,至少两人有参赛经历:1.00；三人专业不同:0.50
2,124,31.506222,0.250000,False,0.333333,53.364441,至少两人有参赛经历:0.00；三人专业不同:0.50
2,125,33.110718,0.250000,False,0.333333,61.386923,至少两人有参赛经历:0.00；三人专业不同:0.50
2,126,52.806332,0.500000,False,0.666667,55.698327,至少两人有参赛经历:0.50；三人专业不同:0.50
2,127,74.421701,0.750000,False,1.000000,59.608507,至少两人有参赛经历:1.00；三人专业不同:0.50
2,128,85.180222,1.000000,True,0.333333,59.234443,至少两人有参赛经历:1.00；三人专业不同:1.00
2,129,50.749724,0.500000,False,0.666667,45.415285,至少两人有参赛经历:0.50；三人专业不同:0.50
2,130,70.657193,0.750000,False,0.333333,74.119297,至少两人有参赛经历:1.00；三人专业不同:0.50
2,131,82.057675,1.000000,True,0.000000,60.288377,至少两人有参赛经历:1.00；三人专业不同:1.00
2,132,90.139319,1.000000,True,0.666667,67.363260,至少两人有参赛经历:1.00；三人专业不同:1.00
2,133,53.336166,0.500000,False,0.666667,58.347495,至少两人有参赛经历:0.50；三人专业不同:0.50
2,134,29.611029,0.250000,False,0.000000,60.555147,至少两人有参赛经历:0.50；三人专业不同:0.00
2,135,48.214976,0.500000,False,0.000000,66.074879,至少两人有参赛经历:1.00；三人专业不同:0.00
2,136,35.318668,0.250000,False,0.666667,55.760009,至少两人有参赛经历:0.00；三人专业不同:0.50
2,137,72.270255,0.750000,False,0.666667,65.517940,至少两人有参赛经历:1.00；三人专业不同:0.50
2,138,88.859022,1.000000,True,0.333333,77.628444,至少两人有参赛经历:1.00；三人专业不同:1.00
2,139,64.369091,0.750000,False,0.000000,59.345455,至少两人有参赛经历:0.50；三人专业不同:1.00
2,140,63.778794,0.750000,False,0.000000,56.393970,至少两人有参赛经历:0.50；三人专业不同:1.00
2,141,89.154722,1.000000,True,0.666667,62.440275,至少两人有参赛经历:1.00；三人专业不同:1.00
2,142,27.426924,0.250000,False,0.000000,49.634622,至少两人有参赛经历:0.00；三人专业不同:0.50
2,143,49.324667,0.500000,False,0.000000,71.623336,至少两人有参赛经历:0.50；三人专业不同:0.50
2,144,52.296111,0.500000,False,0.666667,53.147222,至少两人有参赛经历:0.50；三人专业不同:0.50
2,145,65.193539,0.750000,False,0.000000,63.467693,至少两人有参赛经历:0.50；三人专业不同:1.00
2,146,28.775244,0.250000,False,0.000000,56.376220,至少两人有参赛经历:0.50；三人专业不同:0.00
2,147,68.503157,0.750000,False,0.333333,63.349119,至少两人有参赛经历:0.50；三人专业不同:1.00
2,148,30.179218,0.250000,False,0.000000,63.396090,至少两人有参赛经历:0.00；三人专业不同:0.50
2,149,66.449108,0.750000,False,0.000000,69.745540,至少两人有参赛经历:1.00；三人专业不同:0.50
2,150,9.988889,0.000000,False,0.000000,49.944444,至少两人有参赛经历:0.00；三人专业不同:0.00
2,151,71.660000,0.750000,False,0.666667,62.466667,至少两人有参赛经历:1.00；三人专业不同:0.50
2,152,67.053046,0.750000,False,0.333333,56.098563,至少两人有参赛经历:0.50；三人专业不同:1.00
2,153,68.358132,0.750000,False,0.333333,62.623994,至少两人有参赛经历:0.50；三人专业不同:1.00
2,154,9.816764,0.000000,False,0.000000,49.083821,至少两人有参赛经历:0.00；三人专业不同:0.00
2,155,30.616129,0.250000,False,0.000000,65.580645,至少两人有参赛经历:0.50；三人专业不同:0.00
2,156,64.994885,0.750000,False,0.000000,62.474425,至少两人有参赛经历:0.50；三人专业不同:1.00
2,157,84.709300,1.000000,True,0.000000,73.546498,至少两人有参赛经历:1.00；三人专业不同:1.00
2,158,53.985685,0.500000,False,0.666667,61.595090,至少两人有参赛经历:0.50；三人专业不同:0.50
2,159,47.356461,0.500000,False,0.000000,61.782306,至少两人有参赛经历:0.00；三人专业不同:1.00
2,160,47.135647,0.500000,False,0.000000,60.678237,至少两人有参赛经历:0.50；三人专业不同:0.50
2,161,46.474979,0.500000,False,0.000000,57.374894,至少两人有参赛经历:0.50；三人专业不同:0.50
2,162,53.457773,0.500000,False,0.666667,58.955530,至少两人有参赛经历:0.50；三人专业不同:0.50
2,163,67.717824,0.750000,False,0.333333,59.422454,至少两人有参赛经历:0.50；三人专业不同:1.00
2,164,44.905464,0.500000,False,0.000000,49.527320,至少两人有参赛经历:0.50；三人专业不同:0.50
2,165,27.465278,0.250000,False,0.000000,49.826389,至少两人有参赛经历:0.00；三人专业不同:0.50
2,166,27.199044,0.250000,False,0.000000,48.495219,至少两人有参赛经历:0.50；三人专业不同:0.00
2,167,66.996406,0.750000,False,0.333333,55.815366,至少两人有参赛经历:0.50；三人专业不同:1.00
2,168,84.837333,1.000000,True,0.333333,57.520000,至少两人有参赛经历:1.00；三人专业不同:1.00
2,169,87.334473,1.000000,True,0.333333,70.005698,至少两人有参赛经历:1.00；三人专业不同:1.00
2,170,53.350186,0.500000,False,0.666667,58.417595,至少两人有参赛经历:0.50；三人专业不同:0.50
2,171,84.503595,1.000000,True,0.333333,55.851307,至少两人有参赛经历:1.00；三人专业不同:1.00
2,172,87.275141,1.000000,True,0.333333,69.709040,至少两人有参赛经历:1.00；三人专业不同:1.00
2,173,47.036625,0.500000,False,0.333333,43.516461,至少两人有参赛经历:0.00；三人专业不同:1.00
2,174,87.925633,1.000000,True,0.333333,72.961497,至少两人有参赛经历:1.00；三人专业不同:1.00
2,175,87.982124,1.000000,True,0.333333,73.243955,至少两人有参赛经历:1.00；三人专业不同:1.00
29,1,46.655914,0.500000,False,0.000000,58.279570,至少两人有参赛经历:0.50
29,2,85.377179,1.000000,True,0.000000,76.885895,至少两人有参赛经历:1.00
29,3,81.714559,1.000000,True,0.000000,58.572797,至少两人有参赛经历:1.00
29,4,46.496705,0.500000,False,0.000000,57.483524,至少两人有参赛经历:0.50
29,5,86.298602,1.000000,True,0.333333,64.826344,至少两人有参赛经历:1.00
29,6,46.865679,0.500000,False,0.000000,59.328395,至少两人有参赛经历:0.50
29,7,46.390465,0.500000,False,0.000000,56.952327,至少两人有参赛经历:0.50
29,8,55.940741,0.500000,False,1.000000,54.703704,至少两人有参赛经历:0.50
29,9,51.539853,0.500000,False,0.333333,66.032600,至少两人有参赛经历:0.50
29,10,11.416667,0.000000,False,0.000000,57.083333,至少两人有参赛经历:0.00
29,11,87.421893,1.000000,True,0.333333,70.442798,至少两人有参赛经历:1.00
29,12,84.048043,1.000000,True,0.000000,70.240216,至少两人有参赛经历:1.00
29,13,14.348669,0.000000,False,0.333333,55.076676,至少两人有参赛经历:0.00
29,14,85.862524,1.000000,True,0.333333,62.645951,至少两人有参赛经历:1.00
29,15,87.993665,1.000000,True,0.333333,73.301659,至少两人有参赛经历:1.00
29,16,47.348000,0.500000,False,0.000000,61.740000,至少两人有参赛经历:0.50
29,17,46.701932,0.500000,False,0.000000,58.509662,至少两人有参赛经历:0.50
29,18,83.430707,1.000000,True,0.000000,67.153535,至少两人有参赛经历:1.00
29,19,46.453419,0.500000,False,0.000000,57.267094,至少两人有参赛经历:0.50
29,20,48.398175,0.500000,False,0.000000,66.990877,至少两人有参赛经历:0.50
29,21,7.486793,0.000000,False,0.000000,37.433964,至少两人有参赛经历:0.00
29,22,82.969261,1.000000,True,0.000000,64.846307,至少两人有参赛经历:1.00
29,23,50.699577,0.500000,False,0.333333,61.831220,至少两人有参赛经历:0.50
29,24,11.018382,0.000000,False,0.000000,55.091912,至少两人有参赛经历:0.00
29,25,52.855556,0.500000,False,0.666667,55.944444,至少两人有参赛经历:0.50
29,26,14.800772,0.000000,False,0.333333,57.337193,至少两人有参赛经历:0.00
29,27,9.510719,0.000000,False,0.000000,47.553595,至少两人有参赛经历:0.00
29,28,87.985842,1.000000,True,0.333333,73.262542,至少两人有参赛经历:1.00
29,29,13.187510,0.000000,False,0.333333,49.270885,至少两人有参赛经历:0.00
29,30,85.189316,1.000000,True,0.333333,59.279915,至少两人有参赛经历:1.00
29,31,46.275507,0.500000,False,0.000000,56.377536,至少两人有参赛经历:0.50
29,32,15.005506,0.000000,False,0.333333,58.360861,至少两人有参赛经历:0.00
29,33,47.009970,0.500000,False,0.000000,60.049851,至少两人有参赛经历:0.50
29,34,45.084477,0.500000,False,0.000000,50.422386,至少两人有参赛经历:0.50
29,35,55.930352,0.500000,False,1.000000,54.651762,至少两人有参赛经历:0.50
29,36,89.558347,1.000000,True,0.333333,81.125070,至少两人有参赛经历:1.00
29,37,91.446436,1.000000,True,0.666667,73.898846,至少两人有参赛经历:1.00
29,38,51.931195,0.500000,False,0.333333,67.989310,至少两人有参赛经历:0.50
29,39,80.901144,1.000000,True,0.000000,54.505722,至少两人有参赛经历:1.00
29,40,91.077066,1.000000,True,1.000000,55.385332,至少两人有参赛经历:1.00
29,41,81.400754,1.000000,True,0.000000,57.003771,至少两人有参赛经历:1.00
29,42,12.794510,0.000000,False,0.000000,63.972548,至少两人有参赛经历:0.00
29,43,11.781377,0.000000,False,0.000000,58.906887,至少两人有参赛经历:0.00
29,44,45.044527,0.500000,False,0.000000,50.222634,至少两人有参赛经历:0.50
29,45,50.104091,0.500000,False,0.333333,58.853789,至少两人有参赛经历:0.50
29,46,82.645829,1.000000,True,0.000000,63.229143,至少两人有参赛经历:1.00
29,47,55.364104,0.500000,False,1.000000,51.820518,至少两人有参赛经历:0.50
29,48,7.673946,0.000000,False,0.000000,38.369732,至少两人有参赛经历:0.00
29,49,53.478343,0.500000,False,1.000000,42.391714,至少两人有参赛经历:0.50
29,50,84.843706,1.000000,True,0.333333,57.551862,至少两人有参赛经历:1.00
29,51,10.673125,0.000000,False,0.000000,53.365623,至少两人有参赛经历:0.00
29,52,51.567544,0.500000,False,0.666667,49.504388,至少两人有参赛经历:0.50
29,53,56.925203,0.500000,False,1.000000,59.626016,至少两人有参赛经历:0.50
29,54,8.322137,0.000000,False,0.000000,41.610684,至少两人有参赛经历:0.00
29,55,10.402207,0.000000,False,0.000000,52.011036,至少两人有参赛经历:0.00
29,56,93.364236,1.000000,True,1.000000,66.821181,至少两人有参赛经历:1.00
29,57,10.097826,0.000000,False,0.000000,50.489130,至少两人有参赛经历:0.00
29,58,54.561878,0.500000,False,0.666667,64.476057,至少两人有参赛经历:0.50
29,59,22.556364,0.000000,False,1.000000,62.781822,至少两人有参赛经历:0.00
29,60,83.770180,1.000000,True,0.000000,68.850902,至少两人有参赛经历:1.00
29,61,48.573325,0.500000,False,0.000000,67.866626,至少两人有参赛经历:0.50
29,62,50.766333,0.500000,False,0.333333,62.164997,至少两人有参赛经历:0.50
29,63,84.067512,1.000000,True,0.000000,70.337558,至少两人有参赛经历:1.00
29,64,44.987440,0.500000,False,0.000000,49.937198,至少两人有参赛经历:0.50
29,65,55.716328,0.500000,False,1.000000,53.581640,至少两人有参赛经历:0.50
29,66,83.643148,1.000000,True,0.000000,68.215738,至少两人有参赛经历:1.00
29,67,48.241300,0.500000,False,0.000000,66.206500,至少两人有参赛经历:0.50
29,68,84.454998,1.000000,True,0.000000,72.274990,至少两人有参赛经历:1.00
29,69,47.323177,0.500000,False,0.000000,61.615885,至少两人有参赛经历:0.50
29,70,48.244029,0.500000,False,0.000000,66.220147,至少两人有参赛经历:0.50
29,71,49.977333,0.500000,False,0.333333,58.220000,至少两人有参赛经历:0.50
29,72,83.235479,1.000000,True,0.000000,66.177397,至少两人有参赛经历:1.00
29,73,48.270131,0.500000,False,0.000000,66.350653,至少两人有参赛经历:0.50
29,74,50.207844,0.500000,False,0.333333,59.372551,至少两人有参赛经历:0.50
29,75,55.258945,0.500000,False,1.000000,51.294727,至少两人有参赛经历:0.50
29,76,85.239130,1.000000,True,0.000000,76.195652,至少两人有参赛经历:1.00
29,77,11.270808,0.000000,False,0.000000,56.354040,至少两人有参赛经历:0.00
29,78,83.015835,1.000000,True,0.000000,65.079177,至少两人有参赛经历:1.00
29,79,47.645363,0.500000,False,0.000000,63.226815,至少两人有参赛经历:0.50
29,80,83.553354,1.000000,True,0.000000,67.766771,至少两人有参赛经历:1.00
29,81,48.754898,0.500000,False,0.000000,68.774492,至少两人有参赛经历:0.50
29,82,11.721527,0.000000,False,0.000000,58.607634,至少两人有参赛经历:0.00
29,83,45.912500,0.500000,False,0.000000,54.562500,至少两人有参赛经历:0.50
29,84,83.247144,1.000000,True,0.333333,49.569054,至少两人有参赛经历:1.00
29,85,81.968220,1.000000,True,0.000000,59.841102,至少两人有参赛经历:1.00
29,86,47.782502,0.500000,False,0.000000,63.912512,至少两人有参赛经历:0.50
29,87,47.608070,0.500000,False,0.000000,63.040351,至少两人有参赛经历:0.50
29,88,45.257151,0.500000,False,0.000000,51.285757,至少两人有参赛经历:0.50
29,89,54.570789,0.500000,False,0.666667,64.520609,至少两人有参赛经历:0.50
29,90,81.272164,1.000000,True,0.000000,56.360820,至少两人有参赛经历:1.00
29,91,46.932151,0.500000,False,0.000000,59.660754,至少两人有参赛经历:0.50
29,92,89.700000,1.000000,True,0.666667,65.166667,至少两人有参赛经历:1.00
29,93,87.322786,1.000000,True,0.333333,69.947262,至少两人有参赛经历:1.00
29,94,84.815960,1.000000,True,0.000000,74.079798,至少两人有参赛经历:1.00
29,95,46.239017,0.500000,False,0.000000,56.195083,至少两人有参赛经历:0.50
29,96,82.944414,1.000000,True,0.000000,64.722072,至少两人有参赛经历:1.00
29,97,47.035185,0.500000,False,0.000000,60.175926,至少两人有参赛经历:0.50
29,98,47.579347,0.500000,False,0.000000,62.896737,至少两人有参赛经历:0.50
29,99,12.818889,0.000000,False,0.333333,47.427778,至少两人有参赛经历:0.00
29,100,86.303060,1.000000,True,0.333333,64.848631,至少两人有参赛经历:1.00
29,101,16.888526,0.000000,False,0.666667,51.109295,至少两人有参赛经历:0.00
29,102,49.139566,0.500000,False,0.000000,70.697829,至少两人有参赛经历:0.50
29,103,87.393674,1.000000,True,0.333333,70.301705,至少两人有参赛经历:1.00
29,104,54.514058,0.500000,False,0.666667,64.236959,至少两人有参赛经历:0.50
29,105,47.154902,0.500000,False,0.000000,60.774510,至少两人有参赛经历:0.50
29,106,85.436158,1.000000,True,0.000000,77.180791,至少两人有参赛经历:1.00
29,107,48.698142,0.500000,False,0.333333,51.824044,至少两人有参赛经历:0.50
29,108,83.536704,1.000000,True,0.000000,67.683520,至少两人有参赛经历:1.00
29,109,50.499548,0.500000,False,0.333333,60.831075,至少两人有参赛经历:0.50
29,110,11.773892,0.000000,False,0.000000,58.869458,至少两人有参赛经历:0.00
29,111,11.880796,0.000000,False,0.000000,59.403978,至少两人有参赛经历:0.00
29,112,85.515954,1.000000,True,0.000000,77.579772,至少两人有参赛经历:1.00
29,113,8.996239,0.000000,False,0.000000,44.981197,至少两人有参赛经历:0.00
29,114,11.476296,0.000000,False,0.000000,57.381481,至少两人有参赛经历:0.00
29,115,83.325523,1.000000,True,0.000000,66.627616,至少两人有参赛经历:1.00
29,116,85.661111,1.000000,True,0.333333,61.638889,至少两人有参赛经历:1.00
29,117,14.552342,0.000000,False,0.333333,56.095041,至少两人有参赛经历:0.00
29,118,48.646221,0.500000,False,0.000000,68.231103,至少两人有参赛经历:0.50
29,119,49.760784,0.500000,False,0.333333,57.137255,至少两人有参赛经历:0.50
29,120,49.388933,0.500000,False,0.333333,55.278000,至少两人有参赛经历:0.50
29,121,54.412691,0.500000,False,0.666667,63.730120,至少两人有参赛经历:0.50
29,122,47.884162,0.500000,False,0.000000,64.420812,至少两人有参赛经历:0.50
29,123,83.642499,1.000000,True,0.000000,68.212496,至少两人有参赛经历:1.00
29,124,14.006222,0.000000,False,0.333333,53.364441,至少两人有参赛经历:0.00
29,125,15.610718,0.000000,False,0.333333,61.386923,至少两人有参赛经历:0.00
29,126,52.806332,0.500000,False,0.666667,55.698327,至少两人有参赛经历:0.50
29,127,91.921701,1.000000,True,1.000000,59.608507,至少两人有参赛经历:1.00
29,128,85.180222,1.000000,True,0.333333,59.234443,至少两人有参赛经历:1.00
29,129,50.749724,0.500000,False,0.666667,45.415285,至少两人有参赛经历:0.50
29,130,88.157193,1.000000,True,0.333333,74.119297,至少两人有参赛经历:1.00
29,131,82.057675,1.000000,True,0.000000,60.288377,至少两人有参赛经历:1.00
29,132,90.139319,1.000000,True,0.666667,67.363260,至少两人有参赛经历:1.00
29,133,53.336166,0.500000,False,0.666667,58.347495,至少两人有参赛经历:0.50
29,134,47.111029,0.500000,False,0.000000,60.555147,至少两人有参赛经历:0.50
29,135,83.214976,1.000000,True,0.000000,66.074879,至少两人有参赛经历:1.00
29,136,17.818668,0.000000,False,0.666667,55.760009,至少两人有参赛经历:0.00
29,137,89.770255,1.000000,True,0.666667,65.517940,至少两人有参赛经历:1.00
29,138,88.859022,1.000000,True,0.333333,77.628444,至少两人有参赛经历:1.00
29,139,46.869091,0.500000,False,0.000000,59.345455,至少两人有参赛经历:0.50
29,140,46.278794,0.500000,False,0.000000,56.393970,至少两人有参赛经历:0.50
29,141,89.154722,1.000000,True,0.666667,62.440275,至少两人有参赛经历:1.00
29,142,9.926924,0.000000,False,0.000000,49.634622,至少两人有参赛经历:0.00
29,143,49.324667,0.500000,False,0.000000,71.623336,至少两人有参赛经历:0.50
29,144,52.296111,0.500000,False,0.666667,53.147222,至少两人有参赛经历:0.50
29,145,47.693539,0.500000,False,0.000000,63.467693,至少两人有参赛经历:0.50
29,146,46.275244,0.500000,False,0.000000,56.376220,至少两人有参赛经历:0.50
29,147,51.003157,0.500000,False,0.333333,63.349119,至少两人有参赛经历:0.50
29,148,12.679218,0.000000,False,0.000000,63.396090,至少两人有参赛经历:0.00
29,149,83.949108,1.000000,True,0.000000,69.745540,至少两人有参赛经历:1.00
29,150,9.988889,0.000000,False,0.000000,49.944444,至少两人有参赛经历:0.00
29,151,89.160000,1.000000,True,0.666667,62.466667,至少两人有参赛经历:1.00
29,152,49.553046,0.500000,False,0.333333,56.098563,至少两人有参赛经历:0.50
29,153,50.858132,0.500000,False,0.333333,62.623994,至少两人有参赛经历:0.50
29,154,9.816764,0.000000,False,0.000000,49.083821,至少两人有参赛经历:0.00
29,155,48.116129,0.500000,False,0.000000,65.580645,至少两人有参赛经历:0.50
29,156,47.494885,0.500000,False,0.000000,62.474425,至少两人有参赛经历:0.50
29,157,84.709300,1.000000,True,0.000000,73.546498,至少两人有参赛经历:1.00
29,158,53.985685,0.500000,False,0.666667,61.595090,至少两人有参赛经历:0.50
29,159,12.356461,0.000000,False,0.000000,61.782306,至少两人有参赛经历:0.00
29,160,47.135647,0.500000,False,0.000000,60.678237,至少两人有参赛经历:0.50
29,161,46.474979,0.500000,False,0.000000,57.374894,至少两人有参赛经历:0.50
29,162,53.457773,0.500000,False,0.666667,58.955530,至少两人有参赛经历:0.50
29,163,50.217824,0.500000,False,0.333333,59.422454,至少两人有参赛经历:0.50
29,164,44.905464,0.500000,False,0.000000,49.527320,至少两人有参赛经历:0.50
29,165,9.965278,0.000000,False,0.000000,49.826389,至少两人有参赛经历:0.00
29,166,44.699044,0.500000,False,0.000000,48.495219,至少两人有参赛经历:0.50
29,167,49.496406,0.500000,False,0.333333,55.815366,至少两人有参赛经历:0.50
29,168,84.837333,1.000000,True,0.333333,57.520000,至少两人有参赛经历:1.00
29,169,87.334473,1.000000,True,0.333333,70.005698,至少两人有参赛经历:1.00
29,170,53.350186,0.500000,False,0.666667,58.417595,至少两人有参赛经历:0.50
29,171,84.503595,1.000000,True,0.333333,55.851307,至少两人有参赛经历:1.00
29,172,87.275141,1.000000,True,0.333333,69.709040,至少两人有参赛经历:1.00
29,173,12.036625,0.000000,False,0.333333,43.516461,至少两人有参赛经历:0.00
29,174,87.925633,1.000000,True,0.333333,72.961497,至少两人有参赛经历:1.00
29,175,87.982124,1.000000,True,0.333333,73.243955,至少两人有参赛经历:1.00
21,1,56.655914,0.500000,False,1.000000,58.279570,三人均有参赛经历:0.33；三人均为二年级以上:0.67；三人专业不同:0.50
21,2,79.821623,0.777778,False,1.000000,76.885895,三人均有参赛经历:0.67；三人均为二年级以上:0.67；三人专业不同:1.00
21,3,52.825670,0.444444,False,1.000000,58.572797,三人均有参赛经历:0.67；三人均为二年级以上:0.67；三人专业不同:0.00
21,4,75.941149,0.777778,False,1.000000,57.483524,三人均有参赛经历:0.33；三人均为二年级以上:1.00；三人专业不同:1.00
21,5,77.409713,0.777778,False,1.000000,64.826344,三人均有参赛经历:0.67；三人均为二年级以上:0.67；三人专业不同:1.00
21,6,56.865679,0.500000,False,1.000000,59.328395,三人均有参赛经历:0.33；三人均为二年级以上:0.67；三人专业不同:0.50
21,7,68.057132,0.666667,False,1.000000,56.952327,三人均有参赛经历:0.33；三人均为二年级以上:0.67；三人专业不同:1.00
21,8,52.051852,0.444444,False,1.000000,54.703704,三人均有参赛经历:0.33；三人均为二年级以上:1.00；三人专业不同:0.00
21,9,77.650964,0.777778,False,1.000000,66.032600,三人均有参赛经历:0.33；三人均为二年级以上:1.00；三人专业不同:1.00
21,10,48.638889,0.388889,False,1.000000,57.083333,三人均有参赛经历:0.00；三人均为二年级以上:0.67；三人专业不同:0.50
21,11,86.310782,0.888889,False,1.000000,70.442798,三人均有参赛经历:0.67；三人均为二年级以上:1.00；三人专业不同:1.00
21,12,74.603599,0.722222,False,1.000000,70.240216,三人均有参赛经历:0.67；三人均为二年级以上:1.00；三人专业不同:0.50
21,13,52.126446,0.444444,False,1.000000,55.076676,三人均有参赛经历:0.00；三人均为二年级以上:0.33；三人专业不同:1.00
21,14,84.751412,0.888889,False,1.000000,62.645951,三人均有参赛经历:0.67；三人均为二年级以上:1.00；三人专业不同:1.00
21,15,86.882554,0.888889,False,1.000000,73.301659,三人均有参赛经历:0.67；三人均为二年级以上:1.00；三人专业不同:1.00
21,16,57.348000,0.500000,False,1.000000,61.740000,三人均有参赛经历:0.33；三人均为二年级以上:0.67；三人专业不同:0.50
21,17,60.590821,0.555556,False,1.000000,58.509662,三人均有参赛经历:0.33；三人均为二年级以上:0.33；三人专业不同:1.00
21,18,54.541818,0.444444,False,1.000000,67.153535,三人均有参赛经历:0.67；三人均为二年级以上:0.67；三人专业不同:0.00
21,19,44.786752,0.333333,False,1.000000,57.267094,三人均有参赛经历:0.33；三人均为二年级以上:0.67；三人专业不同:0.00
21,20,66.175953,0.611111,False,1.000000,66.990877,三人均有参赛经历:0.33；三人均为二年级以上:1.00；三人专业不同:0.50
21,21,36.931237,0.277778,False,1.000000,37.433964,三人均有参赛经历:0.00；三人均为二年级以上:0.33；三人专业不同:0.50
21,22,77.413706,0.777778,False,1.000000,64.846307,三人均有参赛经历:0.67；三人均为二年级以上:0.67；三人专业不同:1.00
21,23,57.366244,0.500000,False,1.000000,61.831220,三人均有参赛经历:0.33；三人均为二年级以上:0.67；三人专业不同:0.50
21,24,40.462827,0.277778,False,1.000000,55.091912,三人均有参赛经历:0.00；三人均为二年级以上:0.33；三人专业不同:0.50
21,25,63.966667,0.611111,False,1.000000,55.944444,三人均有参赛经历:0.33；三人均为二年级以上:1.00；三人专业不同:0.50
21,26,60.356327,0.555556,False,1.000000,57.337193,三人均有参赛经历:0.00；三人均为二年级以上:0.67；三人专业不同:1.00
21,27,38.955163,0.277778,False,1.000000,47.553595,三人均有参赛经历:0.00；三人均为二年级以上:0.33；三人专业不同:0.50
21,28,94.652508,1.000000,True,1.000000,73.262542,三人均有参赛经历:1.00；三人均为二年级以上:1.00；三人专业不同:1.00
21,29,58.743066,0.555556,False,1.000000,49.270885,三人均有参赛经历:0.00；三人均为二年级以上:0.67；三人专业不同:1.00
21,30,84.078205,0.888889,False,1.000000,59.279915,三人均有参赛经历:0.67；三人均为二年级以上:1.00；三人专业不同:1.00
21,31,48.497729,0.388889,False,1.000000,56.377536,三人均有参赛经历:0.33；三人均为二年级以上:0.33；三人专业不同:0.50
21,32,60.561061,0.555556,False,1.000000,58.360861,三人均有参赛经历:0.00；三人均为二年级以上:0.67；三人专业不同:1.00
21,33,68.676637,0.666667,False,1.000000,60.049851,三人均有参赛经历:0.33；三人均为二年级以上:0.67；三人专业不同:1.00
21,34,43.417810,0.333333,False,1.000000,50.422386,三人均有参赛经历:0.33；三人均为二年级以上:0.67；三人专业不同:0.00
21,35,55.930352,0.500000,False,1.000000,54.651762,三人均有参赛经历:0.33；三人均为二年级以上:0.67；三人专业不同:0.50
21,36,84.558347,0.833333,False,1.000000,81.125070,三人均有参赛经历:1.00；三人均为二年级以上:1.00；三人专业不同:0.50
21,37,75.335325,0.722222,False,1.000000,73.898846,三人均有参赛经历:0.67；三人均为二年级以上:1.00；三人专业不同:0.50
21,38,66.375640,0.611111,False,1.000000,67.989310,三人均有参赛经历:0.33；三人均为二年级以上:1.00；三人专业不同:0.50
21,39,75.345589,0.777778,False,1.000000,54.505722,三人均有参赛经历:0.67；三人均为二年级以上:0.67；三人专业不同:1.00
21,40,52.188178,0.444444,False,1.000000,55.385332,三人均有参赛经历:0.67；三人均为二年级以上:0.67；三人专业不同:0.00
21,41,83.622976,0.888889,False,1.000000,57.003771,三人均有参赛经历:0.67；三人均为二年级以上:1.00；三人专业不同:1.00
21,42,50.016732,0.388889,False,1.000000,63.972548,三人均有参赛经历:0.00；三人均为二年级以上:0.67；三人专业不同:0.50
21,43,56.781377,0.500000,False,1.000000,58.906887,三人均有参赛经历:0.00；三人均为二年级以上:1.00；三人专业不同:0.50
21,44,47.266749,0.388889,False,1.000000,50.222634,三人均有参赛经历:0.33；三人均为二年级以上:0.33；三人专业不同:0.50
21,45,68.437425,0.666667,False,1.000000,58.853789,三人均有参赛经历:0.33；三人均为二年级以上:0.67；三人专业不同:1.00
21,46,84.868051,0.888889,False,1.000000,63.229143,三人均有参赛经历:0.67；三人均为二年级以上:1.00；三人专业不同:1.00
21,47,47.586326,0.388889,False,1.000000,51.820518,三人均有参赛经历:0.33；三人均为二年级以上:0.33；三人专业不同:0.50
21,48,33.229502,0.222222,False,1.000000,38.369732,三人均有参赛经历:0.00；三人均为二年级以上:0.67；三人专业不同:0.00
21,49,34.033898,0.222222,False,1.000000,42.391714,三人均有参赛经历:0.33；三人均为二年级以上:0.33；三人专业不同:0.00
21,50,75.954817,0.777778,False,1.000000,57.551862,三人均有参赛经历:0.67；三人均为二年级以上:0.67；三人专业不同:1.00
21,51,32.339791,0.166667,False,1.000000,53.365623,三人均有参赛经历:0.00；三人均为二年级以上:0.00；三人专业不同:0.50
21,52,47.123100,0.388889,False,1.000000,49.504388,三人均有参赛经历:0.33；三人均为二年级以上:0.33；三人专业不同:0.50
21,53,37.480759,0.222222,False,1.000000,59.626016,三人均有参赛经历:0.33；三人均为二年级以上:0.33；三人专业不同:0.00
21,54,57.211026,0.555556,False,1.000000,41.610684,三人均有参赛经历:0.00；三人均为二年级以上:0.67；三人专业不同:1.00
21,55,51.513318,0.444444,False,1.000000,52.011036,三人均有参赛经历:0.00；三人均为二年级以上:0.33；三人专业不同:1.00
21,56,54.475347,0.444444,False,1.000000,66.821181,三人均有参赛经历:0.67；三人均为二年级以上:0.67；三人专业不同:0.00
21,57,35.653382,0.222222,False,1.000000,50.489130,三人均有参赛经历:0.00；三人均为二年级以上:0.67；三人专业不同:0.00
21,58,57.895211,0.500000,False,1.000000,64.476057,三人均有参赛经历:0.33；三人均为二年级以上:0.67；三人专业不同:0.50
21,59,57.556364,0.500000,False,1.000000,62.781822,三人均有参赛经历:0.00；三人均为二年级以上:1.00；三人专业不同:0.50
21,60,74.325736,0.722222,False,1.000000,68.850902,三人均有参赛经历:0.67；三人均为二年级以上:1.00；三人专业不同:0.50
21,61,78.017770,0.777778,False,1.000000,67.866626,三人均有参赛经历:0.33；三人均为二年级以上:1.00；三人专业不同:1.00
21,62,69.099666,0.666667,False,1.000000,62.164997,三人均有参赛经历:0.33；三人均为二年级以上:0.67；三人专业不同:1.00
21,63,78.511956,0.777778,False,1.000000,70.337558,三人均有参赛经历:0.67；三人均为二年级以上:0.67；三人专业不同:1.00
21,64,58.876329,0.555556,False,1.000000,49.937198,三人均有参赛经历:0.33；三人均为二年级以上:0.33；三人专业不同:1.00
21,65,36.271883,0.222222,False,1.000000,53.581640,三人均有参赛经历:0.33；三人均为二年级以上:0.33；三人专业不同:0.00
21,66,54.754259,0.444444,False,1.000000,68.215738,三人均有参赛经历:0.67；三人均为二年级以上:0.67；三人专业不同:0.00
21,67,66.019078,0.611111,False,1.000000,66.206500,三人均有参赛经历:0.33；三人均为二年级以上:1.00；三人专业不同:0.50
21,68,75.010554,0.722222,False,1.000000,72.274990,三人均有参赛经历:0.67；三人均为二年级以上:1.00；三人专业不同:0.50
21,69,57.323177,0.500000,False,1.000000,61.615885,三人均有参赛经历:0.33；三人均为二年级以上:0.67；三人专业不同:0.50
21,70,69.910696,0.666667,False,1.000000,66.220147,三人均有参赛经历:0.33；三人均为二年级以上:0.67；三人专业不同:1.00
21,71,76.088444,0.777778,False,1.000000,58.220000,三人均有参赛经历:0.33；三人均为二年级以上:1.00；三人专业不同:1.00
21,72,66.013257,0.611111,False,1.000000,66.177397,三人均有参赛经历:0.67；三人均为二年级以上:0.67；三人专业不同:0.50
21,73,58.270131,0.500000,False,1.000000,66.350653,三人均有参赛经历:0.33；三人均为二年级以上:0.67；三人专业不同:0.50
21,74,60.763399,0.555556,False,1.000000,59.372551,三人均有参赛经历:0.33；三人均为二年级以上:0.33；三人专业不同:1.00
21,75,47.481168,0.388889,False,1.000000,51.294727,三人均有参赛经历:0.33；三人均为二年级以上:0.33；三人专业不同:0.50
21,76,64.128019,0.555556,False,1.000000,76.195652,三人均有参赛经历:0.67；三人均为二年级以上:1.00；三人专业不同:0.00
21,77,40.715253,0.277778,False,1.000000,56.354040,三人均有参赛经历:0.00；三人均为二年级以上:0.33；三人专业不同:0.50
21,78,93.015835,1.000000,True,1.000000,65.079177,三人均有参赛经历:1.00；三人均为二年级以上:1.00；三人专业不同:1.00
21,79,65.423141,0.611111,False,1.000000,63.226815,三人均有参赛经历:0.33；三人均为二年级以上:1.00；三人专业不同:0.50
21,80,77.997799,0.777778,False,1.000000,67.766771,三人均有参赛经历:0.67；三人均为二年级以上:0.67；三人专业不同:1.00
21,81,70.421565,0.666667,False,1.000000,68.774492,三人均有参赛经历:0.33；三人均为二年级以上:0.67；三人专业不同:1.00
21,82,41.165971,0.277778,False,1.000000,58.607634,三人均有参赛经历:0.00；三人均为二年级以上:0.33；三人专业不同:0.50
21,83,55.912500,0.500000,False,1.000000,54.562500,三人均有参赛经历:0.33；三人均为二年级以上:0.67；三人专业不同:0.50
21,84,74.358255,0.777778,False,1.000000,49.569054,三人均有参赛经历:0.67；三人均为二年级以上:0.67；三人专业不同:1.00
21,85,64.745998,0.611111,False,1.000000,59.841102,三人均有参赛经历:0.67；三人均为二年级以上:0.67；三人专业不同:0.50
21,86,57.782502,0.500000,False,1.000000,63.912512,三人均有参赛经历:0.33；三人均为二年级以上:0.67；三人专业不同:0.50
21,87,69.274737,0.666667,False,1.000000,63.040351,三人均有参赛经历:0.33；三人均为二年级以上:0.67；三人专业不同:1.00
21,88,55.257151,0.500000,False,1.000000,51.285757,三人均有参赛经历:0.33；三人均为二年级以上:0.67；三人专业不同:0.50
21,89,65.681900,0.611111,False,1.000000,64.520609,三人均有参赛经历:0.33；三人均为二年级以上:1.00；三人专业不同:0.50
21,90,75.716608,0.777778,False,1.000000,56.360820,三人均有参赛经历:0.67；三人均为二年级以上:0.67；三人专业不同:1.00
21,91,53.043262,0.444444,False,1.000000,59.660754,三人均有参赛经历:0.33；三人均为二年级以上:1.00；三人专业不同:0.00
21,92,77.477778,0.777778,False,1.000000,65.166667,三人均有参赛经历:0.67；三人均为二年级以上:0.67；三人专业不同:1.00
21,93,78.433897,0.777778,False,1.000000,69.947262,三人均有参赛经历:0.67；三人均为二年级以上:0.67；三人专业不同:1.00
21,94,55.927071,0.444444,False,1.000000,74.079798,三人均有参赛经历:0.67；三人均为二年级以上:0.67；三人专业不同:0.00
21,95,67.905683,0.666667,False,1.000000,56.195083,三人均有参赛经历:0.33；三人均为二年级以上:0.67；三人专业不同:1.00
21,96,65.722192,0.611111,False,1.000000,64.722072,三人均有参赛经历:0.67；三人均为二年级以上:0.67；三人专业不同:0.50
21,97,57.035185,0.500000,False,1.000000,60.175926,三人均有参赛经历:0.33；三人均为二年级以上:0.67；三人专业不同:0.50
21,98,53.690459,0.444444,False,1.000000,62.896737,三人均有参赛经历:0.33；三人均为二年级以上:1.00；三人专业不同:0.00
21,99,38.930000,0.277778,False,1.000000,47.427778,三人均有参赛经历:0.00；三人均为二年级以上:0.33；三人专业不同:0.50
21,100,65.747504,0.611111,False,1.000000,64.848631,三人均有参赛经历:0.67；三人均为二年级以上:0.67；三人专业不同:0.50
21,101,59.110748,0.555556,False,1.000000,51.109295,三人均有参赛经历:0.00；三人均为二年级以上:0.67；三人专业不同:1.00
21,102,66.917344,0.611111,False,1.000000,70.697829,三人均有参赛经历:0.33；三人均为二年级以上:1.00；三人专业不同:0.50
21,103,82.393674,0.833333,False,1.000000,70.301705,三人均有参赛经历:1.00；三人均为二年级以上:1.00；三人专业不同:0.50
21,104,69.514058,0.666667,False,1.000000,64.236959,三人均有参赛经历:0.33；三人均为二年级以上:0.67；三人专业不同:1.00
21,105,53.266013,0.444444,False,1.000000,60.774510,三人均有参赛经历:0.33；三人均为二年级以上:1.00；三人专业不同:0.00
21,106,72.102825,0.666667,False,1.000000,77.180791,三人均有参赛经历:1.00；三人均为二年级以上:1.00；三人专业不同:0.00
21,107,59.253698,0.555556,False,1.000000,51.824044,三人均有参赛经历:0.33；三人均为二年级以上:0.33；三人专业不同:1.00
21,108,85.758926,0.888889,False,1.000000,67.683520,三人均有参赛经历:0.67；三人均为二年级以上:1.00；三人专业不同:1.00
21,109,64.943993,0.611111,False,1.000000,60.831075,三人均有参赛经历:0.33；三人均为二年级以上:1.00；三人专业不同:0.50
21,110,48.996114,0.388889,False,1.000000,58.869458,三人均有参赛经历:0.00；三人均为二年级以上:0.67；三人专业不同:0.50
21,111,37.436351,0.222222,False,1.000000,59.403978,三人均有参赛经历:0.00；三人均为二年级以上:0.67；三人专业不同:0.00
21,112,83.849288,0.833333,False,1.000000,77.579772,三人均有参赛经历:1.00；三人均为二年级以上:1.00；三人专业不同:0.50
21,113,46.218462,0.388889,False,1.000000,44.981197,三人均有参赛经历:0.00；三人均为二年级以上:0.67；三人专业不同:0.50
21,114,52.587407,0.444444,False,1.000000,57.381481,三人均有参赛经历:0.00；三人均为二年级以上:0.33；三人专业不同:1.00
21,115,85.547745,0.888889,False,1.000000,66.627616,三人均有参赛经历:0.67；三人均为二年级以上:1.00；三人专业不同:1.00
21,116,65.105556,0.611111,False,1.000000,61.638889,三人均有参赛经历:0.67；三人均为二年级以上:0.67；三人专业不同:0.50
21,117,67.885675,0.666667,False,1.000000,56.095041,三人均有参赛经历:0.00；三人均为二年级以上:1.00；三人专业不同:1.00
21,118,78.090665,0.777778,False,1.000000,68.231103,三人均有参赛经历:0.33；三人均为二年级以上:1.00；三人专业不同:1.00
21,119,68.094118,0.666667,False,1.000000,57.137255,三人均有参赛经历:0.33；三人均为二年级以上:0.67；三人专业不同:1.00
21,120,75.500044,0.777778,False,1.000000,55.278000,三人均有参赛经历:0.33；三人均为二年级以上:1.00；三人专业不同:1.00
21,121,69.412691,0.666667,False,1.000000,63.730120,三人均有参赛经历:0.33；三人均为二年级以上:0.67；三人专业不同:1.00
21,122,46.217496,0.333333,False,1.000000,64.420812,三人均有参赛经历:0.33；三人均为二年级以上:0.67；三人专业不同:0.00
21,123,74.198055,0.722222,False,1.000000,68.212496,三人均有参赛经历:0.67；三人均为二年级以上:1.00；三人专业不同:0.50
21,124,40.117333,0.277778,False,1.000000,53.364441,三人均有参赛经历:0.00；三人均为二年级以上:0.33；三人专业不同:0.50
21,125,49.499607,0.388889,False,1.000000,61.386923,三人均有参赛经历:0.00；三人均为二年级以上:0.67；三人专业不同:0.50
21,126,63.917443,0.611111,False,1.000000,55.698327,三人均有参赛经历:0.33；三人均为二年级以上:1.00；三人专业不同:0.50
21,127,72.477257,0.722222,False,1.000000,59.608507,三人均有参赛经历:0.67；三人均为二年级以上:1.00；三人专业不同:0.50
21,128,76.291333,0.777778,False,1.000000,59.234443,三人均有参赛经历:0.67；三人均为二年级以上:0.67；三人专业不同:1.00
21,129,54.083057,0.500000,False,1.000000,45.415285,三人均有参赛经历:0.33；三人均为二年级以上:0.67；三人专业不同:0.50
21,130,75.379415,0.722222,False,1.000000,74.119297,三人均有参赛经历:0.67；三人均为二年级以上:1.00；三人专业不同:0.50
21,131,76.502120,0.777778,False,1.000000,60.288377,三人均有参赛经历:0.67；三人均为二年级以上:0.67；三人专业不同:1.00
21,132,85.694874,0.888889,False,1.000000,67.363260,三人均有参赛经历:0.67；三人均为二年级以上:1.00；三人专业不同:1.00
21,133,64.447277,0.611111,False,1.000000,58.347495,三人均有参赛经历:0.33；三人均为二年级以上:1.00；三人专业不同:0.50
21,134,53.222141,0.444444,False,1.000000,60.555147,三人均有参赛经历:0.33；三人均为二年级以上:1.00；三人专业不同:0.00
21,135,62.103865,0.555556,False,1.000000,66.074879,三人均有参赛经历:0.67；三人均为二年级以上:1.00；三人专业不同:0.00
21,136,40.596446,0.277778,False,1.000000,55.760009,三人均有参赛经历:0.00；三人均为二年级以上:0.33；三人专业不同:0.50
21,137,65.881366,0.611111,False,1.000000,65.517940,三人均有参赛经历:0.67；三人均为二年级以上:0.67；三人专业不同:0.50
21,138,95.525689,1.000000,True,1.000000,77.628444,三人均有参赛经历:1.00；三人均为二年级以上:1.00；三人专业不同:1.00
21,139,60.757980,0.555556,False,1.000000,59.345455,三人均有参赛经历:0.33；三人均为二年级以上:0.33；三人专业不同:1.00
21,140,67.945461,0.666667,False,1.000000,56.393970,三人均有参赛经历:0.33；三人均为二年级以上:0.67；三人专业不同:1.00
21,141,84.710277,0.888889,False,1.000000,62.440275,三人均有参赛经历:0.67；三人均为二年级以上:1.00；三人专业不同:1.00
21,142,47.149147,0.388889,False,1.000000,49.634622,三人均有参赛经历:0.00；三人均为二年级以上:0.67；三人专业不同:0.50
21,143,59.324667,0.500000,False,1.000000,71.623336,三人均有参赛经历:0.33；三人均为二年级以上:0.67；三人专业不同:0.50
21,144,47.851667,0.388889,False,1.000000,53.147222,三人均有参赛经历:0.33；三人均为二年级以上:0.33；三人专业不同:0.50
21,145,69.360205,0.666667,False,1.000000,63.467693,三人均有参赛经历:0.33；三人均为二年级以上:0.67；三人专业不同:1.00
21,146,44.608577,0.333333,False,1.000000,56.376220,三人均有参赛经历:0.33；三人均为二年级以上:0.67；三人专业不同:0.00
21,147,69.336490,0.666667,False,1.000000,63.349119,三人均有参赛经历:0.33；三人均为二年级以上:0.67；三人专业不同:1.00
21,148,57.679218,0.500000,False,1.000000,63.396090,三人均有参赛经历:0.00；三人均为二年级以上:1.00；三人专业不同:0.50
21,149,74.504664,0.722222,False,1.000000,69.745540,三人均有参赛经历:0.67；三人均为二年级以上:1.00；三人专业不同:0.50
21,150,19.988889,0.000000,False,1.000000,49.944444,三人均有参赛经历:0.00；三人均为二年级以上:0.00；三人专业不同:0.00
21,151,65.271111,0.611111,False,1.000000,62.466667,三人均有参赛经历:0.67；三人均为二年级以上:0.67；三人专业不同:0.50
21,152,67.886379,0.666667,False,1.000000,56.098563,三人均有参赛经历:0.33；三人均为二年级以上:0.67；三人专业不同:1.00
21,153,76.969243,0.777778,False,1.000000,62.623994,三人均有参赛经历:0.33；三人均为二年级以上:1.00；三人专业不同:1.00
21,154,27.594542,0.111111,False,1.000000,49.083821,三人均有参赛经历:0.00；三人均为二年级以上:0.33；三人专业不同:0.00
21,155,54.227240,0.444444,False,1.000000,65.580645,三人均有参赛经历:0.33；三人均为二年级以上:1.00；三人专业不同:0.00
21,156,69.161552,0.666667,False,1.000000,62.474425,三人均有参赛经历:0.33；三人均为二年级以上:0.67；三人专业不同:1.00
21,157,86.931522,0.888889,False,1.000000,73.546498,三人均有参赛经历:0.67；三人均为二年级以上:1.00；三人专业不同:1.00
21,158,57.319018,0.500000,False,1.000000,61.595090,三人均有参赛经历:0.33；三人均为二年级以上:0.67；三人专业不同:0.50
21,159,69.023128,0.666667,False,1.000000,61.782306,三人均有参赛经历:0.00；三人均为二年级以上:1.00；三人专业不同:1.00
21,160,64.913425,0.611111,False,1.000000,60.678237,三人均有参赛经历:0.33；三人均为二年级以上:1.00；三人专业不同:0.50
21,161,48.697201,0.388889,False,1.000000,57.374894,三人均有参赛经历:0.33；三人均为二年级以上:0.33；三人专业不同:0.50
21,162,49.013328,0.388889,False,1.000000,58.955530,三人均有参赛经历:0.33；三人均为二年级以上:0.33；三人专业不同:0.50
21,163,68.551157,0.666667,False,1.000000,59.422454,三人均有参赛经历:0.33；三人均为二年级以上:0.67；三人专业不同:1.00
21,164,47.127686,0.388889,False,1.000000,49.527320,三人均有参赛经历:0.33；三人均为二年级以上:0.33；三人专业不同:0.50
21,165,39.409722,0.277778,False,1.000000,49.826389,三人均有参赛经历:0.00；三人均为二年级以上:0.33；三人专业不同:0.50
21,166,43.032377,0.333333,False,1.000000,48.495219,三人均有参赛经历:0.33；三人均为二年级以上:0.67；三人专业不同:0.00
21,167,67.829740,0.666667,False,1.000000,55.815366,三人均有参赛经历:0.33；三人均为二年级以上:0.67；三人专业不同:1.00
21,168,75.948444,0.777778,False,1.000000,57.520000,三人均有参赛经历:0.67；三人均为二年级以上:0.67；三人专业不同:1.00
21,169,78.445584,0.777778,False,1.000000,70.005698,三人均有参赛经历:0.67；三人均为二年级以上:0.67；三人专业不同:1.00
21,170,48.905741,0.388889,False,1.000000,58.417595,三人均有参赛经历:0.33；三人均为二年级以上:0.33；三人专业不同:0.50
21,171,75.614706,0.777778,False,1.000000,55.851307,三人均有参赛经历:0.67；三人均为二年级以上:0.67；三人专业不同:1.00
21,172,78.386252,0.777778,False,1.000000,69.709040,三人均有参赛经历:0.67；三人均为二年级以上:0.67；三人专业不同:1.00
21,173,42.036625,0.333333,False,1.000000,43.516461,三人均有参赛经历:0.00；三人均为二年级以上:0.00；三人专业不同:1.00
21,174,79.036744,0.777778,False,1.000000,72.961497,三人均有参赛经历:0.67；三人均为二年级以上:0.67；三人专业不同:1.00
21,175,79.093235,0.777778,False,1.000000,73.243955,三人均有参赛经历:0.67；三人均为二年级以上:0.67；三人专业不同:1.00
23,1,84.989247,1.000000,True,0.333333,58.279570,无限制
23,2,90.377179,1.000000,True,0.500000,76.885895,无限制
23,3,85.047893,1.000000,True,0.333333,58.572797,无限制
23,4,86.496705,1.000000,True,0.500000,57.483524,无限制
23,5,87.965269,1.000000,True,0.500000,64.826344,无限制
23,6,85.199012,1.000000,True,0.333333,59.328395,无限制
23,7,84.723799,1.000000,True,0.333333,56.952327,无限制
23,8,85.940741,1.000000,True,0.500000,54.703704,无限制
23,9,88.206520,1.000000,True,0.500000,66.032600,无限制
23,10,84.750000,1.000000,True,0.333333,57.083333,无限制
23,11,89.088560,1.000000,True,0.500000,70.442798,无限制
23,12,89.048043,1.000000,True,0.500000,70.240216,无限制
23,13,84.348669,1.000000,True,0.333333,55.076676,无限制
23,14,87.529190,1.000000,True,0.500000,62.645951,无限制
23,15,91.326998,1.000000,True,0.666667,73.301659,无限制
23,16,85.681333,1.000000,True,0.333333,61.740000,无限制
23,17,85.035266,1.000000,True,0.333333,58.509662,无限制
23,18,91.764040,1.000000,True,0.833333,67.153535,无限制
23,19,84.786752,1.000000,True,0.333333,57.267094,无限制
23,20,88.398175,1.000000,True,0.500000,66.990877,无限制
23,21,79.153460,1.000000,True,0.166667,37.433964,无限制
23,22,87.969261,1.000000,True,0.500000,64.846307,无限制
23,23,85.699577,1.000000,True,0.333333,61.831220,无限制
23,24,86.018382,1.000000,True,0.500000,55.091912,无限制
23,25,86.188889,1.000000,True,0.500000,55.944444,无限制
23,26,84.800772,1.000000,True,0.333333,57.337193,无限制
23,27,81.177386,1.000000,True,0.166667,47.553595,无限制
23,28,91.319175,1.000000,True,0.666667,73.262542,无限制
23,29,84.854177,1.000000,True,0.500000,49.270885,无限制
23,30,86.855983,1.000000,True,0.500000,59.279915,无限制
23,31,86.275507,1.000000,True,0.500000,56.377536,无限制
23,32,85.005506,1.000000,True,0.333333,58.360861,无限制
23,33,87.009970,1.000000,True,0.500000,60.049851,无限制
23,34,83.417810,1.000000,True,0.333333,50.422386,无限制
23,35,84.263686,1.000000,True,0.333333,54.651762,无限制
23,36,91.225014,1.000000,True,0.500000,81.125070,无限制
23,37,89.779769,1.000000,True,0.500000,73.898846,无限制
23,38,88.597862,1.000000,True,0.500000,67.989310,无限制
23,39,84.234478,1.000000,True,0.333333,54.505722,无限制
23,40,84.410400,1.000000,True,0.333333,55.385332,无限制
23,41,86.400754,1.000000,True,0.500000,57.003771,无限制
23,42,87.794510,1.000000,True,0.500000,63.972548,无限制
23,43,88.448044,1.000000,True,0.666667,58.906887,无限制
23,44,81.711193,1.000000,True,0.166667,50.222634,无限制
23,45,86.770758,1.000000,True,0.500000,58.853789,无限制
23,46,87.645829,1.000000,True,0.500000,63.229143,无限制
23,47,82.030770,1.000000,True,0.166667,51.820518,无限制
23,48,81.007280,1.000000,True,0.333333,38.369732,无限制
23,49,80.145009,1.000000,True,0.166667,42.391714,无限制
23,50,84.843706,1.000000,True,0.333333,57.551862,无限制
23,51,80.673125,1.000000,True,0.000000,53.365623,无限制
23,52,81.567544,1.000000,True,0.166667,49.504388,无限制
23,53,83.591870,1.000000,True,0.166667,59.626016,无限制
23,54,81.655470,1.000000,True,0.333333,41.610684,无限制
23,55,82.068874,1.000000,True,0.166667,52.011036,无限制
23,56,86.697569,1.000000,True,0.333333,66.821181,无限制
23,57,88.431159,1.000000,True,0.833333,50.489130,无限制
23,58,86.228545,1.000000,True,0.333333,64.476057,无限制
23,59,87.556364,1.000000,True,0.500000,62.781822,无限制
23,60,88.770180,1.000000,True,0.500000,68.850902,无限制
23,61,90.239992,1.000000,True,0.666667,67.866626,无限制
23,62,85.766333,1.000000,True,0.333333,62.164997,无限制
23,63,87.400845,1.000000,True,0.333333,70.337558,无限制
23,64,83.320773,1.000000,True,0.333333,49.937198,无限制
23,65,82.382995,1.000000,True,0.166667,53.581640,无限制
23,66,86.976481,1.000000,True,0.333333,68.215738,无限制
23,67,91.574633,1.000000,True,0.833333,66.206500,无限制
23,68,89.454998,1.000000,True,0.500000,72.274990,无限制
23,69,88.989844,1.000000,True,0.666667,61.615885,无限制
23,70,86.577363,1.000000,True,0.333333,66.220147,无限制
23,71,86.644000,1.000000,True,0.500000,58.220000,无限制
23,72,86.568813,1.000000,True,0.333333,66.177397,无限制
23,73,88.270131,1.000000,True,0.500000,66.350653,无限制
23,74,83.541177,1.000000,True,0.166667,59.372551,无限制
23,75,81.925612,1.000000,True,0.166667,51.294727,无限制
23,76,90.239130,1.000000,True,0.500000,76.195652,无限制
23,77,82.937475,1.000000,True,0.166667,56.354040,无限制
23,78,89.682502,1.000000,True,0.666667,65.079177,无限制
23,79,89.312030,1.000000,True,0.666667,63.226815,无限制
23,80,88.553354,1.000000,True,0.500000,67.766771,无限制
23,81,87.088232,1.000000,True,0.333333,68.774492,无限制
23,82,85.054860,1.000000,True,0.333333,58.607634,无限制
23,83,84.245833,1.000000,True,0.333333,54.562500,无限制
23,84,83.247144,1.000000,True,0.333333,49.569054,无限制
23,85,86.968220,1.000000,True,0.500000,59.841102,无限制
23,86,89.449169,1.000000,True,0.666667,63.912512,无限制
23,87,87.608070,1.000000,True,0.500000,63.040351,无限制
23,88,83.590485,1.000000,True,0.333333,51.285757,无限制
23,89,89.570789,1.000000,True,0.666667,64.520609,无限制
23,90,84.605497,1.000000,True,0.333333,56.360820,无限制
23,91,91.932151,1.000000,True,1.000000,59.660754,无限制
23,92,86.366667,1.000000,True,0.333333,65.166667,无限制
23,93,88.989452,1.000000,True,0.500000,69.947262,无限制
23,94,93.149293,1.000000,True,0.833333,74.079798,无限制
23,95,86.239017,1.000000,True,0.500000,56.195083,无限制
23,96,86.277748,1.000000,True,0.333333,64.722072,无限制
23,97,85.368519,1.000000,True,0.333333,60.175926,无限制
23,98,87.579347,1.000000,True,0.500000,62.896737,无限制
23,99,81.152222,1.000000,True,0.166667,47.427778,无限制
23,100,86.303060,1.000000,True,0.333333,64.848631,无限制
23,101,83.555192,1.000000,True,0.333333,51.109295,无限制
23,102,92.472899,1.000000,True,0.833333,70.697829,无限制
23,103,89.060341,1.000000,True,0.500000,70.301705,无限制
23,104,86.180725,1.000000,True,0.333333,64.236959,无限制
23,105,87.154902,1.000000,True,0.500000,60.774510,无限制
23,106,90.436158,1.000000,True,0.500000,77.180791,无限制
23,107,82.031475,1.000000,True,0.166667,51.824044,无限制
23,108,88.536704,1.000000,True,0.500000,67.683520,无限制
23,109,87.166215,1.000000,True,0.500000,60.831075,无限制
23,110,86.773892,1.000000,True,0.500000,58.869458,无限制
23,111,85.214129,1.000000,True,0.333333,59.403978,无限制
23,112,90.515954,1.000000,True,0.500000,77.579772,无限制
23,113,85.662906,1.000000,True,0.666667,44.981197,无限制
23,114,84.809630,1.000000,True,0.333333,57.381481,无限制
23,115,89.992190,1.000000,True,0.666667,66.627616,无限制
23,116,85.661111,1.000000,True,0.333333,61.638889,无限制
23,117,87.885675,1.000000,True,0.666667,56.095041,无限制
23,118,90.312887,1.000000,True,0.666667,68.231103,无限制
23,119,84.760784,1.000000,True,0.333333,57.137255,无限制
23,120,86.055600,1.000000,True,0.500000,55.278000,无限制
23,121,86.079357,1.000000,True,0.333333,63.730120,无限制
23,122,86.217496,1.000000,True,0.333333,64.420812,无限制
23,123,90.309166,1.000000,True,0.666667,68.212496,无限制
23,124,85.672888,1.000000,True,0.500000,53.364441,无限制
23,125,88.944051,1.000000,True,0.666667,61.386923,无限制
23,126,87.806332,1.000000,True,0.666667,55.698327,无限制
23,127,86.921701,1.000000,True,0.500000,59.608507,无限制
23,128,86.846889,1.000000,True,0.500000,59.234443,无限制
23,129,82.416390,1.000000,True,0.333333,45.415285,无限制
23,130,89.823859,1.000000,True,0.500000,74.119297,无限制
23,131,85.391009,1.000000,True,0.333333,60.288377,无限制
23,132,90.139319,1.000000,True,0.666667,67.363260,无限制
23,133,86.669499,1.000000,True,0.500000,58.347495,无限制
23,134,87.111029,1.000000,True,0.500000,60.555147,无限制
23,135,93.214976,1.000000,True,1.000000,66.074879,无限制
23,136,82.818668,1.000000,True,0.166667,55.760009,无限制
23,137,86.436921,1.000000,True,0.333333,65.517940,无限制
23,138,92.192356,1.000000,True,0.666667,77.628444,无限制
23,139,85.202424,1.000000,True,0.333333,59.345455,无限制
23,140,87.945461,1.000000,True,0.666667,56.393970,无限制
23,141,87.488055,1.000000,True,0.500000,62.440275,无限制
23,142,84.926924,1.000000,True,0.500000,49.634622,无限制
23,143,87.658001,1.000000,True,0.333333,71.623336,无限制
23,144,82.296111,1.000000,True,0.166667,53.147222,无限制
23,145,87.693539,1.000000,True,0.500000,63.467693,无限制
23,146,84.608577,1.000000,True,0.333333,56.376220,无限制
23,147,87.669824,1.000000,True,0.500000,63.349119,无限制
23,148,87.679218,1.000000,True,0.500000,63.396090,无限制
23,149,90.615775,1.000000,True,0.666667,69.745540,无限制
23,150,79.988889,1.000000,True,0.000000,49.944444,无限制
23,151,85.826667,1.000000,True,0.333333,62.466667,无限制
23,152,84.553046,1.000000,True,0.333333,56.098563,无限制
23,153,89.191465,1.000000,True,0.666667,62.623994,无限制
23,154,81.483431,1.000000,True,0.166667,49.083821,无限制
23,155,93.116129,1.000000,True,1.000000,65.580645,无限制
23,156,85.828218,1.000000,True,0.333333,62.474425,无限制
23,157,89.709300,1.000000,True,0.500000,73.546498,无限制
23,158,85.652351,1.000000,True,0.333333,61.595090,无限制
23,159,89.023128,1.000000,True,0.666667,61.782306,无限制
23,160,87.135647,1.000000,True,0.500000,60.678237,无限制
23,161,84.808312,1.000000,True,0.333333,57.374894,无限制
23,162,83.457773,1.000000,True,0.166667,58.955530,无限制
23,163,85.217824,1.000000,True,0.333333,59.422454,无限制
23,164,83.238797,1.000000,True,0.333333,49.527320,无限制
23,165,81.631944,1.000000,True,0.166667,49.826389,无限制
23,166,83.032377,1.000000,True,0.333333,48.495219,无限制
23,167,86.163073,1.000000,True,0.500000,55.815366,无限制
23,168,84.837333,1.000000,True,0.333333,57.520000,无限制
23,169,87.334473,1.000000,True,0.333333,70.005698,无限制
23,170,83.350186,1.000000,True,0.166667,58.417595,无限制
23,171,84.503595,1.000000,True,0.333333,55.851307,无限制
23,172,87.275141,1.000000,True,0.333333,69.709040,无限制
23,173,78.703292,1.000000,True,0.000000,43.516461,无限制
23,174,89.592299,1.000000,True,0.500000,72.961497,无限制
23,175,87.982124,1.000000,True,0.333333,73.243955,无限制
17,1,44.989247,0.333333,False,1.000000,58.279570,三人排名前10%:0.00；三人均为二年级以上:0.67
17,2,83.710512,0.833333,False,1.000000,76.885895,三人排名前10%:1.00；三人均为二年级以上:0.67
17,3,45.047893,0.333333,False,1.000000,58.572797,三人排名前10%:0.00；三人均为二年级以上:0.67
17,4,56.496705,0.500000,False,1.000000,57.483524,三人排名前10%:0.00；三人均为二年级以上:1.00
17,5,69.631935,0.666667,False,1.000000,64.826344,三人排名前10%:0.67；三人均为二年级以上:0.67
17,6,45.199012,0.333333,False,1.000000,59.328395,三人排名前10%:0.00；三人均为二年级以上:0.67
17,7,44.723799,0.333333,False,1.000000,56.952327,三人排名前10%:0.00；三人均为二年级以上:0.67
17,8,55.940741,0.500000,False,1.000000,54.703704,三人排名前10%:0.00；三人均为二年级以上:1.00
17,9,69.873187,0.666667,False,1.000000,66.032600,三人排名前10%:0.33；三人均为二年级以上:1.00
17,10,68.083333,0.666667,False,1.000000,57.083333,三人排名前10%:0.67；三人均为二年级以上:0.67
17,11,82.421893,0.833333,False,1.000000,70.442798,三人排名前10%:0.67；三人均为二年级以上:1.00
17,12,70.714710,0.666667,False,1.000000,70.240216,三人排名前10%:0.33；三人均为二年级以上:1.00
17,13,67.682002,0.666667,False,1.000000,55.076676,三人排名前10%:1.00；三人均为二年级以上:0.33
17,14,57.529190,0.500000,False,1.000000,62.645951,三人排名前10%:0.00；三人均为二年级以上:1.00
17,15,71.326998,0.666667,False,1.000000,73.301659,三人排名前10%:0.33；三人均为二年级以上:1.00
17,16,45.681333,0.333333,False,1.000000,61.740000,三人排名前10%:0.00；三人均为二年级以上:0.67
17,17,45.035266,0.333333,False,1.000000,58.509662,三人排名前10%:0.33；三人均为二年级以上:0.33
17,18,58.430707,0.500000,False,1.000000,67.153535,三人排名前10%:0.33；三人均为二年级以上:0.67
17,19,56.453419,0.500000,False,1.000000,57.267094,三人排名前10%:0.33；三人均为二年级以上:0.67
17,20,70.064842,0.666667,False,1.000000,66.990877,三人排名前10%:0.33；三人均为二年级以上:1.00
17,21,29.153460,0.166667,False,1.000000,37.433964,三人排名前10%:0.00；三人均为二年级以上:0.33
17,22,57.969261,0.500000,False,1.000000,64.846307,三人排名前10%:0.33；三人均为二年级以上:0.67
17,23,45.699577,0.333333,False,1.000000,61.831220,三人排名前10%:0.00；三人均为二年级以上:0.67
17,24,56.018382,0.500000,False,1.000000,55.091912,三人排名前10%:0.67；三人均为二年级以上:0.33
17,25,56.188889,0.500000,False,1.000000,55.944444,三人排名前10%:0.00；三人均为二年级以上:1.00
17,26,56.467439,0.500000,False,1.000000,57.337193,三人排名前10%:0.33；三人均为二年级以上:0.67
17,27,42.844052,0.333333,False,1.000000,47.553595,三人排名前10%:0.33；三人均为二年级以上:0.33
17,28,82.985842,0.833333,False,1.000000,73.262542,三人排名前10%:0.67；三人均为二年级以上:1.00
17,29,54.854177,0.500000,False,1.000000,49.270885,三人排名前10%:0.33；三人均为二年级以上:0.67
17,30,56.855983,0.500000,False,1.000000,59.279915,三人排名前10%:0.00；三人均为二年级以上:1.00
17,31,56.275507,0.500000,False,1.000000,56.377536,三人排名前10%:0.67；三人均为二年级以上:0.33
17,32,56.672172,0.500000,False,1.000000,58.360861,三人排名前10%:0.33；三人均为二年级以上:0.67
17,33,57.009970,0.500000,False,1.000000,60.049851,三人排名前10%:0.33；三人均为二年级以上:0.67
17,34,43.417810,0.333333,False,1.000000,50.422386,三人排名前10%:0.00；三人均为二年级以上:0.67
17,35,44.263686,0.333333,False,1.000000,54.651762,三人排名前10%:0.00；三人均为二年级以上:0.67
17,36,84.558347,0.833333,False,1.000000,81.125070,三人排名前10%:0.67；三人均为二年级以上:1.00
17,37,83.113103,0.833333,False,1.000000,73.898846,三人排名前10%:0.67；三人均为二年级以上:1.00
17,38,81.931195,0.833333,False,1.000000,67.989310,三人排名前10%:0.67；三人均为二年级以上:1.00
17,39,44.234478,0.333333,False,1.000000,54.505722,三人排名前10%:0.00；三人均为二年级以上:0.67
17,40,44.410400,0.333333,False,1.000000,55.385332,三人排名前10%:0.00；三人均为二年级以上:0.67
17,41,56.400754,0.500000,False,1.000000,57.003771,三人排名前10%:0.00；三人均为二年级以上:1.00
17,42,81.127843,0.833333,False,1.000000,63.972548,三人排名前10%:1.00；三人均为二年级以上:0.67
17,43,68.448044,0.666667,False,1.000000,58.906887,三人排名前10%:0.33；三人均为二年级以上:1.00
17,44,31.711193,0.166667,False,1.000000,50.222634,三人排名前10%:0.00；三人均为二年级以上:0.33
17,45,56.770758,0.500000,False,1.000000,58.853789,三人排名前10%:0.33；三人均为二年级以上:0.67
17,46,57.645829,0.500000,False,1.000000,63.229143,三人排名前10%:0.00；三人均为二年级以上:1.00
17,47,32.030770,0.166667,False,1.000000,51.820518,三人排名前10%:0.00；三人均为二年级以上:0.33
17,48,41.007280,0.333333,False,1.000000,38.369732,三人排名前10%:0.00；三人均为二年级以上:0.67
17,49,30.145009,0.166667,False,1.000000,42.391714,三人排名前10%:0.00；三人均为二年级以上:0.33
17,50,56.510372,0.500000,False,1.000000,57.551862,三人排名前10%:0.33；三人均为二年级以上:0.67
17,51,55.673125,0.500000,False,1.000000,53.365623,三人排名前10%:1.00；三人均为二年级以上:0.00
17,52,31.567544,0.166667,False,1.000000,49.504388,三人排名前10%:0.00；三人均为二年级以上:0.33
17,53,56.925203,0.500000,False,1.000000,59.626016,三人排名前10%:0.67；三人均为二年级以上:0.33
17,54,53.322137,0.500000,False,1.000000,41.610684,三人排名前10%:0.33；三人均为二年级以上:0.67
17,55,55.402207,0.500000,False,1.000000,52.011036,三人排名前10%:0.67；三人均为二年级以上:0.33
17,56,58.364236,0.500000,False,1.000000,66.821181,三人排名前10%:0.33；三人均为二年级以上:0.67
17,57,55.097826,0.500000,False,1.000000,50.489130,三人排名前10%:0.33；三人均为二年级以上:0.67
17,58,69.561878,0.666667,False,1.000000,64.476057,三人排名前10%:0.67；三人均为二年级以上:0.67
17,59,80.889698,0.833333,False,1.000000,62.781822,三人排名前10%:0.67；三人均为二年级以上:1.00
17,60,70.436847,0.666667,False,1.000000,68.850902,三人排名前10%:0.33；三人均为二年级以上:1.00
17,61,70.239992,0.666667,False,1.000000,67.866626,三人排名前10%:0.33；三人均为二年级以上:1.00
17,62,45.766333,0.333333,False,1.000000,62.164997,三人排名前10%:0.00；三人均为二年级以上:0.67
17,63,82.400845,0.833333,False,1.000000,70.337558,三人排名前10%:1.00；三人均为二年级以上:0.67
17,64,31.654106,0.166667,False,1.000000,49.937198,三人排名前10%:0.00；三人均为二年级以上:0.33
17,65,44.049661,0.333333,False,1.000000,53.581640,三人排名前10%:0.33；三人均为二年级以上:0.33
17,66,46.976481,0.333333,False,1.000000,68.215738,三人排名前10%:0.00；三人均为二年级以上:0.67
17,67,69.907967,0.666667,False,1.000000,66.206500,三人排名前10%:0.33；三人均为二年级以上:1.00
17,68,82.788331,0.833333,False,1.000000,72.274990,三人排名前10%:0.67；三人均为二年级以上:1.00
17,69,68.989844,0.666667,False,1.000000,61.615885,三人排名前10%:0.67；三人均为二年级以上:0.67
17,70,69.910696,0.666667,False,1.000000,66.220147,三人排名前10%:0.67；三人均为二年级以上:0.67
17,71,68.310667,0.666667,False,1.000000,58.220000,三人排名前10%:0.33；三人均为二年级以上:1.00
17,72,46.568813,0.333333,False,1.000000,66.177397,三人排名前10%:0.00；三人均为二年级以上:0.67
17,73,81.603464,0.833333,False,1.000000,66.350653,三人排名前10%:1.00；三人均为二年级以上:0.67
17,74,33.541177,0.166667,False,1.000000,59.372551,三人排名前10%:0.00；三人均为二年级以上:0.33
17,75,31.925612,0.166667,False,1.000000,51.294727,三人排名前10%:0.00；三人均为二年级以上:0.33
17,76,71.905797,0.666667,False,1.000000,76.195652,三人排名前10%:0.33；三人均为二年级以上:1.00
17,77,44.604141,0.333333,False,1.000000,56.354040,三人排名前10%:0.33；三人均为二年级以上:0.33
17,78,58.015835,0.500000,False,1.000000,65.079177,三人排名前10%:0.00；三人均为二年级以上:1.00
17,79,69.312030,0.666667,False,1.000000,63.226815,三人排名前10%:0.33；三人均为二年级以上:1.00
17,80,58.553354,0.500000,False,1.000000,67.766771,三人排名前10%:0.33；三人均为二年级以上:0.67
17,81,82.088232,0.833333,False,1.000000,68.774492,三人排名前10%:1.00；三人均为二年级以上:0.67
17,82,68.388193,0.666667,False,1.000000,58.607634,三人排名前10%:1.00；三人均为二年级以上:0.33
17,83,55.912500,0.500000,False,1.000000,54.562500,三人排名前10%:0.33；三人均为二年级以上:0.67
17,84,43.247144,0.333333,False,1.000000,49.569054,三人排名前10%:0.00；三人均为二年级以上:0.67
17,85,68.634887,0.666667,False,1.000000,59.841102,三人排名前10%:0.67；三人均为二年级以上:0.67
17,86,69.449169,0.666667,False,1.000000,63.912512,三人排名前10%:0.67；三人均为二年级以上:0.67
17,87,57.608070,0.500000,False,1.000000,63.040351,三人排名前10%:0.33；三人均为二年级以上:0.67
17,88,55.257151,0.500000,False,1.000000,51.285757,三人排名前10%:0.33；三人均为二年级以上:0.67
17,89,81.237455,0.833333,False,1.000000,64.520609,三人排名前10%:0.67；三人均为二年级以上:1.00
17,90,44.605497,0.333333,False,1.000000,56.360820,三人排名前10%:0.00；三人均为二年级以上:0.67
17,91,80.265484,0.833333,False,1.000000,59.660754,三人排名前10%:0.67；三人均为二年级以上:1.00
17,92,69.700000,0.666667,False,1.000000,65.166667,三人排名前10%:0.67；三人均为二年级以上:0.67
17,93,58.989452,0.500000,False,1.000000,69.947262,三人排名前10%:0.33；三人均为二年级以上:0.67
17,94,83.149293,0.833333,False,1.000000,74.079798,三人排名前10%:1.00；三人均为二年级以上:0.67
17,95,44.572350,0.333333,False,1.000000,56.195083,三人排名前10%:0.00；三人均为二年级以上:0.67
17,96,57.944414,0.500000,False,1.000000,64.722072,三人排名前10%:0.33；三人均为二年级以上:0.67
17,97,45.368519,0.333333,False,1.000000,60.175926,三人排名前10%:0.00；三人均为二年级以上:0.67
17,98,57.579347,0.500000,False,1.000000,62.896737,三人排名前10%:0.00；三人均为二年级以上:1.00
17,99,31.152222,0.166667,False,1.000000,47.427778,三人排名前10%:0.00；三人均为二年级以上:0.33
17,100,57.969726,0.500000,False,1.000000,64.848631,三人排名前10%:0.33；三人均为二年级以上:0.67
17,101,55.221859,0.500000,False,1.000000,51.109295,三人排名前10%:0.33；三人均为二年级以上:0.67
17,102,94.139566,1.000000,True,1.000000,70.697829,三人排名前10%:1.00；三人均为二年级以上:1.00
17,103,70.727008,0.666667,False,1.000000,70.301705,三人排名前10%:0.33；三人均为二年级以上:1.00
17,104,69.514058,0.666667,False,1.000000,64.236959,三人排名前10%:0.67；三人均为二年级以上:0.67
17,105,68.821569,0.666667,False,1.000000,60.774510,三人排名前10%:0.33；三人均为二年级以上:1.00
17,106,83.769492,0.833333,False,1.000000,77.180791,三人排名前10%:0.67；三人均为二年级以上:1.00
17,107,32.031475,0.166667,False,1.000000,51.824044,三人排名前10%:0.00；三人均为二年级以上:0.33
17,108,70.203371,0.666667,False,1.000000,67.683520,三人排名前10%:0.33；三人均为二年级以上:1.00
17,109,57.166215,0.500000,False,1.000000,60.831075,三人排名前10%:0.00；三人均为二年级以上:1.00
17,110,56.773892,0.500000,False,1.000000,58.869458,三人排名前10%:0.33；三人均为二年级以上:0.67
17,111,45.214129,0.333333,False,1.000000,59.403978,三人排名前10%:0.00；三人均为二年级以上:0.67
17,112,72.182621,0.666667,False,1.000000,77.579772,三人排名前10%:0.33；三人均为二年级以上:1.00
17,113,42.329573,0.333333,False,1.000000,44.981197,三人排名前10%:0.00；三人均为二年级以上:0.67
17,114,56.476296,0.500000,False,1.000000,57.381481,三人排名前10%:0.67；三人均为二年级以上:0.33
17,115,69.992190,0.666667,False,1.000000,66.627616,三人排名前10%:0.33；三人均为二年级以上:1.00
17,116,57.327778,0.500000,False,1.000000,61.638889,三人排名前10%:0.33；三人均为二年级以上:0.67
17,117,67.885675,0.666667,False,1.000000,56.095041,三人排名前10%:0.33；三人均为二年级以上:1.00
17,118,58.646221,0.500000,False,1.000000,68.231103,三人排名前10%:0.00；三人均为二年级以上:1.00
17,119,56.427451,0.500000,False,1.000000,57.137255,三人排名前10%:0.33；三人均为二年级以上:0.67
17,120,56.055600,0.500000,False,1.000000,55.278000,三人排名前10%:0.00；三人均为二年级以上:1.00
17,121,57.746024,0.500000,False,1.000000,63.730120,三人排名前10%:0.33；三人均为二年级以上:0.67
17,122,69.550829,0.666667,False,1.000000,64.420812,三人排名前10%:0.67；三人均为二年级以上:0.67
17,123,58.642499,0.500000,False,1.000000,68.212496,三人排名前10%:0.00；三人均为二年级以上:1.00
17,124,44.006222,0.333333,False,1.000000,53.364441,三人排名前10%:0.33；三人均为二年级以上:0.33
17,125,80.610718,0.833333,False,1.000000,61.386923,三人排名前10%:1.00；三人均为二年级以上:0.67
17,126,56.139665,0.500000,False,1.000000,55.698327,三人排名前10%:0.00；三人均为二年级以上:1.00
17,127,56.921701,0.500000,False,1.000000,59.608507,三人排名前10%:0.00；三人均为二年级以上:1.00
17,128,56.846889,0.500000,False,1.000000,59.234443,三人排名前10%:0.33；三人均为二年级以上:0.67
17,129,54.083057,0.500000,False,1.000000,45.415285,三人排名前10%:0.33；三人均为二年级以上:0.67
17,130,83.157193,0.833333,False,1.000000,74.119297,三人排名前10%:0.67；三人均为二年级以上:1.00
17,131,57.057675,0.500000,False,1.000000,60.288377,三人排名前10%:0.33；三人均为二年级以上:0.67
17,132,58.472652,0.500000,False,1.000000,67.363260,三人排名前10%:0.00；三人均为二年级以上:1.00
17,133,56.669499,0.500000,False,1.000000,58.347495,三人排名前10%:0.00；三人均为二年级以上:1.00
17,134,68.777696,0.666667,False,1.000000,60.555147,三人排名前10%:0.33；三人均为二年级以上:1.00
17,135,81.548309,0.833333,False,1.000000,66.074879,三人排名前10%:0.67；三人均为二年级以上:1.00
17,136,44.485335,0.333333,False,1.000000,55.760009,三人排名前10%:0.33；三人均为二年级以上:0.33
17,137,46.436921,0.333333,False,1.000000,65.517940,三人排名前10%:0.00；三人均为二年级以上:0.67
17,138,83.859022,0.833333,False,1.000000,77.628444,三人排名前10%:0.67；三人均为二年级以上:1.00
17,139,33.535758,0.166667,False,1.000000,59.345455,三人排名前10%:0.00；三人均为二年级以上:0.33
17,140,56.278794,0.500000,False,1.000000,56.393970,三人排名前10%:0.33；三人均为二年级以上:0.67
17,141,57.488055,0.500000,False,1.000000,62.440275,三人排名前10%:0.00；三人均为二年级以上:1.00
17,142,54.926924,0.500000,False,1.000000,49.634622,三人排名前10%:0.33；三人均为二年级以上:0.67
17,143,82.658001,0.833333,False,1.000000,71.623336,三人排名前10%:1.00；三人均为二年级以上:0.67
17,144,43.962778,0.333333,False,1.000000,53.147222,三人排名前10%:0.33；三人均为二年级以上:0.33
17,145,57.693539,0.500000,False,1.000000,63.467693,三人排名前10%:0.33；三人均为二年级以上:0.67
17,146,44.608577,0.333333,False,1.000000,56.376220,三人排名前10%:0.00；三人均为二年级以上:0.67
17,147,57.669824,0.500000,False,1.000000,63.349119,三人排名前10%:0.33；三人均为二年级以上:0.67
17,148,81.012551,0.833333,False,1.000000,63.396090,三人排名前10%:0.67；三人均为二年级以上:1.00
17,149,70.615775,0.666667,False,1.000000,69.745540,三人排名前10%:0.33；三人均为二年级以上:1.00
17,150,19.988889,0.000000,False,1.000000,49.944444,三人排名前10%:0.00；三人均为二年级以上:0.00
17,151,45.826667,0.333333,False,1.000000,62.466667,三人排名前10%:0.00；三人均为二年级以上:0.67
17,152,56.219713,0.500000,False,1.000000,56.098563,三人排名前10%:0.33；三人均为二年级以上:0.67
17,153,69.191465,0.666667,False,1.000000,62.623994,三人排名前10%:0.33；三人均为二年级以上:1.00
17,154,31.483431,0.166667,False,1.000000,49.083821,三人排名前10%:0.00；三人均为二年级以上:0.33
17,155,81.449462,0.833333,False,1.000000,65.580645,三人排名前10%:0.67；三人均为二年级以上:1.00
17,156,57.494885,0.500000,False,1.000000,62.474425,三人排名前10%:0.33；三人均为二年级以上:0.67
17,157,83.042633,0.833333,False,1.000000,73.546498,三人排名前10%:0.67；三人均为二年级以上:1.00
17,158,57.319018,0.500000,False,1.000000,61.595090,三人排名前10%:0.33；三人均为二年级以上:0.67
17,159,80.689795,0.833333,False,1.000000,61.782306,三人排名前10%:0.67；三人均为二年级以上:1.00
17,160,68.802314,0.666667,False,1.000000,60.678237,三人排名前10%:0.33；三人均为二年级以上:1.00
17,161,44.808312,0.333333,False,1.000000,57.374894,三人排名前10%:0.33；三人均为二年级以上:0.33
17,162,56.791106,0.500000,False,1.000000,58.955530,三人排名前10%:0.67；三人均为二年级以上:0.33
17,163,68.551157,0.666667,False,1.000000,59.422454,三人排名前10%:0.67；三人均为二年级以上:0.67
17,164,31.572131,0.166667,False,1.000000,49.527320,三人排名前10%:0.00；三人均为二年级以上:0.33
17,165,54.965278,0.500000,False,1.000000,49.826389,三人排名前10%:0.67；三人均为二年级以上:0.33
17,166,43.032377,0.333333,False,1.000000,48.495219,三人排名前10%:0.00；三人均为二年级以上:0.67
17,167,56.163073,0.500000,False,1.000000,55.815366,三人排名前10%:0.33；三人均为二年级以上:0.67
17,168,44.837333,0.333333,False,1.000000,57.520000,三人排名前10%:0.00；三人均为二年级以上:0.67
17,169,70.667806,0.666667,False,1.000000,70.005698,三人排名前10%:0.67；三人均为二年级以上:0.67
17,170,45.016852,0.333333,False,1.000000,58.417595,三人排名前10%:0.33；三人均为二年级以上:0.33
17,171,44.503595,0.333333,False,1.000000,55.851307,三人排名前10%:0.00；三人均为二年级以上:0.67
17,172,70.608475,0.666667,False,1.000000,69.709040,三人排名前10%:0.67；三人均为二年级以上:0.67
17,173,42.036625,0.333333,False,1.000000,43.516461,三人排名前10%:0.67；三人均为二年级以上:0.00
17,174,82.925633,0.833333,False,1.000000,72.961497,三人排名前10%:1.00；三人均为二年级以上:0.67
17,175,82.982124,0.833333,False,1.000000,73.243955,三人排名前10%:1.00；三人均为二年级以上:0.67
4,1,56.655914,0.500000,False,1.000000,58.279570,三人均有参赛经历:0.33；三人均为二年级以上:0.67
4,2,72.043846,0.666667,False,1.000000,76.885895,三人均有参赛经历:0.67；三人均为二年级以上:0.67
4,3,68.381226,0.666667,False,1.000000,58.572797,三人均有参赛经历:0.67；三人均为二年级以上:0.67
4,4,68.163371,0.666667,False,1.000000,57.483524,三人均有参赛经历:0.33；三人均为二年级以上:1.00
4,5,69.631935,0.666667,False,1.000000,64.826344,三人均有参赛经历:0.67；三人均为二年级以上:0.67
4,6,56.865679,0.500000,False,1.000000,59.328395,三人均有参赛经历:0.33；三人均为二年级以上:0.67
4,7,56.390465,0.500000,False,1.000000,56.952327,三人均有参赛经历:0.33；三人均为二年级以上:0.67
4,8,67.607407,0.666667,False,1.000000,54.703704,三人均有参赛经历:0.33；三人均为二年级以上:1.00
4,9,69.873187,0.666667,False,1.000000,66.032600,三人均有参赛经历:0.33；三人均为二年级以上:1.00
4,10,44.750000,0.333333,False,1.000000,57.083333,三人均有参赛经历:0.00；三人均为二年级以上:0.67
4,11,82.421893,0.833333,False,1.000000,70.442798,三人均有参赛经历:0.67；三人均为二年级以上:1.00
4,12,82.381377,0.833333,False,1.000000,70.240216,三人均有参赛经历:0.67；三人均为二年级以上:1.00
4,13,32.682002,0.166667,False,1.000000,55.076676,三人均有参赛经历:0.00；三人均为二年级以上:0.33
4,14,80.862524,0.833333,False,1.000000,62.645951,三人均有参赛经历:0.67；三人均为二年级以上:1.00
4,15,82.993665,0.833333,False,1.000000,73.301659,三人均有参赛经历:0.67；三人均为二年级以上:1.00
4,16,57.348000,0.500000,False,1.000000,61.740000,三人均有参赛经历:0.33；三人均为二年级以上:0.67
4,17,45.035266,0.333333,False,1.000000,58.509662,三人均有参赛经历:0.33；三人均为二年级以上:0.33
4,18,70.097374,0.666667,False,1.000000,67.153535,三人均有参赛经历:0.67；三人均为二年级以上:0.67
4,19,56.453419,0.500000,False,1.000000,57.267094,三人均有参赛经历:0.33；三人均为二年级以上:0.67
4,20,70.064842,0.666667,False,1.000000,66.990877,三人均有参赛经历:0.33；三人均为二年级以上:1.00
4,21,29.153460,0.166667,False,1.000000,37.433964,三人均有参赛经历:0.00；三人均为二年级以上:0.33
4,22,69.635928,0.666667,False,1.000000,64.846307,三人均有参赛经历:0.67；三人均为二年级以上:0.67
4,23,57.366244,0.500000,False,1.000000,61.831220,三人均有参赛经历:0.33；三人均为二年级以上:0.67
4,24,32.685049,0.166667,False,1.000000,55.091912,三人均有参赛经历:0.00；三人均为二年级以上:0.33
4,25,67.855556,0.666667,False,1.000000,55.944444,三人均有参赛经历:0.33；三人均为二年级以上:1.00
4,26,44.800772,0.333333,False,1.000000,57.337193,三人均有参赛经历:0.00；三人均为二年级以上:0.67
4,27,31.177386,0.166667,False,1.000000,47.553595,三人均有参赛经历:0.00；三人均为二年级以上:0.33
4,28,94.652508,1.000000,True,1.000000,73.262542,三人均有参赛经历:1.00；三人均为二年级以上:1.00
4,29,43.187510,0.333333,False,1.000000,49.270885,三人均有参赛经历:0.00；三人均为二年级以上:0.67
4,30,80.189316,0.833333,False,1.000000,59.279915,三人均有参赛经历:0.67；三人均为二年级以上:1.00
4,31,44.608841,0.333333,False,1.000000,56.377536,三人均有参赛经历:0.33；三人均为二年级以上:0.33
4,32,45.005506,0.333333,False,1.000000,58.360861,三人均有参赛经历:0.00；三人均为二年级以上:0.67
4,33,57.009970,0.500000,False,1.000000,60.049851,三人均有参赛经历:0.33；三人均为二年级以上:0.67
4,34,55.084477,0.500000,False,1.000000,50.422386,三人均有参赛经历:0.33；三人均为二年级以上:0.67
4,35,55.930352,0.500000,False,1.000000,54.651762,三人均有参赛经历:0.33；三人均为二年级以上:0.67
4,36,96.225014,1.000000,True,1.000000,81.125070,三人均有参赛经历:1.00；三人均为二年级以上:1.00
4,37,83.113103,0.833333,False,1.000000,73.898846,三人均有参赛经历:0.67；三人均为二年级以上:1.00
4,38,70.264529,0.666667,False,1.000000,67.989310,三人均有参赛经历:0.33；三人均为二年级以上:1.00
4,39,67.567811,0.666667,False,1.000000,54.505722,三人均有参赛经历:0.67；三人均为二年级以上:0.67
4,40,67.743733,0.666667,False,1.000000,55.385332,三人均有参赛经历:0.67；三人均为二年级以上:0.67
4,41,79.734087,0.833333,False,1.000000,57.003771,三人均有参赛经历:0.67；三人均为二年级以上:1.00
4,42,46.127843,0.333333,False,1.000000,63.972548,三人均有参赛经历:0.00；三人均为二年级以上:0.67
4,43,56.781377,0.500000,False,1.000000,58.906887,三人均有参赛经历:0.00；三人均为二年级以上:1.00
4,44,43.377860,0.333333,False,1.000000,50.222634,三人均有参赛经历:0.33；三人均为二年级以上:0.33
4,45,56.770758,0.500000,False,1.000000,58.853789,三人均有参赛经历:0.33；三人均为二年级以上:0.67
4,46,80.979162,0.833333,False,1.000000,63.229143,三人均有参赛经历:0.67；三人均为二年级以上:1.00
4,47,43.697437,0.333333,False,1.000000,51.820518,三人均有参赛经历:0.33；三人均为二年级以上:0.33
4,48,41.007280,0.333333,False,1.000000,38.369732,三人均有参赛经历:0.00；三人均为二年级以上:0.67
4,49,41.811676,0.333333,False,1.000000,42.391714,三人均有参赛经历:0.33；三人均为二年级以上:0.33
4,50,68.177039,0.666667,False,1.000000,57.551862,三人均有参赛经历:0.67；三人均为二年级以上:0.67
4,51,20.673125,0.000000,False,1.000000,53.365623,三人均有参赛经历:0.00；三人均为二年级以上:0.00
4,52,43.234211,0.333333,False,1.000000,49.504388,三人均有参赛经历:0.33；三人均为二年级以上:0.33
4,53,45.258537,0.333333,False,1.000000,59.626016,三人均有参赛经历:0.33；三人均为二年级以上:0.33
4,54,41.655470,0.333333,False,1.000000,41.610684,三人均有参赛经历:0.00；三人均为二年级以上:0.67
4,55,32.068874,0.166667,False,1.000000,52.011036,三人均有参赛经历:0.00；三人均为二年级以上:0.33
4,56,70.030903,0.666667,False,1.000000,66.821181,三人均有参赛经历:0.67；三人均为二年级以上:0.67
4,57,43.431159,0.333333,False,1.000000,50.489130,三人均有参赛经历:0.00；三人均为二年级以上:0.67
4,58,57.895211,0.500000,False,1.000000,64.476057,三人均有参赛经历:0.33；三人均为二年级以上:0.67
4,59,57.556364,0.500000,False,1.000000,62.781822,三人均有参赛经历:0.00；三人均为二年级以上:1.00
4,60,82.103514,0.833333,False,1.000000,68.850902,三人均有参赛经历:0.67；三人均为二年级以上:1.00
4,61,70.239992,0.666667,False,1.000000,67.866626,三人均有参赛经历:0.33；三人均为二年级以上:1.00
4,62,57.432999,0.500000,False,1.000000,62.164997,三人均有参赛经历:0.33；三人均为二年级以上:0.67
4,63,70.734178,0.666667,False,1.000000,70.337558,三人均有参赛经历:0.67；三人均为二年级以上:0.67
4,64,43.320773,0.333333,False,1.000000,49.937198,三人均有参赛经历:0.33；三人均为二年级以上:0.33
4,65,44.049661,0.333333,False,1.000000,53.581640,三人均有参赛经历:0.33；三人均为二年级以上:0.33
4,66,70.309814,0.666667,False,1.000000,68.215738,三人均有参赛经历:0.67；三人均为二年级以上:0.67
4,67,69.907967,0.666667,False,1.000000,66.206500,三人均有参赛经历:0.33；三人均为二年级以上:1.00
4,68,82.788331,0.833333,False,1.000000,72.274990,三人均有参赛经历:0.67；三人均为二年级以上:1.00
4,69,57.323177,0.500000,False,1.000000,61.615885,三人均有参赛经历:0.33；三人均为二年级以上:0.67
4,70,58.244029,0.500000,False,1.000000,66.220147,三人均有参赛经历:0.33；三人均为二年级以上:0.67
4,71,68.310667,0.666667,False,1.000000,58.220000,三人均有参赛经历:0.33；三人均为二年级以上:1.00
4,72,69.902146,0.666667,False,1.000000,66.177397,三人均有参赛经历:0.67；三人均为二年级以上:0.67
4,73,58.270131,0.500000,False,1.000000,66.350653,三人均有参赛经历:0.33；三人均为二年级以上:0.67
4,74,45.207844,0.333333,False,1.000000,59.372551,三人均有参赛经历:0.33；三人均为二年级以上:0.33
4,75,43.592279,0.333333,False,1.000000,51.294727,三人均有参赛经历:0.33；三人均为二年级以上:0.33
4,76,83.572464,0.833333,False,1.000000,76.195652,三人均有参赛经历:0.67；三人均为二年级以上:1.00
4,77,32.937475,0.166667,False,1.000000,56.354040,三人均有参赛经历:0.00；三人均为二年级以上:0.33
4,78,93.015835,1.000000,True,1.000000,65.079177,三人均有参赛经历:1.00；三人均为二年级以上:1.00
4,79,69.312030,0.666667,False,1.000000,63.226815,三人均有参赛经历:0.33；三人均为二年级以上:1.00
4,80,70.220021,0.666667,False,1.000000,67.766771,三人均有参赛经历:0.67；三人均为二年级以上:0.67
4,81,58.754898,0.500000,False,1.000000,68.774492,三人均有参赛经历:0.33；三人均为二年级以上:0.67
4,82,33.388193,0.166667,False,1.000000,58.607634,三人均有参赛经历:0.00；三人均为二年级以上:0.33
4,83,55.912500,0.500000,False,1.000000,54.562500,三人均有参赛经历:0.33；三人均为二年级以上:0.67
4,84,66.580478,0.666667,False,1.000000,49.569054,三人均有参赛经历:0.67；三人均为二年级以上:0.67
4,85,68.634887,0.666667,False,1.000000,59.841102,三人均有参赛经历:0.67；三人均为二年级以上:0.67
4,86,57.782502,0.500000,False,1.000000,63.912512,三人均有参赛经历:0.33；三人均为二年级以上:0.67
4,87,57.608070,0.500000,False,1.000000,63.040351,三人均有参赛经历:0.33；三人均为二年级以上:0.67
4,88,55.257151,0.500000,False,1.000000,51.285757,三人均有参赛经历:0.33；三人均为二年级以上:0.67
4,89,69.570789,0.666667,False,1.000000,64.520609,三人均有参赛经历:0.33；三人均为二年级以上:1.00
4,90,67.938831,0.666667,False,1.000000,56.360820,三人均有参赛经历:0.67；三人均为二年级以上:0.67
4,91,68.598818,0.666667,False,1.000000,59.660754,三人均有参赛经历:0.33；三人均为二年级以上:1.00
4,92,69.700000,0.666667,False,1.000000,65.166667,三人均有参赛经历:0.67；三人均为二年级以上:0.67
4,93,70.656119,0.666667,False,1.000000,69.947262,三人均有参赛经历:0.67；三人均为二年级以上:0.67
4,94,71.482626,0.666667,False,1.000000,74.079798,三人均有参赛经历:0.67；三人均为二年级以上:0.67
4,95,56.239017,0.500000,False,1.000000,56.195083,三人均有参赛经历:0.33；三人均为二年级以上:0.67
4,96,69.611081,0.666667,False,1.000000,64.722072,三人均有参赛经历:0.67；三人均为二年级以上:0.67
4,97,57.035185,0.500000,False,1.000000,60.175926,三人均有参赛经历:0.33；三人均为二年级以上:0.67
4,98,69.246014,0.666667,False,1.000000,62.896737,三人均有参赛经历:0.33；三人均为二年级以上:1.00
4,99,31.152222,0.166667,False,1.000000,47.427778,三人均有参赛经历:0.00；三人均为二年级以上:0.33
4,100,69.636393,0.666667,False,1.000000,64.848631,三人均有参赛经历:0.67；三人均为二年级以上:0.67
4,101,43.555192,0.333333,False,1.000000,51.109295,三人均有参赛经历:0.00；三人均为二年级以上:0.67
4,102,70.806232,0.666667,False,1.000000,70.697829,三人均有参赛经历:0.33；三人均为二年级以上:1.00
4,103,94.060341,1.000000,True,1.000000,70.301705,三人均有参赛经历:1.00；三人均为二年级以上:1.00
4,104,57.847392,0.500000,False,1.000000,64.236959,三人均有参赛经历:0.33；三人均为二年级以上:0.67
4,105,68.821569,0.666667,False,1.000000,60.774510,三人均有参赛经历:0.33；三人均为二年级以上:1.00
4,106,95.436158,1.000000,True,1.000000,77.180791,三人均有参赛经历:1.00；三人均为二年级以上:1.00
4,107,43.698142,0.333333,False,1.000000,51.824044,三人均有参赛经历:0.33；三人均为二年级以上:0.33
4,108,81.870037,0.833333,False,1.000000,67.683520,三人均有参赛经历:0.67；三人均为二年级以上:1.00
4,109,68.832882,0.666667,False,1.000000,60.831075,三人均有参赛经历:0.33；三人均为二年级以上:1.00
4,110,45.107225,0.333333,False,1.000000,58.869458,三人均有参赛经历:0.00；三人均为二年级以上:0.67
4,111,45.214129,0.333333,False,1.000000,59.403978,三人均有参赛经历:0.00；三人均为二年级以上:0.67
4,112,95.515954,1.000000,True,1.000000,77.579772,三人均有参赛经历:1.00；三人均为二年级以上:1.00
4,113,42.329573,0.333333,False,1.000000,44.981197,三人均有参赛经历:0.00；三人均为二年级以上:0.67
4,114,33.142963,0.166667,False,1.000000,57.381481,三人均有参赛经历:0.00；三人均为二年级以上:0.33
4,115,81.658856,0.833333,False,1.000000,66.627616,三人均有参赛经历:0.67；三人均为二年级以上:1.00
4,116,68.994444,0.666667,False,1.000000,61.638889,三人均有参赛经历:0.67；三人均为二年级以上:0.67
4,117,56.219008,0.500000,False,1.000000,56.095041,三人均有参赛经历:0.00；三人均为二年级以上:1.00
4,118,70.312887,0.666667,False,1.000000,68.231103,三人均有参赛经历:0.33；三人均为二年级以上:1.00
4,119,56.427451,0.500000,False,1.000000,57.137255,三人均有参赛经历:0.33；三人均为二年级以上:0.67
4,120,67.722267,0.666667,False,1.000000,55.278000,三人均有参赛经历:0.33；三人均为二年级以上:1.00
4,121,57.746024,0.500000,False,1.000000,63.730120,三人均有参赛经历:0.33；三人均为二年级以上:0.67
4,122,57.884162,0.500000,False,1.000000,64.420812,三人均有参赛经历:0.33；三人均为二年级以上:0.67
4,123,81.975833,0.833333,False,1.000000,68.212496,三人均有参赛经历:0.67；三人均为二年级以上:1.00
4,124,32.339555,0.166667,False,1.000000,53.364441,三人均有参赛经历:0.00；三人均为二年级以上:0.33
4,125,45.610718,0.333333,False,1.000000,61.386923,三人均有参赛经历:0.00；三人均为二年级以上:0.67
4,126,67.806332,0.666667,False,1.000000,55.698327,三人均有参赛经历:0.33；三人均为二年级以上:1.00
4,127,80.255035,0.833333,False,1.000000,59.608507,三人均有参赛经历:0.67；三人均为二年级以上:1.00
4,128,68.513555,0.666667,False,1.000000,59.234443,三人均有参赛经历:0.67；三人均为二年级以上:0.67
4,129,54.083057,0.500000,False,1.000000,45.415285,三人均有参赛经历:0.33；三人均为二年级以上:0.67
4,130,83.157193,0.833333,False,1.000000,74.119297,三人均有参赛经历:0.67；三人均为二年级以上:1.00
4,131,68.724342,0.666667,False,1.000000,60.288377,三人均有参赛经历:0.67；三人均为二年级以上:0.67
4,132,81.805985,0.833333,False,1.000000,67.363260,三人均有参赛经历:0.67；三人均为二年级以上:1.00
4,133,68.336166,0.666667,False,1.000000,58.347495,三人均有参赛经历:0.33；三人均为二年级以上:1.00
4,134,68.777696,0.666667,False,1.000000,60.555147,三人均有参赛经历:0.33；三人均为二年级以上:1.00
4,135,81.548309,0.833333,False,1.000000,66.074879,三人均有参赛经历:0.67；三人均为二年级以上:1.00
4,136,32.818668,0.166667,False,1.000000,55.760009,三人均有参赛经历:0.00；三人均为二年级以上:0.33
4,137,69.770255,0.666667,False,1.000000,65.517940,三人均有参赛经历:0.67；三人均为二年级以上:0.67
4,138,95.525689,1.000000,True,1.000000,77.628444,三人均有参赛经历:1.00；三人均为二年级以上:1.00
4,139,45.202424,0.333333,False,1.000000,59.345455,三人均有参赛经历:0.33；三人均为二年级以上:0.33
4,140,56.278794,0.500000,False,1.000000,56.393970,三人均有参赛经历:0.33；三人均为二年级以上:0.67
4,141,80.821388,0.833333,False,1.000000,62.440275,三人均有参赛经历:0.67；三人均为二年级以上:1.00
4,142,43.260258,0.333333,False,1.000000,49.634622,三人均有参赛经历:0.00；三人均为二年级以上:0.67
4,143,59.324667,0.500000,False,1.000000,71.623336,三人均有参赛经历:0.33；三人均为二年级以上:0.67
4,144,43.962778,0.333333,False,1.000000,53.147222,三人均有参赛经历:0.33；三人均为二年级以上:0.33
4,145,57.693539,0.500000,False,1.000000,63.467693,三人均有参赛经历:0.33；三人均为二年级以上:0.67
4,146,56.275244,0.500000,False,1.000000,56.376220,三人均有参赛经历:0.33；三人均为二年级以上:0.67
4,147,57.669824,0.500000,False,1.000000,63.349119,三人均有参赛经历:0.33；三人均为二年级以上:0.67
4,148,57.679218,0.500000,False,1.000000,63.396090,三人均有参赛经历:0.00；三人均为二年级以上:1.00
4,149,82.282441,0.833333,False,1.000000,69.745540,三人均有参赛经历:0.67；三人均为二年级以上:1.00
4,150,19.988889,0.000000,False,1.000000,49.944444,三人均有参赛经历:0.00；三人均为二年级以上:0.00
4,151,69.160000,0.666667,False,1.000000,62.466667,三人均有参赛经历:0.67；三人均为二年级以上:0.67
4,152,56.219713,0.500000,False,1.000000,56.098563,三人均有参赛经历:0.33；三人均为二年级以上:0.67
4,153,69.191465,0.666667,False,1.000000,62.623994,三人均有参赛经历:0.33；三人均为二年级以上:1.00
4,154,31.483431,0.166667,False,1.000000,49.083821,三人均有参赛经历:0.00；三人均为二年级以上:0.33
4,155,69.782796,0.666667,False,1.000000,65.580645,三人均有参赛经历:0.33；三人均为二年级以上:1.00
4,156,57.494885,0.500000,False,1.000000,62.474425,三人均有参赛经历:0.33；三人均为二年级以上:0.67
4,157,83.042633,0.833333,False,1.000000,73.546498,三人均有参赛经历:0.67；三人均为二年级以上:1.00
4,158,57.319018,0.500000,False,1.000000,61.595090,三人均有参赛经历:0.33；三人均为二年级以上:0.67
4,159,57.356461,0.500000,False,1.000000,61.782306,三人均有参赛经历:0.00；三人均为二年级以上:1.00
4,160,68.802314,0.666667,False,1.000000,60.678237,三人均有参赛经历:0.33；三人均为二年级以上:1.00
4,161,44.808312,0.333333,False,1.000000,57.374894,三人均有参赛经历:0.33；三人均为二年级以上:0.33
4,162,45.124439,0.333333,False,1.000000,58.955530,三人均有参赛经历:0.33；三人均为二年级以上:0.33
4,163,56.884491,0.500000,False,1.000000,59.422454,三人均有参赛经历:0.33；三人均为二年级以上:0.67
4,164,43.238797,0.333333,False,1.000000,49.527320,三人均有参赛经历:0.33；三人均为二年级以上:0.33
4,165,31.631944,0.166667,False,1.000000,49.826389,三人均有参赛经历:0.00；三人均为二年级以上:0.33
4,166,54.699044,0.500000,False,1.000000,48.495219,三人均有参赛经历:0.33；三人均为二年级以上:0.67
4,167,56.163073,0.500000,False,1.000000,55.815366,三人均有参赛经历:0.33；三人均为二年级以上:0.67
4,168,68.170667,0.666667,False,1.000000,57.520000,三人均有参赛经历:0.67；三人均为二年级以上:0.67
4,169,70.667806,0.666667,False,1.000000,70.005698,三人均有参赛经历:0.67；三人均为二年级以上:0.67
4,170,45.016852,0.333333,False,1.000000,58.417595,三人均有参赛经历:0.33；三人均为二年级以上:0.33
4,171,67.836928,0.666667,False,1.000000,55.851307,三人均有参赛经历:0.67；三人均为二年级以上:0.67
4,172,70.608475,0.666667,False,1.000000,69.709040,三人均有参赛经历:0.67；三人均为二年级以上:0.67
4,173,18.703292,0.000000,False,1.000000,43.516461,三人均有参赛经历:0.00；三人均为二年级以上:0.00
4,174,71.258966,0.666667,False,1.000000,72.961497,三人均有参赛经历:0.67；三人均为二年级以上:0.67
4,175,71.315458,0.666667,False,1.000000,73.243955,三人均有参赛经历:0.67；三人均为二年级以上:0.67
13,1,91.655914,1.000000,True,1.000000,58.279570,至少一人有参赛经历:1.00
13,2,95.377179,1.000000,True,1.000000,76.885895,至少一人有参赛经历:1.00
13,3,91.714559,1.000000,True,1.000000,58.572797,至少一人有参赛经历:1.00
13,4,91.496705,1.000000,True,1.000000,57.483524,至少一人有参赛经历:1.00
13,5,92.965269,1.000000,True,1.000000,64.826344,至少一人有参赛经历:1.00
13,6,91.865679,1.000000,True,1.000000,59.328395,至少一人有参赛经历:1.00
13,7,91.390465,1.000000,True,1.000000,56.952327,至少一人有参赛经历:1.00
13,8,90.940741,1.000000,True,1.000000,54.703704,至少一人有参赛经历:1.00
13,9,93.206520,1.000000,True,1.000000,66.032600,至少一人有参赛经历:1.00
13,10,21.416667,0.000000,False,1.000000,57.083333,至少一人有参赛经历:0.00
13,11,94.088560,1.000000,True,1.000000,70.442798,至少一人有参赛经历:1.00
13,12,94.048043,1.000000,True,1.000000,70.240216,至少一人有参赛经历:1.00
13,13,21.015335,0.000000,False,1.000000,55.076676,至少一人有参赛经历:0.00
13,14,92.529190,1.000000,True,1.000000,62.645951,至少一人有参赛经历:1.00
13,15,94.660332,1.000000,True,1.000000,73.301659,至少一人有参赛经历:1.00
13,16,92.348000,1.000000,True,1.000000,61.740000,至少一人有参赛经历:1.00
13,17,91.701932,1.000000,True,1.000000,58.509662,至少一人有参赛经历:1.00
13,18,93.430707,1.000000,True,1.000000,67.153535,至少一人有参赛经历:1.00
13,19,91.453419,1.000000,True,1.000000,57.267094,至少一人有参赛经历:1.00
13,20,93.398175,1.000000,True,1.000000,66.990877,至少一人有参赛经历:1.00
13,21,17.486793,0.000000,False,1.000000,37.433964,至少一人有参赛经历:0.00
13,22,92.969261,1.000000,True,1.000000,64.846307,至少一人有参赛经历:1.00
13,23,92.366244,1.000000,True,1.000000,61.831220,至少一人有参赛经历:1.00
13,24,21.018382,0.000000,False,1.000000,55.091912,至少一人有参赛经历:0.00
13,25,91.188889,1.000000,True,1.000000,55.944444,至少一人有参赛经历:1.00
13,26,21.467439,0.000000,False,1.000000,57.337193,至少一人有参赛经历:0.00
13,27,19.510719,0.000000,False,1.000000,47.553595,至少一人有参赛经历:0.00
13,28,94.652508,1.000000,True,1.000000,73.262542,至少一人有参赛经历:1.00
13,29,19.854177,0.000000,False,1.000000,49.270885,至少一人有参赛经历:0.00
13,30,91.855983,1.000000,True,1.000000,59.279915,至少一人有参赛经历:1.00
13,31,91.275507,1.000000,True,1.000000,56.377536,至少一人有参赛经历:1.00
13,32,21.672172,0.000000,False,1.000000,58.360861,至少一人有参赛经历:0.00
13,33,92.009970,1.000000,True,1.000000,60.049851,至少一人有参赛经历:1.00
13,34,90.084477,1.000000,True,1.000000,50.422386,至少一人有参赛经历:1.00
13,35,90.930352,1.000000,True,1.000000,54.651762,至少一人有参赛经历:1.00
13,36,96.225014,1.000000,True,1.000000,81.125070,至少一人有参赛经历:1.00
13,37,94.779769,1.000000,True,1.000000,73.898846,至少一人有参赛经历:1.00
13,38,93.597862,1.000000,True,1.000000,67.989310,至少一人有参赛经历:1.00
13,39,90.901144,1.000000,True,1.000000,54.505722,至少一人有参赛经历:1.00
13,40,91.077066,1.000000,True,1.000000,55.385332,至少一人有参赛经历:1.00
13,41,91.400754,1.000000,True,1.000000,57.003771,至少一人有参赛经历:1.00
13,42,22.794510,0.000000,False,1.000000,63.972548,至少一人有参赛经历:0.00
13,43,21.781377,0.000000,False,1.000000,58.906887,至少一人有参赛经历:0.00
13,44,90.044527,1.000000,True,1.000000,50.222634,至少一人有参赛经历:1.00
13,45,91.770758,1.000000,True,1.000000,58.853789,至少一人有参赛经历:1.00
13,46,92.645829,1.000000,True,1.000000,63.229143,至少一人有参赛经历:1.00
13,47,90.364104,1.000000,True,1.000000,51.820518,至少一人有参赛经历:1.00
13,48,17.673946,0.000000,False,1.000000,38.369732,至少一人有参赛经历:0.00
13,49,88.478343,1.000000,True,1.000000,42.391714,至少一人有参赛经历:1.00
13,50,91.510372,1.000000,True,1.000000,57.551862,至少一人有参赛经历:1.00
13,51,20.673125,0.000000,False,1.000000,53.365623,至少一人有参赛经历:0.00
13,52,89.900878,1.000000,True,1.000000,49.504388,至少一人有参赛经历:1.00
13,53,91.925203,1.000000,True,1.000000,59.626016,至少一人有参赛经历:1.00
13,54,18.322137,0.000000,False,1.000000,41.610684,至少一人有参赛经历:0.00
13,55,20.402207,0.000000,False,1.000000,52.011036,至少一人有参赛经历:0.00
13,56,93.364236,1.000000,True,1.000000,66.821181,至少一人有参赛经历:1.00
13,57,20.097826,0.000000,False,1.000000,50.489130,至少一人有参赛经历:0.00
13,58,92.895211,1.000000,True,1.000000,64.476057,至少一人有参赛经历:1.00
13,59,22.556364,0.000000,False,1.000000,62.781822,至少一人有参赛经历:0.00
13,60,93.770180,1.000000,True,1.000000,68.850902,至少一人有参赛经历:1.00
13,61,93.573325,1.000000,True,1.000000,67.866626,至少一人有参赛经历:1.00
13,62,92.432999,1.000000,True,1.000000,62.164997,至少一人有参赛经历:1.00
13,63,94.067512,1.000000,True,1.000000,70.337558,至少一人有参赛经历:1.00
13,64,89.987440,1.000000,True,1.000000,49.937198,至少一人有参赛经历:1.00
13,65,90.716328,1.000000,True,1.000000,53.581640,至少一人有参赛经历:1.00
13,66,93.643148,1.000000,True,1.000000,68.215738,至少一人有参赛经历:1.00
13,67,93.241300,1.000000,True,1.000000,66.206500,至少一人有参赛经历:1.00
13,68,94.454998,1.000000,True,1.000000,72.274990,至少一人有参赛经历:1.00
13,69,92.323177,1.000000,True,1.000000,61.615885,至少一人有参赛经历:1.00
13,70,93.244029,1.000000,True,1.000000,66.220147,至少一人有参赛经历:1.00
13,71,91.644000,1.000000,True,1.000000,58.220000,至少一人有参赛经历:1.00
13,72,93.235479,1.000000,True,1.000000,66.177397,至少一人有参赛经历:1.00
13,73,93.270131,1.000000,True,1.000000,66.350653,至少一人有参赛经历:1.00
13,74,91.874510,1.000000,True,1.000000,59.372551,至少一人有参赛经历:1.00
13,75,90.258945,1.000000,True,1.000000,51.294727,至少一人有参赛经历:1.00
13,76,95.239130,1.000000,True,1.000000,76.195652,至少一人有参赛经历:1.00
13,77,21.270808,0.000000,False,1.000000,56.354040,至少一人有参赛经历:0.00
13,78,93.015835,1.000000,True,1.000000,65.079177,至少一人有参赛经历:1.00
13,79,92.645363,1.000000,True,1.000000,63.226815,至少一人有参赛经历:1.00
13,80,93.553354,1.000000,True,1.000000,67.766771,至少一人有参赛经历:1.00
13,81,93.754898,1.000000,True,1.000000,68.774492,至少一人有参赛经历:1.00
13,82,21.721527,0.000000,False,1.000000,58.607634,至少一人有参赛经历:0.00
13,83,90.912500,1.000000,True,1.000000,54.562500,至少一人有参赛经历:1.00
13,84,89.913811,1.000000,True,1.000000,49.569054,至少一人有参赛经历:1.00
13,85,91.968220,1.000000,True,1.000000,59.841102,至少一人有参赛经历:1.00
13,86,92.782502,1.000000,True,1.000000,63.912512,至少一人有参赛经历:1.00
13,87,92.608070,1.000000,True,1.000000,63.040351,至少一人有参赛经历:1.00
13,88,90.257151,1.000000,True,1.000000,51.285757,至少一人有参赛经历:1.00
13,89,92.904122,1.000000,True,1.000000,64.520609,至少一人有参赛经历:1.00
13,90,91.272164,1.000000,True,1.000000,56.360820,至少一人有参赛经历:1.00
13,91,91.932151,1.000000,True,1.000000,59.660754,至少一人有参赛经历:1.00
13,92,93.033333,1.000000,True,1.000000,65.166667,至少一人有参赛经历:1.00
13,93,93.989452,1.000000,True,1.000000,69.947262,至少一人有参赛经历:1.00
13,94,94.815960,1.000000,True,1.000000,74.079798,至少一人有参赛经历:1.00
13,95,91.239017,1.000000,True,1.000000,56.195083,至少一人有参赛经历:1.00
13,96,92.944414,1.000000,True,1.000000,64.722072,至少一人有参赛经历:1.00
13,97,92.035185,1.000000,True,1.000000,60.175926,至少一人有参赛经历:1.00
13,98,92.579347,1.000000,True,1.000000,62.896737,至少一人有参赛经历:1.00
13,99,19.485556,0.000000,False,1.000000,47.427778,至少一人有参赛经历:0.00
13,100,92.969726,1.000000,True,1.000000,64.848631,至少一人有参赛经历:1.00
13,101,20.221859,0.000000,False,1.000000,51.109295,至少一人有参赛经历:0.00
13,102,94.139566,1.000000,True,1.000000,70.697829,至少一人有参赛经历:1.00
13,103,94.060341,1.000000,True,1.000000,70.301705,至少一人有参赛经历:1.00
13,104,92.847392,1.000000,True,1.000000,64.236959,至少一人有参赛经历:1.00
13,105,92.154902,1.000000,True,1.000000,60.774510,至少一人有参赛经历:1.00
13,106,95.436158,1.000000,True,1.000000,77.180791,至少一人有参赛经历:1.00
13,107,90.364809,1.000000,True,1.000000,51.824044,至少一人有参赛经历:1.00
13,108,93.536704,1.000000,True,1.000000,67.683520,至少一人有参赛经历:1.00
13,109,92.166215,1.000000,True,1.000000,60.831075,至少一人有参赛经历:1.00
13,110,21.773892,0.000000,False,1.000000,58.869458,至少一人有参赛经历:0.00
13,111,21.880796,0.000000,False,1.000000,59.403978,至少一人有参赛经历:0.00
13,112,95.515954,1.000000,True,1.000000,77.579772,至少一人有参赛经历:1.00
13,113,18.996239,0.000000,False,1.000000,44.981197,至少一人有参赛经历:0.00
13,114,21.476296,0.000000,False,1.000000,57.381481,至少一人有参赛经历:0.00
13,115,93.325523,1.000000,True,1.000000,66.627616,至少一人有参赛经历:1.00
13,116,92.327778,1.000000,True,1.000000,61.638889,至少一人有参赛经历:1.00
13,117,21.219008,0.000000,False,1.000000,56.095041,至少一人有参赛经历:0.00
13,118,93.646221,1.000000,True,1.000000,68.231103,至少一人有参赛经历:1.00
13,119,91.427451,1.000000,True,1.000000,57.137255,至少一人有参赛经历:1.00
13,120,91.055600,1.000000,True,1.000000,55.278000,至少一人有参赛经历:1.00
13,121,92.746024,1.000000,True,1.000000,63.730120,至少一人有参赛经历:1.00
13,122,92.884162,1.000000,True,1.000000,64.420812,至少一人有参赛经历:1.00
13,123,93.642499,1.000000,True,1.000000,68.212496,至少一人有参赛经历:1.00
13,124,20.672888,0.000000,False,1.000000,53.364441,至少一人有参赛经历:0.00
13,125,22.277385,0.000000,False,1.000000,61.386923,至少一人有参赛经历:0.00
13,126,91.139665,1.000000,True,1.000000,55.698327,至少一人有参赛经历:1.00
13,127,91.921701,1.000000,True,1.000000,59.608507,至少一人有参赛经历:1.00
13,128,91.846889,1.000000,True,1.000000,59.234443,至少一人有参赛经历:1.00
13,129,89.083057,1.000000,True,1.000000,45.415285,至少一人有参赛经历:1.00
13,130,94.823859,1.000000,True,1.000000,74.119297,至少一人有参赛经历:1.00
13,131,92.057675,1.000000,True,1.000000,60.288377,至少一人有参赛经历:1.00
13,132,93.472652,1.000000,True,1.000000,67.363260,至少一人有参赛经历:1.00
13,133,91.669499,1.000000,True,1.000000,58.347495,至少一人有参赛经历:1.00
13,134,92.111029,1.000000,True,1.000000,60.555147,至少一人有参赛经历:1.00
13,135,93.214976,1.000000,True,1.000000,66.074879,至少一人有参赛经历:1.00
13,136,21.152002,0.000000,False,1.000000,55.760009,至少一人有参赛经历:0.00
13,137,93.103588,1.000000,True,1.000000,65.517940,至少一人有参赛经历:1.00
13,138,95.525689,1.000000,True,1.000000,77.628444,至少一人有参赛经历:1.00
13,139,91.869091,1.000000,True,1.000000,59.345455,至少一人有参赛经历:1.00
13,140,91.278794,1.000000,True,1.000000,56.393970,至少一人有参赛经历:1.00
13,141,92.488055,1.000000,True,1.000000,62.440275,至少一人有参赛经历:1.00
13,142,19.926924,0.000000,False,1.000000,49.634622,至少一人有参赛经历:0.00
13,143,94.324667,1.000000,True,1.000000,71.623336,至少一人有参赛经历:1.00
13,144,90.629444,1.000000,True,1.000000,53.147222,至少一人有参赛经历:1.00
13,145,92.693539,1.000000,True,1.000000,63.467693,至少一人有参赛经历:1.00
13,146,91.275244,1.000000,True,1.000000,56.376220,至少一人有参赛经历:1.00
13,147,92.669824,1.000000,True,1.000000,63.349119,至少一人有参赛经历:1.00
13,148,22.679218,0.000000,False,1.000000,63.396090,至少一人有参赛经历:0.00
13,149,93.949108,1.000000,True,1.000000,69.745540,至少一人有参赛经历:1.00
13,150,19.988889,0.000000,False,1.000000,49.944444,至少一人有参赛经历:0.00
13,151,92.493333,1.000000,True,1.000000,62.466667,至少一人有参赛经历:1.00
13,152,91.219713,1.000000,True,1.000000,56.098563,至少一人有参赛经历:1.00
13,153,92.524799,1.000000,True,1.000000,62.623994,至少一人有参赛经历:1.00
13,154,19.816764,0.000000,False,1.000000,49.083821,至少一人有参赛经历:0.00
13,155,93.116129,1.000000,True,1.000000,65.580645,至少一人有参赛经历:1.00
13,156,92.494885,1.000000,True,1.000000,62.474425,至少一人有参赛经历:1.00
13,157,94.709300,1.000000,True,1.000000,73.546498,至少一人有参赛经历:1.00
13,158,92.319018,1.000000,True,1.000000,61.595090,至少一人有参赛经历:1.00
13,159,22.356461,0.000000,False,1.000000,61.782306,至少一人有参赛经历:0.00
13,160,92.135647,1.000000,True,1.000000,60.678237,至少一人有参赛经历:1.00
13,161,91.474979,1.000000,True,1.000000,57.374894,至少一人有参赛经历:1.00
13,162,91.791106,1.000000,True,1.000000,58.955530,至少一人有参赛经历:1.00
13,163,91.884491,1.000000,True,1.000000,59.422454,至少一人有参赛经历:1.00
13,164,89.905464,1.000000,True,1.000000,49.527320,至少一人有参赛经历:1.00
13,165,19.965278,0.000000,False,1.000000,49.826389,至少一人有参赛经历:0.00
13,166,89.699044,1.000000,True,1.000000,48.495219,至少一人有参赛经历:1.00
13,167,91.163073,1.000000,True,1.000000,55.815366,至少一人有参赛经历:1.00
13,168,91.504000,1.000000,True,1.000000,57.520000,至少一人有参赛经历:1.00
13,169,94.001140,1.000000,True,1.000000,70.005698,至少一人有参赛经历:1.00
13,170,91.683519,1.000000,True,1.000000,58.417595,至少一人有参赛经历:1.00
13,171,91.170261,1.000000,True,1.000000,55.851307,至少一人有参赛经历:1.00
13,172,93.941808,1.000000,True,1.000000,69.709040,至少一人有参赛经历:1.00
13,173,18.703292,0.000000,False,1.000000,43.516461,至少一人有参赛经历:0.00
13,174,94.592299,1.000000,True,1.000000,72.961497,至少一人有参赛经历:1.00
13,175,94.648791,1.000000,True,1.000000,73.243955,至少一人有参赛经历:1.00
22,1,41.100358,0.277778,False,1.000000,58.279570,三人均有参赛经历:0.33；三人排名前5%:0.00；三人专业不同:0.50
22,2,87.599401,0.888889,False,1.000000,76.885895,三人均有参赛经历:0.67；三人排名前5%:1.00；三人专业不同:1.00
22,3,37.270115,0.222222,False,1.000000,58.572797,三人均有参赛经历:0.67；三人排名前5%:0.00；三人专业不同:0.00
22,4,52.607816,0.444444,False,1.000000,57.483524,三人均有参赛经历:0.33；三人排名前5%:0.00；三人专业不同:1.00
22,5,61.854158,0.555556,False,1.000000,64.826344,三人均有参赛经历:0.67；三人排名前5%:0.00；三人专业不同:1.00
22,6,41.310124,0.277778,False,1.000000,59.328395,三人均有参赛经历:0.33；三人排名前5%:0.00；三人专业不同:0.50
22,7,52.501576,0.444444,False,1.000000,56.952327,三人均有参赛经历:0.33；三人排名前5%:0.00；三人专业不同:1.00
22,8,28.718519,0.111111,False,1.000000,54.703704,三人均有参赛经历:0.33；三人排名前5%:0.00；三人专业不同:0.00
22,9,62.095409,0.555556,False,1.000000,66.032600,三人均有参赛经历:0.33；三人排名前5%:0.33；三人专业不同:1.00
22,10,48.638889,0.388889,False,1.000000,57.083333,三人均有参赛经历:0.00；三人排名前5%:0.67；三人专业不同:0.50
22,11,62.977449,0.555556,False,1.000000,70.442798,三人均有参赛经历:0.67；三人排名前5%:0.00；三人专业不同:1.00
22,12,59.048043,0.500000,False,1.000000,70.240216,三人均有参赛经历:0.67；三人排名前5%:0.33；三人专业不同:0.50
22,13,52.126446,0.444444,False,1.000000,55.076676,三人均有参赛经历:0.00；三人排名前5%:0.33；三人专业不同:1.00
22,14,61.418079,0.555556,False,1.000000,62.645951,三人均有参赛经历:0.67；三人排名前5%:0.00；三人专业不同:1.00
22,15,71.326998,0.666667,False,1.000000,73.301659,三人均有参赛经历:0.67；三人排名前5%:0.33；三人专业不同:1.00
22,16,41.792444,0.277778,False,1.000000,61.740000,三人均有参赛经历:0.33；三人排名前5%:0.00；三人专业不同:0.50
22,17,52.813043,0.444444,False,1.000000,58.509662,三人均有参赛经历:0.33；三人排名前5%:0.00；三人专业不同:1.00
22,18,46.764040,0.333333,False,1.000000,67.153535,三人均有参赛经历:0.67；三人排名前5%:0.33；三人专业不同:0.00
22,19,37.008974,0.222222,False,1.000000,57.267094,三人均有参赛经历:0.33；三人排名前5%:0.33；三人专业不同:0.00
22,20,50.620398,0.388889,False,1.000000,66.990877,三人均有参赛经历:0.33；三人排名前5%:0.33；三人专业不同:0.50
22,21,29.153460,0.166667,False,1.000000,37.433964,三人均有参赛经历:0.00；三人排名前5%:0.00；三人专业不同:0.50
22,22,69.635928,0.666667,False,1.000000,64.846307,三人均有参赛经历:0.67；三人排名前5%:0.33；三人专业不同:1.00
22,23,41.810689,0.277778,False,1.000000,61.831220,三人均有参赛经历:0.33；三人排名前5%:0.00；三人专业不同:0.50
22,24,48.240605,0.388889,False,1.000000,55.091912,三人均有参赛经历:0.00；三人排名前5%:0.67；三人专业不同:0.50
22,25,40.633333,0.277778,False,1.000000,55.944444,三人均有参赛经历:0.33；三人排名前5%:0.00；三人专业不同:0.50
22,26,44.800772,0.333333,False,1.000000,57.337193,三人均有参赛经历:0.00；三人排名前5%:0.00；三人专业不同:1.00
22,27,38.955163,0.277778,False,1.000000,47.553595,三人均有参赛经历:0.00；三人排名前5%:0.33；三人专业不同:0.50
22,28,86.874731,0.888889,False,1.000000,73.262542,三人均有参赛经历:1.00；三人排名前5%:0.67；三人专业不同:1.00
22,29,50.965288,0.444444,False,1.000000,49.270885,三人均有参赛经历:0.00；三人排名前5%:0.33；三人专业不同:1.00
22,30,60.744872,0.555556,False,1.000000,59.279915,三人均有参赛经历:0.67；三人排名前5%:0.00；三人专业不同:1.00
22,31,48.497729,0.388889,False,1.000000,56.377536,三人均有参赛经历:0.33；三人排名前5%:0.33；三人专业不同:0.50
22,32,52.783283,0.444444,False,1.000000,58.360861,三人均有参赛经历:0.00；三人排名前5%:0.33；三人专业不同:1.00
22,33,53.121081,0.444444,False,1.000000,60.049851,三人均有参赛经历:0.33；三人排名前5%:0.00；三人专业不同:1.00
22,34,27.862255,0.111111,False,1.000000,50.422386,三人均有参赛经历:0.33；三人排名前5%:0.00；三人专业不同:0.00
22,35,40.374797,0.277778,False,1.000000,54.651762,三人均有参赛经历:0.33；三人排名前5%:0.00；三人专业不同:0.50
22,36,69.002792,0.611111,False,1.000000,81.125070,三人均有参赛经历:1.00；三人排名前5%:0.33；三人专业不同:0.50
22,37,67.557547,0.611111,False,1.000000,73.898846,三人均有参赛经历:0.67；三人排名前5%:0.67；三人专业不同:0.50
22,38,50.820084,0.388889,False,1.000000,67.989310,三人均有参赛经历:0.33；三人排名前5%:0.33；三人专业不同:0.50
22,39,59.790033,0.555556,False,1.000000,54.505722,三人均有参赛经历:0.67；三人排名前5%:0.00；三人专业不同:1.00
22,40,36.632622,0.222222,False,1.000000,55.385332,三人均有参赛经历:0.67；三人排名前5%:0.00；三人专业不同:0.00
22,41,60.289643,0.555556,False,1.000000,57.003771,三人均有参赛经历:0.67；三人排名前5%:0.00；三人专业不同:1.00
22,42,50.016732,0.388889,False,1.000000,63.972548,三人均有参赛经历:0.00；三人排名前5%:0.67；三人专业不同:0.50
22,43,33.448044,0.166667,False,1.000000,58.906887,三人均有参赛经历:0.00；三人排名前5%:0.00；三人专业不同:0.50
22,44,39.488971,0.277778,False,1.000000,50.222634,三人均有参赛经历:0.33；三人排名前5%:0.00；三人专业不同:0.50
22,45,60.659647,0.555556,False,1.000000,58.853789,三人均有参赛经历:0.33；三人排名前5%:0.33；三人专业不同:1.00
22,46,61.534718,0.555556,False,1.000000,63.229143,三人均有参赛经历:0.67；三人排名前5%:0.00；三人专业不同:1.00
22,47,39.808548,0.277778,False,1.000000,51.820518,三人均有参赛经历:0.33；三人排名前5%:0.00；三人专业不同:0.50
22,48,17.673946,0.000000,False,1.000000,38.369732,三人均有参赛经历:0.00；三人排名前5%:0.00；三人专业不同:0.00
22,49,26.256121,0.111111,False,1.000000,42.391714,三人均有参赛经历:0.33；三人排名前5%:0.00；三人专业不同:0.00
22,50,60.399261,0.555556,False,1.000000,57.551862,三人均有参赛经历:0.67；三人排名前5%:0.00；三人专业不同:1.00
22,51,47.895347,0.388889,False,1.000000,53.365623,三人均有参赛经历:0.00；三人排名前5%:0.67；三人专业不同:0.50
22,52,39.345322,0.277778,False,1.000000,49.504388,三人均有参赛经历:0.33；三人排名前5%:0.00；三人专业不同:0.50
22,53,37.480759,0.222222,False,1.000000,59.626016,三人均有参赛经历:0.33；三人排名前5%:0.33；三人专业不同:0.00
22,54,41.655470,0.333333,False,1.000000,41.610684,三人均有参赛经历:0.00；三人排名前5%:0.00；三人专业不同:1.00
22,55,51.513318,0.444444,False,1.000000,52.011036,三人均有参赛经历:0.00；三人排名前5%:0.33；三人专业不同:1.00
22,56,38.919792,0.222222,False,1.000000,66.821181,三人均有参赛经历:0.67；三人排名前5%:0.00；三人专业不同:0.00
22,57,20.097826,0.000000,False,1.000000,50.489130,三人均有参赛经历:0.00；三人排名前5%:0.00；三人专业不同:0.00
22,58,50.117434,0.388889,False,1.000000,64.476057,三人均有参赛经历:0.33；三人排名前5%:0.33；三人专业不同:0.50
22,59,49.778587,0.388889,False,1.000000,62.781822,三人均有参赛经历:0.00；三人排名前5%:0.67；三人专业不同:0.50
22,60,50.992403,0.388889,False,1.000000,68.850902,三人均有参赛经历:0.67；三人排名前5%:0.00；三人专业不同:0.50
22,61,54.684436,0.444444,False,1.000000,67.866626,三人均有参赛经历:0.33；三人排名前5%:0.00；三人专业不同:1.00
22,62,53.544111,0.444444,False,1.000000,62.164997,三人均有参赛经历:0.33；三人排名前5%:0.00；三人专业不同:1.00
22,63,70.734178,0.666667,False,1.000000,70.337558,三人均有参赛经历:0.67；三人排名前5%:0.33；三人专业不同:1.00
22,64,51.098551,0.444444,False,1.000000,49.937198,三人均有参赛经历:0.33；三人排名前5%:0.00；三人专业不同:1.00
22,65,28.494106,0.111111,False,1.000000,53.581640,三人均有参赛经历:0.33；三人排名前5%:0.00；三人专业不同:0.00
22,66,39.198703,0.222222,False,1.000000,68.215738,三人均有参赛经历:0.67；三人排名前5%:0.00；三人专业不同:0.00
22,67,50.463522,0.388889,False,1.000000,66.206500,三人均有参赛经历:0.33；三人排名前5%:0.33；三人专业不同:0.50
22,68,67.232776,0.611111,False,1.000000,72.274990,三人均有参赛经历:0.67；三人排名前5%:0.67；三人专业不同:0.50
22,69,49.545399,0.388889,False,1.000000,61.615885,三人均有参赛经历:0.33；三人排名前5%:0.33；三人专业不同:0.50
22,70,69.910696,0.666667,False,1.000000,66.220147,三人均有参赛经历:0.33；三人排名前5%:0.67；三人专业不同:1.00
22,71,60.532889,0.555556,False,1.000000,58.220000,三人均有参赛经历:0.33；三人排名前5%:0.33；三人专业不同:1.00
22,72,50.457702,0.388889,False,1.000000,66.177397,三人均有参赛经历:0.67；三人排名前5%:0.00；三人专业不同:0.50
22,73,58.270131,0.500000,False,1.000000,66.350653,三人均有参赛经历:0.33；三人排名前5%:0.67；三人专业不同:0.50
22,74,52.985621,0.444444,False,1.000000,59.372551,三人均有参赛经历:0.33；三人排名前5%:0.00；三人专业不同:1.00
22,75,39.703390,0.277778,False,1.000000,51.294727,三人均有参赛经历:0.33；三人排名前5%:0.00；三人专业不同:0.50
22,76,48.572464,0.333333,False,1.000000,76.195652,三人均有参赛经历:0.67；三人排名前5%:0.33；三人专业不同:0.00
22,77,40.715253,0.277778,False,1.000000,56.354040,三人均有参赛经历:0.00；三人排名前5%:0.33；三人专业不同:0.50
22,78,69.682502,0.666667,False,1.000000,65.079177,三人均有参赛经历:1.00；三人排名前5%:0.00；三人专业不同:1.00
22,79,42.089807,0.277778,False,1.000000,63.226815,三人均有参赛经历:0.33；三人排名前5%:0.00；三人专业不同:0.50
22,80,62.442243,0.555556,False,1.000000,67.766771,三人均有参赛经历:0.67；三人排名前5%:0.00；三人专业不同:1.00
22,81,70.421565,0.666667,False,1.000000,68.774492,三人均有参赛经历:0.33；三人排名前5%:0.67；三人专业不同:1.00
22,82,48.943749,0.388889,False,1.000000,58.607634,三人均有参赛经历:0.00；三人排名前5%:0.67；三人专业不同:0.50
22,83,48.134722,0.388889,False,1.000000,54.562500,三人均有参赛经历:0.33；三人排名前5%:0.33；三人专业不同:0.50
22,84,58.802700,0.555556,False,1.000000,49.569054,三人均有参赛经历:0.67；三人排名前5%:0.00；三人专业不同:1.00
22,85,56.968220,0.500000,False,1.000000,59.841102,三人均有参赛经历:0.67；三人排名前5%:0.33；三人专业不同:0.50
22,86,50.004725,0.388889,False,1.000000,63.912512,三人均有参赛经历:0.33；三人排名前5%:0.33；三人专业不同:0.50
22,87,53.719181,0.444444,False,1.000000,63.040351,三人均有参赛经历:0.33；三人排名前5%:0.00；三人专业不同:1.00
22,88,47.479374,0.388889,False,1.000000,51.285757,三人均有参赛经历:0.33；三人排名前5%:0.33；三人专业不同:0.50
22,89,57.904122,0.500000,False,1.000000,64.520609,三人均有参赛经历:0.33；三人排名前5%:0.67；三人专业不同:0.50
22,90,60.161053,0.555556,False,1.000000,56.360820,三人均有参赛经历:0.67；三人排名前5%:0.00；三人专业不同:1.00
22,91,37.487706,0.222222,False,1.000000,59.660754,三人均有参赛经历:0.33；三人排名前5%:0.33；三人专业不同:0.00
22,92,61.922222,0.555556,False,1.000000,65.166667,三人均有参赛经历:0.67；三人排名前5%:0.00；三人专业不同:1.00
22,93,70.656119,0.666667,False,1.000000,69.947262,三人均有参赛经历:0.67；三人排名前5%:0.33；三人专业不同:1.00
22,94,63.704848,0.555556,False,1.000000,74.079798,三人均有参赛经历:0.67；三人排名前5%:1.00；三人专业不同:0.00
22,95,52.350128,0.444444,False,1.000000,56.195083,三人均有参赛经历:0.33；三人排名前5%:0.00；三人专业不同:1.00
22,96,50.166637,0.388889,False,1.000000,64.722072,三人均有参赛经历:0.67；三人排名前5%:0.00；三人专业不同:0.50
22,97,41.479630,0.277778,False,1.000000,60.175926,三人均有参赛经历:0.33；三人排名前5%:0.00；三人专业不同:0.50
22,98,30.357125,0.111111,False,1.000000,62.896737,三人均有参赛经历:0.33；三人排名前5%:0.00；三人专业不同:0.00
22,99,31.152222,0.166667,False,1.000000,47.427778,三人均有参赛经历:0.00；三人排名前5%:0.00；三人专业不同:0.50
22,100,57.969726,0.500000,False,1.000000,64.848631,三人均有参赛经历:0.67；三人排名前5%:0.33；三人专业不同:0.50
22,101,43.555192,0.333333,False,1.000000,51.109295,三人均有参赛经历:0.00；三人排名前5%:0.00；三人专业不同:1.00
22,102,59.139566,0.500000,False,1.000000,70.697829,三人均有参赛经历:0.33；三人排名前5%:0.67；三人专业不同:0.50
22,103,66.838119,0.611111,False,1.000000,70.301705,三人均有参赛经历:1.00；三人排名前5%:0.33；三人专业不同:0.50
22,104,53.958503,0.444444,False,1.000000,64.236959,三人均有参赛经历:0.33；三人排名前5%:0.00；三人专业不同:1.00
22,105,37.710458,0.222222,False,1.000000,60.774510,三人均有参赛经历:0.33；三人排名前5%:0.33；三人专业不同:0.00
22,106,56.547269,0.444444,False,1.000000,77.180791,三人均有参赛经历:1.00；三人排名前5%:0.33；三人专业不同:0.00
22,107,51.475920,0.444444,False,1.000000,51.824044,三人均有参赛经历:0.33；三人排名前5%:0.00；三人专业不同:1.00
22,108,62.425593,0.555556,False,1.000000,67.683520,三人均有参赛经历:0.67；三人排名前5%:0.00；三人专业不同:1.00
22,109,41.610659,0.277778,False,1.000000,60.831075,三人均有参赛经历:0.33；三人排名前5%:0.00；三人专业不同:0.50
22,110,33.440558,0.166667,False,1.000000,58.869458,三人均有参赛经历:0.00；三人排名前5%:0.00；三人专业不同:0.50
22,111,21.880796,0.000000,False,1.000000,59.403978,三人均有参赛经历:0.00；三人排名前5%:0.00；三人专业不同:0.00
22,112,68.293732,0.611111,False,1.000000,77.579772,三人均有参赛经历:1.00；三人排名前5%:0.33；三人专业不同:0.50
22,113,30.662906,0.166667,False,1.000000,44.981197,三人均有参赛经历:0.00；三人排名前5%:0.00；三人专业不同:0.50
22,114,52.587407,0.444444,False,1.000000,57.381481,三人均有参赛经历:0.00；三人排名前5%:0.33；三人专业不同:1.00
22,115,69.992190,0.666667,False,1.000000,66.627616,三人均有参赛经历:0.67；三人排名前5%:0.33；三人专业不同:1.00
22,116,49.550000,0.388889,False,1.000000,61.638889,三人均有参赛经历:0.67；三人排名前5%:0.00；三人专业不同:0.50
22,117,52.330119,0.444444,False,1.000000,56.095041,三人均有参赛经历:0.00；三人排名前5%:0.33；三人专业不同:1.00
22,118,54.757332,0.444444,False,1.000000,68.231103,三人均有参赛经历:0.33；三人排名前5%:0.00；三人专业不同:1.00
22,119,52.538562,0.444444,False,1.000000,57.137255,三人均有参赛经历:0.33；三人排名前5%:0.00；三人专业不同:1.00
22,120,52.166711,0.444444,False,1.000000,55.278000,三人均有参赛经历:0.33；三人排名前5%:0.00；三人专业不同:1.00
22,121,61.634913,0.555556,False,1.000000,63.730120,三人均有参赛经历:0.33；三人排名前5%:0.33；三人专业不同:1.00
22,122,38.439718,0.222222,False,1.000000,64.420812,三人均有参赛经历:0.33；三人排名前5%:0.33；三人专业不同:0.00
22,123,50.864721,0.388889,False,1.000000,68.212496,三人均有参赛经历:0.67；三人排名前5%:0.00；三人专业不同:0.50
22,124,32.339555,0.166667,False,1.000000,53.364441,三人均有参赛经历:0.00；三人排名前5%:0.00；三人专业不同:0.50
22,125,57.277385,0.500000,False,1.000000,61.386923,三人均有参赛经历:0.00；三人排名前5%:1.00；三人专业不同:0.50
22,126,40.584110,0.277778,False,1.000000,55.698327,三人均有参赛经历:0.33；三人排名前5%:0.00；三人专业不同:0.50
22,127,49.143924,0.388889,False,1.000000,59.608507,三人均有参赛经历:0.67；三人排名前5%:0.00；三人专业不同:0.50
22,128,60.735777,0.555556,False,1.000000,59.234443,三人均有参赛经历:0.67；三人排名前5%:0.00；三人专业不同:1.00
22,129,38.527502,0.277778,False,1.000000,45.415285,三人均有参赛经历:0.33；三人排名前5%:0.00；三人专业不同:0.50
22,130,59.823859,0.500000,False,1.000000,74.119297,三人均有参赛经历:0.67；三人排名前5%:0.33；三人专业不同:0.50
22,131,60.946564,0.555556,False,1.000000,60.288377,三人均有参赛经历:0.67；三人排名前5%:0.00；三人专业不同:1.00
22,132,62.361541,0.555556,False,1.000000,67.363260,三人均有参赛经历:0.67；三人排名前5%:0.00；三人专业不同:1.00
22,133,41.113943,0.277778,False,1.000000,58.347495,三人均有参赛经历:0.33；三人排名前5%:0.00；三人专业不同:0.50
22,134,37.666585,0.222222,False,1.000000,60.555147,三人均有参赛经历:0.33；三人排名前5%:0.33；三人专业不同:0.00
22,135,46.548309,0.333333,False,1.000000,66.074879,三人均有参赛经历:0.67；三人排名前5%:0.33；三人专业不同:0.00
22,136,32.818668,0.166667,False,1.000000,55.760009,三人均有参赛经历:0.00；三人排名前5%:0.00；三人专业不同:0.50
22,137,50.325810,0.388889,False,1.000000,65.517940,三人均有参赛经历:0.67；三人排名前5%:0.00；三人专业不同:0.50
22,138,79.970133,0.777778,False,1.000000,77.628444,三人均有参赛经历:1.00；三人排名前5%:0.33；三人专业不同:1.00
22,139,52.980202,0.444444,False,1.000000,59.345455,三人均有参赛经历:0.33；三人排名前5%:0.00；三人专业不同:1.00
22,140,60.167683,0.555556,False,1.000000,56.393970,三人均有参赛经历:0.33；三人排名前5%:0.33；三人专业不同:1.00
22,141,61.376944,0.555556,False,1.000000,62.440275,三人均有参赛经历:0.67；三人排名前5%:0.00；三人专业不同:1.00
22,142,39.371369,0.277778,False,1.000000,49.634622,三人均有参赛经历:0.00；三人排名前5%:0.33；三人专业不同:0.50
22,143,67.102445,0.611111,False,1.000000,71.623336,三人均有参赛经历:0.33；三人排名前5%:1.00；三人专业不同:0.50
22,144,40.073889,0.277778,False,1.000000,53.147222,三人均有参赛经历:0.33；三人排名前5%:0.00；三人专业不同:0.50
22,145,61.582428,0.555556,False,1.000000,63.467693,三人均有参赛经历:0.33；三人排名前5%:0.33；三人专业不同:1.00
22,146,29.053022,0.111111,False,1.000000,56.376220,三人均有参赛经历:0.33；三人排名前5%:0.00；三人专业不同:0.00
22,147,61.558713,0.555556,False,1.000000,63.349119,三人均有参赛经历:0.33；三人排名前5%:0.33；三人专业不同:1.00
22,148,49.901440,0.388889,False,1.000000,63.396090,三人均有参赛经历:0.00；三人排名前5%:0.67；三人专业不同:0.50
22,149,58.949108,0.500000,False,1.000000,69.745540,三人均有参赛经历:0.67；三人排名前5%:0.33；三人专业不同:0.50
22,150,19.988889,0.000000,False,1.000000,49.944444,三人均有参赛经历:0.00；三人排名前5%:0.00；三人专业不同:0.00
22,151,49.715556,0.388889,False,1.000000,62.466667,三人均有参赛经历:0.67；三人排名前5%:0.00；三人专业不同:0.50
22,152,60.108602,0.555556,False,1.000000,56.098563,三人均有参赛经历:0.33；三人排名前5%:0.33；三人专业不同:1.00
22,153,53.635910,0.444444,False,1.000000,62.623994,三人均有参赛经历:0.33；三人排名前5%:0.00；三人专业不同:1.00
22,154,19.816764,0.000000,False,1.000000,49.083821,三人均有参赛经历:0.00；三人排名前5%:0.00；三人专业不同:0.00
22,155,46.449462,0.333333,False,1.000000,65.580645,三人均有参赛经历:0.33；三人排名前5%:0.67；三人专业不同:0.00
22,156,53.605996,0.444444,False,1.000000,62.474425,三人均有参赛经历:0.33；三人排名前5%:0.00；三人专业不同:1.00
22,157,79.153744,0.777778,False,1.000000,73.546498,三人均有参赛经历:0.67；三人排名前5%:0.67；三人专业不同:1.00
22,158,49.541240,0.388889,False,1.000000,61.595090,三人均有参赛经历:0.33；三人排名前5%:0.33；三人专业不同:0.50
22,159,45.689795,0.333333,False,1.000000,61.782306,三人均有参赛经历:0.00；三人排名前5%:0.00；三人专业不同:1.00
22,160,41.580092,0.277778,False,1.000000,60.678237,三人均有参赛经历:0.33；三人排名前5%:0.00；三人专业不同:0.50
22,161,40.919423,0.277778,False,1.000000,57.374894,三人均有参赛经历:0.33；三人排名前5%:0.00；三人专业不同:0.50
22,162,56.791106,0.500000,False,1.000000,58.955530,三人均有参赛经历:0.33；三人排名前5%:0.67；三人专业不同:0.50
22,163,68.551157,0.666667,False,1.000000,59.422454,三人均有参赛经历:0.33；三人排名前5%:0.67；三人专业不同:1.00
22,164,39.349908,0.277778,False,1.000000,49.527320,三人均有参赛经历:0.33；三人排名前5%:0.00；三人专业不同:0.50
22,165,31.631944,0.166667,False,1.000000,49.826389,三人均有参赛经历:0.00；三人排名前5%:0.00；三人专业不同:0.50
22,166,27.476822,0.111111,False,1.000000,48.495219,三人均有参赛经历:0.33；三人排名前5%:0.00；三人专业不同:0.00
22,167,52.274184,0.444444,False,1.000000,55.815366,三人均有参赛经历:0.33；三人排名前5%:0.00；三人专业不同:1.00
22,168,60.392889,0.555556,False,1.000000,57.520000,三人均有参赛经历:0.67；三人排名前5%:0.00；三人专业不同:1.00
22,169,70.667806,0.666667,False,1.000000,70.005698,三人均有参赛经历:0.67；三人排名前5%:0.33；三人专业不同:1.00
22,170,41.127963,0.277778,False,1.000000,58.417595,三人均有参赛经历:0.33；三人排名前5%:0.00；三人专业不同:0.50
22,171,60.059150,0.555556,False,1.000000,55.851307,三人均有参赛经历:0.67；三人排名前5%:0.00；三人专业不同:1.00
22,172,62.830697,0.555556,False,1.000000,69.709040,三人均有参赛经历:0.67；三人排名前5%:0.00；三人专业不同:1.00
22,173,49.814403,0.444444,False,1.000000,43.516461,三人均有参赛经历:0.00；三人排名前5%:0.33；三人专业不同:1.00
22,174,71.258966,0.666667,False,1.000000,72.961497,三人均有参赛经历:0.67；三人排名前5%:0.33；三人专业不同:1.00
22,175,79.093235,0.777778,False,1.000000,73.243955,三人均有参赛经历:0.67；三人排名前5%:0.67；三人专业不同:1.00
9,1,34.989247,0.333333,False,0.000000,58.279570,三人均有参赛经历:0.33
9,2,65.377179,0.666667,False,0.333333,76.885895,三人均有参赛经历:0.67
9,3,58.381226,0.666667,False,0.000000,58.572797,三人均有参赛经历:0.67
9,4,34.830038,0.333333,False,0.000000,57.483524,三人均有参赛经历:0.33
9,5,62.965269,0.666667,False,0.333333,64.826344,三人均有参赛经历:0.67
9,6,35.199012,0.333333,False,0.000000,59.328395,三人均有参赛经历:0.33
9,7,34.723799,0.333333,False,0.000000,56.952327,三人均有参赛经历:0.33
9,8,34.274074,0.333333,False,0.000000,54.703704,三人均有参赛经历:0.33
9,9,36.539853,0.333333,False,0.000000,66.032600,三人均有参赛经历:0.33
9,10,11.416667,0.000000,False,0.000000,57.083333,三人均有参赛经历:0.00
9,11,60.755226,0.666667,False,0.000000,70.442798,三人均有参赛经历:0.67
9,12,60.714710,0.666667,False,0.000000,70.240216,三人均有参赛经历:0.67
9,13,14.348669,0.000000,False,0.333333,55.076676,三人均有参赛经历:0.00
9,14,59.195857,0.666667,False,0.000000,62.645951,三人均有参赛经历:0.67
9,15,64.660332,0.666667,False,0.333333,73.301659,三人均有参赛经历:0.67
9,16,35.681333,0.333333,False,0.000000,61.740000,三人均有参赛经历:0.33
9,17,38.368599,0.333333,False,0.333333,58.509662,三人均有参赛经历:0.33
9,18,70.097374,0.666667,False,1.000000,67.153535,三人均有参赛经历:0.67
9,19,34.786752,0.333333,False,0.000000,57.267094,三人均有参赛经历:0.33
9,20,36.731509,0.333333,False,0.000000,66.990877,三人均有参赛经历:0.33
9,21,7.486793,0.000000,False,0.000000,37.433964,三人均有参赛经历:0.00
9,22,62.969261,0.666667,False,0.333333,64.846307,三人均有参赛经历:0.67
9,23,35.699577,0.333333,False,0.000000,61.831220,三人均有参赛经历:0.33
9,24,17.685049,0.000000,False,0.666667,55.091912,三人均有参赛经历:0.00
9,25,34.522222,0.333333,False,0.000000,55.944444,三人均有参赛经历:0.33
9,26,11.467439,0.000000,False,0.000000,57.337193,三人均有参赛经历:0.00
9,27,9.510719,0.000000,False,0.000000,47.553595,三人均有参赛经历:0.00
9,28,87.985842,1.000000,True,0.333333,73.262542,三人均有参赛经历:1.00
9,29,13.187510,0.000000,False,0.333333,49.270885,三人均有参赛经历:0.00
9,30,58.522650,0.666667,False,0.000000,59.279915,三人均有参赛经历:0.67
9,31,41.275507,0.333333,False,0.666667,56.377536,三人均有参赛经历:0.33
9,32,11.672172,0.000000,False,0.000000,58.360861,三人均有参赛经历:0.00
9,33,38.676637,0.333333,False,0.333333,60.049851,三人均有参赛经历:0.33
9,34,33.417810,0.333333,False,0.000000,50.422386,三人均有参赛经历:0.33
9,35,34.263686,0.333333,False,0.000000,54.651762,三人均有参赛经历:0.33
9,36,86.225014,1.000000,True,0.000000,81.125070,三人均有参赛经历:1.00
9,37,61.446436,0.666667,False,0.000000,73.898846,三人均有参赛经历:0.67
9,38,36.931195,0.333333,False,0.000000,67.989310,三人均有参赛经历:0.33
9,39,57.567811,0.666667,False,0.000000,54.505722,三人均有参赛经历:0.67
9,40,57.743733,0.666667,False,0.000000,55.385332,三人均有参赛经历:0.67
9,41,58.067421,0.666667,False,0.000000,57.003771,三人均有参赛经历:0.67
9,42,16.127843,0.000000,False,0.333333,63.972548,三人均有参赛经历:0.00
9,43,15.114711,0.000000,False,0.333333,58.906887,三人均有参赛经历:0.00
9,44,33.377860,0.333333,False,0.000000,50.222634,三人均有参赛经历:0.33
9,45,38.437425,0.333333,False,0.333333,58.853789,三人均有参赛经历:0.33
9,46,59.312495,0.666667,False,0.000000,63.229143,三人均有参赛经历:0.67
9,47,33.697437,0.333333,False,0.000000,51.820518,三人均有参赛经历:0.33
9,48,7.673946,0.000000,False,0.000000,38.369732,三人均有参赛经历:0.00
9,49,31.811676,0.333333,False,0.000000,42.391714,三人均有参赛经历:0.33
9,50,58.177039,0.666667,False,0.000000,57.551862,三人均有参赛经历:0.67
9,51,10.673125,0.000000,False,0.000000,53.365623,三人均有参赛经历:0.00
9,52,33.234211,0.333333,False,0.000000,49.504388,三人均有参赛经历:0.33
9,53,35.258537,0.333333,False,0.000000,59.626016,三人均有参赛经历:0.33
9,54,8.322137,0.000000,False,0.000000,41.610684,三人均有参赛经历:0.00
9,55,10.402207,0.000000,False,0.000000,52.011036,三人均有参赛经历:0.00
9,56,60.030903,0.666667,False,0.000000,66.821181,三人均有参赛经历:0.67
9,57,20.097826,0.000000,False,1.000000,50.489130,三人均有参赛经历:0.00
9,58,36.228545,0.333333,False,0.000000,64.476057,三人均有参赛经历:0.33
9,59,12.556364,0.000000,False,0.000000,62.781822,三人均有参赛经历:0.00
9,60,60.436847,0.666667,False,0.000000,68.850902,三人均有参赛经历:0.67
9,61,40.239992,0.333333,False,0.333333,67.866626,三人均有参赛经历:0.33
9,62,35.766333,0.333333,False,0.000000,62.164997,三人均有参赛经历:0.33
9,63,60.734178,0.666667,False,0.000000,70.337558,三人均有参赛经历:0.67
9,64,36.654106,0.333333,False,0.333333,49.937198,三人均有参赛经历:0.33
9,65,34.049661,0.333333,False,0.000000,53.581640,三人均有参赛经历:0.33
9,66,60.309814,0.666667,False,0.000000,68.215738,三人均有参赛经历:0.67
9,67,43.241300,0.333333,False,0.666667,66.206500,三人均有参赛经历:0.33
9,68,61.121665,0.666667,False,0.000000,72.274990,三人均有参赛经历:0.67
9,69,42.323177,0.333333,False,0.666667,61.615885,三人均有参赛经历:0.33
9,70,36.577363,0.333333,False,0.000000,66.220147,三人均有参赛经历:0.33
9,71,34.977333,0.333333,False,0.000000,58.220000,三人均有参赛经历:0.33
9,72,59.902146,0.666667,False,0.000000,66.177397,三人均有参赛经历:0.67
9,73,39.936797,0.333333,False,0.333333,66.350653,三人均有参赛经历:0.33
9,74,35.207844,0.333333,False,0.000000,59.372551,三人均有参赛经历:0.33
9,75,33.592279,0.333333,False,0.000000,51.294727,三人均有参赛经历:0.33
9,76,61.905797,0.666667,False,0.000000,76.195652,三人均有参赛经历:0.67
9,77,11.270808,0.000000,False,0.000000,56.354040,三人均有参赛经历:0.00
9,78,86.349169,1.000000,True,0.333333,65.079177,三人均有参赛经历:1.00
9,79,39.312030,0.333333,False,0.333333,63.226815,三人均有参赛经历:0.33
9,80,63.553354,0.666667,False,0.333333,67.766771,三人均有参赛经历:0.67
9,81,37.088232,0.333333,False,0.000000,68.774492,三人均有参赛经历:0.33
9,82,15.054860,0.000000,False,0.333333,58.607634,三人均有参赛经历:0.00
9,83,34.245833,0.333333,False,0.000000,54.562500,三人均有参赛经历:0.33
9,84,56.580478,0.666667,False,0.000000,49.569054,三人均有参赛经历:0.67
9,85,61.968220,0.666667,False,0.333333,59.841102,三人均有参赛经历:0.67
9,86,42.782502,0.333333,False,0.666667,63.912512,三人均有参赛经历:0.33
9,87,39.274737,0.333333,False,0.333333,63.040351,三人均有参赛经历:0.33
9,88,33.590485,0.333333,False,0.000000,51.285757,三人均有参赛经历:0.33
9,89,39.570789,0.333333,False,0.333333,64.520609,三人均有参赛经历:0.33
9,90,57.938831,0.666667,False,0.000000,56.360820,三人均有参赛经历:0.67
9,91,45.265484,0.333333,False,1.000000,59.660754,三人均有参赛经历:0.33
9,92,59.700000,0.666667,False,0.000000,65.166667,三人均有参赛经历:0.67
9,93,63.989452,0.666667,False,0.333333,69.947262,三人均有参赛经历:0.67
9,94,71.482626,0.666667,False,1.000000,74.079798,三人均有参赛经历:0.67
9,95,37.905683,0.333333,False,0.333333,56.195083,三人均有参赛经历:0.33
9,96,59.611081,0.666667,False,0.000000,64.722072,三人均有参赛经历:0.67
9,97,35.368519,0.333333,False,0.000000,60.175926,三人均有参赛经历:0.33
9,98,35.912681,0.333333,False,0.000000,62.896737,三人均有参赛经历:0.33
9,99,9.485556,0.000000,False,0.000000,47.427778,三人均有参赛经历:0.00
9,100,59.636393,0.666667,False,0.000000,64.848631,三人均有参赛经历:0.67
9,101,10.221859,0.000000,False,0.000000,51.109295,三人均有参赛经历:0.00
9,102,44.139566,0.333333,False,0.666667,70.697829,三人均有参赛经历:0.33
9,103,84.060341,1.000000,True,0.000000,70.301705,三人均有参赛经历:1.00
9,104,36.180725,0.333333,False,0.000000,64.236959,三人均有参赛经历:0.33
9,105,35.488235,0.333333,False,0.000000,60.774510,三人均有参赛经历:0.33
9,106,85.436158,1.000000,True,0.000000,77.180791,三人均有参赛经历:1.00
9,107,33.698142,0.333333,False,0.000000,51.824044,三人均有参赛经历:0.33
9,108,60.203371,0.666667,False,0.000000,67.683520,三人均有参赛经历:0.67
9,109,35.499548,0.333333,False,0.000000,60.831075,三人均有参赛经历:0.33
9,110,15.107225,0.000000,False,0.333333,58.869458,三人均有参赛经历:0.00
9,111,11.880796,0.000000,False,0.000000,59.403978,三人均有参赛经历:0.00
9,112,85.515954,1.000000,True,0.000000,77.579772,三人均有参赛经历:1.00
9,113,15.662906,0.000000,False,0.666667,44.981197,三人均有参赛经历:0.00
9,114,14.809630,0.000000,False,0.333333,57.381481,三人均有参赛经历:0.00
9,115,63.325523,0.666667,False,0.333333,66.627616,三人均有参赛经历:0.67
9,116,58.994444,0.666667,False,0.000000,61.638889,三人均有参赛经历:0.67
9,117,14.552342,0.000000,False,0.333333,56.095041,三人均有参赛经历:0.00
9,118,40.312887,0.333333,False,0.333333,68.231103,三人均有参赛经历:0.33
9,119,34.760784,0.333333,False,0.000000,57.137255,三人均有参赛经历:0.33
9,120,34.388933,0.333333,False,0.000000,55.278000,三人均有参赛经历:0.33
9,121,36.079357,0.333333,False,0.000000,63.730120,三人均有参赛经历:0.33
9,122,36.217496,0.333333,False,0.000000,64.420812,三人均有参赛经历:0.33
9,123,63.642499,0.666667,False,0.333333,68.212496,三人均有参赛经历:0.67
9,124,17.339555,0.000000,False,0.666667,53.364441,三人均有参赛经历:0.00
9,125,18.944051,0.000000,False,0.666667,61.386923,三人均有参赛经历:0.00
9,126,37.806332,0.333333,False,0.333333,55.698327,三人均有参赛经历:0.33
9,127,58.588368,0.666667,False,0.000000,59.608507,三人均有参赛经历:0.67
9,128,61.846889,0.666667,False,0.333333,59.234443,三人均有参赛经历:0.67
9,129,32.416390,0.333333,False,0.000000,45.415285,三人均有参赛经历:0.33
9,130,61.490526,0.666667,False,0.000000,74.119297,三人均有参赛经历:0.67
9,131,58.724342,0.666667,False,0.000000,60.288377,三人均有参赛经历:0.67
9,132,63.472652,0.666667,False,0.333333,67.363260,三人均有参赛经历:0.67
9,133,35.002832,0.333333,False,0.000000,58.347495,三人均有参赛经历:0.33
9,134,35.444363,0.333333,False,0.000000,60.555147,三人均有参赛经历:0.33
9,135,69.881643,0.666667,False,1.000000,66.074879,三人均有参赛经历:0.67
9,136,11.152002,0.000000,False,0.000000,55.760009,三人均有参赛经历:0.00
9,137,59.770255,0.666667,False,0.000000,65.517940,三人均有参赛经历:0.67
9,138,88.859022,1.000000,True,0.333333,77.628444,三人均有参赛经历:1.00
9,139,38.535758,0.333333,False,0.333333,59.345455,三人均有参赛经历:0.33
9,140,41.278794,0.333333,False,0.666667,56.393970,三人均有参赛经历:0.33
9,141,59.154722,0.666667,False,0.000000,62.440275,三人均有参赛经历:0.67
9,142,13.260258,0.000000,False,0.333333,49.634622,三人均有参赛经历:0.00
9,143,37.658001,0.333333,False,0.000000,71.623336,三人均有参赛经历:0.33
9,144,33.962778,0.333333,False,0.000000,53.147222,三人均有参赛经历:0.33
9,145,39.360205,0.333333,False,0.333333,63.467693,三人均有参赛经历:0.33
9,146,34.608577,0.333333,False,0.000000,56.376220,三人均有参赛经历:0.33
9,147,39.336490,0.333333,False,0.333333,63.349119,三人均有参赛经历:0.33
9,148,12.679218,0.000000,False,0.000000,63.396090,三人均有参赛经历:0.00
9,149,63.949108,0.666667,False,0.333333,69.745540,三人均有参赛经历:0.67
9,150,9.988889,0.000000,False,0.000000,49.944444,三人均有参赛经历:0.00
9,151,59.160000,0.666667,False,0.000000,62.466667,三人均有参赛经历:0.67
9,152,34.553046,0.333333,False,0.000000,56.098563,三人均有参赛经历:0.33
9,153,39.191465,0.333333,False,0.333333,62.623994,三人均有参赛经历:0.33
9,154,9.816764,0.000000,False,0.000000,49.083821,三人均有参赛经历:0.00
9,155,46.449462,0.333333,False,1.000000,65.580645,三人均有参赛经历:0.33
9,156,35.828218,0.333333,False,0.000000,62.474425,三人均有参赛经历:0.33
9,157,61.375966,0.666667,False,0.000000,73.546498,三人均有参赛经历:0.67
9,158,35.652351,0.333333,False,0.000000,61.595090,三人均有参赛经历:0.33
9,159,15.689795,0.000000,False,0.333333,61.782306,三人均有参赛经历:0.00
9,160,35.468981,0.333333,False,0.000000,60.678237,三人均有参赛经历:0.33
9,161,38.141646,0.333333,False,0.333333,57.374894,三人均有参赛经历:0.33
9,162,35.124439,0.333333,False,0.000000,58.955530,三人均有参赛经历:0.33
9,163,35.217824,0.333333,False,0.000000,59.422454,三人均有参赛经历:0.33
9,164,36.572131,0.333333,False,0.333333,49.527320,三人均有参赛经历:0.33
9,165,9.965278,0.000000,False,0.000000,49.826389,三人均有参赛经历:0.00
9,166,33.032377,0.333333,False,0.000000,48.495219,三人均有参赛经历:0.33
9,167,37.829740,0.333333,False,0.333333,55.815366,三人均有参赛经历:0.33
9,168,58.170667,0.666667,False,0.000000,57.520000,三人均有参赛经历:0.67
9,169,60.667806,0.666667,False,0.000000,70.005698,三人均有参赛经历:0.67
9,170,35.016852,0.333333,False,0.000000,58.417595,三人均有参赛经历:0.33
9,171,57.836928,0.666667,False,0.000000,55.851307,三人均有参赛经历:0.67
9,172,60.608475,0.666667,False,0.000000,69.709040,三人均有参赛经历:0.67
9,173,8.703292,0.000000,False,0.000000,43.516461,三人均有参赛经历:0.00
9,174,64.592299,0.666667,False,0.333333,72.961497,三人均有参赛经历:0.67
9,175,61.315458,0.666667,False,0.000000,73.243955,三人均有参赛经历:0.67
16,1,68.322581,0.666667,False,1.000000,58.279570,至少一人有参赛经历:1.00；三人排名前15%:0.33
16,2,95.377179,1.000000,True,1.000000,76.885895,至少一人有参赛经历:1.00；三人排名前15%:1.00
16,3,56.714559,0.500000,False,1.000000,58.572797,至少一人有参赛经历:1.00；三人排名前15%:0.00
16,4,56.496705,0.500000,False,1.000000,57.483524,至少一人有参赛经历:1.00；三人排名前15%:0.00
16,5,81.298602,0.833333,False,1.000000,64.826344,至少一人有参赛经历:1.00；三人排名前15%:0.67
16,6,56.865679,0.500000,False,1.000000,59.328395,至少一人有参赛经历:1.00；三人排名前15%:0.00
16,7,68.057132,0.666667,False,1.000000,56.952327,至少一人有参赛经历:1.00；三人排名前15%:0.33
16,8,55.940741,0.500000,False,1.000000,54.703704,至少一人有参赛经历:1.00；三人排名前15%:0.00
16,9,81.539853,0.833333,False,1.000000,66.032600,至少一人有参赛经历:1.00；三人排名前15%:0.67
16,10,44.750000,0.333333,False,1.000000,57.083333,至少一人有参赛经历:0.00；三人排名前15%:0.67
16,11,82.421893,0.833333,False,1.000000,70.442798,至少一人有参赛经历:1.00；三人排名前15%:0.67
16,12,70.714710,0.666667,False,1.000000,70.240216,至少一人有参赛经历:1.00；三人排名前15%:0.33
16,13,56.015335,0.500000,False,1.000000,55.076676,至少一人有参赛经历:0.00；三人排名前15%:1.00
16,14,57.529190,0.500000,False,1.000000,62.645951,至少一人有参赛经历:1.00；三人排名前15%:0.00
16,15,71.326998,0.666667,False,1.000000,73.301659,至少一人有参赛经历:1.00；三人排名前15%:0.33
16,16,57.348000,0.500000,False,1.000000,61.740000,至少一人有参赛经历:1.00；三人排名前15%:0.00
16,17,91.701932,1.000000,True,1.000000,58.509662,至少一人有参赛经历:1.00；三人排名前15%:1.00
16,18,81.764040,0.833333,False,1.000000,67.153535,至少一人有参赛经历:1.00；三人排名前15%:0.67
16,19,68.120085,0.666667,False,1.000000,57.267094,至少一人有参赛经历:1.00；三人排名前15%:0.33
16,20,93.398175,1.000000,True,1.000000,66.990877,至少一人有参赛经历:1.00；三人排名前15%:1.00
16,21,17.486793,0.000000,False,1.000000,37.433964,至少一人有参赛经历:0.00；三人排名前15%:0.00
16,22,81.302595,0.833333,False,1.000000,64.846307,至少一人有参赛经历:1.00；三人排名前15%:0.67
16,23,69.032911,0.666667,False,1.000000,61.831220,至少一人有参赛经历:1.00；三人排名前15%:0.33
16,24,44.351716,0.333333,False,1.000000,55.091912,至少一人有参赛经历:0.00；三人排名前15%:0.67
16,25,67.855556,0.666667,False,1.000000,55.944444,至少一人有参赛经历:1.00；三人排名前15%:0.33
16,26,33.134105,0.166667,False,1.000000,57.337193,至少一人有参赛经历:0.00；三人排名前15%:0.33
16,27,31.177386,0.166667,False,1.000000,47.553595,至少一人有参赛经历:0.00；三人排名前15%:0.33
16,28,82.985842,0.833333,False,1.000000,73.262542,至少一人有参赛经历:1.00；三人排名前15%:0.67
16,29,31.520844,0.166667,False,1.000000,49.270885,至少一人有参赛经历:0.00；三人排名前15%:0.33
16,30,68.522650,0.666667,False,1.000000,59.279915,至少一人有参赛经历:1.00；三人排名前15%:0.33
16,31,79.608841,0.833333,False,1.000000,56.377536,至少一人有参赛经历:1.00；三人排名前15%:0.67
16,32,33.338839,0.166667,False,1.000000,58.360861,至少一人有参赛经历:0.00；三人排名前15%:0.33
16,33,80.343303,0.833333,False,1.000000,60.049851,至少一人有参赛经历:1.00；三人排名前15%:0.67
16,34,55.084477,0.500000,False,1.000000,50.422386,至少一人有参赛经历:1.00；三人排名前15%:0.00
16,35,67.597019,0.666667,False,1.000000,54.651762,至少一人有参赛经历:1.00；三人排名前15%:0.33
16,36,84.558347,0.833333,False,1.000000,81.125070,至少一人有参赛经历:1.00；三人排名前15%:0.67
16,37,83.113103,0.833333,False,1.000000,73.898846,至少一人有参赛经历:1.00；三人排名前15%:0.67
16,38,81.931195,0.833333,False,1.000000,67.989310,至少一人有参赛经历:1.00；三人排名前15%:0.67
16,39,55.901144,0.500000,False,1.000000,54.505722,至少一人有参赛经历:1.00；三人排名前15%:0.00
16,40,56.077066,0.500000,False,1.000000,55.385332,至少一人有参赛经历:1.00；三人排名前15%:0.00
16,41,56.400754,0.500000,False,1.000000,57.003771,至少一人有参赛经历:1.00；三人排名前15%:0.00
16,42,57.794510,0.500000,False,1.000000,63.972548,至少一人有参赛经历:0.00；三人排名前15%:1.00
16,43,45.114711,0.333333,False,1.000000,58.906887,至少一人有参赛经历:0.00；三人排名前15%:0.67
16,44,55.044527,0.500000,False,1.000000,50.222634,至少一人有参赛经历:1.00；三人排名前15%:0.00
16,45,80.104091,0.833333,False,1.000000,58.853789,至少一人有参赛经历:1.00；三人排名前15%:0.67
16,46,69.312495,0.666667,False,1.000000,63.229143,至少一人有参赛经历:1.00；三人排名前15%:0.33
16,47,55.364104,0.500000,False,1.000000,51.820518,至少一人有参赛经历:1.00；三人排名前15%:0.00
16,48,17.673946,0.000000,False,1.000000,38.369732,至少一人有参赛经历:0.00；三人排名前15%:0.00
16,49,53.478343,0.500000,False,1.000000,42.391714,至少一人有参赛经历:1.00；三人排名前15%:0.00
16,50,68.177039,0.666667,False,1.000000,57.551862,至少一人有参赛经历:1.00；三人排名前15%:0.33
16,51,55.673125,0.500000,False,1.000000,53.365623,至少一人有参赛经历:0.00；三人排名前15%:1.00
16,52,54.900878,0.500000,False,1.000000,49.504388,至少一人有参赛经历:1.00；三人排名前15%:0.00
16,53,91.925203,1.000000,True,1.000000,59.626016,至少一人有参赛经历:1.00；三人排名前15%:1.00
16,54,29.988803,0.166667,False,1.000000,41.610684,至少一人有参赛经历:0.00；三人排名前15%:0.33
16,55,43.735541,0.333333,False,1.000000,52.011036,至少一人有参赛经历:0.00；三人排名前15%:0.67
16,56,70.030903,0.666667,False,1.000000,66.821181,至少一人有参赛经历:1.00；三人排名前15%:0.33
16,57,31.764493,0.166667,False,1.000000,50.489130,至少一人有参赛经历:0.00；三人排名前15%:0.33
16,58,81.228545,0.833333,False,1.000000,64.476057,至少一人有参赛经历:1.00；三人排名前15%:0.67
16,59,57.556364,0.500000,False,1.000000,62.781822,至少一人有参赛经历:0.00；三人排名前15%:1.00
16,60,70.436847,0.666667,False,1.000000,68.850902,至少一人有参赛经历:1.00；三人排名前15%:0.33
16,61,81.906658,0.833333,False,1.000000,67.866626,至少一人有参赛经历:1.00；三人排名前15%:0.67
16,62,80.766333,0.833333,False,1.000000,62.164997,至少一人有参赛经历:1.00；三人排名前15%:0.67
16,63,94.067512,1.000000,True,1.000000,70.337558,至少一人有参赛经历:1.00；三人排名前15%:1.00
16,64,54.987440,0.500000,False,1.000000,49.937198,至少一人有参赛经历:1.00；三人排名前15%:0.00
16,65,67.382995,0.666667,False,1.000000,53.581640,至少一人有参赛经历:1.00；三人排名前15%:0.33
16,66,70.309814,0.666667,False,1.000000,68.215738,至少一人有参赛经历:1.00；三人排名前15%:0.33
16,67,81.574633,0.833333,False,1.000000,66.206500,至少一人有参赛经历:1.00；三人排名前15%:0.67
16,68,82.788331,0.833333,False,1.000000,72.274990,至少一人有参赛经历:1.00；三人排名前15%:0.67
16,69,80.656510,0.833333,False,1.000000,61.615885,至少一人有参赛经历:1.00；三人排名前15%:0.67
16,70,81.577363,0.833333,False,1.000000,66.220147,至少一人有参赛经历:1.00；三人排名前15%:0.67
16,71,68.310667,0.666667,False,1.000000,58.220000,至少一人有参赛经历:1.00；三人排名前15%:0.33
16,72,58.235479,0.500000,False,1.000000,66.177397,至少一人有参赛经历:1.00；三人排名前15%:0.00
16,73,93.270131,1.000000,True,1.000000,66.350653,至少一人有参赛经历:1.00；三人排名前15%:1.00
16,74,56.874510,0.500000,False,1.000000,59.372551,至少一人有参赛经历:1.00；三人排名前15%:0.00
16,75,55.258945,0.500000,False,1.000000,51.294727,至少一人有参赛经历:1.00；三人排名前15%:0.00
16,76,83.572464,0.833333,False,1.000000,76.195652,至少一人有参赛经历:1.00；三人排名前15%:0.67
16,77,44.604141,0.333333,False,1.000000,56.354040,至少一人有参赛经历:0.00；三人排名前15%:0.67
16,78,69.682502,0.666667,False,1.000000,65.079177,至少一人有参赛经历:1.00；三人排名前15%:0.33
16,79,69.312030,0.666667,False,1.000000,63.226815,至少一人有参赛经历:1.00；三人排名前15%:0.33
16,80,70.220021,0.666667,False,1.000000,67.766771,至少一人有参赛经历:1.00；三人排名前15%:0.33
16,81,93.754898,1.000000,True,1.000000,68.774492,至少一人有参赛经历:1.00；三人排名前15%:1.00
16,82,56.721527,0.500000,False,1.000000,58.607634,至少一人有参赛经历:0.00；三人排名前15%:1.00
16,83,67.579167,0.666667,False,1.000000,54.562500,至少一人有参赛经历:1.00；三人排名前15%:0.33
16,84,54.913811,0.500000,False,1.000000,49.569054,至少一人有参赛经历:1.00；三人排名前15%:0.00
16,85,80.301554,0.833333,False,1.000000,59.841102,至少一人有参赛经历:1.00；三人排名前15%:0.67
16,86,81.115836,0.833333,False,1.000000,63.912512,至少一人有参赛经历:1.00；三人排名前15%:0.67
16,87,80.941403,0.833333,False,1.000000,63.040351,至少一人有参赛经历:1.00；三人排名前15%:0.67
16,88,66.923818,0.666667,False,1.000000,51.285757,至少一人有参赛经历:1.00；三人排名前15%:0.33
16,89,81.237455,0.833333,False,1.000000,64.520609,至少一人有参赛经历:1.00；三人排名前15%:0.67
16,90,56.272164,0.500000,False,1.000000,56.360820,至少一人有参赛经历:1.00；三人排名前15%:0.00
16,91,80.265484,0.833333,False,1.000000,59.660754,至少一人有参赛经历:1.00；三人排名前15%:0.67
16,92,81.366667,0.833333,False,1.000000,65.166667,至少一人有参赛经历:1.00；三人排名前15%:0.67
16,93,82.322786,0.833333,False,1.000000,69.947262,至少一人有参赛经历:1.00；三人排名前15%:0.67
16,94,94.815960,1.000000,True,1.000000,74.079798,至少一人有参赛经历:1.00；三人排名前15%:1.00
16,95,56.239017,0.500000,False,1.000000,56.195083,至少一人有参赛经历:1.00；三人排名前15%:0.00
16,96,69.611081,0.666667,False,1.000000,64.722072,至少一人有参赛经历:1.00；三人排名前15%:0.33
16,97,68.701852,0.666667,False,1.000000,60.175926,至少一人有参赛经历:1.00；三人排名前15%:0.33
16,98,57.579347,0.500000,False,1.000000,62.896737,至少一人有参赛经历:1.00；三人排名前15%:0.00
16,99,19.485556,0.000000,False,1.000000,47.427778,至少一人有参赛经历:0.00；三人排名前15%:0.00
16,100,81.303060,0.833333,False,1.000000,64.848631,至少一人有参赛经历:1.00；三人排名前15%:0.67
16,101,31.888526,0.166667,False,1.000000,51.109295,至少一人有参赛经历:0.00；三人排名前15%:0.33
16,102,94.139566,1.000000,True,1.000000,70.697829,至少一人有参赛经历:1.00；三人排名前15%:1.00
16,103,70.727008,0.666667,False,1.000000,70.301705,至少一人有参赛经历:1.00；三人排名前15%:0.33
16,104,92.847392,1.000000,True,1.000000,64.236959,至少一人有参赛经历:1.00；三人排名前15%:1.00
16,105,68.821569,0.666667,False,1.000000,60.774510,至少一人有参赛经历:1.00；三人排名前15%:0.33
16,106,83.769492,0.833333,False,1.000000,77.180791,至少一人有参赛经历:1.00；三人排名前15%:0.67
16,107,67.031475,0.666667,False,1.000000,51.824044,至少一人有参赛经历:1.00；三人排名前15%:0.33
16,108,70.203371,0.666667,False,1.000000,67.683520,至少一人有参赛经历:1.00；三人排名前15%:0.33
16,109,68.832882,0.666667,False,1.000000,60.831075,至少一人有参赛经历:1.00；三人排名前15%:0.33
16,110,45.107225,0.333333,False,1.000000,58.869458,至少一人有参赛经历:0.00；三人排名前15%:0.67
16,111,45.214129,0.333333,False,1.000000,59.403978,至少一人有参赛经历:0.00；三人排名前15%:0.67
16,112,72.182621,0.666667,False,1.000000,77.579772,至少一人有参赛经历:1.00；三人排名前15%:0.33
16,113,18.996239,0.000000,False,1.000000,44.981197,至少一人有参赛经历:0.00；三人排名前15%:0.00
16,114,56.476296,0.500000,False,1.000000,57.381481,至少一人有参赛经历:0.00；三人排名前15%:1.00
16,115,69.992190,0.666667,False,1.000000,66.627616,至少一人有参赛经历:1.00；三人排名前15%:0.33
16,116,80.661111,0.833333,False,1.000000,61.638889,至少一人有参赛经历:1.00；三人排名前15%:0.67
16,117,32.885675,0.166667,False,1.000000,56.095041,至少一人有参赛经历:0.00；三人排名前15%:0.33
16,118,58.646221,0.500000,False,1.000000,68.231103,至少一人有参赛经历:1.00；三人排名前15%:0.00
16,119,68.094118,0.666667,False,1.000000,57.137255,至少一人有参赛经历:1.00；三人排名前15%:0.33
16,120,56.055600,0.500000,False,1.000000,55.278000,至少一人有参赛经历:1.00；三人排名前15%:0.00
16,121,69.412691,0.666667,False,1.000000,63.730120,至少一人有参赛经历:1.00；三人排名前15%:0.33
16,122,81.217496,0.833333,False,1.000000,64.420812,至少一人有参赛经历:1.00；三人排名前15%:0.67
16,123,58.642499,0.500000,False,1.000000,68.212496,至少一人有参赛经历:1.00；三人排名前15%:0.00
16,124,32.339555,0.166667,False,1.000000,53.364441,至少一人有参赛经历:0.00；三人排名前15%:0.33
16,125,57.277385,0.500000,False,1.000000,61.386923,至少一人有参赛经历:0.00；三人排名前15%:1.00
16,126,67.806332,0.666667,False,1.000000,55.698327,至少一人有参赛经历:1.00；三人排名前15%:0.33
16,127,56.921701,0.500000,False,1.000000,59.608507,至少一人有参赛经历:1.00；三人排名前15%:0.00
16,128,80.180222,0.833333,False,1.000000,59.234443,至少一人有参赛经历:1.00；三人排名前15%:0.67
16,129,65.749724,0.666667,False,1.000000,45.415285,至少一人有参赛经历:1.00；三人排名前15%:0.33
16,130,83.157193,0.833333,False,1.000000,74.119297,至少一人有参赛经历:1.00；三人排名前15%:0.67
16,131,68.724342,0.666667,False,1.000000,60.288377,至少一人有参赛经历:1.00；三人排名前15%:0.33
16,132,58.472652,0.500000,False,1.000000,67.363260,至少一人有参赛经历:1.00；三人排名前15%:0.00
16,133,56.669499,0.500000,False,1.000000,58.347495,至少一人有参赛经历:1.00；三人排名前15%:0.00
16,134,68.777696,0.666667,False,1.000000,60.555147,至少一人有参赛经历:1.00；三人排名前15%:0.33
16,135,81.548309,0.833333,False,1.000000,66.074879,至少一人有参赛经历:1.00；三人排名前15%:0.67
16,136,32.818668,0.166667,False,1.000000,55.760009,至少一人有参赛经历:0.00；三人排名前15%:0.33
16,137,58.103588,0.500000,False,1.000000,65.517940,至少一人有参赛经历:1.00；三人排名前15%:0.00
16,138,95.525689,1.000000,True,1.000000,77.628444,至少一人有参赛经历:1.00；三人排名前15%:1.00
16,139,68.535758,0.666667,False,1.000000,59.345455,至少一人有参赛经历:1.00；三人排名前15%:0.33
16,140,67.945461,0.666667,False,1.000000,56.393970,至少一人有参赛经历:1.00；三人排名前15%:0.33
16,141,57.488055,0.500000,False,1.000000,62.440275,至少一人有参赛经历:1.00；三人排名前15%:0.00
16,142,43.260258,0.333333,False,1.000000,49.634622,至少一人有参赛经历:0.00；三人排名前15%:0.67
16,143,94.324667,1.000000,True,1.000000,71.623336,至少一人有参赛经历:1.00；三人排名前15%:1.00
16,144,67.296111,0.666667,False,1.000000,53.147222,至少一人有参赛经历:1.00；三人排名前15%:0.33
16,145,81.026872,0.833333,False,1.000000,63.467693,至少一人有参赛经历:1.00；三人排名前15%:0.67
16,146,67.941911,0.666667,False,1.000000,56.376220,至少一人有参赛经历:1.00；三人排名前15%:0.33
16,147,81.003157,0.833333,False,1.000000,63.349119,至少一人有参赛经历:1.00；三人排名前15%:0.67
16,148,46.012551,0.333333,False,1.000000,63.396090,至少一人有参赛经历:0.00；三人排名前15%:0.67
16,149,82.282441,0.833333,False,1.000000,69.745540,至少一人有参赛经历:1.00；三人排名前15%:0.67
16,150,54.988889,0.500000,False,1.000000,49.944444,至少一人有参赛经历:0.00；三人排名前15%:1.00
16,151,57.493333,0.500000,False,1.000000,62.466667,至少一人有参赛经历:1.00；三人排名前15%:0.00
16,152,67.886379,0.666667,False,1.000000,56.098563,至少一人有参赛经历:1.00；三人排名前15%:0.33
16,153,80.858132,0.833333,False,1.000000,62.623994,至少一人有参赛经历:1.00；三人排名前15%:0.67
16,154,19.816764,0.000000,False,1.000000,49.083821,至少一人有参赛经历:0.00；三人排名前15%:0.00
16,155,93.116129,1.000000,True,1.000000,65.580645,至少一人有参赛经历:1.00；三人排名前15%:1.00
16,156,69.161552,0.666667,False,1.000000,62.474425,至少一人有参赛经历:1.00；三人排名前15%:0.33
16,157,83.042633,0.833333,False,1.000000,73.546498,至少一人有参赛经历:1.00；三人排名前15%:0.67
16,158,68.985685,0.666667,False,1.000000,61.595090,至少一人有参赛经历:1.00；三人排名前15%:0.33
16,159,57.356461,0.500000,False,1.000000,61.782306,至少一人有参赛经历:0.00；三人排名前15%:1.00
16,160,68.802314,0.666667,False,1.000000,60.678237,至少一人有参赛经历:1.00；三人排名前15%:0.33
16,161,79.808312,0.833333,False,1.000000,57.374894,至少一人有参赛经历:1.00；三人排名前15%:0.67
16,162,80.124439,0.833333,False,1.000000,58.955530,至少一人有参赛经历:1.00；三人排名前15%:0.67
16,163,80.217824,0.833333,False,1.000000,59.422454,至少一人有参赛经历:1.00；三人排名前15%:0.67
16,164,54.905464,0.500000,False,1.000000,49.527320,至少一人有参赛经历:1.00；三人排名前15%:0.00
16,165,43.298611,0.333333,False,1.000000,49.826389,至少一人有参赛经历:0.00；三人排名前15%:0.67
16,166,54.699044,0.500000,False,1.000000,48.495219,至少一人有参赛经历:1.00；三人排名前15%:0.00
16,167,67.829740,0.666667,False,1.000000,55.815366,至少一人有参赛经历:1.00；三人排名前15%:0.33
16,168,56.504000,0.500000,False,1.000000,57.520000,至少一人有参赛经历:1.00；三人排名前15%:0.00
16,169,94.001140,1.000000,True,1.000000,70.005698,至少一人有参赛经历:1.00；三人排名前15%:1.00
16,170,80.016852,0.833333,False,1.000000,58.417595,至少一人有参赛经历:1.00；三人排名前15%:0.67
16,171,56.170261,0.500000,False,1.000000,55.851307,至少一人有参赛经历:1.00；三人排名前15%:0.00
16,172,82.275141,0.833333,False,1.000000,69.709040,至少一人有参赛经历:1.00；三人排名前15%:0.67
16,173,42.036625,0.333333,False,1.000000,43.516461,至少一人有参赛经历:0.00；三人排名前15%:0.67
16,174,94.592299,1.000000,True,1.000000,72.961497,至少一人有参赛经历:1.00；三人排名前15%:1.00
16,175,94.648791,1.000000,True,1.000000,73.243955,至少一人有参赛经历:1.00；三人排名前15%:1.00
32,1,50.544803,0.555556,False,0.000000,58.279570,至少两人有参赛经历:0.50；三人排名前20%:0.67；三人专业不同:0.50
32,2,85.377179,1.000000,True,0.000000,76.885895,至少两人有参赛经历:1.00；三人排名前20%:1.00；三人专业不同:1.00
32,3,35.047893,0.333333,False,0.000000,58.572797,至少两人有参赛经历:1.00；三人排名前20%:0.00；三人专业不同:0.00
32,4,46.496705,0.500000,False,0.000000,57.483524,至少两人有参赛经历:0.50；三人排名前20%:0.00；三人专业不同:1.00
32,5,78.520824,0.888889,False,0.333333,64.826344,至少两人有参赛经历:1.00；三人排名前20%:0.67；三人专业不同:1.00
32,6,42.976790,0.444444,False,0.000000,59.328395,至少两人有参赛经历:0.50；三人排名前20%:0.33；三人专业不同:0.50
32,7,54.168243,0.611111,False,0.000000,56.952327,至少两人有参赛经历:0.50；三人排名前20%:0.33；三人专业不同:1.00
32,8,40.385185,0.277778,False,1.000000,54.703704,至少两人有参赛经历:0.50；三人排名前20%:0.33；三人专业不同:0.00
32,9,63.762076,0.722222,False,0.000000,66.032600,至少两人有参赛经历:0.50；三人排名前20%:0.67；三人专业不同:1.00
32,10,38.638889,0.388889,False,0.000000,57.083333,至少两人有参赛经历:0.00；三人排名前20%:0.67；三人专业不同:0.50
32,11,76.310782,0.888889,False,0.000000,70.442798,至少两人有参赛经历:1.00；三人排名前20%:0.67；三人专业不同:1.00
32,12,56.825821,0.611111,False,0.000000,70.240216,至少两人有参赛经历:1.00；三人排名前20%:0.33；三人专业不同:0.50
32,13,61.015335,0.666667,False,0.333333,55.076676,至少两人有参赛经历:0.00；三人排名前20%:1.00；三人专业不同:1.00
32,14,78.084746,0.888889,False,0.333333,62.645951,至少两人有参赛经历:1.00；三人排名前20%:0.67；三人专业不同:1.00
32,15,72.438110,0.777778,False,0.333333,73.301659,至少两人有参赛经历:1.00；三人排名前20%:0.33；三人专业不同:1.00
32,16,35.681333,0.333333,False,0.000000,61.740000,至少两人有参赛经历:0.50；三人排名前20%:0.00；三人专业不同:0.50
32,17,70.035266,0.833333,False,0.000000,58.509662,至少两人有参赛经历:0.50；三人排名前20%:1.00；三人专业不同:1.00
32,18,52.319596,0.555556,False,0.000000,67.153535,至少两人有参赛经历:1.00；三人排名前20%:0.67；三人专业不同:0.00
32,19,38.675641,0.388889,False,0.000000,57.267094,至少两人有参赛经历:0.50；三人排名前20%:0.67；三人专业不同:0.00
32,20,60.064842,0.666667,False,0.000000,66.990877,至少两人有参赛经历:0.50；三人排名前20%:1.00；三人专业不同:0.50
32,21,19.153460,0.166667,False,0.000000,37.433964,至少两人有参赛经历:0.00；三人排名前20%:0.00；三人专业不同:0.50
32,22,75.191484,0.888889,False,0.000000,64.846307,至少两人有参赛经历:1.00；三人排名前20%:0.67；三人专业不同:1.00
32,23,43.477355,0.444444,False,0.000000,61.831220,至少两人有参赛经历:0.50；三人排名前20%:0.33；三人专业不同:0.50
32,24,46.018382,0.500000,False,0.000000,55.091912,至少两人有参赛经历:0.00；三人排名前20%:1.00；三人专业不同:0.50
32,25,48.966667,0.444444,False,0.666667,55.944444,至少两人有参赛经历:0.50；三人排名前20%:0.33；三人专业不同:0.50
32,26,58.134105,0.666667,False,0.000000,57.337193,至少两人有参赛经历:0.00；三人排名前20%:1.00；三人专业不同:1.00
32,27,28.955163,0.277778,False,0.000000,47.553595,至少两人有参赛经历:0.00；三人排名前20%:0.33；三人专业不同:0.50
32,28,80.208064,0.888889,False,0.333333,73.262542,至少两人有参赛经历:1.00；三人排名前20%:0.67；三人专业不同:1.00
32,29,40.965288,0.444444,False,0.000000,49.270885,至少两人有参赛经历:0.00；三人排名前20%:0.33；三人专业不同:1.00
32,30,69.633761,0.777778,False,0.333333,59.279915,至少两人有参赛经历:1.00；三人排名前20%:0.33；三人专业不同:1.00
32,31,50.164396,0.555556,False,0.000000,56.377536,至少两人有参赛经历:0.50；三人排名前20%:0.67；三人专业不同:0.50
32,32,53.894394,0.555556,False,0.333333,58.360861,至少两人有参赛经历:0.00；三人排名前20%:0.67；三人专业不同:1.00
32,33,62.565526,0.722222,False,0.000000,60.049851,至少两人有参赛经历:0.50；三人排名前20%:0.67；三人专业不同:1.00
32,34,21.751144,0.166667,False,0.000000,50.422386,至少两人有参赛经历:0.50；三人排名前20%:0.00；三人专业不同:0.00
32,35,53.152575,0.555556,False,0.333333,54.651762,至少两人有参赛经历:0.50；三人排名前20%:0.67；三人专业不同:0.50
32,36,66.780570,0.722222,False,0.000000,81.125070,至少两人有参赛经历:1.00；三人排名前20%:0.67；三人专业不同:0.50
32,37,65.335325,0.722222,False,0.000000,73.898846,至少两人有参赛经历:1.00；三人排名前20%:0.67；三人专业不同:0.50
32,38,52.486751,0.555556,False,0.000000,67.989310,至少两人有参赛经历:0.50；三人排名前20%:0.67；三人专业不同:0.50
32,39,57.567811,0.666667,False,0.000000,54.505722,至少两人有参赛经历:1.00；三人排名前20%:0.00；三人专业不同:1.00
32,40,34.410400,0.333333,False,0.000000,55.385332,至少两人有参赛经历:1.00；三人排名前20%:0.00；三人专业不同:0.00
32,41,58.067421,0.666667,False,0.000000,57.003771,至少两人有参赛经历:1.00；三人排名前20%:0.00；三人专业不同:1.00
32,42,47.794510,0.500000,False,0.000000,63.972548,至少两人有参赛经历:0.00；三人排名前20%:1.00；三人专业不同:0.50
32,43,39.003600,0.388889,False,0.000000,58.906887,至少两人有参赛经历:0.00；三人排名前20%:0.67；三人专业不同:0.50
32,44,33.377860,0.333333,False,0.000000,50.222634,至少两人有参赛经历:0.50；三人排名前20%:0.00；三人专业不同:0.50
32,45,62.326313,0.722222,False,0.000000,58.853789,至少两人有参赛经历:0.50；三人排名前20%:0.67；三人专业不同:1.00
32,46,67.090273,0.777778,False,0.000000,63.229143,至少两人有参赛经历:1.00；三人排名前20%:0.33；三人专业不同:1.00
32,47,44.808548,0.444444,False,0.333333,51.820518,至少两人有参赛经历:0.50；三人排名前20%:0.33；三人专业不同:0.50
32,48,7.673946,0.000000,False,0.000000,38.369732,至少两人有参赛经历:0.00；三人排名前20%:0.00；三人专业不同:0.00
32,49,30.145009,0.166667,False,1.000000,42.391714,至少两人有参赛经历:0.50；三人排名前20%:0.00；三人专业不同:0.00
32,50,69.288150,0.777778,False,0.333333,57.551862,至少两人有参赛经历:1.00；三人排名前20%:0.33；三人专业不同:1.00
32,51,45.673125,0.500000,False,0.000000,53.365623,至少两人有参赛经历:0.00；三人排名前20%:1.00；三人专业不同:0.50
32,52,39.900878,0.333333,False,0.666667,49.504388,至少两人有参赛经历:0.50；三人排名前20%:0.00；三人专业不同:0.50
32,53,46.925203,0.500000,False,0.000000,59.626016,至少两人有参赛经历:0.50；三人排名前20%:1.00；三人专业不同:0.00
32,54,39.433248,0.444444,False,0.000000,41.610684,至少两人有参赛经历:0.00；三人排名前20%:0.33；三人专业不同:1.00
32,55,49.291096,0.555556,False,0.000000,52.011036,至少两人有参赛经历:0.00；三人排名前20%:0.67；三人专业不同:1.00
32,56,44.475347,0.444444,False,0.000000,66.821181,至少两人有参赛经历:1.00；三人排名前20%:0.33；三人专业不同:0.00
32,57,17.875604,0.111111,False,0.000000,50.489130,至少两人有参赛经历:0.00；三人排名前20%:0.33；三人专业不同:0.00
32,58,59.561878,0.666667,False,0.000000,64.476057,至少两人有参赛经历:0.50；三人排名前20%:1.00；三人专业不同:0.50
32,59,50.889698,0.500000,False,0.333333,62.781822,至少两人有参赛经历:0.00；三人排名前20%:1.00；三人专业不同:0.50
32,60,64.325736,0.722222,False,0.000000,68.850902,至少两人有参赛经历:1.00；三人排名前20%:0.67；三人专业不同:0.50
32,61,71.906658,0.833333,False,0.000000,67.866626,至少两人有参赛经历:0.50；三人排名前20%:1.00；三人专业不同:1.00
32,62,66.321888,0.722222,False,0.333333,62.164997,至少两人有参赛经历:0.50；三人排名前20%:0.67；三人专业不同:1.00
32,63,84.067512,1.000000,True,0.000000,70.337558,至少两人有参赛经历:1.00；三人排名前20%:1.00；三人专业不同:1.00
32,64,52.765217,0.611111,False,0.000000,49.937198,至少两人有参赛经历:0.50；三人排名前20%:0.33；三人专业不同:1.00
32,65,30.160772,0.277778,False,0.000000,53.581640,至少两人有参赛经历:0.50；三人排名前20%:0.33；三人专业不同:0.00
32,66,44.754259,0.444444,False,0.000000,68.215738,至少两人有参赛经历:1.00；三人排名前20%:0.33；三人专业不同:0.00
32,67,52.130189,0.555556,False,0.000000,66.206500,至少两人有参赛经历:0.50；三人排名前20%:0.67；三人专业不同:0.50
32,68,72.788331,0.833333,False,0.000000,72.274990,至少两人有参赛经历:1.00；三人排名前20%:1.00；三人专业不同:0.50
32,69,51.212066,0.555556,False,0.000000,61.615885,至少两人有参赛经历:0.50；三人排名前20%:0.67；三人专业不同:0.50
32,70,63.799585,0.722222,False,0.000000,66.220147,至少两人有参赛经历:0.50；三人排名前20%:0.67；三人专业不同:1.00
32,71,61.088444,0.611111,False,0.666667,58.220000,至少两人有参赛经历:0.50；三人排名前20%:0.33；三人专业不同:1.00
32,72,56.013257,0.611111,False,0.000000,66.177397,至少两人有参赛经历:1.00；三人排名前20%:0.33；三人专业不同:0.50
32,73,59.936797,0.666667,False,0.000000,66.350653,至少两人有参赛经历:0.50；三人排名前20%:1.00；三人专业不同:0.50
32,74,70.207844,0.833333,False,0.000000,59.372551,至少两人有参赛经历:0.50；三人排名前20%:1.00；三人专业不同:1.00
32,75,40.258945,0.333333,False,0.666667,51.294727,至少两人有参赛经历:0.50；三人排名前20%:0.00；三人专业不同:0.50
32,76,61.905797,0.666667,False,0.000000,76.195652,至少两人有参赛经历:1.00；三人排名前20%:1.00；三人专业不同:0.00
32,77,46.270808,0.500000,False,0.000000,56.354040,至少两人有参赛经历:0.00；三人排名前20%:1.00；三人专业不同:0.50
32,78,67.460280,0.777778,False,0.000000,65.079177,至少两人有参赛经历:1.00；三人排名前20%:0.33；三人专业不同:1.00
32,79,43.756474,0.444444,False,0.000000,63.226815,至少两人有参赛经历:0.50；三人排名前20%:0.33；三人专业不同:0.50
32,80,75.775576,0.888889,False,0.000000,67.766771,至少两人有参赛经历:1.00；三人排名前20%:0.67；三人专业不同:1.00
32,81,72.088232,0.833333,False,0.000000,68.774492,至少两人有参赛经历:0.50；三人排名前20%:1.00；三人专业不同:1.00
32,82,46.721527,0.500000,False,0.000000,58.607634,至少两人有参赛经历:0.00；三人排名前20%:1.00；三人专业不同:0.50
32,83,42.023611,0.444444,False,0.000000,54.562500,至少两人有参赛经历:0.50；三人排名前20%:0.33；三人专业不同:0.50
32,84,59.913811,0.666667,False,0.333333,49.569054,至少两人有参赛经历:1.00；三人排名前20%:0.00；三人专业不同:1.00
32,85,62.523776,0.722222,False,0.000000,59.841102,至少两人有参赛经历:1.00；三人排名前20%:0.67；三人专业不同:0.50
32,86,59.449169,0.666667,False,0.000000,63.912512,至少两人有参赛经历:0.50；三人排名前20%:1.00；三人专业不同:0.50
32,87,63.163626,0.722222,False,0.000000,63.040351,至少两人有参赛经历:0.50；三人排名前20%:0.67；三人专业不同:1.00
32,88,41.368262,0.444444,False,0.000000,51.285757,至少两人有参赛经历:0.50；三人排名前20%:0.33；三人专业不同:0.50
32,89,66.237455,0.666667,False,0.666667,64.520609,至少两人有参赛经历:0.50；三人排名前20%:1.00；三人专业不同:0.50
32,90,65.716608,0.777778,False,0.000000,56.360820,至少两人有参赛经历:1.00；三人排名前20%:0.33；三人专业不同:1.00
32,91,39.154373,0.388889,False,0.000000,59.660754,至少两人有参赛经历:0.50；三人排名前20%:0.67；三人专业不同:0.00
32,92,78.588889,0.888889,False,0.333333,65.166667,至少两人有参赛经历:1.00；三人排名前20%:0.67；三人专业不同:1.00
32,93,79.545008,0.888889,False,0.333333,69.947262,至少两人有参赛经历:1.00；三人排名前20%:0.67；三人专业不同:1.00
32,94,61.482626,0.666667,False,0.000000,74.079798,至少两人有参赛经历:1.00；三人排名前20%:1.00；三人专业不同:0.00
32,95,54.016794,0.611111,False,0.000000,56.195083,至少两人有参赛经历:0.50；三人排名前20%:0.33；三人专业不同:1.00
32,96,55.722192,0.611111,False,0.000000,64.722072,至少两人有参赛经历:1.00；三人排名前20%:0.33；三人专业不同:0.50
32,97,50.924074,0.555556,False,0.000000,60.175926,至少两人有参赛经历:0.50；三人排名前20%:0.67；三人专业不同:0.50
32,98,32.023792,0.277778,False,0.000000,62.896737,至少两人有参赛经历:0.50；三人排名前20%:0.33；三人专业不同:0.00
32,99,28.930000,0.277778,False,0.000000,47.427778,至少两人有参赛经历:0.00；三人排名前20%:0.33；三人专业不同:0.50
32,100,73.525282,0.722222,False,1.000000,64.848631,至少两人有参赛经历:1.00；三人排名前20%:0.67；三人专业不同:0.50
32,101,52.444081,0.555556,False,0.333333,51.109295,至少两人有参赛经历:0.00；三人排名前20%:0.67；三人专业不同:1.00
32,102,60.806232,0.666667,False,0.000000,70.697829,至少两人有参赛经历:0.50；三人排名前20%:1.00；三人专业不同:0.50
32,103,56.838119,0.611111,False,0.000000,70.301705,至少两人有参赛经历:1.00；三人排名前20%:0.33；三人专业不同:0.50
32,104,74.514058,0.833333,False,0.333333,64.236959,至少两人有参赛经历:0.50；三人排名前20%:1.00；三人专业不同:1.00
32,105,31.599346,0.277778,False,0.000000,60.774510,至少两人有参赛经历:0.50；三人排名前20%:0.33；三人专业不同:0.00
32,106,54.325047,0.555556,False,0.000000,77.180791,至少两人有参赛经历:1.00；三人排名前20%:0.67；三人专业不同:0.00
32,107,56.475920,0.611111,False,0.333333,51.824044,至少两人有参赛经历:0.50；三人排名前20%:0.33；三人专业不同:1.00
32,108,67.981148,0.777778,False,0.000000,67.683520,至少两人有参赛经历:1.00；三人排名前20%:0.33；三人专业不同:1.00
32,109,57.721771,0.555556,False,0.666667,60.831075,至少两人有参赛经历:0.50；三人排名前20%:0.67；三人专业不同:0.50
32,110,38.996114,0.388889,False,0.000000,58.869458,至少两人有参赛经历:0.00；三人排名前20%:0.67；三人专业不同:0.50
32,111,27.436351,0.222222,False,0.000000,59.403978,至少两人有参赛经历:0.00；三人排名前20%:0.67；三人专业不同:0.00
32,112,66.071510,0.722222,False,0.000000,77.579772,至少两人有参赛经历:1.00；三人排名前20%:0.67；三人专业不同:0.50
32,113,20.662906,0.166667,False,0.000000,44.981197,至少两人有参赛经历:0.00；三人排名前20%:0.00；三人专业不同:0.50
32,114,58.142963,0.666667,False,0.000000,57.381481,至少两人有参赛经历:0.00；三人排名前20%:1.00；三人专业不同:1.00
32,115,67.769968,0.777778,False,0.000000,66.627616,至少两人有参赛经历:1.00；三人排名前20%:0.33；三人专业不同:1.00
32,116,62.883333,0.722222,False,0.000000,61.638889,至少两人有参赛经历:1.00；三人排名前20%:0.67；三人专业不同:0.50
32,117,45.663453,0.444444,False,0.333333,56.095041,至少两人有参赛经历:0.00；三人排名前20%:0.33；三人专业不同:1.00
32,118,48.646221,0.500000,False,0.000000,68.231103,至少两人有参赛经历:0.50；三人排名前20%:0.00；三人专业不同:1.00
32,119,57.538562,0.611111,False,0.333333,57.137255,至少两人有参赛经历:0.50；三人排名前20%:0.33；三人专业不同:1.00
32,120,49.388933,0.500000,False,0.333333,55.278000,至少两人有参赛经历:0.50；三人排名前20%:0.00；三人专业不同:1.00
32,121,66.634913,0.722222,False,0.333333,63.730120,至少两人有参赛经历:0.50；三人排名前20%:0.67；三人专业不同:1.00
32,122,47.884162,0.500000,False,0.000000,64.420812,至少两人有参赛经历:0.50；三人排名前20%:1.00；三人专业不同:0.00
32,123,48.642499,0.500000,False,0.000000,68.212496,至少两人有参赛经历:1.00；三人排名前20%:0.00；三人专业不同:0.50
32,124,33.450666,0.277778,False,0.333333,53.364441,至少两人有参赛经历:0.00；三人排名前20%:0.33；三人专业不同:0.50
32,125,47.277385,0.500000,False,0.000000,61.386923,至少两人有参赛经历:0.00；三人排名前20%:1.00；三人专业不同:0.50
32,126,48.917443,0.444444,False,0.666667,55.698327,至少两人有参赛经历:0.50；三人排名前20%:0.33；三人专业不同:0.50
32,127,53.588368,0.500000,False,0.666667,59.608507,至少两人有参赛经历:1.00；三人排名前20%:0.00；三人专业不同:0.50
32,128,74.069111,0.888889,False,0.000000,59.234443,至少两人有参赛经历:1.00；三人排名前20%:0.67；三人专业不同:1.00
32,129,46.860835,0.444444,False,0.666667,45.415285,至少两人有参赛经历:0.50；三人排名前20%:0.33；三人专业不同:0.50
32,130,76.490526,0.833333,False,0.333333,74.119297,至少两人有参赛经历:1.00；三人排名前20%:1.00；三人专业不同:0.50
32,131,74.279898,0.888889,False,0.000000,60.288377,至少两人有参赛经历:1.00；三人排名前20%:0.67；三人专业不同:1.00
32,132,79.028208,0.888889,False,0.333333,67.363260,至少两人有参赛经历:1.00；三人排名前20%:0.67；三人专业不同:1.00
32,133,41.669499,0.333333,False,0.666667,58.347495,至少两人有参赛经历:0.50；三人排名前20%:0.00；三人专业不同:0.50
32,134,31.555474,0.277778,False,0.000000,60.555147,至少两人有参赛经历:0.50；三人排名前20%:0.33；三人专业不同:0.00
32,135,52.103865,0.555556,False,0.000000,66.074879,至少两人有参赛经历:1.00；三人排名前20%:0.67；三人专业不同:0.00
32,136,52.818668,0.500000,False,0.666667,55.760009,至少两人有参赛经历:0.00；三人排名前20%:1.00；三人专业不同:0.50
32,137,55.881366,0.611111,False,0.000000,65.517940,至少两人有参赛经历:1.00；三人排名前20%:0.33；三人专业不同:0.50
32,138,85.525689,1.000000,True,0.000000,77.628444,至少两人有参赛经历:1.00；三人排名前20%:1.00；三人专业不同:1.00
32,139,70.202424,0.833333,False,0.000000,59.345455,至少两人有参赛经历:0.50；三人排名前20%:1.00；三人专业不同:1.00
32,140,61.834350,0.722222,False,0.000000,56.393970,至少两人有参赛经历:0.50；三人排名前20%:0.67；三人专业不同:1.00
32,141,62.488055,0.666667,False,0.333333,62.440275,至少两人有参赛经历:1.00；三人排名前20%:0.00；三人专业不同:1.00
32,142,37.149147,0.388889,False,0.000000,49.634622,至少两人有参赛经历:0.00；三人排名前20%:0.67；三人专业不同:0.50
32,143,60.991334,0.666667,False,0.000000,71.623336,至少两人有参赛经历:0.50；三人排名前20%:1.00；三人专业不同:0.50
32,144,41.740556,0.444444,False,0.000000,53.147222,至少两人有参赛经历:0.50；三人排名前20%:0.33；三人专业不同:0.50
32,145,71.026872,0.833333,False,0.000000,63.467693,至少两人有参赛经历:0.50；三人排名前20%:1.00；三人专业不同:1.00
32,146,30.719688,0.277778,False,0.000000,56.376220,至少两人有参赛经历:0.50；三人排名前20%:0.33；三人专业不同:0.00
32,147,71.003157,0.833333,False,0.000000,63.349119,至少两人有参赛经历:0.50；三人排名前20%:1.00；三人专业不同:1.00
32,148,39.901440,0.388889,False,0.000000,63.396090,至少两人有参赛经历:0.00；三人排名前20%:0.67；三人专业不同:0.50
32,149,64.504664,0.722222,False,0.000000,69.745540,至少两人有参赛经历:1.00；三人排名前20%:0.67；三人专业不同:0.50
32,150,33.322222,0.333333,False,0.000000,49.944444,至少两人有参赛经历:0.00；三人排名前20%:1.00；三人专业不同:0.00
32,151,69.715556,0.722222,False,0.666667,62.466667,至少两人有参赛经历:1.00；三人排名前20%:0.67；三人专业不同:0.50
32,152,57.330824,0.611111,False,0.333333,56.098563,至少两人有参赛经历:0.50；三人排名前20%:0.33；三人专业不同:1.00
32,153,66.413688,0.722222,False,0.333333,62.623994,至少两人有参赛经历:0.50；三人排名前20%:0.67；三人专业不同:1.00
32,154,17.594542,0.111111,False,0.000000,49.083821,至少两人有参赛经历:0.00；三人排名前20%:0.33；三人专业不同:0.00
32,155,48.116129,0.500000,False,0.000000,65.580645,至少两人有参赛经历:0.50；三人排名前20%:1.00；三人专业不同:0.00
32,156,55.272663,0.611111,False,0.000000,62.474425,至少两人有参赛经历:0.50；三人排名前20%:0.33；三人专业不同:1.00
32,157,76.931522,0.888889,False,0.000000,73.546498,至少两人有参赛经历:1.00；三人排名前20%:0.67；三人专业不同:1.00
32,158,50.096796,0.444444,False,0.666667,61.595090,至少两人有参赛经历:0.50；三人排名前20%:0.33；三人专业不同:0.50
32,159,59.023128,0.666667,False,0.000000,61.782306,至少两人有参赛经历:0.00；三人排名前20%:1.00；三人专业不同:1.00
32,160,51.024536,0.555556,False,0.000000,60.678237,至少两人有参赛经历:0.50；三人排名前20%:0.67；三人专业不同:0.50
32,161,50.363868,0.555556,False,0.000000,57.374894,至少两人有参赛经历:0.50；三人排名前20%:0.67；三人专业不同:0.50
32,162,57.346662,0.555556,False,0.666667,58.955530,至少两人有参赛经历:0.50；三人排名前20%:0.67；三人专业不同:0.50
32,163,65.773380,0.722222,False,0.333333,59.422454,至少两人有参赛经历:0.50；三人排名前20%:0.67；三人专业不同:1.00
32,164,41.016575,0.444444,False,0.000000,49.527320,至少两人有参赛经历:0.50；三人排名前20%:0.33；三人专业不同:0.50
32,165,37.187500,0.388889,False,0.000000,49.826389,至少两人有参赛经历:0.00；三人排名前20%:0.67；三人专业不同:0.50
32,166,21.365711,0.166667,False,0.000000,48.495219,至少两人有参赛经历:0.50；三人排名前20%:0.00；三人专业不同:0.00
32,167,57.274184,0.611111,False,0.333333,55.815366,至少两人有参赛经历:0.50；三人排名前20%:0.33；三人专业不同:1.00
32,168,61.504000,0.666667,False,0.333333,57.520000,至少两人有参赛经历:1.00；三人排名前20%:0.00；三人专业不同:1.00
32,169,84.001140,1.000000,True,0.000000,70.005698,至少两人有参赛经历:1.00；三人排名前20%:1.00；三人专业不同:1.00
32,170,50.572408,0.555556,False,0.000000,58.417595,至少两人有参赛经历:0.50；三人排名前20%:0.67；三人专业不同:0.50
32,171,68.948039,0.777778,False,0.333333,55.851307,至少两人有参赛经历:1.00；三人排名前20%:0.33；三人专业不同:1.00
32,172,79.497363,0.888889,False,0.333333,69.709040,至少两人有参赛经历:1.00；三人排名前20%:0.67；三人专业不同:1.00
32,173,54.258848,0.555556,False,0.666667,43.516461,至少两人有参赛经历:0.00；三人排名前20%:0.67；三人专业不同:1.00
32,174,84.592299,1.000000,True,0.000000,72.961497,至少两人有参赛经历:1.00；三人排名前20%:1.00；三人专业不同:1.00
32,175,87.982124,1.000000,True,0.333333,73.243955,至少两人有参赛经历:1.00；三人排名前20%:1.00；三人专业不同:1.00
27,1,68.322581,0.666667,False,1.000000,58.279570,三人排名前20%:0.67；三人均为二年级以上:0.67
27,2,83.710512,0.833333,False,1.000000,76.885895,三人排名前20%:1.00；三人均为二年级以上:0.67
27,3,45.047893,0.333333,False,1.000000,58.572797,三人排名前20%:0.00；三人均为二年级以上:0.67
27,4,56.496705,0.500000,False,1.000000,57.483524,三人排名前20%:0.00；三人均为二年级以上:1.00
27,5,69.631935,0.666667,False,1.000000,64.826344,三人排名前20%:0.67；三人均为二年级以上:0.67
27,6,56.865679,0.500000,False,1.000000,59.328395,三人排名前20%:0.33；三人均为二年级以上:0.67
27,7,56.390465,0.500000,False,1.000000,56.952327,三人排名前20%:0.33；三人均为二年级以上:0.67
27,8,67.607407,0.666667,False,1.000000,54.703704,三人排名前20%:0.33；三人均为二年级以上:1.00
27,9,81.539853,0.833333,False,1.000000,66.032600,三人排名前20%:0.67；三人均为二年级以上:1.00
27,10,68.083333,0.666667,False,1.000000,57.083333,三人排名前20%:0.67；三人均为二年级以上:0.67
27,11,82.421893,0.833333,False,1.000000,70.442798,三人排名前20%:0.67；三人均为二年级以上:1.00
27,12,70.714710,0.666667,False,1.000000,70.240216,三人排名前20%:0.33；三人均为二年级以上:1.00
27,13,67.682002,0.666667,False,1.000000,55.076676,三人排名前20%:1.00；三人均为二年级以上:0.33
27,14,80.862524,0.833333,False,1.000000,62.645951,三人排名前20%:0.67；三人均为二年级以上:1.00
27,15,71.326998,0.666667,False,1.000000,73.301659,三人排名前20%:0.33；三人均为二年级以上:1.00
27,16,45.681333,0.333333,False,1.000000,61.740000,三人排名前20%:0.00；三人均为二年级以上:0.67
27,17,68.368599,0.666667,False,1.000000,58.509662,三人排名前20%:1.00；三人均为二年级以上:0.33
27,18,70.097374,0.666667,False,1.000000,67.153535,三人排名前20%:0.67；三人均为二年级以上:0.67
27,19,68.120085,0.666667,False,1.000000,57.267094,三人排名前20%:0.67；三人均为二年级以上:0.67
27,20,93.398175,1.000000,True,1.000000,66.990877,三人排名前20%:1.00；三人均为二年级以上:1.00
27,21,29.153460,0.166667,False,1.000000,37.433964,三人排名前20%:0.00；三人均为二年级以上:0.33
27,22,69.635928,0.666667,False,1.000000,64.846307,三人排名前20%:0.67；三人均为二年级以上:0.67
27,23,57.366244,0.500000,False,1.000000,61.831220,三人排名前20%:0.33；三人均为二年级以上:0.67
27,24,67.685049,0.666667,False,1.000000,55.091912,三人排名前20%:1.00；三人均为二年级以上:0.33
27,25,67.855556,0.666667,False,1.000000,55.944444,三人排名前20%:0.33；三人均为二年级以上:1.00
27,26,79.800772,0.833333,False,1.000000,57.337193,三人排名前20%:1.00；三人均为二年级以上:0.67
27,27,42.844052,0.333333,False,1.000000,47.553595,三人排名前20%:0.33；三人均为二年级以上:0.33
27,28,82.985842,0.833333,False,1.000000,73.262542,三人排名前20%:0.67；三人均为二年级以上:1.00
27,29,54.854177,0.500000,False,1.000000,49.270885,三人排名前20%:0.33；三人均为二年级以上:0.67
27,30,68.522650,0.666667,False,1.000000,59.279915,三人排名前20%:0.33；三人均为二年级以上:1.00
27,31,56.275507,0.500000,False,1.000000,56.377536,三人排名前20%:0.67；三人均为二年级以上:0.33
27,32,68.338839,0.666667,False,1.000000,58.360861,三人排名前20%:0.67；三人均为二年级以上:0.67
27,33,68.676637,0.666667,False,1.000000,60.049851,三人排名前20%:0.67；三人均为二年级以上:0.67
27,34,43.417810,0.333333,False,1.000000,50.422386,三人排名前20%:0.00；三人均为二年级以上:0.67
27,35,67.597019,0.666667,False,1.000000,54.651762,三人排名前20%:0.67；三人均为二年级以上:0.67
27,36,84.558347,0.833333,False,1.000000,81.125070,三人排名前20%:0.67；三人均为二年级以上:1.00
27,37,83.113103,0.833333,False,1.000000,73.898846,三人排名前20%:0.67；三人均为二年级以上:1.00
27,38,81.931195,0.833333,False,1.000000,67.989310,三人排名前20%:0.67；三人均为二年级以上:1.00
27,39,44.234478,0.333333,False,1.000000,54.505722,三人排名前20%:0.00；三人均为二年级以上:0.67
27,40,44.410400,0.333333,False,1.000000,55.385332,三人排名前20%:0.00；三人均为二年级以上:0.67
27,41,56.400754,0.500000,False,1.000000,57.003771,三人排名前20%:0.00；三人均为二年级以上:1.00
27,42,81.127843,0.833333,False,1.000000,63.972548,三人排名前20%:1.00；三人均为二年级以上:0.67
27,43,80.114711,0.833333,False,1.000000,58.906887,三人排名前20%:0.67；三人均为二年级以上:1.00
27,44,31.711193,0.166667,False,1.000000,50.222634,三人排名前20%:0.00；三人均为二年级以上:0.33
27,45,68.437425,0.666667,False,1.000000,58.853789,三人排名前20%:0.67；三人均为二年级以上:0.67
27,46,69.312495,0.666667,False,1.000000,63.229143,三人排名前20%:0.33；三人均为二年级以上:1.00
27,47,43.697437,0.333333,False,1.000000,51.820518,三人排名前20%:0.33；三人均为二年级以上:0.33
27,48,41.007280,0.333333,False,1.000000,38.369732,三人排名前20%:0.00；三人均为二年级以上:0.67
27,49,30.145009,0.166667,False,1.000000,42.391714,三人排名前20%:0.00；三人均为二年级以上:0.33
27,50,56.510372,0.500000,False,1.000000,57.551862,三人排名前20%:0.33；三人均为二年级以上:0.67
27,51,55.673125,0.500000,False,1.000000,53.365623,三人排名前20%:1.00；三人均为二年级以上:0.00
27,52,31.567544,0.166667,False,1.000000,49.504388,三人排名前20%:0.00；三人均为二年级以上:0.33
27,53,68.591870,0.666667,False,1.000000,59.626016,三人排名前20%:1.00；三人均为二年级以上:0.33
27,54,53.322137,0.500000,False,1.000000,41.610684,三人排名前20%:0.33；三人均为二年级以上:0.67
27,55,55.402207,0.500000,False,1.000000,52.011036,三人排名前20%:0.67；三人均为二年级以上:0.33
27,56,58.364236,0.500000,False,1.000000,66.821181,三人排名前20%:0.33；三人均为二年级以上:0.67
27,57,55.097826,0.500000,False,1.000000,50.489130,三人排名前20%:0.33；三人均为二年级以上:0.67
27,58,81.228545,0.833333,False,1.000000,64.476057,三人排名前20%:1.00；三人均为二年级以上:0.67
27,59,92.556364,1.000000,True,1.000000,62.781822,三人排名前20%:1.00；三人均为二年级以上:1.00
27,60,82.103514,0.833333,False,1.000000,68.850902,三人排名前20%:0.67；三人均为二年级以上:1.00
27,61,93.573325,1.000000,True,1.000000,67.866626,三人排名前20%:1.00；三人均为二年级以上:1.00
27,62,69.099666,0.666667,False,1.000000,62.164997,三人排名前20%:0.67；三人均为二年级以上:0.67
27,63,82.400845,0.833333,False,1.000000,70.337558,三人排名前20%:1.00；三人均为二年级以上:0.67
27,64,43.320773,0.333333,False,1.000000,49.937198,三人排名前20%:0.33；三人均为二年级以上:0.33
27,65,44.049661,0.333333,False,1.000000,53.581640,三人排名前20%:0.33；三人均为二年级以上:0.33
27,66,58.643148,0.500000,False,1.000000,68.215738,三人排名前20%:0.33；三人均为二年级以上:0.67
27,67,81.574633,0.833333,False,1.000000,66.206500,三人排名前20%:0.67；三人均为二年级以上:1.00
27,68,94.454998,1.000000,True,1.000000,72.274990,三人排名前20%:1.00；三人均为二年级以上:1.00
27,69,68.989844,0.666667,False,1.000000,61.615885,三人排名前20%:0.67；三人均为二年级以上:0.67
27,70,69.910696,0.666667,False,1.000000,66.220147,三人排名前20%:0.67；三人均为二年级以上:0.67
27,71,68.310667,0.666667,False,1.000000,58.220000,三人排名前20%:0.33；三人均为二年级以上:1.00
27,72,58.235479,0.500000,False,1.000000,66.177397,三人排名前20%:0.33；三人均为二年级以上:0.67
27,73,81.603464,0.833333,False,1.000000,66.350653,三人排名前20%:1.00；三人均为二年级以上:0.67
27,74,68.541177,0.666667,False,1.000000,59.372551,三人排名前20%:1.00；三人均为二年级以上:0.33
27,75,31.925612,0.166667,False,1.000000,51.294727,三人排名前20%:0.00；三人均为二年级以上:0.33
27,76,95.239130,1.000000,True,1.000000,76.195652,三人排名前20%:1.00；三人均为二年级以上:1.00
27,77,67.937475,0.666667,False,1.000000,56.354040,三人排名前20%:1.00；三人均为二年级以上:0.33
27,78,69.682502,0.666667,False,1.000000,65.079177,三人排名前20%:0.33；三人均为二年级以上:1.00
27,79,69.312030,0.666667,False,1.000000,63.226815,三人排名前20%:0.33；三人均为二年级以上:1.00
27,80,70.220021,0.666667,False,1.000000,67.766771,三人排名前20%:0.67；三人均为二年级以上:0.67
27,81,82.088232,0.833333,False,1.000000,68.774492,三人排名前20%:1.00；三人均为二年级以上:0.67
27,82,68.388193,0.666667,False,1.000000,58.607634,三人排名前20%:1.00；三人均为二年级以上:0.33
27,83,55.912500,0.500000,False,1.000000,54.562500,三人排名前20%:0.33；三人均为二年级以上:0.67
27,84,43.247144,0.333333,False,1.000000,49.569054,三人排名前20%:0.00；三人均为二年级以上:0.67
27,85,68.634887,0.666667,False,1.000000,59.841102,三人排名前20%:0.67；三人均为二年级以上:0.67
27,86,81.115836,0.833333,False,1.000000,63.912512,三人排名前20%:1.00；三人均为二年级以上:0.67
27,87,69.274737,0.666667,False,1.000000,63.040351,三人排名前20%:0.67；三人均为二年级以上:0.67
27,88,55.257151,0.500000,False,1.000000,51.285757,三人排名前20%:0.33；三人均为二年级以上:0.67
27,89,92.904122,1.000000,True,1.000000,64.520609,三人排名前20%:1.00；三人均为二年级以上:1.00
27,90,56.272164,0.500000,False,1.000000,56.360820,三人排名前20%:0.33；三人均为二年级以上:0.67
27,91,80.265484,0.833333,False,1.000000,59.660754,三人排名前20%:0.67；三人均为二年级以上:1.00
27,92,69.700000,0.666667,False,1.000000,65.166667,三人排名前20%:0.67；三人均为二年级以上:0.67
27,93,70.656119,0.666667,False,1.000000,69.947262,三人排名前20%:0.67；三人均为二年级以上:0.67
27,94,83.149293,0.833333,False,1.000000,74.079798,三人排名前20%:1.00；三人均为二年级以上:0.67
27,95,56.239017,0.500000,False,1.000000,56.195083,三人排名前20%:0.33；三人均为二年级以上:0.67
27,96,57.944414,0.500000,False,1.000000,64.722072,三人排名前20%:0.33；三人均为二年级以上:0.67
27,97,68.701852,0.666667,False,1.000000,60.175926,三人排名前20%:0.67；三人均为二年级以上:0.67
27,98,69.246014,0.666667,False,1.000000,62.896737,三人排名前20%:0.33；三人均为二年级以上:1.00
27,99,42.818889,0.333333,False,1.000000,47.427778,三人排名前20%:0.33；三人均为二年级以上:0.33
27,100,69.636393,0.666667,False,1.000000,64.848631,三人排名前20%:0.67；三人均为二年级以上:0.67
27,101,66.888526,0.666667,False,1.000000,51.109295,三人排名前20%:0.67；三人均为二年级以上:0.67
27,102,94.139566,1.000000,True,1.000000,70.697829,三人排名前20%:1.00；三人均为二年级以上:1.00
27,103,70.727008,0.666667,False,1.000000,70.301705,三人排名前20%:0.33；三人均为二年级以上:1.00
27,104,81.180725,0.833333,False,1.000000,64.236959,三人排名前20%:1.00；三人均为二年级以上:0.67
27,105,68.821569,0.666667,False,1.000000,60.774510,三人排名前20%:0.33；三人均为二年级以上:1.00
27,106,83.769492,0.833333,False,1.000000,77.180791,三人排名前20%:0.67；三人均为二年级以上:1.00
27,107,43.698142,0.333333,False,1.000000,51.824044,三人排名前20%:0.33；三人均为二年级以上:0.33
27,108,70.203371,0.666667,False,1.000000,67.683520,三人排名前20%:0.33；三人均为二年级以上:1.00
27,109,80.499548,0.833333,False,1.000000,60.831075,三人排名前20%:0.67；三人均为二年级以上:1.00
27,110,68.440558,0.666667,False,1.000000,58.869458,三人排名前20%:0.67；三人均为二年级以上:0.67
27,111,68.547462,0.666667,False,1.000000,59.403978,三人排名前20%:0.67；三人均为二年级以上:0.67
27,112,83.849288,0.833333,False,1.000000,77.579772,三人排名前20%:0.67；三人均为二年级以上:1.00
27,113,42.329573,0.333333,False,1.000000,44.981197,三人排名前20%:0.00；三人均为二年级以上:0.67
27,114,68.142963,0.666667,False,1.000000,57.381481,三人排名前20%:1.00；三人均为二年级以上:0.33
27,115,69.992190,0.666667,False,1.000000,66.627616,三人排名前20%:0.33；三人均为二年级以上:1.00
27,116,68.994444,0.666667,False,1.000000,61.638889,三人排名前20%:0.67；三人均为二年级以上:0.67
27,117,67.885675,0.666667,False,1.000000,56.095041,三人排名前20%:0.33；三人均为二年级以上:1.00
27,118,58.646221,0.500000,False,1.000000,68.231103,三人排名前20%:0.00；三人均为二年级以上:1.00
27,119,56.427451,0.500000,False,1.000000,57.137255,三人排名前20%:0.33；三人均为二年级以上:0.67
27,120,56.055600,0.500000,False,1.000000,55.278000,三人排名前20%:0.00；三人均为二年级以上:1.00
27,121,69.412691,0.666667,False,1.000000,63.730120,三人排名前20%:0.67；三人均为二年级以上:0.67
27,122,81.217496,0.833333,False,1.000000,64.420812,三人排名前20%:1.00；三人均为二年级以上:0.67
27,123,58.642499,0.500000,False,1.000000,68.212496,三人排名前20%:0.00；三人均为二年级以上:1.00
27,124,44.006222,0.333333,False,1.000000,53.364441,三人排名前20%:0.33；三人均为二年级以上:0.33
27,125,80.610718,0.833333,False,1.000000,61.386923,三人排名前20%:1.00；三人均为二年级以上:0.67
27,126,67.806332,0.666667,False,1.000000,55.698327,三人排名前20%:0.33；三人均为二年级以上:1.00
27,127,56.921701,0.500000,False,1.000000,59.608507,三人排名前20%:0.00；三人均为二年级以上:1.00
27,128,68.513555,0.666667,False,1.000000,59.234443,三人排名前20%:0.67；三人均为二年级以上:0.67
27,129,54.083057,0.500000,False,1.000000,45.415285,三人排名前20%:0.33；三人均为二年级以上:0.67
27,130,94.823859,1.000000,True,1.000000,74.119297,三人排名前20%:1.00；三人均为二年级以上:1.00
27,131,68.724342,0.666667,False,1.000000,60.288377,三人排名前20%:0.67；三人均为二年级以上:0.67
27,132,81.805985,0.833333,False,1.000000,67.363260,三人排名前20%:0.67；三人均为二年级以上:1.00
27,133,56.669499,0.500000,False,1.000000,58.347495,三人排名前20%:0.00；三人均为二年级以上:1.00
27,134,68.777696,0.666667,False,1.000000,60.555147,三人排名前20%:0.33；三人均为二年级以上:1.00
27,135,81.548309,0.833333,False,1.000000,66.074879,三人排名前20%:0.67；三人均为二年级以上:1.00
27,136,67.818668,0.666667,False,1.000000,55.760009,三人排名前20%:1.00；三人均为二年级以上:0.33
27,137,58.103588,0.500000,False,1.000000,65.517940,三人排名前20%:0.33；三人均为二年级以上:0.67
27,138,95.525689,1.000000,True,1.000000,77.628444,三人排名前20%:1.00；三人均为二年级以上:1.00
27,139,68.535758,0.666667,False,1.000000,59.345455,三人排名前20%:1.00；三人均为二年级以上:0.33
27,140,67.945461,0.666667,False,1.000000,56.393970,三人排名前20%:0.67；三人均为二年级以上:0.67
27,141,57.488055,0.500000,False,1.000000,62.440275,三人排名前20%:0.00；三人均为二年级以上:1.00
27,142,66.593591,0.666667,False,1.000000,49.634622,三人排名前20%:0.67；三人均为二年级以上:0.67
27,143,82.658001,0.833333,False,1.000000,71.623336,三人排名前20%:1.00；三人均为二年级以上:0.67
27,144,43.962778,0.333333,False,1.000000,53.147222,三人排名前20%:0.33；三人均为二年级以上:0.33
27,145,81.026872,0.833333,False,1.000000,63.467693,三人排名前20%:1.00；三人均为二年级以上:0.67
27,146,56.275244,0.500000,False,1.000000,56.376220,三人排名前20%:0.33；三人均为二年级以上:0.67
27,147,81.003157,0.833333,False,1.000000,63.349119,三人排名前20%:1.00；三人均为二年级以上:0.67
27,148,81.012551,0.833333,False,1.000000,63.396090,三人排名前20%:0.67；三人均为二年级以上:1.00
27,149,82.282441,0.833333,False,1.000000,69.745540,三人排名前20%:0.67；三人均为二年级以上:1.00
27,150,54.988889,0.500000,False,1.000000,49.944444,三人排名前20%:1.00；三人均为二年级以上:0.00
27,151,69.160000,0.666667,False,1.000000,62.466667,三人排名前20%:0.67；三人均为二年级以上:0.67
27,152,56.219713,0.500000,False,1.000000,56.098563,三人排名前20%:0.33；三人均为二年级以上:0.67
27,153,80.858132,0.833333,False,1.000000,62.623994,三人排名前20%:0.67；三人均为二年级以上:1.00
27,154,43.150097,0.333333,False,1.000000,49.083821,三人排名前20%:0.33；三人均为二年级以上:0.33
27,155,93.116129,1.000000,True,1.000000,65.580645,三人排名前20%:1.00；三人均为二年级以上:1.00
27,156,57.494885,0.500000,False,1.000000,62.474425,三人排名前20%:0.33；三人均为二年级以上:0.67
27,157,83.042633,0.833333,False,1.000000,73.546498,三人排名前20%:0.67；三人均为二年级以上:1.00
27,158,57.319018,0.500000,False,1.000000,61.595090,三人排名前20%:0.33；三人均为二年级以上:0.67
27,159,92.356461,1.000000,True,1.000000,61.782306,三人排名前20%:1.00；三人均为二年级以上:1.00
27,160,80.468981,0.833333,False,1.000000,60.678237,三人排名前20%:0.67；三人均为二年级以上:1.00
27,161,56.474979,0.500000,False,1.000000,57.374894,三人排名前20%:0.67；三人均为二年级以上:0.33
27,162,56.791106,0.500000,False,1.000000,58.955530,三人排名前20%:0.67；三人均为二年级以上:0.33
27,163,68.551157,0.666667,False,1.000000,59.422454,三人排名前20%:0.67；三人均为二年级以上:0.67
27,164,43.238797,0.333333,False,1.000000,49.527320,三人排名前20%:0.33；三人均为二年级以上:0.33
27,165,54.965278,0.500000,False,1.000000,49.826389,三人排名前20%:0.67；三人均为二年级以上:0.33
27,166,43.032377,0.333333,False,1.000000,48.495219,三人排名前20%:0.00；三人均为二年级以上:0.67
27,167,56.163073,0.500000,False,1.000000,55.815366,三人排名前20%:0.33；三人均为二年级以上:0.67
27,168,44.837333,0.333333,False,1.000000,57.520000,三人排名前20%:0.00；三人均为二年级以上:0.67
27,169,82.334473,0.833333,False,1.000000,70.005698,三人排名前20%:1.00；三人均为二年级以上:0.67
27,170,56.683519,0.500000,False,1.000000,58.417595,三人排名前20%:0.67；三人均为二年级以上:0.33
27,171,56.170261,0.500000,False,1.000000,55.851307,三人排名前20%:0.33；三人均为二年级以上:0.67
27,172,70.608475,0.666667,False,1.000000,69.709040,三人排名前20%:0.67；三人均为二年级以上:0.67
27,173,42.036625,0.333333,False,1.000000,43.516461,三人排名前20%:0.67；三人均为二年级以上:0.00
27,174,82.925633,0.833333,False,1.000000,72.961497,三人排名前20%:1.00；三人均为二年级以上:0.67
27,175,82.982124,0.833333,False,1.000000,73.243955,三人排名前20%:1.00；三人均为二年级以上:0.67
28,1,44.989247,0.333333,False,1.000000,58.279570,三人均有参赛经历:0.33
28,2,72.043846,0.666667,False,1.000000,76.885895,三人均有参赛经历:0.67
28,3,68.381226,0.666667,False,1.000000,58.572797,三人均有参赛经历:0.67
28,4,44.830038,0.333333,False,1.000000,57.483524,三人均有参赛经历:0.33
28,5,69.631935,0.666667,False,1.000000,64.826344,三人均有参赛经历:0.67
28,6,45.199012,0.333333,False,1.000000,59.328395,三人均有参赛经历:0.33
28,7,44.723799,0.333333,False,1.000000,56.952327,三人均有参赛经历:0.33
28,8,44.274074,0.333333,False,1.000000,54.703704,三人均有参赛经历:0.33
28,9,46.539853,0.333333,False,1.000000,66.032600,三人均有参赛经历:0.33
28,10,21.416667,0.000000,False,1.000000,57.083333,三人均有参赛经历:0.00
28,11,70.755226,0.666667,False,1.000000,70.442798,三人均有参赛经历:0.67
28,12,70.714710,0.666667,False,1.000000,70.240216,三人均有参赛经历:0.67
28,13,21.015335,0.000000,False,1.000000,55.076676,三人均有参赛经历:0.00
28,14,69.195857,0.666667,False,1.000000,62.645951,三人均有参赛经历:0.67
28,15,71.326998,0.666667,False,1.000000,73.301659,三人均有参赛经历:0.67
28,16,45.681333,0.333333,False,1.000000,61.740000,三人均有参赛经历:0.33
28,17,45.035266,0.333333,False,1.000000,58.509662,三人均有参赛经历:0.33
28,18,70.097374,0.666667,False,1.000000,67.153535,三人均有参赛经历:0.67
28,19,44.786752,0.333333,False,1.000000,57.267094,三人均有参赛经历:0.33
28,20,46.731509,0.333333,False,1.000000,66.990877,三人均有参赛经历:0.33
28,21,17.486793,0.000000,False,1.000000,37.433964,三人均有参赛经历:0.00
28,22,69.635928,0.666667,False,1.000000,64.846307,三人均有参赛经历:0.67
28,23,45.699577,0.333333,False,1.000000,61.831220,三人均有参赛经历:0.33
28,24,21.018382,0.000000,False,1.000000,55.091912,三人均有参赛经历:0.00
28,25,44.522222,0.333333,False,1.000000,55.944444,三人均有参赛经历:0.33
28,26,21.467439,0.000000,False,1.000000,57.337193,三人均有参赛经历:0.00
28,27,19.510719,0.000000,False,1.000000,47.553595,三人均有参赛经历:0.00
28,28,94.652508,1.000000,True,1.000000,73.262542,三人均有参赛经历:1.00
28,29,19.854177,0.000000,False,1.000000,49.270885,三人均有参赛经历:0.00
28,30,68.522650,0.666667,False,1.000000,59.279915,三人均有参赛经历:0.67
28,31,44.608841,0.333333,False,1.000000,56.377536,三人均有参赛经历:0.33
28,32,21.672172,0.000000,False,1.000000,58.360861,三人均有参赛经历:0.00
28,33,45.343303,0.333333,False,1.000000,60.049851,三人均有参赛经历:0.33
28,34,43.417810,0.333333,False,1.000000,50.422386,三人均有参赛经历:0.33
28,35,44.263686,0.333333,False,1.000000,54.651762,三人均有参赛经历:0.33
28,36,96.225014,1.000000,True,1.000000,81.125070,三人均有参赛经历:1.00
28,37,71.446436,0.666667,False,1.000000,73.898846,三人均有参赛经历:0.67
28,38,46.931195,0.333333,False,1.000000,67.989310,三人均有参赛经历:0.33
28,39,67.567811,0.666667,False,1.000000,54.505722,三人均有参赛经历:0.67
28,40,67.743733,0.666667,False,1.000000,55.385332,三人均有参赛经历:0.67
28,41,68.067421,0.666667,False,1.000000,57.003771,三人均有参赛经历:0.67
28,42,22.794510,0.000000,False,1.000000,63.972548,三人均有参赛经历:0.00
28,43,21.781377,0.000000,False,1.000000,58.906887,三人均有参赛经历:0.00
28,44,43.377860,0.333333,False,1.000000,50.222634,三人均有参赛经历:0.33
28,45,45.104091,0.333333,False,1.000000,58.853789,三人均有参赛经历:0.33
28,46,69.312495,0.666667,False,1.000000,63.229143,三人均有参赛经历:0.67
28,47,43.697437,0.333333,False,1.000000,51.820518,三人均有参赛经历:0.33
28,48,17.673946,0.000000,False,1.000000,38.369732,三人均有参赛经历:0.00
28,49,41.811676,0.333333,False,1.000000,42.391714,三人均有参赛经历:0.33
28,50,68.177039,0.666667,False,1.000000,57.551862,三人均有参赛经历:0.67
28,51,20.673125,0.000000,False,1.000000,53.365623,三人均有参赛经历:0.00
28,52,43.234211,0.333333,False,1.000000,49.504388,三人均有参赛经历:0.33
28,53,45.258537,0.333333,False,1.000000,59.626016,三人均有参赛经历:0.33
28,54,18.322137,0.000000,False,1.000000,41.610684,三人均有参赛经历:0.00
28,55,20.402207,0.000000,False,1.000000,52.011036,三人均有参赛经历:0.00
28,56,70.030903,0.666667,False,1.000000,66.821181,三人均有参赛经历:0.67
28,57,20.097826,0.000000,False,1.000000,50.489130,三人均有参赛经历:0.00
28,58,46.228545,0.333333,False,1.000000,64.476057,三人均有参赛经历:0.33
28,59,22.556364,0.000000,False,1.000000,62.781822,三人均有参赛经历:0.00
28,60,70.436847,0.666667,False,1.000000,68.850902,三人均有参赛经历:0.67
28,61,46.906658,0.333333,False,1.000000,67.866626,三人均有参赛经历:0.33
28,62,45.766333,0.333333,False,1.000000,62.164997,三人均有参赛经历:0.33
28,63,70.734178,0.666667,False,1.000000,70.337558,三人均有参赛经历:0.67
28,64,43.320773,0.333333,False,1.000000,49.937198,三人均有参赛经历:0.33
28,65,44.049661,0.333333,False,1.000000,53.581640,三人均有参赛经历:0.33
28,66,70.309814,0.666667,False,1.000000,68.215738,三人均有参赛经历:0.67
28,67,46.574633,0.333333,False,1.000000,66.206500,三人均有参赛经历:0.33
28,68,71.121665,0.666667,False,1.000000,72.274990,三人均有参赛经历:0.67
28,69,45.656510,0.333333,False,1.000000,61.615885,三人均有参赛经历:0.33
28,70,46.577363,0.333333,False,1.000000,66.220147,三人均有参赛经历:0.33
28,71,44.977333,0.333333,False,1.000000,58.220000,三人均有参赛经历:0.33
28,72,69.902146,0.666667,False,1.000000,66.177397,三人均有参赛经历:0.67
28,73,46.603464,0.333333,False,1.000000,66.350653,三人均有参赛经历:0.33
28,74,45.207844,0.333333,False,1.000000,59.372551,三人均有参赛经历:0.33
28,75,43.592279,0.333333,False,1.000000,51.294727,三人均有参赛经历:0.33
28,76,71.905797,0.666667,False,1.000000,76.195652,三人均有参赛经历:0.67
28,77,21.270808,0.000000,False,1.000000,56.354040,三人均有参赛经历:0.00
28,78,93.015835,1.000000,True,1.000000,65.079177,三人均有参赛经历:1.00
28,79,45.978696,0.333333,False,1.000000,63.226815,三人均有参赛经历:0.33
28,80,70.220021,0.666667,False,1.000000,67.766771,三人均有参赛经历:0.67
28,81,47.088232,0.333333,False,1.000000,68.774492,三人均有参赛经历:0.33
28,82,21.721527,0.000000,False,1.000000,58.607634,三人均有参赛经历:0.00
28,83,44.245833,0.333333,False,1.000000,54.562500,三人均有参赛经历:0.33
28,84,66.580478,0.666667,False,1.000000,49.569054,三人均有参赛经历:0.67
28,85,68.634887,0.666667,False,1.000000,59.841102,三人均有参赛经历:0.67
28,86,46.115836,0.333333,False,1.000000,63.912512,三人均有参赛经历:0.33
28,87,45.941403,0.333333,False,1.000000,63.040351,三人均有参赛经历:0.33
28,88,43.590485,0.333333,False,1.000000,51.285757,三人均有参赛经历:0.33
28,89,46.237455,0.333333,False,1.000000,64.520609,三人均有参赛经历:0.33
28,90,67.938831,0.666667,False,1.000000,56.360820,三人均有参赛经历:0.67
28,91,45.265484,0.333333,False,1.000000,59.660754,三人均有参赛经历:0.33
28,92,69.700000,0.666667,False,1.000000,65.166667,三人均有参赛经历:0.67
28,93,70.656119,0.666667,False,1.000000,69.947262,三人均有参赛经历:0.67
28,94,71.482626,0.666667,False,1.000000,74.079798,三人均有参赛经历:0.67
28,95,44.572350,0.333333,False,1.000000,56.195083,三人均有参赛经历:0.33
28,96,69.611081,0.666667,False,1.000000,64.722072,三人均有参赛经历:0.67
28,97,45.368519,0.333333,False,1.000000,60.175926,三人均有参赛经历:0.33
28,98,45.912681,0.333333,False,1.000000,62.896737,三人均有参赛经历:0.33
28,99,19.485556,0.000000,False,1.000000,47.427778,三人均有参赛经历:0.00
28,100,69.636393,0.666667,False,1.000000,64.848631,三人均有参赛经历:0.67
28,101,20.221859,0.000000,False,1.000000,51.109295,三人均有参赛经历:0.00
28,102,47.472899,0.333333,False,1.000000,70.697829,三人均有参赛经历:0.33
28,103,94.060341,1.000000,True,1.000000,70.301705,三人均有参赛经历:1.00
28,104,46.180725,0.333333,False,1.000000,64.236959,三人均有参赛经历:0.33
28,105,45.488235,0.333333,False,1.000000,60.774510,三人均有参赛经历:0.33
28,106,95.436158,1.000000,True,1.000000,77.180791,三人均有参赛经历:1.00
28,107,43.698142,0.333333,False,1.000000,51.824044,三人均有参赛经历:0.33
28,108,70.203371,0.666667,False,1.000000,67.683520,三人均有参赛经历:0.67
28,109,45.499548,0.333333,False,1.000000,60.831075,三人均有参赛经历:0.33
28,110,21.773892,0.000000,False,1.000000,58.869458,三人均有参赛经历:0.00
28,111,21.880796,0.000000,False,1.000000,59.403978,三人均有参赛经历:0.00
28,112,95.515954,1.000000,True,1.000000,77.579772,三人均有参赛经历:1.00
28,113,18.996239,0.000000,False,1.000000,44.981197,三人均有参赛经历:0.00
28,114,21.476296,0.000000,False,1.000000,57.381481,三人均有参赛经历:0.00
28,115,69.992190,0.666667,False,1.000000,66.627616,三人均有参赛经历:0.67
28,116,68.994444,0.666667,False,1.000000,61.638889,三人均有参赛经历:0.67
28,117,21.219008,0.000000,False,1.000000,56.095041,三人均有参赛经历:0.00
28,118,46.979554,0.333333,False,1.000000,68.231103,三人均有参赛经历:0.33
28,119,44.760784,0.333333,False,1.000000,57.137255,三人均有参赛经历:0.33
28,120,44.388933,0.333333,False,1.000000,55.278000,三人均有参赛经历:0.33
28,121,46.079357,0.333333,False,1.000000,63.730120,三人均有参赛经历:0.33
28,122,46.217496,0.333333,False,1.000000,64.420812,三人均有参赛经历:0.33
28,123,70.309166,0.666667,False,1.000000,68.212496,三人均有参赛经历:0.67
28,124,20.672888,0.000000,False,1.000000,53.364441,三人均有参赛经历:0.00
28,125,22.277385,0.000000,False,1.000000,61.386923,三人均有参赛经历:0.00
28,126,44.472999,0.333333,False,1.000000,55.698327,三人均有参赛经历:0.33
28,127,68.588368,0.666667,False,1.000000,59.608507,三人均有参赛经历:0.67
28,128,68.513555,0.666667,False,1.000000,59.234443,三人均有参赛经历:0.67
28,129,42.416390,0.333333,False,1.000000,45.415285,三人均有参赛经历:0.33
28,130,71.490526,0.666667,False,1.000000,74.119297,三人均有参赛经历:0.67
28,131,68.724342,0.666667,False,1.000000,60.288377,三人均有参赛经历:0.67
28,132,70.139319,0.666667,False,1.000000,67.363260,三人均有参赛经历:0.67
28,133,45.002832,0.333333,False,1.000000,58.347495,三人均有参赛经历:0.33
28,134,45.444363,0.333333,False,1.000000,60.555147,三人均有参赛经历:0.33
28,135,69.881643,0.666667,False,1.000000,66.074879,三人均有参赛经历:0.67
28,136,21.152002,0.000000,False,1.000000,55.760009,三人均有参赛经历:0.00
28,137,69.770255,0.666667,False,1.000000,65.517940,三人均有参赛经历:0.67
28,138,95.525689,1.000000,True,1.000000,77.628444,三人均有参赛经历:1.00
28,139,45.202424,0.333333,False,1.000000,59.345455,三人均有参赛经历:0.33
28,140,44.612127,0.333333,False,1.000000,56.393970,三人均有参赛经历:0.33
28,141,69.154722,0.666667,False,1.000000,62.440275,三人均有参赛经历:0.67
28,142,19.926924,0.000000,False,1.000000,49.634622,三人均有参赛经历:0.00
28,143,47.658001,0.333333,False,1.000000,71.623336,三人均有参赛经历:0.33
28,144,43.962778,0.333333,False,1.000000,53.147222,三人均有参赛经历:0.33
28,145,46.026872,0.333333,False,1.000000,63.467693,三人均有参赛经历:0.33
28,146,44.608577,0.333333,False,1.000000,56.376220,三人均有参赛经历:0.33
28,147,46.003157,0.333333,False,1.000000,63.349119,三人均有参赛经历:0.33
28,148,22.679218,0.000000,False,1.000000,63.396090,三人均有参赛经历:0.00
28,149,70.615775,0.666667,False,1.000000,69.745540,三人均有参赛经历:0.67
28,150,19.988889,0.000000,False,1.000000,49.944444,三人均有参赛经历:0.00
28,151,69.160000,0.666667,False,1.000000,62.466667,三人均有参赛经历:0.67
28,152,44.553046,0.333333,False,1.000000,56.098563,三人均有参赛经历:0.33
28,153,45.858132,0.333333,False,1.000000,62.623994,三人均有参赛经历:0.33
28,154,19.816764,0.000000,False,1.000000,49.083821,三人均有参赛经历:0.00
28,155,46.449462,0.333333,False,1.000000,65.580645,三人均有参赛经历:0.33
28,156,45.828218,0.333333,False,1.000000,62.474425,三人均有参赛经历:0.33
28,157,71.375966,0.666667,False,1.000000,73.546498,三人均有参赛经历:0.67
28,158,45.652351,0.333333,False,1.000000,61.595090,三人均有参赛经历:0.33
28,159,22.356461,0.000000,False,1.000000,61.782306,三人均有参赛经历:0.00
28,160,45.468981,0.333333,False,1.000000,60.678237,三人均有参赛经历:0.33
28,161,44.808312,0.333333,False,1.000000,57.374894,三人均有参赛经历:0.33
28,162,45.124439,0.333333,False,1.000000,58.955530,三人均有参赛经历:0.33
28,163,45.217824,0.333333,False,1.000000,59.422454,三人均有参赛经历:0.33
28,164,43.238797,0.333333,False,1.000000,49.527320,三人均有参赛经历:0.33
28,165,19.965278,0.000000,False,1.000000,49.826389,三人均有参赛经历:0.00
28,166,43.032377,0.333333,False,1.000000,48.495219,三人均有参赛经历:0.33
28,167,44.496406,0.333333,False,1.000000,55.815366,三人均有参赛经历:0.33
28,168,68.170667,0.666667,False,1.000000,57.520000,三人均有参赛经历:0.67
28,169,70.667806,0.666667,False,1.000000,70.005698,三人均有参赛经历:0.67
28,170,45.016852,0.333333,False,1.000000,58.417595,三人均有参赛经历:0.33
28,171,67.836928,0.666667,False,1.000000,55.851307,三人均有参赛经历:0.67
28,172,70.608475,0.666667,False,1.000000,69.709040,三人均有参赛经历:0.67
28,173,18.703292,0.000000,False,1.000000,43.516461,三人均有参赛经历:0.00
28,174,71.258966,0.666667,False,1.000000,72.961497,三人均有参赛经历:0.67
28,175,71.315458,0.666667,False,1.000000,73.243955,三人均有参赛经历:0.67
19,1,56.655914,0.500000,False,1.000000,58.279570,至少两人有参赛经历:0.50
19,2,95.377179,1.000000,True,1.000000,76.885895,至少两人有参赛经历:1.00
19,3,91.714559,1.000000,True,1.000000,58.572797,至少两人有参赛经历:1.00
19,4,56.496705,0.500000,False,1.000000,57.483524,至少两人有参赛经历:0.50
19,5,92.965269,1.000000,True,1.000000,64.826344,至少两人有参赛经历:1.00
19,6,56.865679,0.500000,False,1.000000,59.328395,至少两人有参赛经历:0.50
19,7,56.390465,0.500000,False,1.000000,56.952327,至少两人有参赛经历:0.50
19,8,55.940741,0.500000,False,1.000000,54.703704,至少两人有参赛经历:0.50
19,9,58.206520,0.500000,False,1.000000,66.032600,至少两人有参赛经历:0.50
19,10,21.416667,0.000000,False,1.000000,57.083333,至少两人有参赛经历:0.00
19,11,94.088560,1.000000,True,1.000000,70.442798,至少两人有参赛经历:1.00
19,12,94.048043,1.000000,True,1.000000,70.240216,至少两人有参赛经历:1.00
19,13,21.015335,0.000000,False,1.000000,55.076676,至少两人有参赛经历:0.00
19,14,92.529190,1.000000,True,1.000000,62.645951,至少两人有参赛经历:1.00
19,15,94.660332,1.000000,True,1.000000,73.301659,至少两人有参赛经历:1.00
19,16,57.348000,0.500000,False,1.000000,61.740000,至少两人有参赛经历:0.50
19,17,56.701932,0.500000,False,1.000000,58.509662,至少两人有参赛经历:0.50
19,18,93.430707,1.000000,True,1.000000,67.153535,至少两人有参赛经历:1.00
19,19,56.453419,0.500000,False,1.000000,57.267094,至少两人有参赛经历:0.50
19,20,58.398175,0.500000,False,1.000000,66.990877,至少两人有参赛经历:0.50
19,21,17.486793,0.000000,False,1.000000,37.433964,至少两人有参赛经历:0.00
19,22,92.969261,1.000000,True,1.000000,64.846307,至少两人有参赛经历:1.00
19,23,57.366244,0.500000,False,1.000000,61.831220,至少两人有参赛经历:0.50
19,24,21.018382,0.000000,False,1.000000,55.091912,至少两人有参赛经历:0.00
19,25,56.188889,0.500000,False,1.000000,55.944444,至少两人有参赛经历:0.50
19,26,21.467439,0.000000,False,1.000000,57.337193,至少两人有参赛经历:0.00
19,27,19.510719,0.000000,False,1.000000,47.553595,至少两人有参赛经历:0.00
19,28,94.652508,1.000000,True,1.000000,73.262542,至少两人有参赛经历:1.00
19,29,19.854177,0.000000,False,1.000000,49.270885,至少两人有参赛经历:0.00
19,30,91.855983,1.000000,True,1.000000,59.279915,至少两人有参赛经历:1.00
19,31,56.275507,0.500000,False,1.000000,56.377536,至少两人有参赛经历:0.50
19,32,21.672172,0.000000,False,1.000000,58.360861,至少两人有参赛经历:0.00
19,33,57.009970,0.500000,False,1.000000,60.049851,至少两人有参赛经历:0.50
19,34,55.084477,0.500000,False,1.000000,50.422386,至少两人有参赛经历:0.50
19,35,55.930352,0.500000,False,1.000000,54.651762,至少两人有参赛经历:0.50
19,36,96.225014,1.000000,True,1.000000,81.125070,至少两人有参赛经历:1.00
19,37,94.779769,1.000000,True,1.000000,73.898846,至少两人有参赛经历:1.00
19,38,58.597862,0.500000,False,1.000000,67.989310,至少两人有参赛经历:0.50
19,39,90.901144,1.000000,True,1.000000,54.505722,至少两人有参赛经历:1.00
19,40,91.077066,1.000000,True,1.000000,55.385332,至少两人有参赛经历:1.00
19,41,91.400754,1.000000,True,1.000000,57.003771,至少两人有参赛经历:1.00
19,42,22.794510,0.000000,False,1.000000,63.972548,至少两人有参赛经历:0.00
19,43,21.781377,0.000000,False,1.000000,58.906887,至少两人有参赛经历:0.00
19,44,55.044527,0.500000,False,1.000000,50.222634,至少两人有参赛经历:0.50
19,45,56.770758,0.500000,False,1.000000,58.853789,至少两人有参赛经历:0.50
19,46,92.645829,1.000000,True,1.000000,63.229143,至少两人有参赛经历:1.00
19,47,55.364104,0.500000,False,1.000000,51.820518,至少两人有参赛经历:0.50
19,48,17.673946,0.000000,False,1.000000,38.369732,至少两人有参赛经历:0.00
19,49,53.478343,0.500000,False,1.000000,42.391714,至少两人有参赛经历:0.50
19,50,91.510372,1.000000,True,1.000000,57.551862,至少两人有参赛经历:1.00
19,51,20.673125,0.000000,False,1.000000,53.365623,至少两人有参赛经历:0.00
19,52,54.900878,0.500000,False,1.000000,49.504388,至少两人有参赛经历:0.50
19,53,56.925203,0.500000,False,1.000000,59.626016,至少两人有参赛经历:0.50
19,54,18.322137,0.000000,False,1.000000,41.610684,至少两人有参赛经历:0.00
19,55,20.402207,0.000000,False,1.000000,52.011036,至少两人有参赛经历:0.00
19,56,93.364236,1.000000,True,1.000000,66.821181,至少两人有参赛经历:1.00
19,57,20.097826,0.000000,False,1.000000,50.489130,至少两人有参赛经历:0.00
19,58,57.895211,0.500000,False,1.000000,64.476057,至少两人有参赛经历:0.50
19,59,22.556364,0.000000,False,1.000000,62.781822,至少两人有参赛经历:0.00
19,60,93.770180,1.000000,True,1.000000,68.850902,至少两人有参赛经历:1.00
19,61,58.573325,0.500000,False,1.000000,67.866626,至少两人有参赛经历:0.50
19,62,57.432999,0.500000,False,1.000000,62.164997,至少两人有参赛经历:0.50
19,63,94.067512,1.000000,True,1.000000,70.337558,至少两人有参赛经历:1.00
19,64,54.987440,0.500000,False,1.000000,49.937198,至少两人有参赛经历:0.50
19,65,55.716328,0.500000,False,1.000000,53.581640,至少两人有参赛经历:0.50
19,66,93.643148,1.000000,True,1.000000,68.215738,至少两人有参赛经历:1.00
19,67,58.241300,0.500000,False,1.000000,66.206500,至少两人有参赛经历:0.50
19,68,94.454998,1.000000,True,1.000000,72.274990,至少两人有参赛经历:1.00
19,69,57.323177,0.500000,False,1.000000,61.615885,至少两人有参赛经历:0.50
19,70,58.244029,0.500000,False,1.000000,66.220147,至少两人有参赛经历:0.50
19,71,56.644000,0.500000,False,1.000000,58.220000,至少两人有参赛经历:0.50
19,72,93.235479,1.000000,True,1.000000,66.177397,至少两人有参赛经历:1.00
19,73,58.270131,0.500000,False,1.000000,66.350653,至少两人有参赛经历:0.50
19,74,56.874510,0.500000,False,1.000000,59.372551,至少两人有参赛经历:0.50
19,75,55.258945,0.500000,False,1.000000,51.294727,至少两人有参赛经历:0.50
19,76,95.239130,1.000000,True,1.000000,76.195652,至少两人有参赛经历:1.00
19,77,21.270808,0.000000,False,1.000000,56.354040,至少两人有参赛经历:0.00
19,78,93.015835,1.000000,True,1.000000,65.079177,至少两人有参赛经历:1.00
19,79,57.645363,0.500000,False,1.000000,63.226815,至少两人有参赛经历:0.50
19,80,93.553354,1.000000,True,1.000000,67.766771,至少两人有参赛经历:1.00
19,81,58.754898,0.500000,False,1.000000,68.774492,至少两人有参赛经历:0.50
19,82,21.721527,0.000000,False,1.000000,58.607634,至少两人有参赛经历:0.00
19,83,55.912500,0.500000,False,1.000000,54.562500,至少两人有参赛经历:0.50
19,84,89.913811,1.000000,True,1.000000,49.569054,至少两人有参赛经历:1.00
19,85,91.968220,1.000000,True,1.000000,59.841102,至少两人有参赛经历:1.00
19,86,57.782502,0.500000,False,1.000000,63.912512,至少两人有参赛经历:0.50
19,87,57.608070,0.500000,False,1.000000,63.040351,至少两人有参赛经历:0.50
19,88,55.257151,0.500000,False,1.000000,51.285757,至少两人有参赛经历:0.50
19,89,57.904122,0.500000,False,1.000000,64.520609,至少两人有参赛经历:0.50
19,90,91.272164,1.000000,True,1.000000,56.360820,至少两人有参赛经历:1.00
19,91,56.932151,0.500000,False,1.000000,59.660754,至少两人有参赛经历:0.50
19,92,93.033333,1.000000,True,1.000000,65.166667,至少两人有参赛经历:1.00
19,93,93.989452,1.000000,True,1.000000,69.947262,至少两人有参赛经历:1.00
19,94,94.815960,1.000000,True,1.000000,74.079798,至少两人有参赛经历:1.00
19,95,56.239017,0.500000,False,1.000000,56.195083,至少两人有参赛经历:0.50
19,96,92.944414,1.000000,True,1.000000,64.722072,至少两人有参赛经历:1.00
19,97,57.035185,0.500000,False,1.000000,60.175926,至少两人有参赛经历:0.50
19,98,57.579347,0.500000,False,1.000000,62.896737,至少两人有参赛经历:0.50
19,99,19.485556,0.000000,False,1.000000,47.427778,至少两人有参赛经历:0.00
19,100,92.969726,1.000000,True,1.000000,64.848631,至少两人有参赛经历:1.00
19,101,20.221859,0.000000,False,1.000000,51.109295,至少两人有参赛经历:0.00
19,102,59.139566,0.500000,False,1.000000,70.697829,至少两人有参赛经历:0.50
19,103,94.060341,1.000000,True,1.000000,70.301705,至少两人有参赛经历:1.00
19,104,57.847392,0.500000,False,1.000000,64.236959,至少两人有参赛经历:0.50
19,105,57.154902,0.500000,False,1.000000,60.774510,至少两人有参赛经历:0.50
19,106,95.436158,1.000000,True,1.000000,77.180791,至少两人有参赛经历:1.00
19,107,55.364809,0.500000,False,1.000000,51.824044,至少两人有参赛经历:0.50
19,108,93.536704,1.000000,True,1.000000,67.683520,至少两人有参赛经历:1.00
19,109,57.166215,0.500000,False,1.000000,60.831075,至少两人有参赛经历:0.50
19,110,21.773892,0.000000,False,1.000000,58.869458,至少两人有参赛经历:0.00
19,111,21.880796,0.000000,False,1.000000,59.403978,至少两人有参赛经历:0.00
19,112,95.515954,1.000000,True,1.000000,77.579772,至少两人有参赛经历:1.00
19,113,18.996239,0.000000,False,1.000000,44.981197,至少两人有参赛经历:0.00
19,114,21.476296,0.000000,False,1.000000,57.381481,至少两人有参赛经历:0.00
19,115,93.325523,1.000000,True,1.000000,66.627616,至少两人有参赛经历:1.00
19,116,92.327778,1.000000,True,1.000000,61.638889,至少两人有参赛经历:1.00
19,117,21.219008,0.000000,False,1.000000,56.095041,至少两人有参赛经历:0.00
19,118,58.646221,0.500000,False,1.000000,68.231103,至少两人有参赛经历:0.50
19,119,56.427451,0.500000,False,1.000000,57.137255,至少两人有参赛经历:0.50
19,120,56.055600,0.500000,False,1.000000,55.278000,至少两人有参赛经历:0.50
19,121,57.746024,0.500000,False,1.000000,63.730120,至少两人有参赛经历:0.50
19,122,57.884162,0.500000,False,1.000000,64.420812,至少两人有参赛经历:0.50
19,123,93.642499,1.000000,True,1.000000,68.212496,至少两人有参赛经历:1.00
19,124,20.672888,0.000000,False,1.000000,53.364441,至少两人有参赛经历:0.00
19,125,22.277385,0.000000,False,1.000000,61.386923,至少两人有参赛经历:0.00
19,126,56.139665,0.500000,False,1.000000,55.698327,至少两人有参赛经历:0.50
19,127,91.921701,1.000000,True,1.000000,59.608507,至少两人有参赛经历:1.00
19,128,91.846889,1.000000,True,1.000000,59.234443,至少两人有参赛经历:1.00
19,129,54.083057,0.500000,False,1.000000,45.415285,至少两人有参赛经历:0.50
19,130,94.823859,1.000000,True,1.000000,74.119297,至少两人有参赛经历:1.00
19,131,92.057675,1.000000,True,1.000000,60.288377,至少两人有参赛经历:1.00
19,132,93.472652,1.000000,True,1.000000,67.363260,至少两人有参赛经历:1.00
19,133,56.669499,0.500000,False,1.000000,58.347495,至少两人有参赛经历:0.50
19,134,57.111029,0.500000,False,1.000000,60.555147,至少两人有参赛经历:0.50
19,135,93.214976,1.000000,True,1.000000,66.074879,至少两人有参赛经历:1.00
19,136,21.152002,0.000000,False,1.000000,55.760009,至少两人有参赛经历:0.00
19,137,93.103588,1.000000,True,1.000000,65.517940,至少两人有参赛经历:1.00
19,138,95.525689,1.000000,True,1.000000,77.628444,至少两人有参赛经历:1.00
19,139,56.869091,0.500000,False,1.000000,59.345455,至少两人有参赛经历:0.50
19,140,56.278794,0.500000,False,1.000000,56.393970,至少两人有参赛经历:0.50
19,141,92.488055,1.000000,True,1.000000,62.440275,至少两人有参赛经历:1.00
19,142,19.926924,0.000000,False,1.000000,49.634622,至少两人有参赛经历:0.00
19,143,59.324667,0.500000,False,1.000000,71.623336,至少两人有参赛经历:0.50
19,144,55.629444,0.500000,False,1.000000,53.147222,至少两人有参赛经历:0.50
19,145,57.693539,0.500000,False,1.000000,63.467693,至少两人有参赛经历:0.50
19,146,56.275244,0.500000,False,1.000000,56.376220,至少两人有参赛经历:0.50
19,147,57.669824,0.500000,False,1.000000,63.349119,至少两人有参赛经历:0.50
19,148,22.679218,0.000000,False,1.000000,63.396090,至少两人有参赛经历:0.00
19,149,93.949108,1.000000,True,1.000000,69.745540,至少两人有参赛经历:1.00
19,150,19.988889,0.000000,False,1.000000,49.944444,至少两人有参赛经历:0.00
19,151,92.493333,1.000000,True,1.000000,62.466667,至少两人有参赛经历:1.00
19,152,56.219713,0.500000,False,1.000000,56.098563,至少两人有参赛经历:0.50
19,153,57.524799,0.500000,False,1.000000,62.623994,至少两人有参赛经历:0.50
19,154,19.816764,0.000000,False,1.000000,49.083821,至少两人有参赛经历:0.00
19,155,58.116129,0.500000,False,1.000000,65.580645,至少两人有参赛经历:0.50
19,156,57.494885,0.500000,False,1.000000,62.474425,至少两人有参赛经历:0.50
19,157,94.709300,1.000000,True,1.000000,73.546498,至少两人有参赛经历:1.00
19,158,57.319018,0.500000,False,1.000000,61.595090,至少两人有参赛经历:0.50
19,159,22.356461,0.000000,False,1.000000,61.782306,至少两人有参赛经历:0.00
19,160,57.135647,0.500000,False,1.000000,60.678237,至少两人有参赛经历:0.50
19,161,56.474979,0.500000,False,1.000000,57.374894,至少两人有参赛经历:0.50
19,162,56.791106,0.500000,False,1.000000,58.955530,至少两人有参赛经历:0.50
19,163,56.884491,0.500000,False,1.000000,59.422454,至少两人有参赛经历:0.50
19,164,54.905464,0.500000,False,1.000000,49.527320,至少两人有参赛经历:0.50
19,165,19.965278,0.000000,False,1.000000,49.826389,至少两人有参赛经历:0.00
19,166,54.699044,0.500000,False,1.000000,48.495219,至少两人有参赛经历:0.50
19,167,56.163073,0.500000,False,1.000000,55.815366,至少两人有参赛经历:0.50
19,168,91.504000,1.000000,True,1.000000,57.520000,至少两人有参赛经历:1.00
19,169,94.001140,1.000000,True,1.000000,70.005698,至少两人有参赛经历:1.00
19,170,56.683519,0.500000,False,1.000000,58.417595,至少两人有参赛经历:0.50
19,171,91.170261,1.000000,True,1.000000,55.851307,至少两人有参赛经历:1.00
19,172,93.941808,1.000000,True,1.000000,69.709040,至少两人有参赛经历:1.00
19,173,18.703292,0.000000,False,1.000000,43.516461,至少两人有参赛经历:0.00
19,174,94.592299,1.000000,True,1.000000,72.961497,至少两人有参赛经历:1.00
19,175,94.648791,1.000000,True,1.000000,73.243955,至少两人有参赛经历:1.00
35,1,46.655914,0.500000,False,0.000000,58.279570,三人专业不同:0.50
35,2,88.710512,1.000000,True,0.333333,76.885895,三人专业不同:1.00
35,3,11.714559,0.000000,False,0.000000,58.572797,三人专业不同:0.00
35,4,81.496705,1.000000,True,0.000000,57.483524,三人专业不同:1.00
35,5,86.298602,1.000000,True,0.333333,64.826344,三人专业不同:1.00
35,6,46.865679,0.500000,False,0.000000,59.328395,三人专业不同:0.50
35,7,81.390465,1.000000,True,0.000000,56.952327,三人专业不同:1.00
35,8,10.940741,0.000000,False,0.000000,54.703704,三人专业不同:0.00
35,9,83.206520,1.000000,True,0.000000,66.032600,三人专业不同:1.00
35,10,46.416667,0.500000,False,0.000000,57.083333,三人专业不同:0.50
35,11,84.088560,1.000000,True,0.000000,70.442798,三人专业不同:1.00
35,12,49.048043,0.500000,False,0.000000,70.240216,三人专业不同:0.50
35,13,84.348669,1.000000,True,0.333333,55.076676,三人专业不同:1.00
35,14,82.529190,1.000000,True,0.000000,62.645951,三人专业不同:1.00
35,15,87.993665,1.000000,True,0.333333,73.301659,三人专业不同:1.00
35,16,47.348000,0.500000,False,0.000000,61.740000,三人专业不同:0.50
35,17,85.035266,1.000000,True,0.333333,58.509662,三人专业不同:1.00
35,18,23.430707,0.000000,False,1.000000,67.153535,三人专业不同:0.00
35,19,11.453419,0.000000,False,0.000000,57.267094,三人专业不同:0.00
35,20,48.398175,0.500000,False,0.000000,66.990877,三人专业不同:0.50
35,21,42.486793,0.500000,False,0.000000,37.433964,三人专业不同:0.50
35,22,86.302595,1.000000,True,0.333333,64.846307,三人专业不同:1.00
35,23,47.366244,0.500000,False,0.000000,61.831220,三人专业不同:0.50
35,24,52.685049,0.500000,False,0.666667,55.091912,三人专业不同:0.50
35,25,46.188889,0.500000,False,0.000000,55.944444,三人专业不同:0.50
35,26,81.467439,1.000000,True,0.000000,57.337193,三人专业不同:1.00
35,27,44.510719,0.500000,False,0.000000,47.553595,三人专业不同:0.50
35,28,84.652508,1.000000,True,0.000000,73.262542,三人专业不同:1.00
35,29,79.854177,1.000000,True,0.000000,49.270885,三人专业不同:1.00
35,30,81.855983,1.000000,True,0.000000,59.279915,三人专业不同:1.00
35,31,52.942174,0.500000,False,0.666667,56.377536,三人专业不同:0.50
35,32,81.672172,1.000000,True,0.000000,58.360861,三人专业不同:1.00
35,33,85.343303,1.000000,True,0.333333,60.049851,三人专业不同:1.00
35,34,10.084477,0.000000,False,0.000000,50.422386,三人专业不同:0.00
35,35,45.930352,0.500000,False,0.000000,54.651762,三人专业不同:0.50
35,36,51.225014,0.500000,False,0.000000,81.125070,三人专业不同:0.50
35,37,49.779769,0.500000,False,0.000000,73.898846,三人专业不同:0.50
35,38,48.597862,0.500000,False,0.000000,67.989310,三人专业不同:0.50
35,39,80.901144,1.000000,True,0.000000,54.505722,三人专业不同:1.00
35,40,11.077066,0.000000,False,0.000000,55.385332,三人专业不同:0.00
35,41,81.400754,1.000000,True,0.000000,57.003771,三人专业不同:1.00
35,42,51.127843,0.500000,False,0.333333,63.972548,三人专业不同:0.50
35,43,46.781377,0.500000,False,0.000000,58.906887,三人专业不同:0.50
35,44,45.044527,0.500000,False,0.000000,50.222634,三人专业不同:0.50
35,45,85.104091,1.000000,True,0.333333,58.853789,三人专业不同:1.00
35,46,82.645829,1.000000,True,0.000000,63.229143,三人专业不同:1.00
35,47,45.364104,0.500000,False,0.000000,51.820518,三人专业不同:0.50
35,48,7.673946,0.000000,False,0.000000,38.369732,三人专业不同:0.00
35,49,8.478343,0.000000,False,0.000000,42.391714,三人专业不同:0.00
35,50,81.510372,1.000000,True,0.000000,57.551862,三人专业不同:1.00
35,51,45.673125,0.500000,False,0.000000,53.365623,三人专业不同:0.50
35,52,44.900878,0.500000,False,0.000000,49.504388,三人专业不同:0.50
35,53,11.925203,0.000000,False,0.000000,59.626016,三人专业不同:0.00
35,54,78.322137,1.000000,True,0.000000,41.610684,三人专业不同:1.00
35,55,80.402207,1.000000,True,0.000000,52.011036,三人专业不同:1.00
35,56,13.364236,0.000000,False,0.000000,66.821181,三人专业不同:0.00
35,57,20.097826,0.000000,False,1.000000,50.489130,三人专业不同:0.00
35,58,47.895211,0.500000,False,0.000000,64.476057,三人专业不同:0.50
35,59,47.556364,0.500000,False,0.000000,62.781822,三人专业不同:0.50
35,60,48.770180,0.500000,False,0.000000,68.850902,三人专业不同:0.50
35,61,86.906658,1.000000,True,0.333333,67.866626,三人专业不同:1.00
35,62,82.432999,1.000000,True,0.000000,62.164997,三人专业不同:1.00
35,63,84.067512,1.000000,True,0.000000,70.337558,三人专业不同:1.00
35,64,83.320773,1.000000,True,0.333333,49.937198,三人专业不同:1.00
35,65,10.716328,0.000000,False,0.000000,53.581640,三人专业不同:0.00
35,66,13.643148,0.000000,False,0.000000,68.215738,三人专业不同:0.00
35,67,54.907967,0.500000,False,0.666667,66.206500,三人专业不同:0.50
35,68,49.454998,0.500000,False,0.000000,72.274990,三人专业不同:0.50
35,69,53.989844,0.500000,False,0.666667,61.615885,三人专业不同:0.50
35,70,83.244029,1.000000,True,0.000000,66.220147,三人专业不同:1.00
35,71,81.644000,1.000000,True,0.000000,58.220000,三人专业不同:1.00
35,72,48.235479,0.500000,False,0.000000,66.177397,三人专业不同:0.50
35,73,51.603464,0.500000,False,0.333333,66.350653,三人专业不同:0.50
35,74,81.874510,1.000000,True,0.000000,59.372551,三人专业不同:1.00
35,75,45.258945,0.500000,False,0.000000,51.294727,三人专业不同:0.50
35,76,15.239130,0.000000,False,0.000000,76.195652,三人专业不同:0.00
35,77,46.270808,0.500000,False,0.000000,56.354040,三人专业不同:0.50
35,78,86.349169,1.000000,True,0.333333,65.079177,三人专业不同:1.00
35,79,47.645363,0.500000,False,0.000000,63.226815,三人专业不同:0.50
35,80,86.886688,1.000000,True,0.333333,67.766771,三人专业不同:1.00
35,81,83.754898,1.000000,True,0.000000,68.774492,三人专业不同:1.00
35,82,46.721527,0.500000,False,0.000000,58.607634,三人专业不同:0.50
35,83,45.912500,0.500000,False,0.000000,54.562500,三人专业不同:0.50
35,84,79.913811,1.000000,True,0.000000,49.569054,三人专业不同:1.00
35,85,46.968220,0.500000,False,0.000000,59.841102,三人专业不同:0.50
35,86,54.449169,0.500000,False,0.666667,63.912512,三人专业不同:0.50
35,87,85.941403,1.000000,True,0.333333,63.040351,三人专业不同:1.00
35,88,45.257151,0.500000,False,0.000000,51.285757,三人专业不同:0.50
35,89,51.237455,0.500000,False,0.333333,64.520609,三人专业不同:0.50
35,90,81.272164,1.000000,True,0.000000,56.360820,三人专业不同:1.00
35,91,11.932151,0.000000,False,0.000000,59.660754,三人专业不同:0.00
35,92,83.033333,1.000000,True,0.000000,65.166667,三人专业不同:1.00
35,93,87.322786,1.000000,True,0.333333,69.947262,三人专业不同:1.00
35,94,24.815960,0.000000,False,1.000000,74.079798,三人专业不同:0.00
35,95,84.572350,1.000000,True,0.333333,56.195083,三人专业不同:1.00
35,96,47.944414,0.500000,False,0.000000,64.722072,三人专业不同:0.50
35,97,47.035185,0.500000,False,0.000000,60.175926,三人专业不同:0.50
35,98,12.579347,0.000000,False,0.000000,62.896737,三人专业不同:0.00
35,99,44.485556,0.500000,False,0.000000,47.427778,三人专业不同:0.50
35,100,47.969726,0.500000,False,0.000000,64.848631,三人专业不同:0.50
35,101,80.221859,1.000000,True,0.000000,51.109295,三人专业不同:1.00
35,102,55.806232,0.500000,False,0.666667,70.697829,三人专业不同:0.50
35,103,49.060341,0.500000,False,0.000000,70.301705,三人专业不同:0.50
35,104,82.847392,1.000000,True,0.000000,64.236959,三人专业不同:1.00
35,105,12.154902,0.000000,False,0.000000,60.774510,三人专业不同:0.00
35,106,15.436158,0.000000,False,0.000000,77.180791,三人专业不同:0.00
35,107,80.364809,1.000000,True,0.000000,51.824044,三人专业不同:1.00
35,108,83.536704,1.000000,True,0.000000,67.683520,三人专业不同:1.00
35,109,47.166215,0.500000,False,0.000000,60.831075,三人专业不同:0.50
35,110,50.107225,0.500000,False,0.333333,58.869458,三人专业不同:0.50
35,111,11.880796,0.000000,False,0.000000,59.403978,三人专业不同:0.00
35,112,50.515954,0.500000,False,0.000000,77.579772,三人专业不同:0.50
35,113,50.662906,0.500000,False,0.666667,44.981197,三人专业不同:0.50
35,114,84.809630,1.000000,True,0.333333,57.381481,三人专业不同:1.00
35,115,86.658856,1.000000,True,0.333333,66.627616,三人专业不同:1.00
35,116,47.327778,0.500000,False,0.000000,61.638889,三人专业不同:0.50
35,117,84.552342,1.000000,True,0.333333,56.095041,三人专业不同:1.00
35,118,83.646221,1.000000,True,0.000000,68.231103,三人专业不同:1.00
35,119,81.427451,1.000000,True,0.000000,57.137255,三人专业不同:1.00
35,120,81.055600,1.000000,True,0.000000,55.278000,三人专业不同:1.00
35,121,82.746024,1.000000,True,0.000000,63.730120,三人专业不同:1.00
35,122,12.884162,0.000000,False,0.000000,64.420812,三人专业不同:0.00
35,123,51.975833,0.500000,False,0.333333,68.212496,三人专业不同:0.50
35,124,52.339555,0.500000,False,0.666667,53.364441,三人专业不同:0.50
35,125,53.944051,0.500000,False,0.666667,61.386923,三人专业不同:0.50
35,126,49.472999,0.500000,False,0.333333,55.698327,三人专业不同:0.50
35,127,46.921701,0.500000,False,0.000000,59.608507,三人专业不同:0.50
35,128,81.846889,1.000000,True,0.000000,59.234443,三人专业不同:1.00
35,129,44.083057,0.500000,False,0.000000,45.415285,三人专业不同:0.50
35,130,49.823859,0.500000,False,0.000000,74.119297,三人专业不同:0.50
35,131,82.057675,1.000000,True,0.000000,60.288377,三人专业不同:1.00
35,132,86.805985,1.000000,True,0.333333,67.363260,三人专业不同:1.00
35,133,46.669499,0.500000,False,0.000000,58.347495,三人专业不同:0.50
35,134,12.111029,0.000000,False,0.000000,60.555147,三人专业不同:0.00
35,135,13.214976,0.000000,False,0.000000,66.074879,三人专业不同:0.00
35,136,46.152002,0.500000,False,0.000000,55.760009,三人专业不同:0.50
35,137,48.103588,0.500000,False,0.000000,65.517940,三人专业不同:0.50
35,138,88.859022,1.000000,True,0.333333,77.628444,三人专业不同:1.00
35,139,85.202424,1.000000,True,0.333333,59.345455,三人专业不同:1.00
35,140,84.612127,1.000000,True,0.333333,56.393970,三人专业不同:1.00
35,141,82.488055,1.000000,True,0.000000,62.440275,三人专业不同:1.00
35,142,48.260258,0.500000,False,0.333333,49.634622,三人专业不同:0.50
35,143,49.324667,0.500000,False,0.000000,71.623336,三人专业不同:0.50
35,144,45.629444,0.500000,False,0.000000,53.147222,三人专业不同:0.50
35,145,86.026872,1.000000,True,0.333333,63.467693,三人专业不同:1.00
35,146,11.275244,0.000000,False,0.000000,56.376220,三人专业不同:0.00
35,147,86.003157,1.000000,True,0.333333,63.349119,三人专业不同:1.00
35,148,47.679218,0.500000,False,0.000000,63.396090,三人专业不同:0.50
35,149,48.949108,0.500000,False,0.000000,69.745540,三人专业不同:0.50
35,150,9.988889,0.000000,False,0.000000,49.944444,三人专业不同:0.00
35,151,47.493333,0.500000,False,0.000000,62.466667,三人专业不同:0.50
35,152,81.219713,1.000000,True,0.000000,56.098563,三人专业不同:1.00
35,153,82.524799,1.000000,True,0.000000,62.623994,三人专业不同:1.00
35,154,9.816764,0.000000,False,0.000000,49.083821,三人专业不同:0.00
35,155,23.116129,0.000000,False,1.000000,65.580645,三人专业不同:0.00
35,156,82.494885,1.000000,True,0.000000,62.474425,三人专业不同:1.00
35,157,84.709300,1.000000,True,0.000000,73.546498,三人专业不同:1.00
35,158,47.319018,0.500000,False,0.000000,61.595090,三人专业不同:0.50
35,159,82.356461,1.000000,True,0.000000,61.782306,三人专业不同:1.00
35,160,47.135647,0.500000,False,0.000000,60.678237,三人专业不同:0.50
35,161,46.474979,0.500000,False,0.000000,57.374894,三人专业不同:0.50
35,162,46.791106,0.500000,False,0.000000,58.955530,三人专业不同:0.50
35,163,81.884491,1.000000,True,0.000000,59.422454,三人专业不同:1.00
35,164,44.905464,0.500000,False,0.000000,49.527320,三人专业不同:0.50
35,165,44.965278,0.500000,False,0.000000,49.826389,三人专业不同:0.50
35,166,9.699044,0.000000,False,0.000000,48.495219,三人专业不同:0.00
35,167,84.496406,1.000000,True,0.333333,55.815366,三人专业不同:1.00
35,168,81.504000,1.000000,True,0.000000,57.520000,三人专业不同:1.00
35,169,84.001140,1.000000,True,0.000000,70.005698,三人专业不同:1.00
35,170,46.683519,0.500000,False,0.000000,58.417595,三人专业不同:0.50
35,171,81.170261,1.000000,True,0.000000,55.851307,三人专业不同:1.00
35,172,83.941808,1.000000,True,0.000000,69.709040,三人专业不同:1.00
35,173,78.703292,1.000000,True,0.000000,43.516461,三人专业不同:1.00
35,174,84.592299,1.000000,True,0.000000,72.961497,三人专业不同:1.00
35,175,84.648791,1.000000,True,0.000000,73.243955,三人专业不同:1.00
11,1,91.655914,1.000000,True,1.000000,58.279570,至少一人排名前20%:1.00；至少一人为二年级以上:1.00
11,2,95.377179,1.000000,True,1.000000,76.885895,至少一人排名前20%:1.00；至少一人为二年级以上:1.00
11,3,56.714559,0.500000,False,1.000000,58.572797,至少一人排名前20%:0.00；至少一人为二年级以上:1.00
11,4,56.496705,0.500000,False,1.000000,57.483524,至少一人排名前20%:0.00；至少一人为二年级以上:1.00
11,5,92.965269,1.000000,True,1.000000,64.826344,至少一人排名前20%:1.00；至少一人为二年级以上:1.00
11,6,91.865679,1.000000,True,1.000000,59.328395,至少一人排名前20%:1.00；至少一人为二年级以上:1.00
11,7,91.390465,1.000000,True,1.000000,56.952327,至少一人排名前20%:1.00；至少一人为二年级以上:1.00
11,8,90.940741,1.000000,True,1.000000,54.703704,至少一人排名前20%:1.00；至少一人为二年级以上:1.00
11,9,93.206520,1.000000,True,1.000000,66.032600,至少一人排名前20%:1.00；至少一人为二年级以上:1.00
11,10,91.416667,1.000000,True,1.000000,57.083333,至少一人排名前20%:1.00；至少一人为二年级以上:1.00
11,11,94.088560,1.000000,True,1.000000,70.442798,至少一人排名前20%:1.00；至少一人为二年级以上:1.00
11,12,94.048043,1.000000,True,1.000000,70.240216,至少一人排名前20%:1.00；至少一人为二年级以上:1.00
11,13,91.015335,1.000000,True,1.000000,55.076676,至少一人排名前20%:1.00；至少一人为二年级以上:1.00
11,14,92.529190,1.000000,True,1.000000,62.645951,至少一人排名前20%:1.00；至少一人为二年级以上:1.00
11,15,94.660332,1.000000,True,1.000000,73.301659,至少一人排名前20%:1.00；至少一人为二年级以上:1.00
11,16,57.348000,0.500000,False,1.000000,61.740000,至少一人排名前20%:0.00；至少一人为二年级以上:1.00
11,17,91.701932,1.000000,True,1.000000,58.509662,至少一人排名前20%:1.00；至少一人为二年级以上:1.00
11,18,93.430707,1.000000,True,1.000000,67.153535,至少一人排名前20%:1.00；至少一人为二年级以上:1.00
11,19,91.453419,1.000000,True,1.000000,57.267094,至少一人排名前20%:1.00；至少一人为二年级以上:1.00
11,20,93.398175,1.000000,True,1.000000,66.990877,至少一人排名前20%:1.00；至少一人为二年级以上:1.00
11,21,52.486793,0.500000,False,1.000000,37.433964,至少一人排名前20%:0.00；至少一人为二年级以上:1.00
11,22,92.969261,1.000000,True,1.000000,64.846307,至少一人排名前20%:1.00；至少一人为二年级以上:1.00
11,23,92.366244,1.000000,True,1.000000,61.831220,至少一人排名前20%:1.00；至少一人为二年级以上:1.00
11,24,91.018382,1.000000,True,1.000000,55.091912,至少一人排名前20%:1.00；至少一人为二年级以上:1.00
11,25,91.188889,1.000000,True,1.000000,55.944444,至少一人排名前20%:1.00；至少一人为二年级以上:1.00
11,26,91.467439,1.000000,True,1.000000,57.337193,至少一人排名前20%:1.00；至少一人为二年级以上:1.00
11,27,89.510719,1.000000,True,1.000000,47.553595,至少一人排名前20%:1.00；至少一人为二年级以上:1.00
11,28,94.652508,1.000000,True,1.000000,73.262542,至少一人排名前20%:1.00；至少一人为二年级以上:1.00
11,29,89.854177,1.000000,True,1.000000,49.270885,至少一人排名前20%:1.00；至少一人为二年级以上:1.00
11,30,91.855983,1.000000,True,1.000000,59.279915,至少一人排名前20%:1.00；至少一人为二年级以上:1.00
11,31,91.275507,1.000000,True,1.000000,56.377536,至少一人排名前20%:1.00；至少一人为二年级以上:1.00
11,32,91.672172,1.000000,True,1.000000,58.360861,至少一人排名前20%:1.00；至少一人为二年级以上:1.00
11,33,92.009970,1.000000,True,1.000000,60.049851,至少一人排名前20%:1.00；至少一人为二年级以上:1.00
11,34,55.084477,0.500000,False,1.000000,50.422386,至少一人排名前20%:0.00；至少一人为二年级以上:1.00
11,35,90.930352,1.000000,True,1.000000,54.651762,至少一人排名前20%:1.00；至少一人为二年级以上:1.00
11,36,96.225014,1.000000,True,1.000000,81.125070,至少一人排名前20%:1.00；至少一人为二年级以上:1.00
11,37,94.779769,1.000000,True,1.000000,73.898846,至少一人排名前20%:1.00；至少一人为二年级以上:1.00
11,38,93.597862,1.000000,True,1.000000,67.989310,至少一人排名前20%:1.00；至少一人为二年级以上:1.00
11,39,55.901144,0.500000,False,1.000000,54.505722,至少一人排名前20%:0.00；至少一人为二年级以上:1.00
11,40,56.077066,0.500000,False,1.000000,55.385332,至少一人排名前20%:0.00；至少一人为二年级以上:1.00
11,41,56.400754,0.500000,False,1.000000,57.003771,至少一人排名前20%:0.00；至少一人为二年级以上:1.00
11,42,92.794510,1.000000,True,1.000000,63.972548,至少一人排名前20%:1.00；至少一人为二年级以上:1.00
11,43,91.781377,1.000000,True,1.000000,58.906887,至少一人排名前20%:1.00；至少一人为二年级以上:1.00
11,44,55.044527,0.500000,False,1.000000,50.222634,至少一人排名前20%:0.00；至少一人为二年级以上:1.00
11,45,91.770758,1.000000,True,1.000000,58.853789,至少一人排名前20%:1.00；至少一人为二年级以上:1.00
11,46,92.645829,1.000000,True,1.000000,63.229143,至少一人排名前20%:1.00；至少一人为二年级以上:1.00
11,47,90.364104,1.000000,True,1.000000,51.820518,至少一人排名前20%:1.00；至少一人为二年级以上:1.00
11,48,52.673946,0.500000,False,1.000000,38.369732,至少一人排名前20%:0.00；至少一人为二年级以上:1.00
11,49,53.478343,0.500000,False,1.000000,42.391714,至少一人排名前20%:0.00；至少一人为二年级以上:1.00
11,50,91.510372,1.000000,True,1.000000,57.551862,至少一人排名前20%:1.00；至少一人为二年级以上:1.00
11,51,55.673125,0.500000,False,1.000000,53.365623,至少一人排名前20%:1.00；至少一人为二年级以上:0.00
11,52,54.900878,0.500000,False,1.000000,49.504388,至少一人排名前20%:0.00；至少一人为二年级以上:1.00
11,53,91.925203,1.000000,True,1.000000,59.626016,至少一人排名前20%:1.00；至少一人为二年级以上:1.00
11,54,88.322137,1.000000,True,1.000000,41.610684,至少一人排名前20%:1.00；至少一人为二年级以上:1.00
11,55,90.402207,1.000000,True,1.000000,52.011036,至少一人排名前20%:1.00；至少一人为二年级以上:1.00
11,56,93.364236,1.000000,True,1.000000,66.821181,至少一人排名前20%:1.00；至少一人为二年级以上:1.00
11,57,90.097826,1.000000,True,1.000000,50.489130,至少一人排名前20%:1.00；至少一人为二年级以上:1.00
11,58,92.895211,1.000000,True,1.000000,64.476057,至少一人排名前20%:1.00；至少一人为二年级以上:1.00
11,59,92.556364,1.000000,True,1.000000,62.781822,至少一人排名前20%:1.00；至少一人为二年级以上:1.00
11,60,93.770180,1.000000,True,1.000000,68.850902,至少一人排名前20%:1.00；至少一人为二年级以上:1.00
11,61,93.573325,1.000000,True,1.000000,67.866626,至少一人排名前20%:1.00；至少一人为二年级以上:1.00
11,62,92.432999,1.000000,True,1.000000,62.164997,至少一人排名前20%:1.00；至少一人为二年级以上:1.00
11,63,94.067512,1.000000,True,1.000000,70.337558,至少一人排名前20%:1.00；至少一人为二年级以上:1.00
11,64,89.987440,1.000000,True,1.000000,49.937198,至少一人排名前20%:1.00；至少一人为二年级以上:1.00
11,65,90.716328,1.000000,True,1.000000,53.581640,至少一人排名前20%:1.00；至少一人为二年级以上:1.00
11,66,93.643148,1.000000,True,1.000000,68.215738,至少一人排名前20%:1.00；至少一人为二年级以上:1.00
11,67,93.241300,1.000000,True,1.000000,66.206500,至少一人排名前20%:1.00；至少一人为二年级以上:1.00
11,68,94.454998,1.000000,True,1.000000,72.274990,至少一人排名前20%:1.00；至少一人为二年级以上:1.00
11,69,92.323177,1.000000,True,1.000000,61.615885,至少一人排名前20%:1.00；至少一人为二年级以上:1.00
11,70,93.244029,1.000000,True,1.000000,66.220147,至少一人排名前20%:1.00；至少一人为二年级以上:1.00
11,71,91.644000,1.000000,True,1.000000,58.220000,至少一人排名前20%:1.00；至少一人为二年级以上:1.00
11,72,93.235479,1.000000,True,1.000000,66.177397,至少一人排名前20%:1.00；至少一人为二年级以上:1.00
11,73,93.270131,1.000000,True,1.000000,66.350653,至少一人排名前20%:1.00；至少一人为二年级以上:1.00
11,74,91.874510,1.000000,True,1.000000,59.372551,至少一人排名前20%:1.00；至少一人为二年级以上:1.00
11,75,55.258945,0.500000,False,1.000000,51.294727,至少一人排名前20%:0.00；至少一人为二年级以上:1.00
11,76,95.239130,1.000000,True,1.000000,76.195652,至少一人排名前20%:1.00；至少一人为二年级以上:1.00
11,77,91.270808,1.000000,True,1.000000,56.354040,至少一人排名前20%:1.00；至少一人为二年级以上:1.00
11,78,93.015835,1.000000,True,1.000000,65.079177,至少一人排名前20%:1.00；至少一人为二年级以上:1.00
11,79,92.645363,1.000000,True,1.000000,63.226815,至少一人排名前20%:1.00；至少一人为二年级以上:1.00
11,80,93.553354,1.000000,True,1.000000,67.766771,至少一人排名前20%:1.00；至少一人为二年级以上:1.00
11,81,93.754898,1.000000,True,1.000000,68.774492,至少一人排名前20%:1.00；至少一人为二年级以上:1.00
11,82,91.721527,1.000000,True,1.000000,58.607634,至少一人排名前20%:1.00；至少一人为二年级以上:1.00
11,83,90.912500,1.000000,True,1.000000,54.562500,至少一人排名前20%:1.00；至少一人为二年级以上:1.00
11,84,54.913811,0.500000,False,1.000000,49.569054,至少一人排名前20%:0.00；至少一人为二年级以上:1.00
11,85,91.968220,1.000000,True,1.000000,59.841102,至少一人排名前20%:1.00；至少一人为二年级以上:1.00
11,86,92.782502,1.000000,True,1.000000,63.912512,至少一人排名前20%:1.00；至少一人为二年级以上:1.00
11,87,92.608070,1.000000,True,1.000000,63.040351,至少一人排名前20%:1.00；至少一人为二年级以上:1.00
11,88,90.257151,1.000000,True,1.000000,51.285757,至少一人排名前20%:1.00；至少一人为二年级以上:1.00
11,89,92.904122,1.000000,True,1.000000,64.520609,至少一人排名前20%:1.00；至少一人为二年级以上:1.00
11,90,91.272164,1.000000,True,1.000000,56.360820,至少一人排名前20%:1.00；至少一人为二年级以上:1.00
11,91,91.932151,1.000000,True,1.000000,59.660754,至少一人排名前20%:1.00；至少一人为二年级以上:1.00
11,92,93.033333,1.000000,True,1.000000,65.166667,至少一人排名前20%:1.00；至少一人为二年级以上:1.00
11,93,93.989452,1.000000,True,1.000000,69.947262,至少一人排名前20%:1.00；至少一人为二年级以上:1.00
11,94,94.815960,1.000000,True,1.000000,74.079798,至少一人排名前20%:1.00；至少一人为二年级以上:1.00
11,95,91.239017,1.000000,True,1.000000,56.195083,至少一人排名前20%:1.00；至少一人为二年级以上:1.00
11,96,92.944414,1.000000,True,1.000000,64.722072,至少一人排名前20%:1.00；至少一人为二年级以上:1.00
11,97,92.035185,1.000000,True,1.000000,60.175926,至少一人排名前20%:1.00；至少一人为二年级以上:1.00
11,98,92.579347,1.000000,True,1.000000,62.896737,至少一人排名前20%:1.00；至少一人为二年级以上:1.00
11,99,89.485556,1.000000,True,1.000000,47.427778,至少一人排名前20%:1.00；至少一人为二年级以上:1.00
11,100,92.969726,1.000000,True,1.000000,64.848631,至少一人排名前20%:1.00；至少一人为二年级以上:1.00
11,101,90.221859,1.000000,True,1.000000,51.109295,至少一人排名前20%:1.00；至少一人为二年级以上:1.00
11,102,94.139566,1.000000,True,1.000000,70.697829,至少一人排名前20%:1.00；至少一人为二年级以上:1.00
11,103,94.060341,1.000000,True,1.000000,70.301705,至少一人排名前20%:1.00；至少一人为二年级以上:1.00
11,104,92.847392,1.000000,True,1.000000,64.236959,至少一人排名前20%:1.00；至少一人为二年级以上:1.00
11,105,92.154902,1.000000,True,1.000000,60.774510,至少一人排名前20%:1.00；至少一人为二年级以上:1.00
11,106,95.436158,1.000000,True,1.000000,77.180791,至少一人排名前20%:1.00；至少一人为二年级以上:1.00
11,107,90.364809,1.000000,True,1.000000,51.824044,至少一人排名前20%:1.00；至少一人为二年级以上:1.00
11,108,93.536704,1.000000,True,1.000000,67.683520,至少一人排名前20%:1.00；至少一人为二年级以上:1.00
11,109,92.166215,1.000000,True,1.000000,60.831075,至少一人排名前20%:1.00；至少一人为二年级以上:1.00
11,110,91.773892,1.000000,True,1.000000,58.869458,至少一人排名前20%:1.00；至少一人为二年级以上:1.00
11,111,91.880796,1.000000,True,1.000000,59.403978,至少一人排名前20%:1.00；至少一人为二年级以上:1.00
11,112,95.515954,1.000000,True,1.000000,77.579772,至少一人排名前20%:1.00；至少一人为二年级以上:1.00
11,113,53.996239,0.500000,False,1.000000,44.981197,至少一人排名前20%:0.00；至少一人为二年级以上:1.00
11,114,91.476296,1.000000,True,1.000000,57.381481,至少一人排名前20%:1.00；至少一人为二年级以上:1.00
11,115,93.325523,1.000000,True,1.000000,66.627616,至少一人排名前20%:1.00；至少一人为二年级以上:1.00
11,116,92.327778,1.000000,True,1.000000,61.638889,至少一人排名前20%:1.00；至少一人为二年级以上:1.00
11,117,91.219008,1.000000,True,1.000000,56.095041,至少一人排名前20%:1.00；至少一人为二年级以上:1.00
11,118,58.646221,0.500000,False,1.000000,68.231103,至少一人排名前20%:0.00；至少一人为二年级以上:1.00
11,119,91.427451,1.000000,True,1.000000,57.137255,至少一人排名前20%:1.00；至少一人为二年级以上:1.00
11,120,56.055600,0.500000,False,1.000000,55.278000,至少一人排名前20%:0.00；至少一人为二年级以上:1.00
11,121,92.746024,1.000000,True,1.000000,63.730120,至少一人排名前20%:1.00；至少一人为二年级以上:1.00
11,122,92.884162,1.000000,True,1.000000,64.420812,至少一人排名前20%:1.00；至少一人为二年级以上:1.00
11,123,58.642499,0.500000,False,1.000000,68.212496,至少一人排名前20%:0.00；至少一人为二年级以上:1.00
11,124,90.672888,1.000000,True,1.000000,53.364441,至少一人排名前20%:1.00；至少一人为二年级以上:1.00
11,125,92.277385,1.000000,True,1.000000,61.386923,至少一人排名前20%:1.00；至少一人为二年级以上:1.00
11,126,91.139665,1.000000,True,1.000000,55.698327,至少一人排名前20%:1.00；至少一人为二年级以上:1.00
11,127,56.921701,0.500000,False,1.000000,59.608507,至少一人排名前20%:0.00；至少一人为二年级以上:1.00
11,128,91.846889,1.000000,True,1.000000,59.234443,至少一人排名前20%:1.00；至少一人为二年级以上:1.00
11,129,89.083057,1.000000,True,1.000000,45.415285,至少一人排名前20%:1.00；至少一人为二年级以上:1.00
11,130,94.823859,1.000000,True,1.000000,74.119297,至少一人排名前20%:1.00；至少一人为二年级以上:1.00
11,131,92.057675,1.000000,True,1.000000,60.288377,至少一人排名前20%:1.00；至少一人为二年级以上:1.00
11,132,93.472652,1.000000,True,1.000000,67.363260,至少一人排名前20%:1.00；至少一人为二年级以上:1.00
11,133,56.669499,0.500000,False,1.000000,58.347495,至少一人排名前20%:0.00；至少一人为二年级以上:1.00
11,134,92.111029,1.000000,True,1.000000,60.555147,至少一人排名前20%:1.00；至少一人为二年级以上:1.00
11,135,93.214976,1.000000,True,1.000000,66.074879,至少一人排名前20%:1.00；至少一人为二年级以上:1.00
11,136,91.152002,1.000000,True,1.000000,55.760009,至少一人排名前20%:1.00；至少一人为二年级以上:1.00
11,137,93.103588,1.000000,True,1.000000,65.517940,至少一人排名前20%:1.00；至少一人为二年级以上:1.00
11,138,95.525689,1.000000,True,1.000000,77.628444,至少一人排名前20%:1.00；至少一人为二年级以上:1.00
11,139,91.869091,1.000000,True,1.000000,59.345455,至少一人排名前20%:1.00；至少一人为二年级以上:1.00
11,140,91.278794,1.000000,True,1.000000,56.393970,至少一人排名前20%:1.00；至少一人为二年级以上:1.00
11,141,57.488055,0.500000,False,1.000000,62.440275,至少一人排名前20%:0.00；至少一人为二年级以上:1.00
11,142,89.926924,1.000000,True,1.000000,49.634622,至少一人排名前20%:1.00；至少一人为二年级以上:1.00
11,143,94.324667,1.000000,True,1.000000,71.623336,至少一人排名前20%:1.00；至少一人为二年级以上:1.00
11,144,90.629444,1.000000,True,1.000000,53.147222,至少一人排名前20%:1.00；至少一人为二年级以上:1.00
11,145,92.693539,1.000000,True,1.000000,63.467693,至少一人排名前20%:1.00；至少一人为二年级以上:1.00
11,146,91.275244,1.000000,True,1.000000,56.376220,至少一人排名前20%:1.00；至少一人为二年级以上:1.00
11,147,92.669824,1.000000,True,1.000000,63.349119,至少一人排名前20%:1.00；至少一人为二年级以上:1.00
11,148,92.679218,1.000000,True,1.000000,63.396090,至少一人排名前20%:1.00；至少一人为二年级以上:1.00
11,149,93.949108,1.000000,True,1.000000,69.745540,至少一人排名前20%:1.00；至少一人为二年级以上:1.00
11,150,54.988889,0.500000,False,1.000000,49.944444,至少一人排名前20%:1.00；至少一人为二年级以上:0.00
11,151,92.493333,1.000000,True,1.000000,62.466667,至少一人排名前20%:1.00；至少一人为二年级以上:1.00
11,152,91.219713,1.000000,True,1.000000,56.098563,至少一人排名前20%:1.00；至少一人为二年级以上:1.00
11,153,92.524799,1.000000,True,1.000000,62.623994,至少一人排名前20%:1.00；至少一人为二年级以上:1.00
11,154,89.816764,1.000000,True,1.000000,49.083821,至少一人排名前20%:1.00；至少一人为二年级以上:1.00
11,155,93.116129,1.000000,True,1.000000,65.580645,至少一人排名前20%:1.00；至少一人为二年级以上:1.00
11,156,92.494885,1.000000,True,1.000000,62.474425,至少一人排名前20%:1.00；至少一人为二年级以上:1.00
11,157,94.709300,1.000000,True,1.000000,73.546498,至少一人排名前20%:1.00；至少一人为二年级以上:1.00
11,158,92.319018,1.000000,True,1.000000,61.595090,至少一人排名前20%:1.00；至少一人为二年级以上:1.00
11,159,92.356461,1.000000,True,1.000000,61.782306,至少一人排名前20%:1.00；至少一人为二年级以上:1.00
11,160,92.135647,1.000000,True,1.000000,60.678237,至少一人排名前20%:1.00；至少一人为二年级以上:1.00
11,161,91.474979,1.000000,True,1.000000,57.374894,至少一人排名前20%:1.00；至少一人为二年级以上:1.00
11,162,91.791106,1.000000,True,1.000000,58.955530,至少一人排名前20%:1.00；至少一人为二年级以上:1.00
11,163,91.884491,1.000000,True,1.000000,59.422454,至少一人排名前20%:1.00；至少一人为二年级以上:1.00
11,164,89.905464,1.000000,True,1.000000,49.527320,至少一人排名前20%:1.00；至少一人为二年级以上:1.00
11,165,89.965278,1.000000,True,1.000000,49.826389,至少一人排名前20%:1.00；至少一人为二年级以上:1.00
11,166,54.699044,0.500000,False,1.000000,48.495219,至少一人排名前20%:0.00；至少一人为二年级以上:1.00
11,167,91.163073,1.000000,True,1.000000,55.815366,至少一人排名前20%:1.00；至少一人为二年级以上:1.00
11,168,56.504000,0.500000,False,1.000000,57.520000,至少一人排名前20%:0.00；至少一人为二年级以上:1.00
11,169,94.001140,1.000000,True,1.000000,70.005698,至少一人排名前20%:1.00；至少一人为二年级以上:1.00
11,170,91.683519,1.000000,True,1.000000,58.417595,至少一人排名前20%:1.00；至少一人为二年级以上:1.00
11,171,91.170261,1.000000,True,1.000000,55.851307,至少一人排名前20%:1.00；至少一人为二年级以上:1.00
11,172,93.941808,1.000000,True,1.000000,69.709040,至少一人排名前20%:1.00；至少一人为二年级以上:1.00
11,173,53.703292,0.500000,False,1.000000,43.516461,至少一人排名前20%:1.00；至少一人为二年级以上:0.00
11,174,94.592299,1.000000,True,1.000000,72.961497,至少一人排名前20%:1.00；至少一人为二年级以上:1.00
11,175,94.648791,1.000000,True,1.000000,73.243955,至少一人排名前20%:1.00；至少一人为二年级以上:1.00
14,1,91.655914,1.000000,True,1.000000,58.279570,至少一人为二年级以上:1.00；专业不全相同:1.00
14,2,95.377179,1.000000,True,1.000000,76.885895,至少一人为二年级以上:1.00；专业不全相同:1.00
14,3,56.714559,0.500000,False,1.000000,58.572797,至少一人为二年级以上:1.00；专业不全相同:0.00
14,4,91.496705,1.000000,True,1.000000,57.483524,至少一人为二年级以上:1.00；专业不全相同:1.00
14,5,92.965269,1.000000,True,1.000000,64.826344,至少一人为二年级以上:1.00；专业不全相同:1.00
14,6,91.865679,1.000000,True,1.000000,59.328395,至少一人为二年级以上:1.00；专业不全相同:1.00
14,7,91.390465,1.000000,True,1.000000,56.952327,至少一人为二年级以上:1.00；专业不全相同:1.00
14,8,55.940741,0.500000,False,1.000000,54.703704,至少一人为二年级以上:1.00；专业不全相同:0.00
14,9,93.206520,1.000000,True,1.000000,66.032600,至少一人为二年级以上:1.00；专业不全相同:1.00
14,10,91.416667,1.000000,True,1.000000,57.083333,至少一人为二年级以上:1.00；专业不全相同:1.00
14,11,94.088560,1.000000,True,1.000000,70.442798,至少一人为二年级以上:1.00；专业不全相同:1.00
14,12,94.048043,1.000000,True,1.000000,70.240216,至少一人为二年级以上:1.00；专业不全相同:1.00
14,13,91.015335,1.000000,True,1.000000,55.076676,至少一人为二年级以上:1.00；专业不全相同:1.00
14,14,92.529190,1.000000,True,1.000000,62.645951,至少一人为二年级以上:1.00；专业不全相同:1.00
14,15,94.660332,1.000000,True,1.000000,73.301659,至少一人为二年级以上:1.00；专业不全相同:1.00
14,16,92.348000,1.000000,True,1.000000,61.740000,至少一人为二年级以上:1.00；专业不全相同:1.00
14,17,91.701932,1.000000,True,1.000000,58.509662,至少一人为二年级以上:1.00；专业不全相同:1.00
14,18,58.430707,0.500000,False,1.000000,67.153535,至少一人为二年级以上:1.00；专业不全相同:0.00
14,19,56.453419,0.500000,False,1.000000,57.267094,至少一人为二年级以上:1.00；专业不全相同:0.00
14,20,93.398175,1.000000,True,1.000000,66.990877,至少一人为二年级以上:1.00；专业不全相同:1.00
14,21,87.486793,1.000000,True,1.000000,37.433964,至少一人为二年级以上:1.00；专业不全相同:1.00
14,22,92.969261,1.000000,True,1.000000,64.846307,至少一人为二年级以上:1.00；专业不全相同:1.00
14,23,92.366244,1.000000,True,1.000000,61.831220,至少一人为二年级以上:1.00；专业不全相同:1.00
14,24,91.018382,1.000000,True,1.000000,55.091912,至少一人为二年级以上:1.00；专业不全相同:1.00
14,25,91.188889,1.000000,True,1.000000,55.944444,至少一人为二年级以上:1.00；专业不全相同:1.00
14,26,91.467439,1.000000,True,1.000000,57.337193,至少一人为二年级以上:1.00；专业不全相同:1.00
14,27,89.510719,1.000000,True,1.000000,47.553595,至少一人为二年级以上:1.00；专业不全相同:1.00
14,28,94.652508,1.000000,True,1.000000,73.262542,至少一人为二年级以上:1.00；专业不全相同:1.00
14,29,89.854177,1.000000,True,1.000000,49.270885,至少一人为二年级以上:1.00；专业不全相同:1.00
14,30,91.855983,1.000000,True,1.000000,59.279915,至少一人为二年级以上:1.00；专业不全相同:1.00
14,31,91.275507,1.000000,True,1.000000,56.377536,至少一人为二年级以上:1.00；专业不全相同:1.00
14,32,91.672172,1.000000,True,1.000000,58.360861,至少一人为二年级以上:1.00；专业不全相同:1.00
14,33,92.009970,1.000000,True,1.000000,60.049851,至少一人为二年级以上:1.00；专业不全相同:1.00
14,34,55.084477,0.500000,False,1.000000,50.422386,至少一人为二年级以上:1.00；专业不全相同:0.00
14,35,90.930352,1.000000,True,1.000000,54.651762,至少一人为二年级以上:1.00；专业不全相同:1.00
14,36,96.225014,1.000000,True,1.000000,81.125070,至少一人为二年级以上:1.00；专业不全相同:1.00
14,37,94.779769,1.000000,True,1.000000,73.898846,至少一人为二年级以上:1.00；专业不全相同:1.00
14,38,93.597862,1.000000,True,1.000000,67.989310,至少一人为二年级以上:1.00；专业不全相同:1.00
14,39,90.901144,1.000000,True,1.000000,54.505722,至少一人为二年级以上:1.00；专业不全相同:1.00
14,40,56.077066,0.500000,False,1.000000,55.385332,至少一人为二年级以上:1.00；专业不全相同:0.00
14,41,91.400754,1.000000,True,1.000000,57.003771,至少一人为二年级以上:1.00；专业不全相同:1.00
14,42,92.794510,1.000000,True,1.000000,63.972548,至少一人为二年级以上:1.00；专业不全相同:1.00
14,43,91.781377,1.000000,True,1.000000,58.906887,至少一人为二年级以上:1.00；专业不全相同:1.00
14,44,90.044527,1.000000,True,1.000000,50.222634,至少一人为二年级以上:1.00；专业不全相同:1.00
14,45,91.770758,1.000000,True,1.000000,58.853789,至少一人为二年级以上:1.00；专业不全相同:1.00
14,46,92.645829,1.000000,True,1.000000,63.229143,至少一人为二年级以上:1.00；专业不全相同:1.00
14,47,90.364104,1.000000,True,1.000000,51.820518,至少一人为二年级以上:1.00；专业不全相同:1.00
14,48,52.673946,0.500000,False,1.000000,38.369732,至少一人为二年级以上:1.00；专业不全相同:0.00
14,49,53.478343,0.500000,False,1.000000,42.391714,至少一人为二年级以上:1.00；专业不全相同:0.00
14,50,91.510372,1.000000,True,1.000000,57.551862,至少一人为二年级以上:1.00；专业不全相同:1.00
14,51,55.673125,0.500000,False,1.000000,53.365623,至少一人为二年级以上:0.00；专业不全相同:1.00
14,52,89.900878,1.000000,True,1.000000,49.504388,至少一人为二年级以上:1.00；专业不全相同:1.00
14,53,56.925203,0.500000,False,1.000000,59.626016,至少一人为二年级以上:1.00；专业不全相同:0.00
14,54,88.322137,1.000000,True,1.000000,41.610684,至少一人为二年级以上:1.00；专业不全相同:1.00
14,55,90.402207,1.000000,True,1.000000,52.011036,至少一人为二年级以上:1.00；专业不全相同:1.00
14,56,58.364236,0.500000,False,1.000000,66.821181,至少一人为二年级以上:1.00；专业不全相同:0.00
14,57,55.097826,0.500000,False,1.000000,50.489130,至少一人为二年级以上:1.00；专业不全相同:0.00
14,58,92.895211,1.000000,True,1.000000,64.476057,至少一人为二年级以上:1.00；专业不全相同:1.00
14,59,92.556364,1.000000,True,1.000000,62.781822,至少一人为二年级以上:1.00；专业不全相同:1.00
14,60,93.770180,1.000000,True,1.000000,68.850902,至少一人为二年级以上:1.00；专业不全相同:1.00
14,61,93.573325,1.000000,True,1.000000,67.866626,至少一人为二年级以上:1.00；专业不全相同:1.00
14,62,92.432999,1.000000,True,1.000000,62.164997,至少一人为二年级以上:1.00；专业不全相同:1.00
14,63,94.067512,1.000000,True,1.000000,70.337558,至少一人为二年级以上:1.00；专业不全相同:1.00
14,64,89.987440,1.000000,True,1.000000,49.937198,至少一人为二年级以上:1.00；专业不全相同:1.00
14,65,55.716328,0.500000,False,1.000000,53.581640,至少一人为二年级以上:1.00；专业不全相同:0.00
14,66,58.643148,0.500000,False,1.000000,68.215738,至少一人为二年级以上:1.00；专业不全相同:0.00
14,67,93.241300,1.000000,True,1.000000,66.206500,至少一人为二年级以上:1.00；专业不全相同:1.00
14,68,94.454998,1.000000,True,1.000000,72.274990,至少一人为二年级以上:1.00；专业不全相同:1.00
14,69,92.323177,1.000000,True,1.000000,61.615885,至少一人为二年级以上:1.00；专业不全相同:1.00
14,70,93.244029,1.000000,True,1.000000,66.220147,至少一人为二年级以上:1.00；专业不全相同:1.00
14,71,91.644000,1.000000,True,1.000000,58.220000,至少一人为二年级以上:1.00；专业不全相同:1.00
14,72,93.235479,1.000000,True,1.000000,66.177397,至少一人为二年级以上:1.00；专业不全相同:1.00
14,73,93.270131,1.000000,True,1.000000,66.350653,至少一人为二年级以上:1.00；专业不全相同:1.00
14,74,91.874510,1.000000,True,1.000000,59.372551,至少一人为二年级以上:1.00；专业不全相同:1.00
14,75,90.258945,1.000000,True,1.000000,51.294727,至少一人为二年级以上:1.00；专业不全相同:1.00
14,76,60.239130,0.500000,False,1.000000,76.195652,至少一人为二年级以上:1.00；专业不全相同:0.00
14,77,91.270808,1.000000,True,1.000000,56.354040,至少一人为二年级以上:1.00；专业不全相同:1.00
14,78,93.015835,1.000000,True,1.000000,65.079177,至少一人为二年级以上:1.00；专业不全相同:1.00
14,79,92.645363,1.000000,True,1.000000,63.226815,至少一人为二年级以上:1.00；专业不全相同:1.00
14,80,93.553354,1.000000,True,1.000000,67.766771,至少一人为二年级以上:1.00；专业不全相同:1.00
14,81,93.754898,1.000000,True,1.000000,68.774492,至少一人为二年级以上:1.00；专业不全相同:1.00
14,82,91.721527,1.000000,True,1.000000,58.607634,至少一人为二年级以上:1.00；专业不全相同:1.00
14,83,90.912500,1.000000,True,1.000000,54.562500,至少一人为二年级以上:1.00；专业不全相同:1.00
14,84,89.913811,1.000000,True,1.000000,49.569054,至少一人为二年级以上:1.00；专业不全相同:1.00
14,85,91.968220,1.000000,True,1.000000,59.841102,至少一人为二年级以上:1.00；专业不全相同:1.00
14,86,92.782502,1.000000,True,1.000000,63.912512,至少一人为二年级以上:1.00；专业不全相同:1.00
14,87,92.608070,1.000000,True,1.000000,63.040351,至少一人为二年级以上:1.00；专业不全相同:1.00
14,88,90.257151,1.000000,True,1.000000,51.285757,至少一人为二年级以上:1.00；专业不全相同:1.00
14,89,92.904122,1.000000,True,1.000000,64.520609,至少一人为二年级以上:1.00；专业不全相同:1.00
14,90,91.272164,1.000000,True,1.000000,56.360820,至少一人为二年级以上:1.00；专业不全相同:1.00
14,91,56.932151,0.500000,False,1.000000,59.660754,至少一人为二年级以上:1.00；专业不全相同:0.00
14,92,93.033333,1.000000,True,1.000000,65.166667,至少一人为二年级以上:1.00；专业不全相同:1.00
14,93,93.989452,1.000000,True,1.000000,69.947262,至少一人为二年级以上:1.00；专业不全相同:1.00
14,94,59.815960,0.500000,False,1.000000,74.079798,至少一人为二年级以上:1.00；专业不全相同:0.00
14,95,91.239017,1.000000,True,1.000000,56.195083,至少一人为二年级以上:1.00；专业不全相同:1.00
14,96,92.944414,1.000000,True,1.000000,64.722072,至少一人为二年级以上:1.00；专业不全相同:1.00
14,97,92.035185,1.000000,True,1.000000,60.175926,至少一人为二年级以上:1.00；专业不全相同:1.00
14,98,57.579347,0.500000,False,1.000000,62.896737,至少一人为二年级以上:1.00；专业不全相同:0.00
14,99,89.485556,1.000000,True,1.000000,47.427778,至少一人为二年级以上:1.00；专业不全相同:1.00
14,100,92.969726,1.000000,True,1.000000,64.848631,至少一人为二年级以上:1.00；专业不全相同:1.00
14,101,90.221859,1.000000,True,1.000000,51.109295,至少一人为二年级以上:1.00；专业不全相同:1.00
14,102,94.139566,1.000000,True,1.000000,70.697829,至少一人为二年级以上:1.00；专业不全相同:1.00
14,103,94.060341,1.000000,True,1.000000,70.301705,至少一人为二年级以上:1.00；专业不全相同:1.00
14,104,92.847392,1.000000,True,1.000000,64.236959,至少一人为二年级以上:1.00；专业不全相同:1.00
14,105,57.154902,0.500000,False,1.000000,60.774510,至少一人为二年级以上:1.00；专业不全相同:0.00
14,106,60.436158,0.500000,False,1.000000,77.180791,至少一人为二年级以上:1.00；专业不全相同:0.00
14,107,90.364809,1.000000,True,1.000000,51.824044,至少一人为二年级以上:1.00；专业不全相同:1.00
14,108,93.536704,1.000000,True,1.000000,67.683520,至少一人为二年级以上:1.00；专业不全相同:1.00
14,109,92.166215,1.000000,True,1.000000,60.831075,至少一人为二年级以上:1.00；专业不全相同:1.00
14,110,91.773892,1.000000,True,1.000000,58.869458,至少一人为二年级以上:1.00；专业不全相同:1.00
14,111,56.880796,0.500000,False,1.000000,59.403978,至少一人为二年级以上:1.00；专业不全相同:0.00
14,112,95.515954,1.000000,True,1.000000,77.579772,至少一人为二年级以上:1.00；专业不全相同:1.00
14,113,88.996239,1.000000,True,1.000000,44.981197,至少一人为二年级以上:1.00；专业不全相同:1.00
14,114,91.476296,1.000000,True,1.000000,57.381481,至少一人为二年级以上:1.00；专业不全相同:1.00
14,115,93.325523,1.000000,True,1.000000,66.627616,至少一人为二年级以上:1.00；专业不全相同:1.00
14,116,92.327778,1.000000,True,1.000000,61.638889,至少一人为二年级以上:1.00；专业不全相同:1.00
14,117,91.219008,1.000000,True,1.000000,56.095041,至少一人为二年级以上:1.00；专业不全相同:1.00
14,118,93.646221,1.000000,True,1.000000,68.231103,至少一人为二年级以上:1.00；专业不全相同:1.00
14,119,91.427451,1.000000,True,1.000000,57.137255,至少一人为二年级以上:1.00；专业不全相同:1.00
14,120,91.055600,1.000000,True,1.000000,55.278000,至少一人为二年级以上:1.00；专业不全相同:1.00
14,121,92.746024,1.000000,True,1.000000,63.730120,至少一人为二年级以上:1.00；专业不全相同:1.00
14,122,57.884162,0.500000,False,1.000000,64.420812,至少一人为二年级以上:1.00；专业不全相同:0.00
14,123,93.642499,1.000000,True,1.000000,68.212496,至少一人为二年级以上:1.00；专业不全相同:1.00
14,124,90.672888,1.000000,True,1.000000,53.364441,至少一人为二年级以上:1.00；专业不全相同:1.00
14,125,92.277385,1.000000,True,1.000000,61.386923,至少一人为二年级以上:1.00；专业不全相同:1.00
14,126,91.139665,1.000000,True,1.000000,55.698327,至少一人为二年级以上:1.00；专业不全相同:1.00
14,127,91.921701,1.000000,True,1.000000,59.608507,至少一人为二年级以上:1.00；专业不全相同:1.00
14,128,91.846889,1.000000,True,1.000000,59.234443,至少一人为二年级以上:1.00；专业不全相同:1.00
14,129,89.083057,1.000000,True,1.000000,45.415285,至少一人为二年级以上:1.00；专业不全相同:1.00
14,130,94.823859,1.000000,True,1.000000,74.119297,至少一人为二年级以上:1.00；专业不全相同:1.00
14,131,92.057675,1.000000,True,1.000000,60.288377,至少一人为二年级以上:1.00；专业不全相同:1.00
14,132,93.472652,1.000000,True,1.000000,67.363260,至少一人为二年级以上:1.00；专业不全相同:1.00
14,133,91.669499,1.000000,True,1.000000,58.347495,至少一人为二年级以上:1.00；专业不全相同:1.00
14,134,57.111029,0.500000,False,1.000000,60.555147,至少一人为二年级以上:1.00；专业不全相同:0.00
14,135,58.214976,0.500000,False,1.000000,66.074879,至少一人为二年级以上:1.00；专业不全相同:0.00
14,136,91.152002,1.000000,True,1.000000,55.760009,至少一人为二年级以上:1.00；专业不全相同:1.00
14,137,93.103588,1.000000,True,1.000000,65.517940,至少一人为二年级以上:1.00；专业不全相同:1.00
14,138,95.525689,1.000000,True,1.000000,77.628444,至少一人为二年级以上:1.00；专业不全相同:1.00
14,139,91.869091,1.000000,True,1.000000,59.345455,至少一人为二年级以上:1.00；专业不全相同:1.00
14,140,91.278794,1.000000,True,1.000000,56.393970,至少一人为二年级以上:1.00；专业不全相同:1.00
14,141,92.488055,1.000000,True,1.000000,62.440275,至少一人为二年级以上:1.00；专业不全相同:1.00
14,142,89.926924,1.000000,True,1.000000,49.634622,至少一人为二年级以上:1.00；专业不全相同:1.00
14,143,94.324667,1.000000,True,1.000000,71.623336,至少一人为二年级以上:1.00；专业不全相同:1.00
14,144,90.629444,1.000000,True,1.000000,53.147222,至少一人为二年级以上:1.00；专业不全相同:1.00
14,145,92.693539,1.000000,True,1.000000,63.467693,至少一人为二年级以上:1.00；专业不全相同:1.00
14,146,56.275244,0.500000,False,1.000000,56.376220,至少一人为二年级以上:1.00；专业不全相同:0.00
14,147,92.669824,1.000000,True,1.000000,63.349119,至少一人为二年级以上:1.00；专业不全相同:1.00
14,148,92.679218,1.000000,True,1.000000,63.396090,至少一人为二年级以上:1.00；专业不全相同:1.00
14,149,93.949108,1.000000,True,1.000000,69.745540,至少一人为二年级以上:1.00；专业不全相同:1.00
14,150,19.988889,0.000000,False,1.000000,49.944444,至少一人为二年级以上:0.00；专业不全相同:0.00
14,151,92.493333,1.000000,True,1.000000,62.466667,至少一人为二年级以上:1.00；专业不全相同:1.00
14,152,91.219713,1.000000,True,1.000000,56.098563,至少一人为二年级以上:1.00；专业不全相同:1.00
14,153,92.524799,1.000000,True,1.000000,62.623994,至少一人为二年级以上:1.00；专业不全相同:1.00
14,154,54.816764,0.500000,False,1.000000,49.083821,至少一人为二年级以上:1.00；专业不全相同:0.00
14,155,58.116129,0.500000,False,1.000000,65.580645,至少一人为二年级以上:1.00；专业不全相同:0.00
14,156,92.494885,1.000000,True,1.000000,62.474425,至少一人为二年级以上:1.00；专业不全相同:1.00
14,157,94.709300,1.000000,True,1.000000,73.546498,至少一人为二年级以上:1.00；专业不全相同:1.00
14,158,92.319018,1.000000,True,1.000000,61.595090,至少一人为二年级以上:1.00；专业不全相同:1.00
14,159,92.356461,1.000000,True,1.000000,61.782306,至少一人为二年级以上:1.00；专业不全相同:1.00
14,160,92.135647,1.000000,True,1.000000,60.678237,至少一人为二年级以上:1.00；专业不全相同:1.00
14,161,91.474979,1.000000,True,1.000000,57.374894,至少一人为二年级以上:1.00；专业不全相同:1.00
14,162,91.791106,1.000000,True,1.000000,58.955530,至少一人为二年级以上:1.00；专业不全相同:1.00
14,163,91.884491,1.000000,True,1.000000,59.422454,至少一人为二年级以上:1.00；专业不全相同:1.00
14,164,89.905464,1.000000,True,1.000000,49.527320,至少一人为二年级以上:1.00；专业不全相同:1.00
14,165,89.965278,1.000000,True,1.000000,49.826389,至少一人为二年级以上:1.00；专业不全相同:1.00
14,166,54.699044,0.500000,False,1.000000,48.495219,至少一人为二年级以上:1.00；专业不全相同:0.00
14,167,91.163073,1.000000,True,1.000000,55.815366,至少一人为二年级以上:1.00；专业不全相同:1.00
14,168,91.504000,1.000000,True,1.000000,57.520000,至少一人为二年级以上:1.00；专业不全相同:1.00
14,169,94.001140,1.000000,True,1.000000,70.005698,至少一人为二年级以上:1.00；专业不全相同:1.00
14,170,91.683519,1.000000,True,1.000000,58.417595,至少一人为二年级以上:1.00；专业不全相同:1.00
14,171,91.170261,1.000000,True,1.000000,55.851307,至少一人为二年级以上:1.00；专业不全相同:1.00
14,172,93.941808,1.000000,True,1.000000,69.709040,至少一人为二年级以上:1.00；专业不全相同:1.00
14,173,53.703292,0.500000,False,1.000000,43.516461,至少一人为二年级以上:0.00；专业不全相同:1.00
14,174,94.592299,1.000000,True,1.000000,72.961497,至少一人为二年级以上:1.00；专业不全相同:1.00
14,175,94.648791,1.000000,True,1.000000,73.243955,至少一人为二年级以上:1.00；专业不全相同:1.00
31,1,58.322581,0.666667,False,0.000000,58.279570,三人均为二年级以上:0.67
31,2,62.043846,0.666667,False,0.000000,76.885895,三人均为二年级以上:0.67
31,3,58.381226,0.666667,False,0.000000,58.572797,三人均为二年级以上:0.67
31,4,81.496705,1.000000,True,0.000000,57.483524,三人均为二年级以上:1.00
31,5,62.965269,0.666667,False,0.333333,64.826344,三人均为二年级以上:0.67
31,6,58.532346,0.666667,False,0.000000,59.328395,三人均为二年级以上:0.67
31,7,58.057132,0.666667,False,0.000000,56.952327,三人均为二年级以上:0.67
31,8,90.940741,1.000000,True,1.000000,54.703704,三人均为二年级以上:1.00
31,9,86.539853,1.000000,True,0.333333,66.032600,三人均为二年级以上:1.00
31,10,58.083333,0.666667,False,0.000000,57.083333,三人均为二年级以上:0.67
31,11,87.421893,1.000000,True,0.333333,70.442798,三人均为二年级以上:1.00
31,12,84.048043,1.000000,True,0.000000,70.240216,三人均为二年级以上:1.00
31,13,37.682002,0.333333,False,0.333333,55.076676,三人均为二年级以上:0.33
31,14,85.862524,1.000000,True,0.333333,62.645951,三人均为二年级以上:1.00
31,15,87.993665,1.000000,True,0.333333,73.301659,三人均为二年级以上:1.00
31,16,59.014667,0.666667,False,0.000000,61.740000,三人均为二年级以上:0.67
31,17,35.035266,0.333333,False,0.000000,58.509662,三人均为二年级以上:0.33
31,18,60.097374,0.666667,False,0.000000,67.153535,三人均为二年级以上:0.67
31,19,58.120085,0.666667,False,0.000000,57.267094,三人均为二年级以上:0.67
31,20,83.398175,1.000000,True,0.000000,66.990877,三人均为二年级以上:1.00
31,21,30.820126,0.333333,False,0.000000,37.433964,三人均为二年级以上:0.33
31,22,59.635928,0.666667,False,0.000000,64.846307,三人均为二年级以上:0.67
31,23,62.366244,0.666667,False,0.333333,61.831220,三人均为二年级以上:0.67
31,24,34.351716,0.333333,False,0.000000,55.091912,三人均为二年级以上:0.33
31,25,87.855556,1.000000,True,0.666667,55.944444,三人均为二年级以上:1.00
31,26,61.467439,0.666667,False,0.333333,57.337193,三人均为二年级以上:0.67
31,27,32.844052,0.333333,False,0.000000,47.553595,三人均为二年级以上:0.33
31,28,87.985842,1.000000,True,0.333333,73.262542,三人均为二年级以上:1.00
31,29,59.854177,0.666667,False,0.333333,49.270885,三人均为二年级以上:0.67
31,30,85.189316,1.000000,True,0.333333,59.279915,三人均为二年级以上:1.00
31,31,34.608841,0.333333,False,0.000000,56.377536,三人均为二年级以上:0.33
31,32,61.672172,0.666667,False,0.333333,58.360861,三人均为二年级以上:0.67
31,33,58.676637,0.666667,False,0.000000,60.049851,三人均为二年级以上:0.67
31,34,56.751144,0.666667,False,0.000000,50.422386,三人均为二年级以上:0.67
31,35,67.597019,0.666667,False,1.000000,54.651762,三人均为二年级以上:0.67
31,36,89.558347,1.000000,True,0.333333,81.125070,三人均为二年级以上:1.00
31,37,91.446436,1.000000,True,0.666667,73.898846,三人均为二年级以上:1.00
31,38,86.931195,1.000000,True,0.333333,67.989310,三人均为二年级以上:1.00
31,39,57.567811,0.666667,False,0.000000,54.505722,三人均为二年级以上:0.67
31,40,67.743733,0.666667,False,1.000000,55.385332,三人均为二年级以上:0.67
31,41,81.400754,1.000000,True,0.000000,57.003771,三人均为二年级以上:1.00
31,42,59.461176,0.666667,False,0.000000,63.972548,三人均为二年级以上:0.67
31,43,81.781377,1.000000,True,0.000000,58.906887,三人均为二年级以上:1.00
31,44,33.377860,0.333333,False,0.000000,50.222634,三人均为二年级以上:0.33
31,45,61.770758,0.666667,False,0.333333,58.853789,三人均为二年级以上:0.67
31,46,82.645829,1.000000,True,0.000000,63.229143,三人均为二年级以上:1.00
31,47,43.697437,0.333333,False,1.000000,51.820518,三人均为二年级以上:0.33
31,48,54.340613,0.666667,False,0.000000,38.369732,三人均为二年级以上:0.67
31,49,41.811676,0.333333,False,1.000000,42.391714,三人均为二年级以上:0.33
31,50,61.510372,0.666667,False,0.333333,57.551862,三人均为二年级以上:0.67
31,51,10.673125,0.000000,False,0.000000,53.365623,三人均为二年级以上:0.00
31,52,39.900878,0.333333,False,0.666667,49.504388,三人均为二年级以上:0.33
31,53,45.258537,0.333333,False,1.000000,59.626016,三人均为二年级以上:0.33
31,54,54.988803,0.666667,False,0.000000,41.610684,三人均为二年级以上:0.67
31,55,33.735541,0.333333,False,0.000000,52.011036,三人均为二年级以上:0.33
31,56,70.030903,0.666667,False,1.000000,66.821181,三人均为二年级以上:0.67
31,57,56.764493,0.666667,False,0.000000,50.489130,三人均为二年级以上:0.67
31,58,66.228545,0.666667,False,0.666667,64.476057,三人均为二年级以上:0.67
31,59,92.556364,1.000000,True,1.000000,62.781822,三人均为二年级以上:1.00
31,60,83.770180,1.000000,True,0.000000,68.850902,三人均为二年级以上:1.00
31,61,83.573325,1.000000,True,0.000000,67.866626,三人均为二年级以上:1.00
31,62,62.432999,0.666667,False,0.333333,62.164997,三人均为二年级以上:0.67
31,63,60.734178,0.666667,False,0.000000,70.337558,三人均为二年级以上:0.67
31,64,33.320773,0.333333,False,0.000000,49.937198,三人均为二年级以上:0.33
31,65,44.049661,0.333333,False,1.000000,53.581640,三人均为二年级以上:0.33
31,66,60.309814,0.666667,False,0.000000,68.215738,三人均为二年级以上:0.67
31,67,83.241300,1.000000,True,0.000000,66.206500,三人均为二年级以上:1.00
31,68,84.454998,1.000000,True,0.000000,72.274990,三人均为二年级以上:1.00
31,69,58.989844,0.666667,False,0.000000,61.615885,三人均为二年级以上:0.67
31,70,59.910696,0.666667,False,0.000000,66.220147,三人均为二年级以上:0.67
31,71,84.977333,1.000000,True,0.333333,58.220000,三人均为二年级以上:1.00
31,72,59.902146,0.666667,False,0.000000,66.177397,三人均为二年级以上:0.67
31,73,59.936797,0.666667,False,0.000000,66.350653,三人均为二年级以上:0.67
31,74,38.541177,0.333333,False,0.333333,59.372551,三人均为二年级以上:0.33
31,75,43.592279,0.333333,False,1.000000,51.294727,三人均为二年级以上:0.33
31,76,85.239130,1.000000,True,0.000000,76.195652,三人均为二年级以上:1.00
31,77,34.604141,0.333333,False,0.000000,56.354040,三人均为二年级以上:0.33
31,78,83.015835,1.000000,True,0.000000,65.079177,三人均为二年级以上:1.00
31,79,82.645363,1.000000,True,0.000000,63.226815,三人均为二年级以上:1.00
31,80,60.220021,0.666667,False,0.000000,67.766771,三人均为二年级以上:0.67
31,81,60.421565,0.666667,False,0.000000,68.774492,三人均为二年级以上:0.67
31,82,35.054860,0.333333,False,0.000000,58.607634,三人均为二年级以上:0.33
31,83,57.579167,0.666667,False,0.000000,54.562500,三人均为二年级以上:0.67
31,84,59.913811,0.666667,False,0.333333,49.569054,三人均为二年级以上:0.67
31,85,58.634887,0.666667,False,0.000000,59.841102,三人均为二年级以上:0.67
31,86,59.449169,0.666667,False,0.000000,63.912512,三人均为二年级以上:0.67
31,87,59.274737,0.666667,False,0.000000,63.040351,三人均为二年级以上:0.67
31,88,56.923818,0.666667,False,0.000000,51.285757,三人均为二年级以上:0.67
31,89,89.570789,1.000000,True,0.666667,64.520609,三人均为二年级以上:1.00
31,90,57.938831,0.666667,False,0.000000,56.360820,三人均为二年级以上:0.67
31,91,81.932151,1.000000,True,0.000000,59.660754,三人均为二年级以上:1.00
31,92,66.366667,0.666667,False,0.666667,65.166667,三人均为二年级以上:0.67
31,93,63.989452,0.666667,False,0.333333,69.947262,三人均为二年级以上:0.67
31,94,61.482626,0.666667,False,0.000000,74.079798,三人均为二年级以上:0.67
31,95,57.905683,0.666667,False,0.000000,56.195083,三人均为二年级以上:0.67
31,96,59.611081,0.666667,False,0.000000,64.722072,三人均为二年级以上:0.67
31,97,58.701852,0.666667,False,0.000000,60.175926,三人均为二年级以上:0.67
31,98,82.579347,1.000000,True,0.000000,62.896737,三人均为二年级以上:1.00
31,99,36.152222,0.333333,False,0.333333,47.427778,三人均为二年级以上:0.33
31,100,62.969726,0.666667,False,0.333333,64.848631,三人均为二年级以上:0.67
31,101,63.555192,0.666667,False,0.666667,51.109295,三人均为二年级以上:0.67
31,102,84.139566,1.000000,True,0.000000,70.697829,三人均为二年级以上:1.00
31,103,87.393674,1.000000,True,0.333333,70.301705,三人均为二年级以上:1.00
31,104,66.180725,0.666667,False,0.666667,64.236959,三人均为二年级以上:0.67
31,105,82.154902,1.000000,True,0.000000,60.774510,三人均为二年级以上:1.00
31,106,85.436158,1.000000,True,0.000000,77.180791,三人均为二年级以上:1.00
31,107,37.031475,0.333333,False,0.333333,51.824044,三人均为二年级以上:0.33
31,108,83.536704,1.000000,True,0.000000,67.683520,三人均为二年级以上:1.00
31,109,85.499548,1.000000,True,0.333333,60.831075,三人均为二年级以上:1.00
31,110,58.440558,0.666667,False,0.000000,58.869458,三人均为二年级以上:0.67
31,111,58.547462,0.666667,False,0.000000,59.403978,三人均为二年级以上:0.67
31,112,85.515954,1.000000,True,0.000000,77.579772,三人均为二年级以上:1.00
31,113,55.662906,0.666667,False,0.000000,44.981197,三人均为二年级以上:0.67
31,114,34.809630,0.333333,False,0.000000,57.381481,三人均为二年级以上:0.33
31,115,83.325523,1.000000,True,0.000000,66.627616,三人均为二年级以上:1.00
31,116,62.327778,0.666667,False,0.333333,61.638889,三人均为二年级以上:0.67
31,117,84.552342,1.000000,True,0.333333,56.095041,三人均为二年级以上:1.00
31,118,83.646221,1.000000,True,0.000000,68.231103,三人均为二年级以上:1.00
31,119,61.427451,0.666667,False,0.333333,57.137255,三人均为二年级以上:0.67
31,120,84.388933,1.000000,True,0.333333,55.278000,三人均为二年级以上:1.00
31,121,66.079357,0.666667,False,0.666667,63.730120,三人均为二年级以上:0.67
31,122,59.550829,0.666667,False,0.000000,64.420812,三人均为二年级以上:0.67
31,123,83.642499,1.000000,True,0.000000,68.212496,三人均为二年级以上:1.00
31,124,37.339555,0.333333,False,0.333333,53.364441,三人均为二年级以上:0.33
31,125,62.277385,0.666667,False,0.333333,61.386923,三人均为二年级以上:0.67
31,126,87.806332,1.000000,True,0.666667,55.698327,三人均为二年级以上:1.00
31,127,91.921701,1.000000,True,1.000000,59.608507,三人均为二年级以上:1.00
31,128,61.846889,0.666667,False,0.333333,59.234443,三人均为二年级以上:0.67
31,129,62.416390,0.666667,False,0.666667,45.415285,三人均为二年级以上:0.67
31,130,88.157193,1.000000,True,0.333333,74.119297,三人均为二年级以上:1.00
31,131,58.724342,0.666667,False,0.000000,60.288377,三人均为二年级以上:0.67
31,132,90.139319,1.000000,True,0.666667,67.363260,三人均为二年级以上:1.00
31,133,88.336166,1.000000,True,0.666667,58.347495,三人均为二年级以上:1.00
31,134,82.111029,1.000000,True,0.000000,60.555147,三人均为二年级以上:1.00
31,135,83.214976,1.000000,True,0.000000,66.074879,三人均为二年级以上:1.00
31,136,41.152002,0.333333,False,0.666667,55.760009,三人均为二年级以上:0.33
31,137,66.436921,0.666667,False,0.666667,65.517940,三人均为二年级以上:0.67
31,138,88.859022,1.000000,True,0.333333,77.628444,三人均为二年级以上:1.00
31,139,35.202424,0.333333,False,0.000000,59.345455,三人均为二年级以上:0.33
31,140,57.945461,0.666667,False,0.000000,56.393970,三人均为二年级以上:0.67
31,141,89.154722,1.000000,True,0.666667,62.440275,三人均为二年级以上:1.00
31,142,56.593591,0.666667,False,0.000000,49.634622,三人均为二年级以上:0.67
31,143,60.991334,0.666667,False,0.000000,71.623336,三人均为二年级以上:0.67
31,144,40.629444,0.333333,False,0.666667,53.147222,三人均为二年级以上:0.33
31,145,59.360205,0.666667,False,0.000000,63.467693,三人均为二年级以上:0.67
31,146,57.941911,0.666667,False,0.000000,56.376220,三人均为二年级以上:0.67
31,147,62.669824,0.666667,False,0.333333,63.349119,三人均为二年级以上:0.67
31,148,82.679218,1.000000,True,0.000000,63.396090,三人均为二年级以上:1.00
31,149,83.949108,1.000000,True,0.000000,69.745540,三人均为二年级以上:1.00
31,150,9.988889,0.000000,False,0.000000,49.944444,三人均为二年级以上:0.00
31,151,65.826667,0.666667,False,0.666667,62.466667,三人均为二年级以上:0.67
31,152,61.219713,0.666667,False,0.333333,56.098563,三人均为二年级以上:0.67
31,153,85.858132,1.000000,True,0.333333,62.623994,三人均为二年级以上:1.00
31,154,33.150097,0.333333,False,0.000000,49.083821,三人均为二年级以上:0.33
31,155,83.116129,1.000000,True,0.000000,65.580645,三人均为二年级以上:1.00
31,156,59.161552,0.666667,False,0.000000,62.474425,三人均为二年级以上:0.67
31,157,84.709300,1.000000,True,0.000000,73.546498,三人均为二年级以上:1.00
31,158,65.652351,0.666667,False,0.666667,61.595090,三人均为二年级以上:0.67
31,159,82.356461,1.000000,True,0.000000,61.782306,三人均为二年级以上:1.00
31,160,82.135647,1.000000,True,0.000000,60.678237,三人均为二年级以上:1.00
31,161,34.808312,0.333333,False,0.000000,57.374894,三人均为二年级以上:0.33
31,162,41.791106,0.333333,False,0.666667,58.955530,三人均为二年级以上:0.33
31,163,61.884491,0.666667,False,0.333333,59.422454,三人均为二年级以上:0.67
31,164,33.238797,0.333333,False,0.000000,49.527320,三人均为二年级以上:0.33
31,165,33.298611,0.333333,False,0.000000,49.826389,三人均为二年级以上:0.33
31,166,56.365711,0.666667,False,0.000000,48.495219,三人均为二年级以上:0.67
31,167,61.163073,0.666667,False,0.333333,55.815366,三人均为二年级以上:0.67
31,168,61.504000,0.666667,False,0.333333,57.520000,三人均为二年级以上:0.67
31,169,64.001140,0.666667,False,0.333333,70.005698,三人均为二年级以上:0.67
31,170,41.683519,0.333333,False,0.666667,58.417595,三人均为二年级以上:0.33
31,171,61.170261,0.666667,False,0.333333,55.851307,三人均为二年级以上:0.67
31,172,63.941808,0.666667,False,0.333333,69.709040,三人均为二年级以上:0.67
31,173,12.036625,0.000000,False,0.333333,43.516461,三人均为二年级以上:0.00
31,174,64.592299,0.666667,False,0.333333,72.961497,三人均为二年级以上:0.67
31,175,64.648791,0.666667,False,0.333333,73.243955,三人均为二年级以上:0.67
25,1,56.655914,0.500000,False,1.000000,58.279570,至少两人有参赛经历:0.50
25,2,95.377179,1.000000,True,1.000000,76.885895,至少两人有参赛经历:1.00
25,3,91.714559,1.000000,True,1.000000,58.572797,至少两人有参赛经历:1.00
25,4,56.496705,0.500000,False,1.000000,57.483524,至少两人有参赛经历:0.50
25,5,92.965269,1.000000,True,1.000000,64.826344,至少两人有参赛经历:1.00
25,6,56.865679,0.500000,False,1.000000,59.328395,至少两人有参赛经历:0.50
25,7,56.390465,0.500000,False,1.000000,56.952327,至少两人有参赛经历:0.50
25,8,55.940741,0.500000,False,1.000000,54.703704,至少两人有参赛经历:0.50
25,9,58.206520,0.500000,False,1.000000,66.032600,至少两人有参赛经历:0.50
25,10,21.416667,0.000000,False,1.000000,57.083333,至少两人有参赛经历:0.00
25,11,94.088560,1.000000,True,1.000000,70.442798,至少两人有参赛经历:1.00
25,12,94.048043,1.000000,True,1.000000,70.240216,至少两人有参赛经历:1.00
25,13,21.015335,0.000000,False,1.000000,55.076676,至少两人有参赛经历:0.00
25,14,92.529190,1.000000,True,1.000000,62.645951,至少两人有参赛经历:1.00
25,15,94.660332,1.000000,True,1.000000,73.301659,至少两人有参赛经历:1.00
25,16,57.348000,0.500000,False,1.000000,61.740000,至少两人有参赛经历:0.50
25,17,56.701932,0.500000,False,1.000000,58.509662,至少两人有参赛经历:0.50
25,18,93.430707,1.000000,True,1.000000,67.153535,至少两人有参赛经历:1.00
25,19,56.453419,0.500000,False,1.000000,57.267094,至少两人有参赛经历:0.50
25,20,58.398175,0.500000,False,1.000000,66.990877,至少两人有参赛经历:0.50
25,21,17.486793,0.000000,False,1.000000,37.433964,至少两人有参赛经历:0.00
25,22,92.969261,1.000000,True,1.000000,64.846307,至少两人有参赛经历:1.00
25,23,57.366244,0.500000,False,1.000000,61.831220,至少两人有参赛经历:0.50
25,24,21.018382,0.000000,False,1.000000,55.091912,至少两人有参赛经历:0.00
25,25,56.188889,0.500000,False,1.000000,55.944444,至少两人有参赛经历:0.50
25,26,21.467439,0.000000,False,1.000000,57.337193,至少两人有参赛经历:0.00
25,27,19.510719,0.000000,False,1.000000,47.553595,至少两人有参赛经历:0.00
25,28,94.652508,1.000000,True,1.000000,73.262542,至少两人有参赛经历:1.00
25,29,19.854177,0.000000,False,1.000000,49.270885,至少两人有参赛经历:0.00
25,30,91.855983,1.000000,True,1.000000,59.279915,至少两人有参赛经历:1.00
25,31,56.275507,0.500000,False,1.000000,56.377536,至少两人有参赛经历:0.50
25,32,21.672172,0.000000,False,1.000000,58.360861,至少两人有参赛经历:0.00
25,33,57.009970,0.500000,False,1.000000,60.049851,至少两人有参赛经历:0.50
25,34,55.084477,0.500000,False,1.000000,50.422386,至少两人有参赛经历:0.50
25,35,55.930352,0.500000,False,1.000000,54.651762,至少两人有参赛经历:0.50
25,36,96.225014,1.000000,True,1.000000,81.125070,至少两人有参赛经历:1.00
25,37,94.779769,1.000000,True,1.000000,73.898846,至少两人有参赛经历:1.00
25,38,58.597862,0.500000,False,1.000000,67.989310,至少两人有参赛经历:0.50
25,39,90.901144,1.000000,True,1.000000,54.505722,至少两人有参赛经历:1.00
25,40,91.077066,1.000000,True,1.000000,55.385332,至少两人有参赛经历:1.00
25,41,91.400754,1.000000,True,1.000000,57.003771,至少两人有参赛经历:1.00
25,42,22.794510,0.000000,False,1.000000,63.972548,至少两人有参赛经历:0.00
25,43,21.781377,0.000000,False,1.000000,58.906887,至少两人有参赛经历:0.00
25,44,55.044527,0.500000,False,1.000000,50.222634,至少两人有参赛经历:0.50
25,45,56.770758,0.500000,False,1.000000,58.853789,至少两人有参赛经历:0.50
25,46,92.645829,1.000000,True,1.000000,63.229143,至少两人有参赛经历:1.00
25,47,55.364104,0.500000,False,1.000000,51.820518,至少两人有参赛经历:0.50
25,48,17.673946,0.000000,False,1.000000,38.369732,至少两人有参赛经历:0.00
25,49,53.478343,0.500000,False,1.000000,42.391714,至少两人有参赛经历:0.50
25,50,91.510372,1.000000,True,1.000000,57.551862,至少两人有参赛经历:1.00
25,51,20.673125,0.000000,False,1.000000,53.365623,至少两人有参赛经历:0.00
25,52,54.900878,0.500000,False,1.000000,49.504388,至少两人有参赛经历:0.50
25,53,56.925203,0.500000,False,1.000000,59.626016,至少两人有参赛经历:0.50
25,54,18.322137,0.000000,False,1.000000,41.610684,至少两人有参赛经历:0.00
25,55,20.402207,0.000000,False,1.000000,52.011036,至少两人有参赛经历:0.00
25,56,93.364236,1.000000,True,1.000000,66.821181,至少两人有参赛经历:1.00
25,57,20.097826,0.000000,False,1.000000,50.489130,至少两人有参赛经历:0.00
25,58,57.895211,0.500000,False,1.000000,64.476057,至少两人有参赛经历:0.50
25,59,22.556364,0.000000,False,1.000000,62.781822,至少两人有参赛经历:0.00
25,60,93.770180,1.000000,True,1.000000,68.850902,至少两人有参赛经历:1.00
25,61,58.573325,0.500000,False,1.000000,67.866626,至少两人有参赛经历:0.50
25,62,57.432999,0.500000,False,1.000000,62.164997,至少两人有参赛经历:0.50
25,63,94.067512,1.000000,True,1.000000,70.337558,至少两人有参赛经历:1.00
25,64,54.987440,0.500000,False,1.000000,49.937198,至少两人有参赛经历:0.50
25,65,55.716328,0.500000,False,1.000000,53.581640,至少两人有参赛经历:0.50
25,66,93.643148,1.000000,True,1.000000,68.215738,至少两人有参赛经历:1.00
25,67,58.241300,0.500000,False,1.000000,66.206500,至少两人有参赛经历:0.50
25,68,94.454998,1.000000,True,1.000000,72.274990,至少两人有参赛经历:1.00
25,69,57.323177,0.500000,False,1.000000,61.615885,至少两人有参赛经历:0.50
25,70,58.244029,0.500000,False,1.000000,66.220147,至少两人有参赛经历:0.50
25,71,56.644000,0.500000,False,1.000000,58.220000,至少两人有参赛经历:0.50
25,72,93.235479,1.000000,True,1.000000,66.177397,至少两人有参赛经历:1.00
25,73,58.270131,0.500000,False,1.000000,66.350653,至少两人有参赛经历:0.50
25,74,56.874510,0.500000,False,1.000000,59.372551,至少两人有参赛经历:0.50
25,75,55.258945,0.500000,False,1.000000,51.294727,至少两人有参赛经历:0.50
25,76,95.239130,1.000000,True,1.000000,76.195652,至少两人有参赛经历:1.00
25,77,21.270808,0.000000,False,1.000000,56.354040,至少两人有参赛经历:0.00
25,78,93.015835,1.000000,True,1.000000,65.079177,至少两人有参赛经历:1.00
25,79,57.645363,0.500000,False,1.000000,63.226815,至少两人有参赛经历:0.50
25,80,93.553354,1.000000,True,1.000000,67.766771,至少两人有参赛经历:1.00
25,81,58.754898,0.500000,False,1.000000,68.774492,至少两人有参赛经历:0.50
25,82,21.721527,0.000000,False,1.000000,58.607634,至少两人有参赛经历:0.00
25,83,55.912500,0.500000,False,1.000000,54.562500,至少两人有参赛经历:0.50
25,84,89.913811,1.000000,True,1.000000,49.569054,至少两人有参赛经历:1.00
25,85,91.968220,1.000000,True,1.000000,59.841102,至少两人有参赛经历:1.00
25,86,57.782502,0.500000,False,1.000000,63.912512,至少两人有参赛经历:0.50
25,87,57.608070,0.500000,False,1.000000,63.040351,至少两人有参赛经历:0.50
25,88,55.257151,0.500000,False,1.000000,51.285757,至少两人有参赛经历:0.50
25,89,57.904122,0.500000,False,1.000000,64.520609,至少两人有参赛经历:0.50
25,90,91.272164,1.000000,True,1.000000,56.360820,至少两人有参赛经历:1.00
25,91,56.932151,0.500000,False,1.000000,59.660754,至少两人有参赛经历:0.50
25,92,93.033333,1.000000,True,1.000000,65.166667,至少两人有参赛经历:1.00
25,93,93.989452,1.000000,True,1.000000,69.947262,至少两人有参赛经历:1.00
25,94,94.815960,1.000000,True,1.000000,74.079798,至少两人有参赛经历:1.00
25,95,56.239017,0.500000,False,1.000000,56.195083,至少两人有参赛经历:0.50
25,96,92.944414,1.000000,True,1.000000,64.722072,至少两人有参赛经历:1.00
25,97,57.035185,0.500000,False,1.000000,60.175926,至少两人有参赛经历:0.50
25,98,57.579347,0.500000,False,1.000000,62.896737,至少两人有参赛经历:0.50
25,99,19.485556,0.000000,False,1.000000,47.427778,至少两人有参赛经历:0.00
25,100,92.969726,1.000000,True,1.000000,64.848631,至少两人有参赛经历:1.00
25,101,20.221859,0.000000,False,1.000000,51.109295,至少两人有参赛经历:0.00
25,102,59.139566,0.500000,False,1.000000,70.697829,至少两人有参赛经历:0.50
25,103,94.060341,1.000000,True,1.000000,70.301705,至少两人有参赛经历:1.00
25,104,57.847392,0.500000,False,1.000000,64.236959,至少两人有参赛经历:0.50
25,105,57.154902,0.500000,False,1.000000,60.774510,至少两人有参赛经历:0.50
25,106,95.436158,1.000000,True,1.000000,77.180791,至少两人有参赛经历:1.00
25,107,55.364809,0.500000,False,1.000000,51.824044,至少两人有参赛经历:0.50
25,108,93.536704,1.000000,True,1.000000,67.683520,至少两人有参赛经历:1.00
25,109,57.166215,0.500000,False,1.000000,60.831075,至少两人有参赛经历:0.50
25,110,21.773892,0.000000,False,1.000000,58.869458,至少两人有参赛经历:0.00
25,111,21.880796,0.000000,False,1.000000,59.403978,至少两人有参赛经历:0.00
25,112,95.515954,1.000000,True,1.000000,77.579772,至少两人有参赛经历:1.00
25,113,18.996239,0.000000,False,1.000000,44.981197,至少两人有参赛经历:0.00
25,114,21.476296,0.000000,False,1.000000,57.381481,至少两人有参赛经历:0.00
25,115,93.325523,1.000000,True,1.000000,66.627616,至少两人有参赛经历:1.00
25,116,92.327778,1.000000,True,1.000000,61.638889,至少两人有参赛经历:1.00
25,117,21.219008,0.000000,False,1.000000,56.095041,至少两人有参赛经历:0.00
25,118,58.646221,0.500000,False,1.000000,68.231103,至少两人有参赛经历:0.50
25,119,56.427451,0.500000,False,1.000000,57.137255,至少两人有参赛经历:0.50
25,120,56.055600,0.500000,False,1.000000,55.278000,至少两人有参赛经历:0.50
25,121,57.746024,0.500000,False,1.000000,63.730120,至少两人有参赛经历:0.50
25,122,57.884162,0.500000,False,1.000000,64.420812,至少两人有参赛经历:0.50
25,123,93.642499,1.000000,True,1.000000,68.212496,至少两人有参赛经历:1.00
25,124,20.672888,0.000000,False,1.000000,53.364441,至少两人有参赛经历:0.00
25,125,22.277385,0.000000,False,1.000000,61.386923,至少两人有参赛经历:0.00
25,126,56.139665,0.500000,False,1.000000,55.698327,至少两人有参赛经历:0.50
25,127,91.921701,1.000000,True,1.000000,59.608507,至少两人有参赛经历:1.00
25,128,91.846889,1.000000,True,1.000000,59.234443,至少两人有参赛经历:1.00
25,129,54.083057,0.500000,False,1.000000,45.415285,至少两人有参赛经历:0.50
25,130,94.823859,1.000000,True,1.000000,74.119297,至少两人有参赛经历:1.00
25,131,92.057675,1.000000,True,1.000000,60.288377,至少两人有参赛经历:1.00
25,132,93.472652,1.000000,True,1.000000,67.363260,至少两人有参赛经历:1.00
25,133,56.669499,0.500000,False,1.000000,58.347495,至少两人有参赛经历:0.50
25,134,57.111029,0.500000,False,1.000000,60.555147,至少两人有参赛经历:0.50
25,135,93.214976,1.000000,True,1.000000,66.074879,至少两人有参赛经历:1.00
25,136,21.152002,0.000000,False,1.000000,55.760009,至少两人有参赛经历:0.00
25,137,93.103588,1.000000,True,1.000000,65.517940,至少两人有参赛经历:1.00
25,138,95.525689,1.000000,True,1.000000,77.628444,至少两人有参赛经历:1.00
25,139,56.869091,0.500000,False,1.000000,59.345455,至少两人有参赛经历:0.50
25,140,56.278794,0.500000,False,1.000000,56.393970,至少两人有参赛经历:0.50
25,141,92.488055,1.000000,True,1.000000,62.440275,至少两人有参赛经历:1.00
25,142,19.926924,0.000000,False,1.000000,49.634622,至少两人有参赛经历:0.00
25,143,59.324667,0.500000,False,1.000000,71.623336,至少两人有参赛经历:0.50
25,144,55.629444,0.500000,False,1.000000,53.147222,至少两人有参赛经历:0.50
25,145,57.693539,0.500000,False,1.000000,63.467693,至少两人有参赛经历:0.50
25,146,56.275244,0.500000,False,1.000000,56.376220,至少两人有参赛经历:0.50
25,147,57.669824,0.500000,False,1.000000,63.349119,至少两人有参赛经历:0.50
25,148,22.679218,0.000000,False,1.000000,63.396090,至少两人有参赛经历:0.00
25,149,93.949108,1.000000,True,1.000000,69.745540,至少两人有参赛经历:1.00
25,150,19.988889,0.000000,False,1.000000,49.944444,至少两人有参赛经历:0.00
25,151,92.493333,1.000000,True,1.000000,62.466667,至少两人有参赛经历:1.00
25,152,56.219713,0.500000,False,1.000000,56.098563,至少两人有参赛经历:0.50
25,153,57.524799,0.500000,False,1.000000,62.623994,至少两人有参赛经历:0.50
25,154,19.816764,0.000000,False,1.000000,49.083821,至少两人有参赛经历:0.00
25,155,58.116129,0.500000,False,1.000000,65.580645,至少两人有参赛经历:0.50
25,156,57.494885,0.500000,False,1.000000,62.474425,至少两人有参赛经历:0.50
25,157,94.709300,1.000000,True,1.000000,73.546498,至少两人有参赛经历:1.00
25,158,57.319018,0.500000,False,1.000000,61.595090,至少两人有参赛经历:0.50
25,159,22.356461,0.000000,False,1.000000,61.782306,至少两人有参赛经历:0.00
25,160,57.135647,0.500000,False,1.000000,60.678237,至少两人有参赛经历:0.50
25,161,56.474979,0.500000,False,1.000000,57.374894,至少两人有参赛经历:0.50
25,162,56.791106,0.500000,False,1.000000,58.955530,至少两人有参赛经历:0.50
25,163,56.884491,0.500000,False,1.000000,59.422454,至少两人有参赛经历:0.50
25,164,54.905464,0.500000,False,1.000000,49.527320,至少两人有参赛经历:0.50
25,165,19.965278,0.000000,False,1.000000,49.826389,至少两人有参赛经历:0.00
25,166,54.699044,0.500000,False,1.000000,48.495219,至少两人有参赛经历:0.50
25,167,56.163073,0.500000,False,1.000000,55.815366,至少两人有参赛经历:0.50
25,168,91.504000,1.000000,True,1.000000,57.520000,至少两人有参赛经历:1.00
25,169,94.001140,1.000000,True,1.000000,70.005698,至少两人有参赛经历:1.00
25,170,56.683519,0.500000,False,1.000000,58.417595,至少两人有参赛经历:0.50
25,171,91.170261,1.000000,True,1.000000,55.851307,至少两人有参赛经历:1.00
25,172,93.941808,1.000000,True,1.000000,69.709040,至少两人有参赛经历:1.00
25,173,18.703292,0.000000,False,1.000000,43.516461,至少两人有参赛经历:0.00
25,174,94.592299,1.000000,True,1.000000,72.961497,至少两人有参赛经历:1.00
25,175,94.648791,1.000000,True,1.000000,73.243955,至少两人有参赛经历:1.00
24,1,76.100358,0.777778,False,1.000000,58.279570,三人均有参赛经历:0.33；至少一人为二年级以上:1.00；专业不全相同:1.00
24,2,87.599401,0.888889,False,1.000000,76.885895,三人均有参赛经历:0.67；至少一人为二年级以上:1.00；专业不全相同:1.00
24,3,60.603448,0.555556,False,1.000000,58.572797,三人均有参赛经历:0.67；至少一人为二年级以上:1.00；专业不全相同:0.00
24,4,75.941149,0.777778,False,1.000000,57.483524,三人均有参赛经历:0.33；至少一人为二年级以上:1.00；专业不全相同:1.00
24,5,85.187491,0.888889,False,1.000000,64.826344,三人均有参赛经历:0.67；至少一人为二年级以上:1.00；专业不全相同:1.00
24,6,76.310124,0.777778,False,1.000000,59.328395,三人均有参赛经历:0.33；至少一人为二年级以上:1.00；专业不全相同:1.00
24,7,75.834910,0.777778,False,1.000000,56.952327,三人均有参赛经历:0.33；至少一人为二年级以上:1.00；专业不全相同:1.00
24,8,52.051852,0.444444,False,1.000000,54.703704,三人均有参赛经历:0.33；至少一人为二年级以上:1.00；专业不全相同:0.00
24,9,77.650964,0.777778,False,1.000000,66.032600,三人均有参赛经历:0.33；至少一人为二年级以上:1.00；专业不全相同:1.00
24,10,68.083333,0.666667,False,1.000000,57.083333,三人均有参赛经历:0.00；至少一人为二年级以上:1.00；专业不全相同:1.00
24,11,86.310782,0.888889,False,1.000000,70.442798,三人均有参赛经历:0.67；至少一人为二年级以上:1.00；专业不全相同:1.00
24,12,86.270265,0.888889,False,1.000000,70.240216,三人均有参赛经历:0.67；至少一人为二年级以上:1.00；专业不全相同:1.00
24,13,67.682002,0.666667,False,1.000000,55.076676,三人均有参赛经历:0.00；至少一人为二年级以上:1.00；专业不全相同:1.00
24,14,84.751412,0.888889,False,1.000000,62.645951,三人均有参赛经历:0.67；至少一人为二年级以上:1.00；专业不全相同:1.00
24,15,86.882554,0.888889,False,1.000000,73.301659,三人均有参赛经历:0.67；至少一人为二年级以上:1.00；专业不全相同:1.00
24,16,76.792444,0.777778,False,1.000000,61.740000,三人均有参赛经历:0.33；至少一人为二年级以上:1.00；专业不全相同:1.00
24,17,76.146377,0.777778,False,1.000000,58.509662,三人均有参赛经历:0.33；至少一人为二年级以上:1.00；专业不全相同:1.00
24,18,62.319596,0.555556,False,1.000000,67.153535,三人均有参赛经历:0.67；至少一人为二年级以上:1.00；专业不全相同:0.00
24,19,52.564530,0.444444,False,1.000000,57.267094,三人均有参赛经历:0.33；至少一人为二年级以上:1.00；专业不全相同:0.00
24,20,77.842620,0.777778,False,1.000000,66.990877,三人均有参赛经历:0.33；至少一人为二年级以上:1.00；专业不全相同:1.00
24,21,64.153460,0.666667,False,1.000000,37.433964,三人均有参赛经历:0.00；至少一人为二年级以上:1.00；专业不全相同:1.00
24,22,85.191484,0.888889,False,1.000000,64.846307,三人均有参赛经历:0.67；至少一人为二年级以上:1.00；专业不全相同:1.00
24,23,76.810689,0.777778,False,1.000000,61.831220,三人均有参赛经历:0.33；至少一人为二年级以上:1.00；专业不全相同:1.00
24,24,67.685049,0.666667,False,1.000000,55.091912,三人均有参赛经历:0.00；至少一人为二年级以上:1.00；专业不全相同:1.00
24,25,75.633333,0.777778,False,1.000000,55.944444,三人均有参赛经历:0.33；至少一人为二年级以上:1.00；专业不全相同:1.00
24,26,68.134105,0.666667,False,1.000000,57.337193,三人均有参赛经历:0.00；至少一人为二年级以上:1.00；专业不全相同:1.00
24,27,66.177386,0.666667,False,1.000000,47.553595,三人均有参赛经历:0.00；至少一人为二年级以上:1.00；专业不全相同:1.00
24,28,94.652508,1.000000,True,1.000000,73.262542,三人均有参赛经历:1.00；至少一人为二年级以上:1.00；专业不全相同:1.00
24,29,66.520844,0.666667,False,1.000000,49.270885,三人均有参赛经历:0.00；至少一人为二年级以上:1.00；专业不全相同:1.00
24,30,84.078205,0.888889,False,1.000000,59.279915,三人均有参赛经历:0.67；至少一人为二年级以上:1.00；专业不全相同:1.00
24,31,75.719952,0.777778,False,1.000000,56.377536,三人均有参赛经历:0.33；至少一人为二年级以上:1.00；专业不全相同:1.00
24,32,68.338839,0.666667,False,1.000000,58.360861,三人均有参赛经历:0.00；至少一人为二年级以上:1.00；专业不全相同:1.00
24,33,76.454415,0.777778,False,1.000000,60.049851,三人均有参赛经历:0.33；至少一人为二年级以上:1.00；专业不全相同:1.00
24,34,51.195588,0.444444,False,1.000000,50.422386,三人均有参赛经历:0.33；至少一人为二年级以上:1.00；专业不全相同:0.00
24,35,75.374797,0.777778,False,1.000000,54.651762,三人均有参赛经历:0.33；至少一人为二年级以上:1.00；专业不全相同:1.00
24,36,96.225014,1.000000,True,1.000000,81.125070,三人均有参赛经历:1.00；至少一人为二年级以上:1.00；专业不全相同:1.00
24,37,87.001991,0.888889,False,1.000000,73.898846,三人均有参赛经历:0.67；至少一人为二年级以上:1.00；专业不全相同:1.00
24,38,78.042307,0.777778,False,1.000000,67.989310,三人均有参赛经历:0.33；至少一人为二年级以上:1.00；专业不全相同:1.00
24,39,83.123367,0.888889,False,1.000000,54.505722,三人均有参赛经历:0.67；至少一人为二年级以上:1.00；专业不全相同:1.00
24,40,59.965955,0.555556,False,1.000000,55.385332,三人均有参赛经历:0.67；至少一人为二年级以上:1.00；专业不全相同:0.00
24,41,83.622976,0.888889,False,1.000000,57.003771,三人均有参赛经历:0.67；至少一人为二年级以上:1.00；专业不全相同:1.00
24,42,69.461176,0.666667,False,1.000000,63.972548,三人均有参赛经历:0.00；至少一人为二年级以上:1.00；专业不全相同:1.00
24,43,68.448044,0.666667,False,1.000000,58.906887,三人均有参赛经历:0.00；至少一人为二年级以上:1.00；专业不全相同:1.00
24,44,74.488971,0.777778,False,1.000000,50.222634,三人均有参赛经历:0.33；至少一人为二年级以上:1.00；专业不全相同:1.00
24,45,76.215202,0.777778,False,1.000000,58.853789,三人均有参赛经历:0.33；至少一人为二年级以上:1.00；专业不全相同:1.00
24,46,84.868051,0.888889,False,1.000000,63.229143,三人均有参赛经历:0.67；至少一人为二年级以上:1.00；专业不全相同:1.00
24,47,74.808548,0.777778,False,1.000000,51.820518,三人均有参赛经历:0.33；至少一人为二年级以上:1.00；专业不全相同:1.00
24,48,41.007280,0.333333,False,1.000000,38.369732,三人均有参赛经历:0.00；至少一人为二年级以上:1.00；专业不全相同:0.00
24,49,49.589454,0.444444,False,1.000000,42.391714,三人均有参赛经历:0.33；至少一人为二年级以上:1.00；专业不全相同:0.00
24,50,83.732595,0.888889,False,1.000000,57.551862,三人均有参赛经历:0.67；至少一人为二年级以上:1.00；专业不全相同:1.00
24,51,44.006458,0.333333,False,1.000000,53.365623,三人均有参赛经历:0.00；至少一人为二年级以上:0.00；专业不全相同:1.00
24,52,74.345322,0.777778,False,1.000000,49.504388,三人均有参赛经历:0.33；至少一人为二年级以上:1.00；专业不全相同:1.00
24,53,53.036314,0.444444,False,1.000000,59.626016,三人均有参赛经历:0.33；至少一人为二年级以上:1.00；专业不全相同:0.00
24,54,64.988803,0.666667,False,1.000000,41.610684,三人均有参赛经历:0.00；至少一人为二年级以上:1.00；专业不全相同:1.00
24,55,67.068874,0.666667,False,1.000000,52.011036,三人均有参赛经历:0.00；至少一人为二年级以上:1.00；专业不全相同:1.00
24,56,62.253125,0.555556,False,1.000000,66.821181,三人均有参赛经历:0.67；至少一人为二年级以上:1.00；专业不全相同:0.00
24,57,43.431159,0.333333,False,1.000000,50.489130,三人均有参赛经历:0.00；至少一人为二年级以上:1.00；专业不全相同:0.00
24,58,77.339656,0.777778,False,1.000000,64.476057,三人均有参赛经历:0.33；至少一人为二年级以上:1.00；专业不全相同:1.00
24,59,69.223031,0.666667,False,1.000000,62.781822,三人均有参赛经历:0.00；至少一人为二年级以上:1.00；专业不全相同:1.00
24,60,85.992403,0.888889,False,1.000000,68.850902,三人均有参赛经历:0.67；至少一人为二年级以上:1.00；专业不全相同:1.00
24,61,78.017770,0.777778,False,1.000000,67.866626,三人均有参赛经历:0.33；至少一人为二年级以上:1.00；专业不全相同:1.00
24,62,76.877444,0.777778,False,1.000000,62.164997,三人均有参赛经历:0.33；至少一人为二年级以上:1.00；专业不全相同:1.00
24,63,86.289734,0.888889,False,1.000000,70.337558,三人均有参赛经历:0.67；至少一人为二年级以上:1.00；专业不全相同:1.00
24,64,74.431884,0.777778,False,1.000000,49.937198,三人均有参赛经历:0.33；至少一人为二年级以上:1.00；专业不全相同:1.00
24,65,51.827439,0.444444,False,1.000000,53.581640,三人均有参赛经历:0.33；至少一人为二年级以上:1.00；专业不全相同:0.00
24,66,62.532036,0.555556,False,1.000000,68.215738,三人均有参赛经历:0.67；至少一人为二年级以上:1.00；专业不全相同:0.00
24,67,77.685745,0.777778,False,1.000000,66.206500,三人均有参赛经历:0.33；至少一人为二年级以上:1.00；专业不全相同:1.00
24,68,86.677220,0.888889,False,1.000000,72.274990,三人均有参赛经历:0.67；至少一人为二年级以上:1.00；专业不全相同:1.00
24,69,76.767621,0.777778,False,1.000000,61.615885,三人均有参赛经历:0.33；至少一人为二年级以上:1.00；专业不全相同:1.00
24,70,77.688474,0.777778,False,1.000000,66.220147,三人均有参赛经历:0.33；至少一人为二年级以上:1.00；专业不全相同:1.00
24,71,76.088444,0.777778,False,1.000000,58.220000,三人均有参赛经历:0.33；至少一人为二年级以上:1.00；专业不全相同:1.00
24,72,85.457702,0.888889,False,1.000000,66.177397,三人均有参赛经历:0.67；至少一人为二年级以上:1.00；专业不全相同:1.00
24,73,77.714575,0.777778,False,1.000000,66.350653,三人均有参赛经历:0.33；至少一人为二年级以上:1.00；专业不全相同:1.00
24,74,76.318955,0.777778,False,1.000000,59.372551,三人均有参赛经历:0.33；至少一人为二年级以上:1.00；专业不全相同:1.00
24,75,74.703390,0.777778,False,1.000000,51.294727,三人均有参赛经历:0.33；至少一人为二年级以上:1.00；专业不全相同:1.00
24,76,64.128019,0.555556,False,1.000000,76.195652,三人均有参赛经历:0.67；至少一人为二年级以上:1.00；专业不全相同:0.00
24,77,67.937475,0.666667,False,1.000000,56.354040,三人均有参赛经历:0.00；至少一人为二年级以上:1.00；专业不全相同:1.00
24,78,93.015835,1.000000,True,1.000000,65.079177,三人均有参赛经历:1.00；至少一人为二年级以上:1.00；专业不全相同:1.00
24,79,77.089807,0.777778,False,1.000000,63.226815,三人均有参赛经历:0.33；至少一人为二年级以上:1.00；专业不全相同:1.00
24,80,85.775576,0.888889,False,1.000000,67.766771,三人均有参赛经历:0.67；至少一人为二年级以上:1.00；专业不全相同:1.00
24,81,78.199343,0.777778,False,1.000000,68.774492,三人均有参赛经历:0.33；至少一人为二年级以上:1.00；专业不全相同:1.00
24,82,68.388193,0.666667,False,1.000000,58.607634,三人均有参赛经历:0.00；至少一人为二年级以上:1.00；专业不全相同:1.00
24,83,75.356944,0.777778,False,1.000000,54.562500,三人均有参赛经历:0.33；至少一人为二年级以上:1.00；专业不全相同:1.00
24,84,82.136033,0.888889,False,1.000000,49.569054,三人均有参赛经历:0.67；至少一人为二年级以上:1.00；专业不全相同:1.00
24,85,84.190443,0.888889,False,1.000000,59.841102,三人均有参赛经历:0.67；至少一人为二年级以上:1.00；专业不全相同:1.00
24,86,77.226947,0.777778,False,1.000000,63.912512,三人均有参赛经历:0.33；至少一人为二年级以上:1.00；专业不全相同:1.00
24,87,77.052515,0.777778,False,1.000000,63.040351,三人均有参赛经历:0.33；至少一人为二年级以上:1.00；专业不全相同:1.00
24,88,74.701596,0.777778,False,1.000000,51.285757,三人均有参赛经历:0.33；至少一人为二年级以上:1.00；专业不全相同:1.00
24,89,77.348566,0.777778,False,1.000000,64.520609,三人均有参赛经历:0.33；至少一人为二年级以上:1.00；专业不全相同:1.00
24,90,83.494386,0.888889,False,1.000000,56.360820,三人均有参赛经历:0.67；至少一人为二年级以上:1.00；专业不全相同:1.00
24,91,53.043262,0.444444,False,1.000000,59.660754,三人均有参赛经历:0.33；至少一人为二年级以上:1.00；专业不全相同:0.00
24,92,85.255556,0.888889,False,1.000000,65.166667,三人均有参赛经历:0.67；至少一人为二年级以上:1.00；专业不全相同:1.00
24,93,86.211675,0.888889,False,1.000000,69.947262,三人均有参赛经历:0.67；至少一人为二年级以上:1.00；专业不全相同:1.00
24,94,63.704848,0.555556,False,1.000000,74.079798,三人均有参赛经历:0.67；至少一人为二年级以上:1.00；专业不全相同:0.00
24,95,75.683461,0.777778,False,1.000000,56.195083,三人均有参赛经历:0.33；至少一人为二年级以上:1.00；专业不全相同:1.00
24,96,85.166637,0.888889,False,1.000000,64.722072,三人均有参赛经历:0.67；至少一人为二年级以上:1.00；专业不全相同:1.00
24,97,76.479630,0.777778,False,1.000000,60.175926,三人均有参赛经历:0.33；至少一人为二年级以上:1.00；专业不全相同:1.00
24,98,53.690459,0.444444,False,1.000000,62.896737,三人均有参赛经历:0.33；至少一人为二年级以上:1.00；专业不全相同:0.00
24,99,66.152222,0.666667,False,1.000000,47.427778,三人均有参赛经历:0.00；至少一人为二年级以上:1.00；专业不全相同:1.00
24,100,85.191948,0.888889,False,1.000000,64.848631,三人均有参赛经历:0.67；至少一人为二年级以上:1.00；专业不全相同:1.00
24,101,66.888526,0.666667,False,1.000000,51.109295,三人均有参赛经历:0.00；至少一人为二年级以上:1.00；专业不全相同:1.00
24,102,78.584010,0.777778,False,1.000000,70.697829,三人均有参赛经历:0.33；至少一人为二年级以上:1.00；专业不全相同:1.00
24,103,94.060341,1.000000,True,1.000000,70.301705,三人均有参赛经历:1.00；至少一人为二年级以上:1.00；专业不全相同:1.00
24,104,77.291836,0.777778,False,1.000000,64.236959,三人均有参赛经历:0.33；至少一人为二年级以上:1.00；专业不全相同:1.00
24,105,53.266013,0.444444,False,1.000000,60.774510,三人均有参赛经历:0.33；至少一人为二年级以上:1.00；专业不全相同:0.00
24,106,72.102825,0.666667,False,1.000000,77.180791,三人均有参赛经历:1.00；至少一人为二年级以上:1.00；专业不全相同:0.00
24,107,74.809253,0.777778,False,1.000000,51.824044,三人均有参赛经历:0.33；至少一人为二年级以上:1.00；专业不全相同:1.00
24,108,85.758926,0.888889,False,1.000000,67.683520,三人均有参赛经历:0.67；至少一人为二年级以上:1.00；专业不全相同:1.00
24,109,76.610659,0.777778,False,1.000000,60.831075,三人均有参赛经历:0.33；至少一人为二年级以上:1.00；专业不全相同:1.00
24,110,68.440558,0.666667,False,1.000000,58.869458,三人均有参赛经历:0.00；至少一人为二年级以上:1.00；专业不全相同:1.00
24,111,45.214129,0.333333,False,1.000000,59.403978,三人均有参赛经历:0.00；至少一人为二年级以上:1.00；专业不全相同:0.00
24,112,95.515954,1.000000,True,1.000000,77.579772,三人均有参赛经历:1.00；至少一人为二年级以上:1.00；专业不全相同:1.00
24,113,65.662906,0.666667,False,1.000000,44.981197,三人均有参赛经历:0.00；至少一人为二年级以上:1.00；专业不全相同:1.00
24,114,68.142963,0.666667,False,1.000000,57.381481,三人均有参赛经历:0.00；至少一人为二年级以上:1.00；专业不全相同:1.00
24,115,85.547745,0.888889,False,1.000000,66.627616,三人均有参赛经历:0.67；至少一人为二年级以上:1.00；专业不全相同:1.00
24,116,84.550000,0.888889,False,1.000000,61.638889,三人均有参赛经历:0.67；至少一人为二年级以上:1.00；专业不全相同:1.00
24,117,67.885675,0.666667,False,1.000000,56.095041,三人均有参赛经历:0.00；至少一人为二年级以上:1.00；专业不全相同:1.00
24,118,78.090665,0.777778,False,1.000000,68.231103,三人均有参赛经历:0.33；至少一人为二年级以上:1.00；专业不全相同:1.00
24,119,75.871895,0.777778,False,1.000000,57.137255,三人均有参赛经历:0.33；至少一人为二年级以上:1.00；专业不全相同:1.00
24,120,75.500044,0.777778,False,1.000000,55.278000,三人均有参赛经历:0.33；至少一人为二年级以上:1.00；专业不全相同:1.00
24,121,77.190468,0.777778,False,1.000000,63.730120,三人均有参赛经历:0.33；至少一人为二年级以上:1.00；专业不全相同:1.00
24,122,53.995274,0.444444,False,1.000000,64.420812,三人均有参赛经历:0.33；至少一人为二年级以上:1.00；专业不全相同:0.00
24,123,85.864721,0.888889,False,1.000000,68.212496,三人均有参赛经历:0.67；至少一人为二年级以上:1.00；专业不全相同:1.00
24,124,67.339555,0.666667,False,1.000000,53.364441,三人均有参赛经历:0.00；至少一人为二年级以上:1.00；专业不全相同:1.00
24,125,68.944051,0.666667,False,1.000000,61.386923,三人均有参赛经历:0.00；至少一人为二年级以上:1.00；专业不全相同:1.00
24,126,75.584110,0.777778,False,1.000000,55.698327,三人均有参赛经历:0.33；至少一人为二年级以上:1.00；专业不全相同:1.00
24,127,84.143924,0.888889,False,1.000000,59.608507,三人均有参赛经历:0.67；至少一人为二年级以上:1.00；专业不全相同:1.00
24,128,84.069111,0.888889,False,1.000000,59.234443,三人均有参赛经历:0.67；至少一人为二年级以上:1.00；专业不全相同:1.00
24,129,73.527502,0.777778,False,1.000000,45.415285,三人均有参赛经历:0.33；至少一人为二年级以上:1.00；专业不全相同:1.00
24,130,87.046082,0.888889,False,1.000000,74.119297,三人均有参赛经历:0.67；至少一人为二年级以上:1.00；专业不全相同:1.00
24,131,84.279898,0.888889,False,1.000000,60.288377,三人均有参赛经历:0.67；至少一人为二年级以上:1.00；专业不全相同:1.00
24,132,85.694874,0.888889,False,1.000000,67.363260,三人均有参赛经历:0.67；至少一人为二年级以上:1.00；专业不全相同:1.00
24,133,76.113943,0.777778,False,1.000000,58.347495,三人均有参赛经历:0.33；至少一人为二年级以上:1.00；专业不全相同:1.00
24,134,53.222141,0.444444,False,1.000000,60.555147,三人均有参赛经历:0.33；至少一人为二年级以上:1.00；专业不全相同:0.00
24,135,62.103865,0.555556,False,1.000000,66.074879,三人均有参赛经历:0.67；至少一人为二年级以上:1.00；专业不全相同:0.00
24,136,67.818668,0.666667,False,1.000000,55.760009,三人均有参赛经历:0.00；至少一人为二年级以上:1.00；专业不全相同:1.00
24,137,85.325810,0.888889,False,1.000000,65.517940,三人均有参赛经历:0.67；至少一人为二年级以上:1.00；专业不全相同:1.00
24,138,95.525689,1.000000,True,1.000000,77.628444,三人均有参赛经历:1.00；至少一人为二年级以上:1.00；专业不全相同:1.00
24,139,76.313535,0.777778,False,1.000000,59.345455,三人均有参赛经历:0.33；至少一人为二年级以上:1.00；专业不全相同:1.00
24,140,75.723238,0.777778,False,1.000000,56.393970,三人均有参赛经历:0.33；至少一人为二年级以上:1.00；专业不全相同:1.00
24,141,84.710277,0.888889,False,1.000000,62.440275,三人均有参赛经历:0.67；至少一人为二年级以上:1.00；专业不全相同:1.00
24,142,66.593591,0.666667,False,1.000000,49.634622,三人均有参赛经历:0.00；至少一人为二年级以上:1.00；专业不全相同:1.00
24,143,78.769112,0.777778,False,1.000000,71.623336,三人均有参赛经历:0.33；至少一人为二年级以上:1.00；专业不全相同:1.00
24,144,75.073889,0.777778,False,1.000000,53.147222,三人均有参赛经历:0.33；至少一人为二年级以上:1.00；专业不全相同:1.00
24,145,77.137983,0.777778,False,1.000000,63.467693,三人均有参赛经历:0.33；至少一人为二年级以上:1.00；专业不全相同:1.00
24,146,52.386355,0.444444,False,1.000000,56.376220,三人均有参赛经历:0.33；至少一人为二年级以上:1.00；专业不全相同:0.00
24,147,77.114268,0.777778,False,1.000000,63.349119,三人均有参赛经历:0.33；至少一人为二年级以上:1.00；专业不全相同:1.00
24,148,69.345885,0.666667,False,1.000000,63.396090,三人均有参赛经历:0.00；至少一人为二年级以上:1.00；专业不全相同:1.00
24,149,86.171330,0.888889,False,1.000000,69.745540,三人均有参赛经历:0.67；至少一人为二年级以上:1.00；专业不全相同:1.00
24,150,19.988889,0.000000,False,1.000000,49.944444,三人均有参赛经历:0.00；至少一人为二年级以上:0.00；专业不全相同:0.00
24,151,84.715556,0.888889,False,1.000000,62.466667,三人均有参赛经历:0.67；至少一人为二年级以上:1.00；专业不全相同:1.00
24,152,75.664157,0.777778,False,1.000000,56.098563,三人均有参赛经历:0.33；至少一人为二年级以上:1.00；专业不全相同:1.00
24,153,76.969243,0.777778,False,1.000000,62.623994,三人均有参赛经历:0.33；至少一人为二年级以上:1.00；专业不全相同:1.00
24,154,43.150097,0.333333,False,1.000000,49.083821,三人均有参赛经历:0.00；至少一人为二年级以上:1.00；专业不全相同:0.00
24,155,54.227240,0.444444,False,1.000000,65.580645,三人均有参赛经历:0.33；至少一人为二年级以上:1.00；专业不全相同:0.00
24,156,76.939330,0.777778,False,1.000000,62.474425,三人均有参赛经历:0.33；至少一人为二年级以上:1.00；专业不全相同:1.00
24,157,86.931522,0.888889,False,1.000000,73.546498,三人均有参赛经历:0.67；至少一人为二年级以上:1.00；专业不全相同:1.00
24,158,76.763462,0.777778,False,1.000000,61.595090,三人均有参赛经历:0.33；至少一人为二年级以上:1.00；专业不全相同:1.00
24,159,69.023128,0.666667,False,1.000000,61.782306,三人均有参赛经历:0.00；至少一人为二年级以上:1.00；专业不全相同:1.00
24,160,76.580092,0.777778,False,1.000000,60.678237,三人均有参赛经历:0.33；至少一人为二年级以上:1.00；专业不全相同:1.00
24,161,75.919423,0.777778,False,1.000000,57.374894,三人均有参赛经历:0.33；至少一人为二年级以上:1.00；专业不全相同:1.00
24,162,76.235550,0.777778,False,1.000000,58.955530,三人均有参赛经历:0.33；至少一人为二年级以上:1.00；专业不全相同:1.00
24,163,76.328935,0.777778,False,1.000000,59.422454,三人均有参赛经历:0.33；至少一人为二年级以上:1.00；专业不全相同:1.00
24,164,74.349908,0.777778,False,1.000000,49.527320,三人均有参赛经历:0.33；至少一人为二年级以上:1.00；专业不全相同:1.00
24,165,66.631944,0.666667,False,1.000000,49.826389,三人均有参赛经历:0.00；至少一人为二年级以上:1.00；专业不全相同:1.00
24,166,50.810155,0.444444,False,1.000000,48.495219,三人均有参赛经历:0.33；至少一人为二年级以上:1.00；专业不全相同:0.00
24,167,75.607518,0.777778,False,1.000000,55.815366,三人均有参赛经历:0.33；至少一人为二年级以上:1.00；专业不全相同:1.00
24,168,83.726222,0.888889,False,1.000000,57.520000,三人均有参赛经历:0.67；至少一人为二年级以上:1.00；专业不全相同:1.00
24,169,86.223362,0.888889,False,1.000000,70.005698,三人均有参赛经历:0.67；至少一人为二年级以上:1.00；专业不全相同:1.00
24,170,76.127963,0.777778,False,1.000000,58.417595,三人均有参赛经历:0.33；至少一人为二年级以上:1.00；专业不全相同:1.00
24,171,83.392484,0.888889,False,1.000000,55.851307,三人均有参赛经历:0.67；至少一人为二年级以上:1.00；专业不全相同:1.00
24,172,86.164030,0.888889,False,1.000000,69.709040,三人均有参赛经历:0.67；至少一人为二年级以上:1.00；专业不全相同:1.00
24,173,42.036625,0.333333,False,1.000000,43.516461,三人均有参赛经历:0.00；至少一人为二年级以上:0.00；专业不全相同:1.00
24,174,86.814522,0.888889,False,1.000000,72.961497,三人均有参赛经历:0.67；至少一人为二年级以上:1.00；专业不全相同:1.00
24,175,86.871013,0.888889,False,1.000000,73.243955,三人均有参赛经历:0.67；至少一人为二年级以上:1.00；专业不全相同:1.00
33,1,91.655914,1.000000,True,1.000000,58.279570,至少一人有参赛经历:1.00
33,2,95.377179,1.000000,True,1.000000,76.885895,至少一人有参赛经历:1.00
33,3,91.714559,1.000000,True,1.000000,58.572797,至少一人有参赛经历:1.00
33,4,91.496705,1.000000,True,1.000000,57.483524,至少一人有参赛经历:1.00
33,5,92.965269,1.000000,True,1.000000,64.826344,至少一人有参赛经历:1.00
33,6,91.865679,1.000000,True,1.000000,59.328395,至少一人有参赛经历:1.00
33,7,91.390465,1.000000,True,1.000000,56.952327,至少一人有参赛经历:1.00
33,8,90.940741,1.000000,True,1.000000,54.703704,至少一人有参赛经历:1.00
33,9,93.206520,1.000000,True,1.000000,66.032600,至少一人有参赛经历:1.00
33,10,21.416667,0.000000,False,1.000000,57.083333,至少一人有参赛经历:0.00
33,11,94.088560,1.000000,True,1.000000,70.442798,至少一人有参赛经历:1.00
33,12,94.048043,1.000000,True,1.000000,70.240216,至少一人有参赛经历:1.00
33,13,21.015335,0.000000,False,1.000000,55.076676,至少一人有参赛经历:0.00
33,14,92.529190,1.000000,True,1.000000,62.645951,至少一人有参赛经历:1.00
33,15,94.660332,1.000000,True,1.000000,73.301659,至少一人有参赛经历:1.00
33,16,92.348000,1.000000,True,1.000000,61.740000,至少一人有参赛经历:1.00
33,17,91.701932,1.000000,True,1.000000,58.509662,至少一人有参赛经历:1.00
33,18,93.430707,1.000000,True,1.000000,67.153535,至少一人有参赛经历:1.00
33,19,91.453419,1.000000,True,1.000000,57.267094,至少一人有参赛经历:1.00
33,20,93.398175,1.000000,True,1.000000,66.990877,至少一人有参赛经历:1.00
33,21,17.486793,0.000000,False,1.000000,37.433964,至少一人有参赛经历:0.00
33,22,92.969261,1.000000,True,1.000000,64.846307,至少一人有参赛经历:1.00
33,23,92.366244,1.000000,True,1.000000,61.831220,至少一人有参赛经历:1.00
33,24,21.018382,0.000000,False,1.000000,55.091912,至少一人有参赛经历:0.00
33,25,91.188889,1.000000,True,1.000000,55.944444,至少一人有参赛经历:1.00
33,26,21.467439,0.000000,False,1.000000,57.337193,至少一人有参赛经历:0.00
33,27,19.510719,0.000000,False,1.000000,47.553595,至少一人有参赛经历:0.00
33,28,94.652508,1.000000,True,1.000000,73.262542,至少一人有参赛经历:1.00
33,29,19.854177,0.000000,False,1.000000,49.270885,至少一人有参赛经历:0.00
33,30,91.855983,1.000000,True,1.000000,59.279915,至少一人有参赛经历:1.00
33,31,91.275507,1.000000,True,1.000000,56.377536,至少一人有参赛经历:1.00
33,32,21.672172,0.000000,False,1.000000,58.360861,至少一人有参赛经历:0.00
33,33,92.009970,1.000000,True,1.000000,60.049851,至少一人有参赛经历:1.00
33,34,90.084477,1.000000,True,1.000000,50.422386,至少一人有参赛经历:1.00
33,35,90.930352,1.000000,True,1.000000,54.651762,至少一人有参赛经历:1.00
33,36,96.225014,1.000000,True,1.000000,81.125070,至少一人有参赛经历:1.00
33,37,94.779769,1.000000,True,1.000000,73.898846,至少一人有参赛经历:1.00
33,38,93.597862,1.000000,True,1.000000,67.989310,至少一人有参赛经历:1.00
33,39,90.901144,1.000000,True,1.000000,54.505722,至少一人有参赛经历:1.00
33,40,91.077066,1.000000,True,1.000000,55.385332,至少一人有参赛经历:1.00
33,41,91.400754,1.000000,True,1.000000,57.003771,至少一人有参赛经历:1.00
33,42,22.794510,0.000000,False,1.000000,63.972548,至少一人有参赛经历:0.00
33,43,21.781377,0.000000,False,1.000000,58.906887,至少一人有参赛经历:0.00
33,44,90.044527,1.000000,True,1.000000,50.222634,至少一人有参赛经历:1.00
33,45,91.770758,1.000000,True,1.000000,58.853789,至少一人有参赛经历:1.00
33,46,92.645829,1.000000,True,1.000000,63.229143,至少一人有参赛经历:1.00
33,47,90.364104,1.000000,True,1.000000,51.820518,至少一人有参赛经历:1.00
33,48,17.673946,0.000000,False,1.000000,38.369732,至少一人有参赛经历:0.00
33,49,88.478343,1.000000,True,1.000000,42.391714,至少一人有参赛经历:1.00
33,50,91.510372,1.000000,True,1.000000,57.551862,至少一人有参赛经历:1.00
33,51,20.673125,0.000000,False,1.000000,53.365623,至少一人有参赛经历:0.00
33,52,89.900878,1.000000,True,1.000000,49.504388,至少一人有参赛经历:1.00
33,53,91.925203,1.000000,True,1.000000,59.626016,至少一人有参赛经历:1.00
33,54,18.322137,0.000000,False,1.000000,41.610684,至少一人有参赛经历:0.00
33,55,20.402207,0.000000,False,1.000000,52.011036,至少一人有参赛经历:0.00
33,56,93.364236,1.000000,True,1.000000,66.821181,至少一人有参赛经历:1.00
33,57,20.097826,0.000000,False,1.000000,50.489130,至少一人有参赛经历:0.00
33,58,92.895211,1.000000,True,1.000000,64.476057,至少一人有参赛经历:1.00
33,59,22.556364,0.000000,False,1.000000,62.781822,至少一人有参赛经历:0.00
33,60,93.770180,1.000000,True,1.000000,68.850902,至少一人有参赛经历:1.00
33,61,93.573325,1.000000,True,1.000000,67.866626,至少一人有参赛经历:1.00
33,62,92.432999,1.000000,True,1.000000,62.164997,至少一人有参赛经历:1.00
33,63,94.067512,1.000000,True,1.000000,70.337558,至少一人有参赛经历:1.00
33,64,89.987440,1.000000,True,1.000000,49.937198,至少一人有参赛经历:1.00
33,65,90.716328,1.000000,True,1.000000,53.581640,至少一人有参赛经历:1.00
33,66,93.643148,1.000000,True,1.000000,68.215738,至少一人有参赛经历:1.00
33,67,93.241300,1.000000,True,1.000000,66.206500,至少一人有参赛经历:1.00
33,68,94.454998,1.000000,True,1.000000,72.274990,至少一人有参赛经历:1.00
33,69,92.323177,1.000000,True,1.000000,61.615885,至少一人有参赛经历:1.00
33,70,93.244029,1.000000,True,1.000000,66.220147,至少一人有参赛经历:1.00
33,71,91.644000,1.000000,True,1.000000,58.220000,至少一人有参赛经历:1.00
33,72,93.235479,1.000000,True,1.000000,66.177397,至少一人有参赛经历:1.00
33,73,93.270131,1.000000,True,1.000000,66.350653,至少一人有参赛经历:1.00
33,74,91.874510,1.000000,True,1.000000,59.372551,至少一人有参赛经历:1.00
33,75,90.258945,1.000000,True,1.000000,51.294727,至少一人有参赛经历:1.00
33,76,95.239130,1.000000,True,1.000000,76.195652,至少一人有参赛经历:1.00
33,77,21.270808,0.000000,False,1.000000,56.354040,至少一人有参赛经历:0.00
33,78,93.015835,1.000000,True,1.000000,65.079177,至少一人有参赛经历:1.00
33,79,92.645363,1.000000,True,1.000000,63.226815,至少一人有参赛经历:1.00
33,80,93.553354,1.000000,True,1.000000,67.766771,至少一人有参赛经历:1.00
33,81,93.754898,1.000000,True,1.000000,68.774492,至少一人有参赛经历:1.00
33,82,21.721527,0.000000,False,1.000000,58.607634,至少一人有参赛经历:0.00
33,83,90.912500,1.000000,True,1.000000,54.562500,至少一人有参赛经历:1.00
33,84,89.913811,1.000000,True,1.000000,49.569054,至少一人有参赛经历:1.00
33,85,91.968220,1.000000,True,1.000000,59.841102,至少一人有参赛经历:1.00
33,86,92.782502,1.000000,True,1.000000,63.912512,至少一人有参赛经历:1.00
33,87,92.608070,1.000000,True,1.000000,63.040351,至少一人有参赛经历:1.00
33,88,90.257151,1.000000,True,1.000000,51.285757,至少一人有参赛经历:1.00
33,89,92.904122,1.000000,True,1.000000,64.520609,至少一人有参赛经历:1.00
33,90,91.272164,1.000000,True,1.000000,56.360820,至少一人有参赛经历:1.00
33,91,91.932151,1.000000,True,1.000000,59.660754,至少一人有参赛经历:1.00
33,92,93.033333,1.000000,True,1.000000,65.166667,至少一人有参赛经历:1.00
33,93,93.989452,1.000000,True,1.000000,69.947262,至少一人有参赛经历:1.00
33,94,94.815960,1.000000,True,1.000000,74.079798,至少一人有参赛经历:1.00
33,95,91.239017,1.000000,True,1.000000,56.195083,至少一人有参赛经历:1.00
33,96,92.944414,1.000000,True,1.000000,64.722072,至少一人有参赛经历:1.00
33,97,92.035185,1.000000,True,1.000000,60.175926,至少一人有参赛经历:1.00
33,98,92.579347,1.000000,True,1.000000,62.896737,至少一人有参赛经历:1.00
33,99,19.485556,0.000000,False,1.000000,47.427778,至少一人有参赛经历:0.00
33,100,92.969726,1.000000,True,1.000000,64.848631,至少一人有参赛经历:1.00
33,101,20.221859,0.000000,False,1.000000,51.109295,至少一人有参赛经历:0.00
33,102,94.139566,1.000000,True,1.000000,70.697829,至少一人有参赛经历:1.00
33,103,94.060341,1.000000,True,1.000000,70.301705,至少一人有参赛经历:1.00
33,104,92.847392,1.000000,True,1.000000,64.236959,至少一人有参赛经历:1.00
33,105,92.154902,1.000000,True,1.000000,60.774510,至少一人有参赛经历:1.00
33,106,95.436158,1.000000,True,1.000000,77.180791,至少一人有参赛经历:1.00
33,107,90.364809,1.000000,True,1.000000,51.824044,至少一人有参赛经历:1.00
33,108,93.536704,1.000000,True,1.000000,67.683520,至少一人有参赛经历:1.00
33,109,92.166215,1.000000,True,1.000000,60.831075,至少一人有参赛经历:1.00
33,110,21.773892,0.000000,False,1.000000,58.869458,至少一人有参赛经历:0.00
33,111,21.880796,0.000000,False,1.000000,59.403978,至少一人有参赛经历:0.00
33,112,95.515954,1.000000,True,1.000000,77.579772,至少一人有参赛经历:1.00
33,113,18.996239,0.000000,False,1.000000,44.981197,至少一人有参赛经历:0.00
33,114,21.476296,0.000000,False,1.000000,57.381481,至少一人有参赛经历:0.00
33,115,93.325523,1.000000,True,1.000000,66.627616,至少一人有参赛经历:1.00
33,116,92.327778,1.000000,True,1.000000,61.638889,至少一人有参赛经历:1.00
33,117,21.219008,0.000000,False,1.000000,56.095041,至少一人有参赛经历:0.00
33,118,93.646221,1.000000,True,1.000000,68.231103,至少一人有参赛经历:1.00
33,119,91.427451,1.000000,True,1.000000,57.137255,至少一人有参赛经历:1.00
33,120,91.055600,1.000000,True,1.000000,55.278000,至少一人有参赛经历:1.00
33,121,92.746024,1.000000,True,1.000000,63.730120,至少一人有参赛经历:1.00
33,122,92.884162,1.000000,True,1.000000,64.420812,至少一人有参赛经历:1.00
33,123,93.642499,1.000000,True,1.000000,68.212496,至少一人有参赛经历:1.00
33,124,20.672888,0.000000,False,1.000000,53.364441,至少一人有参赛经历:0.00
33,125,22.277385,0.000000,False,1.000000,61.386923,至少一人有参赛经历:0.00
33,126,91.139665,1.000000,True,1.000000,55.698327,至少一人有参赛经历:1.00
33,127,91.921701,1.000000,True,1.000000,59.608507,至少一人有参赛经历:1.00
33,128,91.846889,1.000000,True,1.000000,59.234443,至少一人有参赛经历:1.00
33,129,89.083057,1.000000,True,1.000000,45.415285,至少一人有参赛经历:1.00
33,130,94.823859,1.000000,True,1.000000,74.119297,至少一人有参赛经历:1.00
33,131,92.057675,1.000000,True,1.000000,60.288377,至少一人有参赛经历:1.00
33,132,93.472652,1.000000,True,1.000000,67.363260,至少一人有参赛经历:1.00
33,133,91.669499,1.000000,True,1.000000,58.347495,至少一人有参赛经历:1.00
33,134,92.111029,1.000000,True,1.000000,60.555147,至少一人有参赛经历:1.00
33,135,93.214976,1.000000,True,1.000000,66.074879,至少一人有参赛经历:1.00
33,136,21.152002,0.000000,False,1.000000,55.760009,至少一人有参赛经历:0.00
33,137,93.103588,1.000000,True,1.000000,65.517940,至少一人有参赛经历:1.00
33,138,95.525689,1.000000,True,1.000000,77.628444,至少一人有参赛经历:1.00
33,139,91.869091,1.000000,True,1.000000,59.345455,至少一人有参赛经历:1.00
33,140,91.278794,1.000000,True,1.000000,56.393970,至少一人有参赛经历:1.00
33,141,92.488055,1.000000,True,1.000000,62.440275,至少一人有参赛经历:1.00
33,142,19.926924,0.000000,False,1.000000,49.634622,至少一人有参赛经历:0.00
33,143,94.324667,1.000000,True,1.000000,71.623336,至少一人有参赛经历:1.00
33,144,90.629444,1.000000,True,1.000000,53.147222,至少一人有参赛经历:1.00
33,145,92.693539,1.000000,True,1.000000,63.467693,至少一人有参赛经历:1.00
33,146,91.275244,1.000000,True,1.000000,56.376220,至少一人有参赛经历:1.00
33,147,92.669824,1.000000,True,1.000000,63.349119,至少一人有参赛经历:1.00
33,148,22.679218,0.000000,False,1.000000,63.396090,至少一人有参赛经历:0.00
33,149,93.949108,1.000000,True,1.000000,69.745540,至少一人有参赛经历:1.00
33,150,19.988889,0.000000,False,1.000000,49.944444,至少一人有参赛经历:0.00
33,151,92.493333,1.000000,True,1.000000,62.466667,至少一人有参赛经历:1.00
33,152,91.219713,1.000000,True,1.000000,56.098563,至少一人有参赛经历:1.00
33,153,92.524799,1.000000,True,1.000000,62.623994,至少一人有参赛经历:1.00
33,154,19.816764,0.000000,False,1.000000,49.083821,至少一人有参赛经历:0.00
33,155,93.116129,1.000000,True,1.000000,65.580645,至少一人有参赛经历:1.00
33,156,92.494885,1.000000,True,1.000000,62.474425,至少一人有参赛经历:1.00
33,157,94.709300,1.000000,True,1.000000,73.546498,至少一人有参赛经历:1.00
33,158,92.319018,1.000000,True,1.000000,61.595090,至少一人有参赛经历:1.00
33,159,22.356461,0.000000,False,1.000000,61.782306,至少一人有参赛经历:0.00
33,160,92.135647,1.000000,True,1.000000,60.678237,至少一人有参赛经历:1.00
33,161,91.474979,1.000000,True,1.000000,57.374894,至少一人有参赛经历:1.00
33,162,91.791106,1.000000,True,1.000000,58.955530,至少一人有参赛经历:1.00
33,163,91.884491,1.000000,True,1.000000,59.422454,至少一人有参赛经历:1.00
33,164,89.905464,1.000000,True,1.000000,49.527320,至少一人有参赛经历:1.00
33,165,19.965278,0.000000,False,1.000000,49.826389,至少一人有参赛经历:0.00
33,166,89.699044,1.000000,True,1.000000,48.495219,至少一人有参赛经历:1.00
33,167,91.163073,1.000000,True,1.000000,55.815366,至少一人有参赛经历:1.00
33,168,91.504000,1.000000,True,1.000000,57.520000,至少一人有参赛经历:1.00
33,169,94.001140,1.000000,True,1.000000,70.005698,至少一人有参赛经历:1.00
33,170,91.683519,1.000000,True,1.000000,58.417595,至少一人有参赛经历:1.00
33,171,91.170261,1.000000,True,1.000000,55.851307,至少一人有参赛经历:1.00
33,172,93.941808,1.000000,True,1.000000,69.709040,至少一人有参赛经历:1.00
33,173,18.703292,0.000000,False,1.000000,43.516461,至少一人有参赛经历:0.00
33,174,94.592299,1.000000,True,1.000000,72.961497,至少一人有参赛经历:1.00
33,175,94.648791,1.000000,True,1.000000,73.243955,至少一人有参赛经历:1.00
30,1,91.655914,1.000000,True,1.000000,58.279570,无限制
30,2,95.377179,1.000000,True,1.000000,76.885895,无限制
30,3,91.714559,1.000000,True,1.000000,58.572797,无限制
30,4,91.496705,1.000000,True,1.000000,57.483524,无限制
30,5,92.965269,1.000000,True,1.000000,64.826344,无限制
30,6,91.865679,1.000000,True,1.000000,59.328395,无限制
30,7,91.390465,1.000000,True,1.000000,56.952327,无限制
30,8,90.940741,1.000000,True,1.000000,54.703704,无限制
30,9,93.206520,1.000000,True,1.000000,66.032600,无限制
30,10,91.416667,1.000000,True,1.000000,57.083333,无限制
30,11,94.088560,1.000000,True,1.000000,70.442798,无限制
30,12,94.048043,1.000000,True,1.000000,70.240216,无限制
30,13,91.015335,1.000000,True,1.000000,55.076676,无限制
30,14,92.529190,1.000000,True,1.000000,62.645951,无限制
30,15,94.660332,1.000000,True,1.000000,73.301659,无限制
30,16,92.348000,1.000000,True,1.000000,61.740000,无限制
30,17,91.701932,1.000000,True,1.000000,58.509662,无限制
30,18,93.430707,1.000000,True,1.000000,67.153535,无限制
30,19,91.453419,1.000000,True,1.000000,57.267094,无限制
30,20,93.398175,1.000000,True,1.000000,66.990877,无限制
30,21,87.486793,1.000000,True,1.000000,37.433964,无限制
30,22,92.969261,1.000000,True,1.000000,64.846307,无限制
30,23,92.366244,1.000000,True,1.000000,61.831220,无限制
30,24,91.018382,1.000000,True,1.000000,55.091912,无限制
30,25,91.188889,1.000000,True,1.000000,55.944444,无限制
30,26,91.467439,1.000000,True,1.000000,57.337193,无限制
30,27,89.510719,1.000000,True,1.000000,47.553595,无限制
30,28,94.652508,1.000000,True,1.000000,73.262542,无限制
30,29,89.854177,1.000000,True,1.000000,49.270885,无限制
30,30,91.855983,1.000000,True,1.000000,59.279915,无限制
30,31,91.275507,1.000000,True,1.000000,56.377536,无限制
30,32,91.672172,1.000000,True,1.000000,58.360861,无限制
30,33,92.009970,1.000000,True,1.000000,60.049851,无限制
30,34,90.084477,1.000000,True,1.000000,50.422386,无限制
30,35,90.930352,1.000000,True,1.000000,54.651762,无限制
30,36,96.225014,1.000000,True,1.000000,81.125070,无限制
30,37,94.779769,1.000000,True,1.000000,73.898846,无限制
30,38,93.597862,1.000000,True,1.000000,67.989310,无限制
30,39,90.901144,1.000000,True,1.000000,54.505722,无限制
30,40,91.077066,1.000000,True,1.000000,55.385332,无限制
30,41,91.400754,1.000000,True,1.000000,57.003771,无限制
30,42,92.794510,1.000000,True,1.000000,63.972548,无限制
30,43,91.781377,1.000000,True,1.000000,58.906887,无限制
30,44,90.044527,1.000000,True,1.000000,50.222634,无限制
30,45,91.770758,1.000000,True,1.000000,58.853789,无限制
30,46,92.645829,1.000000,True,1.000000,63.229143,无限制
30,47,90.364104,1.000000,True,1.000000,51.820518,无限制
30,48,87.673946,1.000000,True,1.000000,38.369732,无限制
30,49,88.478343,1.000000,True,1.000000,42.391714,无限制
30,50,91.510372,1.000000,True,1.000000,57.551862,无限制
30,51,90.673125,1.000000,True,1.000000,53.365623,无限制
30,52,89.900878,1.000000,True,1.000000,49.504388,无限制
30,53,91.925203,1.000000,True,1.000000,59.626016,无限制
30,54,88.322137,1.000000,True,1.000000,41.610684,无限制
30,55,90.402207,1.000000,True,1.000000,52.011036,无限制
30,56,93.364236,1.000000,True,1.000000,66.821181,无限制
30,57,90.097826,1.000000,True,1.000000,50.489130,无限制
30,58,92.895211,1.000000,True,1.000000,64.476057,无限制
30,59,92.556364,1.000000,True,1.000000,62.781822,无限制
30,60,93.770180,1.000000,True,1.000000,68.850902,无限制
30,61,93.573325,1.000000,True,1.000000,67.866626,无限制
30,62,92.432999,1.000000,True,1.000000,62.164997,无限制
30,63,94.067512,1.000000,True,1.000000,70.337558,无限制
30,64,89.987440,1.000000,True,1.000000,49.937198,无限制
30,65,90.716328,1.000000,True,1.000000,53.581640,无限制
30,66,93.643148,1.000000,True,1.000000,68.215738,无限制
30,67,93.241300,1.000000,True,1.000000,66.206500,无限制
30,68,94.454998,1.000000,True,1.000000,72.274990,无限制
30,69,92.323177,1.000000,True,1.000000,61.615885,无限制
30,70,93.244029,1.000000,True,1.000000,66.220147,无限制
30,71,91.644000,1.000000,True,1.000000,58.220000,无限制
30,72,93.235479,1.000000,True,1.000000,66.177397,无限制
30,73,93.270131,1.000000,True,1.000000,66.350653,无限制
30,74,91.874510,1.000000,True,1.000000,59.372551,无限制
30,75,90.258945,1.000000,True,1.000000,51.294727,无限制
30,76,95.239130,1.000000,True,1.000000,76.195652,无限制
30,77,91.270808,1.000000,True,1.000000,56.354040,无限制
30,78,93.015835,1.000000,True,1.000000,65.079177,无限制
30,79,92.645363,1.000000,True,1.000000,63.226815,无限制
30,80,93.553354,1.000000,True,1.000000,67.766771,无限制
30,81,93.754898,1.000000,True,1.000000,68.774492,无限制
30,82,91.721527,1.000000,True,1.000000,58.607634,无限制
30,83,90.912500,1.000000,True,1.000000,54.562500,无限制
30,84,89.913811,1.000000,True,1.000000,49.569054,无限制
30,85,91.968220,1.000000,True,1.000000,59.841102,无限制
30,86,92.782502,1.000000,True,1.000000,63.912512,无限制
30,87,92.608070,1.000000,True,1.000000,63.040351,无限制
30,88,90.257151,1.000000,True,1.000000,51.285757,无限制
30,89,92.904122,1.000000,True,1.000000,64.520609,无限制
30,90,91.272164,1.000000,True,1.000000,56.360820,无限制
30,91,91.932151,1.000000,True,1.000000,59.660754,无限制
30,92,93.033333,1.000000,True,1.000000,65.166667,无限制
30,93,93.989452,1.000000,True,1.000000,69.947262,无限制
30,94,94.815960,1.000000,True,1.000000,74.079798,无限制
30,95,91.239017,1.000000,True,1.000000,56.195083,无限制
30,96,92.944414,1.000000,True,1.000000,64.722072,无限制
30,97,92.035185,1.000000,True,1.000000,60.175926,无限制
30,98,92.579347,1.000000,True,1.000000,62.896737,无限制
30,99,89.485556,1.000000,True,1.000000,47.427778,无限制
30,100,92.969726,1.000000,True,1.000000,64.848631,无限制
30,101,90.221859,1.000000,True,1.000000,51.109295,无限制
30,102,94.139566,1.000000,True,1.000000,70.697829,无限制
30,103,94.060341,1.000000,True,1.000000,70.301705,无限制
30,104,92.847392,1.000000,True,1.000000,64.236959,无限制
30,105,92.154902,1.000000,True,1.000000,60.774510,无限制
30,106,95.436158,1.000000,True,1.000000,77.180791,无限制
30,107,90.364809,1.000000,True,1.000000,51.824044,无限制
30,108,93.536704,1.000000,True,1.000000,67.683520,无限制
30,109,92.166215,1.000000,True,1.000000,60.831075,无限制
30,110,91.773892,1.000000,True,1.000000,58.869458,无限制
30,111,91.880796,1.000000,True,1.000000,59.403978,无限制
30,112,95.515954,1.000000,True,1.000000,77.579772,无限制
30,113,88.996239,1.000000,True,1.000000,44.981197,无限制
30,114,91.476296,1.000000,True,1.000000,57.381481,无限制
30,115,93.325523,1.000000,True,1.000000,66.627616,无限制
30,116,92.327778,1.000000,True,1.000000,61.638889,无限制
30,117,91.219008,1.000000,True,1.000000,56.095041,无限制
30,118,93.646221,1.000000,True,1.000000,68.231103,无限制
30,119,91.427451,1.000000,True,1.000000,57.137255,无限制
30,120,91.055600,1.000000,True,1.000000,55.278000,无限制
30,121,92.746024,1.000000,True,1.000000,63.730120,无限制
30,122,92.884162,1.000000,True,1.000000,64.420812,无限制
30,123,93.642499,1.000000,True,1.000000,68.212496,无限制
30,124,90.672888,1.000000,True,1.000000,53.364441,无限制
30,125,92.277385,1.000000,True,1.000000,61.386923,无限制
30,126,91.139665,1.000000,True,1.000000,55.698327,无限制
30,127,91.921701,1.000000,True,1.000000,59.608507,无限制
30,128,91.846889,1.000000,True,1.000000,59.234443,无限制
30,129,89.083057,1.000000,True,1.000000,45.415285,无限制
30,130,94.823859,1.000000,True,1.000000,74.119297,无限制
30,131,92.057675,1.000000,True,1.000000,60.288377,无限制
30,132,93.472652,1.000000,True,1.000000,67.363260,无限制
30,133,91.669499,1.000000,True,1.000000,58.347495,无限制
30,134,92.111029,1.000000,True,1.000000,60.555147,无限制
30,135,93.214976,1.000000,True,1.000000,66.074879,无限制
30,136,91.152002,1.000000,True,1.000000,55.760009,无限制
30,137,93.103588,1.000000,True,1.000000,65.517940,无限制
30,138,95.525689,1.000000,True,1.000000,77.628444,无限制
30,139,91.869091,1.000000,True,1.000000,59.345455,无限制
30,140,91.278794,1.000000,True,1.000000,56.393970,无限制
30,141,92.488055,1.000000,True,1.000000,62.440275,无限制
30,142,89.926924,1.000000,True,1.000000,49.634622,无限制
30,143,94.324667,1.000000,True,1.000000,71.623336,无限制
30,144,90.629444,1.000000,True,1.000000,53.147222,无限制
30,145,92.693539,1.000000,True,1.000000,63.467693,无限制
30,146,91.275244,1.000000,True,1.000000,56.376220,无限制
30,147,92.669824,1.000000,True,1.000000,63.349119,无限制
30,148,92.679218,1.000000,True,1.000000,63.396090,无限制
30,149,93.949108,1.000000,True,1.000000,69.745540,无限制
30,150,89.988889,1.000000,True,1.000000,49.944444,无限制
30,151,92.493333,1.000000,True,1.000000,62.466667,无限制
30,152,91.219713,1.000000,True,1.000000,56.098563,无限制
30,153,92.524799,1.000000,True,1.000000,62.623994,无限制
30,154,89.816764,1.000000,True,1.000000,49.083821,无限制
30,155,93.116129,1.000000,True,1.000000,65.580645,无限制
30,156,92.494885,1.000000,True,1.000000,62.474425,无限制
30,157,94.709300,1.000000,True,1.000000,73.546498,无限制
30,158,92.319018,1.000000,True,1.000000,61.595090,无限制
30,159,92.356461,1.000000,True,1.000000,61.782306,无限制
30,160,92.135647,1.000000,True,1.000000,60.678237,无限制
30,161,91.474979,1.000000,True,1.000000,57.374894,无限制
30,162,91.791106,1.000000,True,1.000000,58.955530,无限制
30,163,91.884491,1.000000,True,1.000000,59.422454,无限制
30,164,89.905464,1.000000,True,1.000000,49.527320,无限制
30,165,89.965278,1.000000,True,1.000000,49.826389,无限制
30,166,89.699044,1.000000,True,1.000000,48.495219,无限制
30,167,91.163073,1.000000,True,1.000000,55.815366,无限制
30,168,91.504000,1.000000,True,1.000000,57.520000,无限制
30,169,94.001140,1.000000,True,1.000000,70.005698,无限制
30,170,91.683519,1.000000,True,1.000000,58.417595,无限制
30,171,91.170261,1.000000,True,1.000000,55.851307,无限制
30,172,93.941808,1.000000,True,1.000000,69.709040,无限制
30,173,88.703292,1.000000,True,1.000000,43.516461,无限制
30,174,94.592299,1.000000,True,1.000000,72.961497,无限制
30,175,94.648791,1.000000,True,1.000000,73.243955,无限制
18,1,58.322581,0.666667,False,0.000000,58.279570,至少两人有参赛经历:0.50；三人排名前40%:1.00；三人专业不同:0.50
18,2,88.710512,1.000000,True,0.333333,76.885895,至少两人有参赛经历:1.00；三人排名前40%:1.00；三人专业不同:1.00
18,3,50.603448,0.555556,False,0.000000,58.572797,至少两人有参赛经历:1.00；三人排名前40%:0.67；三人专业不同:0.00
18,4,54.274483,0.611111,False,0.000000,57.483524,至少两人有参赛经历:0.50；三人排名前40%:0.33；三人专业不同:1.00
18,5,75.187491,0.888889,False,0.000000,64.826344,至少两人有参赛经历:1.00；三人排名前40%:0.67；三人专业不同:1.00
18,6,58.532346,0.666667,False,0.000000,59.328395,至少两人有参赛经历:0.50；三人排名前40%:1.00；三人专业不同:0.50
18,7,61.946021,0.722222,False,0.000000,56.952327,至少两人有参赛经历:0.50；三人排名前40%:0.67；三人专业不同:1.00
18,8,30.385185,0.277778,False,0.000000,54.703704,至少两人有参赛经历:0.50；三人排名前40%:0.33；三人专业不同:0.00
18,9,63.762076,0.722222,False,0.000000,66.032600,至少两人有参赛经历:0.50；三人排名前40%:0.67；三人专业不同:1.00
18,10,46.416667,0.500000,False,0.000000,57.083333,至少两人有参赛经历:0.00；三人排名前40%:1.00；三人专业不同:0.50
18,11,76.310782,0.888889,False,0.000000,70.442798,至少两人有参赛经历:1.00；三人排名前40%:0.67；三人专业不同:1.00
18,12,72.381377,0.833333,False,0.000000,70.240216,至少两人有参赛经历:1.00；三人排名前40%:1.00；三人专业不同:0.50
18,13,61.015335,0.666667,False,0.333333,55.076676,至少两人有参赛经历:0.00；三人排名前40%:1.00；三人专业不同:1.00
18,14,74.751412,0.888889,False,0.000000,62.645951,至少两人有参赛经历:1.00；三人排名前40%:0.67；三人专业不同:1.00
18,15,84.660332,1.000000,True,0.000000,73.301659,至少两人有参赛经历:1.00；三人排名前40%:1.00；三人专业不同:1.00
18,16,59.014667,0.666667,False,0.000000,61.740000,至少两人有参赛经历:0.50；三人排名前40%:1.00；三人专业不同:0.50
18,17,70.035266,0.833333,False,0.000000,58.509662,至少两人有参赛经历:0.50；三人排名前40%:1.00；三人专业不同:1.00
18,18,70.097374,0.666667,False,1.000000,67.153535,至少两人有参赛经历:1.00；三人排名前40%:1.00；三人专业不同:0.00
18,19,38.675641,0.388889,False,0.000000,57.267094,至少两人有参赛经历:0.50；三人排名前40%:0.67；三人专业不同:0.00
18,20,60.064842,0.666667,False,0.000000,66.990877,至少两人有参赛经历:0.50；三人排名前40%:1.00；三人专业不同:0.50
18,21,26.931237,0.277778,False,0.000000,37.433964,至少两人有参赛经历:0.00；三人排名前40%:0.33；三人专业不同:0.50
18,22,82.969261,1.000000,True,0.000000,64.846307,至少两人有参赛经历:1.00；三人排名前40%:1.00；三人专业不同:1.00
18,23,51.255133,0.555556,False,0.000000,61.831220,至少两人有参赛经历:0.50；三人排名前40%:0.67；三人专业不同:0.50
18,24,52.685049,0.500000,False,0.666667,55.091912,至少两人有参赛经历:0.00；三人排名前40%:1.00；三人专业不同:0.50
18,25,50.077778,0.555556,False,0.000000,55.944444,至少两人有参赛经历:0.50；三人排名前40%:0.67；三人专业不同:0.50
18,26,58.134105,0.666667,False,0.000000,57.337193,至少两人有参赛经历:0.00；三人排名前40%:1.00；三人专业不同:1.00
18,27,36.732941,0.388889,False,0.000000,47.553595,至少两人有参赛经历:0.00；三人排名前40%:0.67；三人专业不同:0.50
18,28,84.652508,1.000000,True,0.000000,73.262542,至少两人有参赛经历:1.00；三人排名前40%:1.00；三人专业不同:1.00
18,29,40.965288,0.444444,False,0.000000,49.270885,至少两人有参赛经历:0.00；三人排名前40%:0.33；三人专业不同:1.00
18,30,74.078205,0.888889,False,0.000000,59.279915,至少两人有参赛经历:1.00；三人排名前40%:0.67；三人专业不同:1.00
18,31,56.831063,0.555556,False,0.666667,56.377536,至少两人有参赛经历:0.50；三人排名前40%:0.67；三人专业不同:0.50
18,32,58.338839,0.666667,False,0.000000,58.360861,至少两人有参赛经历:0.00；三人排名前40%:1.00；三人专业不同:1.00
18,33,62.565526,0.722222,False,0.000000,60.049851,至少两人有参赛经历:0.50；三人排名前40%:0.67；三人专业不同:1.00
18,34,29.528922,0.277778,False,0.000000,50.422386,至少两人有参赛经历:0.50；三人排名前40%:0.33；三人专业不同:0.00
18,35,49.819241,0.555556,False,0.000000,54.651762,至少两人有参赛经历:0.50；三人排名前40%:0.67；三人专业不同:0.50
18,36,74.558347,0.833333,False,0.000000,81.125070,至少两人有参赛经历:1.00；三人排名前40%:1.00；三人专业不同:0.50
18,37,73.113103,0.833333,False,0.000000,73.898846,至少两人有参赛经历:1.00；三人排名前40%:1.00；三人专业不同:0.50
18,38,60.264529,0.666667,False,0.000000,67.989310,至少两人有参赛经历:0.50；三人排名前40%:1.00；三人专业不同:0.50
18,39,65.345589,0.777778,False,0.000000,54.505722,至少两人有参赛经历:1.00；三人排名前40%:0.33；三人专业不同:1.00
18,40,34.410400,0.333333,False,0.000000,55.385332,至少两人有参赛经历:1.00；三人排名前40%:0.00；三人专业不同:0.00
18,41,58.067421,0.666667,False,0.000000,57.003771,至少两人有参赛经历:1.00；三人排名前40%:0.00；三人专业不同:1.00
18,42,51.127843,0.500000,False,0.333333,63.972548,至少两人有参赛经历:0.00；三人排名前40%:1.00；三人专业不同:0.50
18,43,39.003600,0.388889,False,0.000000,58.906887,至少两人有参赛经历:0.00；三人排名前40%:0.67；三人专业不同:0.50
18,44,48.933416,0.555556,False,0.000000,50.222634,至少两人有参赛经历:0.50；三人排名前40%:0.67；三人专业不同:0.50
18,45,62.326313,0.722222,False,0.000000,58.853789,至少两人有参赛经历:0.50；三人排名前40%:0.67；三人专业不同:1.00
18,46,74.868051,0.888889,False,0.000000,63.229143,至少两人有参赛经历:1.00；三人排名前40%:0.67；三人专业不同:1.00
18,47,41.475215,0.444444,False,0.000000,51.820518,至少两人有参赛经历:0.50；三人排名前40%:0.33；三人专业不同:0.50
18,48,7.673946,0.000000,False,0.000000,38.369732,至少两人有参赛经历:0.00；三人排名前40%:0.00；三人专业不同:0.00
18,49,20.145009,0.166667,False,0.000000,42.391714,至少两人有参赛经历:0.50；三人排名前40%:0.00；三人专业不同:0.00
18,50,65.954817,0.777778,False,0.000000,57.551862,至少两人有参赛经历:1.00；三人排名前40%:0.33；三人专业不同:1.00
18,51,45.673125,0.500000,False,0.000000,53.365623,至少两人有参赛经历:0.00；三人排名前40%:1.00；三人专业不同:0.50
18,52,48.789766,0.555556,False,0.000000,49.504388,至少两人有参赛经历:0.50；三人排名前40%:0.67；三人专业不同:0.50
18,53,46.925203,0.500000,False,0.000000,59.626016,至少两人有参赛经历:0.50；三人排名前40%:1.00；三人专业不同:0.00
18,54,39.433248,0.444444,False,0.000000,41.610684,至少两人有参赛经历:0.00；三人排名前40%:0.33；三人专业不同:1.00
18,55,57.068874,0.666667,False,0.000000,52.011036,至少两人有参赛经历:0.00；三人排名前40%:1.00；三人专业不同:1.00
18,56,52.253125,0.555556,False,0.000000,66.821181,至少两人有参赛经历:1.00；三人排名前40%:0.67；三人专业不同:0.00
18,57,25.653382,0.222222,False,0.000000,50.489130,至少两人有参赛经历:0.00；三人排名前40%:0.67；三人专业不同:0.00
18,58,59.561878,0.666667,False,0.000000,64.476057,至少两人有参赛经历:0.50；三人排名前40%:1.00；三人专业不同:0.50
18,59,47.556364,0.500000,False,0.000000,62.781822,至少两人有参赛经历:0.00；三人排名前40%:1.00；三人专业不同:0.50
18,60,72.103514,0.833333,False,0.000000,68.850902,至少两人有参赛经历:1.00；三人排名前40%:1.00；三人专业不同:0.50
18,61,71.906658,0.833333,False,0.000000,67.866626,至少两人有参赛经历:0.50；三人排名前40%:1.00；三人专业不同:1.00
18,62,70.766333,0.833333,False,0.000000,62.164997,至少两人有参赛经历:0.50；三人排名前40%:1.00；三人专业不同:1.00
18,63,84.067512,1.000000,True,0.000000,70.337558,至少两人有参赛经历:1.00；三人排名前40%:1.00；三人专业不同:1.00
18,64,60.542995,0.722222,False,0.000000,49.937198,至少两人有参赛经历:0.50；三人排名前40%:0.67；三人专业不同:1.00
18,65,37.938550,0.388889,False,0.000000,53.581640,至少两人有参赛经历:0.50；三人排名前40%:0.67；三人专业不同:0.00
18,66,60.309814,0.666667,False,0.000000,68.215738,至少两人有参赛经历:1.00；三人排名前40%:1.00；三人专业不同:0.00
18,67,66.574633,0.666667,False,0.666667,66.206500,至少两人有参赛经历:0.50；三人排名前40%:1.00；三人专业不同:0.50
18,68,72.788331,0.833333,False,0.000000,72.274990,至少两人有参赛经历:1.00；三人排名前40%:1.00；三人专业不同:0.50
18,69,57.878732,0.555556,False,0.666667,61.615885,至少两人有参赛经历:0.50；三人排名前40%:0.67；三人专业不同:0.50
18,70,71.577363,0.833333,False,0.000000,66.220147,至少两人有参赛经历:0.50；三人排名前40%:1.00；三人专业不同:1.00
18,71,65.532889,0.722222,False,0.333333,58.220000,至少两人有参赛经历:0.50；三人排名前40%:0.67；三人专业不同:1.00
18,72,63.791035,0.722222,False,0.000000,66.177397,至少两人有参赛经历:1.00；三人排名前40%:0.67；三人专业不同:0.50
18,73,63.270131,0.666667,False,0.333333,66.350653,至少两人有参赛经历:0.50；三人排名前40%:1.00；三人专业不同:0.50
18,74,70.207844,0.833333,False,0.000000,59.372551,至少两人有参赛经历:0.50；三人排名前40%:1.00；三人专业不同:1.00
18,75,56.925612,0.666667,False,0.000000,51.294727,至少两人有参赛经历:0.50；三人排名前40%:1.00；三人专业不同:0.50
18,76,61.905797,0.666667,False,0.000000,76.195652,至少两人有参赛经历:1.00；三人排名前40%:1.00；三人专业不同:0.00
18,77,46.270808,0.500000,False,0.000000,56.354040,至少两人有参赛经历:0.00；三人排名前40%:1.00；三人专业不同:0.50
18,78,78.571391,0.888889,False,0.333333,65.079177,至少两人有参赛经历:1.00；三人排名前40%:0.67；三人专业不同:1.00
18,79,59.312030,0.666667,False,0.000000,63.226815,至少两人有参赛经历:0.50；三人排名前40%:1.00；三人专业不同:0.50
18,80,86.886688,1.000000,True,0.333333,67.766771,至少两人有参赛经历:1.00；三人排名前40%:1.00；三人专业不同:1.00
18,81,72.088232,0.833333,False,0.000000,68.774492,至少两人有参赛经历:0.50；三人排名前40%:1.00；三人专业不同:1.00
18,82,46.721527,0.500000,False,0.000000,58.607634,至少两人有参赛经历:0.00；三人排名前40%:1.00；三人专业不同:0.50
18,83,42.023611,0.444444,False,0.000000,54.562500,至少两人有参赛经历:0.50；三人排名前40%:0.33；三人专业不同:0.50
18,84,64.358255,0.777778,False,0.000000,49.569054,至少两人有参赛经历:1.00；三人排名前40%:0.33；三人专业不同:1.00
18,85,62.523776,0.722222,False,0.000000,59.841102,至少两人有参赛经历:1.00；三人排名前40%:0.67；三人专业不同:0.50
18,86,66.115836,0.666667,False,0.666667,63.912512,至少两人有参赛经历:0.50；三人排名前40%:1.00；三人专业不同:0.50
18,87,74.274737,0.833333,False,0.333333,63.040351,至少两人有参赛经历:0.50；三人排名前40%:1.00；三人专业不同:1.00
18,88,56.923818,0.666667,False,0.000000,51.285757,至少两人有参赛经历:0.50；三人排名前40%:1.00；三人专业不同:0.50
18,89,62.904122,0.666667,False,0.333333,64.520609,至少两人有参赛经历:0.50；三人排名前40%:1.00；三人专业不同:0.50
18,90,65.716608,0.777778,False,0.000000,56.360820,至少两人有参赛经历:1.00；三人排名前40%:0.33；三人专业不同:1.00
18,91,39.154373,0.388889,False,0.000000,59.660754,至少两人有参赛经历:0.50；三人排名前40%:0.67；三人专业不同:0.00
18,92,83.033333,1.000000,True,0.000000,65.166667,至少两人有参赛经历:1.00；三人排名前40%:1.00；三人专业不同:1.00
18,93,83.989452,1.000000,True,0.000000,69.947262,至少两人有参赛经历:1.00；三人排名前40%:1.00；三人专业不同:1.00
18,94,71.482626,0.666667,False,1.000000,74.079798,至少两人有参赛经历:1.00；三人排名前40%:1.00；三人专业不同:0.00
18,95,65.127905,0.722222,False,0.333333,56.195083,至少两人有参赛经历:0.50；三人排名前40%:0.67；三人专业不同:1.00
18,96,63.499970,0.722222,False,0.000000,64.722072,至少两人有参赛经历:1.00；三人排名前40%:0.67；三人专业不同:0.50
18,97,58.701852,0.666667,False,0.000000,60.175926,至少两人有参赛经历:0.50；三人排名前40%:1.00；三人专业不同:0.50
18,98,47.579347,0.500000,False,0.000000,62.896737,至少两人有参赛经历:0.50；三人排名前40%:1.00；三人专业不同:0.00
18,99,44.485556,0.500000,False,0.000000,47.427778,至少两人有参赛经历:0.00；三人排名前40%:1.00；三人专业不同:0.50
18,100,77.969726,0.833333,False,0.666667,64.848631,至少两人有参赛经历:1.00；三人排名前40%:1.00；三人专业不同:0.50
18,101,49.110748,0.555556,False,0.000000,51.109295,至少两人有参赛经历:0.00；三人排名前40%:0.67；三人专业不同:1.00
18,102,67.472899,0.666667,False,0.666667,70.697829,至少两人有参赛经历:0.50；三人排名前40%:1.00；三人专业不同:0.50
18,103,64.615897,0.722222,False,0.000000,70.301705,至少两人有参赛经历:1.00；三人排名前40%:0.67；三人专业不同:0.50
18,104,71.180725,0.833333,False,0.000000,64.236959,至少两人有参赛经历:0.50；三人排名前40%:1.00；三人专业不同:1.00
18,105,47.154902,0.500000,False,0.000000,60.774510,至少两人有参赛经历:0.50；三人排名前40%:1.00；三人专业不同:0.00
18,106,62.102825,0.666667,False,0.000000,77.180791,至少两人有参赛经历:1.00；三人排名前40%:1.00；三人专业不同:0.00
18,107,60.920364,0.722222,False,0.000000,51.824044,至少两人有参赛经历:0.50；三人排名前40%:0.67；三人专业不同:1.00
18,108,75.758926,0.888889,False,0.000000,67.683520,至少两人有参赛经历:1.00；三人排名前40%:0.67；三人专业不同:1.00
18,109,57.721771,0.555556,False,0.666667,60.831075,至少两人有参赛经历:0.50；三人排名前40%:0.67；三人专业不同:0.50
18,110,46.773892,0.500000,False,0.000000,58.869458,至少两人有参赛经历:0.00；三人排名前40%:1.00；三人专业不同:0.50
18,111,35.214129,0.333333,False,0.000000,59.403978,至少两人有参赛经历:0.00；三人排名前40%:1.00；三人专业不同:0.00
18,112,73.849288,0.833333,False,0.000000,77.579772,至少两人有参赛经历:1.00；三人排名前40%:1.00；三人专业不同:0.50
18,113,28.440684,0.277778,False,0.000000,44.981197,至少两人有参赛经历:0.00；三人排名前40%:0.33；三人专业不同:0.50
18,114,61.476296,0.666667,False,0.333333,57.381481,至少两人有参赛经历:0.00；三人排名前40%:1.00；三人专业不同:1.00
18,115,67.769968,0.777778,False,0.000000,66.627616,至少两人有参赛经历:1.00；三人排名前40%:0.33；三人专业不同:1.00
18,116,62.883333,0.722222,False,0.000000,61.638889,至少两人有参赛经历:1.00；三人排名前40%:0.67；三人专业不同:0.50
18,117,53.441230,0.555556,False,0.333333,56.095041,至少两人有参赛经历:0.00；三人排名前40%:0.67；三人专业不同:1.00
18,118,64.201776,0.722222,False,0.000000,68.231103,至少两人有参赛经历:0.50；三人排名前40%:0.67；三人专业不同:1.00
18,119,61.983007,0.722222,False,0.000000,57.137255,至少两人有参赛经历:0.50；三人排名前40%:0.67；三人专业不同:1.00
18,120,61.611156,0.722222,False,0.000000,55.278000,至少两人有参赛经历:0.50；三人排名前40%:0.67；三人专业不同:1.00
18,121,71.079357,0.833333,False,0.000000,63.730120,至少两人有参赛经历:0.50；三人排名前40%:1.00；三人专业不同:1.00
18,122,47.884162,0.500000,False,0.000000,64.420812,至少两人有参赛经历:0.50；三人排名前40%:1.00；三人专业不同:0.00
18,123,64.198055,0.722222,False,0.000000,68.212496,至少两人有参赛经历:1.00；三人排名前40%:0.67；三人专业不同:0.50
18,124,52.339555,0.500000,False,0.666667,53.364441,至少两人有参赛经历:0.00；三人排名前40%:1.00；三人专业不同:0.50
18,125,53.944051,0.500000,False,0.666667,61.386923,至少两人有参赛经历:0.00；三人排名前40%:1.00；三人专业不同:0.50
18,126,45.584110,0.444444,False,0.333333,55.698327,至少两人有参赛经历:0.50；三人排名前40%:0.33；三人专业不同:0.50
18,127,62.477257,0.722222,False,0.000000,59.608507,至少两人有参赛经历:1.00；三人排名前40%:0.67；三人专业不同:0.50
18,128,74.069111,0.888889,False,0.000000,59.234443,至少两人有参赛经历:1.00；三人排名前40%:0.67；三人专业不同:1.00
18,129,40.194168,0.444444,False,0.000000,45.415285,至少两人有参赛经历:0.50；三人排名前40%:0.33；三人专业不同:0.50
18,130,73.157193,0.833333,False,0.000000,74.119297,至少两人有参赛经历:1.00；三人排名前40%:1.00；三人专业不同:0.50
18,131,74.279898,0.888889,False,0.000000,60.288377,至少两人有参赛经历:1.00；三人排名前40%:0.67；三人专业不同:1.00
18,132,75.694874,0.888889,False,0.000000,67.363260,至少两人有参赛经历:1.00；三人排名前40%:0.67；三人专业不同:1.00
18,133,42.780610,0.444444,False,0.000000,58.347495,至少两人有参赛经历:0.50；三人排名前40%:0.33；三人专业不同:0.50
18,134,39.333252,0.388889,False,0.000000,60.555147,至少两人有参赛经历:0.50；三人排名前40%:0.67；三人专业不同:0.00
18,135,52.103865,0.555556,False,0.000000,66.074879,至少两人有参赛经历:1.00；三人排名前40%:0.67；三人专业不同:0.00
18,136,46.152002,0.500000,False,0.000000,55.760009,至少两人有参赛经历:0.00；三人排名前40%:1.00；三人专业不同:0.50
18,137,71.436921,0.833333,False,0.000000,65.517940,至少两人有参赛经历:1.00；三人排名前40%:1.00；三人专业不同:0.50
18,138,88.859022,1.000000,True,0.333333,77.628444,至少两人有参赛经历:1.00；三人排名前40%:1.00；三人专业不同:1.00
18,139,73.535758,0.833333,False,0.333333,59.345455,至少两人有参赛经历:0.50；三人排名前40%:1.00；三人专业不同:1.00
18,140,65.167683,0.722222,False,0.333333,56.393970,至少两人有参赛经历:0.50；三人排名前40%:0.67；三人专业不同:1.00
18,141,82.488055,1.000000,True,0.000000,62.440275,至少两人有参赛经历:1.00；三人排名前40%:1.00；三人专业不同:1.00
18,142,40.482480,0.388889,False,0.333333,49.634622,至少两人有参赛经历:0.00；三人排名前40%:0.67；三人专业不同:0.50
18,143,60.991334,0.666667,False,0.000000,71.623336,至少两人有参赛经历:0.50；三人排名前40%:1.00；三人专业不同:0.50
18,144,57.296111,0.666667,False,0.000000,53.147222,至少两人有参赛经历:0.50；三人排名前40%:1.00；三人专业不同:0.50
18,145,74.360205,0.833333,False,0.333333,63.467693,至少两人有参赛经历:0.50；三人排名前40%:1.00；三人专业不同:1.00
18,146,38.497466,0.388889,False,0.000000,56.376220,至少两人有参赛经历:0.50；三人排名前40%:0.67；三人专业不同:0.00
18,147,71.003157,0.833333,False,0.000000,63.349119,至少两人有参赛经历:0.50；三人排名前40%:1.00；三人专业不同:1.00
18,148,47.679218,0.500000,False,0.000000,63.396090,至少两人有参赛经历:0.00；三人排名前40%:1.00；三人专业不同:0.50
18,149,72.282441,0.833333,False,0.000000,69.745540,至少两人有参赛经历:1.00；三人排名前40%:1.00；三人专业不同:0.50
18,150,33.322222,0.333333,False,0.000000,49.944444,至少两人有参赛经历:0.00；三人排名前40%:1.00；三人专业不同:0.00
18,151,63.048889,0.722222,False,0.000000,62.466667,至少两人有参赛经历:1.00；三人排名前40%:0.67；三人专业不同:0.50
18,152,61.775268,0.722222,False,0.000000,56.098563,至少两人有参赛经历:0.50；三人排名前40%:0.67；三人专业不同:1.00
18,153,63.080354,0.722222,False,0.000000,62.623994,至少两人有参赛经历:0.50；三人排名前40%:0.67；三人专业不同:1.00
18,154,25.372320,0.222222,False,0.000000,49.083821,至少两人有参赛经历:0.00；三人排名前40%:0.67；三人专业不同:0.00
18,155,58.116129,0.500000,False,1.000000,65.580645,至少两人有参赛经历:0.50；三人排名前40%:1.00；三人专业不同:0.00
18,156,63.050441,0.722222,False,0.000000,62.474425,至少两人有参赛经历:0.50；三人排名前40%:0.67；三人专业不同:1.00
18,157,84.709300,1.000000,True,0.000000,73.546498,至少两人有参赛经历:1.00；三人排名前40%:1.00；三人专业不同:1.00
18,158,51.207907,0.555556,False,0.000000,61.595090,至少两人有参赛经历:0.50；三人排名前40%:0.67；三人专业不同:0.50
18,159,59.023128,0.666667,False,0.000000,61.782306,至少两人有参赛经历:0.00；三人排名前40%:1.00；三人专业不同:1.00
18,160,51.024536,0.555556,False,0.000000,60.678237,至少两人有参赛经历:0.50；三人排名前40%:0.67；三人专业不同:0.50
18,161,58.141646,0.666667,False,0.000000,57.374894,至少两人有参赛经历:0.50；三人排名前40%:1.00；三人专业不同:0.50
18,162,50.679995,0.555556,False,0.000000,58.955530,至少两人有参赛经历:0.50；三人排名前40%:0.67；三人专业不同:0.50
18,163,65.773380,0.722222,False,0.333333,59.422454,至少两人有参赛经历:0.50；三人排名前40%:0.67；三人专业不同:1.00
18,164,48.794353,0.555556,False,0.000000,49.527320,至少两人有参赛经历:0.50；三人排名前40%:0.67；三人专业不同:0.50
18,165,37.187500,0.388889,False,0.000000,49.826389,至少两人有参赛经历:0.00；三人排名前40%:0.67；三人专业不同:0.50
18,166,29.143488,0.277778,False,0.000000,48.495219,至少两人有参赛经历:0.50；三人排名前40%:0.33；三人专业不同:0.00
18,167,65.051962,0.722222,False,0.333333,55.815366,至少两人有参赛经历:0.50；三人排名前40%:0.67；三人专业不同:1.00
18,168,73.726222,0.888889,False,0.000000,57.520000,至少两人有参赛经历:1.00；三人排名前40%:0.67；三人专业不同:1.00
18,169,84.001140,1.000000,True,0.000000,70.005698,至少两人有参赛经历:1.00；三人排名前40%:1.00；三人专业不同:1.00
18,170,58.350186,0.666667,False,0.000000,58.417595,至少两人有参赛经历:0.50；三人排名前40%:1.00；三人专业不同:0.50
18,171,65.614706,0.777778,False,0.000000,55.851307,至少两人有参赛经历:1.00；三人排名前40%:0.33；三人专业不同:1.00
18,172,76.164030,0.888889,False,0.000000,69.709040,至少两人有参赛经历:1.00；三人排名前40%:0.67；三人专业不同:1.00
18,173,50.925514,0.555556,False,0.333333,43.516461,至少两人有参赛经历:0.00；三人排名前40%:0.67；三人专业不同:1.00
18,174,84.592299,1.000000,True,0.000000,72.961497,至少两人有参赛经历:1.00；三人排名前40%:1.00；三人专业不同:1.00
18,175,84.648791,1.000000,True,0.000000,73.243955,至少两人有参赛经历:1.00；三人排名前40%:1.00；三人专业不同:1.00
34,1,68.322581,0.666667,False,1.000000,58.279570,三人均有参赛经历:0.33；至少一人为二年级以上:1.00
34,2,83.710512,0.833333,False,1.000000,76.885895,三人均有参赛经历:0.67；至少一人为二年级以上:1.00
34,3,80.047893,0.833333,False,1.000000,58.572797,三人均有参赛经历:0.67；至少一人为二年级以上:1.00
34,4,68.163371,0.666667,False,1.000000,57.483524,三人均有参赛经历:0.33；至少一人为二年级以上:1.00
34,5,81.298602,0.833333,False,1.000000,64.826344,三人均有参赛经历:0.67；至少一人为二年级以上:1.00
34,6,68.532346,0.666667,False,1.000000,59.328395,三人均有参赛经历:0.33；至少一人为二年级以上:1.00
34,7,68.057132,0.666667,False,1.000000,56.952327,三人均有参赛经历:0.33；至少一人为二年级以上:1.00
34,8,67.607407,0.666667,False,1.000000,54.703704,三人均有参赛经历:0.33；至少一人为二年级以上:1.00
34,9,69.873187,0.666667,False,1.000000,66.032600,三人均有参赛经历:0.33；至少一人为二年级以上:1.00
34,10,56.416667,0.500000,False,1.000000,57.083333,三人均有参赛经历:0.00；至少一人为二年级以上:1.00
34,11,82.421893,0.833333,False,1.000000,70.442798,三人均有参赛经历:0.67；至少一人为二年级以上:1.00
34,12,82.381377,0.833333,False,1.000000,70.240216,三人均有参赛经历:0.67；至少一人为二年级以上:1.00
34,13,56.015335,0.500000,False,1.000000,55.076676,三人均有参赛经历:0.00；至少一人为二年级以上:1.00
34,14,80.862524,0.833333,False,1.000000,62.645951,三人均有参赛经历:0.67；至少一人为二年级以上:1.00
34,15,82.993665,0.833333,False,1.000000,73.301659,三人均有参赛经历:0.67；至少一人为二年级以上:1.00
34,16,69.014667,0.666667,False,1.000000,61.740000,三人均有参赛经历:0.33；至少一人为二年级以上:1.00
34,17,68.368599,0.666667,False,1.000000,58.509662,三人均有参赛经历:0.33；至少一人为二年级以上:1.00
34,18,81.764040,0.833333,False,1.000000,67.153535,三人均有参赛经历:0.67；至少一人为二年级以上:1.00
34,19,68.120085,0.666667,False,1.000000,57.267094,三人均有参赛经历:0.33；至少一人为二年级以上:1.00
34,20,70.064842,0.666667,False,1.000000,66.990877,三人均有参赛经历:0.33；至少一人为二年级以上:1.00
34,21,52.486793,0.500000,False,1.000000,37.433964,三人均有参赛经历:0.00；至少一人为二年级以上:1.00
34,22,81.302595,0.833333,False,1.000000,64.846307,三人均有参赛经历:0.67；至少一人为二年级以上:1.00
34,23,69.032911,0.666667,False,1.000000,61.831220,三人均有参赛经历:0.33；至少一人为二年级以上:1.00
34,24,56.018382,0.500000,False,1.000000,55.091912,三人均有参赛经历:0.00；至少一人为二年级以上:1.00
34,25,67.855556,0.666667,False,1.000000,55.944444,三人均有参赛经历:0.33；至少一人为二年级以上:1.00
34,26,56.467439,0.500000,False,1.000000,57.337193,三人均有参赛经历:0.00；至少一人为二年级以上:1.00
34,27,54.510719,0.500000,False,1.000000,47.553595,三人均有参赛经历:0.00；至少一人为二年级以上:1.00
34,28,94.652508,1.000000,True,1.000000,73.262542,三人均有参赛经历:1.00；至少一人为二年级以上:1.00
34,29,54.854177,0.500000,False,1.000000,49.270885,三人均有参赛经历:0.00；至少一人为二年级以上:1.00
34,30,80.189316,0.833333,False,1.000000,59.279915,三人均有参赛经历:0.67；至少一人为二年级以上:1.00
34,31,67.942174,0.666667,False,1.000000,56.377536,三人均有参赛经历:0.33；至少一人为二年级以上:1.00
34,32,56.672172,0.500000,False,1.000000,58.360861,三人均有参赛经历:0.00；至少一人为二年级以上:1.00
34,33,68.676637,0.666667,False,1.000000,60.049851,三人均有参赛经历:0.33；至少一人为二年级以上:1.00
34,34,66.751144,0.666667,False,1.000000,50.422386,三人均有参赛经历:0.33；至少一人为二年级以上:1.00
34,35,67.597019,0.666667,False,1.000000,54.651762,三人均有参赛经历:0.33；至少一人为二年级以上:1.00
34,36,96.225014,1.000000,True,1.000000,81.125070,三人均有参赛经历:1.00；至少一人为二年级以上:1.00
34,37,83.113103,0.833333,False,1.000000,73.898846,三人均有参赛经历:0.67；至少一人为二年级以上:1.00
34,38,70.264529,0.666667,False,1.000000,67.989310,三人均有参赛经历:0.33；至少一人为二年级以上:1.00
34,39,79.234478,0.833333,False,1.000000,54.505722,三人均有参赛经历:0.67；至少一人为二年级以上:1.00
34,40,79.410400,0.833333,False,1.000000,55.385332,三人均有参赛经历:0.67；至少一人为二年级以上:1.00
34,41,79.734087,0.833333,False,1.000000,57.003771,三人均有参赛经历:0.67；至少一人为二年级以上:1.00
34,42,57.794510,0.500000,False,1.000000,63.972548,三人均有参赛经历:0.00；至少一人为二年级以上:1.00
34,43,56.781377,0.500000,False,1.000000,58.906887,三人均有参赛经历:0.00；至少一人为二年级以上:1.00
34,44,66.711193,0.666667,False,1.000000,50.222634,三人均有参赛经历:0.33；至少一人为二年级以上:1.00
34,45,68.437425,0.666667,False,1.000000,58.853789,三人均有参赛经历:0.33；至少一人为二年级以上:1.00
34,46,80.979162,0.833333,False,1.000000,63.229143,三人均有参赛经历:0.67；至少一人为二年级以上:1.00
34,47,67.030770,0.666667,False,1.000000,51.820518,三人均有参赛经历:0.33；至少一人为二年级以上:1.00
34,48,52.673946,0.500000,False,1.000000,38.369732,三人均有参赛经历:0.00；至少一人为二年级以上:1.00
34,49,65.145009,0.666667,False,1.000000,42.391714,三人均有参赛经历:0.33；至少一人为二年级以上:1.00
34,50,79.843706,0.833333,False,1.000000,57.551862,三人均有参赛经历:0.67；至少一人为二年级以上:1.00
34,51,20.673125,0.000000,False,1.000000,53.365623,三人均有参赛经历:0.00；至少一人为二年级以上:0.00
34,52,66.567544,0.666667,False,1.000000,49.504388,三人均有参赛经历:0.33；至少一人为二年级以上:1.00
34,53,68.591870,0.666667,False,1.000000,59.626016,三人均有参赛经历:0.33；至少一人为二年级以上:1.00
34,54,53.322137,0.500000,False,1.000000,41.610684,三人均有参赛经历:0.00；至少一人为二年级以上:1.00
34,55,55.402207,0.500000,False,1.000000,52.011036,三人均有参赛经历:0.00；至少一人为二年级以上:1.00
34,56,81.697569,0.833333,False,1.000000,66.821181,三人均有参赛经历:0.67；至少一人为二年级以上:1.00
34,57,55.097826,0.500000,False,1.000000,50.489130,三人均有参赛经历:0.00；至少一人为二年级以上:1.00
34,58,69.561878,0.666667,False,1.000000,64.476057,三人均有参赛经历:0.33；至少一人为二年级以上:1.00
34,59,57.556364,0.500000,False,1.000000,62.781822,三人均有参赛经历:0.00；至少一人为二年级以上:1.00
34,60,82.103514,0.833333,False,1.000000,68.850902,三人均有参赛经历:0.67；至少一人为二年级以上:1.00
34,61,70.239992,0.666667,False,1.000000,67.866626,三人均有参赛经历:0.33；至少一人为二年级以上:1.00
34,62,69.099666,0.666667,False,1.000000,62.164997,三人均有参赛经历:0.33；至少一人为二年级以上:1.00
34,63,82.400845,0.833333,False,1.000000,70.337558,三人均有参赛经历:0.67；至少一人为二年级以上:1.00
34,64,66.654106,0.666667,False,1.000000,49.937198,三人均有参赛经历:0.33；至少一人为二年级以上:1.00
34,65,67.382995,0.666667,False,1.000000,53.581640,三人均有参赛经历:0.33；至少一人为二年级以上:1.00
34,66,81.976481,0.833333,False,1.000000,68.215738,三人均有参赛经历:0.67；至少一人为二年级以上:1.00
34,67,69.907967,0.666667,False,1.000000,66.206500,三人均有参赛经历:0.33；至少一人为二年级以上:1.00
34,68,82.788331,0.833333,False,1.000000,72.274990,三人均有参赛经历:0.67；至少一人为二年级以上:1.00
34,69,68.989844,0.666667,False,1.000000,61.615885,三人均有参赛经历:0.33；至少一人为二年级以上:1.00
34,70,69.910696,0.666667,False,1.000000,66.220147,三人均有参赛经历:0.33；至少一人为二年级以上:1.00
34,71,68.310667,0.666667,False,1.000000,58.220000,三人均有参赛经历:0.33；至少一人为二年级以上:1.00
34,72,81.568813,0.833333,False,1.000000,66.177397,三人均有参赛经历:0.67；至少一人为二年级以上:1.00
34,73,69.936797,0.666667,False,1.000000,66.350653,三人均有参赛经历:0.33；至少一人为二年级以上:1.00
34,74,68.541177,0.666667,False,1.000000,59.372551,三人均有参赛经历:0.33；至少一人为二年级以上:1.00
34,75,66.925612,0.666667,False,1.000000,51.294727,三人均有参赛经历:0.33；至少一人为二年级以上:1.00
34,76,83.572464,0.833333,False,1.000000,76.195652,三人均有参赛经历:0.67；至少一人为二年级以上:1.00
34,77,56.270808,0.500000,False,1.000000,56.354040,三人均有参赛经历:0.00；至少一人为二年级以上:1.00
34,78,93.015835,1.000000,True,1.000000,65.079177,三人均有参赛经历:1.00；至少一人为二年级以上:1.00
34,79,69.312030,0.666667,False,1.000000,63.226815,三人均有参赛经历:0.33；至少一人为二年级以上:1.00
34,80,81.886688,0.833333,False,1.000000,67.766771,三人均有参赛经历:0.67；至少一人为二年级以上:1.00
34,81,70.421565,0.666667,False,1.000000,68.774492,三人均有参赛经历:0.33；至少一人为二年级以上:1.00
34,82,56.721527,0.500000,False,1.000000,58.607634,三人均有参赛经历:0.00；至少一人为二年级以上:1.00
34,83,67.579167,0.666667,False,1.000000,54.562500,三人均有参赛经历:0.33；至少一人为二年级以上:1.00
34,84,78.247144,0.833333,False,1.000000,49.569054,三人均有参赛经历:0.67；至少一人为二年级以上:1.00
34,85,80.301554,0.833333,False,1.000000,59.841102,三人均有参赛经历:0.67；至少一人为二年级以上:1.00
34,86,69.449169,0.666667,False,1.000000,63.912512,三人均有参赛经历:0.33；至少一人为二年级以上:1.00
34,87,69.274737,0.666667,False,1.000000,63.040351,三人均有参赛经历:0.33；至少一人为二年级以上:1.00
34,88,66.923818,0.666667,False,1.000000,51.285757,三人均有参赛经历:0.33；至少一人为二年级以上:1.00
34,89,69.570789,0.666667,False,1.000000,64.520609,三人均有参赛经历:0.33；至少一人为二年级以上:1.00
34,90,79.605497,0.833333,False,1.000000,56.360820,三人均有参赛经历:0.67；至少一人为二年级以上:1.00
34,91,68.598818,0.666667,False,1.000000,59.660754,三人均有参赛经历:0.33；至少一人为二年级以上:1.00
34,92,81.366667,0.833333,False,1.000000,65.166667,三人均有参赛经历:0.67；至少一人为二年级以上:1.00
34,93,82.322786,0.833333,False,1.000000,69.947262,三人均有参赛经历:0.67；至少一人为二年级以上:1.00
34,94,83.149293,0.833333,False,1.000000,74.079798,三人均有参赛经历:0.67；至少一人为二年级以上:1.00
34,95,67.905683,0.666667,False,1.000000,56.195083,三人均有参赛经历:0.33；至少一人为二年级以上:1.00
34,96,81.277748,0.833333,False,1.000000,64.722072,三人均有参赛经历:0.67；至少一人为二年级以上:1.00
34,97,68.701852,0.666667,False,1.000000,60.175926,三人均有参赛经历:0.33；至少一人为二年级以上:1.00
34,98,69.246014,0.666667,False,1.000000,62.896737,三人均有参赛经历:0.33；至少一人为二年级以上:1.00
34,99,54.485556,0.500000,False,1.000000,47.427778,三人均有参赛经历:0.00；至少一人为二年级以上:1.00
34,100,81.303060,0.833333,False,1.000000,64.848631,三人均有参赛经历:0.67；至少一人为二年级以上:1.00
34,101,55.221859,0.500000,False,1.000000,51.109295,三人均有参赛经历:0.00；至少一人为二年级以上:1.00
34,102,70.806232,0.666667,False,1.000000,70.697829,三人均有参赛经历:0.33；至少一人为二年级以上:1.00
34,103,94.060341,1.000000,True,1.000000,70.301705,三人均有参赛经历:1.00；至少一人为二年级以上:1.00
34,104,69.514058,0.666667,False,1.000000,64.236959,三人均有参赛经历:0.33；至少一人为二年级以上:1.00
34,105,68.821569,0.666667,False,1.000000,60.774510,三人均有参赛经历:0.33；至少一人为二年级以上:1.00
34,106,95.436158,1.000000,True,1.000000,77.180791,三人均有参赛经历:1.00；至少一人为二年级以上:1.00
34,107,67.031475,0.666667,False,1.000000,51.824044,三人均有参赛经历:0.33；至少一人为二年级以上:1.00
34,108,81.870037,0.833333,False,1.000000,67.683520,三人均有参赛经历:0.67；至少一人为二年级以上:1.00
34,109,68.832882,0.666667,False,1.000000,60.831075,三人均有参赛经历:0.33；至少一人为二年级以上:1.00
34,110,56.773892,0.500000,False,1.000000,58.869458,三人均有参赛经历:0.00；至少一人为二年级以上:1.00
34,111,56.880796,0.500000,False,1.000000,59.403978,三人均有参赛经历:0.00；至少一人为二年级以上:1.00
34,112,95.515954,1.000000,True,1.000000,77.579772,三人均有参赛经历:1.00；至少一人为二年级以上:1.00
34,113,53.996239,0.500000,False,1.000000,44.981197,三人均有参赛经历:0.00；至少一人为二年级以上:1.00
34,114,56.476296,0.500000,False,1.000000,57.381481,三人均有参赛经历:0.00；至少一人为二年级以上:1.00
34,115,81.658856,0.833333,False,1.000000,66.627616,三人均有参赛经历:0.67；至少一人为二年级以上:1.00
34,116,80.661111,0.833333,False,1.000000,61.638889,三人均有参赛经历:0.67；至少一人为二年级以上:1.00
34,117,56.219008,0.500000,False,1.000000,56.095041,三人均有参赛经历:0.00；至少一人为二年级以上:1.00
34,118,70.312887,0.666667,False,1.000000,68.231103,三人均有参赛经历:0.33；至少一人为二年级以上:1.00
34,119,68.094118,0.666667,False,1.000000,57.137255,三人均有参赛经历:0.33；至少一人为二年级以上:1.00
34,120,67.722267,0.666667,False,1.000000,55.278000,三人均有参赛经历:0.33；至少一人为二年级以上:1.00
34,121,69.412691,0.666667,False,1.000000,63.730120,三人均有参赛经历:0.33；至少一人为二年级以上:1.00
34,122,69.550829,0.666667,False,1.000000,64.420812,三人均有参赛经历:0.33；至少一人为二年级以上:1.00
34,123,81.975833,0.833333,False,1.000000,68.212496,三人均有参赛经历:0.67；至少一人为二年级以上:1.00
34,124,55.672888,0.500000,False,1.000000,53.364441,三人均有参赛经历:0.00；至少一人为二年级以上:1.00
34,125,57.277385,0.500000,False,1.000000,61.386923,三人均有参赛经历:0.00；至少一人为二年级以上:1.00
34,126,67.806332,0.666667,False,1.000000,55.698327,三人均有参赛经历:0.33；至少一人为二年级以上:1.00
34,127,80.255035,0.833333,False,1.000000,59.608507,三人均有参赛经历:0.67；至少一人为二年级以上:1.00
34,128,80.180222,0.833333,False,1.000000,59.234443,三人均有参赛经历:0.67；至少一人为二年级以上:1.00
34,129,65.749724,0.666667,False,1.000000,45.415285,三人均有参赛经历:0.33；至少一人为二年级以上:1.00
34,130,83.157193,0.833333,False,1.000000,74.119297,三人均有参赛经历:0.67；至少一人为二年级以上:1.00
34,131,80.391009,0.833333,False,1.000000,60.288377,三人均有参赛经历:0.67；至少一人为二年级以上:1.00
34,132,81.805985,0.833333,False,1.000000,67.363260,三人均有参赛经历:0.67；至少一人为二年级以上:1.00
34,133,68.336166,0.666667,False,1.000000,58.347495,三人均有参赛经历:0.33；至少一人为二年级以上:1.00
34,134,68.777696,0.666667,False,1.000000,60.555147,三人均有参赛经历:0.33；至少一人为二年级以上:1.00
34,135,81.548309,0.833333,False,1.000000,66.074879,三人均有参赛经历:0.67；至少一人为二年级以上:1.00
34,136,56.152002,0.500000,False,1.000000,55.760009,三人均有参赛经历:0.00；至少一人为二年级以上:1.00
34,137,81.436921,0.833333,False,1.000000,65.517940,三人均有参赛经历:0.67；至少一人为二年级以上:1.00
34,138,95.525689,1.000000,True,1.000000,77.628444,三人均有参赛经历:1.00；至少一人为二年级以上:1.00
34,139,68.535758,0.666667,False,1.000000,59.345455,三人均有参赛经历:0.33；至少一人为二年级以上:1.00
34,140,67.945461,0.666667,False,1.000000,56.393970,三人均有参赛经历:0.33；至少一人为二年级以上:1.00
34,141,80.821388,0.833333,False,1.000000,62.440275,三人均有参赛经历:0.67；至少一人为二年级以上:1.00
34,142,54.926924,0.500000,False,1.000000,49.634622,三人均有参赛经历:0.00；至少一人为二年级以上:1.00
34,143,70.991334,0.666667,False,1.000000,71.623336,三人均有参赛经历:0.33；至少一人为二年级以上:1.00
34,144,67.296111,0.666667,False,1.000000,53.147222,三人均有参赛经历:0.33；至少一人为二年级以上:1.00
34,145,69.360205,0.666667,False,1.000000,63.467693,三人均有参赛经历:0.33；至少一人为二年级以上:1.00
34,146,67.941911,0.666667,False,1.000000,56.376220,三人均有参赛经历:0.33；至少一人为二年级以上:1.00
34,147,69.336490,0.666667,False,1.000000,63.349119,三人均有参赛经历:0.33；至少一人为二年级以上:1.00
34,148,57.679218,0.500000,False,1.000000,63.396090,三人均有参赛经历:0.00；至少一人为二年级以上:1.00
34,149,82.282441,0.833333,False,1.000000,69.745540,三人均有参赛经历:0.67；至少一人为二年级以上:1.00
34,150,19.988889,0.000000,False,1.000000,49.944444,三人均有参赛经历:0.00；至少一人为二年级以上:0.00
34,151,80.826667,0.833333,False,1.000000,62.466667,三人均有参赛经历:0.67；至少一人为二年级以上:1.00
34,152,67.886379,0.666667,False,1.000000,56.098563,三人均有参赛经历:0.33；至少一人为二年级以上:1.00
34,153,69.191465,0.666667,False,1.000000,62.623994,三人均有参赛经历:0.33；至少一人为二年级以上:1.00
34,154,54.816764,0.500000,False,1.000000,49.083821,三人均有参赛经历:0.00；至少一人为二年级以上:1.00
34,155,69.782796,0.666667,False,1.000000,65.580645,三人均有参赛经历:0.33；至少一人为二年级以上:1.00
34,156,69.161552,0.666667,False,1.000000,62.474425,三人均有参赛经历:0.33；至少一人为二年级以上:1.00
34,157,83.042633,0.833333,False,1.000000,73.546498,三人均有参赛经历:0.67；至少一人为二年级以上:1.00
34,158,68.985685,0.666667,False,1.000000,61.595090,三人均有参赛经历:0.33；至少一人为二年级以上:1.00
34,159,57.356461,0.500000,False,1.000000,61.782306,三人均有参赛经历:0.00；至少一人为二年级以上:1.00
34,160,68.802314,0.666667,False,1.000000,60.678237,三人均有参赛经历:0.33；至少一人为二年级以上:1.00
34,161,68.141646,0.666667,False,1.000000,57.374894,三人均有参赛经历:0.33；至少一人为二年级以上:1.00
34,162,68.457773,0.666667,False,1.000000,58.955530,三人均有参赛经历:0.33；至少一人为二年级以上:1.00
34,163,68.551157,0.666667,False,1.000000,59.422454,三人均有参赛经历:0.33；至少一人为二年级以上:1.00
34,164,66.572131,0.666667,False,1.000000,49.527320,三人均有参赛经历:0.33；至少一人为二年级以上:1.00
34,165,54.965278,0.500000,False,1.000000,49.826389,三人均有参赛经历:0.00；至少一人为二年级以上:1.00
34,166,66.365711,0.666667,False,1.000000,48.495219,三人均有参赛经历:0.33；至少一人为二年级以上:1.00
34,167,67.829740,0.666667,False,1.000000,55.815366,三人均有参赛经历:0.33；至少一人为二年级以上:1.00
34,168,79.837333,0.833333,False,1.000000,57.520000,三人均有参赛经历:0.67；至少一人为二年级以上:1.00
34,169,82.334473,0.833333,False,1.000000,70.005698,三人均有参赛经历:0.67；至少一人为二年级以上:1.00
34,170,68.350186,0.666667,False,1.000000,58.417595,三人均有参赛经历:0.33；至少一人为二年级以上:1.00
34,171,79.503595,0.833333,False,1.000000,55.851307,三人均有参赛经历:0.67；至少一人为二年级以上:1.00
34,172,82.275141,0.833333,False,1.000000,69.709040,三人均有参赛经历:0.67；至少一人为二年级以上:1.00
34,173,18.703292,0.000000,False,1.000000,43.516461,三人均有参赛经历:0.00；至少一人为二年级以上:0.00
34,174,82.925633,0.833333,False,1.000000,72.961497,三人均有参赛经历:0.67；至少一人为二年级以上:1.00
34,175,82.982124,0.833333,False,1.000000,73.243955,三人均有参赛经历:0.67；至少一人为二年级以上:1.00
20,1,58.322581,0.666667,False,0.000000,58.279570,三人均为二年级以上:0.67
20,2,65.377179,0.666667,False,0.333333,76.885895,三人均为二年级以上:0.67
20,3,58.381226,0.666667,False,0.000000,58.572797,三人均为二年级以上:0.67
20,4,81.496705,1.000000,True,0.000000,57.483524,三人均为二年级以上:1.00
20,5,59.631935,0.666667,False,0.000000,64.826344,三人均为二年级以上:0.67
20,6,58.532346,0.666667,False,0.000000,59.328395,三人均为二年级以上:0.67
20,7,58.057132,0.666667,False,0.000000,56.952327,三人均为二年级以上:0.67
20,8,80.940741,1.000000,True,0.000000,54.703704,三人均为二年级以上:1.00
20,9,86.539853,1.000000,True,0.333333,66.032600,三人均为二年级以上:1.00
20,10,58.083333,0.666667,False,0.000000,57.083333,三人均为二年级以上:0.67
20,11,87.421893,1.000000,True,0.333333,70.442798,三人均为二年级以上:1.00
20,12,84.048043,1.000000,True,0.000000,70.240216,三人均为二年级以上:1.00
20,13,37.682002,0.333333,False,0.333333,55.076676,三人均为二年级以上:0.33
20,14,82.529190,1.000000,True,0.000000,62.645951,三人均为二年级以上:1.00
20,15,84.660332,1.000000,True,0.000000,73.301659,三人均为二年级以上:1.00
20,16,59.014667,0.666667,False,0.000000,61.740000,三人均为二年级以上:0.67
20,17,35.035266,0.333333,False,0.000000,58.509662,三人均为二年级以上:0.33
20,18,70.097374,0.666667,False,1.000000,67.153535,三人均为二年级以上:0.67
20,19,58.120085,0.666667,False,0.000000,57.267094,三人均为二年级以上:0.67
20,20,83.398175,1.000000,True,0.000000,66.990877,三人均为二年级以上:1.00
20,21,30.820126,0.333333,False,0.000000,37.433964,三人均为二年级以上:0.33
20,22,59.635928,0.666667,False,0.000000,64.846307,三人均为二年级以上:0.67
20,23,62.366244,0.666667,False,0.333333,61.831220,三人均为二年级以上:0.67
20,24,41.018382,0.333333,False,0.666667,55.091912,三人均为二年级以上:0.33
20,25,81.188889,1.000000,True,0.000000,55.944444,三人均为二年级以上:1.00
20,26,61.467439,0.666667,False,0.333333,57.337193,三人均为二年级以上:0.67
20,27,32.844052,0.333333,False,0.000000,47.553595,三人均为二年级以上:0.33
20,28,84.652508,1.000000,True,0.000000,73.262542,三人均为二年级以上:1.00
20,29,59.854177,0.666667,False,0.333333,49.270885,三人均为二年级以上:0.67
20,30,81.855983,1.000000,True,0.000000,59.279915,三人均为二年级以上:1.00
20,31,41.275507,0.333333,False,0.666667,56.377536,三人均为二年级以上:0.33
20,32,58.338839,0.666667,False,0.000000,58.360861,三人均为二年级以上:0.67
20,33,58.676637,0.666667,False,0.000000,60.049851,三人均为二年级以上:0.67
20,34,56.751144,0.666667,False,0.000000,50.422386,三人均为二年级以上:0.67
20,35,64.263686,0.666667,False,0.666667,54.651762,三人均为二年级以上:0.67
20,36,89.558347,1.000000,True,0.333333,81.125070,三人均为二年级以上:1.00
20,37,91.446436,1.000000,True,0.666667,73.898846,三人均为二年级以上:1.00
20,38,86.931195,1.000000,True,0.333333,67.989310,三人均为二年级以上:1.00
20,39,57.567811,0.666667,False,0.000000,54.505722,三人均为二年级以上:0.67
20,40,67.743733,0.666667,False,1.000000,55.385332,三人均为二年级以上:0.67
20,41,81.400754,1.000000,True,0.000000,57.003771,三人均为二年级以上:1.00
20,42,62.794510,0.666667,False,0.333333,63.972548,三人均为二年级以上:0.67
20,43,81.781377,1.000000,True,0.000000,58.906887,三人均为二年级以上:1.00
20,44,33.377860,0.333333,False,0.000000,50.222634,三人均为二年级以上:0.33
20,45,61.770758,0.666667,False,0.333333,58.853789,三人均为二年级以上:0.67
20,46,82.645829,1.000000,True,0.000000,63.229143,三人均为二年级以上:1.00
20,47,40.364104,0.333333,False,0.666667,51.820518,三人均为二年级以上:0.33
20,48,54.340613,0.666667,False,0.000000,38.369732,三人均为二年级以上:0.67
20,49,31.811676,0.333333,False,0.000000,42.391714,三人均为二年级以上:0.33
20,50,58.177039,0.666667,False,0.000000,57.551862,三人均为二年级以上:0.67
20,51,10.673125,0.000000,False,0.000000,53.365623,三人均为二年级以上:0.00
20,52,33.234211,0.333333,False,0.000000,49.504388,三人均为二年级以上:0.33
20,53,45.258537,0.333333,False,1.000000,59.626016,三人均为二年级以上:0.33
20,54,54.988803,0.666667,False,0.000000,41.610684,三人均为二年级以上:0.67
20,55,33.735541,0.333333,False,0.000000,52.011036,三人均为二年级以上:0.33
20,56,70.030903,0.666667,False,1.000000,66.821181,三人均为二年级以上:0.67
20,57,56.764493,0.666667,False,0.000000,50.489130,三人均为二年级以上:0.67
20,58,66.228545,0.666667,False,0.666667,64.476057,三人均为二年级以上:0.67
20,59,89.223031,1.000000,True,0.666667,62.781822,三人均为二年级以上:1.00
20,60,83.770180,1.000000,True,0.000000,68.850902,三人均为二年级以上:1.00
20,61,83.573325,1.000000,True,0.000000,67.866626,三人均为二年级以上:1.00
20,62,59.099666,0.666667,False,0.000000,62.164997,三人均为二年级以上:0.67
20,63,60.734178,0.666667,False,0.000000,70.337558,三人均为二年级以上:0.67
20,64,33.320773,0.333333,False,0.000000,49.937198,三人均为二年级以上:0.33
20,65,44.049661,0.333333,False,1.000000,53.581640,三人均为二年级以上:0.33
20,66,60.309814,0.666667,False,0.000000,68.215738,三人均为二年级以上:0.67
20,67,89.907967,1.000000,True,0.666667,66.206500,三人均为二年级以上:1.00
20,68,84.454998,1.000000,True,0.000000,72.274990,三人均为二年级以上:1.00
20,69,65.656510,0.666667,False,0.666667,61.615885,三人均为二年级以上:0.67
20,70,59.910696,0.666667,False,0.000000,66.220147,三人均为二年级以上:0.67
20,71,81.644000,1.000000,True,0.000000,58.220000,三人均为二年级以上:1.00
20,72,59.902146,0.666667,False,0.000000,66.177397,三人均为二年级以上:0.67
20,73,63.270131,0.666667,False,0.333333,66.350653,三人均为二年级以上:0.67
20,74,38.541177,0.333333,False,0.333333,59.372551,三人均为二年级以上:0.33
20,75,36.925612,0.333333,False,0.333333,51.294727,三人均为二年级以上:0.33
20,76,85.239130,1.000000,True,0.000000,76.195652,三人均为二年级以上:1.00
20,77,34.604141,0.333333,False,0.000000,56.354040,三人均为二年级以上:0.33
20,78,86.349169,1.000000,True,0.333333,65.079177,三人均为二年级以上:1.00
20,79,82.645363,1.000000,True,0.000000,63.226815,三人均为二年级以上:1.00
20,80,63.553354,0.666667,False,0.333333,67.766771,三人均为二年级以上:0.67
20,81,60.421565,0.666667,False,0.000000,68.774492,三人均为二年级以上:0.67
20,82,35.054860,0.333333,False,0.000000,58.607634,三人均为二年级以上:0.33
20,83,57.579167,0.666667,False,0.000000,54.562500,三人均为二年级以上:0.67
20,84,56.580478,0.666667,False,0.000000,49.569054,三人均为二年级以上:0.67
20,85,58.634887,0.666667,False,0.000000,59.841102,三人均为二年级以上:0.67
20,86,66.115836,0.666667,False,0.666667,63.912512,三人均为二年级以上:0.67
20,87,62.608070,0.666667,False,0.333333,63.040351,三人均为二年级以上:0.67
20,88,56.923818,0.666667,False,0.000000,51.285757,三人均为二年级以上:0.67
20,89,86.237455,1.000000,True,0.333333,64.520609,三人均为二年级以上:1.00
20,90,57.938831,0.666667,False,0.000000,56.360820,三人均为二年级以上:0.67
20,91,81.932151,1.000000,True,0.000000,59.660754,三人均为二年级以上:1.00
20,92,63.033333,0.666667,False,0.333333,65.166667,三人均为二年级以上:0.67
20,93,60.656119,0.666667,False,0.000000,69.947262,三人均为二年级以上:0.67
20,94,71.482626,0.666667,False,1.000000,74.079798,三人均为二年级以上:0.67
20,95,61.239017,0.666667,False,0.333333,56.195083,三人均为二年级以上:0.67
20,96,59.611081,0.666667,False,0.000000,64.722072,三人均为二年级以上:0.67
20,97,58.701852,0.666667,False,0.000000,60.175926,三人均为二年级以上:0.67
20,98,82.579347,1.000000,True,0.000000,62.896737,三人均为二年级以上:1.00
20,99,36.152222,0.333333,False,0.333333,47.427778,三人均为二年级以上:0.33
20,100,59.636393,0.666667,False,0.000000,64.848631,三人均为二年级以上:0.67
20,101,60.221859,0.666667,False,0.333333,51.109295,三人均为二年级以上:0.67
20,102,90.806232,1.000000,True,0.666667,70.697829,三人均为二年级以上:1.00
20,103,87.393674,1.000000,True,0.333333,70.301705,三人均为二年级以上:1.00
20,104,62.847392,0.666667,False,0.333333,64.236959,三人均为二年级以上:0.67
20,105,82.154902,1.000000,True,0.000000,60.774510,三人均为二年级以上:1.00
20,106,85.436158,1.000000,True,0.000000,77.180791,三人均为二年级以上:1.00
20,107,33.698142,0.333333,False,0.000000,51.824044,三人均为二年级以上:0.33
20,108,83.536704,1.000000,True,0.000000,67.683520,三人均为二年级以上:1.00
20,109,85.499548,1.000000,True,0.333333,60.831075,三人均为二年级以上:1.00
20,110,58.440558,0.666667,False,0.000000,58.869458,三人均为二年级以上:0.67
20,111,58.547462,0.666667,False,0.000000,59.403978,三人均为二年级以上:0.67
20,112,85.515954,1.000000,True,0.000000,77.579772,三人均为二年级以上:1.00
20,113,55.662906,0.666667,False,0.000000,44.981197,三人均为二年级以上:0.67
20,114,38.142963,0.333333,False,0.333333,57.381481,三人均为二年级以上:0.33
20,115,83.325523,1.000000,True,0.000000,66.627616,三人均为二年级以上:1.00
20,116,62.327778,0.666667,False,0.333333,61.638889,三人均为二年级以上:0.67
20,117,84.552342,1.000000,True,0.333333,56.095041,三人均为二年级以上:1.00
20,118,83.646221,1.000000,True,0.000000,68.231103,三人均为二年级以上:1.00
20,119,58.094118,0.666667,False,0.000000,57.137255,三人均为二年级以上:0.67
20,120,81.055600,1.000000,True,0.000000,55.278000,三人均为二年级以上:1.00
20,121,62.746024,0.666667,False,0.333333,63.730120,三人均为二年级以上:0.67
20,122,59.550829,0.666667,False,0.000000,64.420812,三人均为二年级以上:0.67
20,123,83.642499,1.000000,True,0.000000,68.212496,三人均为二年级以上:1.00
20,124,40.672888,0.333333,False,0.666667,53.364441,三人均为二年级以上:0.33
20,125,68.944051,0.666667,False,1.000000,61.386923,三人均为二年级以上:0.67
20,126,84.472999,1.000000,True,0.333333,55.698327,三人均为二年级以上:1.00
20,127,85.255035,1.000000,True,0.333333,59.608507,三人均为二年级以上:1.00
20,128,61.846889,0.666667,False,0.333333,59.234443,三人均为二年级以上:0.67
20,129,55.749724,0.666667,False,0.000000,45.415285,三人均为二年级以上:0.67
20,130,84.823859,1.000000,True,0.000000,74.119297,三人均为二年级以上:1.00
20,131,58.724342,0.666667,False,0.000000,60.288377,三人均为二年级以上:0.67
20,132,86.805985,1.000000,True,0.333333,67.363260,三人均为二年级以上:1.00
20,133,81.669499,1.000000,True,0.000000,58.347495,三人均为二年级以上:1.00
20,134,82.111029,1.000000,True,0.000000,60.555147,三人均为二年级以上:1.00
20,135,83.214976,1.000000,True,0.000000,66.074879,三人均为二年级以上:1.00
20,136,34.485335,0.333333,False,0.000000,55.760009,三人均为二年级以上:0.33
20,137,66.436921,0.666667,False,0.666667,65.517940,三人均为二年级以上:0.67
20,138,92.192356,1.000000,True,0.666667,77.628444,三人均为二年级以上:1.00
20,139,38.535758,0.333333,False,0.333333,59.345455,三人均为二年级以上:0.33
20,140,61.278794,0.666667,False,0.333333,56.393970,三人均为二年级以上:0.67
20,141,85.821388,1.000000,True,0.333333,62.440275,三人均为二年级以上:1.00
20,142,59.926924,0.666667,False,0.333333,49.634622,三人均为二年级以上:0.67
20,143,60.991334,0.666667,False,0.000000,71.623336,三人均为二年级以上:0.67
20,144,40.629444,0.333333,False,0.666667,53.147222,三人均为二年级以上:0.33
20,145,62.693539,0.666667,False,0.333333,63.467693,三人均为二年级以上:0.67
20,146,57.941911,0.666667,False,0.000000,56.376220,三人均为二年级以上:0.67
20,147,62.669824,0.666667,False,0.333333,63.349119,三人均为二年级以上:0.67
20,148,82.679218,1.000000,True,0.000000,63.396090,三人均为二年级以上:1.00
20,149,83.949108,1.000000,True,0.000000,69.745540,三人均为二年级以上:1.00
20,150,9.988889,0.000000,False,0.000000,49.944444,三人均为二年级以上:0.00
20,151,59.160000,0.666667,False,0.000000,62.466667,三人均为二年级以上:0.67
20,152,57.886379,0.666667,False,0.000000,56.098563,三人均为二年级以上:0.67
20,153,82.524799,1.000000,True,0.000000,62.623994,三人均为二年级以上:1.00
20,154,33.150097,0.333333,False,0.000000,49.083821,三人均为二年级以上:0.33
20,155,93.116129,1.000000,True,1.000000,65.580645,三人均为二年级以上:1.00
20,156,59.161552,0.666667,False,0.000000,62.474425,三人均为二年级以上:0.67
20,157,84.709300,1.000000,True,0.000000,73.546498,三人均为二年级以上:1.00
20,158,58.985685,0.666667,False,0.000000,61.595090,三人均为二年级以上:0.67
20,159,82.356461,1.000000,True,0.000000,61.782306,三人均为二年级以上:1.00
20,160,82.135647,1.000000,True,0.000000,60.678237,三人均为二年级以上:1.00
20,161,34.808312,0.333333,False,0.000000,57.374894,三人均为二年级以上:0.33
20,162,35.124439,0.333333,False,0.000000,58.955530,三人均为二年级以上:0.33
20,163,61.884491,0.666667,False,0.333333,59.422454,三人均为二年级以上:0.67
20,164,33.238797,0.333333,False,0.000000,49.527320,三人均为二年级以上:0.33
20,165,33.298611,0.333333,False,0.000000,49.826389,三人均为二年级以上:0.33
20,166,56.365711,0.666667,False,0.000000,48.495219,三人均为二年级以上:0.67
20,167,61.163073,0.666667,False,0.333333,55.815366,三人均为二年级以上:0.67
20,168,58.170667,0.666667,False,0.000000,57.520000,三人均为二年级以上:0.67
20,169,64.001140,0.666667,False,0.333333,70.005698,三人均为二年级以上:0.67
20,170,41.683519,0.333333,False,0.666667,58.417595,三人均为二年级以上:0.33
20,171,57.836928,0.666667,False,0.000000,55.851307,三人均为二年级以上:0.67
20,172,60.608475,0.666667,False,0.000000,69.709040,三人均为二年级以上:0.67
20,173,8.703292,0.000000,False,0.000000,43.516461,三人均为二年级以上:0.00
20,174,64.592299,0.666667,False,0.333333,72.961497,三人均为二年级以上:0.67
20,175,61.315458,0.666667,False,0.000000,73.243955,三人均为二年级以上:0.67
10,1,68.322581,0.666667,False,1.000000,58.279570,三人均有参赛经历:0.33；专业不全相同:1.00
10,2,83.710512,0.833333,False,1.000000,76.885895,三人均有参赛经历:0.67；专业不全相同:1.00
10,3,45.047893,0.333333,False,1.000000,58.572797,三人均有参赛经历:0.67；专业不全相同:0.00
10,4,68.163371,0.666667,False,1.000000,57.483524,三人均有参赛经历:0.33；专业不全相同:1.00
10,5,81.298602,0.833333,False,1.000000,64.826344,三人均有参赛经历:0.67；专业不全相同:1.00
10,6,68.532346,0.666667,False,1.000000,59.328395,三人均有参赛经历:0.33；专业不全相同:1.00
10,7,68.057132,0.666667,False,1.000000,56.952327,三人均有参赛经历:0.33；专业不全相同:1.00
10,8,32.607407,0.166667,False,1.000000,54.703704,三人均有参赛经历:0.33；专业不全相同:0.00
10,9,69.873187,0.666667,False,1.000000,66.032600,三人均有参赛经历:0.33；专业不全相同:1.00
10,10,56.416667,0.500000,False,1.000000,57.083333,三人均有参赛经历:0.00；专业不全相同:1.00
10,11,82.421893,0.833333,False,1.000000,70.442798,三人均有参赛经历:0.67；专业不全相同:1.00
10,12,82.381377,0.833333,False,1.000000,70.240216,三人均有参赛经历:0.67；专业不全相同:1.00
10,13,56.015335,0.500000,False,1.000000,55.076676,三人均有参赛经历:0.00；专业不全相同:1.00
10,14,80.862524,0.833333,False,1.000000,62.645951,三人均有参赛经历:0.67；专业不全相同:1.00
10,15,82.993665,0.833333,False,1.000000,73.301659,三人均有参赛经历:0.67；专业不全相同:1.00
10,16,69.014667,0.666667,False,1.000000,61.740000,三人均有参赛经历:0.33；专业不全相同:1.00
10,17,68.368599,0.666667,False,1.000000,58.509662,三人均有参赛经历:0.33；专业不全相同:1.00
10,18,46.764040,0.333333,False,1.000000,67.153535,三人均有参赛经历:0.67；专业不全相同:0.00
10,19,33.120085,0.166667,False,1.000000,57.267094,三人均有参赛经历:0.33；专业不全相同:0.00
10,20,70.064842,0.666667,False,1.000000,66.990877,三人均有参赛经历:0.33；专业不全相同:1.00
10,21,52.486793,0.500000,False,1.000000,37.433964,三人均有参赛经历:0.00；专业不全相同:1.00
10,22,81.302595,0.833333,False,1.000000,64.846307,三人均有参赛经历:0.67；专业不全相同:1.00
10,23,69.032911,0.666667,False,1.000000,61.831220,三人均有参赛经历:0.33；专业不全相同:1.00
10,24,56.018382,0.500000,False,1.000000,55.091912,三人均有参赛经历:0.00；专业不全相同:1.00
10,25,67.855556,0.666667,False,1.000000,55.944444,三人均有参赛经历:0.33；专业不全相同:1.00
10,26,56.467439,0.500000,False,1.000000,57.337193,三人均有参赛经历:0.00；专业不全相同:1.00
10,27,54.510719,0.500000,False,1.000000,47.553595,三人均有参赛经历:0.00；专业不全相同:1.00
10,28,94.652508,1.000000,True,1.000000,73.262542,三人均有参赛经历:1.00；专业不全相同:1.00
10,29,54.854177,0.500000,False,1.000000,49.270885,三人均有参赛经历:0.00；专业不全相同:1.00
10,30,80.189316,0.833333,False,1.000000,59.279915,三人均有参赛经历:0.67；专业不全相同:1.00
10,31,67.942174,0.666667,False,1.000000,56.377536,三人均有参赛经历:0.33；专业不全相同:1.00
10,32,56.672172,0.500000,False,1.000000,58.360861,三人均有参赛经历:0.00；专业不全相同:1.00
10,33,68.676637,0.666667,False,1.000000,60.049851,三人均有参赛经历:0.33；专业不全相同:1.00
10,34,31.751144,0.166667,False,1.000000,50.422386,三人均有参赛经历:0.33；专业不全相同:0.00
10,35,67.597019,0.666667,False,1.000000,54.651762,三人均有参赛经历:0.33；专业不全相同:1.00
10,36,96.225014,1.000000,True,1.000000,81.125070,三人均有参赛经历:1.00；专业不全相同:1.00
10,37,83.113103,0.833333,False,1.000000,73.898846,三人均有参赛经历:0.67；专业不全相同:1.00
10,38,70.264529,0.666667,False,1.000000,67.989310,三人均有参赛经历:0.33；专业不全相同:1.00
10,39,79.234478,0.833333,False,1.000000,54.505722,三人均有参赛经历:0.67；专业不全相同:1.00
10,40,44.410400,0.333333,False,1.000000,55.385332,三人均有参赛经历:0.67；专业不全相同:0.00
10,41,79.734087,0.833333,False,1.000000,57.003771,三人均有参赛经历:0.67；专业不全相同:1.00
10,42,57.794510,0.500000,False,1.000000,63.972548,三人均有参赛经历:0.00；专业不全相同:1.00
10,43,56.781377,0.500000,False,1.000000,58.906887,三人均有参赛经历:0.00；专业不全相同:1.00
10,44,66.711193,0.666667,False,1.000000,50.222634,三人均有参赛经历:0.33；专业不全相同:1.00
10,45,68.437425,0.666667,False,1.000000,58.853789,三人均有参赛经历:0.33；专业不全相同:1.00
10,46,80.979162,0.833333,False,1.000000,63.229143,三人均有参赛经历:0.67；专业不全相同:1.00
10,47,67.030770,0.666667,False,1.000000,51.820518,三人均有参赛经历:0.33；专业不全相同:1.00
10,48,17.673946,0.000000,False,1.000000,38.369732,三人均有参赛经历:0.00；专业不全相同:0.00
10,49,30.145009,0.166667,False,1.000000,42.391714,三人均有参赛经历:0.33；专业不全相同:0.00
10,50,79.843706,0.833333,False,1.000000,57.551862,三人均有参赛经历:0.67；专业不全相同:1.00
10,51,55.673125,0.500000,False,1.000000,53.365623,三人均有参赛经历:0.00；专业不全相同:1.00
10,52,66.567544,0.666667,False,1.000000,49.504388,三人均有参赛经历:0.33；专业不全相同:1.00
10,53,33.591870,0.166667,False,1.000000,59.626016,三人均有参赛经历:0.33；专业不全相同:0.00
10,54,53.322137,0.500000,False,1.000000,41.610684,三人均有参赛经历:0.00；专业不全相同:1.00
10,55,55.402207,0.500000,False,1.000000,52.011036,三人均有参赛经历:0.00；专业不全相同:1.00
10,56,46.697569,0.333333,False,1.000000,66.821181,三人均有参赛经历:0.67；专业不全相同:0.00
10,57,20.097826,0.000000,False,1.000000,50.489130,三人均有参赛经历:0.00；专业不全相同:0.00
10,58,69.561878,0.666667,False,1.000000,64.476057,三人均有参赛经历:0.33；专业不全相同:1.00
10,59,57.556364,0.500000,False,1.000000,62.781822,三人均有参赛经历:0.00；专业不全相同:1.00
10,60,82.103514,0.833333,False,1.000000,68.850902,三人均有参赛经历:0.67；专业不全相同:1.00
10,61,70.239992,0.666667,False,1.000000,67.866626,三人均有参赛经历:0.33；专业不全相同:1.00
10,62,69.099666,0.666667,False,1.000000,62.164997,三人均有参赛经历:0.33；专业不全相同:1.00
10,63,82.400845,0.833333,False,1.000000,70.337558,三人均有参赛经历:0.67；专业不全相同:1.00
10,64,66.654106,0.666667,False,1.000000,49.937198,三人均有参赛经历:0.33；专业不全相同:1.00
10,65,32.382995,0.166667,False,1.000000,53.581640,三人均有参赛经历:0.33；专业不全相同:0.00
10,66,46.976481,0.333333,False,1.000000,68.215738,三人均有参赛经历:0.67；专业不全相同:0.00
10,67,69.907967,0.666667,False,1.000000,66.206500,三人均有参赛经历:0.33；专业不全相同:1.00
10,68,82.788331,0.833333,False,1.000000,72.274990,三人均有参赛经历:0.67；专业不全相同:1.00
10,69,68.989844,0.666667,False,1.000000,61.615885,三人均有参赛经历:0.33；专业不全相同:1.00
10,70,69.910696,0.666667,False,1.000000,66.220147,三人均有参赛经历:0.33；专业不全相同:1.00
10,71,68.310667,0.666667,False,1.000000,58.220000,三人均有参赛经历:0.33；专业不全相同:1.00
10,72,81.568813,0.833333,False,1.000000,66.177397,三人均有参赛经历:0.67；专业不全相同:1.00
10,73,69.936797,0.666667,False,1.000000,66.350653,三人均有参赛经历:0.33；专业不全相同:1.00
10,74,68.541177,0.666667,False,1.000000,59.372551,三人均有参赛经历:0.33；专业不全相同:1.00
10,75,66.925612,0.666667,False,1.000000,51.294727,三人均有参赛经历:0.33；专业不全相同:1.00
10,76,48.572464,0.333333,False,1.000000,76.195652,三人均有参赛经历:0.67；专业不全相同:0.00
10,77,56.270808,0.500000,False,1.000000,56.354040,三人均有参赛经历:0.00；专业不全相同:1.00
10,78,93.015835,1.000000,True,1.000000,65.079177,三人均有参赛经历:1.00；专业不全相同:1.00
10,79,69.312030,0.666667,False,1.000000,63.226815,三人均有参赛经历:0.33；专业不全相同:1.00
10,80,81.886688,0.833333,False,1.000000,67.766771,三人均有参赛经历:0.67；专业不全相同:1.00
10,81,70.421565,0.666667,False,1.000000,68.774492,三人均有参赛经历:0.33；专业不全相同:1.00
10,82,56.721527,0.500000,False,1.000000,58.607634,三人均有参赛经历:0.00；专业不全相同:1.00
10,83,67.579167,0.666667,False,1.000000,54.562500,三人均有参赛经历:0.33；专业不全相同:1.00
10,84,78.247144,0.833333,False,1.000000,49.569054,三人均有参赛经历:0.67；专业不全相同:1.00
10,85,80.301554,0.833333,False,1.000000,59.841102,三人均有参赛经历:0.67；专业不全相同:1.00
10,86,69.449169,0.666667,False,1.000000,63.912512,三人均有参赛经历:0.33；专业不全相同:1.00
10,87,69.274737,0.666667,False,1.000000,63.040351,三人均有参赛经历:0.33；专业不全相同:1.00
10,88,66.923818,0.666667,False,1.000000,51.285757,三人均有参赛经历:0.33；专业不全相同:1.00
10,89,69.570789,0.666667,False,1.000000,64.520609,三人均有参赛经历:0.33；专业不全相同:1.00
10,90,79.605497,0.833333,False,1.000000,56.360820,三人均有参赛经历:0.67；专业不全相同:1.00
10,91,33.598818,0.166667,False,1.000000,59.660754,三人均有参赛经历:0.33；专业不全相同:0.00
10,92,81.366667,0.833333,False,1.000000,65.166667,三人均有参赛经历:0.67；专业不全相同:1.00
10,93,82.322786,0.833333,False,1.000000,69.947262,三人均有参赛经历:0.67；专业不全相同:1.00
10,94,48.149293,0.333333,False,1.000000,74.079798,三人均有参赛经历:0.67；专业不全相同:0.00
10,95,67.905683,0.666667,False,1.000000,56.195083,三人均有参赛经历:0.33；专业不全相同:1.00
10,96,81.277748,0.833333,False,1.000000,64.722072,三人均有参赛经历:0.67；专业不全相同:1.00
10,97,68.701852,0.666667,False,1.000000,60.175926,三人均有参赛经历:0.33；专业不全相同:1.00
10,98,34.246014,0.166667,False,1.000000,62.896737,三人均有参赛经历:0.33；专业不全相同:0.00
10,99,54.485556,0.500000,False,1.000000,47.427778,三人均有参赛经历:0.00；专业不全相同:1.00
10,100,81.303060,0.833333,False,1.000000,64.848631,三人均有参赛经历:0.67；专业不全相同:1.00
10,101,55.221859,0.500000,False,1.000000,51.109295,三人均有参赛经历:0.00；专业不全相同:1.00
10,102,70.806232,0.666667,False,1.000000,70.697829,三人均有参赛经历:0.33；专业不全相同:1.00
10,103,94.060341,1.000000,True,1.000000,70.301705,三人均有参赛经历:1.00；专业不全相同:1.00
10,104,69.514058,0.666667,False,1.000000,64.236959,三人均有参赛经历:0.33；专业不全相同:1.00
10,105,33.821569,0.166667,False,1.000000,60.774510,三人均有参赛经历:0.33；专业不全相同:0.00
10,106,60.436158,0.500000,False,1.000000,77.180791,三人均有参赛经历:1.00；专业不全相同:0.00
10,107,67.031475,0.666667,False,1.000000,51.824044,三人均有参赛经历:0.33；专业不全相同:1.00
10,108,81.870037,0.833333,False,1.000000,67.683520,三人均有参赛经历:0.67；专业不全相同:1.00
10,109,68.832882,0.666667,False,1.000000,60.831075,三人均有参赛经历:0.33；专业不全相同:1.00
10,110,56.773892,0.500000,False,1.000000,58.869458,三人均有参赛经历:0.00；专业不全相同:1.00
10,111,21.880796,0.000000,False,1.000000,59.403978,三人均有参赛经历:0.00；专业不全相同:0.00
10,112,95.515954,1.000000,True,1.000000,77.579772,三人均有参赛经历:1.00；专业不全相同:1.00
10,113,53.996239,0.500000,False,1.000000,44.981197,三人均有参赛经历:0.00；专业不全相同:1.00
10,114,56.476296,0.500000,False,1.000000,57.381481,三人均有参赛经历:0.00；专业不全相同:1.00
10,115,81.658856,0.833333,False,1.000000,66.627616,三人均有参赛经历:0.67；专业不全相同:1.00
10,116,80.661111,0.833333,False,1.000000,61.638889,三人均有参赛经历:0.67；专业不全相同:1.00
10,117,56.219008,0.500000,False,1.000000,56.095041,三人均有参赛经历:0.00；专业不全相同:1.00
10,118,70.312887,0.666667,False,1.000000,68.231103,三人均有参赛经历:0.33；专业不全相同:1.00
10,119,68.094118,0.666667,False,1.000000,57.137255,三人均有参赛经历:0.33；专业不全相同:1.00
10,120,67.722267,0.666667,False,1.000000,55.278000,三人均有参赛经历:0.33；专业不全相同:1.00
10,121,69.412691,0.666667,False,1.000000,63.730120,三人均有参赛经历:0.33；专业不全相同:1.00
10,122,34.550829,0.166667,False,1.000000,64.420812,三人均有参赛经历:0.33；专业不全相同:0.00
10,123,81.975833,0.833333,False,1.000000,68.212496,三人均有参赛经历:0.67；专业不全相同:1.00
10,124,55.672888,0.500000,False,1.000000,53.364441,三人均有参赛经历:0.00；专业不全相同:1.00
10,125,57.277385,0.500000,False,1.000000,61.386923,三人均有参赛经历:0.00；专业不全相同:1.00
10,126,67.806332,0.666667,False,1.000000,55.698327,三人均有参赛经历:0.33；专业不全相同:1.00
10,127,80.255035,0.833333,False,1.000000,59.608507,三人均有参赛经历:0.67；专业不全相同:1.00
10,128,80.180222,0.833333,False,1.000000,59.234443,三人均有参赛经历:0.67；专业不全相同:1.00
10,129,65.749724,0.666667,False,1.000000,45.415285,三人均有参赛经历:0.33；专业不全相同:1.00
10,130,83.157193,0.833333,False,1.000000,74.119297,三人均有参赛经历:0.67；专业不全相同:1.00
10,131,80.391009,0.833333,False,1.000000,60.288377,三人均有参赛经历:0.67；专业不全相同:1.00
10,132,81.805985,0.833333,False,1.000000,67.363260,三人均有参赛经历:0.67；专业不全相同:1.00
10,133,68.336166,0.666667,False,1.000000,58.347495,三人均有参赛经历:0.33；专业不全相同:1.00
10,134,33.777696,0.166667,False,1.000000,60.555147,三人均有参赛经历:0.33；专业不全相同:0.00
10,135,46.548309,0.333333,False,1.000000,66.074879,三人均有参赛经历:0.67；专业不全相同:0.00
10,136,56.152002,0.500000,False,1.000000,55.760009,三人均有参赛经历:0.00；专业不全相同:1.00
10,137,81.436921,0.833333,False,1.000000,65.517940,三人均有参赛经历:0.67；专业不全相同:1.00
10,138,95.525689,1.000000,True,1.000000,77.628444,三人均有参赛经历:1.00；专业不全相同:1.00
10,139,68.535758,0.666667,False,1.000000,59.345455,三人均有参赛经历:0.33；专业不全相同:1.00
10,140,67.945461,0.666667,False,1.000000,56.393970,三人均有参赛经历:0.33；专业不全相同:1.00
10,141,80.821388,0.833333,False,1.000000,62.440275,三人均有参赛经历:0.67；专业不全相同:1.00
10,142,54.926924,0.500000,False,1.000000,49.634622,三人均有参赛经历:0.00；专业不全相同:1.00
10,143,70.991334,0.666667,False,1.000000,71.623336,三人均有参赛经历:0.33；专业不全相同:1.00
10,144,67.296111,0.666667,False,1.000000,53.147222,三人均有参赛经历:0.33；专业不全相同:1.00
10,145,69.360205,0.666667,False,1.000000,63.467693,三人均有参赛经历:0.33；专业不全相同:1.00
10,146,32.941911,0.166667,False,1.000000,56.376220,三人均有参赛经历:0.33；专业不全相同:0.00
10,147,69.336490,0.666667,False,1.000000,63.349119,三人均有参赛经历:0.33；专业不全相同:1.00
10,148,57.679218,0.500000,False,1.000000,63.396090,三人均有参赛经历:0.00；专业不全相同:1.00
10,149,82.282441,0.833333,False,1.000000,69.745540,三人均有参赛经历:0.67；专业不全相同:1.00
10,150,19.988889,0.000000,False,1.000000,49.944444,三人均有参赛经历:0.00；专业不全相同:0.00
10,151,80.826667,0.833333,False,1.000000,62.466667,三人均有参赛经历:0.67；专业不全相同:1.00
10,152,67.886379,0.666667,False,1.000000,56.098563,三人均有参赛经历:0.33；专业不全相同:1.00
10,153,69.191465,0.666667,False,1.000000,62.623994,三人均有参赛经历:0.33；专业不全相同:1.00
10,154,19.816764,0.000000,False,1.000000,49.083821,三人均有参赛经历:0.00；专业不全相同:0.00
10,155,34.782796,0.166667,False,1.000000,65.580645,三人均有参赛经历:0.33；专业不全相同:0.00
10,156,69.161552,0.666667,False,1.000000,62.474425,三人均有参赛经历:0.33；专业不全相同:1.00
10,157,83.042633,0.833333,False,1.000000,73.546498,三人均有参赛经历:0.67；专业不全相同:1.00
10,158,68.985685,0.666667,False,1.000000,61.595090,三人均有参赛经历:0.33；专业不全相同:1.00
10,159,57.356461,0.500000,False,1.000000,61.782306,三人均有参赛经历:0.00；专业不全相同:1.00
10,160,68.802314,0.666667,False,1.000000,60.678237,三人均有参赛经历:0.33；专业不全相同:1.00
10,161,68.141646,0.666667,False,1.000000,57.374894,三人均有参赛经历:0.33；专业不全相同:1.00
10,162,68.457773,0.666667,False,1.000000,58.955530,三人均有参赛经历:0.33；专业不全相同:1.00
10,163,68.551157,0.666667,False,1.000000,59.422454,三人均有参赛经历:0.33；专业不全相同:1.00
10,164,66.572131,0.666667,False,1.000000,49.527320,三人均有参赛经历:0.33；专业不全相同:1.00
10,165,54.965278,0.500000,False,1.000000,49.826389,三人均有参赛经历:0.00；专业不全相同:1.00
10,166,31.365711,0.166667,False,1.000000,48.495219,三人均有参赛经历:0.33；专业不全相同:0.00
10,167,67.829740,0.666667,False,1.000000,55.815366,三人均有参赛经历:0.33；专业不全相同:1.00
10,168,79.837333,0.833333,False,1.000000,57.520000,三人均有参赛经历:0.67；专业不全相同:1.00
10,169,82.334473,0.833333,False,1.000000,70.005698,三人均有参赛经历:0.67；专业不全相同:1.00
10,170,68.350186,0.666667,False,1.000000,58.417595,三人均有参赛经历:0.33；专业不全相同:1.00
10,171,79.503595,0.833333,False,1.000000,55.851307,三人均有参赛经历:0.67；专业不全相同:1.00
10,172,82.275141,0.833333,False,1.000000,69.709040,三人均有参赛经历:0.67；专业不全相同:1.00
10,173,53.703292,0.500000,False,1.000000,43.516461,三人均有参赛经历:0.00；专业不全相同:1.00
10,174,82.925633,0.833333,False,1.000000,72.961497,三人均有参赛经历:0.67；专业不全相同:1.00
10,175,82.982124,0.833333,False,1.000000,73.243955,三人均有参赛经历:0.67；专业不全相同:1.00
26,1,68.322581,0.666667,False,1.000000,58.279570,三人均有参赛经历:0.33；专业不全相同:1.00
26,2,83.710512,0.833333,False,1.000000,76.885895,三人均有参赛经历:0.67；专业不全相同:1.00
26,3,45.047893,0.333333,False,1.000000,58.572797,三人均有参赛经历:0.67；专业不全相同:0.00
26,4,68.163371,0.666667,False,1.000000,57.483524,三人均有参赛经历:0.33；专业不全相同:1.00
26,5,81.298602,0.833333,False,1.000000,64.826344,三人均有参赛经历:0.67；专业不全相同:1.00
26,6,68.532346,0.666667,False,1.000000,59.328395,三人均有参赛经历:0.33；专业不全相同:1.00
26,7,68.057132,0.666667,False,1.000000,56.952327,三人均有参赛经历:0.33；专业不全相同:1.00
26,8,32.607407,0.166667,False,1.000000,54.703704,三人均有参赛经历:0.33；专业不全相同:0.00
26,9,69.873187,0.666667,False,1.000000,66.032600,三人均有参赛经历:0.33；专业不全相同:1.00
26,10,56.416667,0.500000,False,1.000000,57.083333,三人均有参赛经历:0.00；专业不全相同:1.00
26,11,82.421893,0.833333,False,1.000000,70.442798,三人均有参赛经历:0.67；专业不全相同:1.00
26,12,82.381377,0.833333,False,1.000000,70.240216,三人均有参赛经历:0.67；专业不全相同:1.00
26,13,56.015335,0.500000,False,1.000000,55.076676,三人均有参赛经历:0.00；专业不全相同:1.00
26,14,80.862524,0.833333,False,1.000000,62.645951,三人均有参赛经历:0.67；专业不全相同:1.00
26,15,82.993665,0.833333,False,1.000000,73.301659,三人均有参赛经历:0.67；专业不全相同:1.00
26,16,69.014667,0.666667,False,1.000000,61.740000,三人均有参赛经历:0.33；专业不全相同:1.00
26,17,68.368599,0.666667,False,1.000000,58.509662,三人均有参赛经历:0.33；专业不全相同:1.00
26,18,46.764040,0.333333,False,1.000000,67.153535,三人均有参赛经历:0.67；专业不全相同:0.00
26,19,33.120085,0.166667,False,1.000000,57.267094,三人均有参赛经历:0.33；专业不全相同:0.00
26,20,70.064842,0.666667,False,1.000000,66.990877,三人均有参赛经历:0.33；专业不全相同:1.00
26,21,52.486793,0.500000,False,1.000000,37.433964,三人均有参赛经历:0.00；专业不全相同:1.00
26,22,81.302595,0.833333,False,1.000000,64.846307,三人均有参赛经历:0.67；专业不全相同:1.00
26,23,69.032911,0.666667,False,1.000000,61.831220,三人均有参赛经历:0.33；专业不全相同:1.00
26,24,56.018382,0.500000,False,1.000000,55.091912,三人均有参赛经历:0.00；专业不全相同:1.00
26,25,67.855556,0.666667,False,1.000000,55.944444,三人均有参赛经历:0.33；专业不全相同:1.00
26,26,56.467439,0.500000,False,1.000000,57.337193,三人均有参赛经历:0.00；专业不全相同:1.00
26,27,54.510719,0.500000,False,1.000000,47.553595,三人均有参赛经历:0.00；专业不全相同:1.00
26,28,94.652508,1.000000,True,1.000000,73.262542,三人均有参赛经历:1.00；专业不全相同:1.00
26,29,54.854177,0.500000,False,1.000000,49.270885,三人均有参赛经历:0.00；专业不全相同:1.00
26,30,80.189316,0.833333,False,1.000000,59.279915,三人均有参赛经历:0.67；专业不全相同:1.00
26,31,67.942174,0.666667,False,1.000000,56.377536,三人均有参赛经历:0.33；专业不全相同:1.00
26,32,56.672172,0.500000,False,1.000000,58.360861,三人均有参赛经历:0.00；专业不全相同:1.00
26,33,68.676637,0.666667,False,1.000000,60.049851,三人均有参赛经历:0.33；专业不全相同:1.00
26,34,31.751144,0.166667,False,1.000000,50.422386,三人均有参赛经历:0.33；专业不全相同:0.00
26,35,67.597019,0.666667,False,1.000000,54.651762,三人均有参赛经历:0.33；专业不全相同:1.00
26,36,96.225014,1.000000,True,1.000000,81.125070,三人均有参赛经历:1.00；专业不全相同:1.00
26,37,83.113103,0.833333,False,1.000000,73.898846,三人均有参赛经历:0.67；专业不全相同:1.00
26,38,70.264529,0.666667,False,1.000000,67.989310,三人均有参赛经历:0.33；专业不全相同:1.00
26,39,79.234478,0.833333,False,1.000000,54.505722,三人均有参赛经历:0.67；专业不全相同:1.00
26,40,44.410400,0.333333,False,1.000000,55.385332,三人均有参赛经历:0.67；专业不全相同:0.00
26,41,79.734087,0.833333,False,1.000000,57.003771,三人均有参赛经历:0.67；专业不全相同:1.00
26,42,57.794510,0.500000,False,1.000000,63.972548,三人均有参赛经历:0.00；专业不全相同:1.00
26,43,56.781377,0.500000,False,1.000000,58.906887,三人均有参赛经历:0.00；专业不全相同:1.00
26,44,66.711193,0.666667,False,1.000000,50.222634,三人均有参赛经历:0.33；专业不全相同:1.00
26,45,68.437425,0.666667,False,1.000000,58.853789,三人均有参赛经历:0.33；专业不全相同:1.00
26,46,80.979162,0.833333,False,1.000000,63.229143,三人均有参赛经历:0.67；专业不全相同:1.00
26,47,67.030770,0.666667,False,1.000000,51.820518,三人均有参赛经历:0.33；专业不全相同:1.00
26,48,17.673946,0.000000,False,1.000000,38.369732,三人均有参赛经历:0.00；专业不全相同:0.00
26,49,30.145009,0.166667,False,1.000000,42.391714,三人均有参赛经历:0.33；专业不全相同:0.00
26,50,79.843706,0.833333,False,1.000000,57.551862,三人均有参赛经历:0.67；专业不全相同:1.00
26,51,55.673125,0.500000,False,1.000000,53.365623,三人均有参赛经历:0.00；专业不全相同:1.00
26,52,66.567544,0.666667,False,1.000000,49.504388,三人均有参赛经历:0.33；专业不全相同:1.00
26,53,33.591870,0.166667,False,1.000000,59.626016,三人均有参赛经历:0.33；专业不全相同:0.00
26,54,53.322137,0.500000,False,1.000000,41.610684,三人均有参赛经历:0.00；专业不全相同:1.00
26,55,55.402207,0.500000,False,1.000000,52.011036,三人均有参赛经历:0.00；专业不全相同:1.00
26,56,46.697569,0.333333,False,1.000000,66.821181,三人均有参赛经历:0.67；专业不全相同:0.00
26,57,20.097826,0.000000,False,1.000000,50.489130,三人均有参赛经历:0.00；专业不全相同:0.00
26,58,69.561878,0.666667,False,1.000000,64.476057,三人均有参赛经历:0.33；专业不全相同:1.00
26,59,57.556364,0.500000,False,1.000000,62.781822,三人均有参赛经历:0.00；专业不全相同:1.00
26,60,82.103514,0.833333,False,1.000000,68.850902,三人均有参赛经历:0.67；专业不全相同:1.00
26,61,70.239992,0.666667,False,1.000000,67.866626,三人均有参赛经历:0.33；专业不全相同:1.00
26,62,69.099666,0.666667,False,1.000000,62.164997,三人均有参赛经历:0.33；专业不全相同:1.00
26,63,82.400845,0.833333,False,1.000000,70.337558,三人均有参赛经历:0.67；专业不全相同:1.00
26,64,66.654106,0.666667,False,1.000000,49.937198,三人均有参赛经历:0.33；专业不全相同:1.00
26,65,32.382995,0.166667,False,1.000000,53.581640,三人均有参赛经历:0.33；专业不全相同:0.00
26,66,46.976481,0.333333,False,1.000000,68.215738,三人均有参赛经历:0.67；专业不全相同:0.00
26,67,69.907967,0.666667,False,1.000000,66.206500,三人均有参赛经历:0.33；专业不全相同:1.00
26,68,82.788331,0.833333,False,1.000000,72.274990,三人均有参赛经历:0.67；专业不全相同:1.00
26,69,68.989844,0.666667,False,1.000000,61.615885,三人均有参赛经历:0.33；专业不全相同:1.00
26,70,69.910696,0.666667,False,1.000000,66.220147,三人均有参赛经历:0.33；专业不全相同:1.00
26,71,68.310667,0.666667,False,1.000000,58.220000,三人均有参赛经历:0.33；专业不全相同:1.00
26,72,81.568813,0.833333,False,1.000000,66.177397,三人均有参赛经历:0.67；专业不全相同:1.00
26,73,69.936797,0.666667,False,1.000000,66.350653,三人均有参赛经历:0.33；专业不全相同:1.00
26,74,68.541177,0.666667,False,1.000000,59.372551,三人均有参赛经历:0.33；专业不全相同:1.00
26,75,66.925612,0.666667,False,1.000000,51.294727,三人均有参赛经历:0.33；专业不全相同:1.00
26,76,48.572464,0.333333,False,1.000000,76.195652,三人均有参赛经历:0.67；专业不全相同:0.00
26,77,56.270808,0.500000,False,1.000000,56.354040,三人均有参赛经历:0.00；专业不全相同:1.00
26,78,93.015835,1.000000,True,1.000000,65.079177,三人均有参赛经历:1.00；专业不全相同:1.00
26,79,69.312030,0.666667,False,1.000000,63.226815,三人均有参赛经历:0.33；专业不全相同:1.00
26,80,81.886688,0.833333,False,1.000000,67.766771,三人均有参赛经历:0.67；专业不全相同:1.00
26,81,70.421565,0.666667,False,1.000000,68.774492,三人均有参赛经历:0.33；专业不全相同:1.00
26,82,56.721527,0.500000,False,1.000000,58.607634,三人均有参赛经历:0.00；专业不全相同:1.00
26,83,67.579167,0.666667,False,1.000000,54.562500,三人均有参赛经历:0.33；专业不全相同:1.00
26,84,78.247144,0.833333,False,1.000000,49.569054,三人均有参赛经历:0.67；专业不全相同:1.00
26,85,80.301554,0.833333,False,1.000000,59.841102,三人均有参赛经历:0.67；专业不全相同:1.00
26,86,69.449169,0.666667,False,1.000000,63.912512,三人均有参赛经历:0.33；专业不全相同:1.00
26,87,69.274737,0.666667,False,1.000000,63.040351,三人均有参赛经历:0.33；专业不全相同:1.00
26,88,66.923818,0.666667,False,1.000000,51.285757,三人均有参赛经历:0.33；专业不全相同:1.00
26,89,69.570789,0.666667,False,1.000000,64.520609,三人均有参赛经历:0.33；专业不全相同:1.00
26,90,79.605497,0.833333,False,1.000000,56.360820,三人均有参赛经历:0.67；专业不全相同:1.00
26,91,33.598818,0.166667,False,1.000000,59.660754,三人均有参赛经历:0.33；专业不全相同:0.00
26,92,81.366667,0.833333,False,1.000000,65.166667,三人均有参赛经历:0.67；专业不全相同:1.00
26,93,82.322786,0.833333,False,1.000000,69.947262,三人均有参赛经历:0.67；专业不全相同:1.00
26,94,48.149293,0.333333,False,1.000000,74.079798,三人均有参赛经历:0.67；专业不全相同:0.00
26,95,67.905683,0.666667,False,1.000000,56.195083,三人均有参赛经历:0.33；专业不全相同:1.00
26,96,81.277748,0.833333,False,1.000000,64.722072,三人均有参赛经历:0.67；专业不全相同:1.00
26,97,68.701852,0.666667,False,1.000000,60.175926,三人均有参赛经历:0.33；专业不全相同:1.00
26,98,34.246014,0.166667,False,1.000000,62.896737,三人均有参赛经历:0.33；专业不全相同:0.00
26,99,54.485556,0.500000,False,1.000000,47.427778,三人均有参赛经历:0.00；专业不全相同:1.00
26,100,81.303060,0.833333,False,1.000000,64.848631,三人均有参赛经历:0.67；专业不全相同:1.00
26,101,55.221859,0.500000,False,1.000000,51.109295,三人均有参赛经历:0.00；专业不全相同:1.00
26,102,70.806232,0.666667,False,1.000000,70.697829,三人均有参赛经历:0.33；专业不全相同:1.00
26,103,94.060341,1.000000,True,1.000000,70.301705,三人均有参赛经历:1.00；专业不全相同:1.00
26,104,69.514058,0.666667,False,1.000000,64.236959,三人均有参赛经历:0.33；专业不全相同:1.00
26,105,33.821569,0.166667,False,1.000000,60.774510,三人均有参赛经历:0.33；专业不全相同:0.00
26,106,60.436158,0.500000,False,1.000000,77.180791,三人均有参赛经历:1.00；专业不全相同:0.00
26,107,67.031475,0.666667,False,1.000000,51.824044,三人均有参赛经历:0.33；专业不全相同:1.00
26,108,81.870037,0.833333,False,1.000000,67.683520,三人均有参赛经历:0.67；专业不全相同:1.00
26,109,68.832882,0.666667,False,1.000000,60.831075,三人均有参赛经历:0.33；专业不全相同:1.00
26,110,56.773892,0.500000,False,1.000000,58.869458,三人均有参赛经历:0.00；专业不全相同:1.00
26,111,21.880796,0.000000,False,1.000000,59.403978,三人均有参赛经历:0.00；专业不全相同:0.00
26,112,95.515954,1.000000,True,1.000000,77.579772,三人均有参赛经历:1.00；专业不全相同:1.00
26,113,53.996239,0.500000,False,1.000000,44.981197,三人均有参赛经历:0.00；专业不全相同:1.00
26,114,56.476296,0.500000,False,1.000000,57.381481,三人均有参赛经历:0.00；专业不全相同:1.00
26,115,81.658856,0.833333,False,1.000000,66.627616,三人均有参赛经历:0.67；专业不全相同:1.00
26,116,80.661111,0.833333,False,1.000000,61.638889,三人均有参赛经历:0.67；专业不全相同:1.00
26,117,56.219008,0.500000,False,1.000000,56.095041,三人均有参赛经历:0.00；专业不全相同:1.00
26,118,70.312887,0.666667,False,1.000000,68.231103,三人均有参赛经历:0.33；专业不全相同:1.00
26,119,68.094118,0.666667,False,1.000000,57.137255,三人均有参赛经历:0.33；专业不全相同:1.00
26,120,67.722267,0.666667,False,1.000000,55.278000,三人均有参赛经历:0.33；专业不全相同:1.00
26,121,69.412691,0.666667,False,1.000000,63.730120,三人均有参赛经历:0.33；专业不全相同:1.00
26,122,34.550829,0.166667,False,1.000000,64.420812,三人均有参赛经历:0.33；专业不全相同:0.00
26,123,81.975833,0.833333,False,1.000000,68.212496,三人均有参赛经历:0.67；专业不全相同:1.00
26,124,55.672888,0.500000,False,1.000000,53.364441,三人均有参赛经历:0.00；专业不全相同:1.00
26,125,57.277385,0.500000,False,1.000000,61.386923,三人均有参赛经历:0.00；专业不全相同:1.00
26,126,67.806332,0.666667,False,1.000000,55.698327,三人均有参赛经历:0.33；专业不全相同:1.00
26,127,80.255035,0.833333,False,1.000000,59.608507,三人均有参赛经历:0.67；专业不全相同:1.00
26,128,80.180222,0.833333,False,1.000000,59.234443,三人均有参赛经历:0.67；专业不全相同:1.00
26,129,65.749724,0.666667,False,1.000000,45.415285,三人均有参赛经历:0.33；专业不全相同:1.00
26,130,83.157193,0.833333,False,1.000000,74.119297,三人均有参赛经历:0.67；专业不全相同:1.00
26,131,80.391009,0.833333,False,1.000000,60.288377,三人均有参赛经历:0.67；专业不全相同:1.00
26,132,81.805985,0.833333,False,1.000000,67.363260,三人均有参赛经历:0.67；专业不全相同:1.00
26,133,68.336166,0.666667,False,1.000000,58.347495,三人均有参赛经历:0.33；专业不全相同:1.00
26,134,33.777696,0.166667,False,1.000000,60.555147,三人均有参赛经历:0.33；专业不全相同:0.00
26,135,46.548309,0.333333,False,1.000000,66.074879,三人均有参赛经历:0.67；专业不全相同:0.00
26,136,56.152002,0.500000,False,1.000000,55.760009,三人均有参赛经历:0.00；专业不全相同:1.00
26,137,81.436921,0.833333,False,1.000000,65.517940,三人均有参赛经历:0.67；专业不全相同:1.00
26,138,95.525689,1.000000,True,1.000000,77.628444,三人均有参赛经历:1.00；专业不全相同:1.00
26,139,68.535758,0.666667,False,1.000000,59.345455,三人均有参赛经历:0.33；专业不全相同:1.00
26,140,67.945461,0.666667,False,1.000000,56.393970,三人均有参赛经历:0.33；专业不全相同:1.00
26,141,80.821388,0.833333,False,1.000000,62.440275,三人均有参赛经历:0.67；专业不全相同:1.00
26,142,54.926924,0.500000,False,1.000000,49.634622,三人均有参赛经历:0.00；专业不全相同:1.00
26,143,70.991334,0.666667,False,1.000000,71.623336,三人均有参赛经历:0.33；专业不全相同:1.00
26,144,67.296111,0.666667,False,1.000000,53.147222,三人均有参赛经历:0.33；专业不全相同:1.00
26,145,69.360205,0.666667,False,1.000000,63.467693,三人均有参赛经历:0.33；专业不全相同:1.00
26,146,32.941911,0.166667,False,1.000000,56.376220,三人均有参赛经历:0.33；专业不全相同:0.00
26,147,69.336490,0.666667,False,1.000000,63.349119,三人均有参赛经历:0.33；专业不全相同:1.00
26,148,57.679218,0.500000,False,1.000000,63.396090,三人均有参赛经历:0.00；专业不全相同:1.00
26,149,82.282441,0.833333,False,1.000000,69.745540,三人均有参赛经历:0.67；专业不全相同:1.00
26,150,19.988889,0.000000,False,1.000000,49.944444,三人均有参赛经历:0.00；专业不全相同:0.00
26,151,80.826667,0.833333,False,1.000000,62.466667,三人均有参赛经历:0.67；专业不全相同:1.00
26,152,67.886379,0.666667,False,1.000000,56.098563,三人均有参赛经历:0.33；专业不全相同:1.00
26,153,69.191465,0.666667,False,1.000000,62.623994,三人均有参赛经历:0.33；专业不全相同:1.00
26,154,19.816764,0.000000,False,1.000000,49.083821,三人均有参赛经历:0.00；专业不全相同:0.00
26,155,34.782796,0.166667,False,1.000000,65.580645,三人均有参赛经历:0.33；专业不全相同:0.00
26,156,69.161552,0.666667,False,1.000000,62.474425,三人均有参赛经历:0.33；专业不全相同:1.00
26,157,83.042633,0.833333,False,1.000000,73.546498,三人均有参赛经历:0.67；专业不全相同:1.00
26,158,68.985685,0.666667,False,1.000000,61.595090,三人均有参赛经历:0.33；专业不全相同:1.00
26,159,57.356461,0.500000,False,1.000000,61.782306,三人均有参赛经历:0.00；专业不全相同:1.00
26,160,68.802314,0.666667,False,1.000000,60.678237,三人均有参赛经历:0.33；专业不全相同:1.00
26,161,68.141646,0.666667,False,1.000000,57.374894,三人均有参赛经历:0.33；专业不全相同:1.00
26,162,68.457773,0.666667,False,1.000000,58.955530,三人均有参赛经历:0.33；专业不全相同:1.00
26,163,68.551157,0.666667,False,1.000000,59.422454,三人均有参赛经历:0.33；专业不全相同:1.00
26,164,66.572131,0.666667,False,1.000000,49.527320,三人均有参赛经历:0.33；专业不全相同:1.00
26,165,54.965278,0.500000,False,1.000000,49.826389,三人均有参赛经历:0.00；专业不全相同:1.00
26,166,31.365711,0.166667,False,1.000000,48.495219,三人均有参赛经历:0.33；专业不全相同:0.00
26,167,67.829740,0.666667,False,1.000000,55.815366,三人均有参赛经历:0.33；专业不全相同:1.00
26,168,79.837333,0.833333,False,1.000000,57.520000,三人均有参赛经历:0.67；专业不全相同:1.00
26,169,82.334473,0.833333,False,1.000000,70.005698,三人均有参赛经历:0.67；专业不全相同:1.00
26,170,68.350186,0.666667,False,1.000000,58.417595,三人均有参赛经历:0.33；专业不全相同:1.00
26,171,79.503595,0.833333,False,1.000000,55.851307,三人均有参赛经历:0.67；专业不全相同:1.00
26,172,82.275141,0.833333,False,1.000000,69.709040,三人均有参赛经历:0.67；专业不全相同:1.00
26,173,53.703292,0.500000,False,1.000000,43.516461,三人均有参赛经历:0.00；专业不全相同:1.00
26,174,82.925633,0.833333,False,1.000000,72.961497,三人均有参赛经历:0.67；专业不全相同:1.00
26,175,82.982124,0.833333,False,1.000000,73.243955,三人均有参赛经历:0.67；专业不全相同:1.00
8,1,56.655914,0.500000,False,1.000000,58.279570,至少两人有参赛经历:0.50
8,2,95.377179,1.000000,True,1.000000,76.885895,至少两人有参赛经历:1.00
8,3,91.714559,1.000000,True,1.000000,58.572797,至少两人有参赛经历:1.00
8,4,56.496705,0.500000,False,1.000000,57.483524,至少两人有参赛经历:0.50
8,5,92.965269,1.000000,True,1.000000,64.826344,至少两人有参赛经历:1.00
8,6,56.865679,0.500000,False,1.000000,59.328395,至少两人有参赛经历:0.50
8,7,56.390465,0.500000,False,1.000000,56.952327,至少两人有参赛经历:0.50
8,8,55.940741,0.500000,False,1.000000,54.703704,至少两人有参赛经历:0.50
8,9,58.206520,0.500000,False,1.000000,66.032600,至少两人有参赛经历:0.50
8,10,21.416667,0.000000,False,1.000000,57.083333,至少两人有参赛经历:0.00
8,11,94.088560,1.000000,True,1.000000,70.442798,至少两人有参赛经历:1.00
8,12,94.048043,1.000000,True,1.000000,70.240216,至少两人有参赛经历:1.00
8,13,21.015335,0.000000,False,1.000000,55.076676,至少两人有参赛经历:0.00
8,14,92.529190,1.000000,True,1.000000,62.645951,至少两人有参赛经历:1.00
8,15,94.660332,1.000000,True,1.000000,73.301659,至少两人有参赛经历:1.00
8,16,57.348000,0.500000,False,1.000000,61.740000,至少两人有参赛经历:0.50
8,17,56.701932,0.500000,False,1.000000,58.509662,至少两人有参赛经历:0.50
8,18,93.430707,1.000000,True,1.000000,67.153535,至少两人有参赛经历:1.00
8,19,56.453419,0.500000,False,1.000000,57.267094,至少两人有参赛经历:0.50
8,20,58.398175,0.500000,False,1.000000,66.990877,至少两人有参赛经历:0.50
8,21,17.486793,0.000000,False,1.000000,37.433964,至少两人有参赛经历:0.00
8,22,92.969261,1.000000,True,1.000000,64.846307,至少两人有参赛经历:1.00
8,23,57.366244,0.500000,False,1.000000,61.831220,至少两人有参赛经历:0.50
8,24,21.018382,0.000000,False,1.000000,55.091912,至少两人有参赛经历:0.00
8,25,56.188889,0.500000,False,1.000000,55.944444,至少两人有参赛经历:0.50
8,26,21.467439,0.000000,False,1.000000,57.337193,至少两人有参赛经历:0.00
8,27,19.510719,0.000000,False,1.000000,47.553595,至少两人有参赛经历:0.00
8,28,94.652508,1.000000,True,1.000000,73.262542,至少两人有参赛经历:1.00
8,29,19.854177,0.000000,False,1.000000,49.270885,至少两人有参赛经历:0.00
8,30,91.855983,1.000000,True,1.000000,59.279915,至少两人有参赛经历:1.00
8,31,56.275507,0.500000,False,1.000000,56.377536,至少两人有参赛经历:0.50
8,32,21.672172,0.000000,False,1.000000,58.360861,至少两人有参赛经历:0.00
8,33,57.009970,0.500000,False,1.000000,60.049851,至少两人有参赛经历:0.50
8,34,55.084477,0.500000,False,1.000000,50.422386,至少两人有参赛经历:0.50
8,35,55.930352,0.500000,False,1.000000,54.651762,至少两人有参赛经历:0.50
8,36,96.225014,1.000000,True,1.000000,81.125070,至少两人有参赛经历:1.00
8,37,94.779769,1.000000,True,1.000000,73.898846,至少两人有参赛经历:1.00
8,38,58.597862,0.500000,False,1.000000,67.989310,至少两人有参赛经历:0.50
8,39,90.901144,1.000000,True,1.000000,54.505722,至少两人有参赛经历:1.00
8,40,91.077066,1.000000,True,1.000000,55.385332,至少两人有参赛经历:1.00
8,41,91.400754,1.000000,True,1.000000,57.003771,至少两人有参赛经历:1.00
8,42,22.794510,0.000000,False,1.000000,63.972548,至少两人有参赛经历:0.00
8,43,21.781377,0.000000,False,1.000000,58.906887,至少两人有参赛经历:0.00
8,44,55.044527,0.500000,False,1.000000,50.222634,至少两人有参赛经历:0.50
8,45,56.770758,0.500000,False,1.000000,58.853789,至少两人有参赛经历:0.50
8,46,92.645829,1.000000,True,1.000000,63.229143,至少两人有参赛经历:1.00
8,47,55.364104,0.500000,False,1.000000,51.820518,至少两人有参赛经历:0.50
8,48,17.673946,0.000000,False,1.000000,38.369732,至少两人有参赛经历:0.00
8,49,53.478343,0.500000,False,1.000000,42.391714,至少两人有参赛经历:0.50
8,50,91.510372,1.000000,True,1.000000,57.551862,至少两人有参赛经历:1.00
8,51,20.673125,0.000000,False,1.000000,53.365623,至少两人有参赛经历:0.00
8,52,54.900878,0.500000,False,1.000000,49.504388,至少两人有参赛经历:0.50
8,53,56.925203,0.500000,False,1.000000,59.626016,至少两人有参赛经历:0.50
8,54,18.322137,0.000000,False,1.000000,41.610684,至少两人有参赛经历:0.00
8,55,20.402207,0.000000,False,1.000000,52.011036,至少两人有参赛经历:0.00
8,56,93.364236,1.000000,True,1.000000,66.821181,至少两人有参赛经历:1.00
8,57,20.097826,0.000000,False,1.000000,50.489130,至少两人有参赛经历:0.00
8,58,57.895211,0.500000,False,1.000000,64.476057,至少两人有参赛经历:0.50
8,59,22.556364,0.000000,False,1.000000,62.781822,至少两人有参赛经历:0.00
8,60,93.770180,1.000000,True,1.000000,68.850902,至少两人有参赛经历:1.00
8,61,58.573325,0.500000,False,1.000000,67.866626,至少两人有参赛经历:0.50
8,62,57.432999,0.500000,False,1.000000,62.164997,至少两人有参赛经历:0.50
8,63,94.067512,1.000000,True,1.000000,70.337558,至少两人有参赛经历:1.00
8,64,54.987440,0.500000,False,1.000000,49.937198,至少两人有参赛经历:0.50
8,65,55.716328,0.500000,False,1.000000,53.581640,至少两人有参赛经历:0.50
8,66,93.643148,1.000000,True,1.000000,68.215738,至少两人有参赛经历:1.00
8,67,58.241300,0.500000,False,1.000000,66.206500,至少两人有参赛经历:0.50
8,68,94.454998,1.000000,True,1.000000,72.274990,至少两人有参赛经历:1.00
8,69,57.323177,0.500000,False,1.000000,61.615885,至少两人有参赛经历:0.50
8,70,58.244029,0.500000,False,1.000000,66.220147,至少两人有参赛经历:0.50
8,71,56.644000,0.500000,False,1.000000,58.220000,至少两人有参赛经历:0.50
8,72,93.235479,1.000000,True,1.000000,66.177397,至少两人有参赛经历:1.00
8,73,58.270131,0.500000,False,1.000000,66.350653,至少两人有参赛经历:0.50
8,74,56.874510,0.500000,False,1.000000,59.372551,至少两人有参赛经历:0.50
8,75,55.258945,0.500000,False,1.000000,51.294727,至少两人有参赛经历:0.50
8,76,95.239130,1.000000,True,1.000000,76.195652,至少两人有参赛经历:1.00
8,77,21.270808,0.000000,False,1.000000,56.354040,至少两人有参赛经历:0.00
8,78,93.015835,1.000000,True,1.000000,65.079177,至少两人有参赛经历:1.00
8,79,57.645363,0.500000,False,1.000000,63.226815,至少两人有参赛经历:0.50
8,80,93.553354,1.000000,True,1.000000,67.766771,至少两人有参赛经历:1.00
8,81,58.754898,0.500000,False,1.000000,68.774492,至少两人有参赛经历:0.50
8,82,21.721527,0.000000,False,1.000000,58.607634,至少两人有参赛经历:0.00
8,83,55.912500,0.500000,False,1.000000,54.562500,至少两人有参赛经历:0.50
8,84,89.913811,1.000000,True,1.000000,49.569054,至少两人有参赛经历:1.00
8,85,91.968220,1.000000,True,1.000000,59.841102,至少两人有参赛经历:1.00
8,86,57.782502,0.500000,False,1.000000,63.912512,至少两人有参赛经历:0.50
8,87,57.608070,0.500000,False,1.000000,63.040351,至少两人有参赛经历:0.50
8,88,55.257151,0.500000,False,1.000000,51.285757,至少两人有参赛经历:0.50
8,89,57.904122,0.500000,False,1.000000,64.520609,至少两人有参赛经历:0.50
8,90,91.272164,1.000000,True,1.000000,56.360820,至少两人有参赛经历:1.00
8,91,56.932151,0.500000,False,1.000000,59.660754,至少两人有参赛经历:0.50
8,92,93.033333,1.000000,True,1.000000,65.166667,至少两人有参赛经历:1.00
8,93,93.989452,1.000000,True,1.000000,69.947262,至少两人有参赛经历:1.00
8,94,94.815960,1.000000,True,1.000000,74.079798,至少两人有参赛经历:1.00
8,95,56.239017,0.500000,False,1.000000,56.195083,至少两人有参赛经历:0.50
8,96,92.944414,1.000000,True,1.000000,64.722072,至少两人有参赛经历:1.00
8,97,57.035185,0.500000,False,1.000000,60.175926,至少两人有参赛经历:0.50
8,98,57.579347,0.500000,False,1.000000,62.896737,至少两人有参赛经历:0.50
8,99,19.485556,0.000000,False,1.000000,47.427778,至少两人有参赛经历:0.00
8,100,92.969726,1.000000,True,1.000000,64.848631,至少两人有参赛经历:1.00
8,101,20.221859,0.000000,False,1.000000,51.109295,至少两人有参赛经历:0.00
8,102,59.139566,0.500000,False,1.000000,70.697829,至少两人有参赛经历:0.50
8,103,94.060341,1.000000,True,1.000000,70.301705,至少两人有参赛经历:1.00
8,104,57.847392,0.500000,False,1.000000,64.236959,至少两人有参赛经历:0.50
8,105,57.154902,0.500000,False,1.000000,60.774510,至少两人有参赛经历:0.50
8,106,95.436158,1.000000,True,1.000000,77.180791,至少两人有参赛经历:1.00
8,107,55.364809,0.500000,False,1.000000,51.824044,至少两人有参赛经历:0.50
8,108,93.536704,1.000000,True,1.000000,67.683520,至少两人有参赛经历:1.00
8,109,57.166215,0.500000,False,1.000000,60.831075,至少两人有参赛经历:0.50
8,110,21.773892,0.000000,False,1.000000,58.869458,至少两人有参赛经历:0.00
8,111,21.880796,0.000000,False,1.000000,59.403978,至少两人有参赛经历:0.00
8,112,95.515954,1.000000,True,1.000000,77.579772,至少两人有参赛经历:1.00
8,113,18.996239,0.000000,False,1.000000,44.981197,至少两人有参赛经历:0.00
8,114,21.476296,0.000000,False,1.000000,57.381481,至少两人有参赛经历:0.00
8,115,93.325523,1.000000,True,1.000000,66.627616,至少两人有参赛经历:1.00
8,116,92.327778,1.000000,True,1.000000,61.638889,至少两人有参赛经历:1.00
8,117,21.219008,0.000000,False,1.000000,56.095041,至少两人有参赛经历:0.00
8,118,58.646221,0.500000,False,1.000000,68.231103,至少两人有参赛经历:0.50
8,119,56.427451,0.500000,False,1.000000,57.137255,至少两人有参赛经历:0.50
8,120,56.055600,0.500000,False,1.000000,55.278000,至少两人有参赛经历:0.50
8,121,57.746024,0.500000,False,1.000000,63.730120,至少两人有参赛经历:0.50
8,122,57.884162,0.500000,False,1.000000,64.420812,至少两人有参赛经历:0.50
8,123,93.642499,1.000000,True,1.000000,68.212496,至少两人有参赛经历:1.00
8,124,20.672888,0.000000,False,1.000000,53.364441,至少两人有参赛经历:0.00
8,125,22.277385,0.000000,False,1.000000,61.386923,至少两人有参赛经历:0.00
8,126,56.139665,0.500000,False,1.000000,55.698327,至少两人有参赛经历:0.50
8,127,91.921701,1.000000,True,1.000000,59.608507,至少两人有参赛经历:1.00
8,128,91.846889,1.000000,True,1.000000,59.234443,至少两人有参赛经历:1.00
8,129,54.083057,0.500000,False,1.000000,45.415285,至少两人有参赛经历:0.50
8,130,94.823859,1.000000,True,1.000000,74.119297,至少两人有参赛经历:1.00
8,131,92.057675,1.000000,True,1.000000,60.288377,至少两人有参赛经历:1.00
8,132,93.472652,1.000000,True,1.000000,67.363260,至少两人有参赛经历:1.00
8,133,56.669499,0.500000,False,1.000000,58.347495,至少两人有参赛经历:0.50
8,134,57.111029,0.500000,False,1.000000,60.555147,至少两人有参赛经历:0.50
8,135,93.214976,1.000000,True,1.000000,66.074879,至少两人有参赛经历:1.00
8,136,21.152002,0.000000,False,1.000000,55.760009,至少两人有参赛经历:0.00
8,137,93.103588,1.000000,True,1.000000,65.517940,至少两人有参赛经历:1.00
8,138,95.525689,1.000000,True,1.000000,77.628444,至少两人有参赛经历:1.00
8,139,56.869091,0.500000,False,1.000000,59.345455,至少两人有参赛经历:0.50
8,140,56.278794,0.500000,False,1.000000,56.393970,至少两人有参赛经历:0.50
8,141,92.488055,1.000000,True,1.000000,62.440275,至少两人有参赛经历:1.00
8,142,19.926924,0.000000,False,1.000000,49.634622,至少两人有参赛经历:0.00
8,143,59.324667,0.500000,False,1.000000,71.623336,至少两人有参赛经历:0.50
8,144,55.629444,0.500000,False,1.000000,53.147222,至少两人有参赛经历:0.50
8,145,57.693539,0.500000,False,1.000000,63.467693,至少两人有参赛经历:0.50
8,146,56.275244,0.500000,False,1.000000,56.376220,至少两人有参赛经历:0.50
8,147,57.669824,0.500000,False,1.000000,63.349119,至少两人有参赛经历:0.50
8,148,22.679218,0.000000,False,1.000000,63.396090,至少两人有参赛经历:0.00
8,149,93.949108,1.000000,True,1.000000,69.745540,至少两人有参赛经历:1.00
8,150,19.988889,0.000000,False,1.000000,49.944444,至少两人有参赛经历:0.00
8,151,92.493333,1.000000,True,1.000000,62.466667,至少两人有参赛经历:1.00
8,152,56.219713,0.500000,False,1.000000,56.098563,至少两人有参赛经历:0.50
8,153,57.524799,0.500000,False,1.000000,62.623994,至少两人有参赛经历:0.50
8,154,19.816764,0.000000,False,1.000000,49.083821,至少两人有参赛经历:0.00
8,155,58.116129,0.500000,False,1.000000,65.580645,至少两人有参赛经历:0.50
8,156,57.494885,0.500000,False,1.000000,62.474425,至少两人有参赛经历:0.50
8,157,94.709300,1.000000,True,1.000000,73.546498,至少两人有参赛经历:1.00
8,158,57.319018,0.500000,False,1.000000,61.595090,至少两人有参赛经历:0.50
8,159,22.356461,0.000000,False,1.000000,61.782306,至少两人有参赛经历:0.00
8,160,57.135647,0.500000,False,1.000000,60.678237,至少两人有参赛经历:0.50
8,161,56.474979,0.500000,False,1.000000,57.374894,至少两人有参赛经历:0.50
8,162,56.791106,0.500000,False,1.000000,58.955530,至少两人有参赛经历:0.50
8,163,56.884491,0.500000,False,1.000000,59.422454,至少两人有参赛经历:0.50
8,164,54.905464,0.500000,False,1.000000,49.527320,至少两人有参赛经历:0.50
8,165,19.965278,0.000000,False,1.000000,49.826389,至少两人有参赛经历:0.00
8,166,54.699044,0.500000,False,1.000000,48.495219,至少两人有参赛经历:0.50
8,167,56.163073,0.500000,False,1.000000,55.815366,至少两人有参赛经历:0.50
8,168,91.504000,1.000000,True,1.000000,57.520000,至少两人有参赛经历:1.00
8,169,94.001140,1.000000,True,1.000000,70.005698,至少两人有参赛经历:1.00
8,170,56.683519,0.500000,False,1.000000,58.417595,至少两人有参赛经历:0.50
8,171,91.170261,1.000000,True,1.000000,55.851307,至少两人有参赛经历:1.00
8,172,93.941808,1.000000,True,1.000000,69.709040,至少两人有参赛经历:1.00
8,173,18.703292,0.000000,False,1.000000,43.516461,至少两人有参赛经历:0.00
8,174,94.592299,1.000000,True,1.000000,72.961497,至少两人有参赛经历:1.00
8,175,94.648791,1.000000,True,1.000000,73.243955,至少两人有参赛经历:1.00
12,1,46.655914,0.500000,False,0.000000,58.279570,至少两人有参赛经历:0.50；三人专业不同:0.50
12,2,85.377179,1.000000,True,0.000000,76.885895,至少两人有参赛经历:1.00；三人专业不同:1.00
12,3,46.714559,0.500000,False,0.000000,58.572797,至少两人有参赛经历:1.00；三人专业不同:0.00
12,4,63.996705,0.750000,False,0.000000,57.483524,至少两人有参赛经历:0.50；三人专业不同:1.00
12,5,86.298602,1.000000,True,0.333333,64.826344,至少两人有参赛经历:1.00；三人专业不同:1.00
12,6,46.865679,0.500000,False,0.000000,59.328395,至少两人有参赛经历:0.50；三人专业不同:0.50
12,7,63.890465,0.750000,False,0.000000,56.952327,至少两人有参赛经历:0.50；三人专业不同:1.00
12,8,38.440741,0.250000,False,1.000000,54.703704,至少两人有参赛经历:0.50；三人专业不同:0.00
12,9,69.039853,0.750000,False,0.333333,66.032600,至少两人有参赛经历:0.50；三人专业不同:1.00
12,10,28.916667,0.250000,False,0.000000,57.083333,至少两人有参赛经历:0.00；三人专业不同:0.50
12,11,87.421893,1.000000,True,0.333333,70.442798,至少两人有参赛经历:1.00；三人专业不同:1.00
12,12,66.548043,0.750000,False,0.000000,70.240216,至少两人有参赛经历:1.00；三人专业不同:0.50
12,13,49.348669,0.500000,False,0.333333,55.076676,至少两人有参赛经历:0.00；三人专业不同:1.00
12,14,85.862524,1.000000,True,0.333333,62.645951,至少两人有参赛经历:1.00；三人专业不同:1.00
12,15,87.993665,1.000000,True,0.333333,73.301659,至少两人有参赛经历:1.00；三人专业不同:1.00
12,16,47.348000,0.500000,False,0.000000,61.740000,至少两人有参赛经历:0.50；三人专业不同:0.50
12,17,64.201932,0.750000,False,0.000000,58.509662,至少两人有参赛经历:0.50；三人专业不同:1.00
12,18,48.430707,0.500000,False,0.000000,67.153535,至少两人有参赛经历:1.00；三人专业不同:0.00
12,19,28.953419,0.250000,False,0.000000,57.267094,至少两人有参赛经历:0.50；三人专业不同:0.00
12,20,48.398175,0.500000,False,0.000000,66.990877,至少两人有参赛经历:0.50；三人专业不同:0.50
12,21,24.986793,0.250000,False,0.000000,37.433964,至少两人有参赛经历:0.00；三人专业不同:0.50
12,22,82.969261,1.000000,True,0.000000,64.846307,至少两人有参赛经历:1.00；三人专业不同:1.00
12,23,50.699577,0.500000,False,0.333333,61.831220,至少两人有参赛经历:0.50；三人专业不同:0.50
12,24,28.518382,0.250000,False,0.000000,55.091912,至少两人有参赛经历:0.00；三人专业不同:0.50
12,25,52.855556,0.500000,False,0.666667,55.944444,至少两人有参赛经历:0.50；三人专业不同:0.50
12,26,49.800772,0.500000,False,0.333333,57.337193,至少两人有参赛经历:0.00；三人专业不同:1.00
12,27,27.010719,0.250000,False,0.000000,47.553595,至少两人有参赛经历:0.00；三人专业不同:0.50
12,28,87.985842,1.000000,True,0.333333,73.262542,至少两人有参赛经历:1.00；三人专业不同:1.00
12,29,48.187510,0.500000,False,0.333333,49.270885,至少两人有参赛经历:0.00；三人专业不同:1.00
12,30,85.189316,1.000000,True,0.333333,59.279915,至少两人有参赛经历:1.00；三人专业不同:1.00
12,31,46.275507,0.500000,False,0.000000,56.377536,至少两人有参赛经历:0.50；三人专业不同:0.50
12,32,50.005506,0.500000,False,0.333333,58.360861,至少两人有参赛经历:0.00；三人专业不同:1.00
12,33,64.509970,0.750000,False,0.000000,60.049851,至少两人有参赛经历:0.50；三人专业不同:1.00
12,34,27.584477,0.250000,False,0.000000,50.422386,至少两人有参赛经历:0.50；三人专业不同:0.00
12,35,55.930352,0.500000,False,1.000000,54.651762,至少两人有参赛经历:0.50；三人专业不同:0.50
12,36,72.058347,0.750000,False,0.333333,81.125070,至少两人有参赛经历:1.00；三人专业不同:0.50
12,37,73.946436,0.750000,False,0.666667,73.898846,至少两人有参赛经历:1.00；三人专业不同:0.50
12,38,51.931195,0.500000,False,0.333333,67.989310,至少两人有参赛经历:0.50；三人专业不同:0.50
12,39,80.901144,1.000000,True,0.000000,54.505722,至少两人有参赛经历:1.00；三人专业不同:1.00
12,40,56.077066,0.500000,False,1.000000,55.385332,至少两人有参赛经历:1.00；三人专业不同:0.00
12,41,81.400754,1.000000,True,0.000000,57.003771,至少两人有参赛经历:1.00；三人专业不同:1.00
12,42,30.294510,0.250000,False,0.000000,63.972548,至少两人有参赛经历:0.00；三人专业不同:0.50
12,43,29.281377,0.250000,False,0.000000,58.906887,至少两人有参赛经历:0.00；三人专业不同:0.50
12,44,45.044527,0.500000,False,0.000000,50.222634,至少两人有参赛经历:0.50；三人专业不同:0.50
12,45,67.604091,0.750000,False,0.333333,58.853789,至少两人有参赛经历:0.50；三人专业不同:1.00
12,46,82.645829,1.000000,True,0.000000,63.229143,至少两人有参赛经历:1.00；三人专业不同:1.00
12,47,55.364104,0.500000,False,1.000000,51.820518,至少两人有参赛经历:0.50；三人专业不同:0.50
12,48,7.673946,0.000000,False,0.000000,38.369732,至少两人有参赛经历:0.00；三人专业不同:0.00
12,49,35.978343,0.250000,False,1.000000,42.391714,至少两人有参赛经历:0.50；三人专业不同:0.00
12,50,84.843706,1.000000,True,0.333333,57.551862,至少两人有参赛经历:1.00；三人专业不同:1.00
12,51,28.173125,0.250000,False,0.000000,53.365623,至少两人有参赛经历:0.00；三人专业不同:0.50
12,52,51.567544,0.500000,False,0.666667,49.504388,至少两人有参赛经历:0.50；三人专业不同:0.50
12,53,39.425203,0.250000,False,1.000000,59.626016,至少两人有参赛经历:0.50；三人专业不同:0.00
12,54,43.322137,0.500000,False,0.000000,41.610684,至少两人有参赛经历:0.00；三人专业不同:1.00
12,55,45.402207,0.500000,False,0.000000,52.011036,至少两人有参赛经历:0.00；三人专业不同:1.00
12,56,58.364236,0.500000,False,1.000000,66.821181,至少两人有参赛经历:1.00；三人专业不同:0.00
12,57,10.097826,0.000000,False,0.000000,50.489130,至少两人有参赛经历:0.00；三人专业不同:0.00
12,58,54.561878,0.500000,False,0.666667,64.476057,至少两人有参赛经历:0.50；三人专业不同:0.50
12,59,40.056364,0.250000,False,1.000000,62.781822,至少两人有参赛经历:0.00；三人专业不同:0.50
12,60,66.270180,0.750000,False,0.000000,68.850902,至少两人有参赛经历:1.00；三人专业不同:0.50
12,61,66.073325,0.750000,False,0.000000,67.866626,至少两人有参赛经历:0.50；三人专业不同:1.00
12,62,68.266333,0.750000,False,0.333333,62.164997,至少两人有参赛经历:0.50；三人专业不同:1.00
12,63,84.067512,1.000000,True,0.000000,70.337558,至少两人有参赛经历:1.00；三人专业不同:1.00
12,64,62.487440,0.750000,False,0.000000,49.937198,至少两人有参赛经历:0.50；三人专业不同:1.00
12,65,38.216328,0.250000,False,1.000000,53.581640,至少两人有参赛经历:0.50；三人专业不同:0.00
12,66,48.643148,0.500000,False,0.000000,68.215738,至少两人有参赛经历:1.00；三人专业不同:0.00
12,67,48.241300,0.500000,False,0.000000,66.206500,至少两人有参赛经历:0.50；三人专业不同:0.50
12,68,66.954998,0.750000,False,0.000000,72.274990,至少两人有参赛经历:1.00；三人专业不同:0.50
12,69,47.323177,0.500000,False,0.000000,61.615885,至少两人有参赛经历:0.50；三人专业不同:0.50
12,70,65.744029,0.750000,False,0.000000,66.220147,至少两人有参赛经历:0.50；三人专业不同:1.00
12,71,67.477333,0.750000,False,0.333333,58.220000,至少两人有参赛经历:0.50；三人专业不同:1.00
12,72,65.735479,0.750000,False,0.000000,66.177397,至少两人有参赛经历:1.00；三人专业不同:0.50
12,73,48.270131,0.500000,False,0.000000,66.350653,至少两人有参赛经历:0.50；三人专业不同:0.50
12,74,67.707844,0.750000,False,0.333333,59.372551,至少两人有参赛经历:0.50；三人专业不同:1.00
12,75,55.258945,0.500000,False,1.000000,51.294727,至少两人有参赛经历:0.50；三人专业不同:0.50
12,76,50.239130,0.500000,False,0.000000,76.195652,至少两人有参赛经历:1.00；三人专业不同:0.00
12,77,28.770808,0.250000,False,0.000000,56.354040,至少两人有参赛经历:0.00；三人专业不同:0.50
12,78,83.015835,1.000000,True,0.000000,65.079177,至少两人有参赛经历:1.00；三人专业不同:1.00
12,79,47.645363,0.500000,False,0.000000,63.226815,至少两人有参赛经历:0.50；三人专业不同:0.50
12,80,83.553354,1.000000,True,0.000000,67.766771,至少两人有参赛经历:1.00；三人专业不同:1.00
12,81,66.254898,0.750000,False,0.000000,68.774492,至少两人有参赛经历:0.50；三人专业不同:1.00
12,82,29.221527,0.250000,False,0.000000,58.607634,至少两人有参赛经历:0.00；三人专业不同:0.50
12,83,45.912500,0.500000,False,0.000000,54.562500,至少两人有参赛经历:0.50；三人专业不同:0.50
12,84,83.247144,1.000000,True,0.333333,49.569054,至少两人有参赛经历:1.00；三人专业不同:1.00
12,85,64.468220,0.750000,False,0.000000,59.841102,至少两人有参赛经历:1.00；三人专业不同:0.50
12,86,47.782502,0.500000,False,0.000000,63.912512,至少两人有参赛经历:0.50；三人专业不同:0.50
12,87,65.108070,0.750000,False,0.000000,63.040351,至少两人有参赛经历:0.50；三人专业不同:1.00
12,88,45.257151,0.500000,False,0.000000,51.285757,至少两人有参赛经历:0.50；三人专业不同:0.50
12,89,54.570789,0.500000,False,0.666667,64.520609,至少两人有参赛经历:0.50；三人专业不同:0.50
12,90,81.272164,1.000000,True,0.000000,56.360820,至少两人有参赛经历:1.00；三人专业不同:1.00
12,91,29.432151,0.250000,False,0.000000,59.660754,至少两人有参赛经历:0.50；三人专业不同:0.00
12,92,89.700000,1.000000,True,0.666667,65.166667,至少两人有参赛经历:1.00；三人专业不同:1.00
12,93,87.322786,1.000000,True,0.333333,69.947262,至少两人有参赛经历:1.00；三人专业不同:1.00
12,94,49.815960,0.500000,False,0.000000,74.079798,至少两人有参赛经历:1.00；三人专业不同:0.00
12,95,63.739017,0.750000,False,0.000000,56.195083,至少两人有参赛经历:0.50；三人专业不同:1.00
12,96,65.444414,0.750000,False,0.000000,64.722072,至少两人有参赛经历:1.00；三人专业不同:0.50
12,97,47.035185,0.500000,False,0.000000,60.175926,至少两人有参赛经历:0.50；三人专业不同:0.50
12,98,30.079347,0.250000,False,0.000000,62.896737,至少两人有参赛经历:0.50；三人专业不同:0.00
12,99,30.318889,0.250000,False,0.333333,47.427778,至少两人有参赛经历:0.00；三人专业不同:0.50
12,100,68.803060,0.750000,False,0.333333,64.848631,至少两人有参赛经历:1.00；三人专业不同:0.50
12,101,51.888526,0.500000,False,0.666667,51.109295,至少两人有参赛经历:0.00；三人专业不同:1.00
12,102,49.139566,0.500000,False,0.000000,70.697829,至少两人有参赛经历:0.50；三人专业不同:0.50
12,103,69.893674,0.750000,False,0.333333,70.301705,至少两人有参赛经历:1.00；三人专业不同:0.50
12,104,72.014058,0.750000,False,0.666667,64.236959,至少两人有参赛经历:0.50；三人专业不同:1.00
12,105,29.654902,0.250000,False,0.000000,60.774510,至少两人有参赛经历:0.50；三人专业不同:0.00
12,106,50.436158,0.500000,False,0.000000,77.180791,至少两人有参赛经历:1.00；三人专业不同:0.00
12,107,66.198142,0.750000,False,0.333333,51.824044,至少两人有参赛经历:0.50；三人专业不同:1.00
12,108,83.536704,1.000000,True,0.000000,67.683520,至少两人有参赛经历:1.00；三人专业不同:1.00
12,109,50.499548,0.500000,False,0.333333,60.831075,至少两人有参赛经历:0.50；三人专业不同:0.50
12,110,29.273892,0.250000,False,0.000000,58.869458,至少两人有参赛经历:0.00；三人专业不同:0.50
12,111,11.880796,0.000000,False,0.000000,59.403978,至少两人有参赛经历:0.00；三人专业不同:0.00
12,112,68.015954,0.750000,False,0.000000,77.579772,至少两人有参赛经历:1.00；三人专业不同:0.50
12,113,26.496239,0.250000,False,0.000000,44.981197,至少两人有参赛经历:0.00；三人专业不同:0.50
12,114,46.476296,0.500000,False,0.000000,57.381481,至少两人有参赛经历:0.00；三人专业不同:1.00
12,115,83.325523,1.000000,True,0.000000,66.627616,至少两人有参赛经历:1.00；三人专业不同:1.00
12,116,68.161111,0.750000,False,0.333333,61.638889,至少两人有参赛经历:1.00；三人专业不同:0.50
12,117,49.552342,0.500000,False,0.333333,56.095041,至少两人有参赛经历:0.00；三人专业不同:1.00
12,118,66.146221,0.750000,False,0.000000,68.231103,至少两人有参赛经历:0.50；三人专业不同:1.00
12,119,67.260784,0.750000,False,0.333333,57.137255,至少两人有参赛经历:0.50；三人专业不同:1.00
12,120,66.888933,0.750000,False,0.333333,55.278000,至少两人有参赛经历:0.50；三人专业不同:1.00
12,121,71.912691,0.750000,False,0.666667,63.730120,至少两人有参赛经历:0.50；三人专业不同:1.00
12,122,30.384162,0.250000,False,0.000000,64.420812,至少两人有参赛经历:0.50；三人专业不同:0.00
12,123,66.142499,0.750000,False,0.000000,68.212496,至少两人有参赛经历:1.00；三人专业不同:0.50
12,124,31.506222,0.250000,False,0.333333,53.364441,至少两人有参赛经历:0.00；三人专业不同:0.50
12,125,33.110718,0.250000,False,0.333333,61.386923,至少两人有参赛经历:0.00；三人专业不同:0.50
12,126,52.806332,0.500000,False,0.666667,55.698327,至少两人有参赛经历:0.50；三人专业不同:0.50
12,127,74.421701,0.750000,False,1.000000,59.608507,至少两人有参赛经历:1.00；三人专业不同:0.50
12,128,85.180222,1.000000,True,0.333333,59.234443,至少两人有参赛经历:1.00；三人专业不同:1.00
12,129,50.749724,0.500000,False,0.666667,45.415285,至少两人有参赛经历:0.50；三人专业不同:0.50
12,130,70.657193,0.750000,False,0.333333,74.119297,至少两人有参赛经历:1.00；三人专业不同:0.50
12,131,82.057675,1.000000,True,0.000000,60.288377,至少两人有参赛经历:1.00；三人专业不同:1.00
12,132,90.139319,1.000000,True,0.666667,67.363260,至少两人有参赛经历:1.00；三人专业不同:1.00
12,133,53.336166,0.500000,False,0.666667,58.347495,至少两人有参赛经历:0.50；三人专业不同:0.50
12,134,29.611029,0.250000,False,0.000000,60.555147,至少两人有参赛经历:0.50；三人专业不同:0.00
12,135,48.214976,0.500000,False,0.000000,66.074879,至少两人有参赛经历:1.00；三人专业不同:0.00
12,136,35.318668,0.250000,False,0.666667,55.760009,至少两人有参赛经历:0.00；三人专业不同:0.50
12,137,72.270255,0.750000,False,0.666667,65.517940,至少两人有参赛经历:1.00；三人专业不同:0.50
12,138,88.859022,1.000000,True,0.333333,77.628444,至少两人有参赛经历:1.00；三人专业不同:1.00
12,139,64.369091,0.750000,False,0.000000,59.345455,至少两人有参赛经历:0.50；三人专业不同:1.00
12,140,63.778794,0.750000,False,0.000000,56.393970,至少两人有参赛经历:0.50；三人专业不同:1.00
12,141,89.154722,1.000000,True,0.666667,62.440275,至少两人有参赛经历:1.00；三人专业不同:1.00
12,142,27.426924,0.250000,False,0.000000,49.634622,至少两人有参赛经历:0.00；三人专业不同:0.50
12,143,49.324667,0.500000,False,0.000000,71.623336,至少两人有参赛经历:0.50；三人专业不同:0.50
12,144,52.296111,0.500000,False,0.666667,53.147222,至少两人有参赛经历:0.50；三人专业不同:0.50
12,145,65.193539,0.750000,False,0.000000,63.467693,至少两人有参赛经历:0.50；三人专业不同:1.00
12,146,28.775244,0.250000,False,0.000000,56.376220,至少两人有参赛经历:0.50；三人专业不同:0.00
12,147,68.503157,0.750000,False,0.333333,63.349119,至少两人有参赛经历:0.50；三人专业不同:1.00
12,148,30.179218,0.250000,False,0.000000,63.396090,至少两人有参赛经历:0.00；三人专业不同:0.50
12,149,66.449108,0.750000,False,0.000000,69.745540,至少两人有参赛经历:1.00；三人专业不同:0.50
12,150,9.988889,0.000000,False,0.000000,49.944444,至少两人有参赛经历:0.00；三人专业不同:0.00
12,151,71.660000,0.750000,False,0.666667,62.466667,至少两人有参赛经历:1.00；三人专业不同:0.50
12,152,67.053046,0.750000,False,0.333333,56.098563,至少两人有参赛经历:0.50；三人专业不同:1.00
12,153,68.358132,0.750000,False,0.333333,62.623994,至少两人有参赛经历:0.50；三人专业不同:1.00
12,154,9.816764,0.000000,False,0.000000,49.083821,至少两人有参赛经历:0.00；三人专业不同:0.00
12,155,30.616129,0.250000,False,0.000000,65.580645,至少两人有参赛经历:0.50；三人专业不同:0.00
12,156,64.994885,0.750000,False,0.000000,62.474425,至少两人有参赛经历:0.50；三人专业不同:1.00
12,157,84.709300,1.000000,True,0.000000,73.546498,至少两人有参赛经历:1.00；三人专业不同:1.00
12,158,53.985685,0.500000,False,0.666667,61.595090,至少两人有参赛经历:0.50；三人专业不同:0.50
12,159,47.356461,0.500000,False,0.000000,61.782306,至少两人有参赛经历:0.00；三人专业不同:1.00
12,160,47.135647,0.500000,False,0.000000,60.678237,至少两人有参赛经历:0.50；三人专业不同:0.50
12,161,46.474979,0.500000,False,0.000000,57.374894,至少两人有参赛经历:0.50；三人专业不同:0.50
12,162,53.457773,0.500000,False,0.666667,58.955530,至少两人有参赛经历:0.50；三人专业不同:0.50
12,163,67.717824,0.750000,False,0.333333,59.422454,至少两人有参赛经历:0.50；三人专业不同:1.00
12,164,44.905464,0.500000,False,0.000000,49.527320,至少两人有参赛经历:0.50；三人专业不同:0.50
12,165,27.465278,0.250000,False,0.000000,49.826389,至少两人有参赛经历:0.00；三人专业不同:0.50
12,166,27.199044,0.250000,False,0.000000,48.495219,至少两人有参赛经历:0.50；三人专业不同:0.00
12,167,66.996406,0.750000,False,0.333333,55.815366,至少两人有参赛经历:0.50；三人专业不同:1.00
12,168,84.837333,1.000000,True,0.333333,57.520000,至少两人有参赛经历:1.00；三人专业不同:1.00
12,169,87.334473,1.000000,True,0.333333,70.005698,至少两人有参赛经历:1.00；三人专业不同:1.00
12,170,53.350186,0.500000,False,0.666667,58.417595,至少两人有参赛经历:0.50；三人专业不同:0.50
12,171,84.503595,1.000000,True,0.333333,55.851307,至少两人有参赛经历:1.00；三人专业不同:1.00
12,172,87.275141,1.000000,True,0.333333,69.709040,至少两人有参赛经历:1.00；三人专业不同:1.00
12,173,47.036625,0.500000,False,0.333333,43.516461,至少两人有参赛经历:0.00；三人专业不同:1.00
12,174,87.925633,1.000000,True,0.333333,72.961497,至少两人有参赛经历:1.00；三人专业不同:1.00
12,175,87.982124,1.000000,True,0.333333,73.243955,至少两人有参赛经历:1.00；三人专业不同:1.00
15,1,50.822581,0.416667,False,1.000000,58.279570,三人均有参赛经历:0.33；三人专业不同:0.50
15,2,83.710512,0.833333,False,1.000000,76.885895,三人均有参赛经历:0.67；三人专业不同:1.00
15,3,45.047893,0.333333,False,1.000000,58.572797,三人均有参赛经历:0.67；三人专业不同:0.00
15,4,68.163371,0.666667,False,1.000000,57.483524,三人均有参赛经历:0.33；三人专业不同:1.00
15,5,81.298602,0.833333,False,1.000000,64.826344,三人均有参赛经历:0.67；三人专业不同:1.00
15,6,51.032346,0.416667,False,1.000000,59.328395,三人均有参赛经历:0.33；三人专业不同:0.50
15,7,68.057132,0.666667,False,1.000000,56.952327,三人均有参赛经历:0.33；三人专业不同:1.00
15,8,32.607407,0.166667,False,1.000000,54.703704,三人均有参赛经历:0.33；三人专业不同:0.00
15,9,69.873187,0.666667,False,1.000000,66.032600,三人均有参赛经历:0.33；三人专业不同:1.00
15,10,38.916667,0.250000,False,1.000000,57.083333,三人均有参赛经历:0.00；三人专业不同:0.50
15,11,82.421893,0.833333,False,1.000000,70.442798,三人均有参赛经历:0.67；三人专业不同:1.00
15,12,64.881377,0.583333,False,1.000000,70.240216,三人均有参赛经历:0.67；三人专业不同:0.50
15,13,56.015335,0.500000,False,1.000000,55.076676,三人均有参赛经历:0.00；三人专业不同:1.00
15,14,80.862524,0.833333,False,1.000000,62.645951,三人均有参赛经历:0.67；三人专业不同:1.00
15,15,82.993665,0.833333,False,1.000000,73.301659,三人均有参赛经历:0.67；三人专业不同:1.00
15,16,51.514667,0.416667,False,1.000000,61.740000,三人均有参赛经历:0.33；三人专业不同:0.50
15,17,68.368599,0.666667,False,1.000000,58.509662,三人均有参赛经历:0.33；三人专业不同:1.00
15,18,46.764040,0.333333,False,1.000000,67.153535,三人均有参赛经历:0.67；三人专业不同:0.00
15,19,33.120085,0.166667,False,1.000000,57.267094,三人均有参赛经历:0.33；三人专业不同:0.00
15,20,52.564842,0.416667,False,1.000000,66.990877,三人均有参赛经历:0.33；三人专业不同:0.50
15,21,34.986793,0.250000,False,1.000000,37.433964,三人均有参赛经历:0.00；三人专业不同:0.50
15,22,81.302595,0.833333,False,1.000000,64.846307,三人均有参赛经历:0.67；三人专业不同:1.00
15,23,51.532911,0.416667,False,1.000000,61.831220,三人均有参赛经历:0.33；三人专业不同:0.50
15,24,38.518382,0.250000,False,1.000000,55.091912,三人均有参赛经历:0.00；三人专业不同:0.50
15,25,50.355556,0.416667,False,1.000000,55.944444,三人均有参赛经历:0.33；三人专业不同:0.50
15,26,56.467439,0.500000,False,1.000000,57.337193,三人均有参赛经历:0.00；三人专业不同:1.00
15,27,37.010719,0.250000,False,1.000000,47.553595,三人均有参赛经历:0.00；三人专业不同:0.50
15,28,94.652508,1.000000,True,1.000000,73.262542,三人均有参赛经历:1.00；三人专业不同:1.00
15,29,54.854177,0.500000,False,1.000000,49.270885,三人均有参赛经历:0.00；三人专业不同:1.00
15,30,80.189316,0.833333,False,1.000000,59.279915,三人均有参赛经历:0.67；三人专业不同:1.00
15,31,50.442174,0.416667,False,1.000000,56.377536,三人均有参赛经历:0.33；三人专业不同:0.50
15,32,56.672172,0.500000,False,1.000000,58.360861,三人均有参赛经历:0.00；三人专业不同:1.00
15,33,68.676637,0.666667,False,1.000000,60.049851,三人均有参赛经历:0.33；三人专业不同:1.00
15,34,31.751144,0.166667,False,1.000000,50.422386,三人均有参赛经历:0.33；三人专业不同:0.00
15,35,50.097019,0.416667,False,1.000000,54.651762,三人均有参赛经历:0.33；三人专业不同:0.50
15,36,78.725014,0.750000,False,1.000000,81.125070,三人均有参赛经历:1.00；三人专业不同:0.50
15,37,65.613103,0.583333,False,1.000000,73.898846,三人均有参赛经历:0.67；三人专业不同:0.50
15,38,52.764529,0.416667,False,1.000000,67.989310,三人均有参赛经历:0.33；三人专业不同:0.50
15,39,79.234478,0.833333,False,1.000000,54.505722,三人均有参赛经历:0.67；三人专业不同:1.00
15,40,44.410400,0.333333,False,1.000000,55.385332,三人均有参赛经历:0.67；三人专业不同:0.00
15,41,79.734087,0.833333,False,1.000000,57.003771,三人均有参赛经历:0.67；三人专业不同:1.00
15,42,40.294510,0.250000,False,1.000000,63.972548,三人均有参赛经历:0.00；三人专业不同:0.50
15,43,39.281377,0.250000,False,1.000000,58.906887,三人均有参赛经历:0.00；三人专业不同:0.50
15,44,49.211193,0.416667,False,1.000000,50.222634,三人均有参赛经历:0.33；三人专业不同:0.50
15,45,68.437425,0.666667,False,1.000000,58.853789,三人均有参赛经历:0.33；三人专业不同:1.00
15,46,80.979162,0.833333,False,1.000000,63.229143,三人均有参赛经历:0.67；三人专业不同:1.00
15,47,49.530770,0.416667,False,1.000000,51.820518,三人均有参赛经历:0.33；三人专业不同:0.50
15,48,17.673946,0.000000,False,1.000000,38.369732,三人均有参赛经历:0.00；三人专业不同:0.00
15,49,30.145009,0.166667,False,1.000000,42.391714,三人均有参赛经历:0.33；三人专业不同:0.00
15,50,79.843706,0.833333,False,1.000000,57.551862,三人均有参赛经历:0.67；三人专业不同:1.00
15,51,38.173125,0.250000,False,1.000000,53.365623,三人均有参赛经历:0.00；三人专业不同:0.50
15,52,49.067544,0.416667,False,1.000000,49.504388,三人均有参赛经历:0.33；三人专业不同:0.50
15,53,33.591870,0.166667,False,1.000000,59.626016,三人均有参赛经历:0.33；三人专业不同:0.00
15,54,53.322137,0.500000,False,1.000000,41.610684,三人均有参赛经历:0.00；三人专业不同:1.00
15,55,55.402207,0.500000,False,1.000000,52.011036,三人均有参赛经历:0.00；三人专业不同:1.00
15,56,46.697569,0.333333,False,1.000000,66.821181,三人均有参赛经历:0.67；三人专业不同:0.00
15,57,20.097826,0.000000,False,1.000000,50.489130,三人均有参赛经历:0.00；三人专业不同:0.00
15,58,52.061878,0.416667,False,1.000000,64.476057,三人均有参赛经历:0.33；三人专业不同:0.50
15,59,40.056364,0.250000,False,1.000000,62.781822,三人均有参赛经历:0.00；三人专业不同:0.50
15,60,64.603514,0.583333,False,1.000000,68.850902,三人均有参赛经历:0.67；三人专业不同:0.50
15,61,70.239992,0.666667,False,1.000000,67.866626,三人均有参赛经历:0.33；三人专业不同:1.00
15,62,69.099666,0.666667,False,1.000000,62.164997,三人均有参赛经历:0.33；三人专业不同:1.00
15,63,82.400845,0.833333,False,1.000000,70.337558,三人均有参赛经历:0.67；三人专业不同:1.00
15,64,66.654106,0.666667,False,1.000000,49.937198,三人均有参赛经历:0.33；三人专业不同:1.00
15,65,32.382995,0.166667,False,1.000000,53.581640,三人均有参赛经历:0.33；三人专业不同:0.00
15,66,46.976481,0.333333,False,1.000000,68.215738,三人均有参赛经历:0.67；三人专业不同:0.00
15,67,52.407967,0.416667,False,1.000000,66.206500,三人均有参赛经历:0.33；三人专业不同:0.50
15,68,65.288331,0.583333,False,1.000000,72.274990,三人均有参赛经历:0.67；三人专业不同:0.50
15,69,51.489844,0.416667,False,1.000000,61.615885,三人均有参赛经历:0.33；三人专业不同:0.50
15,70,69.910696,0.666667,False,1.000000,66.220147,三人均有参赛经历:0.33；三人专业不同:1.00
15,71,68.310667,0.666667,False,1.000000,58.220000,三人均有参赛经历:0.33；三人专业不同:1.00
15,72,64.068813,0.583333,False,1.000000,66.177397,三人均有参赛经历:0.67；三人专业不同:0.50
15,73,52.436797,0.416667,False,1.000000,66.350653,三人均有参赛经历:0.33；三人专业不同:0.50
15,74,68.541177,0.666667,False,1.000000,59.372551,三人均有参赛经历:0.33；三人专业不同:1.00
15,75,49.425612,0.416667,False,1.000000,51.294727,三人均有参赛经历:0.33；三人专业不同:0.50
15,76,48.572464,0.333333,False,1.000000,76.195652,三人均有参赛经历:0.67；三人专业不同:0.00
15,77,38.770808,0.250000,False,1.000000,56.354040,三人均有参赛经历:0.00；三人专业不同:0.50
15,78,93.015835,1.000000,True,1.000000,65.079177,三人均有参赛经历:1.00；三人专业不同:1.00
15,79,51.812030,0.416667,False,1.000000,63.226815,三人均有参赛经历:0.33；三人专业不同:0.50
15,80,81.886688,0.833333,False,1.000000,67.766771,三人均有参赛经历:0.67；三人专业不同:1.00
15,81,70.421565,0.666667,False,1.000000,68.774492,三人均有参赛经历:0.33；三人专业不同:1.00
15,82,39.221527,0.250000,False,1.000000,58.607634,三人均有参赛经历:0.00；三人专业不同:0.50
15,83,50.079167,0.416667,False,1.000000,54.562500,三人均有参赛经历:0.33；三人专业不同:0.50
15,84,78.247144,0.833333,False,1.000000,49.569054,三人均有参赛经历:0.67；三人专业不同:1.00
15,85,62.801554,0.583333,False,1.000000,59.841102,三人均有参赛经历:0.67；三人专业不同:0.50
15,86,51.949169,0.416667,False,1.000000,63.912512,三人均有参赛经历:0.33；三人专业不同:0.50
15,87,69.274737,0.666667,False,1.000000,63.040351,三人均有参赛经历:0.33；三人专业不同:1.00
15,88,49.423818,0.416667,False,1.000000,51.285757,三人均有参赛经历:0.33；三人专业不同:0.50
15,89,52.070789,0.416667,False,1.000000,64.520609,三人均有参赛经历:0.33；三人专业不同:0.50
15,90,79.605497,0.833333,False,1.000000,56.360820,三人均有参赛经历:0.67；三人专业不同:1.00
15,91,33.598818,0.166667,False,1.000000,59.660754,三人均有参赛经历:0.33；三人专业不同:0.00
15,92,81.366667,0.833333,False,1.000000,65.166667,三人均有参赛经历:0.67；三人专业不同:1.00
15,93,82.322786,0.833333,False,1.000000,69.947262,三人均有参赛经历:0.67；三人专业不同:1.00
15,94,48.149293,0.333333,False,1.000000,74.079798,三人均有参赛经历:0.67；三人专业不同:0.00
15,95,67.905683,0.666667,False,1.000000,56.195083,三人均有参赛经历:0.33；三人专业不同:1.00
15,96,63.777748,0.583333,False,1.000000,64.722072,三人均有参赛经历:0.67；三人专业不同:0.50
15,97,51.201852,0.416667,False,1.000000,60.175926,三人均有参赛经历:0.33；三人专业不同:0.50
15,98,34.246014,0.166667,False,1.000000,62.896737,三人均有参赛经历:0.33；三人专业不同:0.00
15,99,36.985556,0.250000,False,1.000000,47.427778,三人均有参赛经历:0.00；三人专业不同:0.50
15,100,63.803060,0.583333,False,1.000000,64.848631,三人均有参赛经历:0.67；三人专业不同:0.50
15,101,55.221859,0.500000,False,1.000000,51.109295,三人均有参赛经历:0.00；三人专业不同:1.00
15,102,53.306232,0.416667,False,1.000000,70.697829,三人均有参赛经历:0.33；三人专业不同:0.50
15,103,76.560341,0.750000,False,1.000000,70.301705,三人均有参赛经历:1.00；三人专业不同:0.50
15,104,69.514058,0.666667,False,1.000000,64.236959,三人均有参赛经历:0.33；三人专业不同:1.00
15,105,33.821569,0.166667,False,1.000000,60.774510,三人均有参赛经历:0.33；三人专业不同:0.00
15,106,60.436158,0.500000,False,1.000000,77.180791,三人均有参赛经历:1.00；三人专业不同:0.00
15,107,67.031475,0.666667,False,1.000000,51.824044,三人均有参赛经历:0.33；三人专业不同:1.00
15,108,81.870037,0.833333,False,1.000000,67.683520,三人均有参赛经历:0.67；三人专业不同:1.00
15,109,51.332882,0.416667,False,1.000000,60.831075,三人均有参赛经历:0.33；三人专业不同:0.50
15,110,39.273892,0.250000,False,1.000000,58.869458,三人均有参赛经历:0.00；三人专业不同:0.50
15,111,21.880796,0.000000,False,1.000000,59.403978,三人均有参赛经历:0.00；三人专业不同:0.00
15,112,78.015954,0.750000,False,1.000000,77.579772,三人均有参赛经历:1.00；三人专业不同:0.50
15,113,36.496239,0.250000,False,1.000000,44.981197,三人均有参赛经历:0.00；三人专业不同:0.50
15,114,56.476296,0.500000,False,1.000000,57.381481,三人均有参赛经历:0.00；三人专业不同:1.00
15,115,81.658856,0.833333,False,1.000000,66.627616,三人均有参赛经历:0.67；三人专业不同:1.00
15,116,63.161111,0.583333,False,1.000000,61.638889,三人均有参赛经历:0.67；三人专业不同:0.50
15,117,56.219008,0.500000,False,1.000000,56.095041,三人均有参赛经历:0.00；三人专业不同:1.00
15,118,70.312887,0.666667,False,1.000000,68.231103,三人均有参赛经历:0.33；三人专业不同:1.00
15,119,68.094118,0.666667,False,1.000000,57.137255,三人均有参赛经历:0.33；三人专业不同:1.00
15,120,67.722267,0.666667,False,1.000000,55.278000,三人均有参赛经历:0.33；三人专业不同:1.00
15,121,69.412691,0.666667,False,1.000000,63.730120,三人均有参赛经历:0.33；三人专业不同:1.00
15,122,34.550829,0.166667,False,1.000000,64.420812,三人均有参赛经历:0.33；三人专业不同:0.00
15,123,64.475833,0.583333,False,1.000000,68.212496,三人均有参赛经历:0.67；三人专业不同:0.50
15,124,38.172888,0.250000,False,1.000000,53.364441,三人均有参赛经历:0.00；三人专业不同:0.50
15,125,39.777385,0.250000,False,1.000000,61.386923,三人均有参赛经历:0.00；三人专业不同:0.50
15,126,50.306332,0.416667,False,1.000000,55.698327,三人均有参赛经历:0.33；三人专业不同:0.50
15,127,62.755035,0.583333,False,1.000000,59.608507,三人均有参赛经历:0.67；三人专业不同:0.50
15,128,80.180222,0.833333,False,1.000000,59.234443,三人均有参赛经历:0.67；三人专业不同:1.00
15,129,48.249724,0.416667,False,1.000000,45.415285,三人均有参赛经历:0.33；三人专业不同:0.50
15,130,65.657193,0.583333,False,1.000000,74.119297,三人均有参赛经历:0.67；三人专业不同:0.50
15,131,80.391009,0.833333,False,1.000000,60.288377,三人均有参赛经历:0.67；三人专业不同:1.00
15,132,81.805985,0.833333,False,1.000000,67.363260,三人均有参赛经历:0.67；三人专业不同:1.00
15,133,50.836166,0.416667,False,1.000000,58.347495,三人均有参赛经历:0.33；三人专业不同:0.50
15,134,33.777696,0.166667,False,1.000000,60.555147,三人均有参赛经历:0.33；三人专业不同:0.00
15,135,46.548309,0.333333,False,1.000000,66.074879,三人均有参赛经历:0.67；三人专业不同:0.00
15,136,38.652002,0.250000,False,1.000000,55.760009,三人均有参赛经历:0.00；三人专业不同:0.50
15,137,63.936921,0.583333,False,1.000000,65.517940,三人均有参赛经历:0.67；三人专业不同:0.50
15,138,95.525689,1.000000,True,1.000000,77.628444,三人均有参赛经历:1.00；三人专业不同:1.00
15,139,68.535758,0.666667,False,1.000000,59.345455,三人均有参赛经历:0.33；三人专业不同:1.00
15,140,67.945461,0.666667,False,1.000000,56.393970,三人均有参赛经历:0.33；三人专业不同:1.00
15,141,80.821388,0.833333,False,1.000000,62.440275,三人均有参赛经历:0.67；三人专业不同:1.00
15,142,37.426924,0.250000,False,1.000000,49.634622,三人均有参赛经历:0.00；三人专业不同:0.50
15,143,53.491334,0.416667,False,1.000000,71.623336,三人均有参赛经历:0.33；三人专业不同:0.50
15,144,49.796111,0.416667,False,1.000000,53.147222,三人均有参赛经历:0.33；三人专业不同:0.50
15,145,69.360205,0.666667,False,1.000000,63.467693,三人均有参赛经历:0.33；三人专业不同:1.00
15,146,32.941911,0.166667,False,1.000000,56.376220,三人均有参赛经历:0.33；三人专业不同:0.00
15,147,69.336490,0.666667,False,1.000000,63.349119,三人均有参赛经历:0.33；三人专业不同:1.00
15,148,40.179218,0.250000,False,1.000000,63.396090,三人均有参赛经历:0.00；三人专业不同:0.50
15,149,64.782441,0.583333,False,1.000000,69.745540,三人均有参赛经历:0.67；三人专业不同:0.50
15,150,19.988889,0.000000,False,1.000000,49.944444,三人均有参赛经历:0.00；三人专业不同:0.00
15,151,63.326667,0.583333,False,1.000000,62.466667,三人均有参赛经历:0.67；三人专业不同:0.50
15,152,67.886379,0.666667,False,1.000000,56.098563,三人均有参赛经历:0.33；三人专业不同:1.00
15,153,69.191465,0.666667,False,1.000000,62.623994,三人均有参赛经历:0.33；三人专业不同:1.00
15,154,19.816764,0.000000,False,1.000000,49.083821,三人均有参赛经历:0.00；三人专业不同:0.00
15,155,34.782796,0.166667,False,1.000000,65.580645,三人均有参赛经历:0.33；三人专业不同:0.00
15,156,69.161552,0.666667,False,1.000000,62.474425,三人均有参赛经历:0.33；三人专业不同:1.00
15,157,83.042633,0.833333,False,1.000000,73.546498,三人均有参赛经历:0.67；三人专业不同:1.00
15,158,51.485685,0.416667,False,1.000000,61.595090,三人均有参赛经历:0.33；三人专业不同:0.50
15,159,57.356461,0.500000,False,1.000000,61.782306,三人均有参赛经历:0.00；三人专业不同:1.00
15,160,51.302314,0.416667,False,1.000000,60.678237,三人均有参赛经历:0.33；三人专业不同:0.50
15,161,50.641646,0.416667,False,1.000000,57.374894,三人均有参赛经历:0.33；三人专业不同:0.50
15,162,50.957773,0.416667,False,1.000000,58.955530,三人均有参赛经历:0.33；三人专业不同:0.50
15,163,68.551157,0.666667,False,1.000000,59.422454,三人均有参赛经历:0.33；三人专业不同:1.00
15,164,49.072131,0.416667,False,1.000000,49.527320,三人均有参赛经历:0.33；三人专业不同:0.50
15,165,37.465278,0.250000,False,1.000000,49.826389,三人均有参赛经历:0.00；三人专业不同:0.50
15,166,31.365711,0.166667,False,1.000000,48.495219,三人均有参赛经历:0.33；三人专业不同:0.00
15,167,67.829740,0.666667,False,1.000000,55.815366,三人均有参赛经历:0.33；三人专业不同:1.00
15,168,79.837333,0.833333,False,1.000000,57.520000,三人均有参赛经历:0.67；三人专业不同:1.00
15,169,82.334473,0.833333,False,1.000000,70.005698,三人均有参赛经历:0.67；三人专业不同:1.00
15,170,50.850186,0.416667,False,1.000000,58.417595,三人均有参赛经历:0.33；三人专业不同:0.50
15,171,79.503595,0.833333,False,1.000000,55.851307,三人均有参赛经历:0.67；三人专业不同:1.00
15,172,82.275141,0.833333,False,1.000000,69.709040,三人均有参赛经历:0.67；三人专业不同:1.00
15,173,53.703292,0.500000,False,1.000000,43.516461,三人均有参赛经历:0.00；三人专业不同:1.00
15,174,82.925633,0.833333,False,1.000000,72.961497,三人均有参赛经历:0.67；三人专业不同:1.00
15,175,82.982124,0.833333,False,1.000000,73.243955,三人均有参赛经历:0.67；三人专业不同:1.00
1,1,46.655914,0.500000,False,0.000000,58.279570,至少两人有参赛经历:0.50；三人专业不同:0.50
1,2,88.710512,1.000000,True,0.333333,76.885895,至少两人有参赛经历:1.00；三人专业不同:1.00
1,3,46.714559,0.500000,False,0.000000,58.572797,至少两人有参赛经历:1.00；三人专业不同:0.00
1,4,63.996705,0.750000,False,0.000000,57.483524,至少两人有参赛经历:0.50；三人专业不同:1.00
1,5,82.965269,1.000000,True,0.000000,64.826344,至少两人有参赛经历:1.00；三人专业不同:1.00
1,6,46.865679,0.500000,False,0.000000,59.328395,至少两人有参赛经历:0.50；三人专业不同:0.50
1,7,63.890465,0.750000,False,0.000000,56.952327,至少两人有参赛经历:0.50；三人专业不同:1.00
1,8,28.440741,0.250000,False,0.000000,54.703704,至少两人有参赛经历:0.50；三人专业不同:0.00
1,9,65.706520,0.750000,False,0.000000,66.032600,至少两人有参赛经历:0.50；三人专业不同:1.00
1,10,28.916667,0.250000,False,0.000000,57.083333,至少两人有参赛经历:0.00；三人专业不同:0.50
1,11,84.088560,1.000000,True,0.000000,70.442798,至少两人有参赛经历:1.00；三人专业不同:1.00
1,12,66.548043,0.750000,False,0.000000,70.240216,至少两人有参赛经历:1.00；三人专业不同:0.50
1,13,49.348669,0.500000,False,0.333333,55.076676,至少两人有参赛经历:0.00；三人专业不同:1.00
1,14,82.529190,1.000000,True,0.000000,62.645951,至少两人有参赛经历:1.00；三人专业不同:1.00
1,15,84.660332,1.000000,True,0.000000,73.301659,至少两人有参赛经历:1.00；三人专业不同:1.00
1,16,47.348000,0.500000,False,0.000000,61.740000,至少两人有参赛经历:0.50；三人专业不同:0.50
1,17,64.201932,0.750000,False,0.000000,58.509662,至少两人有参赛经历:0.50；三人专业不同:1.00
1,18,58.430707,0.500000,False,1.000000,67.153535,至少两人有参赛经历:1.00；三人专业不同:0.00
1,19,28.953419,0.250000,False,0.000000,57.267094,至少两人有参赛经历:0.50；三人专业不同:0.00
1,20,48.398175,0.500000,False,0.000000,66.990877,至少两人有参赛经历:0.50；三人专业不同:0.50
1,21,24.986793,0.250000,False,0.000000,37.433964,至少两人有参赛经历:0.00；三人专业不同:0.50
1,22,82.969261,1.000000,True,0.000000,64.846307,至少两人有参赛经历:1.00；三人专业不同:1.00
1,23,47.366244,0.500000,False,0.000000,61.831220,至少两人有参赛经历:0.50；三人专业不同:0.50
1,24,35.185049,0.250000,False,0.666667,55.091912,至少两人有参赛经历:0.00；三人专业不同:0.50
1,25,46.188889,0.500000,False,0.000000,55.944444,至少两人有参赛经历:0.50；三人专业不同:0.50
1,26,46.467439,0.500000,False,0.000000,57.337193,至少两人有参赛经历:0.00；三人专业不同:1.00
1,27,27.010719,0.250000,False,0.000000,47.553595,至少两人有参赛经历:0.00；三人专业不同:0.50
1,28,84.652508,1.000000,True,0.000000,73.262542,至少两人有参赛经历:1.00；三人专业不同:1.00
1,29,44.854177,0.500000,False,0.000000,49.270885,至少两人有参赛经历:0.00；三人专业不同:1.00
1,30,81.855983,1.000000,True,0.000000,59.279915,至少两人有参赛经历:1.00；三人专业不同:1.00
1,31,52.942174,0.500000,False,0.666667,56.377536,至少两人有参赛经历:0.50；三人专业不同:0.50
1,32,46.672172,0.500000,False,0.000000,58.360861,至少两人有参赛经历:0.00；三人专业不同:1.00
1,33,64.509970,0.750000,False,0.000000,60.049851,至少两人有参赛经历:0.50；三人专业不同:1.00
1,34,27.584477,0.250000,False,0.000000,50.422386,至少两人有参赛经历:0.50；三人专业不同:0.00
1,35,45.930352,0.500000,False,0.000000,54.651762,至少两人有参赛经历:0.50；三人专业不同:0.50
1,36,68.725014,0.750000,False,0.000000,81.125070,至少两人有参赛经历:1.00；三人专业不同:0.50
1,37,67.279769,0.750000,False,0.000000,73.898846,至少两人有参赛经历:1.00；三人专业不同:0.50
1,38,48.597862,0.500000,False,0.000000,67.989310,至少两人有参赛经历:0.50；三人专业不同:0.50
1,39,80.901144,1.000000,True,0.000000,54.505722,至少两人有参赛经历:1.00；三人专业不同:1.00
1,40,46.077066,0.500000,False,0.000000,55.385332,至少两人有参赛经历:1.00；三人专业不同:0.00
1,41,81.400754,1.000000,True,0.000000,57.003771,至少两人有参赛经历:1.00；三人专业不同:1.00
1,42,33.627843,0.250000,False,0.333333,63.972548,至少两人有参赛经历:0.00；三人专业不同:0.50
1,43,29.281377,0.250000,False,0.000000,58.906887,至少两人有参赛经历:0.00；三人专业不同:0.50
1,44,45.044527,0.500000,False,0.000000,50.222634,至少两人有参赛经历:0.50；三人专业不同:0.50
1,45,64.270758,0.750000,False,0.000000,58.853789,至少两人有参赛经历:0.50；三人专业不同:1.00
1,46,82.645829,1.000000,True,0.000000,63.229143,至少两人有参赛经历:1.00；三人专业不同:1.00
1,47,45.364104,0.500000,False,0.000000,51.820518,至少两人有参赛经历:0.50；三人专业不同:0.50
1,48,7.673946,0.000000,False,0.000000,38.369732,至少两人有参赛经历:0.00；三人专业不同:0.00
1,49,25.978343,0.250000,False,0.000000,42.391714,至少两人有参赛经历:0.50；三人专业不同:0.00
1,50,81.510372,1.000000,True,0.000000,57.551862,至少两人有参赛经历:1.00；三人专业不同:1.00
1,51,28.173125,0.250000,False,0.000000,53.365623,至少两人有参赛经历:0.00；三人专业不同:0.50
1,52,44.900878,0.500000,False,0.000000,49.504388,至少两人有参赛经历:0.50；三人专业不同:0.50
1,53,29.425203,0.250000,False,0.000000,59.626016,至少两人有参赛经历:0.50；三人专业不同:0.00
1,54,43.322137,0.500000,False,0.000000,41.610684,至少两人有参赛经历:0.00；三人专业不同:1.00
1,55,45.402207,0.500000,False,0.000000,52.011036,至少两人有参赛经历:0.00；三人专业不同:1.00
1,56,48.364236,0.500000,False,0.000000,66.821181,至少两人有参赛经历:1.00；三人专业不同:0.00
1,57,10.097826,0.000000,False,0.000000,50.489130,至少两人有参赛经历:0.00；三人专业不同:0.00
1,58,47.895211,0.500000,False,0.000000,64.476057,至少两人有参赛经历:0.50；三人专业不同:0.50
1,59,30.056364,0.250000,False,0.000000,62.781822,至少两人有参赛经历:0.00；三人专业不同:0.50
1,60,66.270180,0.750000,False,0.000000,68.850902,至少两人有参赛经历:1.00；三人专业不同:0.50
1,61,66.073325,0.750000,False,0.000000,67.866626,至少两人有参赛经历:0.50；三人专业不同:1.00
1,62,64.932999,0.750000,False,0.000000,62.164997,至少两人有参赛经历:0.50；三人专业不同:1.00
1,63,84.067512,1.000000,True,0.000000,70.337558,至少两人有参赛经历:1.00；三人专业不同:1.00
1,64,62.487440,0.750000,False,0.000000,49.937198,至少两人有参赛经历:0.50；三人专业不同:1.00
1,65,28.216328,0.250000,False,0.000000,53.581640,至少两人有参赛经历:0.50；三人专业不同:0.00
1,66,48.643148,0.500000,False,0.000000,68.215738,至少两人有参赛经历:1.00；三人专业不同:0.00
1,67,54.907967,0.500000,False,0.666667,66.206500,至少两人有参赛经历:0.50；三人专业不同:0.50
1,68,66.954998,0.750000,False,0.000000,72.274990,至少两人有参赛经历:1.00；三人专业不同:0.50
1,69,53.989844,0.500000,False,0.666667,61.615885,至少两人有参赛经历:0.50；三人专业不同:0.50
1,70,65.744029,0.750000,False,0.000000,66.220147,至少两人有参赛经历:0.50；三人专业不同:1.00
1,71,67.477333,0.750000,False,0.333333,58.220000,至少两人有参赛经历:0.50；三人专业不同:1.00
1,72,65.735479,0.750000,False,0.000000,66.177397,至少两人有参赛经历:1.00；三人专业不同:0.50
1,73,51.603464,0.500000,False,0.333333,66.350653,至少两人有参赛经历:0.50；三人专业不同:0.50
1,74,64.374510,0.750000,False,0.000000,59.372551,至少两人有参赛经历:0.50；三人专业不同:1.00
1,75,45.258945,0.500000,False,0.000000,51.294727,至少两人有参赛经历:0.50；三人专业不同:0.50
1,76,50.239130,0.500000,False,0.000000,76.195652,至少两人有参赛经历:1.00；三人专业不同:0.00
1,77,28.770808,0.250000,False,0.000000,56.354040,至少两人有参赛经历:0.00；三人专业不同:0.50
1,78,86.349169,1.000000,True,0.333333,65.079177,至少两人有参赛经历:1.00；三人专业不同:1.00
1,79,47.645363,0.500000,False,0.000000,63.226815,至少两人有参赛经历:0.50；三人专业不同:0.50
1,80,86.886688,1.000000,True,0.333333,67.766771,至少两人有参赛经历:1.00；三人专业不同:1.00
1,81,66.254898,0.750000,False,0.000000,68.774492,至少两人有参赛经历:0.50；三人专业不同:1.00
1,82,29.221527,0.250000,False,0.000000,58.607634,至少两人有参赛经历:0.00；三人专业不同:0.50
1,83,45.912500,0.500000,False,0.000000,54.562500,至少两人有参赛经历:0.50；三人专业不同:0.50
1,84,79.913811,1.000000,True,0.000000,49.569054,至少两人有参赛经历:1.00；三人专业不同:1.00
1,85,64.468220,0.750000,False,0.000000,59.841102,至少两人有参赛经历:1.00；三人专业不同:0.50
1,86,54.449169,0.500000,False,0.666667,63.912512,至少两人有参赛经历:0.50；三人专业不同:0.50
1,87,68.441403,0.750000,False,0.333333,63.040351,至少两人有参赛经历:0.50；三人专业不同:1.00
1,88,45.257151,0.500000,False,0.000000,51.285757,至少两人有参赛经历:0.50；三人专业不同:0.50
1,89,51.237455,0.500000,False,0.333333,64.520609,至少两人有参赛经历:0.50；三人专业不同:0.50
1,90,81.272164,1.000000,True,0.000000,56.360820,至少两人有参赛经历:1.00；三人专业不同:1.00
1,91,29.432151,0.250000,False,0.000000,59.660754,至少两人有参赛经历:0.50；三人专业不同:0.00
1,92,83.033333,1.000000,True,0.000000,65.166667,至少两人有参赛经历:1.00；三人专业不同:1.00
1,93,83.989452,1.000000,True,0.000000,69.947262,至少两人有参赛经历:1.00；三人专业不同:1.00
1,94,59.815960,0.500000,False,1.000000,74.079798,至少两人有参赛经历:1.00；三人专业不同:0.00
1,95,67.072350,0.750000,False,0.333333,56.195083,至少两人有参赛经历:0.50；三人专业不同:1.00
1,96,65.444414,0.750000,False,0.000000,64.722072,至少两人有参赛经历:1.00；三人专业不同:0.50
1,97,47.035185,0.500000,False,0.000000,60.175926,至少两人有参赛经历:0.50；三人专业不同:0.50
1,98,30.079347,0.250000,False,0.000000,62.896737,至少两人有参赛经历:0.50；三人专业不同:0.00
1,99,26.985556,0.250000,False,0.000000,47.427778,至少两人有参赛经历:0.00；三人专业不同:0.50
1,100,72.136393,0.750000,False,0.666667,64.848631,至少两人有参赛经历:1.00；三人专业不同:0.50
1,101,45.221859,0.500000,False,0.000000,51.109295,至少两人有参赛经历:0.00；三人专业不同:1.00
1,102,55.806232,0.500000,False,0.666667,70.697829,至少两人有参赛经历:0.50；三人专业不同:0.50
1,103,66.560341,0.750000,False,0.000000,70.301705,至少两人有参赛经历:1.00；三人专业不同:0.50
1,104,65.347392,0.750000,False,0.000000,64.236959,至少两人有参赛经历:0.50；三人专业不同:1.00
1,105,29.654902,0.250000,False,0.000000,60.774510,至少两人有参赛经历:0.50；三人专业不同:0.00
1,106,50.436158,0.500000,False,0.000000,77.180791,至少两人有参赛经历:1.00；三人专业不同:0.00
1,107,62.864809,0.750000,False,0.000000,51.824044,至少两人有参赛经历:0.50；三人专业不同:1.00
1,108,83.536704,1.000000,True,0.000000,67.683520,至少两人有参赛经历:1.00；三人专业不同:1.00
1,109,53.832882,0.500000,False,0.666667,60.831075,至少两人有参赛经历:0.50；三人专业不同:0.50
1,110,29.273892,0.250000,False,0.000000,58.869458,至少两人有参赛经历:0.00；三人专业不同:0.50
1,111,11.880796,0.000000,False,0.000000,59.403978,至少两人有参赛经历:0.00；三人专业不同:0.00
1,112,68.015954,0.750000,False,0.000000,77.579772,至少两人有参赛经历:1.00；三人专业不同:0.50
1,113,26.496239,0.250000,False,0.000000,44.981197,至少两人有参赛经历:0.00；三人专业不同:0.50
1,114,49.809630,0.500000,False,0.333333,57.381481,至少两人有参赛经历:0.00；三人专业不同:1.00
1,115,83.325523,1.000000,True,0.000000,66.627616,至少两人有参赛经历:1.00；三人专业不同:1.00
1,116,64.827778,0.750000,False,0.000000,61.638889,至少两人有参赛经历:1.00；三人专业不同:0.50
1,117,49.552342,0.500000,False,0.333333,56.095041,至少两人有参赛经历:0.00；三人专业不同:1.00
1,118,66.146221,0.750000,False,0.000000,68.231103,至少两人有参赛经历:0.50；三人专业不同:1.00
1,119,63.927451,0.750000,False,0.000000,57.137255,至少两人有参赛经历:0.50；三人专业不同:1.00
1,120,63.555600,0.750000,False,0.000000,55.278000,至少两人有参赛经历:0.50；三人专业不同:1.00
1,121,65.246024,0.750000,False,0.000000,63.730120,至少两人有参赛经历:0.50；三人专业不同:1.00
1,122,30.384162,0.250000,False,0.000000,64.420812,至少两人有参赛经历:0.50；三人专业不同:0.00
1,123,66.142499,0.750000,False,0.000000,68.212496,至少两人有参赛经历:1.00；三人专业不同:0.50
1,124,34.839555,0.250000,False,0.666667,53.364441,至少两人有参赛经历:0.00；三人专业不同:0.50
1,125,36.444051,0.250000,False,0.666667,61.386923,至少两人有参赛经历:0.00；三人专业不同:0.50
1,126,49.472999,0.500000,False,0.333333,55.698327,至少两人有参赛经历:0.50；三人专业不同:0.50
1,127,64.421701,0.750000,False,0.000000,59.608507,至少两人有参赛经历:1.00；三人专业不同:0.50
1,128,81.846889,1.000000,True,0.000000,59.234443,至少两人有参赛经历:1.00；三人专业不同:1.00
1,129,44.083057,0.500000,False,0.000000,45.415285,至少两人有参赛经历:0.50；三人专业不同:0.50
1,130,67.323859,0.750000,False,0.000000,74.119297,至少两人有参赛经历:1.00；三人专业不同:0.50
1,131,82.057675,1.000000,True,0.000000,60.288377,至少两人有参赛经历:1.00；三人专业不同:1.00
1,132,83.472652,1.000000,True,0.000000,67.363260,至少两人有参赛经历:1.00；三人专业不同:1.00
1,133,46.669499,0.500000,False,0.000000,58.347495,至少两人有参赛经历:0.50；三人专业不同:0.50
1,134,29.611029,0.250000,False,0.000000,60.555147,至少两人有参赛经历:0.50；三人专业不同:0.00
1,135,48.214976,0.500000,False,0.000000,66.074879,至少两人有参赛经历:1.00；三人专业不同:0.00
1,136,28.652002,0.250000,False,0.000000,55.760009,至少两人有参赛经历:0.00；三人专业不同:0.50
1,137,65.603588,0.750000,False,0.000000,65.517940,至少两人有参赛经历:1.00；三人专业不同:0.50
1,138,88.859022,1.000000,True,0.333333,77.628444,至少两人有参赛经历:1.00；三人专业不同:1.00
1,139,67.702424,0.750000,False,0.333333,59.345455,至少两人有参赛经历:0.50；三人专业不同:1.00
1,140,67.112127,0.750000,False,0.333333,56.393970,至少两人有参赛经历:0.50；三人专业不同:1.00
1,141,82.488055,1.000000,True,0.000000,62.440275,至少两人有参赛经历:1.00；三人专业不同:1.00
1,142,30.760258,0.250000,False,0.333333,49.634622,至少两人有参赛经历:0.00；三人专业不同:0.50
1,143,49.324667,0.500000,False,0.000000,71.623336,至少两人有参赛经历:0.50；三人专业不同:0.50
1,144,45.629444,0.500000,False,0.000000,53.147222,至少两人有参赛经历:0.50；三人专业不同:0.50
1,145,68.526872,0.750000,False,0.333333,63.467693,至少两人有参赛经历:0.50；三人专业不同:1.00
1,146,28.775244,0.250000,False,0.000000,56.376220,至少两人有参赛经历:0.50；三人专业不同:0.00
1,147,65.169824,0.750000,False,0.000000,63.349119,至少两人有参赛经历:0.50；三人专业不同:1.00
1,148,30.179218,0.250000,False,0.000000,63.396090,至少两人有参赛经历:0.00；三人专业不同:0.50
1,149,66.449108,0.750000,False,0.000000,69.745540,至少两人有参赛经历:1.00；三人专业不同:0.50
1,150,9.988889,0.000000,False,0.000000,49.944444,至少两人有参赛经历:0.00；三人专业不同:0.00
1,151,64.993333,0.750000,False,0.000000,62.466667,至少两人有参赛经历:1.00；三人专业不同:0.50
1,152,63.719713,0.750000,False,0.000000,56.098563,至少两人有参赛经历:0.50；三人专业不同:1.00
1,153,65.024799,0.750000,False,0.000000,62.623994,至少两人有参赛经历:0.50；三人专业不同:1.00
1,154,9.816764,0.000000,False,0.000000,49.083821,至少两人有参赛经历:0.00；三人专业不同:0.00
1,155,40.616129,0.250000,False,1.000000,65.580645,至少两人有参赛经历:0.50；三人专业不同:0.00
1,156,64.994885,0.750000,False,0.000000,62.474425,至少两人有参赛经历:0.50；三人专业不同:1.00
1,157,84.709300,1.000000,True,0.000000,73.546498,至少两人有参赛经历:1.00；三人专业不同:1.00
1,158,47.319018,0.500000,False,0.000000,61.595090,至少两人有参赛经历:0.50；三人专业不同:0.50
1,159,47.356461,0.500000,False,0.000000,61.782306,至少两人有参赛经历:0.00；三人专业不同:1.00
1,160,47.135647,0.500000,False,0.000000,60.678237,至少两人有参赛经历:0.50；三人专业不同:0.50
1,161,46.474979,0.500000,False,0.000000,57.374894,至少两人有参赛经历:0.50；三人专业不同:0.50
1,162,46.791106,0.500000,False,0.000000,58.955530,至少两人有参赛经历:0.50；三人专业不同:0.50
1,163,67.717824,0.750000,False,0.333333,59.422454,至少两人有参赛经历:0.50；三人专业不同:1.00
1,164,44.905464,0.500000,False,0.000000,49.527320,至少两人有参赛经历:0.50；三人专业不同:0.50
1,165,27.465278,0.250000,False,0.000000,49.826389,至少两人有参赛经历:0.00；三人专业不同:0.50
1,166,27.199044,0.250000,False,0.000000,48.495219,至少两人有参赛经历:0.50；三人专业不同:0.00
1,167,66.996406,0.750000,False,0.333333,55.815366,至少两人有参赛经历:0.50；三人专业不同:1.00
1,168,81.504000,1.000000,True,0.000000,57.520000,至少两人有参赛经历:1.00；三人专业不同:1.00
1,169,84.001140,1.000000,True,0.000000,70.005698,至少两人有参赛经历:1.00；三人专业不同:1.00
1,170,46.683519,0.500000,False,0.000000,58.417595,至少两人有参赛经历:0.50；三人专业不同:0.50
1,171,81.170261,1.000000,True,0.000000,55.851307,至少两人有参赛经历:1.00；三人专业不同:1.00
1,172,83.941808,1.000000,True,0.000000,69.709040,至少两人有参赛经历:1.00；三人专业不同:1.00
1,173,47.036625,0.500000,False,0.333333,43.516461,至少两人有参赛经历:0.00；三人专业不同:1.00
1,174,84.592299,1.000000,True,0.000000,72.961497,至少两人有参赛经历:1.00；三人专业不同:1.00
1,175,84.648791,1.000000,True,0.000000,73.243955,至少两人有参赛经历:1.00；三人专业不同:1.00
6,1,64.155914,0.750000,False,0.000000,58.279570,至少一人有参赛经历:1.00；三人专业不同:0.50
6,2,85.377179,1.000000,True,0.000000,76.885895,至少一人有参赛经历:1.00；三人专业不同:1.00
6,3,46.714559,0.500000,False,0.000000,58.572797,至少一人有参赛经历:1.00；三人专业不同:0.00
6,4,81.496705,1.000000,True,0.000000,57.483524,至少一人有参赛经历:1.00；三人专业不同:1.00
6,5,86.298602,1.000000,True,0.333333,64.826344,至少一人有参赛经历:1.00；三人专业不同:1.00
6,6,64.365679,0.750000,False,0.000000,59.328395,至少一人有参赛经历:1.00；三人专业不同:0.50
6,7,81.390465,1.000000,True,0.000000,56.952327,至少一人有参赛经历:1.00；三人专业不同:1.00
6,8,55.940741,0.500000,False,1.000000,54.703704,至少一人有参赛经历:1.00；三人专业不同:0.00
6,9,86.539853,1.000000,True,0.333333,66.032600,至少一人有参赛经历:1.00；三人专业不同:1.00
6,10,28.916667,0.250000,False,0.000000,57.083333,至少一人有参赛经历:0.00；三人专业不同:0.50
6,11,87.421893,1.000000,True,0.333333,70.442798,至少一人有参赛经历:1.00；三人专业不同:1.00
6,12,66.548043,0.750000,False,0.000000,70.240216,至少一人有参赛经历:1.00；三人专业不同:0.50
6,13,49.348669,0.500000,False,0.333333,55.076676,至少一人有参赛经历:0.00；三人专业不同:1.00
6,14,85.862524,1.000000,True,0.333333,62.645951,至少一人有参赛经历:1.00；三人专业不同:1.00
6,15,87.993665,1.000000,True,0.333333,73.301659,至少一人有参赛经历:1.00；三人专业不同:1.00
6,16,64.848000,0.750000,False,0.000000,61.740000,至少一人有参赛经历:1.00；三人专业不同:0.50
6,17,81.701932,1.000000,True,0.000000,58.509662,至少一人有参赛经历:1.00；三人专业不同:1.00
6,18,48.430707,0.500000,False,0.000000,67.153535,至少一人有参赛经历:1.00；三人专业不同:0.00
6,19,46.453419,0.500000,False,0.000000,57.267094,至少一人有参赛经历:1.00；三人专业不同:0.00
6,20,65.898175,0.750000,False,0.000000,66.990877,至少一人有参赛经历:1.00；三人专业不同:0.50
6,21,24.986793,0.250000,False,0.000000,37.433964,至少一人有参赛经历:0.00；三人专业不同:0.50
6,22,82.969261,1.000000,True,0.000000,64.846307,至少一人有参赛经历:1.00；三人专业不同:1.00
6,23,68.199577,0.750000,False,0.333333,61.831220,至少一人有参赛经历:1.00；三人专业不同:0.50
6,24,28.518382,0.250000,False,0.000000,55.091912,至少一人有参赛经历:0.00；三人专业不同:0.50
6,25,70.355556,0.750000,False,0.666667,55.944444,至少一人有参赛经历:1.00；三人专业不同:0.50
6,26,49.800772,0.500000,False,0.333333,57.337193,至少一人有参赛经历:0.00；三人专业不同:1.00
6,27,27.010719,0.250000,False,0.000000,47.553595,至少一人有参赛经历:0.00；三人专业不同:0.50
6,28,87.985842,1.000000,True,0.333333,73.262542,至少一人有参赛经历:1.00；三人专业不同:1.00
6,29,48.187510,0.500000,False,0.333333,49.270885,至少一人有参赛经历:0.00；三人专业不同:1.00
6,30,85.189316,1.000000,True,0.333333,59.279915,至少一人有参赛经历:1.00；三人专业不同:1.00
6,31,63.775507,0.750000,False,0.000000,56.377536,至少一人有参赛经历:1.00；三人专业不同:0.50
6,32,50.005506,0.500000,False,0.333333,58.360861,至少一人有参赛经历:0.00；三人专业不同:1.00
6,33,82.009970,1.000000,True,0.000000,60.049851,至少一人有参赛经历:1.00；三人专业不同:1.00
6,34,45.084477,0.500000,False,0.000000,50.422386,至少一人有参赛经历:1.00；三人专业不同:0.00
6,35,73.430352,0.750000,False,1.000000,54.651762,至少一人有参赛经历:1.00；三人专业不同:0.50
6,36,72.058347,0.750000,False,0.333333,81.125070,至少一人有参赛经历:1.00；三人专业不同:0.50
6,37,73.946436,0.750000,False,0.666667,73.898846,至少一人有参赛经历:1.00；三人专业不同:0.50
6,38,69.431195,0.750000,False,0.333333,67.989310,至少一人有参赛经历:1.00；三人专业不同:0.50
6,39,80.901144,1.000000,True,0.000000,54.505722,至少一人有参赛经历:1.00；三人专业不同:1.00
6,40,56.077066,0.500000,False,1.000000,55.385332,至少一人有参赛经历:1.00；三人专业不同:0.00
6,41,81.400754,1.000000,True,0.000000,57.003771,至少一人有参赛经历:1.00；三人专业不同:1.00
6,42,30.294510,0.250000,False,0.000000,63.972548,至少一人有参赛经历:0.00；三人专业不同:0.50
6,43,29.281377,0.250000,False,0.000000,58.906887,至少一人有参赛经历:0.00；三人专业不同:0.50
6,44,62.544527,0.750000,False,0.000000,50.222634,至少一人有参赛经历:1.00；三人专业不同:0.50
6,45,85.104091,1.000000,True,0.333333,58.853789,至少一人有参赛经历:1.00；三人专业不同:1.00
6,46,82.645829,1.000000,True,0.000000,63.229143,至少一人有参赛经历:1.00；三人专业不同:1.00
6,47,72.864104,0.750000,False,1.000000,51.820518,至少一人有参赛经历:1.00；三人专业不同:0.50
6,48,7.673946,0.000000,False,0.000000,38.369732,至少一人有参赛经历:0.00；三人专业不同:0.00
6,49,53.478343,0.500000,False,1.000000,42.391714,至少一人有参赛经历:1.00；三人专业不同:0.00
6,50,84.843706,1.000000,True,0.333333,57.551862,至少一人有参赛经历:1.00；三人专业不同:1.00
6,51,28.173125,0.250000,False,0.000000,53.365623,至少一人有参赛经历:0.00；三人专业不同:0.50
6,52,69.067544,0.750000,False,0.666667,49.504388,至少一人有参赛经历:1.00；三人专业不同:0.50
6,53,56.925203,0.500000,False,1.000000,59.626016,至少一人有参赛经历:1.00；三人专业不同:0.00
6,54,43.322137,0.500000,False,0.000000,41.610684,至少一人有参赛经历:0.00；三人专业不同:1.00
6,55,45.402207,0.500000,False,0.000000,52.011036,至少一人有参赛经历:0.00；三人专业不同:1.00
6,56,58.364236,0.500000,False,1.000000,66.821181,至少一人有参赛经历:1.00；三人专业不同:0.00
6,57,10.097826,0.000000,False,0.000000,50.489130,至少一人有参赛经历:0.00；三人专业不同:0.00
6,58,72.061878,0.750000,False,0.666667,64.476057,至少一人有参赛经历:1.00；三人专业不同:0.50
6,59,40.056364,0.250000,False,1.000000,62.781822,至少一人有参赛经历:0.00；三人专业不同:0.50
6,60,66.270180,0.750000,False,0.000000,68.850902,至少一人有参赛经历:1.00；三人专业不同:0.50
6,61,83.573325,1.000000,True,0.000000,67.866626,至少一人有参赛经历:1.00；三人专业不同:1.00
6,62,85.766333,1.000000,True,0.333333,62.164997,至少一人有参赛经历:1.00；三人专业不同:1.00
6,63,84.067512,1.000000,True,0.000000,70.337558,至少一人有参赛经历:1.00；三人专业不同:1.00
6,64,79.987440,1.000000,True,0.000000,49.937198,至少一人有参赛经历:1.00；三人专业不同:1.00
6,65,55.716328,0.500000,False,1.000000,53.581640,至少一人有参赛经历:1.00；三人专业不同:0.00
6,66,48.643148,0.500000,False,0.000000,68.215738,至少一人有参赛经历:1.00；三人专业不同:0.00
6,67,65.741300,0.750000,False,0.000000,66.206500,至少一人有参赛经历:1.00；三人专业不同:0.50
6,68,66.954998,0.750000,False,0.000000,72.274990,至少一人有参赛经历:1.00；三人专业不同:0.50
6,69,64.823177,0.750000,False,0.000000,61.615885,至少一人有参赛经历:1.00；三人专业不同:0.50
6,70,83.244029,1.000000,True,0.000000,66.220147,至少一人有参赛经历:1.00；三人专业不同:1.00
6,71,84.977333,1.000000,True,0.333333,58.220000,至少一人有参赛经历:1.00；三人专业不同:1.00
6,72,65.735479,0.750000,False,0.000000,66.177397,至少一人有参赛经历:1.00；三人专业不同:0.50
6,73,65.770131,0.750000,False,0.000000,66.350653,至少一人有参赛经历:1.00；三人专业不同:0.50
6,74,85.207844,1.000000,True,0.333333,59.372551,至少一人有参赛经历:1.00；三人专业不同:1.00
6,75,72.758945,0.750000,False,1.000000,51.294727,至少一人有参赛经历:1.00；三人专业不同:0.50
6,76,50.239130,0.500000,False,0.000000,76.195652,至少一人有参赛经历:1.00；三人专业不同:0.00
6,77,28.770808,0.250000,False,0.000000,56.354040,至少一人有参赛经历:0.00；三人专业不同:0.50
6,78,83.015835,1.000000,True,0.000000,65.079177,至少一人有参赛经历:1.00；三人专业不同:1.00
6,79,65.145363,0.750000,False,0.000000,63.226815,至少一人有参赛经历:1.00；三人专业不同:0.50
6,80,83.553354,1.000000,True,0.000000,67.766771,至少一人有参赛经历:1.00；三人专业不同:1.00
6,81,83.754898,1.000000,True,0.000000,68.774492,至少一人有参赛经历:1.00；三人专业不同:1.00
6,82,29.221527,0.250000,False,0.000000,58.607634,至少一人有参赛经历:0.00；三人专业不同:0.50
6,83,63.412500,0.750000,False,0.000000,54.562500,至少一人有参赛经历:1.00；三人专业不同:0.50
6,84,83.247144,1.000000,True,0.333333,49.569054,至少一人有参赛经历:1.00；三人专业不同:1.00
6,85,64.468220,0.750000,False,0.000000,59.841102,至少一人有参赛经历:1.00；三人专业不同:0.50
6,86,65.282502,0.750000,False,0.000000,63.912512,至少一人有参赛经历:1.00；三人专业不同:0.50
6,87,82.608070,1.000000,True,0.000000,63.040351,至少一人有参赛经历:1.00；三人专业不同:1.00
6,88,62.757151,0.750000,False,0.000000,51.285757,至少一人有参赛经历:1.00；三人专业不同:0.50
6,89,72.070789,0.750000,False,0.666667,64.520609,至少一人有参赛经历:1.00；三人专业不同:0.50
6,90,81.272164,1.000000,True,0.000000,56.360820,至少一人有参赛经历:1.00；三人专业不同:1.00
6,91,46.932151,0.500000,False,0.000000,59.660754,至少一人有参赛经历:1.00；三人专业不同:0.00
6,92,89.700000,1.000000,True,0.666667,65.166667,至少一人有参赛经历:1.00；三人专业不同:1.00
6,93,87.322786,1.000000,True,0.333333,69.947262,至少一人有参赛经历:1.00；三人专业不同:1.00
6,94,49.815960,0.500000,False,0.000000,74.079798,至少一人有参赛经历:1.00；三人专业不同:0.00
6,95,81.239017,1.000000,True,0.000000,56.195083,至少一人有参赛经历:1.00；三人专业不同:1.00
6,96,65.444414,0.750000,False,0.000000,64.722072,至少一人有参赛经历:1.00；三人专业不同:0.50
6,97,64.535185,0.750000,False,0.000000,60.175926,至少一人有参赛经历:1.00；三人专业不同:0.50
6,98,47.579347,0.500000,False,0.000000,62.896737,至少一人有参赛经历:1.00；三人专业不同:0.00
6,99,30.318889,0.250000,False,0.333333,47.427778,至少一人有参赛经历:0.00；三人专业不同:0.50
6,100,68.803060,0.750000,False,0.333333,64.848631,至少一人有参赛经历:1.00；三人专业不同:0.50
6,101,51.888526,0.500000,False,0.666667,51.109295,至少一人有参赛经历:0.00；三人专业不同:1.00
6,102,66.639566,0.750000,False,0.000000,70.697829,至少一人有参赛经历:1.00；三人专业不同:0.50
6,103,69.893674,0.750000,False,0.333333,70.301705,至少一人有参赛经历:1.00；三人专业不同:0.50
6,104,89.514058,1.000000,True,0.666667,64.236959,至少一人有参赛经历:1.00；三人专业不同:1.00
6,105,47.154902,0.500000,False,0.000000,60.774510,至少一人有参赛经历:1.00；三人专业不同:0.00
6,106,50.436158,0.500000,False,0.000000,77.180791,至少一人有参赛经历:1.00；三人专业不同:0.00
6,107,83.698142,1.000000,True,0.333333,51.824044,至少一人有参赛经历:1.00；三人专业不同:1.00
6,108,83.536704,1.000000,True,0.000000,67.683520,至少一人有参赛经历:1.00；三人专业不同:1.00
6,109,67.999548,0.750000,False,0.333333,60.831075,至少一人有参赛经历:1.00；三人专业不同:0.50
6,110,29.273892,0.250000,False,0.000000,58.869458,至少一人有参赛经历:0.00；三人专业不同:0.50
6,111,11.880796,0.000000,False,0.000000,59.403978,至少一人有参赛经历:0.00；三人专业不同:0.00
6,112,68.015954,0.750000,False,0.000000,77.579772,至少一人有参赛经历:1.00；三人专业不同:0.50
6,113,26.496239,0.250000,False,0.000000,44.981197,至少一人有参赛经历:0.00；三人专业不同:0.50
6,114,46.476296,0.500000,False,0.000000,57.381481,至少一人有参赛经历:0.00；三人专业不同:1.00
6,115,83.325523,1.000000,True,0.000000,66.627616,至少一人有参赛经历:1.00；三人专业不同:1.00
6,116,68.161111,0.750000,False,0.333333,61.638889,至少一人有参赛经历:1.00；三人专业不同:0.50
6,117,49.552342,0.500000,False,0.333333,56.095041,至少一人有参赛经历:0.00；三人专业不同:1.00
6,118,83.646221,1.000000,True,0.000000,68.231103,至少一人有参赛经历:1.00；三人专业不同:1.00
6,119,84.760784,1.000000,True,0.333333,57.137255,至少一人有参赛经历:1.00；三人专业不同:1.00
6,120,84.388933,1.000000,True,0.333333,55.278000,至少一人有参赛经历:1.00；三人专业不同:1.00
6,121,89.412691,1.000000,True,0.666667,63.730120,至少一人有参赛经历:1.00；三人专业不同:1.00
6,122,47.884162,0.500000,False,0.000000,64.420812,至少一人有参赛经历:1.00；三人专业不同:0.00
6,123,66.142499,0.750000,False,0.000000,68.212496,至少一人有参赛经历:1.00；三人专业不同:0.50
6,124,31.506222,0.250000,False,0.333333,53.364441,至少一人有参赛经历:0.00；三人专业不同:0.50
6,125,33.110718,0.250000,False,0.333333,61.386923,至少一人有参赛经历:0.00；三人专业不同:0.50
6,126,70.306332,0.750000,False,0.666667,55.698327,至少一人有参赛经历:1.00；三人专业不同:0.50
6,127,74.421701,0.750000,False,1.000000,59.608507,至少一人有参赛经历:1.00；三人专业不同:0.50
6,128,85.180222,1.000000,True,0.333333,59.234443,至少一人有参赛经历:1.00；三人专业不同:1.00
6,129,68.249724,0.750000,False,0.666667,45.415285,至少一人有参赛经历:1.00；三人专业不同:0.50
6,130,70.657193,0.750000,False,0.333333,74.119297,至少一人有参赛经历:1.00；三人专业不同:0.50
6,131,82.057675,1.000000,True,0.000000,60.288377,至少一人有参赛经历:1.00；三人专业不同:1.00
6,132,90.139319,1.000000,True,0.666667,67.363260,至少一人有参赛经历:1.00；三人专业不同:1.00
6,133,70.836166,0.750000,False,0.666667,58.347495,至少一人有参赛经历:1.00；三人专业不同:0.50
6,134,47.111029,0.500000,False,0.000000,60.555147,至少一人有参赛经历:1.00；三人专业不同:0.00
6,135,48.214976,0.500000,False,0.000000,66.074879,至少一人有参赛经历:1.00；三人专业不同:0.00
6,136,35.318668,0.250000,False,0.666667,55.760009,至少一人有参赛经历:0.00；三人专业不同:0.50
6,137,72.270255,0.750000,False,0.666667,65.517940,至少一人有参赛经历:1.00；三人专业不同:0.50
6,138,88.859022,1.000000,True,0.333333,77.628444,至少一人有参赛经历:1.00；三人专业不同:1.00
6,139,81.869091,1.000000,True,0.000000,59.345455,至少一人有参赛经历:1.00；三人专业不同:1.00
6,140,81.278794,1.000000,True,0.000000,56.393970,至少一人有参赛经历:1.00；三人专业不同:1.00
6,141,89.154722,1.000000,True,0.666667,62.440275,至少一人有参赛经历:1.00；三人专业不同:1.00
6,142,27.426924,0.250000,False,0.000000,49.634622,至少一人有参赛经历:0.00；三人专业不同:0.50
6,143,66.824667,0.750000,False,0.000000,71.623336,至少一人有参赛经历:1.00；三人专业不同:0.50
6,144,69.796111,0.750000,False,0.666667,53.147222,至少一人有参赛经历:1.00；三人专业不同:0.50
6,145,82.693539,1.000000,True,0.000000,63.467693,至少一人有参赛经历:1.00；三人专业不同:1.00
6,146,46.275244,0.500000,False,0.000000,56.376220,至少一人有参赛经历:1.00；三人专业不同:0.00
6,147,86.003157,1.000000,True,0.333333,63.349119,至少一人有参赛经历:1.00；三人专业不同:1.00
6,148,30.179218,0.250000,False,0.000000,63.396090,至少一人有参赛经历:0.00；三人专业不同:0.50
6,149,66.449108,0.750000,False,0.000000,69.745540,至少一人有参赛经历:1.00；三人专业不同:0.50
6,150,9.988889,0.000000,False,0.000000,49.944444,至少一人有参赛经历:0.00；三人专业不同:0.00
6,151,71.660000,0.750000,False,0.666667,62.466667,至少一人有参赛经历:1.00；三人专业不同:0.50
6,152,84.553046,1.000000,True,0.333333,56.098563,至少一人有参赛经历:1.00；三人专业不同:1.00
6,153,85.858132,1.000000,True,0.333333,62.623994,至少一人有参赛经历:1.00；三人专业不同:1.00
6,154,9.816764,0.000000,False,0.000000,49.083821,至少一人有参赛经历:0.00；三人专业不同:0.00
6,155,48.116129,0.500000,False,0.000000,65.580645,至少一人有参赛经历:1.00；三人专业不同:0.00
6,156,82.494885,1.000000,True,0.000000,62.474425,至少一人有参赛经历:1.00；三人专业不同:1.00
6,157,84.709300,1.000000,True,0.000000,73.546498,至少一人有参赛经历:1.00；三人专业不同:1.00
6,158,71.485685,0.750000,False,0.666667,61.595090,至少一人有参赛经历:1.00；三人专业不同:0.50
6,159,47.356461,0.500000,False,0.000000,61.782306,至少一人有参赛经历:0.00；三人专业不同:1.00
6,160,64.635647,0.750000,False,0.000000,60.678237,至少一人有参赛经历:1.00；三人专业不同:0.50
6,161,63.974979,0.750000,False,0.000000,57.374894,至少一人有参赛经历:1.00；三人专业不同:0.50
6,162,70.957773,0.750000,False,0.666667,58.955530,至少一人有参赛经历:1.00；三人专业不同:0.50
6,163,85.217824,1.000000,True,0.333333,59.422454,至少一人有参赛经历:1.00；三人专业不同:1.00
6,164,62.405464,0.750000,False,0.000000,49.527320,至少一人有参赛经历:1.00；三人专业不同:0.50
6,165,27.465278,0.250000,False,0.000000,49.826389,至少一人有参赛经历:0.00；三人专业不同:0.50
6,166,44.699044,0.500000,False,0.000000,48.495219,至少一人有参赛经历:1.00；三人专业不同:0.00
6,167,84.496406,1.000000,True,0.333333,55.815366,至少一人有参赛经历:1.00；三人专业不同:1.00
6,168,84.837333,1.000000,True,0.333333,57.520000,至少一人有参赛经历:1.00；三人专业不同:1.00
6,169,87.334473,1.000000,True,0.333333,70.005698,至少一人有参赛经历:1.00；三人专业不同:1.00
6,170,70.850186,0.750000,False,0.666667,58.417595,至少一人有参赛经历:1.00；三人专业不同:0.50
6,171,84.503595,1.000000,True,0.333333,55.851307,至少一人有参赛经历:1.00；三人专业不同:1.00
6,172,87.275141,1.000000,True,0.333333,69.709040,至少一人有参赛经历:1.00；三人专业不同:1.00
6,173,47.036625,0.500000,False,0.333333,43.516461,至少一人有参赛经历:0.00；三人专业不同:1.00
6,174,87.925633,1.000000,True,0.333333,72.961497,至少一人有参赛经历:1.00；三人专业不同:1.00
6,175,87.982124,1.000000,True,0.333333,73.243955,至少一人有参赛经历:1.00；三人专业不同:1.00
5,1,79.989247,0.833333,False,1.000000,58.279570,三人排名前30%:1.00；三人均为二年级以上:0.67
5,2,83.710512,0.833333,False,1.000000,76.885895,三人排名前30%:1.00；三人均为二年级以上:0.67
5,3,45.047893,0.333333,False,1.000000,58.572797,三人排名前30%:0.00；三人均为二年级以上:0.67
5,4,56.496705,0.500000,False,1.000000,57.483524,三人排名前30%:0.00；三人均为二年级以上:1.00
5,5,69.631935,0.666667,False,1.000000,64.826344,三人排名前30%:0.67；三人均为二年级以上:0.67
5,6,80.199012,0.833333,False,1.000000,59.328395,三人排名前30%:1.00；三人均为二年级以上:0.67
5,7,68.057132,0.666667,False,1.000000,56.952327,三人排名前30%:0.67；三人均为二年级以上:0.67
5,8,67.607407,0.666667,False,1.000000,54.703704,三人排名前30%:0.33；三人均为二年级以上:1.00
5,9,81.539853,0.833333,False,1.000000,66.032600,三人排名前30%:0.67；三人均为二年级以上:1.00
5,10,68.083333,0.666667,False,1.000000,57.083333,三人排名前30%:0.67；三人均为二年级以上:0.67
5,11,82.421893,0.833333,False,1.000000,70.442798,三人排名前30%:0.67；三人均为二年级以上:1.00
5,12,82.381377,0.833333,False,1.000000,70.240216,三人排名前30%:0.67；三人均为二年级以上:1.00
5,13,67.682002,0.666667,False,1.000000,55.076676,三人排名前30%:1.00；三人均为二年级以上:0.33
5,14,80.862524,0.833333,False,1.000000,62.645951,三人排名前30%:0.67；三人均为二年级以上:1.00
5,15,94.660332,1.000000,True,1.000000,73.301659,三人排名前30%:1.00；三人均为二年级以上:1.00
5,16,80.681333,0.833333,False,1.000000,61.740000,三人排名前30%:1.00；三人均为二年级以上:0.67
5,17,68.368599,0.666667,False,1.000000,58.509662,三人排名前30%:1.00；三人均为二年级以上:0.33
5,18,70.097374,0.666667,False,1.000000,67.153535,三人排名前30%:0.67；三人均为二年级以上:0.67
5,19,68.120085,0.666667,False,1.000000,57.267094,三人排名前30%:0.67；三人均为二年级以上:0.67
5,20,93.398175,1.000000,True,1.000000,66.990877,三人排名前30%:1.00；三人均为二年级以上:1.00
5,21,29.153460,0.166667,False,1.000000,37.433964,三人排名前30%:0.00；三人均为二年级以上:0.33
5,22,81.302595,0.833333,False,1.000000,64.846307,三人排名前30%:1.00；三人均为二年级以上:0.67
5,23,57.366244,0.500000,False,1.000000,61.831220,三人排名前30%:0.33；三人均为二年级以上:0.67
5,24,67.685049,0.666667,False,1.000000,55.091912,三人排名前30%:1.00；三人均为二年级以上:0.33
5,25,67.855556,0.666667,False,1.000000,55.944444,三人排名前30%:0.33；三人均为二年级以上:1.00
5,26,79.800772,0.833333,False,1.000000,57.337193,三人排名前30%:1.00；三人均为二年级以上:0.67
5,27,42.844052,0.333333,False,1.000000,47.553595,三人排名前30%:0.33；三人均为二年级以上:0.33
5,28,82.985842,0.833333,False,1.000000,73.262542,三人排名前30%:0.67；三人均为二年级以上:1.00
5,29,54.854177,0.500000,False,1.000000,49.270885,三人排名前30%:0.33；三人均为二年级以上:0.67
5,30,80.189316,0.833333,False,1.000000,59.279915,三人排名前30%:0.67；三人均为二年级以上:1.00
5,31,56.275507,0.500000,False,1.000000,56.377536,三人排名前30%:0.67；三人均为二年级以上:0.33
5,32,68.338839,0.666667,False,1.000000,58.360861,三人排名前30%:0.67；三人均为二年级以上:0.67
5,33,68.676637,0.666667,False,1.000000,60.049851,三人排名前30%:0.67；三人均为二年级以上:0.67
5,34,43.417810,0.333333,False,1.000000,50.422386,三人排名前30%:0.00；三人均为二年级以上:0.67
5,35,67.597019,0.666667,False,1.000000,54.651762,三人排名前30%:0.67；三人均为二年级以上:0.67
5,36,96.225014,1.000000,True,1.000000,81.125070,三人排名前30%:1.00；三人均为二年级以上:1.00
5,37,94.779769,1.000000,True,1.000000,73.898846,三人排名前30%:1.00；三人均为二年级以上:1.00
5,38,93.597862,1.000000,True,1.000000,67.989310,三人排名前30%:1.00；三人均为二年级以上:1.00
5,39,55.901144,0.500000,False,1.000000,54.505722,三人排名前30%:0.33；三人均为二年级以上:0.67
5,40,44.410400,0.333333,False,1.000000,55.385332,三人排名前30%:0.00；三人均为二年级以上:0.67
5,41,56.400754,0.500000,False,1.000000,57.003771,三人排名前30%:0.00；三人均为二年级以上:1.00
5,42,81.127843,0.833333,False,1.000000,63.972548,三人排名前30%:1.00；三人均为二年级以上:0.67
5,43,80.114711,0.833333,False,1.000000,58.906887,三人排名前30%:0.67；三人均为二年级以上:1.00
5,44,55.044527,0.500000,False,1.000000,50.222634,三人排名前30%:0.67；三人均为二年级以上:0.33
5,45,68.437425,0.666667,False,1.000000,58.853789,三人排名前30%:0.67；三人均为二年级以上:0.67
5,46,69.312495,0.666667,False,1.000000,63.229143,三人排名前30%:0.33；三人均为二年级以上:1.00
5,47,43.697437,0.333333,False,1.000000,51.820518,三人排名前30%:0.33；三人均为二年级以上:0.33
5,48,41.007280,0.333333,False,1.000000,38.369732,三人排名前30%:0.00；三人均为二年级以上:0.67
5,49,30.145009,0.166667,False,1.000000,42.391714,三人排名前30%:0.00；三人均为二年级以上:0.33
5,50,56.510372,0.500000,False,1.000000,57.551862,三人排名前30%:0.33；三人均为二年级以上:0.67
5,51,55.673125,0.500000,False,1.000000,53.365623,三人排名前30%:1.00；三人均为二年级以上:0.00
5,52,43.234211,0.333333,False,1.000000,49.504388,三人排名前30%:0.33；三人均为二年级以上:0.33
5,53,68.591870,0.666667,False,1.000000,59.626016,三人排名前30%:1.00；三人均为二年级以上:0.33
5,54,53.322137,0.500000,False,1.000000,41.610684,三人排名前30%:0.33；三人均为二年级以上:0.67
5,55,55.402207,0.500000,False,1.000000,52.011036,三人排名前30%:0.67；三人均为二年级以上:0.33
5,56,70.030903,0.666667,False,1.000000,66.821181,三人排名前30%:0.67；三人均为二年级以上:0.67
5,57,66.764493,0.666667,False,1.000000,50.489130,三人排名前30%:0.67；三人均为二年级以上:0.67
5,58,81.228545,0.833333,False,1.000000,64.476057,三人排名前30%:1.00；三人均为二年级以上:0.67
5,59,92.556364,1.000000,True,1.000000,62.781822,三人排名前30%:1.00；三人均为二年级以上:1.00
5,60,93.770180,1.000000,True,1.000000,68.850902,三人排名前30%:1.00；三人均为二年级以上:1.00
5,61,93.573325,1.000000,True,1.000000,67.866626,三人排名前30%:1.00；三人均为二年级以上:1.00
5,62,80.766333,0.833333,False,1.000000,62.164997,三人排名前30%:1.00；三人均为二年级以上:0.67
5,63,82.400845,0.833333,False,1.000000,70.337558,三人排名前30%:1.00；三人均为二年级以上:0.67
5,64,43.320773,0.333333,False,1.000000,49.937198,三人排名前30%:0.33；三人均为二年级以上:0.33
5,65,55.716328,0.500000,False,1.000000,53.581640,三人排名前30%:0.67；三人均为二年级以上:0.33
5,66,81.976481,0.833333,False,1.000000,68.215738,三人排名前30%:1.00；三人均为二年级以上:0.67
5,67,81.574633,0.833333,False,1.000000,66.206500,三人排名前30%:0.67；三人均为二年级以上:1.00
5,68,94.454998,1.000000,True,1.000000,72.274990,三人排名前30%:1.00；三人均为二年级以上:1.00
5,69,68.989844,0.666667,False,1.000000,61.615885,三人排名前30%:0.67；三人均为二年级以上:0.67
5,70,81.577363,0.833333,False,1.000000,66.220147,三人排名前30%:1.00；三人均为二年级以上:0.67
5,71,79.977333,0.833333,False,1.000000,58.220000,三人排名前30%:0.67；三人均为二年级以上:1.00
5,72,69.902146,0.666667,False,1.000000,66.177397,三人排名前30%:0.67；三人均为二年级以上:0.67
5,73,81.603464,0.833333,False,1.000000,66.350653,三人排名前30%:1.00；三人均为二年级以上:0.67
5,74,68.541177,0.666667,False,1.000000,59.372551,三人排名前30%:1.00；三人均为二年级以上:0.33
5,75,43.592279,0.333333,False,1.000000,51.294727,三人排名前30%:0.33；三人均为二年级以上:0.33
5,76,95.239130,1.000000,True,1.000000,76.195652,三人排名前30%:1.00；三人均为二年级以上:1.00
5,77,67.937475,0.666667,False,1.000000,56.354040,三人排名前30%:1.00；三人均为二年级以上:0.33
5,78,69.682502,0.666667,False,1.000000,65.079177,三人排名前30%:0.33；三人均为二年级以上:1.00
5,79,92.645363,1.000000,True,1.000000,63.226815,三人排名前30%:1.00；三人均为二年级以上:1.00
5,80,70.220021,0.666667,False,1.000000,67.766771,三人排名前30%:0.67；三人均为二年级以上:0.67
5,81,82.088232,0.833333,False,1.000000,68.774492,三人排名前30%:1.00；三人均为二年级以上:0.67
5,82,68.388193,0.666667,False,1.000000,58.607634,三人排名前30%:1.00；三人均为二年级以上:0.33
5,83,55.912500,0.500000,False,1.000000,54.562500,三人排名前30%:0.33；三人均为二年级以上:0.67
5,84,43.247144,0.333333,False,1.000000,49.569054,三人排名前30%:0.00；三人均为二年级以上:0.67
5,85,68.634887,0.666667,False,1.000000,59.841102,三人排名前30%:0.67；三人均为二年级以上:0.67
5,86,81.115836,0.833333,False,1.000000,63.912512,三人排名前30%:1.00；三人均为二年级以上:0.67
5,87,80.941403,0.833333,False,1.000000,63.040351,三人排名前30%:1.00；三人均为二年级以上:0.67
5,88,66.923818,0.666667,False,1.000000,51.285757,三人排名前30%:0.67；三人均为二年级以上:0.67
5,89,92.904122,1.000000,True,1.000000,64.520609,三人排名前30%:1.00；三人均为二年级以上:1.00
5,90,56.272164,0.500000,False,1.000000,56.360820,三人排名前30%:0.33；三人均为二年级以上:0.67
5,91,80.265484,0.833333,False,1.000000,59.660754,三人排名前30%:0.67；三人均为二年级以上:1.00
5,92,81.366667,0.833333,False,1.000000,65.166667,三人排名前30%:1.00；三人均为二年级以上:0.67
5,93,70.656119,0.666667,False,1.000000,69.947262,三人排名前30%:0.67；三人均为二年级以上:0.67
5,94,83.149293,0.833333,False,1.000000,74.079798,三人排名前30%:1.00；三人均为二年级以上:0.67
5,95,67.905683,0.666667,False,1.000000,56.195083,三人排名前30%:0.67；三人均为二年级以上:0.67
5,96,69.611081,0.666667,False,1.000000,64.722072,三人排名前30%:0.67；三人均为二年级以上:0.67
5,97,68.701852,0.666667,False,1.000000,60.175926,三人排名前30%:0.67；三人均为二年级以上:0.67
5,98,80.912681,0.833333,False,1.000000,62.896737,三人排名前30%:0.67；三人均为二年级以上:1.00
5,99,42.818889,0.333333,False,1.000000,47.427778,三人排名前30%:0.33；三人均为二年级以上:0.33
5,100,81.303060,0.833333,False,1.000000,64.848631,三人排名前30%:1.00；三人均为二年级以上:0.67
5,101,66.888526,0.666667,False,1.000000,51.109295,三人排名前30%:0.67；三人均为二年级以上:0.67
5,102,94.139566,1.000000,True,1.000000,70.697829,三人排名前30%:1.00；三人均为二年级以上:1.00
5,103,70.727008,0.666667,False,1.000000,70.301705,三人排名前30%:0.33；三人均为二年级以上:1.00
5,104,81.180725,0.833333,False,1.000000,64.236959,三人排名前30%:1.00；三人均为二年级以上:0.67
5,105,80.488235,0.833333,False,1.000000,60.774510,三人排名前30%:0.67；三人均为二年级以上:1.00
5,106,83.769492,0.833333,False,1.000000,77.180791,三人排名前30%:0.67；三人均为二年级以上:1.00
5,107,55.364809,0.500000,False,1.000000,51.824044,三人排名前30%:0.67；三人均为二年级以上:0.33
5,108,70.203371,0.666667,False,1.000000,67.683520,三人排名前30%:0.33；三人均为二年级以上:1.00
5,109,80.499548,0.833333,False,1.000000,60.831075,三人排名前30%:0.67；三人均为二年级以上:1.00
5,110,68.440558,0.666667,False,1.000000,58.869458,三人排名前30%:0.67；三人均为二年级以上:0.67
5,111,80.214129,0.833333,False,1.000000,59.403978,三人排名前30%:1.00；三人均为二年级以上:0.67
5,112,95.515954,1.000000,True,1.000000,77.579772,三人排名前30%:1.00；三人均为二年级以上:1.00
5,113,42.329573,0.333333,False,1.000000,44.981197,三人排名前30%:0.00；三人均为二年级以上:0.67
5,114,68.142963,0.666667,False,1.000000,57.381481,三人排名前30%:1.00；三人均为二年级以上:0.33
5,115,69.992190,0.666667,False,1.000000,66.627616,三人排名前30%:0.33；三人均为二年级以上:1.00
5,116,68.994444,0.666667,False,1.000000,61.638889,三人排名前30%:0.67；三人均为二年级以上:0.67
5,117,79.552342,0.833333,False,1.000000,56.095041,三人排名前30%:0.67；三人均为二年级以上:1.00
5,118,70.312887,0.666667,False,1.000000,68.231103,三人排名前30%:0.33；三人均为二年级以上:1.00
5,119,68.094118,0.666667,False,1.000000,57.137255,三人排名前30%:0.67；三人均为二年级以上:0.67
5,120,67.722267,0.666667,False,1.000000,55.278000,三人排名前30%:0.33；三人均为二年级以上:1.00
5,121,69.412691,0.666667,False,1.000000,63.730120,三人排名前30%:0.67；三人均为二年级以上:0.67
5,122,81.217496,0.833333,False,1.000000,64.420812,三人排名前30%:1.00；三人均为二年级以上:0.67
5,123,81.975833,0.833333,False,1.000000,68.212496,三人排名前30%:0.67；三人均为二年级以上:1.00
5,124,67.339555,0.666667,False,1.000000,53.364441,三人排名前30%:1.00；三人均为二年级以上:0.33
5,125,80.610718,0.833333,False,1.000000,61.386923,三人排名前30%:1.00；三人均为二年级以上:0.67
5,126,67.806332,0.666667,False,1.000000,55.698327,三人排名前30%:0.33；三人均为二年级以上:1.00
5,127,56.921701,0.500000,False,1.000000,59.608507,三人排名前30%:0.00；三人均为二年级以上:1.00
5,128,68.513555,0.666667,False,1.000000,59.234443,三人排名前30%:0.67；三人均为二年级以上:0.67
5,129,54.083057,0.500000,False,1.000000,45.415285,三人排名前30%:0.33；三人均为二年级以上:0.67
5,130,94.823859,1.000000,True,1.000000,74.119297,三人排名前30%:1.00；三人均为二年级以上:1.00
5,131,68.724342,0.666667,False,1.000000,60.288377,三人排名前30%:0.67；三人均为二年级以上:0.67
5,132,81.805985,0.833333,False,1.000000,67.363260,三人排名前30%:0.67；三人均为二年级以上:1.00
5,133,68.336166,0.666667,False,1.000000,58.347495,三人排名前30%:0.33；三人均为二年级以上:1.00
5,134,68.777696,0.666667,False,1.000000,60.555147,三人排名前30%:0.33；三人均为二年级以上:1.00
5,135,81.548309,0.833333,False,1.000000,66.074879,三人排名前30%:0.67；三人均为二年级以上:1.00
5,136,67.818668,0.666667,False,1.000000,55.760009,三人排名前30%:1.00；三人均为二年级以上:0.33
5,137,69.770255,0.666667,False,1.000000,65.517940,三人排名前30%:0.67；三人均为二年级以上:0.67
5,138,95.525689,1.000000,True,1.000000,77.628444,三人排名前30%:1.00；三人均为二年级以上:1.00
5,139,68.535758,0.666667,False,1.000000,59.345455,三人排名前30%:1.00；三人均为二年级以上:0.33
5,140,67.945461,0.666667,False,1.000000,56.393970,三人排名前30%:0.67；三人均为二年级以上:0.67
5,141,57.488055,0.500000,False,1.000000,62.440275,三人排名前30%:0.00；三人均为二年级以上:1.00
5,142,66.593591,0.666667,False,1.000000,49.634622,三人排名前30%:0.67；三人均为二年级以上:0.67
5,143,82.658001,0.833333,False,1.000000,71.623336,三人排名前30%:1.00；三人均为二年级以上:0.67
5,144,43.962778,0.333333,False,1.000000,53.147222,三人排名前30%:0.33；三人均为二年级以上:0.33
5,145,81.026872,0.833333,False,1.000000,63.467693,三人排名前30%:1.00；三人均为二年级以上:0.67
5,146,67.941911,0.666667,False,1.000000,56.376220,三人排名前30%:0.67；三人均为二年级以上:0.67
5,147,81.003157,0.833333,False,1.000000,63.349119,三人排名前30%:1.00；三人均为二年级以上:0.67
5,148,81.012551,0.833333,False,1.000000,63.396090,三人排名前30%:0.67；三人均为二年级以上:1.00
5,149,93.949108,1.000000,True,1.000000,69.745540,三人排名前30%:1.00；三人均为二年级以上:1.00
5,150,54.988889,0.500000,False,1.000000,49.944444,三人排名前30%:1.00；三人均为二年级以上:0.00
5,151,69.160000,0.666667,False,1.000000,62.466667,三人排名前30%:0.67；三人均为二年级以上:0.67
5,152,67.886379,0.666667,False,1.000000,56.098563,三人排名前30%:0.67；三人均为二年级以上:0.67
5,153,80.858132,0.833333,False,1.000000,62.623994,三人排名前30%:0.67；三人均为二年级以上:1.00
5,154,54.816764,0.500000,False,1.000000,49.083821,三人排名前30%:0.67；三人均为二年级以上:0.33
5,155,93.116129,1.000000,True,1.000000,65.580645,三人排名前30%:1.00；三人均为二年级以上:1.00
5,156,69.161552,0.666667,False,1.000000,62.474425,三人排名前30%:0.67；三人均为二年级以上:0.67
5,157,83.042633,0.833333,False,1.000000,73.546498,三人排名前30%:0.67；三人均为二年级以上:1.00
5,158,68.985685,0.666667,False,1.000000,61.595090,三人排名前30%:0.67；三人均为二年级以上:0.67
5,159,92.356461,1.000000,True,1.000000,61.782306,三人排名前30%:1.00；三人均为二年级以上:1.00
5,160,80.468981,0.833333,False,1.000000,60.678237,三人排名前30%:0.67；三人均为二年级以上:1.00
5,161,68.141646,0.666667,False,1.000000,57.374894,三人排名前30%:1.00；三人均为二年级以上:0.33
5,162,56.791106,0.500000,False,1.000000,58.955530,三人排名前30%:0.67；三人均为二年级以上:0.33
5,163,68.551157,0.666667,False,1.000000,59.422454,三人排名前30%:0.67；三人均为二年级以上:0.67
5,164,43.238797,0.333333,False,1.000000,49.527320,三人排名前30%:0.33；三人均为二年级以上:0.33
5,165,54.965278,0.500000,False,1.000000,49.826389,三人排名前30%:0.67；三人均为二年级以上:0.33
5,166,54.699044,0.500000,False,1.000000,48.495219,三人排名前30%:0.33；三人均为二年级以上:0.67
5,167,67.829740,0.666667,False,1.000000,55.815366,三人排名前30%:0.67；三人均为二年级以上:0.67
5,168,56.504000,0.500000,False,1.000000,57.520000,三人排名前30%:0.33；三人均为二年级以上:0.67
5,169,82.334473,0.833333,False,1.000000,70.005698,三人排名前30%:1.00；三人均为二年级以上:0.67
5,170,56.683519,0.500000,False,1.000000,58.417595,三人排名前30%:0.67；三人均为二年级以上:0.33
5,171,56.170261,0.500000,False,1.000000,55.851307,三人排名前30%:0.33；三人均为二年级以上:0.67
5,172,70.608475,0.666667,False,1.000000,69.709040,三人排名前30%:0.67；三人均为二年级以上:0.67
5,173,42.036625,0.333333,False,1.000000,43.516461,三人排名前30%:0.67；三人均为二年级以上:0.00
5,174,82.925633,0.833333,False,1.000000,72.961497,三人排名前30%:1.00；三人均为二年级以上:0.67
5,175,82.982124,0.833333,False,1.000000,73.243955,三人排名前30%:1.00；三人均为二年级以上:0.67
3,1,91.655914,1.000000,True,1.000000,58.279570,至少一人有参赛经历:1.00；三人排名前50%:1.00
3,2,95.377179,1.000000,True,1.000000,76.885895,至少一人有参赛经历:1.00；三人排名前50%:1.00
3,3,80.047893,0.833333,False,1.000000,58.572797,至少一人有参赛经历:1.00；三人排名前50%:0.67
3,4,68.163371,0.666667,False,1.000000,57.483524,至少一人有参赛经历:1.00；三人排名前50%:0.33
3,5,81.298602,0.833333,False,1.000000,64.826344,至少一人有参赛经历:1.00；三人排名前50%:0.67
3,6,91.865679,1.000000,True,1.000000,59.328395,至少一人有参赛经历:1.00；三人排名前50%:1.00
3,7,79.723799,0.833333,False,1.000000,56.952327,至少一人有参赛经历:1.00；三人排名前50%:0.67
3,8,79.274074,0.833333,False,1.000000,54.703704,至少一人有参赛经历:1.00；三人排名前50%:0.67
3,9,93.206520,1.000000,True,1.000000,66.032600,至少一人有参赛经历:1.00；三人排名前50%:1.00
3,10,56.416667,0.500000,False,1.000000,57.083333,至少一人有参赛经历:0.00；三人排名前50%:1.00
3,11,94.088560,1.000000,True,1.000000,70.442798,至少一人有参赛经历:1.00；三人排名前50%:1.00
3,12,94.048043,1.000000,True,1.000000,70.240216,至少一人有参赛经历:1.00；三人排名前50%:1.00
3,13,56.015335,0.500000,False,1.000000,55.076676,至少一人有参赛经历:0.00；三人排名前50%:1.00
3,14,92.529190,1.000000,True,1.000000,62.645951,至少一人有参赛经历:1.00；三人排名前50%:1.00
3,15,94.660332,1.000000,True,1.000000,73.301659,至少一人有参赛经历:1.00；三人排名前50%:1.00
3,16,92.348000,1.000000,True,1.000000,61.740000,至少一人有参赛经历:1.00；三人排名前50%:1.00
3,17,91.701932,1.000000,True,1.000000,58.509662,至少一人有参赛经历:1.00；三人排名前50%:1.00
3,18,93.430707,1.000000,True,1.000000,67.153535,至少一人有参赛经历:1.00；三人排名前50%:1.00
3,19,91.453419,1.000000,True,1.000000,57.267094,至少一人有参赛经历:1.00；三人排名前50%:1.00
3,20,93.398175,1.000000,True,1.000000,66.990877,至少一人有参赛经历:1.00；三人排名前50%:1.00
3,21,29.153460,0.166667,False,1.000000,37.433964,至少一人有参赛经历:0.00；三人排名前50%:0.33
3,22,92.969261,1.000000,True,1.000000,64.846307,至少一人有参赛经历:1.00；三人排名前50%:1.00
3,23,92.366244,1.000000,True,1.000000,61.831220,至少一人有参赛经历:1.00；三人排名前50%:1.00
3,24,56.018382,0.500000,False,1.000000,55.091912,至少一人有参赛经历:0.00；三人排名前50%:1.00
3,25,79.522222,0.833333,False,1.000000,55.944444,至少一人有参赛经历:1.00；三人排名前50%:0.67
3,26,56.467439,0.500000,False,1.000000,57.337193,至少一人有参赛经历:0.00；三人排名前50%:1.00
3,27,54.510719,0.500000,False,1.000000,47.553595,至少一人有参赛经历:0.00；三人排名前50%:1.00
3,28,94.652508,1.000000,True,1.000000,73.262542,至少一人有参赛经历:1.00；三人排名前50%:1.00
3,29,31.520844,0.166667,False,1.000000,49.270885,至少一人有参赛经历:0.00；三人排名前50%:0.33
3,30,80.189316,0.833333,False,1.000000,59.279915,至少一人有参赛经历:1.00；三人排名前50%:0.67
3,31,91.275507,1.000000,True,1.000000,56.377536,至少一人有参赛经历:1.00；三人排名前50%:1.00
3,32,56.672172,0.500000,False,1.000000,58.360861,至少一人有参赛经历:0.00；三人排名前50%:1.00
3,33,92.009970,1.000000,True,1.000000,60.049851,至少一人有参赛经历:1.00；三人排名前50%:1.00
3,34,66.751144,0.666667,False,1.000000,50.422386,至少一人有参赛经历:1.00；三人排名前50%:0.33
3,35,79.263686,0.833333,False,1.000000,54.651762,至少一人有参赛经历:1.00；三人排名前50%:0.67
3,36,96.225014,1.000000,True,1.000000,81.125070,至少一人有参赛经历:1.00；三人排名前50%:1.00
3,37,94.779769,1.000000,True,1.000000,73.898846,至少一人有参赛经历:1.00；三人排名前50%:1.00
3,38,93.597862,1.000000,True,1.000000,67.989310,至少一人有参赛经历:1.00；三人排名前50%:1.00
3,39,79.234478,0.833333,False,1.000000,54.505722,至少一人有参赛经历:1.00；三人排名前50%:0.67
3,40,79.410400,0.833333,False,1.000000,55.385332,至少一人有参赛经历:1.00；三人排名前50%:0.67
3,41,79.734087,0.833333,False,1.000000,57.003771,至少一人有参赛经历:1.00；三人排名前50%:0.67
3,42,57.794510,0.500000,False,1.000000,63.972548,至少一人有参赛经历:0.00；三人排名前50%:1.00
3,43,45.114711,0.333333,False,1.000000,58.906887,至少一人有参赛经历:0.00；三人排名前50%:0.67
3,44,78.377860,0.833333,False,1.000000,50.222634,至少一人有参赛经历:1.00；三人排名前50%:0.67
3,45,80.104091,0.833333,False,1.000000,58.853789,至少一人有参赛经历:1.00；三人排名前50%:0.67
3,46,80.979162,0.833333,False,1.000000,63.229143,至少一人有参赛经历:1.00；三人排名前50%:0.67
3,47,90.364104,1.000000,True,1.000000,51.820518,至少一人有参赛经历:1.00；三人排名前50%:1.00
3,48,29.340613,0.166667,False,1.000000,38.369732,至少一人有参赛经历:0.00；三人排名前50%:0.33
3,49,65.145009,0.666667,False,1.000000,42.391714,至少一人有参赛经历:1.00；三人排名前50%:0.33
3,50,79.843706,0.833333,False,1.000000,57.551862,至少一人有参赛经历:1.00；三人排名前50%:0.67
3,51,55.673125,0.500000,False,1.000000,53.365623,至少一人有参赛经历:0.00；三人排名前50%:1.00
3,52,89.900878,1.000000,True,1.000000,49.504388,至少一人有参赛经历:1.00；三人排名前50%:1.00
3,53,91.925203,1.000000,True,1.000000,59.626016,至少一人有参赛经历:1.00；三人排名前50%:1.00
3,54,29.988803,0.166667,False,1.000000,41.610684,至少一人有参赛经历:0.00；三人排名前50%:0.33
3,55,55.402207,0.500000,False,1.000000,52.011036,至少一人有参赛经历:0.00；三人排名前50%:1.00
3,56,93.364236,1.000000,True,1.000000,66.821181,至少一人有参赛经历:1.00；三人排名前50%:1.00
3,57,55.097826,0.500000,False,1.000000,50.489130,至少一人有参赛经历:0.00；三人排名前50%:1.00
3,58,92.895211,1.000000,True,1.000000,64.476057,至少一人有参赛经历:1.00；三人排名前50%:1.00
3,59,57.556364,0.500000,False,1.000000,62.781822,至少一人有参赛经历:0.00；三人排名前50%:1.00
3,60,93.770180,1.000000,True,1.000000,68.850902,至少一人有参赛经历:1.00；三人排名前50%:1.00
3,61,93.573325,1.000000,True,1.000000,67.866626,至少一人有参赛经历:1.00；三人排名前50%:1.00
3,62,92.432999,1.000000,True,1.000000,62.164997,至少一人有参赛经历:1.00；三人排名前50%:1.00
3,63,94.067512,1.000000,True,1.000000,70.337558,至少一人有参赛经历:1.00；三人排名前50%:1.00
3,64,78.320773,0.833333,False,1.000000,49.937198,至少一人有参赛经历:1.00；三人排名前50%:0.67
3,65,90.716328,1.000000,True,1.000000,53.581640,至少一人有参赛经历:1.00；三人排名前50%:1.00
3,66,93.643148,1.000000,True,1.000000,68.215738,至少一人有参赛经历:1.00；三人排名前50%:1.00
3,67,93.241300,1.000000,True,1.000000,66.206500,至少一人有参赛经历:1.00；三人排名前50%:1.00
3,68,94.454998,1.000000,True,1.000000,72.274990,至少一人有参赛经历:1.00；三人排名前50%:1.00
3,69,92.323177,1.000000,True,1.000000,61.615885,至少一人有参赛经历:1.00；三人排名前50%:1.00
3,70,93.244029,1.000000,True,1.000000,66.220147,至少一人有参赛经历:1.00；三人排名前50%:1.00
3,71,79.977333,0.833333,False,1.000000,58.220000,至少一人有参赛经历:1.00；三人排名前50%:0.67
3,72,81.568813,0.833333,False,1.000000,66.177397,至少一人有参赛经历:1.00；三人排名前50%:0.67
3,73,93.270131,1.000000,True,1.000000,66.350653,至少一人有参赛经历:1.00；三人排名前50%:1.00
3,74,91.874510,1.000000,True,1.000000,59.372551,至少一人有参赛经历:1.00；三人排名前50%:1.00
3,75,90.258945,1.000000,True,1.000000,51.294727,至少一人有参赛经历:1.00；三人排名前50%:1.00
3,76,95.239130,1.000000,True,1.000000,76.195652,至少一人有参赛经历:1.00；三人排名前50%:1.00
3,77,56.270808,0.500000,False,1.000000,56.354040,至少一人有参赛经历:0.00；三人排名前50%:1.00
3,78,81.349169,0.833333,False,1.000000,65.079177,至少一人有参赛经历:1.00；三人排名前50%:0.67
3,79,92.645363,1.000000,True,1.000000,63.226815,至少一人有参赛经历:1.00；三人排名前50%:1.00
3,80,93.553354,1.000000,True,1.000000,67.766771,至少一人有参赛经历:1.00；三人排名前50%:1.00
3,81,93.754898,1.000000,True,1.000000,68.774492,至少一人有参赛经历:1.00；三人排名前50%:1.00
3,82,56.721527,0.500000,False,1.000000,58.607634,至少一人有参赛经历:0.00；三人排名前50%:1.00
3,83,90.912500,1.000000,True,1.000000,54.562500,至少一人有参赛经历:1.00；三人排名前50%:1.00
3,84,66.580478,0.666667,False,1.000000,49.569054,至少一人有参赛经历:1.00；三人排名前50%:0.33
3,85,80.301554,0.833333,False,1.000000,59.841102,至少一人有参赛经历:1.00；三人排名前50%:0.67
3,86,92.782502,1.000000,True,1.000000,63.912512,至少一人有参赛经历:1.00；三人排名前50%:1.00
3,87,92.608070,1.000000,True,1.000000,63.040351,至少一人有参赛经历:1.00；三人排名前50%:1.00
3,88,90.257151,1.000000,True,1.000000,51.285757,至少一人有参赛经历:1.00；三人排名前50%:1.00
3,89,92.904122,1.000000,True,1.000000,64.520609,至少一人有参赛经历:1.00；三人排名前50%:1.00
3,90,79.605497,0.833333,False,1.000000,56.360820,至少一人有参赛经历:1.00；三人排名前50%:0.67
3,91,80.265484,0.833333,False,1.000000,59.660754,至少一人有参赛经历:1.00；三人排名前50%:0.67
3,92,93.033333,1.000000,True,1.000000,65.166667,至少一人有参赛经历:1.00；三人排名前50%:1.00
3,93,93.989452,1.000000,True,1.000000,69.947262,至少一人有参赛经历:1.00；三人排名前50%:1.00
3,94,94.815960,1.000000,True,1.000000,74.079798,至少一人有参赛经历:1.00；三人排名前50%:1.00
3,95,79.572350,0.833333,False,1.000000,56.195083,至少一人有参赛经历:1.00；三人排名前50%:0.67
3,96,81.277748,0.833333,False,1.000000,64.722072,至少一人有参赛经历:1.00；三人排名前50%:0.67
3,97,92.035185,1.000000,True,1.000000,60.175926,至少一人有参赛经历:1.00；三人排名前50%:1.00
3,98,92.579347,1.000000,True,1.000000,62.896737,至少一人有参赛经历:1.00；三人排名前50%:1.00
3,99,54.485556,0.500000,False,1.000000,47.427778,至少一人有参赛经历:0.00；三人排名前50%:1.00
3,100,92.969726,1.000000,True,1.000000,64.848631,至少一人有参赛经历:1.00；三人排名前50%:1.00
3,101,43.555192,0.333333,False,1.000000,51.109295,至少一人有参赛经历:0.00；三人排名前50%:0.67
3,102,94.139566,1.000000,True,1.000000,70.697829,至少一人有参赛经历:1.00；三人排名前50%:1.00
3,103,82.393674,0.833333,False,1.000000,70.301705,至少一人有参赛经历:1.00；三人排名前50%:0.67
3,104,92.847392,1.000000,True,1.000000,64.236959,至少一人有参赛经历:1.00；三人排名前50%:1.00
3,105,92.154902,1.000000,True,1.000000,60.774510,至少一人有参赛经历:1.00；三人排名前50%:1.00
3,106,95.436158,1.000000,True,1.000000,77.180791,至少一人有参赛经历:1.00；三人排名前50%:1.00
3,107,90.364809,1.000000,True,1.000000,51.824044,至少一人有参赛经历:1.00；三人排名前50%:1.00
3,108,93.536704,1.000000,True,1.000000,67.683520,至少一人有参赛经历:1.00；三人排名前50%:1.00
3,109,80.499548,0.833333,False,1.000000,60.831075,至少一人有参赛经历:1.00；三人排名前50%:0.67
3,110,56.773892,0.500000,False,1.000000,58.869458,至少一人有参赛经历:0.00；三人排名前50%:1.00
3,111,56.880796,0.500000,False,1.000000,59.403978,至少一人有参赛经历:0.00；三人排名前50%:1.00
3,112,95.515954,1.000000,True,1.000000,77.579772,至少一人有参赛经历:1.00；三人排名前50%:1.00
3,113,42.329573,0.333333,False,1.000000,44.981197,至少一人有参赛经历:0.00；三人排名前50%:0.67
3,114,56.476296,0.500000,False,1.000000,57.381481,至少一人有参赛经历:0.00；三人排名前50%:1.00
3,115,93.325523,1.000000,True,1.000000,66.627616,至少一人有参赛经历:1.00；三人排名前50%:1.00
3,116,80.661111,0.833333,False,1.000000,61.638889,至少一人有参赛经历:1.00；三人排名前50%:0.67
3,117,56.219008,0.500000,False,1.000000,56.095041,至少一人有参赛经历:0.00；三人排名前50%:1.00
3,118,93.646221,1.000000,True,1.000000,68.231103,至少一人有参赛经历:1.00；三人排名前50%:1.00
3,119,79.760784,0.833333,False,1.000000,57.137255,至少一人有参赛经历:1.00；三人排名前50%:0.67
3,120,79.388933,0.833333,False,1.000000,55.278000,至少一人有参赛经历:1.00；三人排名前50%:0.67
3,121,92.746024,1.000000,True,1.000000,63.730120,至少一人有参赛经历:1.00；三人排名前50%:1.00
3,122,92.884162,1.000000,True,1.000000,64.420812,至少一人有参赛经历:1.00；三人排名前50%:1.00
3,123,81.975833,0.833333,False,1.000000,68.212496,至少一人有参赛经历:1.00；三人排名前50%:0.67
3,124,55.672888,0.500000,False,1.000000,53.364441,至少一人有参赛经历:0.00；三人排名前50%:1.00
3,125,57.277385,0.500000,False,1.000000,61.386923,至少一人有参赛经历:0.00；三人排名前50%:1.00
3,126,67.806332,0.666667,False,1.000000,55.698327,至少一人有参赛经历:1.00；三人排名前50%:0.33
3,127,80.255035,0.833333,False,1.000000,59.608507,至少一人有参赛经历:1.00；三人排名前50%:0.67
3,128,80.180222,0.833333,False,1.000000,59.234443,至少一人有参赛经历:1.00；三人排名前50%:0.67
3,129,65.749724,0.666667,False,1.000000,45.415285,至少一人有参赛经历:1.00；三人排名前50%:0.33
3,130,94.823859,1.000000,True,1.000000,74.119297,至少一人有参赛经历:1.00；三人排名前50%:1.00
3,131,80.391009,0.833333,False,1.000000,60.288377,至少一人有参赛经历:1.00；三人排名前50%:0.67
3,132,81.805985,0.833333,False,1.000000,67.363260,至少一人有参赛经历:1.00；三人排名前50%:0.67
3,133,80.002832,0.833333,False,1.000000,58.347495,至少一人有参赛经历:1.00；三人排名前50%:0.67
3,134,92.111029,1.000000,True,1.000000,60.555147,至少一人有参赛经历:1.00；三人排名前50%:1.00
3,135,93.214976,1.000000,True,1.000000,66.074879,至少一人有参赛经历:1.00；三人排名前50%:1.00
3,136,56.152002,0.500000,False,1.000000,55.760009,至少一人有参赛经历:0.00；三人排名前50%:1.00
3,137,93.103588,1.000000,True,1.000000,65.517940,至少一人有参赛经历:1.00；三人排名前50%:1.00
3,138,95.525689,1.000000,True,1.000000,77.628444,至少一人有参赛经历:1.00；三人排名前50%:1.00
3,139,91.869091,1.000000,True,1.000000,59.345455,至少一人有参赛经历:1.00；三人排名前50%:1.00
3,140,79.612127,0.833333,False,1.000000,56.393970,至少一人有参赛经历:1.00；三人排名前50%:0.67
3,141,92.488055,1.000000,True,1.000000,62.440275,至少一人有参赛经历:1.00；三人排名前50%:1.00
3,142,43.260258,0.333333,False,1.000000,49.634622,至少一人有参赛经历:0.00；三人排名前50%:0.67
3,143,94.324667,1.000000,True,1.000000,71.623336,至少一人有参赛经历:1.00；三人排名前50%:1.00
3,144,90.629444,1.000000,True,1.000000,53.147222,至少一人有参赛经历:1.00；三人排名前50%:1.00
3,145,92.693539,1.000000,True,1.000000,63.467693,至少一人有参赛经历:1.00；三人排名前50%:1.00
3,146,79.608577,0.833333,False,1.000000,56.376220,至少一人有参赛经历:1.00；三人排名前50%:0.67
3,147,92.669824,1.000000,True,1.000000,63.349119,至少一人有参赛经历:1.00；三人排名前50%:1.00
3,148,57.679218,0.500000,False,1.000000,63.396090,至少一人有参赛经历:0.00；三人排名前50%:1.00
3,149,93.949108,1.000000,True,1.000000,69.745540,至少一人有参赛经历:1.00；三人排名前50%:1.00
3,150,54.988889,0.500000,False,1.000000,49.944444,至少一人有参赛经历:0.00；三人排名前50%:1.00
3,151,92.493333,1.000000,True,1.000000,62.466667,至少一人有参赛经历:1.00；三人排名前50%:1.00
3,152,79.553046,0.833333,False,1.000000,56.098563,至少一人有参赛经历:1.00；三人排名前50%:0.67
3,153,80.858132,0.833333,False,1.000000,62.623994,至少一人有参赛经历:1.00；三人排名前50%:0.67
3,154,54.816764,0.500000,False,1.000000,49.083821,至少一人有参赛经历:0.00；三人排名前50%:1.00
3,155,93.116129,1.000000,True,1.000000,65.580645,至少一人有参赛经历:1.00；三人排名前50%:1.00
3,156,80.828218,0.833333,False,1.000000,62.474425,至少一人有参赛经历:1.00；三人排名前50%:0.67
3,157,94.709300,1.000000,True,1.000000,73.546498,至少一人有参赛经历:1.00；三人排名前50%:1.00
3,158,92.319018,1.000000,True,1.000000,61.595090,至少一人有参赛经历:1.00；三人排名前50%:1.00
3,159,57.356461,0.500000,False,1.000000,61.782306,至少一人有参赛经历:0.00；三人排名前50%:1.00
3,160,80.468981,0.833333,False,1.000000,60.678237,至少一人有参赛经历:1.00；三人排名前50%:0.67
3,161,91.474979,1.000000,True,1.000000,57.374894,至少一人有参赛经历:1.00；三人排名前50%:1.00
3,162,80.124439,0.833333,False,1.000000,58.955530,至少一人有参赛经历:1.00；三人排名前50%:0.67
3,163,80.217824,0.833333,False,1.000000,59.422454,至少一人有参赛经历:1.00；三人排名前50%:0.67
3,164,78.238797,0.833333,False,1.000000,49.527320,至少一人有参赛经历:1.00；三人排名前50%:0.67
3,165,43.298611,0.333333,False,1.000000,49.826389,至少一人有参赛经历:0.00；三人排名前50%:0.67
3,166,78.032377,0.833333,False,1.000000,48.495219,至少一人有参赛经历:1.00；三人排名前50%:0.67
3,167,91.163073,1.000000,True,1.000000,55.815366,至少一人有参赛经历:1.00；三人排名前50%:1.00
3,168,79.837333,0.833333,False,1.000000,57.520000,至少一人有参赛经历:1.00；三人排名前50%:0.67
3,169,94.001140,1.000000,True,1.000000,70.005698,至少一人有参赛经历:1.00；三人排名前50%:1.00
3,170,91.683519,1.000000,True,1.000000,58.417595,至少一人有参赛经历:1.00；三人排名前50%:1.00
3,171,67.836928,0.666667,False,1.000000,55.851307,至少一人有参赛经历:1.00；三人排名前50%:0.33
3,172,93.941808,1.000000,True,1.000000,69.709040,至少一人有参赛经历:1.00；三人排名前50%:1.00
3,173,42.036625,0.333333,False,1.000000,43.516461,至少一人有参赛经历:0.00；三人排名前50%:0.67
3,174,94.592299,1.000000,True,1.000000,72.961497,至少一人有参赛经历:1.00；三人排名前50%:1.00
3,175,94.648791,1.000000,True,1.000000,73.243955,至少一人有参赛经历:1.00；三人排名前50%:1.00
