strategy_id,date,issue_time,slot,start_time,end_time,price_yuan_kWh,load_kW,pv_kW,load_forecast_kW,pv_forecast_kW,net_forecast_kWh,residual_adjustment_kWh,protected_net_kWh,theta,theta_preset,residual_days,fallback_reason,planned_kWh,charge_kWh,discharge_kWh,emergency_kWh,unused_kWh,state_start_kWh,state_end_kWh,nominal_state_end_kWh,planned_cost_yuan,emergency_cost_yuan
T_q80_4800,2025-03-20,2025-03-20,0,2025-03-20 00:00:00,2025-03-20 00:10:00,0.4248,3299.0689,0.0,3617.1514,0.0,602.8585666666667,18.263666666666722,621.1222333333334,0.80,0.80,28,,1454.4555666666665,833.3333333333333,0.0,0.0,71.27741666666657,5602.437224444446,6352.437224444446,6352.437224444446,617.85272472,0.0
T_q80_4800,2025-03-20,2025-03-20,1,2025-03-20 00:10:00,2025-03-20 00:20:00,0.4245,3421.881,0.0,3585.3143,0.0,597.5523833333333,22.6016166666667,620.154,0.80,0.80,28,,1453.4873333333333,833.3333333333333,0.0,0.0,49.84050000000002,6352.437224444446,7102.437224444446,7102.437224444446,617.005373,0.0
T_q80_4800,2025-03-20,2025-03-20,2,2025-03-20 00:20:00,2025-03-20 00:30:00,0.4269,3683.11,0.0,3514.21,0.0,585.7016666666666,26.6099999999999,612.3116666666665,0.80,0.80,28,,1445.6449999999998,831.7933333333331,0.0,0.0,0.0,7102.437224444446,7851.051224444445,7852.437224444446,617.1458504999999,0.0
T_q80_4800,2025-03-20,2025-03-20,3,2025-03-20 00:30:00,2025-03-20 00:40:00,0.4272,3476.737,0.0,3566.7633,0.0,594.46055,13.075066666666544,607.5356166666666,0.80,0.80,28,,1440.8689499999998,833.3333333333333,0.0,0.0,28.07944999999995,7851.051224444445,8601.051224444445,8602.437224444446,615.5392154399999,0.0
T_q80_4800,2025-03-20,2025-03-20,4,2025-03-20 00:40:00,2025-03-20 00:50:00,0.4271,3302.6695,0.0,3529.764,0.0,588.294,13.208250000000021,601.50225,0.80,0.80,28,,1434.8355833333333,833.3333333333333,0.0,0.0,51.05733333333342,8601.051224444445,9351.051224444445,9352.437224444446,612.8182776416666,0.0
T_q80_4800,2025-03-20,2025-03-20,5,2025-03-20 00:50:00,2025-03-20 01:00:00,0.4285,3426.94,0.0,3390.6,0.0,565.0999999999999,22.176666666666677,587.2766666666666,0.80,0.80,28,,587.2766666666666,16.120000000000005,0.0,0.0,0.0,9351.051224444445,9365.559224444445,9352.437224444446,251.64805166666665,0.0
T_q80_4800,2025-03-20,2025-03-20,6,2025-03-20 01:00:00,2025-03-20 01:10:00,0.4311,3609.5343,0.0,3352.8783,0.0,558.81305,12.962949999999978,571.776,0.80,0.80,28,,571.776,0.0,29.813049999999976,0.0,0.0,9365.559224444445,9332.433613333335,9352.437224444446,246.49263359999998,0.0
T_q80_4800,2025-03-20,2025-03-20,7,2025-03-20 01:10:00,2025-03-20 01:20:00,0.4302,3668.9025,0.0,3308.9055,0.0,551.48425,18.55611666666664,570.0403666666666,0.80,0.80,28,,570.0403666666666,0.0,41.44338333333337,0.0,0.0,9332.433613333335,9286.38540962963,9352.437224444446,245.23136574,0.0
T_q80_4800,2025-03-20,2025-03-20,8,2025-03-20 01:20:00,2025-03-20 01:30:00,0.4279,3589.3,0.0,3260.08,0.0,543.3466666666666,3.046666666666738,546.3933333333333,0.80,0.80,28,,1321.4630839506158,723.2464172839491,0.0,0.0,0.0,9286.38540962963,9937.307185185186,10050.0,565.4540536224685,0.0
T_q80_4800,2025-03-20,2025-03-20,9,2025-03-20 01:30:00,2025-03-20 01:40:00,0.4312,3503.6157,0.0,3353.4584,0.0,558.9097333333333,20.177783333333423,579.0875166666667,0.80,0.80,28,,579.0875166666667,0.0,4.848433333333219,0.0,0.0,9937.307185185186,9931.920037037038,10050.0,249.70253718666672,0.0
T_q80_4800,2025-03-20,2025-03-20,10,2025-03-20 01:40:00,2025-03-20 01:50:00,0.4333,3545.9703,0.0,3552.8392,0.0,592.1398666666666,12.04320000000007,604.1830666666667,0.80,0.80,28,,604.1830666666667,13.188016666666726,0.0,0.0,0.0,9931.920037037038,9943.789252037039,10050.0,261.7925227866667,0.0
T_q80_4800,2025-03-20,2025-03-20,11,2025-03-20 01:50:00,2025-03-20 02:00:00,0.4311,3590.66,0.0,3655.73,0.0,609.2883333333333,31.86500000000001,641.1533333333333,0.80,0.80,28,,641.1533333333333,42.710000000000036,0.0,0.0,0.0,9943.789252037039,9982.228252037039,10050.0,276.40120199999996,0.0
T_q80_4800,2025-03-20,2025-03-20,12,2025-03-20 02:00:00,2025-03-20 02:10:00,0.4293,3395.9017,0.0,3484.6496,0.0,580.7749333333334,17.019266666666624,597.7942,0.80,0.80,28,,597.7942,31.810583333333398,0.0,0.0,0.0,9982.228252037039,10010.85777703704,10050.0,256.63305006,0.0
T_q80_4800,2025-03-20,2025-03-20,13,2025-03-20 02:10:00,2025-03-20 02:20:00,0.4324,3276.7246,0.0,3416.4269,0.0,569.4044833333332,16.255583333333334,585.6600666666666,0.80,0.80,28,,585.6600666666666,39.53929999999991,0.0,0.0,0.0,10010.85777703704,10046.44314703704,10050.0,253.23941282666664,0.0
T_q80_4800,2025-03-20,2025-03-20,14,2025-03-20 02:20:00,2025-03-20 02:30:00,0.4367,3394.28,0.0,3529.19,0.0,588.1983333333333,9.516666666666652,597.7149999999999,0.80,0.80,28,,597.7149999999999,32.00166666666655,0.0,0.0,0.0,10046.44314703704,10075.24464703704,10050.0,261.0221405,0.0
T_q80_4800,2025-03-20,2025-03-20,15,2025-03-20 02:30:00,2025-03-20 02:40:00,0.4348,3587.5594,0.0,3565.0967,0.0,594.1827833333333,11.649950000000047,605.8327333333334,0.80,0.80,28,,605.8327333333334,7.906166666666763,0.0,0.0,0.0,10075.24464703704,10082.36019703704,10050.0,263.41607245333336,0.0
T_q80_4800,2025-03-20,2025-03-20,16,2025-03-20 02:40:00,2025-03-20 02:50:00,0.4335,3605.7268,0.0,3662.8512,0.0,610.4752,19.866216666666674,630.3414166666666,0.80,0.80,28,,630.3414166666666,29.38695000000007,0.0,0.0,0.0,10082.36019703704,10108.80845203704,10050.0,273.25300412499996,0.0
T_q80_4800,2025-03-20,2025-03-20,17,2025-03-20 02:50:00,2025-03-20 03:00:00,0.4357,3522.79,0.0,3749.14,0.0,624.8566666666666,30.196666666666715,655.0533333333333,0.80,0.80,28,,655.0533333333333,67.92166666666662,0.0,0.0,0.0,10108.80845203704,10169.937952037038,10050.0,285.4067373333333,0.0
T_q80_4800,2025-03-20,2025-03-20,18,2025-03-20 03:00:00,2025-03-20 03:10:00,0.4374,3631.2618,0.0,3576.3344,0.0,596.0557333333334,24.05658333333338,620.1123166666667,0.80,0.80,28,,620.1123166666667,14.902016666666782,0.0,0.0,0.0,10169.937952037038,10183.349767037038,10050.0,271.23712731000006,0.0
T_q80_4800,2025-03-20,2025-03-20,19,2025-03-20 03:10:00,2025-03-20 03:20:00,0.4371,3731.3543,0.0,3450.3953,0.0,575.0658833333333,21.91126666666662,596.9771499999999,0.80,0.80,28,,596.9771499999999,0.0,24.91523333333339,0.0,0.0,10183.349767037038,10155.666174444445,10050.0,260.938712265,0.0
T_q80_4800,2025-03-20,2025-03-20,20,2025-03-20 03:20:00,2025-03-20 03:30:00,0.4356,3721.01,0.0,3522.37,0.0,587.0616666666666,16.875,603.9366666666666,0.80,0.80,28,,603.9366666666666,0.0,16.231666666666683,0.0,0.0,10155.666174444445,10137.63098925926,10050.0,263.07481199999995,0.0
T_q80_4800,2025-03-20,2025-03-20,21,2025-03-20 03:30:00,2025-03-20 03:40:00,0.4353,3699.7385,0.0,3631.228,0.0,605.2046666666666,6.066683333333344,611.27135,0.80,0.80,28,,611.27135,0.0,5.3517333333333,0.0,0.0,10137.63098925926,10131.68461888889,10050.0,266.086418655,0.0
T_q80_4800,2025-03-20,2025-03-20,22,2025-03-20 03:40:00,2025-03-20 03:50:00,0.436,3674.7825,0.0,3569.4386,0.0,594.9064333333333,0.022933333333298833,594.9293666666666,0.80,0.80,28,,594.9293666666666,0.0,17.534383333333267,0.0,0.0,10131.68461888889,10112.201970740742,10050.0,259.38920386666666,0.0
T_q80_4800,2025-03-20,2025-03-20,23,2025-03-20 03:50:00,2025-03-20 04:00:00,0.4378,3623.58,0.0,3455.04,0.0,575.8399999999999,15.306666666666615,591.1466666666665,0.80,0.80,28,,591.1466666666665,0.0,12.783333333333417,0.0,0.0,10112.201970740742,10097.998267037037,10050.0,258.8040106666666,0.0
T_q80_4800,2025-03-20,2025-03-20,24,2025-03-20 04:00:00,2025-03-20 04:10:00,0.4401,3538.7697,0.0019,3583.9838,0.0018,597.3303333333333,11.515883333333363,608.8462166666667,0.80,0.80,28,,608.8462166666667,19.051583333333497,0.0,0.0,0.0,10097.998267037037,10115.144692037038,10050.0,267.953219955,0.0
T_q80_4800,2025-03-20,2025-03-20,25,2025-03-20 04:10:00,2025-03-20 04:20:00,0.4389,3488.7843,0.0,3645.8233,0.0,607.6372166666666,14.802016666666702,622.4392333333333,0.80,0.80,28,,622.4392333333333,40.97518333333335,0.0,0.0,0.0,10115.144692037038,10152.022357037038,10050.0,273.18857951,0.0
T_q80_4800,2025-03-20,2025-03-20,26,2025-03-20 04:20:00,2025-03-20 04:30:00,0.4364,3513.51,0.0,3577.07,0.0,596.1783333333333,16.25666666666666,612.435,0.80,0.80,28,,612.435,26.84999999999991,0.0,0.0,0.0,10152.022357037038,10176.187357037037,10050.0,267.266634,0.0
T_q80_4800,2025-03-20,2025-03-20,27,2025-03-20 04:30:00,2025-03-20 04:40:00,0.4393,3598.3779,0.0271,3630.4401,0.0254,605.0691166666666,25.22930000000008,630.2984166666666,0.80,0.80,28,,630.2984166666666,30.57328333333328,0.0,0.0,0.0,10176.187357037037,10203.703312037038,10050.0,276.8900944416667,0.0
T_q80_4800,2025-03-20,2025-03-20,28,2025-03-20 04:40:00,2025-03-20 04:50:00,0.4422,3700.4359,0.0,3717.5034,0.0,619.5839,23.913349999999923,643.4972499999999,0.80,0.80,28,,643.4972499999999,26.757933333333312,0.0,0.0,0.0,10203.703312037038,10227.785452037038,10050.0,284.55448394999996,0.0
T_q80_4800,2025-03-20,2025-03-20,29,2025-03-20 04:50:00,2025-03-20 05:00:00,0.4395,3753.57,0.0,3727.07,0.0,621.1783333333333,7.8916666666666515,629.0699999999999,0.80,0.80,28,,629.0699999999999,3.474999999999909,0.0,0.0,0.0,10227.785452037038,10230.912952037039,10050.0,276.47626499999996,0.0
T_q80_4800,2025-03-20,2025-03-20,30,2025-03-20 05:00:00,2025-03-20 05:10:00,0.4333,3716.9811,0.3776,3652.3286,0.3537,608.6624833333333,17.58761666666669,626.2501,0.80,0.80,28,,626.2501,6.816183333333356,0.0,0.0,0.0,10230.912952037039,10237.04751703704,10050.0,271.35416833,0.0
T_q80_4800,2025-03-20,2025-03-20,31,2025-03-20 05:10:00,2025-03-20 05:20:00,0.4439,3707.0664,0.0,3627.5869,0.0,604.5978166666666,13.521849999999972,618.1196666666666,0.80,0.80,28,,618.1196666666666,0.2752666666666528,0.0,0.0,0.0,10237.04751703704,10237.29525703704,10050.0,274.3833200333333,0.0
T_q80_4800,2025-03-20,2025-03-20,32,2025-03-20 05:20:00,2025-03-20 05:30:00,0.4301,3642.69,0.0,3625.87,0.0,604.3116666666666,10.738333333333344,615.05,0.80,0.80,28,,615.05,7.934999999999945,0.0,0.0,0.0,10237.29525703704,10244.43675703704,10050.0,264.53300499999995,0.0
T_q80_4800,2025-03-20,2025-03-20,33,2025-03-20 05:30:00,2025-03-20 05:40:00,0.3713,3457.8398,5.2594,3603.0838,4.9264,599.6929,4.1009833333333745,603.7938833333334,0.80,0.80,28,,1437.1272166666668,617.2924921810671,0.0,0.0,244.40465781893295,10244.43675703704,10800.0,10800.0,533.6053355483334,0.0
T_q80_4800,2025-03-20,2025-03-20,34,2025-03-20 05:40:00,2025-03-20 05:50:00,0.5708,4028.7787,0.0,4178.7819,0.0,696.4636499999999,3.0913166666665575,699.5549666666665,0.80,0.80,28,,699.5549666666666,0.0,0.0,0.0,28.091850000000022,10800.0,10800.0,10800.0,399.30597497333326,0.0
T_q80_4800,2025-03-20,2025-03-20,35,2025-03-20 05:50:00,2025-03-20 06:00:00,0.9099,4962.09,0.0,4976.26,0.0,829.3766666666667,16.161666666666633,845.5383333333333,0.80,0.80,28,,12.205000000000155,0.0,814.8099999999998,0.0,0.0,10800.0,9894.655555555555,9874.074074074075,11.105329500000142,0.0
T_q80_4800,2025-03-20,2025-03-20,36,2025-03-20 06:00:00,2025-03-20 06:10:00,0.9368,4905.1198,153.4202,4927.8193,144.6043,797.2025,30.23396666666656,827.4364666666665,0.80,0.80,28,,0.0,0.0,791.9499333333334,0.0,0.0,9894.655555555555,9014.711185185184,8954.700222222224,0.0,0.0
T_q80_4800,2025-03-20,2025-03-20,37,2025-03-20 06:10:00,2025-03-20 06:20:00,0.8758,4660.8239,401.044,4816.9758,383.3165,738.9432166666667,10.583633333333353,749.52685,0.80,0.80,28,,0.0,0.0,709.9633166666667,0.0,0.0,9014.711185185184,8225.863055555554,8121.892611111112,0.0,0.0
T_q80_4800,2025-03-20,2025-03-20,38,2025-03-20 06:20:00,2025-03-20 06:30:00,0.8759,4703.75,675.525,4945.2,669.975,712.5374999999999,9.71791666666661,722.2554166666665,0.80,0.80,28,,0.0,0.0,671.3708333333333,0.0,0.0,8225.863055555554,7479.895462962962,7319.386592592594,0.0,0.0
T_q80_4800,2025-03-20,2025-03-20,39,2025-03-20 06:30:00,2025-03-20 06:40:00,0.8601,4726.9008,952.6316,4841.0708,986.6364,642.4057333333334,13.425100000000043,655.8308333333334,0.80,0.80,28,,0.0,0.0,629.0448666666666,0.0,0.0,7479.895462962962,6780.956722222221,6590.685666666668,0.0,0.0
T_q80_4800,2025-03-20,2025-03-20,40,2025-03-20 06:40:00,2025-03-20 06:50:00,0.8442,4819.4733,1302.5378,4756.7742,1316.594,573.3633666666666,0.9726666666667825,574.3360333333334,0.80,0.80,28,,462.4473499999987,0.0,123.70856666666788,0.0,0.0,6780.956722222221,6643.502759259257,6466.364907407407,390.3980528699989,0.0
T_q80_4800,2025-03-20,2025-03-20,41,2025-03-20 06:50:00,2025-03-20 07:00:00,0.8334,4880.33,1693.2375,4785.54,1643.8875,523.60875,11.858333333333292,535.4670833333332,0.80,0.80,28,,535.4670833333332,4.284999999999968,0.0,0.0,0.0,6643.502759259257,6647.359259259257,6466.364907407407,446.2582672499999,0.0
T_q80_4800,2025-03-20,2025-03-20,42,2025-03-20 07:00:00,2025-03-20 07:10:00,0.8092,4689.3761,2009.9231,4770.8891,1956.0234,469.14428333333336,26.975449999999967,496.11973333333333,0.80,0.80,28,,496.11973333333333,49.544233333333295,0.0,0.0,0.0,6647.359259259257,6691.949069259257,6466.364907407407,401.46008821333334,0.0
T_q80_4800,2025-03-20,2025-03-20,43,2025-03-20 07:10:00,2025-03-20 07:20:00,0.7972,4713.3646,2305.9149,4933.7109,2250.2085,447.25039999999996,13.486699999999956,460.73709999999994,0.80,0.80,28,,460.73709999999994,59.49548333333337,0.0,0.0,0.0,6691.949069259257,6745.495004259257,6466.364907407407,367.29961611999994,0.0
T_q80_4800,2025-03-20,2025-03-20,44,2025-03-20 07:20:00,2025-03-20 07:30:00,0.7644,4827.2,2609.7375,5017.07,2498.925,419.6908333333332,19.148333333333312,438.83916666666653,0.80,0.80,28,,438.83916666666653,69.2620833333333,0.0,0.0,0.0,6745.495004259257,6807.830879259257,6466.364907407407,335.4486589999999,0.0
T_q80_4800,2025-03-20,2025-03-20,45,2025-03-20 07:30:00,2025-03-20 07:40:00,0.6899,4578.156,2894.0148,4678.8593,2691.9663,331.1488333333333,24.719433333333313,355.8682666666666,0.80,0.80,28,,355.8682666666666,75.17806666666661,0.0,0.0,0.0,6807.830879259257,6875.491139259257,6466.364907407407,245.51351717333327,0.0
T_q80_4800,2025-03-20,2025-03-20,46,2025-03-20 07:40:00,2025-03-20 07:50:00,0.86,5187.0368,3179.5684,5430.5741,2986.3327,407.37356666666665,28.065016666666565,435.4385833333332,0.80,0.80,28,,0.0,0.0,334.5780666666666,0.0,0.0,6875.491139259257,6503.737731851849,5982.544259259259,0.0,0.0
T_q80_4800,2025-03-20,2025-03-20,47,2025-03-20 07:50:00,2025-03-20 08:00:00,1.1617,6405.59,3476.5125,6755.97,3339.9375,569.33875,35.604166666666664,604.9429166666666,0.80,0.80,28,,0.0,0.0,488.17958333333337,0.0,0.0,6503.737731851849,5961.31597259259,5310.385462962962,0.0,0.0
T_q80_4800,2025-03-20,2025-03-20,48,2025-03-20 08:00:00,2025-03-20 08:10:00,1.1683,6658.0486,3761.2255,6545.8122,3552.9582,498.809,26.25363333333337,525.0626333333335,0.80,0.80,28,,0.0,0.0,482.80385,0.0,0.0,5961.31597259259,5424.867250370367,4726.982537037036,0.0,0.0
T_q80_4800,2025-03-20,2025-03-20,49,2025-03-20 08:10:00,2025-03-20 08:20:00,1.0956,6606.6001,3976.3717,6234.5498,3752.2552,413.7157666666666,15.4128166666666,429.12858333333315,0.80,0.80,28,,0.0,0.0,438.3713999999999,0.0,0.0,5424.867250370367,4937.787917037034,4250.173,0.0,0.0
T_q80_4800,2025-03-20,2025-03-20,50,2025-03-20 08:20:00,2025-03-20 08:30:00,1.0849,6687.27,4220.325,6481.09,3987.0,415.6816666666667,25.592499999999973,441.27416666666664,0.80,0.80,28,,0.0,0.0,411.1575000000001,0.0,0.0,4937.787917037034,4480.946250370367,3759.8683703703705,0.0,0.0
T_q80_4800,2025-03-20,2025-03-20,51,2025-03-20 08:30:00,2025-03-20 08:40:00,1.061,6649.776,4653.7429,6510.8474,4178.399,388.7413999999999,19.340950000000134,408.08235,0.80,0.80,28,,0.0,0.0,332.67218333333324,0.0,0.0,4480.946250370367,4111.310491111108,3306.443537037037,0.0,0.0
T_q80_4800,2025-03-20,2025-03-20,52,2025-03-20 08:40:00,2025-03-20 08:50:00,1.043,6705.5335,5037.5027,6551.7773,4381.418,361.72655,35.624116666666765,397.3506666666667,0.80,0.80,28,,0.0,0.0,278.0051333333332,0.0,0.0,4111.310491111108,3802.4158985185154,2864.9427962962964,0.0,0.0
T_q80_4800,2025-03-20,2025-03-20,53,2025-03-20 08:50:00,2025-03-20 09:00:00,1.036,6757.81,5180.8875,6666.06,4631.2125,339.1412500000001,41.14833333333338,380.2895833333335,0.80,0.80,28,,0.0,0.0,262.82041666666674,0.0,0.0,3802.4158985185154,3510.39321333333,2442.3988148148146,0.0,0.0
T_q80_4800,2025-03-20,2025-03-20,54,2025-03-20 09:00:00,2025-03-20 09:10:00,1.0147,6494.2004,5166.4978,6601.3223,4933.6498,277.9454166666666,60.2333666666666,338.1787833333332,0.80,0.80,28,,0.0,0.0,221.2837666666666,0.0,0.0,3510.39321333333,3264.522361481478,2066.6446111111113,0.0,0.0
T_q80_4800,2025-03-20,2025-03-20,55,2025-03-20 09:10:00,2025-03-20 09:20:00,0.9922,6436.4392,5533.329,6573.4361,5388.1737,197.54373333333325,71.2570166666666,268.8007499999999,0.80,0.80,28,,0.0,0.0,150.51836666666668,0.0,0.0,3264.522361481478,3097.2797318518483,1767.9771111111113,0.0,0.0
T_q80_4800,2025-03-20,2025-03-20,56,2025-03-20 09:20:00,2025-03-20 09:30:00,0.97,6570.85,6107.7375,6614.79,5904.4875,118.38374999999996,93.66124999999997,212.04499999999993,0.80,0.80,28,,0.0,0.0,77.1854166666667,0.0,0.0,3097.2797318518483,3011.5181577777744,1532.3715555555557,0.0,0.0
T_q80_4800,2025-03-20,2025-03-20,57,2025-03-20 09:30:00,2025-03-20 09:40:00,0.9422,6399.3635,6182.795,6548.6468,6266.8363,46.96841666666675,124.48673333333316,171.45514999999992,0.80,0.80,28,,0.0,0.0,36.09475000000005,0.0,0.0,3011.5181577777744,2971.4128799999967,1341.8658333333335,0.0,0.0
T_q80_4800,2025-03-20,2025-03-20,58,2025-03-20 09:40:00,2025-03-20 09:50:00,0.9569,6445.9301,6198.386,6569.7745,6602.2852,-5.418449999999969,94.25145000000006,88.8330000000001,0.80,0.80,28,,0.0,0.0,41.25734999999986,0.0,0.0,2971.4128799999967,2925.5713799999967,1243.1625000000001,0.0,0.0
T_q80_4800,2025-03-20,2025-03-20,59,2025-03-20 09:50:00,2025-03-20 10:00:00,0.9977,6697.43,6426.1875,6666.81,6891.525,-37.45249999999987,67.6512500000002,30.19875000000033,0.80,0.80,28,,0.0,0.0,45.20708333333338,0.0,0.0,2925.5713799999967,2875.3412874074043,1209.6083333333331,0.0,0.0
T_q80_4800,2025-03-20,2025-03-20,60,2025-03-20 10:00:00,2025-03-20 10:10:00,0.9919,6577.9956,6675.2481,6615.2017,6963.2464,-58.00745000000006,66.65494999999996,8.647499999999894,0.80,0.80,28,,0.0,16.20874999999993,0.0,0.0,0.0,2875.3412874074043,2889.929162407404,1200.0,0.0,0.0
T_q80_4800,2025-03-20,2025-03-20,61,2025-03-20 10:10:00,2025-03-20 10:20:00,0.9588,6445.2772,6774.004,6539.3464,6970.7827,-71.9060499999999,63.00276666666681,-8.903283333333086,0.80,0.80,28,,0.0,54.787799999999905,0.0,0.0,0.0,2889.929162407404,2939.2381824074037,1208.0129549999997,0.0,0.0
T_q80_4800,2025-03-20,2025-03-20,62,2025-03-20 10:20:00,2025-03-20 10:30:00,0.9549,6473.61,6879.075,6477.96,7035.9375,-92.99624999999999,76.14666666666676,-16.84958333333323,0.80,0.80,28,,0.0,67.57750000000001,0.0,0.0,0.0,2939.2381824074037,3000.0579324074038,1223.1775799999996,0.0,0.0
T_q80_4800,2025-03-20,2025-03-20,63,2025-03-20 10:30:00,2025-03-20 10:40:00,0.9839,6454.2353,7268.5137,6366.0057,7192.6555,-137.77496666666667,59.82306666666666,-77.95190000000001,0.80,0.80,28,,0.0,135.7130666666667,0.0,0.0,0.0,3000.0579324074038,3122.1996924074037,1293.3342899999996,0.0,0.0
T_q80_4800,2025-03-20,2025-03-20,64,2025-03-20 10:40:00,2025-03-20 10:50:00,0.799,6352.336,7455.3554,6413.9505,7566.2113,-192.04346666666666,75.47646666666665,-116.56700000000001,0.80,0.80,28,,0.0,183.83656666666667,0.0,0.0,0.0,3122.1996924074037,3287.6526024074037,1398.2445899999996,0.0,0.0
T_q80_4800,2025-03-20,2025-03-20,65,2025-03-20 10:50:00,2025-03-20 11:00:00,0.5025,6279.9,7263.0,6574.38,7889.7,-219.21999999999994,123.65999999999997,-95.55999999999997,0.80,0.80,28,,737.7733333333333,833.3333333333333,0.0,0.0,68.29000000000008,3287.6526024074037,4037.6526024074037,2148.2445899999993,370.73109999999997,0.0
T_q80_4800,2025-03-20,2025-03-20,66,2025-03-20 11:00:00,2025-03-20 11:10:00,0.4662,6362.0436,7021.6679,6549.5232,7767.7134,-203.0317,101.08691666666664,-101.94478333333336,0.80,0.80,28,,731.3885499999999,833.3333333333333,0.0,0.0,7.992600000000039,4037.6526024074037,4787.652602407404,2898.2445899999993,340.97334200999995,0.0
T_q80_4800,2025-03-20,2025-03-20,67,2025-03-20 11:10:00,2025-03-20 11:20:00,0.5007,6393.8373,7052.8842,6360.3078,7910.4133,-258.35091666666676,84.57076666666671,-173.78015000000005,0.80,0.80,28,,659.5531833333332,769.3943333333333,0.0,0.0,0.0,4787.652602407404,5480.107502407403,3648.2445899999993,330.23827889499995,0.0
T_q80_4800,2025-03-20,2025-03-20,68,2025-03-20 11:20:00,2025-03-20 11:30:00,0.4827,6360.1,7317.5625,6232.56,8273.025,-340.0774999999999,106.8258333333333,-233.25166666666655,0.80,0.80,28,,600.0816666666667,759.6587499999999,0.0,0.0,0.0,5480.107502407403,6163.800377407403,4398.244589999999,289.6594205,0.0
T_q80_4800,2025-03-20,2025-03-20,69,2025-03-20 11:30:00,2025-03-20 11:40:00,0.4785,6424.0276,7505.6333,6357.7494,8103.1089,-290.8932500000001,122.05363333333332,-168.83961666666676,0.80,0.80,28,,664.4937166666665,833.3333333333333,0.0,0.0,11.427999999999884,6163.800377407403,6913.800377407403,5148.244589999999,317.96024342499993,0.0
T_q80_4800,2025-03-20,2025-03-20,70,2025-03-20 11:40:00,2025-03-20 11:50:00,0.4662,6379.6216,7635.0323,6325.6393,7934.0714,-268.0720166666666,135.97571666666664,-132.09629999999999,0.80,0.80,28,,701.2370333333333,833.3333333333333,0.0,0.0,77.13881666666657,6913.800377407403,7663.800377407403,5898.244589999999,326.91670494,0.0
T_q80_4800,2025-03-20,2025-03-20,71,2025-03-20 11:50:00,2025-03-20 12:00:00,0.4432,6168.32,7818.45,6078.6,8015.4375,-322.8062499999999,148.33416666666676,-174.47208333333316,0.80,0.80,28,,658.8612500000002,833.3333333333333,0.0,0.0,100.54958333333354,7663.800377407403,8413.800377407402,6648.244589999999,292.0073060000001,0.0
T_q80_4800,2025-03-20,2025-03-20,72,2025-03-20 12:00:00,2025-03-20 12:10:00,0.4411,5958.8116,8082.9395,5973.117,8091.3897,-353.0454499999999,103.00411666666679,-250.0413333333331,0.80,0.80,28,,583.2920000000001,833.3333333333333,0.0,0.0,103.97998333333362,8413.800377407402,9163.800377407402,7398.244589999999,257.29010120000004,0.0
T_q80_4800,2025-03-20,2025-03-20,73,2025-03-20 12:10:00,2025-03-20 12:20:00,0.4551,5855.2299,8090.5707,6003.5669,8333.4204,-388.30891666666685,116.4858833333335,-271.82303333333334,0.80,0.80,28,,561.5102999999999,833.3333333333333,0.0,0.0,100.73376666666661,9163.800377407402,9913.800377407402,8148.244589999999,255.54333752999997,0.0
T_q80_4800,2025-03-20,2025-03-20,74,2025-03-20 12:20:00,2025-03-20 12:30:00,0.4463,5883.66,7709.3625,6043.44,8611.9875,-428.09124999999995,102.87499999999999,-325.21624999999995,0.80,0.80,28,,508.1170833333333,812.4008333333334,0.0,0.0,0.0,9913.800377407402,10644.961127407401,8898.244589999998,226.77265429166664,0.0
T_q80_4800,2025-03-20,2025-03-20,75,2025-03-20 12:30:00,2025-03-20 12:40:00,0.4113,6006.2794,7205.256,6007.2071,8523.8874,-419.44671666666665,91.9964,-327.45031666666665,0.80,0.80,28,,505.8830166666666,172.26541399177626,0.0,0.0,533.4470360082237,10644.961127407401,10800.0,9648.244589999998,208.06968475499997,0.0
T_q80_4800,2025-03-20,2025-03-20,76,2025-03-20 12:40:00,2025-03-20 12:50:00,0.5682,6168.3548,7206.9442,6064.0725,8228.5618,-360.7482166666665,144.78503333333333,-215.96318333333318,0.80,0.80,28,,318.0791666666686,0.0,0.0,0.0,491.17740000000185,10800.0,10800.0,10128.882705,180.73258250000112,0.0
T_q80_4800,2025-03-20,2025-03-20,77,2025-03-20 12:50:00,2025-03-20 13:00:00,0.8279,6351.38,7525.8,6254.85,8001.8625,-291.16874999999993,140.6129166666667,-150.55583333333323,0.80,0.80,28,,0.0,0.0,0.0,0.0,195.73666666666668,10800.0,10800.0,10264.382955,0.0,0.0
T_q80_4800,2025-03-20,2025-03-20,78,2025-03-20 13:00:00,2025-03-20 13:10:00,0.8636,6510.6216,7339.075,6422.854,7962.5924,-256.62306666666666,68.25711666666672,-188.36594999999994,0.80,0.80,28,,0.0,0.0,0.0,0.0,138.07556666666656,10800.0,10800.0,10433.91231,0.0,0.0
T_q80_4800,2025-03-20,2025-03-20,79,2025-03-20 13:10:00,2025-03-20 13:20:00,0.8416,6358.8315,6900.6338,6403.1925,7741.4555,-223.0438333333333,128.15776666666653,-94.88606666666678,0.80,0.80,28,,0.0,0.0,0.0,0.0,90.30038333333323,10800.0,10800.0,10519.30977,0.0,0.0
T_q80_4800,2025-03-20,2025-03-20,80,2025-03-20 13:20:00,2025-03-20 13:30:00,0.8618,6039.3,6610.0125,6313.29,7413.1875,-183.31625,104.65166666666664,-78.66458333333335,0.80,0.80,28,,0.0,0.0,0.0,0.0,95.11874999999993,10800.0,10800.0,10590.107895,0.0,0.0
T_q80_4800,2025-03-20,2025-03-20,81,2025-03-20 13:30:00,2025-03-20 13:40:00,0.8623,6028.9848,6642.1795,6396.8916,7383.0511,-164.3599166666666,63.109783333333326,-101.25013333333328,0.80,0.80,28,,0.0,0.0,0.0,0.0,102.19911666666667,10800.0,10800.0,10681.233015,0.0,0.0
T_q80_4800,2025-03-20,2025-03-20,82,2025-03-20 13:40:00,2025-03-20 13:50:00,0.9026,6177.7813,6806.5377,6299.9773,7147.3017,-141.22073333333338,56.93456666666649,-84.2861666666669,0.80,0.80,28,,0.0,0.0,0.0,0.0,104.79273333333336,10800.0,10800.0,10757.090565,0.0,0.0
T_q80_4800,2025-03-20,2025-03-20,83,2025-03-20 13:50:00,2025-03-20 14:00:00,0.9754,6280.02,6799.95,6106.75,6693.1875,-97.73958333333333,51.97541666666666,-45.76416666666667,0.80,0.80,28,,0.0,0.0,0.0,0.0,86.65499999999989,10800.0,10800.0,10798.278315,0.0,0.0
T_q80_4800,2025-03-20,2025-03-20,84,2025-03-20 14:00:00,2025-03-20 14:10:00,1.0002,6283.4823,6453.6137,6255.132,6523.1977,-44.67761666666668,42.76463333333322,-1.9129833333334574,0.80,0.80,28,,0.0,0.0,0.0,0.0,28.355233333333366,10800.0,10800.0,10800.0,0.0,0.0
T_q80_4800,2025-03-20,2025-03-20,85,2025-03-20 14:10:00,2025-03-20 14:20:00,0.9978,6314.912,6203.5886,6265.1371,6319.7023,-9.0942,37.51568333333336,28.421483333333356,0.80,0.80,28,,0.0,0.0,18.553900000000034,0.0,0.0,10800.0,10779.384555555556,10768.420574074074,0.0,0.0
T_q80_4800,2025-03-20,2025-03-20,86,2025-03-20 14:20:00,2025-03-20 14:30:00,1.0271,6352.79,6115.6875,6109.64,5933.475,29.360833333333325,41.27291666666679,70.6337500000001,0.80,0.80,28,,0.0,0.0,39.517083333333325,0.0,0.0,10779.384555555556,10735.476685185185,10689.93862962963,0.0,0.0
T_q80_4800,2025-03-20,2025-03-20,87,2025-03-20 14:30:00,2025-03-20 14:40:00,1.0906,6259.4213,5837.6616,6254.7096,5577.5788,112.85513333333331,57.74705,170.6021833333333,0.80,0.80,28,,0.0,0.0,70.29328333333326,0.0,0.0,10735.476685185185,10657.373037037038,10500.38064814815,0.0,0.0
T_q80_4800,2025-03-20,2025-03-20,88,2025-03-20 14:40:00,2025-03-20 14:50:00,0.9376,6190.1146,5431.9635,6398.0053,5382.184,169.30354999999992,55.83074999999994,225.13429999999985,0.80,0.80,28,,0.0,0.0,126.35851666666667,0.0,0.0,10657.373037037038,10516.974685185185,10250.231425925927,0.0,0.0
T_q80_4800,2025-03-20,2025-03-20,89,2025-03-20 14:50:00,2025-03-20 15:00:00,0.6694,6156.64,5072.775,6358.98,5305.2375,175.6237499999999,48.561666666666724,224.1854166666666,0.80,0.80,28,,224.1854166666666,43.54124999999985,0.0,0.0,0.0,10516.974685185185,10556.161810185185,10250.231425925927,150.06971791666663,0.0
T_q80_4800,2025-03-20,2025-03-20,90,2025-03-20 15:00:00,2025-03-20 15:10:00,0.66,6039.3659,4855.4545,6262.9226,5169.4135,182.2515166666667,43.22206666666665,225.47358333333335,0.80,0.80,28,,836.3275545267472,270.93132201646057,0.0,0.0,368.0776658436201,10556.161810185185,10800.0,10800.0,551.9761859876533,0.0
T_q80_4800,2025-03-20,2025-03-20,91,2025-03-20 15:10:00,2025-03-20 15:20:00,0.7217,6054.6789,4561.8383,6174.0028,4854.5331,219.91161666666676,44.54448333333334,264.4561000000001,0.80,0.80,28,,264.4561000000001,0.0,0.0,0.0,15.649333333333516,10800.0,10800.0,10800.0,190.85796737000007,0.0
T_q80_4800,2025-03-20,2025-03-20,92,2025-03-20 15:20:00,2025-03-20 15:30:00,0.7308,6187.68,4146.825,6169.43,4461.1125,284.71958333333333,53.41124999999994,338.13083333333327,0.80,0.80,28,,338.13083333333327,0.0,2.0116666666667697,0.0,0.0,10800.0,10797.764814814815,10800.0,247.10601299999996,0.0
T_q80_4800,2025-03-20,2025-03-20,93,2025-03-20 15:30:00,2025-03-20 15:40:00,0.7534,6195.3721,3778.6785,6264.8243,4216.6751,341.35819999999995,41.01813333333348,382.37633333333343,0.80,0.80,28,,382.37633333333343,0.0,20.405933333333167,0.0,0.0,10797.764814814815,10775.091555555555,10800.0,288.0823295333334,0.0
T_q80_4800,2025-03-20,2025-03-20,94,2025-03-20 15:40:00,2025-03-20 15:50:00,0.7823,6186.1376,3471.4229,6126.1485,4038.9704,347.8630166666667,48.2497166666667,396.1127333333334,0.80,0.80,28,,396.1127333333334,0.0,56.33971666666662,0.0,0.0,10775.091555555555,10712.49187037037,10800.0,309.8789912866667,0.0
T_q80_4800,2025-03-20,2025-03-20,95,2025-03-20 15:50:00,2025-03-20 16:00:00,0.8055,6200.17,3156.225,5880.11,3796.9125,347.1995833333333,44.73416666666674,391.93375000000003,0.80,0.80,28,,391.93375000000003,0.0,115.39041666666662,0.0,0.0,10712.49187037037,10584.280296296296,10800.0,315.702635625,0.0
T_q80_4800,2025-03-20,2025-03-20,96,2025-03-20 16:00:00,2025-03-20 16:10:00,0.8271,6153.3743,2779.805,5993.8657,3419.8851,428.9967666666667,48.861666666666565,477.85843333333327,0.80,0.80,28,,477.8584333333333,0.0,84.40311666666673,0.0,0.0,10584.280296296296,10490.499055555556,10800.0,395.23671020999996,0.0
T_q80_4800,2025-03-20,2025-03-20,97,2025-03-20 16:10:00,2025-03-20 16:20:00,0.8519,6101.7592,2507.3559,6119.1519,2957.1473,527.0007666666666,38.23880000000008,565.2395666666666,0.80,0.80,28,,565.2395666666666,0.0,33.82765000000006,0.0,0.0,10490.499055555556,10452.912777777778,10800.0,481.5275868433333,0.0
T_q80_4800,2025-03-20,2025-03-20,98,2025-03-20 16:20:00,2025-03-20 16:30:00,0.8791,6118.95,2334.4125,6080.34,2520.1125,593.3712499999999,21.862083333333374,615.2333333333333,0.80,0.80,28,,615.2333333333333,0.0,15.52291666666656,0.0,0.0,10452.912777777778,10435.665092592593,10800.0,540.8516233333334,0.0
T_q80_4800,2025-03-20,2025-03-20,99,2025-03-20 16:30:00,2025-03-20 16:40:00,0.9024,6209.4949,2077.0816,6051.7025,2207.5327,640.6949666666667,29.62258333333341,670.3175500000001,0.80,0.80,28,,670.3175500000001,0.0,18.417999999999893,0.0,0.0,10435.665092592593,10415.20064814815,10800.0,604.8945571200001,0.0
T_q80_4800,2025-03-20,2025-03-20,100,2025-03-20 16:40:00,2025-03-20 16:50:00,0.9163,6190.199,1733.8533,6078.2733,1939.6319,689.7735666666665,27.31759999999997,717.0911666666665,0.80,0.80,28,,717.0911666666666,0.0,25.633116666666638,0.0,0.0,10415.20064814815,10386.719407407409,10800.0,657.0706360166666,0.0
T_q80_4800,2025-03-20,2025-03-20,101,2025-03-20 16:50:00,2025-03-20 17:00:00,0.9264,6102.19,1377.7125,6196.49,1642.05,759.0733333333333,24.890416666666624,783.9637499999999,0.80,0.80,28,,783.9637499999999,0.0,3.4491666666665424,0.0,0.0,10386.719407407409,10382.887,10800.0,726.2640179999999,0.0
T_q80_4800,2025-03-20,2025-03-20,102,2025-03-20 17:00:00,2025-03-20 17:10:00,0.9462,6143.2969,1083.9022,6367.7307,1304.9072,843.8039166666667,25.340166666666676,869.1440833333334,0.80,0.80,28,,869.1440833333334,25.91163333333327,0.0,0.0,0.0,10382.887,10406.207470000001,10800.0,822.3841316500001,0.0
T_q80_4800,2025-03-20,2025-03-20,103,2025-03-20 17:10:00,2025-03-20 17:20:00,0.9742,6075.0134,831.8823,6177.7386,973.3083,867.40505,24.714233333333368,892.1192833333333,0.80,0.80,28,,892.1192833333334,18.264100000000212,0.0,0.0,0.0,10406.207470000001,10422.645160000002,10800.0,869.1026058233334,0.0
T_q80_4800,2025-03-20,2025-03-20,104,2025-03-20 17:20:00,2025-03-20 17:30:00,0.9862,6025.68,597.3375,5943.23,675.5625,877.9445833333332,20.084999999999923,898.0295833333331,0.80,0.80,28,,898.0295833333331,0.0,6.694166666667002,0.0,0.0,10422.645160000002,10415.207197037038,10800.0,885.6367750833331,0.0
T_q80_4800,2025-03-20,2025-03-20,105,2025-03-20 17:30:00,2025-03-20 17:40:00,0.976,6213.4416,374.8971,6260.5833,408.3651,975.3697,22.11248333333333,997.4821833333333,0.80,0.80,28,,997.4821833333333,24.39143333333334,0.0,0.0,0.0,10415.207197037038,10437.159487037037,10800.0,973.5426109333333,0.0
T_q80_4800,2025-03-20,2025-03-20,106,2025-03-20 17:40:00,2025-03-20 17:50:00,1.0742,5394.1467,156.1276,5643.5605,164.6811,913.1465666666666,21.769083333333356,934.9156499999999,0.80,0.80,28,,934.9156499999999,61.912466666666546,0.0,0.0,0.0,10437.159487037037,10492.880707037037,10800.0,1004.2863912299999,0.0
T_q80_4800,2025-03-20,2025-03-20,107,2025-03-20 17:50:00,2025-03-20 18:00:00,1.2313,4094.12,0.0,4339.62,0.0,723.27,33.309999999999945,756.5799999999999,0.80,0.80,28,,756.5799999999999,74.22666666666669,0.0,0.0,0.0,10492.880707037037,10559.684707037037,10800.0,931.576954,0.0
T_q80_4800,2025-03-20,2025-03-20,108,2025-03-20 18:00:00,2025-03-20 18:10:00,1.2561,4187.9837,0.0,4184.4013,0.0,697.4002166666667,17.745766666666782,715.1459833333334,0.80,0.80,28,,715.1459833333334,17.14870000000019,0.0,0.0,0.0,10559.684707037037,10575.118537037037,10800.0,898.2948696650002,0.0
T_q80_4800,2025-03-20,2025-03-20,109,2025-03-20 18:10:00,2025-03-20 18:20:00,1.2447,4441.4267,5.5774,4355.2005,5.7982,724.9003833333333,18.079366666666715,742.97975,0.80,0.80,28,,742.97975,3.6715333333334,0.0,0.0,0.0,10575.118537037037,10578.422917037036,10800.0,924.7868948249999,0.0
T_q80_4800,2025-03-20,2025-03-20,110,2025-03-20 18:20:00,2025-03-20 18:30:00,1.2545,4255.45,0.0,4309.15,0.0,718.1916666666666,33.68833333333333,751.8799999999999,0.80,0.80,28,,751.8799999999999,42.63833333333332,0.0,0.0,0.0,10578.422917037036,10616.797417037036,10800.0,943.2334599999998,0.0
T_q80_4800,2025-03-20,2025-03-20,111,2025-03-20 18:30:00,2025-03-20 18:40:00,1.2522,4286.5369,0.0,4354.2603,0.0,725.7100499999999,17.864016666666657,743.5740666666666,0.80,0.80,28,,743.5740666666666,29.15124999999989,0.0,0.0,0.0,10616.797417037036,10643.033542037036,10800.0,931.1034462799998,0.0
T_q80_4800,2025-03-20,2025-03-20,112,2025-03-20 18:40:00,2025-03-20 18:50:00,1.2881,4470.2464,0.4004,4338.3067,0.4163,722.9817333333333,17.531433333333325,740.5131666666666,0.80,0.80,28,,412.71763333333456,0.0,332.25669999999866,0.0,0.0,10643.033542037036,10273.859430925926,10435.782740740742,531.6215834966682,0.0
T_q80_4800,2025-03-20,2025-03-20,113,2025-03-20 18:50:00,2025-03-20 19:00:00,1.3466,4579.24,0.0,4288.92,0.0,714.8199999999999,19.361666666666622,734.1816666666666,0.80,0.80,28,,0.0,0.0,763.2066666666666,0.0,0.0,10273.859430925926,9425.852023518519,9620.025333333335,0.0,0.0
T_q80_4800,2025-03-20,2025-03-20,114,2025-03-20 19:00:00,2025-03-20 19:10:00,1.3523,4480.3082,0.0,4415.0451,0.0,735.84085,15.542066666666642,751.3829166666667,0.80,0.80,28,,0.0,0.0,746.7180333333333,0.0,0.0,9425.852023518519,8596.165319814816,8785.155425925926,0.0,0.0
T_q80_4800,2025-03-20,2025-03-20,115,2025-03-20 19:10:00,2025-03-20 19:20:00,1.3445,4285.5618,0.0288,4447.7655,0.0299,741.2892666666667,17.82353333333333,759.1128,0.80,0.80,28,,0.0,0.0,714.2555,0.0,0.0,8596.165319814816,7802.548097592594,7941.696759259259,0.0,0.0
T_q80_4800,2025-03-20,2025-03-20,116,2025-03-20 19:20:00,2025-03-20 19:30:00,1.3483,4196.78,0.0,4430.96,0.0,738.4933333333333,24.069999999999936,762.5633333333333,0.80,0.80,28,,0.0,0.0,699.4633333333333,0.0,0.0,7802.548097592594,7025.366616111112,7094.404166666666,0.0,0.0
T_q80_4800,2025-03-20,2025-03-20,117,2025-03-20 19:30:00,2025-03-20 19:40:00,1.349,4330.8684,0.0,4648.3362,0.0,774.7226999999999,17.09996666666666,791.8226666666666,0.80,0.80,28,,0.0,0.0,721.8114,0.0,0.0,7025.366616111112,6223.353949444446,6214.6012037037035,0.0,0.0
T_q80_4800,2025-03-20,2025-03-20,118,2025-03-20 19:40:00,2025-03-20 19:50:00,1.3473,4370.9481,0.0021,4630.751,0.0021,771.7914833333334,14.584383333333335,786.3758666666668,0.80,0.80,28,,0.0,0.0,728.491,0.0,0.0,6223.353949444446,5413.919505000002,5340.85024074074,0.0,0.0
T_q80_4800,2025-03-20,2025-03-20,119,2025-03-20 19:50:00,2025-03-20 20:00:00,1.3482,4358.21,0.0,4405.57,0.0,734.2616666666665,18.949999999999932,753.2116666666665,0.80,0.80,28,,0.0,0.0,726.3683333333333,0.0,0.0,5413.919505000002,4606.843579074076,4503.948388888889,0.0,0.0
T_q80_4800,2025-03-20,2025-03-20,120,2025-03-20 20:00:00,2025-03-20 20:10:00,1.3513,4586.0191,0.0,4459.9096,0.0,743.3182666666667,13.912816666666686,757.2310833333333,0.80,0.80,28,,0.0,0.0,764.3365166666667,0.0,0.0,4606.843579074076,3757.58078277778,3662.5805185185186,0.0,0.0
T_q80_4800,2025-03-20,2025-03-20,121,2025-03-20 20:10:00,2025-03-20 20:20:00,1.34,4523.6629,0.0,4389.7527,0.0,731.62545,18.0460833333334,749.6715333333334,0.80,0.80,28,,0.0,0.0,753.9438166666666,0.0,0.0,3757.58078277778,2919.865430925928,2829.612148148148,0.0,0.0
T_q80_4800,2025-03-20,2025-03-20,122,2025-03-20 20:20:00,2025-03-20 20:30:00,1.3489,4215.37,0.0,4195.37,0.0,699.2283333333332,22.285000000000025,721.5133333333333,0.80,0.80,28,,0.0,0.0,702.5616666666666,0.0,0.0,2919.865430925928,2139.241356851854,2027.9306666666666,0.0,0.0
T_q80_4800,2025-03-20,2025-03-20,123,2025-03-20 20:30:00,2025-03-20 20:40:00,1.3952,4256.2469,0.0,4327.8811,0.0,721.3135166666666,23.824083333333363,745.1376,0.80,0.80,28,,0.0,0.0,709.3744833333333,0.0,0.0,2139.241356851854,1351.0474864814837,1200.0,0.0,0.0
T_q80_4800,2025-03-20,2025-03-20,124,2025-03-20 20:40:00,2025-03-20 20:50:00,1.2226,4319.0159,0.0,4512.0344,0.0,752.0057333333332,17.779016666666735,769.7847499999999,0.80,0.80,28,,769.7847499999999,49.94876666666653,0.0,0.0,0.0,1351.0474864814837,1396.0013764814835,1200.0,941.1388353499998,0.0
T_q80_4800,2025-03-20,2025-03-20,125,2025-03-20 20:50:00,2025-03-20 21:00:00,0.9332,4257.25,0.0,4484.87,0.0,747.4783333333332,28.518333333333374,775.9966666666667,0.80,0.80,28,,775.9966666666667,66.45500000000004,0.0,0.0,0.0,1396.0013764814835,1455.8108764814835,1200.0,724.1600893333333,0.0
T_q80_4800,2025-03-20,2025-03-20,126,2025-03-20 21:00:00,2025-03-20 21:10:00,0.9068,4290.2681,0.0,4273.0646,0.0,712.1774333333333,20.06291666666675,732.24035,0.80,0.80,28,,732.24035,17.19566666666674,0.0,0.0,0.0,1455.8108764814835,1471.2869764814836,1200.0,663.99554938,0.0
T_q80_4800,2025-03-20,2025-03-20,127,2025-03-20 21:10:00,2025-03-20 21:20:00,0.9371,4418.7036,0.0,4239.7897,0.0,706.6316166666667,22.373416666666685,729.0050333333334,0.80,0.80,28,,729.0050333333334,0.0,7.4455666666665365,0.0,0.0,1471.2869764814836,1463.0141246296319,1200.0,683.1506167366667,0.0
T_q80_4800,2025-03-20,2025-03-20,128,2025-03-20 21:20:00,2025-03-20 21:30:00,0.9371,4553.6,0.0,4406.58,0.0,734.43,22.776666666666642,757.2066666666666,0.80,0.80,28,,757.2066666666666,0.0,1.7266666666668016,0.0,0.0,1463.0141246296319,1461.0956061111133,1200.0,709.5783673333333,0.0
T_q80_4800,2025-03-20,2025-03-20,129,2025-03-20 21:30:00,2025-03-20 21:40:00,0.9871,4526.2528,0.0,4390.6494,0.0,731.7749,12.16478333333339,743.9396833333334,0.80,0.80,28,,743.9396833333335,0.0,10.43578333333312,0.0,0.0,1461.0956061111133,1449.5002912962987,1200.0,734.3428614183335,0.0
T_q80_4800,2025-03-20,2025-03-20,130,2025-03-20 21:40:00,2025-03-20 21:50:00,0.7764,4001.6252,0.0,3913.3811,0.0,652.2301833333333,18.00023333333337,670.2304166666668,0.80,0.80,28,,670.2304166666668,3.2928833333335206,0.0,0.0,0.0,1449.5002912962987,1452.4638862962988,1200.0,520.3668955,0.0
T_q80_4800,2025-03-20,2025-03-20,131,2025-03-20 21:50:00,2025-03-20 22:00:00,0.4209,3318.94,0.0,3346.61,0.0,557.7683333333333,30.769999999999982,588.5383333333333,0.80,0.80,28,,1421.8716666666664,833.3333333333333,0.0,0.0,35.38166666666655,1452.4638862962988,2202.463886296299,1950.0,598.4657844999999,0.0
T_q80_4800,2025-03-20,2025-03-20,132,2025-03-20 22:00:00,2025-03-20 22:10:00,0.3859,3233.4088,0.0,3373.0005,0.0,562.16675,27.100149999999985,589.2669,0.80,0.80,28,,1422.600233333333,833.3333333333333,0.0,0.0,50.36543333333316,2202.463886296299,2952.463886296299,2700.0,548.9814300433333,0.0
T_q80_4800,2025-03-20,2025-03-20,133,2025-03-20 22:10:00,2025-03-20 22:20:00,0.4368,3319.971,0.0,3465.5966,0.0,577.5994333333333,14.584066666666672,592.1835,0.80,0.80,28,,592.1835,38.85500000000002,0.0,0.0,0.0,2952.463886296299,2987.433386296299,2700.0,258.6657528,0.0
T_q80_4800,2025-03-20,2025-03-20,134,2025-03-20 22:20:00,2025-03-20 22:30:00,0.4198,3255.84,0.0,3381.63,0.0,563.605,22.411666666666747,586.0166666666668,0.80,0.80,28,,1419.35,833.3333333333333,0.0,0.0,43.376666666666665,2987.433386296299,3737.433386296299,3450.0,595.84313,0.0
T_q80_4800,2025-03-20,2025-03-20,135,2025-03-20 22:30:00,2025-03-20 22:40:00,0.4186,3144.1326,0.0,3375.153,0.0,562.5255,26.99753333333331,589.5230333333333,0.80,0.80,28,,1422.8563666666664,833.3333333333333,0.0,0.0,65.50093333333325,3737.433386296299,4487.433386296299,4200.0,595.6076750866666,0.0
T_q80_4800,2025-03-20,2025-03-20,136,2025-03-20 22:40:00,2025-03-20 22:50:00,0.4241,3161.8174,0.0,3326.3207,0.0,554.3867833333334,28.078083333333325,582.4648666666667,0.80,0.80,28,,582.4648666666667,55.49530000000004,0.0,0.0,0.0,4487.433386296299,4537.3791562963,4200.0,247.02334995333334,0.0
T_q80_4800,2025-03-20,2025-03-20,137,2025-03-20 22:50:00,2025-03-20 23:00:00,0.4237,3296.4,0.0,3298.16,0.0,549.6933333333333,27.471666666666692,577.165,0.80,0.80,28,,577.165,27.764999999999986,0.0,0.0,0.0,4537.3791562963,4562.3676562963,4200.0,244.54481049999998,0.0
T_q80_4800,2025-03-20,2025-03-20,138,2025-03-20 23:00:00,2025-03-20 23:10:00,0.4248,3356.4081,0.0,3488.4212,0.0,581.4035333333334,20.99095000000011,602.3944833333335,0.80,0.80,28,,602.3944833333335,42.9931333333335,0.0,0.0,0.0,4562.3676562963,4601.0614762963005,4200.0,255.89717652000007,0.0
T_q80_4800,2025-03-20,2025-03-20,139,2025-03-20 23:10:00,2025-03-20 23:20:00,0.424,3261.7676,0.0,3525.4193,0.0,587.5698833333333,24.53320000000008,612.1030833333334,0.80,0.80,28,,612.1030833333334,68.4751500000001,0.0,0.0,0.0,4601.0614762963005,4662.6891112963,4200.0,259.5317073333334,0.0
T_q80_4800,2025-03-20,2025-03-20,140,2025-03-20 23:20:00,2025-03-20 23:30:00,0.422,3267.73,0.0,3418.47,0.0,569.7449999999999,23.088333333333367,592.8333333333333,0.80,0.80,28,,1259.5,714.8783333333333,0.0,0.0,0.0,4662.6891112963,5306.0796112963,4800.0,531.509,0.0
T_q80_4800,2025-03-20,2025-03-20,141,2025-03-20 23:30:00,2025-03-20 23:40:00,0.424,3604.076,0.0,3469.7557,0.0,578.2926166666666,15.256899999999973,593.5495166666666,0.80,0.80,28,,593.5495166666666,0.0,7.12981666666667,0.0,0.0,5306.0796112963,5298.157592777781,4800.0,251.66499506666662,0.0
T_q80_4800,2025-03-20,2025-03-20,142,2025-03-20 23:40:00,2025-03-20 23:50:00,0.4271,3245.8691,0.0,3090.0777,0.0,515.0129499999999,26.59960000000001,541.6125499999999,0.80,0.80,28,,541.6125499999999,0.634366666666665,0.0,0.0,0.0,5298.157592777781,5298.728522777781,4800.0,231.32272010499997,0.0
T_q80_4800,2025-03-20,2025-03-20,143,2025-03-20 23:50:00,2025-03-21 00:00:00,0.4276,2401.0,0.0,2440.31,0.0,406.7183333333333,28.039999999999964,434.75833333333327,0.80,0.80,28,,434.75833333333327,34.59166666666664,0.0,0.0,0.0,5298.728522777781,5329.861022777781,4800.0,185.9026633333333,0.0
T_q80_4800,2025-06-21,2025-06-21,0,2025-06-21 00:00:00,2025-06-21 00:10:00,0.4248,3087.9838,0.0,3292.2207,0.0,548.70345,79.98968333333335,628.6931333333333,0.80,0.80,28,,628.6931333333333,114.0291666666667,0.0,0.0,0.0,7278.15610333333,7380.78235333333,7278.15610333333,267.06884304,0.0
T_q80_4800,2025-06-21,2025-06-21,1,2025-06-21 00:10:00,2025-06-21 00:20:00,0.4245,3200.0919,0.0,3247.762,0.0,541.2936666666667,82.38476666666679,623.6784333333335,0.80,0.80,28,,623.6784333333335,90.32978333333358,0.0,0.0,0.0,7380.78235333333,7462.07915833333,7278.15610333333,264.75149495000005,0.0
T_q80_4800,2025-06-21,2025-06-21,2,2025-06-21 00:20:00,2025-06-21 00:30:00,0.4269,3401.46,0.0,3135.42,0.0,522.5699999999999,80.45000000000005,603.02,0.80,0.80,28,,603.02,36.110000000000014,0.0,0.0,0.0,7462.07915833333,7494.57815833333,7278.15610333333,257.429238,0.0
T_q80_4800,2025-06-21,2025-06-21,3,2025-06-21 00:30:00,2025-06-21 00:40:00,0.4272,3063.5261,0.0,3144.8943,0.0,524.14905,83.92328333333342,608.0723333333334,0.80,0.80,28,,608.0723333333334,97.4846500000001,0.0,0.0,0.0,7494.57815833333,7582.31434333333,7278.15610333333,259.7685008,0.0
T_q80_4800,2025-06-21,2025-06-21,4,2025-06-21 00:40:00,2025-06-21 00:50:00,0.4271,2820.2572,0.0,3189.3566,0.0,531.5594333333333,67.45838333333324,599.0178166666666,0.80,0.80,28,,599.0178166666666,128.97494999999992,0.0,0.0,0.0,7582.31434333333,7698.3917983333295,7278.15610333333,255.8405094983333,0.0
T_q80_4800,2025-06-21,2025-06-21,5,2025-06-21 00:50:00,2025-06-21 01:00:00,0.4285,2883.38,0.0,3191.86,0.0,531.9766666666667,60.83333333333337,592.8100000000001,0.80,0.80,28,,592.8100000000001,112.24666666666673,0.0,0.0,0.0,7698.3917983333295,7799.413798333329,7278.15610333333,254.01908500000002,0.0
T_q80_4800,2025-06-21,2025-06-21,6,2025-06-21 01:00:00,2025-06-21 01:10:00,0.4311,2869.9796,0.0,3141.3129,0.0,523.55215,71.39769999999999,594.94985,0.80,0.80,28,,594.94985,116.61991666666665,0.0,0.0,0.0,7799.413798333329,7904.371723333329,7278.15610333333,256.482880335,0.0
T_q80_4800,2025-06-21,2025-06-21,7,2025-06-21 01:10:00,2025-06-21 01:20:00,0.4302,2985.8287,0.0,2978.2906,0.0,496.38176666666664,75.55776666666668,571.9395333333333,0.80,0.80,28,,571.9395333333333,74.30141666666668,0.0,0.0,0.0,7904.371723333329,7971.2429983333295,7278.15610333333,246.04838724,0.0
T_q80_4800,2025-06-21,2025-06-21,8,2025-06-21 01:20:00,2025-06-21 01:30:00,0.4279,3164.18,0.0,2859.96,0.0,476.65999999999997,53.91666666666663,530.5766666666666,0.80,0.80,28,,530.5766666666666,3.2133333333333667,0.0,0.0,0.0,7971.2429983333295,7974.134998333329,7278.15610333333,227.03375566666665,0.0
T_q80_4800,2025-06-21,2025-06-21,9,2025-06-21 01:30:00,2025-06-21 01:40:00,0.4312,3064.8457,0.0,2991.4169,0.0,498.5694833333333,52.698999999999955,551.2684833333333,0.80,0.80,28,,551.2684833333333,40.460866666666675,0.0,0.0,0.0,7974.134998333329,8010.549778333329,7278.15610333333,237.70697001333332,0.0
T_q80_4800,2025-06-21,2025-06-21,10,2025-06-21 01:40:00,2025-06-21 01:50:00,0.4333,2954.0459,0.0,2886.449,0.0,481.07483333333334,71.00720000000001,552.0820333333334,0.80,0.80,28,,552.0820333333334,59.74105000000003,0.0,0.0,0.0,8010.549778333329,8064.31672333333,7278.15610333333,239.21714504333335,0.0
T_q80_4800,2025-06-21,2025-06-21,11,2025-06-21 01:50:00,2025-06-21 02:00:00,0.4311,2994.62,0.0,2684.58,0.0,447.42999999999995,95.43000000000006,542.86,0.80,0.80,28,,542.86,43.75666666666672,0.0,0.0,0.0,8064.31672333333,8103.69772333333,7278.15610333333,234.026946,0.0
T_q80_4800,2025-06-21,2025-06-21,12,2025-06-21 02:00:00,2025-06-21 02:10:00,0.4293,3072.4014,0.0,2981.874,0.0,496.9789999999999,62.86976666666658,559.8487666666665,0.80,0.80,28,,559.8487666666665,47.781866666666474,0.0,0.0,0.0,8103.69772333333,8146.70140333333,7278.15610333333,240.34307552999994,0.0
T_q80_4800,2025-06-21,2025-06-21,13,2025-06-21 02:10:00,2025-06-21 02:20:00,0.4324,3013.1015,0.0,3040.3061,0.0,506.7176833333333,34.98633333333328,541.7040166666666,0.80,0.80,28,,541.7040166666666,39.520433333333244,0.0,0.0,0.0,8146.70140333333,8182.26979333333,7278.15610333333,234.23281680666662,0.0
T_q80_4800,2025-06-21,2025-06-21,14,2025-06-21 02:20:00,2025-06-21 02:30:00,0.4367,2838.75,0.0,2782.61,0.0,463.7683333333333,35.389999999999986,499.1583333333333,0.80,0.80,28,,499.1583333333333,26.033333333333303,0.0,0.0,0.0,8182.26979333333,8205.69979333333,7278.15610333333,217.98244416666665,0.0
T_q80_4800,2025-06-21,2025-06-21,15,2025-06-21 02:30:00,2025-06-21 02:40:00,0.4348,2749.9199,0.0,2861.4034,0.0,476.9005666666667,34.741166666666686,511.6417333333334,0.80,0.80,28,,511.6417333333334,53.321750000000065,0.0,0.0,0.0,8205.69979333333,8253.68936833333,7278.15610333333,222.46182565333336,0.0
T_q80_4800,2025-06-21,2025-06-21,16,2025-06-21 02:40:00,2025-06-21 02:50:00,0.4335,2820.5847,0.0,2863.2888,0.0,477.21479999999997,35.84635000000003,513.06115,0.80,0.80,28,,513.06115,42.96370000000002,0.0,0.0,0.0,8253.68936833333,8292.35669833333,7278.15610333333,222.412008525,0.0
T_q80_4800,2025-06-21,2025-06-21,17,2025-06-21 02:50:00,2025-06-21 03:00:00,0.4357,2936.24,0.0,2706.74,0.0,451.1233333333333,46.31499999999994,497.4383333333332,0.80,0.80,28,,497.4383333333333,8.064999999999998,0.0,0.0,0.0,8292.35669833333,8299.61519833333,7278.15610333333,216.7338818333333,0.0
T_q80_4800,2025-06-21,2025-06-21,18,2025-06-21 03:00:00,2025-06-21 03:10:00,0.4374,2920.1894,0.0012,2767.5101,0.0016,461.2514166666666,19.441666666666606,480.6930833333332,0.80,0.80,28,,186.95607366666832,0.0,299.741959666665,0.0,0.0,8299.61519833333,7966.568576481479,6951.781648148147,81.77458662180072,0.0
T_q80_4800,2025-06-21,2025-06-21,19,2025-06-21 03:10:00,2025-06-21 03:20:00,0.4371,2951.0328,0.0,2826.5835,0.0,471.09725000000003,25.437033333333375,496.5342833333334,0.80,0.80,28,,496.5342833333334,4.695483333333414,0.0,0.0,0.0,7966.568576481479,7970.794511481479,6951.781648148147,217.03513524500002,0.0
T_q80_4800,2025-06-21,2025-06-21,20,2025-06-21 03:20:00,2025-06-21 03:30:00,0.4356,2977.51,0.0,2821.38,0.0,470.23,36.261666666666656,506.4916666666667,0.80,0.80,28,,506.4916666666667,10.240000000000009,0.0,0.0,0.0,7970.794511481479,7980.01051148148,6951.781648148147,220.62777,0.0
T_q80_4800,2025-06-21,2025-06-21,21,2025-06-21 03:30:00,2025-06-21 03:40:00,0.4353,2780.298,0.0162,2923.502,0.0221,487.24664999999993,28.029300000000035,515.27595,0.80,0.80,28,,515.27595,51.895650000000046,0.0,0.0,0.0,7980.01051148148,8026.716596481479,6951.781648148147,224.299621035,0.0
T_q80_4800,2025-06-21,2025-06-21,22,2025-06-21 03:40:00,2025-06-21 03:50:00,0.436,2728.3059,0.0,2996.6877,0.0,499.44795,30.771849999999972,530.2198,0.80,0.80,28,,530.2198,75.50215000000003,0.0,0.0,0.0,8026.716596481479,8094.6685314814795,6951.781648148147,231.1758328,0.0
T_q80_4800,2025-06-21,2025-06-21,23,2025-06-21 03:50:00,2025-06-21 04:00:00,0.4378,2862.19,0.0,2885.8,0.0,480.9666666666667,25.464999999999918,506.4316666666666,0.80,0.80,28,,0.0,0.0,477.03166666666664,0.0,0.0,8094.6685314814795,7564.633346296294,6389.079796296295,0.0,0.0
T_q80_4800,2025-06-21,2025-06-21,24,2025-06-21 04:00:00,2025-06-21 04:10:00,0.4401,2845.9182,0.2263,2608.6737,0.3079,434.7276333333333,39.03223333333335,473.75986666666665,0.80,0.80,28,,0.0,0.0,474.28198333333336,0.0,0.0,7564.633346296294,7037.653364814812,5862.679944444443,0.0,0.0
T_q80_4800,2025-06-21,2025-06-21,25,2025-06-21 04:10:00,2025-06-21 04:20:00,0.4389,2748.951,0.0,2602.2534,0.0,433.70889999999997,31.743033333333415,465.4519333333334,0.80,0.80,28,,0.0,0.0,458.1585,0.0,0.0,7037.653364814812,6528.588364814813,5345.511129629628,0.0,0.0
T_q80_4800,2025-06-21,2025-06-21,26,2025-06-21 04:20:00,2025-06-21 04:30:00,0.4364,2677.31,0.0,2799.89,0.0,466.6483333333333,27.041666666666742,493.69000000000005,0.80,0.80,28,,493.69000000000005,47.47166666666675,0.0,0.0,0.0,6528.588364814813,6571.312864814813,5345.511129629628,215.44631600000002,0.0
T_q80_4800,2025-06-21,2025-06-21,27,2025-06-21 04:30:00,2025-06-21 04:40:00,0.4393,2660.8713,3.1516,2720.8463,4.2881,452.75969999999995,16.610483333333377,469.37018333333333,0.80,0.80,28,,0.0,0.0,442.9532833333333,0.0,0.0,6571.312864814813,6079.142549999999,4823.988703703702,0.0,0.0
T_q80_4800,2025-06-21,2025-06-21,28,2025-06-21 04:40:00,2025-06-21 04:50:00,0.4422,2702.3205,0.0,2641.2198,0.0,440.20329999999996,25.316533333333382,465.51983333333334,0.80,0.80,28,,0.0,0.0,450.38674999999995,0.0,0.0,6079.142549999999,5578.7128277777765,4306.744444444444,0.0,0.0
T_q80_4800,2025-06-21,2025-06-21,29,2025-06-21 04:50:00,2025-06-21 05:00:00,0.4395,2732.32,7.275,2632.74,8.7375,437.3337499999999,18.423333333333346,455.75708333333324,0.80,0.80,28,,0.0,0.0,454.1741666666667,0.0,0.0,5578.7128277777765,5074.074864814814,3800.3476851851847,0.0,0.0
T_q80_4800,2025-06-21,2025-06-21,30,2025-06-21 05:00:00,2025-06-21 05:10:00,0.4333,2664.7178,116.7655,2502.539,152.8995,391.60658333333333,37.46590000000003,429.07248333333337,0.80,0.80,28,,429.07248333333337,4.4137666666667315,0.0,0.0,0.0,5074.074864814814,5078.047254814814,3800.3476851851847,185.91710702833336,0.0
T_q80_4800,2025-06-21,2025-06-21,31,2025-06-21 05:10:00,2025-06-21 05:20:00,0.4439,2606.871,263.9703,2578.8036,339.8186,373.1641666666667,27.009900000000016,400.1740666666667,0.80,0.80,28,,0.0,0.0,390.48345,0.0,0.0,5078.047254814814,4644.176754814814,3355.709833333333,0.0,0.0
T_q80_4800,2025-06-21,2025-06-21,32,2025-06-21 05:20:00,2025-06-21 05:30:00,0.4301,2642.15,417.075,2833.56,525.2625,384.71624999999995,23.405000000000086,408.12125000000003,0.80,0.80,28,,408.12125000000003,37.27541666666667,0.0,0.0,0.0,4644.176754814814,4677.724629814814,3355.709833333333,175.53294962500001,0.0
T_q80_4800,2025-06-21,2025-06-21,33,2025-06-21 05:30:00,2025-06-21 05:40:00,0.3713,2745.0641,587.5961,2871.5102,736.5288,355.83023333333335,21.37241666666671,377.20265000000006,0.80,0.80,28,,377.20265000000006,17.624650000000088,0.0,0.0,0.0,4677.724629814814,4693.586814814814,3355.709833333333,140.05534394500003,0.0
T_q80_4800,2025-06-21,2025-06-21,34,2025-06-21 05:40:00,2025-06-21 05:50:00,0.5708,2758.042,735.8325,2789.4328,959.2791,305.0256166666667,21.967383333333316,326.993,0.80,0.80,28,,0.0,0.0,337.0349166666666,0.0,0.0,4693.586814814814,4319.103574074074,2992.3842777777772,0.0,0.0
T_q80_4800,2025-06-21,2025-06-21,35,2025-06-21 05:50:00,2025-06-21 06:00:00,0.9099,2741.64,890.7,2768.88,1180.05,264.805,36.95666666666659,301.7616666666666,0.80,0.80,28,,0.0,0.0,308.48999999999995,0.0,0.0,4319.103574074074,3976.336907407407,2657.0935370370366,0.0,0.0
T_q80_4800,2025-06-21,2025-06-21,36,2025-06-21 06:00:00,2025-06-21 06:10:00,0.9368,2888.7304,1136.9554,2863.8437,1397.0577,244.4643333333333,32.949283333333284,277.4136166666666,0.80,0.80,28,,0.0,0.0,291.9625,0.0,0.0,3976.336907407407,3651.9341296296293,2348.856185185185,0.0,0.0
T_q80_4800,2025-06-21,2025-06-21,37,2025-06-21 06:10:00,2025-06-21 06:20:00,0.8758,2932.231,1453.4028,2808.6146,1606.6151,200.33324999999996,26.53681666666671,226.87006666666667,0.80,0.80,28,,0.0,0.0,246.47136666666668,0.0,0.0,3651.9341296296293,3378.077055555555,2096.778333333333,0.0,0.0
T_q80_4800,2025-06-21,2025-06-21,38,2025-06-21 06:20:00,2025-06-21 06:30:00,0.8759,2764.02,1765.9125,2621.69,1807.2,135.74833333333333,56.85666666666663,192.60499999999996,0.80,0.80,28,,0.0,0.0,166.35125,0.0,0.0,3378.077055555555,3193.2423333333327,1882.7727777777777,0.0,0.0
T_q80_4800,2025-06-21,2025-06-21,39,2025-06-21 06:30:00,2025-06-21 06:40:00,0.8601,2606.6137,2022.3026,2617.437,2000.3548,102.8470333333333,50.00861666666674,152.85565000000003,0.80,0.80,28,,0.0,0.0,97.38518333333332,0.0,0.0,3193.2423333333327,3085.0365740740735,1712.9331666666667,0.0,0.0
T_q80_4800,2025-06-21,2025-06-21,40,2025-06-21 06:40:00,2025-06-21 06:50:00,0.8442,2867.7649,2350.4923,2834.3885,2192.9589,106.90493333333332,59.9829666666667,166.8879,0.80,0.80,28,,0.0,0.0,86.21210000000004,0.0,0.0,3085.0365740740735,2989.2453518518514,1527.5021666666667,0.0,0.0
T_q80_4800,2025-06-21,2025-06-21,41,2025-06-21 06:50:00,2025-06-21 07:00:00,0.8334,3304.27,2699.25,3131.11,2488.1625,107.1579166666667,52.93458333333325,160.09249999999994,0.80,0.80,28,,0.0,0.0,100.83666666666666,0.0,0.0,2989.2453518518514,2877.204611111111,1349.6216111111112,0.0,0.0
T_q80_4800,2025-06-21,2025-06-21,42,2025-06-21 07:00:00,2025-06-21 07:10:00,0.8092,3254.3169,2874.6231,3294.7013,2986.6862,51.33585000000001,53.30661666666663,104.64246666666664,0.80,0.80,28,,0.0,0.0,63.2823,0.0,0.0,2877.204611111111,2806.8909444444444,1233.3522037037037,0.0,0.0
T_q80_4800,2025-06-21,2025-06-21,43,2025-06-21 07:10:00,2025-06-21 07:20:00,0.7972,3137.5948,3006.0287,3261.0929,3412.6444,-25.258583333333338,55.27556666666669,30.016983333333354,0.80,0.80,28,,0.0,0.0,21.927683333333334,0.0,0.0,2806.8909444444444,2782.526851851852,1200.0,0.0,0.0
T_q80_4800,2025-06-21,2025-06-21,44,2025-06-21 07:20:00,2025-06-21 07:30:00,0.7644,3174.85,3224.8875,3155.75,3690.2625,-89.08541666666663,46.050416666666536,-43.035000000000096,0.80,0.80,28,,0.0,8.339583333333318,0.0,0.0,0.0,2782.526851851852,2790.0324768518517,1200.0,0.0,0.0
T_q80_4800,2025-06-21,2025-06-21,45,2025-06-21 07:30:00,2025-06-21 07:40:00,0.6899,3159.7263,3537.527,3173.0118,3974.9372,-133.65423333333325,45.79340000000002,-87.86083333333323,0.80,0.80,28,,0.0,62.96678333333337,0.0,0.0,0.0,2790.0324768518517,2846.702581851852,1200.0,0.0,0.0
T_q80_4800,2025-06-21,2025-06-21,46,2025-06-21 07:40:00,2025-06-21 07:50:00,0.86,3087.5763,3785.3986,3186.3298,4172.0564,-164.28776666666673,55.68689999999998,-108.60086666666675,0.80,0.80,28,,0.0,116.30371666666663,0.0,0.0,0.0,2846.702581851852,2951.375926851852,1200.0,0.0,0.0
T_q80_4800,2025-06-21,2025-06-21,47,2025-06-21 07:50:00,2025-06-21 08:00:00,1.1617,3062.36,4003.425,3174.31,4269.825,-182.5858333333333,75.08999999999992,-107.4958333333334,0.80,0.80,28,,0.0,156.84416666666667,0.0,0.0,0.0,2951.375926851852,3092.535676851852,1200.0,0.0,0.0
T_q80_4800,2025-06-21,2025-06-21,48,2025-06-21 08:00:00,2025-06-21 08:10:00,1.1683,3162.0197,4334.7324,3235.6404,4385.3882,-191.62463333333335,85.90065000000004,-105.72398333333331,0.80,0.80,28,,0.0,195.45211666666665,0.0,0.0,0.0,3092.535676851852,3268.4425818518516,1200.0,0.0,0.0
T_q80_4800,2025-06-21,2025-06-21,49,2025-06-21 08:10:00,2025-06-21 08:20:00,1.0956,3160.9922,4441.8035,3211.7119,4557.504,-224.29868333333334,103.44353333333328,-120.85515000000007,0.80,0.80,28,,0.0,213.46854999999996,0.0,0.0,0.0,3268.4425818518516,3460.5642768518514,1200.0,0.0,0.0
T_q80_4800,2025-06-21,2025-06-21,50,2025-06-21 08:20:00,2025-06-21 08:30:00,1.0849,3037.59,4358.7,3117.03,4806.1125,-281.51374999999996,111.62999999999997,-169.88375,0.80,0.80,28,,0.0,220.18499999999995,0.0,0.0,0.0,3460.5642768518514,3658.7307768518513,1200.0,0.0,0.0
T_q80_4800,2025-06-21,2025-06-21,51,2025-06-21 08:30:00,2025-06-21 08:40:00,1.061,3030.9974,4479.895,3160.411,5092.0224,-321.93523333333326,100.34430000000012,-221.59093333333314,0.80,0.80,28,,0.0,241.48293333333336,0.0,0.0,0.0,3658.7307768518513,3876.0654168518513,1200.0,0.0,0.0
T_q80_4800,2025-06-21,2025-06-21,52,2025-06-21 08:40:00,2025-06-21 08:50:00,1.043,3289.939,4668.5166,3366.9129,5152.4772,-297.59405000000004,114.85684999999995,-182.7372000000001,0.80,0.80,28,,0.0,229.76293333333334,0.0,0.0,0.0,3876.0654168518513,4082.852056851851,1200.0,0.0,0.0
T_q80_4800,2025-06-21,2025-06-21,53,2025-06-21 08:50:00,2025-06-21 09:00:00,1.036,3650.62,4746.075,3644.16,5183.1,-256.49000000000007,121.35708333333349,-135.13291666666657,0.80,0.80,28,,0.0,182.57583333333332,0.0,0.0,0.0,4082.852056851851,4247.170306851851,1200.0,0.0,0.0
T_q80_4800,2025-06-21,2025-06-21,54,2025-06-21 09:00:00,2025-06-21 09:10:00,1.0147,3785.9011,4746.9534,3852.5107,5602.4247,-291.6523333333333,142.82838333333316,-148.8239500000001,0.80,0.80,28,,0.0,160.17538333333337,0.0,0.0,0.0,4247.170306851851,4391.328151851851,1200.0,0.0,0.0
T_q80_4800,2025-06-21,2025-06-21,55,2025-06-21 09:10:00,2025-06-21 09:20:00,0.9922,3849.6183,5139.4381,3939.4047,5705.744,-294.3898833333333,127.48408333333339,-166.90579999999989,0.80,0.80,28,,0.0,214.9699666666667,0.0,0.0,0.0,4391.328151851851,4584.80112185185,1200.0,0.0,0.0
T_q80_4800,2025-06-21,2025-06-21,56,2025-06-21 09:20:00,2025-06-21 09:30:00,0.97,3824.6,5794.3125,3890.66,5464.2375,-262.2629166666667,118.24416666666669,-144.01875,0.80,0.80,28,,0.0,328.28541666666666,0.0,0.0,0.0,4584.80112185185,4880.25799685185,1313.1997349999974,0.0,0.0
T_q80_4800,2025-06-21,2025-06-21,57,2025-06-21 09:30:00,2025-06-21 09:40:00,0.9422,3582.3586,6109.068,3743.0588,5592.3571,-308.2163833333334,121.46611666666672,-186.75026666666668,0.80,0.80,28,,0.0,421.11823333333336,0.0,0.0,0.0,4880.25799685185,5259.26440685185,1481.2749749999975,0.0,0.0
T_q80_4800,2025-06-21,2025-06-21,58,2025-06-21 09:40:00,2025-06-21 09:50:00,0.9569,3687.9447,6385.1018,3668.9743,5934.8802,-377.6509833333333,128.3155666666668,-249.33541666666648,0.80,0.80,28,,0.0,449.5261833333334,0.0,0.0,0.0,5259.26440685185,5663.83797185185,1705.6768499999973,0.0,0.0
T_q80_4800,2025-06-21,2025-06-21,59,2025-06-21 09:50:00,2025-06-21 10:00:00,0.9977,4000.14,6643.5375,3763.84,6259.5,-415.94333333333327,137.67583333333337,-278.2674999999999,0.80,0.80,28,,0.0,440.5662500000001,0.0,0.0,0.0,5663.83797185185,6060.34759685185,1956.1175999999973,0.0,0.0
T_q80_4800,2025-06-21,2025-06-21,60,2025-06-21 10:00:00,2025-06-21 10:10:00,0.9919,3826.1041,6589.8893,3940.9272,6487.3724,-424.40753333333333,141.49390000000008,-282.9136333333332,0.80,0.80,28,,0.0,460.63086666666663,0.0,0.0,0.0,6060.34759685185,6474.91537685185,2210.739869999997,0.0,0.0
T_q80_4800,2025-06-21,2025-06-21,61,2025-06-21 10:10:00,2025-06-21 10:20:00,0.9588,3761.4976,6695.6004,3851.4805,6558.8571,-451.2294333333333,163.8027499999999,-287.4266833333334,0.80,0.80,28,,0.0,489.01713333333333,0.0,0.0,0.0,6474.91537685185,6915.03079685185,2469.4238849999974,0.0,0.0
T_q80_4800,2025-06-21,2025-06-21,62,2025-06-21 10:20:00,2025-06-21 10:30:00,0.9549,3901.91,7000.9875,3627.76,6622.0125,-499.04208333333327,149.24666666666667,-349.7954166666666,0.80,0.80,28,,0.0,516.5129166666667,0.0,0.0,0.0,6915.03079685185,7379.89242185185,2784.239759999997,0.0,0.0
T_q80_4800,2025-06-21,2025-06-21,63,2025-06-21 10:30:00,2025-06-21 10:40:00,0.9839,3726.7535,7093.8409,3731.9048,6889.2348,-526.2216666666667,139.0475,-387.1741666666667,0.80,0.80,28,,0.0,561.1812333333334,0.0,0.0,0.0,7379.89242185185,7884.95553185185,3132.696509999997,0.0,0.0
T_q80_4800,2025-06-21,2025-06-21,64,2025-06-21 10:40:00,2025-06-21 10:50:00,0.799,3565.5609,7243.1188,3783.4133,7030.3159,-541.1504333333332,113.69718333333336,-427.4532499999999,0.80,0.80,28,,0.0,612.9263166666667,0.0,0.0,0.0,7884.95553185185,8436.58921685185,3517.4044349999967,0.0,0.0
T_q80_4800,2025-06-21,2025-06-21,65,2025-06-21 10:50:00,2025-06-21 11:00:00,0.5025,3679.21,7400.1,3618.92,6992.85,-562.3216666666667,112.96999999999994,-449.3516666666668,0.80,0.80,28,,0.0,620.1483333333333,0.0,0.0,0.0,8436.58921685185,8994.72271685185,3921.820934999997,0.0,0.0
T_q80_4800,2025-06-21,2025-06-21,66,2025-06-21 11:00:00,2025-06-21 11:10:00,0.4662,3945.6166,7306.5816,3481.824,7042.9006,-593.5127666666666,121.1284999999998,-472.3842666666668,0.80,0.80,28,,0.0,560.1608333333334,0.0,0.0,0.0,8994.72271685185,9498.867466851849,4346.966774999997,0.0,0.0
T_q80_4800,2025-06-21,2025-06-21,67,2025-06-21 11:10:00,2025-06-21 11:20:00,0.5007,3900.6403,7782.8954,3500.7818,7067.4755,-594.4489499999999,126.49885000000006,-467.9500999999998,0.80,0.80,28,,0.0,647.0425166666666,0.0,0.0,0.0,9498.867466851849,10081.20573185185,4768.121864999997,0.0,0.0
T_q80_4800,2025-06-21,2025-06-21,68,2025-06-21 11:20:00,2025-06-21 11:30:00,0.4827,3645.76,8490.225,3619.72,7078.8,-576.5133333333333,107.3258333333333,-469.1875,0.80,0.80,28,,0.0,798.6602979423899,0.0,0.0,8.750535390943469,10081.20573185185,10800.0,5190.3906149999975,0.0,0.0
T_q80_4800,2025-06-21,2025-06-21,69,2025-06-21 11:30:00,2025-06-21 11:40:00,0.4785,3705.1427,8180.7164,3676.5508,7189.044,-585.4155333333333,164.06218333333317,-421.35335000000015,0.80,0.80,28,,0.0,0.0,0.0,0.0,745.9289500000001,10800.0,10800.0,5569.608629999998,0.0,0.0
T_q80_4800,2025-06-21,2025-06-21,70,2025-06-21 11:40:00,2025-06-21 11:50:00,0.4662,3724.3133,7677.6706,3689.0127,7033.8841,-557.4785666666667,172.85366666666658,-384.6249000000001,0.80,0.80,28,,0.0,0.0,0.0,0.0,658.8928833333334,10800.0,10800.0,5915.771039999998,0.0,0.0
T_q80_4800,2025-06-21,2025-06-21,71,2025-06-21 11:50:00,2025-06-21 12:00:00,0.4432,3631.08,7665.1125,3693.53,6626.2125,-488.78041666666655,130.56833333333338,-358.21208333333317,0.80,0.80,28,,0.0,0.0,0.0,0.0,672.33875,10800.0,10800.0,6238.161914999998,0.0,0.0
T_q80_4800,2025-06-21,2025-06-21,72,2025-06-21 12:00:00,2025-06-21 12:10:00,0.4411,3735.5415,8044.2631,3700.2899,6414.5524,-452.3770833333332,133.93081666666677,-318.4462666666664,0.80,0.80,28,,0.0,0.0,0.0,0.0,718.1202666666668,10800.0,10800.0,6524.763554999998,0.0,0.0
T_q80_4800,2025-06-21,2025-06-21,73,2025-06-21 12:10:00,2025-06-21 12:20:00,0.4551,3852.2352,8300.9755,3725.1955,6580.7353,-475.92330000000004,133.0395166666667,-342.8837833333333,0.80,0.80,28,,0.0,0.0,0.0,0.0,741.4567166666667,10800.0,10800.0,6833.358959999998,0.0,0.0
T_q80_4800,2025-06-21,2025-06-21,74,2025-06-21 12:20:00,2025-06-21 12:30:00,0.4463,3928.56,8383.0125,3761.52,6916.125,-525.7674999999999,130.21291666666653,-395.5545833333334,0.80,0.80,28,,0.0,0.0,0.0,0.0,742.4087500000002,10800.0,10800.0,7189.358084999998,0.0,0.0
T_q80_4800,2025-06-21,2025-06-21,75,2025-06-21 12:30:00,2025-06-21 12:40:00,0.4113,4059.9044,8605.7877,3780.9427,6997.9126,-536.1616499999999,131.64124999999996,-404.52039999999994,0.80,0.80,28,,0.0,0.0,0.0,0.0,757.6472166666668,10800.0,10800.0,7553.426444999998,0.0,0.0
T_q80_4800,2025-06-21,2025-06-21,76,2025-06-21 12:40:00,2025-06-21 12:50:00,0.5682,3912.5928,8542.7209,3768.4578,6828.0916,-509.9389666666666,143.96201666666673,-365.9769499999999,0.80,0.80,28,,0.0,0.0,0.0,0.0,771.6880166666666,10800.0,10800.0,7882.805699999998,0.0,0.0
T_q80_4800,2025-06-21,2025-06-21,77,2025-06-21 12:50:00,2025-06-21 13:00:00,0.8279,3688.01,8049.6,3763.37,6705.9,-490.4216666666666,180.7870833333333,-309.63458333333335,0.80,0.80,28,,0.0,0.0,0.0,0.0,726.9316666666666,10800.0,10800.0,8161.476824999998,0.0,0.0
T_q80_4800,2025-06-21,2025-06-21,78,2025-06-21 13:00:00,2025-06-21 13:10:00,0.8636,3910.4683,7493.4162,3817.3428,6883.7552,-511.0687333333333,161.94831666666659,-349.1204166666667,0.80,0.80,28,,0.0,0.0,0.0,0.0,597.1579833333333,10800.0,10800.0,8475.685199999998,0.0,0.0
T_q80_4800,2025-06-21,2025-06-21,79,2025-06-21 13:10:00,2025-06-21 13:20:00,0.8416,3862.6154,7354.9231,3834.9581,6717.4275,-480.41156666666666,143.34001666666666,-337.07155,0.80,0.80,28,,0.0,0.0,0.0,0.0,582.0512833333332,10800.0,10800.0,8779.049594999999,0.0,0.0
T_q80_4800,2025-06-21,2025-06-21,80,2025-06-21 13:20:00,2025-06-21 13:30:00,0.8618,3589.29,7340.8875,3827.67,6265.05,-406.23,156.60416666666663,-249.6258333333334,0.80,0.80,28,,0.0,0.0,0.0,0.0,625.2662499999999,10800.0,10800.0,9003.712844999998,0.0,0.0
T_q80_4800,2025-06-21,2025-06-21,81,2025-06-21 13:30:00,2025-06-21 13:40:00,0.8623,3849.2221,6714.7449,3893.2639,6241.1191,-391.3092,118.45496666666666,-272.8542333333333,0.80,0.80,28,,0.0,0.0,0.0,0.0,477.58713333333327,10800.0,10800.0,9249.281654999999,0.0,0.0
T_q80_4800,2025-06-21,2025-06-21,82,2025-06-21 13:40:00,2025-06-21 13:50:00,0.9026,3978.2382,6127.755,3906.2985,6290.4161,-397.3529333333334,112.68281666666672,-284.6701166666667,0.80,0.80,28,,0.0,0.0,0.0,0.0,358.25280000000004,10800.0,10800.0,9505.484759999998,0.0,0.0
T_q80_4800,2025-06-21,2025-06-21,83,2025-06-21 13:50:00,2025-06-21 14:00:00,0.9754,3861.85,5956.2,3871.55,6216.3,-390.79166666666663,118.6029166666666,-272.18875,0.80,0.80,28,,0.0,0.0,0.0,0.0,349.0583333333333,10800.0,10800.0,9750.454634999998,0.0,0.0
T_q80_4800,2025-06-21,2025-06-21,84,2025-06-21 14:00:00,2025-06-21 14:10:00,1.0002,4047.8905,5941.7978,3911.3368,6181.434,-378.34953333333334,121.66505000000006,-256.6844833333333,0.80,0.80,28,,0.0,0.0,0.0,0.0,315.6512166666667,10800.0,10800.0,9981.470669999999,0.0,0.0
T_q80_4800,2025-06-21,2025-06-21,85,2025-06-21 14:10:00,2025-06-21 14:20:00,0.9978,4095.2281,5827.294,3878.1365,6047.9156,-361.62985000000003,95.64298333333332,-265.98686666666674,0.80,0.80,28,,0.0,0.0,0.0,0.0,288.67764999999997,10800.0,10800.0,10220.858849999999,0.0,0.0
T_q80_4800,2025-06-21,2025-06-21,86,2025-06-21 14:20:00,2025-06-21 14:30:00,1.0271,4007.39,5738.1375,3792.1,5758.5375,-327.73958333333337,95.43249999999989,-232.30708333333348,0.80,0.80,28,,0.0,0.0,0.0,0.0,288.4579166666666,10800.0,10800.0,10429.935225,0.0,0.0
T_q80_4800,2025-06-21,2025-06-21,87,2025-06-21 14:30:00,2025-06-21 14:40:00,1.0906,4227.0513,5964.2607,3849.9288,5455.4133,-267.58074999999997,131.48446666666663,-136.09628333333333,0.80,0.80,28,,0.0,0.0,0.0,0.0,289.53489999999994,10800.0,10800.0,10552.42188,0.0,0.0
T_q80_4800,2025-06-21,2025-06-21,88,2025-06-21 14:40:00,2025-06-21 14:50:00,0.9376,4182.4486,5979.2451,4004.3225,5412.6767,-234.72569999999996,118.78881666666665,-115.93688333333331,0.80,0.80,28,,0.0,0.0,0.0,0.0,299.46608333333336,10800.0,10800.0,10656.765075,0.0,0.0
T_q80_4800,2025-06-21,2025-06-21,89,2025-06-21 14:50:00,2025-06-21 15:00:00,0.6694,3879.68,5680.4625,4111.94,5418.3,-217.72666666666674,108.1970833333333,-109.52958333333345,0.80,0.80,28,,0.0,0.0,0.0,0.0,300.13041666666663,10800.0,10800.0,10755.341699999999,0.0,0.0
T_q80_4800,2025-06-21,2025-06-21,90,2025-06-21 15:00:00,2025-06-21 15:10:00,0.66,3916.2335,5457.1539,4048.532,5001.8274,-158.88256666666666,109.2622333333332,-49.62033333333346,0.80,0.80,28,,0.0,0.0,0.0,0.0,256.8200666666667,10800.0,10800.0,10800.0,0.0,0.0
T_q80_4800,2025-06-21,2025-06-21,91,2025-06-21 15:10:00,2025-06-21 15:20:00,0.7217,3924.3398,5153.0688,3899.0665,4697.3994,-133.05548333333337,114.90004999999988,-18.15543333333349,0.80,0.80,28,,0.0,0.0,0.0,0.0,204.78816666666663,10800.0,10800.0,10800.0,0.0,0.0
T_q80_4800,2025-06-21,2025-06-21,92,2025-06-21 15:20:00,2025-06-21 15:30:00,0.7308,3875.5,4811.1,3872.03,4584.0375,-118.66791666666668,156.12208333333334,37.45416666666665,0.80,0.80,28,,37.45416666666665,0.0,0.0,0.0,193.38750000000005,10800.0,10800.0,10800.0,27.37150499999999,0.0
T_q80_4800,2025-06-21,2025-06-21,93,2025-06-21 15:30:00,2025-06-21 15:40:00,0.7534,4137.0155,4680.9532,4110.3626,4217.3348,-17.828699999999873,113.71116666666666,95.88246666666679,0.80,0.80,28,,95.8824666666668,0.0,0.0,0.0,186.53875000000005,10800.0,10800.0,10800.0,72.23785038666676,0.0
T_q80_4800,2025-06-21,2025-06-21,94,2025-06-21 15:40:00,2025-06-21 15:50:00,0.7823,4317.2602,4481.2341,4232.824,3892.0797,56.79071666666664,86.37094999999991,143.16166666666655,0.80,0.80,28,,143.16166666666655,0.0,0.0,0.0,170.49064999999987,10800.0,10800.0,10800.0,111.99537183333324,0.0
T_q80_4800,2025-06-21,2025-06-21,95,2025-06-21 15:50:00,2025-06-21 16:00:00,0.8055,4217.43,4055.4,4214.01,3756.6375,76.22875000000006,67.47999999999979,143.70874999999984,0.80,0.80,28,,143.70874999999984,0.0,0.0,0.0,116.70374999999981,10800.0,10800.0,10800.0,115.75739812499987,0.0
T_q80_4800,2025-06-21,2025-06-21,96,2025-06-21 16:00:00,2025-06-21 16:10:00,0.8271,4034.2858,3562.8565,4333.1906,3624.4529,118.12294999999995,68.99091666666675,187.1138666666667,0.80,0.80,28,,187.1138666666667,0.0,0.0,0.0,108.54231666666666,10800.0,10800.0,10800.0,154.76187912,0.0
T_q80_4800,2025-06-21,2025-06-21,97,2025-06-21 16:10:00,2025-06-21 16:20:00,0.8519,3980.7146,3361.4888,4174.9277,3335.8463,139.8469,78.41009999999994,218.25699999999995,0.80,0.80,28,,218.25699999999995,0.0,0.0,0.0,115.0527,10800.0,10800.0,10800.0,185.93313829999997,0.0
T_q80_4800,2025-06-21,2025-06-21,98,2025-06-21 16:20:00,2025-06-21 16:30:00,0.8791,4042.02,3406.575,3991.85,2977.575,169.04583333333335,87.96749999999997,257.0133333333333,0.80,0.80,28,,257.0133333333333,0.0,0.0,0.0,151.1058333333333,10800.0,10800.0,10800.0,225.94042133333332,0.0
T_q80_4800,2025-06-21,2025-06-21,99,2025-06-21 16:30:00,2025-06-21 16:40:00,0.9024,3983.774,3291.2298,4411.5054,2767.3411,274.0273833333333,86.79738333333324,360.82476666666656,0.80,0.80,28,,360.8247666666666,0.0,0.0,0.0,245.40073333333333,10800.0,10800.0,10800.0,325.60826943999996,0.0
T_q80_4800,2025-06-21,2025-06-21,100,2025-06-21 16:40:00,2025-06-21 16:50:00,0.9163,3621.8931,2964.175,4246.9867,2513.51,288.9127833333333,85.3331333333332,374.2459166666665,0.80,0.80,28,,374.2459166666665,0.0,0.0,0.0,264.6262333333333,10800.0,10800.0,10800.0,342.92153344166655,0.0
T_q80_4800,2025-06-21,2025-06-21,101,2025-06-21 16:50:00,2025-06-21 17:00:00,0.9264,3240.3,2623.6125,3538.36,2166.4875,228.64541666666665,104.59500000000003,333.24041666666665,0.80,0.80,28,,333.24041666666665,0.0,0.0,0.0,230.45916666666665,10800.0,10800.0,10800.0,308.71392199999997,0.0
T_q80_4800,2025-06-21,2025-06-21,102,2025-06-21 17:00:00,2025-06-21 17:10:00,0.9462,3335.0072,2479.2426,3542.8764,1892.5968,275.0466,91.67676666666671,366.7233666666667,0.80,0.80,28,,366.7233666666667,0.0,0.0,0.0,224.0959333333334,10800.0,10800.0,10800.0,346.9936495400001,0.0
T_q80_4800,2025-06-21,2025-06-21,103,2025-06-21 17:10:00,2025-06-21 17:20:00,0.9742,3462.6248,2185.8548,3659.3145,1730.908,321.4010833333333,89.5143333333333,410.9154166666666,0.80,0.80,28,,410.9154166666666,0.0,0.0,0.0,198.1204166666666,10800.0,10800.0,10800.0,400.3137989166666,0.0
T_q80_4800,2025-06-21,2025-06-21,104,2025-06-21 17:20:00,2025-06-21 17:30:00,0.9862,3484.27,1750.4625,3539.76,1616.475,320.5475,113.21125,433.75875,0.80,0.80,28,,433.75875,0.0,0.0,0.0,144.7908333333334,10800.0,10800.0,10800.0,427.77287925,0.0
T_q80_4800,2025-06-21,2025-06-21,105,2025-06-21 17:30:00,2025-06-21 17:40:00,0.976,3649.2081,1528.3871,3489.1585,1447.3721,340.2977333333333,103.88524999999981,444.18298333333314,0.80,0.80,28,,444.18298333333314,0.0,0.0,0.0,90.71281666666653,10800.0,10800.0,10800.0,433.5225917333331,0.0
T_q80_4800,2025-06-21,2025-06-21,106,2025-06-21 17:40:00,2025-06-21 17:50:00,1.0742,3604.3529,1310.4274,3482.0899,1250.3672,371.9537833333334,100.79655000000014,472.7503333333335,0.80,0.80,28,,472.7503333333335,0.0,0.0,0.0,90.4294166666669,10800.0,10800.0,10800.0,507.8284080666669,0.0
T_q80_4800,2025-06-21,2025-06-21,107,2025-06-21 17:50:00,2025-06-21 18:00:00,1.2313,3349.51,1034.1,3497.41,1054.575,407.13916666666665,57.26458333333335,464.40375,0.80,0.80,28,,464.40375,0.0,0.0,0.0,78.5020833333333,10800.0,10800.0,10800.0,571.820337375,0.0
T_q80_4800,2025-06-21,2025-06-21,108,2025-06-21 18:00:00,2025-06-21 18:10:00,1.2561,3274.4828,860.3286,3573.5938,854.5608,453.1721666666667,61.56266666666659,514.7348333333333,0.80,0.80,28,,159.56985000000128,0.0,242.789183333332,0.0,0.0,10800.0,10530.234240740741,10405.372240740742,200.4356885850016,0.0
T_q80_4800,2025-06-21,2025-06-21,109,2025-06-21 18:10:00,2025-06-21 18:20:00,1.2447,3297.0032,677.2547,3613.6869,631.3856,497.05021666666664,62.363466666666454,559.4136833333331,0.80,0.80,28,,559.4136833333331,122.78893333333309,0.0,0.0,0.0,10530.234240740741,10640.74428074074,10405.372240740742,696.3022116449997,0.0
T_q80_4800,2025-06-21,2025-06-21,110,2025-06-21 18:20:00,2025-06-21 18:30:00,1.2545,3342.79,452.7,3620.91,416.1,534.135,82.94208333333336,617.0770833333333,0.80,0.80,28,,617.0770833333333,135.39541666666668,0.0,0.0,0.0,10640.74428074074,10762.60015574074,10405.372240740742,774.1232010416667,0.0
T_q80_4800,2025-06-21,2025-06-21,111,2025-06-21 18:30:00,2025-06-21 18:40:00,1.2522,3456.8314,276.0564,3681.3967,264.4096,569.49785,76.56960000000015,646.0674500000001,0.80,0.80,28,,646.0674500000001,41.555382510289036,0.0,0.0,74.38290082304448,10762.60015574074,10800.0,10405.372240740742,809.0056608900002,0.0
T_q80_4800,2025-06-21,2025-06-21,112,2025-06-21 18:40:00,2025-06-21 18:50:00,1.2881,3634.5648,121.8367,3682.0144,122.7855,593.2048166666666,94.92615000000023,688.1309666666668,0.80,0.80,28,,0.0,0.0,585.4546833333334,0.0,0.0,10800.0,10149.494796296296,9640.782277777778,0.0,0.0
T_q80_4800,2025-06-21,2025-06-21,113,2025-06-21 18:50:00,2025-06-21 19:00:00,1.3466,3852.72,7.7625,3671.85,6.7875,610.84375,67.01666666666665,677.8604166666667,0.80,0.80,28,,0.0,0.0,640.82625,0.0,0.0,10149.494796296296,9437.465629629629,8887.604037037037,0.0,0.0
T_q80_4800,2025-06-21,2025-06-21,114,2025-06-21 19:00:00,2025-06-21 19:10:00,1.3523,4004.9442,0.0,3806.9784,0.0,634.4964,72.04219999999998,706.5386,0.80,0.80,28,,0.0,0.0,667.4907,0.0,0.0,9437.465629629629,8695.809296296296,8102.561148148148,0.0,0.0
T_q80_4800,2025-06-21,2025-06-21,115,2025-06-21 19:10:00,2025-06-21 19:20:00,1.3445,3706.7434,3.2619,3830.7687,3.5416,637.8711833333333,72.30529999999999,710.1764833333333,0.80,0.80,28,,0.0,0.0,617.2469166666666,0.0,0.0,8695.809296296296,8009.979388888889,7313.476166666667,0.0,0.0
T_q80_4800,2025-06-21,2025-06-21,116,2025-06-21 19:20:00,2025-06-21 19:30:00,1.3483,3293.48,0.0,3686.48,0.0,614.4133333333333,80.26833333333343,694.6816666666667,0.80,0.80,28,,0.0,0.0,548.9133333333333,0.0,0.0,8009.979388888889,7400.075685185186,6541.607648148149,0.0,0.0
T_q80_4800,2025-06-21,2025-06-21,117,2025-06-21 19:30:00,2025-06-21 19:40:00,1.349,3492.5254,0.0,3569.6441,0.0,594.9406833333333,51.43788333333339,646.3785666666666,0.80,0.80,28,,0.0,0.0,582.0875666666666,0.0,0.0,7400.075685185186,6753.311722222223,5823.409240740742,0.0,0.0
T_q80_4800,2025-06-21,2025-06-21,118,2025-06-21 19:40:00,2025-06-21 19:50:00,1.3473,3490.6667,0.2342,3471.128,0.2543,578.4789499999999,63.32208333333335,641.8010333333333,0.80,0.80,28,,0.0,0.0,581.73875,0.0,0.0,6753.311722222223,6106.935333333334,5110.296981481482,0.0,0.0
T_q80_4800,2025-06-21,2025-06-21,119,2025-06-21 19:50:00,2025-06-21 20:00:00,1.3482,3189.62,0.0,3506.94,0.0,584.49,65.33500000000004,649.825,0.80,0.80,28,,0.0,0.0,531.6033333333332,0.0,0.0,6106.935333333334,5516.264962962963,4388.269203703704,0.0,0.0
T_q80_4800,2025-06-21,2025-06-21,120,2025-06-21 20:00:00,2025-06-21 20:10:00,1.3513,3348.2366,0.0,3809.9315,0.0,634.9885833333333,52.50258333333335,687.4911666666667,0.80,0.80,28,,0.0,0.0,558.0394333333334,0.0,0.0,5516.264962962963,4896.221148148148,3624.39012962963,0.0,0.0
T_q80_4800,2025-06-21,2025-06-21,121,2025-06-21 20:10:00,2025-06-21 20:20:00,1.34,3725.2052,0.0168,3890.9938,0.0183,648.4959166666666,89.00003333333325,737.4959499999999,0.80,0.80,28,,0.0,0.0,620.8647333333333,0.0,0.0,4896.221148148148,4206.371444444445,2804.9501851851855,0.0,0.0
T_q80_4800,2025-06-21,2025-06-21,122,2025-06-21 20:20:00,2025-06-21 20:30:00,1.3489,3960.13,0.0,3770.6,0.0,628.4333333333333,98.1400000000001,726.5733333333334,0.80,0.80,28,,0.0,0.0,660.0216666666666,0.0,0.0,4206.371444444445,3473.0140370370377,1997.6464814814817,0.0,0.0
T_q80_4800,2025-06-21,2025-06-21,123,2025-06-21 20:30:00,2025-06-21 20:40:00,1.3952,3881.8245,0.0,3932.4898,0.0,655.4149666666666,62.46686666666676,717.8818333333334,0.80,0.80,28,,0.0,0.0,646.97075,0.0,0.0,3473.0140370370377,2754.157648148149,1200.0,0.0,0.0
T_q80_4800,2025-06-21,2025-06-21,124,2025-06-21 20:40:00,2025-06-21 20:50:00,1.2226,3513.6729,0.0012,4058.333,0.0013,676.3886166666666,56.47578333333331,732.8643999999999,0.80,0.80,28,,732.8643999999999,147.25244999999995,0.0,0.0,0.0,2754.157648148149,2886.6848531481487,1200.0,896.0000154399999,0.0
T_q80_4800,2025-06-21,2025-06-21,125,2025-06-21 20:50:00,2025-06-21 21:00:00,0.9332,3160.32,0.0,3918.77,0.0,653.1283333333333,72.32333333333327,725.4516666666666,0.80,0.80,28,,725.4516666666666,198.73166666666657,0.0,0.0,0.0,2886.6848531481487,3065.5433531481485,1200.0,676.9914953333333,0.0
T_q80_4800,2025-06-21,2025-06-21,126,2025-06-21 21:00:00,2025-06-21 21:10:00,0.9068,3214.7106,0.0,3614.0096,0.0,602.3349333333333,47.02004999999997,649.3549833333333,0.80,0.80,28,,649.3549833333333,113.56988333333334,0.0,0.0,0.0,3065.5433531481485,3167.7562481481486,1200.0,588.8350988866666,0.0
T_q80_4800,2025-06-21,2025-06-21,127,2025-06-21 21:10:00,2025-06-21 21:20:00,0.9371,3489.1029,0.0,3370.7921,0.0,561.7986833333333,76.34785000000011,638.1465333333334,0.80,0.80,28,,638.1465333333334,56.62938333333352,0.0,0.0,0.0,3167.7562481481486,3218.7226931481487,1200.0,598.0071163866668,0.0
T_q80_4800,2025-06-21,2025-06-21,128,2025-06-21 21:20:00,2025-06-21 21:30:00,0.9371,3713.49,0.0,3342.58,0.0,557.0966666666666,102.49333333333334,659.5899999999999,0.80,0.80,28,,659.5899999999999,40.674999999999955,0.0,0.0,0.0,3218.7226931481487,3255.3301931481487,1200.0,618.1017889999999,0.0
T_q80_4800,2025-06-21,2025-06-21,129,2025-06-21 21:30:00,2025-06-21 21:40:00,0.9871,3715.4477,0.0,3493.8805,0.0,582.3134166666666,70.15336666666656,652.4667833333332,0.80,0.80,28,,652.4667833333332,33.2254999999999,0.0,0.0,0.0,3255.3301931481487,3285.2331431481484,1200.0,644.0499618283332,0.0
T_q80_4800,2025-06-21,2025-06-21,130,2025-06-21 21:40:00,2025-06-21 21:50:00,0.7764,3460.6768,0.0,3460.6218,0.0,576.7702999999999,56.5320333333334,633.3023333333333,0.80,0.80,28,,633.3023333333333,56.52286666666669,0.0,0.0,0.0,3285.2331431481484,3336.1037231481487,1200.0,491.6959316,0.0
T_q80_4800,2025-06-21,2025-06-21,131,2025-06-21 21:50:00,2025-06-21 22:00:00,0.4209,3169.68,0.0,3267.44,0.0,544.5733333333333,82.26999999999998,626.8433333333332,0.80,0.80,28,,1460.1766666666665,833.3333333333333,0.0,0.0,98.56333333333328,3336.1037231481487,4086.1037231481487,1950.0,614.588359,0.0
T_q80_4800,2025-06-21,2025-06-21,132,2025-06-21 22:00:00,2025-06-21 22:10:00,0.3859,3161.2424,0.0,3261.2988,0.0,543.5498,88.55083333333334,632.1006333333333,0.80,0.80,28,,1465.4339666666665,833.3333333333333,0.0,0.0,105.22689999999989,4086.1037231481487,4836.103723148149,2700.0,565.5109677366667,0.0
T_q80_4800,2025-06-21,2025-06-21,133,2025-06-21 22:10:00,2025-06-21 22:20:00,0.4368,3268.4465,0.0,3218.1699,0.0,536.3616499999999,69.48326666666674,605.8449166666667,0.80,0.80,28,,605.8449166666667,61.10383333333334,0.0,0.0,0.0,4836.103723148149,4891.097173148149,2700.0,264.6330596,0.0
T_q80_4800,2025-06-21,2025-06-21,134,2025-06-21 22:20:00,2025-06-21 22:30:00,0.4198,3317.19,0.0,3190.19,0.0,531.6983333333333,80.65666666666675,612.355,0.80,0.80,28,,1445.6883333333333,833.3333333333333,0.0,0.0,59.49000000000001,4891.097173148149,5641.097173148149,3450.0,606.8999623333333,0.0
T_q80_4800,2025-06-21,2025-06-21,135,2025-06-21 22:30:00,2025-06-21 22:40:00,0.4186,3281.0391,0.0,3472.9639,0.0,578.8273166666667,52.33274999999992,631.1600666666666,0.80,0.80,28,,1464.4933999999998,833.3333333333333,0.0,0.0,84.32021666666662,5641.097173148149,6391.097173148149,4200.0,613.0369372399999,0.0
T_q80_4800,2025-06-21,2025-06-21,136,2025-06-21 22:40:00,2025-06-21 22:50:00,0.4241,3250.7574,0.0,3653.9269,0.0,608.9878166666666,61.23646666666673,670.2242833333333,0.80,0.80,28,,670.2242833333333,128.43138333333343,0.0,0.0,0.0,6391.097173148149,6506.6854181481485,4200.0,284.24211856166664,0.0
T_q80_4800,2025-06-21,2025-06-21,137,2025-06-21 22:50:00,2025-06-21 23:00:00,0.4237,3190.39,0.0,3463.23,0.0,577.2049999999999,74.59999999999991,651.8049999999998,0.80,0.80,28,,651.8049999999998,120.07333333333327,0.0,0.0,0.0,6506.6854181481485,6614.751418148148,4200.0,276.16977849999995,0.0
T_q80_4800,2025-06-21,2025-06-21,138,2025-06-21 23:00:00,2025-06-21 23:10:00,0.4248,2998.9363,0.0,3048.478,0.0,508.07966666666664,85.78036666666674,593.8600333333334,0.80,0.80,28,,593.8600333333334,94.03731666666675,0.0,0.0,0.0,6614.751418148148,6699.385003148149,4200.0,252.27174216000003,0.0
T_q80_4800,2025-06-21,2025-06-21,139,2025-06-21 23:10:00,2025-06-21 23:20:00,0.424,2920.9743,0.0,2905.5899,0.0,484.2649833333333,116.44521666666662,600.7102,0.80,0.80,28,,600.7102,113.88115000000005,0.0,0.0,0.0,6699.385003148149,6801.878038148149,4200.0,254.70112479999997,0.0
T_q80_4800,2025-06-21,2025-06-21,140,2025-06-21 23:20:00,2025-06-21 23:30:00,0.422,2989.3,0.0,3071.94,0.0,511.99,82.9183333333333,594.9083333333333,0.80,0.80,28,,1261.5749999999998,763.3583333333331,0.0,0.0,0.0,6801.878038148149,7488.900538148149,4800.0,532.3846499999999,0.0
T_q80_4800,2025-06-21,2025-06-21,141,2025-06-21 23:30:00,2025-06-21 23:40:00,0.424,3024.571,0.0,3193.2655,0.0,532.2109166666667,76.49556666666672,608.7064833333334,0.80,0.80,28,,608.7064833333334,104.61131666666677,0.0,0.0,0.0,7488.900538148149,7583.05072314815,4800.0,258.09154893333334,0.0
T_q80_4800,2025-06-21,2025-06-21,142,2025-06-21 23:40:00,2025-06-21 23:50:00,0.4271,3193.3141,0.0,3497.8213,0.0,582.9702166666666,73.48784999999998,656.4580666666666,0.80,0.80,28,,656.4580666666666,124.2390499999999,0.0,0.0,0.0,7583.05072314815,7694.865868148149,4800.0,280.3732402733333,0.0
T_q80_4800,2025-06-21,2025-06-21,143,2025-06-21 23:50:00,2025-06-22 00:00:00,0.4276,3636.14,0.0,3929.38,0.0,654.8966666666666,90.43333333333334,745.3299999999999,0.80,0.80,28,,745.3299999999999,139.30666666666662,0.0,0.0,0.0,7694.865868148149,7820.2418681481495,4800.0,318.70310799999993,0.0
T_q80_4800,2025-09-23,2025-09-23,0,2025-09-23 00:00:00,2025-09-23 00:10:00,0.4248,3421.106,0.0,3937.1458,0.0,656.1909666666666,26.41375000000005,682.6047166666666,0.80,0.80,28,,1515.9380499999997,833.3333333333333,0.0,0.0,112.42038333333312,4861.465813888891,5611.465813888891,5611.465813888891,643.9704836399999,0.0
T_q80_4800,2025-09-23,2025-09-23,1,2025-09-23 00:10:00,2025-09-23 00:20:00,0.4245,3361.9091,0.0,4000.4017,0.0,666.7336166666666,9.156000000000063,675.8896166666667,0.80,0.80,28,,1509.2229499999999,833.3333333333333,0.0,0.0,115.57143333333329,5611.465813888891,6361.465813888891,6361.465813888891,640.6651422749999,0.0
T_q80_4800,2025-09-23,2025-09-23,2,2025-09-23 00:20:00,2025-09-23 00:30:00,0.4269,3388.6,0.0,3751.36,0.0,625.2266666666667,5.526666666666756,630.7533333333334,0.80,0.80,28,,1464.0866666666666,833.3333333333333,0.0,0.0,65.98666666666668,6361.465813888891,7111.465813888891,7111.465813888891,625.018598,0.0
T_q80_4800,2025-09-23,2025-09-23,3,2025-09-23 00:30:00,2025-09-23 00:40:00,0.4272,3591.0535,0.0,3531.7831,0.0,588.6305166666666,10.763516666666646,599.3940333333333,0.80,0.80,28,,1432.7273666666665,833.3333333333333,0.0,0.0,0.8851166666665904,7111.465813888891,7861.465813888891,7861.465813888891,612.06113104,0.0
T_q80_4800,2025-09-23,2025-09-23,4,2025-09-23 00:40:00,2025-09-23 00:50:00,0.4271,3639.0639,0.0,3436.6857,0.0,572.78095,19.60598333333337,592.3869333333333,0.80,0.80,28,,1425.7202666666667,819.2096166666668,0.0,0.0,0.0,7861.465813888891,8598.75446888889,8611.465813888892,608.9251258933333,0.0
T_q80_4800,2025-09-23,2025-09-23,5,2025-09-23 00:50:00,2025-09-23 01:00:00,0.4285,3538.62,0.0,3454.54,0.0,575.7566666666667,17.34333333333342,593.1000000000001,0.80,0.80,28,,1358.1379845678982,768.3679845678982,0.0,0.0,0.0,8598.75446888889,9290.285654999998,9300.0,581.9621263873444,0.0
T_q80_4800,2025-09-23,2025-09-23,6,2025-09-23 01:00:00,2025-09-23 01:10:00,0.4311,3584.1201,0.0,3517.2378,0.0,586.2062999999999,18.69735000000003,604.90365,0.80,0.80,28,,604.90365,7.550299999999993,0.0,0.0,0.0,9290.285654999998,9297.080924999998,9300.0,260.773963515,0.0
T_q80_4800,2025-09-23,2025-09-23,7,2025-09-23 01:10:00,2025-09-23 01:20:00,0.4302,3479.83,0.0,3497.5299,0.0,582.92165,15.241133333333437,598.1627833333334,0.80,0.80,28,,598.1627833333334,18.191116666666858,0.0,0.0,0.0,9297.080924999998,9313.45293,9300.0,257.32962939000004,0.0
T_q80_4800,2025-09-23,2025-09-23,8,2025-09-23 01:20:00,2025-09-23 01:30:00,0.4279,3316.08,0.0,3422.74,0.0,570.4566666666666,6.810000000000059,577.2666666666667,0.80,0.80,28,,1410.6,833.3333333333333,0.0,0.0,24.5866666666667,9313.45293,10063.45293,10050.0,603.59574,0.0
T_q80_4800,2025-09-23,2025-09-23,9,2025-09-23 01:30:00,2025-09-23 01:40:00,0.4312,3504.3201,0.0,3457.0954,0.0,576.1825666666666,15.631066666666698,591.8136333333333,0.80,0.80,28,,591.8136333333333,7.760283333333405,0.0,0.0,0.0,10063.45293,10070.437184999999,10050.0,255.19003869333335,0.0
T_q80_4800,2025-09-23,2025-09-23,10,2025-09-23 01:40:00,2025-09-23 01:50:00,0.4333,3611.1697,0.0,3628.0075,0.0,604.6679166666667,11.45603333333338,616.12395,0.80,0.80,28,,616.12395,14.262333333333459,0.0,0.0,0.0,10070.437184999999,10083.273285,10050.0,266.966507535,0.0
T_q80_4800,2025-09-23,2025-09-23,11,2025-09-23 01:50:00,2025-09-23 02:00:00,0.4311,3543.64,0.0,3727.77,0.0,621.295,15.934999999999945,637.2299999999999,0.80,0.80,28,,637.2299999999999,46.623333333333335,0.0,0.0,0.0,10083.273285,10125.234284999999,10050.0,274.70985299999995,0.0
T_q80_4800,2025-09-23,2025-09-23,12,2025-09-23 02:00:00,2025-09-23 02:10:00,0.4293,3627.3783,0.0,3520.7314,0.0,586.7885666666666,25.5542333333334,612.3428,0.80,0.80,28,,612.3428,7.7797500000000355,0.0,0.0,0.0,10125.234284999999,10132.23606,10050.0,262.87876404,0.0
T_q80_4800,2025-09-23,2025-09-23,13,2025-09-23 02:10:00,2025-09-23 02:20:00,0.4324,3646.7973,0.0,3436.0535,0.0,572.6755833333333,20.89740000000006,593.5729833333334,0.80,0.80,28,,593.5729833333334,0.0,14.2265666666666,0.0,0.0,10132.23606,10116.428763703703,10050.0,256.66095799333334,0.0
T_q80_4800,2025-09-23,2025-09-23,14,2025-09-23 02:20:00,2025-09-23 02:30:00,0.4367,3569.92,0.0,3624.55,0.0,604.0916666666667,8.653333333333308,612.745,0.80,0.80,28,,612.745,17.758333333333326,0.0,0.0,0.0,10116.428763703703,10132.411263703703,10050.0,267.5857415,0.0
T_q80_4800,2025-09-23,2025-09-23,15,2025-09-23 02:30:00,2025-09-23 02:40:00,0.4348,3591.0744,0.0,3799.684,0.0,633.2806666666667,14.718883333333338,647.99955,0.80,0.80,28,,647.99955,49.48715000000004,0.0,0.0,0.0,10132.411263703703,10176.949698703704,10050.0,281.75020434000004,0.0
T_q80_4800,2025-09-23,2025-09-23,16,2025-09-23 02:40:00,2025-09-23 02:50:00,0.4335,3523.6786,0.0,3729.9253,0.0,621.6542166666666,14.436566666666636,636.0907833333332,0.80,0.80,28,,636.0907833333332,48.811016666666546,0.0,0.0,0.0,10176.949698703704,10220.879613703704,10050.0,275.74535457499996,0.0
T_q80_4800,2025-09-23,2025-09-23,17,2025-09-23 02:50:00,2025-09-23 03:00:00,0.4357,3402.03,0.0,3599.4,0.0,599.9,9.160000000000082,609.0600000000001,0.80,0.80,28,,609.0600000000001,42.055000000000064,0.0,0.0,0.0,10220.879613703704,10258.729113703705,10050.0,265.36744200000004,0.0
T_q80_4800,2025-09-23,2025-09-23,18,2025-09-23 03:00:00,2025-09-23 03:10:00,0.4374,3470.8796,0.0,3766.8381,0.0,627.80635,21.309066666666695,649.1154166666666,0.80,0.80,28,,649.1154166666666,70.63548333333335,0.0,0.0,0.0,10258.729113703705,10322.301048703705,10050.0,283.92308325,0.0
T_q80_4800,2025-09-23,2025-09-23,19,2025-09-23 03:10:00,2025-09-23 03:20:00,0.4371,3546.3118,0.0,3732.5778,0.0,622.0962999999999,9.255300000000034,631.3516,0.80,0.80,28,,631.3516,40.299633333333304,0.0,0.0,0.0,10322.301048703705,10358.570718703704,10050.0,275.96378436,0.0
T_q80_4800,2025-09-23,2025-09-23,20,2025-09-23 03:20:00,2025-09-23 03:30:00,0.4356,3521.1,0.0,3487.16,0.0,581.1933333333333,12.388333333333321,593.5816666666666,0.80,0.80,28,,593.5816666666666,6.731666666666683,0.0,0.0,0.0,10358.570718703704,10364.629218703703,10050.0,258.564174,0.0
T_q80_4800,2025-09-23,2025-09-23,21,2025-09-23 03:30:00,2025-09-23 03:40:00,0.4353,3493.0415,0.0,3542.3682,0.0,590.3947,17.248833333333323,607.6435333333333,0.80,0.80,28,,607.6435333333333,25.46995000000004,0.0,0.0,0.0,10364.629218703703,10387.552173703703,10050.0,264.50723006,0.0
T_q80_4800,2025-09-23,2025-09-23,22,2025-09-23 03:40:00,2025-09-23 03:50:00,0.436,3616.52,0.0,3671.4309,0.0,611.9051499999999,18.882066666666674,630.7872166666666,0.80,0.80,28,,630.7872166666666,28.03388333333328,0.0,0.0,0.0,10387.552173703703,10412.782668703703,10050.0,275.02322646666664,0.0
T_q80_4800,2025-09-23,2025-09-23,23,2025-09-23 03:50:00,2025-09-23 04:00:00,0.4378,3738.77,0.0,3753.85,0.0,625.6416666666667,20.098333333333358,645.74,0.80,0.80,28,,645.74,22.61166666666668,0.0,0.0,0.0,10412.782668703703,10433.133168703704,10050.0,282.704972,0.0
T_q80_4800,2025-09-23,2025-09-23,24,2025-09-23 04:00:00,2025-09-23 04:10:00,0.4401,3573.138,0.0019,3887.5822,0.0021,647.9300166666666,19.383016666666663,667.3130333333332,0.80,0.80,28,,667.3130333333332,71.79034999999999,0.0,0.0,0.0,10433.133168703704,10497.744483703704,10050.0,293.68446596999996,0.0
T_q80_4800,2025-09-23,2025-09-23,25,2025-09-23 04:10:00,2025-09-23 04:20:00,0.4389,3548.8256,0.0,3864.8881,0.0,644.1480166666666,31.31488333333334,675.4629,0.80,0.80,28,,675.4629,83.99196666666671,0.0,0.0,0.0,10497.744483703704,10573.337253703703,10050.0,296.46066681,0.0
T_q80_4800,2025-09-23,2025-09-23,26,2025-09-23 04:20:00,2025-09-23 04:30:00,0.4364,3696.43,0.0,3746.52,0.0,624.42,19.32499999999999,643.7449999999999,0.80,0.80,28,,643.7449999999999,27.67333333333329,0.0,0.0,0.0,10573.337253703703,10598.243253703704,10050.0,280.93031799999994,0.0
T_q80_4800,2025-09-23,2025-09-23,27,2025-09-23 04:30:00,2025-09-23 04:40:00,0.4393,3629.4046,0.0268,3799.8707,0.029,633.3069499999999,24.950066666666714,658.2570166666667,0.80,0.80,28,,658.2570166666667,53.360716666666804,0.0,0.0,0.0,10598.243253703704,10646.267898703703,10050.0,289.1723074216667,0.0
T_q80_4800,2025-09-23,2025-09-23,28,2025-09-23 04:40:00,2025-09-23 04:50:00,0.4422,3602.4949,0.0,3743.4045,0.0,623.90075,5.214283333333356,629.1150333333334,0.80,0.80,28,,629.1150333333334,28.699216666666757,0.0,0.0,0.0,10646.267898703703,10672.097193703703,10050.0,278.19466774,0.0
T_q80_4800,2025-09-23,2025-09-23,29,2025-09-23 04:50:00,2025-09-23 05:00:00,0.4395,3708.74,0.0,3548.17,0.0,591.3616666666667,11.821666666666715,603.1833333333334,0.80,0.80,28,,603.1833333333334,0.0,14.939999999999827,0.0,0.0,10672.097193703703,10655.497193703703,10050.0,265.099075,0.0
T_q80_4800,2025-09-23,2025-09-23,30,2025-09-23 05:00:00,2025-09-23 05:10:00,0.4333,3751.3647,0.3731,3510.4937,0.404,585.01495,4.940116666666654,589.9550666666667,0.80,0.80,28,,589.9550666666667,0.0,35.210199999999986,0.0,0.0,10655.497193703703,10616.374749259257,10050.0,255.62753038666668,0.0
T_q80_4800,2025-09-23,2025-09-23,31,2025-09-23 05:10:00,2025-09-23 05:20:00,0.4439,3689.4488,0.0,3645.7435,0.0,607.6239166666667,22.572916666666742,630.1968333333334,0.80,0.80,28,,630.1968333333334,15.288700000000063,0.0,0.0,0.0,10616.374749259257,10630.134579259258,10050.0,279.7443743166667,0.0
T_q80_4800,2025-09-23,2025-09-23,32,2025-09-23 05:20:00,2025-09-23 05:30:00,0.4301,3557.68,0.0,3724.04,0.0,620.6733333333333,35.63333333333327,656.3066666666666,0.80,0.80,28,,656.3066666666666,63.360000000000014,0.0,0.0,0.0,10630.134579259258,10687.158579259258,10050.0,282.2774973333333,0.0
T_q80_4800,2025-09-23,2025-09-23,33,2025-09-23 05:30:00,2025-09-23 05:40:00,0.3713,3509.0644,5.1961,3582.2553,5.6274,596.10465,9.526466666666693,605.6311166666667,0.80,0.80,28,,1438.96445,125.3793563786025,0.0,0.0,729.6070436213975,10687.158579259258,10800.0,10800.0,534.287500285,0.0
T_q80_4800,2025-09-23,2025-09-23,34,2025-09-23 05:40:00,2025-09-23 05:50:00,0.5708,4001.4806,0.0,3957.97,0.0,659.6616666666666,15.503116666666756,675.1647833333334,0.80,0.80,28,,675.1647833333334,0.0,0.0,0.0,8.251350000000116,10800.0,10800.0,10800.0,385.38405832666666,0.0
T_q80_4800,2025-09-23,2025-09-23,35,2025-09-23 05:50:00,2025-09-23 06:00:00,0.9099,4743.74,0.0,4700.49,0.0,783.415,29.817083333333358,813.2320833333333,0.80,0.80,28,,0.0,0.0,790.6233333333332,0.0,0.0,10800.0,9921.52962962963,9896.408796296297,0.0,0.0
T_q80_4800,2025-09-23,2025-09-23,36,2025-09-23 06:00:00,2025-09-23 06:10:00,0.9368,4911.4158,148.7833,4861.7696,163.8012,782.9947333333332,29.079549999999983,812.0742833333331,0.80,0.80,28,,0.0,0.0,793.7720833333333,0.0,0.0,9921.52962962963,9039.560648148148,8994.104037037037,0.0,0.0
T_q80_4800,2025-09-23,2025-09-23,37,2025-09-23 06:10:00,2025-09-23 06:20:00,0.8758,4831.9735,376.0146,4752.5347,427.0247,720.9183333333333,16.06804999999997,736.9863833333333,0.80,0.80,28,,0.0,0.0,742.6598166666665,0.0,0.0,9039.560648148148,8214.383074074074,8175.230277777778,0.0,0.0
T_q80_4800,2025-09-23,2025-09-23,38,2025-09-23 06:20:00,2025-09-23 06:30:00,0.8759,4792.2,649.3875,4711.73,733.4625,663.0445833333332,23.132499999999936,686.1770833333331,0.80,0.80,28,,0.0,0.0,690.46875,0.0,0.0,8214.383074074074,7447.195574074074,7412.811296296297,0.0,0.0
T_q80_4800,2025-09-23,2025-09-23,39,2025-09-23 06:30:00,2025-09-23 06:40:00,0.8601,4757.3085,973.8044,4749.8589,1059.8151,615.0073,17.009499999999974,632.0168,0.80,0.80,28,,0.0,0.0,630.5840166666667,0.0,0.0,7447.195574074074,6746.546666666667,6710.570407407408,0.0,0.0
T_q80_4800,2025-09-23,2025-09-23,40,2025-09-23 06:40:00,2025-09-23 06:50:00,0.8442,4755.1526,1245.8597,4762.9137,1370.8696,565.3406833333333,31.02644999999984,596.3671333333332,0.80,0.80,28,,0.0,0.0,584.88215,0.0,0.0,6746.546666666667,6096.677611111111,6047.9402592592605,0.0,0.0
T_q80_4800,2025-09-23,2025-09-23,41,2025-09-23 06:50:00,2025-09-23 07:00:00,0.8334,4789.05,1511.775,4720.02,1678.1625,506.97625000000005,44.56458333333336,551.5408333333335,0.80,0.80,28,,0.0,0.0,546.2125,0.0,0.0,6096.677611111111,5489.774833333334,5435.1171111111125,0.0,0.0
T_q80_4800,2025-09-23,2025-09-23,42,2025-09-23 07:00:00,2025-09-23 07:10:00,0.8092,4816.282,1907.945,4702.584,2025.7511,446.1388166666666,48.85218333333334,494.991,0.80,0.80,28,,80.86594999999801,0.0,403.85688333333536,0.0,0.0,5489.774833333334,5041.044962962961,4974.978166666666,65.43672673999839,0.0
T_q80_4800,2025-09-23,2025-09-23,43,2025-09-23 07:10:00,2025-09-23 07:20:00,0.7972,4786.2179,2234.3678,4833.7499,2388.5754,407.52908333333323,57.359366666666745,464.88845,0.80,0.80,28,,464.88845,39.58010000000007,0.0,0.0,0.0,5041.044962962961,5076.667052962961,4974.978166666666,370.60907234,0.0
T_q80_4800,2025-09-23,2025-09-23,44,2025-09-23 07:20:00,2025-09-23 07:30:00,0.7644,4660.51,2492.5875,4939.54,2753.5875,364.3254166666666,66.7245833333333,431.04999999999995,0.80,0.80,28,,431.04999999999995,69.72958333333327,0.0,0.0,0.0,5076.667052962961,5139.423677962961,4974.978166666666,329.49461999999994,0.0
T_q80_4800,2025-09-23,2025-09-23,45,2025-09-23 07:30:00,2025-09-23 07:40:00,0.6899,4606.8822,2894.0726,4828.7625,3120.5921,284.69506666666666,65.57900000000011,350.2740666666668,0.80,0.80,28,,350.27406666666684,64.8058000000002,0.0,0.0,0.0,5139.423677962961,5197.748897962962,4974.978166666666,241.65407859333345,0.0
T_q80_4800,2025-09-23,2025-09-23,46,2025-09-23 07:40:00,2025-09-23 07:50:00,0.86,5489.8417,3343.4604,5406.1206,3426.4951,329.93758333333335,74.05264999999991,403.99023333333326,0.80,0.80,28,,0.0,0.0,357.73021666666665,0.0,0.0,5197.748897962962,4800.270879444443,4526.100129629629,0.0,0.0
T_q80_4800,2025-09-23,2025-09-23,47,2025-09-23 07:50:00,2025-09-23 08:00:00,1.1617,6701.06,3753.1125,6462.55,3707.325,459.2041666666667,77.36291666666669,536.5670833333334,0.80,0.80,28,,0.0,0.0,491.32458333333335,0.0,0.0,4800.270879444443,4254.354675740739,3929.9144814814813,0.0,0.0
T_q80_4800,2025-09-23,2025-09-23,48,2025-09-23 08:00:00,2025-09-23 08:10:00,1.1683,6664.9869,4119.6249,6779.0099,4082.1536,449.47605,69.59383333333335,519.0698833333333,0.80,0.80,28,,0.0,0.0,424.227,0.0,0.0,4254.354675740739,3782.991342407406,3353.1701666666663,0.0,0.0
T_q80_4800,2025-09-23,2025-09-23,49,2025-09-23 08:10:00,2025-09-23 08:20:00,1.0956,6469.7028,4427.9049,6649.2879,4538.4547,351.8055333333333,66.46295,418.2684833333333,0.80,0.80,28,,0.0,0.0,340.29964999999993,0.0,0.0,3782.991342407406,3404.880620185184,2888.427407407407,0.0,0.0
T_q80_4800,2025-09-23,2025-09-23,50,2025-09-23 08:20:00,2025-09-23 08:30:00,1.0849,6635.97,4698.6375,6494.49,4959.675,255.80249999999992,103.70749999999981,359.50999999999976,0.80,0.80,28,,0.0,0.0,322.8887500000001,0.0,0.0,3404.880620185184,3046.115342407406,2488.9718518518516,0.0,0.0
T_q80_4800,2025-09-23,2025-09-23,51,2025-09-23 08:30:00,2025-09-23 08:40:00,1.061,6600.0815,4997.093,6432.8642,5221.4296,201.90576666666658,64.09188333333321,265.9976499999998,0.80,0.80,28,,0.0,0.0,267.16475,0.0,0.0,3046.115342407406,2749.2656201851837,2193.4189074074075,0.0,0.0
T_q80_4800,2025-09-23,2025-09-23,52,2025-09-23 08:40:00,2025-09-23 08:50:00,1.043,6462.4233,5400.3214,6438.1781,5443.4725,165.7842666666667,80.72340000000001,246.5076666666667,0.80,0.80,28,,0.0,0.0,177.01698333333343,0.0,0.0,2749.2656201851837,2552.5800831481465,1919.5214999999998,0.0,0.0
T_q80_4800,2025-09-23,2025-09-23,53,2025-09-23 08:50:00,2025-09-23 09:00:00,1.036,6427.57,5807.85,6502.19,5716.7625,130.90458333333328,107.26416666666667,238.16874999999993,0.80,0.80,28,,0.0,0.0,103.28666666666655,0.0,0.0,2552.5800831481465,2437.8171201851837,1654.8895555555555,0.0,0.0
T_q80_4800,2025-09-23,2025-09-23,54,2025-09-23 09:00:00,2025-09-23 09:10:00,1.0147,6551.7343,6020.5511,6620.0241,6031.6126,98.06858333333321,122.36253333333343,220.43111666666664,0.80,0.80,28,,0.0,0.0,88.5305333333334,0.0,0.0,2437.8171201851837,2339.4498609259244,1409.9660925925925,0.0,0.0
T_q80_4800,2025-09-23,2025-09-23,55,2025-09-23 09:10:00,2025-09-23 09:20:00,0.9922,6611.8297,6159.4673,6603.7913,6339.8082,43.99718333333324,95.76605000000004,139.7632333333333,0.80,0.80,28,,0.0,0.0,75.39373333333333,0.0,0.0,2339.4498609259244,2255.6790461111095,1254.673611111111,0.0,0.0
T_q80_4800,2025-09-23,2025-09-23,56,2025-09-23 09:20:00,2025-09-23 09:30:00,0.97,6584.42,6306.2625,6407.33,6622.4625,-35.85541666666661,85.06166666666661,49.20625,0.80,0.80,28,,0.0,0.0,46.359583333333376,0.0,0.0,2255.6790461111095,2204.1683979629615,1200.0,0.0,0.0
T_q80_4800,2025-09-23,2025-09-23,57,2025-09-23 09:30:00,2025-09-23 09:40:00,0.9422,6627.8893,6423.4053,6200.5473,6897.3346,-116.13121666666666,113.01015000000007,-3.121066666666593,0.80,0.80,28,,0.0,0.0,34.08066666666657,0.0,0.0,2204.1683979629615,2166.300990555554,1202.8089599999998,0.0,0.0
T_q80_4800,2025-09-23,2025-09-23,58,2025-09-23 09:40:00,2025-09-23 09:50:00,0.9569,6567.1756,6483.305,6249.554,7173.3339,-153.96331666666657,104.17081666666661,-49.79249999999996,0.80,0.80,28,,0.0,0.0,13.978433333333214,0.0,0.0,2166.300990555554,2150.7693979629616,1247.6222099999998,0.0,0.0
T_q80_4800,2025-09-23,2025-09-23,59,2025-09-23 09:50:00,2025-09-23 10:00:00,0.9977,6455.96,6487.7625,6480.82,7375.3875,-149.09458333333333,148.54583333333323,-0.5487500000000978,0.80,0.80,28,,0.0,5.30041666666663,0.0,0.0,0.0,2150.7693979629616,2155.5397729629617,1248.1160849999999,0.0,0.0
T_q80_4800,2025-09-23,2025-09-23,60,2025-09-23 10:00:00,2025-09-23 10:10:00,0.9919,6527.0912,6506.7574,6557.067,7427.1527,-145.01428333333325,108.45718333333329,-36.55709999999996,0.80,0.80,28,,0.0,0.0,3.388966666666571,0.0,0.0,2155.5397729629617,2151.774254444443,1281.0174749999999,0.0,0.0
T_q80_4800,2025-09-23,2025-09-23,61,2025-09-23 10:10:00,2025-09-23 10:20:00,0.9588,6488.4499,6763.9313,6530.2617,7558.6084,-171.39111666666668,99.33836666666662,-72.05275000000006,0.80,0.80,28,,0.0,45.91356666666676,0.0,0.0,0.0,2151.774254444443,2193.0964644444434,1345.86495,0.0,0.0
T_q80_4800,2025-09-23,2025-09-23,62,2025-09-23 10:20:00,2025-09-23 10:30:00,0.9549,6336.11,7139.7,6502.13,7758.4875,-209.39291666666668,143.02124999999978,-66.3716666666669,0.80,0.80,28,,0.0,133.93166666666667,0.0,0.0,0.0,2193.0964644444434,2313.6349644444435,1405.5994500000002,0.0,0.0
T_q80_4800,2025-09-23,2025-09-23,63,2025-09-23 10:30:00,2025-09-23 10:40:00,0.9839,6376.9432,7257.6775,6501.3745,7803.3333,-216.9931333333334,157.95738333333327,-59.03575000000012,0.80,0.80,28,,0.0,146.78905,0.0,0.0,0.0,2313.6349644444435,2445.7451094444436,1458.7316250000003,0.0,0.0
T_q80_4800,2025-09-23,2025-09-23,64,2025-09-23 10:40:00,2025-09-23 10:50:00,0.799,6473.6947,7240.5731,6474.7018,7884.0347,-234.8888166666667,151.34778333333315,-83.54103333333356,0.80,0.80,28,,0.0,127.8130666666666,0.0,0.0,0.0,2445.7451094444436,2560.7768694444435,1533.9185550000007,0.0,0.0
T_q80_4800,2025-09-23,2025-09-23,65,2025-09-23 10:50:00,2025-09-23 11:00:00,0.5025,6470.56,7359.675,6439.65,8030.625,-265.1625,123.5895833333334,-141.57291666666663,0.80,0.80,28,,367.91941666666503,516.1052499999983,0.0,0.0,0.0,2560.7768694444435,3025.2715944444417,1992.4616549999992,184.87950687499915,0.0
T_q80_4800,2025-09-23,2025-09-23,66,2025-09-23 11:00:00,2025-09-23 11:10:00,0.4662,6357.1346,7784.7849,6473.1896,8066.7709,-265.59688333333344,139.59955000000008,-125.99733333333336,0.80,0.80,28,,707.3359999999999,833.3333333333333,0.0,0.0,111.94438333333323,3025.2715944444417,3775.2715944444417,2742.461654999999,329.7600431999999,0.0
T_q80_4800,2025-09-23,2025-09-23,67,2025-09-23 11:10:00,2025-09-23 11:20:00,0.5007,6310.6975,8209.6886,6527.364,8058.9692,-255.26753333333332,143.61113333333333,-111.65639999999999,0.80,0.80,28,,721.6769333333333,833.3333333333333,0.0,0.0,204.84211666666647,3775.2715944444417,4525.271594444442,3492.461654999999,361.34364052,0.0
T_q80_4800,2025-09-23,2025-09-23,68,2025-09-23 11:20:00,2025-09-23 11:30:00,0.4827,6431.52,8399.7375,6531.11,8058.1875,-254.5129166666667,110.86374999999987,-143.64916666666684,0.80,0.80,28,,689.6841666666664,833.3333333333333,0.0,0.0,184.38708333333295,4525.271594444442,5275.271594444442,4242.461654999999,332.9105472499999,0.0
T_q80_4800,2025-09-23,2025-09-23,69,2025-09-23 11:30:00,2025-09-23 11:40:00,0.4785,6604.0357,8379.679,6437.2197,8059.3959,-270.36270000000013,53.99166666666662,-216.37103333333351,0.80,0.80,28,,616.9622999999997,833.3333333333333,0.0,0.0,79.56951666666635,5275.271594444442,6025.271594444442,4992.461654999999,295.21646054999985,0.0
T_q80_4800,2025-09-23,2025-09-23,70,2025-09-23 11:40:00,2025-09-23 11:50:00,0.4662,6371.5522,8435.4109,6258.0133,8144.2088,-314.36591666666675,98.22424999999993,-216.14166666666682,0.80,0.80,28,,617.1916666666664,833.3333333333333,0.0,0.0,127.83478333333323,6025.271594444442,6775.271594444442,5742.461654999999,287.7347549999999,0.0
T_q80_4800,2025-09-23,2025-09-23,71,2025-09-23 11:50:00,2025-09-23 12:00:00,0.4432,5893.69,8613.5625,6034.17,8278.275,-374.0174999999999,158.67333333333318,-215.34416666666675,0.80,0.80,28,,617.9891666666665,833.3333333333333,0.0,0.0,237.96791666666672,6775.271594444442,7525.271594444442,6492.461654999999,273.8927986666666,0.0
T_q80_4800,2025-09-23,2025-09-23,72,2025-09-23 12:00:00,2025-09-23 12:10:00,0.4411,5815.5593,8690.3915,5857.0228,8321.7803,-410.79291666666677,151.25543333333314,-259.5374833333336,0.80,0.80,28,,573.7958499999996,833.3333333333333,0.0,0.0,219.60121666666623,7525.271594444442,8275.271594444443,7242.461654999999,253.10134943499983,0.0
T_q80_4800,2025-09-23,2025-09-23,73,2025-09-23 12:10:00,2025-09-23 12:20:00,0.4551,5929.8452,8581.2694,5948.518,8267.6048,-386.5144666666665,122.1221499999998,-264.3923166666667,0.80,0.80,28,,568.9410166666665,833.3333333333333,0.0,0.0,177.51171666666653,8275.271594444443,9025.271594444443,7992.461654999999,258.92505668499996,0.0
T_q80_4800,2025-09-23,2025-09-23,74,2025-09-23 12:20:00,2025-09-23 12:30:00,0.4463,5958.43,8484.4875,6160.56,8156.1,-332.59,132.46083333333354,-200.12916666666644,0.80,0.80,28,,633.2041666666669,833.3333333333333,0.0,0.0,220.88041666666663,9025.271594444443,9775.271594444443,8742.461655,282.5990195833334,0.0
T_q80_4800,2025-09-23,2025-09-23,75,2025-09-23 12:30:00,2025-09-23 12:40:00,0.4113,5882.5546,8645.3297,6118.0293,8055.8192,-322.9649833333333,162.45529999999997,-160.50968333333333,0.80,0.80,28,,672.8236499999999,833.3333333333333,0.0,0.0,299.9528333333333,9775.271594444443,10525.271594444443,9492.461655,276.732367245,0.0
T_q80_4800,2025-09-23,2025-09-23,76,2025-09-23 12:40:00,2025-09-23 12:50:00,0.5682,6091.5912,8546.664,6129.9123,8085.3213,-325.90149999999994,130.6118666666668,-195.28963333333314,0.80,0.80,28,,0.0,305.2537839506193,0.0,0.0,103.92501604938082,10525.271594444443,10800.0,9668.222324999999,0.0,0.0
T_q80_4800,2025-09-23,2025-09-23,77,2025-09-23 12:50:00,2025-09-23 13:00:00,0.8279,6408.53,8135.1375,6271.57,8109.4125,-306.3070833333334,131.93916666666655,-174.36791666666687,0.80,0.80,28,,0.0,0.0,0.0,0.0,287.7679166666667,10800.0,10800.0,9825.15345,0.0,0.0
T_q80_4800,2025-09-23,2025-09-23,78,2025-09-23 13:00:00,2025-09-23 13:10:00,0.8636,6253.4833,7884.9488,6267.4025,7864.6337,-266.2052,89.57320000000016,-176.63199999999983,0.80,0.80,28,,0.0,0.0,0.0,0.0,271.9109166666667,10800.0,10800.0,9984.12225,0.0,0.0
T_q80_4800,2025-09-23,2025-09-23,79,2025-09-23 13:10:00,2025-09-23 13:20:00,0.8416,6080.4251,7754.0988,6084.3297,7627.4867,-257.19283333333334,55.44526666666661,-201.74756666666673,0.80,0.80,28,,0.0,0.0,0.0,0.0,278.9456166666665,10800.0,10800.0,10165.69506,0.0,0.0
T_q80_4800,2025-09-23,2025-09-23,80,2025-09-23 13:20:00,2025-09-23 13:30:00,0.8618,6115.63,7607.2875,5983.25,7552.2375,-261.4979166666667,32.2929166666666,-229.2050000000001,0.80,0.80,28,,0.0,0.0,0.0,0.0,248.60958333333338,10800.0,10800.0,10371.97956,0.0,0.0
T_q80_4800,2025-09-23,2025-09-23,81,2025-09-23 13:30:00,2025-09-23 13:40:00,0.8623,6161.9414,7394.5585,6249.9547,7511.7507,-210.2993333333332,59.67995000000019,-150.61938333333302,0.80,0.80,28,,0.0,0.0,0.0,0.0,205.4361833333334,10800.0,10800.0,10507.537005,0.0,0.0
T_q80_4800,2025-09-23,2025-09-23,82,2025-09-23 13:40:00,2025-09-23 13:50:00,0.9026,6291.8498,7228.1769,6377.6378,7307.0291,-154.8985499999999,59.45085,-95.44769999999988,0.80,0.80,28,,0.0,0.0,0.0,0.0,156.05451666666673,10800.0,10800.0,10593.439935,0.0,0.0
T_q80_4800,2025-09-23,2025-09-23,83,2025-09-23 13:50:00,2025-09-23 14:00:00,0.9754,6409.53,7094.9625,6187.65,7022.8875,-139.20625,70.27833333333331,-68.9279166666667,0.80,0.80,28,,0.0,0.0,0.0,0.0,114.23874999999998,10800.0,10800.0,10655.47506,0.0,0.0
T_q80_4800,2025-09-23,2025-09-23,84,2025-09-23 14:00:00,2025-09-23 14:10:00,1.0002,6298.6605,6838.0168,6004.646,6916.3565,-151.95175,66.6666,-85.28515,0.80,0.80,28,,0.0,0.0,0.0,0.0,89.89271666666673,10800.0,10800.0,10732.231695,0.0,0.0
T_q80_4800,2025-09-23,2025-09-23,85,2025-09-23 14:10:00,2025-09-23 14:20:00,0.9978,6212.8259,6393.4647,6039.8719,6750.1107,-118.37313333333334,43.07501666666661,-75.29811666666673,0.80,0.80,28,,0.0,0.0,0.0,0.0,30.10646666666677,10800.0,10800.0,10800.0,0.0,0.0
T_q80_4800,2025-09-23,2025-09-23,86,2025-09-23 14:20:00,2025-09-23 14:30:00,1.0271,6236.6,5854.05,6212.36,6443.325,-38.494166666666686,62.7833333333333,24.289166666666617,0.80,0.80,28,,0.0,0.0,63.75833333333336,0.0,0.0,10800.0,10729.157407407407,10773.012037037037,0.0,0.0
T_q80_4800,2025-09-23,2025-09-23,87,2025-09-23 14:30:00,2025-09-23 14:40:00,1.0906,6217.1274,5393.4146,6261.2286,6154.0582,17.861733333333326,64.66748333333331,82.52921666666663,0.80,0.80,28,,0.0,0.0,137.2854666666667,0.0,0.0,10729.157407407407,10576.617999999999,10681.312907407408,0.0,0.0
T_q80_4800,2025-09-23,2025-09-23,88,2025-09-23 14:40:00,2025-09-23 14:50:00,0.9376,6206.2876,4990.8009,6234.7935,5864.7952,61.666383333333364,55.87338333333338,117.53976666666674,0.80,0.80,28,,0.0,0.0,202.58111666666656,0.0,0.0,10576.617999999999,10351.52787037037,10550.713166666666,0.0,0.0
T_q80_4800,2025-09-23,2025-09-23,89,2025-09-23 14:50:00,2025-09-23 15:00:00,0.6694,6262.68,4761.6375,6185.32,5565.3375,103.33041666666668,44.774166666666744,148.10458333333344,0.80,0.80,28,,148.10458333333344,0.0,102.06916666666663,0.0,0.0,10351.52787037037,10238.117685185185,10550.713166666666,99.1412080833334,0.0
T_q80_4800,2025-09-23,2025-09-23,90,2025-09-23 15:00:00,2025-09-23 15:10:00,0.66,6377.3851,4842.082,6148.1901,5276.6779,145.25203333333334,78.54066666666677,223.7927000000001,0.80,0.80,28,,500.77807037037076,244.89422037037076,0.0,0.0,0.0,10238.117685185185,10458.522483518518,10800.0,330.5135264444447,0.0
T_q80_4800,2025-09-23,2025-09-23,91,2025-09-23 15:10:00,2025-09-23 15:20:00,0.7217,6461.0017,4734.2965,6373.9324,4931.1252,240.46786666666654,72.63701666666657,313.1048833333331,0.80,0.80,28,,313.1048833333331,25.320683333333193,0.0,0.0,0.0,10458.522483518518,10481.311098518518,10800.0,225.9677943016665,0.0
T_q80_4800,2025-09-23,2025-09-23,92,2025-09-23 15:20:00,2025-09-23 15:30:00,0.7308,6382.45,4417.2375,6665.78,4525.725,356.67583333333323,73.79208333333341,430.4679166666666,0.80,0.80,28,,430.4679166666666,102.9325,0.0,0.0,0.0,10481.311098518518,10573.950348518518,10800.0,314.58595349999996,0.0
T_q80_4800,2025-09-23,2025-09-23,93,2025-09-23 15:30:00,2025-09-23 15:40:00,0.7534,6120.1976,4306.354,6522.3391,4126.3129,399.33770000000004,46.22411666666676,445.5618166666668,0.80,0.80,28,,445.5618166666668,143.2545500000001,0.0,0.0,0.0,10573.950348518518,10702.879443518517,10800.0,335.68627267666676,0.0
T_q80_4800,2025-09-23,2025-09-23,94,2025-09-23 15:40:00,2025-09-23 15:50:00,0.7823,6153.6297,4035.9346,6227.3075,3727.669,416.60641666666663,61.40128333333329,478.00769999999994,0.80,0.80,28,,478.00769999999994,107.91172942386967,0.0,0.0,17.146787242796876,10702.879443518517,10800.0,10800.0,373.94542370999994,0.0
T_q80_4800,2025-09-23,2025-09-23,95,2025-09-23 15:50:00,2025-09-23 16:00:00,0.8055,6505.17,3543.675,6173.39,3392.3625,463.50458333333336,58.726666666666574,522.2312499999999,0.80,0.80,28,,522.2312499999999,0.0,0.0,0.0,28.64874999999995,10800.0,10800.0,10800.0,420.65727187499994,0.0
T_q80_4800,2025-09-23,2025-09-23,96,2025-09-23 16:00:00,2025-09-23 16:10:00,0.8271,6704.9712,3168.3753,6477.1231,3188.7577,548.0609,40.40701666666661,588.4679166666665,0.80,0.80,28,,588.4679166666665,0.0,0.96473333333347,0.0,0.0,10800.0,10798.928074074074,10800.0,486.72181387499984,0.0
T_q80_4800,2025-09-23,2025-09-23,97,2025-09-23 16:10:00,2025-09-23 16:20:00,0.8519,6651.3841,2836.5022,6552.0795,2876.8086,612.5451499999999,44.36301666666657,656.9081666666665,0.80,0.80,28,,656.9081666666665,1.19102880658425,0.0,0.0,19.903487860082187,10798.928074074074,10800.0,10800.0,559.6200671833332,0.0
T_q80_4800,2025-09-23,2025-09-23,98,2025-09-23 16:20:00,2025-09-23 16:30:00,0.8791,6512.95,2503.5375,6332.94,2467.5375,644.2337499999999,33.45416666666665,677.6879166666665,0.80,0.80,28,,677.6879166666665,0.0,0.0,0.0,9.452499999999873,10800.0,10800.0,10800.0,595.7554475416665,0.0
T_q80_4800,2025-09-23,2025-09-23,99,2025-09-23 16:30:00,2025-09-23 16:40:00,0.9024,6516.7553,2218.6701,6320.4369,2200.0679,686.7281666666665,32.99040000000002,719.7185666666666,0.80,0.80,28,,719.7185666666666,0.0,0.0,0.0,3.3710333333333438,10800.0,10800.0,10800.0,649.4740345599998,0.0
T_q80_4800,2025-09-23,2025-09-23,100,2025-09-23 16:40:00,2025-09-23 16:50:00,0.9163,6452.5286,1863.5925,6492.3208,1918.0586,762.3770333333333,44.55761666666649,806.9346499999998,0.80,0.80,28,,806.9346499999998,0.0,0.0,0.0,42.11196666666649,10800.0,10800.0,10800.0,739.3942197949998,0.0
T_q80_4800,2025-09-23,2025-09-23,101,2025-09-23 16:50:00,2025-09-23 17:00:00,0.9264,6349.71,1465.3875,6599.87,1558.65,840.2033333333331,51.05875,891.2620833333332,0.80,0.80,28,,891.2620833333332,0.0,0.0,0.0,77.20833333333314,10800.0,10800.0,10800.0,825.6651939999998,0.0
T_q80_4800,2025-09-23,2025-09-23,102,2025-09-23 17:00:00,2025-09-23 17:10:00,0.9462,6441.2731,1178.7512,6444.2201,1230.6499,868.9283666666666,39.52376666666669,908.4521333333333,0.80,0.80,28,,908.4521333333333,0.0,0.0,0.0,31.36514999999997,10800.0,10800.0,10800.0,859.5774085600001,0.0
T_q80_4800,2025-09-23,2025-09-23,103,2025-09-23 17:10:00,2025-09-23 17:20:00,0.9742,6397.9351,917.9154,6365.2663,945.4844,903.2969833333333,20.785933333333332,924.0829166666666,0.80,0.80,28,,924.0829166666667,0.0,0.0,0.0,10.746300000000133,10800.0,10800.0,10800.0,900.2415774166667,0.0
T_q80_4800,2025-09-23,2025-09-23,104,2025-09-23 17:20:00,2025-09-23 17:30:00,0.9862,6368.49,630.1875,6543.08,683.6625,976.5695833333332,23.29499999999996,999.8645833333331,0.80,0.80,28,,999.8645833333331,0.0,0.0,0.0,43.48083333333318,10800.0,10800.0,10800.0,986.0664520833332,0.0
T_q80_4800,2025-09-23,2025-09-23,105,2025-09-23 17:30:00,2025-09-23 17:40:00,0.976,6667.634,356.458,6702.631,425.9356,1046.1159,27.75071666666679,1073.8666166666667,0.80,0.80,28,,1073.8666166666667,0.0,0.0,0.0,22.00395000000003,10800.0,10800.0,10800.0,1048.0938178666668,0.0
T_q80_4800,2025-09-23,2025-09-23,106,2025-09-23 17:40:00,2025-09-23 17:50:00,1.0742,5886.4358,131.4439,5992.5794,174.4761,969.6838833333333,12.449833333333345,982.1337166666666,0.80,0.80,28,,982.1337166666667,0.0,0.0,0.0,22.968400000000088,10800.0,10800.0,10800.0,1055.0080384433334,0.0
T_q80_4800,2025-09-23,2025-09-23,107,2025-09-23 17:50:00,2025-09-23 18:00:00,1.2313,4515.87,0.0,4835.08,0.0,805.8466666666666,19.54166666666663,825.3883333333332,0.80,0.80,28,,825.3883333333333,0.0,0.0,0.0,72.74333333333334,10800.0,10800.0,10800.0,1016.3006548333334,0.0
T_q80_4800,2025-09-23,2025-09-23,108,2025-09-23 18:00:00,2025-09-23 18:10:00,1.2561,4585.9791,0.0,4585.0492,0.0,764.1748666666667,15.513500000000022,779.6883666666668,0.80,0.80,28,,779.6883666666668,0.0,0.0,0.0,15.358516666666901,10800.0,10800.0,10800.0,979.3665573700001,0.0
T_q80_4800,2025-09-23,2025-09-23,109,2025-09-23 18:10:00,2025-09-23 18:20:00,1.2447,4985.787,4.4234,4700.096,6.1848,782.3185333333332,28.995233333333317,811.3137666666665,0.80,0.80,28,,811.3137666666667,0.0,18.913500000000113,0.0,0.0,10800.0,10778.985,10800.0,1009.8422453699999,0.0
T_q80_4800,2025-09-23,2025-09-23,110,2025-09-23 18:20:00,2025-09-23 18:30:00,1.2545,5006.5,0.0,4806.54,0.0,801.0899999999999,51.5183333333332,852.6083333333331,0.80,0.80,28,,852.6083333333331,18.191666666666492,0.0,0.0,0.0,10778.985,10795.3575,10800.0,1069.5971541666663,0.0
T_q80_4800,2025-09-23,2025-09-23,111,2025-09-23 18:30:00,2025-09-23 18:40:00,1.2522,5016.9579,0.0,5029.1871,0.0,838.19785,17.764650000000074,855.9625000000001,0.80,0.80,28,,855.9625000000001,5.158333333333252,0.0,0.0,14.644516666666782,10795.3575,10800.0,10800.0,1071.8362425,0.0
T_q80_4800,2025-09-23,2025-09-23,112,2025-09-23 18:40:00,2025-09-23 18:50:00,1.2881,4862.5058,0.3176,4889.8514,0.444,814.9012333333332,-4.275449999999978,810.6257833333332,0.80,0.80,28,,810.6257833333332,0.0,0.0,0.0,0.26108333333331757,10800.0,10800.0,10800.0,1044.1670715116666,0.0
T_q80_4800,2025-09-23,2025-09-23,113,2025-09-23 18:50:00,2025-09-23 19:00:00,1.3466,4664.56,0.0,4602.8,0.0,767.1333333333333,18.329999999999927,785.4633333333333,0.80,0.80,28,,0.0,0.0,777.4266666666667,0.0,0.0,10800.0,9936.192592592593,9927.262962962963,0.0,0.0
T_q80_4800,2025-09-23,2025-09-23,114,2025-09-23 19:00:00,2025-09-23 19:10:00,1.3523,4794.5933,0.0,4878.9151,0.0,813.1525166666667,25.735950000000116,838.8884666666668,0.80,0.80,28,,5.555133333333515,0.0,793.5437499999998,0.0,0.0,9936.192592592593,9054.477314814816,9001.337037037038,7.512206806666913,0.0
T_q80_4800,2025-09-23,2025-09-23,115,2025-09-23 19:10:00,2025-09-23 19:20:00,1.3445,4953.598,0.0228,5049.4296,0.0319,841.5662833333333,21.326583333333247,862.8928666666666,0.80,0.80,28,,29.55953333333332,0.0,796.0363333333333,0.0,0.0,9054.477314814816,8169.992500000001,8075.4111111111115,39.74279256666665,0.0
T_q80_4800,2025-09-23,2025-09-23,116,2025-09-23 19:20:00,2025-09-23 19:30:00,1.3483,4906.9,0.0,4902.19,0.0,817.0316666666665,11.69833333333338,828.7299999999999,0.80,0.80,28,,0.0,0.0,817.8166666666666,0.0,0.0,8169.992500000001,7261.307314814816,7154.6,0.0,0.0
T_q80_4800,2025-09-23,2025-09-23,117,2025-09-23 19:30:00,2025-09-23 19:40:00,1.349,4721.0181,0.0,4891.8419,0.0,815.3069833333334,-3.372216666666759,811.9347666666666,0.80,0.80,28,,0.0,0.0,786.83635,0.0,0.0,7261.307314814816,6387.044703703705,6252.45025925926,0.0,0.0
T_q80_4800,2025-09-23,2025-09-23,118,2025-09-23 19:40:00,2025-09-23 19:50:00,1.3473,4705.315,0.0016,4903.2757,0.0023,817.2122333333333,8.95578333333333,826.1680166666666,0.80,0.80,28,,0.0,0.0,784.2189,0.0,0.0,6387.044703703705,5515.690370370372,5334.485796296297,0.0,0.0
T_q80_4800,2025-09-23,2025-09-23,119,2025-09-23 19:50:00,2025-09-23 20:00:00,1.3482,4871.47,0.0,4818.68,0.0,803.1133333333333,30.225000000000023,833.3383333333334,0.80,0.80,28,,0.005000000000109139,0.0,811.9066666666665,0.0,0.0,5515.690370370372,4613.571851851853,4408.559870370371,0.006741000000147142,0.0
T_q80_4800,2025-09-23,2025-09-23,120,2025-09-23 20:00:00,2025-09-23 20:10:00,1.3513,4963.0687,0.0,4696.702,0.0,782.7836666666667,23.82991666666669,806.6135833333334,0.80,0.80,28,,0.0,0.0,827.1781166666666,0.0,0.0,4613.571851851853,3694.485055555557,3512.322555555556,0.0,0.0
T_q80_4800,2025-09-23,2025-09-23,121,2025-09-23 20:10:00,2025-09-23 20:20:00,1.34,5061.4062,0.0,4700.0445,0.0,783.34075,22.708849999999984,806.0495999999999,0.80,0.80,28,,379.407633333333,0.0,464.16006666666703,0.0,0.0,3694.485055555557,3178.7516481481493,3038.275925925926,508.40622866666627,0.0
T_q80_4800,2025-09-23,2025-09-23,122,2025-09-23 20:20:00,2025-09-23 20:30:00,1.3489,5038.25,0.0,4852.22,0.0,808.7033333333334,12.41166666666652,821.1149999999999,0.80,0.80,28,,0.0,0.0,833.3333333333333,6.375,0.0,3178.7516481481493,2252.8257222222237,2125.925925925926,0.0,42.9961875
T_q80_4800,2025-09-23,2025-09-23,123,2025-09-23 20:30:00,2025-09-23 20:40:00,1.3952,4709.3717,0.0,4995.945,0.0,832.6574999999999,18.17769999999996,850.8351999999999,0.80,0.80,28,,17.50186666666673,0.0,767.3934166666666,0.0,0.0,2252.8257222222237,1400.166370370372,1200.0,24.41860437333342,0.0
T_q80_4800,2025-09-23,2025-09-23,124,2025-09-23 20:40:00,2025-09-23 20:50:00,1.2226,4809.9708,0.0,4921.7777,0.0,820.2962833333332,19.999766666666574,840.2960499999998,0.80,0.80,28,,840.2960499999999,38.63424999999995,0.0,0.0,0.0,1400.166370370372,1434.9371953703721,1200.0,1027.34595073,0.0
T_q80_4800,2025-09-23,2025-09-23,125,2025-09-23 20:50:00,2025-09-23 21:00:00,0.9332,5215.3,0.0,4789.94,0.0,798.3233333333333,12.735000000000014,811.0583333333333,0.80,0.80,28,,811.0583333333334,0.0,58.1583333333333,0.0,0.0,1434.9371953703721,1370.3168250000017,1200.0,756.8796366666668,0.0
T_q80_4800,2025-09-23,2025-09-23,126,2025-09-23 21:00:00,2025-09-23 21:10:00,0.9068,5055.1463,0.0,4921.2572,0.0,820.2095333333333,7.107683333333284,827.3172166666666,0.80,0.80,28,,827.3172166666666,0.0,15.207166666666808,0.0,0.0,1370.3168250000017,1353.4199731481497,1200.0,750.2112520733333,0.0
T_q80_4800,2025-09-23,2025-09-23,127,2025-09-23 21:10:00,2025-09-23 21:20:00,0.9371,4827.5711,0.0,4795.1606,0.0,799.1934333333334,26.71623333333332,825.9096666666667,0.80,0.80,28,,825.9096666666667,21.314483333333328,0.0,0.0,0.0,1353.4199731481497,1372.6030081481497,1200.0,773.9599486333334,0.0
T_q80_4800,2025-09-23,2025-09-23,128,2025-09-23 21:20:00,2025-09-23 21:30:00,0.9371,4880.29,0.0,4582.3,0.0,763.7166666666667,20.644999999999982,784.3616666666667,0.80,0.80,28,,784.3616666666667,0.0,29.019999999999982,0.0,0.0,1372.6030081481497,1340.3585637037052,1200.0,735.0253178333334,0.0
T_q80_4800,2025-09-23,2025-09-23,129,2025-09-23 21:30:00,2025-09-23 21:40:00,0.9871,4979.2148,0.0,4908.0858,0.0,818.0142999999999,28.93528333333336,846.9495833333333,0.80,0.80,28,,846.9495833333333,17.08045000000004,0.0,0.0,0.0,1340.3585637037052,1355.7309687037052,1200.0,836.0239337083333,0.0
T_q80_4800,2025-09-23,2025-09-23,130,2025-09-23 21:40:00,2025-09-23 21:50:00,0.7764,4609.119,0.0,4661.9285,0.0,776.9880833333333,38.16666666666663,815.1547499999999,0.80,0.80,28,,815.1547499999999,46.96825000000001,0.0,0.0,0.0,1355.7309687037052,1398.0023937037051,1200.0,632.8861479,0.0
T_q80_4800,2025-09-23,2025-09-23,131,2025-09-23 21:50:00,2025-09-23 22:00:00,0.4209,3835.46,0.0,3835.63,0.0,639.2716666666666,23.821666666666488,663.0933333333331,0.80,0.80,28,,1496.4266666666663,833.3333333333333,0.0,0.0,23.84999999999968,1398.0023937037051,2148.002393703705,1950.0,629.8459839999998,0.0
T_q80_4800,2025-09-23,2025-09-23,132,2025-09-23 22:00:00,2025-09-23 22:10:00,0.3859,3320.6494,0.0,3598.3753,0.0,599.7292166666666,3.2822833333332255,603.0114999999998,0.80,0.80,28,,1436.344833333333,833.3333333333333,0.0,0.0,49.56993333333321,2148.002393703705,2898.002393703705,2700.0,554.2854711833332,0.0
T_q80_4800,2025-09-23,2025-09-23,133,2025-09-23 22:10:00,2025-09-23 22:20:00,0.4368,3496.0714,0.0,3658.3589,0.0,609.7264833333334,4.7058000000000675,614.4322833333334,0.80,0.80,28,,614.4322833333334,31.753716666666833,0.0,0.0,0.0,2898.002393703705,2926.5807387037053,2700.0,268.3840213600001,0.0
T_q80_4800,2025-09-23,2025-09-23,134,2025-09-23 22:20:00,2025-09-23 22:30:00,0.4198,3883.24,0.0,3679.49,0.0,613.2483333333332,20.729999999999905,633.9783333333331,0.80,0.80,28,,1467.3116666666665,820.1049999999999,0.0,0.0,0.0,2926.5807387037053,3664.675238703705,3450.0,615.9774376666666,0.0
T_q80_4800,2025-09-23,2025-09-23,135,2025-09-23 22:30:00,2025-09-23 22:40:00,0.4186,3580.1991,0.0,3675.7073,0.0,612.6178833333333,26.84140000000002,639.4592833333334,0.80,0.80,28,,1472.7926166666666,833.3333333333333,0.0,0.0,42.75943333333339,3664.675238703705,4414.675238703705,4200.0,616.5109893366667,0.0
T_q80_4800,2025-09-23,2025-09-23,136,2025-09-23 22:40:00,2025-09-23 22:50:00,0.4241,3332.1137,0.0,3704.1898,0.0,617.3649666666666,29.204516666666677,646.5694833333333,0.80,0.80,28,,646.5694833333333,91.21720000000005,0.0,0.0,0.0,4414.675238703705,4496.770718703705,4200.0,274.21011788166663,0.0
T_q80_4800,2025-09-23,2025-09-23,137,2025-09-23 22:50:00,2025-09-23 23:00:00,0.4237,3416.1,0.0,3714.13,0.0,619.0216666666666,34.49333333333334,653.515,0.80,0.80,28,,653.515,84.16500000000008,0.0,0.0,0.0,4496.770718703705,4572.519218703705,4200.0,276.89430550000003,0.0
T_q80_4800,2025-09-23,2025-09-23,138,2025-09-23 23:00:00,2025-09-23 23:10:00,0.4248,3387.9352,0.0,3626.4469,0.0,604.4078166666666,12.844966666666664,617.2527833333332,0.80,0.80,28,,617.2527833333332,52.59691666666663,0.0,0.0,0.0,4572.519218703705,4619.856443703705,4200.0,262.20898236,0.0
T_q80_4800,2025-09-23,2025-09-23,139,2025-09-23 23:10:00,2025-09-23 23:20:00,0.424,3459.0094,0.0,3690.0841,0.0,615.0140166666666,4.450550000000021,619.4645666666667,0.80,0.80,28,,619.4645666666667,42.96300000000008,0.0,0.0,0.0,4619.856443703705,4658.523143703705,4200.0,262.65297626666666,0.0
T_q80_4800,2025-09-23,2025-09-23,140,2025-09-23 23:20:00,2025-09-23 23:30:00,0.422,3661.95,0.0,3800.23,0.0,633.3716666666667,31.328333333333376,664.7,0.80,0.80,28,,1331.3666666666668,721.0416666666669,0.0,0.0,0.0,4658.523143703705,5307.460643703705,4800.0,561.8367333333333,0.0
T_q80_4800,2025-09-23,2025-09-23,141,2025-09-23 23:30:00,2025-09-23 23:40:00,0.424,3702.4038,0.0,3632.9661,0.0,605.4943499999999,12.267283333333353,617.7616333333333,0.80,0.80,28,,617.7616333333333,0.6943333333333612,0.0,0.0,0.0,5307.460643703705,5308.085543703704,4800.0,261.9309325333333,0.0
T_q80_4800,2025-09-23,2025-09-23,142,2025-09-23 23:40:00,2025-09-23 23:50:00,0.4271,3409.7885,0.0,3700.6194,0.0,616.7699,11.342966666666712,628.1128666666667,0.80,0.80,28,,628.1128666666667,59.81478333333337,0.0,0.0,0.0,5308.085543703704,5361.9188487037045,4800.0,268.26700535333333,0.0
T_q80_4800,2025-09-23,2025-09-23,143,2025-09-23 23:50:00,2025-09-24 00:00:00,0.4276,3147.61,0.0,3923.31,0.0,653.885,21.319999999999993,675.2049999999999,0.80,0.80,28,,675.2049999999999,150.60333333333324,0.0,0.0,0.0,5361.9188487037045,5497.461848703704,4800.0,288.717658,0.0
T_q80_4800,2025-12-21,2025-12-21,0,2025-12-21 00:00:00,2025-12-21 00:10:00,0.4248,3576.1063,0.0,3556.1474,0.0,592.6912333333332,45.61368333333337,638.3049166666666,0.80,0.80,28,,1471.63825,833.3333333333333,0.0,0.0,42.2872000000001,5626.023977962966,6376.023977962966,6376.023977962966,625.1519286,0.0
T_q80_4800,2025-12-21,2025-12-21,1,2025-12-21 00:10:00,2025-12-21 00:20:00,0.4245,3537.871,0.0,3367.4634,0.0,561.2438999999999,34.25221666666664,595.4961166666666,0.80,0.80,28,,1428.8294499999997,833.3333333333333,0.0,0.0,5.850949999999784,6376.023977962966,7126.023977962966,7126.0239779629665,606.5381015249999,0.0
T_q80_4800,2025-12-21,2025-12-21,2,2025-12-21 00:20:00,2025-12-21 00:30:00,0.4269,3472.1,0.0,3429.29,0.0,571.5483333333333,35.35500000000002,606.9033333333333,0.80,0.80,28,,1440.2366666666667,833.3333333333333,0.0,0.0,28.22000000000014,7126.023977962966,7876.023977962966,7876.0239779629665,614.837033,0.0
T_q80_4800,2025-12-21,2025-12-21,3,2025-12-21 00:30:00,2025-12-21 00:40:00,0.4272,3388.2602,0.0,3676.387,0.0,612.7311666666667,37.508133333333376,650.2393000000001,0.80,0.80,28,,1483.5726333333332,833.3333333333333,0.0,0.0,85.52926666666667,7876.023977962966,8626.023977962966,8626.023977962966,633.78222896,0.0
T_q80_4800,2025-12-21,2025-12-21,4,2025-12-21 00:40:00,2025-12-21 00:50:00,0.4271,3299.4233,0.0,3757.6546,0.0,626.2757666666666,34.384283333333315,660.66005,0.80,0.80,28,,1493.9933833333332,833.3333333333333,0.0,0.0,110.75616666666667,8626.023977962966,9376.023977962966,9376.023977962966,638.0845740216666,0.0
T_q80_4800,2025-12-21,2025-12-21,5,2025-12-21 00:50:00,2025-12-21 01:00:00,0.4285,3349.26,0.0,3650.77,0.0,608.4616666666666,30.790000000000077,639.2516666666667,0.80,0.80,28,,639.2516666666667,81.04166666666663,0.0,0.0,0.0,9376.023977962966,9448.961477962966,9376.023977962966,273.91933916666665,0.0
T_q80_4800,2025-12-21,2025-12-21,6,2025-12-21 01:00:00,2025-12-21 01:10:00,0.4311,3662.0911,0.0,3636.1785,0.0,606.0297499999999,34.88784999999996,640.9175999999999,0.80,0.80,28,,640.9175999999999,30.569083333333197,0.0,0.0,0.0,9448.961477962966,9476.473652962966,9376.023977962966,276.29957735999994,0.0
T_q80_4800,2025-12-21,2025-12-21,7,2025-12-21 01:10:00,2025-12-21 01:20:00,0.4302,3799.4157,0.0,3630.4656,0.0,605.0776,32.436000000000035,637.5136,0.80,0.80,28,,637.5136,4.277649999999994,0.0,0.0,0.0,9476.473652962966,9480.323537962966,9376.023977962966,274.25835072,0.0
T_q80_4800,2025-12-21,2025-12-21,8,2025-12-21 01:20:00,2025-12-21 01:30:00,0.4279,3736.18,0.0,3593.03,0.0,598.8383333333334,55.61000000000013,654.4483333333335,0.80,0.80,28,,1403.3105800411486,780.613913374482,0.0,0.0,0.0,9480.323537962966,10182.87606,10050.0,600.4765971996075,0.0
T_q80_4800,2025-12-21,2025-12-21,9,2025-12-21 01:30:00,2025-12-21 01:40:00,0.4312,3824.9356,0.0,3602.2286,0.0,600.3714333333332,39.22818333333339,639.5996166666666,0.80,0.80,28,,639.5996166666666,2.1103500000000395,0.0,0.0,0.0,10182.87606,10184.775375000001,10050.0,275.79535470666667,0.0
T_q80_4800,2025-12-21,2025-12-21,10,2025-12-21 01:40:00,2025-12-21 01:50:00,0.4333,3734.208,0.0,3658.5023,0.0,609.7503833333333,43.14986666666664,652.9002499999999,0.80,0.80,28,,652.9002499999999,30.532249999999976,0.0,0.0,0.0,10184.775375000001,10212.254400000002,10050.0,282.901678325,0.0
T_q80_4800,2025-12-21,2025-12-21,11,2025-12-21 01:50:00,2025-12-21 02:00:00,0.4311,3587.15,0.0,3712.62,0.0,618.77,50.02666666666664,668.7966666666666,0.80,0.80,28,,668.7966666666666,70.93833333333328,0.0,0.0,0.0,10212.254400000002,10276.0989,10050.0,288.318243,0.0
T_q80_4800,2025-12-21,2025-12-21,12,2025-12-21 02:00:00,2025-12-21 02:10:00,0.4293,3856.4774,0.0,3725.8178,0.0,620.9696333333333,50.243600000000015,671.2132333333333,0.80,0.80,28,,671.2132333333333,28.466999999999985,0.0,0.0,0.0,10276.0989,10301.719200000001,10050.0,288.15184107,0.0
T_q80_4800,2025-12-21,2025-12-21,13,2025-12-21 02:10:00,2025-12-21 02:20:00,0.4324,3923.2147,0.0,3808.8429,0.0,634.80715,35.94059999999996,670.74775,0.80,0.80,28,,670.74775,16.87863333333337,0.0,0.0,0.0,10301.719200000001,10316.90997,10050.0,290.0313271,0.0
T_q80_4800,2025-12-21,2025-12-21,14,2025-12-21 02:20:00,2025-12-21 02:30:00,0.4367,3730.5,0.0,3949.55,0.0,658.2583333333333,46.82499999999993,705.0833333333333,0.80,0.80,28,,705.0833333333333,83.33333333333326,0.0,0.0,0.0,10316.90997,10391.90997,10050.0,307.9098916666666,0.0
T_q80_4800,2025-12-21,2025-12-21,15,2025-12-21 02:30:00,2025-12-21 02:40:00,0.4348,3819.86,0.0,4008.5848,0.0,668.0974666666666,49.69853333333339,717.796,0.80,0.80,28,,717.796,81.15266666666673,0.0,0.0,0.0,10391.90997,10464.94737,10050.0,312.09770080000004,0.0
T_q80_4800,2025-12-21,2025-12-21,16,2025-12-21 02:40:00,2025-12-21 02:50:00,0.4335,3791.4644,0.0,3980.4251,0.0,663.4041833333333,74.54241666666667,737.9466,0.80,0.80,28,,737.9466,106.03586666666672,0.0,0.0,0.0,10464.94737,10560.37965,10050.0,319.8998511,0.0
T_q80_4800,2025-12-21,2025-12-21,17,2025-12-21 02:50:00,2025-12-21 03:00:00,0.4357,3751.73,0.0,3902.28,0.0,650.38,62.350000000000136,712.7300000000001,0.80,0.80,28,,712.7300000000001,87.44166666666683,0.0,0.0,0.0,10560.37965,10639.077150000001,10050.0,310.53646100000003,0.0
T_q80_4800,2025-12-21,2025-12-21,18,2025-12-21 03:00:00,2025-12-21 03:10:00,0.4374,4180.5461,0.0,3841.0019,0.0,640.1669833333333,61.44855000000007,701.6155333333334,0.80,0.80,28,,701.6155333333334,4.857850000000099,0.0,0.0,0.0,10639.077150000001,10643.449215,10050.0,306.88663428,0.0
T_q80_4800,2025-12-21,2025-12-21,19,2025-12-21 03:10:00,2025-12-21 03:20:00,0.4371,4115.3327,0.0,3938.1938,0.0,656.3656333333333,60.89666666666665,717.2623,0.80,0.80,28,,717.2623,31.37351666666666,0.0,0.0,0.0,10643.449215,10671.68538,10050.0,313.51535133,0.0
T_q80_4800,2025-12-21,2025-12-21,20,2025-12-21 03:20:00,2025-12-21 03:30:00,0.4356,3748.74,0.0,4040.34,0.0,673.39,43.10166666666669,716.4916666666667,0.80,0.80,28,,716.4916666666668,91.70166666666682,0.0,0.0,0.0,10671.68538,10754.216880000002,10050.0,312.10377000000005,0.0
T_q80_4800,2025-12-21,2025-12-21,21,2025-12-21 03:30:00,2025-12-21 03:40:00,0.4353,4220.4858,0.0,3859.3277,0.0,643.2212833333333,41.82411666666667,685.0454,0.80,0.80,28,,685.0454,0.0,18.368900000000053,0.0,0.0,10754.216880000002,10733.806991111112,10050.0,298.20026262,0.0
T_q80_4800,2025-12-21,2025-12-21,22,2025-12-21 03:40:00,2025-12-21 03:50:00,0.436,4423.9257,0.0,3801.431,0.0,633.5718333333333,55.73093333333327,689.3027666666666,0.80,0.80,28,,689.3027666666667,0.0,48.01818333333324,0.0,0.0,10733.806991111112,10680.453454074075,10050.0,300.5360062666667,0.0
T_q80_4800,2025-12-21,2025-12-21,23,2025-12-21 03:50:00,2025-12-21 04:00:00,0.4378,4079.15,0.0,3946.69,0.0,657.7816666666666,61.735000000000014,719.5166666666667,0.80,0.80,28,,719.5166666666667,39.6583333333333,0.0,0.0,0.0,10680.453454074075,10716.145954074074,10050.0,315.00439666666665,0.0
T_q80_4800,2025-12-21,2025-12-21,24,2025-12-21 04:00:00,2025-12-21 04:10:00,0.4401,4038.9424,0.0,3984.0426,0.0,664.0071,59.606700000000046,723.6138000000001,0.80,0.80,28,,723.6138000000001,50.45673333333343,0.0,0.0,0.0,10716.145954074074,10761.557014074075,10050.0,318.46243338000005,0.0
T_q80_4800,2025-12-21,2025-12-21,25,2025-12-21 04:10:00,2025-12-21 04:20:00,0.4389,4082.3954,0.0,4043.9085,0.0,673.98475,61.1744333333333,735.1591833333332,0.80,0.80,28,,735.1591833333332,42.71442880658368,0.0,0.0,12.045521193416207,10761.557014074075,10800.0,10050.0,322.6613655649999,0.0
T_q80_4800,2025-12-21,2025-12-21,26,2025-12-21 04:20:00,2025-12-21 04:30:00,0.4364,4064.87,0.0,4208.34,0.0,701.39,54.535000000000025,755.925,0.80,0.80,28,,755.925,0.0,0.0,0.0,78.44666666666672,10800.0,10800.0,10050.0,329.88567,0.0
T_q80_4800,2025-12-21,2025-12-21,27,2025-12-21 04:30:00,2025-12-21 04:40:00,0.4393,4121.8784,0.0,4361.7707,0.0,726.9617833333333,66.09614999999997,793.0579333333333,0.80,0.80,28,,793.0579333333333,0.0,0.0,0.0,106.07820000000004,10800.0,10800.0,10050.0,348.39035011333334,0.0
T_q80_4800,2025-12-21,2025-12-21,28,2025-12-21 04:40:00,2025-12-21 04:50:00,0.4422,4083.6154,0.0,4272.1393,0.0,712.0232166666666,66.36520000000019,778.3884166666668,0.80,0.80,28,,778.3884166666668,0.0,0.0,0.0,97.7858500000001,10800.0,10800.0,10050.0,344.20335785000003,0.0
T_q80_4800,2025-12-21,2025-12-21,29,2025-12-21 04:50:00,2025-12-21 05:00:00,0.4395,4032.31,0.0,4064.68,0.0,677.4466666666666,66.45499999999993,743.9016666666665,0.80,0.80,28,,743.9016666666666,0.0,0.0,0.0,71.85000000000002,10800.0,10800.0,10050.0,326.9447825,0.0
T_q80_4800,2025-12-21,2025-12-21,30,2025-12-21 05:00:00,2025-12-21 05:10:00,0.4333,4217.9422,0.0023,4095.3383,0.002,682.5560499999999,76.0046666666666,758.5607166666665,0.80,0.80,28,,758.5607166666665,0.0,0.0,0.0,55.57073333333312,10800.0,10800.0,10050.0,328.6843585316666,0.0
T_q80_4800,2025-12-21,2025-12-21,31,2025-12-21 05:10:00,2025-12-21 05:20:00,0.4439,4253.2484,0.0,4118.0415,0.0,686.34025,57.380716666666615,743.7209666666665,0.80,0.80,28,,743.7209666666665,0.0,0.0,0.0,34.8462333333332,10800.0,10800.0,10050.0,330.1377371033333,0.0
T_q80_4800,2025-12-21,2025-12-21,32,2025-12-21 05:20:00,2025-12-21 05:30:00,0.4301,4066.58,0.0,4041.16,0.0,673.5266666666666,57.026666666666756,730.5533333333334,0.80,0.80,28,,730.5533333333334,0.0,0.0,0.0,52.79000000000008,10800.0,10800.0,10050.0,314.2109886666667,0.0
T_q80_4800,2025-12-21,2025-12-21,33,2025-12-21 05:30:00,2025-12-21 05:40:00,0.3713,4077.7781,0.0316,4101.2526,0.0285,683.5373499999998,67.31061666666665,750.8479666666665,0.80,0.80,28,,1584.1812999999997,0.0,0.0,0.0,904.5568833333331,10800.0,10800.0,10800.0,588.20651669,0.0
T_q80_4800,2025-12-21,2025-12-21,34,2025-12-21 05:40:00,2025-12-21 05:50:00,0.5708,4717.7146,0.0,4586.0753,0.0,764.3458833333334,84.02178333333336,848.3676666666668,0.80,0.80,28,,848.3676666666668,0.0,0.0,0.0,62.08190000000013,10800.0,10800.0,10800.0,484.24826413333335,0.0
T_q80_4800,2025-12-21,2025-12-21,35,2025-12-21 05:50:00,2025-12-21 06:00:00,0.9099,5490.65,0.0,5227.27,0.0,871.2116666666667,77.75,948.9616666666667,0.80,0.80,28,,948.9616666666667,0.0,0.0,0.0,33.85333333333347,10800.0,10800.0,10800.0,863.4602205000001,0.0
T_q80_4800,2025-12-21,2025-12-21,36,2025-12-21 06:00:00,2025-12-21 06:10:00,0.9368,5439.318,0.4406,5402.0967,0.3963,900.2833999999999,63.97019999999986,964.2535999999998,0.80,0.80,28,,289.2535999999998,0.0,617.2259666666669,0.0,0.0,10800.0,10114.19337037037,10050.0,270.9727724799998,0.0
T_q80_4800,2025-12-21,2025-12-21,37,2025-12-21 06:10:00,2025-12-21 06:20:00,0.8758,5407.8325,0.0,5325.5478,0.0,887.5913,62.784516666666605,950.3758166666667,0.80,0.80,28,,950.3758166666667,49.07039999999995,0.0,0.0,0.0,10114.19337037037,10158.356730370371,10050.0,832.3391402366667,0.0
T_q80_4800,2025-12-21,2025-12-21,38,2025-12-21 06:20:00,2025-12-21 06:30:00,0.8759,5587.05,0.0,5273.41,0.0,878.9016666666666,84.72000000000003,963.6216666666667,0.80,0.80,28,,963.6216666666667,32.446666666666715,0.0,0.0,0.0,10158.356730370371,10187.55873037037,10050.0,844.0362178333334,0.0
T_q80_4800,2025-12-21,2025-12-21,39,2025-12-21 06:30:00,2025-12-21 06:40:00,0.8601,5351.2866,6.1366,5332.3028,5.5202,887.7971,77.0084666666666,964.8055666666667,0.80,0.80,28,,964.8055666666667,73.94723333333332,0.0,0.0,0.0,10187.55873037037,10254.11124037037,10050.0,829.82926789,0.0
T_q80_4800,2025-12-21,2025-12-21,40,2025-12-21 06:40:00,2025-12-21 06:50:00,0.8442,5233.249,0.0,5448.9625,0.0,908.1604166666666,79.75866666666661,987.9190833333332,0.80,0.80,28,,987.9190833333332,115.71091666666666,0.0,0.0,0.0,10254.11124037037,10358.25106537037,10050.0,834.0012901499998,0.0
T_q80_4800,2025-12-21,2025-12-21,41,2025-12-21 06:50:00,2025-12-21 07:00:00,0.8334,5374.2,0.0,5477.09,0.0,912.8483333333334,95.00833333333344,1007.8566666666668,0.80,0.80,28,,1007.8566666666668,112.15666666666687,0.0,0.0,0.0,10358.25106537037,10459.192065370371,10050.0,839.9477460000002,0.0
T_q80_4800,2025-12-21,2025-12-21,42,2025-12-21 07:00:00,2025-12-21 07:10:00,0.8092,5360.7841,172.6829,5311.6794,154.8087,859.4784500000001,79.15160000000014,938.6300500000002,0.80,0.80,28,,938.6300500000002,73.94651666666687,0.0,0.0,0.0,10459.192065370371,10525.74393037037,10050.0,759.5394364600002,0.0
T_q80_4800,2025-12-21,2025-12-21,43,2025-12-21 07:10:00,2025-12-21 07:20:00,0.7972,5321.3096,420.0356,5235.8538,373.5954,810.3763999999999,83.5605333333333,893.9369333333332,0.80,0.80,28,,893.9369333333332,77.05793333333327,0.0,0.0,0.0,10525.74393037037,10595.09607037037,10050.0,712.6465232533333,0.0
T_q80_4800,2025-12-21,2025-12-21,44,2025-12-21 07:20:00,2025-12-21 07:30:00,0.7644,5231.72,690.675,5263.95,606.525,776.2375,85.64458333333323,861.8820833333332,0.80,0.80,28,,861.8820833333332,105.04124999999988,0.0,0.0,0.0,10595.09607037037,10689.63319537037,10050.0,658.8226644999999,0.0
T_q80_4800,2025-12-21,2025-12-21,45,2025-12-21 07:30:00,2025-12-21 07:40:00,0.6899,5065.8847,996.7377,5254.4509,867.132,731.2198166666667,94.91668333333348,826.1365000000002,0.80,0.80,28,,1659.4698333333336,122.62978292181086,0.0,0.0,858.6488837448562,10689.63319537037,10800.0,10800.0,1144.8682380166667,0.0
T_q80_4800,2025-12-21,2025-12-21,46,2025-12-21 07:40:00,2025-12-21 07:50:00,0.86,5889.1246,1276.7125,5860.266,1127.5925,788.7789166666666,81.91808333333336,870.697,0.80,0.80,28,,870.6970000000001,0.0,0.0,0.0,101.96165000000019,10800.0,10800.0,10800.0,748.79942,0.0
T_q80_4800,2025-12-21,2025-12-21,47,2025-12-21 07:50:00,2025-12-21 08:00:00,1.1617,7180.79,1539.8625,6843.61,1391.4,908.7016666666665,65.18666666666672,973.8883333333332,0.80,0.80,28,,140.55500000000006,0.0,799.5995833333332,0.0,0.0,10800.0,9911.556018518519,9874.074074074075,163.28274350000007,0.0
T_q80_4800,2025-12-21,2025-12-21,48,2025-12-21 08:00:00,2025-12-21 08:10:00,1.1683,7254.351,1860.1541,7193.4429,1682.7674,918.4459166666667,67.08479999999997,985.5307166666666,0.80,0.80,28,,152.1973833333334,0.0,746.8354333333332,0.0,0.0,9911.556018518519,9081.738870370371,8948.14814814815,177.81220294833338,0.0
T_q80_4800,2025-12-21,2025-12-21,49,2025-12-21 08:10:00,2025-12-21 08:20:00,1.0956,7152.8955,2211.6206,7169.2307,1942.6551,871.0959333333333,67.4456166666667,938.5415499999999,0.80,0.80,28,,105.20821666666666,0.0,718.3375999999998,0.0,0.0,9081.738870370371,8283.585981481483,8022.2222222222235,115.26612217999998,0.0
T_q80_4800,2025-12-21,2025-12-21,50,2025-12-21 08:20:00,2025-12-21 08:30:00,1.0849,7367.01,2579.625,7137.33,2176.275,826.8425,70.89374999999995,897.7362499999999,0.80,0.80,28,,64.40291666666667,0.0,733.4945833333334,0.0,0.0,8283.585981481483,7468.5920000000015,7096.296296296297,69.87072429166666,0.0
T_q80_4800,2025-12-21,2025-12-21,51,2025-12-21 08:30:00,2025-12-21 08:40:00,1.061,7333.1326,2953.1787,7192.1147,2447.0445,790.8450333333333,62.75283333333334,853.5978666666666,0.80,0.80,28,,20.26453333333336,0.0,709.7277833333334,0.0,0.0,7468.5920000000015,6680.005574074075,6170.370370370371,21.500669866666694,0.0
T_q80_4800,2025-12-21,2025-12-21,52,2025-12-21 08:40:00,2025-12-21 08:50:00,1.043,7276.0603,3195.6035,7234.7979,2711.8548,753.8238499999999,69.29015000000004,823.1139999999999,0.80,0.80,28,,0.0,0.0,680.0761333333332,0.0,0.0,6680.005574074075,5924.365425925927,5255.79925925926,0.0,0.0
T_q80_4800,2025-12-21,2025-12-21,53,2025-12-21 08:50:00,2025-12-21 09:00:00,1.036,7255.65,3341.5875,7206.45,2963.2125,707.2062499999998,69.20125000000007,776.4074999999999,0.80,0.80,28,,0.0,0.0,652.3437499999999,0.0,0.0,5924.365425925927,5199.539037037039,4393.12425925926,0.0,0.0
T_q80_4800,2025-12-21,2025-12-21,54,2025-12-21 09:00:00,2025-12-21 09:10:00,1.0147,7076.8086,3572.7867,7154.2553,3236.2485,653.0011333333332,91.57009999999997,744.5712333333331,0.80,0.80,28,,0.0,0.0,584.00365,0.0,0.0,5199.539037037039,4550.646092592594,3565.82288888889,0.0,0.0
T_q80_4800,2025-12-21,2025-12-21,55,2025-12-21 09:10:00,2025-12-21 09:20:00,0.9922,7014.1683,3848.0561,7197.8707,3485.5191,618.7252666666667,77.27456666666666,695.9998333333333,0.80,0.80,28,,0.0,0.0,527.6853666666667,0.0,0.0,4550.646092592594,3964.3290185185197,2792.4897407407416,0.0,0.0
T_q80_4800,2025-12-21,2025-12-21,56,2025-12-21 09:20:00,2025-12-21 09:30:00,0.97,7150.59,4116.6,7265.28,3682.8375,597.0737499999999,94.38250000000005,691.45625,0.80,0.80,28,,487.06376666666597,0.0,18.601233333333994,0.0,0.0,3964.3290185185197,3943.660981481482,2565.3869814814816,472.45185366666595,0.0
T_q80_4800,2025-12-21,2025-12-21,57,2025-12-21 09:30:00,2025-12-21 09:40:00,0.9422,7259.4501,4370.6969,7159.0986,3870.6809,548.0696166666667,64.79355000000001,612.8631666666666,0.80,0.80,28,,612.8631666666666,131.40429999999998,0.0,0.0,0.0,3943.660981481482,4061.9248514814817,2565.3869814814816,577.4396756333333,0.0
T_q80_4800,2025-12-21,2025-12-21,58,2025-12-21 09:40:00,2025-12-21 09:50:00,0.9569,7142.682,4583.0793,7013.0091,4209.5459,467.2438666666667,82.73276666666669,549.9766333333334,0.80,0.80,28,,549.9766333333334,123.37618333333353,0.0,0.0,0.0,4061.9248514814817,4172.9634164814815,2565.3869814814816,526.2726404366667,0.0
T_q80_4800,2025-12-21,2025-12-21,59,2025-12-21 09:50:00,2025-12-21 10:00:00,0.9977,6912.23,4750.3875,6980.68,4610.2125,395.07791666666674,89.04958333333326,484.1275,0.80,0.80,28,,0.0,0.0,360.30708333333325,0.0,0.0,4172.9634164814815,3772.622212777778,2027.4675370370371,0.0,0.0
T_q80_4800,2025-12-21,2025-12-21,60,2025-12-21 10:00:00,2025-12-21 10:10:00,0.9919,6873.3728,4886.2111,7094.7959,4852.7288,373.67785000000003,82.10660000000007,455.7844500000001,0.80,0.80,28,,0.0,0.0,331.19361666666657,0.0,0.0,3772.622212777778,3404.6293053703703,1521.0403703703703,0.0,0.0
T_q80_4800,2025-12-21,2025-12-21,61,2025-12-21 10:10:00,2025-12-21 10:20:00,0.9588,6913.1885,4956.6279,7168.5149,5281.359,314.5259833333333,104.00708333333338,418.5330666666666,0.80,0.80,28,,418.5330666666666,92.43963333333335,0.0,0.0,0.0,3404.6293053703703,3487.8249753703703,1521.0403703703703,401.28950431999993,0.0
T_q80_4800,2025-12-21,2025-12-21,62,2025-12-21 10:20:00,2025-12-21 10:30:00,0.9549,6951.47,4960.7625,7054.17,5746.0125,218.02625000000003,111.8895833333334,329.91583333333347,0.80,0.80,28,,329.91583333333347,0.0,1.8687499999999204,0.0,0.0,3487.8249753703703,3485.7485864814817,1521.0403703703703,315.0366292500001,0.0
T_q80_4800,2025-12-21,2025-12-21,63,2025-12-21 10:30:00,2025-12-21 10:40:00,0.9839,7040.6919,4946.2149,6816.159,5710.7585,184.2334166666666,104.70291666666657,288.9363333333332,0.80,0.80,28,,0.0,0.0,349.07949999999994,0.0,0.0,3485.7485864814817,3097.8824753703707,1200.0,0.0,0.0
T_q80_4800,2025-12-21,2025-12-21,64,2025-12-21 10:40:00,2025-12-21 10:50:00,0.799,7195.1724,4968.8079,6956.2799,5630.2118,221.01135000000005,104.12333333333329,325.1346833333333,0.80,0.80,28,,325.1346833333333,0.0,45.92606666666677,0.0,0.0,3097.8824753703707,3046.853512407408,1200.0,259.78261198333337,0.0
T_q80_4800,2025-12-21,2025-12-21,65,2025-12-21 10:50:00,2025-12-21 11:00:00,0.5025,7266.62,4979.2125,7231.77,5759.025,245.45750000000012,77.66083333333336,323.11833333333345,0.80,0.80,28,,1156.4516666666668,775.2170833333334,0.0,0.0,0.0,3046.853512407408,3744.548887407408,1950.0,581.1169625,0.0
T_q80_4800,2025-12-21,2025-12-21,66,2025-12-21 11:00:00,2025-12-21 11:10:00,0.4662,7080.5804,4907.9946,6895.6312,5911.9944,163.9394666666667,83.75086666666658,247.69033333333329,0.80,0.80,28,,1081.0236666666665,718.9260333333332,0.0,0.0,0.0,3744.548887407408,4391.582317407408,2700.0,503.9732333999999,0.0
T_q80_4800,2025-12-21,2025-12-21,67,2025-12-21 11:10:00,2025-12-21 11:20:00,0.5007,6948.6094,5015.1025,6569.4148,5966.7895,100.43754999999994,99.65031666666675,200.08786666666668,0.80,0.80,28,,1033.4212,711.17005,0.0,0.0,0.0,4391.582317407408,5031.635362407407,3450.0,517.4339948400001,0.0
T_q80_4800,2025-12-21,2025-12-21,68,2025-12-21 11:20:00,2025-12-21 11:30:00,0.4827,6954.16,5256.3375,6633.54,5909.1375,120.73375000000001,95.79583333333335,216.52958333333336,0.80,0.80,28,,1049.8629166666667,766.8925,0.0,0.0,0.0,5031.635362407407,5721.838612407408,4200.0,506.76882987500005,0.0
T_q80_4800,2025-12-21,2025-12-21,69,2025-12-21 11:30:00,2025-12-21 11:40:00,0.4785,6860.0706,5348.0182,6836.8731,5820.8581,169.33583333333323,80.85508333333335,250.19091666666657,0.80,0.80,28,,1083.52425,831.5155166666667,0.0,0.0,0.0,5721.838612407408,6470.202577407408,4950.0,518.4663536249999,0.0
T_q80_4800,2025-12-21,2025-12-21,70,2025-12-21 11:40:00,2025-12-21 11:50:00,0.4662,6565.9337,5577.6892,6790.7755,5813.7308,162.84078333333323,66.45886666666667,229.2996499999999,0.80,0.80,28,,1062.6329833333332,833.3333333333333,0.0,0.0,64.5922333333333,6470.202577407408,7220.202577407408,5700.0,495.3994968299999,0.0
T_q80_4800,2025-12-21,2025-12-21,71,2025-12-21 11:50:00,2025-12-21 12:00:00,0.4432,6330.9,5890.8,6491.37,5891.5875,99.96375000000003,110.00375000000001,209.96750000000003,0.80,0.80,28,,1043.3008333333332,833.3333333333333,0.0,0.0,136.61750000000006,7220.202577407408,7970.202577407408,6450.0,462.39092933333325,0.0
T_q80_4800,2025-12-21,2025-12-21,72,2025-12-21 12:00:00,2025-12-21 12:10:00,0.4411,6501.863,5904.8948,6294.9218,5973.4043,53.586249999999986,99.36674999999985,152.95299999999983,0.80,0.80,28,,986.2863333333331,833.3333333333333,0.0,0.0,53.45829999999978,7970.202577407408,8720.202577407408,7200.0,435.05090163333324,0.0
T_q80_4800,2025-12-21,2025-12-21,73,2025-12-21 12:10:00,2025-12-21 12:20:00,0.4551,6520.3344,5868.1645,6333.9076,6089.1559,40.791949999999964,108.11289999999997,148.90484999999993,0.80,0.80,28,,982.2381833333332,833.3333333333333,0.0,0.0,40.209866666666585,8720.202577407408,9470.202577407408,7950.0,447.01659723499995,0.0
T_q80_4800,2025-12-21,2025-12-21,74,2025-12-21 12:20:00,2025-12-21 12:30:00,0.4463,6273.31,5864.7,6365.04,6127.4625,39.596250000000055,112.25583333333347,151.85208333333352,0.80,0.80,28,,985.1854166666668,833.3333333333333,0.0,0.0,83.75041666666675,9470.202577407408,10220.202577407408,8700.0,439.68825145833335,0.0
T_q80_4800,2025-12-21,2025-12-21,75,2025-12-21 12:30:00,2025-12-21 12:40:00,0.4113,6234.7567,5722.7661,6091.6909,5920.7826,28.484716666666674,108.78516666666661,137.2698833333333,0.80,0.80,28,,970.6032166666665,644.2193584362132,0.0,0.0,241.0520915637867,10220.202577407408,10800.0,9450.0,399.2091030149999,0.0
T_q80_4800,2025-12-21,2025-12-21,76,2025-12-21 12:40:00,2025-12-21 12:50:00,0.5682,6512.763,5549.8704,6220.5541,5742.7536,79.6334166666667,106.29104999999987,185.92446666666658,0.80,0.80,28,,1019.2577999999999,0.0,0.0,0.0,858.7756999999999,10800.0,10800.0,10200.0,579.14228196,0.0
T_q80_4800,2025-12-21,2025-12-21,77,2025-12-21 12:50:00,2025-12-21 13:00:00,0.8279,6836.44,5390.4375,6701.4,5623.725,179.61249999999987,119.49291666666664,299.10541666666654,0.80,0.80,28,,299.10541666666654,0.0,0.0,0.0,58.10499999999996,10800.0,10800.0,10200.0,247.62937445833322,0.0
T_q80_4800,2025-12-21,2025-12-21,78,2025-12-21 13:00:00,2025-12-21 13:10:00,0.8636,6797.3346,5211.4597,6744.871,5343.815,233.50933333333342,91.12375000000003,324.63308333333345,0.80,0.80,28,,324.63308333333345,0.0,0.0,0.0,60.320600000000184,10800.0,10800.0,10200.0,280.35313076666677,0.0
T_q80_4800,2025-12-21,2025-12-21,79,2025-12-21 13:10:00,2025-12-21 13:20:00,0.8416,6554.3856,5202.0686,6634.9633,5094.9115,256.6753,88.37720000000007,345.05250000000007,0.80,0.80,28,,345.05250000000007,0.0,0.0,0.0,119.6663333333334,10800.0,10800.0,10200.0,290.39618400000006,0.0
T_q80_4800,2025-12-21,2025-12-21,80,2025-12-21 13:20:00,2025-12-21 13:30:00,0.8618,6350.08,5287.95,6593.66,4968.1875,270.91208333333327,104.75666666666666,375.66874999999993,0.80,0.80,28,,375.66874999999993,0.0,0.0,0.0,198.64708333333326,10800.0,10800.0,10200.0,323.75132874999997,0.0
T_q80_4800,2025-12-21,2025-12-21,81,2025-12-21 13:30:00,2025-12-21 13:40:00,0.8623,6333.408,5178.3498,6524.9679,4861.622,277.22431666666654,105.21206666666677,382.4363833333333,0.80,0.80,28,,382.4363833333333,0.0,0.0,0.0,189.92668333333324,10800.0,10800.0,10200.0,329.7748933483333,0.0
T_q80_4800,2025-12-21,2025-12-21,82,2025-12-21 13:40:00,2025-12-21 13:50:00,0.9026,6515.4464,4993.7017,6428.5754,4729.9833,283.09868333333327,93.27893333333341,376.37761666666665,0.80,0.80,28,,376.37761666666665,0.0,0.0,0.0,122.75349999999997,10800.0,10800.0,10200.0,339.7184368033333,0.0
T_q80_4800,2025-12-21,2025-12-21,83,2025-12-21 13:50:00,2025-12-21 14:00:00,0.9754,6658.81,4847.5125,6371.24,4528.9125,307.0545833333332,72.14583333333348,379.2004166666667,0.80,0.80,28,,0.0,0.0,301.88291666666674,0.0,0.0,10800.0,10464.574537037037,9778.666203703704,0.0,0.0
T_q80_4800,2025-12-21,2025-12-21,84,2025-12-21 14:00:00,2025-12-21 14:10:00,1.0002,6474.7834,4705.4039,6434.9471,4241.2745,365.61209999999994,70.15556666666652,435.76766666666646,0.80,0.80,28,,0.0,0.0,294.8965833333333,0.0,0.0,10464.574537037037,10136.911666666667,9294.479907407407,0.0,0.0
T_q80_4800,2025-12-21,2025-12-21,85,2025-12-21 14:10:00,2025-12-21 14:20:00,0.9978,6311.1097,4404.8152,6598.029,4012.9491,430.84665000000007,61.98201666666665,492.8286666666667,0.80,0.80,28,,0.0,0.0,317.71574999999996,0.0,0.0,10136.911666666667,9783.894166666667,8746.8925,0.0,0.0
T_q80_4800,2025-12-21,2025-12-21,86,2025-12-21 14:20:00,2025-12-21 14:30:00,1.0271,6293.57,3988.3875,6653.62,3841.8375,468.63041666666663,52.137083333333464,520.7675000000002,0.80,0.80,28,,0.0,0.0,384.1970833333333,0.0,0.0,9783.894166666667,9357.008518518518,8168.261944444444,0.0,0.0
T_q80_4800,2025-12-21,2025-12-21,87,2025-12-21 14:30:00,2025-12-21 14:40:00,1.0906,6241.0875,3658.7815,6413.1096,3600.3157,468.79898333333324,84.22313333333335,553.0221166666665,0.80,0.80,28,,0.0,0.0,430.38433333333325,0.0,0.0,9357.008518518518,8878.803703703703,7553.792925925926,0.0,0.0
T_q80_4800,2025-12-21,2025-12-21,88,2025-12-21 14:40:00,2025-12-21 14:50:00,0.9376,6267.633,3321.4365,6368.7625,3406.0952,493.77788333333325,71.32433333333336,565.1022166666667,0.80,0.80,28,,111.68858333333304,0.0,379.3441666666669,0.0,0.0,8878.803703703703,8457.310185185184,7050.0,104.71921573333306,0.0
T_q80_4800,2025-12-21,2025-12-21,89,2025-12-21 14:50:00,2025-12-21 15:00:00,0.6694,6308.83,2957.5875,6558.06,3254.2875,550.6287500000001,61.748333333333335,612.3770833333334,0.80,0.80,28,,1445.7104166666668,833.3333333333333,0.0,0.0,53.83666666666693,8457.310185185184,9207.310185185184,7800.0,967.7585529166668,0.0
T_q80_4800,2025-12-21,2025-12-21,90,2025-12-21 15:00:00,2025-12-21 15:10:00,0.66,6184.3165,2665.595,6527.0274,3001.2809,587.6244166666665,45.19518333333326,632.8195999999998,0.80,0.80,28,,1466.152933333333,833.3333333333333,0.0,0.0,46.366016666666496,9207.310185185184,9957.310185185184,8550.0,967.6609359999999,0.0
T_q80_4800,2025-12-21,2025-12-21,91,2025-12-21 15:10:00,2025-12-21 15:20:00,0.7217,6249.441,2404.6045,6364.202,2691.9936,612.0347333333334,49.07054999999991,661.1052833333333,0.80,0.80,28,,1494.4386166666666,833.3333333333333,0.0,0.0,20.29920000000004,9957.310185185184,10707.310185185184,9300.0,1078.5363496483333,0.0
T_q80_4800,2025-12-21,2025-12-21,92,2025-12-21 15:20:00,2025-12-21 15:30:00,0.7308,6412.99,2166.8625,6331.14,2406.45,654.115,52.57916666666665,706.6941666666667,0.80,0.80,28,,1540.0275,102.98868312757298,0.0,0.0,729.3509002057604,10707.310185185184,10800.0,10050.0,1125.4520969999999,0.0
T_q80_4800,2025-12-21,2025-12-21,93,2025-12-21 15:30:00,2025-12-21 15:40:00,0.7534,6229.2355,1977.0681,6556.5547,2180.4541,729.3500999999999,54.40685000000008,783.75695,0.80,0.80,28,,1617.0902833333332,0.0,0.0,0.0,908.3957166666665,10800.0,10800.0,10800.0,1218.3158194633331,0.0
T_q80_4800,2025-12-21,2025-12-21,94,2025-12-21 15:40:00,2025-12-21 15:50:00,0.7823,6140.1248,1719.0539,6541.9728,1933.1371,768.1392833333332,46.86108333333323,815.0003666666664,0.80,0.80,28,,815.0003666666664,0.0,0.0,0.0,78.15521666666655,10800.0,10800.0,10800.0,637.5747868433332,0.0
T_q80_4800,2025-12-21,2025-12-21,95,2025-12-21 15:50:00,2025-12-21 16:00:00,0.8055,6190.42,1414.8375,6227.88,1643.9625,763.9862499999999,47.27500000000009,811.26125,0.80,0.80,28,,811.26125,0.0,0.0,0.0,15.330833333333317,10800.0,10800.0,10800.0,653.470936875,0.0
T_q80_4800,2025-12-21,2025-12-21,96,2025-12-21 16:00:00,2025-12-21 16:10:00,0.8271,6007.344,1199.0528,6048.8829,1362.8216,781.0102166666666,41.078833333333364,822.0890499999999,0.80,0.80,28,,822.08905,0.0,0.0,0.0,20.707183333333433,10800.0,10800.0,10800.0,679.949853255,0.0
T_q80_4800,2025-12-21,2025-12-21,97,2025-12-21 16:10:00,2025-12-21 16:20:00,0.8519,6021.8302,965.9713,6034.5319,1065.7366,828.1325499999999,21.98946666666677,850.1220166666667,0.80,0.80,28,,850.1220166666667,0.0,0.0,0.0,7.478866666666704,10800.0,10800.0,10800.0,724.2189459983333,0.0
T_q80_4800,2025-12-21,2025-12-21,98,2025-12-21 16:20:00,2025-12-21 16:30:00,0.8791,6231.28,680.625,6170.79,750.375,903.4024999999999,31.37833333333333,934.7808333333332,0.80,0.80,28,,934.7808333333332,0.0,0.0,0.0,9.671666666666624,10800.0,10800.0,10800.0,821.7658305833332,0.0
T_q80_4800,2025-12-21,2025-12-21,99,2025-12-21 16:30:00,2025-12-21 16:40:00,0.9024,6177.7882,419.0314,6408.9188,450.0255,993.1488833333334,39.714316666666605,1032.8632,0.80,0.80,28,,1032.8632,0.0,0.0,0.0,73.07040000000006,10800.0,10800.0,10800.0,932.05575168,0.0
T_q80_4800,2025-12-21,2025-12-21,100,2025-12-21 16:40:00,2025-12-21 16:50:00,0.9163,6130.9976,173.8125,6333.2123,178.5296,1025.78045,34.81453333333343,1060.5949833333334,0.80,0.80,28,,1060.5949833333334,0.0,0.0,0.0,67.73080000000016,10800.0,10800.0,10800.0,971.8231832283334,0.0
T_q80_4800,2025-12-21,2025-12-21,101,2025-12-21 16:50:00,2025-12-21 17:00:00,0.9264,6172.78,0.0,6089.53,0.0,1014.9216666666666,23.937500000000114,1038.8591666666666,0.80,0.80,28,,1038.8591666666666,0.0,0.0,0.0,10.0625,10800.0,10800.0,10800.0,962.399132,0.0
T_q80_4800,2025-12-21,2025-12-21,102,2025-12-21 17:00:00,2025-12-21 17:10:00,0.9462,6112.1742,0.0,6226.7838,0.0,1037.7973,21.505333333333283,1059.3026333333332,0.80,0.80,28,,1059.3026333333332,0.0,0.0,0.0,40.606933333333245,10800.0,10800.0,10800.0,1002.3121516599999,0.0
T_q80_4800,2025-12-21,2025-12-21,103,2025-12-21 17:10:00,2025-12-21 17:20:00,0.9742,6160.7027,6.2009,6316.685,6.2357,1051.74155,24.909400000000005,1076.65095,0.80,0.80,28,,1076.65095,0.0,0.0,0.0,50.90065000000004,10800.0,10800.0,10800.0,1048.87335549,0.0
T_q80_4800,2025-12-21,2025-12-21,104,2025-12-21 17:20:00,2025-12-21 17:30:00,0.9862,6338.77,0.0,6285.57,0.0,1047.5949999999998,31.04833333333329,1078.643333333333,0.80,0.80,28,,1078.643333333333,0.0,0.0,0.0,22.181666666666388,10800.0,10800.0,10800.0,1063.758055333333,0.0
T_q80_4800,2025-12-21,2025-12-21,105,2025-12-21 17:30:00,2025-12-21 17:40:00,0.976,6290.0948,0.0,6346.6991,0.0,1057.7831833333332,25.46358333333319,1083.2467666666664,0.80,0.80,28,,1083.2467666666664,0.0,0.0,0.0,34.89763333333326,10800.0,10800.0,10800.0,1057.2488442666663,0.0
T_q80_4800,2025-12-21,2025-12-21,106,2025-12-21 17:40:00,2025-12-21 17:50:00,1.0742,5392.9058,0.4452,5515.747,0.4477,919.2165500000001,22.944283333333317,942.1608333333334,0.80,0.80,28,,942.1608333333334,0.0,0.0,0.0,43.41740000000004,10800.0,10800.0,10800.0,1012.0691671666667,0.0
T_q80_4800,2025-12-21,2025-12-21,107,2025-12-21 17:50:00,2025-12-21 18:00:00,1.2313,4275.8,0.0,4303.33,0.0,717.2216666666666,24.061666666666667,741.2833333333333,0.80,0.80,28,,741.2833333333333,0.0,0.0,0.0,28.649999999999977,10800.0,10800.0,10800.0,912.7421683333333,0.0
T_q80_4800,2025-12-21,2025-12-21,108,2025-12-21 18:00:00,2025-12-21 18:10:00,1.2561,4292.4867,0.0,4324.9496,0.0,720.8249333333333,29.477333333333377,750.3022666666667,0.80,0.80,28,,750.3022666666667,0.0,0.0,0.0,34.88781666666671,10800.0,10800.0,10800.0,942.4546771600001,0.0
T_q80_4800,2025-12-21,2025-12-21,109,2025-12-21 18:10:00,2025-12-21 18:20:00,1.2447,4489.6396,0.032,4468.0789,0.0321,744.6744666666666,21.6006000000001,766.2750666666667,0.80,0.80,28,,766.2750666666667,0.0,0.0,0.0,18.0071333333334,10800.0,10800.0,10800.0,953.78257548,0.0
T_q80_4800,2025-12-21,2025-12-21,110,2025-12-21 18:20:00,2025-12-21 18:30:00,1.2545,4380.05,0.0,4202.04,0.0,700.3399999999999,26.408333333333303,726.7483333333332,0.80,0.80,28,,726.7483333333332,0.0,3.2600000000001046,0.0,0.0,10800.0,10796.377777777778,10800.0,911.7057841666665,0.0
T_q80_4800,2025-12-21,2025-12-21,111,2025-12-21 18:30:00,2025-12-21 18:40:00,1.2522,4406.0663,0.0,4124.9898,0.0,687.4983,28.866966666666713,716.3652666666667,0.80,0.80,28,,716.3652666666667,0.0,17.97911666666664,0.0,0.0,10796.377777777778,10776.400981481482,10800.0,897.03258692,0.0
T_q80_4800,2025-12-21,2025-12-21,112,2025-12-21 18:40:00,2025-12-21 18:50:00,1.2881,4500.5016,0.0023,4217.5756,0.0023,702.9288833333333,34.11613333333344,737.0450166666667,0.80,0.80,28,,409.84193333333366,0.0,340.2412833333329,0.0,0.0,10776.400981481482,10398.355111111112,10436.441018518519,527.9173943266671,0.0
T_q80_4800,2025-12-21,2025-12-21,113,2025-12-21 18:50:00,2025-12-21 19:00:00,1.3466,4490.76,0.0,4331.65,0.0,721.9416666666666,27.795000000000073,749.7366666666667,0.80,0.80,28,,0.0,0.0,748.46,0.0,0.0,10398.355111111112,9566.73288888889,9603.400277777779,0.0,0.0
T_q80_4800,2025-12-21,2025-12-21,114,2025-12-21 19:00:00,2025-12-21 19:10:00,1.3523,4334.8994,0.0,4392.2898,0.0,732.0482999999999,18.563416666666683,750.6117166666666,0.80,0.80,28,,0.0,0.0,722.4832333333334,0.0,0.0,9566.73288888889,8763.973740740741,8769.38725925926,0.0,0.0
T_q80_4800,2025-12-21,2025-12-21,115,2025-12-21 19:10:00,2025-12-21 19:20:00,1.3445,4356.9931,0.0,4452.6765,0.0,742.1127499999999,14.107333333333372,756.2200833333333,0.80,0.80,28,,0.0,0.0,726.1655166666666,0.0,0.0,8763.973740740741,7957.123166666667,7929.142722222223,0.0,0.0
T_q80_4800,2025-12-21,2025-12-21,116,2025-12-21 19:20:00,2025-12-21 19:30:00,1.3483,4466.59,0.0,4460.15,0.0,743.3583333333332,23.299999999999955,766.6583333333332,0.80,0.80,28,,0.0,0.0,744.4316666666666,0.0,0.0,7957.123166666667,7129.976870370371,7077.300129629631,0.0,0.0
T_q80_4800,2025-12-21,2025-12-21,117,2025-12-21 19:30:00,2025-12-21 19:40:00,1.349,4301.5722,0.0,4319.3481,0.0,719.89135,18.98303333333331,738.8743833333333,0.80,0.80,28,,0.0,0.0,716.9286999999999,0.0,0.0,7129.976870370371,6333.389425925927,6256.328592592594,0.0,0.0
T_q80_4800,2025-12-21,2025-12-21,118,2025-12-21 19:40:00,2025-12-21 19:50:00,1.3473,4398.717,0.0,4300.7541,0.0,716.7923499999999,26.729533333333393,743.5218833333333,0.80,0.80,28,,0.0,0.0,733.1194999999999,0.0,0.0,6333.389425925927,5518.812203703705,5430.193166666668,0.0,0.0
T_q80_4800,2025-12-21,2025-12-21,119,2025-12-21 19:50:00,2025-12-21 20:00:00,1.3482,4681.61,0.0,4470.43,0.0,745.0716666666667,32.273333333333426,777.3450000000001,0.80,0.80,28,,0.0,0.0,780.2683333333332,0.0,0.0,5518.812203703705,4651.84738888889,4566.476500000001,0.0,0.0
T_q80_4800,2025-12-21,2025-12-21,120,2025-12-21 20:00:00,2025-12-21 20:10:00,1.3513,4485.5154,0.0,4598.7249,0.0,766.45415,17.728750000000105,784.1829000000001,0.80,0.80,28,,0.0,0.0,747.5859,0.0,0.0,4651.84738888889,3821.1963888888904,3695.162166666667,0.0,0.0
T_q80_4800,2025-12-21,2025-12-21,121,2025-12-21 20:10:00,2025-12-21 20:20:00,1.34,4156.9026,0.0,4477.4264,0.0,746.2377333333334,23.264416666666648,769.50215,0.80,0.80,28,,0.0,0.0,692.8171,0.0,0.0,3821.1963888888904,3051.399611111113,2840.159777777778,0.0,0.0
T_q80_4800,2025-12-21,2025-12-21,122,2025-12-21 20:20:00,2025-12-21 20:30:00,1.3489,4090.51,0.0,4241.74,0.0,706.9566666666666,36.03166666666675,742.9883333333333,0.80,0.80,28,,0.0,0.0,681.7516666666667,0.0,0.0,3051.399611111113,2293.897759259261,2014.617185185185,0.0,0.0
T_q80_4800,2025-12-21,2025-12-21,123,2025-12-21 20:30:00,2025-12-21 20:40:00,1.3952,4322.2266,0.0,4240.8972,0.0,706.8162,26.339266666666617,733.1554666666666,0.80,0.80,28,,0.0,0.0,720.3711,0.0,0.0,2293.897759259261,1493.4854259259278,1200.0,0.0,0.0
T_q80_4800,2025-12-21,2025-12-21,124,2025-12-21 20:40:00,2025-12-21 20:50:00,1.2226,4336.801,0.0,4345.2631,0.0,724.2105166666666,22.6952,746.9057166666666,0.80,0.80,28,,746.9057166666666,24.105549999999994,0.0,0.0,0.0,1493.4854259259278,1515.1804209259278,1200.0,913.1669291966666,0.0
T_q80_4800,2025-12-21,2025-12-21,125,2025-12-21 20:50:00,2025-12-21 21:00:00,0.9332,4144.46,0.0,4397.1,0.0,732.85,23.73333333333335,756.5833333333334,0.80,0.80,28,,756.5833333333335,65.84000000000015,0.0,0.0,0.0,1515.1804209259278,1574.436420925928,1200.0,706.0435666666668,0.0
T_q80_4800,2025-12-21,2025-12-21,126,2025-12-21 21:00:00,2025-12-21 21:10:00,0.9068,4227.261,0.0,4366.5969,0.0,727.7661499999999,25.410833333333358,753.1769833333333,0.80,0.80,28,,753.1769833333333,48.63348333333329,0.0,0.0,0.0,1574.436420925928,1618.206555925928,1200.0,682.9808884866667,0.0
T_q80_4800,2025-12-21,2025-12-21,127,2025-12-21 21:10:00,2025-12-21 21:20:00,0.9371,4326.9643,0.0,4352.2444,0.0,725.3740666666665,21.78684999999996,747.1609166666665,0.80,0.80,28,,747.1609166666665,26.00019999999995,0.0,0.0,0.0,1618.206555925928,1641.6067359259278,1200.0,700.1644950083332,0.0
T_q80_4800,2025-12-21,2025-12-21,128,2025-12-21 21:20:00,2025-12-21 21:30:00,0.9371,4357.83,0.0,4432.75,0.0,738.7916666666666,21.008333333333326,759.8,0.80,0.80,28,,759.8,33.495000000000005,0.0,0.0,0.0,1641.6067359259278,1671.7522359259278,1200.0,712.0085799999999,0.0
T_q80_4800,2025-12-21,2025-12-21,129,2025-12-21 21:30:00,2025-12-21 21:40:00,0.9871,4437.1142,0.0,4519.7625,0.0,753.2937499999999,34.64473333333342,787.9384833333334,0.80,0.80,28,,787.9384833333334,48.4194500000001,0.0,0.0,0.0,1671.7522359259278,1715.329740925928,1200.0,777.7740768983333,0.0
T_q80_4800,2025-12-21,2025-12-21,130,2025-12-21 21:40:00,2025-12-21 21:50:00,0.7764,4070.9954,0.0,4098.3811,0.0,683.0635166666666,22.088099999999997,705.1516166666665,0.80,0.80,28,,705.1516166666665,26.65238333333332,0.0,0.0,0.0,1715.329740925928,1739.316885925928,1200.0,547.4797151799999,0.0
T_q80_4800,2025-12-21,2025-12-21,131,2025-12-21 21:50:00,2025-12-21 22:00:00,0.4209,3434.4,0.0,3422.17,0.0,570.3616666666667,22.116666666666788,592.4783333333335,0.80,0.80,28,,1425.8116666666667,833.3333333333333,0.0,0.0,20.07833333333349,1739.316885925928,2489.316885925928,1950.0,600.1241305,0.0
T_q80_4800,2025-12-21,2025-12-21,132,2025-12-21 22:00:00,2025-12-21 22:10:00,0.3859,3270.5539,0.0,3317.5117,0.0,552.9186166666666,24.751750000000015,577.6703666666666,0.80,0.80,28,,1411.0036999999998,833.3333333333333,0.0,0.0,32.57804999999985,2489.316885925928,3239.316885925928,2700.0,544.5063278299999,0.0
T_q80_4800,2025-12-21,2025-12-21,133,2025-12-21 22:10:00,2025-12-21 22:20:00,0.4368,3305.0168,0.0,3418.9331,0.0,569.8221833333333,20.718399999999974,590.5405833333333,0.80,0.80,28,,590.5405833333333,39.704450000000065,0.0,0.0,0.0,3239.316885925928,3275.0508909259283,2700.0,257.9481268,0.0
T_q80_4800,2025-12-21,2025-12-21,134,2025-12-21 22:20:00,2025-12-21 22:30:00,0.4198,3255.6,0.0,3395.77,0.0,565.9616666666666,20.664999999999964,586.6266666666666,0.80,0.80,28,,1419.9599999999998,833.3333333333333,0.0,0.0,44.02666666666664,3275.0508909259283,4025.0508909259283,3450.0,596.099208,0.0
T_q80_4800,2025-12-21,2025-12-21,135,2025-12-21 22:30:00,2025-12-21 22:40:00,0.4186,3155.514,0.0,3290.1474,0.0,548.3579,19.160616666666783,567.5185166666668,0.80,0.80,28,,1400.85185,833.3333333333333,0.0,0.0,41.59951666666677,4025.0508909259283,4775.050890925928,4200.0,586.3965844100001,0.0
T_q80_4800,2025-12-21,2025-12-21,136,2025-12-21 22:40:00,2025-12-21 22:50:00,0.4241,3260.3635,0.0,3259.769,0.0,543.2948333333333,31.588700000000017,574.8835333333333,0.80,0.80,28,,574.8835333333333,31.48961666666662,0.0,0.0,0.0,4775.050890925928,4803.391545925928,4200.0,243.80810648666662,0.0
T_q80_4800,2025-12-21,2025-12-21,137,2025-12-21 22:50:00,2025-12-21 23:00:00,0.4237,3508.97,0.0,3349.95,0.0,558.3249999999999,31.214999999999975,589.54,0.80,0.80,28,,589.54,4.7116666666667015,0.0,0.0,0.0,4803.391545925928,4807.632045925928,4200.0,249.788098,0.0
T_q80_4800,2025-12-21,2025-12-21,138,2025-12-21 23:00:00,2025-12-21 23:10:00,0.4248,3554.7154,0.0,3468.8979,0.0,578.14965,27.06600000000003,605.21565,0.80,0.80,28,,605.21565,12.763083333333384,0.0,0.0,0.0,4807.632045925928,4819.118820925928,4200.0,257.09560812,0.0
T_q80_4800,2025-12-21,2025-12-21,139,2025-12-21 23:10:00,2025-12-21 23:20:00,0.424,3395.6628,0.0,3527.78,0.0,587.9633333333334,33.338866666666604,621.3022,0.80,0.80,28,,621.3022,55.35839999999996,0.0,0.0,0.0,4819.118820925928,4868.941380925928,4200.0,263.4321328,0.0
T_q80_4800,2025-12-21,2025-12-21,140,2025-12-21 23:20:00,2025-12-21 23:30:00,0.422,3305.59,0.0,3469.79,0.0,578.2983333333333,30.67999999999995,608.9783333333332,0.80,0.80,28,,1275.645,724.7133333333334,0.0,0.0,0.0,4868.941380925928,5521.183380925928,4800.0,538.32219,0.0
T_q80_4800,2025-12-21,2025-12-21,141,2025-12-21 23:30:00,2025-12-21 23:40:00,0.424,3539.7613,0.0,3342.6141,0.0,557.1023499999999,40.921633333333375,598.0239833333333,0.80,0.80,28,,598.0239833333333,8.063766666666652,0.0,0.0,0.0,5521.183380925928,5528.440770925928,4800.0,253.56216893333328,0.0
T_q80_4800,2025-12-21,2025-12-21,142,2025-12-21 23:40:00,2025-12-21 23:50:00,0.4271,3571.991,0.0,3467.4898,0.0,577.9149666666666,28.397583333333273,606.3125499999999,0.80,0.80,28,,606.3125499999999,10.98071666666658,0.0,0.0,0.0,5528.440770925928,5538.323415925927,4800.0,258.95609010499993,0.0
T_q80_4800,2025-12-21,2025-12-21,143,2025-12-21 23:50:00,2025-12-22 00:00:00,0.4276,3464.4,0.0,3657.78,0.0,609.63,27.33333333333337,636.9633333333334,0.80,0.80,28,,636.9633333333334,59.56333333333339,0.0,0.0,0.0,5538.323415925927,5591.930415925927,4800.0,272.36552133333333,0.0
