strategy_id,date,issue_time,slot,start_time,end_time,price_yuan_kWh,load_kW,pv_kW,load_forecast_kW,pv_forecast_kW,net_forecast_kWh,residual_adjustment_kWh,protected_net_kWh,theta,theta_preset,residual_days,fallback_reason,planned_kWh,charge_kWh,discharge_kWh,emergency_kWh,unused_kWh,state_start_kWh,state_end_kWh,nominal_state_end_kWh,planned_cost_yuan,emergency_cost_yuan,loss_kWh,planned_fee,emergency_fee,total_fee,morning_fee
A_base,2025-03-20,2025-03-20,0,2025-03-20 00:00:00,2025-03-20 00:10:00,0.4248,3299.0689,0.0,3617.1514,0.0,602.8585666666667,0.0,602.8585666666667,base,base,28,,1436.1918999999998,833.3333333333333,0.0,0.0,53.013749999999845,8157.39086166439,8907.39086166439,8907.39086166439,610.0943191199999,0.0,83.3333333333333,610.0943191199999,0.0,610.0943191199999,0.0
A_base,2025-03-20,2025-03-20,1,2025-03-20 00:10:00,2025-03-20 00:20:00,0.4245,3421.881,0.0,3585.3143,0.0,597.5523833333333,0.0,597.5523833333333,base,base,28,,1430.885716666667,833.3333333333333,0.0,0.0,27.238883333333437,8907.39086166439,9657.39086166439,9657.39086166439,607.4109867249999,0.0,83.3333333333333,607.410986725,0.0,607.410986725,0.0
A_base,2025-03-20,2025-03-20,2,2025-03-20 00:20:00,2025-03-20 00:30:00,0.4269,3683.11,0.0,3514.21,0.0,585.7016666666666,0.0,585.7016666666666,base,base,28,,1021.9340425951228,408.08237592845614,0.0,0.0,0.0,9657.39086166439,10024.665,10050.0,436.263642783858,0.0,40.80823759284561,436.26364278385796,0.0,436.26364278385796,0.0
A_base,2025-03-20,2025-03-20,3,2025-03-20 00:30:00,2025-03-20 00:40:00,0.4272,3476.737,0.0,3566.7633,0.0,594.46055,0.0,594.46055,base,base,28,,594.46055,15.004383333333408,0.0,0.0,0.0,10024.665,10038.168945,10050.0,253.95354696,0.0,1.5004383333333404,253.95354696,0.0,253.95354696,0.0
A_base,2025-03-20,2025-03-20,4,2025-03-20 00:40:00,2025-03-20 00:50:00,0.4271,3302.6695,0.0,3529.764,0.0,588.294,0.0,588.294,base,base,28,,588.294,37.8490833333334,0.0,0.0,0.0,10038.168945,10072.23312,10050.0,251.2603674,0.0,3.784908333333339,251.26036739999998,0.0,251.26036739999998,0.0
A_base,2025-03-20,2025-03-20,5,2025-03-20 00:50:00,2025-03-20 01:00:00,0.4285,3426.94,0.0,3390.6,0.0,565.0999999999999,0.0,565.0999999999999,base,base,28,,565.0999999999999,0.0,6.056666666666729,0.0,0.0,10072.23312,10065.503490370367,10050.0,242.14534999999995,0.0,0.6729629629629702,242.14534999999995,0.0,242.14534999999995,0.0
A_base,2025-03-20,2025-03-20,6,2025-03-20 01:00:00,2025-03-20 01:10:00,0.4311,3609.5343,0.0,3352.8783,0.0,558.81305,0.0,558.81305,base,base,28,,558.81305,0.0,42.775999999999954,0.0,0.0,10065.503490370367,10017.97460148148,10050.0,240.904305855,0.0,4.752888888888886,240.904305855,0.0,240.904305855,0.0
A_base,2025-03-20,2025-03-20,7,2025-03-20 01:10:00,2025-03-20 01:20:00,0.4302,3668.9025,0.0,3308.9055,0.0,551.48425,0.0,551.48425,base,base,28,,551.48425,0.0,59.99950000000001,0.0,0.0,10017.97460148148,9951.30849037037,10050.0,237.24852435,0.0,6.6666111111111155,237.24852435,0.0,237.24852435,0.0
A_base,2025-03-20,2025-03-20,8,2025-03-20 01:20:00,2025-03-20 01:30:00,0.4279,3589.3,0.0,3260.08,0.0,543.3466666666666,0.0,543.3466666666666,base,base,28,,543.3466666666666,0.0,54.87000000000012,0.0,0.0,9951.30849037037,9890.341823703702,10050.0,232.49803866666664,0.0,6.096666666666683,232.49803866666662,0.0,232.49803866666662,0.0
A_base,2025-03-20,2025-03-20,9,2025-03-20 01:30:00,2025-03-20 01:40:00,0.4312,3503.6157,0.0,3353.4584,0.0,558.9097333333333,0.0,558.9097333333333,base,base,28,,558.9097333333333,0.0,25.02621666666664,0.0,0.0,9890.341823703702,9862.534916296296,10050.0,241.0018770133333,0.0,2.7806907407407393,241.00187701333334,0.0,241.00187701333334,0.0
A_base,2025-03-20,2025-03-20,10,2025-03-20 01:40:00,2025-03-20 01:50:00,0.4333,3545.9703,0.0,3552.8392,0.0,592.1398666666666,0.0,592.1398666666666,base,base,28,,592.1398666666666,1.1448166666666566,0.0,0.0,0.0,9862.534916296296,9863.565251296295,10050.0,256.57420422666667,0.0,0.11448166666666564,256.57420422666667,0.0,256.57420422666667,0.0
A_base,2025-03-20,2025-03-20,11,2025-03-20 01:50:00,2025-03-20 02:00:00,0.4311,3590.66,0.0,3655.73,0.0,609.2883333333333,0.0,609.2883333333333,base,base,28,,609.2883333333333,10.845000000000027,0.0,0.0,0.0,9863.565251296295,9873.325751296295,10050.0,262.6642005,0.0,1.0845000000000025,262.6642005,0.0,262.6642005,0.0
A_base,2025-03-20,2025-03-20,12,2025-03-20 02:00:00,2025-03-20 02:10:00,0.4293,3395.9017,0.0,3484.6496,0.0,580.7749333333334,0.0,580.7749333333334,base,base,28,,580.7749333333334,14.791316666666717,0.0,0.0,0.0,9873.325751296295,9886.637936296296,10050.0,249.32667888000003,0.0,1.4791316666666714,249.32667888000003,0.0,249.32667888000003,0.0
A_base,2025-03-20,2025-03-20,13,2025-03-20 02:10:00,2025-03-20 02:20:00,0.4324,3276.7246,0.0,3416.4269,0.0,569.4044833333332,0.0,569.4044833333332,base,base,28,,569.4044833333332,23.283716666666574,0.0,0.0,0.0,9886.637936296296,9907.593281296296,10050.0,246.2104985933333,0.0,2.3283716666666567,246.2104985933333,0.0,246.2104985933333,0.0
A_base,2025-03-20,2025-03-20,14,2025-03-20 02:20:00,2025-03-20 02:30:00,0.4367,3394.28,0.0,3529.19,0.0,588.1983333333333,0.0,588.1983333333333,base,base,28,,588.1983333333333,22.4849999999999,0.0,0.0,0.0,9907.593281296296,9927.829781296296,10050.0,256.8662121666666,0.0,2.2484999999999893,256.8662121666666,0.0,256.8662121666666,0.0
A_base,2025-03-20,2025-03-20,15,2025-03-20 02:30:00,2025-03-20 02:40:00,0.4348,3587.5594,0.0,3565.0967,0.0,594.1827833333333,0.0,594.1827833333333,base,base,28,,594.1827833333333,0.0,3.74378333333334,0.0,0.0,9927.829781296296,9923.670022037037,10050.0,258.3506741933333,0.0,0.41597592592592686,258.3506741933333,0.0,258.3506741933333,0.0
A_base,2025-03-20,2025-03-20,16,2025-03-20 02:40:00,2025-03-20 02:50:00,0.4335,3605.7268,0.0,3662.8512,0.0,610.4752,0.0,610.4752,base,base,28,,610.4752,9.520733333333396,0.0,0.0,0.0,9923.670022037037,9932.238682037038,10050.0,264.6409992,0.0,0.9520733333333394,264.6409992,0.0,264.6409992,0.0
A_base,2025-03-20,2025-03-20,17,2025-03-20 02:50:00,2025-03-20 03:00:00,0.4357,3522.79,0.0,3749.14,0.0,624.8566666666666,0.0,624.8566666666666,base,base,28,,624.8566666666666,37.72499999999991,0.0,0.0,0.0,9932.238682037038,9966.191182037035,10050.0,272.2500496666666,0.0,3.77249999999999,272.2500496666666,0.0,272.2500496666666,0.0
A_base,2025-03-20,2025-03-20,18,2025-03-20 03:00:00,2025-03-20 03:10:00,0.4374,3631.2618,0.0,3576.3344,0.0,596.0557333333334,0.0,596.0557333333334,base,base,28,,596.0557333333334,0.0,9.154566666666597,0.0,0.0,9966.191182037035,9956.019441296296,10050.0,260.71477776,0.0,1.0171740740740667,260.71477776,0.0,260.71477776,0.0
A_base,2025-03-20,2025-03-20,19,2025-03-20 03:10:00,2025-03-20 03:20:00,0.4371,3731.3543,0.0,3450.3953,0.0,575.0658833333333,0.0,575.0658833333333,base,base,28,,575.0658833333333,0.0,46.82650000000001,0.0,0.0,9956.019441296296,9903.989996851851,10050.0,251.361297605,0.0,5.202944444444448,251.36129760499998,0.0,251.36129760499998,0.0
A_base,2025-03-20,2025-03-20,20,2025-03-20 03:20:00,2025-03-20 03:30:00,0.4356,3721.01,0.0,3522.37,0.0,587.0616666666666,0.0,587.0616666666666,base,base,28,,587.0616666666666,0.0,33.10666666666668,0.0,0.0,9903.989996851851,9867.204811666668,10050.0,255.724062,0.0,3.678518518518522,255.72406199999998,0.0,255.72406199999998,0.0
A_base,2025-03-20,2025-03-20,21,2025-03-20 03:30:00,2025-03-20 03:40:00,0.4353,3699.7385,0.0,3631.228,0.0,605.2046666666666,0.0,605.2046666666666,base,base,28,,605.2046666666666,0.0,11.418416666666644,0.0,0.0,9867.204811666668,9854.517682037036,10050.0,263.4455914,0.0,1.268712962962961,263.4455914,0.0,263.4455914,0.0
A_base,2025-03-20,2025-03-20,22,2025-03-20 03:40:00,2025-03-20 03:50:00,0.436,3674.7825,0.0,3569.4386,0.0,594.9064333333333,0.0,594.9064333333333,base,base,28,,594.9064333333333,0.0,17.557316666666566,0.0,0.0,9854.517682037036,9835.009552407406,10050.0,259.3792049333333,0.0,1.9508129629629527,259.3792049333333,0.0,259.3792049333333,0.0
A_base,2025-03-20,2025-03-20,23,2025-03-20 03:50:00,2025-03-20 04:00:00,0.4378,3623.58,0.0,3455.04,0.0,575.8399999999999,0.0,575.8399999999999,base,base,28,,575.8399999999999,0.0,28.090000000000032,0.0,0.0,9835.009552407406,9803.798441296294,10050.0,252.102752,0.0,3.121111111111116,252.10275199999998,0.0,252.10275199999998,0.0
A_base,2025-03-20,2025-03-20,24,2025-03-20 04:00:00,2025-03-20 04:10:00,0.4401,3538.7697,0.0019,3583.9838,0.0018,597.3303333333333,0.0,597.3303333333333,base,base,28,,597.3303333333333,7.535700000000133,0.0,0.0,0.0,9803.798441296294,9810.580571296294,10050.0,262.8850797,0.0,0.7535700000000131,262.8850797,0.0,262.8850797,0.0
A_base,2025-03-20,2025-03-20,25,2025-03-20 04:10:00,2025-03-20 04:20:00,0.4389,3488.7843,0.0,3645.8233,0.0,607.6372166666666,0.0,607.6372166666666,base,base,28,,607.6372166666666,26.173166666666702,0.0,0.0,0.0,9810.580571296294,9834.136421296294,10050.0,266.691974395,0.0,2.6173166666666696,266.691974395,0.0,266.691974395,0.0
A_base,2025-03-20,2025-03-20,26,2025-03-20 04:20:00,2025-03-20 04:30:00,0.4364,3513.51,0.0,3577.07,0.0,596.1783333333333,0.0,596.1783333333333,base,base,28,,596.1783333333333,10.593333333333248,0.0,0.0,0.0,9834.136421296294,9843.670421296294,10050.0,260.17222466666664,0.0,1.0593333333333246,260.17222466666664,0.0,260.17222466666664,0.0
A_base,2025-03-20,2025-03-20,27,2025-03-20 04:30:00,2025-03-20 04:40:00,0.4393,3598.3779,0.0271,3630.4401,0.0254,605.0691166666666,0.0,605.0691166666666,base,base,28,,605.0691166666666,5.343983333333199,0.0,0.0,0.0,9843.670421296294,9848.480006296291,10050.0,265.80686295166663,0.0,0.5343983333333198,265.80686295166663,0.0,265.80686295166663,0.0
A_base,2025-03-20,2025-03-20,28,2025-03-20 04:40:00,2025-03-20 04:50:00,0.4422,3700.4359,0.0,3717.5034,0.0,619.5839,0.0,619.5839,base,base,28,,619.5839,2.8445833333333894,0.0,0.0,0.0,9848.480006296291,9851.040131296291,10050.0,273.98000058,0.0,0.28445833333333886,273.98000057999997,0.0,273.98000057999997,0.0
A_base,2025-03-20,2025-03-20,29,2025-03-20 04:50:00,2025-03-20 05:00:00,0.4395,3753.57,0.0,3727.07,0.0,621.1783333333333,0.0,621.1783333333333,base,base,28,,621.1783333333333,0.0,4.416666666666743,0.0,0.0,9851.040131296291,9846.132723888886,10050.0,273.0078775,0.0,0.49074074074074947,273.0078775,0.0,273.0078775,0.0
A_base,2025-03-20,2025-03-20,30,2025-03-20 05:00:00,2025-03-20 05:10:00,0.4333,3716.9811,0.3776,3652.3286,0.3537,608.6624833333333,0.0,608.6624833333333,base,base,28,,608.6624833333333,0.0,10.771433333333334,0.0,0.0,9846.132723888886,9834.164464629626,10050.0,263.7334540283333,0.0,1.1968259259259266,263.7334540283333,0.0,263.7334540283333,0.0
A_base,2025-03-20,2025-03-20,31,2025-03-20 05:10:00,2025-03-20 05:20:00,0.4439,3707.0664,0.0,3627.5869,0.0,604.5978166666666,0.0,604.5978166666666,base,base,28,,604.5978166666666,0.0,13.24658333333332,0.0,0.0,9834.164464629626,9819.4460387037,10050.0,268.3809708183333,0.0,1.4718425925925918,268.3809708183333,0.0,268.3809708183333,0.0
A_base,2025-03-20,2025-03-20,32,2025-03-20 05:20:00,2025-03-20 05:30:00,0.4301,3642.69,0.0,3625.87,0.0,604.3116666666666,0.0,604.3116666666666,base,base,28,,604.3116666666666,0.0,2.8033333333333985,0.0,0.0,9819.4460387037,9816.331223888885,10050.0,259.9144478333333,0.0,0.31148148148148885,259.9144478333333,0.0,259.9144478333333,0.0
A_base,2025-03-20,2025-03-20,33,2025-03-20 05:30:00,2025-03-20 05:40:00,0.3713,3457.8398,5.2594,3603.0838,4.9264,599.6929,0.0,599.6929,base,base,28,,1433.0262333333333,833.3333333333333,0.0,0.0,24.262833333333333,9816.331223888885,10566.331223888885,10800.0,532.0826404366667,0.0,83.3333333333333,532.0826404366667,0.0,532.0826404366667,0.0
A_base,2025-03-20,2025-03-20,34,2025-03-20 05:40:00,2025-03-20 05:50:00,0.5708,4028.7787,0.0,4178.7819,0.0,696.4636499999999,0.0,696.4636499999999,base,base,28,,696.4636499999999,25.00053333333335,0.0,0.0,0.0,10566.331223888885,10588.831703888884,10800.0,397.54145141999993,0.0,2.5000533333333346,397.54145141999993,0.0,397.54145141999993,0.0
A_base,2025-03-20,2025-03-20,35,2025-03-20 05:50:00,2025-03-20 06:00:00,0.9099,4962.09,0.0,4976.26,0.0,829.3766666666667,0.0,829.3766666666667,base,base,28,,0.0,0.0,827.015,0.0,0.0,10588.831703888884,9669.92614833333,9878.47037037037,0.0,0.0,91.8905555555556,0.0,0.0,0.0,0.0
A_base,2025-03-20,2025-03-20,36,2025-03-20 06:00:00,2025-03-20 06:10:00,0.9368,4905.1198,153.4202,4927.8193,144.6043,797.2025,0.0,797.2025,base,base,28,,0.0,0.0,791.9499333333334,0.0,0.0,9669.92614833333,8789.98177796296,8992.689814814816,0.0,0.0,87.99443703703709,0.0,0.0,0.0,0.0
A_base,2025-03-20,2025-03-20,37,2025-03-20 06:10:00,2025-03-20 06:20:00,0.8758,4660.8239,401.044,4816.9758,383.3165,738.9432166666667,0.0,738.9432166666667,base,base,28,,0.0,0.0,709.9633166666667,0.0,0.0,8789.98177796296,8001.13364833333,8171.641796296297,0.0,0.0,78.88481296296301,0.0,0.0,0.0,0.0
A_base,2025-03-20,2025-03-20,38,2025-03-20 06:20:00,2025-03-20 06:30:00,0.8759,4703.75,675.525,4945.2,669.975,712.5374999999999,0.0,712.5374999999999,base,base,28,,0.0,0.0,671.3708333333333,0.0,0.0,8001.13364833333,7255.166055740738,7379.933462962964,0.0,0.0,74.59675925925929,0.0,0.0,0.0,0.0
A_base,2025-03-20,2025-03-20,39,2025-03-20 06:30:00,2025-03-20 06:40:00,0.8601,4726.9008,952.6316,4841.0708,986.6364,642.4057333333334,0.0,642.4057333333334,base,base,28,,0.0,0.0,629.0448666666666,0.0,0.0,7255.166055740738,6556.227314999997,6666.149314814816,0.0,0.0,69.8938740740741,0.0,0.0,0.0,0.0
A_base,2025-03-20,2025-03-20,40,2025-03-20 06:40:00,2025-03-20 06:50:00,0.8442,4819.4733,1302.5378,4756.7742,1316.594,573.3633666666666,0.0,573.3633666666666,base,base,28,,0.0,0.0,586.1559166666666,0.0,0.0,6556.227314999997,5904.942963148145,6029.078907407408,0.0,0.0,65.12843518518521,0.0,0.0,0.0,0.0
A_base,2025-03-20,2025-03-20,41,2025-03-20 06:50:00,2025-03-20 07:00:00,0.8334,4880.33,1693.2375,4785.54,1643.8875,523.60875,0.0,523.60875,base,base,28,,212.8069999999988,0.0,318.37508333333443,0.0,0.0,5904.942963148145,5551.192870555551,5683.743629629629,177.353353799999,0.0,35.3750092592594,177.353353799999,0.0,177.353353799999,0.0
A_base,2025-03-20,2025-03-20,42,2025-03-20 07:00:00,2025-03-20 07:10:00,0.8092,4689.3761,2009.9231,4770.8891,1956.0234,469.14428333333336,0.0,469.14428333333336,base,base,28,,469.14428333333336,22.56878333333333,0.0,0.0,0.0,5551.192870555551,5571.504775555551,5683.743629629629,379.63155407333335,0.0,2.2568783333333324,379.63155407333335,0.0,379.63155407333335,0.0
A_base,2025-03-20,2025-03-20,43,2025-03-20 07:10:00,2025-03-20 07:20:00,0.7972,4713.3646,2305.9149,4933.7109,2250.2085,447.2504,0.0,447.2504,base,base,28,,447.2504,46.00878333333338,0.0,0.0,0.0,5571.504775555551,5612.912680555551,5683.743629629629,356.54801888,0.0,4.600878333333338,356.54801888000003,0.0,356.54801888000003,0.0
A_base,2025-03-20,2025-03-20,44,2025-03-20 07:20:00,2025-03-20 07:30:00,0.7644,4827.2,2609.7375,5017.07,2498.925,419.6908333333332,0.0,419.6908333333332,base,base,28,,419.6908333333332,50.11374999999998,0.0,0.0,0.0,5612.912680555551,5658.015055555551,5683.743629629629,320.81167299999987,0.0,5.0113749999999975,320.81167299999987,0.0,320.81167299999987,0.0
A_base,2025-03-20,2025-03-20,45,2025-03-20 07:30:00,2025-03-20 07:40:00,0.6899,4578.156,2894.0148,4678.8593,2691.9663,331.1488333333333,0.0,331.1488333333333,base,base,28,,331.1488333333333,50.458633333333296,0.0,0.0,0.0,5658.015055555551,5703.427825555551,5683.743629629629,228.45958011666664,0.0,5.045863333333329,228.45958011666664,0.0,228.45958011666664,0.0
A_base,2025-03-20,2025-03-20,46,2025-03-20 07:40:00,2025-03-20 07:50:00,0.86,5187.0368,3179.5684,5430.5741,2986.3327,407.37356666666665,0.0,407.37356666666665,base,base,28,,0.0,0.0,334.5780666666666,0.0,0.0,5703.427825555551,5331.674418148144,5231.106333333333,0.0,0.0,37.17534074074075,0.0,0.0,0.0,0.0
A_base,2025-03-20,2025-03-20,47,2025-03-20 07:50:00,2025-03-20 08:00:00,1.1617,6405.59,3476.5125,6755.97,3339.9375,569.33875,0.0,569.33875,base,base,28,,0.0,0.0,488.17958333333337,0.0,0.0,5331.674418148144,4789.252658888884,4598.507722222222,0.0,0.0,54.242175925925956,0.0,0.0,0.0,0.0
A_base,2025-03-20,2025-03-20,48,2025-03-20 08:00:00,2025-03-20 08:10:00,1.1683,6658.0486,3761.2255,6545.8122,3552.9582,498.809,0.0,498.809,base,base,28,,0.0,0.0,482.80385,0.0,0.0,4789.252658888884,4252.803936666662,4044.2755,0.0,0.0,53.64487222222225,0.0,0.0,0.0,0.0
A_base,2025-03-20,2025-03-20,49,2025-03-20 08:10:00,2025-03-20 08:20:00,1.0956,6606.6001,3976.3717,6234.5498,3752.2552,413.7157666666666,0.0,413.7157666666666,base,base,28,,0.0,0.0,438.3713999999999,0.0,0.0,4252.803936666662,3765.724603333329,3584.5913148148147,0.0,0.0,48.707933333333344,0.0,0.0,0.0,0.0
A_base,2025-03-20,2025-03-20,50,2025-03-20 08:20:00,2025-03-20 08:30:00,1.0849,6687.27,4220.325,6481.09,3987.0,415.6816666666667,0.0,415.6816666666667,base,base,28,,0.0,0.0,411.1575000000001,0.0,0.0,3765.724603333329,3308.882936666662,3122.722796296296,0.0,0.0,45.6841666666667,0.0,0.0,0.0,0.0
A_base,2025-03-20,2025-03-20,51,2025-03-20 08:30:00,2025-03-20 08:40:00,1.061,6649.776,4653.7429,6510.8474,4178.399,388.7413999999999,0.0,388.7413999999999,base,base,28,,0.0,0.0,332.67218333333324,0.0,0.0,3308.882936666662,2939.247177407403,2690.787907407407,0.0,0.0,36.96357592592593,0.0,0.0,0.0,0.0
A_base,2025-03-20,2025-03-20,52,2025-03-20 08:40:00,2025-03-20 08:50:00,1.043,6705.5335,5037.5027,6551.7773,4381.418,361.72655,0.0,361.72655,base,base,28,,0.0,0.0,278.0051333333332,0.0,0.0,2939.247177407403,2630.3525848148106,2288.8695185185184,0.0,0.0,30.88945925925926,0.0,0.0,0.0,0.0
A_base,2025-03-20,2025-03-20,53,2025-03-20 08:50:00,2025-03-20 09:00:00,1.036,6757.81,5180.8875,6666.06,4631.2125,339.1412500000001,0.0,339.1412500000001,base,base,28,,0.0,0.0,262.82041666666674,0.0,0.0,2630.3525848148106,2338.3298996296253,1912.045907407407,0.0,0.0,29.20226851851854,0.0,0.0,0.0,0.0
A_base,2025-03-20,2025-03-20,54,2025-03-20 09:00:00,2025-03-20 09:10:00,1.0147,6494.2004,5166.4978,6601.3223,4933.6498,277.9454166666666,0.0,277.9454166666666,base,base,28,,0.0,0.0,221.2837666666666,0.0,0.0,2338.3298996296253,2092.4590477777733,1603.2176666666664,0.0,0.0,24.587085185185188,0.0,0.0,0.0,0.0
A_base,2025-03-20,2025-03-20,55,2025-03-20 09:10:00,2025-03-20 09:20:00,0.9922,6436.4392,5533.329,6573.4361,5388.1737,197.54373333333325,0.0,197.54373333333325,base,base,28,,0.0,0.0,150.51836666666668,0.0,0.0,2092.4590477777733,1925.216418148144,1383.7246296296296,0.0,0.0,16.72426296296297,0.0,0.0,0.0,0.0
A_base,2025-03-20,2025-03-20,56,2025-03-20 09:20:00,2025-03-20 09:30:00,0.97,6570.85,6107.7375,6614.79,5904.4875,118.38374999999996,0.0,118.38374999999996,base,base,28,,0.0,0.0,77.1854166666667,0.0,0.0,1925.216418148144,1839.4548440740696,1252.1871296296297,0.0,0.0,8.576157407407415,0.0,0.0,0.0,0.0
A_base,2025-03-20,2025-03-20,57,2025-03-20 09:30:00,2025-03-20 09:40:00,0.9422,6399.3635,6182.795,6548.6468,6266.8363,46.96841666666675,0.0,46.96841666666675,base,base,28,,0.0,0.0,36.09475000000005,0.0,0.0,1839.4548440740696,1799.3495662962916,1200.0,0.0,0.0,4.010527777777785,0.0,0.0,0.0,0.0
A_base,2025-03-20,2025-03-20,58,2025-03-20 09:40:00,2025-03-20 09:50:00,0.9569,6445.9301,6198.386,6569.7745,6602.2852,-5.418449999999969,0.0,-5.418449999999969,base,base,28,,0.0,0.0,41.25734999999986,0.0,0.0,1799.3495662962916,1753.508066296292,1204.876605,0.0,0.0,4.584149999999987,0.0,0.0,0.0,0.0
A_base,2025-03-20,2025-03-20,59,2025-03-20 09:50:00,2025-03-20 10:00:00,0.9977,6697.43,6426.1875,6666.81,6891.525,-37.45249999999987,0.0,-37.45249999999987,base,base,28,,0.0,0.0,45.20708333333338,0.0,0.0,1753.508066296292,1703.2779737036992,1238.583855,0.0,0.0,5.023009259259267,0.0,0.0,0.0,0.0
A_base,2025-03-20,2025-03-20,60,2025-03-20 10:00:00,2025-03-20 10:10:00,0.9919,6577.9956,6675.2481,6615.2017,6963.2464,-58.00745000000006,0.0,-58.00745000000006,base,base,28,,0.0,16.20874999999993,0.0,0.0,0.0,1703.2779737036992,1717.8658487036992,1290.79056,0.0,0.0,1.6208749999999927,0.0,0.0,0.0,0.0
A_base,2025-03-20,2025-03-20,61,2025-03-20 10:10:00,2025-03-20 10:20:00,0.9588,6445.2772,6774.004,6539.3464,6970.7827,-71.9060499999999,0.0,-71.9060499999999,base,base,28,,0.0,54.78779999999991,0.0,0.0,0.0,1717.8658487036992,1767.174868703699,1355.5060049999995,0.0,0.0,5.47877999999999,0.0,0.0,0.0,0.0
A_base,2025-03-20,2025-03-20,62,2025-03-20 10:20:00,2025-03-20 10:30:00,0.9549,6473.61,6879.075,6477.96,7035.9375,-92.99625,0.0,-92.99625,base,base,28,,0.0,67.57750000000001,0.0,0.0,0.0,1767.174868703699,1827.9946187036992,1439.2026299999998,0.0,0.0,6.75775,0.0,0.0,0.0,0.0
A_base,2025-03-20,2025-03-20,63,2025-03-20 10:30:00,2025-03-20 10:40:00,0.9839,6454.2353,7268.5137,6366.0057,7192.6555,-137.77496666666667,0.0,-137.77496666666667,base,base,28,,0.0,135.7130666666667,0.0,0.0,0.0,1827.9946187036992,1950.1363787036992,1563.2000999999998,0.0,0.0,13.571306666666667,0.0,0.0,0.0,0.0
A_base,2025-03-20,2025-03-20,64,2025-03-20 10:40:00,2025-03-20 10:50:00,0.799,6352.336,7455.3554,6413.9505,7566.2113,-192.04346666666663,0.0,-192.04346666666663,base,base,28,,0.0,183.83656666666667,0.0,0.0,0.0,1950.1363787036992,2115.5892887037,1736.03922,0.0,0.0,18.383656666666663,0.0,0.0,0.0,0.0
A_base,2025-03-20,2025-03-20,65,2025-03-20 10:50:00,2025-03-20 11:00:00,0.5025,6279.9,7263.0,6574.38,7889.7,-219.21999999999997,0.0,-219.21999999999997,base,base,28,,0.0,163.85000000000005,0.0,0.0,0.0,2115.5892887037,2263.0542887036995,1933.33722,0.0,0.0,16.385,0.0,0.0,0.0,0.0
A_base,2025-03-20,2025-03-20,66,2025-03-20 11:00:00,2025-03-20 11:10:00,0.4662,6362.0436,7021.6679,6549.5232,7767.7134,-203.0317,0.0,-203.0317,base,base,28,,630.3016333333333,740.2390166666667,0.0,0.0,0.0,2263.0542887036995,2929.2694037036995,2683.33722,293.84662146,0.0,74.02390166666665,293.84662146,0.0,293.84662146,0.0
A_base,2025-03-20,2025-03-20,67,2025-03-20 11:10:00,2025-03-20 11:20:00,0.5007,6393.8373,7052.8842,6360.3078,7910.4133,-258.3509166666668,0.0,-258.3509166666668,base,base,28,,321.504450000005,431.34560000000505,0.0,0.0,0.0,2929.2694037036995,3317.480443703704,3205.2070500000045,160.97727811500252,0.0,43.1345600000005,160.97727811500252,0.0,160.97727811500252,0.0
A_base,2025-03-20,2025-03-20,68,2025-03-20 11:20:00,2025-03-20 11:30:00,0.4827,6360.1,7317.5625,6232.56,8273.025,-340.0774999999999,0.0,-340.0774999999999,base,base,28,,493.2558333333334,652.8329166666666,0.0,0.0,0.0,3317.480443703704,3905.030068703704,3955.207050000005,238.09459075000004,0.0,65.28329166666664,238.09459075000004,0.0,238.09459075000004,0.0
A_base,2025-03-20,2025-03-20,69,2025-03-20 11:30:00,2025-03-20 11:40:00,0.4785,6424.0276,7505.6333,6357.7494,8103.1089,-290.8932500000001,0.0,-290.8932500000001,base,base,28,,542.4400833333332,722.7076999999998,0.0,0.0,0.0,3905.030068703704,4555.466998703704,4705.2070500000045,259.557579875,0.0,72.27076999999997,259.55757987499993,0.0,259.55757987499993,0.0
A_base,2025-03-20,2025-03-20,70,2025-03-20 11:40:00,2025-03-20 11:50:00,0.4662,6379.6216,7635.0323,6325.6393,7934.0714,-268.0720166666666,0.0,-268.0720166666666,base,base,28,,565.2613166666666,774.4964333333332,0.0,0.0,0.0,4555.466998703704,5252.513788703704,5455.2070500000045,263.52482583,0.0,77.44964333333331,263.52482583,0.0,263.52482583,0.0
A_base,2025-03-20,2025-03-20,71,2025-03-20 11:50:00,2025-03-20 12:00:00,0.4432,6168.32,7818.45,6078.6,8015.4375,-322.8062499999999,0.0,-322.8062499999999,base,base,28,,510.5270833333333,785.5487499999999,0.0,0.0,0.0,5252.513788703704,5959.507663703705,6205.2070500000045,226.26560333333333,0.0,78.55487499999998,226.2656033333333,0.0,226.2656033333333,0.0
A_base,2025-03-20,2025-03-20,72,2025-03-20 12:00:00,2025-03-20 12:10:00,0.4411,5958.8116,8082.9395,5973.117,8091.3897,-353.0454499999999,0.0,-353.0454499999999,base,base,28,,480.28788333333335,833.3333333333333,0.0,0.0,0.9758666666668888,5959.507663703705,6709.507663703705,6955.2070500000045,211.8549853383333,0.0,83.3333333333333,211.85498533833334,0.0,211.85498533833334,0.0
A_base,2025-03-20,2025-03-20,73,2025-03-20 12:10:00,2025-03-20 12:20:00,0.4551,5855.2299,8090.5707,6003.5669,8333.4204,-388.3089166666669,0.0,-388.3089166666669,base,base,28,,445.0244166666664,817.5812166666664,0.0,0.0,0.0,6709.507663703705,7445.330758703704,7705.207050000004,202.5306120249999,0.0,81.75812166666663,202.5306120249999,0.0,202.5306120249999,0.0
A_base,2025-03-20,2025-03-20,74,2025-03-20 12:20:00,2025-03-20 12:30:00,0.4463,5883.66,7709.3625,6043.44,8611.9875,-428.09125,0.0,-428.09125,base,base,28,,405.2420833333333,709.5258333333334,0.0,0.0,0.0,7445.330758703704,8083.904008703705,8455.207050000005,180.85954179166663,0.0,70.95258333333332,180.85954179166666,0.0,180.85954179166666,0.0
A_base,2025-03-20,2025-03-20,75,2025-03-20 12:30:00,2025-03-20 12:40:00,0.4113,6006.2794,7205.256,6007.2071,8523.8874,-419.44671666666665,0.0,-419.44671666666665,base,base,28,,413.8866166666666,613.71605,0.0,0.0,0.0,8083.904008703705,8636.248453703705,9205.207050000005,170.23156543499996,0.0,61.37160499999999,170.23156543499996,0.0,170.23156543499996,0.0
A_base,2025-03-20,2025-03-20,76,2025-03-20 12:40:00,2025-03-20 12:50:00,0.5682,6168.3548,7206.9442,6064.0725,8228.5618,-360.7482166666665,0.0,-360.7482166666665,base,base,28,,0.0,173.0982333333333,0.0,0.0,0.0,8636.248453703705,8792.036863703705,9529.880445000004,0.0,0.0,17.309823333333327,0.0,0.0,0.0,0.0
A_base,2025-03-20,2025-03-20,77,2025-03-20 12:50:00,2025-03-20 13:00:00,0.8279,6351.38,7525.8,6254.85,8001.8625,-291.16874999999993,0.0,-291.16874999999993,base,base,28,,0.0,195.73666666666668,0.0,0.0,0.0,8792.036863703705,8968.199863703705,9791.932320000004,0.0,0.0,19.573666666666664,0.0,0.0,0.0,0.0
A_base,2025-03-20,2025-03-20,78,2025-03-20 13:00:00,2025-03-20 13:10:00,0.8636,6510.6216,7339.075,6422.854,7962.5924,-256.62306666666666,0.0,-256.62306666666666,base,base,28,,0.0,138.07556666666656,0.0,0.0,0.0,8968.199863703705,9092.467873703705,10022.893080000003,0.0,0.0,13.807556666666652,0.0,0.0,0.0,0.0
A_base,2025-03-20,2025-03-20,79,2025-03-20 13:10:00,2025-03-20 13:20:00,0.8416,6358.8315,6900.6338,6403.1925,7741.4555,-223.0438333333333,0.0,-223.0438333333333,base,base,28,,0.0,90.30038333333324,0.0,0.0,0.0,9092.467873703705,9173.738218703704,10223.632530000004,0.0,0.0,9.030038333333323,0.0,0.0,0.0,0.0
A_base,2025-03-20,2025-03-20,80,2025-03-20 13:20:00,2025-03-20 13:30:00,0.8618,6039.3,6610.0125,6313.29,7413.1875,-183.31625,0.0,-183.31625,base,base,28,,0.0,95.11874999999992,0.0,0.0,0.0,9173.738218703704,9259.345093703703,10388.617155000002,0.0,0.0,9.51187499999999,0.0,0.0,0.0,0.0
A_base,2025-03-20,2025-03-20,81,2025-03-20 13:30:00,2025-03-20 13:40:00,0.8623,6028.9848,6642.1795,6396.8916,7383.0511,-164.3599166666666,0.0,-164.3599166666666,base,base,28,,0.0,102.19911666666668,0.0,0.0,0.0,9259.345093703703,9351.324298703705,10536.54108,0.0,0.0,10.219911666666667,0.0,0.0,0.0,0.0
A_base,2025-03-20,2025-03-20,82,2025-03-20 13:40:00,2025-03-20 13:50:00,0.9026,6177.7813,6806.5377,6299.9773,7147.3017,-141.22073333333338,0.0,-141.22073333333338,base,base,28,,0.0,104.79273333333336,0.0,0.0,0.0,9351.324298703705,9445.637758703702,10663.63974,0.0,0.0,10.479273333333333,0.0,0.0,0.0,0.0
A_base,2025-03-20,2025-03-20,83,2025-03-20 13:50:00,2025-03-20 14:00:00,0.9754,6280.02,6799.95,6106.75,6693.1875,-97.73958333333331,0.0,-97.73958333333331,base,base,28,,0.0,86.65499999999989,0.0,0.0,0.0,9445.637758703702,9523.627258703702,10751.605365,0.0,0.0,8.665499999999987,0.0,0.0,0.0,0.0
A_base,2025-03-20,2025-03-20,84,2025-03-20 14:00:00,2025-03-20 14:10:00,1.0002,6283.4823,6453.6137,6255.132,6523.1977,-44.67761666666668,0.0,-44.67761666666668,base,base,28,,0.0,28.355233333333366,0.0,0.0,0.0,9523.627258703702,9549.146968703702,10791.81522,0.0,0.0,2.835523333333336,0.0,0.0,0.0,0.0
A_base,2025-03-20,2025-03-20,85,2025-03-20 14:10:00,2025-03-20 14:20:00,0.9978,6314.912,6203.5886,6265.1371,6319.7023,-9.0942,0.0,-9.0942,base,base,28,,0.0,0.0,18.553900000000034,0.0,0.0,9549.146968703702,9528.53152425926,10800.0,0.0,0.0,2.0615444444444493,0.0,0.0,0.0,0.0
A_base,2025-03-20,2025-03-20,86,2025-03-20 14:20:00,2025-03-20 14:30:00,1.0271,6352.79,6115.6875,6109.64,5933.475,29.360833333333325,0.0,29.360833333333325,base,base,28,,0.0,0.0,39.517083333333325,0.0,0.0,9528.53152425926,9484.623653888888,10767.376851851852,0.0,0.0,4.390787037037038,0.0,0.0,0.0,0.0
A_base,2025-03-20,2025-03-20,87,2025-03-20 14:30:00,2025-03-20 14:40:00,1.0906,6259.4213,5837.6616,6254.7096,5577.5788,112.85513333333331,0.0,112.85513333333331,base,base,28,,0.0,0.0,70.29328333333326,0.0,0.0,9484.623653888888,9406.52000574074,10641.98225925926,0.0,0.0,7.81036481481481,0.0,0.0,0.0,0.0
A_base,2025-03-20,2025-03-20,88,2025-03-20 14:40:00,2025-03-20 14:50:00,0.9376,6190.1146,5431.9635,6398.0053,5382.184,169.30354999999992,0.0,169.30354999999992,base,base,28,,0.0,0.0,126.35851666666667,0.0,0.0,9406.52000574074,9266.121653888888,10453.867203703703,0.0,0.0,14.039835185185192,0.0,0.0,0.0,0.0
A_base,2025-03-20,2025-03-20,89,2025-03-20 14:50:00,2025-03-20 15:00:00,0.6694,6156.64,5072.775,6358.98,5305.2375,175.6237499999999,0.0,175.6237499999999,base,base,28,,175.6237499999999,0.0,5.020416666666876,0.0,0.0,9266.121653888888,9260.543413148149,10453.867203703703,117.56253824999992,0.0,0.5578240740740976,117.56253824999992,0.0,117.56253824999992,0.0
A_base,2025-03-20,2025-03-20,90,2025-03-20 15:00:00,2025-03-20 15:10:00,0.66,6039.3659,4855.4545,6262.9226,5169.4135,182.2515166666667,0.0,182.2515166666667,base,base,28,,566.843512551441,369.5249458847744,0.0,0.0,0.0,9260.543413148149,9593.115864444444,10800.0,374.1167182839511,0.0,36.952494588477435,374.11671828395106,0.0,374.11671828395106,0.0
A_base,2025-03-20,2025-03-20,91,2025-03-20 15:10:00,2025-03-20 15:20:00,0.7217,6054.6789,4561.8383,6174.0028,4854.5331,219.9116166666668,0.0,219.9116166666668,base,base,28,,219.9116166666668,0.0,28.89514999999983,0.0,0.0,9593.115864444444,9561.01014222222,10800.0,158.71021374833342,0.0,3.2105722222222046,158.71021374833342,0.0,158.71021374833342,0.0
A_base,2025-03-20,2025-03-20,92,2025-03-20 15:20:00,2025-03-20 15:30:00,0.7308,6187.68,4146.825,6169.43,4461.1125,284.71958333333333,0.0,284.71958333333333,base,base,28,,284.71958333333333,0.0,55.42291666666671,0.0,0.0,9561.01014222222,9499.429123703703,10800.0,208.0730715,0.0,6.1581018518518595,208.0730715,0.0,208.0730715,0.0
A_base,2025-03-20,2025-03-20,93,2025-03-20 15:30:00,2025-03-20 15:40:00,0.7534,6195.3721,3778.6785,6264.8243,4216.6751,341.35819999999995,0.0,341.35819999999995,base,base,28,,341.35819999999995,0.0,61.42406666666665,0.0,0.0,9499.429123703703,9431.18016074074,10800.0,257.17926787999994,0.0,6.824896296296298,257.17926787999994,0.0,257.17926787999994,0.0
A_base,2025-03-20,2025-03-20,94,2025-03-20 15:40:00,2025-03-20 15:50:00,0.7823,6186.1376,3471.4229,6126.1485,4038.9704,347.8630166666667,0.0,347.8630166666667,base,base,28,,347.8630166666667,0.0,104.58943333333332,0.0,0.0,9431.18016074074,9314.96967925926,10800.0,272.13323793833337,0.0,11.621048148148152,272.13323793833337,0.0,272.13323793833337,0.0
A_base,2025-03-20,2025-03-20,95,2025-03-20 15:50:00,2025-03-20 16:00:00,0.8055,6200.17,3156.225,5880.11,3796.9125,347.1995833333333,0.0,347.1995833333333,base,base,28,,347.1995833333333,0.0,160.12458333333336,0.0,0.0,9314.96967925926,9137.053475555556,10800.0,279.66926437499995,0.0,17.79162037037038,279.66926437499995,0.0,279.66926437499995,0.0
A_base,2025-03-20,2025-03-20,96,2025-03-20 16:00:00,2025-03-20 16:10:00,0.8271,6153.3743,2779.805,5993.8657,3419.8851,428.9967666666667,0.0,428.9967666666667,base,base,28,,428.9967666666667,0.0,133.26478333333336,0.0,0.0,9137.053475555556,8988.981494074073,10800.0,354.82322571000003,0.0,14.807198148148156,354.82322571000003,0.0,354.82322571000003,0.0
A_base,2025-03-20,2025-03-20,97,2025-03-20 16:10:00,2025-03-20 16:20:00,0.8519,6101.7592,2507.3559,6119.1519,2957.1473,527.0007666666666,0.0,527.0007666666666,base,base,28,,527.0007666666666,0.0,72.06645000000015,0.0,0.0,8988.981494074073,8908.907660740739,10800.0,448.9519531233332,0.0,8.007383333333353,448.9519531233332,0.0,448.9519531233332,0.0
A_base,2025-03-20,2025-03-20,98,2025-03-20 16:20:00,2025-03-20 16:30:00,0.8791,6118.95,2334.4125,6080.34,2520.1125,593.3712499999999,0.0,593.3712499999999,base,base,28,,593.3712499999999,0.0,37.38499999999999,0.0,0.0,8908.907660740739,8867.36877185185,10800.0,521.6326658749999,0.0,4.15388888888889,521.6326658749999,0.0,521.6326658749999,0.0
A_base,2025-03-20,2025-03-20,99,2025-03-20 16:30:00,2025-03-20 16:40:00,0.9024,6209.4949,2077.0816,6051.7025,2207.5327,640.6949666666667,0.0,640.6949666666667,base,base,28,,640.6949666666667,0.0,48.0405833333333,0.0,0.0,8867.36877185185,8813.990345925924,10800.0,578.16313792,0.0,5.337842592592591,578.16313792,0.0,578.16313792,0.0
A_base,2025-03-20,2025-03-20,100,2025-03-20 16:40:00,2025-03-20 16:50:00,0.9163,6190.199,1733.8533,6078.2733,1939.6319,689.7735666666665,0.0,689.7735666666665,base,base,28,,689.7735666666665,0.0,52.95071666666672,0.0,0.0,8813.990345925924,8755.156216296295,10800.0,632.0395191366665,0.0,5.8834129629629714,632.0395191366665,0.0,632.0395191366665,0.0
A_base,2025-03-20,2025-03-20,101,2025-03-20 16:50:00,2025-03-20 17:00:00,0.9264,6102.19,1377.7125,6196.49,1642.05,759.0733333333333,0.0,759.0733333333333,base,base,28,,759.0733333333333,0.0,28.339583333333167,0.0,0.0,8755.156216296295,8723.66779037037,10800.0,703.2055359999999,0.0,3.1488425925925756,703.2055359999999,0.0,703.2055359999999,0.0
A_base,2025-03-20,2025-03-20,102,2025-03-20 17:00:00,2025-03-20 17:10:00,0.9462,6143.2969,1083.9022,6367.7307,1304.9072,843.8039166666667,0.0,843.8039166666667,base,base,28,,843.8039166666667,0.5714666666666517,0.0,0.0,0.0,8723.66779037037,8724.18211037037,10800.0,798.4072659500001,0.0,0.05714666666666516,798.4072659500001,0.0,798.4072659500001,0.0
A_base,2025-03-20,2025-03-20,103,2025-03-20 17:10:00,2025-03-20 17:20:00,0.9742,6075.0134,831.8823,6177.7386,973.3083,867.40505,0.0,867.40505,base,base,28,,867.40505,0.0,6.4501333333332695,0.0,0.0,8724.18211037037,8717.015295555555,10800.0,845.02599971,0.0,0.7166814814814747,845.02599971,0.0,845.02599971,0.0
A_base,2025-03-20,2025-03-20,104,2025-03-20 17:20:00,2025-03-20 17:30:00,0.9862,6025.68,597.3375,5943.23,675.5625,877.9445833333332,0.0,877.9445833333332,base,base,28,,877.9445833333332,0.0,26.779166666666924,0.0,0.0,8717.015295555555,8687.260665925925,10800.0,865.8289480833331,0.0,2.9754629629629927,865.8289480833331,0.0,865.8289480833331,0.0
A_base,2025-03-20,2025-03-20,105,2025-03-20 17:30:00,2025-03-20 17:40:00,0.976,6213.4416,374.8971,6260.5833,408.3651,975.3697,0.0,975.3697,base,base,28,,975.3697,2.278950000000009,0.0,0.0,0.0,8687.260665925925,8689.311720925925,10800.0,951.9608272,0.0,0.22789500000000085,951.9608271999999,0.0,951.9608271999999,0.0
A_base,2025-03-20,2025-03-20,106,2025-03-20 17:40:00,2025-03-20 17:50:00,1.0742,5394.1467,156.1276,5643.5605,164.6811,913.1465666666666,0.0,913.1465666666666,base,base,28,,913.1465666666666,40.14338333333319,0.0,0.0,0.0,8689.311720925925,8725.440765925925,10800.0,980.9020419133332,0.0,4.014338333333318,980.9020419133333,0.0,980.9020419133333,0.0
A_base,2025-03-20,2025-03-20,107,2025-03-20 17:50:00,2025-03-20 18:00:00,1.2313,4094.12,0.0,4339.62,0.0,723.27,0.0,723.27,base,base,28,,723.27,40.91666666666674,0.0,0.0,0.0,8725.440765925925,8762.265765925926,10800.0,890.562351,0.0,4.091666666666673,890.562351,0.0,890.562351,0.0
A_base,2025-03-20,2025-03-20,108,2025-03-20 18:00:00,2025-03-20 18:10:00,1.2561,4187.9837,0.0,4184.4013,0.0,697.4002166666667,0.0,697.4002166666667,base,base,28,,697.4002166666667,0.0,0.597066666666592,0.0,0.0,8762.265765925926,8761.602358518518,10800.0,876.004412155,0.0,0.06634074074073247,876.004412155,0.0,876.004412155,0.0
A_base,2025-03-20,2025-03-20,109,2025-03-20 18:10:00,2025-03-20 18:20:00,1.2447,4441.4267,5.5774,4355.2005,5.7982,724.9003833333333,0.0,724.9003833333333,base,base,28,,724.9003833333333,0.0,14.407833333333317,0.0,0.0,8761.602358518518,8745.593654814815,10800.0,902.2835071349998,0.0,1.6008703703703693,902.2835071349998,0.0,902.2835071349998,0.0
A_base,2025-03-20,2025-03-20,110,2025-03-20 18:20:00,2025-03-20 18:30:00,1.2545,4255.45,0.0,4309.15,0.0,718.1916666666666,0.0,718.1916666666666,base,base,28,,718.1916666666666,8.950000000000045,0.0,0.0,0.0,8745.593654814815,8753.648654814815,10800.0,900.9714458333332,0.0,0.8950000000000043,900.9714458333332,0.0,900.9714458333332,0.0
A_base,2025-03-20,2025-03-20,111,2025-03-20 18:30:00,2025-03-20 18:40:00,1.2522,4286.5369,0.0,4354.2603,0.0,725.7100499999999,0.0,725.7100499999999,base,base,28,,725.7100499999999,11.287233333333234,0.0,0.0,0.0,8753.648654814815,8763.807164814814,10800.0,908.73412461,0.0,1.128723333333323,908.7341246099999,0.0,908.7341246099999,0.0
A_base,2025-03-20,2025-03-20,112,2025-03-20 18:40:00,2025-03-20 18:50:00,1.2881,4470.2464,0.4004,4338.3067,0.4163,722.9817333333333,0.0,722.9817333333333,base,base,28,,189.68660000000023,0.0,555.287733333333,0.0,0.0,8763.807164814814,8146.820794444444,10207.449851851852,244.3353094600003,0.0,61.698637037037024,244.3353094600003,0.0,244.3353094600003,0.0
A_base,2025-03-20,2025-03-20,113,2025-03-20 18:50:00,2025-03-20 19:00:00,1.3466,4579.24,0.0,4288.92,0.0,714.8199999999999,0.0,714.8199999999999,base,base,28,,0.0,0.0,763.2066666666666,0.0,0.0,8146.820794444444,7298.813387037037,9413.205407407408,0.0,0.0,84.80074074074076,0.0,0.0,0.0,0.0
A_base,2025-03-20,2025-03-20,114,2025-03-20 19:00:00,2025-03-20 19:10:00,1.3523,4480.3082,0.0,4415.0451,0.0,735.84085,0.0,735.84085,base,base,28,,0.0,0.0,746.7180333333333,0.0,0.0,7298.813387037037,6469.126683333333,8595.604462962963,0.0,0.0,82.9686703703704,0.0,0.0,0.0,0.0
A_base,2025-03-20,2025-03-20,115,2025-03-20 19:10:00,2025-03-20 19:20:00,1.3445,4285.5618,0.0288,4447.7655,0.0299,741.2892666666667,0.0,741.2892666666667,base,base,28,,0.0,0.0,714.2555,0.0,0.0,6469.126683333333,5675.509461111111,7771.949722222222,0.0,0.0,79.36172222222226,0.0,0.0,0.0,0.0
A_base,2025-03-20,2025-03-20,116,2025-03-20 19:20:00,2025-03-20 19:30:00,1.3483,4196.78,0.0,4430.96,0.0,738.4933333333333,0.0,738.4933333333333,base,base,28,,0.0,0.0,699.4633333333333,0.0,0.0,5675.509461111111,4898.327979629629,6951.401574074073,0.0,0.0,77.71814814814817,0.0,0.0,0.0,0.0
A_base,2025-03-20,2025-03-20,117,2025-03-20 19:30:00,2025-03-20 19:40:00,1.349,4330.8684,0.0,4648.3362,0.0,774.7226999999999,0.0,774.7226999999999,base,base,28,,0.0,0.0,721.8114,0.0,0.0,4898.327979629629,4096.315312962963,6090.598574074073,0.0,0.0,80.20126666666671,0.0,0.0,0.0,0.0
A_base,2025-03-20,2025-03-20,118,2025-03-20 19:40:00,2025-03-20 19:50:00,1.3473,4370.9481,0.0021,4630.751,0.0021,771.7914833333334,0.0,771.7914833333334,base,base,28,,0.0,0.0,728.491,0.0,0.0,4096.315312962963,3286.8808685185186,5233.052481481481,0.0,0.0,80.94344444444448,0.0,0.0,0.0,0.0
A_base,2025-03-20,2025-03-20,119,2025-03-20 19:50:00,2025-03-20 20:00:00,1.3482,4358.21,0.0,4405.57,0.0,734.2616666666665,0.0,734.2616666666665,base,base,28,,0.0,0.0,726.3683333333333,0.0,0.0,3286.8808685185186,2479.804942592593,4417.206185185185,0.0,0.0,80.70759259259263,0.0,0.0,0.0,0.0
A_base,2025-03-20,2025-03-20,120,2025-03-20 20:00:00,2025-03-20 20:10:00,1.3513,4586.0191,0.0,4459.9096,0.0,743.3182666666667,0.0,743.3182666666667,base,base,28,,0.0,0.0,764.3365166666667,0.0,0.0,2479.804942592593,1630.5421462962966,3591.297,0.0,0.0,84.92627962962968,0.0,0.0,0.0,0.0
A_base,2025-03-20,2025-03-20,121,2025-03-20 20:10:00,2025-03-20 20:20:00,1.34,4523.6629,0.0,4389.7527,0.0,731.62545,0.0,731.62545,base,base,28,,0.0,0.0,387.4879316666669,366.4558849999997,0.0,1630.5421462962966,1200.0,2778.379833333333,0.0,2455.2544294999984,43.054214629629676,0.0,2455.254429499998,2455.254429499998,0.0
A_base,2025-03-20,2025-03-20,122,2025-03-20 20:20:00,2025-03-20 20:30:00,1.3489,4215.37,0.0,4195.37,0.0,699.2283333333332,0.0,699.2283333333332,base,base,28,,0.0,0.0,0.0,702.5616666666666,0.0,1200.0,1200.0,2001.4594629629628,0.0,4738.427160833333,0.0,0.0,4738.427160833333,4738.427160833333,0.0
A_base,2025-03-20,2025-03-20,123,2025-03-20 20:30:00,2025-03-20 20:40:00,1.3952,4256.2469,0.0,4327.8811,0.0,721.3135166666666,0.0,721.3135166666666,base,base,28,,0.0,0.0,0.0,709.3744833333333,0.0,1200.0,1200.0,1200.0,0.0,4948.596395733332,0.0,0.0,4948.596395733333,4948.596395733333,0.0
A_base,2025-03-20,2025-03-20,124,2025-03-20 20:40:00,2025-03-20 20:50:00,1.2226,4319.0159,0.0,4512.0344,0.0,752.0057333333332,0.0,752.0057333333332,base,base,28,,752.0057333333332,32.169749999999794,0.0,0.0,0.0,1200.0,1228.9527749999995,1200.0,919.402209573333,0.0,3.216974999999979,919.402209573333,0.0,919.402209573333,0.0
A_base,2025-03-20,2025-03-20,125,2025-03-20 20:50:00,2025-03-20 21:00:00,0.9332,4257.25,0.0,4484.87,0.0,747.4783333333332,0.0,747.4783333333332,base,base,28,,747.4783333333332,37.93666666666661,0.0,0.0,0.0,1228.9527749999995,1263.0957749999998,1200.0,697.5467806666666,0.0,3.79366666666666,697.5467806666666,0.0,697.5467806666666,0.0
A_base,2025-03-20,2025-03-20,126,2025-03-20 21:00:00,2025-03-20 21:10:00,0.9068,4290.2681,0.0,4273.0646,0.0,712.1774333333333,0.0,712.1774333333333,base,base,28,,712.1774333333333,0.0,2.8672500000000127,0.0,0.0,1263.0957749999998,1259.9099416666663,1200.0,645.8024965466667,0.0,0.3185833333333349,645.8024965466667,0.0,645.8024965466667,0.0
A_base,2025-03-20,2025-03-20,127,2025-03-20 21:10:00,2025-03-20 21:20:00,0.9371,4418.7036,0.0,4239.7897,0.0,706.6316166666667,0.0,706.6316166666667,base,base,28,,706.6316166666667,0.0,29.81898333333322,0.0,0.0,1259.9099416666663,1226.7777379629626,1200.0,662.1844879783333,0.0,3.3132203703703595,662.1844879783333,0.0,662.1844879783333,0.0
A_base,2025-03-20,2025-03-20,128,2025-03-20 21:20:00,2025-03-20 21:30:00,0.9371,4553.6,0.0,4406.58,0.0,734.43,0.0,734.43,base,base,28,,734.43,0.0,24.099964166666386,0.403369166667062,0.0,1226.7777379629626,1200.0,1200.0,688.2343529999999,1.889986230418519,2.6777737962962664,688.2343529999999,1.889986230418519,690.1243392304185,0.0
A_base,2025-03-20,2025-03-20,129,2025-03-20 21:30:00,2025-03-20 21:40:00,0.9871,4526.2528,0.0,4390.6494,0.0,731.7749,0.0,731.7749,base,base,28,,731.7749,0.0,0.0,22.600566666666623,0.0,1200.0,1200.0,1200.0,722.33500379,111.54509678333312,0.0,722.33500379,111.54509678333312,833.880100573333,0.0
A_base,2025-03-20,2025-03-20,130,2025-03-20 21:40:00,2025-03-20 21:50:00,0.7764,4001.6252,0.0,3913.3811,0.0,652.2301833333333,0.0,652.2301833333333,base,base,28,,652.2301833333333,0.0,0.0,14.707349999999906,0.0,1200.0,1200.0,1200.0,506.39151434,57.093932699999634,0.0,506.39151434,57.09393269999963,563.4854470399996,0.0
A_base,2025-03-20,2025-03-20,131,2025-03-20 21:50:00,2025-03-20 22:00:00,0.4209,3318.94,0.0,3346.61,0.0,557.7683333333333,0.0,557.7683333333333,base,base,28,,1391.1016666666665,833.3333333333333,0.0,0.0,4.611666666666565,1200.0,1950.0,1950.0,585.5146914999999,0.0,83.3333333333333,585.5146914999999,0.0,585.5146914999999,0.0
A_base,2025-03-20,2025-03-20,132,2025-03-20 22:00:00,2025-03-20 22:10:00,0.3859,3233.4088,0.0,3373.0005,0.0,562.16675,0.0,562.16675,base,base,28,,1395.5000833333334,833.3333333333333,0.0,0.0,23.2652833333334,1950.0,2700.0,2700.0,538.5234821583334,0.0,83.3333333333333,538.5234821583334,0.0,538.5234821583334,0.0
A_base,2025-03-20,2025-03-20,133,2025-03-20 22:10:00,2025-03-20 22:20:00,0.4368,3319.971,0.0,3465.5966,0.0,577.5994333333333,0.0,577.5994333333333,base,base,28,,577.5994333333333,24.270933333333343,0.0,0.0,0.0,2700.0,2721.84384,2700.0,252.29543248,0.0,2.4270933333333335,252.29543248,0.0,252.29543248,0.0
A_base,2025-03-20,2025-03-20,134,2025-03-20 22:20:00,2025-03-20 22:30:00,0.4198,3255.84,0.0,3381.63,0.0,563.605,0.0,563.605,base,base,28,,1396.9383333333333,833.3333333333333,0.0,0.0,20.965000000000032,2721.84384,3471.84384,3450.0,586.4347123333333,0.0,83.3333333333333,586.4347123333333,0.0,586.4347123333333,0.0
A_base,2025-03-20,2025-03-20,135,2025-03-20 22:30:00,2025-03-20 22:40:00,0.4186,3144.1326,0.0,3375.153,0.0,562.5255,0.0,562.5255,base,base,28,,1395.8588333333332,833.3333333333333,0.0,0.0,38.503400000000056,3471.84384,4221.84384,4200.0,584.3065076333334,0.0,83.3333333333333,584.3065076333334,0.0,584.3065076333334,0.0
A_base,2025-03-20,2025-03-20,136,2025-03-20 22:40:00,2025-03-20 22:50:00,0.4241,3161.8174,0.0,3326.3207,0.0,554.3867833333334,0.0,554.3867833333334,base,base,28,,1387.7201166666666,833.3333333333333,0.0,0.0,27.41721666666672,4221.84384,4971.84384,4950.0,588.5321014783333,0.0,83.3333333333333,588.5321014783333,0.0,588.5321014783333,0.0
A_base,2025-03-20,2025-03-20,137,2025-03-20 22:50:00,2025-03-20 23:00:00,0.4237,3296.4,0.0,3298.16,0.0,549.6933333333333,0.0,549.6933333333333,base,base,28,,1383.0266666666666,833.3333333333333,0.0,0.0,0.2933333333334076,4971.84384,5721.84384,5700.0,585.9883986666667,0.0,83.3333333333333,585.9883986666667,0.0,585.9883986666667,0.0
A_base,2025-03-20,2025-03-20,138,2025-03-20 23:00:00,2025-03-20 23:10:00,0.4248,3356.4081,0.0,3488.4212,0.0,581.4035333333334,0.0,581.4035333333334,base,base,28,,811.8378240715448,252.4364740715448,0.0,0.0,0.0,5721.84384,5949.0366666643895,5907.39086166439,344.86870766559224,0.0,25.243647407154477,344.86870766559224,0.0,344.86870766559224,0.0
A_base,2025-03-20,2025-03-20,139,2025-03-20 23:10:00,2025-03-20 23:20:00,0.424,3261.7676,0.0,3525.4193,0.0,587.5698833333333,0.0,587.5698833333333,base,base,28,,1420.9032166666666,833.3333333333333,0.0,0.0,43.94195000000002,5949.0366666643895,6699.0366666643895,6657.39086166439,602.4629638666667,0.0,83.3333333333333,602.4629638666667,0.0,602.4629638666667,0.0
A_base,2025-03-20,2025-03-20,140,2025-03-20 23:20:00,2025-03-20 23:30:00,0.422,3267.73,0.0,3418.47,0.0,569.7449999999999,0.0,569.7449999999999,base,base,28,,1403.0783333333331,833.3333333333333,0.0,0.0,25.12333333333322,6699.0366666643895,7449.036666664389,7407.39086166439,592.0990566666666,0.0,83.3333333333333,592.0990566666666,0.0,592.0990566666666,0.0
A_base,2025-03-20,2025-03-20,141,2025-03-20 23:30:00,2025-03-20 23:40:00,0.424,3604.076,0.0,3469.7557,0.0,578.2926166666666,0.0,578.2926166666666,base,base,28,,1411.62595,810.9466166666666,0.0,0.0,0.0,7449.036666664389,8178.88862166439,8157.39086166439,598.5294028,0.0,81.09466166666664,598.5294028000001,0.0,598.5294028000001,0.0
A_base,2025-03-20,2025-03-20,142,2025-03-20 23:40:00,2025-03-20 23:50:00,0.4271,3245.8691,0.0,3090.0777,0.0,515.0129499999999,0.0,515.0129499999999,base,base,28,,515.0129499999999,0.0,25.965233333333344,0.0,0.0,8178.88862166439,8150.03836240513,8157.39086166439,219.96203094499995,0.0,2.8850259259259285,219.96203094499995,0.0,219.96203094499995,0.0
A_base,2025-03-20,2025-03-20,143,2025-03-20 23:50:00,2025-03-21 00:00:00,0.4276,2401.0,0.0,2440.31,0.0,406.7183333333333,0.0,406.7183333333333,base,base,28,,406.7183333333333,6.5516666666666765,0.0,0.0,0.0,8150.03836240513,8155.93486240513,8157.39086166439,173.91275933333333,0.0,0.6551666666666675,173.91275933333333,0.0,173.91275933333333,0.0
A_base,2025-06-21,2025-06-21,0,2025-06-21 00:00:00,2025-06-21 00:10:00,0.4248,3087.9838,0.0,3292.2207,0.0,548.70345,0.0,548.70345,base,base,28,,548.70345,34.03948333333335,0.0,0.0,0.0,2538.6363581298606,2569.2718931298605,2538.6363581298606,233.08922556,0.0,3.4039483333333345,233.08922556,0.0,233.08922556,0.0
A_base,2025-06-21,2025-06-21,1,2025-06-21 00:10:00,2025-06-21 00:20:00,0.4245,3200.0919,0.0,3247.762,0.0,541.2936666666667,0.0,541.2936666666667,base,base,28,,541.2936666666667,7.945016666666788,0.0,0.0,0.0,2569.2718931298605,2576.4224081298607,2538.6363581298606,229.7791615,0.0,0.7945016666666787,229.77916150000001,0.0,229.77916150000001,0.0
A_base,2025-06-21,2025-06-21,2,2025-06-21 00:20:00,2025-06-21 00:30:00,0.4269,3401.46,0.0,3135.42,0.0,522.5699999999999,0.0,522.5699999999999,base,base,28,,522.5699999999999,0.0,44.34000000000003,0.0,0.0,2576.4224081298607,2527.155741463194,2538.6363581298606,223.085133,0.0,4.926666666666672,223.08513299999998,0.0,223.08513299999998,0.0
A_base,2025-06-21,2025-06-21,3,2025-06-21 00:30:00,2025-06-21 00:40:00,0.4272,3063.5261,0.0,3144.8943,0.0,524.14905,0.0,524.14905,base,base,28,,524.14905,13.561366666666686,0.0,0.0,0.0,2527.155741463194,2539.360971463194,2538.6363581298606,223.91647416,0.0,1.3561366666666683,223.91647416,0.0,223.91647416,0.0
A_base,2025-06-21,2025-06-21,4,2025-06-21 00:40:00,2025-06-21 00:50:00,0.4271,2820.2572,0.0,3189.3566,0.0,531.5594333333333,0.0,531.5594333333333,base,base,28,,531.5594333333333,61.51656666666668,0.0,0.0,0.0,2539.360971463194,2594.725881463194,2538.6363581298606,227.02903397666665,0.0,6.151656666666666,227.02903397666665,0.0,227.02903397666665,0.0
A_base,2025-06-21,2025-06-21,5,2025-06-21 00:50:00,2025-06-21 01:00:00,0.4285,2883.38,0.0,3191.86,0.0,531.9766666666667,0.0,531.9766666666667,base,base,28,,531.9766666666667,51.41333333333336,0.0,0.0,0.0,2594.725881463194,2640.997881463194,2538.6363581298606,227.95200166666663,0.0,5.1413333333333355,227.95200166666666,0.0,227.95200166666666,0.0
A_base,2025-06-21,2025-06-21,6,2025-06-21 01:00:00,2025-06-21 01:10:00,0.4311,2869.9796,0.0,3141.3129,0.0,523.55215,0.0,523.55215,base,base,28,,523.55215,45.22221666666667,0.0,0.0,0.0,2640.997881463194,2681.697876463194,2538.6363581298606,225.703331865,0.0,4.522221666666666,225.703331865,0.0,225.703331865,0.0
A_base,2025-06-21,2025-06-21,7,2025-06-21 01:10:00,2025-06-21 01:20:00,0.4302,2985.8287,0.0,2978.2906,0.0,496.3817666666666,0.0,496.3817666666666,base,base,28,,496.3817666666666,0.0,1.2563499999999976,0.0,0.0,2681.697876463194,2680.301932018749,2538.6363581298606,213.54343602,0.0,0.13959444444444424,213.54343601999997,0.0,213.54343601999997,0.0
A_base,2025-06-21,2025-06-21,8,2025-06-21 01:20:00,2025-06-21 01:30:00,0.4279,3164.18,0.0,2859.96,0.0,476.66,0.0,476.66,base,base,28,,476.66,0.0,50.70333333333326,0.0,0.0,2680.301932018749,2623.9648949817124,2538.6363581298606,203.962814,0.0,5.6337037037036986,203.962814,0.0,203.962814,0.0
A_base,2025-06-21,2025-06-21,9,2025-06-21 01:30:00,2025-06-21 01:40:00,0.4312,3064.8457,0.0,2991.4169,0.0,498.5694833333333,0.0,498.5694833333333,base,base,28,,498.5694833333333,0.0,12.23813333333328,0.0,0.0,2623.9648949817124,2610.3669690557867,2538.6363581298606,214.98316121333332,0.0,1.3597925925925873,214.98316121333335,0.0,214.98316121333335,0.0
A_base,2025-06-21,2025-06-21,10,2025-06-21 01:40:00,2025-06-21 01:50:00,0.4333,2954.0459,0.0,2886.449,0.0,481.0748333333333,0.0,481.0748333333333,base,base,28,,481.0748333333333,0.0,11.266149999999982,0.0,0.0,2610.3669690557867,2597.8490246113424,2538.6363581298606,208.44972528333332,0.0,1.251794444444443,208.44972528333332,0.0,208.44972528333332,0.0
A_base,2025-06-21,2025-06-21,11,2025-06-21 01:50:00,2025-06-21 02:00:00,0.4311,2994.62,0.0,2684.58,0.0,447.43,0.0,447.43,base,base,28,,447.43,0.0,51.67333333333335,0.0,0.0,2597.8490246113424,2540.434209796528,2538.6363581298606,192.887073,0.0,5.741481481481486,192.887073,0.0,192.887073,0.0
A_base,2025-06-21,2025-06-21,12,2025-06-21 02:00:00,2025-06-21 02:10:00,0.4293,3072.4014,0.0,2981.874,0.0,496.9789999999999,0.0,496.9789999999999,base,base,28,,496.9789999999999,0.0,15.087900000000104,0.0,0.0,2540.434209796528,2523.669876463194,2538.6363581298606,213.3530847,0.0,1.6764333333333457,213.35308469999998,0.0,213.35308469999998,0.0
A_base,2025-06-21,2025-06-21,13,2025-06-21 02:10:00,2025-06-21 02:20:00,0.4324,3013.1015,0.0,3040.3061,0.0,506.7176833333333,0.0,506.7176833333333,base,base,28,,506.7176833333333,4.534099999999967,0.0,0.0,0.0,2523.669876463194,2527.750566463194,2538.6363581298606,219.1047262733333,0.0,0.4534099999999966,219.1047262733333,0.0,219.1047262733333,0.0
A_base,2025-06-21,2025-06-21,14,2025-06-21 02:20:00,2025-06-21 02:30:00,0.4367,2838.75,0.0,2782.61,0.0,463.7683333333333,0.0,463.7683333333333,base,base,28,,463.7683333333333,0.0,9.356666666666683,0.0,0.0,2527.750566463194,2517.354270166897,2538.6363581298606,202.52763116666665,0.0,1.039629629629632,202.52763116666665,0.0,202.52763116666665,0.0
A_base,2025-06-21,2025-06-21,15,2025-06-21 02:30:00,2025-06-21 02:40:00,0.4348,2749.9199,0.0,2861.4034,0.0,476.9005666666667,0.0,476.9005666666667,base,base,28,,476.9005666666667,18.58058333333338,0.0,0.0,0.0,2517.354270166897,2534.0767951668977,2538.6363581298606,207.35636638666668,0.0,1.8580583333333376,207.35636638666668,0.0,207.35636638666668,0.0
A_base,2025-06-21,2025-06-21,16,2025-06-21 02:40:00,2025-06-21 02:50:00,0.4335,2820.5847,0.0,2863.2888,0.0,477.2148,0.0,477.2148,base,base,28,,477.2148,7.117349999999988,0.0,0.0,0.0,2534.0767951668977,2540.482410166898,2538.6363581298606,206.8726158,0.0,0.7117349999999986,206.8726158,0.0,206.8726158,0.0
A_base,2025-06-21,2025-06-21,17,2025-06-21 02:50:00,2025-06-21 03:00:00,0.4357,2936.24,0.0,2706.74,0.0,451.1233333333333,0.0,451.1233333333333,base,base,28,,451.1233333333333,0.0,38.25,0.0,0.0,2540.482410166898,2497.982410166898,2538.6363581298606,196.55443633333329,0.0,4.250000000000002,196.55443633333329,0.0,196.55443633333329,0.0
A_base,2025-06-21,2025-06-21,18,2025-06-21 03:00:00,2025-06-21 03:10:00,0.4374,2920.1894,0.0012,2767.5101,0.0016,461.2514166666666,0.0,461.2514166666666,base,base,28,,461.2514166666666,0.0,25.446616666666728,0.0,0.0,2497.982410166898,2469.70839164838,2538.6363581298606,201.75136965,0.0,2.8274018518518598,201.75136965,0.0,201.75136965,0.0
A_base,2025-06-21,2025-06-21,19,2025-06-21 03:10:00,2025-06-21 03:20:00,0.4371,2951.0328,0.0,2826.5835,0.0,471.09725,0.0,471.09725,base,base,28,,471.09725,0.0,20.74154999999996,0.0,0.0,2469.70839164838,2446.662224981713,2538.6363581298606,205.916607975,0.0,2.3046166666666634,205.91660797499998,0.0,205.91660797499998,0.0
A_base,2025-06-21,2025-06-21,20,2025-06-21 03:20:00,2025-06-21 03:30:00,0.4356,2977.51,0.0,2821.38,0.0,470.23,0.0,470.23,base,base,28,,470.23,0.0,26.021666666666647,0.0,0.0,2446.662224981713,2417.74926201875,2538.6363581298606,204.832188,0.0,2.8912962962962956,204.832188,0.0,204.832188,0.0
A_base,2025-06-21,2025-06-21,21,2025-06-21 03:30:00,2025-06-21 03:40:00,0.4353,2780.298,0.0162,2923.502,0.0221,487.24664999999993,0.0,487.24664999999993,base,base,28,,487.24664999999993,23.86635000000001,0.0,0.0,0.0,2417.74926201875,2439.22897701875,2538.6363581298606,212.098466745,0.0,2.3866350000000005,212.09846674499997,0.0,212.09846674499997,0.0
A_base,2025-06-21,2025-06-21,22,2025-06-21 03:40:00,2025-06-21 03:50:00,0.436,2728.3059,0.0,2996.6877,0.0,499.44795,0.0,499.44795,base,base,28,,499.44795,44.73030000000006,0.0,0.0,0.0,2439.22897701875,2479.48624701875,2538.6363581298606,217.7593062,0.0,4.473030000000005,217.7593062,0.0,217.7593062,0.0
A_base,2025-06-21,2025-06-21,23,2025-06-21 03:50:00,2025-06-21 04:00:00,0.4378,2862.19,0.0,2885.8,0.0,480.9666666666667,0.0,480.9666666666667,base,base,28,,480.9666666666667,3.935000000000059,0.0,0.0,0.0,2479.48624701875,2483.0277470187502,2538.6363581298606,210.5672066666667,0.0,0.39350000000000585,210.5672066666667,0.0,210.5672066666667,0.0
A_base,2025-06-21,2025-06-21,24,2025-06-21 04:00:00,2025-06-21 04:10:00,0.4401,2845.9182,0.2263,2608.6737,0.3079,434.7276333333333,0.0,434.7276333333333,base,base,28,,434.7276333333333,0.0,39.554350000000056,0.0,0.0,2483.0277470187502,2439.0784692409725,2538.6363581298606,191.32363143,0.0,4.394927777777786,191.32363142999998,0.0,191.32363142999998,0.0
A_base,2025-06-21,2025-06-21,25,2025-06-21 04:10:00,2025-06-21 04:20:00,0.4389,2748.951,0.0,2602.2534,0.0,433.7089,0.0,433.7089,base,base,28,,433.7089,0.0,24.449600000000032,0.0,0.0,2439.0784692409725,2411.9122470187503,2538.6363581298606,190.35483621,0.0,2.716622222222227,190.35483621000003,0.0,190.35483621000003,0.0
A_base,2025-06-21,2025-06-21,26,2025-06-21 04:20:00,2025-06-21 04:30:00,0.4364,2677.31,0.0,2799.89,0.0,466.6483333333333,0.0,466.6483333333333,base,base,28,,466.6483333333333,20.430000000000007,0.0,0.0,0.0,2411.9122470187503,2430.2992470187505,2538.6363581298606,203.64533266666663,0.0,2.043,203.64533266666666,0.0,203.64533266666666,0.0
A_base,2025-06-21,2025-06-21,27,2025-06-21 04:30:00,2025-06-21 04:40:00,0.4393,2660.8713,3.1516,2720.8463,4.2881,452.7597,0.0,452.7597,base,base,28,,452.7597,9.806416666666678,0.0,0.0,0.0,2430.2992470187505,2439.1250220187503,2538.6363581298606,198.89733621,0.0,0.9806416666666675,198.89733621000002,0.0,198.89733621000002,0.0
A_base,2025-06-21,2025-06-21,28,2025-06-21 04:40:00,2025-06-21 04:50:00,0.4422,2702.3205,0.0,2641.2198,0.0,440.2033,0.0,440.2033,base,base,28,,440.2033,0.0,10.183449999999992,0.0,0.0,2439.1250220187503,2427.810077574306,2538.6363581298606,194.65789926,0.0,1.131494444444444,194.65789926,0.0,194.65789926,0.0
A_base,2025-06-21,2025-06-21,29,2025-06-21 04:50:00,2025-06-21 05:00:00,0.4395,2732.32,7.275,2632.74,8.7375,437.3337499999999,0.0,437.3337499999999,base,base,28,,437.3337499999999,0.0,16.840416666666783,0.0,0.0,2427.810077574306,2409.098503500232,2538.6363581298606,192.20818312499995,0.0,1.8711574074074213,192.20818312499995,0.0,192.20818312499995,0.0
A_base,2025-06-21,2025-06-21,30,2025-06-21 05:00:00,2025-06-21 05:10:00,0.4333,2664.7178,116.7655,2502.539,152.8995,391.6065833333333,0.0,391.6065833333333,base,base,28,,391.6065833333333,0.0,33.0521333333333,0.0,0.0,2409.098503500232,2372.373910907639,2538.6363581298606,169.68313255833334,0.0,3.6724592592592575,169.6831325583333,0.0,169.6831325583333,0.0
A_base,2025-06-21,2025-06-21,31,2025-06-21 05:10:00,2025-06-21 05:20:00,0.4439,2606.871,263.9703,2578.8036,339.8186,373.1641666666667,0.0,373.1641666666667,base,base,28,,373.1641666666667,0.0,17.319283333333317,0.0,0.0,2372.373910907639,2353.130262759491,2538.6363581298606,165.64757358333335,0.0,1.9243648148148138,165.64757358333335,0.0,165.64757358333335,0.0
A_base,2025-06-21,2025-06-21,32,2025-06-21 05:20:00,2025-06-21 05:30:00,0.4301,2642.15,417.075,2833.56,525.2625,384.71625,0.0,384.71625,base,base,28,,384.71625,13.870416666666586,0.0,0.0,0.0,2353.130262759491,2365.6136377594908,2538.6363581298606,165.46645912499997,0.0,1.3870416666666583,165.466459125,0.0,165.466459125,0.0
A_base,2025-06-21,2025-06-21,33,2025-06-21 05:30:00,2025-06-21 05:40:00,0.3713,2745.0641,587.5961,2871.5102,736.5288,355.8302333333333,0.0,355.8302333333333,base,base,28,,743.2988066046811,383.7208066046811,0.0,0.0,0.0,2365.6136377594908,2710.962363703704,2887.3580740740736,275.9868468923181,0.0,38.3720806604681,275.9868468923181,0.0,275.9868468923181,0.0
A_base,2025-06-21,2025-06-21,34,2025-06-21 05:40:00,2025-06-21 05:50:00,0.5708,2758.042,735.8325,2789.4328,959.2791,305.0256166666667,0.0,305.0256166666667,base,base,28,,0.0,0.0,337.0349166666666,0.0,0.0,2710.962363703704,2336.479122962963,2548.4407222222217,0.0,0.0,37.44832407407409,0.0,0.0,0.0,0.0
A_base,2025-06-21,2025-06-21,35,2025-06-21 05:50:00,2025-06-21 06:00:00,0.9099,2741.64,890.7,2768.88,1180.05,264.805,0.0,264.805,base,base,28,,0.0,0.0,308.48999999999995,0.0,0.0,2336.479122962963,1993.7124562962963,2254.212944444444,0.0,0.0,34.27666666666668,0.0,0.0,0.0,0.0
A_base,2025-06-21,2025-06-21,36,2025-06-21 06:00:00,2025-06-21 06:10:00,0.9368,2888.7304,1136.9554,2863.8437,1397.0577,244.4643333333333,0.0,244.4643333333333,base,base,28,,0.0,0.0,291.9625,0.0,0.0,1993.7124562962963,1669.3096785185187,1982.5859074074071,0.0,0.0,32.44027777777779,0.0,0.0,0.0,0.0
A_base,2025-06-21,2025-06-21,37,2025-06-21 06:10:00,2025-06-21 06:20:00,0.8758,2932.231,1453.4028,2808.6146,1606.6151,200.33325,0.0,200.33325,base,base,28,,0.0,0.0,246.47136666666668,0.0,0.0,1669.3096785185187,1395.452604444445,1759.9934074074072,0.0,0.0,27.38570740740742,0.0,0.0,0.0,0.0
A_base,2025-06-21,2025-06-21,38,2025-06-21 06:20:00,2025-06-21 06:30:00,0.8759,2764.02,1765.9125,2621.69,1807.2,135.7483333333333,0.0,135.7483333333333,base,base,28,,0.0,0.0,166.35125,0.0,0.0,1395.452604444445,1210.6178822222223,1609.1619259259255,0.0,0.0,18.48347222222223,0.0,0.0,0.0,0.0
A_base,2025-06-21,2025-06-21,39,2025-06-21 06:30:00,2025-06-21 06:40:00,0.8601,2606.6137,2022.3026,2617.437,2000.3548,102.8470333333333,0.0,102.8470333333333,base,base,28,,0.0,0.0,9.55609400000028,87.82908933333303,0.0,1210.6178822222223,1200.0,1494.8874444444443,0.0,377.7089986779987,1.0617882222222539,0.0,377.70899867799864,377.70899867799864,377.70899867799864
A_base,2025-06-21,2025-06-21,40,2025-06-21 06:40:00,2025-06-21 06:50:00,0.8442,2867.7649,2350.4923,2834.3885,2192.9589,106.90493333333332,0.0,106.90493333333332,base,base,28,,0.0,0.0,0.0,86.21210000000004,0.0,1200.0,1200.0,1376.104185185185,0.0,363.90127410000014,0.0,0.0,363.90127410000014,363.90127410000014,363.90127410000014
A_base,2025-06-21,2025-06-21,41,2025-06-21 06:50:00,2025-06-21 07:00:00,0.8334,3304.27,2699.25,3131.11,2488.1625,107.1579166666667,0.0,107.1579166666667,base,base,28,,0.0,0.0,0.0,100.83666666666666,0.0,1200.0,1200.0,1257.0398333333333,0.0,420.18639,0.0,0.0,420.18638999999996,420.18638999999996,420.18638999999996
A_base,2025-06-21,2025-06-21,42,2025-06-21 07:00:00,2025-06-21 07:10:00,0.8092,3254.3169,2874.6231,3294.7013,2986.6862,51.33585000000001,0.0,51.33585000000001,base,base,28,,0.0,0.0,0.0,63.2823,0.0,1200.0,1200.0,1200.0,0.0,256.0401858,0.0,0.0,256.0401858,256.0401858,256.0401858
A_base,2025-06-21,2025-06-21,43,2025-06-21 07:10:00,2025-06-21 07:20:00,0.7972,3137.5948,3006.0287,3261.0929,3412.6444,-25.258583333333338,0.0,-25.258583333333338,base,base,28,,0.0,0.0,0.0,21.92768333333333,0.0,1200.0,1200.0,1200.0,0.0,87.40374576666667,0.0,0.0,87.40374576666666,87.40374576666666,87.40374576666666
A_base,2025-06-21,2025-06-21,44,2025-06-21 07:20:00,2025-06-21 07:30:00,0.7644,3174.85,3224.8875,3155.75,3690.2625,-89.08541666666663,0.0,-89.08541666666663,base,base,28,,0.0,8.339583333333318,0.0,0.0,0.0,1200.0,1207.505625,1200.0,0.0,0.0,0.8339583333333316,0.0,0.0,0.0,0.0
A_base,2025-06-21,2025-06-21,45,2025-06-21 07:30:00,2025-06-21 07:40:00,0.6899,3159.7263,3537.527,3173.0118,3974.9372,-133.65423333333325,0.0,-133.65423333333325,base,base,28,,0.0,62.96678333333337,0.0,0.0,0.0,1207.505625,1264.17573,1200.0,0.0,0.0,6.296678333333335,0.0,0.0,0.0,0.0
A_base,2025-06-21,2025-06-21,46,2025-06-21 07:40:00,2025-06-21 07:50:00,0.86,3087.5763,3785.3986,3186.3298,4172.0564,-164.28776666666673,0.0,-164.28776666666673,base,base,28,,0.0,116.30371666666665,0.0,0.0,0.0,1264.17573,1368.849075,1200.0,0.0,0.0,11.630371666666662,0.0,0.0,0.0,0.0
A_base,2025-06-21,2025-06-21,47,2025-06-21 07:50:00,2025-06-21 08:00:00,1.1617,3062.36,4003.425,3174.31,4269.825,-182.5858333333333,0.0,-182.5858333333333,base,base,28,,0.0,156.84416666666667,0.0,0.0,0.0,1368.849075,1510.008825,1200.0,0.0,0.0,15.684416666666664,0.0,0.0,0.0,0.0
A_base,2025-06-21,2025-06-21,48,2025-06-21 08:00:00,2025-06-21 08:10:00,1.1683,3162.0197,4334.7324,3235.6404,4385.3882,-191.62463333333332,0.0,-191.62463333333332,base,base,28,,0.0,195.45211666666663,0.0,0.0,0.0,1510.008825,1685.91573,1200.0,0.0,0.0,19.54521166666666,0.0,0.0,0.0,0.0
A_base,2025-06-21,2025-06-21,49,2025-06-21 08:10:00,2025-06-21 08:20:00,1.0956,3160.9922,4441.8035,3211.7119,4557.504,-224.29868333333332,0.0,-224.29868333333332,base,base,28,,0.0,213.46855,0.0,0.0,0.0,1685.91573,1878.037425,1200.0,0.0,0.0,21.346854999999994,0.0,0.0,0.0,0.0
A_base,2025-06-21,2025-06-21,50,2025-06-21 08:20:00,2025-06-21 08:30:00,1.0849,3037.59,4358.7,3117.03,4806.1125,-281.51375,0.0,-281.51375,base,base,28,,0.0,220.18499999999997,0.0,0.0,0.0,1878.037425,2076.203925,1200.0,0.0,0.0,22.018499999999992,0.0,0.0,0.0,0.0
A_base,2025-06-21,2025-06-21,51,2025-06-21 08:30:00,2025-06-21 08:40:00,1.061,3030.9974,4479.895,3160.411,5092.0224,-321.93523333333326,0.0,-321.93523333333326,base,base,28,,0.0,241.48293333333336,0.0,0.0,0.0,2076.203925,2293.538565,1200.0,0.0,0.0,24.14829333333333,0.0,0.0,0.0,0.0
A_base,2025-06-21,2025-06-21,52,2025-06-21 08:40:00,2025-06-21 08:50:00,1.043,3289.939,4668.5166,3366.9129,5152.4772,-297.59405000000004,0.0,-297.59405000000004,base,base,28,,0.0,229.7629333333333,0.0,0.0,0.0,2293.538565,2500.325205,1200.0,0.0,0.0,22.976293333333327,0.0,0.0,0.0,0.0
A_base,2025-06-21,2025-06-21,53,2025-06-21 08:50:00,2025-06-21 09:00:00,1.036,3650.62,4746.075,3644.16,5183.1,-256.49000000000007,0.0,-256.49000000000007,base,base,28,,0.0,182.5758333333333,0.0,0.0,0.0,2500.325205,2664.6434549999994,1200.0,0.0,0.0,18.257583333333326,0.0,0.0,0.0,0.0
A_base,2025-06-21,2025-06-21,54,2025-06-21 09:00:00,2025-06-21 09:10:00,1.0147,3785.9011,4746.9534,3852.5107,5602.4247,-291.6523333333333,0.0,-291.6523333333333,base,base,28,,0.0,160.17538333333337,0.0,0.0,0.0,2664.6434549999994,2808.8013,1200.0,0.0,0.0,16.017538333333334,0.0,0.0,0.0,0.0
A_base,2025-06-21,2025-06-21,55,2025-06-21 09:10:00,2025-06-21 09:20:00,0.9922,3849.6183,5139.4381,3939.4047,5705.744,-294.3898833333333,0.0,-294.3898833333333,base,base,28,,0.0,214.9699666666667,0.0,0.0,0.0,2808.8013,3002.27427,1200.0,0.0,0.0,21.496996666666664,0.0,0.0,0.0,0.0
A_base,2025-06-21,2025-06-21,56,2025-06-21 09:20:00,2025-06-21 09:30:00,0.97,3824.6,5794.3125,3890.66,5464.2375,-262.2629166666667,0.0,-262.2629166666667,base,base,28,,0.0,328.28541666666666,0.0,0.0,0.0,3002.27427,3297.731145,1200.0,0.0,0.0,32.82854166666666,0.0,0.0,0.0,0.0
A_base,2025-06-21,2025-06-21,57,2025-06-21 09:30:00,2025-06-21 09:40:00,0.9422,3582.3586,6109.068,3743.0588,5592.3571,-308.2163833333334,0.0,-308.2163833333334,base,base,28,,0.0,421.11823333333336,0.0,0.0,0.0,3297.731145,3676.737555,1200.0,0.0,0.0,42.11182333333333,0.0,0.0,0.0,0.0
A_base,2025-06-21,2025-06-21,58,2025-06-21 09:40:00,2025-06-21 09:50:00,0.9569,3687.9447,6385.1018,3668.9743,5934.8802,-377.6509833333333,0.0,-377.6509833333333,base,base,28,,0.0,449.5261833333334,0.0,0.0,0.0,3676.737555,4081.31112,1200.0,0.0,0.0,44.95261833333333,0.0,0.0,0.0,0.0
A_base,2025-06-21,2025-06-21,59,2025-06-21 09:50:00,2025-06-21 10:00:00,0.9977,4000.14,6643.5375,3763.84,6259.5,-415.94333333333327,0.0,-415.94333333333327,base,base,28,,0.0,440.5662500000001,0.0,0.0,0.0,4081.31112,4477.820745,1199.9999999999998,0.0,0.0,44.056625,0.0,0.0,0.0,0.0
A_base,2025-06-21,2025-06-21,60,2025-06-21 10:00:00,2025-06-21 10:10:00,0.9919,3826.1041,6589.8893,3940.9272,6487.3724,-424.4075333333333,0.0,-424.4075333333333,base,base,28,,0.0,460.6308666666666,0.0,0.0,0.0,4477.820745,4892.388525,1200.0,0.0,0.0,46.06308666666665,0.0,0.0,0.0,0.0
A_base,2025-06-21,2025-06-21,61,2025-06-21 10:10:00,2025-06-21 10:20:00,0.9588,3761.4976,6695.6004,3851.4805,6558.8571,-451.2294333333333,0.0,-451.2294333333333,base,base,28,,0.0,489.0171333333333,0.0,0.0,0.0,4892.388525,5332.503945,1200.0,0.0,0.0,48.90171333333332,0.0,0.0,0.0,0.0
A_base,2025-06-21,2025-06-21,62,2025-06-21 10:20:00,2025-06-21 10:30:00,0.9549,3901.91,7000.9875,3627.76,6622.0125,-499.04208333333327,0.0,-499.04208333333327,base,base,28,,0.0,516.5129166666667,0.0,0.0,0.0,5332.503945,5797.36557,1199.9999999999998,0.0,0.0,51.65129166666666,0.0,0.0,0.0,0.0
A_base,2025-06-21,2025-06-21,63,2025-06-21 10:30:00,2025-06-21 10:40:00,0.9839,3726.7535,7093.8409,3731.9048,6889.2348,-526.2216666666667,0.0,-526.2216666666667,base,base,28,,0.0,561.1812333333334,0.0,0.0,0.0,5797.36557,6302.42868,1199.999999999999,0.0,0.0,56.11812333333332,0.0,0.0,0.0,0.0
A_base,2025-06-21,2025-06-21,64,2025-06-21 10:40:00,2025-06-21 10:50:00,0.799,3565.5609,7243.1188,3783.4133,7030.3159,-541.1504333333332,0.0,-541.1504333333332,base,base,28,,0.0,612.9263166666667,0.0,0.0,0.0,6302.42868,6854.062365,1288.125795000001,0.0,0.0,61.29263166666666,0.0,0.0,0.0,0.0
A_base,2025-06-21,2025-06-21,65,2025-06-21 10:50:00,2025-06-21 11:00:00,0.5025,3679.21,7400.1,3618.92,6992.85,-562.3216666666667,0.0,-562.3216666666667,base,base,28,,0.0,620.1483333333333,0.0,0.0,0.0,6854.062365,7412.195865,1288.125795000001,0.0,0.0,62.014833333333314,0.0,0.0,0.0,0.0
A_base,2025-06-21,2025-06-21,66,2025-06-21 11:00:00,2025-06-21 11:10:00,0.4662,3945.6166,7306.5816,3481.824,7042.9006,-593.5127666666666,0.0,-593.5127666666666,base,base,28,,0.0,560.1608333333334,0.0,0.0,0.0,7412.195865,7916.340615,1288.1257950000015,0.0,0.0,56.01608333333332,0.0,0.0,0.0,0.0
A_base,2025-06-21,2025-06-21,67,2025-06-21 11:10:00,2025-06-21 11:20:00,0.5007,3900.6403,7782.8954,3500.7818,7067.4755,-594.4489499999999,0.0,-594.4489499999999,base,base,28,,0.0,647.0425166666666,0.0,0.0,0.0,7916.340615,8498.67888,1823.1298500000016,0.0,0.0,64.70425166666665,0.0,0.0,0.0,0.0
A_base,2025-06-21,2025-06-21,68,2025-06-21 11:20:00,2025-06-21 11:30:00,0.4827,3645.76,8490.225,3619.72,7078.8,-576.5133333333333,0.0,-576.5133333333333,base,base,28,,0.0,807.4108333333334,0.0,0.0,0.0,8498.67888,9225.34863,2341.9918500000017,0.0,0.0,80.74108333333332,0.0,0.0,0.0,0.0
A_base,2025-06-21,2025-06-21,69,2025-06-21 11:30:00,2025-06-21 11:40:00,0.4785,3705.1427,8180.7164,3676.5508,7189.044,-585.4155333333333,0.0,-585.4155333333333,base,base,28,,0.0,745.9289500000001,0.0,0.0,0.0,9225.34863,9896.684685,2868.8658300000016,0.0,0.0,74.592895,0.0,0.0,0.0,0.0
A_base,2025-06-21,2025-06-21,70,2025-06-21 11:40:00,2025-06-21 11:50:00,0.4662,3724.3133,7677.6706,3689.0127,7033.8841,-557.4785666666667,0.0,-557.4785666666667,base,base,28,,0.0,658.8928833333334,0.0,0.0,0.0,9896.684685,10489.68828,3370.5965400000014,0.0,0.0,65.88928833333333,0.0,0.0,0.0,0.0
A_base,2025-06-21,2025-06-21,71,2025-06-21 11:50:00,2025-06-21 12:00:00,0.4432,3631.08,7665.1125,3693.53,6626.2125,-488.78041666666655,0.0,-488.78041666666655,base,base,28,,0.0,344.79079999999965,0.0,0.0,327.5479500000004,10489.68828,10800.0,3810.498915000001,0.0,0.0,34.47907999999996,0.0,0.0,0.0,0.0
A_base,2025-06-21,2025-06-21,72,2025-06-21 12:00:00,2025-06-21 12:10:00,0.4411,3735.5415,8044.2631,3700.2899,6414.5524,-452.3770833333332,0.0,-452.3770833333332,base,base,28,,0.0,0.0,0.0,0.0,718.1202666666668,10800.0,10800.0,4217.638290000001,0.0,0.0,0.0,0.0,0.0,0.0,0.0
A_base,2025-06-21,2025-06-21,73,2025-06-21 12:10:00,2025-06-21 12:20:00,0.4551,3852.2352,8300.9755,3725.1955,6580.7353,-475.9233,0.0,-475.9233,base,base,28,,0.0,0.0,0.0,0.0,741.4567166666667,10800.0,10800.0,4645.969260000001,0.0,0.0,0.0,0.0,0.0,0.0,0.0
A_base,2025-06-21,2025-06-21,74,2025-06-21 12:20:00,2025-06-21 12:30:00,0.4463,3928.56,8383.0125,3761.52,6916.125,-525.7674999999999,0.0,-525.7674999999999,base,base,28,,0.0,0.0,0.0,0.0,742.4087500000002,10800.0,10800.0,5119.1600100000005,0.0,0.0,0.0,0.0,0.0,0.0,0.0
A_base,2025-06-21,2025-06-21,75,2025-06-21 12:30:00,2025-06-21 12:40:00,0.4113,4059.9044,8605.7877,3780.9427,6997.9126,-536.1616499999999,0.0,-536.1616499999999,base,base,28,,0.0,0.0,0.0,0.0,757.6472166666668,10800.0,10800.0,5601.705495,0.0,0.0,0.0,0.0,0.0,0.0,0.0
A_base,2025-06-21,2025-06-21,76,2025-06-21 12:40:00,2025-06-21 12:50:00,0.5682,3912.5928,8542.7209,3768.4578,6828.0916,-509.9389666666666,0.0,-509.9389666666666,base,base,28,,0.0,0.0,0.0,0.0,771.6880166666666,10800.0,10800.0,6060.650565,0.0,0.0,0.0,0.0,0.0,0.0,0.0
A_base,2025-06-21,2025-06-21,77,2025-06-21 12:50:00,2025-06-21 13:00:00,0.8279,3688.01,8049.6,3763.37,6705.9,-490.4216666666666,0.0,-490.4216666666666,base,base,28,,0.0,0.0,0.0,0.0,726.9316666666666,10800.0,10800.0,6502.030065,0.0,0.0,0.0,0.0,0.0,0.0,0.0
A_base,2025-06-21,2025-06-21,78,2025-06-21 13:00:00,2025-06-21 13:10:00,0.8636,3910.4683,7493.4162,3817.3428,6883.7552,-511.0687333333333,0.0,-511.0687333333333,base,base,28,,0.0,0.0,0.0,0.0,597.1579833333333,10800.0,10800.0,6961.991925,0.0,0.0,0.0,0.0,0.0,0.0,0.0
A_base,2025-06-21,2025-06-21,79,2025-06-21 13:10:00,2025-06-21 13:20:00,0.8416,3862.6154,7354.9231,3834.9581,6717.4275,-480.41156666666666,0.0,-480.41156666666666,base,base,28,,0.0,0.0,0.0,0.0,582.0512833333332,10800.0,10800.0,7394.362335,0.0,0.0,0.0,0.0,0.0,0.0,0.0
A_base,2025-06-21,2025-06-21,80,2025-06-21 13:20:00,2025-06-21 13:30:00,0.8618,3589.29,7340.8875,3827.67,6265.05,-406.23,0.0,-406.23,base,base,28,,0.0,0.0,0.0,0.0,625.2662499999999,10800.0,10800.0,7759.969335,0.0,0.0,0.0,0.0,0.0,0.0,0.0
A_base,2025-06-21,2025-06-21,81,2025-06-21 13:30:00,2025-06-21 13:40:00,0.8623,3849.2221,6714.7449,3893.2639,6241.1191,-391.3092,0.0,-391.3092,base,base,28,,0.0,0.0,0.0,0.0,477.58713333333327,10800.0,10800.0,8112.147615,0.0,0.0,0.0,0.0,0.0,0.0,0.0
A_base,2025-06-21,2025-06-21,82,2025-06-21 13:40:00,2025-06-21 13:50:00,0.9026,3978.2382,6127.755,3906.2985,6290.4161,-397.3529333333334,0.0,-397.3529333333334,base,base,28,,0.0,0.0,0.0,0.0,358.25280000000004,10800.0,10800.0,8469.765255,0.0,0.0,0.0,0.0,0.0,0.0,0.0
A_base,2025-06-21,2025-06-21,83,2025-06-21 13:50:00,2025-06-21 14:00:00,0.9754,3861.85,5956.2,3871.55,6216.3,-390.7916666666666,0.0,-390.7916666666666,base,base,28,,0.0,0.0,0.0,0.0,349.0583333333333,10800.0,10800.0,8821.477755,0.0,0.0,0.0,0.0,0.0,0.0,0.0
A_base,2025-06-21,2025-06-21,84,2025-06-21 14:00:00,2025-06-21 14:10:00,1.0002,4047.8905,5941.7978,3911.3368,6181.434,-378.3495333333333,0.0,-378.3495333333333,base,base,28,,0.0,0.0,0.0,0.0,315.6512166666667,10800.0,10800.0,9161.992335,0.0,0.0,0.0,0.0,0.0,0.0,0.0
A_base,2025-06-21,2025-06-21,85,2025-06-21 14:10:00,2025-06-21 14:20:00,0.9978,4095.2281,5827.294,3878.1365,6047.9156,-361.62985,0.0,-361.62985,base,base,28,,0.0,0.0,0.0,0.0,288.67765,10800.0,10800.0,9487.4592,0.0,0.0,0.0,0.0,0.0,0.0,0.0
A_base,2025-06-21,2025-06-21,86,2025-06-21 14:20:00,2025-06-21 14:30:00,1.0271,4007.39,5738.1375,3792.1,5758.5375,-327.73958333333337,0.0,-327.73958333333337,base,base,28,,0.0,0.0,0.0,0.0,288.4579166666666,10800.0,10800.0,9782.424825,0.0,0.0,0.0,0.0,0.0,0.0,0.0
A_base,2025-06-21,2025-06-21,87,2025-06-21 14:30:00,2025-06-21 14:40:00,1.0906,4227.0513,5964.2607,3849.9288,5455.4133,-267.58075,0.0,-267.58075,base,base,28,,0.0,0.0,0.0,0.0,289.53489999999994,10800.0,10800.0,10023.2475,0.0,0.0,0.0,0.0,0.0,0.0,0.0
A_base,2025-06-21,2025-06-21,88,2025-06-21 14:40:00,2025-06-21 14:50:00,0.9376,4182.4486,5979.2451,4004.3225,5412.6767,-234.7257,0.0,-234.7257,base,base,28,,0.0,0.0,0.0,0.0,299.46608333333336,10800.0,10800.0,10234.50063,0.0,0.0,0.0,0.0,0.0,0.0,0.0
A_base,2025-06-21,2025-06-21,89,2025-06-21 14:50:00,2025-06-21 15:00:00,0.6694,3879.68,5680.4625,4111.94,5418.3,-217.72666666666677,0.0,-217.72666666666677,base,base,28,,0.0,0.0,0.0,0.0,300.13041666666663,10800.0,10800.0,10430.454629999998,0.0,0.0,0.0,0.0,0.0,0.0,0.0
A_base,2025-06-21,2025-06-21,90,2025-06-21 15:00:00,2025-06-21 15:10:00,0.66,3916.2335,5457.1539,4048.532,5001.8274,-158.88256666666666,0.0,-158.88256666666666,base,base,28,,0.0,0.0,0.0,0.0,256.8200666666667,10800.0,10800.0,10573.448939999998,0.0,0.0,0.0,0.0,0.0,0.0,0.0
A_base,2025-06-21,2025-06-21,91,2025-06-21 15:10:00,2025-06-21 15:20:00,0.7217,3924.3398,5153.0688,3899.0665,4697.3994,-133.05548333333337,0.0,-133.05548333333337,base,base,28,,0.0,0.0,0.0,0.0,204.78816666666663,10800.0,10800.0,10693.198874999998,0.0,0.0,0.0,0.0,0.0,0.0,0.0
A_base,2025-06-21,2025-06-21,92,2025-06-21 15:20:00,2025-06-21 15:30:00,0.7308,3875.5,4811.1,3872.03,4584.0375,-118.66791666666668,0.0,-118.66791666666668,base,base,28,,0.0,0.0,0.0,0.0,155.9333333333334,10800.0,10800.0,10799.999999999998,0.0,0.0,0.0,0.0,0.0,0.0,0.0
A_base,2025-06-21,2025-06-21,93,2025-06-21 15:30:00,2025-06-21 15:40:00,0.7534,4137.0155,4680.9532,4110.3626,4217.3348,-17.828699999999873,0.0,-17.828699999999873,base,base,28,,0.0,0.0,0.0,0.0,90.65628333333323,10800.0,10800.0,10800.0,0.0,0.0,0.0,0.0,0.0,0.0,0.0
A_base,2025-06-21,2025-06-21,94,2025-06-21 15:40:00,2025-06-21 15:50:00,0.7823,4317.2602,4481.2341,4232.824,3892.0797,56.79071666666664,0.0,56.79071666666664,base,base,28,,56.79071666666664,0.0,0.0,0.0,84.11969999999997,10800.0,10800.0,10800.0,44.42737764833331,0.0,0.0,44.42737764833331,0.0,44.42737764833331,0.0
A_base,2025-06-21,2025-06-21,95,2025-06-21 15:50:00,2025-06-21 16:00:00,0.8055,4217.43,4055.4,4214.01,3756.6375,76.22875000000006,0.0,76.22875000000006,base,base,28,,76.22875000000006,0.0,0.0,0.0,49.22375000000003,10800.0,10800.0,10800.0,61.40225812500005,0.0,0.0,61.40225812500005,0.0,61.40225812500005,0.0
A_base,2025-06-21,2025-06-21,96,2025-06-21 16:00:00,2025-06-21 16:10:00,0.8271,4034.2858,3562.8565,4333.1906,3624.4529,118.12294999999996,0.0,118.12294999999996,base,base,28,,118.12294999999996,0.0,0.0,0.0,39.55139999999992,10800.0,10800.0,10800.0,97.69949194499996,0.0,0.0,97.69949194499996,0.0,97.69949194499996,0.0
A_base,2025-06-21,2025-06-21,97,2025-06-21 16:10:00,2025-06-21 16:20:00,0.8519,3980.7146,3361.4888,4174.9277,3335.8463,139.8469,0.0,139.8469,base,base,28,,139.8469,0.0,0.0,0.0,36.64260000000006,10800.0,10800.0,10800.0,119.13557411,0.0,0.0,119.13557411000001,0.0,119.13557411000001,0.0
A_base,2025-06-21,2025-06-21,98,2025-06-21 16:20:00,2025-06-21 16:30:00,0.8791,4042.02,3406.575,3991.85,2977.575,169.04583333333335,0.0,169.04583333333335,base,base,28,,169.04583333333335,0.0,0.0,0.0,63.13833333333332,10800.0,10800.0,10800.0,148.60819208333334,0.0,0.0,148.60819208333334,0.0,148.60819208333334,0.0
A_base,2025-06-21,2025-06-21,99,2025-06-21 16:30:00,2025-06-21 16:40:00,0.9024,3983.774,3291.2298,4411.5054,2767.3411,274.0273833333333,0.0,274.0273833333333,base,base,28,,274.0273833333333,0.0,0.0,0.0,158.60335000000003,10800.0,10800.0,10800.0,247.28231072,0.0,0.0,247.28231071999997,0.0,247.28231071999997,0.0
A_base,2025-06-21,2025-06-21,100,2025-06-21 16:40:00,2025-06-21 16:50:00,0.9163,3621.8931,2964.175,4246.9867,2513.51,288.9127833333333,0.0,288.9127833333333,base,base,28,,288.9127833333333,0.0,0.0,0.0,179.29310000000007,10800.0,10800.0,10800.0,264.73078336833333,0.0,0.0,264.73078336833333,0.0,264.73078336833333,0.0
A_base,2025-06-21,2025-06-21,101,2025-06-21 16:50:00,2025-06-21 17:00:00,0.9264,3240.3,2623.6125,3538.36,2166.4875,228.64541666666665,0.0,228.64541666666665,base,base,28,,228.64541666666665,0.0,0.0,0.0,125.86416666666663,10800.0,10800.0,10800.0,211.817114,0.0,0.0,211.81711399999998,0.0,211.81711399999998,0.0
A_base,2025-06-21,2025-06-21,102,2025-06-21 17:00:00,2025-06-21 17:10:00,0.9462,3335.0072,2479.2426,3542.8764,1892.5968,275.0466,0.0,275.0466,base,base,28,,275.0466,0.0,0.0,0.0,132.41916666666668,10800.0,10800.0,10800.0,260.24909292,0.0,0.0,260.24909292,0.0,260.24909292,0.0
A_base,2025-06-21,2025-06-21,103,2025-06-21 17:10:00,2025-06-21 17:20:00,0.9742,3462.6248,2185.8548,3659.3145,1730.908,321.4010833333333,0.0,321.4010833333333,base,base,28,,321.4010833333333,0.0,0.0,0.0,108.60608333333332,10800.0,10800.0,10800.0,313.1089353833333,0.0,0.0,313.1089353833333,0.0,313.1089353833333,0.0
A_base,2025-06-21,2025-06-21,104,2025-06-21 17:20:00,2025-06-21 17:30:00,0.9862,3484.27,1750.4625,3539.76,1616.475,320.5475,0.0,320.5475,base,base,28,,320.5475,0.0,0.0,0.0,31.579583333333403,10800.0,10800.0,10800.0,316.1239445,0.0,0.0,316.1239445,0.0,316.1239445,0.0
A_base,2025-06-21,2025-06-21,105,2025-06-21 17:30:00,2025-06-21 17:40:00,0.976,3649.2081,1528.3871,3489.1585,1447.3721,340.2977333333333,0.0,340.2977333333333,base,base,28,,340.2977333333333,0.0,13.172433333333288,0.0,0.0,10800.0,10785.363962962963,10800.0,332.1305877333333,0.0,1.4636037037036993,332.1305877333333,0.0,332.1305877333333,0.0
A_base,2025-06-21,2025-06-21,106,2025-06-21 17:40:00,2025-06-21 17:50:00,1.0742,3604.3529,1310.4274,3482.0899,1250.3672,371.9537833333334,0.0,371.9537833333334,base,base,28,,371.9537833333334,0.0,10.367133333333244,0.0,0.0,10785.363962962963,10773.844925925929,10800.0,399.55275405666674,0.0,1.1519037037036943,399.55275405666674,0.0,399.55275405666674,0.0
A_base,2025-06-21,2025-06-21,107,2025-06-21 17:50:00,2025-06-21 18:00:00,1.2313,3349.51,1034.1,3497.41,1054.575,407.13916666666665,0.0,407.13916666666665,base,base,28,,407.13916666666665,21.237499999999955,0.0,0.0,0.0,10773.844925925929,10792.958675925927,10800.0,501.3104559166667,0.0,2.123749999999995,501.3104559166667,0.0,501.3104559166667,0.0
A_base,2025-06-21,2025-06-21,108,2025-06-21 18:00:00,2025-06-21 18:10:00,1.2561,3274.4828,860.3286,3573.5938,854.5608,453.1721666666667,0.0,453.1721666666667,base,base,28,,0.0,0.0,402.3590333333333,0.0,0.0,10792.958675925927,10345.893083333334,10296.47537037037,0.0,0.0,44.70655925925927,0.0,0.0,0.0,0.0
A_base,2025-06-21,2025-06-21,109,2025-06-21 18:10:00,2025-06-21 18:20:00,1.2447,3297.0032,677.2547,3613.6869,631.3856,497.0502166666666,0.0,497.0502166666666,base,base,28,,497.0502166666666,60.42546666666664,0.0,0.0,0.0,10345.893083333334,10400.276003333334,10296.47537037037,618.6784046849999,0.0,6.042546666666662,618.6784046849998,0.0,618.6784046849998,0.0
A_base,2025-06-21,2025-06-21,110,2025-06-21 18:20:00,2025-06-21 18:30:00,1.2545,3342.79,452.7,3620.91,416.1,534.135,0.0,534.135,base,base,28,,0.0,0.0,481.6816666666667,0.0,0.0,10400.276003333334,9865.074151481482,9702.992037037036,0.0,0.0,53.52018518518521,0.0,0.0,0.0,0.0
A_base,2025-06-21,2025-06-21,111,2025-06-21 18:30:00,2025-06-21 18:40:00,1.2522,3456.8314,276.0564,3681.3967,264.4096,569.49785,0.0,569.49785,base,base,28,,332.8769333333323,0.0,197.2522333333343,0.0,0.0,9865.074151481482,9645.905003333331,9440.079907407406,416.8284959199987,0.0,21.91691481481493,416.8284959199987,0.0,416.8284959199987,0.0
A_base,2025-06-21,2025-06-21,112,2025-06-21 18:40:00,2025-06-21 18:50:00,1.2881,3634.5648,121.8367,3682.0144,122.7855,593.2048166666666,0.0,593.2048166666666,base,base,28,,0.0,0.0,585.4546833333334,0.0,0.0,9645.905003333331,8995.39979962963,8780.963444444444,0.0,0.0,65.0505203703704,0.0,0.0,0.0,0.0
A_base,2025-06-21,2025-06-21,113,2025-06-21 18:50:00,2025-06-21 19:00:00,1.3466,3852.72,7.7625,3671.85,6.7875,610.84375,0.0,610.84375,base,base,28,,0.0,0.0,640.82625,0.0,0.0,8995.39979962963,8283.370632962962,8102.248166666666,0.0,0.0,71.2029166666667,0.0,0.0,0.0,0.0
A_base,2025-06-21,2025-06-21,114,2025-06-21 19:00:00,2025-06-21 19:10:00,1.3523,4004.9442,0.0,3806.9784,0.0,634.4964,0.0,634.4964,base,base,28,,0.0,0.0,667.4907,0.0,0.0,8283.370632962962,7541.714299629629,7397.252166666666,0.0,0.0,74.16563333333336,0.0,0.0,0.0,0.0
A_base,2025-06-21,2025-06-21,115,2025-06-21 19:10:00,2025-06-21 19:20:00,1.3445,3706.7434,3.2619,3830.7687,3.5416,637.8711833333333,0.0,637.8711833333333,base,base,28,,0.0,0.0,617.2469166666666,0.0,0.0,7541.714299629629,6855.884392222221,6688.506407407407,0.0,0.0,68.58299074074077,0.0,0.0,0.0,0.0
A_base,2025-06-21,2025-06-21,116,2025-06-21 19:20:00,2025-06-21 19:30:00,1.3483,3293.48,0.0,3686.48,0.0,614.4133333333333,0.0,614.4133333333333,base,base,28,,0.0,0.0,548.9133333333333,0.0,0.0,6855.884392222221,6245.980688518518,6005.8249259259255,0.0,0.0,60.99037037037039,0.0,0.0,0.0,0.0
A_base,2025-06-21,2025-06-21,117,2025-06-21 19:30:00,2025-06-21 19:40:00,1.349,3492.5254,0.0,3569.6441,0.0,594.9406833333333,0.0,594.9406833333333,base,base,28,,0.0,0.0,582.0875666666666,0.0,0.0,6245.980688518518,5599.216725555555,5344.779722222222,0.0,0.0,64.67639629629632,0.0,0.0,0.0,0.0
A_base,2025-06-21,2025-06-21,118,2025-06-21 19:40:00,2025-06-21 19:50:00,1.3473,3490.6667,0.2342,3471.128,0.2543,578.4789499999999,0.0,578.4789499999999,base,base,28,,0.0,0.0,581.73875,0.0,0.0,5599.216725555555,4952.840336666666,4702.025333333333,0.0,0.0,64.63763888888892,0.0,0.0,0.0,0.0
A_base,2025-06-21,2025-06-21,119,2025-06-21 19:50:00,2025-06-21 20:00:00,1.3482,3189.62,0.0,3506.94,0.0,584.49,0.0,584.49,base,base,28,,0.0,0.0,531.6033333333332,0.0,0.0,4952.840336666666,4362.169966296296,4052.592,0.0,0.0,59.06703703703705,0.0,0.0,0.0,0.0
A_base,2025-06-21,2025-06-21,120,2025-06-21 20:00:00,2025-06-21 20:10:00,1.3513,3348.2366,0.0,3809.9315,0.0,634.9885833333333,0.0,634.9885833333333,base,base,28,,0.0,0.0,558.0394333333334,0.0,0.0,4362.169966296296,3742.126151481481,3347.049129629629,0.0,0.0,62.00438148148151,0.0,0.0,0.0,0.0
A_base,2025-06-21,2025-06-21,121,2025-06-21 20:10:00,2025-06-21 20:20:00,1.34,3725.2052,0.0168,3890.9938,0.0183,648.4959166666666,0.0,648.4959166666666,base,base,28,,0.0,0.0,620.8647333333333,0.0,0.0,3742.126151481481,3052.276447777777,2626.498111111111,0.0,0.0,68.9849703703704,0.0,0.0,0.0,0.0
A_base,2025-06-21,2025-06-21,122,2025-06-21 20:20:00,2025-06-21 20:30:00,1.3489,3960.13,0.0,3770.6,0.0,628.4333333333333,0.0,628.4333333333333,base,base,28,,0.0,0.0,660.0216666666666,0.0,0.0,3052.276447777777,2318.9190403703697,1928.238851851852,0.0,0.0,73.33574074074077,0.0,0.0,0.0,0.0
A_base,2025-06-21,2025-06-21,123,2025-06-21 20:30:00,2025-06-21 20:40:00,1.3952,3881.8245,0.0,3932.4898,0.0,655.4149666666666,0.0,655.4149666666666,base,base,28,,0.0,0.0,646.97075,0.0,0.0,2318.9190403703697,1600.0626514814808,1200.0,0.0,0.0,71.88563888888892,0.0,0.0,0.0,0.0
A_base,2025-06-21,2025-06-21,124,2025-06-21 20:40:00,2025-06-21 20:50:00,1.2226,3513.6729,0.0012,4058.333,0.0013,676.3886166666666,0.0,676.3886166666666,base,base,28,,676.3886166666666,90.77666666666664,0.0,0.0,0.0,1600.0626514814808,1681.7616514814808,1200.0,826.9527227366666,0.0,9.077666666666662,826.9527227366666,0.0,826.9527227366666,0.0
A_base,2025-06-21,2025-06-21,125,2025-06-21 20:50:00,2025-06-21 21:00:00,0.9332,3160.32,0.0,3918.77,0.0,653.1283333333333,0.0,653.1283333333333,base,base,28,,653.1283333333333,126.4083333333333,0.0,0.0,0.0,1681.7616514814808,1795.5291514814808,1200.0,609.4993606666667,0.0,12.640833333333328,609.4993606666667,0.0,609.4993606666667,0.0
A_base,2025-06-21,2025-06-21,126,2025-06-21 21:00:00,2025-06-21 21:10:00,0.9068,3214.7106,0.0,3614.0096,0.0,602.3349333333333,0.0,602.3349333333333,base,base,28,,602.3349333333333,66.54983333333337,0.0,0.0,0.0,1795.5291514814808,1855.424001481481,1200.0,546.1973175466667,0.0,6.654983333333336,546.1973175466667,0.0,546.1973175466667,0.0
A_base,2025-06-21,2025-06-21,127,2025-06-21 21:10:00,2025-06-21 21:20:00,0.9371,3489.1029,0.0,3370.7921,0.0,561.7986833333333,0.0,561.7986833333333,base,base,28,,561.7986833333333,0.0,19.718466666666583,0.0,0.0,1855.424001481481,1833.5145940740736,1200.0,526.4615461516667,0.0,2.190940740740732,526.4615461516667,0.0,526.4615461516667,0.0
A_base,2025-06-21,2025-06-21,128,2025-06-21 21:20:00,2025-06-21 21:30:00,0.9371,3713.49,0.0,3342.58,0.0,557.0966666666666,0.0,557.0966666666666,base,base,28,,557.0966666666666,0.0,61.818333333333385,0.0,0.0,1833.5145940740736,1764.8275570370365,1200.0,522.0552863333332,0.0,6.868703703703712,522.0552863333332,0.0,522.0552863333332,0.0
A_base,2025-06-21,2025-06-21,129,2025-06-21 21:30:00,2025-06-21 21:40:00,0.9871,3715.4477,0.0,3493.8805,0.0,582.3134166666666,0.0,582.3134166666666,base,base,28,,582.3134166666666,0.0,36.92786666666666,0.0,0.0,1764.8275570370365,1723.7965940740737,1200.0,574.8015735916666,0.0,4.103096296296298,574.8015735916666,0.0,574.8015735916666,0.0
A_base,2025-06-21,2025-06-21,130,2025-06-21 21:40:00,2025-06-21 21:50:00,0.7764,3460.6768,0.0,3460.6218,0.0,576.7702999999999,0.0,576.7702999999999,base,base,28,,576.7702999999999,0.0,0.0091666666667151,0.0,0.0,1723.7965940740737,1723.7864088888882,1200.0,447.80446092,0.0,0.0010185185185239004,447.80446091999994,0.0,447.80446091999994,0.0
A_base,2025-06-21,2025-06-21,131,2025-06-21 21:50:00,2025-06-21 22:00:00,0.4209,3169.68,0.0,3267.44,0.0,544.5733333333333,0.0,544.5733333333333,base,base,28,,544.5733333333333,16.293333333333294,0.0,0.0,0.0,1723.7864088888882,1738.4504088888882,1200.0,229.210916,0.0,1.629333333333329,229.21091599999997,0.0,229.21091599999997,0.0
A_base,2025-06-21,2025-06-21,132,2025-06-21 22:00:00,2025-06-21 22:10:00,0.3859,3161.2424,0.0,3261.2988,0.0,543.5498,0.0,543.5498,base,base,28,,1376.8831333333333,833.3333333333333,0.0,0.0,16.676066666666657,1738.4504088888882,2488.450408888888,1950.0,531.3392011533333,0.0,83.3333333333333,531.3392011533333,0.0,531.3392011533333,0.0
A_base,2025-06-21,2025-06-21,133,2025-06-21 22:10:00,2025-06-21 22:20:00,0.4368,3268.4465,0.0,3218.1699,0.0,536.3616499999999,0.0,536.3616499999999,base,base,28,,536.3616499999999,0.0,8.379433333333395,0.0,0.0,2488.450408888888,2479.1399274074065,1950.0,234.28276872,0.0,0.9310481481481554,234.28276871999998,0.0,234.28276871999998,0.0
A_base,2025-06-21,2025-06-21,134,2025-06-21 22:20:00,2025-06-21 22:30:00,0.4198,3317.19,0.0,3190.19,0.0,531.6983333333333,0.0,531.6983333333333,base,base,28,,531.6983333333333,0.0,21.166666666666742,0.0,0.0,2479.1399274074065,2455.621408888888,1950.0,223.2069603333333,0.0,2.3518518518518614,223.2069603333333,0.0,223.2069603333333,0.0
A_base,2025-06-21,2025-06-21,135,2025-06-21 22:30:00,2025-06-21 22:40:00,0.4186,3281.0391,0.0,3472.9639,0.0,578.8273166666667,0.0,578.8273166666667,base,base,28,,1232.867714588734,686.0278645887341,0.0,0.0,0.0,2455.621408888888,3073.0464870187484,2538.6363581298606,516.0784253268441,0.0,68.6027864588734,516.0784253268441,0.0,516.0784253268441,0.0
A_base,2025-06-21,2025-06-21,136,2025-06-21 22:40:00,2025-06-21 22:50:00,0.4241,3250.7574,0.0,3653.9269,0.0,608.9878166666666,0.0,608.9878166666666,base,base,28,,608.9878166666666,67.1949166666667,0.0,0.0,0.0,3073.0464870187484,3133.5219120187485,2538.6363581298606,258.2717330483333,0.0,6.719491666666668,258.2717330483333,0.0,258.2717330483333,0.0
A_base,2025-06-21,2025-06-21,137,2025-06-21 22:50:00,2025-06-21 23:00:00,0.4237,3190.39,0.0,3463.23,0.0,577.2049999999999,0.0,577.2049999999999,base,base,28,,577.2049999999999,45.47333333333336,0.0,0.0,0.0,3133.5219120187485,3174.4479120187484,2538.6363581298606,244.5617585,0.0,4.547333333333334,244.56175849999997,0.0,244.56175849999997,0.0
A_base,2025-06-21,2025-06-21,138,2025-06-21 23:00:00,2025-06-21 23:10:00,0.4248,2998.9363,0.0,3048.478,0.0,508.0796666666666,0.0,508.0796666666666,base,base,28,,508.0796666666666,8.256950000000018,0.0,0.0,0.0,3174.4479120187484,3181.8791670187484,2538.6363581298606,215.8322424,0.0,0.8256950000000016,215.83224239999996,0.0,215.83224239999996,0.0
A_base,2025-06-21,2025-06-21,139,2025-06-21 23:10:00,2025-06-21 23:20:00,0.424,2920.9743,0.0,2905.5899,0.0,484.2649833333333,0.0,484.2649833333333,base,base,28,,484.2649833333333,0.0,2.5640666666666334,0.0,0.0,3181.8791670187484,3179.0302040557854,2538.6363581298606,205.3283529333333,0.0,0.2848962962962927,205.32835293333332,0.0,205.32835293333332,0.0
A_base,2025-06-21,2025-06-21,140,2025-06-21 23:20:00,2025-06-21 23:30:00,0.422,2989.3,0.0,3071.94,0.0,511.99,0.0,511.99,base,base,28,,511.99,13.773333333333312,0.0,0.0,0.0,3179.0302040557854,3191.426204055785,2538.6363581298606,216.05978,0.0,1.3773333333333309,216.05978,0.0,216.05978,0.0
A_base,2025-06-21,2025-06-21,141,2025-06-21 23:30:00,2025-06-21 23:40:00,0.424,3024.571,0.0,3193.2655,0.0,532.2109166666667,0.0,532.2109166666667,base,base,28,,532.2109166666667,28.115750000000048,0.0,0.0,0.0,3191.426204055785,3216.7303790557858,2538.6363581298606,225.65742866666665,0.0,2.8115750000000044,225.65742866666665,0.0,225.65742866666665,0.0
A_base,2025-06-21,2025-06-21,142,2025-06-21 23:40:00,2025-06-21 23:50:00,0.4271,3193.3141,0.0,3497.8213,0.0,582.9702166666666,0.0,582.9702166666666,base,base,28,,582.9702166666666,50.751199999999926,0.0,0.0,0.0,3216.7303790557858,3262.406459055785,2538.6363581298606,248.9865795383333,0.0,5.075119999999991,248.9865795383333,0.0,248.9865795383333,0.0
A_base,2025-06-21,2025-06-21,143,2025-06-21 23:50:00,2025-06-22 00:00:00,0.4276,3636.14,0.0,3929.38,0.0,654.8966666666666,0.0,654.8966666666666,base,base,28,,654.8966666666666,48.873333333333335,0.0,0.0,0.0,3262.406459055785,3306.3924590557854,2538.6363581298606,280.0338146666667,0.0,4.887333333333332,280.0338146666667,0.0,280.0338146666667,0.0
A_base,2025-09-23,2025-09-23,0,2025-09-23 00:00:00,2025-09-23 00:10:00,0.4248,3421.106,0.0,3937.1458,0.0,656.1909666666666,0.0,656.1909666666666,base,base,28,,656.1909666666666,86.00663333333318,0.0,0.0,0.0,9867.461517592592,9944.867487592592,9867.461517592592,278.74992264,0.0,8.600663333333317,278.74992263999997,0.0,278.74992263999997,0.0
A_base,2025-09-23,2025-09-23,1,2025-09-23 00:10:00,2025-09-23 00:20:00,0.4245,3361.9091,0.0,4000.4017,0.0,666.7336166666666,0.0,666.7336166666666,base,base,28,,869.5541526748979,309.23596934156456,0.0,0.0,0.0,9944.867487592592,10223.17986,10050.0,369.1257378104941,0.0,30.92359693415645,369.1257378104941,0.0,369.1257378104941,0.0
A_base,2025-09-23,2025-09-23,2,2025-09-23 00:20:00,2025-09-23 00:30:00,0.4269,3388.6,0.0,3751.36,0.0,625.2266666666667,0.0,625.2266666666667,base,base,28,,625.2266666666667,60.46000000000004,0.0,0.0,0.0,10223.17986,10277.59386,10050.0,266.909264,0.0,6.046000000000003,266.909264,0.0,266.909264,0.0
A_base,2025-09-23,2025-09-23,3,2025-09-23 00:30:00,2025-09-23 00:40:00,0.4272,3591.0535,0.0,3531.7831,0.0,588.6305166666666,0.0,588.6305166666666,base,base,28,,588.6305166666666,0.0,9.878400000000056,0.0,0.0,10277.59386,10266.61786,10050.0,251.46295672,0.0,1.0976000000000068,251.46295672,0.0,251.46295672,0.0
A_base,2025-09-23,2025-09-23,4,2025-09-23 00:40:00,2025-09-23 00:50:00,0.4271,3639.0639,0.0,3436.6857,0.0,572.78095,0.0,572.78095,base,base,28,,572.78095,0.0,33.72969999999998,0.0,0.0,10266.61786,10229.140415555556,10050.0,244.634743745,0.0,3.747744444444444,244.63474374499998,0.0,244.63474374499998,0.0
A_base,2025-09-23,2025-09-23,5,2025-09-23 00:50:00,2025-09-23 01:00:00,0.4285,3538.62,0.0,3454.54,0.0,575.7566666666667,0.0,575.7566666666667,base,base,28,,575.7566666666667,0.0,14.01333333333332,0.0,0.0,10229.140415555556,10213.570045185184,10050.0,246.71173166666665,0.0,1.557037037037036,246.71173166666665,0.0,246.71173166666665,0.0
A_base,2025-09-23,2025-09-23,6,2025-09-23 01:00:00,2025-09-23 01:10:00,0.4311,3584.1201,0.0,3517.2378,0.0,586.2062999999999,0.0,586.2062999999999,base,base,28,,586.2062999999999,0.0,11.147050000000036,0.0,0.0,10213.570045185184,10201.184434074074,10050.0,252.71353593,0.0,1.2385611111111157,252.71353592999998,0.0,252.71353592999998,0.0
A_base,2025-09-23,2025-09-23,7,2025-09-23 01:10:00,2025-09-23 01:20:00,0.4302,3479.83,0.0,3497.5299,0.0,582.92165,0.0,582.92165,base,base,28,,582.92165,2.949983333333421,0.0,0.0,0.0,10201.184434074074,10203.839419074073,10050.0,250.77289383,0.0,0.294998333333342,250.77289383000002,0.0,250.77289383000002,0.0
A_base,2025-09-23,2025-09-23,8,2025-09-23 01:20:00,2025-09-23 01:30:00,0.4279,3316.08,0.0,3422.74,0.0,570.4566666666666,0.0,570.4566666666666,base,base,28,,570.4566666666666,17.776666666666642,0.0,0.0,0.0,10203.839419074073,10219.838419074073,10050.0,244.09840766666665,0.0,1.7776666666666638,244.09840766666665,0.0,244.09840766666665,0.0
A_base,2025-09-23,2025-09-23,9,2025-09-23 01:30:00,2025-09-23 01:40:00,0.4312,3504.3201,0.0,3457.0954,0.0,576.1825666666666,0.0,576.1825666666666,base,base,28,,576.1825666666666,0.0,7.870783333333293,0.0,0.0,10219.838419074073,10211.093104259258,10050.0,248.44992274666663,0.0,0.8745314814814774,248.44992274666666,0.0,248.44992274666666,0.0
A_base,2025-09-23,2025-09-23,10,2025-09-23 01:40:00,2025-09-23 01:50:00,0.4333,3611.1697,0.0,3628.0075,0.0,604.6679166666667,0.0,604.6679166666667,base,base,28,,604.6679166666667,2.8063000000000784,0.0,0.0,0.0,10211.093104259258,10213.61877425926,10050.0,262.00260829166666,0.0,0.28063000000000776,262.00260829166666,0.0,262.00260829166666,0.0
A_base,2025-09-23,2025-09-23,11,2025-09-23 01:50:00,2025-09-23 02:00:00,0.4311,3543.64,0.0,3727.77,0.0,621.295,0.0,621.295,base,base,28,,621.295,30.68833333333339,0.0,0.0,0.0,10213.61877425926,10241.23827425926,10050.0,267.8402745,0.0,3.0688333333333384,267.84027449999996,0.0,267.84027449999996,0.0
A_base,2025-09-23,2025-09-23,12,2025-09-23 02:00:00,2025-09-23 02:10:00,0.4293,3627.3783,0.0,3520.7314,0.0,586.7885666666666,0.0,586.7885666666666,base,base,28,,586.7885666666666,0.0,17.774483333333364,0.0,0.0,10241.23827425926,10221.488848333334,10050.0,251.90833167,0.0,1.974942592592597,251.90833167,0.0,251.90833167,0.0
A_base,2025-09-23,2025-09-23,13,2025-09-23 02:10:00,2025-09-23 02:20:00,0.4324,3646.7973,0.0,3436.0535,0.0,572.6755833333333,0.0,572.6755833333333,base,base,28,,572.6755833333333,0.0,35.12396666666666,0.0,0.0,10221.488848333334,10182.462218703704,10050.0,247.6249222333333,0.0,3.902662962962964,247.6249222333333,0.0,247.6249222333333,0.0
A_base,2025-09-23,2025-09-23,14,2025-09-23 02:20:00,2025-09-23 02:30:00,0.4367,3569.92,0.0,3624.55,0.0,604.0916666666667,0.0,604.0916666666667,base,base,28,,604.0916666666667,9.105000000000018,0.0,0.0,0.0,10182.462218703704,10190.656718703704,10050.0,263.8068308333333,0.0,0.9105000000000016,263.8068308333333,0.0,263.8068308333333,0.0
A_base,2025-09-23,2025-09-23,15,2025-09-23 02:30:00,2025-09-23 02:40:00,0.4348,3591.0744,0.0,3799.684,0.0,633.2806666666667,0.0,633.2806666666667,base,base,28,,633.2806666666667,34.768266666666705,0.0,0.0,0.0,10190.656718703704,10221.948158703704,10050.0,275.35043386666666,0.0,3.47682666666667,275.35043386666666,0.0,275.35043386666666,0.0
A_base,2025-09-23,2025-09-23,16,2025-09-23 02:40:00,2025-09-23 02:50:00,0.4335,3523.6786,0.0,3729.9253,0.0,621.6542166666666,0.0,621.6542166666666,base,base,28,,621.6542166666666,34.37444999999991,0.0,0.0,0.0,10221.948158703704,10252.885163703704,10050.0,269.487102925,0.0,3.43744499999999,269.48710292499993,0.0,269.48710292499993,0.0
A_base,2025-09-23,2025-09-23,17,2025-09-23 02:50:00,2025-09-23 03:00:00,0.4357,3402.03,0.0,3599.4,0.0,599.9,0.0,599.9,base,base,28,,599.9,32.89499999999998,0.0,0.0,0.0,10252.885163703704,10282.490663703704,10050.0,261.37643,0.0,3.2894999999999976,261.37642999999997,0.0,261.37642999999997,0.0
A_base,2025-09-23,2025-09-23,18,2025-09-23 03:00:00,2025-09-23 03:10:00,0.4374,3470.8796,0.0,3766.8381,0.0,627.80635,0.0,627.80635,base,base,28,,627.80635,49.32641666666666,0.0,0.0,0.0,10282.490663703704,10326.884438703704,10050.0,274.60249749,0.0,4.932641666666665,274.60249748999996,0.0,274.60249748999996,0.0
A_base,2025-09-23,2025-09-23,19,2025-09-23 03:10:00,2025-09-23 03:20:00,0.4371,3546.3118,0.0,3732.5778,0.0,622.0962999999999,0.0,622.0962999999999,base,base,28,,622.0962999999999,31.04433333333327,0.0,0.0,0.0,10326.884438703704,10354.824338703704,10050.0,271.91829273,0.0,3.1044333333333265,271.91829272999996,0.0,271.91829272999996,0.0
A_base,2025-09-23,2025-09-23,20,2025-09-23 03:20:00,2025-09-23 03:30:00,0.4356,3521.1,0.0,3487.16,0.0,581.1933333333333,0.0,581.1933333333333,base,base,28,,581.1933333333333,0.0,5.656666666666638,0.0,0.0,10354.824338703704,10348.53915351852,10050.0,253.167816,0.0,0.6285185185185156,253.16781599999996,0.0,253.16781599999996,0.0
A_base,2025-09-23,2025-09-23,21,2025-09-23 03:30:00,2025-09-23 03:40:00,0.4353,3493.0415,0.0,3542.3682,0.0,590.3947,0.0,590.3947,base,base,28,,590.3947,8.221116666666717,0.0,0.0,0.0,10348.53915351852,10355.938158518518,10050.0,256.99881291,0.0,0.8221116666666715,256.99881290999997,0.0,256.99881290999997,0.0
A_base,2025-09-23,2025-09-23,22,2025-09-23 03:40:00,2025-09-23 03:50:00,0.436,3616.52,0.0,3671.4309,0.0,611.9051499999999,0.0,611.9051499999999,base,base,28,,611.9051499999999,9.151816666666605,0.0,0.0,0.0,10355.938158518518,10364.174793518518,10050.0,266.7906454,0.0,0.9151816666666602,266.79064539999996,0.0,266.79064539999996,0.0
A_base,2025-09-23,2025-09-23,23,2025-09-23 03:50:00,2025-09-23 04:00:00,0.4378,3738.77,0.0,3753.85,0.0,625.6416666666667,0.0,625.6416666666667,base,base,28,,625.6416666666667,2.513333333333321,0.0,0.0,0.0,10364.174793518518,10366.436793518518,10050.0,273.9059216666667,0.0,0.2513333333333321,273.9059216666667,0.0,273.9059216666667,0.0
A_base,2025-09-23,2025-09-23,24,2025-09-23 04:00:00,2025-09-23 04:10:00,0.4401,3573.138,0.0019,3887.5822,0.0021,647.9300166666666,0.0,647.9300166666666,base,base,28,,647.9300166666666,52.40733333333333,0.0,0.0,0.0,10366.436793518518,10413.60339351852,10050.0,285.154000335,0.0,5.240733333333331,285.154000335,0.0,285.154000335,0.0
A_base,2025-09-23,2025-09-23,25,2025-09-23 04:10:00,2025-09-23 04:20:00,0.4389,3548.8256,0.0,3864.8881,0.0,644.1480166666666,0.0,644.1480166666666,base,base,28,,644.1480166666666,52.67708333333337,0.0,0.0,0.0,10413.60339351852,10461.012768518518,10050.0,282.716564515,0.0,5.267708333333336,282.716564515,0.0,282.716564515,0.0
A_base,2025-09-23,2025-09-23,26,2025-09-23 04:20:00,2025-09-23 04:30:00,0.4364,3696.43,0.0,3746.52,0.0,624.42,0.0,624.42,base,base,28,,624.42,8.348333333333358,0.0,0.0,0.0,10461.012768518518,10468.52626851852,10050.0,272.496888,0.0,0.8348333333333355,272.496888,0.0,272.496888,0.0
A_base,2025-09-23,2025-09-23,27,2025-09-23 04:30:00,2025-09-23 04:40:00,0.4393,3629.4046,0.0268,3799.8707,0.029,633.3069499999999,0.0,633.3069499999999,base,base,28,,633.3069499999999,28.410650000000032,0.0,0.0,0.0,10468.52626851852,10494.095853518518,10050.0,278.211743135,0.0,2.8410650000000026,278.211743135,0.0,278.211743135,0.0
A_base,2025-09-23,2025-09-23,28,2025-09-23 04:40:00,2025-09-23 04:50:00,0.4422,3602.4949,0.0,3743.4045,0.0,623.90075,0.0,623.90075,base,base,28,,623.90075,23.4849333333334,0.0,0.0,0.0,10494.095853518518,10515.232293518518,10050.0,275.88891165,0.0,2.3484933333333395,275.88891165,0.0,275.88891165,0.0
A_base,2025-09-23,2025-09-23,29,2025-09-23 04:50:00,2025-09-23 05:00:00,0.4395,3708.74,0.0,3548.17,0.0,591.3616666666667,0.0,591.3616666666667,base,base,28,,591.3616666666667,0.0,26.761666666666542,0.0,0.0,10515.232293518518,10485.497108333331,10050.0,259.9034525,0.0,2.9735185185185062,259.9034525,0.0,259.9034525,0.0
A_base,2025-09-23,2025-09-23,30,2025-09-23 05:00:00,2025-09-23 05:10:00,0.4333,3751.3647,0.3731,3510.4937,0.404,585.01495,0.0,585.01495,base,base,28,,585.01495,0.0,40.15031666666664,0.0,0.0,10485.497108333331,10440.88564537037,10050.0,253.486977835,0.0,4.461146296296295,253.486977835,0.0,253.486977835,0.0
A_base,2025-09-23,2025-09-23,31,2025-09-23 05:10:00,2025-09-23 05:20:00,0.4439,3689.4488,0.0,3645.7435,0.0,607.6239166666667,0.0,607.6239166666667,base,base,28,,607.6239166666667,0.0,7.28421666666668,0.0,0.0,10440.88564537037,10432.792071296297,10050.0,269.7242566083333,0.0,0.8093574074074092,269.72425660833335,0.0,269.72425660833335,0.0
A_base,2025-09-23,2025-09-23,32,2025-09-23 05:20:00,2025-09-23 05:30:00,0.4301,3557.68,0.0,3724.04,0.0,620.6733333333333,0.0,620.6733333333333,base,base,28,,620.6733333333333,27.726666666666688,0.0,0.0,0.0,10432.792071296297,10457.746071296297,10050.0,266.95160066666665,0.0,2.772666666666668,266.95160066666665,0.0,266.95160066666665,0.0
A_base,2025-09-23,2025-09-23,33,2025-09-23 05:30:00,2025-09-23 05:40:00,0.3713,3509.0644,5.1961,3582.2553,5.6274,596.10465,0.0,596.10465,base,base,28,,1429.4379833333332,380.2821430041149,0.0,0.0,465.1777903292184,10457.746071296297,10800.0,10800.0,530.7503232116667,0.0,38.028214300411484,530.7503232116667,0.0,530.7503232116667,0.0
A_base,2025-09-23,2025-09-23,34,2025-09-23 05:40:00,2025-09-23 05:50:00,0.5708,4001.4806,0.0,3957.97,0.0,659.6616666666666,0.0,659.6616666666666,base,base,28,,659.6616666666666,0.0,7.25176666666664,0.0,0.0,10800.0,10791.94248148148,10800.0,376.5348793333333,0.0,0.8057518518518493,376.5348793333333,0.0,376.5348793333333,0.0
A_base,2025-09-23,2025-09-23,35,2025-09-23 05:50:00,2025-09-23 06:00:00,0.9099,4743.74,0.0,4700.49,0.0,783.415,0.0,783.415,base,base,28,,0.0,0.0,790.6233333333332,0.0,0.0,10791.94248148148,9913.47211111111,9929.538888888888,0.0,0.0,87.84703703703707,0.0,0.0,0.0,0.0
A_base,2025-09-23,2025-09-23,36,2025-09-23 06:00:00,2025-09-23 06:10:00,0.9368,4911.4158,148.7833,4861.7696,163.8012,782.9947333333332,0.0,782.9947333333332,base,base,28,,0.0,0.0,793.7720833333333,0.0,0.0,9913.47211111111,9031.50312962963,9059.54474074074,0.0,0.0,88.19689814814818,0.0,0.0,0.0,0.0
A_base,2025-09-23,2025-09-23,37,2025-09-23 06:10:00,2025-09-23 06:20:00,0.8758,4831.9735,376.0146,4752.5347,427.0247,720.9183333333333,0.0,720.9183333333333,base,base,28,,0.0,0.0,742.6598166666665,0.0,0.0,9031.50312962963,8206.325555555555,8258.52437037037,0.0,0.0,82.51775740740743,0.0,0.0,0.0,0.0
A_base,2025-09-23,2025-09-23,38,2025-09-23 06:20:00,2025-09-23 06:30:00,0.8759,4792.2,649.3875,4711.73,733.4625,663.0445833333332,0.0,663.0445833333332,base,base,28,,0.0,0.0,690.46875,0.0,0.0,8206.325555555555,7439.138055555555,7521.808166666668,0.0,0.0,76.71875000000003,0.0,0.0,0.0,0.0
A_base,2025-09-23,2025-09-23,39,2025-09-23 06:30:00,2025-09-23 06:40:00,0.8601,4757.3085,973.8044,4749.8589,1059.8151,615.0073,0.0,615.0073,base,base,28,,0.0,0.0,630.5840166666667,0.0,0.0,7439.138055555555,6738.489148148148,6838.466722222223,0.0,0.0,70.06489074074078,0.0,0.0,0.0,0.0
A_base,2025-09-23,2025-09-23,40,2025-09-23 06:40:00,2025-09-23 06:50:00,0.8442,4755.1526,1245.8597,4762.9137,1370.8696,565.3406833333333,0.0,565.3406833333333,base,base,28,,0.0,0.0,584.88215,0.0,0.0,6738.489148148148,6088.620092592592,6210.310407407408,0.0,0.0,64.98690555555558,0.0,0.0,0.0,0.0
A_base,2025-09-23,2025-09-23,41,2025-09-23 06:50:00,2025-09-23 07:00:00,0.8334,4789.05,1511.775,4720.02,1678.1625,506.9762500000001,0.0,506.9762500000001,base,base,28,,0.0,0.0,546.2125,0.0,0.0,6088.620092592592,5481.717314814815,5647.003462962964,0.0,0.0,60.6902777777778,0.0,0.0,0.0,0.0
A_base,2025-09-23,2025-09-23,42,2025-09-23 07:00:00,2025-09-23 07:10:00,0.8092,4816.282,1907.945,4702.584,2025.7511,446.1388166666666,0.0,446.1388166666666,base,base,28,,0.0,0.0,484.72283333333337,0.0,0.0,5481.717314814815,4943.136388888889,5151.293666666667,0.0,0.0,53.85809259259262,0.0,0.0,0.0,0.0
A_base,2025-09-23,2025-09-23,43,2025-09-23 07:10:00,2025-09-23 07:20:00,0.7972,4786.2179,2234.3678,4833.7499,2388.5754,407.5290833333332,0.0,407.5290833333332,base,base,28,,0.0,0.0,425.3083499999999,0.0,0.0,4943.136388888889,4470.571555555556,4698.483574074075,0.0,0.0,47.25648333333334,0.0,0.0,0.0,0.0
A_base,2025-09-23,2025-09-23,44,2025-09-23 07:20:00,2025-09-23 07:30:00,0.7644,4660.51,2492.5875,4939.54,2753.5875,364.3254166666666,0.0,364.3254166666666,base,base,28,,0.0,0.0,361.3204166666667,0.0,0.0,4470.571555555556,4069.104425925927,4293.677555555556,0.0,0.0,40.14671296296299,0.0,0.0,0.0,0.0
A_base,2025-09-23,2025-09-23,45,2025-09-23 07:30:00,2025-09-23 07:40:00,0.6899,4606.8822,2894.0726,4828.7625,3120.5921,284.69506666666666,0.0,284.69506666666666,base,base,28,,0.0,0.0,285.46826666666664,0.0,0.0,4069.104425925927,3751.917462962964,3977.349703703704,0.0,0.0,31.718696296296308,0.0,0.0,0.0,0.0
A_base,2025-09-23,2025-09-23,46,2025-09-23 07:40:00,2025-09-23 07:50:00,0.86,5489.8417,3343.4604,5406.1206,3426.4951,329.9375833333333,0.0,329.9375833333333,base,base,28,,0.0,0.0,357.73021666666665,0.0,0.0,3751.917462962964,3354.439444444445,3610.752388888889,0.0,0.0,39.74780185185187,0.0,0.0,0.0,0.0
A_base,2025-09-23,2025-09-23,47,2025-09-23 07:50:00,2025-09-23 08:00:00,1.1617,6701.06,3753.1125,6462.55,3707.325,459.2041666666667,0.0,459.2041666666667,base,base,28,,0.0,0.0,491.32458333333335,0.0,0.0,3354.439444444445,2808.5232407407416,3100.5255370370373,0.0,0.0,54.5916203703704,0.0,0.0,0.0,0.0
A_base,2025-09-23,2025-09-23,48,2025-09-23 08:00:00,2025-09-23 08:10:00,1.1683,6664.9869,4119.6249,6779.0099,4082.1536,449.47605,0.0,449.47605,base,base,28,,0.0,0.0,424.227,0.0,0.0,2808.5232407407416,2337.1599074074084,2601.107703703704,0.0,0.0,47.136333333333354,0.0,0.0,0.0,0.0
A_base,2025-09-23,2025-09-23,49,2025-09-23 08:10:00,2025-09-23 08:20:00,1.0956,6469.7028,4427.9049,6649.2879,4538.4547,351.8055333333333,0.0,351.8055333333333,base,base,28,,0.0,0.0,340.29965,0.0,0.0,2337.1599074074084,1959.0491851851864,2210.212666666667,0.0,0.0,37.811072222222236,0.0,0.0,0.0,0.0
A_base,2025-09-23,2025-09-23,50,2025-09-23 08:20:00,2025-09-23 08:30:00,1.0849,6635.97,4698.6375,6494.49,4959.675,255.80249999999992,0.0,255.80249999999992,base,base,28,,0.0,0.0,322.8887500000001,0.0,0.0,1959.0491851851864,1600.2839074074084,1925.9876666666669,0.0,0.0,35.8765277777778,0.0,0.0,0.0,0.0
A_base,2025-09-23,2025-09-23,51,2025-09-23 08:30:00,2025-09-23 08:40:00,1.061,6600.0815,4997.093,6432.8642,5221.4296,201.90576666666655,0.0,201.90576666666655,base,base,28,,0.0,0.0,267.16475,0.0,0.0,1600.2839074074084,1303.4341851851862,1701.6479259259263,0.0,0.0,29.68497222222224,0.0,0.0,0.0,0.0
A_base,2025-09-23,2025-09-23,52,2025-09-23 08:40:00,2025-09-23 08:50:00,1.043,6462.4233,5400.3214,6438.1781,5443.4725,165.7842666666667,0.0,165.7842666666667,base,base,28,,0.0,0.0,93.09076666666752,83.9262166666659,0.0,1303.4341851851862,1200.0,1517.4431851851857,0.0,437.67521991666257,10.343418518518618,0.0,437.6752199166626,437.6752199166626,437.6752199166626
A_base,2025-09-23,2025-09-23,53,2025-09-23 08:50:00,2025-09-23 09:00:00,1.036,6427.57,5807.85,6502.19,5716.7625,130.90458333333328,0.0,130.90458333333328,base,base,28,,0.0,0.0,0.0,103.28666666666656,0.0,1200.0,1200.0,1371.9936481481486,0.0,535.0249333333327,0.0,0.0,535.0249333333328,535.0249333333328,535.0249333333328
A_base,2025-09-23,2025-09-23,54,2025-09-23 09:00:00,2025-09-23 09:10:00,1.0147,6551.7343,6020.5511,6620.0241,6031.6126,98.0685833333332,0.0,98.0685833333332,base,base,28,,0.0,0.0,0.0,88.5305333333334,0.0,1200.0,1200.0,1263.028555555556,0.0,449.1596608666669,0.0,0.0,449.1596608666669,449.1596608666669,449.1596608666669
A_base,2025-09-23,2025-09-23,55,2025-09-23 09:10:00,2025-09-23 09:20:00,0.9922,6611.8297,6159.4673,6603.7913,6339.8082,43.99718333333324,0.0,43.99718333333324,base,base,28,,0.0,0.0,0.0,75.39373333333333,0.0,1200.0,1200.0,1214.1427962962969,0.0,374.0283110666666,0.0,0.0,374.0283110666667,374.0283110666667,374.0283110666667
A_base,2025-09-23,2025-09-23,56,2025-09-23 09:20:00,2025-09-23 09:30:00,0.97,6584.42,6306.2625,6407.33,6622.4625,-35.85541666666661,0.0,-35.85541666666661,base,base,28,,0.0,0.0,0.0,46.359583333333376,0.0,1200.0,1200.0,1246.4126712962968,0.0,224.84397916666688,0.0,0.0,224.84397916666686,224.84397916666686,224.84397916666686
A_base,2025-09-23,2025-09-23,57,2025-09-23 09:30:00,2025-09-23 09:40:00,0.9422,6627.8893,6423.4053,6200.5473,6897.3346,-116.13121666666666,0.0,-116.13121666666666,base,base,28,,0.0,0.0,0.0,34.08066666666657,0.0,1200.0,1200.0,1350.9307662962967,0.0,160.55402066666622,0.0,0.0,160.55402066666625,160.55402066666625,160.55402066666625
A_base,2025-09-23,2025-09-23,58,2025-09-23 09:40:00,2025-09-23 09:50:00,0.9569,6567.1756,6483.305,6249.554,7173.3339,-153.96331666666657,0.0,-153.96331666666657,base,base,28,,0.0,0.0,0.0,13.978433333333214,0.0,1200.0,1200.0,1489.4977512962969,0.0,66.87981428333276,0.0,0.0,66.87981428333276,66.87981428333276,66.87981428333276
A_base,2025-09-23,2025-09-23,59,2025-09-23 09:50:00,2025-09-23 10:00:00,0.9977,6455.96,6487.7625,6480.82,7375.3875,-149.09458333333333,0.0,-149.09458333333333,base,base,28,,0.0,5.30041666666663,0.0,0.0,0.0,1200.0,1204.770375,1623.6828762962969,0.0,0.0,0.5300416666666629,0.0,0.0,0.0,0.0
A_base,2025-09-23,2025-09-23,60,2025-09-23 10:00:00,2025-09-23 10:10:00,0.9919,6527.0912,6506.7574,6557.067,7427.1527,-145.01428333333325,0.0,-145.01428333333325,base,base,28,,0.0,0.0,3.388966666666571,0.0,0.0,1204.770375,1201.0048564814815,1754.1957312962968,0.0,0.0,0.3765518518518414,0.0,0.0,0.0,0.0
A_base,2025-09-23,2025-09-23,61,2025-09-23 10:10:00,2025-09-23 10:20:00,0.9588,6488.4499,6763.9313,6530.2617,7558.6084,-171.39111666666668,0.0,-171.39111666666668,base,base,28,,0.0,45.91356666666676,0.0,0.0,0.0,1201.0048564814815,1242.3270664814818,1908.447736296297,0.0,0.0,4.591356666666675,0.0,0.0,0.0,0.0
A_base,2025-09-23,2025-09-23,62,2025-09-23 10:20:00,2025-09-23 10:30:00,0.9549,6336.11,7139.7,6502.13,7758.4875,-209.39291666666668,0.0,-209.39291666666668,base,base,28,,0.0,133.93166666666667,0.0,0.0,0.0,1242.3270664814818,1362.865566481482,2096.901361296297,0.0,0.0,13.393166666666664,0.0,0.0,0.0,0.0
A_base,2025-09-23,2025-09-23,63,2025-09-23 10:30:00,2025-09-23 10:40:00,0.9839,6376.9432,7257.6775,6501.3745,7803.3333,-216.9931333333334,0.0,-216.9931333333334,base,base,28,,0.0,146.78905,0.0,0.0,0.0,1362.865566481482,1494.975711481482,2292.195181296297,0.0,0.0,14.678904999999997,0.0,0.0,0.0,0.0
A_base,2025-09-23,2025-09-23,64,2025-09-23 10:40:00,2025-09-23 10:50:00,0.799,6473.6947,7240.5731,6474.7018,7884.0347,-234.8888166666667,0.0,-234.8888166666667,base,base,28,,0.0,127.8130666666666,0.0,0.0,0.0,1494.975711481482,1610.0074714814818,2503.595116296297,0.0,0.0,12.781306666666657,0.0,0.0,0.0,0.0
A_base,2025-09-23,2025-09-23,65,2025-09-23 10:50:00,2025-09-23 11:00:00,0.5025,6470.56,7359.675,6439.65,8030.625,-265.1625,0.0,-265.1625,base,base,28,,0.0,148.18583333333328,0.0,0.0,0.0,1610.0074714814818,1743.374721481482,2742.241366296297,0.0,0.0,14.818583333333324,0.0,0.0,0.0,0.0
A_base,2025-09-23,2025-09-23,66,2025-09-23 11:00:00,2025-09-23 11:10:00,0.4662,6357.1346,7784.7849,6473.1896,8066.7709,-265.59688333333344,0.0,-265.59688333333344,base,base,28,,567.7364499999999,805.6781666666664,0.0,0.0,0.0,1743.374721481482,2468.4850714814816,3492.241366296297,264.67873299,0.0,80.56781666666662,264.67873298999996,0.0,264.67873298999996,0.0
A_base,2025-09-23,2025-09-23,67,2025-09-23 11:10:00,2025-09-23 11:20:00,0.5007,6310.6975,8209.6886,6527.364,8058.9692,-255.2675333333333,0.0,-255.2675333333333,base,base,28,,0.0,316.49851666666655,0.0,0.0,0.0,2468.4850714814816,2753.333736481481,3721.982146296297,0.0,0.0,31.64985166666665,0.0,0.0,0.0,0.0
A_base,2025-09-23,2025-09-23,68,2025-09-23 11:20:00,2025-09-23 11:30:00,0.4827,6431.52,8399.7375,6531.11,8058.1875,-254.5129166666667,0.0,-254.5129166666667,base,base,28,,0.0,328.03624999999977,0.0,0.0,0.0,2753.333736481481,3048.566361481481,3951.0437712962976,0.0,0.0,32.80362499999997,0.0,0.0,0.0,0.0
A_base,2025-09-23,2025-09-23,69,2025-09-23 11:30:00,2025-09-23 11:40:00,0.4785,6604.0357,8379.679,6437.2197,8059.3959,-270.36270000000013,0.0,-270.36270000000013,base,base,28,,109.26094855966886,405.2014985596688,0.0,0.0,0.0,3048.566361481481,3413.247710185183,4292.705054999999,52.28136388580155,0.0,40.52014985596687,52.28136388580155,0.0,52.28136388580155,0.0
A_base,2025-09-23,2025-09-23,70,2025-09-23 11:40:00,2025-09-23 11:50:00,0.4662,6371.5522,8435.4109,6258.0133,8144.2088,-314.36591666666675,0.0,-314.36591666666675,base,base,28,,518.9674166666665,833.3333333333333,0.0,0.0,29.610533333333365,3413.247710185183,4163.247710185184,5042.705054999999,241.94260964999992,0.0,83.3333333333333,241.94260964999992,0.0,241.94260964999992,0.0
A_base,2025-09-23,2025-09-23,71,2025-09-23 11:50:00,2025-09-23 12:00:00,0.4432,5893.69,8613.5625,6034.17,8278.275,-374.0174999999999,0.0,-374.0174999999999,base,base,28,,459.3158333333333,833.3333333333333,0.0,0.0,79.29458333333343,4163.247710185184,4913.247710185184,5792.705054999999,203.5687773333333,0.0,83.3333333333333,203.5687773333333,0.0,203.5687773333333,0.0
A_base,2025-09-23,2025-09-23,72,2025-09-23 12:00:00,2025-09-23 12:10:00,0.4411,5815.5593,8690.3915,5857.0228,8321.7803,-410.7929166666668,0.0,-410.7929166666668,base,base,28,,422.5404166666665,833.3333333333333,0.0,0.0,68.3457833333332,4913.247710185184,5663.247710185184,6542.705054999999,186.3825777916666,0.0,83.3333333333333,186.3825777916666,0.0,186.3825777916666,0.0
A_base,2025-09-23,2025-09-23,73,2025-09-23 12:10:00,2025-09-23 12:20:00,0.4551,5929.8452,8581.2694,5948.518,8267.6048,-386.5144666666665,0.0,-386.5144666666665,base,base,28,,446.81886666666674,833.3333333333333,0.0,0.0,55.38956666666672,5663.247710185184,6413.247710185184,7292.705055,203.34726622,0.0,83.3333333333333,203.34726622000002,0.0,203.34726622000002,0.0
A_base,2025-09-23,2025-09-23,74,2025-09-23 12:20:00,2025-09-23 12:30:00,0.4463,5958.43,8484.4875,6160.56,8156.1,-332.59,0.0,-332.59,base,base,28,,500.7433333333333,833.3333333333333,0.0,0.0,88.4195833333331,6413.247710185184,7163.247710185184,8042.705055,223.48174966666664,0.0,83.3333333333333,223.48174966666664,0.0,223.48174966666664,0.0
A_base,2025-09-23,2025-09-23,75,2025-09-23 12:30:00,2025-09-23 12:40:00,0.4113,5882.5546,8645.3297,6118.0293,8055.8192,-322.9649833333333,0.0,-322.9649833333333,base,base,28,,510.36835,833.3333333333333,0.0,0.0,137.4975333333333,7163.247710185184,7913.247710185184,8792.705055,209.914502355,0.0,83.3333333333333,209.914502355,0.0,209.914502355,0.0
A_base,2025-09-23,2025-09-23,76,2025-09-23 12:40:00,2025-09-23 12:50:00,0.5682,6091.5912,8546.664,6129.9123,8085.3213,-325.90149999999994,0.0,-325.90149999999994,base,base,28,,0.0,409.17880000000014,0.0,0.0,0.0,7913.247710185184,8281.508630185184,9086.016405,0.0,0.0,40.917880000000004,0.0,0.0,0.0,0.0
A_base,2025-09-23,2025-09-23,77,2025-09-23 12:50:00,2025-09-23 13:00:00,0.8279,6408.53,8135.1375,6271.57,8109.4125,-306.3070833333334,0.0,-306.3070833333334,base,base,28,,0.0,287.7679166666667,0.0,0.0,0.0,8281.508630185184,8540.499755185185,9361.69278,0.0,0.0,28.77679166666666,0.0,0.0,0.0,0.0
A_base,2025-09-23,2025-09-23,78,2025-09-23 13:00:00,2025-09-23 13:10:00,0.8636,6253.4833,7884.9488,6267.4025,7864.6337,-266.2052,0.0,-266.2052,base,base,28,,0.0,271.9109166666667,0.0,0.0,0.0,8540.499755185185,8785.219580185185,9601.27746,0.0,0.0,27.191091666666665,0.0,0.0,0.0,0.0
A_base,2025-09-23,2025-09-23,79,2025-09-23 13:10:00,2025-09-23 13:20:00,0.8416,6080.4251,7754.0988,6084.3297,7627.4867,-257.19283333333334,0.0,-257.19283333333334,base,base,28,,0.0,278.9456166666665,0.0,0.0,0.0,8785.219580185185,9036.270635185185,9832.75101,0.0,0.0,27.894561666666647,0.0,0.0,0.0,0.0
A_base,2025-09-23,2025-09-23,80,2025-09-23 13:20:00,2025-09-23 13:30:00,0.8618,6115.63,7607.2875,5983.25,7552.2375,-261.4979166666667,0.0,-261.4979166666667,base,base,28,,0.0,248.60958333333335,0.0,0.0,0.0,9036.270635185185,9260.019260185183,10068.099135,0.0,0.0,24.86095833333333,0.0,0.0,0.0,0.0
A_base,2025-09-23,2025-09-23,81,2025-09-23 13:30:00,2025-09-23 13:40:00,0.8623,6161.9414,7394.5585,6249.9547,7511.7507,-210.2993333333332,0.0,-210.2993333333332,base,base,28,,0.0,205.4361833333334,0.0,0.0,0.0,9260.019260185183,9444.911825185183,10257.368535,0.0,0.0,20.543618333333335,0.0,0.0,0.0,0.0
A_base,2025-09-23,2025-09-23,82,2025-09-23 13:40:00,2025-09-23 13:50:00,0.9026,6291.8498,7228.1769,6377.6378,7307.0291,-154.8985499999999,0.0,-154.8985499999999,base,base,28,,0.0,156.05451666666673,0.0,0.0,0.0,9444.911825185183,9585.360890185186,10396.77723,0.0,0.0,15.605451666666669,0.0,0.0,0.0,0.0
A_base,2025-09-23,2025-09-23,83,2025-09-23 13:50:00,2025-09-23 14:00:00,0.9754,6409.53,7094.9625,6187.65,7022.8875,-139.20625,0.0,-139.20625,base,base,28,,0.0,114.23874999999998,0.0,0.0,0.0,9585.360890185186,9688.175765185186,10522.062855,0.0,0.0,11.423874999999995,0.0,0.0,0.0,0.0
A_base,2025-09-23,2025-09-23,84,2025-09-23 14:00:00,2025-09-23 14:10:00,1.0002,6298.6605,6838.0168,6004.646,6916.3565,-151.95175,0.0,-151.95175,base,base,28,,0.0,89.89271666666673,0.0,0.0,0.0,9688.175765185186,9769.079210185186,10658.81943,0.0,0.0,8.98927166666667,0.0,0.0,0.0,0.0
A_base,2025-09-23,2025-09-23,85,2025-09-23 14:10:00,2025-09-23 14:20:00,0.9978,6212.8259,6393.4647,6039.8719,6750.1107,-118.37313333333334,0.0,-118.37313333333334,base,base,28,,0.0,30.10646666666677,0.0,0.0,0.0,9769.079210185186,9796.175030185186,10765.35525,0.0,0.0,3.010646666666676,0.0,0.0,0.0,0.0
A_base,2025-09-23,2025-09-23,86,2025-09-23 14:20:00,2025-09-23 14:30:00,1.0271,6236.6,5854.05,6212.36,6443.325,-38.494166666666686,0.0,-38.494166666666686,base,base,28,,0.0,0.0,63.75833333333336,0.0,0.0,9796.175030185186,9725.332437592591,10800.0,0.0,0.0,7.084259259259266,0.0,0.0,0.0,0.0
A_base,2025-09-23,2025-09-23,87,2025-09-23 14:30:00,2025-09-23 14:40:00,1.0906,6217.1274,5393.4146,6261.2286,6154.0582,17.861733333333326,0.0,17.861733333333326,base,base,28,,0.0,0.0,137.2854666666667,0.0,0.0,9725.332437592591,9572.793030185185,10780.153629629627,0.0,0.0,15.253940740740752,0.0,0.0,0.0,0.0
A_base,2025-09-23,2025-09-23,88,2025-09-23 14:40:00,2025-09-23 14:50:00,0.9376,6206.2876,4990.8009,6234.7935,5864.7952,61.66638333333336,0.0,61.66638333333336,base,base,28,,0.0,0.0,202.58111666666656,0.0,0.0,9572.793030185185,9347.702900555556,10711.635425925926,0.0,0.0,22.50901296296296,0.0,0.0,0.0,0.0
A_base,2025-09-23,2025-09-23,89,2025-09-23 14:50:00,2025-09-23 15:00:00,0.6694,6262.68,4761.6375,6185.32,5565.3375,103.33041666666668,0.0,103.33041666666668,base,base,28,,103.33041666666668,0.0,146.8433333333334,0.0,0.0,9347.702900555556,9184.543641296295,10711.635425925926,69.16938091666667,0.0,16.31592592592594,69.16938091666667,0.0,69.16938091666667,0.0
A_base,2025-09-23,2025-09-23,90,2025-09-23 15:00:00,2025-09-23 15:10:00,0.66,6377.3851,4842.082,6148.1901,5276.6779,145.25203333333334,0.0,145.25203333333334,base,base,28,,243.43489341563776,0.0,12.448956584362236,0.0,0.0,9184.543641296295,9170.711467313671,10800.0,160.66702965432094,0.0,1.3832173982624714,160.66702965432094,0.0,160.66702965432094,0.0
A_base,2025-09-23,2025-09-23,91,2025-09-23 15:10:00,2025-09-23 15:20:00,0.7217,6461.0017,4734.2965,6373.9324,4931.1252,240.4678666666665,0.0,240.4678666666665,base,base,28,,240.4678666666665,0.0,47.31633333333335,0.0,0.0,9170.711467313671,9118.13776360997,10800.0,173.54565937333325,0.0,5.257370370370374,173.54565937333322,0.0,173.54565937333322,0.0
A_base,2025-09-23,2025-09-23,92,2025-09-23 15:20:00,2025-09-23 15:30:00,0.7308,6382.45,4417.2375,6665.78,4525.725,356.67583333333323,0.0,356.67583333333323,base,base,28,,356.67583333333323,29.140416666666624,0.0,0.0,0.0,9118.13776360997,9144.36413860997,10800.0,260.6586989999999,0.0,2.914041666666662,260.6586989999999,0.0,260.6586989999999,0.0
A_base,2025-09-23,2025-09-23,93,2025-09-23 15:30:00,2025-09-23 15:40:00,0.7534,6120.1976,4306.354,6522.3391,4126.3129,399.3377,0.0,399.3377,base,base,28,,399.3377,97.03043333333336,0.0,0.0,0.0,9144.36413860997,9231.69152860997,10800.0,300.86102318,0.0,9.703043333333333,300.86102317999996,0.0,300.86102317999996,0.0
A_base,2025-09-23,2025-09-23,94,2025-09-23 15:40:00,2025-09-23 15:50:00,0.7823,6153.6297,4035.9346,6227.3075,3727.669,416.6064166666666,0.0,416.6064166666666,base,base,28,,416.6064166666666,63.65723333333324,0.0,0.0,0.0,9231.69152860997,9288.98303860997,10800.0,325.9111997583333,0.0,6.365723333333323,325.9111997583333,0.0,325.9111997583333,0.0
A_base,2025-09-23,2025-09-23,95,2025-09-23 15:50:00,2025-09-23 16:00:00,0.8055,6505.17,3543.675,6173.39,3392.3625,463.50458333333336,0.0,463.50458333333336,base,base,28,,463.50458333333336,0.0,30.077916666666624,0.0,0.0,9288.98303860997,9255.563131202562,10800.0,373.352941875,0.0,3.3419907407407377,373.352941875,0.0,373.352941875,0.0
A_base,2025-09-23,2025-09-23,96,2025-09-23 16:00:00,2025-09-23 16:10:00,0.8271,6704.9712,3168.3753,6477.1231,3188.7577,548.0609,0.0,548.0609,base,base,28,,548.0609,0.0,41.37175000000002,0.0,0.0,9255.563131202562,9209.59452009145,10800.0,453.3011703899999,0.0,4.5968611111111155,453.3011703899999,0.0,453.3011703899999,0.0
A_base,2025-09-23,2025-09-23,97,2025-09-23 16:10:00,2025-09-23 16:20:00,0.8519,6651.3841,2836.5022,6552.0795,2876.8086,612.5451499999999,0.0,612.5451499999999,base,base,28,,612.5451499999999,0.0,23.26850000000013,0.0,0.0,9209.59452009145,9183.74063120256,10800.0,521.827213285,0.0,2.5853888888889047,521.827213285,0.0,521.827213285,0.0
A_base,2025-09-23,2025-09-23,98,2025-09-23 16:20:00,2025-09-23 16:30:00,0.8791,6512.95,2503.5375,6332.94,2467.5375,644.2337499999999,0.0,644.2337499999999,base,base,28,,644.2337499999999,0.0,24.00166666666678,0.0,0.0,9183.74063120256,9157.072112684044,10800.0,566.3458896249999,0.0,2.6668518518518654,566.3458896249999,0.0,566.3458896249999,0.0
A_base,2025-09-23,2025-09-23,99,2025-09-23 16:30:00,2025-09-23 16:40:00,0.9024,6516.7553,2218.6701,6320.4369,2200.0679,686.7281666666665,0.0,686.7281666666665,base,base,28,,686.7281666666665,0.0,29.61936666666668,0.0,0.0,9157.072112684044,9124.161705276636,10800.0,619.7034975999999,0.0,3.2910407407407436,619.7034975999999,0.0,619.7034975999999,0.0
A_base,2025-09-23,2025-09-23,100,2025-09-23 16:40:00,2025-09-23 16:50:00,0.9163,6452.5286,1863.5925,6492.3208,1918.0586,762.3770333333333,0.0,762.3770333333333,base,base,28,,762.3770333333333,0.0,2.4456500000000005,0.0,0.0,9124.161705276636,9121.444316387748,10800.0,698.5660756433333,0.0,0.2717388888888891,698.5660756433333,0.0,698.5660756433333,0.0
A_base,2025-09-23,2025-09-23,101,2025-09-23 16:50:00,2025-09-23 17:00:00,0.9264,6349.71,1465.3875,6599.87,1558.65,840.2033333333331,0.0,840.2033333333331,base,base,28,,840.2033333333331,26.149583333333112,0.0,0.0,0.0,9121.444316387748,9144.978941387748,10800.0,778.3643679999998,0.0,2.6149583333333104,778.3643679999998,0.0,778.3643679999998,0.0
A_base,2025-09-23,2025-09-23,102,2025-09-23 17:00:00,2025-09-23 17:10:00,0.9462,6441.2731,1178.7512,6444.2201,1230.6499,868.9283666666666,0.0,868.9283666666666,base,base,28,,868.9283666666666,0.0,8.158616666666717,0.0,0.0,9144.978941387748,9135.91381175812,10800.0,822.18002054,0.0,0.9065129629629689,822.18002054,0.0,822.18002054,0.0
A_base,2025-09-23,2025-09-23,103,2025-09-23 17:10:00,2025-09-23 17:20:00,0.9742,6397.9351,917.9154,6365.2663,945.4844,903.2969833333332,0.0,903.2969833333332,base,base,28,,903.2969833333332,0.0,10.039633333333311,0.0,0.0,9135.91381175812,9124.758663609971,10800.0,879.9919211633332,0.0,1.1155148148148128,879.9919211633331,0.0,879.9919211633331,0.0
A_base,2025-09-23,2025-09-23,104,2025-09-23 17:20:00,2025-09-23 17:30:00,0.9862,6368.49,630.1875,6543.08,683.6625,976.5695833333332,0.0,976.5695833333332,base,base,28,,976.5695833333332,20.18583333333322,0.0,0.0,0.0,9124.758663609971,9142.925913609972,10800.0,963.0929230833332,0.0,2.018583333333322,963.0929230833332,0.0,963.0929230833332,0.0
A_base,2025-09-23,2025-09-23,105,2025-09-23 17:30:00,2025-09-23 17:40:00,0.976,6667.634,356.458,6702.631,425.9356,1046.1159,0.0,1046.1159,base,base,28,,1046.1159,0.0,5.746766666666645,0.0,0.0,9142.925913609972,9136.540617313676,10800.0,1021.0091184,0.0,0.6385296296296274,1021.0091184,0.0,1021.0091184,0.0
A_base,2025-09-23,2025-09-23,106,2025-09-23 17:40:00,2025-09-23 17:50:00,1.0742,5886.4358,131.4439,5992.5794,174.4761,969.6838833333333,0.0,969.6838833333333,base,base,28,,969.6838833333333,10.51856666666663,0.0,0.0,0.0,9136.540617313676,9146.007327313677,10800.0,1041.6344274766666,0.0,1.0518566666666627,1041.6344274766666,0.0,1041.6344274766666,0.0
A_base,2025-09-23,2025-09-23,107,2025-09-23 17:50:00,2025-09-23 18:00:00,1.2313,4515.87,0.0,4835.08,0.0,805.8466666666666,0.0,805.8466666666666,base,base,28,,805.8466666666666,53.2016666666666,0.0,0.0,0.0,9146.007327313677,9193.888827313676,10800.0,992.2390006666666,0.0,5.320166666666658,992.2390006666666,0.0,992.2390006666666,0.0
A_base,2025-09-23,2025-09-23,108,2025-09-23 18:00:00,2025-09-23 18:10:00,1.2561,4585.9791,0.0,4585.0492,0.0,764.1748666666667,0.0,764.1748666666667,base,base,28,,764.1748666666667,0.0,0.1549833333331207,0.0,0.0,9193.888827313676,9193.716623609973,10800.0,959.88005002,0.0,0.017220370370346752,959.8800500200001,0.0,959.8800500200001,0.0
A_base,2025-09-23,2025-09-23,109,2025-09-23 18:10:00,2025-09-23 18:20:00,1.2447,4985.787,4.4234,4700.096,6.1848,782.3185333333332,0.0,782.3185333333332,base,base,28,,782.3185333333332,0.0,47.90873333333354,0.0,0.0,9193.716623609973,9140.484697684047,10800.0,973.7518784399998,0.0,5.323192592592617,973.7518784399998,0.0,973.7518784399998,0.0
A_base,2025-09-23,2025-09-23,110,2025-09-23 18:20:00,2025-09-23 18:30:00,1.2545,5006.5,0.0,4806.54,0.0,801.0899999999999,0.0,801.0899999999999,base,base,28,,801.0899999999999,0.0,33.32666666666671,0.0,0.0,9140.484697684047,9103.455068054418,10800.0,1004.967405,0.0,3.7029629629629697,1004.9674049999999,0.0,1004.9674049999999,0.0
A_base,2025-09-23,2025-09-23,111,2025-09-23 18:30:00,2025-09-23 18:40:00,1.2522,5016.9579,0.0,5029.1871,0.0,838.19785,0.0,838.19785,base,base,28,,838.19785,2.0381999999999607,0.0,0.0,0.0,9103.455068054418,9105.289448054418,10800.0,1049.59134777,0.0,0.20381999999999603,1049.59134777,0.0,1049.59134777,0.0
A_base,2025-09-23,2025-09-23,112,2025-09-23 18:40:00,2025-09-23 18:50:00,1.2881,4862.5058,0.3176,4889.8514,0.444,814.9012333333332,0.0,814.9012333333332,base,base,28,,814.9012333333332,4.536533333333296,0.0,0.0,0.0,9105.289448054418,9109.372328054418,10800.0,1049.6742786566665,0.0,0.45365333333332947,1049.6742786566665,0.0,1049.6742786566665,0.0
A_base,2025-09-23,2025-09-23,113,2025-09-23 18:50:00,2025-09-23 19:00:00,1.3466,4664.56,0.0,4602.8,0.0,767.1333333333333,0.0,767.1333333333333,base,base,28,,0.0,0.0,777.4266666666667,0.0,0.0,9109.372328054418,8245.564920647012,9947.62962962963,0.0,0.0,86.38074074074079,0.0,0.0,0.0,0.0
A_base,2025-09-23,2025-09-23,114,2025-09-23 19:00:00,2025-09-23 19:10:00,1.3523,4794.5933,0.0,4878.9151,0.0,813.1525166666667,0.0,813.1525166666667,base,base,28,,0.0,0.0,799.0988833333333,0.0,0.0,8245.564920647012,7357.677272498863,9044.126833333334,0.0,0.0,88.78876481481485,0.0,0.0,0.0,0.0
A_base,2025-09-23,2025-09-23,115,2025-09-23 19:10:00,2025-09-23 19:20:00,1.3445,4953.598,0.0228,5049.4296,0.0319,841.5662833333333,0.0,841.5662833333333,base,base,28,,8.232950000000073,0.0,817.3629166666666,0.0,0.0,7357.677272498863,6449.496253980345,8118.200907407408,11.0692012750001,0.0,90.81810185185188,11.069201275000099,0.0,11.069201275000099,0.0
A_base,2025-09-23,2025-09-23,116,2025-09-23 19:20:00,2025-09-23 19:30:00,1.3483,4906.9,0.0,4902.19,0.0,817.0316666666665,0.0,817.0316666666665,base,base,28,,0.0,0.0,817.8166666666666,0.0,0.0,6449.496253980345,5540.811068795159,7210.387944444445,0.0,0.0,90.86851851851856,0.0,0.0,0.0,0.0
A_base,2025-09-23,2025-09-23,117,2025-09-23 19:30:00,2025-09-23 19:40:00,1.349,4721.0181,0.0,4891.8419,0.0,815.3069833333334,0.0,815.3069833333334,base,base,28,,0.0,0.0,786.83635,0.0,0.0,5540.811068795159,4666.548457684048,6304.491296296296,0.0,0.0,87.42626111111116,0.0,0.0,0.0,0.0
A_base,2025-09-23,2025-09-23,118,2025-09-23 19:40:00,2025-09-23 19:50:00,1.3473,4705.315,0.0016,4903.2757,0.0023,817.2122333333333,0.0,817.2122333333333,base,base,28,,0.0,0.0,784.2189,0.0,0.0,4666.548457684048,3795.194124350715,5396.477703703704,0.0,0.0,87.13543333333337,0.0,0.0,0.0,0.0
A_base,2025-09-23,2025-09-23,119,2025-09-23 19:50:00,2025-09-23 20:00:00,1.3482,4871.47,0.0,4818.68,0.0,803.1133333333333,0.0,803.1133333333333,base,base,28,,0.0,0.0,811.9116666666666,0.0,0.0,3795.194124350715,2893.070050276641,4504.129555555555,0.0,0.0,90.21240740740744,0.0,0.0,0.0,0.0
A_base,2025-09-23,2025-09-23,120,2025-09-23 20:00:00,2025-09-23 20:10:00,1.3513,4963.0687,0.0,4696.702,0.0,782.7836666666667,0.0,782.7836666666667,base,base,28,,0.0,0.0,827.1781166666666,0.0,0.0,2893.070050276641,1973.983253980345,3634.3699259259256,0.0,0.0,91.90867962962966,0.0,0.0,0.0,0.0
A_base,2025-09-23,2025-09-23,121,2025-09-23 20:10:00,2025-09-23 20:20:00,1.34,5061.4062,0.0,4700.0445,0.0,783.34075,0.0,783.34075,base,base,28,,233.76865000000043,0.0,609.7990499999996,0.0,0.0,1973.983253980345,1296.428753980345,3023.7342592592595,313.2499910000006,0.0,67.75544999999998,313.2499910000006,0.0,313.2499910000006,0.0
A_base,2025-09-23,2025-09-23,122,2025-09-23 20:20:00,2025-09-23 20:30:00,1.3489,5038.25,0.0,4852.22,0.0,808.7033333333334,0.0,808.7033333333334,base,base,28,,0.0,0.0,86.78587858231045,752.9224547510228,0.0,1296.428753980345,1200.0,2125.175,0.0,5078.085496068274,9.642875398034498,0.0,5078.085496068274,5078.085496068274,0.0
A_base,2025-09-23,2025-09-23,123,2025-09-23 20:30:00,2025-09-23 20:40:00,1.3952,4709.3717,0.0,4995.945,0.0,832.6574999999999,0.0,832.6574999999999,base,base,28,,0.0,0.0,0.0,784.8952833333333,0.0,1200.0,1200.0,1200.0,0.0,5475.429496533333,0.0,0.0,5475.429496533333,5475.429496533333,0.0
A_base,2025-09-23,2025-09-23,124,2025-09-23 20:40:00,2025-09-23 20:50:00,1.2226,4809.9708,0.0,4921.7777,0.0,820.2962833333332,0.0,820.2962833333332,base,base,28,,820.2962833333332,18.634483333333264,0.0,0.0,0.0,1200.0,1216.771035,1200.0,1002.8942360033332,0.0,1.863448333333326,1002.8942360033332,0.0,1002.8942360033332,0.0
A_base,2025-09-23,2025-09-23,125,2025-09-23 20:50:00,2025-09-23 21:00:00,0.9332,5215.3,0.0,4789.94,0.0,798.3233333333333,0.0,798.3233333333333,base,base,28,,798.3233333333333,0.0,15.093931499999986,55.79940183333345,0.0,1216.771035,1200.0,1200.0,744.9953346666666,260.36000895433386,1.6771034999999992,744.9953346666666,260.36000895433386,1005.3553436210004,0.0
A_base,2025-09-23,2025-09-23,126,2025-09-23 21:00:00,2025-09-23 21:10:00,0.9068,5055.1463,0.0,4921.2572,0.0,820.2095333333333,0.0,820.2095333333333,base,base,28,,820.2095333333333,0.0,0.0,22.31485000000009,0.0,1200.0,1200.0,1200.0,743.7660048266666,101.17552990000044,0.0,743.7660048266666,101.17552990000041,844.941534726667,0.0
A_base,2025-09-23,2025-09-23,127,2025-09-23 21:10:00,2025-09-23 21:20:00,0.9371,4827.5711,0.0,4795.1606,0.0,799.1934333333334,0.0,799.1934333333334,base,base,28,,799.1934333333334,0.0,0.0,5.401749999999993,0.0,1200.0,1200.0,1200.0,748.9241663766667,25.309899624999968,0.0,748.9241663766667,25.309899624999968,774.2340660016666,0.0
A_base,2025-09-23,2025-09-23,128,2025-09-23 21:20:00,2025-09-23 21:30:00,0.9371,4880.29,0.0,4582.3,0.0,763.7166666666667,0.0,763.7166666666667,base,base,28,,763.7166666666667,0.0,0.0,49.66499999999997,0.0,1200.0,1200.0,1200.0,715.6788883333334,232.70535749999985,0.0,715.6788883333334,232.70535749999988,948.3842458333332,0.0
A_base,2025-09-23,2025-09-23,129,2025-09-23 21:30:00,2025-09-23 21:40:00,0.9871,4979.2148,0.0,4908.0858,0.0,818.0142999999999,0.0,818.0142999999999,base,base,28,,818.0142999999999,0.0,0.0,11.854833333333318,0.0,1200.0,1200.0,1200.0,807.4619155299999,58.50952991666659,0.0,807.4619155299999,58.509529916666594,865.9714454466665,0.0
A_base,2025-09-23,2025-09-23,130,2025-09-23 21:40:00,2025-09-23 21:50:00,0.7764,4609.119,0.0,4661.9285,0.0,776.9880833333333,0.0,776.9880833333333,base,base,28,,776.9880833333333,8.801583333333383,0.0,0.0,0.0,1200.0,1207.921425,1200.0,603.2535479,0.0,0.8801583333333381,603.2535479,0.0,603.2535479,0.0
A_base,2025-09-23,2025-09-23,131,2025-09-23 21:50:00,2025-09-23 22:00:00,0.4209,3835.46,0.0,3835.63,0.0,639.2716666666666,0.0,639.2716666666666,base,base,28,,1472.605,833.3333333333333,0.0,0.0,0.0283333333334212,1207.921425,1957.921425,1950.0,619.8194445,0.0,83.3333333333333,619.8194445,0.0,619.8194445,0.0
A_base,2025-09-23,2025-09-23,132,2025-09-23 22:00:00,2025-09-23 22:10:00,0.3859,3320.6494,0.0,3598.3753,0.0,599.7292166666666,0.0,599.7292166666666,base,base,28,,1433.06255,833.3333333333333,0.0,0.0,46.28764999999999,1957.921425,2707.921425,2700.0,553.0188380449999,0.0,83.3333333333333,553.018838045,0.0,553.018838045,0.0
A_base,2025-09-23,2025-09-23,133,2025-09-23 22:10:00,2025-09-23 22:20:00,0.4368,3496.0714,0.0,3658.3589,0.0,609.7264833333334,0.0,609.7264833333334,base,base,28,,609.7264833333334,27.047916666666765,0.0,0.0,0.0,2707.921425,2732.26455,2700.0,266.32852792,0.0,2.704791666666676,266.32852792,0.0,266.32852792,0.0
A_base,2025-09-23,2025-09-23,134,2025-09-23 22:20:00,2025-09-23 22:30:00,0.4198,3883.24,0.0,3679.49,0.0,613.2483333333332,0.0,613.2483333333332,base,base,28,,1446.5816666666665,799.3749999999999,0.0,0.0,0.0,2732.26455,3451.70205,3450.0,607.2749836666666,0.0,79.93749999999997,607.2749836666666,0.0,607.2749836666666,0.0
A_base,2025-09-23,2025-09-23,135,2025-09-23 22:30:00,2025-09-23 22:40:00,0.4186,3580.1991,0.0,3675.7073,0.0,612.6178833333333,0.0,612.6178833333333,base,base,28,,1445.9512166666666,833.3333333333333,0.0,0.0,15.91803333333337,3451.70205,4201.70205,4200.0,605.2751792966667,0.0,83.3333333333333,605.2751792966667,0.0,605.2751792966667,0.0
A_base,2025-09-23,2025-09-23,136,2025-09-23 22:40:00,2025-09-23 22:50:00,0.4241,3332.1137,0.0,3704.1898,0.0,617.3649666666666,0.0,617.3649666666666,base,base,28,,1450.6983,833.3333333333333,0.0,0.0,62.01268333333349,4201.70205,4951.70205,4950.0,615.24114903,0.0,83.3333333333333,615.24114903,0.0,615.24114903,0.0
A_base,2025-09-23,2025-09-23,137,2025-09-23 22:50:00,2025-09-23 23:00:00,0.4237,3416.1,0.0,3714.13,0.0,619.0216666666666,0.0,619.0216666666666,base,base,28,,1452.355,833.3333333333333,0.0,0.0,49.67166666666685,4951.70205,5701.70205,5700.0,615.3628135,0.0,83.3333333333333,615.3628135,0.0,615.3628135,0.0
A_base,2025-09-23,2025-09-23,138,2025-09-23 23:00:00,2025-09-23 23:10:00,0.4248,3387.9352,0.0,3626.4469,0.0,604.4078166666666,0.0,604.4078166666666,base,base,28,,1437.7411499999998,833.3333333333333,0.0,0.0,39.751949999999965,5701.70205,6451.70205,6450.0,610.7524405199999,0.0,83.3333333333333,610.7524405199999,0.0,610.7524405199999,0.0
A_base,2025-09-23,2025-09-23,139,2025-09-23 23:10:00,2025-09-23 23:20:00,0.424,3459.0094,0.0,3690.0841,0.0,615.0140166666666,0.0,615.0140166666666,base,base,28,,1448.34735,833.3333333333333,0.0,0.0,38.51245000000017,6451.70205,7201.70205,7200.0,614.0992764,0.0,83.3333333333333,614.0992764,0.0,614.0992764,0.0
A_base,2025-09-23,2025-09-23,140,2025-09-23 23:20:00,2025-09-23 23:30:00,0.422,3661.95,0.0,3800.23,0.0,633.3716666666667,0.0,633.3716666666667,base,base,28,,1466.705,833.3333333333333,0.0,0.0,23.046666666666734,7201.70205,7951.70205,7950.0,618.9495099999999,0.0,83.3333333333333,618.9495099999999,0.0,618.9495099999999,0.0
A_base,2025-09-23,2025-09-23,141,2025-09-23 23:30:00,2025-09-23 23:40:00,0.424,3702.4038,0.0,3632.9661,0.0,605.4943499999999,0.0,605.4943499999999,base,base,28,,1438.8276833333332,821.7603833333333,0.0,0.0,0.0,7951.70205,8691.286395,8700.0,610.0629377333332,0.0,82.17603833333331,610.0629377333332,0.0,610.0629377333332,0.0
A_base,2025-09-23,2025-09-23,142,2025-09-23 23:40:00,2025-09-23 23:50:00,0.4271,3409.7885,0.0,3700.6194,0.0,616.7699,0.0,616.7699,base,base,28,,1450.1032333333333,833.3333333333333,0.0,0.0,48.471816666666655,8691.286395,9441.286395,9450.0,619.3390909566666,0.0,83.3333333333333,619.3390909566666,0.0,619.3390909566666,0.0
A_base,2025-09-23,2025-09-23,143,2025-09-23 23:50:00,2025-09-24 00:00:00,0.4276,3147.61,0.0,3923.31,0.0,653.885,0.0,653.885,base,base,28,,1117.7311306584354,593.1294639917687,0.0,0.0,0.0,9441.286395,9975.10291259259,9867.461517592592,477.94183146954697,0.0,59.31294639917686,477.94183146954697,0.0,477.94183146954697,0.0
A_base,2025-12-21,2025-12-21,0,2025-12-21 00:00:00,2025-12-21 00:10:00,0.4248,3576.1063,0.0,3556.1474,0.0,592.6912333333332,0.0,592.6912333333332,base,base,28,,1426.0245666666665,830.0068499999999,0.0,0.0,0.0,6477.927864629622,7224.934029629621,7227.927864629622,605.7752359199999,0.0,83.00068499999998,605.7752359199999,0.0,605.7752359199999,0.0
A_base,2025-12-21,2025-12-21,1,2025-12-21 00:10:00,2025-12-21 00:20:00,0.4245,3537.871,0.0,3367.4634,0.0,561.2438999999999,0.0,561.2438999999999,base,base,28,,1394.5772333333332,804.9320666666665,0.0,0.0,0.0,7224.934029629621,7949.372889629622,7977.9278646296225,591.9980355499999,0.0,80.49320666666664,591.9980355499999,0.0,591.9980355499999,0.0
A_base,2025-12-21,2025-12-21,2,2025-12-21 00:20:00,2025-12-21 00:30:00,0.4269,3472.1,0.0,3429.29,0.0,571.5483333333333,0.0,571.5483333333333,base,base,28,,1404.881666666667,826.1983333333334,0.0,0.0,0.0,7949.372889629622,8692.951389629621,8727.927864629622,599.7439835,0.0,82.61983333333332,599.7439835000001,0.0,599.7439835000001,0.0
A_base,2025-12-21,2025-12-21,3,2025-12-21 00:30:00,2025-12-21 00:40:00,0.4272,3388.2602,0.0,3676.387,0.0,612.7311666666667,0.0,612.7311666666667,base,base,28,,1248.3668726337528,683.6568393004195,0.0,0.0,0.0,8692.951389629621,9308.242545,9300.0,533.3023279891393,0.0,68.36568393004194,533.3023279891393,0.0,533.3023279891393,0.0
A_base,2025-12-21,2025-12-21,4,2025-12-21 00:40:00,2025-12-21 00:50:00,0.4271,3299.4233,0.0,3757.6546,0.0,626.2757666666666,0.0,626.2757666666666,base,base,28,,1459.6091,833.3333333333333,0.0,0.0,76.37188333333336,9308.242545,10058.242545,10050.0,623.3990466099999,0.0,83.3333333333333,623.3990466099999,0.0,623.3990466099999,0.0
A_base,2025-12-21,2025-12-21,5,2025-12-21 00:50:00,2025-12-21 01:00:00,0.4285,3349.26,0.0,3650.77,0.0,608.4616666666666,0.0,608.4616666666666,base,base,28,,608.4616666666666,50.25166666666655,0.0,0.0,0.0,10058.242545,10103.469045,10050.0,260.72582416666665,0.0,5.025166666666654,260.72582416666665,0.0,260.72582416666665,0.0
A_base,2025-12-21,2025-12-21,6,2025-12-21 01:00:00,2025-12-21 01:10:00,0.4311,3662.0911,0.0,3636.1785,0.0,606.0297499999999,0.0,606.0297499999999,base,base,28,,606.0297499999999,0.0,4.318766666666761,0.0,0.0,10103.469045,10098.67041537037,10050.0,261.259425225,0.0,0.47986296296297365,261.259425225,0.0,261.259425225,0.0
A_base,2025-12-21,2025-12-21,7,2025-12-21 01:10:00,2025-12-21 01:20:00,0.4302,3799.4157,0.0,3630.4656,0.0,605.0776,0.0,605.0776,base,base,28,,605.0776,0.0,28.15835000000004,0.0,0.0,10098.67041537037,10067.383359814814,10050.0,260.30438352,0.0,3.1287055555555616,260.30438352,0.0,260.30438352,0.0
A_base,2025-12-21,2025-12-21,8,2025-12-21 01:20:00,2025-12-21 01:30:00,0.4279,3736.18,0.0,3593.03,0.0,598.8383333333334,0.0,598.8383333333334,base,base,28,,598.8383333333334,0.0,23.858333333333235,0.0,0.0,10067.383359814814,10040.874100555557,10050.0,256.2429228333333,0.0,2.6509259259259164,256.24292283333335,0.0,256.24292283333335,0.0
A_base,2025-12-21,2025-12-21,9,2025-12-21 01:30:00,2025-12-21 01:40:00,0.4312,3824.9356,0.0,3602.2286,0.0,600.3714333333332,0.0,600.3714333333332,base,base,28,,600.3714333333332,0.0,37.11783333333335,0.0,0.0,10040.874100555557,9999.632063518518,10050.0,258.8801620533333,0.0,4.124203703703707,258.8801620533333,0.0,258.8801620533333,0.0
A_base,2025-12-21,2025-12-21,10,2025-12-21 01:40:00,2025-12-21 01:50:00,0.4333,3734.208,0.0,3658.5023,0.0,609.7503833333333,0.0,609.7503833333333,base,base,28,,609.7503833333333,0.0,12.617616666666663,0.0,0.0,9999.632063518518,9985.612489444444,10050.0,264.2048410983333,0.0,1.4019574074074077,264.2048410983333,0.0,264.2048410983333,0.0
A_base,2025-12-21,2025-12-21,11,2025-12-21 01:50:00,2025-12-21 02:00:00,0.4311,3587.15,0.0,3712.62,0.0,618.77,0.0,618.77,base,base,28,,618.77,20.911666666666637,0.0,0.0,0.0,9985.612489444444,10004.432989444444,10050.0,266.751747,0.0,2.091166666666663,266.75174699999997,0.0,266.75174699999997,0.0
A_base,2025-12-21,2025-12-21,12,2025-12-21 02:00:00,2025-12-21 02:10:00,0.4293,3856.4774,0.0,3725.8178,0.0,620.9696333333333,0.0,620.9696333333333,base,base,28,,620.9696333333333,0.0,21.77660000000003,0.0,0.0,10004.432989444444,9980.23676722222,10050.0,266.58226359,0.0,2.419622222222227,266.58226358999997,0.0,266.58226358999997,0.0
A_base,2025-12-21,2025-12-21,13,2025-12-21 02:10:00,2025-12-21 02:20:00,0.4324,3923.2147,0.0,3808.8429,0.0,634.80715,0.0,634.80715,base,base,28,,634.80715,0.0,19.06196666666665,0.0,0.0,9980.23676722222,9959.05680425926,10050.0,274.49061166,0.0,2.1179962962962953,274.49061166,0.0,274.49061166,0.0
A_base,2025-12-21,2025-12-21,14,2025-12-21 02:20:00,2025-12-21 02:30:00,0.4367,3730.5,0.0,3949.55,0.0,658.2583333333333,0.0,658.2583333333333,base,base,28,,658.2583333333333,36.508333333333326,0.0,0.0,0.0,9959.05680425926,9991.91430425926,10050.0,287.46141416666666,0.0,3.6508333333333316,287.46141416666666,0.0,287.46141416666666,0.0
A_base,2025-12-21,2025-12-21,15,2025-12-21 02:30:00,2025-12-21 02:40:00,0.4348,3819.86,0.0,4008.5848,0.0,668.0974666666666,0.0,668.0974666666666,base,base,28,,668.0974666666666,31.45413333333329,0.0,0.0,0.0,9991.91430425926,10020.223024259258,10050.0,290.4887785066667,0.0,3.145413333333328,290.4887785066667,0.0,290.4887785066667,0.0
A_base,2025-12-21,2025-12-21,16,2025-12-21 02:40:00,2025-12-21 02:50:00,0.4335,3791.4644,0.0,3980.4251,0.0,663.4041833333333,0.0,663.4041833333333,base,base,28,,663.4041833333333,31.493450000000053,0.0,0.0,0.0,10020.223024259258,10048.567129259258,10050.0,287.585713475,0.0,3.1493450000000047,287.585713475,0.0,287.585713475,0.0
A_base,2025-12-21,2025-12-21,17,2025-12-21 02:50:00,2025-12-21 03:00:00,0.4357,3751.73,0.0,3902.28,0.0,650.38,0.0,650.38,base,base,28,,650.38,25.091666666666697,0.0,0.0,0.0,10048.567129259258,10071.149629259258,10050.0,283.370566,0.0,2.509166666666669,283.370566,0.0,283.370566,0.0
A_base,2025-12-21,2025-12-21,18,2025-12-21 03:00:00,2025-12-21 03:10:00,0.4374,4180.5461,0.0,3841.0019,0.0,640.1669833333333,0.0,640.1669833333333,base,base,28,,640.1669833333333,0.0,56.59069999999997,0.0,0.0,10071.149629259258,10008.271073703703,10050.0,280.00903851,0.0,6.287855555555555,280.00903851,0.0,280.00903851,0.0
A_base,2025-12-21,2025-12-21,19,2025-12-21 03:10:00,2025-12-21 03:20:00,0.4371,4115.3327,0.0,3938.1938,0.0,656.3656333333333,0.0,656.3656333333333,base,base,28,,656.3656333333333,0.0,29.523149999999987,0.0,0.0,10008.271073703703,9975.467573703703,10050.0,286.89741833,0.0,3.28035,286.89741833,0.0,286.89741833,0.0
A_base,2025-12-21,2025-12-21,20,2025-12-21 03:20:00,2025-12-21 03:30:00,0.4356,3748.74,0.0,4040.34,0.0,673.39,0.0,673.39,base,base,28,,673.39,48.60000000000002,0.0,0.0,0.0,9975.467573703703,10019.207573703705,10050.0,293.328684,0.0,4.860000000000001,293.328684,0.0,293.328684,0.0
A_base,2025-12-21,2025-12-21,21,2025-12-21 03:30:00,2025-12-21 03:40:00,0.4353,4220.4858,0.0,3859.3277,0.0,643.2212833333333,0.0,643.2212833333333,base,base,28,,643.2212833333333,0.0,60.19301666666672,0.0,0.0,10019.207573703705,9952.326444074071,10050.0,279.994224635,0.0,6.688112962962972,279.994224635,0.0,279.994224635,0.0
A_base,2025-12-21,2025-12-21,22,2025-12-21 03:40:00,2025-12-21 03:50:00,0.436,4423.9257,0.0,3801.431,0.0,633.5718333333333,0.0,633.5718333333333,base,base,28,,633.5718333333333,0.0,103.74911666666662,0.0,0.0,9952.326444074071,9837.049647777776,10050.0,276.23731933333335,0.0,11.52767962962963,276.23731933333335,0.0,276.23731933333335,0.0
A_base,2025-12-21,2025-12-21,23,2025-12-21 03:50:00,2025-12-21 04:00:00,0.4378,4079.15,0.0,3946.69,0.0,657.7816666666666,0.0,657.7816666666666,base,base,28,,657.7816666666666,0.0,22.07666666666671,0.0,0.0,9837.049647777776,9812.520018148149,10050.0,287.97681366666666,0.0,2.452962962962969,287.97681366666666,0.0,287.97681366666666,0.0
A_base,2025-12-21,2025-12-21,24,2025-12-21 04:00:00,2025-12-21 04:10:00,0.4401,4038.9424,0.0,3984.0426,0.0,664.0071,0.0,664.0071,base,base,28,,664.0071,0.0,9.149966666666614,0.0,0.0,9812.520018148149,9802.353388518515,10050.0,292.22952471,0.0,1.0166629629629576,292.22952471,0.0,292.22952471,0.0
A_base,2025-12-21,2025-12-21,25,2025-12-21 04:10:00,2025-12-21 04:20:00,0.4389,4082.3954,0.0,4043.9085,0.0,673.98475,0.0,673.98475,base,base,28,,673.98475,0.0,6.414483333333351,0.0,0.0,9802.353388518515,9795.226184814814,10050.0,295.811906775,0.0,0.7127203703703726,295.811906775,0.0,295.811906775,0.0
A_base,2025-12-21,2025-12-21,26,2025-12-21 04:20:00,2025-12-21 04:30:00,0.4364,4064.87,0.0,4208.34,0.0,701.39,0.0,701.39,base,base,28,,701.39,23.911666666666747,0.0,0.0,0.0,9795.226184814814,9816.746684814814,10050.0,306.086596,0.0,2.391166666666674,306.086596,0.0,306.086596,0.0
A_base,2025-12-21,2025-12-21,27,2025-12-21 04:30:00,2025-12-21 04:40:00,0.4393,4121.8784,0.0,4361.7707,0.0,726.9617833333333,0.0,726.9617833333333,base,base,28,,726.9617833333333,39.98205000000007,0.0,0.0,0.0,9816.746684814814,9852.730529814817,10050.0,319.35431141833334,0.0,3.9982050000000062,319.35431141833334,0.0,319.35431141833334,0.0
A_base,2025-12-21,2025-12-21,28,2025-12-21 04:40:00,2025-12-21 04:50:00,0.4422,4083.6154,0.0,4272.1393,0.0,712.0232166666666,0.0,712.0232166666666,base,base,28,,712.0232166666666,31.42064999999991,0.0,0.0,0.0,9852.730529814817,9881.009114814817,10050.0,314.85666640999995,0.0,3.1420649999999903,314.85666640999995,0.0,314.85666640999995,0.0
A_base,2025-12-21,2025-12-21,29,2025-12-21 04:50:00,2025-12-21 05:00:00,0.4395,4032.31,0.0,4064.68,0.0,677.4466666666666,0.0,677.4466666666666,base,base,28,,677.4466666666666,5.394999999999982,0.0,0.0,0.0,9881.009114814817,9885.864614814816,10050.0,297.73781,0.0,0.5394999999999981,297.73780999999997,0.0,297.73780999999997,0.0
A_base,2025-12-21,2025-12-21,30,2025-12-21 05:00:00,2025-12-21 05:10:00,0.4333,4217.9422,0.0023,4095.3383,0.002,682.5560499999999,0.0,682.5560499999999,base,base,28,,682.5560499999999,0.0,20.43393333333347,0.0,0.0,9885.864614814816,9863.160244444443,10050.0,295.751536465,0.0,2.2704370370370532,295.75153646499996,0.0,295.75153646499996,0.0
A_base,2025-12-21,2025-12-21,31,2025-12-21 05:10:00,2025-12-21 05:20:00,0.4439,4253.2484,0.0,4118.0415,0.0,686.34025,0.0,686.34025,base,base,28,,686.34025,0.0,22.534483333333355,0.0,0.0,9863.160244444443,9838.12192962963,10050.0,304.666436975,0.0,2.5038314814814853,304.666436975,0.0,304.666436975,0.0
A_base,2025-12-21,2025-12-21,32,2025-12-21 05:20:00,2025-12-21 05:30:00,0.4301,4066.58,0.0,4041.16,0.0,673.5266666666666,0.0,673.5266666666666,base,base,28,,673.5266666666666,0.0,4.236666666666679,0.0,0.0,9838.12192962963,9833.41452222222,10050.0,289.6838193333333,0.0,0.4707407407407423,289.6838193333333,0.0,289.6838193333333,0.0
A_base,2025-12-21,2025-12-21,33,2025-12-21 05:30:00,2025-12-21 05:40:00,0.3713,4077.7781,0.0316,4101.2526,0.0285,683.5373499999998,0.0,683.5373499999998,base,base,28,,1516.870683333333,833.3333333333333,0.0,0.0,3.912933333333172,9833.41452222222,10583.41452222222,10800.0,563.2140847216666,0.0,83.3333333333333,563.2140847216666,0.0,563.2140847216666,0.0
A_base,2025-12-21,2025-12-21,34,2025-12-21 05:40:00,2025-12-21 05:50:00,0.5708,4717.7146,0.0,4586.0753,0.0,764.3458833333334,0.0,764.3458833333334,base,base,28,,764.3458833333334,0.0,21.939883333333228,0.0,0.0,10583.41452222222,10559.036874074074,10800.0,436.2886302066667,0.0,2.437764814814804,436.2886302066667,0.0,436.2886302066667,0.0
A_base,2025-12-21,2025-12-21,35,2025-12-21 05:50:00,2025-12-21 06:00:00,0.9099,5490.65,0.0,5227.27,0.0,871.2116666666667,0.0,871.2116666666667,base,base,28,,871.2116666666667,0.0,43.89666666666653,0.0,0.0,10559.036874074074,10510.2628,10800.0,792.7154955000001,0.0,4.877407407407395,792.7154955000001,0.0,792.7154955000001,0.0
A_base,2025-12-21,2025-12-21,36,2025-12-21 06:00:00,2025-12-21 06:10:00,0.9368,5439.318,0.4406,5402.0967,0.3963,900.2833999999999,0.0,900.2833999999999,base,base,28,,225.28339999999992,0.0,681.1961666666667,0.0,0.0,10510.2628,9753.378170370372,10050.0,211.0454891199999,0.0,75.688462962963,211.0454891199999,0.0,211.0454891199999,0.0
A_base,2025-12-21,2025-12-21,37,2025-12-21 06:10:00,2025-12-21 06:20:00,0.8758,5407.8325,0.0,5325.5478,0.0,887.5913,0.0,887.5913,base,base,28,,887.5913,0.0,13.714116666666657,0.0,0.0,9753.378170370372,9738.140262962965,10050.0,777.35246054,0.0,1.5237907407407403,777.35246054,0.0,777.35246054,0.0
A_base,2025-12-21,2025-12-21,38,2025-12-21 06:20:00,2025-12-21 06:30:00,0.8759,5587.05,0.0,5273.41,0.0,878.9016666666666,0.0,878.9016666666666,base,base,28,,878.9016666666666,0.0,52.27333333333331,0.0,0.0,9738.140262962965,9680.058781481484,10050.0,769.8299698333333,0.0,5.808148148148148,769.8299698333333,0.0,769.8299698333333,0.0
A_base,2025-12-21,2025-12-21,39,2025-12-21 06:30:00,2025-12-21 06:40:00,0.8601,5351.2866,6.1366,5332.3028,5.5202,887.7971,0.0,887.7971,base,base,28,,887.7971,0.0,3.061233333333348,0.0,0.0,9680.058781481484,9676.657411111111,10050.0,763.59428571,0.0,0.34013703703703885,763.59428571,0.0,763.59428571,0.0
A_base,2025-12-21,2025-12-21,40,2025-12-21 06:40:00,2025-12-21 06:50:00,0.8442,5233.249,0.0,5448.9625,0.0,908.1604166666666,0.0,908.1604166666666,base,base,28,,908.1604166666666,35.95225000000005,0.0,0.0,0.0,9676.657411111111,9709.01443611111,10050.0,766.66902375,0.0,3.595225000000004,766.66902375,0.0,766.66902375,0.0
A_base,2025-12-21,2025-12-21,41,2025-12-21 06:50:00,2025-12-21 07:00:00,0.8334,5374.2,0.0,5477.09,0.0,912.8483333333334,0.0,912.8483333333334,base,base,28,,912.8483333333334,17.148333333333426,0.0,0.0,0.0,9709.01443611111,9724.44793611111,10050.0,760.7678010000001,0.0,1.714833333333342,760.7678010000001,0.0,760.7678010000001,0.0
A_base,2025-12-21,2025-12-21,42,2025-12-21 07:00:00,2025-12-21 07:10:00,0.8092,5360.7841,172.6829,5311.6794,154.8087,859.4784500000001,0.0,859.4784500000001,base,base,28,,859.4784500000001,0.0,5.2050833333332776,0.0,0.0,9724.44793611111,9718.664510185185,10050.0,695.4899617400001,0.0,0.5783425925925867,695.4899617400001,0.0,695.4899617400001,0.0
A_base,2025-12-21,2025-12-21,43,2025-12-21 07:10:00,2025-12-21 07:20:00,0.7972,5321.3096,420.0356,5235.8538,373.5954,810.3763999999999,0.0,810.3763999999999,base,base,28,,810.3763999999999,0.0,6.5026000000000295,0.0,0.0,9718.664510185185,9711.439399074074,10050.0,646.0320660799999,0.0,0.7225111111111147,646.0320660799999,0.0,646.0320660799999,0.0
A_base,2025-12-21,2025-12-21,44,2025-12-21 07:20:00,2025-12-21 07:30:00,0.7644,5231.72,690.675,5263.95,606.525,776.2375,0.0,776.2375,base,base,28,,776.2375,19.396666666666647,0.0,0.0,0.0,9711.439399074074,9728.896399074074,10050.0,593.3559449999999,0.0,1.9396666666666642,593.3559449999999,0.0,593.3559449999999,0.0
A_base,2025-12-21,2025-12-21,45,2025-12-21 07:30:00,2025-12-21 07:40:00,0.6899,5065.8847,996.7377,5254.4509,867.132,731.2198166666667,0.0,731.2198166666667,base,base,28,,1564.55315,833.3333333333333,0.0,0.0,53.0286500000002,9728.896399074074,10478.896399074074,10800.0,1079.385218185,0.0,83.3333333333333,1079.385218185,0.0,1079.385218185,0.0
A_base,2025-12-21,2025-12-21,46,2025-12-21 07:40:00,2025-12-21 07:50:00,0.86,5889.1246,1276.7125,5860.266,1127.5925,788.7789166666666,0.0,788.7789166666666,base,base,28,,788.7789166666666,20.04356666666672,0.0,0.0,0.0,10478.896399074074,10496.935609074077,10800.0,678.3498683333333,0.0,2.0043566666666717,678.3498683333333,0.0,678.3498683333333,0.0
A_base,2025-12-21,2025-12-21,47,2025-12-21 07:50:00,2025-12-21 08:00:00,1.1617,7180.79,1539.8625,6843.61,1391.4,908.7016666666664,0.0,908.7016666666664,base,base,28,,75.36833333333323,0.0,833.3333333333333,31.452916666666734,0.0,10496.935609074077,9571.00968314815,9874.074074074077,87.5553928333332,182.69426645833371,92.59259259259262,87.5553928333332,182.69426645833371,270.24965929166694,182.69426645833371
A_base,2025-12-21,2025-12-21,48,2025-12-21 08:00:00,2025-12-21 08:10:00,1.1683,7254.351,1860.1541,7193.4429,1682.7674,918.4459166666668,0.0,918.4459166666668,base,base,28,,85.11258333333342,0.0,813.9202333333332,0.0,0.0,9571.00968314815,8666.653868333335,8948.14814814815,99.43703110833344,0.0,90.4355814814815,99.43703110833343,0.0,99.43703110833343,0.0
A_base,2025-12-21,2025-12-21,49,2025-12-21 08:10:00,2025-12-21 08:20:00,1.0956,7152.8955,2211.6206,7169.2307,1942.6551,871.0959333333333,0.0,871.0959333333333,base,base,28,,37.76260000000002,0.0,785.7832166666665,0.0,0.0,8666.653868333335,7793.561405370372,8022.222222222223,41.37270456000002,0.0,87.30924629629631,41.37270456000002,0.0,41.37270456000002,0.0
A_base,2025-12-21,2025-12-21,50,2025-12-21 08:20:00,2025-12-21 08:30:00,1.0849,7367.01,2579.625,7137.33,2176.275,826.8425,0.0,826.8425,base,base,28,,0.0,0.0,797.8975,0.0,0.0,7793.561405370372,6907.008627592594,7103.508333333335,0.0,0.0,88.65527777777783,0.0,0.0,0.0,0.0
A_base,2025-12-21,2025-12-21,51,2025-12-21 08:30:00,2025-12-21 08:40:00,1.061,7333.1326,2953.1787,7192.1147,2447.0445,790.8450333333333,0.0,790.8450333333333,base,base,28,,0.0,0.0,729.9923166666667,0.0,0.0,6907.008627592594,6095.90605351852,6224.791629629632,0.0,0.0,81.11025740740745,0.0,0.0,0.0,0.0
A_base,2025-12-21,2025-12-21,52,2025-12-21 08:40:00,2025-12-21 08:50:00,1.043,7276.0603,3195.6035,7234.7979,2711.8548,753.8238499999999,0.0,753.8238499999999,base,base,28,,0.0,0.0,680.0761333333332,0.0,0.0,6095.90605351852,5340.265905370372,5387.209574074076,0.0,0.0,75.56401481481484,0.0,0.0,0.0,0.0
A_base,2025-12-21,2025-12-21,53,2025-12-21 08:50:00,2025-12-21 09:00:00,1.036,7255.65,3341.5875,7206.45,2963.2125,707.2062499999998,0.0,707.2062499999998,base,base,28,,0.0,0.0,652.3437499999999,0.0,0.0,5340.265905370372,4615.439516481483,4601.424851851854,0.0,0.0,72.48263888888891,0.0,0.0,0.0,0.0
A_base,2025-12-21,2025-12-21,54,2025-12-21 09:00:00,2025-12-21 09:10:00,1.0147,7076.8086,3572.7867,7154.2553,3236.2485,653.0011333333332,0.0,653.0011333333332,base,base,28,,0.0,0.0,584.00365,0.0,0.0,4615.439516481483,3966.546572037039,3875.86803703704,0.0,0.0,64.88929444444447,0.0,0.0,0.0,0.0
A_base,2025-12-21,2025-12-21,55,2025-12-21 09:10:00,2025-12-21 09:20:00,0.9922,7014.1683,3848.0561,7197.8707,3485.5191,618.7252666666667,0.0,618.7252666666667,base,base,28,,0.0,0.0,527.6853666666667,0.0,0.0,3966.546572037039,3380.229497962965,3188.395518518521,0.0,0.0,58.63170740740744,0.0,0.0,0.0,0.0
A_base,2025-12-21,2025-12-21,56,2025-12-21 09:20:00,2025-12-21 09:30:00,0.97,7150.59,4116.6,7265.28,3682.8375,597.0737499999999,0.0,597.0737499999999,base,base,28,,0.0,0.0,505.665,0.0,0.0,3380.229497962965,2818.379497962965,2524.9802407407437,0.0,0.0,56.18500000000003,0.0,0.0,0.0,0.0
A_base,2025-12-21,2025-12-21,57,2025-12-21 09:30:00,2025-12-21 09:40:00,0.9422,7259.4501,4370.6969,7159.0986,3870.6809,548.0696166666667,0.0,548.0696166666667,base,base,28,,548.0696166666667,66.61075,0.0,0.0,0.0,2818.379497962965,2878.329172962965,2524.9802407407437,516.3911928233333,0.0,6.6610749999999985,516.3911928233333,0.0,516.3911928233333,0.0
A_base,2025-12-21,2025-12-21,58,2025-12-21 09:40:00,2025-12-21 09:50:00,0.9569,7142.682,4583.0793,7013.0091,4209.5459,467.2438666666667,0.0,467.2438666666667,base,base,28,,467.2438666666667,40.64341666666678,0.0,0.0,0.0,2878.329172962965,2914.908247962965,2524.9802407407437,447.1056560133333,0.0,4.064341666666677,447.1056560133333,0.0,447.1056560133333,0.0
A_base,2025-12-21,2025-12-21,59,2025-12-21 09:50:00,2025-12-21 10:00:00,0.9977,6912.23,4750.3875,6980.68,4610.2125,395.07791666666674,0.0,395.07791666666674,base,base,28,,0.0,0.0,360.30708333333325,0.0,0.0,2914.908247962965,2514.5670442592614,2086.0047777777804,0.0,0.0,40.03412037037038,0.0,0.0,0.0,0.0
A_base,2025-12-21,2025-12-21,60,2025-12-21 10:00:00,2025-12-21 10:10:00,0.9919,6873.3728,4886.2111,7094.7959,4852.7288,373.67785,0.0,373.67785,base,base,28,,0.0,0.0,331.19361666666657,0.0,0.0,2514.5670442592614,2146.574136851854,1670.8071666666692,0.0,0.0,36.799290740740744,0.0,0.0,0.0,0.0
A_base,2025-12-21,2025-12-21,61,2025-12-21 10:10:00,2025-12-21 10:20:00,0.9588,6913.1885,4956.6279,7168.5149,5281.359,314.5259833333333,0.0,314.5259833333333,base,base,28,,75.0329499999977,0.0,251.0604833333356,0.0,0.0,2146.574136851854,1867.6180442592588,1404.7037962962963,71.94159245999779,0.0,27.895609259259526,71.94159245999779,0.0,71.94159245999779,0.0
A_base,2025-12-21,2025-12-21,62,2025-12-21 10:20:00,2025-12-21 10:30:00,0.9549,6951.47,4960.7625,7054.17,5746.0125,218.02625000000003,0.0,218.02625000000003,base,base,28,,218.02625000000003,0.0,113.75833333333335,0.0,0.0,1867.6180442592588,1741.2198961111103,1404.7037962962963,208.19326612500004,0.0,12.639814814814823,208.19326612500004,0.0,208.19326612500004,0.0
A_base,2025-12-21,2025-12-21,63,2025-12-21 10:30:00,2025-12-21 10:40:00,0.9839,7040.6919,4946.2149,6816.159,5710.7585,184.2334166666666,0.0,184.2334166666666,base,base,28,,0.0,0.0,349.07949999999994,0.0,0.0,1741.2198961111103,1353.3537849999996,1200.0,0.0,0.0,38.78661111111112,0.0,0.0,0.0,0.0
A_base,2025-12-21,2025-12-21,64,2025-12-21 10:40:00,2025-12-21 10:50:00,0.799,7195.1724,4968.8079,6956.2799,5630.2118,221.01135000000005,0.0,221.01135000000005,base,base,28,,221.01135000000005,0.0,138.0184064999996,12.030993500000449,0.0,1353.3537849999996,1200.0,1200.0,176.58806865000005,48.0638190325018,15.335378499999962,176.58806865000005,48.06381903250179,224.65188768250184,0.0
A_base,2025-12-21,2025-12-21,65,2025-12-21 10:50:00,2025-12-21 11:00:00,0.5025,7266.62,4979.2125,7231.77,5759.025,245.45750000000007,0.0,245.45750000000007,base,base,28,,1078.7908333333337,697.5562500000001,0.0,0.0,0.0,1200.0,1827.800625,1950.0,542.09239375,0.0,69.755625,542.0923937500002,0.0,542.0923937500002,0.0
A_base,2025-12-21,2025-12-21,66,2025-12-21 11:00:00,2025-12-21 11:10:00,0.4662,7080.5804,4907.9946,6895.6312,5911.9944,163.9394666666667,0.0,163.9394666666667,base,base,28,,997.2728,635.1751666666667,0.0,0.0,0.0,1827.800625,2399.458275,2700.0,464.92857936,0.0,63.51751666666665,464.92857935999996,0.0,464.92857935999996,0.0
A_base,2025-12-21,2025-12-21,67,2025-12-21 11:10:00,2025-12-21 11:20:00,0.5007,6948.6094,5015.1025,6569.4148,5966.7895,100.43754999999994,0.0,100.43754999999994,base,base,28,,933.7708833333332,611.5197333333332,0.0,0.0,0.0,2399.458275,2949.826035,3450.0,467.539081285,0.0,61.1519733333333,467.539081285,0.0,467.539081285,0.0
A_base,2025-12-21,2025-12-21,68,2025-12-21 11:20:00,2025-12-21 11:30:00,0.4827,6954.16,5256.3375,6633.54,5909.1375,120.73375,0.0,120.73375,base,base,28,,954.0670833333332,671.0966666666666,0.0,0.0,0.0,2949.826035,3553.813035,4200.0,460.528181125,0.0,67.10966666666664,460.52818112499995,0.0,460.52818112499995,0.0
A_base,2025-12-21,2025-12-21,69,2025-12-21 11:30:00,2025-12-21 11:40:00,0.4785,6860.0706,5348.0182,6836.8731,5820.8581,169.33583333333323,0.0,169.33583333333323,base,base,28,,1002.6691666666665,750.6604333333332,0.0,0.0,0.0,3553.813035,4229.407425,4950.0,479.7771962499999,0.0,75.06604333333331,479.77719624999986,0.0,479.77719624999986,0.0
A_base,2025-12-21,2025-12-21,70,2025-12-21 11:40:00,2025-12-21 11:50:00,0.4662,6565.9337,5577.6892,6790.7755,5813.7308,162.84078333333323,0.0,162.84078333333323,base,base,28,,996.1741166666664,831.4666999999998,0.0,0.0,0.0,4229.407425,4977.727455,5700.0,464.4163731899999,0.0,83.14666999999997,464.41637318999983,0.0,464.41637318999983,0.0
A_base,2025-12-21,2025-12-21,71,2025-12-21 11:50:00,2025-12-21 12:00:00,0.4432,6330.9,5890.8,6491.37,5891.5875,99.96375000000003,0.0,99.96375000000003,base,base,28,,933.2970833333331,833.3333333333333,0.0,0.0,26.613750000000092,4977.727455,5727.727455,6450.0,413.6372673333333,0.0,83.3333333333333,413.6372673333332,0.0,413.6372673333332,0.0
A_base,2025-12-21,2025-12-21,72,2025-12-21 12:00:00,2025-12-21 12:10:00,0.4411,6501.863,5904.8948,6294.9218,5973.4043,53.58624999999999,0.0,53.58624999999999,base,base,28,,886.9195833333332,787.4248833333331,0.0,0.0,0.0,5727.727455,6436.40985,7200.0,391.22022820833325,0.0,78.7424883333333,391.22022820833325,0.0,391.22022820833325,0.0
A_base,2025-12-21,2025-12-21,73,2025-12-21 12:10:00,2025-12-21 12:20:00,0.4551,6520.3344,5868.1645,6333.9076,6089.1559,40.79194999999997,0.0,40.79194999999997,base,base,28,,874.1252833333332,765.4302999999999,0.0,0.0,0.0,6436.40985,7125.29712,7950.0,397.814416445,0.0,76.54302999999997,397.81441644499995,0.0,397.81441644499995,0.0
A_base,2025-12-21,2025-12-21,74,2025-12-21 12:20:00,2025-12-21 12:30:00,0.4463,6273.31,5864.7,6365.04,6127.4625,39.596250000000055,0.0,39.596250000000055,base,base,28,,872.9295833333333,804.8279166666665,0.0,0.0,0.0,7125.29712,7849.642245,8700.0,389.58847304166665,0.0,80.48279166666663,389.58847304166665,0.0,389.58847304166665,0.0
A_base,2025-12-21,2025-12-21,75,2025-12-21 12:30:00,2025-12-21 12:40:00,0.4113,6234.7567,5722.7661,6091.6909,5920.7826,28.484716666666674,0.0,28.484716666666674,base,base,28,,861.81805,776.4862833333333,0.0,0.0,0.0,7849.642245,8548.4799,9450.0,354.465763965,0.0,77.6486283333333,354.465763965,0.0,354.465763965,0.0
A_base,2025-12-21,2025-12-21,76,2025-12-21 12:40:00,2025-12-21 12:50:00,0.5682,6512.763,5549.8704,6220.5541,5742.7536,79.6334166666667,0.0,79.6334166666667,base,base,28,,912.96675,752.4846499999999,0.0,0.0,0.0,8548.4799,9225.716085,10200.0,518.74770735,0.0,75.24846499999997,518.74770735,0.0,518.74770735,0.0
A_base,2025-12-21,2025-12-21,77,2025-12-21 12:50:00,2025-12-21 13:00:00,0.8279,6836.44,5390.4375,6701.4,5623.725,179.61249999999987,0.0,179.61249999999987,base,base,28,,179.61249999999987,0.0,61.38791666666671,0.0,0.0,9225.716085,9157.507288703704,10200.0,148.7011887499999,0.0,6.820879629629638,148.7011887499999,0.0,148.7011887499999,0.0
A_base,2025-12-21,2025-12-21,78,2025-12-21 13:00:00,2025-12-21 13:10:00,0.8636,6797.3346,5211.4597,6744.871,5343.815,233.50933333333344,0.0,233.50933333333344,base,base,28,,233.50933333333344,0.0,30.80314999999985,0.0,0.0,9157.507288703704,9123.281566481484,10200.0,201.65866026666677,0.0,3.422572222222207,201.65866026666677,0.0,201.65866026666677,0.0
A_base,2025-12-21,2025-12-21,79,2025-12-21 13:10:00,2025-12-21 13:20:00,0.8416,6554.3856,5202.0686,6634.9633,5094.9115,256.6753,0.0,256.6753,base,base,28,,256.6753,31.289133333333325,0.0,0.0,0.0,9123.281566481484,9151.441786481482,10200.0,216.01793248,0.0,3.128913333333332,216.01793247999998,0.0,216.01793247999998,0.0
A_base,2025-12-21,2025-12-21,80,2025-12-21 13:20:00,2025-12-21 13:30:00,0.8618,6350.08,5287.95,6593.66,4968.1875,270.91208333333327,0.0,270.91208333333327,base,base,28,,270.91208333333327,93.8904166666666,0.0,0.0,0.0,9151.441786481482,9235.943161481482,10200.0,233.47203341666665,0.0,9.389041666666657,233.47203341666662,0.0,233.47203341666662,0.0
A_base,2025-12-21,2025-12-21,81,2025-12-21 13:30:00,2025-12-21 13:40:00,0.8623,6333.408,5178.3498,6524.9679,4861.622,277.22431666666654,0.0,277.22431666666654,base,base,28,,277.22431666666654,84.71461666666647,0.0,0.0,0.0,9235.943161481482,9312.186316481482,10200.0,239.05052826166656,0.0,8.471461666666645,239.05052826166656,0.0,239.05052826166656,0.0
A_base,2025-12-21,2025-12-21,82,2025-12-21 13:40:00,2025-12-21 13:50:00,0.9026,6515.4464,4993.7017,6428.5754,4729.9833,283.09868333333327,0.0,283.09868333333327,base,base,28,,283.09868333333327,29.47456666666659,0.0,0.0,0.0,9312.186316481482,9338.71342648148,10200.0,255.52487157666656,0.0,2.947456666666658,255.52487157666658,0.0,255.52487157666658,0.0
A_base,2025-12-21,2025-12-21,83,2025-12-21 13:50:00,2025-12-21 14:00:00,0.9754,6658.81,4847.5125,6371.24,4528.9125,307.0545833333332,0.0,307.0545833333332,base,base,28,,0.0,0.0,301.88291666666674,0.0,0.0,9338.71342648148,9003.287963518518,9858.82824074074,0.0,0.0,33.54254629629632,0.0,0.0,0.0,0.0
A_base,2025-12-21,2025-12-21,84,2025-12-21 14:00:00,2025-12-21 14:10:00,1.0002,6474.7834,4705.4039,6434.9471,4241.2745,365.6121,0.0,365.6121,base,base,28,,0.0,0.0,294.8965833333333,0.0,0.0,9003.287963518518,8675.625093148148,9452.592574074071,0.0,0.0,32.766287037037046,0.0,0.0,0.0,0.0
A_base,2025-12-21,2025-12-21,85,2025-12-21 14:10:00,2025-12-21 14:20:00,0.9978,6311.1097,4404.8152,6598.029,4012.9491,430.84665000000007,0.0,430.84665000000007,base,base,28,,0.0,0.0,317.71575,0.0,0.0,8675.625093148148,8322.607593148148,8973.874074074072,0.0,0.0,35.30175000000002,0.0,0.0,0.0,0.0
A_base,2025-12-21,2025-12-21,86,2025-12-21 14:20:00,2025-12-21 14:30:00,1.0271,6293.57,3988.3875,6653.62,3841.8375,468.6304166666666,0.0,468.6304166666666,base,base,28,,0.0,0.0,384.1970833333333,0.0,0.0,8322.607593148148,7895.721945,8453.17361111111,0.0,0.0,42.68856481481483,0.0,0.0,0.0,0.0
A_base,2025-12-21,2025-12-21,87,2025-12-21 14:30:00,2025-12-21 14:40:00,1.0906,6241.0875,3658.7815,6413.1096,3600.3157,468.7989833333333,0.0,468.7989833333333,base,base,28,,0.0,0.0,430.3843333333333,0.0,0.0,7895.721945,7417.517130185185,7932.285851851851,0.0,0.0,47.8204814814815,0.0,0.0,0.0,0.0
A_base,2025-12-21,2025-12-21,88,2025-12-21 14:40:00,2025-12-21 14:50:00,0.9376,6267.633,3321.4365,6368.7625,3406.0952,493.7778833333333,0.0,493.7778833333333,base,base,28,,0.0,0.0,491.03275,0.0,0.0,7417.517130185185,6871.925185740741,7383.643759259258,0.0,0.0,54.55919444444447,0.0,0.0,0.0,0.0
A_base,2025-12-21,2025-12-21,89,2025-12-21 14:50:00,2025-12-21 15:00:00,0.6694,6308.83,2957.5875,6558.06,3254.2875,550.6287500000001,0.0,550.6287500000001,base,base,28,,1383.962083333333,825.4216666666667,0.0,0.0,0.0,6871.925185740741,7614.804685740741,8133.643759259258,926.4242185833332,0.0,82.54216666666666,926.4242185833332,0.0,926.4242185833332,0.0
A_base,2025-12-21,2025-12-21,90,2025-12-21 15:00:00,2025-12-21 15:10:00,0.66,6184.3165,2665.595,6527.0274,3001.2809,587.6244166666665,0.0,587.6244166666665,base,base,28,,1420.9577499999998,833.3333333333333,0.0,0.0,1.1708333333332348,7614.804685740741,8364.80468574074,8883.64375925926,937.832115,0.0,83.3333333333333,937.8321149999999,0.0,937.8321149999999,0.0
A_base,2025-12-21,2025-12-21,91,2025-12-21 15:10:00,2025-12-21 15:20:00,0.7217,6249.441,2404.6045,6364.202,2691.9936,612.0347333333334,0.0,612.0347333333334,base,base,28,,1445.368066666667,804.5619833333334,0.0,0.0,0.0,8364.80468574074,9088.91047074074,9633.64375925926,1043.1221337133334,0.0,80.45619833333332,1043.1221337133336,0.0,1043.1221337133336,0.0
A_base,2025-12-21,2025-12-21,92,2025-12-21 15:20:00,2025-12-21 15:30:00,0.7308,6412.99,2166.8625,6331.14,2406.45,654.115,0.0,654.115,base,base,28,,1487.4483333333333,779.7604166666667,0.0,0.0,0.0,9088.91047074074,9790.69484574074,10383.64375925926,1087.027242,0.0,77.97604166666666,1087.027242,0.0,1087.027242,0.0
A_base,2025-12-21,2025-12-21,93,2025-12-21 15:30:00,2025-12-21 15:40:00,0.7534,6229.2355,1977.0681,6556.5547,2180.4541,729.3500999999999,0.0,729.3500999999999,base,base,28,,1191.9681452674895,483.2735786008228,0.0,0.0,0.0,9790.69484574074,10225.64106648148,10800.0,898.0288006445265,0.0,48.32735786008227,898.0288006445265,0.0,898.0288006445265,0.0
A_base,2025-12-21,2025-12-21,94,2025-12-21 15:40:00,2025-12-21 15:50:00,0.7823,6140.1248,1719.0539,6541.9728,1933.1371,768.1392833333332,0.0,768.1392833333332,base,base,28,,768.1392833333332,31.29413333333332,0.0,0.0,0.0,10225.64106648148,10253.805786481482,10800.0,600.9153613516665,0.0,3.129413333333331,600.9153613516665,0.0,600.9153613516665,0.0
A_base,2025-12-21,2025-12-21,95,2025-12-21 15:50:00,2025-12-21 16:00:00,0.8055,6190.42,1414.8375,6227.88,1643.9625,763.9862499999999,0.0,763.9862499999999,base,base,28,,763.9862499999999,0.0,31.94416666666677,0.0,0.0,10253.805786481482,10218.312267962963,10800.0,615.3909243749999,0.0,3.549351851851865,615.3909243749999,0.0,615.3909243749999,0.0
A_base,2025-12-21,2025-12-21,96,2025-12-21 16:00:00,2025-12-21 16:10:00,0.8271,6007.344,1199.0528,6048.8829,1362.8216,781.0102166666666,0.0,781.0102166666666,base,base,28,,781.0102166666666,0.0,20.371650000000045,0.0,0.0,10218.312267962963,10195.677101296296,10800.0,645.9735502049999,0.0,2.2635166666666726,645.9735502049999,0.0,645.9735502049999,0.0
A_base,2025-12-21,2025-12-21,97,2025-12-21 16:10:00,2025-12-21 16:20:00,0.8519,6021.8302,965.9713,6034.5319,1065.7366,828.1325499999999,0.0,828.1325499999999,base,base,28,,828.1325499999999,0.0,14.510600000000068,0.0,0.0,10195.677101296296,10179.554212407407,10800.0,705.4861193449999,0.0,1.612288888888897,705.4861193449999,0.0,705.4861193449999,0.0
A_base,2025-12-21,2025-12-21,98,2025-12-21 16:20:00,2025-12-21 16:30:00,0.8791,6231.28,680.625,6170.79,750.375,903.4025,0.0,903.4025,base,base,28,,903.4025,0.0,21.706666666666703,0.0,0.0,10179.554212407407,10155.435693888889,10800.0,794.18113775,0.0,2.411851851851857,794.1811377500001,0.0,794.1811377500001,0.0
A_base,2025-12-21,2025-12-21,99,2025-12-21 16:30:00,2025-12-21 16:40:00,0.9024,6177.7882,419.0314,6408.9188,450.0255,993.1488833333334,0.0,993.1488833333334,base,base,28,,993.1488833333334,33.35608333333346,0.0,0.0,0.0,10155.435693888889,10185.456168888888,10800.0,896.2175523200001,0.0,3.335608333333345,896.2175523200001,0.0,896.2175523200001,0.0
A_base,2025-12-21,2025-12-21,100,2025-12-21 16:40:00,2025-12-21 16:50:00,0.9163,6130.9976,173.8125,6333.2123,178.5296,1025.78045,0.0,1025.78045,base,base,28,,1025.78045,32.91626666666673,0.0,0.0,0.0,10185.456168888888,10215.080808888888,10800.0,939.922626335,0.0,3.291626666666672,939.922626335,0.0,939.922626335,0.0
A_base,2025-12-21,2025-12-21,101,2025-12-21 16:50:00,2025-12-21 17:00:00,0.9264,6172.78,0.0,6089.53,0.0,1014.9216666666666,0.0,1014.9216666666666,base,base,28,,1014.9216666666666,0.0,13.875,0.0,0.0,10215.080808888888,10199.664142222222,10800.0,940.223432,0.0,1.5416666666666674,940.223432,0.0,940.223432,0.0
A_base,2025-12-21,2025-12-21,102,2025-12-21 17:00:00,2025-12-21 17:10:00,0.9462,6112.1742,0.0,6226.7838,0.0,1037.7973,0.0,1037.7973,base,base,28,,1037.7973,19.10159999999996,0.0,0.0,0.0,10199.664142222222,10216.855582222222,10800.0,981.96380526,0.0,1.9101599999999954,981.96380526,0.0,981.96380526,0.0
A_base,2025-12-21,2025-12-21,103,2025-12-21 17:10:00,2025-12-21 17:20:00,0.9742,6160.7027,6.2009,6316.685,6.2357,1051.74155,0.0,1051.74155,base,base,28,,1051.74155,25.99125000000004,0.0,0.0,0.0,10216.855582222222,10240.247707222225,10800.0,1024.60661801,0.0,2.5991250000000035,1024.60661801,0.0,1024.60661801,0.0
A_base,2025-12-21,2025-12-21,104,2025-12-21 17:20:00,2025-12-21 17:30:00,0.9862,6338.77,0.0,6285.57,0.0,1047.5949999999998,0.0,1047.5949999999998,base,base,28,,1047.5949999999998,0.0,8.866666666666788,0.0,0.0,10240.247707222225,10230.39585537037,10800.0,1033.1381889999998,0.0,0.985185185185199,1033.1381889999998,0.0,1033.1381889999998,0.0
A_base,2025-12-21,2025-12-21,105,2025-12-21 17:30:00,2025-12-21 17:40:00,0.976,6290.0948,0.0,6346.6991,0.0,1057.7831833333332,0.0,1057.7831833333332,base,base,28,,1057.7831833333332,9.43405000000007,0.0,0.0,0.0,10230.39585537037,10238.88650037037,10800.0,1032.3963869333331,0.0,0.9434050000000068,1032.3963869333331,0.0,1032.3963869333331,0.0
A_base,2025-12-21,2025-12-21,106,2025-12-21 17:40:00,2025-12-21 17:50:00,1.0742,5392.9058,0.4452,5515.747,0.4477,919.21655,0.0,919.21655,base,base,28,,919.21655,20.473116666666783,0.0,0.0,0.0,10238.88650037037,10257.312305370371,10800.0,987.42241801,0.0,2.047311666666678,987.42241801,0.0,987.42241801,0.0
A_base,2025-12-21,2025-12-21,107,2025-12-21 17:50:00,2025-12-21 18:00:00,1.2313,4275.8,0.0,4303.33,0.0,717.2216666666666,0.0,717.2216666666666,base,base,28,,717.2216666666666,4.588333333333253,0.0,0.0,0.0,10257.312305370371,10261.44180537037,10800.0,883.1150381666666,0.0,0.4588333333333252,883.1150381666666,0.0,883.1150381666666,0.0
A_base,2025-12-21,2025-12-21,108,2025-12-21 18:00:00,2025-12-21 18:10:00,1.2561,4292.4867,0.0,4324.9496,0.0,720.8249333333333,0.0,720.8249333333333,base,base,28,,720.8249333333333,5.410483333333332,0.0,0.0,0.0,10261.44180537037,10266.31124037037,10800.0,905.42819876,0.0,0.541048333333333,905.42819876,0.0,905.42819876,0.0
A_base,2025-12-21,2025-12-21,109,2025-12-21 18:10:00,2025-12-21 18:20:00,1.2447,4489.6396,0.032,4468.0789,0.0321,744.6744666666666,0.0,744.6744666666666,base,base,28,,744.6744666666666,0.0,3.5934666666667,0.0,0.0,10266.31124037037,10262.31849962963,10800.0,926.8963086599998,0.0,0.39927407407407794,926.8963086599998,0.0,926.8963086599998,0.0
A_base,2025-12-21,2025-12-21,110,2025-12-21 18:20:00,2025-12-21 18:30:00,1.2545,4380.05,0.0,4202.04,0.0,700.3399999999999,0.0,700.3399999999999,base,base,28,,700.3399999999999,0.0,29.668333333333408,0.0,0.0,10262.31849962963,10229.353684814814,10800.0,878.5765299999998,0.0,3.296481481481491,878.5765299999998,0.0,878.5765299999998,0.0
A_base,2025-12-21,2025-12-21,111,2025-12-21 18:30:00,2025-12-21 18:40:00,1.2522,4406.0663,0.0,4124.9898,0.0,687.4983,0.0,687.4983,base,base,28,,687.4983,0.0,46.84608333333336,0.0,0.0,10229.353684814814,10177.30248111111,10800.0,860.8853712599999,0.0,5.205120370370376,860.8853712599999,0.0,860.8853712599999,0.0
A_base,2025-12-21,2025-12-21,112,2025-12-21 18:40:00,2025-12-21 18:50:00,1.2881,4500.5016,0.0023,4217.5756,0.0023,702.9288833333333,0.0,702.9288833333333,base,base,28,,110.61005000000102,0.0,639.4731666666655,0.0,0.0,10177.30248111111,9466.776740370373,10141.867962962964,142.47680540500133,0.0,71.05257407407397,142.47680540500133,0.0,142.47680540500133,0.0
A_base,2025-12-21,2025-12-21,113,2025-12-21 18:50:00,2025-12-21 19:00:00,1.3466,4490.76,0.0,4331.65,0.0,721.9416666666666,0.0,721.9416666666666,base,base,28,,0.0,0.0,748.46,0.0,0.0,9466.776740370373,8635.154518148149,9339.710555555555,0.0,0.0,83.16222222222227,0.0,0.0,0.0,0.0
A_base,2025-12-21,2025-12-21,114,2025-12-21 19:00:00,2025-12-21 19:10:00,1.3523,4334.8994,0.0,4392.2898,0.0,732.0482999999999,0.0,732.0482999999999,base,base,28,,0.0,0.0,722.4832333333334,0.0,0.0,8635.154518148149,7832.39537,8526.323555555557,0.0,0.0,80.27591481481485,0.0,0.0,0.0,0.0
A_base,2025-12-21,2025-12-21,115,2025-12-21 19:10:00,2025-12-21 19:20:00,1.3445,4356.9931,0.0,4452.6765,0.0,742.1127499999999,0.0,742.1127499999999,base,base,28,,0.0,0.0,726.1655166666666,0.0,0.0,7832.39537,7025.544795925926,7701.753833333334,0.0,0.0,80.68505740740743,0.0,0.0,0.0,0.0
A_base,2025-12-21,2025-12-21,116,2025-12-21 19:20:00,2025-12-21 19:30:00,1.3483,4466.59,0.0,4460.15,0.0,743.3583333333332,0.0,743.3583333333332,base,base,28,,0.0,0.0,744.4316666666666,0.0,0.0,7025.544795925926,6198.39849962963,6875.800129629631,0.0,0.0,82.71462962962966,0.0,0.0,0.0,0.0
A_base,2025-12-21,2025-12-21,117,2025-12-21 19:30:00,2025-12-21 19:40:00,1.349,4301.5722,0.0,4319.3481,0.0,719.89135,0.0,719.89135,base,base,28,,0.0,0.0,716.9286999999999,0.0,0.0,6198.39849962963,5401.811055185186,6075.920851851853,0.0,0.0,79.65874444444447,0.0,0.0,0.0,0.0
A_base,2025-12-21,2025-12-21,118,2025-12-21 19:40:00,2025-12-21 19:50:00,1.3473,4398.717,0.0,4300.7541,0.0,716.7923499999999,0.0,716.7923499999999,base,base,28,,0.0,0.0,733.1194999999999,0.0,0.0,5401.811055185186,4587.233832962964,5279.484907407408,0.0,0.0,81.45772222222224,0.0,0.0,0.0,0.0
A_base,2025-12-21,2025-12-21,119,2025-12-21 19:50:00,2025-12-21 20:00:00,1.3482,4681.61,0.0,4470.43,0.0,745.0716666666667,0.0,745.0716666666667,base,base,28,,0.0,0.0,780.2683333333332,0.0,0.0,4587.233832962964,3720.269018148149,4451.6275000000005,0.0,0.0,86.6964814814815,0.0,0.0,0.0,0.0
A_base,2025-12-21,2025-12-21,120,2025-12-21 20:00:00,2025-12-21 20:10:00,1.3513,4485.5154,0.0,4598.7249,0.0,766.45415,0.0,766.45415,base,base,28,,0.0,0.0,747.5859,0.0,0.0,3720.269018148149,2889.618018148149,3600.0117777777778,0.0,0.0,83.06510000000004,0.0,0.0,0.0,0.0
A_base,2025-12-21,2025-12-21,121,2025-12-21 20:10:00,2025-12-21 20:20:00,1.34,4156.9026,0.0,4477.4264,0.0,746.2377333333334,0.0,746.2377333333334,base,base,28,,0.0,0.0,692.8171,0.0,0.0,2889.618018148149,2119.821240370372,2770.858740740741,0.0,0.0,76.97967777777781,0.0,0.0,0.0,0.0
A_base,2025-12-21,2025-12-21,122,2025-12-21 20:20:00,2025-12-21 20:30:00,1.3489,4090.51,0.0,4241.74,0.0,706.9566666666666,0.0,706.9566666666666,base,base,28,,0.0,0.0,681.7516666666667,0.0,0.0,2119.821240370372,1362.31938851852,1985.3513333333333,0.0,0.0,75.75018518518522,0.0,0.0,0.0,0.0
A_base,2025-12-21,2025-12-21,123,2025-12-21 20:30:00,2025-12-21 20:40:00,1.3952,4322.2266,0.0,4240.8972,0.0,706.8162,0.0,706.8162,base,base,28,,0.0,0.0,146.0874496666681,574.2836503333318,0.0,1362.31938851852,1200.0,1200.0,0.0,4006.202744725323,16.231938851852018,0.0,4006.2027447253226,4006.2027447253226,0.0
A_base,2025-12-21,2025-12-21,124,2025-12-21 20:40:00,2025-12-21 20:50:00,1.2226,4336.801,0.0,4345.2631,0.0,724.2105166666666,0.0,724.2105166666666,base,base,28,,724.2105166666666,1.410349999999994,0.0,0.0,0.0,1200.0,1201.269315,1200.0,885.4197776766666,0.0,0.14103499999999936,885.4197776766666,0.0,885.4197776766666,0.0
A_base,2025-12-21,2025-12-21,125,2025-12-21 20:50:00,2025-12-21 21:00:00,0.9332,4144.46,0.0,4397.1,0.0,732.85,0.0,732.85,base,base,28,,732.85,42.10666666666668,0.0,0.0,0.0,1201.269315,1239.165315,1200.0,683.89562,0.0,4.2106666666666674,683.89562,0.0,683.89562,0.0
A_base,2025-12-21,2025-12-21,126,2025-12-21 21:00:00,2025-12-21 21:10:00,0.9068,4227.261,0.0,4366.5969,0.0,727.7661499999999,0.0,727.7661499999999,base,base,28,,727.7661499999999,23.22264999999993,0.0,0.0,0.0,1239.165315,1260.0657,1200.0,659.93834482,0.0,2.3222649999999927,659.93834482,0.0,659.93834482,0.0
A_base,2025-12-21,2025-12-21,127,2025-12-21 21:10:00,2025-12-21 21:20:00,0.9371,4326.9643,0.0,4352.2444,0.0,725.3740666666665,0.0,725.3740666666665,base,base,28,,725.3740666666665,4.213349999999991,0.0,0.0,0.0,1260.0657,1263.857715,1200.0,679.7480378733333,0.0,0.421334999999999,679.7480378733333,0.0,679.7480378733333,0.0
A_base,2025-12-21,2025-12-21,128,2025-12-21 21:20:00,2025-12-21 21:30:00,0.9371,4357.83,0.0,4432.75,0.0,738.7916666666666,0.0,738.7916666666666,base,base,28,,738.7916666666666,12.48666666666668,0.0,0.0,0.0,1263.857715,1275.095715,1200.0,692.3216708333333,0.0,1.2486666666666677,692.3216708333333,0.0,692.3216708333333,0.0
A_base,2025-12-21,2025-12-21,129,2025-12-21 21:30:00,2025-12-21 21:40:00,0.9871,4437.1142,0.0,4519.7625,0.0,753.2937499999999,0.0,753.2937499999999,base,base,28,,753.2937499999999,13.774716666666675,0.0,0.0,0.0,1275.095715,1287.49296,1200.0,743.5762606249999,0.0,1.3774716666666673,743.5762606249999,0.0,743.5762606249999,0.0
A_base,2025-12-21,2025-12-21,130,2025-12-21 21:40:00,2025-12-21 21:50:00,0.7764,4070.9954,0.0,4098.3811,0.0,683.0635166666666,0.0,683.0635166666666,base,base,28,,683.0635166666666,4.564283333333378,0.0,0.0,0.0,1287.49296,1291.600815,1200.0,530.3305143399999,0.0,0.4564283333333377,530.3305143399999,0.0,530.3305143399999,0.0
A_base,2025-12-21,2025-12-21,131,2025-12-21 21:50:00,2025-12-21 22:00:00,0.4209,3434.4,0.0,3422.17,0.0,570.3616666666667,0.0,570.3616666666667,base,base,28,,1403.695,831.295,0.0,0.0,0.0,1291.600815,2039.766315,1950.0,590.8152255,0.0,83.12949999999998,590.8152255,0.0,590.8152255,0.0
A_base,2025-12-21,2025-12-21,132,2025-12-21 22:00:00,2025-12-21 22:10:00,0.3859,3270.5539,0.0,3317.5117,0.0,552.9186166666666,0.0,552.9186166666666,base,base,28,,1386.25195,833.3333333333333,0.0,0.0,7.826299999999946,2039.766315,2789.766315,2700.0,534.954627505,0.0,83.3333333333333,534.9546275050001,0.0,534.9546275050001,0.0
A_base,2025-12-21,2025-12-21,133,2025-12-21 22:10:00,2025-12-21 22:20:00,0.4368,3305.0168,0.0,3418.9331,0.0,569.8221833333333,0.0,569.8221833333333,base,base,28,,569.8221833333333,18.98605000000009,0.0,0.0,0.0,2789.766315,2806.85376,2700.0,248.89832968,0.0,1.8986050000000088,248.89832968000002,0.0,248.89832968000002,0.0
A_base,2025-12-21,2025-12-21,134,2025-12-21 22:20:00,2025-12-21 22:30:00,0.4198,3255.6,0.0,3395.77,0.0,565.9616666666666,0.0,565.9616666666666,base,base,28,,1399.2949999999998,833.3333333333333,0.0,0.0,23.36166666666668,2806.85376,3556.85376,3450.0,587.424041,0.0,83.3333333333333,587.424041,0.0,587.424041,0.0
A_base,2025-12-21,2025-12-21,135,2025-12-21 22:30:00,2025-12-21 22:40:00,0.4186,3155.514,0.0,3290.1474,0.0,548.3579,0.0,548.3579,base,base,28,,1381.6912333333332,833.3333333333333,0.0,0.0,22.43889999999999,3556.85376,4306.85376,4200.0,578.3759502733333,0.0,83.3333333333333,578.3759502733333,0.0,578.3759502733333,0.0
A_base,2025-12-21,2025-12-21,136,2025-12-21 22:40:00,2025-12-21 22:50:00,0.4241,3260.3635,0.0,3259.769,0.0,543.2948333333333,0.0,543.2948333333333,base,base,28,,543.2948333333333,0.0,0.0990833333333967,0.0,0.0,4306.85376,4306.743667407407,4200.0,230.4113388166666,0.0,0.011009259259266305,230.4113388166666,0.0,230.4113388166666,0.0
A_base,2025-12-21,2025-12-21,137,2025-12-21 22:50:00,2025-12-21 23:00:00,0.4237,3508.97,0.0,3349.95,0.0,558.3249999999999,0.0,558.3249999999999,base,base,28,,1391.6583333333333,806.83,0.0,0.0,0.0,4306.743667407407,5032.890667407407,4950.0,589.6456358333334,0.0,80.68299999999999,589.6456358333334,0.0,589.6456358333334,0.0
A_base,2025-12-21,2025-12-21,138,2025-12-21 23:00:00,2025-12-21 23:10:00,0.4248,3554.7154,0.0,3468.8979,0.0,578.14965,0.0,578.14965,base,base,28,,578.14965,0.0,14.302916666666649,0.0,0.0,5032.890667407407,5016.9985377777775,4950.0,245.59797132,0.0,1.5892129629629617,245.59797132,0.0,245.59797132,0.0
A_base,2025-12-21,2025-12-21,139,2025-12-21 23:10:00,2025-12-21 23:20:00,0.424,3395.6628,0.0,3527.78,0.0,587.9633333333334,0.0,587.9633333333334,base,base,28,,1421.2966666666666,833.3333333333333,0.0,0.0,22.01953333333336,5016.9985377777775,5766.9985377777775,5700.0,602.6297866666666,0.0,83.3333333333333,602.6297866666666,0.0,602.6297866666666,0.0
A_base,2025-12-21,2025-12-21,140,2025-12-21 23:20:00,2025-12-21 23:30:00,0.422,3305.59,0.0,3469.79,0.0,578.2983333333333,0.0,578.2983333333333,base,base,28,,1411.631666666667,833.3333333333333,0.0,0.0,27.366666666666788,5766.9985377777775,6516.9985377777775,6450.0,595.7085633333334,0.0,83.3333333333333,595.7085633333334,0.0,595.7085633333334,0.0
A_base,2025-12-21,2025-12-21,141,2025-12-21 23:30:00,2025-12-21 23:40:00,0.424,3539.7613,0.0,3342.6141,0.0,557.1023499999999,0.0,557.1023499999999,base,base,28,,588.1333106995794,0.0,1.8269059670872136,0.0,0.0,6516.9985377777775,6514.968642258792,6477.927864629622,249.36852373662165,0.0,0.2029895518985794,249.36852373662165,0.0,249.36852373662165,0.0
A_base,2025-12-21,2025-12-21,142,2025-12-21 23:40:00,2025-12-21 23:50:00,0.4271,3571.991,0.0,3467.4898,0.0,577.9149666666666,0.0,577.9149666666666,base,base,28,,577.9149666666666,0.0,17.416866666666692,0.0,0.0,6514.968642258792,6495.616568184718,6477.927864629622,246.82748226333328,0.0,1.935207407407411,246.82748226333328,0.0,246.82748226333328,0.0
A_base,2025-12-21,2025-12-21,143,2025-12-21 23:50:00,2025-12-22 00:00:00,0.4276,3464.4,0.0,3657.78,0.0,609.63,0.0,609.63,base,base,28,,609.63,32.23000000000002,0.0,0.0,0.0,6495.616568184718,6524.623568184717,6477.927864629622,260.677788,0.0,3.223000000000001,260.67778799999996,0.0,260.67778799999996,0.0
B_fixed_q80,2025-03-20,2025-03-20,0,2025-03-20 00:00:00,2025-03-20 00:10:00,0.4248,3299.0689,0.0,3617.1514,0.0,602.8585666666667,18.26366666666672,621.1222333333334,0.8,0.8,28,,621.1222333333335,0.0,0.0,0.0,71.2774166666668,10800.0,10800.0,10800.0,263.8527247200001,0.0,0.0,263.8527247200001,0.0,263.8527247200001,0.0
B_fixed_q80,2025-03-20,2025-03-20,1,2025-03-20 00:10:00,2025-03-20 00:20:00,0.4245,3421.881,0.0,3585.3143,0.0,597.5523833333333,22.6016166666667,620.154,0.8,0.8,28,,620.154,0.0,0.0,0.0,49.84050000000002,10800.0,10800.0,10800.0,263.255373,0.0,0.0,263.25537299999996,0.0,263.25537299999996,0.0
B_fixed_q80,2025-03-20,2025-03-20,2,2025-03-20 00:20:00,2025-03-20 00:30:00,0.4269,3683.11,0.0,3514.21,0.0,585.7016666666666,26.6099999999999,612.3116666666665,0.8,0.8,28,,612.3116666666665,0.0,1.540000000000191,0.0,0.0,10800.0,10798.288888888888,10800.0,261.39585049999994,0.0,0.17111111111113242,261.39585049999994,0.0,261.39585049999994,0.0
B_fixed_q80,2025-03-20,2025-03-20,3,2025-03-20 00:30:00,2025-03-20 00:40:00,0.4272,3476.737,0.0,3566.7633,0.0,594.46055,13.075066666666544,607.5356166666666,0.8,0.8,28,,607.5356166666666,1.9012345679018636,0.0,0.0,26.17821543209809,10798.288888888888,10800.0,10800.0,259.53921544,0.0,0.19012345679018633,259.53921543999996,0.0,259.53921543999996,0.0
B_fixed_q80,2025-03-20,2025-03-20,4,2025-03-20 00:40:00,2025-03-20 00:50:00,0.4271,3302.6695,0.0,3529.764,0.0,588.294,13.20825000000002,601.50225,0.8,0.8,28,,601.50225,0.0,0.0,0.0,51.05733333333342,10800.0,10800.0,10800.0,256.901610975,0.0,0.0,256.901610975,0.0,256.901610975,0.0
B_fixed_q80,2025-03-20,2025-03-20,5,2025-03-20 00:50:00,2025-03-20 01:00:00,0.4285,3426.94,0.0,3390.6,0.0,565.0999999999999,22.17666666666668,587.2766666666666,0.8,0.8,28,,587.2766666666666,0.0,0.0,0.0,16.120000000000005,10800.0,10800.0,10800.0,251.64805166666665,0.0,0.0,251.64805166666665,0.0,251.64805166666665,0.0
B_fixed_q80,2025-03-20,2025-03-20,6,2025-03-20 01:00:00,2025-03-20 01:10:00,0.4311,3609.5343,0.0,3352.8783,0.0,558.81305,12.962949999999978,571.776,0.8,0.8,28,,571.776,0.0,29.813049999999976,0.0,0.0,10800.0,10766.87438888889,10800.0,246.4926336,0.0,3.3125611111111097,246.49263359999998,0.0,246.49263359999998,0.0
B_fixed_q80,2025-03-20,2025-03-20,7,2025-03-20 01:10:00,2025-03-20 01:20:00,0.4302,3668.9025,0.0,3308.9055,0.0,551.48425,18.55611666666664,570.0403666666666,0.8,0.8,28,,570.0403666666666,0.0,41.44338333333337,0.0,0.0,10766.87438888889,10720.826185185186,10800.0,245.23136574,0.0,4.604820370370377,245.23136574,0.0,245.23136574,0.0
B_fixed_q80,2025-03-20,2025-03-20,8,2025-03-20 01:20:00,2025-03-20 01:30:00,0.4279,3589.3,0.0,3260.08,0.0,543.3466666666666,3.046666666666738,546.3933333333333,0.8,0.8,28,,546.3933333333333,0.0,51.82333333333338,0.0,0.0,10720.826185185186,10663.244703703704,10800.0,233.80170733333333,0.0,5.758148148148156,233.80170733333333,0.0,233.80170733333333,0.0
B_fixed_q80,2025-03-20,2025-03-20,9,2025-03-20 01:30:00,2025-03-20 01:40:00,0.4312,3503.6157,0.0,3353.4584,0.0,558.9097333333333,20.177783333333423,579.0875166666667,0.8,0.8,28,,579.0875166666667,0.0,4.848433333333219,0.0,0.0,10663.244703703704,10657.857555555556,10800.0,249.70253718666672,0.0,0.5387148148148023,249.70253718666672,0.0,249.70253718666672,0.0
B_fixed_q80,2025-03-20,2025-03-20,10,2025-03-20 01:40:00,2025-03-20 01:50:00,0.4333,3545.9703,0.0,3552.8392,0.0,592.1398666666666,12.04320000000007,604.1830666666667,0.8,0.8,28,,604.1830666666667,13.188016666666726,0.0,0.0,0.0,10657.857555555556,10669.726770555557,10800.0,261.7925227866667,0.0,1.3188016666666724,261.7925227866667,0.0,261.7925227866667,0.0
B_fixed_q80,2025-03-20,2025-03-20,11,2025-03-20 01:50:00,2025-03-20 02:00:00,0.4311,3590.66,0.0,3655.73,0.0,609.2883333333333,31.86500000000001,641.1533333333333,0.8,0.8,28,,641.1533333333333,42.71000000000004,0.0,0.0,0.0,10669.726770555557,10708.165770555555,10800.0,276.401202,0.0,4.2710000000000035,276.40120199999996,0.0,276.40120199999996,0.0
B_fixed_q80,2025-03-20,2025-03-20,12,2025-03-20 02:00:00,2025-03-20 02:10:00,0.4293,3395.9017,0.0,3484.6496,0.0,580.7749333333334,17.019266666666624,597.7942,0.8,0.8,28,,597.7942,31.8105833333334,0.0,0.0,0.0,10708.165770555555,10736.795295555556,10800.0,256.63305006,0.0,3.1810583333333393,256.63305006,0.0,256.63305006,0.0
B_fixed_q80,2025-03-20,2025-03-20,13,2025-03-20 02:10:00,2025-03-20 02:20:00,0.4324,3276.7246,0.0,3416.4269,0.0,569.4044833333332,16.255583333333334,585.6600666666666,0.8,0.8,28,,585.6600666666666,39.53929999999991,0.0,0.0,0.0,10736.795295555556,10772.380665555558,10800.0,253.23941282666664,0.0,3.9539299999999904,253.23941282666664,0.0,253.23941282666664,0.0
B_fixed_q80,2025-03-20,2025-03-20,14,2025-03-20 02:20:00,2025-03-20 02:30:00,0.4367,3394.28,0.0,3529.19,0.0,588.1983333333333,9.516666666666652,597.7149999999999,0.8,0.8,28,,597.7149999999999,30.688149382713164,0.0,0.0,1.313517283953388,10772.380665555558,10800.0,10800.0,261.0221405,0.0,3.0688149382713155,261.0221405,0.0,261.0221405,0.0
B_fixed_q80,2025-03-20,2025-03-20,15,2025-03-20 02:30:00,2025-03-20 02:40:00,0.4348,3587.5594,0.0,3565.0967,0.0,594.1827833333333,11.649950000000048,605.8327333333334,0.8,0.8,28,,605.8327333333334,0.0,0.0,0.0,7.906166666666763,10800.0,10800.0,10800.0,263.41607245333336,0.0,0.0,263.41607245333336,0.0,263.41607245333336,0.0
B_fixed_q80,2025-03-20,2025-03-20,16,2025-03-20 02:40:00,2025-03-20 02:50:00,0.4335,3605.7268,0.0,3662.8512,0.0,610.4752,19.866216666666677,630.3414166666666,0.8,0.8,28,,630.3414166666666,0.0,0.0,0.0,29.38695000000007,10800.0,10800.0,10800.0,273.253004125,0.0,0.0,273.25300412499996,0.0,273.25300412499996,0.0
B_fixed_q80,2025-03-20,2025-03-20,17,2025-03-20 02:50:00,2025-03-20 03:00:00,0.4357,3522.79,0.0,3749.14,0.0,624.8566666666666,30.196666666666715,655.0533333333333,0.8,0.8,28,,655.0533333333333,0.0,0.0,0.0,67.92166666666662,10800.0,10800.0,10800.0,285.4067373333333,0.0,0.0,285.4067373333333,0.0,285.4067373333333,0.0
B_fixed_q80,2025-03-20,2025-03-20,18,2025-03-20 03:00:00,2025-03-20 03:10:00,0.4374,3631.2618,0.0,3576.3344,0.0,596.0557333333334,24.05658333333338,620.1123166666667,0.8,0.8,28,,620.1123166666667,0.0,0.0,0.0,14.902016666666782,10800.0,10800.0,10800.0,271.23712731000006,0.0,0.0,271.23712731000006,0.0,271.23712731000006,0.0
B_fixed_q80,2025-03-20,2025-03-20,19,2025-03-20 03:10:00,2025-03-20 03:20:00,0.4371,3731.3543,0.0,3450.3953,0.0,575.0658833333333,21.91126666666662,596.9771499999999,0.8,0.8,28,,596.9771499999999,0.0,24.91523333333339,0.0,0.0,10800.0,10772.316407407408,10800.0,260.938712265,0.0,2.7683592592592667,260.938712265,0.0,260.938712265,0.0
B_fixed_q80,2025-03-20,2025-03-20,20,2025-03-20 03:20:00,2025-03-20 03:30:00,0.4356,3721.01,0.0,3522.37,0.0,587.0616666666666,16.875,603.9366666666666,0.8,0.8,28,,603.9366666666666,0.0,16.231666666666683,0.0,0.0,10772.316407407408,10754.281222222222,10800.0,263.07481199999995,0.0,1.8035185185185212,263.07481199999995,0.0,263.07481199999995,0.0
B_fixed_q80,2025-03-20,2025-03-20,21,2025-03-20 03:30:00,2025-03-20 03:40:00,0.4353,3699.7385,0.0,3631.228,0.0,605.2046666666666,6.066683333333344,611.27135,0.8,0.8,28,,611.27135,0.0,5.3517333333333,0.0,0.0,10754.281222222222,10748.334851851852,10800.0,266.086418655,0.0,0.5946370370370336,266.086418655,0.0,266.086418655,0.0
B_fixed_q80,2025-03-20,2025-03-20,22,2025-03-20 03:40:00,2025-03-20 03:50:00,0.436,3674.7825,0.0,3569.4386,0.0,594.9064333333333,0.0229333333332988,594.9293666666666,0.8,0.8,28,,594.9293666666666,0.0,17.534383333333267,0.0,0.0,10748.334851851852,10728.852203703704,10800.0,259.38920386666666,0.0,1.9482648148148083,259.38920386666666,0.0,259.38920386666666,0.0
B_fixed_q80,2025-03-20,2025-03-20,23,2025-03-20 03:50:00,2025-03-20 04:00:00,0.4378,3623.58,0.0,3455.04,0.0,575.8399999999999,15.306666666666615,591.1466666666665,0.8,0.8,28,,591.1466666666665,0.0,12.783333333333417,0.0,0.0,10728.852203703704,10714.6485,10800.0,258.8040106666666,0.0,1.4203703703703803,258.8040106666666,0.0,258.8040106666666,0.0
B_fixed_q80,2025-03-20,2025-03-20,24,2025-03-20 04:00:00,2025-03-20 04:10:00,0.4401,3538.7697,0.0019,3583.9838,0.0018,597.3303333333333,11.515883333333363,608.8462166666667,0.8,0.8,28,,608.8462166666667,19.051583333333497,0.0,0.0,0.0,10714.6485,10731.794925,10800.0,267.953219955,0.0,1.9051583333333493,267.953219955,0.0,267.953219955,0.0
B_fixed_q80,2025-03-20,2025-03-20,25,2025-03-20 04:10:00,2025-03-20 04:20:00,0.4389,3488.7843,0.0,3645.8233,0.0,607.6372166666666,14.802016666666702,622.4392333333333,0.8,0.8,28,,622.4392333333333,40.97518333333335,0.0,0.0,0.0,10731.794925,10768.67259,10800.0,273.18857951,0.0,4.097518333333334,273.18857951,0.0,273.18857951,0.0
B_fixed_q80,2025-03-20,2025-03-20,26,2025-03-20 04:20:00,2025-03-20 04:30:00,0.4364,3513.51,0.0,3577.07,0.0,596.1783333333333,16.25666666666666,612.435,0.8,0.8,28,,612.435,26.84999999999991,0.0,0.0,0.0,10768.67259,10792.83759,10800.0,267.266634,0.0,2.6849999999999903,267.266634,0.0,267.266634,0.0
B_fixed_q80,2025-03-20,2025-03-20,27,2025-03-20 04:30:00,2025-03-20 04:40:00,0.4393,3598.3779,0.0271,3630.4401,0.0254,605.0691166666666,25.22930000000008,630.2984166666666,0.8,0.8,28,,630.2984166666666,7.958233333334243,0.0,0.0,22.61504999999904,10792.83759,10800.0,10800.0,276.8900944416667,0.0,0.7958233333334241,276.8900944416667,0.0,276.8900944416667,0.0
B_fixed_q80,2025-03-20,2025-03-20,28,2025-03-20 04:40:00,2025-03-20 04:50:00,0.4422,3700.4359,0.0,3717.5034,0.0,619.5839,23.913349999999923,643.4972499999999,0.8,0.8,28,,643.4972499999999,0.0,0.0,0.0,26.757933333333312,10800.0,10800.0,10800.0,284.55448395,0.0,0.0,284.55448394999996,0.0,284.55448394999996,0.0
B_fixed_q80,2025-03-20,2025-03-20,29,2025-03-20 04:50:00,2025-03-20 05:00:00,0.4395,3753.57,0.0,3727.07,0.0,621.1783333333333,7.8916666666666515,629.0699999999999,0.8,0.8,28,,629.0699999999999,0.0,0.0,0.0,3.474999999999909,10800.0,10800.0,10800.0,276.476265,0.0,0.0,276.47626499999996,0.0,276.47626499999996,0.0
B_fixed_q80,2025-03-20,2025-03-20,30,2025-03-20 05:00:00,2025-03-20 05:10:00,0.4333,3716.9811,0.3776,3652.3286,0.3537,608.6624833333333,17.58761666666669,626.2501,0.8,0.8,28,,626.2501,0.0,0.0,0.0,6.816183333333356,10800.0,10800.0,10800.0,271.35416833,0.0,0.0,271.35416833,0.0,271.35416833,0.0
B_fixed_q80,2025-03-20,2025-03-20,31,2025-03-20 05:10:00,2025-03-20 05:20:00,0.4439,3707.0664,0.0,3627.5869,0.0,604.5978166666666,13.521849999999972,618.1196666666666,0.8,0.8,28,,618.1196666666666,0.0,0.0,0.0,0.2752666666666528,10800.0,10800.0,10800.0,274.3833200333333,0.0,0.0,274.3833200333333,0.0,274.3833200333333,0.0
B_fixed_q80,2025-03-20,2025-03-20,32,2025-03-20 05:20:00,2025-03-20 05:30:00,0.4301,3642.69,0.0,3625.87,0.0,604.3116666666666,10.738333333333344,615.05,0.8,0.8,28,,615.05,0.0,0.0,0.0,7.934999999999945,10800.0,10800.0,10800.0,264.53300499999995,0.0,0.0,264.53300499999995,0.0,264.53300499999995,0.0
B_fixed_q80,2025-03-20,2025-03-20,33,2025-03-20 05:30:00,2025-03-20 05:40:00,0.3713,3457.8398,5.2594,3603.0838,4.9264,599.6929,4.100983333333375,603.7938833333334,0.8,0.8,28,,603.7938833333334,0.0,0.0,0.0,28.363816666666708,10800.0,10800.0,10800.0,224.1886688816667,0.0,0.0,224.1886688816667,0.0,224.1886688816667,0.0
B_fixed_q80,2025-03-20,2025-03-20,34,2025-03-20 05:40:00,2025-03-20 05:50:00,0.5708,4028.7787,0.0,4178.7819,0.0,696.4636499999999,3.091316666666557,699.5549666666665,0.8,0.8,28,,699.5549666666666,0.0,0.0,0.0,28.091850000000026,10800.0,10800.0,10800.0,399.30597497333326,0.0,0.0,399.30597497333326,0.0,399.30597497333326,0.0
B_fixed_q80,2025-03-20,2025-03-20,35,2025-03-20 05:50:00,2025-03-20 06:00:00,0.9099,4962.09,0.0,4976.26,0.0,829.3766666666667,16.161666666666633,845.5383333333333,0.8,0.8,28,,12.205000000000156,0.0,814.8099999999998,0.0,0.0,10800.0,9894.655555555555,9874.074074074077,11.105329500000142,0.0,90.53444444444446,11.105329500000142,0.0,11.105329500000142,0.0
B_fixed_q80,2025-03-20,2025-03-20,36,2025-03-20 06:00:00,2025-03-20 06:10:00,0.9368,4905.1198,153.4202,4927.8193,144.6043,797.2025,30.23396666666656,827.4364666666665,0.8,0.8,28,,0.0,0.0,791.9499333333334,0.0,0.0,9894.655555555555,9014.711185185184,8954.700222222224,0.0,0.0,87.99443703703709,0.0,0.0,0.0,0.0
B_fixed_q80,2025-03-20,2025-03-20,37,2025-03-20 06:10:00,2025-03-20 06:20:00,0.8758,4660.8239,401.044,4816.9758,383.3165,738.9432166666667,10.583633333333353,749.52685,0.8,0.8,28,,0.0,0.0,709.9633166666667,0.0,0.0,9014.711185185184,8225.863055555554,8121.892611111112,0.0,0.0,78.88481296296301,0.0,0.0,0.0,0.0
B_fixed_q80,2025-03-20,2025-03-20,38,2025-03-20 06:20:00,2025-03-20 06:30:00,0.8759,4703.75,675.525,4945.2,669.975,712.5374999999999,9.71791666666661,722.2554166666665,0.8,0.8,28,,0.0,0.0,671.3708333333333,0.0,0.0,8225.863055555554,7479.895462962962,7319.386592592594,0.0,0.0,74.59675925925929,0.0,0.0,0.0,0.0
B_fixed_q80,2025-03-20,2025-03-20,39,2025-03-20 06:30:00,2025-03-20 06:40:00,0.8601,4726.9008,952.6316,4841.0708,986.6364,642.4057333333334,13.425100000000045,655.8308333333334,0.8,0.8,28,,0.0,0.0,629.0448666666666,0.0,0.0,7479.895462962962,6780.956722222221,6590.685666666668,0.0,0.0,69.8938740740741,0.0,0.0,0.0,0.0
B_fixed_q80,2025-03-20,2025-03-20,40,2025-03-20 06:40:00,2025-03-20 06:50:00,0.8442,4819.4733,1302.5378,4756.7742,1316.594,573.3633666666666,0.9726666666667824,574.3360333333334,0.8,0.8,28,,462.4473499999987,0.0,123.70856666666788,0.0,0.0,6780.956722222221,6643.502759259257,6466.364907407407,390.3980528699989,0.0,13.745396296296438,390.3980528699989,0.0,390.3980528699989,0.0
B_fixed_q80,2025-03-20,2025-03-20,41,2025-03-20 06:50:00,2025-03-20 07:00:00,0.8334,4880.33,1693.2375,4785.54,1643.8875,523.60875,11.858333333333292,535.4670833333332,0.8,0.8,28,,535.4670833333332,4.284999999999968,0.0,0.0,0.0,6643.502759259257,6647.359259259257,6466.364907407407,446.2582672499999,0.0,0.4284999999999967,446.2582672499999,0.0,446.2582672499999,0.0
B_fixed_q80,2025-03-20,2025-03-20,42,2025-03-20 07:00:00,2025-03-20 07:10:00,0.8092,4689.3761,2009.9231,4770.8891,1956.0234,469.14428333333336,26.975449999999967,496.1197333333333,0.8,0.8,28,,496.1197333333333,49.544233333333295,0.0,0.0,0.0,6647.359259259257,6691.949069259257,6466.364907407407,401.4600882133333,0.0,4.954423333333328,401.4600882133333,0.0,401.4600882133333,0.0
B_fixed_q80,2025-03-20,2025-03-20,43,2025-03-20 07:10:00,2025-03-20 07:20:00,0.7972,4713.3646,2305.9149,4933.7109,2250.2085,447.2504,13.486699999999956,460.7371,0.8,0.8,28,,460.7371,59.49548333333337,0.0,0.0,0.0,6691.949069259257,6745.495004259257,6466.364907407407,367.29961612,0.0,5.949548333333335,367.29961612,0.0,367.29961612,0.0
B_fixed_q80,2025-03-20,2025-03-20,44,2025-03-20 07:20:00,2025-03-20 07:30:00,0.7644,4827.2,2609.7375,5017.07,2498.925,419.6908333333332,19.148333333333312,438.8391666666665,0.8,0.8,28,,438.8391666666665,69.2620833333333,0.0,0.0,0.0,6745.495004259257,6807.830879259257,6466.364907407407,335.4486589999999,0.0,6.926208333333328,335.44865899999985,0.0,335.44865899999985,0.0
B_fixed_q80,2025-03-20,2025-03-20,45,2025-03-20 07:30:00,2025-03-20 07:40:00,0.6899,4578.156,2894.0148,4678.8593,2691.9663,331.1488333333333,24.719433333333317,355.8682666666666,0.8,0.8,28,,355.8682666666666,75.17806666666661,0.0,0.0,0.0,6807.830879259257,6875.491139259257,6466.364907407407,245.51351717333327,0.0,7.517806666666659,245.51351717333327,0.0,245.51351717333327,0.0
B_fixed_q80,2025-03-20,2025-03-20,46,2025-03-20 07:40:00,2025-03-20 07:50:00,0.86,5187.0368,3179.5684,5430.5741,2986.3327,407.37356666666665,28.065016666666565,435.4385833333332,0.8,0.8,28,,0.0,0.0,334.5780666666666,0.0,0.0,6875.491139259257,6503.737731851849,5982.544259259259,0.0,0.0,37.17534074074075,0.0,0.0,0.0,0.0
B_fixed_q80,2025-03-20,2025-03-20,47,2025-03-20 07:50:00,2025-03-20 08:00:00,1.1617,6405.59,3476.5125,6755.97,3339.9375,569.33875,35.604166666666664,604.9429166666666,0.8,0.8,28,,0.0,0.0,488.17958333333337,0.0,0.0,6503.737731851849,5961.31597259259,5310.385462962962,0.0,0.0,54.242175925925956,0.0,0.0,0.0,0.0
B_fixed_q80,2025-03-20,2025-03-20,48,2025-03-20 08:00:00,2025-03-20 08:10:00,1.1683,6658.0486,3761.2255,6545.8122,3552.9582,498.809,26.25363333333337,525.0626333333335,0.8,0.8,28,,0.0,0.0,482.80385,0.0,0.0,5961.31597259259,5424.867250370367,4726.982537037036,0.0,0.0,53.64487222222225,0.0,0.0,0.0,0.0
B_fixed_q80,2025-03-20,2025-03-20,49,2025-03-20 08:10:00,2025-03-20 08:20:00,1.0956,6606.6001,3976.3717,6234.5498,3752.2552,413.7157666666666,15.4128166666666,429.1285833333332,0.8,0.8,28,,0.0,0.0,438.3713999999999,0.0,0.0,5424.867250370367,4937.787917037034,4250.173,0.0,0.0,48.707933333333344,0.0,0.0,0.0,0.0
B_fixed_q80,2025-03-20,2025-03-20,50,2025-03-20 08:20:00,2025-03-20 08:30:00,1.0849,6687.27,4220.325,6481.09,3987.0,415.6816666666667,25.592499999999973,441.2741666666666,0.8,0.8,28,,0.0,0.0,411.1575000000001,0.0,0.0,4937.787917037034,4480.946250370367,3759.8683703703705,0.0,0.0,45.6841666666667,0.0,0.0,0.0,0.0
B_fixed_q80,2025-03-20,2025-03-20,51,2025-03-20 08:30:00,2025-03-20 08:40:00,1.061,6649.776,4653.7429,6510.8474,4178.399,388.7413999999999,19.34095000000013,408.08235,0.8,0.8,28,,0.0,0.0,332.67218333333324,0.0,0.0,4480.946250370367,4111.310491111108,3306.443537037037,0.0,0.0,36.96357592592593,0.0,0.0,0.0,0.0
B_fixed_q80,2025-03-20,2025-03-20,52,2025-03-20 08:40:00,2025-03-20 08:50:00,1.043,6705.5335,5037.5027,6551.7773,4381.418,361.72655,35.624116666666765,397.3506666666667,0.8,0.8,28,,0.0,0.0,278.0051333333332,0.0,0.0,4111.310491111108,3802.4158985185154,2864.9427962962964,0.0,0.0,30.88945925925926,0.0,0.0,0.0,0.0
B_fixed_q80,2025-03-20,2025-03-20,53,2025-03-20 08:50:00,2025-03-20 09:00:00,1.036,6757.81,5180.8875,6666.06,4631.2125,339.1412500000001,41.14833333333338,380.2895833333335,0.8,0.8,28,,0.0,0.0,262.82041666666674,0.0,0.0,3802.4158985185154,3510.39321333333,2442.3988148148146,0.0,0.0,29.20226851851854,0.0,0.0,0.0,0.0
B_fixed_q80,2025-03-20,2025-03-20,54,2025-03-20 09:00:00,2025-03-20 09:10:00,1.0147,6494.2004,5166.4978,6601.3223,4933.6498,277.9454166666666,60.2333666666666,338.1787833333332,0.8,0.8,28,,0.0,0.0,221.2837666666666,0.0,0.0,3510.39321333333,3264.522361481478,2066.6446111111118,0.0,0.0,24.587085185185188,0.0,0.0,0.0,0.0
B_fixed_q80,2025-03-20,2025-03-20,55,2025-03-20 09:10:00,2025-03-20 09:20:00,0.9922,6436.4392,5533.329,6573.4361,5388.1737,197.54373333333325,71.2570166666666,268.8007499999999,0.8,0.8,28,,0.0,0.0,150.51836666666668,0.0,0.0,3264.522361481478,3097.2797318518483,1767.9771111111113,0.0,0.0,16.72426296296297,0.0,0.0,0.0,0.0
B_fixed_q80,2025-03-20,2025-03-20,56,2025-03-20 09:20:00,2025-03-20 09:30:00,0.97,6570.85,6107.7375,6614.79,5904.4875,118.38374999999996,93.66124999999997,212.04499999999996,0.8,0.8,28,,0.0,0.0,77.1854166666667,0.0,0.0,3097.2797318518483,3011.5181577777744,1532.3715555555557,0.0,0.0,8.576157407407415,0.0,0.0,0.0,0.0
B_fixed_q80,2025-03-20,2025-03-20,57,2025-03-20 09:30:00,2025-03-20 09:40:00,0.9422,6399.3635,6182.795,6548.6468,6266.8363,46.96841666666675,124.48673333333316,171.45514999999992,0.8,0.8,28,,0.0,0.0,36.09475000000005,0.0,0.0,3011.5181577777744,2971.4128799999967,1341.8658333333335,0.0,0.0,4.010527777777785,0.0,0.0,0.0,0.0
B_fixed_q80,2025-03-20,2025-03-20,58,2025-03-20 09:40:00,2025-03-20 09:50:00,0.9569,6445.9301,6198.386,6569.7745,6602.2852,-5.418449999999969,94.25145000000006,88.8330000000001,0.8,0.8,28,,0.0,0.0,41.25734999999986,0.0,0.0,2971.4128799999967,2925.5713799999967,1243.1625,0.0,0.0,4.584149999999987,0.0,0.0,0.0,0.0
B_fixed_q80,2025-03-20,2025-03-20,59,2025-03-20 09:50:00,2025-03-20 10:00:00,0.9977,6697.43,6426.1875,6666.81,6891.525,-37.45249999999987,67.6512500000002,30.19875000000033,0.8,0.8,28,,0.0,0.0,45.20708333333338,0.0,0.0,2925.5713799999967,2875.3412874074043,1209.6083333333331,0.0,0.0,5.023009259259267,0.0,0.0,0.0,0.0
B_fixed_q80,2025-03-20,2025-03-20,60,2025-03-20 10:00:00,2025-03-20 10:10:00,0.9919,6577.9956,6675.2481,6615.2017,6963.2464,-58.00745000000006,66.65494999999996,8.647499999999894,0.8,0.8,28,,0.0,16.20874999999993,0.0,0.0,0.0,2875.3412874074043,2889.929162407404,1200.0,0.0,0.0,1.6208749999999927,0.0,0.0,0.0,0.0
B_fixed_q80,2025-03-20,2025-03-20,61,2025-03-20 10:10:00,2025-03-20 10:20:00,0.9588,6445.2772,6774.004,6539.3464,6970.7827,-71.9060499999999,63.00276666666681,-8.903283333333086,0.8,0.8,28,,0.0,54.78779999999991,0.0,0.0,0.0,2889.929162407404,2939.238182407404,1208.0129549999997,0.0,0.0,5.47877999999999,0.0,0.0,0.0,0.0
B_fixed_q80,2025-03-20,2025-03-20,62,2025-03-20 10:20:00,2025-03-20 10:30:00,0.9549,6473.61,6879.075,6477.96,7035.9375,-92.99625,76.14666666666676,-16.84958333333323,0.8,0.8,28,,0.0,67.57750000000001,0.0,0.0,0.0,2939.238182407404,3000.057932407404,1223.1775799999996,0.0,0.0,6.75775,0.0,0.0,0.0,0.0
B_fixed_q80,2025-03-20,2025-03-20,63,2025-03-20 10:30:00,2025-03-20 10:40:00,0.9839,6454.2353,7268.5137,6366.0057,7192.6555,-137.77496666666667,59.82306666666666,-77.95190000000001,0.8,0.8,28,,0.0,135.7130666666667,0.0,0.0,0.0,3000.057932407404,3122.199692407404,1293.3342899999996,0.0,0.0,13.571306666666667,0.0,0.0,0.0,0.0
B_fixed_q80,2025-03-20,2025-03-20,64,2025-03-20 10:40:00,2025-03-20 10:50:00,0.799,6352.336,7455.3554,6413.9505,7566.2113,-192.04346666666663,75.47646666666665,-116.567,0.8,0.8,28,,0.0,183.83656666666667,0.0,0.0,0.0,3122.199692407404,3287.652602407404,1398.2445899999996,0.0,0.0,18.383656666666663,0.0,0.0,0.0,0.0
B_fixed_q80,2025-03-20,2025-03-20,65,2025-03-20 10:50:00,2025-03-20 11:00:00,0.5025,6279.9,7263.0,6574.38,7889.7,-219.21999999999997,123.65999999999995,-95.55999999999996,0.8,0.8,28,,737.7733333333333,833.3333333333333,0.0,0.0,68.29000000000008,3287.652602407404,4037.652602407404,2148.24459,370.7311,0.0,83.3333333333333,370.73109999999997,0.0,370.73109999999997,0.0
B_fixed_q80,2025-03-20,2025-03-20,66,2025-03-20 11:00:00,2025-03-20 11:10:00,0.4662,6362.0436,7021.6679,6549.5232,7767.7134,-203.0317,101.08691666666664,-101.94478333333336,0.8,0.8,28,,731.3885499999999,833.3333333333333,0.0,0.0,7.992600000000039,4037.652602407404,4787.652602407404,2898.24459,340.97334200999995,0.0,83.3333333333333,340.97334200999995,0.0,340.97334200999995,0.0
B_fixed_q80,2025-03-20,2025-03-20,67,2025-03-20 11:10:00,2025-03-20 11:20:00,0.5007,6393.8373,7052.8842,6360.3078,7910.4133,-258.3509166666668,84.57076666666671,-173.78015000000005,0.8,0.8,28,,659.5531833333332,769.3943333333333,0.0,0.0,0.0,4787.652602407404,5480.107502407403,3648.2445899999993,330.23827889499995,0.0,76.93943333333331,330.23827889499995,0.0,330.23827889499995,0.0
B_fixed_q80,2025-03-20,2025-03-20,68,2025-03-20 11:20:00,2025-03-20 11:30:00,0.4827,6360.1,7317.5625,6232.56,8273.025,-340.0774999999999,106.8258333333333,-233.25166666666652,0.8,0.8,28,,600.0816666666667,759.6587499999999,0.0,0.0,0.0,5480.107502407403,6163.800377407403,4398.244589999999,289.6594205,0.0,75.96587499999998,289.6594205,0.0,289.6594205,0.0
B_fixed_q80,2025-03-20,2025-03-20,69,2025-03-20 11:30:00,2025-03-20 11:40:00,0.4785,6424.0276,7505.6333,6357.7494,8103.1089,-290.8932500000001,122.05363333333332,-168.83961666666676,0.8,0.8,28,,664.4937166666665,833.3333333333333,0.0,0.0,11.427999999999884,6163.800377407403,6913.800377407403,5148.244589999999,317.960243425,0.0,83.3333333333333,317.96024342499993,0.0,317.96024342499993,0.0
B_fixed_q80,2025-03-20,2025-03-20,70,2025-03-20 11:40:00,2025-03-20 11:50:00,0.4662,6379.6216,7635.0323,6325.6393,7934.0714,-268.0720166666666,135.97571666666664,-132.0963,0.8,0.8,28,,701.2370333333333,833.3333333333333,0.0,0.0,77.13881666666657,6913.800377407403,7663.800377407403,5898.244589999999,326.91670494,0.0,83.3333333333333,326.91670494,0.0,326.91670494,0.0
B_fixed_q80,2025-03-20,2025-03-20,71,2025-03-20 11:50:00,2025-03-20 12:00:00,0.4432,6168.32,7818.45,6078.6,8015.4375,-322.8062499999999,148.33416666666676,-174.47208333333316,0.8,0.8,28,,658.8612500000002,833.3333333333333,0.0,0.0,100.54958333333354,7663.800377407403,8413.800377407402,6648.244589999999,292.0073060000001,0.0,83.3333333333333,292.0073060000001,0.0,292.0073060000001,0.0
B_fixed_q80,2025-03-20,2025-03-20,72,2025-03-20 12:00:00,2025-03-20 12:10:00,0.4411,5958.8116,8082.9395,5973.117,8091.3897,-353.0454499999999,103.0041166666668,-250.0413333333331,0.8,0.8,28,,583.2920000000001,833.3333333333333,0.0,0.0,103.97998333333362,8413.800377407402,9163.800377407402,7398.244589999999,257.29010120000004,0.0,83.3333333333333,257.29010120000004,0.0,257.29010120000004,0.0
B_fixed_q80,2025-03-20,2025-03-20,73,2025-03-20 12:10:00,2025-03-20 12:20:00,0.4551,5855.2299,8090.5707,6003.5669,8333.4204,-388.3089166666669,116.4858833333335,-271.82303333333334,0.8,0.8,28,,561.5102999999999,833.3333333333333,0.0,0.0,100.7337666666666,9163.800377407402,9913.800377407402,8148.244589999999,255.54333753,0.0,83.3333333333333,255.54333752999997,0.0,255.54333752999997,0.0
B_fixed_q80,2025-03-20,2025-03-20,74,2025-03-20 12:20:00,2025-03-20 12:30:00,0.4463,5883.66,7709.3625,6043.44,8611.9875,-428.09125,102.875,-325.21624999999995,0.8,0.8,28,,508.1170833333333,812.4008333333334,0.0,0.0,0.0,9913.800377407402,10644.9611274074,8898.244589999998,226.77265429166664,0.0,81.24008333333332,226.77265429166664,0.0,226.77265429166664,0.0
B_fixed_q80,2025-03-20,2025-03-20,75,2025-03-20 12:30:00,2025-03-20 12:40:00,0.4113,6006.2794,7205.256,6007.2071,8523.8874,-419.44671666666665,91.9964,-327.45031666666665,0.8,0.8,28,,505.8830166666666,172.26541399177626,0.0,0.0,533.4470360082237,10644.9611274074,10800.0,9648.244589999998,208.069684755,0.0,17.226541399177624,208.06968475499997,0.0,208.06968475499997,0.0
B_fixed_q80,2025-03-20,2025-03-20,76,2025-03-20 12:40:00,2025-03-20 12:50:00,0.5682,6168.3548,7206.9442,6064.0725,8228.5618,-360.7482166666665,144.78503333333333,-215.9631833333332,0.8,0.8,28,,318.0791666666686,0.0,0.0,0.0,491.17740000000185,10800.0,10800.0,10128.882705,180.73258250000112,0.0,0.0,180.73258250000112,0.0,180.73258250000112,0.0
B_fixed_q80,2025-03-20,2025-03-20,77,2025-03-20 12:50:00,2025-03-20 13:00:00,0.8279,6351.38,7525.8,6254.85,8001.8625,-291.16874999999993,140.6129166666667,-150.55583333333325,0.8,0.8,28,,0.0,0.0,0.0,0.0,195.73666666666668,10800.0,10800.0,10264.382955,0.0,0.0,0.0,0.0,0.0,0.0,0.0
B_fixed_q80,2025-03-20,2025-03-20,78,2025-03-20 13:00:00,2025-03-20 13:10:00,0.8636,6510.6216,7339.075,6422.854,7962.5924,-256.62306666666666,68.25711666666672,-188.36594999999997,0.8,0.8,28,,0.0,0.0,0.0,0.0,138.07556666666656,10800.0,10800.0,10433.91231,0.0,0.0,0.0,0.0,0.0,0.0,0.0
B_fixed_q80,2025-03-20,2025-03-20,79,2025-03-20 13:10:00,2025-03-20 13:20:00,0.8416,6358.8315,6900.6338,6403.1925,7741.4555,-223.0438333333333,128.15776666666653,-94.88606666666678,0.8,0.8,28,,0.0,0.0,0.0,0.0,90.30038333333324,10800.0,10800.0,10519.30977,0.0,0.0,0.0,0.0,0.0,0.0,0.0
B_fixed_q80,2025-03-20,2025-03-20,80,2025-03-20 13:20:00,2025-03-20 13:30:00,0.8618,6039.3,6610.0125,6313.29,7413.1875,-183.31625,104.65166666666664,-78.66458333333335,0.8,0.8,28,,0.0,0.0,0.0,0.0,95.11874999999992,10800.0,10800.0,10590.107895,0.0,0.0,0.0,0.0,0.0,0.0,0.0
B_fixed_q80,2025-03-20,2025-03-20,81,2025-03-20 13:30:00,2025-03-20 13:40:00,0.8623,6028.9848,6642.1795,6396.8916,7383.0511,-164.3599166666666,63.109783333333326,-101.25013333333328,0.8,0.8,28,,0.0,0.0,0.0,0.0,102.19911666666668,10800.0,10800.0,10681.233015,0.0,0.0,0.0,0.0,0.0,0.0,0.0
B_fixed_q80,2025-03-20,2025-03-20,82,2025-03-20 13:40:00,2025-03-20 13:50:00,0.9026,6177.7813,6806.5377,6299.9773,7147.3017,-141.22073333333338,56.93456666666649,-84.2861666666669,0.8,0.8,28,,0.0,0.0,0.0,0.0,104.79273333333336,10800.0,10800.0,10757.090565,0.0,0.0,0.0,0.0,0.0,0.0,0.0
B_fixed_q80,2025-03-20,2025-03-20,83,2025-03-20 13:50:00,2025-03-20 14:00:00,0.9754,6280.02,6799.95,6106.75,6693.1875,-97.73958333333331,51.97541666666666,-45.76416666666667,0.8,0.8,28,,0.0,0.0,0.0,0.0,86.65499999999989,10800.0,10800.0,10798.278315,0.0,0.0,0.0,0.0,0.0,0.0,0.0
B_fixed_q80,2025-03-20,2025-03-20,84,2025-03-20 14:00:00,2025-03-20 14:10:00,1.0002,6283.4823,6453.6137,6255.132,6523.1977,-44.67761666666668,42.76463333333322,-1.9129833333334572,0.8,0.8,28,,0.0,0.0,0.0,0.0,28.355233333333366,10800.0,10800.0,10800.0,0.0,0.0,0.0,0.0,0.0,0.0,0.0
B_fixed_q80,2025-03-20,2025-03-20,85,2025-03-20 14:10:00,2025-03-20 14:20:00,0.9978,6314.912,6203.5886,6265.1371,6319.7023,-9.0942,37.51568333333336,28.42148333333336,0.8,0.8,28,,0.0,0.0,18.553900000000034,0.0,0.0,10800.0,10779.384555555556,10768.420574074074,0.0,0.0,2.0615444444444493,0.0,0.0,0.0,0.0
B_fixed_q80,2025-03-20,2025-03-20,86,2025-03-20 14:20:00,2025-03-20 14:30:00,1.0271,6352.79,6115.6875,6109.64,5933.475,29.360833333333325,41.27291666666679,70.6337500000001,0.8,0.8,28,,0.0,0.0,39.517083333333325,0.0,0.0,10779.384555555556,10735.476685185184,10689.93862962963,0.0,0.0,4.390787037037038,0.0,0.0,0.0,0.0
B_fixed_q80,2025-03-20,2025-03-20,87,2025-03-20 14:30:00,2025-03-20 14:40:00,1.0906,6259.4213,5837.6616,6254.7096,5577.5788,112.85513333333331,57.74705,170.6021833333333,0.8,0.8,28,,0.0,0.0,70.29328333333326,0.0,0.0,10735.476685185184,10657.373037037038,10500.38064814815,0.0,0.0,7.81036481481481,0.0,0.0,0.0,0.0
B_fixed_q80,2025-03-20,2025-03-20,88,2025-03-20 14:40:00,2025-03-20 14:50:00,0.9376,6190.1146,5431.9635,6398.0053,5382.184,169.30354999999992,55.83074999999994,225.13429999999985,0.8,0.8,28,,0.0,0.0,126.35851666666667,0.0,0.0,10657.373037037038,10516.974685185183,10250.231425925927,0.0,0.0,14.039835185185192,0.0,0.0,0.0,0.0
B_fixed_q80,2025-03-20,2025-03-20,89,2025-03-20 14:50:00,2025-03-20 15:00:00,0.6694,6156.64,5072.775,6358.98,5305.2375,175.6237499999999,48.56166666666672,224.1854166666666,0.8,0.8,28,,224.1854166666666,43.54124999999985,0.0,0.0,0.0,10516.974685185183,10556.161810185184,10250.231425925927,150.06971791666663,0.0,4.354124999999984,150.06971791666663,0.0,150.06971791666663,0.0
B_fixed_q80,2025-03-20,2025-03-20,90,2025-03-20 15:00:00,2025-03-20 15:10:00,0.66,6039.3659,4855.4545,6262.9226,5169.4135,182.2515166666667,43.22206666666665,225.47358333333332,0.8,0.8,28,,836.3275545267472,270.93132201646057,0.0,0.0,368.0776658436201,10556.161810185184,10800.0,10800.0,551.9761859876533,0.0,27.09313220164605,551.9761859876533,0.0,551.9761859876533,0.0
B_fixed_q80,2025-03-20,2025-03-20,91,2025-03-20 15:10:00,2025-03-20 15:20:00,0.7217,6054.6789,4561.8383,6174.0028,4854.5331,219.9116166666668,44.54448333333334,264.4561000000001,0.8,0.8,28,,264.4561000000001,0.0,0.0,0.0,15.649333333333516,10800.0,10800.0,10800.0,190.85796737000007,0.0,0.0,190.85796737000007,0.0,190.85796737000007,0.0
B_fixed_q80,2025-03-20,2025-03-20,92,2025-03-20 15:20:00,2025-03-20 15:30:00,0.7308,6187.68,4146.825,6169.43,4461.1125,284.71958333333333,53.41124999999994,338.13083333333327,0.8,0.8,28,,338.13083333333327,0.0,2.0116666666667697,0.0,0.0,10800.0,10797.764814814816,10800.0,247.106013,0.0,0.22351851851853008,247.10601299999996,0.0,247.10601299999996,0.0
B_fixed_q80,2025-03-20,2025-03-20,93,2025-03-20 15:30:00,2025-03-20 15:40:00,0.7534,6195.3721,3778.6785,6264.8243,4216.6751,341.35819999999995,41.01813333333348,382.37633333333343,0.8,0.8,28,,382.37633333333343,0.0,20.405933333333167,0.0,0.0,10797.764814814816,10775.091555555557,10800.0,288.0823295333334,0.0,2.2673259259259084,288.0823295333334,0.0,288.0823295333334,0.0
B_fixed_q80,2025-03-20,2025-03-20,94,2025-03-20 15:40:00,2025-03-20 15:50:00,0.7823,6186.1376,3471.4229,6126.1485,4038.9704,347.8630166666667,48.2497166666667,396.1127333333334,0.8,0.8,28,,396.1127333333334,0.0,56.33971666666662,0.0,0.0,10775.091555555557,10712.49187037037,10800.0,309.8789912866667,0.0,6.259968518518516,309.8789912866667,0.0,309.8789912866667,0.0
B_fixed_q80,2025-03-20,2025-03-20,95,2025-03-20 15:50:00,2025-03-20 16:00:00,0.8055,6200.17,3156.225,5880.11,3796.9125,347.1995833333333,44.73416666666674,391.93375,0.8,0.8,28,,391.93375,0.0,115.39041666666662,0.0,0.0,10712.49187037037,10584.280296296296,10800.0,315.702635625,0.0,12.821157407407409,315.70263562499997,0.0,315.70263562499997,0.0
B_fixed_q80,2025-03-20,2025-03-20,96,2025-03-20 16:00:00,2025-03-20 16:10:00,0.8271,6153.3743,2779.805,5993.8657,3419.8851,428.9967666666667,48.861666666666565,477.85843333333327,0.8,0.8,28,,477.8584333333333,0.0,84.40311666666673,0.0,0.0,10584.280296296296,10490.499055555556,10800.0,395.23671021,0.0,9.378124074074085,395.23671020999996,0.0,395.23671020999996,0.0
B_fixed_q80,2025-03-20,2025-03-20,97,2025-03-20 16:10:00,2025-03-20 16:20:00,0.8519,6101.7592,2507.3559,6119.1519,2957.1473,527.0007666666666,38.23880000000008,565.2395666666666,0.8,0.8,28,,565.2395666666666,0.0,33.82765000000006,0.0,0.0,10490.499055555556,10452.912777777778,10800.0,481.5275868433333,0.0,3.7586277777777863,481.5275868433333,0.0,481.5275868433333,0.0
B_fixed_q80,2025-03-20,2025-03-20,98,2025-03-20 16:20:00,2025-03-20 16:30:00,0.8791,6118.95,2334.4125,6080.34,2520.1125,593.3712499999999,21.862083333333374,615.2333333333333,0.8,0.8,28,,615.2333333333333,0.0,15.52291666666656,0.0,0.0,10452.912777777778,10435.665092592591,10800.0,540.8516233333334,0.0,1.7247685185185075,540.8516233333334,0.0,540.8516233333334,0.0
B_fixed_q80,2025-03-20,2025-03-20,99,2025-03-20 16:30:00,2025-03-20 16:40:00,0.9024,6209.4949,2077.0816,6051.7025,2207.5327,640.6949666666667,29.62258333333341,670.3175500000001,0.8,0.8,28,,670.3175500000001,0.0,18.417999999999893,0.0,0.0,10435.665092592591,10415.20064814815,10800.0,604.8945571200001,0.0,2.0464444444444334,604.8945571200001,0.0,604.8945571200001,0.0
B_fixed_q80,2025-03-20,2025-03-20,100,2025-03-20 16:40:00,2025-03-20 16:50:00,0.9163,6190.199,1733.8533,6078.2733,1939.6319,689.7735666666665,27.31759999999997,717.0911666666665,0.8,0.8,28,,717.0911666666666,0.0,25.63311666666664,0.0,0.0,10415.20064814815,10386.719407407409,10800.0,657.0706360166666,0.0,2.8481240740740725,657.0706360166666,0.0,657.0706360166666,0.0
B_fixed_q80,2025-03-20,2025-03-20,101,2025-03-20 16:50:00,2025-03-20 17:00:00,0.9264,6102.19,1377.7125,6196.49,1642.05,759.0733333333333,24.890416666666624,783.9637499999999,0.8,0.8,28,,783.9637499999999,0.0,3.4491666666665424,0.0,0.0,10386.719407407409,10382.887,10800.0,726.2640179999999,0.0,0.3832407407407271,726.2640179999999,0.0,726.2640179999999,0.0
B_fixed_q80,2025-03-20,2025-03-20,102,2025-03-20 17:00:00,2025-03-20 17:10:00,0.9462,6143.2969,1083.9022,6367.7307,1304.9072,843.8039166666667,25.34016666666668,869.1440833333334,0.8,0.8,28,,869.1440833333334,25.91163333333327,0.0,0.0,0.0,10382.887,10406.20747,10800.0,822.3841316500001,0.0,2.5911633333333266,822.3841316500001,0.0,822.3841316500001,0.0
B_fixed_q80,2025-03-20,2025-03-20,103,2025-03-20 17:10:00,2025-03-20 17:20:00,0.9742,6075.0134,831.8823,6177.7386,973.3083,867.40505,24.714233333333368,892.1192833333333,0.8,0.8,28,,892.1192833333334,18.26410000000021,0.0,0.0,0.0,10406.20747,10422.645160000002,10800.0,869.1026058233334,0.0,1.8264100000000205,869.1026058233334,0.0,869.1026058233334,0.0
B_fixed_q80,2025-03-20,2025-03-20,104,2025-03-20 17:20:00,2025-03-20 17:30:00,0.9862,6025.68,597.3375,5943.23,675.5625,877.9445833333332,20.084999999999923,898.0295833333331,0.8,0.8,28,,898.0295833333331,0.0,6.694166666667002,0.0,0.0,10422.645160000002,10415.207197037038,10800.0,885.6367750833331,0.0,0.7437962962963338,885.6367750833331,0.0,885.6367750833331,0.0
B_fixed_q80,2025-03-20,2025-03-20,105,2025-03-20 17:30:00,2025-03-20 17:40:00,0.976,6213.4416,374.8971,6260.5833,408.3651,975.3697,22.11248333333333,997.4821833333332,0.8,0.8,28,,997.4821833333332,24.39143333333334,0.0,0.0,0.0,10415.207197037038,10437.159487037035,10800.0,973.5426109333332,0.0,2.4391433333333334,973.5426109333332,0.0,973.5426109333332,0.0
B_fixed_q80,2025-03-20,2025-03-20,106,2025-03-20 17:40:00,2025-03-20 17:50:00,1.0742,5394.1467,156.1276,5643.5605,164.6811,913.1465666666666,21.76908333333336,934.91565,0.8,0.8,28,,934.91565,61.91246666666655,0.0,0.0,0.0,10437.159487037035,10492.880707037037,10800.0,1004.28639123,0.0,6.191246666666654,1004.28639123,0.0,1004.28639123,0.0
B_fixed_q80,2025-03-20,2025-03-20,107,2025-03-20 17:50:00,2025-03-20 18:00:00,1.2313,4094.12,0.0,4339.62,0.0,723.27,33.309999999999945,756.5799999999999,0.8,0.8,28,,756.5799999999999,74.22666666666669,0.0,0.0,0.0,10492.880707037037,10559.684707037037,10800.0,931.576954,0.0,7.422666666666667,931.576954,0.0,931.576954,0.0
B_fixed_q80,2025-03-20,2025-03-20,108,2025-03-20 18:00:00,2025-03-20 18:10:00,1.2561,4187.9837,0.0,4184.4013,0.0,697.4002166666667,17.745766666666782,715.1459833333334,0.8,0.8,28,,715.1459833333334,17.14870000000019,0.0,0.0,0.0,10559.684707037037,10575.118537037037,10800.0,898.2948696650002,0.0,1.7148700000000185,898.2948696650002,0.0,898.2948696650002,0.0
B_fixed_q80,2025-03-20,2025-03-20,109,2025-03-20 18:10:00,2025-03-20 18:20:00,1.2447,4441.4267,5.5774,4355.2005,5.7982,724.9003833333333,18.079366666666715,742.97975,0.8,0.8,28,,742.97975,3.6715333333334,0.0,0.0,0.0,10575.118537037037,10578.422917037036,10800.0,924.786894825,0.0,0.36715333333333994,924.7868948249999,0.0,924.7868948249999,0.0
B_fixed_q80,2025-03-20,2025-03-20,110,2025-03-20 18:20:00,2025-03-20 18:30:00,1.2545,4255.45,0.0,4309.15,0.0,718.1916666666666,33.68833333333333,751.8799999999999,0.8,0.8,28,,751.8799999999999,42.63833333333332,0.0,0.0,0.0,10578.422917037036,10616.797417037036,10800.0,943.2334599999998,0.0,4.263833333333332,943.2334599999998,0.0,943.2334599999998,0.0
B_fixed_q80,2025-03-20,2025-03-20,111,2025-03-20 18:30:00,2025-03-20 18:40:00,1.2522,4286.5369,0.0,4354.2603,0.0,725.7100499999999,17.864016666666657,743.5740666666666,0.8,0.8,28,,743.5740666666666,29.15124999999989,0.0,0.0,0.0,10616.797417037036,10643.033542037036,10800.0,931.1034462799998,0.0,2.9151249999999886,931.1034462799998,0.0,931.1034462799998,0.0
B_fixed_q80,2025-03-20,2025-03-20,112,2025-03-20 18:40:00,2025-03-20 18:50:00,1.2881,4470.2464,0.4004,4338.3067,0.4163,722.9817333333333,17.531433333333325,740.5131666666666,0.8,0.8,28,,412.71763333333456,0.0,332.25669999999866,0.0,0.0,10643.033542037036,10273.859430925926,10435.782740740742,531.6215834966682,0.0,36.91741111111098,531.6215834966682,0.0,531.6215834966682,0.0
B_fixed_q80,2025-03-20,2025-03-20,113,2025-03-20 18:50:00,2025-03-20 19:00:00,1.3466,4579.24,0.0,4288.92,0.0,714.8199999999999,19.361666666666626,734.1816666666666,0.8,0.8,28,,0.0,0.0,763.2066666666666,0.0,0.0,10273.859430925926,9425.85202351852,9620.025333333337,0.0,0.0,84.80074074074076,0.0,0.0,0.0,0.0
B_fixed_q80,2025-03-20,2025-03-20,114,2025-03-20 19:00:00,2025-03-20 19:10:00,1.3523,4480.3082,0.0,4415.0451,0.0,735.84085,15.542066666666642,751.3829166666667,0.8,0.8,28,,0.0,0.0,746.7180333333333,0.0,0.0,9425.85202351852,8596.165319814816,8785.155425925926,0.0,0.0,82.9686703703704,0.0,0.0,0.0,0.0
B_fixed_q80,2025-03-20,2025-03-20,115,2025-03-20 19:10:00,2025-03-20 19:20:00,1.3445,4285.5618,0.0288,4447.7655,0.0299,741.2892666666667,17.82353333333333,759.1128,0.8,0.8,28,,0.0,0.0,714.2555,0.0,0.0,8596.165319814816,7802.548097592594,7941.696759259259,0.0,0.0,79.36172222222226,0.0,0.0,0.0,0.0
B_fixed_q80,2025-03-20,2025-03-20,116,2025-03-20 19:20:00,2025-03-20 19:30:00,1.3483,4196.78,0.0,4430.96,0.0,738.4933333333333,24.069999999999936,762.5633333333333,0.8,0.8,28,,0.0,0.0,699.4633333333333,0.0,0.0,7802.548097592594,7025.366616111112,7094.404166666666,0.0,0.0,77.71814814814817,0.0,0.0,0.0,0.0
B_fixed_q80,2025-03-20,2025-03-20,117,2025-03-20 19:30:00,2025-03-20 19:40:00,1.349,4330.8684,0.0,4648.3362,0.0,774.7226999999999,17.09996666666666,791.8226666666666,0.8,0.8,28,,0.0,0.0,721.8114,0.0,0.0,7025.366616111112,6223.353949444446,6214.601203703704,0.0,0.0,80.20126666666671,0.0,0.0,0.0,0.0
B_fixed_q80,2025-03-20,2025-03-20,118,2025-03-20 19:40:00,2025-03-20 19:50:00,1.3473,4370.9481,0.0021,4630.751,0.0021,771.7914833333334,14.584383333333337,786.3758666666668,0.8,0.8,28,,0.0,0.0,728.491,0.0,0.0,6223.353949444446,5413.919505000002,5340.85024074074,0.0,0.0,80.94344444444448,0.0,0.0,0.0,0.0
B_fixed_q80,2025-03-20,2025-03-20,119,2025-03-20 19:50:00,2025-03-20 20:00:00,1.3482,4358.21,0.0,4405.57,0.0,734.2616666666665,18.94999999999993,753.2116666666665,0.8,0.8,28,,0.0,0.0,726.3683333333333,0.0,0.0,5413.919505000002,4606.843579074076,4503.948388888889,0.0,0.0,80.70759259259263,0.0,0.0,0.0,0.0
B_fixed_q80,2025-03-20,2025-03-20,120,2025-03-20 20:00:00,2025-03-20 20:10:00,1.3513,4586.0191,0.0,4459.9096,0.0,743.3182666666667,13.912816666666686,757.2310833333333,0.8,0.8,28,,0.0,0.0,764.3365166666667,0.0,0.0,4606.843579074076,3757.58078277778,3662.580518518519,0.0,0.0,84.92627962962968,0.0,0.0,0.0,0.0
B_fixed_q80,2025-03-20,2025-03-20,121,2025-03-20 20:10:00,2025-03-20 20:20:00,1.34,4523.6629,0.0,4389.7527,0.0,731.62545,18.0460833333334,749.6715333333334,0.8,0.8,28,,0.0,0.0,753.9438166666666,0.0,0.0,3757.58078277778,2919.865430925928,2829.612148148148,0.0,0.0,83.77153518518521,0.0,0.0,0.0,0.0
B_fixed_q80,2025-03-20,2025-03-20,122,2025-03-20 20:20:00,2025-03-20 20:30:00,1.3489,4215.37,0.0,4195.37,0.0,699.2283333333332,22.285000000000025,721.5133333333333,0.8,0.8,28,,0.0,0.0,702.5616666666666,0.0,0.0,2919.865430925928,2139.241356851854,2027.9306666666664,0.0,0.0,78.06240740740743,0.0,0.0,0.0,0.0
B_fixed_q80,2025-03-20,2025-03-20,123,2025-03-20 20:30:00,2025-03-20 20:40:00,1.3952,4256.2469,0.0,4327.8811,0.0,721.3135166666666,23.824083333333363,745.1376,0.8,0.8,28,,0.0,0.0,709.3744833333333,0.0,0.0,2139.241356851854,1351.0474864814837,1200.0,0.0,0.0,78.81938703703706,0.0,0.0,0.0,0.0
B_fixed_q80,2025-03-20,2025-03-20,124,2025-03-20 20:40:00,2025-03-20 20:50:00,1.2226,4319.0159,0.0,4512.0344,0.0,752.0057333333332,17.779016666666735,769.7847499999999,0.8,0.8,28,,769.7847499999999,49.94876666666653,0.0,0.0,0.0,1351.0474864814837,1396.0013764814837,1200.0,941.1388353499998,0.0,4.994876666666652,941.1388353499998,0.0,941.1388353499998,0.0
B_fixed_q80,2025-03-20,2025-03-20,125,2025-03-20 20:50:00,2025-03-20 21:00:00,0.9332,4257.25,0.0,4484.87,0.0,747.4783333333332,28.518333333333374,775.9966666666667,0.8,0.8,28,,775.9966666666667,66.45500000000004,0.0,0.0,0.0,1396.0013764814837,1455.8108764814835,1200.0,724.1600893333333,0.0,6.645500000000003,724.1600893333333,0.0,724.1600893333333,0.0
B_fixed_q80,2025-03-20,2025-03-20,126,2025-03-20 21:00:00,2025-03-20 21:10:00,0.9068,4290.2681,0.0,4273.0646,0.0,712.1774333333333,20.06291666666675,732.24035,0.8,0.8,28,,732.24035,17.19566666666674,0.0,0.0,0.0,1455.8108764814835,1471.2869764814836,1200.0,663.99554938,0.0,1.7195666666666736,663.99554938,0.0,663.99554938,0.0
B_fixed_q80,2025-03-20,2025-03-20,127,2025-03-20 21:10:00,2025-03-20 21:20:00,0.9371,4418.7036,0.0,4239.7897,0.0,706.6316166666667,22.373416666666685,729.0050333333334,0.8,0.8,28,,729.0050333333334,0.0,7.445566666666536,0.0,0.0,1471.2869764814836,1463.014124629632,1200.0,683.1506167366667,0.0,0.827285185185171,683.1506167366667,0.0,683.1506167366667,0.0
B_fixed_q80,2025-03-20,2025-03-20,128,2025-03-20 21:20:00,2025-03-20 21:30:00,0.9371,4553.6,0.0,4406.58,0.0,734.43,22.77666666666664,757.2066666666666,0.8,0.8,28,,757.2066666666666,0.0,1.7266666666668016,0.0,0.0,1463.014124629632,1461.0956061111133,1200.0,709.5783673333333,0.0,0.19185185185186693,709.5783673333333,0.0,709.5783673333333,0.0
B_fixed_q80,2025-03-20,2025-03-20,129,2025-03-20 21:30:00,2025-03-20 21:40:00,0.9871,4526.2528,0.0,4390.6494,0.0,731.7749,12.16478333333339,743.9396833333334,0.8,0.8,28,,743.9396833333335,0.0,10.43578333333312,0.0,0.0,1461.0956061111133,1449.5002912962989,1200.0,734.3428614183335,0.0,1.1595314814814583,734.3428614183335,0.0,734.3428614183335,0.0
B_fixed_q80,2025-03-20,2025-03-20,130,2025-03-20 21:40:00,2025-03-20 21:50:00,0.7764,4001.6252,0.0,3913.3811,0.0,652.2301833333333,18.00023333333337,670.2304166666668,0.8,0.8,28,,670.2304166666668,3.292883333333521,0.0,0.0,0.0,1449.5002912962989,1452.4638862962988,1200.0,520.3668955,0.0,0.329288333333352,520.3668955,0.0,520.3668955,0.0
B_fixed_q80,2025-03-20,2025-03-20,131,2025-03-20 21:50:00,2025-03-20 22:00:00,0.4209,3318.94,0.0,3346.61,0.0,557.7683333333333,30.769999999999985,588.5383333333333,0.8,0.8,28,,1421.8716666666664,833.3333333333333,0.0,0.0,35.38166666666655,1452.4638862962988,2202.463886296299,1950.0,598.4657844999999,0.0,83.3333333333333,598.4657844999999,0.0,598.4657844999999,0.0
B_fixed_q80,2025-03-20,2025-03-20,132,2025-03-20 22:00:00,2025-03-20 22:10:00,0.3859,3233.4088,0.0,3373.0005,0.0,562.16675,27.100149999999985,589.2669,0.8,0.8,28,,1422.600233333333,833.3333333333333,0.0,0.0,50.36543333333316,2202.463886296299,2952.463886296299,2700.0,548.9814300433333,0.0,83.3333333333333,548.9814300433333,0.0,548.9814300433333,0.0
B_fixed_q80,2025-03-20,2025-03-20,133,2025-03-20 22:10:00,2025-03-20 22:20:00,0.4368,3319.971,0.0,3465.5966,0.0,577.5994333333333,14.584066666666672,592.1835,0.8,0.8,28,,1258.8501666666646,705.5216666666646,0.0,0.0,0.0,2952.463886296299,3587.4333862962967,3299.999999999998,549.8657527999991,0.0,70.55216666666644,549.8657527999991,0.0,549.8657527999991,0.0
B_fixed_q80,2025-03-20,2025-03-20,134,2025-03-20 22:20:00,2025-03-20 22:30:00,0.4198,3255.84,0.0,3381.63,0.0,563.605,22.411666666666747,586.0166666666668,0.8,0.8,28,,1419.35,833.3333333333333,0.0,0.0,43.376666666666665,3587.4333862962967,4337.433386296297,4049.999999999998,595.84313,0.0,83.3333333333333,595.84313,0.0,595.84313,0.0
B_fixed_q80,2025-03-20,2025-03-20,135,2025-03-20 22:30:00,2025-03-20 22:40:00,0.4186,3144.1326,0.0,3375.153,0.0,562.5255,26.99753333333331,589.5230333333333,0.8,0.8,28,,1422.8563666666664,833.3333333333333,0.0,0.0,65.50093333333325,4337.433386296297,5087.433386296297,4799.999999999998,595.6076750866666,0.0,83.3333333333333,595.6076750866666,0.0,595.6076750866666,0.0
B_fixed_q80,2025-03-20,2025-03-20,136,2025-03-20 22:40:00,2025-03-20 22:50:00,0.4241,3161.8174,0.0,3326.3207,0.0,554.3867833333334,28.078083333333325,582.4648666666667,0.8,0.8,28,,1415.7982,833.3333333333333,0.0,0.0,55.49530000000004,5087.433386296297,5837.433386296297,5549.999999999998,600.4400166199999,0.0,83.3333333333333,600.4400166199999,0.0,600.4400166199999,0.0
B_fixed_q80,2025-03-20,2025-03-20,137,2025-03-20 22:50:00,2025-03-20 23:00:00,0.4237,3296.4,0.0,3298.16,0.0,549.6933333333333,27.47166666666669,577.165,0.8,0.8,28,,1410.4983333333332,833.3333333333333,0.0,0.0,27.764999999999983,5837.433386296297,6587.433386296297,6299.999999999998,597.6281438333333,0.0,83.3333333333333,597.6281438333333,0.0,597.6281438333333,0.0
B_fixed_q80,2025-03-20,2025-03-20,138,2025-03-20 23:00:00,2025-03-20 23:10:00,0.4248,3356.4081,0.0,3488.4212,0.0,581.4035333333334,20.99095000000011,602.3944833333335,0.8,0.8,28,,1435.7278166666667,833.3333333333333,0.0,0.0,42.9931333333335,6587.433386296297,7337.433386296297,7049.999999999998,609.89717652,0.0,83.3333333333333,609.89717652,0.0,609.89717652,0.0
B_fixed_q80,2025-03-20,2025-03-20,139,2025-03-20 23:10:00,2025-03-20 23:20:00,0.424,3261.7676,0.0,3525.4193,0.0,587.5698833333333,24.53320000000008,612.1030833333334,0.8,0.8,28,,1445.436416666667,833.3333333333333,0.0,0.0,68.4751500000001,7337.433386296297,8087.433386296297,7799.999999999998,612.8650406666667,0.0,83.3333333333333,612.8650406666668,0.0,612.8650406666668,0.0
B_fixed_q80,2025-03-20,2025-03-20,140,2025-03-20 23:20:00,2025-03-20 23:30:00,0.422,3267.73,0.0,3418.47,0.0,569.7449999999999,23.088333333333367,592.8333333333333,0.8,0.8,28,,1426.1666666666663,833.3333333333333,0.0,0.0,48.21166666666659,8087.433386296297,8837.433386296296,8549.999999999998,601.8423333333333,0.0,83.3333333333333,601.8423333333332,0.0,601.8423333333332,0.0
B_fixed_q80,2025-03-20,2025-03-20,141,2025-03-20 23:30:00,2025-03-20 23:40:00,0.424,3604.076,0.0,3469.7557,0.0,578.2926166666666,15.256899999999971,593.5495166666666,0.8,0.8,28,,1426.88285,826.2035166666667,0.0,0.0,0.0,8837.433386296296,9581.016551296296,9299.999999999998,604.9983284,0.0,82.62035166666665,604.9983284,0.0,604.9983284,0.0
B_fixed_q80,2025-03-20,2025-03-20,142,2025-03-20 23:40:00,2025-03-20 23:50:00,0.4271,3245.8691,0.0,3090.0777,0.0,515.0129499999999,26.59960000000001,541.6125499999999,0.8,0.8,28,,1374.9458833333333,833.3333333333333,0.0,0.0,0.6343666666667787,9581.016551296296,10331.016551296296,10049.999999999998,587.2393867716667,0.0,83.3333333333333,587.2393867716667,0.0,587.2393867716667,0.0
B_fixed_q80,2025-03-20,2025-03-20,143,2025-03-20 23:50:00,2025-03-21 00:00:00,0.4276,2401.0,0.0,2440.31,0.0,406.7183333333333,28.039999999999964,434.75833333333327,0.8,0.8,28,,1268.091666666669,521.0927207818935,0.0,0.0,346.83227921810885,10331.016551296296,10800.0,10800.0,542.2359966666676,0.0,52.109272078189335,542.2359966666676,0.0,542.2359966666676,0.0
B_fixed_q80,2025-06-21,2025-06-21,0,2025-06-21 00:00:00,2025-06-21 00:10:00,0.4248,3087.9838,0.0,3292.2207,0.0,548.70345,79.98968333333335,628.6931333333333,0.8,0.8,28,,628.6931333333341,0.0,0.0,0.0,114.02916666666748,10800.0,10800.0,10800.0,267.0688430400004,0.0,0.0,267.06884304000033,0.0,267.06884304000033,0.0
B_fixed_q80,2025-06-21,2025-06-21,1,2025-06-21 00:10:00,2025-06-21 00:20:00,0.4245,3200.0919,0.0,3247.762,0.0,541.2936666666667,82.38476666666679,623.6784333333335,0.8,0.8,28,,623.6784333333335,0.0,0.0,0.0,90.32978333333358,10800.0,10800.0,10800.0,264.75149495000005,0.0,0.0,264.75149495000005,0.0,264.75149495000005,0.0
B_fixed_q80,2025-06-21,2025-06-21,2,2025-06-21 00:20:00,2025-06-21 00:30:00,0.4269,3401.46,0.0,3135.42,0.0,522.5699999999999,80.45000000000005,603.02,0.8,0.8,28,,603.02,0.0,0.0,0.0,36.110000000000014,10800.0,10800.0,10800.0,257.429238,0.0,0.0,257.429238,0.0,257.429238,0.0
B_fixed_q80,2025-06-21,2025-06-21,3,2025-06-21 00:30:00,2025-06-21 00:40:00,0.4272,3063.5261,0.0,3144.8943,0.0,524.14905,83.92328333333342,608.0723333333334,0.8,0.8,28,,608.0723333333334,0.0,0.0,0.0,97.4846500000001,10800.0,10800.0,10800.0,259.7685008,0.0,0.0,259.7685008,0.0,259.7685008,0.0
B_fixed_q80,2025-06-21,2025-06-21,4,2025-06-21 00:40:00,2025-06-21 00:50:00,0.4271,2820.2572,0.0,3189.3566,0.0,531.5594333333333,67.45838333333324,599.0178166666666,0.8,0.8,28,,599.0178166666666,0.0,0.0,0.0,128.97494999999992,10800.0,10800.0,10800.0,255.8405094983333,0.0,0.0,255.8405094983333,0.0,255.8405094983333,0.0
B_fixed_q80,2025-06-21,2025-06-21,5,2025-06-21 00:50:00,2025-06-21 01:00:00,0.4285,2883.38,0.0,3191.86,0.0,531.9766666666667,60.83333333333337,592.8100000000001,0.8,0.8,28,,592.8100000000001,0.0,0.0,0.0,112.24666666666673,10800.0,10800.0,10800.0,254.019085,0.0,0.0,254.01908500000002,0.0,254.01908500000002,0.0
B_fixed_q80,2025-06-21,2025-06-21,6,2025-06-21 01:00:00,2025-06-21 01:10:00,0.4311,2869.9796,0.0,3141.3129,0.0,523.55215,71.39769999999999,594.94985,0.8,0.8,28,,594.94985,0.0,0.0,0.0,116.61991666666664,10800.0,10800.0,10800.0,256.482880335,0.0,0.0,256.482880335,0.0,256.482880335,0.0
B_fixed_q80,2025-06-21,2025-06-21,7,2025-06-21 01:10:00,2025-06-21 01:20:00,0.4302,2985.8287,0.0,2978.2906,0.0,496.3817666666666,75.55776666666668,571.9395333333333,0.8,0.8,28,,571.9395333333333,0.0,0.0,0.0,74.30141666666668,10800.0,10800.0,10800.0,246.04838724,0.0,0.0,246.04838724,0.0,246.04838724,0.0
B_fixed_q80,2025-06-21,2025-06-21,8,2025-06-21 01:20:00,2025-06-21 01:30:00,0.4279,3164.18,0.0,2859.96,0.0,476.66,53.91666666666663,530.5766666666666,0.8,0.8,28,,530.5766666666666,0.0,0.0,0.0,3.2133333333333667,10800.0,10800.0,10800.0,227.03375566666665,0.0,0.0,227.03375566666665,0.0,227.03375566666665,0.0
B_fixed_q80,2025-06-21,2025-06-21,9,2025-06-21 01:30:00,2025-06-21 01:40:00,0.4312,3064.8457,0.0,2991.4169,0.0,498.5694833333333,52.69899999999996,551.2684833333333,0.8,0.8,28,,551.2684833333333,0.0,0.0,0.0,40.46086666666668,10800.0,10800.0,10800.0,237.7069700133333,0.0,0.0,237.70697001333332,0.0,237.70697001333332,0.0
B_fixed_q80,2025-06-21,2025-06-21,10,2025-06-21 01:40:00,2025-06-21 01:50:00,0.4333,2954.0459,0.0,2886.449,0.0,481.0748333333333,71.00720000000001,552.0820333333334,0.8,0.8,28,,552.0820333333334,0.0,0.0,0.0,59.74105000000003,10800.0,10800.0,10800.0,239.21714504333332,0.0,0.0,239.21714504333335,0.0,239.21714504333335,0.0
B_fixed_q80,2025-06-21,2025-06-21,11,2025-06-21 01:50:00,2025-06-21 02:00:00,0.4311,2994.62,0.0,2684.58,0.0,447.43,95.43000000000006,542.86,0.8,0.8,28,,542.86,0.0,0.0,0.0,43.75666666666672,10800.0,10800.0,10800.0,234.026946,0.0,0.0,234.026946,0.0,234.026946,0.0
B_fixed_q80,2025-06-21,2025-06-21,12,2025-06-21 02:00:00,2025-06-21 02:10:00,0.4293,3072.4014,0.0,2981.874,0.0,496.9789999999999,62.86976666666658,559.8487666666665,0.8,0.8,28,,559.8487666666665,0.0,0.0,0.0,47.78186666666648,10800.0,10800.0,10800.0,240.34307552999996,0.0,0.0,240.34307552999994,0.0,240.34307552999994,0.0
B_fixed_q80,2025-06-21,2025-06-21,13,2025-06-21 02:10:00,2025-06-21 02:20:00,0.4324,3013.1015,0.0,3040.3061,0.0,506.7176833333333,34.98633333333328,541.7040166666666,0.8,0.8,28,,541.7040166666666,0.0,0.0,0.0,39.52043333333325,10800.0,10800.0,10800.0,234.23281680666665,0.0,0.0,234.23281680666662,0.0,234.23281680666662,0.0
B_fixed_q80,2025-06-21,2025-06-21,14,2025-06-21 02:20:00,2025-06-21 02:30:00,0.4367,2838.75,0.0,2782.61,0.0,463.7683333333333,35.389999999999986,499.1583333333333,0.8,0.8,28,,0.0,0.0,473.125,0.0,0.0,10800.0,10274.305555555557,10245.37962962963,0.0,0.0,52.56944444444447,0.0,0.0,0.0,0.0
B_fixed_q80,2025-06-21,2025-06-21,15,2025-06-21 02:30:00,2025-06-21 02:40:00,0.4348,2749.9199,0.0,2861.4034,0.0,476.9005666666667,34.741166666666686,511.6417333333334,0.8,0.8,28,,511.6417333333334,53.32175000000007,0.0,0.0,0.0,10274.305555555557,10322.295130555554,10245.37962962963,222.46182565333336,0.0,5.332175000000006,222.46182565333336,0.0,222.46182565333336,0.0
B_fixed_q80,2025-06-21,2025-06-21,16,2025-06-21 02:40:00,2025-06-21 02:50:00,0.4335,2820.5847,0.0,2863.2888,0.0,477.2148,35.84635000000003,513.06115,0.8,0.8,28,,513.06115,42.96370000000002,0.0,0.0,0.0,10322.295130555554,10360.962460555556,10245.37962962963,222.412008525,0.0,4.2963700000000005,222.412008525,0.0,222.412008525,0.0
B_fixed_q80,2025-06-21,2025-06-21,17,2025-06-21 02:50:00,2025-06-21 03:00:00,0.4357,2936.24,0.0,2706.74,0.0,451.1233333333333,46.31499999999994,497.4383333333332,0.8,0.8,28,,0.0,0.0,489.3733333333333,0.0,0.0,10360.962460555556,9817.214312407406,9692.67037037037,0.0,0.0,54.37481481481483,0.0,0.0,0.0,0.0
B_fixed_q80,2025-06-21,2025-06-21,18,2025-06-21 03:00:00,2025-06-21 03:10:00,0.4374,2920.1894,0.0012,2767.5101,0.0016,461.2514166666666,19.44166666666661,480.6930833333332,0.8,0.8,28,,0.0,0.0,486.6980333333333,0.0,0.0,9817.214312407406,9276.438719814814,9158.566944444445,0.0,0.0,54.077559259259274,0.0,0.0,0.0,0.0
B_fixed_q80,2025-06-21,2025-06-21,19,2025-06-21 03:10:00,2025-06-21 03:20:00,0.4371,2951.0328,0.0,2826.5835,0.0,471.09725,25.43703333333337,496.5342833333334,0.8,0.8,28,,0.0,0.0,491.8388,0.0,0.0,9276.438719814814,8729.951164259259,8606.862185185184,0.0,0.0,54.64875555555558,0.0,0.0,0.0,0.0
B_fixed_q80,2025-06-21,2025-06-21,20,2025-06-21 03:20:00,2025-06-21 03:30:00,0.4356,2977.51,0.0,2821.38,0.0,470.23,36.261666666666656,506.4916666666667,0.8,0.8,28,,40.82898333333276,0.0,455.4226833333339,0.0,0.0,8729.951164259259,8223.925960555554,8089.459203703702,17.78510513999975,0.0,50.602520370370456,17.78510513999975,0.0,17.78510513999975,0.0
B_fixed_q80,2025-06-21,2025-06-21,21,2025-06-21 03:30:00,2025-06-21 03:40:00,0.4353,2780.298,0.0162,2923.502,0.0221,487.24664999999993,28.029300000000035,515.27595,0.8,0.8,28,,515.27595,51.895650000000046,0.0,0.0,0.0,8223.925960555554,8270.632045555554,8089.459203703703,224.299621035,0.0,5.1895650000000035,224.299621035,0.0,224.299621035,0.0
B_fixed_q80,2025-06-21,2025-06-21,22,2025-06-21 03:40:00,2025-06-21 03:50:00,0.436,2728.3059,0.0,2996.6877,0.0,499.44795,30.77184999999997,530.2198,0.8,0.8,28,,0.0,0.0,454.71765,0.0,0.0,8270.632045555554,7765.390212222221,7500.326092592591,0.0,0.0,50.524183333333355,0.0,0.0,0.0,0.0
B_fixed_q80,2025-06-21,2025-06-21,23,2025-06-21 03:50:00,2025-06-21 04:00:00,0.4378,2862.19,0.0,2885.8,0.0,480.9666666666667,25.46499999999992,506.4316666666666,0.8,0.8,28,,0.0,0.0,477.0316666666666,0.0,0.0,7765.390212222221,7235.355027037036,6937.62424074074,0.0,0.0,53.00351851851853,0.0,0.0,0.0,0.0
B_fixed_q80,2025-06-21,2025-06-21,24,2025-06-21 04:00:00,2025-06-21 04:10:00,0.4401,2845.9182,0.2263,2608.6737,0.3079,434.7276333333333,39.03223333333335,473.75986666666665,0.8,0.8,28,,0.0,0.0,474.28198333333336,0.0,0.0,7235.355027037036,6708.375045555555,6411.224388888888,0.0,0.0,52.69799814814817,0.0,0.0,0.0,0.0
B_fixed_q80,2025-06-21,2025-06-21,25,2025-06-21 04:10:00,2025-06-21 04:20:00,0.4389,2748.951,0.0,2602.2534,0.0,433.7089,31.74303333333341,465.4519333333334,0.8,0.8,28,,0.0,0.0,458.1585,0.0,0.0,6708.375045555555,6199.310045555555,5894.055574074073,0.0,0.0,50.90650000000002,0.0,0.0,0.0,0.0
B_fixed_q80,2025-06-21,2025-06-21,26,2025-06-21 04:20:00,2025-06-21 04:30:00,0.4364,2677.31,0.0,2799.89,0.0,466.6483333333333,27.041666666666742,493.69000000000005,0.8,0.8,28,,0.0,0.0,446.2183333333333,0.0,0.0,6199.310045555555,5703.511897407407,5345.511129629628,0.0,0.0,49.57981481481483,0.0,0.0,0.0,0.0
B_fixed_q80,2025-06-21,2025-06-21,27,2025-06-21 04:30:00,2025-06-21 04:40:00,0.4393,2660.8713,3.1516,2720.8463,4.2881,452.7597,16.610483333333377,469.3701833333333,0.8,0.8,28,,0.0,0.0,442.9532833333333,0.0,0.0,5703.511897407407,5211.341582592592,4823.988703703702,0.0,0.0,49.2170314814815,0.0,0.0,0.0,0.0
B_fixed_q80,2025-06-21,2025-06-21,28,2025-06-21 04:40:00,2025-06-21 04:50:00,0.4422,2702.3205,0.0,2641.2198,0.0,440.2033,25.316533333333386,465.5198333333333,0.8,0.8,28,,0.0,0.0,450.38675,0.0,0.0,5211.341582592592,4710.91186037037,4306.744444444444,0.0,0.0,50.04297222222225,0.0,0.0,0.0,0.0
B_fixed_q80,2025-06-21,2025-06-21,29,2025-06-21 04:50:00,2025-06-21 05:00:00,0.4395,2732.32,7.275,2632.74,8.7375,437.3337499999999,18.423333333333343,455.7570833333333,0.8,0.8,28,,0.0,0.0,454.1741666666667,0.0,0.0,4710.91186037037,4206.273897407407,3800.3476851851847,0.0,0.0,50.46379629629632,0.0,0.0,0.0,0.0
B_fixed_q80,2025-06-21,2025-06-21,30,2025-06-21 05:00:00,2025-06-21 05:10:00,0.4333,2664.7178,116.7655,2502.539,152.8995,391.6065833333333,37.46590000000003,429.07248333333337,0.8,0.8,28,,429.07248333333337,4.413766666666732,0.0,0.0,0.0,4206.273897407407,4210.246287407407,3800.3476851851847,185.91710702833336,0.0,0.44137666666667313,185.91710702833336,0.0,185.91710702833336,0.0
B_fixed_q80,2025-06-21,2025-06-21,31,2025-06-21 05:10:00,2025-06-21 05:20:00,0.4439,2606.871,263.9703,2578.8036,339.8186,373.1641666666667,27.009900000000016,400.1740666666667,0.8,0.8,28,,0.0,0.0,390.48345,0.0,0.0,4210.246287407407,3776.375787407407,3355.709833333333,0.0,0.0,43.387050000000016,0.0,0.0,0.0,0.0
B_fixed_q80,2025-06-21,2025-06-21,32,2025-06-21 05:20:00,2025-06-21 05:30:00,0.4301,2642.15,417.075,2833.56,525.2625,384.71625,23.405000000000086,408.12125,0.8,0.8,28,,408.12125,37.27541666666667,0.0,0.0,0.0,3776.375787407407,3809.923662407408,3355.709833333333,175.532949625,0.0,3.7275416666666663,175.532949625,0.0,175.532949625,0.0
B_fixed_q80,2025-06-21,2025-06-21,33,2025-06-21 05:30:00,2025-06-21 05:40:00,0.3713,2745.0641,587.5961,2871.5102,736.5288,355.8302333333333,21.37241666666671,377.20265000000006,0.8,0.8,28,,377.20265000000006,17.624650000000088,0.0,0.0,0.0,3809.923662407408,3825.7858474074073,3355.709833333333,140.05534394500003,0.0,1.7624650000000084,140.05534394500003,0.0,140.05534394500003,0.0
B_fixed_q80,2025-06-21,2025-06-21,34,2025-06-21 05:40:00,2025-06-21 05:50:00,0.5708,2758.042,735.8325,2789.4328,959.2791,305.0256166666667,21.96738333333332,326.993,0.8,0.8,28,,0.0,0.0,337.0349166666666,0.0,0.0,3825.7858474074073,3451.302606666666,2992.384277777777,0.0,0.0,37.44832407407409,0.0,0.0,0.0,0.0
B_fixed_q80,2025-06-21,2025-06-21,35,2025-06-21 05:50:00,2025-06-21 06:00:00,0.9099,2741.64,890.7,2768.88,1180.05,264.805,36.95666666666659,301.7616666666666,0.8,0.8,28,,0.0,0.0,308.48999999999995,0.0,0.0,3451.302606666666,3108.53594,2657.0935370370366,0.0,0.0,34.27666666666668,0.0,0.0,0.0,0.0
B_fixed_q80,2025-06-21,2025-06-21,36,2025-06-21 06:00:00,2025-06-21 06:10:00,0.9368,2888.7304,1136.9554,2863.8437,1397.0577,244.4643333333333,32.949283333333284,277.4136166666666,0.8,0.8,28,,0.0,0.0,291.9625,0.0,0.0,3108.53594,2784.1331622222224,2348.856185185185,0.0,0.0,32.44027777777779,0.0,0.0,0.0,0.0
B_fixed_q80,2025-06-21,2025-06-21,37,2025-06-21 06:10:00,2025-06-21 06:20:00,0.8758,2932.231,1453.4028,2808.6146,1606.6151,200.33325,26.53681666666671,226.87006666666667,0.8,0.8,28,,0.0,0.0,246.47136666666668,0.0,0.0,2784.1331622222224,2510.276088148148,2096.778333333333,0.0,0.0,27.38570740740742,0.0,0.0,0.0,0.0
B_fixed_q80,2025-06-21,2025-06-21,38,2025-06-21 06:20:00,2025-06-21 06:30:00,0.8759,2764.02,1765.9125,2621.69,1807.2,135.7483333333333,56.85666666666663,192.605,0.8,0.8,28,,0.0,0.0,166.35125,0.0,0.0,2510.276088148148,2325.4413659259258,1882.7727777777775,0.0,0.0,18.48347222222223,0.0,0.0,0.0,0.0
B_fixed_q80,2025-06-21,2025-06-21,39,2025-06-21 06:30:00,2025-06-21 06:40:00,0.8601,2606.6137,2022.3026,2617.437,2000.3548,102.8470333333333,50.00861666666674,152.85565000000005,0.8,0.8,28,,0.0,0.0,97.38518333333332,0.0,0.0,2325.4413659259258,2217.2356066666666,1712.9331666666667,0.0,0.0,10.82057592592593,0.0,0.0,0.0,0.0
B_fixed_q80,2025-06-21,2025-06-21,40,2025-06-21 06:40:00,2025-06-21 06:50:00,0.8442,2867.7649,2350.4923,2834.3885,2192.9589,106.90493333333332,59.9829666666667,166.8879,0.8,0.8,28,,0.0,0.0,86.21210000000004,0.0,0.0,2217.2356066666666,2121.4443844444445,1527.5021666666669,0.0,0.0,9.57912222222223,0.0,0.0,0.0,0.0
B_fixed_q80,2025-06-21,2025-06-21,41,2025-06-21 06:50:00,2025-06-21 07:00:00,0.8334,3304.27,2699.25,3131.11,2488.1625,107.1579166666667,52.93458333333325,160.09249999999994,0.8,0.8,28,,0.0,0.0,100.83666666666666,0.0,0.0,2121.4443844444445,2009.403643703704,1349.6216111111112,0.0,0.0,11.204074074074079,0.0,0.0,0.0,0.0
B_fixed_q80,2025-06-21,2025-06-21,42,2025-06-21 07:00:00,2025-06-21 07:10:00,0.8092,3254.3169,2874.6231,3294.7013,2986.6862,51.33585000000001,53.30661666666663,104.64246666666664,0.8,0.8,28,,0.0,0.0,63.2823,0.0,0.0,2009.403643703704,1939.089977037037,1233.3522037037037,0.0,0.0,7.03136666666667,0.0,0.0,0.0,0.0
B_fixed_q80,2025-06-21,2025-06-21,43,2025-06-21 07:10:00,2025-06-21 07:20:00,0.7972,3137.5948,3006.0287,3261.0929,3412.6444,-25.258583333333338,55.27556666666669,30.016983333333357,0.8,0.8,28,,0.0,0.0,21.92768333333333,0.0,0.0,1939.089977037037,1914.7258844444443,1200.0,0.0,0.0,2.43640925925926,0.0,0.0,0.0,0.0
B_fixed_q80,2025-06-21,2025-06-21,44,2025-06-21 07:20:00,2025-06-21 07:30:00,0.7644,3174.85,3224.8875,3155.75,3690.2625,-89.08541666666663,46.050416666666536,-43.035000000000096,0.8,0.8,28,,0.0,8.339583333333318,0.0,0.0,0.0,1914.7258844444443,1922.2315094444443,1200.0,0.0,0.0,0.8339583333333316,0.0,0.0,0.0,0.0
B_fixed_q80,2025-06-21,2025-06-21,45,2025-06-21 07:30:00,2025-06-21 07:40:00,0.6899,3159.7263,3537.527,3173.0118,3974.9372,-133.65423333333325,45.79340000000002,-87.86083333333323,0.8,0.8,28,,0.0,62.96678333333337,0.0,0.0,0.0,1922.2315094444443,1978.9016144444445,1200.0,0.0,0.0,6.296678333333335,0.0,0.0,0.0,0.0
B_fixed_q80,2025-06-21,2025-06-21,46,2025-06-21 07:40:00,2025-06-21 07:50:00,0.86,3087.5763,3785.3986,3186.3298,4172.0564,-164.28776666666673,55.68689999999998,-108.60086666666676,0.8,0.8,28,,0.0,116.30371666666665,0.0,0.0,0.0,1978.9016144444445,2083.5749594444446,1200.0,0.0,0.0,11.630371666666662,0.0,0.0,0.0,0.0
B_fixed_q80,2025-06-21,2025-06-21,47,2025-06-21 07:50:00,2025-06-21 08:00:00,1.1617,3062.36,4003.425,3174.31,4269.825,-182.5858333333333,75.08999999999992,-107.4958333333334,0.8,0.8,28,,0.0,156.84416666666667,0.0,0.0,0.0,2083.5749594444446,2224.7347094444444,1200.0,0.0,0.0,15.684416666666664,0.0,0.0,0.0,0.0
B_fixed_q80,2025-06-21,2025-06-21,48,2025-06-21 08:00:00,2025-06-21 08:10:00,1.1683,3162.0197,4334.7324,3235.6404,4385.3882,-191.62463333333332,85.90065000000004,-105.72398333333332,0.8,0.8,28,,0.0,195.45211666666663,0.0,0.0,0.0,2224.7347094444444,2400.6416144444443,1200.0,0.0,0.0,19.54521166666666,0.0,0.0,0.0,0.0
B_fixed_q80,2025-06-21,2025-06-21,49,2025-06-21 08:10:00,2025-06-21 08:20:00,1.0956,3160.9922,4441.8035,3211.7119,4557.504,-224.29868333333332,103.44353333333328,-120.85515000000008,0.8,0.8,28,,0.0,213.46855,0.0,0.0,0.0,2400.6416144444443,2592.763309444444,1200.0,0.0,0.0,21.346854999999994,0.0,0.0,0.0,0.0
B_fixed_q80,2025-06-21,2025-06-21,50,2025-06-21 08:20:00,2025-06-21 08:30:00,1.0849,3037.59,4358.7,3117.03,4806.1125,-281.51375,111.62999999999997,-169.88375,0.8,0.8,28,,0.0,220.18499999999997,0.0,0.0,0.0,2592.763309444444,2790.929809444444,1200.0,0.0,0.0,22.018499999999992,0.0,0.0,0.0,0.0
B_fixed_q80,2025-06-21,2025-06-21,51,2025-06-21 08:30:00,2025-06-21 08:40:00,1.061,3030.9974,4479.895,3160.411,5092.0224,-321.93523333333326,100.34430000000012,-221.59093333333317,0.8,0.8,28,,0.0,241.48293333333336,0.0,0.0,0.0,2790.929809444444,3008.264449444444,1200.0,0.0,0.0,24.14829333333333,0.0,0.0,0.0,0.0
B_fixed_q80,2025-06-21,2025-06-21,52,2025-06-21 08:40:00,2025-06-21 08:50:00,1.043,3289.939,4668.5166,3366.9129,5152.4772,-297.59405000000004,114.85684999999997,-182.7372000000001,0.8,0.8,28,,0.0,229.7629333333333,0.0,0.0,0.0,3008.264449444444,3215.051089444444,1200.0,0.0,0.0,22.976293333333327,0.0,0.0,0.0,0.0
B_fixed_q80,2025-06-21,2025-06-21,53,2025-06-21 08:50:00,2025-06-21 09:00:00,1.036,3650.62,4746.075,3644.16,5183.1,-256.49000000000007,121.35708333333348,-135.13291666666657,0.8,0.8,28,,0.0,182.5758333333333,0.0,0.0,0.0,3215.051089444444,3379.3693394444435,1200.0,0.0,0.0,18.257583333333326,0.0,0.0,0.0,0.0
B_fixed_q80,2025-06-21,2025-06-21,54,2025-06-21 09:00:00,2025-06-21 09:10:00,1.0147,3785.9011,4746.9534,3852.5107,5602.4247,-291.6523333333333,142.82838333333316,-148.8239500000001,0.8,0.8,28,,0.0,160.17538333333337,0.0,0.0,0.0,3379.3693394444435,3523.527184444444,1296.859844999998,0.0,0.0,16.017538333333334,0.0,0.0,0.0,0.0
B_fixed_q80,2025-06-21,2025-06-21,55,2025-06-21 09:10:00,2025-06-21 09:20:00,0.9922,3849.6183,5139.4381,3939.4047,5705.744,-294.3898833333333,127.4840833333334,-166.90579999999989,0.8,0.8,28,,0.0,214.9699666666667,0.0,0.0,0.0,3523.527184444444,3717.000154444444,1296.859844999998,0.0,0.0,21.496996666666664,0.0,0.0,0.0,0.0
B_fixed_q80,2025-06-21,2025-06-21,56,2025-06-21 09:20:00,2025-06-21 09:30:00,0.97,3824.6,5794.3125,3890.66,5464.2375,-262.2629166666667,118.24416666666669,-144.01875,0.8,0.8,28,,0.0,328.28541666666666,0.0,0.0,0.0,3717.000154444444,4012.457029444444,1296.859844999998,0.0,0.0,32.82854166666666,0.0,0.0,0.0,0.0
B_fixed_q80,2025-06-21,2025-06-21,57,2025-06-21 09:30:00,2025-06-21 09:40:00,0.9422,3582.3586,6109.068,3743.0588,5592.3571,-308.2163833333334,121.46611666666672,-186.75026666666668,0.8,0.8,28,,0.0,421.11823333333336,0.0,0.0,0.0,4012.457029444444,4391.463439444444,1464.9350849999985,0.0,0.0,42.11182333333333,0.0,0.0,0.0,0.0
B_fixed_q80,2025-06-21,2025-06-21,58,2025-06-21 09:40:00,2025-06-21 09:50:00,0.9569,3687.9447,6385.1018,3668.9743,5934.8802,-377.6509833333333,128.3155666666668,-249.33541666666648,0.8,0.8,28,,0.0,449.5261833333334,0.0,0.0,0.0,4391.463439444444,4796.037004444444,1689.336959999998,0.0,0.0,44.95261833333333,0.0,0.0,0.0,0.0
B_fixed_q80,2025-06-21,2025-06-21,59,2025-06-21 09:50:00,2025-06-21 10:00:00,0.9977,4000.14,6643.5375,3763.84,6259.5,-415.94333333333327,137.67583333333337,-278.2674999999999,0.8,0.8,28,,0.0,440.5662500000001,0.0,0.0,0.0,4796.037004444444,5192.546629444443,1939.777709999998,0.0,0.0,44.056625,0.0,0.0,0.0,0.0
B_fixed_q80,2025-06-21,2025-06-21,60,2025-06-21 10:00:00,2025-06-21 10:10:00,0.9919,3826.1041,6589.8893,3940.9272,6487.3724,-424.4075333333333,141.49390000000008,-282.9136333333332,0.8,0.8,28,,0.0,460.6308666666666,0.0,0.0,0.0,5192.546629444443,5607.114409444444,2194.399979999998,0.0,0.0,46.06308666666665,0.0,0.0,0.0,0.0
B_fixed_q80,2025-06-21,2025-06-21,61,2025-06-21 10:10:00,2025-06-21 10:20:00,0.9588,3761.4976,6695.6004,3851.4805,6558.8571,-451.2294333333333,163.8027499999999,-287.4266833333334,0.8,0.8,28,,0.0,489.0171333333333,0.0,0.0,0.0,5607.114409444444,6047.229829444444,2453.083994999998,0.0,0.0,48.90171333333332,0.0,0.0,0.0,0.0
B_fixed_q80,2025-06-21,2025-06-21,62,2025-06-21 10:20:00,2025-06-21 10:30:00,0.9549,3901.91,7000.9875,3627.76,6622.0125,-499.04208333333327,149.24666666666667,-349.7954166666666,0.8,0.8,28,,0.0,516.5129166666667,0.0,0.0,0.0,6047.229829444444,6512.091454444444,2767.899869999998,0.0,0.0,51.65129166666666,0.0,0.0,0.0,0.0
B_fixed_q80,2025-06-21,2025-06-21,63,2025-06-21 10:30:00,2025-06-21 10:40:00,0.9839,3726.7535,7093.8409,3731.9048,6889.2348,-526.2216666666667,139.0475,-387.1741666666667,0.8,0.8,28,,0.0,561.1812333333334,0.0,0.0,0.0,6512.091454444444,7017.154564444444,3116.3566199999977,0.0,0.0,56.11812333333332,0.0,0.0,0.0,0.0
B_fixed_q80,2025-06-21,2025-06-21,64,2025-06-21 10:40:00,2025-06-21 10:50:00,0.799,3565.5609,7243.1188,3783.4133,7030.3159,-541.1504333333332,113.69718333333336,-427.4532499999999,0.8,0.8,28,,0.0,612.9263166666667,0.0,0.0,0.0,7017.154564444444,7568.788249444444,3501.064544999997,0.0,0.0,61.29263166666666,0.0,0.0,0.0,0.0
B_fixed_q80,2025-06-21,2025-06-21,65,2025-06-21 10:50:00,2025-06-21 11:00:00,0.5025,3679.21,7400.1,3618.92,6992.85,-562.3216666666667,112.96999999999994,-449.3516666666668,0.8,0.8,28,,0.0,620.1483333333333,0.0,0.0,0.0,7568.788249444444,8126.921749444444,3905.4810449999977,0.0,0.0,62.014833333333314,0.0,0.0,0.0,0.0
B_fixed_q80,2025-06-21,2025-06-21,66,2025-06-21 11:00:00,2025-06-21 11:10:00,0.4662,3945.6166,7306.5816,3481.824,7042.9006,-593.5127666666666,121.1284999999998,-472.3842666666668,0.8,0.8,28,,0.0,560.1608333333334,0.0,0.0,0.0,8126.921749444444,8631.066499444443,4330.626884999998,0.0,0.0,56.01608333333332,0.0,0.0,0.0,0.0
B_fixed_q80,2025-06-21,2025-06-21,67,2025-06-21 11:10:00,2025-06-21 11:20:00,0.5007,3900.6403,7782.8954,3500.7818,7067.4755,-594.4489499999999,126.49885000000006,-467.9500999999998,0.8,0.8,28,,0.0,647.0425166666666,0.0,0.0,0.0,8631.066499444443,9213.404764444444,4751.781974999998,0.0,0.0,64.70425166666665,0.0,0.0,0.0,0.0
B_fixed_q80,2025-06-21,2025-06-21,68,2025-06-21 11:20:00,2025-06-21 11:30:00,0.4827,3645.76,8490.225,3619.72,7078.8,-576.5133333333333,107.3258333333333,-469.1875,0.8,0.8,28,,0.0,807.4108333333334,0.0,0.0,0.0,9213.404764444444,9940.074514444445,5174.050724999998,0.0,0.0,80.74108333333332,0.0,0.0,0.0,0.0
B_fixed_q80,2025-06-21,2025-06-21,69,2025-06-21 11:30:00,2025-06-21 11:40:00,0.4785,3705.1427,8180.7164,3676.5508,7189.044,-585.4155333333333,164.06218333333317,-421.35335000000015,0.8,0.8,28,,0.0,745.9289500000001,0.0,0.0,0.0,9940.074514444445,10611.410569444444,5553.268739999999,0.0,0.0,74.592895,0.0,0.0,0.0,0.0
B_fixed_q80,2025-06-21,2025-06-21,70,2025-06-21 11:40:00,2025-06-21 11:50:00,0.4662,3724.3133,7677.6706,3689.0127,7033.8841,-557.4785666666667,172.85366666666658,-384.6249000000001,0.8,0.8,28,,0.0,209.54381172839527,0.0,0.0,449.34907160493816,10611.410569444444,10800.0,5899.431149999999,0.0,0.0,20.954381172839522,0.0,0.0,0.0,0.0
B_fixed_q80,2025-06-21,2025-06-21,71,2025-06-21 11:50:00,2025-06-21 12:00:00,0.4432,3631.08,7665.1125,3693.53,6626.2125,-488.78041666666655,130.56833333333338,-358.2120833333332,0.8,0.8,28,,0.0,0.0,0.0,0.0,672.33875,10800.0,10800.0,6221.822024999999,0.0,0.0,0.0,0.0,0.0,0.0,0.0
B_fixed_q80,2025-06-21,2025-06-21,72,2025-06-21 12:00:00,2025-06-21 12:10:00,0.4411,3735.5415,8044.2631,3700.2899,6414.5524,-452.3770833333332,133.93081666666677,-318.4462666666664,0.8,0.8,28,,0.0,0.0,0.0,0.0,718.1202666666668,10800.0,10800.0,6508.423664999998,0.0,0.0,0.0,0.0,0.0,0.0,0.0
B_fixed_q80,2025-06-21,2025-06-21,73,2025-06-21 12:10:00,2025-06-21 12:20:00,0.4551,3852.2352,8300.9755,3725.1955,6580.7353,-475.9233,133.0395166666667,-342.8837833333333,0.8,0.8,28,,0.0,0.0,0.0,0.0,741.4567166666667,10800.0,10800.0,6817.019069999999,0.0,0.0,0.0,0.0,0.0,0.0,0.0
B_fixed_q80,2025-06-21,2025-06-21,74,2025-06-21 12:20:00,2025-06-21 12:30:00,0.4463,3928.56,8383.0125,3761.52,6916.125,-525.7674999999999,130.21291666666653,-395.5545833333334,0.8,0.8,28,,0.0,0.0,0.0,0.0,742.4087500000002,10800.0,10800.0,7173.018194999999,0.0,0.0,0.0,0.0,0.0,0.0,0.0
B_fixed_q80,2025-06-21,2025-06-21,75,2025-06-21 12:30:00,2025-06-21 12:40:00,0.4113,4059.9044,8605.7877,3780.9427,6997.9126,-536.1616499999999,131.64124999999996,-404.5204,0.8,0.8,28,,0.0,0.0,0.0,0.0,757.6472166666668,10800.0,10800.0,7537.086554999999,0.0,0.0,0.0,0.0,0.0,0.0,0.0
B_fixed_q80,2025-06-21,2025-06-21,76,2025-06-21 12:40:00,2025-06-21 12:50:00,0.5682,3912.5928,8542.7209,3768.4578,6828.0916,-509.9389666666666,143.96201666666673,-365.9769499999999,0.8,0.8,28,,0.0,0.0,0.0,0.0,771.6880166666666,10800.0,10800.0,7866.465809999999,0.0,0.0,0.0,0.0,0.0,0.0,0.0
B_fixed_q80,2025-06-21,2025-06-21,77,2025-06-21 12:50:00,2025-06-21 13:00:00,0.8279,3688.01,8049.6,3763.37,6705.9,-490.4216666666666,180.7870833333333,-309.6345833333333,0.8,0.8,28,,0.0,0.0,0.0,0.0,726.9316666666666,10800.0,10800.0,8145.136934999999,0.0,0.0,0.0,0.0,0.0,0.0,0.0
B_fixed_q80,2025-06-21,2025-06-21,78,2025-06-21 13:00:00,2025-06-21 13:10:00,0.8636,3910.4683,7493.4162,3817.3428,6883.7552,-511.0687333333333,161.9483166666666,-349.1204166666667,0.8,0.8,28,,0.0,0.0,0.0,0.0,597.1579833333333,10800.0,10800.0,8459.345309999999,0.0,0.0,0.0,0.0,0.0,0.0,0.0
B_fixed_q80,2025-06-21,2025-06-21,79,2025-06-21 13:10:00,2025-06-21 13:20:00,0.8416,3862.6154,7354.9231,3834.9581,6717.4275,-480.41156666666666,143.34001666666666,-337.07155,0.8,0.8,28,,0.0,0.0,0.0,0.0,582.0512833333332,10800.0,10800.0,8762.709705,0.0,0.0,0.0,0.0,0.0,0.0,0.0
B_fixed_q80,2025-06-21,2025-06-21,80,2025-06-21 13:20:00,2025-06-21 13:30:00,0.8618,3589.29,7340.8875,3827.67,6265.05,-406.23,156.60416666666663,-249.6258333333334,0.8,0.8,28,,0.0,0.0,0.0,0.0,625.2662499999999,10800.0,10800.0,8987.372954999999,0.0,0.0,0.0,0.0,0.0,0.0,0.0
B_fixed_q80,2025-06-21,2025-06-21,81,2025-06-21 13:30:00,2025-06-21 13:40:00,0.8623,3849.2221,6714.7449,3893.2639,6241.1191,-391.3092,118.45496666666666,-272.8542333333333,0.8,0.8,28,,0.0,0.0,0.0,0.0,477.58713333333327,10800.0,10800.0,9232.941765,0.0,0.0,0.0,0.0,0.0,0.0,0.0
B_fixed_q80,2025-06-21,2025-06-21,82,2025-06-21 13:40:00,2025-06-21 13:50:00,0.9026,3978.2382,6127.755,3906.2985,6290.4161,-397.3529333333334,112.68281666666672,-284.6701166666667,0.8,0.8,28,,0.0,0.0,0.0,0.0,358.25280000000004,10800.0,10800.0,9489.144869999998,0.0,0.0,0.0,0.0,0.0,0.0,0.0
B_fixed_q80,2025-06-21,2025-06-21,83,2025-06-21 13:50:00,2025-06-21 14:00:00,0.9754,3861.85,5956.2,3871.55,6216.3,-390.7916666666666,118.6029166666666,-272.18875,0.8,0.8,28,,0.0,0.0,0.0,0.0,349.0583333333333,10800.0,10800.0,9734.114745,0.0,0.0,0.0,0.0,0.0,0.0,0.0
B_fixed_q80,2025-06-21,2025-06-21,84,2025-06-21 14:00:00,2025-06-21 14:10:00,1.0002,4047.8905,5941.7978,3911.3368,6181.434,-378.3495333333333,121.66505000000006,-256.6844833333333,0.8,0.8,28,,0.0,0.0,0.0,0.0,315.6512166666667,10800.0,10800.0,9965.13078,0.0,0.0,0.0,0.0,0.0,0.0,0.0
B_fixed_q80,2025-06-21,2025-06-21,85,2025-06-21 14:10:00,2025-06-21 14:20:00,0.9978,4095.2281,5827.294,3878.1365,6047.9156,-361.62985,95.64298333333332,-265.98686666666674,0.8,0.8,28,,0.0,0.0,0.0,0.0,288.67765,10800.0,10800.0,10204.51896,0.0,0.0,0.0,0.0,0.0,0.0,0.0
B_fixed_q80,2025-06-21,2025-06-21,86,2025-06-21 14:20:00,2025-06-21 14:30:00,1.0271,4007.39,5738.1375,3792.1,5758.5375,-327.73958333333337,95.43249999999988,-232.30708333333348,0.8,0.8,28,,0.0,0.0,0.0,0.0,288.4579166666666,10800.0,10800.0,10413.595335,0.0,0.0,0.0,0.0,0.0,0.0,0.0
B_fixed_q80,2025-06-21,2025-06-21,87,2025-06-21 14:30:00,2025-06-21 14:40:00,1.0906,4227.0513,5964.2607,3849.9288,5455.4133,-267.58075,131.48446666666663,-136.09628333333333,0.8,0.8,28,,0.0,0.0,0.0,0.0,289.53489999999994,10800.0,10800.0,10536.08199,0.0,0.0,0.0,0.0,0.0,0.0,0.0
B_fixed_q80,2025-06-21,2025-06-21,88,2025-06-21 14:40:00,2025-06-21 14:50:00,0.9376,4182.4486,5979.2451,4004.3225,5412.6767,-234.7257,118.78881666666663,-115.93688333333333,0.8,0.8,28,,0.0,0.0,0.0,0.0,299.46608333333336,10800.0,10800.0,10640.425185,0.0,0.0,0.0,0.0,0.0,0.0,0.0
B_fixed_q80,2025-06-21,2025-06-21,89,2025-06-21 14:50:00,2025-06-21 15:00:00,0.6694,3879.68,5680.4625,4111.94,5418.3,-217.72666666666677,108.1970833333333,-109.52958333333343,0.8,0.8,28,,0.0,0.0,0.0,0.0,300.13041666666663,10800.0,10800.0,10739.00181,0.0,0.0,0.0,0.0,0.0,0.0,0.0
B_fixed_q80,2025-06-21,2025-06-21,90,2025-06-21 15:00:00,2025-06-21 15:10:00,0.66,3916.2335,5457.1539,4048.532,5001.8274,-158.88256666666666,109.2622333333332,-49.62033333333346,0.8,0.8,28,,0.0,0.0,0.0,0.0,256.8200666666667,10800.0,10800.0,10783.66011,0.0,0.0,0.0,0.0,0.0,0.0,0.0
B_fixed_q80,2025-06-21,2025-06-21,91,2025-06-21 15:10:00,2025-06-21 15:20:00,0.7217,3924.3398,5153.0688,3899.0665,4697.3994,-133.05548333333337,114.90004999999988,-18.15543333333349,0.8,0.8,28,,0.0,0.0,0.0,0.0,204.78816666666663,10800.0,10800.0,10800.0,0.0,0.0,0.0,0.0,0.0,0.0,0.0
B_fixed_q80,2025-06-21,2025-06-21,92,2025-06-21 15:20:00,2025-06-21 15:30:00,0.7308,3875.5,4811.1,3872.03,4584.0375,-118.66791666666668,156.12208333333334,37.45416666666665,0.8,0.8,28,,37.45416666666665,0.0,0.0,0.0,193.38750000000005,10800.0,10800.0,10800.0,27.37150499999999,0.0,0.0,27.37150499999999,0.0,27.37150499999999,0.0
B_fixed_q80,2025-06-21,2025-06-21,93,2025-06-21 15:30:00,2025-06-21 15:40:00,0.7534,4137.0155,4680.9532,4110.3626,4217.3348,-17.828699999999873,113.71116666666666,95.8824666666668,0.8,0.8,28,,95.8824666666668,0.0,0.0,0.0,186.53875000000005,10800.0,10800.0,10800.0,72.23785038666676,0.0,0.0,72.23785038666676,0.0,72.23785038666676,0.0
B_fixed_q80,2025-06-21,2025-06-21,94,2025-06-21 15:40:00,2025-06-21 15:50:00,0.7823,4317.2602,4481.2341,4232.824,3892.0797,56.79071666666664,86.37094999999991,143.16166666666655,0.8,0.8,28,,143.16166666666655,0.0,0.0,0.0,170.49064999999987,10800.0,10800.0,10800.0,111.99537183333324,0.0,0.0,111.99537183333324,0.0,111.99537183333324,0.0
B_fixed_q80,2025-06-21,2025-06-21,95,2025-06-21 15:50:00,2025-06-21 16:00:00,0.8055,4217.43,4055.4,4214.01,3756.6375,76.22875000000006,67.47999999999979,143.70874999999984,0.8,0.8,28,,143.70874999999984,0.0,0.0,0.0,116.7037499999998,10800.0,10800.0,10800.0,115.75739812499988,0.0,0.0,115.75739812499987,0.0,115.75739812499987,0.0
B_fixed_q80,2025-06-21,2025-06-21,96,2025-06-21 16:00:00,2025-06-21 16:10:00,0.8271,4034.2858,3562.8565,4333.1906,3624.4529,118.12294999999996,68.99091666666675,187.1138666666667,0.8,0.8,28,,187.1138666666667,0.0,0.0,0.0,108.54231666666666,10800.0,10800.0,10800.0,154.76187912,0.0,0.0,154.76187912,0.0,154.76187912,0.0
B_fixed_q80,2025-06-21,2025-06-21,97,2025-06-21 16:10:00,2025-06-21 16:20:00,0.8519,3980.7146,3361.4888,4174.9277,3335.8463,139.8469,78.41009999999994,218.25699999999995,0.8,0.8,28,,218.25699999999995,0.0,0.0,0.0,115.0527,10800.0,10800.0,10800.0,185.9331383,0.0,0.0,185.93313829999997,0.0,185.93313829999997,0.0
B_fixed_q80,2025-06-21,2025-06-21,98,2025-06-21 16:20:00,2025-06-21 16:30:00,0.8791,4042.02,3406.575,3991.85,2977.575,169.04583333333335,87.96749999999997,257.0133333333333,0.8,0.8,28,,257.0133333333333,0.0,0.0,0.0,151.1058333333333,10800.0,10800.0,10800.0,225.9404213333333,0.0,0.0,225.94042133333332,0.0,225.94042133333332,0.0
B_fixed_q80,2025-06-21,2025-06-21,99,2025-06-21 16:30:00,2025-06-21 16:40:00,0.9024,3983.774,3291.2298,4411.5054,2767.3411,274.0273833333333,86.79738333333324,360.82476666666656,0.8,0.8,28,,360.8247666666666,0.0,0.0,0.0,245.4007333333333,10800.0,10800.0,10800.0,325.60826944,0.0,0.0,325.60826943999996,0.0,325.60826943999996,0.0
B_fixed_q80,2025-06-21,2025-06-21,100,2025-06-21 16:40:00,2025-06-21 16:50:00,0.9163,3621.8931,2964.175,4246.9867,2513.51,288.9127833333333,85.3331333333332,374.2459166666665,0.8,0.8,28,,374.2459166666665,0.0,0.0,0.0,264.6262333333333,10800.0,10800.0,10800.0,342.9215334416665,0.0,0.0,342.92153344166655,0.0,342.92153344166655,0.0
B_fixed_q80,2025-06-21,2025-06-21,101,2025-06-21 16:50:00,2025-06-21 17:00:00,0.9264,3240.3,2623.6125,3538.36,2166.4875,228.64541666666665,104.59500000000004,333.24041666666665,0.8,0.8,28,,333.24041666666665,0.0,0.0,0.0,230.45916666666665,10800.0,10800.0,10800.0,308.713922,0.0,0.0,308.71392199999997,0.0,308.71392199999997,0.0
B_fixed_q80,2025-06-21,2025-06-21,102,2025-06-21 17:00:00,2025-06-21 17:10:00,0.9462,3335.0072,2479.2426,3542.8764,1892.5968,275.0466,91.67676666666672,366.7233666666667,0.8,0.8,28,,366.7233666666667,0.0,0.0,0.0,224.0959333333334,10800.0,10800.0,10800.0,346.9936495400001,0.0,0.0,346.9936495400001,0.0,346.9936495400001,0.0
B_fixed_q80,2025-06-21,2025-06-21,103,2025-06-21 17:10:00,2025-06-21 17:20:00,0.9742,3462.6248,2185.8548,3659.3145,1730.908,321.4010833333333,89.5143333333333,410.9154166666666,0.8,0.8,28,,410.9154166666666,0.0,0.0,0.0,198.1204166666666,10800.0,10800.0,10800.0,400.3137989166666,0.0,0.0,400.3137989166666,0.0,400.3137989166666,0.0
B_fixed_q80,2025-06-21,2025-06-21,104,2025-06-21 17:20:00,2025-06-21 17:30:00,0.9862,3484.27,1750.4625,3539.76,1616.475,320.5475,113.21125,433.75875,0.8,0.8,28,,433.75875,0.0,0.0,0.0,144.7908333333334,10800.0,10800.0,10800.0,427.77287925,0.0,0.0,427.77287925,0.0,427.77287925,0.0
B_fixed_q80,2025-06-21,2025-06-21,105,2025-06-21 17:30:00,2025-06-21 17:40:00,0.976,3649.2081,1528.3871,3489.1585,1447.3721,340.2977333333333,103.8852499999998,444.18298333333314,0.8,0.8,28,,444.18298333333314,0.0,0.0,0.0,90.71281666666653,10800.0,10800.0,10800.0,433.5225917333331,0.0,0.0,433.5225917333331,0.0,433.5225917333331,0.0
B_fixed_q80,2025-06-21,2025-06-21,106,2025-06-21 17:40:00,2025-06-21 17:50:00,1.0742,3604.3529,1310.4274,3482.0899,1250.3672,371.9537833333334,100.79655000000014,472.7503333333335,0.8,0.8,28,,472.7503333333335,0.0,0.0,0.0,90.4294166666669,10800.0,10800.0,10800.0,507.8284080666669,0.0,0.0,507.8284080666669,0.0,507.8284080666669,0.0
B_fixed_q80,2025-06-21,2025-06-21,107,2025-06-21 17:50:00,2025-06-21 18:00:00,1.2313,3349.51,1034.1,3497.41,1054.575,407.13916666666665,57.26458333333335,464.40375,0.8,0.8,28,,464.40375,0.0,0.0,0.0,78.5020833333333,10800.0,10800.0,10800.0,571.820337375,0.0,0.0,571.820337375,0.0,571.820337375,0.0
B_fixed_q80,2025-06-21,2025-06-21,108,2025-06-21 18:00:00,2025-06-21 18:10:00,1.2561,3274.4828,860.3286,3573.5938,854.5608,453.1721666666667,61.56266666666659,514.7348333333333,0.8,0.8,28,,159.56985000000128,0.0,242.789183333332,0.0,0.0,10800.0,10530.23424074074,10405.372240740742,200.4356885850016,0.0,26.97657592592579,200.4356885850016,0.0,200.4356885850016,0.0
B_fixed_q80,2025-06-21,2025-06-21,109,2025-06-21 18:10:00,2025-06-21 18:20:00,1.2447,3297.0032,677.2547,3613.6869,631.3856,497.0502166666666,62.36346666666645,559.4136833333331,0.8,0.8,28,,559.4136833333331,122.78893333333308,0.0,0.0,0.0,10530.23424074074,10640.74428074074,10405.372240740742,696.3022116449997,0.0,12.278893333333304,696.3022116449997,0.0,696.3022116449997,0.0
B_fixed_q80,2025-06-21,2025-06-21,110,2025-06-21 18:20:00,2025-06-21 18:30:00,1.2545,3342.79,452.7,3620.91,416.1,534.135,82.94208333333336,617.0770833333333,0.8,0.8,28,,617.0770833333333,135.39541666666668,0.0,0.0,0.0,10640.74428074074,10762.60015574074,10405.372240740742,774.1232010416667,0.0,13.539541666666665,774.1232010416667,0.0,774.1232010416667,0.0
B_fixed_q80,2025-06-21,2025-06-21,111,2025-06-21 18:30:00,2025-06-21 18:40:00,1.2522,3456.8314,276.0564,3681.3967,264.4096,569.49785,76.56960000000015,646.0674500000001,0.8,0.8,28,,646.0674500000001,41.55538251028904,0.0,0.0,74.38290082304448,10762.60015574074,10800.0,10405.372240740742,809.0056608900002,0.0,4.155538251028903,809.0056608900002,0.0,809.0056608900002,0.0
B_fixed_q80,2025-06-21,2025-06-21,112,2025-06-21 18:40:00,2025-06-21 18:50:00,1.2881,3634.5648,121.8367,3682.0144,122.7855,593.2048166666666,94.92615000000023,688.1309666666668,0.8,0.8,28,,0.0,0.0,585.4546833333334,0.0,0.0,10800.0,10149.494796296296,9640.782277777778,0.0,0.0,65.0505203703704,0.0,0.0,0.0,0.0
B_fixed_q80,2025-06-21,2025-06-21,113,2025-06-21 18:50:00,2025-06-21 19:00:00,1.3466,3852.72,7.7625,3671.85,6.7875,610.84375,67.01666666666665,677.8604166666667,0.8,0.8,28,,0.0,0.0,640.82625,0.0,0.0,10149.494796296296,9437.465629629629,8887.604037037037,0.0,0.0,71.2029166666667,0.0,0.0,0.0,0.0
B_fixed_q80,2025-06-21,2025-06-21,114,2025-06-21 19:00:00,2025-06-21 19:10:00,1.3523,4004.9442,0.0,3806.9784,0.0,634.4964,72.04219999999998,706.5386,0.8,0.8,28,,0.0,0.0,667.4907,0.0,0.0,9437.465629629629,8695.809296296296,8102.561148148148,0.0,0.0,74.16563333333336,0.0,0.0,0.0,0.0
B_fixed_q80,2025-06-21,2025-06-21,115,2025-06-21 19:10:00,2025-06-21 19:20:00,1.3445,3706.7434,3.2619,3830.7687,3.5416,637.8711833333333,72.30529999999999,710.1764833333333,0.8,0.8,28,,0.0,0.0,617.2469166666666,0.0,0.0,8695.809296296296,8009.979388888889,7313.476166666666,0.0,0.0,68.58299074074077,0.0,0.0,0.0,0.0
B_fixed_q80,2025-06-21,2025-06-21,116,2025-06-21 19:20:00,2025-06-21 19:30:00,1.3483,3293.48,0.0,3686.48,0.0,614.4133333333333,80.26833333333343,694.6816666666667,0.8,0.8,28,,0.0,0.0,548.9133333333333,0.0,0.0,8009.979388888889,7400.075685185186,6541.607648148148,0.0,0.0,60.99037037037039,0.0,0.0,0.0,0.0
B_fixed_q80,2025-06-21,2025-06-21,117,2025-06-21 19:30:00,2025-06-21 19:40:00,1.349,3492.5254,0.0,3569.6441,0.0,594.9406833333333,51.43788333333339,646.3785666666666,0.8,0.8,28,,0.0,0.0,582.0875666666666,0.0,0.0,7400.075685185186,6753.311722222223,5823.409240740741,0.0,0.0,64.67639629629632,0.0,0.0,0.0,0.0
B_fixed_q80,2025-06-21,2025-06-21,118,2025-06-21 19:40:00,2025-06-21 19:50:00,1.3473,3490.6667,0.2342,3471.128,0.2543,578.4789499999999,63.32208333333335,641.8010333333333,0.8,0.8,28,,0.0,0.0,581.73875,0.0,0.0,6753.311722222223,6106.935333333334,5110.2969814814805,0.0,0.0,64.63763888888892,0.0,0.0,0.0,0.0
B_fixed_q80,2025-06-21,2025-06-21,119,2025-06-21 19:50:00,2025-06-21 20:00:00,1.3482,3189.62,0.0,3506.94,0.0,584.49,65.33500000000004,649.825,0.8,0.8,28,,0.0,0.0,531.6033333333332,0.0,0.0,6106.935333333334,5516.264962962963,4388.269203703703,0.0,0.0,59.06703703703705,0.0,0.0,0.0,0.0
B_fixed_q80,2025-06-21,2025-06-21,120,2025-06-21 20:00:00,2025-06-21 20:10:00,1.3513,3348.2366,0.0,3809.9315,0.0,634.9885833333333,52.50258333333335,687.4911666666667,0.8,0.8,28,,0.0,0.0,558.0394333333334,0.0,0.0,5516.264962962963,4896.221148148148,3624.39012962963,0.0,0.0,62.00438148148151,0.0,0.0,0.0,0.0
B_fixed_q80,2025-06-21,2025-06-21,121,2025-06-21 20:10:00,2025-06-21 20:20:00,1.34,3725.2052,0.0168,3890.9938,0.0183,648.4959166666666,89.00003333333325,737.4959499999999,0.8,0.8,28,,0.0,0.0,620.8647333333333,0.0,0.0,4896.221148148148,4206.371444444445,2804.950185185185,0.0,0.0,68.9849703703704,0.0,0.0,0.0,0.0
B_fixed_q80,2025-06-21,2025-06-21,122,2025-06-21 20:20:00,2025-06-21 20:30:00,1.3489,3960.13,0.0,3770.6,0.0,628.4333333333333,98.1400000000001,726.5733333333334,0.8,0.8,28,,0.0,0.0,660.0216666666666,0.0,0.0,4206.371444444445,3473.0140370370377,1997.6464814814815,0.0,0.0,73.33574074074077,0.0,0.0,0.0,0.0
B_fixed_q80,2025-06-21,2025-06-21,123,2025-06-21 20:30:00,2025-06-21 20:40:00,1.3952,3881.8245,0.0,3932.4898,0.0,655.4149666666666,62.46686666666676,717.8818333333334,0.8,0.8,28,,0.0,0.0,646.97075,0.0,0.0,3473.0140370370377,2754.157648148149,1200.0,0.0,0.0,71.88563888888892,0.0,0.0,0.0,0.0
B_fixed_q80,2025-06-21,2025-06-21,124,2025-06-21 20:40:00,2025-06-21 20:50:00,1.2226,3513.6729,0.0012,4058.333,0.0013,676.3886166666666,56.47578333333331,732.8643999999999,0.8,0.8,28,,732.8643999999999,147.25244999999995,0.0,0.0,0.0,2754.157648148149,2886.6848531481487,1200.0,896.0000154399999,0.0,14.725244999999992,896.0000154399999,0.0,896.0000154399999,0.0
B_fixed_q80,2025-06-21,2025-06-21,125,2025-06-21 20:50:00,2025-06-21 21:00:00,0.9332,3160.32,0.0,3918.77,0.0,653.1283333333333,72.32333333333327,725.4516666666666,0.8,0.8,28,,725.4516666666666,198.73166666666657,0.0,0.0,0.0,2886.6848531481487,3065.5433531481485,1200.0,676.9914953333333,0.0,19.873166666666652,676.9914953333333,0.0,676.9914953333333,0.0
B_fixed_q80,2025-06-21,2025-06-21,126,2025-06-21 21:00:00,2025-06-21 21:10:00,0.9068,3214.7106,0.0,3614.0096,0.0,602.3349333333333,47.02004999999997,649.3549833333333,0.8,0.8,28,,649.3549833333333,113.56988333333334,0.0,0.0,0.0,3065.5433531481485,3167.7562481481486,1200.0,588.8350988866666,0.0,11.356988333333332,588.8350988866666,0.0,588.8350988866666,0.0
B_fixed_q80,2025-06-21,2025-06-21,127,2025-06-21 21:10:00,2025-06-21 21:20:00,0.9371,3489.1029,0.0,3370.7921,0.0,561.7986833333333,76.34785000000011,638.1465333333334,0.8,0.8,28,,638.1465333333334,56.62938333333352,0.0,0.0,0.0,3167.7562481481486,3218.7226931481487,1200.0,598.0071163866668,0.0,5.662938333333351,598.0071163866668,0.0,598.0071163866668,0.0
B_fixed_q80,2025-06-21,2025-06-21,128,2025-06-21 21:20:00,2025-06-21 21:30:00,0.9371,3713.49,0.0,3342.58,0.0,557.0966666666666,102.49333333333334,659.5899999999999,0.8,0.8,28,,659.5899999999999,40.67499999999996,0.0,0.0,0.0,3218.7226931481487,3255.3301931481487,1200.0,618.1017889999999,0.0,4.0674999999999955,618.1017889999999,0.0,618.1017889999999,0.0
B_fixed_q80,2025-06-21,2025-06-21,129,2025-06-21 21:30:00,2025-06-21 21:40:00,0.9871,3715.4477,0.0,3493.8805,0.0,582.3134166666666,70.15336666666656,652.4667833333332,0.8,0.8,28,,652.4667833333332,33.2254999999999,0.0,0.0,0.0,3255.3301931481487,3285.2331431481484,1200.0,644.0499618283332,0.0,3.322549999999989,644.0499618283332,0.0,644.0499618283332,0.0
B_fixed_q80,2025-06-21,2025-06-21,130,2025-06-21 21:40:00,2025-06-21 21:50:00,0.7764,3460.6768,0.0,3460.6218,0.0,576.7702999999999,56.5320333333334,633.3023333333333,0.8,0.8,28,,633.3023333333333,56.52286666666669,0.0,0.0,0.0,3285.2331431481484,3336.1037231481487,1200.0,491.6959316,0.0,5.652286666666668,491.6959316,0.0,491.6959316,0.0
B_fixed_q80,2025-06-21,2025-06-21,131,2025-06-21 21:50:00,2025-06-21 22:00:00,0.4209,3169.68,0.0,3267.44,0.0,544.5733333333333,82.26999999999998,626.8433333333332,0.8,0.8,28,,1460.1766666666665,833.3333333333333,0.0,0.0,98.56333333333328,3336.1037231481487,4086.1037231481487,1950.0,614.588359,0.0,83.3333333333333,614.588359,0.0,614.588359,0.0
B_fixed_q80,2025-06-21,2025-06-21,132,2025-06-21 22:00:00,2025-06-21 22:10:00,0.3859,3161.2424,0.0,3261.2988,0.0,543.5498,88.55083333333334,632.1006333333333,0.8,0.8,28,,1465.4339666666665,833.3333333333333,0.0,0.0,105.22689999999989,4086.1037231481487,4836.103723148149,2700.0,565.5109677366667,0.0,83.3333333333333,565.5109677366667,0.0,565.5109677366667,0.0
B_fixed_q80,2025-06-21,2025-06-21,133,2025-06-21 22:10:00,2025-06-21 22:20:00,0.4368,3268.4465,0.0,3218.1699,0.0,536.3616499999999,69.48326666666674,605.8449166666667,0.8,0.8,28,,1272.5115833333311,727.7704999999978,0.0,0.0,0.0,4836.103723148149,5491.097173148147,3299.999999999998,555.833059599999,0.0,72.77704999999976,555.833059599999,0.0,555.833059599999,0.0
B_fixed_q80,2025-06-21,2025-06-21,134,2025-06-21 22:20:00,2025-06-21 22:30:00,0.4198,3317.19,0.0,3190.19,0.0,531.6983333333333,80.65666666666675,612.355,0.8,0.8,28,,1445.6883333333333,833.3333333333333,0.0,0.0,59.49000000000001,5491.097173148147,6241.097173148147,4049.999999999998,606.8999623333333,0.0,83.3333333333333,606.8999623333333,0.0,606.8999623333333,0.0
B_fixed_q80,2025-06-21,2025-06-21,135,2025-06-21 22:30:00,2025-06-21 22:40:00,0.4186,3281.0391,0.0,3472.9639,0.0,578.8273166666667,52.33274999999992,631.1600666666666,0.8,0.8,28,,1464.4933999999998,833.3333333333333,0.0,0.0,84.32021666666662,6241.097173148147,6991.097173148147,4799.999999999998,613.0369372399999,0.0,83.3333333333333,613.0369372399999,0.0,613.0369372399999,0.0
B_fixed_q80,2025-06-21,2025-06-21,136,2025-06-21 22:40:00,2025-06-21 22:50:00,0.4241,3250.7574,0.0,3653.9269,0.0,608.9878166666666,61.23646666666673,670.2242833333333,0.8,0.8,28,,1503.5576166666665,833.3333333333333,0.0,0.0,128.43138333333332,6991.097173148147,7741.097173148147,5549.999999999998,637.6587852283333,0.0,83.3333333333333,637.6587852283333,0.0,637.6587852283333,0.0
B_fixed_q80,2025-06-21,2025-06-21,137,2025-06-21 22:50:00,2025-06-21 23:00:00,0.4237,3190.39,0.0,3463.23,0.0,577.2049999999999,74.59999999999991,651.8049999999998,0.8,0.8,28,,1485.138333333333,833.3333333333333,0.0,0.0,120.07333333333328,7741.097173148147,8491.097173148148,6299.999999999998,629.2531118333333,0.0,83.3333333333333,629.2531118333333,0.0,629.2531118333333,0.0
B_fixed_q80,2025-06-21,2025-06-21,138,2025-06-21 23:00:00,2025-06-21 23:10:00,0.4248,2998.9363,0.0,3048.478,0.0,508.0796666666666,85.78036666666674,593.8600333333334,0.8,0.8,28,,1427.1933666666666,833.3333333333333,0.0,0.0,94.0373166666668,8491.097173148148,9241.097173148148,7049.999999999998,606.27174216,0.0,83.3333333333333,606.27174216,0.0,606.27174216,0.0
B_fixed_q80,2025-06-21,2025-06-21,139,2025-06-21 23:10:00,2025-06-21 23:20:00,0.424,2920.9743,0.0,2905.5899,0.0,484.2649833333333,116.44521666666662,600.7102,0.8,0.8,28,,1434.0435333333332,833.3333333333333,0.0,0.0,113.88115000000003,9241.097173148148,9991.097173148148,7799.999999999998,608.0344581333333,0.0,83.3333333333333,608.0344581333333,0.0,608.0344581333333,0.0
B_fixed_q80,2025-06-21,2025-06-21,140,2025-06-21 23:20:00,2025-06-21 23:30:00,0.422,2989.3,0.0,3071.94,0.0,511.99,82.9183333333333,594.9083333333333,0.8,0.8,28,,1428.2416666666666,833.3333333333333,0.0,0.0,96.6916666666666,9991.097173148148,10741.097173148148,8549.999999999998,602.7179833333332,0.0,83.3333333333333,602.7179833333332,0.0,602.7179833333332,0.0
B_fixed_q80,2025-06-21,2025-06-21,141,2025-06-21 23:30:00,2025-06-21 23:40:00,0.424,3024.571,0.0,3193.2655,0.0,532.2109166666667,76.49556666666672,608.7064833333334,0.8,0.8,28,,1442.0398166666666,65.447585390947,0.0,0.0,872.497064609053,10741.097173148148,10800.0,9299.999999999998,611.4248822666666,0.0,6.5447585390946985,611.4248822666666,0.0,611.4248822666666,0.0
B_fixed_q80,2025-06-21,2025-06-21,142,2025-06-21 23:40:00,2025-06-21 23:50:00,0.4271,3193.3141,0.0,3497.8213,0.0,582.9702166666666,73.48784999999998,656.4580666666666,0.8,0.8,28,,1489.7913999999998,0.0,0.0,0.0,957.5723833333332,10800.0,10800.0,10049.999999999998,636.2899069399999,0.0,0.0,636.2899069399999,0.0,636.2899069399999,0.0
B_fixed_q80,2025-06-21,2025-06-21,143,2025-06-21 23:50:00,2025-06-22 00:00:00,0.4276,3636.14,0.0,3929.38,0.0,654.8966666666666,90.43333333333334,745.3299999999999,0.8,0.8,28,,1578.6633333333357,0.0,0.0,0.0,972.6400000000024,10800.0,10800.0,10800.0,675.0364413333343,0.0,0.0,675.0364413333343,0.0,675.0364413333343,0.0
B_fixed_q80,2025-09-23,2025-09-23,0,2025-09-23 00:00:00,2025-09-23 00:10:00,0.4248,3421.106,0.0,3937.1458,0.0,656.1909666666666,26.41375000000005,682.6047166666666,0.8,0.8,28,,682.6047166666666,35.62543333333451,0.0,0.0,76.79494999999872,10767.93711,10800.0,10767.93711,289.97048364,0.0,3.5625433333334504,289.97048364,0.0,289.97048364,0.0
B_fixed_q80,2025-09-23,2025-09-23,1,2025-09-23 00:10:00,2025-09-23 00:20:00,0.4245,3361.9091,0.0,4000.4017,0.0,666.7336166666666,9.156000000000065,675.8896166666667,0.8,0.8,28,,675.8896166666667,0.0,0.0,0.0,115.5714333333334,10800.0,10800.0,10767.93711,286.915142275,0.0,0.0,286.915142275,0.0,286.915142275,0.0
B_fixed_q80,2025-09-23,2025-09-23,2,2025-09-23 00:20:00,2025-09-23 00:30:00,0.4269,3388.6,0.0,3751.36,0.0,625.2266666666667,5.526666666666756,630.7533333333334,0.8,0.8,28,,630.7533333333334,0.0,0.0,0.0,65.98666666666679,10800.0,10800.0,10767.93711,269.26859800000005,0.0,0.0,269.26859800000005,0.0,269.26859800000005,0.0
B_fixed_q80,2025-09-23,2025-09-23,3,2025-09-23 00:30:00,2025-09-23 00:40:00,0.4272,3591.0535,0.0,3531.7831,0.0,588.6305166666666,10.763516666666646,599.3940333333333,0.8,0.8,28,,599.3940333333333,0.0,0.0,0.0,0.8851166666665904,10800.0,10800.0,10767.93711,256.06113104,0.0,0.0,256.06113103999996,0.0,256.06113103999996,0.0
B_fixed_q80,2025-09-23,2025-09-23,4,2025-09-23 00:40:00,2025-09-23 00:50:00,0.4271,3639.0639,0.0,3436.6857,0.0,572.78095,19.60598333333337,592.3869333333333,0.8,0.8,28,,592.3869333333333,0.0,14.12371666666661,0.0,0.0,10800.0,10784.30698148148,10767.93711,253.00845922666664,0.0,1.5693018518518462,253.00845922666664,0.0,253.00845922666664,0.0
B_fixed_q80,2025-09-23,2025-09-23,5,2025-09-23 00:50:00,2025-09-23 01:00:00,0.4285,3538.62,0.0,3454.54,0.0,575.7566666666667,17.34333333333342,593.1000000000001,0.8,0.8,28,,593.1000000000001,3.3300000000001546,0.0,0.0,0.0,10784.30698148148,10787.30398148148,10767.93711,254.14335000000003,0.0,0.3330000000000154,254.14335000000005,0.0,254.14335000000005,0.0
B_fixed_q80,2025-09-23,2025-09-23,6,2025-09-23 01:00:00,2025-09-23 01:10:00,0.4311,3584.1201,0.0,3517.2378,0.0,586.2062999999999,18.69735000000003,604.90365,0.8,0.8,28,,604.90365,7.550299999999993,0.0,0.0,0.0,10787.30398148148,10794.09925148148,10767.93711,260.773963515,0.0,0.7550299999999991,260.773963515,0.0,260.773963515,0.0
B_fixed_q80,2025-09-23,2025-09-23,7,2025-09-23 01:10:00,2025-09-23 01:20:00,0.4302,3479.83,0.0,3497.5299,0.0,582.92165,15.241133333333435,598.1627833333334,0.8,0.8,28,,598.1627833333334,6.556387242799247,0.0,0.0,11.634729423867611,10794.09925148148,10800.0,10767.93711,257.32962939000004,0.0,0.6556387242799245,257.32962939000004,0.0,257.32962939000004,0.0
B_fixed_q80,2025-09-23,2025-09-23,8,2025-09-23 01:20:00,2025-09-23 01:30:00,0.4279,3316.08,0.0,3422.74,0.0,570.4566666666666,6.810000000000059,577.2666666666667,0.8,0.8,28,,577.2666666666667,0.0,0.0,0.0,24.5866666666667,10800.0,10800.0,10767.93711,247.01240666666664,0.0,0.0,247.01240666666666,0.0,247.01240666666666,0.0
B_fixed_q80,2025-09-23,2025-09-23,9,2025-09-23 01:30:00,2025-09-23 01:40:00,0.4312,3504.3201,0.0,3457.0954,0.0,576.1825666666666,15.631066666666698,591.8136333333333,0.8,0.8,28,,591.8136333333333,0.0,0.0,0.0,7.760283333333405,10800.0,10800.0,10767.93711,255.19003869333332,0.0,0.0,255.19003869333335,0.0,255.19003869333335,0.0
B_fixed_q80,2025-09-23,2025-09-23,10,2025-09-23 01:40:00,2025-09-23 01:50:00,0.4333,3611.1697,0.0,3628.0075,0.0,604.6679166666667,11.45603333333338,616.12395,0.8,0.8,28,,616.12395,0.0,0.0,0.0,14.26233333333346,10800.0,10800.0,10767.93711,266.966507535,0.0,0.0,266.966507535,0.0,266.966507535,0.0
B_fixed_q80,2025-09-23,2025-09-23,11,2025-09-23 01:50:00,2025-09-23 02:00:00,0.4311,3543.64,0.0,3727.77,0.0,621.295,15.934999999999944,637.2299999999999,0.8,0.8,28,,637.2299999999999,0.0,0.0,0.0,46.623333333333335,10800.0,10800.0,10767.93711,274.70985299999995,0.0,0.0,274.70985299999995,0.0,274.70985299999995,0.0
B_fixed_q80,2025-09-23,2025-09-23,12,2025-09-23 02:00:00,2025-09-23 02:10:00,0.4293,3627.3783,0.0,3520.7314,0.0,586.7885666666666,25.5542333333334,612.3428,0.8,0.8,28,,612.3428,0.0,0.0,0.0,7.7797500000000355,10800.0,10800.0,10767.93711,262.87876404,0.0,0.0,262.87876404,0.0,262.87876404,0.0
B_fixed_q80,2025-09-23,2025-09-23,13,2025-09-23 02:10:00,2025-09-23 02:20:00,0.4324,3646.7973,0.0,3436.0535,0.0,572.6755833333333,20.89740000000006,593.5729833333334,0.8,0.8,28,,593.5729833333334,0.0,14.2265666666666,0.0,0.0,10800.0,10784.192703703704,10767.93711,256.66095799333334,0.0,1.580729629629623,256.66095799333334,0.0,256.66095799333334,0.0
B_fixed_q80,2025-09-23,2025-09-23,14,2025-09-23 02:20:00,2025-09-23 02:30:00,0.4367,3569.92,0.0,3624.55,0.0,604.0916666666667,8.653333333333308,612.745,0.8,0.8,28,,612.745,17.56366255144005,0.0,0.0,0.1946707818932758,10784.192703703704,10800.0,10767.93711,267.5857415,0.0,1.7563662551440047,267.5857415,0.0,267.5857415,0.0
B_fixed_q80,2025-09-23,2025-09-23,15,2025-09-23 02:30:00,2025-09-23 02:40:00,0.4348,3591.0744,0.0,3799.684,0.0,633.2806666666667,14.718883333333338,647.99955,0.8,0.8,28,,647.99955,0.0,0.0,0.0,49.48715000000004,10800.0,10800.0,10767.93711,281.75020434000004,0.0,0.0,281.75020434000004,0.0,281.75020434000004,0.0
B_fixed_q80,2025-09-23,2025-09-23,16,2025-09-23 02:40:00,2025-09-23 02:50:00,0.4335,3523.6786,0.0,3729.9253,0.0,621.6542166666666,14.436566666666636,636.0907833333332,0.8,0.8,28,,636.0907833333332,0.0,0.0,0.0,48.81101666666655,10800.0,10800.0,10767.93711,275.745354575,0.0,0.0,275.74535457499996,0.0,275.74535457499996,0.0
B_fixed_q80,2025-09-23,2025-09-23,17,2025-09-23 02:50:00,2025-09-23 03:00:00,0.4357,3402.03,0.0,3599.4,0.0,599.9,9.160000000000082,609.0600000000001,0.8,0.8,28,,609.0600000000001,0.0,0.0,0.0,42.055000000000064,10800.0,10800.0,10767.93711,265.36744200000004,0.0,0.0,265.36744200000004,0.0,265.36744200000004,0.0
B_fixed_q80,2025-09-23,2025-09-23,18,2025-09-23 03:00:00,2025-09-23 03:10:00,0.4374,3470.8796,0.0,3766.8381,0.0,627.80635,21.30906666666669,649.1154166666666,0.8,0.8,28,,649.1154166666666,0.0,0.0,0.0,70.63548333333335,10800.0,10800.0,10767.93711,283.92308325,0.0,0.0,283.92308325,0.0,283.92308325,0.0
B_fixed_q80,2025-09-23,2025-09-23,19,2025-09-23 03:10:00,2025-09-23 03:20:00,0.4371,3546.3118,0.0,3732.5778,0.0,622.0962999999999,9.255300000000034,631.3516,0.8,0.8,28,,631.3516,0.0,0.0,0.0,40.2996333333333,10800.0,10800.0,10767.93711,275.96378436,0.0,0.0,275.96378436,0.0,275.96378436,0.0
B_fixed_q80,2025-09-23,2025-09-23,20,2025-09-23 03:20:00,2025-09-23 03:30:00,0.4356,3521.1,0.0,3487.16,0.0,581.1933333333333,12.38833333333332,593.5816666666666,0.8,0.8,28,,593.5816666666666,0.0,0.0,0.0,6.731666666666683,10800.0,10800.0,10767.93711,258.564174,0.0,0.0,258.564174,0.0,258.564174,0.0
B_fixed_q80,2025-09-23,2025-09-23,21,2025-09-23 03:30:00,2025-09-23 03:40:00,0.4353,3493.0415,0.0,3542.3682,0.0,590.3947,17.248833333333323,607.6435333333333,0.8,0.8,28,,607.6435333333333,0.0,0.0,0.0,25.46995000000004,10800.0,10800.0,10767.93711,264.50723006,0.0,0.0,264.50723006,0.0,264.50723006,0.0
B_fixed_q80,2025-09-23,2025-09-23,22,2025-09-23 03:40:00,2025-09-23 03:50:00,0.436,3616.52,0.0,3671.4309,0.0,611.9051499999999,18.882066666666677,630.7872166666666,0.8,0.8,28,,630.7872166666666,0.0,0.0,0.0,28.03388333333328,10800.0,10800.0,10767.93711,275.02322646666664,0.0,0.0,275.02322646666664,0.0,275.02322646666664,0.0
B_fixed_q80,2025-09-23,2025-09-23,23,2025-09-23 03:50:00,2025-09-23 04:00:00,0.4378,3738.77,0.0,3753.85,0.0,625.6416666666667,20.09833333333336,645.74,0.8,0.8,28,,645.74,0.0,0.0,0.0,22.61166666666668,10800.0,10800.0,10767.93711,282.704972,0.0,0.0,282.704972,0.0,282.704972,0.0
B_fixed_q80,2025-09-23,2025-09-23,24,2025-09-23 04:00:00,2025-09-23 04:10:00,0.4401,3573.138,0.0019,3887.5822,0.0021,647.9300166666666,19.383016666666663,667.3130333333332,0.8,0.8,28,,667.3130333333332,0.0,0.0,0.0,71.79034999999999,10800.0,10800.0,10767.93711,293.68446597,0.0,0.0,293.68446596999996,0.0,293.68446596999996,0.0
B_fixed_q80,2025-09-23,2025-09-23,25,2025-09-23 04:10:00,2025-09-23 04:20:00,0.4389,3548.8256,0.0,3864.8881,0.0,644.1480166666666,31.31488333333334,675.4629,0.8,0.8,28,,675.4629,0.0,0.0,0.0,83.99196666666671,10800.0,10800.0,10767.93711,296.46066681,0.0,0.0,296.46066681,0.0,296.46066681,0.0
B_fixed_q80,2025-09-23,2025-09-23,26,2025-09-23 04:20:00,2025-09-23 04:30:00,0.4364,3696.43,0.0,3746.52,0.0,624.42,19.32499999999999,643.7449999999999,0.8,0.8,28,,643.7449999999999,0.0,0.0,0.0,27.67333333333329,10800.0,10800.0,10767.93711,280.93031799999994,0.0,0.0,280.93031799999994,0.0,280.93031799999994,0.0
B_fixed_q80,2025-09-23,2025-09-23,27,2025-09-23 04:30:00,2025-09-23 04:40:00,0.4393,3629.4046,0.0268,3799.8707,0.029,633.3069499999999,24.950066666666714,658.2570166666667,0.8,0.8,28,,658.2570166666667,0.0,0.0,0.0,53.3607166666668,10800.0,10800.0,10767.93711,289.1723074216667,0.0,0.0,289.1723074216667,0.0,289.1723074216667,0.0
B_fixed_q80,2025-09-23,2025-09-23,28,2025-09-23 04:40:00,2025-09-23 04:50:00,0.4422,3602.4949,0.0,3743.4045,0.0,623.90075,5.214283333333356,629.1150333333334,0.8,0.8,28,,629.1150333333334,0.0,0.0,0.0,28.69921666666676,10800.0,10800.0,10767.93711,278.19466774,0.0,0.0,278.19466774,0.0,278.19466774,0.0
B_fixed_q80,2025-09-23,2025-09-23,29,2025-09-23 04:50:00,2025-09-23 05:00:00,0.4395,3708.74,0.0,3548.17,0.0,591.3616666666667,11.821666666666715,603.1833333333334,0.8,0.8,28,,603.1833333333334,0.0,14.939999999999827,0.0,0.0,10800.0,10783.4,10767.93711,265.099075,0.0,1.6599999999999815,265.099075,0.0,265.099075,0.0
B_fixed_q80,2025-09-23,2025-09-23,30,2025-09-23 05:00:00,2025-09-23 05:10:00,0.4333,3751.3647,0.3731,3510.4937,0.404,585.01495,4.940116666666654,589.9550666666667,0.8,0.8,28,,589.9550666666667,0.0,35.210199999999986,0.0,0.0,10783.4,10744.277555555554,10767.93711,255.62753038666668,0.0,3.9122444444444446,255.62753038666668,0.0,255.62753038666668,0.0
B_fixed_q80,2025-09-23,2025-09-23,31,2025-09-23 05:10:00,2025-09-23 05:20:00,0.4439,3689.4488,0.0,3645.7435,0.0,607.6239166666667,22.572916666666742,630.1968333333334,0.8,0.8,28,,630.1968333333334,15.288700000000064,0.0,0.0,0.0,10744.277555555554,10758.037385555555,10767.93711,279.7443743166667,0.0,1.5288700000000062,279.7443743166667,0.0,279.7443743166667,0.0
B_fixed_q80,2025-09-23,2025-09-23,32,2025-09-23 05:20:00,2025-09-23 05:30:00,0.4301,3557.68,0.0,3724.04,0.0,620.6733333333333,35.63333333333327,656.3066666666666,0.8,0.8,28,,656.3066666666666,46.62512716049402,0.0,0.0,16.73487283950599,10758.037385555555,10800.0,10767.93711,282.2774973333333,0.0,4.662512716049401,282.2774973333333,0.0,282.2774973333333,0.0
B_fixed_q80,2025-09-23,2025-09-23,33,2025-09-23 05:30:00,2025-09-23 05:40:00,0.3713,3509.0644,5.1961,3582.2553,5.6274,596.10465,9.526466666666693,605.6311166666667,0.8,0.8,28,,641.2565500000012,0.0,0.0,0.0,57.27850000000126,10800.0,10800.0,10800.0,238.09855701500047,0.0,0.0,238.09855701500047,0.0,238.09855701500047,0.0
B_fixed_q80,2025-09-23,2025-09-23,34,2025-09-23 05:40:00,2025-09-23 05:50:00,0.5708,4001.4806,0.0,3957.97,0.0,659.6616666666666,15.503116666666756,675.1647833333334,0.8,0.8,28,,675.1647833333334,0.0,0.0,0.0,8.251350000000116,10800.0,10800.0,10800.0,385.38405832666666,0.0,0.0,385.38405832666666,0.0,385.38405832666666,0.0
B_fixed_q80,2025-09-23,2025-09-23,35,2025-09-23 05:50:00,2025-09-23 06:00:00,0.9099,4743.74,0.0,4700.49,0.0,783.415,29.81708333333336,813.2320833333333,0.8,0.8,28,,0.0,0.0,790.6233333333332,0.0,0.0,10800.0,9921.52962962963,9896.408796296297,0.0,0.0,87.84703703703707,0.0,0.0,0.0,0.0
B_fixed_q80,2025-09-23,2025-09-23,36,2025-09-23 06:00:00,2025-09-23 06:10:00,0.9368,4911.4158,148.7833,4861.7696,163.8012,782.9947333333332,29.079549999999983,812.0742833333331,0.8,0.8,28,,0.0,0.0,793.7720833333333,0.0,0.0,9921.52962962963,9039.560648148148,8994.104037037037,0.0,0.0,88.19689814814818,0.0,0.0,0.0,0.0
B_fixed_q80,2025-09-23,2025-09-23,37,2025-09-23 06:10:00,2025-09-23 06:20:00,0.8758,4831.9735,376.0146,4752.5347,427.0247,720.9183333333333,16.06804999999997,736.9863833333333,0.8,0.8,28,,0.0,0.0,742.6598166666665,0.0,0.0,9039.560648148148,8214.383074074074,8175.230277777778,0.0,0.0,82.51775740740743,0.0,0.0,0.0,0.0
B_fixed_q80,2025-09-23,2025-09-23,38,2025-09-23 06:20:00,2025-09-23 06:30:00,0.8759,4792.2,649.3875,4711.73,733.4625,663.0445833333332,23.132499999999936,686.1770833333331,0.8,0.8,28,,0.0,0.0,690.46875,0.0,0.0,8214.383074074074,7447.195574074074,7412.811296296297,0.0,0.0,76.71875000000003,0.0,0.0,0.0,0.0
B_fixed_q80,2025-09-23,2025-09-23,39,2025-09-23 06:30:00,2025-09-23 06:40:00,0.8601,4757.3085,973.8044,4749.8589,1059.8151,615.0073,17.009499999999974,632.0168,0.8,0.8,28,,0.0,0.0,630.5840166666667,0.0,0.0,7447.195574074074,6746.546666666667,6710.570407407408,0.0,0.0,70.06489074074078,0.0,0.0,0.0,0.0
B_fixed_q80,2025-09-23,2025-09-23,40,2025-09-23 06:40:00,2025-09-23 06:50:00,0.8442,4755.1526,1245.8597,4762.9137,1370.8696,565.3406833333333,31.02644999999984,596.3671333333332,0.8,0.8,28,,0.0,0.0,584.88215,0.0,0.0,6746.546666666667,6096.677611111111,6047.9402592592605,0.0,0.0,64.98690555555558,0.0,0.0,0.0,0.0
B_fixed_q80,2025-09-23,2025-09-23,41,2025-09-23 06:50:00,2025-09-23 07:00:00,0.8334,4789.05,1511.775,4720.02,1678.1625,506.9762500000001,44.56458333333336,551.5408333333335,0.8,0.8,28,,0.0,0.0,546.2125,0.0,0.0,6096.677611111111,5489.774833333334,5435.1171111111125,0.0,0.0,60.6902777777778,0.0,0.0,0.0,0.0
B_fixed_q80,2025-09-23,2025-09-23,42,2025-09-23 07:00:00,2025-09-23 07:10:00,0.8092,4816.282,1907.945,4702.584,2025.7511,446.1388166666666,48.85218333333334,494.991,0.8,0.8,28,,80.86594999999801,0.0,403.85688333333536,0.0,0.0,5489.774833333334,5041.044962962961,4974.978166666666,65.43672673999839,0.0,44.872987037037284,65.43672673999839,0.0,65.43672673999839,0.0
B_fixed_q80,2025-09-23,2025-09-23,43,2025-09-23 07:10:00,2025-09-23 07:20:00,0.7972,4786.2179,2234.3678,4833.7499,2388.5754,407.5290833333332,57.359366666666745,464.88845,0.8,0.8,28,,464.88845,39.58010000000007,0.0,0.0,0.0,5041.044962962961,5076.667052962961,4974.978166666666,370.60907234,0.0,3.9580100000000065,370.60907234,0.0,370.60907234,0.0
B_fixed_q80,2025-09-23,2025-09-23,44,2025-09-23 07:20:00,2025-09-23 07:30:00,0.7644,4660.51,2492.5875,4939.54,2753.5875,364.3254166666666,66.7245833333333,431.05,0.8,0.8,28,,431.05,69.72958333333327,0.0,0.0,0.0,5076.667052962961,5139.423677962961,4974.978166666666,329.49461999999994,0.0,6.972958333333325,329.49462,0.0,329.49462,0.0
B_fixed_q80,2025-09-23,2025-09-23,45,2025-09-23 07:30:00,2025-09-23 07:40:00,0.6899,4606.8822,2894.0726,4828.7625,3120.5921,284.69506666666666,65.57900000000011,350.2740666666668,0.8,0.8,28,,350.27406666666684,64.8058000000002,0.0,0.0,0.0,5139.423677962961,5197.748897962962,4974.978166666666,241.65407859333345,0.0,6.480580000000019,241.65407859333345,0.0,241.65407859333345,0.0
B_fixed_q80,2025-09-23,2025-09-23,46,2025-09-23 07:40:00,2025-09-23 07:50:00,0.86,5489.8417,3343.4604,5406.1206,3426.4951,329.9375833333333,74.05264999999991,403.99023333333326,0.8,0.8,28,,0.0,0.0,357.73021666666665,0.0,0.0,5197.748897962962,4800.270879444443,4526.100129629629,0.0,0.0,39.74780185185187,0.0,0.0,0.0,0.0
B_fixed_q80,2025-09-23,2025-09-23,47,2025-09-23 07:50:00,2025-09-23 08:00:00,1.1617,6701.06,3753.1125,6462.55,3707.325,459.2041666666667,77.36291666666669,536.5670833333334,0.8,0.8,28,,0.0,0.0,491.32458333333335,0.0,0.0,4800.270879444443,4254.354675740739,3929.914481481481,0.0,0.0,54.5916203703704,0.0,0.0,0.0,0.0
B_fixed_q80,2025-09-23,2025-09-23,48,2025-09-23 08:00:00,2025-09-23 08:10:00,1.1683,6664.9869,4119.6249,6779.0099,4082.1536,449.47605,69.59383333333335,519.0698833333333,0.8,0.8,28,,0.0,0.0,424.227,0.0,0.0,4254.354675740739,3782.991342407406,3353.1701666666663,0.0,0.0,47.136333333333354,0.0,0.0,0.0,0.0
B_fixed_q80,2025-09-23,2025-09-23,49,2025-09-23 08:10:00,2025-09-23 08:20:00,1.0956,6469.7028,4427.9049,6649.2879,4538.4547,351.8055333333333,66.46295,418.2684833333333,0.8,0.8,28,,0.0,0.0,340.29965,0.0,0.0,3782.991342407406,3404.880620185184,2888.427407407407,0.0,0.0,37.811072222222236,0.0,0.0,0.0,0.0
B_fixed_q80,2025-09-23,2025-09-23,50,2025-09-23 08:20:00,2025-09-23 08:30:00,1.0849,6635.97,4698.6375,6494.49,4959.675,255.80249999999992,103.7074999999998,359.50999999999976,0.8,0.8,28,,0.0,0.0,322.8887500000001,0.0,0.0,3404.880620185184,3046.115342407406,2488.971851851852,0.0,0.0,35.8765277777778,0.0,0.0,0.0,0.0
B_fixed_q80,2025-09-23,2025-09-23,51,2025-09-23 08:30:00,2025-09-23 08:40:00,1.061,6600.0815,4997.093,6432.8642,5221.4296,201.90576666666655,64.09188333333321,265.9976499999998,0.8,0.8,28,,0.0,0.0,267.16475,0.0,0.0,3046.115342407406,2749.265620185184,2193.4189074074075,0.0,0.0,29.68497222222224,0.0,0.0,0.0,0.0
B_fixed_q80,2025-09-23,2025-09-23,52,2025-09-23 08:40:00,2025-09-23 08:50:00,1.043,6462.4233,5400.3214,6438.1781,5443.4725,165.7842666666667,80.72340000000001,246.5076666666667,0.8,0.8,28,,0.0,0.0,177.01698333333343,0.0,0.0,2749.265620185184,2552.5800831481465,1919.5215,0.0,0.0,19.668553703703722,0.0,0.0,0.0,0.0
B_fixed_q80,2025-09-23,2025-09-23,53,2025-09-23 08:50:00,2025-09-23 09:00:00,1.036,6427.57,5807.85,6502.19,5716.7625,130.90458333333328,107.26416666666668,238.16874999999996,0.8,0.8,28,,0.0,0.0,103.28666666666656,0.0,0.0,2552.5800831481465,2437.817120185184,1654.8895555555555,0.0,0.0,11.47629629629629,0.0,0.0,0.0,0.0
B_fixed_q80,2025-09-23,2025-09-23,54,2025-09-23 09:00:00,2025-09-23 09:10:00,1.0147,6551.7343,6020.5511,6620.0241,6031.6126,98.0685833333332,122.36253333333345,220.43111666666664,0.8,0.8,28,,0.0,0.0,88.5305333333334,0.0,0.0,2437.817120185184,2339.4498609259244,1409.9660925925923,0.0,0.0,9.836725925925936,0.0,0.0,0.0,0.0
B_fixed_q80,2025-09-23,2025-09-23,55,2025-09-23 09:10:00,2025-09-23 09:20:00,0.9922,6611.8297,6159.4673,6603.7913,6339.8082,43.99718333333324,95.76605000000004,139.7632333333333,0.8,0.8,28,,0.0,0.0,75.39373333333333,0.0,0.0,2339.4498609259244,2255.679046111109,1254.673611111111,0.0,0.0,8.377081481481484,0.0,0.0,0.0,0.0
B_fixed_q80,2025-09-23,2025-09-23,56,2025-09-23 09:20:00,2025-09-23 09:30:00,0.97,6584.42,6306.2625,6407.33,6622.4625,-35.85541666666661,85.06166666666661,49.20625,0.8,0.8,28,,0.0,0.0,46.359583333333376,0.0,0.0,2255.679046111109,2204.168397962961,1200.0,0.0,0.0,5.151064814814822,0.0,0.0,0.0,0.0
B_fixed_q80,2025-09-23,2025-09-23,57,2025-09-23 09:30:00,2025-09-23 09:40:00,0.9422,6627.8893,6423.4053,6200.5473,6897.3346,-116.13121666666666,113.01015000000008,-3.121066666666593,0.8,0.8,28,,0.0,0.0,34.08066666666657,0.0,0.0,2204.168397962961,2166.300990555554,1202.8089599999998,0.0,0.0,3.786740740740732,0.0,0.0,0.0,0.0
B_fixed_q80,2025-09-23,2025-09-23,58,2025-09-23 09:40:00,2025-09-23 09:50:00,0.9569,6567.1756,6483.305,6249.554,7173.3339,-153.96331666666657,104.1708166666666,-49.79249999999996,0.8,0.8,28,,0.0,0.0,13.978433333333214,0.0,0.0,2166.300990555554,2150.7693979629616,1247.6222099999998,0.0,0.0,1.5531592592592467,0.0,0.0,0.0,0.0
B_fixed_q80,2025-09-23,2025-09-23,59,2025-09-23 09:50:00,2025-09-23 10:00:00,0.9977,6455.96,6487.7625,6480.82,7375.3875,-149.09458333333333,148.54583333333323,-0.5487500000000978,0.8,0.8,28,,0.0,5.30041666666663,0.0,0.0,0.0,2150.7693979629616,2155.5397729629617,1248.116085,0.0,0.0,0.5300416666666629,0.0,0.0,0.0,0.0
B_fixed_q80,2025-09-23,2025-09-23,60,2025-09-23 10:00:00,2025-09-23 10:10:00,0.9919,6527.0912,6506.7574,6557.067,7427.1527,-145.01428333333325,108.45718333333328,-36.55709999999996,0.8,0.8,28,,0.0,0.0,3.388966666666571,0.0,0.0,2155.5397729629617,2151.774254444443,1281.017475,0.0,0.0,0.3765518518518414,0.0,0.0,0.0,0.0
B_fixed_q80,2025-09-23,2025-09-23,61,2025-09-23 10:10:00,2025-09-23 10:20:00,0.9588,6488.4499,6763.9313,6530.2617,7558.6084,-171.39111666666668,99.33836666666662,-72.05275000000006,0.8,0.8,28,,0.0,45.91356666666676,0.0,0.0,0.0,2151.774254444443,2193.0964644444434,1345.86495,0.0,0.0,4.591356666666675,0.0,0.0,0.0,0.0
B_fixed_q80,2025-09-23,2025-09-23,62,2025-09-23 10:20:00,2025-09-23 10:30:00,0.9549,6336.11,7139.7,6502.13,7758.4875,-209.39291666666668,143.02124999999978,-66.3716666666669,0.8,0.8,28,,0.0,133.93166666666667,0.0,0.0,0.0,2193.0964644444434,2313.6349644444435,1405.5994500000002,0.0,0.0,13.393166666666664,0.0,0.0,0.0,0.0
B_fixed_q80,2025-09-23,2025-09-23,63,2025-09-23 10:30:00,2025-09-23 10:40:00,0.9839,6376.9432,7257.6775,6501.3745,7803.3333,-216.9931333333334,157.95738333333327,-59.03575000000012,0.8,0.8,28,,0.0,146.78905,0.0,0.0,0.0,2313.6349644444435,2445.745109444444,1458.7316250000003,0.0,0.0,14.678904999999997,0.0,0.0,0.0,0.0
B_fixed_q80,2025-09-23,2025-09-23,64,2025-09-23 10:40:00,2025-09-23 10:50:00,0.799,6473.6947,7240.5731,6474.7018,7884.0347,-234.8888166666667,151.34778333333315,-83.54103333333356,0.8,0.8,28,,0.0,127.8130666666666,0.0,0.0,0.0,2445.745109444444,2560.7768694444435,1533.9185550000009,0.0,0.0,12.781306666666657,0.0,0.0,0.0,0.0
B_fixed_q80,2025-09-23,2025-09-23,65,2025-09-23 10:50:00,2025-09-23 11:00:00,0.5025,6470.56,7359.675,6439.65,8030.625,-265.1625,123.5895833333334,-141.57291666666663,0.8,0.8,28,,367.919416666665,516.1052499999983,0.0,0.0,0.0,2560.7768694444435,3025.2715944444417,1992.4616549999992,184.87950687499915,0.0,51.61052499999981,184.87950687499912,0.0,184.87950687499912,0.0
B_fixed_q80,2025-09-23,2025-09-23,66,2025-09-23 11:00:00,2025-09-23 11:10:00,0.4662,6357.1346,7784.7849,6473.1896,8066.7709,-265.59688333333344,139.59955000000008,-125.99733333333336,0.8,0.8,28,,707.3359999999999,833.3333333333333,0.0,0.0,111.94438333333323,3025.2715944444417,3775.2715944444417,2742.461654999999,329.7600431999999,0.0,83.3333333333333,329.7600431999999,0.0,329.7600431999999,0.0
B_fixed_q80,2025-09-23,2025-09-23,67,2025-09-23 11:10:00,2025-09-23 11:20:00,0.5007,6310.6975,8209.6886,6527.364,8058.9692,-255.2675333333333,143.61113333333333,-111.6564,0.8,0.8,28,,721.6769333333333,833.3333333333333,0.0,0.0,204.84211666666647,3775.2715944444417,4525.271594444442,3492.461654999999,361.34364052,0.0,83.3333333333333,361.34364052,0.0,361.34364052,0.0
B_fixed_q80,2025-09-23,2025-09-23,68,2025-09-23 11:20:00,2025-09-23 11:30:00,0.4827,6431.52,8399.7375,6531.11,8058.1875,-254.5129166666667,110.86374999999988,-143.64916666666684,0.8,0.8,28,,689.6841666666664,833.3333333333333,0.0,0.0,184.38708333333292,4525.271594444442,5275.271594444442,4242.461654999999,332.9105472499999,0.0,83.3333333333333,332.9105472499999,0.0,332.9105472499999,0.0
B_fixed_q80,2025-09-23,2025-09-23,69,2025-09-23 11:30:00,2025-09-23 11:40:00,0.4785,6604.0357,8379.679,6437.2197,8059.3959,-270.36270000000013,53.99166666666662,-216.37103333333351,0.8,0.8,28,,616.9622999999997,833.3333333333333,0.0,0.0,79.56951666666635,5275.271594444442,6025.271594444442,4992.461654999999,295.21646054999985,0.0,83.3333333333333,295.21646054999985,0.0,295.21646054999985,0.0
B_fixed_q80,2025-09-23,2025-09-23,70,2025-09-23 11:40:00,2025-09-23 11:50:00,0.4662,6371.5522,8435.4109,6258.0133,8144.2088,-314.36591666666675,98.22424999999993,-216.1416666666668,0.8,0.8,28,,617.1916666666664,833.3333333333333,0.0,0.0,127.83478333333323,6025.271594444442,6775.271594444442,5742.461654999999,287.7347549999999,0.0,83.3333333333333,287.7347549999999,0.0,287.7347549999999,0.0
B_fixed_q80,2025-09-23,2025-09-23,71,2025-09-23 11:50:00,2025-09-23 12:00:00,0.4432,5893.69,8613.5625,6034.17,8278.275,-374.0174999999999,158.67333333333318,-215.34416666666675,0.8,0.8,28,,617.9891666666665,833.3333333333333,0.0,0.0,237.96791666666672,6775.271594444442,7525.271594444442,6492.461654999999,273.8927986666666,0.0,83.3333333333333,273.8927986666666,0.0,273.8927986666666,0.0
B_fixed_q80,2025-09-23,2025-09-23,72,2025-09-23 12:00:00,2025-09-23 12:10:00,0.4411,5815.5593,8690.3915,5857.0228,8321.7803,-410.7929166666668,151.25543333333314,-259.5374833333336,0.8,0.8,28,,573.7958499999996,833.3333333333333,0.0,0.0,219.60121666666623,7525.271594444442,8275.271594444443,7242.461654999999,253.10134943499983,0.0,83.3333333333333,253.10134943499983,0.0,253.10134943499983,0.0
B_fixed_q80,2025-09-23,2025-09-23,73,2025-09-23 12:10:00,2025-09-23 12:20:00,0.4551,5929.8452,8581.2694,5948.518,8267.6048,-386.5144666666665,122.1221499999998,-264.3923166666667,0.8,0.8,28,,568.9410166666665,833.3333333333333,0.0,0.0,177.51171666666653,8275.271594444443,9025.271594444444,7992.461654999999,258.925056685,0.0,83.3333333333333,258.92505668499996,0.0,258.92505668499996,0.0
B_fixed_q80,2025-09-23,2025-09-23,74,2025-09-23 12:20:00,2025-09-23 12:30:00,0.4463,5958.43,8484.4875,6160.56,8156.1,-332.59,132.46083333333354,-200.12916666666644,0.8,0.8,28,,633.2041666666669,833.3333333333333,0.0,0.0,220.88041666666663,9025.271594444444,9775.271594444444,8742.461655,282.5990195833334,0.0,83.3333333333333,282.5990195833334,0.0,282.5990195833334,0.0
B_fixed_q80,2025-09-23,2025-09-23,75,2025-09-23 12:30:00,2025-09-23 12:40:00,0.4113,5882.5546,8645.3297,6118.0293,8055.8192,-322.9649833333333,162.45529999999997,-160.50968333333333,0.8,0.8,28,,672.8236499999999,833.3333333333333,0.0,0.0,299.9528333333333,9775.271594444444,10525.271594444444,9492.461655,276.732367245,0.0,83.3333333333333,276.732367245,0.0,276.732367245,0.0
B_fixed_q80,2025-09-23,2025-09-23,76,2025-09-23 12:40:00,2025-09-23 12:50:00,0.5682,6091.5912,8546.664,6129.9123,8085.3213,-325.90149999999994,130.6118666666668,-195.28963333333317,0.8,0.8,28,,0.0,305.2537839506193,0.0,0.0,103.92501604938082,10525.271594444444,10800.0,9668.222325,0.0,0.0,30.525378395061924,0.0,0.0,0.0,0.0
B_fixed_q80,2025-09-23,2025-09-23,77,2025-09-23 12:50:00,2025-09-23 13:00:00,0.8279,6408.53,8135.1375,6271.57,8109.4125,-306.3070833333334,131.93916666666655,-174.36791666666687,0.8,0.8,28,,0.0,0.0,0.0,0.0,287.7679166666667,10800.0,10800.0,9825.15345,0.0,0.0,0.0,0.0,0.0,0.0,0.0
B_fixed_q80,2025-09-23,2025-09-23,78,2025-09-23 13:00:00,2025-09-23 13:10:00,0.8636,6253.4833,7884.9488,6267.4025,7864.6337,-266.2052,89.57320000000016,-176.63199999999983,0.8,0.8,28,,0.0,0.0,0.0,0.0,271.9109166666667,10800.0,10800.0,9984.12225,0.0,0.0,0.0,0.0,0.0,0.0,0.0
B_fixed_q80,2025-09-23,2025-09-23,79,2025-09-23 13:10:00,2025-09-23 13:20:00,0.8416,6080.4251,7754.0988,6084.3297,7627.4867,-257.19283333333334,55.44526666666661,-201.74756666666676,0.8,0.8,28,,0.0,0.0,0.0,0.0,278.9456166666665,10800.0,10800.0,10165.69506,0.0,0.0,0.0,0.0,0.0,0.0,0.0
B_fixed_q80,2025-09-23,2025-09-23,80,2025-09-23 13:20:00,2025-09-23 13:30:00,0.8618,6115.63,7607.2875,5983.25,7552.2375,-261.4979166666667,32.2929166666666,-229.2050000000001,0.8,0.8,28,,0.0,0.0,0.0,0.0,248.60958333333335,10800.0,10800.0,10371.97956,0.0,0.0,0.0,0.0,0.0,0.0,0.0
B_fixed_q80,2025-09-23,2025-09-23,81,2025-09-23 13:30:00,2025-09-23 13:40:00,0.8623,6161.9414,7394.5585,6249.9547,7511.7507,-210.2993333333332,59.67995000000019,-150.61938333333302,0.8,0.8,28,,0.0,0.0,0.0,0.0,205.4361833333334,10800.0,10800.0,10507.537005,0.0,0.0,0.0,0.0,0.0,0.0,0.0
B_fixed_q80,2025-09-23,2025-09-23,82,2025-09-23 13:40:00,2025-09-23 13:50:00,0.9026,6291.8498,7228.1769,6377.6378,7307.0291,-154.8985499999999,59.45085,-95.44769999999988,0.8,0.8,28,,0.0,0.0,0.0,0.0,156.05451666666673,10800.0,10800.0,10593.439935,0.0,0.0,0.0,0.0,0.0,0.0,0.0
B_fixed_q80,2025-09-23,2025-09-23,83,2025-09-23 13:50:00,2025-09-23 14:00:00,0.9754,6409.53,7094.9625,6187.65,7022.8875,-139.20625,70.27833333333331,-68.9279166666667,0.8,0.8,28,,0.0,0.0,0.0,0.0,114.23874999999998,10800.0,10800.0,10655.47506,0.0,0.0,0.0,0.0,0.0,0.0,0.0
B_fixed_q80,2025-09-23,2025-09-23,84,2025-09-23 14:00:00,2025-09-23 14:10:00,1.0002,6298.6605,6838.0168,6004.646,6916.3565,-151.95175,66.6666,-85.28515,0.8,0.8,28,,0.0,0.0,0.0,0.0,89.89271666666673,10800.0,10800.0,10732.231695,0.0,0.0,0.0,0.0,0.0,0.0,0.0
B_fixed_q80,2025-09-23,2025-09-23,85,2025-09-23 14:10:00,2025-09-23 14:20:00,0.9978,6212.8259,6393.4647,6039.8719,6750.1107,-118.37313333333334,43.07501666666661,-75.29811666666673,0.8,0.8,28,,0.0,0.0,0.0,0.0,30.10646666666677,10800.0,10800.0,10800.0,0.0,0.0,0.0,0.0,0.0,0.0,0.0
B_fixed_q80,2025-09-23,2025-09-23,86,2025-09-23 14:20:00,2025-09-23 14:30:00,1.0271,6236.6,5854.05,6212.36,6443.325,-38.494166666666686,62.7833333333333,24.289166666666617,0.8,0.8,28,,0.0,0.0,63.75833333333336,0.0,0.0,10800.0,10729.157407407409,10773.012037037037,0.0,0.0,7.084259259259266,0.0,0.0,0.0,0.0
B_fixed_q80,2025-09-23,2025-09-23,87,2025-09-23 14:30:00,2025-09-23 14:40:00,1.0906,6217.1274,5393.4146,6261.2286,6154.0582,17.861733333333326,64.66748333333331,82.52921666666663,0.8,0.8,28,,0.0,0.0,137.2854666666667,0.0,0.0,10729.157407407409,10576.618,10681.312907407408,0.0,0.0,15.253940740740752,0.0,0.0,0.0,0.0
B_fixed_q80,2025-09-23,2025-09-23,88,2025-09-23 14:40:00,2025-09-23 14:50:00,0.9376,6206.2876,4990.8009,6234.7935,5864.7952,61.66638333333336,55.87338333333338,117.53976666666674,0.8,0.8,28,,0.0,0.0,202.58111666666656,0.0,0.0,10576.618,10351.52787037037,10550.713166666666,0.0,0.0,22.50901296296296,0.0,0.0,0.0,0.0
B_fixed_q80,2025-09-23,2025-09-23,89,2025-09-23 14:50:00,2025-09-23 15:00:00,0.6694,6262.68,4761.6375,6185.32,5565.3375,103.33041666666668,44.77416666666674,148.10458333333344,0.8,0.8,28,,148.10458333333344,0.0,102.06916666666665,0.0,0.0,10351.52787037037,10238.117685185183,10550.713166666666,99.1412080833334,0.0,11.34101851851852,99.1412080833334,0.0,99.1412080833334,0.0
B_fixed_q80,2025-09-23,2025-09-23,90,2025-09-23 15:00:00,2025-09-23 15:10:00,0.66,6377.3851,4842.082,6148.1901,5276.6779,145.25203333333334,78.54066666666677,223.7927000000001,0.8,0.8,28,,500.7780703703708,244.8942203703708,0.0,0.0,0.0,10238.117685185183,10458.522483518518,10800.0,330.5135264444447,0.0,24.489422037037073,330.5135264444448,0.0,330.5135264444448,0.0
B_fixed_q80,2025-09-23,2025-09-23,91,2025-09-23 15:10:00,2025-09-23 15:20:00,0.7217,6461.0017,4734.2965,6373.9324,4931.1252,240.4678666666665,72.63701666666657,313.1048833333331,0.8,0.8,28,,313.1048833333331,25.320683333333196,0.0,0.0,0.0,10458.522483518518,10481.311098518518,10800.0,225.9677943016665,0.0,2.532068333333319,225.9677943016665,0.0,225.9677943016665,0.0
B_fixed_q80,2025-09-23,2025-09-23,92,2025-09-23 15:20:00,2025-09-23 15:30:00,0.7308,6382.45,4417.2375,6665.78,4525.725,356.67583333333323,73.79208333333341,430.4679166666666,0.8,0.8,28,,430.4679166666666,102.9325,0.0,0.0,0.0,10481.311098518518,10573.950348518518,10800.0,314.5859535,0.0,10.293249999999999,314.58595349999996,0.0,314.58595349999996,0.0
B_fixed_q80,2025-09-23,2025-09-23,93,2025-09-23 15:30:00,2025-09-23 15:40:00,0.7534,6120.1976,4306.354,6522.3391,4126.3129,399.3377,46.22411666666676,445.5618166666668,0.8,0.8,28,,445.5618166666668,143.2545500000001,0.0,0.0,0.0,10573.950348518518,10702.879443518515,10800.0,335.6862726766668,0.0,14.325455000000007,335.68627267666676,0.0,335.68627267666676,0.0
B_fixed_q80,2025-09-23,2025-09-23,94,2025-09-23 15:40:00,2025-09-23 15:50:00,0.7823,6153.6297,4035.9346,6227.3075,3727.669,416.6064166666666,61.40128333333329,478.0077,0.8,0.8,28,,478.0077,107.91172942386967,0.0,0.0,17.146787242796876,10702.879443518515,10800.0,10800.0,373.94542371,0.0,10.791172942386964,373.94542371,0.0,373.94542371,0.0
B_fixed_q80,2025-09-23,2025-09-23,95,2025-09-23 15:50:00,2025-09-23 16:00:00,0.8055,6505.17,3543.675,6173.39,3392.3625,463.50458333333336,58.726666666666574,522.2312499999999,0.8,0.8,28,,522.2312499999999,0.0,0.0,0.0,28.64874999999995,10800.0,10800.0,10800.0,420.657271875,0.0,0.0,420.65727187499994,0.0,420.65727187499994,0.0
B_fixed_q80,2025-09-23,2025-09-23,96,2025-09-23 16:00:00,2025-09-23 16:10:00,0.8271,6704.9712,3168.3753,6477.1231,3188.7577,548.0609,40.40701666666661,588.4679166666665,0.8,0.8,28,,588.4679166666665,0.0,0.96473333333347,0.0,0.0,10800.0,10798.928074074074,10800.0,486.72181387499984,0.0,0.10719259259260783,486.72181387499984,0.0,486.72181387499984,0.0
B_fixed_q80,2025-09-23,2025-09-23,97,2025-09-23 16:10:00,2025-09-23 16:20:00,0.8519,6651.3841,2836.5022,6552.0795,2876.8086,612.5451499999999,44.36301666666657,656.9081666666665,0.8,0.8,28,,656.9081666666665,1.19102880658425,0.0,0.0,19.903487860082187,10798.928074074074,10800.0,10800.0,559.6200671833332,0.0,0.11910288065842498,559.6200671833332,0.0,559.6200671833332,0.0
B_fixed_q80,2025-09-23,2025-09-23,98,2025-09-23 16:20:00,2025-09-23 16:30:00,0.8791,6512.95,2503.5375,6332.94,2467.5375,644.2337499999999,33.45416666666665,677.6879166666665,0.8,0.8,28,,677.6879166666665,0.0,0.0,0.0,9.452499999999873,10800.0,10800.0,10800.0,595.7554475416665,0.0,0.0,595.7554475416665,0.0,595.7554475416665,0.0
B_fixed_q80,2025-09-23,2025-09-23,99,2025-09-23 16:30:00,2025-09-23 16:40:00,0.9024,6516.7553,2218.6701,6320.4369,2200.0679,686.7281666666665,32.99040000000002,719.7185666666666,0.8,0.8,28,,719.7185666666666,0.0,0.0,0.0,3.371033333333344,10800.0,10800.0,10800.0,649.4740345599998,0.0,0.0,649.4740345599998,0.0,649.4740345599998,0.0
B_fixed_q80,2025-09-23,2025-09-23,100,2025-09-23 16:40:00,2025-09-23 16:50:00,0.9163,6452.5286,1863.5925,6492.3208,1918.0586,762.3770333333333,44.55761666666649,806.9346499999998,0.8,0.8,28,,806.9346499999998,0.0,0.0,0.0,42.11196666666649,10800.0,10800.0,10800.0,739.3942197949998,0.0,0.0,739.3942197949998,0.0,739.3942197949998,0.0
B_fixed_q80,2025-09-23,2025-09-23,101,2025-09-23 16:50:00,2025-09-23 17:00:00,0.9264,6349.71,1465.3875,6599.87,1558.65,840.2033333333331,51.05875,891.2620833333332,0.8,0.8,28,,891.2620833333332,0.0,0.0,0.0,77.20833333333314,10800.0,10800.0,10800.0,825.6651939999998,0.0,0.0,825.6651939999998,0.0,825.6651939999998,0.0
B_fixed_q80,2025-09-23,2025-09-23,102,2025-09-23 17:00:00,2025-09-23 17:10:00,0.9462,6441.2731,1178.7512,6444.2201,1230.6499,868.9283666666666,39.52376666666669,908.4521333333332,0.8,0.8,28,,908.4521333333332,0.0,0.0,0.0,31.36514999999997,10800.0,10800.0,10800.0,859.5774085600001,0.0,0.0,859.57740856,0.0,859.57740856,0.0
B_fixed_q80,2025-09-23,2025-09-23,103,2025-09-23 17:10:00,2025-09-23 17:20:00,0.9742,6397.9351,917.9154,6365.2663,945.4844,903.2969833333332,20.78593333333333,924.0829166666666,0.8,0.8,28,,924.0829166666668,0.0,0.0,0.0,10.746300000000131,10800.0,10800.0,10800.0,900.2415774166667,0.0,0.0,900.2415774166668,0.0,900.2415774166668,0.0
B_fixed_q80,2025-09-23,2025-09-23,104,2025-09-23 17:20:00,2025-09-23 17:30:00,0.9862,6368.49,630.1875,6543.08,683.6625,976.5695833333332,23.29499999999996,999.8645833333331,0.8,0.8,28,,999.8645833333331,0.0,0.0,0.0,43.48083333333318,10800.0,10800.0,10800.0,986.0664520833332,0.0,0.0,986.0664520833332,0.0,986.0664520833332,0.0
B_fixed_q80,2025-09-23,2025-09-23,105,2025-09-23 17:30:00,2025-09-23 17:40:00,0.976,6667.634,356.458,6702.631,425.9356,1046.1159,27.75071666666679,1073.8666166666667,0.8,0.8,28,,1073.8666166666667,0.0,0.0,0.0,22.00395000000003,10800.0,10800.0,10800.0,1048.0938178666668,0.0,0.0,1048.0938178666668,0.0,1048.0938178666668,0.0
B_fixed_q80,2025-09-23,2025-09-23,106,2025-09-23 17:40:00,2025-09-23 17:50:00,1.0742,5886.4358,131.4439,5992.5794,174.4761,969.6838833333333,12.449833333333345,982.1337166666666,0.8,0.8,28,,982.1337166666668,0.0,0.0,0.0,22.968400000000088,10800.0,10800.0,10800.0,1055.0080384433334,0.0,0.0,1055.0080384433336,0.0,1055.0080384433336,0.0
B_fixed_q80,2025-09-23,2025-09-23,107,2025-09-23 17:50:00,2025-09-23 18:00:00,1.2313,4515.87,0.0,4835.08,0.0,805.8466666666666,19.54166666666663,825.3883333333332,0.8,0.8,28,,825.3883333333333,0.0,0.0,0.0,72.74333333333334,10800.0,10800.0,10800.0,1016.3006548333334,0.0,0.0,1016.3006548333334,0.0,1016.3006548333334,0.0
B_fixed_q80,2025-09-23,2025-09-23,108,2025-09-23 18:00:00,2025-09-23 18:10:00,1.2561,4585.9791,0.0,4585.0492,0.0,764.1748666666667,15.513500000000022,779.6883666666668,0.8,0.8,28,,779.6883666666668,0.0,0.0,0.0,15.3585166666669,10800.0,10800.0,10800.0,979.36655737,0.0,0.0,979.3665573700001,0.0,979.3665573700001,0.0
B_fixed_q80,2025-09-23,2025-09-23,109,2025-09-23 18:10:00,2025-09-23 18:20:00,1.2447,4985.787,4.4234,4700.096,6.1848,782.3185333333332,28.99523333333332,811.3137666666665,0.8,0.8,28,,811.3137666666667,0.0,18.913500000000116,0.0,0.0,10800.0,10778.985,10800.0,1009.84224537,0.0,2.101500000000014,1009.8422453699999,0.0,1009.8422453699999,0.0
B_fixed_q80,2025-09-23,2025-09-23,110,2025-09-23 18:20:00,2025-09-23 18:30:00,1.2545,5006.5,0.0,4806.54,0.0,801.0899999999999,51.5183333333332,852.6083333333331,0.8,0.8,28,,852.6083333333331,18.19166666666649,0.0,0.0,0.0,10778.985,10795.3575,10800.0,1069.5971541666663,0.0,1.8191666666666484,1069.5971541666663,0.0,1069.5971541666663,0.0
B_fixed_q80,2025-09-23,2025-09-23,111,2025-09-23 18:30:00,2025-09-23 18:40:00,1.2522,5016.9579,0.0,5029.1871,0.0,838.19785,17.764650000000074,855.9625000000001,0.8,0.8,28,,855.9625000000001,5.158333333333252,0.0,0.0,14.644516666666782,10795.3575,10800.0,10800.0,1071.8362425,0.0,0.5158333333333252,1071.8362425,0.0,1071.8362425,0.0
B_fixed_q80,2025-09-23,2025-09-23,112,2025-09-23 18:40:00,2025-09-23 18:50:00,1.2881,4862.5058,0.3176,4889.8514,0.444,814.9012333333332,-4.275449999999978,810.6257833333332,0.8,0.8,28,,810.6257833333332,0.0,0.0,0.0,0.2610833333333175,10800.0,10800.0,10800.0,1044.1670715116666,0.0,0.0,1044.1670715116666,0.0,1044.1670715116666,0.0
B_fixed_q80,2025-09-23,2025-09-23,113,2025-09-23 18:50:00,2025-09-23 19:00:00,1.3466,4664.56,0.0,4602.8,0.0,767.1333333333333,18.329999999999927,785.4633333333333,0.8,0.8,28,,0.0,0.0,777.4266666666667,0.0,0.0,10800.0,9936.192592592592,9927.262962962965,0.0,0.0,86.38074074074079,0.0,0.0,0.0,0.0
B_fixed_q80,2025-09-23,2025-09-23,114,2025-09-23 19:00:00,2025-09-23 19:10:00,1.3523,4794.5933,0.0,4878.9151,0.0,813.1525166666667,25.73595000000012,838.8884666666668,0.8,0.8,28,,5.555133333333515,0.0,793.5437499999998,0.0,0.0,9936.192592592592,9054.477314814816,9001.337037037038,7.512206806666913,0.0,88.1715277777778,7.512206806666913,0.0,7.512206806666913,0.0
B_fixed_q80,2025-09-23,2025-09-23,115,2025-09-23 19:10:00,2025-09-23 19:20:00,1.3445,4953.598,0.0228,5049.4296,0.0319,841.5662833333333,21.326583333333247,862.8928666666666,0.8,0.8,28,,29.55953333333332,0.0,796.0363333333333,0.0,0.0,9054.477314814816,8169.992500000001,8075.411111111111,39.74279256666665,0.0,88.44848148148152,39.74279256666665,0.0,39.74279256666665,0.0
B_fixed_q80,2025-09-23,2025-09-23,116,2025-09-23 19:20:00,2025-09-23 19:30:00,1.3483,4906.9,0.0,4902.19,0.0,817.0316666666665,11.69833333333338,828.7299999999999,0.8,0.8,28,,0.0,0.0,817.8166666666666,0.0,0.0,8169.992500000001,7261.307314814816,7154.6,0.0,0.0,90.86851851851856,0.0,0.0,0.0,0.0
B_fixed_q80,2025-09-23,2025-09-23,117,2025-09-23 19:30:00,2025-09-23 19:40:00,1.349,4721.0181,0.0,4891.8419,0.0,815.3069833333334,-3.372216666666759,811.9347666666666,0.8,0.8,28,,0.0,0.0,786.83635,0.0,0.0,7261.307314814816,6387.044703703705,6252.45025925926,0.0,0.0,87.42626111111116,0.0,0.0,0.0,0.0
B_fixed_q80,2025-09-23,2025-09-23,118,2025-09-23 19:40:00,2025-09-23 19:50:00,1.3473,4705.315,0.0016,4903.2757,0.0023,817.2122333333333,8.95578333333333,826.1680166666666,0.8,0.8,28,,0.0,0.0,784.2189,0.0,0.0,6387.044703703705,5515.690370370372,5334.485796296297,0.0,0.0,87.13543333333337,0.0,0.0,0.0,0.0
B_fixed_q80,2025-09-23,2025-09-23,119,2025-09-23 19:50:00,2025-09-23 20:00:00,1.3482,4871.47,0.0,4818.68,0.0,803.1133333333333,30.225000000000023,833.3383333333334,0.8,0.8,28,,0.0050000000001091,0.0,811.9066666666665,0.0,0.0,5515.690370370372,4613.571851851853,4408.559870370371,0.0067410000001471,0.0,90.21185185185188,0.006741000000147089,0.0,0.006741000000147089,0.0
B_fixed_q80,2025-09-23,2025-09-23,120,2025-09-23 20:00:00,2025-09-23 20:10:00,1.3513,4963.0687,0.0,4696.702,0.0,782.7836666666667,23.82991666666669,806.6135833333334,0.8,0.8,28,,0.0,0.0,827.1781166666666,0.0,0.0,4613.571851851853,3694.485055555557,3512.322555555556,0.0,0.0,91.90867962962966,0.0,0.0,0.0,0.0
B_fixed_q80,2025-09-23,2025-09-23,121,2025-09-23 20:10:00,2025-09-23 20:20:00,1.34,5061.4062,0.0,4700.0445,0.0,783.34075,22.708849999999984,806.0495999999999,0.8,0.8,28,,379.407633333333,0.0,464.16006666666703,0.0,0.0,3694.485055555557,3178.7516481481493,3038.275925925926,508.4062286666663,0.0,51.573340740740804,508.40622866666627,0.0,508.40622866666627,0.0
B_fixed_q80,2025-09-23,2025-09-23,122,2025-09-23 20:20:00,2025-09-23 20:30:00,1.3489,5038.25,0.0,4852.22,0.0,808.7033333333334,12.41166666666652,821.1149999999999,0.8,0.8,28,,0.0,0.0,833.3333333333333,6.375,0.0,3178.7516481481493,2252.825722222224,2125.925925925926,0.0,42.9961875,92.59259259259262,0.0,42.996187500000005,42.996187500000005,0.0
B_fixed_q80,2025-09-23,2025-09-23,123,2025-09-23 20:30:00,2025-09-23 20:40:00,1.3952,4709.3717,0.0,4995.945,0.0,832.6574999999999,18.17769999999996,850.8351999999999,0.8,0.8,28,,17.50186666666673,0.0,767.3934166666666,0.0,0.0,2252.825722222224,1400.166370370372,1200.0,24.41860437333342,0.0,85.26593518518521,24.41860437333342,0.0,24.41860437333342,0.0
B_fixed_q80,2025-09-23,2025-09-23,124,2025-09-23 20:40:00,2025-09-23 20:50:00,1.2226,4809.9708,0.0,4921.7777,0.0,820.2962833333332,19.999766666666574,840.2960499999998,0.8,0.8,28,,840.2960499999999,38.63424999999995,0.0,0.0,0.0,1400.166370370372,1434.937195370372,1200.0,1027.34595073,0.0,3.863424999999994,1027.34595073,0.0,1027.34595073,0.0
B_fixed_q80,2025-09-23,2025-09-23,125,2025-09-23 20:50:00,2025-09-23 21:00:00,0.9332,5215.3,0.0,4789.94,0.0,798.3233333333333,12.735000000000014,811.0583333333333,0.8,0.8,28,,811.0583333333334,0.0,58.1583333333333,0.0,0.0,1434.937195370372,1370.3168250000017,1200.0,756.8796366666668,0.0,6.462037037037036,756.8796366666668,0.0,756.8796366666668,0.0
B_fixed_q80,2025-09-23,2025-09-23,126,2025-09-23 21:00:00,2025-09-23 21:10:00,0.9068,5055.1463,0.0,4921.2572,0.0,820.2095333333333,7.107683333333284,827.3172166666666,0.8,0.8,28,,827.3172166666666,0.0,15.207166666666808,0.0,0.0,1370.3168250000017,1353.4199731481497,1200.0,750.2112520733333,0.0,1.6896851851852017,750.2112520733333,0.0,750.2112520733333,0.0
B_fixed_q80,2025-09-23,2025-09-23,127,2025-09-23 21:10:00,2025-09-23 21:20:00,0.9371,4827.5711,0.0,4795.1606,0.0,799.1934333333334,26.71623333333332,825.9096666666667,0.8,0.8,28,,825.9096666666667,21.314483333333328,0.0,0.0,0.0,1353.4199731481497,1372.6030081481497,1200.0,773.9599486333334,0.0,2.1314483333333323,773.9599486333334,0.0,773.9599486333334,0.0
B_fixed_q80,2025-09-23,2025-09-23,128,2025-09-23 21:20:00,2025-09-23 21:30:00,0.9371,4880.29,0.0,4582.3,0.0,763.7166666666667,20.644999999999985,784.3616666666667,0.8,0.8,28,,784.3616666666667,0.0,29.019999999999985,0.0,0.0,1372.6030081481497,1340.3585637037052,1200.0,735.0253178333334,0.0,3.2244444444444444,735.0253178333334,0.0,735.0253178333334,0.0
B_fixed_q80,2025-09-23,2025-09-23,129,2025-09-23 21:30:00,2025-09-23 21:40:00,0.9871,4979.2148,0.0,4908.0858,0.0,818.0142999999999,28.93528333333336,846.9495833333333,0.8,0.8,28,,846.9495833333333,17.08045000000004,0.0,0.0,0.0,1340.3585637037052,1355.7309687037052,1200.0,836.0239337083333,0.0,1.7080450000000038,836.0239337083333,0.0,836.0239337083333,0.0
B_fixed_q80,2025-09-23,2025-09-23,130,2025-09-23 21:40:00,2025-09-23 21:50:00,0.7764,4609.119,0.0,4661.9285,0.0,776.9880833333333,38.16666666666663,815.1547499999999,0.8,0.8,28,,815.1547499999999,46.96825000000001,0.0,0.0,0.0,1355.7309687037052,1398.0023937037051,1200.0,632.8861479,0.0,4.6968250000000005,632.8861479,0.0,632.8861479,0.0
B_fixed_q80,2025-09-23,2025-09-23,131,2025-09-23 21:50:00,2025-09-23 22:00:00,0.4209,3835.46,0.0,3835.63,0.0,639.2716666666666,23.821666666666488,663.0933333333331,0.8,0.8,28,,1496.4266666666665,833.3333333333333,0.0,0.0,23.84999999999968,1398.0023937037051,2148.002393703705,1950.0,629.8459839999998,0.0,83.3333333333333,629.8459839999999,0.0,629.8459839999999,0.0
B_fixed_q80,2025-09-23,2025-09-23,132,2025-09-23 22:00:00,2025-09-23 22:10:00,0.3859,3320.6494,0.0,3598.3753,0.0,599.7292166666666,3.282283333333225,603.0114999999998,0.8,0.8,28,,1436.344833333333,833.3333333333333,0.0,0.0,49.56993333333321,2148.002393703705,2898.002393703705,2700.0,554.2854711833332,0.0,83.3333333333333,554.2854711833332,0.0,554.2854711833332,0.0
B_fixed_q80,2025-09-23,2025-09-23,133,2025-09-23 22:10:00,2025-09-23 22:20:00,0.4368,3496.0714,0.0,3658.3589,0.0,609.7264833333334,4.705800000000068,614.4322833333334,0.8,0.8,28,,1245.4735166666655,662.794949999999,0.0,0.0,0.0,2898.002393703705,3494.517848703704,3267.937109999999,544.0228320799995,0.0,66.27949499999988,544.0228320799995,0.0,544.0228320799995,0.0
B_fixed_q80,2025-09-23,2025-09-23,134,2025-09-23 22:20:00,2025-09-23 22:30:00,0.4198,3883.24,0.0,3679.49,0.0,613.2483333333332,20.729999999999905,633.9783333333331,0.8,0.8,28,,1467.3116666666665,820.1049999999999,0.0,0.0,0.0,3494.517848703704,4232.612348703704,4017.937109999999,615.9774376666666,0.0,82.01049999999998,615.9774376666666,0.0,615.9774376666666,0.0
B_fixed_q80,2025-09-23,2025-09-23,135,2025-09-23 22:30:00,2025-09-23 22:40:00,0.4186,3580.1991,0.0,3675.7073,0.0,612.6178833333333,26.84140000000002,639.4592833333334,0.8,0.8,28,,1472.7926166666666,833.3333333333333,0.0,0.0,42.75943333333339,4232.612348703704,4982.612348703704,4767.937109999999,616.5109893366667,0.0,83.3333333333333,616.5109893366667,0.0,616.5109893366667,0.0
B_fixed_q80,2025-09-23,2025-09-23,136,2025-09-23 22:40:00,2025-09-23 22:50:00,0.4241,3332.1137,0.0,3704.1898,0.0,617.3649666666666,29.20451666666668,646.5694833333333,0.8,0.8,28,,1479.9028166666667,833.3333333333333,0.0,0.0,91.21720000000016,4982.612348703704,5732.612348703704,5517.937109999999,627.6267845483333,0.0,83.3333333333333,627.6267845483333,0.0,627.6267845483333,0.0
B_fixed_q80,2025-09-23,2025-09-23,137,2025-09-23 22:50:00,2025-09-23 23:00:00,0.4237,3416.1,0.0,3714.13,0.0,619.0216666666666,34.49333333333334,653.515,0.8,0.8,28,,1486.8483333333334,833.3333333333333,0.0,0.0,84.16500000000019,5732.612348703704,6482.612348703704,6267.937109999999,629.9776388333333,0.0,83.3333333333333,629.9776388333333,0.0,629.9776388333333,0.0
B_fixed_q80,2025-09-23,2025-09-23,138,2025-09-23 23:00:00,2025-09-23 23:10:00,0.4248,3387.9352,0.0,3626.4469,0.0,604.4078166666666,12.844966666666664,617.2527833333332,0.8,0.8,28,,1450.5861166666664,833.3333333333333,0.0,0.0,52.59691666666652,6482.612348703704,7232.612348703704,7017.937109999999,616.2089823599999,0.0,83.3333333333333,616.2089823599999,0.0,616.2089823599999,0.0
B_fixed_q80,2025-09-23,2025-09-23,139,2025-09-23 23:10:00,2025-09-23 23:20:00,0.424,3459.0094,0.0,3690.0841,0.0,615.0140166666666,4.450550000000021,619.4645666666667,0.8,0.8,28,,1452.7979,833.3333333333333,0.0,0.0,42.96300000000019,7232.612348703704,7982.612348703704,7767.937109999999,615.9863096,0.0,83.3333333333333,615.9863096,0.0,615.9863096,0.0
B_fixed_q80,2025-09-23,2025-09-23,140,2025-09-23 23:20:00,2025-09-23 23:30:00,0.422,3661.95,0.0,3800.23,0.0,633.3716666666667,31.328333333333376,664.7,0.8,0.8,28,,1498.0333333333333,833.3333333333333,0.0,0.0,54.375000000000114,7982.612348703704,8732.612348703704,8517.937109999999,632.1700666666667,0.0,83.3333333333333,632.1700666666667,0.0,632.1700666666667,0.0
B_fixed_q80,2025-09-23,2025-09-23,141,2025-09-23 23:30:00,2025-09-23 23:40:00,0.424,3702.4038,0.0,3632.9661,0.0,605.4943499999999,12.267283333333353,617.7616333333333,0.8,0.8,28,,1451.0949666666666,833.3333333333333,0.0,0.0,0.6943333333333612,8732.612348703704,9482.612348703704,9267.93711,615.2642658666666,0.0,83.3333333333333,615.2642658666666,0.0,615.2642658666666,0.0
B_fixed_q80,2025-09-23,2025-09-23,142,2025-09-23 23:40:00,2025-09-23 23:50:00,0.4271,3409.7885,0.0,3700.6194,0.0,616.7699,11.342966666666712,628.1128666666667,0.8,0.8,28,,1461.4462,833.3333333333333,0.0,0.0,59.81478333333325,9482.612348703704,10232.612348703704,10017.93711,624.1836720199999,0.0,83.3333333333333,624.18367202,0.0,624.18367202,0.0
B_fixed_q80,2025-09-23,2025-09-23,143,2025-09-23 23:50:00,2025-09-24 00:00:00,0.4276,3147.61,0.0,3923.31,0.0,653.885,21.319999999999997,675.2049999999999,0.8,0.8,28,,1508.5383333333332,630.4307236625513,0.0,0.0,353.50594300411524,10232.612348703704,10800.0,10767.93711,645.0509913333333,0.0,63.04307236625511,645.0509913333333,0.0,645.0509913333333,0.0
B_fixed_q80,2025-12-21,2025-12-21,0,2025-12-21 00:00:00,2025-12-21 00:10:00,0.4248,3576.1063,0.0,3556.1474,0.0,592.6912333333332,45.61368333333337,638.3049166666666,0.8,0.8,28,,638.304916666666,0.0,0.0,0.0,42.287199999999416,10800.0,10800.0,10800.0,271.15192859999974,0.0,0.0,271.15192859999974,0.0,271.15192859999974,0.0
B_fixed_q80,2025-12-21,2025-12-21,1,2025-12-21 00:10:00,2025-12-21 00:20:00,0.4245,3537.871,0.0,3367.4634,0.0,561.2438999999999,34.25221666666664,595.4961166666666,0.8,0.8,28,,595.4961166666666,0.0,0.0,0.0,5.850949999999898,10800.0,10800.0,10800.0,252.78810152499997,0.0,0.0,252.78810152499995,0.0,252.78810152499995,0.0
B_fixed_q80,2025-12-21,2025-12-21,2,2025-12-21 00:20:00,2025-12-21 00:30:00,0.4269,3472.1,0.0,3429.29,0.0,571.5483333333333,35.35500000000002,606.9033333333333,0.8,0.8,28,,606.9033333333333,0.0,0.0,0.0,28.220000000000027,10800.0,10800.0,10800.0,259.087033,0.0,0.0,259.08703299999996,0.0,259.08703299999996,0.0
B_fixed_q80,2025-12-21,2025-12-21,3,2025-12-21 00:30:00,2025-12-21 00:40:00,0.4272,3388.2602,0.0,3676.387,0.0,612.7311666666667,37.508133333333376,650.2393000000001,0.8,0.8,28,,650.2393000000001,0.0,0.0,0.0,85.52926666666679,10800.0,10800.0,10800.0,277.78222896000005,0.0,0.0,277.78222896000005,0.0,277.78222896000005,0.0
B_fixed_q80,2025-12-21,2025-12-21,4,2025-12-21 00:40:00,2025-12-21 00:50:00,0.4271,3299.4233,0.0,3757.6546,0.0,626.2757666666666,34.384283333333315,660.66005,0.8,0.8,28,,660.66005,0.0,0.0,0.0,110.75616666666669,10800.0,10800.0,10800.0,282.16790735499995,0.0,0.0,282.16790735499995,0.0,282.16790735499995,0.0
B_fixed_q80,2025-12-21,2025-12-21,5,2025-12-21 00:50:00,2025-12-21 01:00:00,0.4285,3349.26,0.0,3650.77,0.0,608.4616666666666,30.79000000000008,639.2516666666667,0.8,0.8,28,,639.2516666666667,0.0,0.0,0.0,81.04166666666663,10800.0,10800.0,10800.0,273.91933916666665,0.0,0.0,273.91933916666665,0.0,273.91933916666665,0.0
B_fixed_q80,2025-12-21,2025-12-21,6,2025-12-21 01:00:00,2025-12-21 01:10:00,0.4311,3662.0911,0.0,3636.1785,0.0,606.0297499999999,34.88784999999996,640.9175999999999,0.8,0.8,28,,640.9175999999999,0.0,0.0,0.0,30.5690833333332,10800.0,10800.0,10800.0,276.29957735999994,0.0,0.0,276.29957735999994,0.0,276.29957735999994,0.0
B_fixed_q80,2025-12-21,2025-12-21,7,2025-12-21 01:10:00,2025-12-21 01:20:00,0.4302,3799.4157,0.0,3630.4656,0.0,605.0776,32.436000000000035,637.5136,0.8,0.8,28,,637.5136,0.0,0.0,0.0,4.277649999999994,10800.0,10800.0,10800.0,274.25835072,0.0,0.0,274.25835072,0.0,274.25835072,0.0
B_fixed_q80,2025-12-21,2025-12-21,8,2025-12-21 01:20:00,2025-12-21 01:30:00,0.4279,3736.18,0.0,3593.03,0.0,598.8383333333334,55.61000000000013,654.4483333333335,0.8,0.8,28,,654.4483333333335,0.0,0.0,0.0,31.751666666666893,10800.0,10800.0,10800.0,280.0384418333334,0.0,0.0,280.0384418333334,0.0,280.0384418333334,0.0
B_fixed_q80,2025-12-21,2025-12-21,9,2025-12-21 01:30:00,2025-12-21 01:40:00,0.4312,3824.9356,0.0,3602.2286,0.0,600.3714333333332,39.22818333333339,639.5996166666666,0.8,0.8,28,,639.5996166666666,0.0,0.0,0.0,2.1103500000000395,10800.0,10800.0,10800.0,275.79535470666667,0.0,0.0,275.79535470666667,0.0,275.79535470666667,0.0
B_fixed_q80,2025-12-21,2025-12-21,10,2025-12-21 01:40:00,2025-12-21 01:50:00,0.4333,3734.208,0.0,3658.5023,0.0,609.7503833333333,43.14986666666664,652.9002499999999,0.8,0.8,28,,652.9002499999999,0.0,0.0,0.0,30.532249999999976,10800.0,10800.0,10800.0,282.901678325,0.0,0.0,282.901678325,0.0,282.901678325,0.0
B_fixed_q80,2025-12-21,2025-12-21,11,2025-12-21 01:50:00,2025-12-21 02:00:00,0.4311,3587.15,0.0,3712.62,0.0,618.77,50.02666666666664,668.7966666666666,0.8,0.8,28,,668.7966666666666,0.0,0.0,0.0,70.93833333333328,10800.0,10800.0,10800.0,288.318243,0.0,0.0,288.318243,0.0,288.318243,0.0
B_fixed_q80,2025-12-21,2025-12-21,12,2025-12-21 02:00:00,2025-12-21 02:10:00,0.4293,3856.4774,0.0,3725.8178,0.0,620.9696333333333,50.243600000000015,671.2132333333333,0.8,0.8,28,,671.2132333333333,0.0,0.0,0.0,28.466999999999985,10800.0,10800.0,10800.0,288.15184107,0.0,0.0,288.15184107,0.0,288.15184107,0.0
B_fixed_q80,2025-12-21,2025-12-21,13,2025-12-21 02:10:00,2025-12-21 02:20:00,0.4324,3923.2147,0.0,3808.8429,0.0,634.80715,35.94059999999996,670.74775,0.8,0.8,28,,670.74775,0.0,0.0,0.0,16.87863333333337,10800.0,10800.0,10800.0,290.0313271,0.0,0.0,290.0313271,0.0,290.0313271,0.0
B_fixed_q80,2025-12-21,2025-12-21,14,2025-12-21 02:20:00,2025-12-21 02:30:00,0.4367,3730.5,0.0,3949.55,0.0,658.2583333333333,46.82499999999993,705.0833333333333,0.8,0.8,28,,705.0833333333333,0.0,0.0,0.0,83.33333333333326,10800.0,10800.0,10800.0,307.9098916666666,0.0,0.0,307.9098916666666,0.0,307.9098916666666,0.0
B_fixed_q80,2025-12-21,2025-12-21,15,2025-12-21 02:30:00,2025-12-21 02:40:00,0.4348,3819.86,0.0,4008.5848,0.0,668.0974666666666,49.69853333333339,717.796,0.8,0.8,28,,717.796,0.0,0.0,0.0,81.15266666666673,10800.0,10800.0,10800.0,312.09770080000004,0.0,0.0,312.09770080000004,0.0,312.09770080000004,0.0
B_fixed_q80,2025-12-21,2025-12-21,16,2025-12-21 02:40:00,2025-12-21 02:50:00,0.4335,3791.4644,0.0,3980.4251,0.0,663.4041833333333,74.54241666666667,737.9466,0.8,0.8,28,,737.9466,0.0,0.0,0.0,106.03586666666672,10800.0,10800.0,10800.0,319.8998511,0.0,0.0,319.8998511,0.0,319.8998511,0.0
B_fixed_q80,2025-12-21,2025-12-21,17,2025-12-21 02:50:00,2025-12-21 03:00:00,0.4357,3751.73,0.0,3902.28,0.0,650.38,62.350000000000136,712.7300000000001,0.8,0.8,28,,712.7300000000001,0.0,0.0,0.0,87.44166666666683,10800.0,10800.0,10800.0,310.53646100000003,0.0,0.0,310.53646100000003,0.0,310.53646100000003,0.0
B_fixed_q80,2025-12-21,2025-12-21,18,2025-12-21 03:00:00,2025-12-21 03:10:00,0.4374,4180.5461,0.0,3841.0019,0.0,640.1669833333333,61.44855000000007,701.6155333333334,0.8,0.8,28,,701.6155333333334,0.0,0.0,0.0,4.857850000000099,10800.0,10800.0,10800.0,306.88663428,0.0,0.0,306.88663428,0.0,306.88663428,0.0
B_fixed_q80,2025-12-21,2025-12-21,19,2025-12-21 03:10:00,2025-12-21 03:20:00,0.4371,4115.3327,0.0,3938.1938,0.0,656.3656333333333,60.89666666666665,717.2623,0.8,0.8,28,,717.2623,0.0,0.0,0.0,31.37351666666666,10800.0,10800.0,10800.0,313.51535133,0.0,0.0,313.51535133,0.0,313.51535133,0.0
B_fixed_q80,2025-12-21,2025-12-21,20,2025-12-21 03:20:00,2025-12-21 03:30:00,0.4356,3748.74,0.0,4040.34,0.0,673.39,43.10166666666669,716.4916666666667,0.8,0.8,28,,716.4916666666668,0.0,0.0,0.0,91.70166666666682,10800.0,10800.0,10800.0,312.10377000000005,0.0,0.0,312.10377000000005,0.0,312.10377000000005,0.0
B_fixed_q80,2025-12-21,2025-12-21,21,2025-12-21 03:30:00,2025-12-21 03:40:00,0.4353,4220.4858,0.0,3859.3277,0.0,643.2212833333333,41.82411666666667,685.0454,0.8,0.8,28,,685.0454,0.0,18.368900000000053,0.0,0.0,10800.0,10779.59011111111,10800.0,298.20026262,0.0,2.040988888888896,298.20026262,0.0,298.20026262,0.0
B_fixed_q80,2025-12-21,2025-12-21,22,2025-12-21 03:40:00,2025-12-21 03:50:00,0.436,4423.9257,0.0,3801.431,0.0,633.5718333333333,55.73093333333327,689.3027666666666,0.8,0.8,28,,689.3027666666667,0.0,48.01818333333324,0.0,0.0,10779.59011111111,10726.236574074072,10800.0,300.5360062666667,0.0,5.335353703703696,300.5360062666667,0.0,300.5360062666667,0.0
B_fixed_q80,2025-12-21,2025-12-21,23,2025-12-21 03:50:00,2025-12-21 04:00:00,0.4378,4079.15,0.0,3946.69,0.0,657.7816666666666,61.735000000000014,719.5166666666667,0.8,0.8,28,,719.5166666666667,39.6583333333333,0.0,0.0,0.0,10726.236574074072,10761.929074074073,10800.0,315.00439666666665,0.0,3.9658333333333293,315.00439666666665,0.0,315.00439666666665,0.0
B_fixed_q80,2025-12-21,2025-12-21,24,2025-12-21 04:00:00,2025-12-21 04:10:00,0.4401,4038.9424,0.0,3984.0426,0.0,664.0071,59.606700000000046,723.6138000000001,0.8,0.8,28,,723.6138000000001,42.30102880658605,0.0,0.0,8.155704526747385,10761.929074074073,10800.0,10800.0,318.46243338000005,0.0,4.230102880658603,318.46243338000005,0.0,318.46243338000005,0.0
B_fixed_q80,2025-12-21,2025-12-21,25,2025-12-21 04:10:00,2025-12-21 04:20:00,0.4389,4082.3954,0.0,4043.9085,0.0,673.98475,61.1744333333333,735.1591833333332,0.8,0.8,28,,735.1591833333332,0.0,0.0,0.0,54.75994999999989,10800.0,10800.0,10800.0,322.6613655649999,0.0,0.0,322.6613655649999,0.0,322.6613655649999,0.0
B_fixed_q80,2025-12-21,2025-12-21,26,2025-12-21 04:20:00,2025-12-21 04:30:00,0.4364,4064.87,0.0,4208.34,0.0,701.39,54.535000000000025,755.925,0.8,0.8,28,,755.925,0.0,0.0,0.0,78.44666666666672,10800.0,10800.0,10800.0,329.88567,0.0,0.0,329.88567,0.0,329.88567,0.0
B_fixed_q80,2025-12-21,2025-12-21,27,2025-12-21 04:30:00,2025-12-21 04:40:00,0.4393,4121.8784,0.0,4361.7707,0.0,726.9617833333333,66.09614999999997,793.0579333333333,0.8,0.8,28,,793.0579333333333,0.0,0.0,0.0,106.07820000000004,10800.0,10800.0,10800.0,348.39035011333334,0.0,0.0,348.39035011333334,0.0,348.39035011333334,0.0
B_fixed_q80,2025-12-21,2025-12-21,28,2025-12-21 04:40:00,2025-12-21 04:50:00,0.4422,4083.6154,0.0,4272.1393,0.0,712.0232166666666,66.36520000000019,778.3884166666668,0.8,0.8,28,,778.3884166666668,0.0,0.0,0.0,97.7858500000001,10800.0,10800.0,10800.0,344.20335785000003,0.0,0.0,344.20335785000003,0.0,344.20335785000003,0.0
B_fixed_q80,2025-12-21,2025-12-21,29,2025-12-21 04:50:00,2025-12-21 05:00:00,0.4395,4032.31,0.0,4064.68,0.0,677.4466666666666,66.45499999999993,743.9016666666665,0.8,0.8,28,,743.9016666666666,0.0,0.0,0.0,71.85000000000002,10800.0,10800.0,10800.0,326.9447825,0.0,0.0,326.9447825,0.0,326.9447825,0.0
B_fixed_q80,2025-12-21,2025-12-21,30,2025-12-21 05:00:00,2025-12-21 05:10:00,0.4333,4217.9422,0.0023,4095.3383,0.002,682.5560499999999,76.0046666666666,758.5607166666665,0.8,0.8,28,,758.5607166666665,0.0,0.0,0.0,55.57073333333312,10800.0,10800.0,10800.0,328.6843585316666,0.0,0.0,328.6843585316666,0.0,328.6843585316666,0.0
B_fixed_q80,2025-12-21,2025-12-21,31,2025-12-21 05:10:00,2025-12-21 05:20:00,0.4439,4253.2484,0.0,4118.0415,0.0,686.34025,57.380716666666615,743.7209666666665,0.8,0.8,28,,743.7209666666665,0.0,0.0,0.0,34.8462333333332,10800.0,10800.0,10800.0,330.1377371033333,0.0,0.0,330.1377371033333,0.0,330.1377371033333,0.0
B_fixed_q80,2025-12-21,2025-12-21,32,2025-12-21 05:20:00,2025-12-21 05:30:00,0.4301,4066.58,0.0,4041.16,0.0,673.5266666666666,57.02666666666676,730.5533333333334,0.8,0.8,28,,730.5533333333334,0.0,0.0,0.0,52.79000000000008,10800.0,10800.0,10800.0,314.2109886666667,0.0,0.0,314.2109886666667,0.0,314.2109886666667,0.0
B_fixed_q80,2025-12-21,2025-12-21,33,2025-12-21 05:30:00,2025-12-21 05:40:00,0.3713,4077.7781,0.0316,4101.2526,0.0285,683.5373499999998,67.31061666666665,750.8479666666665,0.8,0.8,28,,750.8479666666665,0.0,0.0,0.0,71.22354999999982,10800.0,10800.0,10800.0,278.78985002333326,0.0,0.0,278.78985002333326,0.0,278.78985002333326,0.0
B_fixed_q80,2025-12-21,2025-12-21,34,2025-12-21 05:40:00,2025-12-21 05:50:00,0.5708,4717.7146,0.0,4586.0753,0.0,764.3458833333334,84.02178333333336,848.3676666666668,0.8,0.8,28,,848.3676666666668,0.0,0.0,0.0,62.08190000000013,10800.0,10800.0,10800.0,484.24826413333335,0.0,0.0,484.24826413333335,0.0,484.24826413333335,0.0
B_fixed_q80,2025-12-21,2025-12-21,35,2025-12-21 05:50:00,2025-12-21 06:00:00,0.9099,5490.65,0.0,5227.27,0.0,871.2116666666667,77.75,948.9616666666668,0.8,0.8,28,,948.9616666666668,0.0,0.0,0.0,33.85333333333347,10800.0,10800.0,10800.0,863.4602205000001,0.0,0.0,863.4602205000002,0.0,863.4602205000002,0.0
B_fixed_q80,2025-12-21,2025-12-21,36,2025-12-21 06:00:00,2025-12-21 06:10:00,0.9368,5439.318,0.4406,5402.0967,0.3963,900.2833999999999,63.97019999999986,964.2535999999998,0.8,0.8,28,,289.2535999999998,0.0,617.2259666666669,0.0,0.0,10800.0,10114.19337037037,10050.0,270.9727724799998,0.0,68.58066296296302,270.9727724799998,0.0,270.9727724799998,0.0
B_fixed_q80,2025-12-21,2025-12-21,37,2025-12-21 06:10:00,2025-12-21 06:20:00,0.8758,5407.8325,0.0,5325.5478,0.0,887.5913,62.784516666666605,950.3758166666668,0.8,0.8,28,,950.3758166666668,49.07039999999995,0.0,0.0,0.0,10114.19337037037,10158.356730370371,10050.0,832.3391402366667,0.0,4.907039999999994,832.3391402366668,0.0,832.3391402366668,0.0
B_fixed_q80,2025-12-21,2025-12-21,38,2025-12-21 06:20:00,2025-12-21 06:30:00,0.8759,5587.05,0.0,5273.41,0.0,878.9016666666666,84.72000000000003,963.6216666666668,0.8,0.8,28,,963.6216666666668,32.446666666666715,0.0,0.0,0.0,10158.356730370371,10187.55873037037,10050.0,844.0362178333334,0.0,3.244666666666671,844.0362178333335,0.0,844.0362178333335,0.0
B_fixed_q80,2025-12-21,2025-12-21,39,2025-12-21 06:30:00,2025-12-21 06:40:00,0.8601,5351.2866,6.1366,5332.3028,5.5202,887.7971,77.0084666666666,964.8055666666668,0.8,0.8,28,,964.8055666666668,73.94723333333332,0.0,0.0,0.0,10187.55873037037,10254.11124037037,10050.0,829.82926789,0.0,7.39472333333333,829.8292678900001,0.0,829.8292678900001,0.0
B_fixed_q80,2025-12-21,2025-12-21,40,2025-12-21 06:40:00,2025-12-21 06:50:00,0.8442,5233.249,0.0,5448.9625,0.0,908.1604166666666,79.75866666666661,987.9190833333332,0.8,0.8,28,,987.9190833333332,115.71091666666666,0.0,0.0,0.0,10254.11124037037,10358.25106537037,10050.0,834.0012901499998,0.0,11.571091666666664,834.0012901499998,0.0,834.0012901499998,0.0
B_fixed_q80,2025-12-21,2025-12-21,41,2025-12-21 06:50:00,2025-12-21 07:00:00,0.8334,5374.2,0.0,5477.09,0.0,912.8483333333334,95.00833333333344,1007.8566666666668,0.8,0.8,28,,1007.8566666666668,112.15666666666688,0.0,0.0,0.0,10358.25106537037,10459.192065370373,10050.0,839.9477460000002,0.0,11.215666666666685,839.9477460000002,0.0,839.9477460000002,0.0
B_fixed_q80,2025-12-21,2025-12-21,42,2025-12-21 07:00:00,2025-12-21 07:10:00,0.8092,5360.7841,172.6829,5311.6794,154.8087,859.4784500000001,79.15160000000014,938.6300500000002,0.8,0.8,28,,938.6300500000002,73.94651666666687,0.0,0.0,0.0,10459.192065370373,10525.74393037037,10050.0,759.5394364600002,0.0,7.394651666666685,759.5394364600002,0.0,759.5394364600002,0.0
B_fixed_q80,2025-12-21,2025-12-21,43,2025-12-21 07:10:00,2025-12-21 07:20:00,0.7972,5321.3096,420.0356,5235.8538,373.5954,810.3763999999999,83.5605333333333,893.9369333333332,0.8,0.8,28,,893.9369333333332,77.05793333333327,0.0,0.0,0.0,10525.74393037037,10595.09607037037,10050.0,712.6465232533333,0.0,7.705793333333325,712.6465232533333,0.0,712.6465232533333,0.0
B_fixed_q80,2025-12-21,2025-12-21,44,2025-12-21 07:20:00,2025-12-21 07:30:00,0.7644,5231.72,690.675,5263.95,606.525,776.2375,85.64458333333323,861.8820833333332,0.8,0.8,28,,861.8820833333332,105.04124999999988,0.0,0.0,0.0,10595.09607037037,10689.63319537037,10050.0,658.8226644999999,0.0,10.504124999999986,658.8226644999999,0.0,658.8226644999999,0.0
B_fixed_q80,2025-12-21,2025-12-21,45,2025-12-21 07:30:00,2025-12-21 07:40:00,0.6899,5065.8847,996.7377,5254.4509,867.132,731.2198166666667,94.91668333333348,826.1365000000002,0.8,0.8,28,,1659.4698333333336,122.62978292181086,0.0,0.0,858.6488837448562,10689.63319537037,10800.0,10800.0,1144.8682380166667,0.0,12.262978292181083,1144.8682380166667,0.0,1144.8682380166667,0.0
B_fixed_q80,2025-12-21,2025-12-21,46,2025-12-21 07:40:00,2025-12-21 07:50:00,0.86,5889.1246,1276.7125,5860.266,1127.5925,788.7789166666666,81.91808333333336,870.697,0.8,0.8,28,,870.6970000000001,0.0,0.0,0.0,101.9616500000002,10800.0,10800.0,10800.0,748.79942,0.0,0.0,748.79942,0.0,748.79942,0.0
B_fixed_q80,2025-12-21,2025-12-21,47,2025-12-21 07:50:00,2025-12-21 08:00:00,1.1617,7180.79,1539.8625,6843.61,1391.4,908.7016666666664,65.18666666666672,973.8883333333332,0.8,0.8,28,,140.55500000000006,0.0,799.5995833333332,0.0,0.0,10800.0,9911.55601851852,9874.074074074077,163.28274350000007,0.0,88.84439814814817,163.28274350000007,0.0,163.28274350000007,0.0
B_fixed_q80,2025-12-21,2025-12-21,48,2025-12-21 08:00:00,2025-12-21 08:10:00,1.1683,7254.351,1860.1541,7193.4429,1682.7674,918.4459166666668,67.08479999999997,985.5307166666666,0.8,0.8,28,,152.1973833333334,0.0,746.8354333333332,0.0,0.0,9911.55601851852,9081.738870370373,8948.14814814815,177.81220294833338,0.0,82.98171481481484,177.81220294833338,0.0,177.81220294833338,0.0
B_fixed_q80,2025-12-21,2025-12-21,49,2025-12-21 08:10:00,2025-12-21 08:20:00,1.0956,7152.8955,2211.6206,7169.2307,1942.6551,871.0959333333333,67.4456166666667,938.54155,0.8,0.8,28,,105.20821666666666,0.0,718.3375999999998,0.0,0.0,9081.738870370373,8283.585981481483,8022.222222222223,115.26612217999998,0.0,79.8152888888889,115.26612217999998,0.0,115.26612217999998,0.0
B_fixed_q80,2025-12-21,2025-12-21,50,2025-12-21 08:20:00,2025-12-21 08:30:00,1.0849,7367.01,2579.625,7137.33,2176.275,826.8425,70.89374999999995,897.7362499999999,0.8,0.8,28,,64.40291666666667,0.0,733.4945833333334,0.0,0.0,8283.585981481483,7468.5920000000015,7096.296296296297,69.87072429166666,0.0,81.49939814814819,69.87072429166666,0.0,69.87072429166666,0.0
B_fixed_q80,2025-12-21,2025-12-21,51,2025-12-21 08:30:00,2025-12-21 08:40:00,1.061,7333.1326,2953.1787,7192.1147,2447.0445,790.8450333333333,62.75283333333334,853.5978666666666,0.8,0.8,28,,20.26453333333336,0.0,709.7277833333334,0.0,0.0,7468.5920000000015,6680.005574074075,6170.370370370371,21.50066986666669,0.0,78.85864259259263,21.500669866666694,0.0,21.500669866666694,0.0
B_fixed_q80,2025-12-21,2025-12-21,52,2025-12-21 08:40:00,2025-12-21 08:50:00,1.043,7276.0603,3195.6035,7234.7979,2711.8548,753.8238499999999,69.29015000000004,823.1139999999999,0.8,0.8,28,,0.0,0.0,680.0761333333332,0.0,0.0,6680.005574074075,5924.365425925927,5255.79925925926,0.0,0.0,75.56401481481484,0.0,0.0,0.0,0.0
B_fixed_q80,2025-12-21,2025-12-21,53,2025-12-21 08:50:00,2025-12-21 09:00:00,1.036,7255.65,3341.5875,7206.45,2963.2125,707.2062499999998,69.20125000000007,776.4074999999999,0.8,0.8,28,,0.0,0.0,652.3437499999999,0.0,0.0,5924.365425925927,5199.539037037039,4393.12425925926,0.0,0.0,72.48263888888891,0.0,0.0,0.0,0.0
B_fixed_q80,2025-12-21,2025-12-21,54,2025-12-21 09:00:00,2025-12-21 09:10:00,1.0147,7076.8086,3572.7867,7154.2553,3236.2485,653.0011333333332,91.57009999999995,744.5712333333331,0.8,0.8,28,,0.0,0.0,584.00365,0.0,0.0,5199.539037037039,4550.646092592594,3565.82288888889,0.0,0.0,64.88929444444447,0.0,0.0,0.0,0.0
B_fixed_q80,2025-12-21,2025-12-21,55,2025-12-21 09:10:00,2025-12-21 09:20:00,0.9922,7014.1683,3848.0561,7197.8707,3485.5191,618.7252666666667,77.27456666666666,695.9998333333333,0.8,0.8,28,,0.0,0.0,527.6853666666667,0.0,0.0,4550.646092592594,3964.32901851852,2792.4897407407416,0.0,0.0,58.63170740740744,0.0,0.0,0.0,0.0
B_fixed_q80,2025-12-21,2025-12-21,56,2025-12-21 09:20:00,2025-12-21 09:30:00,0.97,7150.59,4116.6,7265.28,3682.8375,597.0737499999999,94.38250000000004,691.45625,0.8,0.8,28,,487.063766666666,0.0,18.601233333333997,0.0,0.0,3964.32901851852,3943.660981481482,2565.3869814814816,472.451853666666,0.0,2.0668037037037785,472.451853666666,0.0,472.451853666666,0.0
B_fixed_q80,2025-12-21,2025-12-21,57,2025-12-21 09:30:00,2025-12-21 09:40:00,0.9422,7259.4501,4370.6969,7159.0986,3870.6809,548.0696166666667,64.79355000000001,612.8631666666666,0.8,0.8,28,,612.8631666666666,131.40429999999998,0.0,0.0,0.0,3943.660981481482,4061.9248514814817,2565.3869814814816,577.4396756333333,0.0,13.140429999999995,577.4396756333333,0.0,577.4396756333333,0.0
B_fixed_q80,2025-12-21,2025-12-21,58,2025-12-21 09:40:00,2025-12-21 09:50:00,0.9569,7142.682,4583.0793,7013.0091,4209.5459,467.2438666666667,82.73276666666669,549.9766333333334,0.8,0.8,28,,549.9766333333334,123.37618333333351,0.0,0.0,0.0,4061.9248514814817,4172.9634164814815,2565.3869814814816,526.2726404366667,0.0,12.33761833333335,526.2726404366667,0.0,526.2726404366667,0.0
B_fixed_q80,2025-12-21,2025-12-21,59,2025-12-21 09:50:00,2025-12-21 10:00:00,0.9977,6912.23,4750.3875,6980.68,4610.2125,395.07791666666674,89.04958333333326,484.1275,0.8,0.8,28,,0.0,0.0,360.30708333333325,0.0,0.0,4172.9634164814815,3772.622212777778,2027.467537037037,0.0,0.0,40.03412037037038,0.0,0.0,0.0,0.0
B_fixed_q80,2025-12-21,2025-12-21,60,2025-12-21 10:00:00,2025-12-21 10:10:00,0.9919,6873.3728,4886.2111,7094.7959,4852.7288,373.67785,82.10660000000007,455.7844500000001,0.8,0.8,28,,0.0,0.0,331.19361666666657,0.0,0.0,3772.622212777778,3404.6293053703703,1521.0403703703705,0.0,0.0,36.799290740740744,0.0,0.0,0.0,0.0
B_fixed_q80,2025-12-21,2025-12-21,61,2025-12-21 10:10:00,2025-12-21 10:20:00,0.9588,6913.1885,4956.6279,7168.5149,5281.359,314.5259833333333,104.00708333333338,418.5330666666666,0.8,0.8,28,,418.5330666666666,92.43963333333336,0.0,0.0,0.0,3404.6293053703703,3487.8249753703703,1521.0403703703705,401.28950431999993,0.0,9.243963333333333,401.28950431999993,0.0,401.28950431999993,0.0
B_fixed_q80,2025-12-21,2025-12-21,62,2025-12-21 10:20:00,2025-12-21 10:30:00,0.9549,6951.47,4960.7625,7054.17,5746.0125,218.02625000000003,111.8895833333334,329.91583333333347,0.8,0.8,28,,329.91583333333347,0.0,1.8687499999999204,0.0,0.0,3487.8249753703703,3485.7485864814817,1521.0403703703705,315.0366292500001,0.0,0.20763888888888013,315.0366292500001,0.0,315.0366292500001,0.0
B_fixed_q80,2025-12-21,2025-12-21,63,2025-12-21 10:30:00,2025-12-21 10:40:00,0.9839,7040.6919,4946.2149,6816.159,5710.7585,184.2334166666666,104.70291666666655,288.9363333333332,0.8,0.8,28,,0.0,0.0,349.07949999999994,0.0,0.0,3485.7485864814817,3097.8824753703707,1200.0,0.0,0.0,38.78661111111112,0.0,0.0,0.0,0.0
B_fixed_q80,2025-12-21,2025-12-21,64,2025-12-21 10:40:00,2025-12-21 10:50:00,0.799,7195.1724,4968.8079,6956.2799,5630.2118,221.01135000000005,104.12333333333328,325.1346833333333,0.8,0.8,28,,325.1346833333333,0.0,45.92606666666677,0.0,0.0,3097.8824753703707,3046.853512407408,1200.0,259.78261198333337,0.0,5.1028962962963105,259.78261198333337,0.0,259.78261198333337,0.0
B_fixed_q80,2025-12-21,2025-12-21,65,2025-12-21 10:50:00,2025-12-21 11:00:00,0.5025,7266.62,4979.2125,7231.77,5759.025,245.45750000000007,77.66083333333336,323.11833333333345,0.8,0.8,28,,1156.4516666666668,775.2170833333334,0.0,0.0,0.0,3046.853512407408,3744.548887407408,1950.0,581.1169625,0.0,77.52170833333332,581.1169625,0.0,581.1169625,0.0
B_fixed_q80,2025-12-21,2025-12-21,66,2025-12-21 11:00:00,2025-12-21 11:10:00,0.4662,7080.5804,4907.9946,6895.6312,5911.9944,163.9394666666667,83.75086666666658,247.69033333333329,0.8,0.8,28,,1081.0236666666665,718.9260333333332,0.0,0.0,0.0,3744.548887407408,4391.582317407408,2700.0,503.9732333999999,0.0,71.8926033333333,503.9732333999999,0.0,503.9732333999999,0.0
B_fixed_q80,2025-12-21,2025-12-21,67,2025-12-21 11:10:00,2025-12-21 11:20:00,0.5007,6948.6094,5015.1025,6569.4148,5966.7895,100.43754999999994,99.65031666666675,200.08786666666668,0.8,0.8,28,,1033.4212,711.17005,0.0,0.0,0.0,4391.582317407408,5031.635362407407,3450.0,517.4339948400001,0.0,71.11700499999998,517.4339948400001,0.0,517.4339948400001,0.0
B_fixed_q80,2025-12-21,2025-12-21,68,2025-12-21 11:20:00,2025-12-21 11:30:00,0.4827,6954.16,5256.3375,6633.54,5909.1375,120.73375,95.79583333333336,216.52958333333336,0.8,0.8,28,,1049.8629166666667,766.8925,0.0,0.0,0.0,5031.635362407407,5721.838612407408,4200.0,506.7688298750001,0.0,76.68924999999999,506.76882987500005,0.0,506.76882987500005,0.0
B_fixed_q80,2025-12-21,2025-12-21,69,2025-12-21 11:30:00,2025-12-21 11:40:00,0.4785,6860.0706,5348.0182,6836.8731,5820.8581,169.33583333333323,80.85508333333335,250.19091666666657,0.8,0.8,28,,1083.52425,831.5155166666667,0.0,0.0,0.0,5721.838612407408,6470.202577407408,4950.0,518.4663536249999,0.0,83.15155166666665,518.4663536249999,0.0,518.4663536249999,0.0
B_fixed_q80,2025-12-21,2025-12-21,70,2025-12-21 11:40:00,2025-12-21 11:50:00,0.4662,6565.9337,5577.6892,6790.7755,5813.7308,162.84078333333323,66.45886666666667,229.2996499999999,0.8,0.8,28,,1062.6329833333332,833.3333333333333,0.0,0.0,64.5922333333333,6470.202577407408,7220.202577407408,5700.0,495.3994968299999,0.0,83.3333333333333,495.3994968299999,0.0,495.3994968299999,0.0
B_fixed_q80,2025-12-21,2025-12-21,71,2025-12-21 11:50:00,2025-12-21 12:00:00,0.4432,6330.9,5890.8,6491.37,5891.5875,99.96375000000003,110.00375,209.96750000000003,0.8,0.8,28,,1043.3008333333332,833.3333333333333,0.0,0.0,136.61750000000006,7220.202577407408,7970.202577407408,6450.0,462.3909293333333,0.0,83.3333333333333,462.39092933333325,0.0,462.39092933333325,0.0
B_fixed_q80,2025-12-21,2025-12-21,72,2025-12-21 12:00:00,2025-12-21 12:10:00,0.4411,6501.863,5904.8948,6294.9218,5973.4043,53.58624999999999,99.36674999999984,152.95299999999983,0.8,0.8,28,,986.2863333333332,833.3333333333333,0.0,0.0,53.45829999999978,7970.202577407408,8720.202577407408,7200.0,435.0509016333333,0.0,83.3333333333333,435.0509016333333,0.0,435.0509016333333,0.0
B_fixed_q80,2025-12-21,2025-12-21,73,2025-12-21 12:10:00,2025-12-21 12:20:00,0.4551,6520.3344,5868.1645,6333.9076,6089.1559,40.79194999999997,108.11289999999995,148.90484999999993,0.8,0.8,28,,982.2381833333332,833.3333333333333,0.0,0.0,40.209866666666585,8720.202577407408,9470.202577407408,7950.0,447.016597235,0.0,83.3333333333333,447.01659723499995,0.0,447.01659723499995,0.0
B_fixed_q80,2025-12-21,2025-12-21,74,2025-12-21 12:20:00,2025-12-21 12:30:00,0.4463,6273.31,5864.7,6365.04,6127.4625,39.596250000000055,112.25583333333348,151.85208333333352,0.8,0.8,28,,985.1854166666668,833.3333333333333,0.0,0.0,83.75041666666675,9470.202577407408,10220.202577407408,8700.0,439.68825145833335,0.0,83.3333333333333,439.68825145833335,0.0,439.68825145833335,0.0
B_fixed_q80,2025-12-21,2025-12-21,75,2025-12-21 12:30:00,2025-12-21 12:40:00,0.4113,6234.7567,5722.7661,6091.6909,5920.7826,28.484716666666674,108.7851666666666,137.2698833333333,0.8,0.8,28,,970.6032166666664,644.2193584362132,0.0,0.0,241.0520915637867,10220.202577407408,10800.0,9450.0,399.2091030149999,0.0,64.4219358436213,399.20910301499987,0.0,399.20910301499987,0.0
B_fixed_q80,2025-12-21,2025-12-21,76,2025-12-21 12:40:00,2025-12-21 12:50:00,0.5682,6512.763,5549.8704,6220.5541,5742.7536,79.6334166666667,106.29104999999988,185.92446666666655,0.8,0.8,28,,1019.2578,0.0,0.0,0.0,858.7756999999999,10800.0,10800.0,10200.0,579.14228196,0.0,0.0,579.14228196,0.0,579.14228196,0.0
B_fixed_q80,2025-12-21,2025-12-21,77,2025-12-21 12:50:00,2025-12-21 13:00:00,0.8279,6836.44,5390.4375,6701.4,5623.725,179.61249999999987,119.49291666666664,299.10541666666654,0.8,0.8,28,,299.10541666666654,0.0,0.0,0.0,58.10499999999996,10800.0,10800.0,10200.0,247.6293744583332,0.0,0.0,247.62937445833322,0.0,247.62937445833322,0.0
B_fixed_q80,2025-12-21,2025-12-21,78,2025-12-21 13:00:00,2025-12-21 13:10:00,0.8636,6797.3346,5211.4597,6744.871,5343.815,233.50933333333344,91.12375000000004,324.63308333333345,0.8,0.8,28,,324.63308333333345,0.0,0.0,0.0,60.32060000000018,10800.0,10800.0,10200.0,280.3531307666668,0.0,0.0,280.35313076666677,0.0,280.35313076666677,0.0
B_fixed_q80,2025-12-21,2025-12-21,79,2025-12-21 13:10:00,2025-12-21 13:20:00,0.8416,6554.3856,5202.0686,6634.9633,5094.9115,256.6753,88.37720000000007,345.05250000000007,0.8,0.8,28,,345.05250000000007,0.0,0.0,0.0,119.6663333333334,10800.0,10800.0,10200.0,290.39618400000006,0.0,0.0,290.39618400000006,0.0,290.39618400000006,0.0
B_fixed_q80,2025-12-21,2025-12-21,80,2025-12-21 13:20:00,2025-12-21 13:30:00,0.8618,6350.08,5287.95,6593.66,4968.1875,270.91208333333327,104.75666666666666,375.66874999999993,0.8,0.8,28,,375.66874999999993,0.0,0.0,0.0,198.64708333333328,10800.0,10800.0,10200.0,323.75132875,0.0,0.0,323.75132874999997,0.0,323.75132874999997,0.0
B_fixed_q80,2025-12-21,2025-12-21,81,2025-12-21 13:30:00,2025-12-21 13:40:00,0.8623,6333.408,5178.3498,6524.9679,4861.622,277.22431666666654,105.21206666666676,382.4363833333333,0.8,0.8,28,,382.4363833333333,0.0,0.0,0.0,189.92668333333324,10800.0,10800.0,10200.0,329.7748933483333,0.0,0.0,329.7748933483333,0.0,329.7748933483333,0.0
B_fixed_q80,2025-12-21,2025-12-21,82,2025-12-21 13:40:00,2025-12-21 13:50:00,0.9026,6515.4464,4993.7017,6428.5754,4729.9833,283.09868333333327,93.2789333333334,376.37761666666665,0.8,0.8,28,,376.37761666666665,0.0,0.0,0.0,122.75349999999996,10800.0,10800.0,10200.0,339.7184368033333,0.0,0.0,339.7184368033333,0.0,339.7184368033333,0.0
B_fixed_q80,2025-12-21,2025-12-21,83,2025-12-21 13:50:00,2025-12-21 14:00:00,0.9754,6658.81,4847.5125,6371.24,4528.9125,307.0545833333332,72.14583333333348,379.2004166666667,0.8,0.8,28,,0.0,0.0,301.88291666666674,0.0,0.0,10800.0,10464.574537037037,9778.666203703704,0.0,0.0,33.54254629629632,0.0,0.0,0.0,0.0
B_fixed_q80,2025-12-21,2025-12-21,84,2025-12-21 14:00:00,2025-12-21 14:10:00,1.0002,6474.7834,4705.4039,6434.9471,4241.2745,365.6121,70.15556666666652,435.76766666666646,0.8,0.8,28,,0.0,0.0,294.8965833333333,0.0,0.0,10464.574537037037,10136.911666666669,9294.479907407407,0.0,0.0,32.766287037037046,0.0,0.0,0.0,0.0
B_fixed_q80,2025-12-21,2025-12-21,85,2025-12-21 14:10:00,2025-12-21 14:20:00,0.9978,6311.1097,4404.8152,6598.029,4012.9491,430.84665000000007,61.98201666666665,492.8286666666667,0.8,0.8,28,,0.0,0.0,317.71575,0.0,0.0,10136.911666666669,9783.894166666669,8746.8925,0.0,0.0,35.30175000000002,0.0,0.0,0.0,0.0
B_fixed_q80,2025-12-21,2025-12-21,86,2025-12-21 14:20:00,2025-12-21 14:30:00,1.0271,6293.57,3988.3875,6653.62,3841.8375,468.6304166666666,52.13708333333346,520.7675000000002,0.8,0.8,28,,0.0,0.0,384.1970833333333,0.0,0.0,9783.894166666669,9357.008518518518,8168.261944444444,0.0,0.0,42.68856481481483,0.0,0.0,0.0,0.0
B_fixed_q80,2025-12-21,2025-12-21,87,2025-12-21 14:30:00,2025-12-21 14:40:00,1.0906,6241.0875,3658.7815,6413.1096,3600.3157,468.7989833333333,84.22313333333335,553.0221166666665,0.8,0.8,28,,0.0,0.0,430.3843333333333,0.0,0.0,9357.008518518518,8878.803703703703,7553.792925925926,0.0,0.0,47.8204814814815,0.0,0.0,0.0,0.0
B_fixed_q80,2025-12-21,2025-12-21,88,2025-12-21 14:40:00,2025-12-21 14:50:00,0.9376,6267.633,3321.4365,6368.7625,3406.0952,493.7778833333333,71.32433333333336,565.1022166666667,0.8,0.8,28,,111.68858333333304,0.0,379.3441666666669,0.0,0.0,8878.803703703703,8457.310185185184,7050.0,104.71921573333306,0.0,42.1493518518519,104.71921573333306,0.0,104.71921573333306,0.0
B_fixed_q80,2025-12-21,2025-12-21,89,2025-12-21 14:50:00,2025-12-21 15:00:00,0.6694,6308.83,2957.5875,6558.06,3254.2875,550.6287500000001,61.748333333333335,612.3770833333334,0.8,0.8,28,,1445.7104166666668,833.3333333333333,0.0,0.0,53.83666666666693,8457.310185185184,9207.310185185184,7800.0,967.7585529166668,0.0,83.3333333333333,967.7585529166668,0.0,967.7585529166668,0.0
B_fixed_q80,2025-12-21,2025-12-21,90,2025-12-21 15:00:00,2025-12-21 15:10:00,0.66,6184.3165,2665.595,6527.0274,3001.2809,587.6244166666665,45.19518333333326,632.8195999999998,0.8,0.8,28,,1466.152933333333,833.3333333333333,0.0,0.0,46.366016666666496,9207.310185185184,9957.310185185184,8550.0,967.660936,0.0,83.3333333333333,967.6609359999999,0.0,967.6609359999999,0.0
B_fixed_q80,2025-12-21,2025-12-21,91,2025-12-21 15:10:00,2025-12-21 15:20:00,0.7217,6249.441,2404.6045,6364.202,2691.9936,612.0347333333334,49.07054999999991,661.1052833333333,0.8,0.8,28,,1494.4386166666666,833.3333333333333,0.0,0.0,20.29920000000004,9957.310185185184,10707.310185185184,9300.0,1078.5363496483333,0.0,83.3333333333333,1078.5363496483333,0.0,1078.5363496483333,0.0
B_fixed_q80,2025-12-21,2025-12-21,92,2025-12-21 15:20:00,2025-12-21 15:30:00,0.7308,6412.99,2166.8625,6331.14,2406.45,654.115,52.57916666666665,706.6941666666667,0.8,0.8,28,,1540.0275,102.98868312757298,0.0,0.0,729.3509002057604,10707.310185185184,10800.0,10050.0,1125.452097,0.0,10.298868312757296,1125.4520969999999,0.0,1125.4520969999999,0.0
B_fixed_q80,2025-12-21,2025-12-21,93,2025-12-21 15:30:00,2025-12-21 15:40:00,0.7534,6229.2355,1977.0681,6556.5547,2180.4541,729.3500999999999,54.40685000000008,783.75695,0.8,0.8,28,,1617.0902833333332,0.0,0.0,0.0,908.3957166666664,10800.0,10800.0,10800.0,1218.3158194633331,0.0,0.0,1218.3158194633331,0.0,1218.3158194633331,0.0
B_fixed_q80,2025-12-21,2025-12-21,94,2025-12-21 15:40:00,2025-12-21 15:50:00,0.7823,6140.1248,1719.0539,6541.9728,1933.1371,768.1392833333332,46.86108333333323,815.0003666666664,0.8,0.8,28,,815.0003666666664,0.0,0.0,0.0,78.15521666666655,10800.0,10800.0,10800.0,637.5747868433332,0.0,0.0,637.5747868433332,0.0,637.5747868433332,0.0
B_fixed_q80,2025-12-21,2025-12-21,95,2025-12-21 15:50:00,2025-12-21 16:00:00,0.8055,6190.42,1414.8375,6227.88,1643.9625,763.9862499999999,47.27500000000009,811.26125,0.8,0.8,28,,811.26125,0.0,0.0,0.0,15.330833333333317,10800.0,10800.0,10800.0,653.470936875,0.0,0.0,653.470936875,0.0,653.470936875,0.0
B_fixed_q80,2025-12-21,2025-12-21,96,2025-12-21 16:00:00,2025-12-21 16:10:00,0.8271,6007.344,1199.0528,6048.8829,1362.8216,781.0102166666666,41.07883333333336,822.0890499999999,0.8,0.8,28,,822.08905,0.0,0.0,0.0,20.707183333333436,10800.0,10800.0,10800.0,679.949853255,0.0,0.0,679.949853255,0.0,679.949853255,0.0
B_fixed_q80,2025-12-21,2025-12-21,97,2025-12-21 16:10:00,2025-12-21 16:20:00,0.8519,6021.8302,965.9713,6034.5319,1065.7366,828.1325499999999,21.98946666666677,850.1220166666667,0.8,0.8,28,,850.1220166666667,0.0,0.0,0.0,7.478866666666704,10800.0,10800.0,10800.0,724.2189459983333,0.0,0.0,724.2189459983333,0.0,724.2189459983333,0.0
B_fixed_q80,2025-12-21,2025-12-21,98,2025-12-21 16:20:00,2025-12-21 16:30:00,0.8791,6231.28,680.625,6170.79,750.375,903.4025,31.37833333333333,934.7808333333332,0.8,0.8,28,,934.7808333333332,0.0,0.0,0.0,9.671666666666624,10800.0,10800.0,10800.0,821.7658305833332,0.0,0.0,821.7658305833332,0.0,821.7658305833332,0.0
B_fixed_q80,2025-12-21,2025-12-21,99,2025-12-21 16:30:00,2025-12-21 16:40:00,0.9024,6177.7882,419.0314,6408.9188,450.0255,993.1488833333334,39.714316666666605,1032.8632,0.8,0.8,28,,1032.8632,0.0,0.0,0.0,73.07040000000006,10800.0,10800.0,10800.0,932.05575168,0.0,0.0,932.05575168,0.0,932.05575168,0.0
B_fixed_q80,2025-12-21,2025-12-21,100,2025-12-21 16:40:00,2025-12-21 16:50:00,0.9163,6130.9976,173.8125,6333.2123,178.5296,1025.78045,34.81453333333343,1060.5949833333334,0.8,0.8,28,,1060.5949833333334,0.0,0.0,0.0,67.73080000000016,10800.0,10800.0,10800.0,971.8231832283334,0.0,0.0,971.8231832283334,0.0,971.8231832283334,0.0
B_fixed_q80,2025-12-21,2025-12-21,101,2025-12-21 16:50:00,2025-12-21 17:00:00,0.9264,6172.78,0.0,6089.53,0.0,1014.9216666666666,23.937500000000117,1038.8591666666666,0.8,0.8,28,,1038.8591666666666,0.0,0.0,0.0,10.0625,10800.0,10800.0,10800.0,962.399132,0.0,0.0,962.399132,0.0,962.399132,0.0
B_fixed_q80,2025-12-21,2025-12-21,102,2025-12-21 17:00:00,2025-12-21 17:10:00,0.9462,6112.1742,0.0,6226.7838,0.0,1037.7973,21.505333333333283,1059.3026333333332,0.8,0.8,28,,1059.3026333333332,0.0,0.0,0.0,40.606933333333245,10800.0,10800.0,10800.0,1002.31215166,0.0,0.0,1002.3121516599999,0.0,1002.3121516599999,0.0
B_fixed_q80,2025-12-21,2025-12-21,103,2025-12-21 17:10:00,2025-12-21 17:20:00,0.9742,6160.7027,6.2009,6316.685,6.2357,1051.74155,24.909400000000005,1076.65095,0.8,0.8,28,,1076.65095,0.0,0.0,0.0,50.90065000000004,10800.0,10800.0,10800.0,1048.87335549,0.0,0.0,1048.87335549,0.0,1048.87335549,0.0
B_fixed_q80,2025-12-21,2025-12-21,104,2025-12-21 17:20:00,2025-12-21 17:30:00,0.9862,6338.77,0.0,6285.57,0.0,1047.5949999999998,31.04833333333329,1078.643333333333,0.8,0.8,28,,1078.643333333333,0.0,0.0,0.0,22.181666666666388,10800.0,10800.0,10800.0,1063.758055333333,0.0,0.0,1063.758055333333,0.0,1063.758055333333,0.0
B_fixed_q80,2025-12-21,2025-12-21,105,2025-12-21 17:30:00,2025-12-21 17:40:00,0.976,6290.0948,0.0,6346.6991,0.0,1057.7831833333332,25.46358333333319,1083.2467666666664,0.8,0.8,28,,1083.2467666666664,0.0,0.0,0.0,34.89763333333326,10800.0,10800.0,10800.0,1057.2488442666663,0.0,0.0,1057.2488442666663,0.0,1057.2488442666663,0.0
B_fixed_q80,2025-12-21,2025-12-21,106,2025-12-21 17:40:00,2025-12-21 17:50:00,1.0742,5392.9058,0.4452,5515.747,0.4477,919.21655,22.94428333333332,942.1608333333334,0.8,0.8,28,,942.1608333333334,0.0,0.0,0.0,43.41740000000004,10800.0,10800.0,10800.0,1012.0691671666668,0.0,0.0,1012.0691671666667,0.0,1012.0691671666667,0.0
B_fixed_q80,2025-12-21,2025-12-21,107,2025-12-21 17:50:00,2025-12-21 18:00:00,1.2313,4275.8,0.0,4303.33,0.0,717.2216666666666,24.061666666666667,741.2833333333333,0.8,0.8,28,,741.2833333333333,0.0,0.0,0.0,28.649999999999977,10800.0,10800.0,10800.0,912.7421683333332,0.0,0.0,912.7421683333333,0.0,912.7421683333333,0.0
B_fixed_q80,2025-12-21,2025-12-21,108,2025-12-21 18:00:00,2025-12-21 18:10:00,1.2561,4292.4867,0.0,4324.9496,0.0,720.8249333333333,29.477333333333377,750.3022666666667,0.8,0.8,28,,750.3022666666667,0.0,0.0,0.0,34.88781666666671,10800.0,10800.0,10800.0,942.45467716,0.0,0.0,942.4546771600001,0.0,942.4546771600001,0.0
B_fixed_q80,2025-12-21,2025-12-21,109,2025-12-21 18:10:00,2025-12-21 18:20:00,1.2447,4489.6396,0.032,4468.0789,0.0321,744.6744666666666,21.6006000000001,766.2750666666667,0.8,0.8,28,,766.2750666666667,0.0,0.0,0.0,18.0071333333334,10800.0,10800.0,10800.0,953.78257548,0.0,0.0,953.78257548,0.0,953.78257548,0.0
B_fixed_q80,2025-12-21,2025-12-21,110,2025-12-21 18:20:00,2025-12-21 18:30:00,1.2545,4380.05,0.0,4202.04,0.0,700.3399999999999,26.408333333333303,726.7483333333332,0.8,0.8,28,,726.7483333333332,0.0,3.2600000000001046,0.0,0.0,10800.0,10796.377777777778,10800.0,911.7057841666664,0.0,0.362222222222234,911.7057841666665,0.0,911.7057841666665,0.0
B_fixed_q80,2025-12-21,2025-12-21,111,2025-12-21 18:30:00,2025-12-21 18:40:00,1.2522,4406.0663,0.0,4124.9898,0.0,687.4983,28.866966666666716,716.3652666666667,0.8,0.8,28,,716.3652666666667,0.0,17.97911666666664,0.0,0.0,10796.377777777778,10776.400981481482,10800.0,897.03258692,0.0,1.9976796296296278,897.03258692,0.0,897.03258692,0.0
B_fixed_q80,2025-12-21,2025-12-21,112,2025-12-21 18:40:00,2025-12-21 18:50:00,1.2881,4500.5016,0.0023,4217.5756,0.0023,702.9288833333333,34.11613333333344,737.0450166666667,0.8,0.8,28,,409.84193333333366,0.0,340.2412833333329,0.0,0.0,10776.400981481482,10398.355111111112,10436.44101851852,527.9173943266671,0.0,37.804587037037,527.9173943266671,0.0,527.9173943266671,0.0
B_fixed_q80,2025-12-21,2025-12-21,113,2025-12-21 18:50:00,2025-12-21 19:00:00,1.3466,4490.76,0.0,4331.65,0.0,721.9416666666666,27.795000000000076,749.7366666666667,0.8,0.8,28,,0.0,0.0,748.46,0.0,0.0,10398.355111111112,9566.73288888889,9603.40027777778,0.0,0.0,83.16222222222227,0.0,0.0,0.0,0.0
B_fixed_q80,2025-12-21,2025-12-21,114,2025-12-21 19:00:00,2025-12-21 19:10:00,1.3523,4334.8994,0.0,4392.2898,0.0,732.0482999999999,18.563416666666683,750.6117166666666,0.8,0.8,28,,0.0,0.0,722.4832333333334,0.0,0.0,9566.73288888889,8763.973740740741,8769.38725925926,0.0,0.0,80.27591481481485,0.0,0.0,0.0,0.0
B_fixed_q80,2025-12-21,2025-12-21,115,2025-12-21 19:10:00,2025-12-21 19:20:00,1.3445,4356.9931,0.0,4452.6765,0.0,742.1127499999999,14.107333333333372,756.2200833333333,0.8,0.8,28,,0.0,0.0,726.1655166666666,0.0,0.0,8763.973740740741,7957.123166666667,7929.142722222223,0.0,0.0,80.68505740740743,0.0,0.0,0.0,0.0
B_fixed_q80,2025-12-21,2025-12-21,116,2025-12-21 19:20:00,2025-12-21 19:30:00,1.3483,4466.59,0.0,4460.15,0.0,743.3583333333332,23.299999999999955,766.6583333333332,0.8,0.8,28,,0.0,0.0,744.4316666666666,0.0,0.0,7957.123166666667,7129.976870370371,7077.300129629631,0.0,0.0,82.71462962962966,0.0,0.0,0.0,0.0
B_fixed_q80,2025-12-21,2025-12-21,117,2025-12-21 19:30:00,2025-12-21 19:40:00,1.349,4301.5722,0.0,4319.3481,0.0,719.89135,18.98303333333331,738.8743833333333,0.8,0.8,28,,0.0,0.0,716.9286999999999,0.0,0.0,7129.976870370371,6333.389425925927,6256.328592592594,0.0,0.0,79.65874444444447,0.0,0.0,0.0,0.0
B_fixed_q80,2025-12-21,2025-12-21,118,2025-12-21 19:40:00,2025-12-21 19:50:00,1.3473,4398.717,0.0,4300.7541,0.0,716.7923499999999,26.729533333333396,743.5218833333333,0.8,0.8,28,,0.0,0.0,733.1194999999999,0.0,0.0,6333.389425925927,5518.812203703705,5430.193166666668,0.0,0.0,81.45772222222224,0.0,0.0,0.0,0.0
B_fixed_q80,2025-12-21,2025-12-21,119,2025-12-21 19:50:00,2025-12-21 20:00:00,1.3482,4681.61,0.0,4470.43,0.0,745.0716666666667,32.273333333333426,777.3450000000001,0.8,0.8,28,,0.0,0.0,780.2683333333332,0.0,0.0,5518.812203703705,4651.84738888889,4566.476500000001,0.0,0.0,86.6964814814815,0.0,0.0,0.0,0.0
B_fixed_q80,2025-12-21,2025-12-21,120,2025-12-21 20:00:00,2025-12-21 20:10:00,1.3513,4485.5154,0.0,4598.7249,0.0,766.45415,17.728750000000105,784.1829000000001,0.8,0.8,28,,0.0,0.0,747.5859,0.0,0.0,4651.84738888889,3821.1963888888895,3695.162166666667,0.0,0.0,83.06510000000004,0.0,0.0,0.0,0.0
B_fixed_q80,2025-12-21,2025-12-21,121,2025-12-21 20:10:00,2025-12-21 20:20:00,1.34,4156.9026,0.0,4477.4264,0.0,746.2377333333334,23.264416666666648,769.50215,0.8,0.8,28,,0.0,0.0,692.8171,0.0,0.0,3821.1963888888895,3051.399611111113,2840.159777777778,0.0,0.0,76.97967777777781,0.0,0.0,0.0,0.0
B_fixed_q80,2025-12-21,2025-12-21,122,2025-12-21 20:20:00,2025-12-21 20:30:00,1.3489,4090.51,0.0,4241.74,0.0,706.9566666666666,36.03166666666675,742.9883333333333,0.8,0.8,28,,0.0,0.0,681.7516666666667,0.0,0.0,3051.399611111113,2293.897759259261,2014.617185185185,0.0,0.0,75.75018518518522,0.0,0.0,0.0,0.0
B_fixed_q80,2025-12-21,2025-12-21,123,2025-12-21 20:30:00,2025-12-21 20:40:00,1.3952,4322.2266,0.0,4240.8972,0.0,706.8162,26.339266666666617,733.1554666666666,0.8,0.8,28,,0.0,0.0,720.3711,0.0,0.0,2293.897759259261,1493.4854259259278,1200.0,0.0,0.0,80.04123333333337,0.0,0.0,0.0,0.0
B_fixed_q80,2025-12-21,2025-12-21,124,2025-12-21 20:40:00,2025-12-21 20:50:00,1.2226,4336.801,0.0,4345.2631,0.0,724.2105166666666,22.6952,746.9057166666666,0.8,0.8,28,,746.9057166666666,24.105549999999997,0.0,0.0,0.0,1493.4854259259278,1515.1804209259278,1200.0,913.1669291966666,0.0,2.410554999999999,913.1669291966666,0.0,913.1669291966666,0.0
B_fixed_q80,2025-12-21,2025-12-21,125,2025-12-21 20:50:00,2025-12-21 21:00:00,0.9332,4144.46,0.0,4397.1,0.0,732.85,23.73333333333335,756.5833333333334,0.8,0.8,28,,756.5833333333335,65.84000000000015,0.0,0.0,0.0,1515.1804209259278,1574.436420925928,1200.0,706.0435666666668,0.0,6.584000000000013,706.0435666666668,0.0,706.0435666666668,0.0
B_fixed_q80,2025-12-21,2025-12-21,126,2025-12-21 21:00:00,2025-12-21 21:10:00,0.9068,4227.261,0.0,4366.5969,0.0,727.7661499999999,25.41083333333336,753.1769833333333,0.8,0.8,28,,753.1769833333333,48.63348333333329,0.0,0.0,0.0,1574.436420925928,1618.206555925928,1200.0,682.9808884866667,0.0,4.863348333333327,682.9808884866667,0.0,682.9808884866667,0.0
B_fixed_q80,2025-12-21,2025-12-21,127,2025-12-21 21:10:00,2025-12-21 21:20:00,0.9371,4326.9643,0.0,4352.2444,0.0,725.3740666666665,21.78684999999996,747.1609166666665,0.8,0.8,28,,747.1609166666665,26.00019999999995,0.0,0.0,0.0,1618.206555925928,1641.6067359259278,1200.0,700.1644950083332,0.0,2.6000199999999944,700.1644950083332,0.0,700.1644950083332,0.0
B_fixed_q80,2025-12-21,2025-12-21,128,2025-12-21 21:20:00,2025-12-21 21:30:00,0.9371,4357.83,0.0,4432.75,0.0,738.7916666666666,21.00833333333333,759.8,0.8,0.8,28,,759.8,33.495000000000005,0.0,0.0,0.0,1641.6067359259278,1671.7522359259278,1200.0,712.0085799999999,0.0,3.3495,712.0085799999999,0.0,712.0085799999999,0.0
B_fixed_q80,2025-12-21,2025-12-21,129,2025-12-21 21:30:00,2025-12-21 21:40:00,0.9871,4437.1142,0.0,4519.7625,0.0,753.2937499999999,34.64473333333342,787.9384833333334,0.8,0.8,28,,787.9384833333334,48.4194500000001,0.0,0.0,0.0,1671.7522359259278,1715.329740925928,1200.0,777.7740768983333,0.0,4.841945000000009,777.7740768983333,0.0,777.7740768983333,0.0
B_fixed_q80,2025-12-21,2025-12-21,130,2025-12-21 21:40:00,2025-12-21 21:50:00,0.7764,4070.9954,0.0,4098.3811,0.0,683.0635166666666,22.0881,705.1516166666665,0.8,0.8,28,,705.1516166666665,26.65238333333332,0.0,0.0,0.0,1715.329740925928,1739.316885925928,1200.0,547.4797151799999,0.0,2.665238333333331,547.4797151799999,0.0,547.4797151799999,0.0
B_fixed_q80,2025-12-21,2025-12-21,131,2025-12-21 21:50:00,2025-12-21 22:00:00,0.4209,3434.4,0.0,3422.17,0.0,570.3616666666667,22.116666666666788,592.4783333333335,0.8,0.8,28,,1425.8116666666667,833.3333333333333,0.0,0.0,20.07833333333349,1739.316885925928,2489.316885925928,1950.0,600.1241305,0.0,83.3333333333333,600.1241305,0.0,600.1241305,0.0
B_fixed_q80,2025-12-21,2025-12-21,132,2025-12-21 22:00:00,2025-12-21 22:10:00,0.3859,3270.5539,0.0,3317.5117,0.0,552.9186166666666,24.751750000000012,577.6703666666666,0.8,0.8,28,,1411.0036999999998,833.3333333333333,0.0,0.0,32.57804999999985,2489.316885925928,3239.316885925928,2700.0,544.5063278299999,0.0,83.3333333333333,544.5063278299999,0.0,544.5063278299999,0.0
B_fixed_q80,2025-12-21,2025-12-21,133,2025-12-21 22:10:00,2025-12-21 22:20:00,0.4368,3305.0168,0.0,3418.9331,0.0,569.8221833333333,20.71839999999997,590.5405833333333,0.8,0.8,28,,1257.207249999998,706.3711166666646,0.0,0.0,0.0,3239.316885925928,3875.050890925926,3299.999999999998,549.1481267999991,0.0,70.63711166666644,549.1481267999992,0.0,549.1481267999992,0.0
B_fixed_q80,2025-12-21,2025-12-21,134,2025-12-21 22:20:00,2025-12-21 22:30:00,0.4198,3255.6,0.0,3395.77,0.0,565.9616666666666,20.664999999999964,586.6266666666666,0.8,0.8,28,,1419.9599999999998,833.3333333333333,0.0,0.0,44.02666666666664,3875.050890925926,4625.050890925926,4049.999999999998,596.099208,0.0,83.3333333333333,596.099208,0.0,596.099208,0.0
B_fixed_q80,2025-12-21,2025-12-21,135,2025-12-21 22:30:00,2025-12-21 22:40:00,0.4186,3155.514,0.0,3290.1474,0.0,548.3579,19.160616666666783,567.5185166666668,0.8,0.8,28,,1400.85185,833.3333333333333,0.0,0.0,41.59951666666677,4625.050890925926,5375.050890925926,4799.999999999998,586.3965844100001,0.0,83.3333333333333,586.3965844100001,0.0,586.3965844100001,0.0
B_fixed_q80,2025-12-21,2025-12-21,136,2025-12-21 22:40:00,2025-12-21 22:50:00,0.4241,3260.3635,0.0,3259.769,0.0,543.2948333333333,31.588700000000017,574.8835333333333,0.8,0.8,28,,1408.2168666666666,833.3333333333333,0.0,0.0,31.48961666666673,5375.050890925926,6125.050890925926,5549.999999999998,597.2247731533333,0.0,83.3333333333333,597.2247731533333,0.0,597.2247731533333,0.0
B_fixed_q80,2025-12-21,2025-12-21,137,2025-12-21 22:50:00,2025-12-21 23:00:00,0.4237,3508.97,0.0,3349.95,0.0,558.3249999999999,31.21499999999997,589.54,0.8,0.8,28,,1422.8733333333332,833.3333333333333,0.0,0.0,4.7116666666667015,6125.050890925926,6875.050890925926,6299.999999999998,602.8714313333334,0.0,83.3333333333333,602.8714313333334,0.0,602.8714313333334,0.0
B_fixed_q80,2025-12-21,2025-12-21,138,2025-12-21 23:00:00,2025-12-21 23:10:00,0.4248,3554.7154,0.0,3468.8979,0.0,578.14965,27.06600000000003,605.21565,0.8,0.8,28,,1438.5489833333331,833.3333333333333,0.0,0.0,12.76308333333327,6875.050890925926,7625.050890925926,7049.999999999998,611.09560812,0.0,83.3333333333333,611.09560812,0.0,611.09560812,0.0
B_fixed_q80,2025-12-21,2025-12-21,139,2025-12-21 23:10:00,2025-12-21 23:20:00,0.424,3395.6628,0.0,3527.78,0.0,587.9633333333334,33.338866666666604,621.3022,0.8,0.8,28,,1454.6355333333331,833.3333333333333,0.0,0.0,55.35839999999985,7625.050890925926,8375.050890925926,7799.999999999998,616.7654661333332,0.0,83.3333333333333,616.7654661333332,0.0,616.7654661333332,0.0
B_fixed_q80,2025-12-21,2025-12-21,140,2025-12-21 23:20:00,2025-12-21 23:30:00,0.422,3305.59,0.0,3469.79,0.0,578.2983333333333,30.67999999999995,608.9783333333332,0.8,0.8,28,,1442.3116666666665,833.3333333333333,0.0,0.0,58.046666666666624,8375.050890925926,9125.050890925926,8549.999999999998,608.6555233333332,0.0,83.3333333333333,608.6555233333332,0.0,608.6555233333332,0.0
B_fixed_q80,2025-12-21,2025-12-21,141,2025-12-21 23:30:00,2025-12-21 23:40:00,0.424,3539.7613,0.0,3342.6141,0.0,557.1023499999999,40.921633333333375,598.0239833333333,0.8,0.8,28,,1431.3573166666663,833.3333333333333,0.0,0.0,8.063766666666652,9125.050890925926,9875.050890925926,9299.999999999998,606.8955022666665,0.0,83.3333333333333,606.8955022666665,0.0,606.8955022666665,0.0
B_fixed_q80,2025-12-21,2025-12-21,142,2025-12-21 23:40:00,2025-12-21 23:50:00,0.4271,3571.991,0.0,3467.4898,0.0,577.9149666666666,28.397583333333277,606.3125499999999,0.8,0.8,28,,1439.6458833333331,833.3333333333333,0.0,0.0,10.98071666666658,9875.050890925926,10625.050890925926,10049.999999999998,614.8727567716666,0.0,83.3333333333333,614.8727567716666,0.0,614.8727567716666,0.0
B_fixed_q80,2025-12-21,2025-12-21,143,2025-12-21 23:50:00,2025-12-22 00:00:00,0.4276,3464.4,0.0,3657.78,0.0,609.63,27.33333333333337,636.9633333333334,0.8,0.8,28,,1470.296666666669,194.38789897119324,0.0,0.0,698.5087676954756,10625.050890925926,10800.0,10800.0,628.6988546666676,0.0,19.43878989711932,628.6988546666676,0.0,628.6988546666676,0.0
T_base_6000,2025-03-20,2025-03-20,0,2025-03-20 00:00:00,2025-03-20 00:10:00,0.4248,3299.0689,0.0,3617.1514,0.0,602.8585666666667,0.0,602.8585666666667,base,base,28,,1436.1918999999998,833.3333333333333,0.0,0.0,53.013749999999845,6190.23759166667,6940.23759166667,6940.23759166667,610.0943191199999,0.0,83.3333333333333,610.0943191199999,0.0,610.0943191199999,0.0
T_base_6000,2025-03-20,2025-03-20,1,2025-03-20 00:10:00,2025-03-20 00:20:00,0.4245,3421.881,0.0,3585.3143,0.0,597.5523833333333,0.0,597.5523833333333,base,base,28,,1430.885716666667,833.3333333333333,0.0,0.0,27.238883333333437,6940.23759166667,7690.23759166667,7690.23759166667,607.4109867249999,0.0,83.3333333333333,607.410986725,0.0,607.410986725,0.0
T_base_6000,2025-03-20,2025-03-20,2,2025-03-20 00:20:00,2025-03-20 00:30:00,0.4269,3683.11,0.0,3514.21,0.0,585.7016666666666,0.0,585.7016666666666,base,base,28,,1419.035,805.1833333333332,0.0,0.0,0.0,7690.23759166667,8414.902591666669,8440.23759166667,605.7860414999999,0.0,80.5183333333333,605.7860415,0.0,605.7860415,0.0
T_base_6000,2025-03-20,2025-03-20,3,2025-03-20 00:30:00,2025-03-20 00:40:00,0.4272,3476.737,0.0,3566.7633,0.0,594.46055,0.0,594.46055,base,base,28,,1427.7938833333333,833.3333333333333,0.0,0.0,15.004383333333408,8414.902591666669,9164.902591666669,9190.23759166667,609.95354696,0.0,83.3333333333333,609.95354696,0.0,609.95354696,0.0
T_base_6000,2025-03-20,2025-03-20,4,2025-03-20 00:40:00,2025-03-20 00:50:00,0.4271,3302.6695,0.0,3529.764,0.0,588.294,0.0,588.294,base,base,28,,1421.6273333333334,833.3333333333333,0.0,0.0,37.84908333333351,9164.902591666669,9914.902591666669,9940.23759166667,607.1770340666667,0.0,83.3333333333333,607.1770340666667,0.0,607.1770340666667,0.0
T_base_6000,2025-03-20,2025-03-20,5,2025-03-20 00:50:00,2025-03-20 01:00:00,0.4285,3426.94,0.0,3390.6,0.0,565.0999999999999,0.0,565.0999999999999,base,base,28,,565.0999999999999,0.0,6.056666666666729,0.0,0.0,9914.902591666669,9908.17296203704,9940.23759166667,242.14534999999995,0.0,0.6729629629629702,242.14534999999995,0.0,242.14534999999995,0.0
T_base_6000,2025-03-20,2025-03-20,6,2025-03-20 01:00:00,2025-03-20 01:10:00,0.4311,3609.5343,0.0,3352.8783,0.0,558.81305,0.0,558.81305,base,base,28,,558.81305,0.0,42.775999999999954,0.0,0.0,9908.17296203704,9860.64407314815,9940.23759166667,240.904305855,0.0,4.752888888888886,240.904305855,0.0,240.904305855,0.0
T_base_6000,2025-03-20,2025-03-20,7,2025-03-20 01:10:00,2025-03-20 01:20:00,0.4302,3668.9025,0.0,3308.9055,0.0,551.48425,0.0,551.48425,base,base,28,,551.48425,0.0,59.99950000000001,0.0,0.0,9860.64407314815,9793.97796203704,9940.23759166667,237.24852435,0.0,6.6666111111111155,237.24852435,0.0,237.24852435,0.0
T_base_6000,2025-03-20,2025-03-20,8,2025-03-20 01:20:00,2025-03-20 01:30:00,0.4279,3589.3,0.0,3260.08,0.0,543.3466666666666,0.0,543.3466666666666,base,base,28,,665.3048981481447,67.08823148147803,0.0,0.0,0.0,9793.97796203704,9854.35737037037,10050.0,284.68396591759114,0.0,6.708823148147802,284.68396591759114,0.0,284.68396591759114,0.0
T_base_6000,2025-03-20,2025-03-20,9,2025-03-20 01:30:00,2025-03-20 01:40:00,0.4312,3503.6157,0.0,3353.4584,0.0,558.9097333333333,0.0,558.9097333333333,base,base,28,,558.9097333333333,0.0,25.02621666666664,0.0,0.0,9854.35737037037,9826.55046296296,10050.0,241.0018770133333,0.0,2.7806907407407393,241.00187701333334,0.0,241.00187701333334,0.0
T_base_6000,2025-03-20,2025-03-20,10,2025-03-20 01:40:00,2025-03-20 01:50:00,0.4333,3545.9703,0.0,3552.8392,0.0,592.1398666666666,0.0,592.1398666666666,base,base,28,,592.1398666666666,1.1448166666666566,0.0,0.0,0.0,9826.55046296296,9827.58079796296,10050.0,256.57420422666667,0.0,0.11448166666666564,256.57420422666667,0.0,256.57420422666667,0.0
T_base_6000,2025-03-20,2025-03-20,11,2025-03-20 01:50:00,2025-03-20 02:00:00,0.4311,3590.66,0.0,3655.73,0.0,609.2883333333333,0.0,609.2883333333333,base,base,28,,609.2883333333333,10.845000000000027,0.0,0.0,0.0,9827.58079796296,9837.34129796296,10050.0,262.6642005,0.0,1.0845000000000025,262.6642005,0.0,262.6642005,0.0
T_base_6000,2025-03-20,2025-03-20,12,2025-03-20 02:00:00,2025-03-20 02:10:00,0.4293,3395.9017,0.0,3484.6496,0.0,580.7749333333334,0.0,580.7749333333334,base,base,28,,580.7749333333334,14.791316666666717,0.0,0.0,0.0,9837.34129796296,9850.653482962962,10050.0,249.32667888000003,0.0,1.4791316666666714,249.32667888000003,0.0,249.32667888000003,0.0
T_base_6000,2025-03-20,2025-03-20,13,2025-03-20 02:10:00,2025-03-20 02:20:00,0.4324,3276.7246,0.0,3416.4269,0.0,569.4044833333332,0.0,569.4044833333332,base,base,28,,569.4044833333332,23.283716666666574,0.0,0.0,0.0,9850.653482962962,9871.608827962962,10050.0,246.2104985933333,0.0,2.3283716666666567,246.2104985933333,0.0,246.2104985933333,0.0
T_base_6000,2025-03-20,2025-03-20,14,2025-03-20 02:20:00,2025-03-20 02:30:00,0.4367,3394.28,0.0,3529.19,0.0,588.1983333333333,0.0,588.1983333333333,base,base,28,,588.1983333333333,22.4849999999999,0.0,0.0,0.0,9871.608827962962,9891.84532796296,10050.0,256.8662121666666,0.0,2.2484999999999893,256.8662121666666,0.0,256.8662121666666,0.0
T_base_6000,2025-03-20,2025-03-20,15,2025-03-20 02:30:00,2025-03-20 02:40:00,0.4348,3587.5594,0.0,3565.0967,0.0,594.1827833333333,0.0,594.1827833333333,base,base,28,,594.1827833333333,0.0,3.74378333333334,0.0,0.0,9891.84532796296,9887.685568703702,10050.0,258.3506741933333,0.0,0.41597592592592686,258.3506741933333,0.0,258.3506741933333,0.0
T_base_6000,2025-03-20,2025-03-20,16,2025-03-20 02:40:00,2025-03-20 02:50:00,0.4335,3605.7268,0.0,3662.8512,0.0,610.4752,0.0,610.4752,base,base,28,,610.4752,9.520733333333396,0.0,0.0,0.0,9887.685568703702,9896.254228703703,10050.0,264.6409992,0.0,0.9520733333333394,264.6409992,0.0,264.6409992,0.0
T_base_6000,2025-03-20,2025-03-20,17,2025-03-20 02:50:00,2025-03-20 03:00:00,0.4357,3522.79,0.0,3749.14,0.0,624.8566666666666,0.0,624.8566666666666,base,base,28,,624.8566666666666,37.72499999999991,0.0,0.0,0.0,9896.254228703703,9930.206728703704,10050.0,272.2500496666666,0.0,3.77249999999999,272.2500496666666,0.0,272.2500496666666,0.0
T_base_6000,2025-03-20,2025-03-20,18,2025-03-20 03:00:00,2025-03-20 03:10:00,0.4374,3631.2618,0.0,3576.3344,0.0,596.0557333333334,0.0,596.0557333333334,base,base,28,,596.0557333333334,0.0,9.154566666666597,0.0,0.0,9930.206728703704,9920.03498796296,10050.0,260.71477776,0.0,1.0171740740740667,260.71477776,0.0,260.71477776,0.0
T_base_6000,2025-03-20,2025-03-20,19,2025-03-20 03:10:00,2025-03-20 03:20:00,0.4371,3731.3543,0.0,3450.3953,0.0,575.0658833333333,0.0,575.0658833333333,base,base,28,,575.0658833333333,0.0,46.82650000000001,0.0,0.0,9920.03498796296,9868.005543518517,10050.0,251.361297605,0.0,5.202944444444448,251.36129760499998,0.0,251.36129760499998,0.0
T_base_6000,2025-03-20,2025-03-20,20,2025-03-20 03:20:00,2025-03-20 03:30:00,0.4356,3721.01,0.0,3522.37,0.0,587.0616666666666,0.0,587.0616666666666,base,base,28,,587.0616666666666,0.0,33.10666666666668,0.0,0.0,9868.005543518517,9831.220358333332,10050.0,255.724062,0.0,3.678518518518522,255.72406199999998,0.0,255.72406199999998,0.0
T_base_6000,2025-03-20,2025-03-20,21,2025-03-20 03:30:00,2025-03-20 03:40:00,0.4353,3699.7385,0.0,3631.228,0.0,605.2046666666666,0.0,605.2046666666666,base,base,28,,605.2046666666666,0.0,11.418416666666644,0.0,0.0,9831.220358333332,9818.533228703702,10050.0,263.4455914,0.0,1.268712962962961,263.4455914,0.0,263.4455914,0.0
T_base_6000,2025-03-20,2025-03-20,22,2025-03-20 03:40:00,2025-03-20 03:50:00,0.436,3674.7825,0.0,3569.4386,0.0,594.9064333333333,0.0,594.9064333333333,base,base,28,,594.9064333333333,0.0,17.557316666666566,0.0,0.0,9818.533228703702,9799.025099074071,10050.0,259.3792049333333,0.0,1.9508129629629527,259.3792049333333,0.0,259.3792049333333,0.0
T_base_6000,2025-03-20,2025-03-20,23,2025-03-20 03:50:00,2025-03-20 04:00:00,0.4378,3623.58,0.0,3455.04,0.0,575.8399999999999,0.0,575.8399999999999,base,base,28,,575.8399999999999,0.0,28.090000000000032,0.0,0.0,9799.025099074071,9767.81398796296,10050.0,252.102752,0.0,3.121111111111116,252.10275199999998,0.0,252.10275199999998,0.0
T_base_6000,2025-03-20,2025-03-20,24,2025-03-20 04:00:00,2025-03-20 04:10:00,0.4401,3538.7697,0.0019,3583.9838,0.0018,597.3303333333333,0.0,597.3303333333333,base,base,28,,597.3303333333333,7.535700000000133,0.0,0.0,0.0,9767.81398796296,9774.59611796296,10050.0,262.8850797,0.0,0.7535700000000131,262.8850797,0.0,262.8850797,0.0
T_base_6000,2025-03-20,2025-03-20,25,2025-03-20 04:10:00,2025-03-20 04:20:00,0.4389,3488.7843,0.0,3645.8233,0.0,607.6372166666666,0.0,607.6372166666666,base,base,28,,607.6372166666666,26.173166666666702,0.0,0.0,0.0,9774.59611796296,9798.15196796296,10050.0,266.691974395,0.0,2.6173166666666696,266.691974395,0.0,266.691974395,0.0
T_base_6000,2025-03-20,2025-03-20,26,2025-03-20 04:20:00,2025-03-20 04:30:00,0.4364,3513.51,0.0,3577.07,0.0,596.1783333333333,0.0,596.1783333333333,base,base,28,,596.1783333333333,10.593333333333248,0.0,0.0,0.0,9798.15196796296,9807.68596796296,10050.0,260.17222466666664,0.0,1.0593333333333246,260.17222466666664,0.0,260.17222466666664,0.0
T_base_6000,2025-03-20,2025-03-20,27,2025-03-20 04:30:00,2025-03-20 04:40:00,0.4393,3598.3779,0.0271,3630.4401,0.0254,605.0691166666666,0.0,605.0691166666666,base,base,28,,605.0691166666666,5.343983333333199,0.0,0.0,0.0,9807.68596796296,9812.49555296296,10050.0,265.80686295166663,0.0,0.5343983333333198,265.80686295166663,0.0,265.80686295166663,0.0
T_base_6000,2025-03-20,2025-03-20,28,2025-03-20 04:40:00,2025-03-20 04:50:00,0.4422,3700.4359,0.0,3717.5034,0.0,619.5839,0.0,619.5839,base,base,28,,619.5839,2.8445833333333894,0.0,0.0,0.0,9812.49555296296,9815.05567796296,10050.0,273.98000058,0.0,0.28445833333333886,273.98000057999997,0.0,273.98000057999997,0.0
T_base_6000,2025-03-20,2025-03-20,29,2025-03-20 04:50:00,2025-03-20 05:00:00,0.4395,3753.57,0.0,3727.07,0.0,621.1783333333333,0.0,621.1783333333333,base,base,28,,621.1783333333333,0.0,4.416666666666743,0.0,0.0,9815.05567796296,9810.148270555552,10050.0,273.0078775,0.0,0.49074074074074947,273.0078775,0.0,273.0078775,0.0
T_base_6000,2025-03-20,2025-03-20,30,2025-03-20 05:00:00,2025-03-20 05:10:00,0.4333,3716.9811,0.3776,3652.3286,0.3537,608.6624833333333,0.0,608.6624833333333,base,base,28,,608.6624833333333,0.0,10.771433333333334,0.0,0.0,9810.148270555552,9798.180011296292,10050.0,263.7334540283333,0.0,1.1968259259259266,263.7334540283333,0.0,263.7334540283333,0.0
T_base_6000,2025-03-20,2025-03-20,31,2025-03-20 05:10:00,2025-03-20 05:20:00,0.4439,3707.0664,0.0,3627.5869,0.0,604.5978166666666,0.0,604.5978166666666,base,base,28,,604.5978166666666,0.0,13.24658333333332,0.0,0.0,9798.180011296292,9783.461585370364,10050.0,268.3809708183333,0.0,1.4718425925925918,268.3809708183333,0.0,268.3809708183333,0.0
T_base_6000,2025-03-20,2025-03-20,32,2025-03-20 05:20:00,2025-03-20 05:30:00,0.4301,3642.69,0.0,3625.87,0.0,604.3116666666666,0.0,604.3116666666666,base,base,28,,604.3116666666666,0.0,2.8033333333333985,0.0,0.0,9783.461585370364,9780.34677055555,10050.0,259.9144478333333,0.0,0.31148148148148885,259.9144478333333,0.0,259.9144478333333,0.0
T_base_6000,2025-03-20,2025-03-20,33,2025-03-20 05:30:00,2025-03-20 05:40:00,0.3713,3457.8398,5.2594,3603.0838,4.9264,599.6929,0.0,599.6929,base,base,28,,1433.0262333333333,833.3333333333333,0.0,0.0,24.262833333333333,9780.34677055555,10530.34677055555,10800.0,532.0826404366667,0.0,83.3333333333333,532.0826404366667,0.0,532.0826404366667,0.0
T_base_6000,2025-03-20,2025-03-20,34,2025-03-20 05:40:00,2025-03-20 05:50:00,0.5708,4028.7787,0.0,4178.7819,0.0,696.4636499999999,0.0,696.4636499999999,base,base,28,,696.4636499999999,25.00053333333335,0.0,0.0,0.0,10530.34677055555,10552.847250555553,10800.0,397.54145141999993,0.0,2.5000533333333346,397.54145141999993,0.0,397.54145141999993,0.0
T_base_6000,2025-03-20,2025-03-20,35,2025-03-20 05:50:00,2025-03-20 06:00:00,0.9099,4962.09,0.0,4976.26,0.0,829.3766666666667,0.0,829.3766666666667,base,base,28,,0.0,0.0,827.015,0.0,0.0,10552.847250555553,9633.941694999996,9878.47037037037,0.0,0.0,91.8905555555556,0.0,0.0,0.0,0.0
T_base_6000,2025-03-20,2025-03-20,36,2025-03-20 06:00:00,2025-03-20 06:10:00,0.9368,4905.1198,153.4202,4927.8193,144.6043,797.2025,0.0,797.2025,base,base,28,,0.0,0.0,791.9499333333334,0.0,0.0,9633.941694999996,8753.997324629625,8992.689814814816,0.0,0.0,87.99443703703709,0.0,0.0,0.0,0.0
T_base_6000,2025-03-20,2025-03-20,37,2025-03-20 06:10:00,2025-03-20 06:20:00,0.8758,4660.8239,401.044,4816.9758,383.3165,738.9432166666667,0.0,738.9432166666667,base,base,28,,0.0,0.0,709.9633166666667,0.0,0.0,8753.997324629625,7965.149194999995,8171.641796296297,0.0,0.0,78.88481296296301,0.0,0.0,0.0,0.0
T_base_6000,2025-03-20,2025-03-20,38,2025-03-20 06:20:00,2025-03-20 06:30:00,0.8759,4703.75,675.525,4945.2,669.975,712.5374999999999,0.0,712.5374999999999,base,base,28,,0.0,0.0,671.3708333333333,0.0,0.0,7965.149194999995,7219.181602407403,7379.933462962964,0.0,0.0,74.59675925925929,0.0,0.0,0.0,0.0
T_base_6000,2025-03-20,2025-03-20,39,2025-03-20 06:30:00,2025-03-20 06:40:00,0.8601,4726.9008,952.6316,4841.0708,986.6364,642.4057333333334,0.0,642.4057333333334,base,base,28,,0.0,0.0,629.0448666666666,0.0,0.0,7219.181602407403,6520.242861666663,6666.149314814816,0.0,0.0,69.8938740740741,0.0,0.0,0.0,0.0
T_base_6000,2025-03-20,2025-03-20,40,2025-03-20 06:40:00,2025-03-20 06:50:00,0.8442,4819.4733,1302.5378,4756.7742,1316.594,573.3633666666666,0.0,573.3633666666666,base,base,28,,0.0,0.0,586.1559166666666,0.0,0.0,6520.242861666663,5868.958509814811,6029.078907407408,0.0,0.0,65.12843518518521,0.0,0.0,0.0,0.0
T_base_6000,2025-03-20,2025-03-20,41,2025-03-20 06:50:00,2025-03-20 07:00:00,0.8334,4880.33,1693.2375,4785.54,1643.8875,523.60875,0.0,523.60875,base,base,28,,212.8069999999988,0.0,318.37508333333443,0.0,0.0,5868.958509814811,5515.208417222217,5683.743629629629,177.353353799999,0.0,35.3750092592594,177.353353799999,0.0,177.353353799999,0.0
T_base_6000,2025-03-20,2025-03-20,42,2025-03-20 07:00:00,2025-03-20 07:10:00,0.8092,4689.3761,2009.9231,4770.8891,1956.0234,469.14428333333336,0.0,469.14428333333336,base,base,28,,469.14428333333336,22.56878333333333,0.0,0.0,0.0,5515.208417222217,5535.520322222216,5683.743629629629,379.63155407333335,0.0,2.2568783333333324,379.63155407333335,0.0,379.63155407333335,0.0
T_base_6000,2025-03-20,2025-03-20,43,2025-03-20 07:10:00,2025-03-20 07:20:00,0.7972,4713.3646,2305.9149,4933.7109,2250.2085,447.2504,0.0,447.2504,base,base,28,,447.2504,46.00878333333338,0.0,0.0,0.0,5535.520322222216,5576.928227222216,5683.743629629629,356.54801888,0.0,4.600878333333338,356.54801888000003,0.0,356.54801888000003,0.0
T_base_6000,2025-03-20,2025-03-20,44,2025-03-20 07:20:00,2025-03-20 07:30:00,0.7644,4827.2,2609.7375,5017.07,2498.925,419.6908333333332,0.0,419.6908333333332,base,base,28,,419.6908333333332,50.11374999999998,0.0,0.0,0.0,5576.928227222216,5622.030602222217,5683.743629629629,320.81167299999987,0.0,5.0113749999999975,320.81167299999987,0.0,320.81167299999987,0.0
T_base_6000,2025-03-20,2025-03-20,45,2025-03-20 07:30:00,2025-03-20 07:40:00,0.6899,4578.156,2894.0148,4678.8593,2691.9663,331.1488333333333,0.0,331.1488333333333,base,base,28,,331.1488333333333,50.458633333333296,0.0,0.0,0.0,5622.030602222217,5667.443372222217,5683.743629629629,228.45958011666664,0.0,5.045863333333329,228.45958011666664,0.0,228.45958011666664,0.0
T_base_6000,2025-03-20,2025-03-20,46,2025-03-20 07:40:00,2025-03-20 07:50:00,0.86,5187.0368,3179.5684,5430.5741,2986.3327,407.37356666666665,0.0,407.37356666666665,base,base,28,,0.0,0.0,334.5780666666666,0.0,0.0,5667.443372222217,5295.689964814809,5231.106333333333,0.0,0.0,37.17534074074075,0.0,0.0,0.0,0.0
T_base_6000,2025-03-20,2025-03-20,47,2025-03-20 07:50:00,2025-03-20 08:00:00,1.1617,6405.59,3476.5125,6755.97,3339.9375,569.33875,0.0,569.33875,base,base,28,,0.0,0.0,488.17958333333337,0.0,0.0,5295.689964814809,4753.26820555555,4598.507722222222,0.0,0.0,54.242175925925956,0.0,0.0,0.0,0.0
T_base_6000,2025-03-20,2025-03-20,48,2025-03-20 08:00:00,2025-03-20 08:10:00,1.1683,6658.0486,3761.2255,6545.8122,3552.9582,498.809,0.0,498.809,base,base,28,,0.0,0.0,482.80385,0.0,0.0,4753.26820555555,4216.819483333327,4044.2755,0.0,0.0,53.64487222222225,0.0,0.0,0.0,0.0
T_base_6000,2025-03-20,2025-03-20,49,2025-03-20 08:10:00,2025-03-20 08:20:00,1.0956,6606.6001,3976.3717,6234.5498,3752.2552,413.7157666666666,0.0,413.7157666666666,base,base,28,,0.0,0.0,438.3713999999999,0.0,0.0,4216.819483333327,3729.740149999994,3584.5913148148147,0.0,0.0,48.707933333333344,0.0,0.0,0.0,0.0
T_base_6000,2025-03-20,2025-03-20,50,2025-03-20 08:20:00,2025-03-20 08:30:00,1.0849,6687.27,4220.325,6481.09,3987.0,415.6816666666667,0.0,415.6816666666667,base,base,28,,0.0,0.0,411.1575000000001,0.0,0.0,3729.740149999994,3272.8984833333275,3122.722796296296,0.0,0.0,45.6841666666667,0.0,0.0,0.0,0.0
T_base_6000,2025-03-20,2025-03-20,51,2025-03-20 08:30:00,2025-03-20 08:40:00,1.061,6649.776,4653.7429,6510.8474,4178.399,388.7413999999999,0.0,388.7413999999999,base,base,28,,0.0,0.0,332.67218333333324,0.0,0.0,3272.8984833333275,2903.2627240740685,2690.787907407407,0.0,0.0,36.96357592592593,0.0,0.0,0.0,0.0
T_base_6000,2025-03-20,2025-03-20,52,2025-03-20 08:40:00,2025-03-20 08:50:00,1.043,6705.5335,5037.5027,6551.7773,4381.418,361.72655,0.0,361.72655,base,base,28,,0.0,0.0,278.0051333333332,0.0,0.0,2903.2627240740685,2594.368131481476,2288.8695185185184,0.0,0.0,30.88945925925926,0.0,0.0,0.0,0.0
T_base_6000,2025-03-20,2025-03-20,53,2025-03-20 08:50:00,2025-03-20 09:00:00,1.036,6757.81,5180.8875,6666.06,4631.2125,339.1412500000001,0.0,339.1412500000001,base,base,28,,0.0,0.0,262.82041666666674,0.0,0.0,2594.368131481476,2302.345446296291,1912.045907407407,0.0,0.0,29.20226851851854,0.0,0.0,0.0,0.0
T_base_6000,2025-03-20,2025-03-20,54,2025-03-20 09:00:00,2025-03-20 09:10:00,1.0147,6494.2004,5166.4978,6601.3223,4933.6498,277.9454166666666,0.0,277.9454166666666,base,base,28,,0.0,0.0,221.2837666666666,0.0,0.0,2302.345446296291,2056.474594444439,1603.2176666666664,0.0,0.0,24.587085185185188,0.0,0.0,0.0,0.0
T_base_6000,2025-03-20,2025-03-20,55,2025-03-20 09:10:00,2025-03-20 09:20:00,0.9922,6436.4392,5533.329,6573.4361,5388.1737,197.54373333333325,0.0,197.54373333333325,base,base,28,,0.0,0.0,150.51836666666668,0.0,0.0,2056.474594444439,1889.231964814809,1383.7246296296296,0.0,0.0,16.72426296296297,0.0,0.0,0.0,0.0
T_base_6000,2025-03-20,2025-03-20,56,2025-03-20 09:20:00,2025-03-20 09:30:00,0.97,6570.85,6107.7375,6614.79,5904.4875,118.38374999999996,0.0,118.38374999999996,base,base,28,,0.0,0.0,77.1854166666667,0.0,0.0,1889.231964814809,1803.4703907407352,1252.1871296296297,0.0,0.0,8.576157407407415,0.0,0.0,0.0,0.0
T_base_6000,2025-03-20,2025-03-20,57,2025-03-20 09:30:00,2025-03-20 09:40:00,0.9422,6399.3635,6182.795,6548.6468,6266.8363,46.96841666666675,0.0,46.96841666666675,base,base,28,,0.0,0.0,36.09475000000005,0.0,0.0,1803.4703907407352,1763.3651129629573,1200.0,0.0,0.0,4.010527777777785,0.0,0.0,0.0,0.0
T_base_6000,2025-03-20,2025-03-20,58,2025-03-20 09:40:00,2025-03-20 09:50:00,0.9569,6445.9301,6198.386,6569.7745,6602.2852,-5.418449999999969,0.0,-5.418449999999969,base,base,28,,0.0,0.0,41.25734999999986,0.0,0.0,1763.3651129629573,1717.5236129629577,1204.876605,0.0,0.0,4.584149999999987,0.0,0.0,0.0,0.0
T_base_6000,2025-03-20,2025-03-20,59,2025-03-20 09:50:00,2025-03-20 10:00:00,0.9977,6697.43,6426.1875,6666.81,6891.525,-37.45249999999987,0.0,-37.45249999999987,base,base,28,,0.0,0.0,45.20708333333338,0.0,0.0,1717.5236129629577,1667.2935203703648,1238.583855,0.0,0.0,5.023009259259267,0.0,0.0,0.0,0.0
T_base_6000,2025-03-20,2025-03-20,60,2025-03-20 10:00:00,2025-03-20 10:10:00,0.9919,6577.9956,6675.2481,6615.2017,6963.2464,-58.00745000000006,0.0,-58.00745000000006,base,base,28,,0.0,16.20874999999993,0.0,0.0,0.0,1667.2935203703648,1681.8813953703648,1290.79056,0.0,0.0,1.6208749999999927,0.0,0.0,0.0,0.0
T_base_6000,2025-03-20,2025-03-20,61,2025-03-20 10:10:00,2025-03-20 10:20:00,0.9588,6445.2772,6774.004,6539.3464,6970.7827,-71.9060499999999,0.0,-71.9060499999999,base,base,28,,0.0,54.78779999999991,0.0,0.0,0.0,1681.8813953703648,1731.1904153703647,1355.5060050000002,0.0,0.0,5.47877999999999,0.0,0.0,0.0,0.0
T_base_6000,2025-03-20,2025-03-20,62,2025-03-20 10:20:00,2025-03-20 10:30:00,0.9549,6473.61,6879.075,6477.96,7035.9375,-92.99625,0.0,-92.99625,base,base,28,,0.0,67.57750000000001,0.0,0.0,0.0,1731.1904153703647,1792.0101653703648,1439.2026300000002,0.0,0.0,6.75775,0.0,0.0,0.0,0.0
T_base_6000,2025-03-20,2025-03-20,63,2025-03-20 10:30:00,2025-03-20 10:40:00,0.9839,6454.2353,7268.5137,6366.0057,7192.6555,-137.77496666666667,0.0,-137.77496666666667,base,base,28,,0.0,135.7130666666667,0.0,0.0,0.0,1792.0101653703648,1914.1519253703648,1563.2001,0.0,0.0,13.571306666666667,0.0,0.0,0.0,0.0
T_base_6000,2025-03-20,2025-03-20,64,2025-03-20 10:40:00,2025-03-20 10:50:00,0.799,6352.336,7455.3554,6413.9505,7566.2113,-192.04346666666663,0.0,-192.04346666666663,base,base,28,,0.0,183.83656666666667,0.0,0.0,0.0,1914.1519253703648,2079.604835370365,1736.03922,0.0,0.0,18.383656666666663,0.0,0.0,0.0,0.0
T_base_6000,2025-03-20,2025-03-20,65,2025-03-20 10:50:00,2025-03-20 11:00:00,0.5025,6279.9,7263.0,6574.38,7889.7,-219.21999999999997,0.0,-219.21999999999997,base,base,28,,0.0,163.85000000000005,0.0,0.0,0.0,2079.604835370365,2227.069835370365,1933.33722,0.0,0.0,16.385,0.0,0.0,0.0,0.0
T_base_6000,2025-03-20,2025-03-20,66,2025-03-20 11:00:00,2025-03-20 11:10:00,0.4662,6362.0436,7021.6679,6549.5232,7767.7134,-203.0317,0.0,-203.0317,base,base,28,,630.3016333333333,740.2390166666667,0.0,0.0,0.0,2227.069835370365,2893.284950370365,2683.3372200000003,293.84662146,0.0,74.02390166666665,293.84662146,0.0,293.84662146,0.0
T_base_6000,2025-03-20,2025-03-20,67,2025-03-20 11:10:00,2025-03-20 11:20:00,0.5007,6393.8373,7052.8842,6360.3078,7910.4133,-258.3509166666668,0.0,-258.3509166666668,base,base,28,,321.5044500000018,431.3456000000018,0.0,0.0,0.0,2893.284950370365,3281.4959903703666,3205.207050000002,160.9772781150009,0.0,43.13456000000017,160.9772781150009,0.0,160.9772781150009,0.0
T_base_6000,2025-03-20,2025-03-20,68,2025-03-20 11:20:00,2025-03-20 11:30:00,0.4827,6360.1,7317.5625,6232.56,8273.025,-340.0774999999999,0.0,-340.0774999999999,base,base,28,,493.25583333333344,652.8329166666667,0.0,0.0,0.0,3281.4959903703666,3869.045615370367,3955.207050000002,238.0945907500001,0.0,65.28329166666666,238.09459075000007,0.0,238.09459075000007,0.0
T_base_6000,2025-03-20,2025-03-20,69,2025-03-20 11:30:00,2025-03-20 11:40:00,0.4785,6424.0276,7505.6333,6357.7494,8103.1089,-290.8932500000001,0.0,-290.8932500000001,base,base,28,,542.4400833333332,722.7076999999998,0.0,0.0,0.0,3869.045615370367,4519.482545370367,4705.207050000002,259.557579875,0.0,72.27076999999997,259.55757987499993,0.0,259.55757987499993,0.0
T_base_6000,2025-03-20,2025-03-20,70,2025-03-20 11:40:00,2025-03-20 11:50:00,0.4662,6379.6216,7635.0323,6325.6393,7934.0714,-268.0720166666666,0.0,-268.0720166666666,base,base,28,,565.2613166666666,774.4964333333332,0.0,0.0,0.0,4519.482545370367,5216.529335370367,5455.207050000002,263.52482583,0.0,77.44964333333331,263.52482583,0.0,263.52482583,0.0
T_base_6000,2025-03-20,2025-03-20,71,2025-03-20 11:50:00,2025-03-20 12:00:00,0.4432,6168.32,7818.45,6078.6,8015.4375,-322.8062499999999,0.0,-322.8062499999999,base,base,28,,510.5270833333333,785.5487499999999,0.0,0.0,0.0,5216.529335370367,5923.523210370367,6205.207050000003,226.26560333333333,0.0,78.55487499999998,226.2656033333333,0.0,226.2656033333333,0.0
T_base_6000,2025-03-20,2025-03-20,72,2025-03-20 12:00:00,2025-03-20 12:10:00,0.4411,5958.8116,8082.9395,5973.117,8091.3897,-353.0454499999999,0.0,-353.0454499999999,base,base,28,,480.28788333333335,833.3333333333333,0.0,0.0,0.9758666666668888,5923.523210370367,6673.523210370367,6955.207050000003,211.8549853383333,0.0,83.3333333333333,211.85498533833334,0.0,211.85498533833334,0.0
T_base_6000,2025-03-20,2025-03-20,73,2025-03-20 12:10:00,2025-03-20 12:20:00,0.4551,5855.2299,8090.5707,6003.5669,8333.4204,-388.3089166666669,0.0,-388.3089166666669,base,base,28,,445.0244166666664,817.5812166666664,0.0,0.0,0.0,6673.523210370367,7409.346305370367,7705.207050000003,202.5306120249999,0.0,81.75812166666663,202.5306120249999,0.0,202.5306120249999,0.0
T_base_6000,2025-03-20,2025-03-20,74,2025-03-20 12:20:00,2025-03-20 12:30:00,0.4463,5883.66,7709.3625,6043.44,8611.9875,-428.09125,0.0,-428.09125,base,base,28,,405.2420833333333,709.5258333333334,0.0,0.0,0.0,7409.346305370367,8047.919555370368,8455.207050000003,180.85954179166663,0.0,70.95258333333332,180.85954179166666,0.0,180.85954179166666,0.0
T_base_6000,2025-03-20,2025-03-20,75,2025-03-20 12:30:00,2025-03-20 12:40:00,0.4113,6006.2794,7205.256,6007.2071,8523.8874,-419.44671666666665,0.0,-419.44671666666665,base,base,28,,413.8866166666666,613.71605,0.0,0.0,0.0,8047.919555370368,8600.264000370367,9205.207050000005,170.23156543499996,0.0,61.37160499999999,170.23156543499996,0.0,170.23156543499996,0.0
T_base_6000,2025-03-20,2025-03-20,76,2025-03-20 12:40:00,2025-03-20 12:50:00,0.5682,6168.3548,7206.9442,6064.0725,8228.5618,-360.7482166666665,0.0,-360.7482166666665,base,base,28,,0.0,173.0982333333333,0.0,0.0,0.0,8600.264000370367,8756.052410370366,9529.880445000004,0.0,0.0,17.309823333333327,0.0,0.0,0.0,0.0
T_base_6000,2025-03-20,2025-03-20,77,2025-03-20 12:50:00,2025-03-20 13:00:00,0.8279,6351.38,7525.8,6254.85,8001.8625,-291.16874999999993,0.0,-291.16874999999993,base,base,28,,0.0,195.73666666666668,0.0,0.0,0.0,8756.052410370366,8932.215410370367,9791.932320000002,0.0,0.0,19.573666666666664,0.0,0.0,0.0,0.0
T_base_6000,2025-03-20,2025-03-20,78,2025-03-20 13:00:00,2025-03-20 13:10:00,0.8636,6510.6216,7339.075,6422.854,7962.5924,-256.62306666666666,0.0,-256.62306666666666,base,base,28,,0.0,138.07556666666656,0.0,0.0,0.0,8932.215410370367,9056.483420370369,10022.893080000002,0.0,0.0,13.807556666666652,0.0,0.0,0.0,0.0
T_base_6000,2025-03-20,2025-03-20,79,2025-03-20 13:10:00,2025-03-20 13:20:00,0.8416,6358.8315,6900.6338,6403.1925,7741.4555,-223.0438333333333,0.0,-223.0438333333333,base,base,28,,0.0,90.30038333333324,0.0,0.0,0.0,9056.483420370369,9137.753765370366,10223.63253,0.0,0.0,9.030038333333323,0.0,0.0,0.0,0.0
T_base_6000,2025-03-20,2025-03-20,80,2025-03-20 13:20:00,2025-03-20 13:30:00,0.8618,6039.3,6610.0125,6313.29,7413.1875,-183.31625,0.0,-183.31625,base,base,28,,0.0,95.11874999999992,0.0,0.0,0.0,9137.753765370366,9223.360640370363,10388.617155,0.0,0.0,9.51187499999999,0.0,0.0,0.0,0.0
T_base_6000,2025-03-20,2025-03-20,81,2025-03-20 13:30:00,2025-03-20 13:40:00,0.8623,6028.9848,6642.1795,6396.8916,7383.0511,-164.3599166666666,0.0,-164.3599166666666,base,base,28,,0.0,102.19911666666668,0.0,0.0,0.0,9223.360640370363,9315.339845370365,10536.54108,0.0,0.0,10.219911666666667,0.0,0.0,0.0,0.0
T_base_6000,2025-03-20,2025-03-20,82,2025-03-20 13:40:00,2025-03-20 13:50:00,0.9026,6177.7813,6806.5377,6299.9773,7147.3017,-141.22073333333338,0.0,-141.22073333333338,base,base,28,,0.0,104.79273333333336,0.0,0.0,0.0,9315.339845370365,9409.653305370364,10663.63974,0.0,0.0,10.479273333333333,0.0,0.0,0.0,0.0
T_base_6000,2025-03-20,2025-03-20,83,2025-03-20 13:50:00,2025-03-20 14:00:00,0.9754,6280.02,6799.95,6106.75,6693.1875,-97.73958333333331,0.0,-97.73958333333331,base,base,28,,0.0,86.65499999999989,0.0,0.0,0.0,9409.653305370364,9487.642805370364,10751.605365,0.0,0.0,8.665499999999987,0.0,0.0,0.0,0.0
T_base_6000,2025-03-20,2025-03-20,84,2025-03-20 14:00:00,2025-03-20 14:10:00,1.0002,6283.4823,6453.6137,6255.132,6523.1977,-44.67761666666668,0.0,-44.67761666666668,base,base,28,,0.0,28.355233333333366,0.0,0.0,0.0,9487.642805370364,9513.162515370364,10791.81522,0.0,0.0,2.835523333333336,0.0,0.0,0.0,0.0
T_base_6000,2025-03-20,2025-03-20,85,2025-03-20 14:10:00,2025-03-20 14:20:00,0.9978,6314.912,6203.5886,6265.1371,6319.7023,-9.0942,0.0,-9.0942,base,base,28,,0.0,0.0,18.553900000000034,0.0,0.0,9513.162515370364,9492.54707092592,10800.0,0.0,0.0,2.0615444444444493,0.0,0.0,0.0,0.0
T_base_6000,2025-03-20,2025-03-20,86,2025-03-20 14:20:00,2025-03-20 14:30:00,1.0271,6352.79,6115.6875,6109.64,5933.475,29.360833333333325,0.0,29.360833333333325,base,base,28,,0.0,0.0,39.517083333333325,0.0,0.0,9492.54707092592,9448.63920055555,10767.376851851852,0.0,0.0,4.390787037037038,0.0,0.0,0.0,0.0
T_base_6000,2025-03-20,2025-03-20,87,2025-03-20 14:30:00,2025-03-20 14:40:00,1.0906,6259.4213,5837.6616,6254.7096,5577.5788,112.85513333333331,0.0,112.85513333333331,base,base,28,,0.0,0.0,70.29328333333326,0.0,0.0,9448.63920055555,9370.535552407402,10641.98225925926,0.0,0.0,7.81036481481481,0.0,0.0,0.0,0.0
T_base_6000,2025-03-20,2025-03-20,88,2025-03-20 14:40:00,2025-03-20 14:50:00,0.9376,6190.1146,5431.9635,6398.0053,5382.184,169.30354999999992,0.0,169.30354999999992,base,base,28,,0.0,0.0,126.35851666666667,0.0,0.0,9370.535552407402,9230.13720055555,10453.867203703703,0.0,0.0,14.039835185185192,0.0,0.0,0.0,0.0
T_base_6000,2025-03-20,2025-03-20,89,2025-03-20 14:50:00,2025-03-20 15:00:00,0.6694,6156.64,5072.775,6358.98,5305.2375,175.6237499999999,0.0,175.6237499999999,base,base,28,,175.6237499999999,0.0,5.020416666666876,0.0,0.0,9230.13720055555,9224.558959814807,10453.867203703703,117.56253824999992,0.0,0.5578240740740976,117.56253824999992,0.0,117.56253824999992,0.0
T_base_6000,2025-03-20,2025-03-20,90,2025-03-20 15:00:00,2025-03-20 15:10:00,0.66,6039.3659,4855.4545,6262.9226,5169.4135,182.2515166666667,0.0,182.2515166666667,base,base,28,,566.843512551441,369.5249458847744,0.0,0.0,0.0,9224.558959814807,9557.131411111106,10800.0,374.1167182839511,0.0,36.952494588477435,374.11671828395106,0.0,374.11671828395106,0.0
T_base_6000,2025-03-20,2025-03-20,91,2025-03-20 15:10:00,2025-03-20 15:20:00,0.7217,6054.6789,4561.8383,6174.0028,4854.5331,219.9116166666668,0.0,219.9116166666668,base,base,28,,219.9116166666668,0.0,28.89514999999983,0.0,0.0,9557.131411111106,9525.025688888883,10800.0,158.71021374833342,0.0,3.2105722222222046,158.71021374833342,0.0,158.71021374833342,0.0
T_base_6000,2025-03-20,2025-03-20,92,2025-03-20 15:20:00,2025-03-20 15:30:00,0.7308,6187.68,4146.825,6169.43,4461.1125,284.71958333333333,0.0,284.71958333333333,base,base,28,,284.71958333333333,0.0,55.42291666666671,0.0,0.0,9525.025688888883,9463.444670370363,10800.0,208.0730715,0.0,6.1581018518518595,208.0730715,0.0,208.0730715,0.0
T_base_6000,2025-03-20,2025-03-20,93,2025-03-20 15:30:00,2025-03-20 15:40:00,0.7534,6195.3721,3778.6785,6264.8243,4216.6751,341.35819999999995,0.0,341.35819999999995,base,base,28,,341.35819999999995,0.0,61.42406666666665,0.0,0.0,9463.444670370363,9395.195707407402,10800.0,257.17926787999994,0.0,6.824896296296298,257.17926787999994,0.0,257.17926787999994,0.0
T_base_6000,2025-03-20,2025-03-20,94,2025-03-20 15:40:00,2025-03-20 15:50:00,0.7823,6186.1376,3471.4229,6126.1485,4038.9704,347.8630166666667,0.0,347.8630166666667,base,base,28,,347.8630166666667,0.0,104.58943333333332,0.0,0.0,9395.195707407402,9278.98522592592,10800.0,272.13323793833337,0.0,11.621048148148152,272.13323793833337,0.0,272.13323793833337,0.0
T_base_6000,2025-03-20,2025-03-20,95,2025-03-20 15:50:00,2025-03-20 16:00:00,0.8055,6200.17,3156.225,5880.11,3796.9125,347.1995833333333,0.0,347.1995833333333,base,base,28,,347.1995833333333,0.0,160.12458333333336,0.0,0.0,9278.98522592592,9101.069022222217,10800.0,279.66926437499995,0.0,17.79162037037038,279.66926437499995,0.0,279.66926437499995,0.0
T_base_6000,2025-03-20,2025-03-20,96,2025-03-20 16:00:00,2025-03-20 16:10:00,0.8271,6153.3743,2779.805,5993.8657,3419.8851,428.9967666666667,0.0,428.9967666666667,base,base,28,,428.9967666666667,0.0,133.26478333333336,0.0,0.0,9101.069022222217,8952.997040740735,10800.0,354.82322571000003,0.0,14.807198148148156,354.82322571000003,0.0,354.82322571000003,0.0
T_base_6000,2025-03-20,2025-03-20,97,2025-03-20 16:10:00,2025-03-20 16:20:00,0.8519,6101.7592,2507.3559,6119.1519,2957.1473,527.0007666666666,0.0,527.0007666666666,base,base,28,,527.0007666666666,0.0,72.06645000000015,0.0,0.0,8952.997040740735,8872.9232074074,10800.0,448.9519531233332,0.0,8.007383333333353,448.9519531233332,0.0,448.9519531233332,0.0
T_base_6000,2025-03-20,2025-03-20,98,2025-03-20 16:20:00,2025-03-20 16:30:00,0.8791,6118.95,2334.4125,6080.34,2520.1125,593.3712499999999,0.0,593.3712499999999,base,base,28,,593.3712499999999,0.0,37.38499999999999,0.0,0.0,8872.9232074074,8831.384318518512,10800.0,521.6326658749999,0.0,4.15388888888889,521.6326658749999,0.0,521.6326658749999,0.0
T_base_6000,2025-03-20,2025-03-20,99,2025-03-20 16:30:00,2025-03-20 16:40:00,0.9024,6209.4949,2077.0816,6051.7025,2207.5327,640.6949666666667,0.0,640.6949666666667,base,base,28,,640.6949666666667,0.0,48.0405833333333,0.0,0.0,8831.384318518512,8778.005892592586,10800.0,578.16313792,0.0,5.337842592592591,578.16313792,0.0,578.16313792,0.0
T_base_6000,2025-03-20,2025-03-20,100,2025-03-20 16:40:00,2025-03-20 16:50:00,0.9163,6190.199,1733.8533,6078.2733,1939.6319,689.7735666666665,0.0,689.7735666666665,base,base,28,,689.7735666666665,0.0,52.95071666666672,0.0,0.0,8778.005892592586,8719.171762962957,10800.0,632.0395191366665,0.0,5.8834129629629714,632.0395191366665,0.0,632.0395191366665,0.0
T_base_6000,2025-03-20,2025-03-20,101,2025-03-20 16:50:00,2025-03-20 17:00:00,0.9264,6102.19,1377.7125,6196.49,1642.05,759.0733333333333,0.0,759.0733333333333,base,base,28,,759.0733333333333,0.0,28.339583333333167,0.0,0.0,8719.171762962957,8687.683337037031,10800.0,703.2055359999999,0.0,3.1488425925925756,703.2055359999999,0.0,703.2055359999999,0.0
T_base_6000,2025-03-20,2025-03-20,102,2025-03-20 17:00:00,2025-03-20 17:10:00,0.9462,6143.2969,1083.9022,6367.7307,1304.9072,843.8039166666667,0.0,843.8039166666667,base,base,28,,843.8039166666667,0.5714666666666517,0.0,0.0,0.0,8687.683337037031,8688.197657037032,10800.0,798.4072659500001,0.0,0.05714666666666516,798.4072659500001,0.0,798.4072659500001,0.0
T_base_6000,2025-03-20,2025-03-20,103,2025-03-20 17:10:00,2025-03-20 17:20:00,0.9742,6075.0134,831.8823,6177.7386,973.3083,867.40505,0.0,867.40505,base,base,28,,867.40505,0.0,6.4501333333332695,0.0,0.0,8688.197657037032,8681.030842222217,10800.0,845.02599971,0.0,0.7166814814814747,845.02599971,0.0,845.02599971,0.0
T_base_6000,2025-03-20,2025-03-20,104,2025-03-20 17:20:00,2025-03-20 17:30:00,0.9862,6025.68,597.3375,5943.23,675.5625,877.9445833333332,0.0,877.9445833333332,base,base,28,,877.9445833333332,0.0,26.779166666666924,0.0,0.0,8681.030842222217,8651.276212592587,10800.0,865.8289480833331,0.0,2.9754629629629927,865.8289480833331,0.0,865.8289480833331,0.0
T_base_6000,2025-03-20,2025-03-20,105,2025-03-20 17:30:00,2025-03-20 17:40:00,0.976,6213.4416,374.8971,6260.5833,408.3651,975.3697,0.0,975.3697,base,base,28,,975.3697,2.278950000000009,0.0,0.0,0.0,8651.276212592587,8653.327267592587,10800.0,951.9608272,0.0,0.22789500000000085,951.9608271999999,0.0,951.9608271999999,0.0
T_base_6000,2025-03-20,2025-03-20,106,2025-03-20 17:40:00,2025-03-20 17:50:00,1.0742,5394.1467,156.1276,5643.5605,164.6811,913.1465666666666,0.0,913.1465666666666,base,base,28,,913.1465666666666,40.14338333333319,0.0,0.0,0.0,8653.327267592587,8689.456312592587,10800.0,980.9020419133332,0.0,4.014338333333318,980.9020419133333,0.0,980.9020419133333,0.0
T_base_6000,2025-03-20,2025-03-20,107,2025-03-20 17:50:00,2025-03-20 18:00:00,1.2313,4094.12,0.0,4339.62,0.0,723.27,0.0,723.27,base,base,28,,723.27,40.91666666666674,0.0,0.0,0.0,8689.456312592587,8726.281312592588,10800.0,890.562351,0.0,4.091666666666673,890.562351,0.0,890.562351,0.0
T_base_6000,2025-03-20,2025-03-20,108,2025-03-20 18:00:00,2025-03-20 18:10:00,1.2561,4187.9837,0.0,4184.4013,0.0,697.4002166666667,0.0,697.4002166666667,base,base,28,,697.4002166666667,0.0,0.597066666666592,0.0,0.0,8726.281312592588,8725.61790518518,10800.0,876.004412155,0.0,0.06634074074073247,876.004412155,0.0,876.004412155,0.0
T_base_6000,2025-03-20,2025-03-20,109,2025-03-20 18:10:00,2025-03-20 18:20:00,1.2447,4441.4267,5.5774,4355.2005,5.7982,724.9003833333333,0.0,724.9003833333333,base,base,28,,724.9003833333333,0.0,14.407833333333317,0.0,0.0,8725.61790518518,8709.609201481477,10800.0,902.2835071349998,0.0,1.6008703703703693,902.2835071349998,0.0,902.2835071349998,0.0
T_base_6000,2025-03-20,2025-03-20,110,2025-03-20 18:20:00,2025-03-20 18:30:00,1.2545,4255.45,0.0,4309.15,0.0,718.1916666666666,0.0,718.1916666666666,base,base,28,,718.1916666666666,8.950000000000045,0.0,0.0,0.0,8709.609201481477,8717.664201481477,10800.0,900.9714458333332,0.0,0.8950000000000043,900.9714458333332,0.0,900.9714458333332,0.0
T_base_6000,2025-03-20,2025-03-20,111,2025-03-20 18:30:00,2025-03-20 18:40:00,1.2522,4286.5369,0.0,4354.2603,0.0,725.7100499999999,0.0,725.7100499999999,base,base,28,,725.7100499999999,11.287233333333234,0.0,0.0,0.0,8717.664201481477,8727.822711481476,10800.0,908.73412461,0.0,1.128723333333323,908.7341246099999,0.0,908.7341246099999,0.0
T_base_6000,2025-03-20,2025-03-20,112,2025-03-20 18:40:00,2025-03-20 18:50:00,1.2881,4470.2464,0.4004,4338.3067,0.4163,722.9817333333333,0.0,722.9817333333333,base,base,28,,189.68660000000023,0.0,555.287733333333,0.0,0.0,8727.822711481476,8110.836341111106,10207.449851851852,244.3353094600003,0.0,61.698637037037024,244.3353094600003,0.0,244.3353094600003,0.0
T_base_6000,2025-03-20,2025-03-20,113,2025-03-20 18:50:00,2025-03-20 19:00:00,1.3466,4579.24,0.0,4288.92,0.0,714.8199999999999,0.0,714.8199999999999,base,base,28,,0.0,0.0,763.2066666666666,0.0,0.0,8110.836341111106,7262.828933703699,9413.205407407408,0.0,0.0,84.80074074074076,0.0,0.0,0.0,0.0
T_base_6000,2025-03-20,2025-03-20,114,2025-03-20 19:00:00,2025-03-20 19:10:00,1.3523,4480.3082,0.0,4415.0451,0.0,735.84085,0.0,735.84085,base,base,28,,0.0,0.0,746.7180333333333,0.0,0.0,7262.828933703699,6433.142229999995,8595.604462962963,0.0,0.0,82.9686703703704,0.0,0.0,0.0,0.0
T_base_6000,2025-03-20,2025-03-20,115,2025-03-20 19:10:00,2025-03-20 19:20:00,1.3445,4285.5618,0.0288,4447.7655,0.0299,741.2892666666667,0.0,741.2892666666667,base,base,28,,0.0,0.0,714.2555,0.0,0.0,6433.142229999995,5639.525007777773,7771.949722222222,0.0,0.0,79.36172222222226,0.0,0.0,0.0,0.0
T_base_6000,2025-03-20,2025-03-20,116,2025-03-20 19:20:00,2025-03-20 19:30:00,1.3483,4196.78,0.0,4430.96,0.0,738.4933333333333,0.0,738.4933333333333,base,base,28,,0.0,0.0,699.4633333333333,0.0,0.0,5639.525007777773,4862.343526296291,6951.401574074073,0.0,0.0,77.71814814814817,0.0,0.0,0.0,0.0
T_base_6000,2025-03-20,2025-03-20,117,2025-03-20 19:30:00,2025-03-20 19:40:00,1.349,4330.8684,0.0,4648.3362,0.0,774.7226999999999,0.0,774.7226999999999,base,base,28,,0.0,0.0,721.8114,0.0,0.0,4862.343526296291,4060.3308596296247,6090.598574074073,0.0,0.0,80.20126666666671,0.0,0.0,0.0,0.0
T_base_6000,2025-03-20,2025-03-20,118,2025-03-20 19:40:00,2025-03-20 19:50:00,1.3473,4370.9481,0.0021,4630.751,0.0021,771.7914833333334,0.0,771.7914833333334,base,base,28,,0.0,0.0,728.491,0.0,0.0,4060.3308596296247,3250.896415185181,5233.052481481481,0.0,0.0,80.94344444444448,0.0,0.0,0.0,0.0
T_base_6000,2025-03-20,2025-03-20,119,2025-03-20 19:50:00,2025-03-20 20:00:00,1.3482,4358.21,0.0,4405.57,0.0,734.2616666666665,0.0,734.2616666666665,base,base,28,,0.0,0.0,726.3683333333333,0.0,0.0,3250.896415185181,2443.820489259255,4417.206185185185,0.0,0.0,80.70759259259263,0.0,0.0,0.0,0.0
T_base_6000,2025-03-20,2025-03-20,120,2025-03-20 20:00:00,2025-03-20 20:10:00,1.3513,4586.0191,0.0,4459.9096,0.0,743.3182666666667,0.0,743.3182666666667,base,base,28,,0.0,0.0,764.3365166666667,0.0,0.0,2443.820489259255,1594.5576929629583,3591.297,0.0,0.0,84.92627962962968,0.0,0.0,0.0,0.0
T_base_6000,2025-03-20,2025-03-20,121,2025-03-20 20:10:00,2025-03-20 20:20:00,1.34,4523.6629,0.0,4389.7527,0.0,731.62545,0.0,731.62545,base,base,28,,0.0,0.0,355.1019236666627,398.841893000004,0.0,1594.5576929629583,1200.0,2778.379833333333,0.0,2672.2406831000267,39.45576929629587,0.0,2672.240683100027,2672.240683100027,0.0
T_base_6000,2025-03-20,2025-03-20,122,2025-03-20 20:20:00,2025-03-20 20:30:00,1.3489,4215.37,0.0,4195.37,0.0,699.2283333333332,0.0,699.2283333333332,base,base,28,,0.0,0.0,0.0,702.5616666666666,0.0,1200.0,1200.0,2001.4594629629628,0.0,4738.427160833333,0.0,0.0,4738.427160833333,4738.427160833333,0.0
T_base_6000,2025-03-20,2025-03-20,123,2025-03-20 20:30:00,2025-03-20 20:40:00,1.3952,4256.2469,0.0,4327.8811,0.0,721.3135166666666,0.0,721.3135166666666,base,base,28,,0.0,0.0,0.0,709.3744833333333,0.0,1200.0,1200.0,1200.0,0.0,4948.596395733332,0.0,0.0,4948.596395733333,4948.596395733333,0.0
T_base_6000,2025-03-20,2025-03-20,124,2025-03-20 20:40:00,2025-03-20 20:50:00,1.2226,4319.0159,0.0,4512.0344,0.0,752.0057333333332,0.0,752.0057333333332,base,base,28,,752.0057333333332,32.169749999999794,0.0,0.0,0.0,1200.0,1228.9527749999995,1200.0,919.402209573333,0.0,3.216974999999979,919.402209573333,0.0,919.402209573333,0.0
T_base_6000,2025-03-20,2025-03-20,125,2025-03-20 20:50:00,2025-03-20 21:00:00,0.9332,4257.25,0.0,4484.87,0.0,747.4783333333332,0.0,747.4783333333332,base,base,28,,747.4783333333332,37.93666666666661,0.0,0.0,0.0,1228.9527749999995,1263.0957749999998,1200.0,697.5467806666666,0.0,3.79366666666666,697.5467806666666,0.0,697.5467806666666,0.0
T_base_6000,2025-03-20,2025-03-20,126,2025-03-20 21:00:00,2025-03-20 21:10:00,0.9068,4290.2681,0.0,4273.0646,0.0,712.1774333333333,0.0,712.1774333333333,base,base,28,,712.1774333333333,0.0,2.8672500000000127,0.0,0.0,1263.0957749999998,1259.9099416666663,1200.0,645.8024965466667,0.0,0.3185833333333349,645.8024965466667,0.0,645.8024965466667,0.0
T_base_6000,2025-03-20,2025-03-20,127,2025-03-20 21:10:00,2025-03-20 21:20:00,0.9371,4418.7036,0.0,4239.7897,0.0,706.6316166666667,0.0,706.6316166666667,base,base,28,,706.6316166666667,0.0,29.81898333333322,0.0,0.0,1259.9099416666663,1226.7777379629626,1200.0,662.1844879783333,0.0,3.3132203703703595,662.1844879783333,0.0,662.1844879783333,0.0
T_base_6000,2025-03-20,2025-03-20,128,2025-03-20 21:20:00,2025-03-20 21:30:00,0.9371,4553.6,0.0,4406.58,0.0,734.43,0.0,734.43,base,base,28,,734.43,0.0,24.099964166666386,0.403369166667062,0.0,1226.7777379629626,1200.0,1200.0,688.2343529999999,1.889986230418519,2.6777737962962664,688.2343529999999,1.889986230418519,690.1243392304185,0.0
T_base_6000,2025-03-20,2025-03-20,129,2025-03-20 21:30:00,2025-03-20 21:40:00,0.9871,4526.2528,0.0,4390.6494,0.0,731.7749,0.0,731.7749,base,base,28,,731.7749,0.0,0.0,22.600566666666623,0.0,1200.0,1200.0,1200.0,722.33500379,111.54509678333312,0.0,722.33500379,111.54509678333312,833.880100573333,0.0
T_base_6000,2025-03-20,2025-03-20,130,2025-03-20 21:40:00,2025-03-20 21:50:00,0.7764,4001.6252,0.0,3913.3811,0.0,652.2301833333333,0.0,652.2301833333333,base,base,28,,652.2301833333333,0.0,0.0,14.707349999999906,0.0,1200.0,1200.0,1200.0,506.39151434,57.093932699999634,0.0,506.39151434,57.09393269999963,563.4854470399996,0.0
T_base_6000,2025-03-20,2025-03-20,131,2025-03-20 21:50:00,2025-03-20 22:00:00,0.4209,3318.94,0.0,3346.61,0.0,557.7683333333333,0.0,557.7683333333333,base,base,28,,1391.1016666666665,833.3333333333333,0.0,0.0,4.611666666666565,1200.0,1950.0,1950.0,585.5146914999999,0.0,83.3333333333333,585.5146914999999,0.0,585.5146914999999,0.0
T_base_6000,2025-03-20,2025-03-20,132,2025-03-20 22:00:00,2025-03-20 22:10:00,0.3859,3233.4088,0.0,3373.0005,0.0,562.16675,0.0,562.16675,base,base,28,,1395.5000833333334,833.3333333333333,0.0,0.0,23.2652833333334,1950.0,2700.0,2700.0,538.5234821583334,0.0,83.3333333333333,538.5234821583334,0.0,538.5234821583334,0.0
T_base_6000,2025-03-20,2025-03-20,133,2025-03-20 22:10:00,2025-03-20 22:20:00,0.4368,3319.971,0.0,3465.5966,0.0,577.5994333333333,0.0,577.5994333333333,base,base,28,,577.5994333333333,24.270933333333343,0.0,0.0,0.0,2700.0,2721.84384,2700.0,252.29543248,0.0,2.4270933333333335,252.29543248,0.0,252.29543248,0.0
T_base_6000,2025-03-20,2025-03-20,134,2025-03-20 22:20:00,2025-03-20 22:30:00,0.4198,3255.84,0.0,3381.63,0.0,563.605,0.0,563.605,base,base,28,,1396.9383333333333,833.3333333333333,0.0,0.0,20.965000000000032,2721.84384,3471.84384,3450.0,586.4347123333333,0.0,83.3333333333333,586.4347123333333,0.0,586.4347123333333,0.0
T_base_6000,2025-03-20,2025-03-20,135,2025-03-20 22:30:00,2025-03-20 22:40:00,0.4186,3144.1326,0.0,3375.153,0.0,562.5255,0.0,562.5255,base,base,28,,1395.8588333333332,833.3333333333333,0.0,0.0,38.503400000000056,3471.84384,4221.84384,4200.0,584.3065076333334,0.0,83.3333333333333,584.3065076333334,0.0,584.3065076333334,0.0
T_base_6000,2025-03-20,2025-03-20,136,2025-03-20 22:40:00,2025-03-20 22:50:00,0.4241,3161.8174,0.0,3326.3207,0.0,554.3867833333334,0.0,554.3867833333334,base,base,28,,554.3867833333334,27.41721666666672,0.0,0.0,0.0,4221.84384,4246.519335,4200.0,235.11543481166663,0.0,2.7417216666666717,235.11543481166666,0.0,235.11543481166666,0.0
T_base_6000,2025-03-20,2025-03-20,137,2025-03-20 22:50:00,2025-03-20 23:00:00,0.4237,3296.4,0.0,3298.16,0.0,549.6933333333333,0.0,549.6933333333333,base,base,28,,1383.0266666666666,833.3333333333333,0.0,0.0,0.2933333333334076,4246.519335,4996.519335,4950.0,585.9883986666667,0.0,83.3333333333333,585.9883986666667,0.0,585.9883986666667,0.0
T_base_6000,2025-03-20,2025-03-20,138,2025-03-20 23:00:00,2025-03-20 23:10:00,0.4248,3356.4081,0.0,3488.4212,0.0,581.4035333333334,0.0,581.4035333333334,base,base,28,,581.4035333333334,22.00218333333339,0.0,0.0,0.0,4996.519335,5016.3213,4950.0,246.98022096000005,0.0,2.2002183333333387,246.98022096000003,0.0,246.98022096000003,0.0
T_base_6000,2025-03-20,2025-03-20,139,2025-03-20 23:10:00,2025-03-20 23:20:00,0.424,3261.7676,0.0,3525.4193,0.0,587.5698833333333,0.0,587.5698833333333,base,base,28,,920.9032166666666,377.2752833333333,0.0,0.0,0.0,5016.3213,5355.869054999999,5250.0,390.4629638666666,0.0,37.72752833333332,390.4629638666666,0.0,390.4629638666666,0.0
T_base_6000,2025-03-20,2025-03-20,140,2025-03-20 23:20:00,2025-03-20 23:30:00,0.422,3267.73,0.0,3418.47,0.0,569.7449999999999,0.0,569.7449999999999,base,base,28,,1403.0783333333331,833.3333333333333,0.0,0.0,25.12333333333322,5355.869054999999,6105.869054999999,6000.0,592.0990566666666,0.0,83.3333333333333,592.0990566666666,0.0,592.0990566666666,0.0
T_base_6000,2025-03-20,2025-03-20,141,2025-03-20 23:30:00,2025-03-20 23:40:00,0.424,3604.076,0.0,3469.7557,0.0,578.2926166666666,0.0,578.2926166666666,base,base,28,,578.2926166666666,0.0,22.386716666666644,0.0,0.0,6105.869054999999,6080.99492537037,6000.0,245.19606946666664,0.0,2.4874129629629613,245.19606946666664,0.0,245.19606946666664,0.0
T_base_6000,2025-03-20,2025-03-20,142,2025-03-20 23:40:00,2025-03-20 23:50:00,0.4271,3245.8691,0.0,3090.0777,0.0,515.0129499999999,0.0,515.0129499999999,base,base,28,,515.0129499999999,0.0,25.965233333333344,0.0,0.0,6080.99492537037,6052.14466611111,6000.0,219.96203094499995,0.0,2.8850259259259285,219.96203094499995,0.0,219.96203094499995,0.0
T_base_6000,2025-03-20,2025-03-20,143,2025-03-20 23:50:00,2025-03-21 00:00:00,0.4276,2401.0,0.0,2440.31,0.0,406.7183333333333,0.0,406.7183333333333,base,base,28,,406.7183333333333,6.5516666666666765,0.0,0.0,0.0,6052.14466611111,6058.04116611111,6000.0,173.91275933333333,0.0,0.6551666666666675,173.91275933333333,0.0,173.91275933333333,0.0
T_base_6000,2025-06-21,2025-06-21,0,2025-06-21 00:00:00,2025-06-21 00:10:00,0.4248,3087.9838,0.0,3292.2207,0.0,548.70345,0.0,548.70345,base,base,28,,548.70345,34.03948333333335,0.0,0.0,0.0,6002.971511481484,6033.607046481485,6002.971511481484,233.08922556,0.0,3.4039483333333345,233.08922556,0.0,233.08922556,0.0
T_base_6000,2025-06-21,2025-06-21,1,2025-06-21 00:10:00,2025-06-21 00:20:00,0.4245,3200.0919,0.0,3247.762,0.0,541.2936666666667,0.0,541.2936666666667,base,base,28,,541.2936666666667,7.945016666666788,0.0,0.0,0.0,6033.607046481485,6040.757561481485,6002.971511481484,229.7791615,0.0,0.7945016666666787,229.77916150000001,0.0,229.77916150000001,0.0
T_base_6000,2025-06-21,2025-06-21,2,2025-06-21 00:20:00,2025-06-21 00:30:00,0.4269,3401.46,0.0,3135.42,0.0,522.5699999999999,0.0,522.5699999999999,base,base,28,,522.5699999999999,0.0,44.34000000000003,0.0,0.0,6040.757561481485,5991.490894814819,6002.971511481484,223.085133,0.0,4.926666666666672,223.08513299999998,0.0,223.08513299999998,0.0
T_base_6000,2025-06-21,2025-06-21,3,2025-06-21 00:30:00,2025-06-21 00:40:00,0.4272,3063.5261,0.0,3144.8943,0.0,524.14905,0.0,524.14905,base,base,28,,524.14905,13.561366666666686,0.0,0.0,0.0,5991.490894814819,6003.696124814818,6002.971511481484,223.91647416,0.0,1.3561366666666683,223.91647416,0.0,223.91647416,0.0
T_base_6000,2025-06-21,2025-06-21,4,2025-06-21 00:40:00,2025-06-21 00:50:00,0.4271,2820.2572,0.0,3189.3566,0.0,531.5594333333333,0.0,531.5594333333333,base,base,28,,531.5594333333333,61.51656666666668,0.0,0.0,0.0,6003.696124814818,6059.061034814818,6002.971511481484,227.02903397666665,0.0,6.151656666666666,227.02903397666665,0.0,227.02903397666665,0.0
T_base_6000,2025-06-21,2025-06-21,5,2025-06-21 00:50:00,2025-06-21 01:00:00,0.4285,2883.38,0.0,3191.86,0.0,531.9766666666667,0.0,531.9766666666667,base,base,28,,531.9766666666667,51.41333333333336,0.0,0.0,0.0,6059.061034814818,6105.333034814818,6002.971511481484,227.95200166666663,0.0,5.1413333333333355,227.95200166666666,0.0,227.95200166666666,0.0
T_base_6000,2025-06-21,2025-06-21,6,2025-06-21 01:00:00,2025-06-21 01:10:00,0.4311,2869.9796,0.0,3141.3129,0.0,523.55215,0.0,523.55215,base,base,28,,523.55215,45.22221666666667,0.0,0.0,0.0,6105.333034814818,6146.033029814818,6002.971511481484,225.703331865,0.0,4.522221666666666,225.703331865,0.0,225.703331865,0.0
T_base_6000,2025-06-21,2025-06-21,7,2025-06-21 01:10:00,2025-06-21 01:20:00,0.4302,2985.8287,0.0,2978.2906,0.0,496.3817666666666,0.0,496.3817666666666,base,base,28,,496.3817666666666,0.0,1.2563499999999976,0.0,0.0,6146.033029814818,6144.637085370374,6002.971511481484,213.54343602,0.0,0.13959444444444424,213.54343601999997,0.0,213.54343601999997,0.0
T_base_6000,2025-06-21,2025-06-21,8,2025-06-21 01:20:00,2025-06-21 01:30:00,0.4279,3164.18,0.0,2859.96,0.0,476.66,0.0,476.66,base,base,28,,476.66,0.0,50.70333333333326,0.0,0.0,6144.637085370374,6088.300048333337,6002.971511481484,203.962814,0.0,5.6337037037036986,203.962814,0.0,203.962814,0.0
T_base_6000,2025-06-21,2025-06-21,9,2025-06-21 01:30:00,2025-06-21 01:40:00,0.4312,3064.8457,0.0,2991.4169,0.0,498.5694833333333,0.0,498.5694833333333,base,base,28,,498.5694833333333,0.0,12.23813333333328,0.0,0.0,6088.300048333337,6074.702122407412,6002.971511481484,214.98316121333332,0.0,1.3597925925925873,214.98316121333335,0.0,214.98316121333335,0.0
T_base_6000,2025-06-21,2025-06-21,10,2025-06-21 01:40:00,2025-06-21 01:50:00,0.4333,2954.0459,0.0,2886.449,0.0,481.0748333333333,0.0,481.0748333333333,base,base,28,,481.0748333333333,0.0,11.266149999999982,0.0,0.0,6074.702122407412,6062.184177962967,6002.971511481484,208.44972528333332,0.0,1.251794444444443,208.44972528333332,0.0,208.44972528333332,0.0
T_base_6000,2025-06-21,2025-06-21,11,2025-06-21 01:50:00,2025-06-21 02:00:00,0.4311,2994.62,0.0,2684.58,0.0,447.43,0.0,447.43,base,base,28,,447.43,0.0,51.67333333333335,0.0,0.0,6062.184177962967,6004.769363148152,6002.971511481484,192.887073,0.0,5.741481481481486,192.887073,0.0,192.887073,0.0
T_base_6000,2025-06-21,2025-06-21,12,2025-06-21 02:00:00,2025-06-21 02:10:00,0.4293,3072.4014,0.0,2981.874,0.0,496.9789999999999,0.0,496.9789999999999,base,base,28,,496.9789999999999,0.0,15.087900000000104,0.0,0.0,6004.769363148152,5988.005029814818,6002.971511481484,213.3530847,0.0,1.6764333333333457,213.35308469999998,0.0,213.35308469999998,0.0
T_base_6000,2025-06-21,2025-06-21,13,2025-06-21 02:10:00,2025-06-21 02:20:00,0.4324,3013.1015,0.0,3040.3061,0.0,506.7176833333333,0.0,506.7176833333333,base,base,28,,506.7176833333333,4.534099999999967,0.0,0.0,0.0,5988.005029814818,5992.085719814818,6002.971511481484,219.1047262733333,0.0,0.4534099999999966,219.1047262733333,0.0,219.1047262733333,0.0
T_base_6000,2025-06-21,2025-06-21,14,2025-06-21 02:20:00,2025-06-21 02:30:00,0.4367,2838.75,0.0,2782.61,0.0,463.7683333333333,0.0,463.7683333333333,base,base,28,,463.7683333333333,0.0,9.356666666666683,0.0,0.0,5992.085719814818,5981.689423518522,6002.971511481484,202.52763116666665,0.0,1.039629629629632,202.52763116666665,0.0,202.52763116666665,0.0
T_base_6000,2025-06-21,2025-06-21,15,2025-06-21 02:30:00,2025-06-21 02:40:00,0.4348,2749.9199,0.0,2861.4034,0.0,476.9005666666667,0.0,476.9005666666667,base,base,28,,476.9005666666667,18.58058333333338,0.0,0.0,0.0,5981.689423518522,5998.411948518522,6002.971511481484,207.35636638666668,0.0,1.8580583333333376,207.35636638666668,0.0,207.35636638666668,0.0
T_base_6000,2025-06-21,2025-06-21,16,2025-06-21 02:40:00,2025-06-21 02:50:00,0.4335,2820.5847,0.0,2863.2888,0.0,477.2148,0.0,477.2148,base,base,28,,477.2148,7.117349999999988,0.0,0.0,0.0,5998.411948518522,6004.817563518522,6002.971511481484,206.8726158,0.0,0.7117349999999986,206.8726158,0.0,206.8726158,0.0
T_base_6000,2025-06-21,2025-06-21,17,2025-06-21 02:50:00,2025-06-21 03:00:00,0.4357,2936.24,0.0,2706.74,0.0,451.1233333333333,0.0,451.1233333333333,base,base,28,,451.1233333333333,0.0,38.25,0.0,0.0,6004.817563518522,5962.317563518522,6002.971511481484,196.55443633333329,0.0,4.250000000000002,196.55443633333329,0.0,196.55443633333329,0.0
T_base_6000,2025-06-21,2025-06-21,18,2025-06-21 03:00:00,2025-06-21 03:10:00,0.4374,2920.1894,0.0012,2767.5101,0.0016,461.2514166666666,0.0,461.2514166666666,base,base,28,,461.2514166666666,0.0,25.446616666666728,0.0,0.0,5962.317563518522,5934.043545000003,6002.971511481484,201.75136965,0.0,2.8274018518518598,201.75136965,0.0,201.75136965,0.0
T_base_6000,2025-06-21,2025-06-21,19,2025-06-21 03:10:00,2025-06-21 03:20:00,0.4371,2951.0328,0.0,2826.5835,0.0,471.09725,0.0,471.09725,base,base,28,,471.09725,0.0,20.74154999999996,0.0,0.0,5934.043545000003,5910.997378333336,6002.971511481484,205.916607975,0.0,2.3046166666666634,205.91660797499998,0.0,205.91660797499998,0.0
T_base_6000,2025-06-21,2025-06-21,20,2025-06-21 03:20:00,2025-06-21 03:30:00,0.4356,2977.51,0.0,2821.38,0.0,470.23,0.0,470.23,base,base,28,,470.23,0.0,26.021666666666647,0.0,0.0,5910.997378333336,5882.084415370373,6002.971511481484,204.832188,0.0,2.8912962962962956,204.832188,0.0,204.832188,0.0
T_base_6000,2025-06-21,2025-06-21,21,2025-06-21 03:30:00,2025-06-21 03:40:00,0.4353,2780.298,0.0162,2923.502,0.0221,487.24664999999993,0.0,487.24664999999993,base,base,28,,487.24664999999993,23.86635000000001,0.0,0.0,0.0,5882.084415370373,5903.564130370373,6002.971511481484,212.098466745,0.0,2.3866350000000005,212.09846674499997,0.0,212.09846674499997,0.0
T_base_6000,2025-06-21,2025-06-21,22,2025-06-21 03:40:00,2025-06-21 03:50:00,0.436,2728.3059,0.0,2996.6877,0.0,499.44795,0.0,499.44795,base,base,28,,499.44795,44.73030000000006,0.0,0.0,0.0,5903.564130370373,5943.821400370373,6002.971511481484,217.7593062,0.0,4.473030000000005,217.7593062,0.0,217.7593062,0.0
T_base_6000,2025-06-21,2025-06-21,23,2025-06-21 03:50:00,2025-06-21 04:00:00,0.4378,2862.19,0.0,2885.8,0.0,480.9666666666667,0.0,480.9666666666667,base,base,28,,248.81202299999583,0.0,228.2196436666708,0.0,0.0,5943.821400370373,5690.244018518517,5745.021907407406,108.9299036693982,0.0,25.357738185185656,108.92990366939819,0.0,108.92990366939819,0.0
T_base_6000,2025-06-21,2025-06-21,24,2025-06-21 04:00:00,2025-06-21 04:10:00,0.4401,2845.9182,0.2263,2608.6737,0.3079,434.7276333333333,0.0,434.7276333333333,base,base,28,,0.0,0.0,474.28198333333336,0.0,0.0,5690.244018518517,5163.264037037035,5261.991203703702,0.0,0.0,52.69799814814817,0.0,0.0,0.0,0.0
T_base_6000,2025-06-21,2025-06-21,25,2025-06-21 04:10:00,2025-06-21 04:20:00,0.4389,2748.951,0.0,2602.2534,0.0,433.7089,0.0,433.7089,base,base,28,,0.0,0.0,458.1585,0.0,0.0,5163.264037037035,4654.199037037036,4780.0924259259245,0.0,0.0,50.90650000000002,0.0,0.0,0.0,0.0
T_base_6000,2025-06-21,2025-06-21,26,2025-06-21 04:20:00,2025-06-21 04:30:00,0.4364,2677.31,0.0,2799.89,0.0,466.6483333333333,0.0,466.6483333333333,base,base,28,,466.6483333333333,20.430000000000007,0.0,0.0,0.0,4654.199037037036,4672.586037037036,4780.0924259259245,203.64533266666663,0.0,2.043,203.64533266666666,0.0,203.64533266666666,0.0
T_base_6000,2025-06-21,2025-06-21,27,2025-06-21 04:30:00,2025-06-21 04:40:00,0.4393,2660.8713,3.1516,2720.8463,4.2881,452.7597,0.0,452.7597,base,base,28,,0.0,0.0,442.9532833333333,0.0,0.0,4672.586037037036,4180.415722222221,4277.026092592591,0.0,0.0,49.2170314814815,0.0,0.0,0.0,0.0
T_base_6000,2025-06-21,2025-06-21,28,2025-06-21 04:40:00,2025-06-21 04:50:00,0.4422,2702.3205,0.0,2641.2198,0.0,440.2033,0.0,440.2033,base,base,28,,0.0,0.0,450.38675,0.0,0.0,4180.415722222221,3679.985999999999,3787.911314814814,0.0,0.0,50.04297222222225,0.0,0.0,0.0,0.0
T_base_6000,2025-06-21,2025-06-21,29,2025-06-21 04:50:00,2025-06-21 05:00:00,0.4395,2732.32,7.275,2632.74,8.7375,437.3337499999999,0.0,437.3337499999999,base,base,28,,0.0,0.0,454.1741666666667,0.0,0.0,3679.985999999999,3175.348037037036,3301.9849259259254,0.0,0.0,50.46379629629632,0.0,0.0,0.0,0.0
T_base_6000,2025-06-21,2025-06-21,30,2025-06-21 05:00:00,2025-06-21 05:10:00,0.4333,2664.7178,116.7655,2502.539,152.8995,391.6065833333333,0.0,391.6065833333333,base,base,28,,391.6065833333333,0.0,33.0521333333333,0.0,0.0,3175.348037037036,3138.6234444444435,3301.9849259259254,169.68313255833334,0.0,3.6724592592592575,169.6831325583333,0.0,169.6831325583333,0.0
T_base_6000,2025-06-21,2025-06-21,31,2025-06-21 05:10:00,2025-06-21 05:20:00,0.4439,2606.871,263.9703,2578.8036,339.8186,373.1641666666667,0.0,373.1641666666667,base,base,28,,0.0,0.0,390.48345,0.0,0.0,3138.6234444444435,2704.7529444444435,2887.3580740740736,0.0,0.0,43.387050000000016,0.0,0.0,0.0,0.0
T_base_6000,2025-06-21,2025-06-21,32,2025-06-21 05:20:00,2025-06-21 05:30:00,0.4301,2642.15,417.075,2833.56,525.2625,384.71625,0.0,384.71625,base,base,28,,384.71625,13.870416666666586,0.0,0.0,0.0,2704.7529444444435,2717.236319444444,2887.3580740740736,165.46645912499997,0.0,1.3870416666666583,165.466459125,0.0,165.466459125,0.0
T_base_6000,2025-06-21,2025-06-21,33,2025-06-21 05:30:00,2025-06-21 05:40:00,0.3713,2745.0641,587.5961,2871.5102,736.5288,355.8302333333333,0.0,355.8302333333333,base,base,28,,355.8302333333333,0.0,3.747766666666621,0.0,0.0,2717.236319444444,2713.0721342592583,2887.3580740740736,132.11976563666667,0.0,0.41641851851851364,132.11976563666667,0.0,132.11976563666667,0.0
T_base_6000,2025-06-21,2025-06-21,34,2025-06-21 05:40:00,2025-06-21 05:50:00,0.5708,2758.042,735.8325,2789.4328,959.2791,305.0256166666667,0.0,305.0256166666667,base,base,28,,0.0,0.0,337.0349166666666,0.0,0.0,2713.0721342592583,2338.5888935185176,2548.4407222222217,0.0,0.0,37.44832407407409,0.0,0.0,0.0,0.0
T_base_6000,2025-06-21,2025-06-21,35,2025-06-21 05:50:00,2025-06-21 06:00:00,0.9099,2741.64,890.7,2768.88,1180.05,264.805,0.0,264.805,base,base,28,,0.0,0.0,308.48999999999995,0.0,0.0,2338.5888935185176,1995.822226851851,2254.212944444444,0.0,0.0,34.27666666666668,0.0,0.0,0.0,0.0
T_base_6000,2025-06-21,2025-06-21,36,2025-06-21 06:00:00,2025-06-21 06:10:00,0.9368,2888.7304,1136.9554,2863.8437,1397.0577,244.4643333333333,0.0,244.4643333333333,base,base,28,,0.0,0.0,291.9625,0.0,0.0,1995.822226851851,1671.419449074073,1982.5859074074071,0.0,0.0,32.44027777777779,0.0,0.0,0.0,0.0
T_base_6000,2025-06-21,2025-06-21,37,2025-06-21 06:10:00,2025-06-21 06:20:00,0.8758,2932.231,1453.4028,2808.6146,1606.6151,200.33325,0.0,200.33325,base,base,28,,0.0,0.0,246.47136666666668,0.0,0.0,1671.419449074073,1397.562374999999,1759.9934074074072,0.0,0.0,27.38570740740742,0.0,0.0,0.0,0.0
T_base_6000,2025-06-21,2025-06-21,38,2025-06-21 06:20:00,2025-06-21 06:30:00,0.8759,2764.02,1765.9125,2621.69,1807.2,135.7483333333333,0.0,135.7483333333333,base,base,28,,0.0,0.0,166.35125,0.0,0.0,1397.562374999999,1212.727652777777,1609.1619259259255,0.0,0.0,18.48347222222223,0.0,0.0,0.0,0.0
T_base_6000,2025-06-21,2025-06-21,39,2025-06-21 06:30:00,2025-06-21 06:40:00,0.8601,2606.6137,2022.3026,2617.437,2000.3548,102.8470333333333,0.0,102.8470333333333,base,base,28,,0.0,0.0,11.454887499999243,85.93029583333407,0.0,1212.727652777777,1200.0,1494.8874444444443,0.0,369.5432372312532,1.2727652777776943,0.0,369.54323723125316,369.54323723125316,369.54323723125316
T_base_6000,2025-06-21,2025-06-21,40,2025-06-21 06:40:00,2025-06-21 06:50:00,0.8442,2867.7649,2350.4923,2834.3885,2192.9589,106.90493333333332,0.0,106.90493333333332,base,base,28,,0.0,0.0,0.0,86.21210000000004,0.0,1200.0,1200.0,1376.104185185185,0.0,363.90127410000014,0.0,0.0,363.90127410000014,363.90127410000014,363.90127410000014
T_base_6000,2025-06-21,2025-06-21,41,2025-06-21 06:50:00,2025-06-21 07:00:00,0.8334,3304.27,2699.25,3131.11,2488.1625,107.1579166666667,0.0,107.1579166666667,base,base,28,,0.0,0.0,0.0,100.83666666666666,0.0,1200.0,1200.0,1257.0398333333333,0.0,420.18639,0.0,0.0,420.18638999999996,420.18638999999996,420.18638999999996
T_base_6000,2025-06-21,2025-06-21,42,2025-06-21 07:00:00,2025-06-21 07:10:00,0.8092,3254.3169,2874.6231,3294.7013,2986.6862,51.33585000000001,0.0,51.33585000000001,base,base,28,,0.0,0.0,0.0,63.2823,0.0,1200.0,1200.0,1200.0,0.0,256.0401858,0.0,0.0,256.0401858,256.0401858,256.0401858
T_base_6000,2025-06-21,2025-06-21,43,2025-06-21 07:10:00,2025-06-21 07:20:00,0.7972,3137.5948,3006.0287,3261.0929,3412.6444,-25.258583333333338,0.0,-25.258583333333338,base,base,28,,0.0,0.0,0.0,21.92768333333333,0.0,1200.0,1200.0,1200.0,0.0,87.40374576666667,0.0,0.0,87.40374576666666,87.40374576666666,87.40374576666666
T_base_6000,2025-06-21,2025-06-21,44,2025-06-21 07:20:00,2025-06-21 07:30:00,0.7644,3174.85,3224.8875,3155.75,3690.2625,-89.08541666666663,0.0,-89.08541666666663,base,base,28,,0.0,8.339583333333318,0.0,0.0,0.0,1200.0,1207.505625,1200.0,0.0,0.0,0.8339583333333316,0.0,0.0,0.0,0.0
T_base_6000,2025-06-21,2025-06-21,45,2025-06-21 07:30:00,2025-06-21 07:40:00,0.6899,3159.7263,3537.527,3173.0118,3974.9372,-133.65423333333325,0.0,-133.65423333333325,base,base,28,,0.0,62.96678333333337,0.0,0.0,0.0,1207.505625,1264.17573,1200.0,0.0,0.0,6.296678333333335,0.0,0.0,0.0,0.0
T_base_6000,2025-06-21,2025-06-21,46,2025-06-21 07:40:00,2025-06-21 07:50:00,0.86,3087.5763,3785.3986,3186.3298,4172.0564,-164.28776666666673,0.0,-164.28776666666673,base,base,28,,0.0,116.30371666666665,0.0,0.0,0.0,1264.17573,1368.849075,1200.0,0.0,0.0,11.630371666666662,0.0,0.0,0.0,0.0
T_base_6000,2025-06-21,2025-06-21,47,2025-06-21 07:50:00,2025-06-21 08:00:00,1.1617,3062.36,4003.425,3174.31,4269.825,-182.5858333333333,0.0,-182.5858333333333,base,base,28,,0.0,156.84416666666667,0.0,0.0,0.0,1368.849075,1510.008825,1200.0,0.0,0.0,15.684416666666664,0.0,0.0,0.0,0.0
T_base_6000,2025-06-21,2025-06-21,48,2025-06-21 08:00:00,2025-06-21 08:10:00,1.1683,3162.0197,4334.7324,3235.6404,4385.3882,-191.62463333333332,0.0,-191.62463333333332,base,base,28,,0.0,195.45211666666663,0.0,0.0,0.0,1510.008825,1685.91573,1200.0,0.0,0.0,19.54521166666666,0.0,0.0,0.0,0.0
T_base_6000,2025-06-21,2025-06-21,49,2025-06-21 08:10:00,2025-06-21 08:20:00,1.0956,3160.9922,4441.8035,3211.7119,4557.504,-224.29868333333332,0.0,-224.29868333333332,base,base,28,,0.0,213.46855,0.0,0.0,0.0,1685.91573,1878.037425,1200.0,0.0,0.0,21.346854999999994,0.0,0.0,0.0,0.0
T_base_6000,2025-06-21,2025-06-21,50,2025-06-21 08:20:00,2025-06-21 08:30:00,1.0849,3037.59,4358.7,3117.03,4806.1125,-281.51375,0.0,-281.51375,base,base,28,,0.0,220.18499999999997,0.0,0.0,0.0,1878.037425,2076.203925,1200.0,0.0,0.0,22.018499999999992,0.0,0.0,0.0,0.0
T_base_6000,2025-06-21,2025-06-21,51,2025-06-21 08:30:00,2025-06-21 08:40:00,1.061,3030.9974,4479.895,3160.411,5092.0224,-321.93523333333326,0.0,-321.93523333333326,base,base,28,,0.0,241.48293333333336,0.0,0.0,0.0,2076.203925,2293.538565,1200.0,0.0,0.0,24.14829333333333,0.0,0.0,0.0,0.0
T_base_6000,2025-06-21,2025-06-21,52,2025-06-21 08:40:00,2025-06-21 08:50:00,1.043,3289.939,4668.5166,3366.9129,5152.4772,-297.59405000000004,0.0,-297.59405000000004,base,base,28,,0.0,229.7629333333333,0.0,0.0,0.0,2293.538565,2500.325205,1200.0,0.0,0.0,22.976293333333327,0.0,0.0,0.0,0.0
T_base_6000,2025-06-21,2025-06-21,53,2025-06-21 08:50:00,2025-06-21 09:00:00,1.036,3650.62,4746.075,3644.16,5183.1,-256.49000000000007,0.0,-256.49000000000007,base,base,28,,0.0,182.5758333333333,0.0,0.0,0.0,2500.325205,2664.6434549999994,1200.0,0.0,0.0,18.257583333333326,0.0,0.0,0.0,0.0
T_base_6000,2025-06-21,2025-06-21,54,2025-06-21 09:00:00,2025-06-21 09:10:00,1.0147,3785.9011,4746.9534,3852.5107,5602.4247,-291.6523333333333,0.0,-291.6523333333333,base,base,28,,0.0,160.17538333333337,0.0,0.0,0.0,2664.6434549999994,2808.8013,1200.0,0.0,0.0,16.017538333333334,0.0,0.0,0.0,0.0
T_base_6000,2025-06-21,2025-06-21,55,2025-06-21 09:10:00,2025-06-21 09:20:00,0.9922,3849.6183,5139.4381,3939.4047,5705.744,-294.3898833333333,0.0,-294.3898833333333,base,base,28,,0.0,214.9699666666667,0.0,0.0,0.0,2808.8013,3002.27427,1200.0,0.0,0.0,21.496996666666664,0.0,0.0,0.0,0.0
T_base_6000,2025-06-21,2025-06-21,56,2025-06-21 09:20:00,2025-06-21 09:30:00,0.97,3824.6,5794.3125,3890.66,5464.2375,-262.2629166666667,0.0,-262.2629166666667,base,base,28,,0.0,328.28541666666666,0.0,0.0,0.0,3002.27427,3297.731145,1200.0,0.0,0.0,32.82854166666666,0.0,0.0,0.0,0.0
T_base_6000,2025-06-21,2025-06-21,57,2025-06-21 09:30:00,2025-06-21 09:40:00,0.9422,3582.3586,6109.068,3743.0588,5592.3571,-308.2163833333334,0.0,-308.2163833333334,base,base,28,,0.0,421.11823333333336,0.0,0.0,0.0,3297.731145,3676.737555,1200.0,0.0,0.0,42.11182333333333,0.0,0.0,0.0,0.0
T_base_6000,2025-06-21,2025-06-21,58,2025-06-21 09:40:00,2025-06-21 09:50:00,0.9569,3687.9447,6385.1018,3668.9743,5934.8802,-377.6509833333333,0.0,-377.6509833333333,base,base,28,,0.0,449.5261833333334,0.0,0.0,0.0,3676.737555,4081.31112,1200.0,0.0,0.0,44.95261833333333,0.0,0.0,0.0,0.0
T_base_6000,2025-06-21,2025-06-21,59,2025-06-21 09:50:00,2025-06-21 10:00:00,0.9977,4000.14,6643.5375,3763.84,6259.5,-415.94333333333327,0.0,-415.94333333333327,base,base,28,,0.0,440.5662500000001,0.0,0.0,0.0,4081.31112,4477.820745,1200.0,0.0,0.0,44.056625,0.0,0.0,0.0,0.0
T_base_6000,2025-06-21,2025-06-21,60,2025-06-21 10:00:00,2025-06-21 10:10:00,0.9919,3826.1041,6589.8893,3940.9272,6487.3724,-424.4075333333333,0.0,-424.4075333333333,base,base,28,,0.0,460.6308666666666,0.0,0.0,0.0,4477.820745,4892.388525,1199.9999999999968,0.0,0.0,46.06308666666665,0.0,0.0,0.0,0.0
T_base_6000,2025-06-21,2025-06-21,61,2025-06-21 10:10:00,2025-06-21 10:20:00,0.9588,3761.4976,6695.6004,3851.4805,6558.8571,-451.2294333333333,0.0,-451.2294333333333,base,base,28,,0.0,489.0171333333333,0.0,0.0,0.0,4892.388525,5332.503945,1199.999999999993,0.0,0.0,48.90171333333332,0.0,0.0,0.0,0.0
T_base_6000,2025-06-21,2025-06-21,62,2025-06-21 10:20:00,2025-06-21 10:30:00,0.9549,3901.91,7000.9875,3627.76,6622.0125,-499.04208333333327,0.0,-499.04208333333327,base,base,28,,0.0,516.5129166666667,0.0,0.0,0.0,5332.503945,5797.36557,1199.9999999999943,0.0,0.0,51.65129166666666,0.0,0.0,0.0,0.0
T_base_6000,2025-06-21,2025-06-21,63,2025-06-21 10:30:00,2025-06-21 10:40:00,0.9839,3726.7535,7093.8409,3731.9048,6889.2348,-526.2216666666667,0.0,-526.2216666666667,base,base,28,,0.0,561.1812333333334,0.0,0.0,0.0,5797.36557,6302.42868,1199.9999999999927,0.0,0.0,56.11812333333332,0.0,0.0,0.0,0.0
T_base_6000,2025-06-21,2025-06-21,64,2025-06-21 10:40:00,2025-06-21 10:50:00,0.799,3565.5609,7243.1188,3783.4133,7030.3159,-541.1504333333332,0.0,-541.1504333333332,base,base,28,,0.0,612.9263166666667,0.0,0.0,0.0,6302.42868,6854.062365,1199.999999999995,0.0,0.0,61.29263166666666,0.0,0.0,0.0,0.0
T_base_6000,2025-06-21,2025-06-21,65,2025-06-21 10:50:00,2025-06-21 11:00:00,0.5025,3679.21,7400.1,3618.92,6992.85,-562.3216666666667,0.0,-562.3216666666667,base,base,28,,0.0,620.1483333333333,0.0,0.0,0.0,6854.062365,7412.195865,1199.999999999995,0.0,0.0,62.014833333333314,0.0,0.0,0.0,0.0
T_base_6000,2025-06-21,2025-06-21,66,2025-06-21 11:00:00,2025-06-21 11:10:00,0.4662,3945.6166,7306.5816,3481.824,7042.9006,-593.5127666666666,0.0,-593.5127666666666,base,base,28,,0.0,560.1608333333334,0.0,0.0,0.0,7412.195865,7916.340615,1288.1257950000015,0.0,0.0,56.01608333333332,0.0,0.0,0.0,0.0
T_base_6000,2025-06-21,2025-06-21,67,2025-06-21 11:10:00,2025-06-21 11:20:00,0.5007,3900.6403,7782.8954,3500.7818,7067.4755,-594.4489499999999,0.0,-594.4489499999999,base,base,28,,0.0,647.0425166666666,0.0,0.0,0.0,7916.340615,8498.67888,1823.1298500000016,0.0,0.0,64.70425166666665,0.0,0.0,0.0,0.0
T_base_6000,2025-06-21,2025-06-21,68,2025-06-21 11:20:00,2025-06-21 11:30:00,0.4827,3645.76,8490.225,3619.72,7078.8,-576.5133333333333,0.0,-576.5133333333333,base,base,28,,0.0,807.4108333333334,0.0,0.0,0.0,8498.67888,9225.34863,2341.9918500000017,0.0,0.0,80.74108333333332,0.0,0.0,0.0,0.0
T_base_6000,2025-06-21,2025-06-21,69,2025-06-21 11:30:00,2025-06-21 11:40:00,0.4785,3705.1427,8180.7164,3676.5508,7189.044,-585.4155333333333,0.0,-585.4155333333333,base,base,28,,0.0,745.9289500000001,0.0,0.0,0.0,9225.34863,9896.684685,2868.8658300000016,0.0,0.0,74.592895,0.0,0.0,0.0,0.0
T_base_6000,2025-06-21,2025-06-21,70,2025-06-21 11:40:00,2025-06-21 11:50:00,0.4662,3724.3133,7677.6706,3689.0127,7033.8841,-557.4785666666667,0.0,-557.4785666666667,base,base,28,,0.0,658.8928833333334,0.0,0.0,0.0,9896.684685,10489.68828,3370.5965400000014,0.0,0.0,65.88928833333333,0.0,0.0,0.0,0.0
T_base_6000,2025-06-21,2025-06-21,71,2025-06-21 11:50:00,2025-06-21 12:00:00,0.4432,3631.08,7665.1125,3693.53,6626.2125,-488.78041666666655,0.0,-488.78041666666655,base,base,28,,0.0,344.79079999999965,0.0,0.0,327.5479500000004,10489.68828,10800.0,3810.498915000001,0.0,0.0,34.47907999999996,0.0,0.0,0.0,0.0
T_base_6000,2025-06-21,2025-06-21,72,2025-06-21 12:00:00,2025-06-21 12:10:00,0.4411,3735.5415,8044.2631,3700.2899,6414.5524,-452.3770833333332,0.0,-452.3770833333332,base,base,28,,0.0,0.0,0.0,0.0,718.1202666666668,10800.0,10800.0,4217.638290000001,0.0,0.0,0.0,0.0,0.0,0.0,0.0
T_base_6000,2025-06-21,2025-06-21,73,2025-06-21 12:10:00,2025-06-21 12:20:00,0.4551,3852.2352,8300.9755,3725.1955,6580.7353,-475.9233,0.0,-475.9233,base,base,28,,0.0,0.0,0.0,0.0,741.4567166666667,10800.0,10800.0,4645.969260000001,0.0,0.0,0.0,0.0,0.0,0.0,0.0
T_base_6000,2025-06-21,2025-06-21,74,2025-06-21 12:20:00,2025-06-21 12:30:00,0.4463,3928.56,8383.0125,3761.52,6916.125,-525.7674999999999,0.0,-525.7674999999999,base,base,28,,0.0,0.0,0.0,0.0,742.4087500000002,10800.0,10800.0,5119.1600100000005,0.0,0.0,0.0,0.0,0.0,0.0,0.0
T_base_6000,2025-06-21,2025-06-21,75,2025-06-21 12:30:00,2025-06-21 12:40:00,0.4113,4059.9044,8605.7877,3780.9427,6997.9126,-536.1616499999999,0.0,-536.1616499999999,base,base,28,,0.0,0.0,0.0,0.0,757.6472166666668,10800.0,10800.0,5601.705495,0.0,0.0,0.0,0.0,0.0,0.0,0.0
T_base_6000,2025-06-21,2025-06-21,76,2025-06-21 12:40:00,2025-06-21 12:50:00,0.5682,3912.5928,8542.7209,3768.4578,6828.0916,-509.9389666666666,0.0,-509.9389666666666,base,base,28,,0.0,0.0,0.0,0.0,771.6880166666666,10800.0,10800.0,6060.650565,0.0,0.0,0.0,0.0,0.0,0.0,0.0
T_base_6000,2025-06-21,2025-06-21,77,2025-06-21 12:50:00,2025-06-21 13:00:00,0.8279,3688.01,8049.6,3763.37,6705.9,-490.4216666666666,0.0,-490.4216666666666,base,base,28,,0.0,0.0,0.0,0.0,726.9316666666666,10800.0,10800.0,6502.030065,0.0,0.0,0.0,0.0,0.0,0.0,0.0
T_base_6000,2025-06-21,2025-06-21,78,2025-06-21 13:00:00,2025-06-21 13:10:00,0.8636,3910.4683,7493.4162,3817.3428,6883.7552,-511.0687333333333,0.0,-511.0687333333333,base,base,28,,0.0,0.0,0.0,0.0,597.1579833333333,10800.0,10800.0,6961.991925,0.0,0.0,0.0,0.0,0.0,0.0,0.0
T_base_6000,2025-06-21,2025-06-21,79,2025-06-21 13:10:00,2025-06-21 13:20:00,0.8416,3862.6154,7354.9231,3834.9581,6717.4275,-480.41156666666666,0.0,-480.41156666666666,base,base,28,,0.0,0.0,0.0,0.0,582.0512833333332,10800.0,10800.0,7394.362335,0.0,0.0,0.0,0.0,0.0,0.0,0.0
T_base_6000,2025-06-21,2025-06-21,80,2025-06-21 13:20:00,2025-06-21 13:30:00,0.8618,3589.29,7340.8875,3827.67,6265.05,-406.23,0.0,-406.23,base,base,28,,0.0,0.0,0.0,0.0,625.2662499999999,10800.0,10800.0,7759.969335,0.0,0.0,0.0,0.0,0.0,0.0,0.0
T_base_6000,2025-06-21,2025-06-21,81,2025-06-21 13:30:00,2025-06-21 13:40:00,0.8623,3849.2221,6714.7449,3893.2639,6241.1191,-391.3092,0.0,-391.3092,base,base,28,,0.0,0.0,0.0,0.0,477.58713333333327,10800.0,10800.0,8112.147615,0.0,0.0,0.0,0.0,0.0,0.0,0.0
T_base_6000,2025-06-21,2025-06-21,82,2025-06-21 13:40:00,2025-06-21 13:50:00,0.9026,3978.2382,6127.755,3906.2985,6290.4161,-397.3529333333334,0.0,-397.3529333333334,base,base,28,,0.0,0.0,0.0,0.0,358.25280000000004,10800.0,10800.0,8469.765255,0.0,0.0,0.0,0.0,0.0,0.0,0.0
T_base_6000,2025-06-21,2025-06-21,83,2025-06-21 13:50:00,2025-06-21 14:00:00,0.9754,3861.85,5956.2,3871.55,6216.3,-390.7916666666666,0.0,-390.7916666666666,base,base,28,,0.0,0.0,0.0,0.0,349.0583333333333,10800.0,10800.0,8821.477755,0.0,0.0,0.0,0.0,0.0,0.0,0.0
T_base_6000,2025-06-21,2025-06-21,84,2025-06-21 14:00:00,2025-06-21 14:10:00,1.0002,4047.8905,5941.7978,3911.3368,6181.434,-378.3495333333333,0.0,-378.3495333333333,base,base,28,,0.0,0.0,0.0,0.0,315.6512166666667,10800.0,10800.0,9161.992335,0.0,0.0,0.0,0.0,0.0,0.0,0.0
T_base_6000,2025-06-21,2025-06-21,85,2025-06-21 14:10:00,2025-06-21 14:20:00,0.9978,4095.2281,5827.294,3878.1365,6047.9156,-361.62985,0.0,-361.62985,base,base,28,,0.0,0.0,0.0,0.0,288.67765,10800.0,10800.0,9487.4592,0.0,0.0,0.0,0.0,0.0,0.0,0.0
T_base_6000,2025-06-21,2025-06-21,86,2025-06-21 14:20:00,2025-06-21 14:30:00,1.0271,4007.39,5738.1375,3792.1,5758.5375,-327.73958333333337,0.0,-327.73958333333337,base,base,28,,0.0,0.0,0.0,0.0,288.4579166666666,10800.0,10800.0,9782.424825000002,0.0,0.0,0.0,0.0,0.0,0.0,0.0
T_base_6000,2025-06-21,2025-06-21,87,2025-06-21 14:30:00,2025-06-21 14:40:00,1.0906,4227.0513,5964.2607,3849.9288,5455.4133,-267.58075,0.0,-267.58075,base,base,28,,0.0,0.0,0.0,0.0,289.53489999999994,10800.0,10800.0,10023.2475,0.0,0.0,0.0,0.0,0.0,0.0,0.0
T_base_6000,2025-06-21,2025-06-21,88,2025-06-21 14:40:00,2025-06-21 14:50:00,0.9376,4182.4486,5979.2451,4004.3225,5412.6767,-234.7257,0.0,-234.7257,base,base,28,,0.0,0.0,0.0,0.0,299.46608333333336,10800.0,10800.0,10234.50063,0.0,0.0,0.0,0.0,0.0,0.0,0.0
T_base_6000,2025-06-21,2025-06-21,89,2025-06-21 14:50:00,2025-06-21 15:00:00,0.6694,3879.68,5680.4625,4111.94,5418.3,-217.72666666666677,0.0,-217.72666666666677,base,base,28,,0.0,0.0,0.0,0.0,300.13041666666663,10800.0,10800.0,10430.45463,0.0,0.0,0.0,0.0,0.0,0.0,0.0
T_base_6000,2025-06-21,2025-06-21,90,2025-06-21 15:00:00,2025-06-21 15:10:00,0.66,3916.2335,5457.1539,4048.532,5001.8274,-158.88256666666666,0.0,-158.88256666666666,base,base,28,,0.0,0.0,0.0,0.0,256.8200666666667,10800.0,10800.0,10573.44894,0.0,0.0,0.0,0.0,0.0,0.0,0.0
T_base_6000,2025-06-21,2025-06-21,91,2025-06-21 15:10:00,2025-06-21 15:20:00,0.7217,3924.3398,5153.0688,3899.0665,4697.3994,-133.05548333333337,0.0,-133.05548333333337,base,base,28,,0.0,0.0,0.0,0.0,204.78816666666663,10800.0,10800.0,10693.198875,0.0,0.0,0.0,0.0,0.0,0.0,0.0
T_base_6000,2025-06-21,2025-06-21,92,2025-06-21 15:20:00,2025-06-21 15:30:00,0.7308,3875.5,4811.1,3872.03,4584.0375,-118.66791666666668,0.0,-118.66791666666668,base,base,28,,0.0,0.0,0.0,0.0,155.9333333333334,10800.0,10800.0,10800.0,0.0,0.0,0.0,0.0,0.0,0.0,0.0
T_base_6000,2025-06-21,2025-06-21,93,2025-06-21 15:30:00,2025-06-21 15:40:00,0.7534,4137.0155,4680.9532,4110.3626,4217.3348,-17.828699999999873,0.0,-17.828699999999873,base,base,28,,0.0,0.0,0.0,0.0,90.65628333333323,10800.0,10800.0,10800.0,0.0,0.0,0.0,0.0,0.0,0.0,0.0
T_base_6000,2025-06-21,2025-06-21,94,2025-06-21 15:40:00,2025-06-21 15:50:00,0.7823,4317.2602,4481.2341,4232.824,3892.0797,56.79071666666664,0.0,56.79071666666664,base,base,28,,56.79071666666664,0.0,0.0,0.0,84.11969999999997,10800.0,10800.0,10800.0,44.42737764833331,0.0,0.0,44.42737764833331,0.0,44.42737764833331,0.0
T_base_6000,2025-06-21,2025-06-21,95,2025-06-21 15:50:00,2025-06-21 16:00:00,0.8055,4217.43,4055.4,4214.01,3756.6375,76.22875000000006,0.0,76.22875000000006,base,base,28,,76.22875000000006,0.0,0.0,0.0,49.22375000000003,10800.0,10800.0,10800.0,61.40225812500005,0.0,0.0,61.40225812500005,0.0,61.40225812500005,0.0
T_base_6000,2025-06-21,2025-06-21,96,2025-06-21 16:00:00,2025-06-21 16:10:00,0.8271,4034.2858,3562.8565,4333.1906,3624.4529,118.12294999999996,0.0,118.12294999999996,base,base,28,,118.12294999999996,0.0,0.0,0.0,39.55139999999992,10800.0,10800.0,10800.0,97.69949194499996,0.0,0.0,97.69949194499996,0.0,97.69949194499996,0.0
T_base_6000,2025-06-21,2025-06-21,97,2025-06-21 16:10:00,2025-06-21 16:20:00,0.8519,3980.7146,3361.4888,4174.9277,3335.8463,139.8469,0.0,139.8469,base,base,28,,139.8469,0.0,0.0,0.0,36.64260000000006,10800.0,10800.0,10800.0,119.13557411,0.0,0.0,119.13557411000001,0.0,119.13557411000001,0.0
T_base_6000,2025-06-21,2025-06-21,98,2025-06-21 16:20:00,2025-06-21 16:30:00,0.8791,4042.02,3406.575,3991.85,2977.575,169.04583333333335,0.0,169.04583333333335,base,base,28,,169.04583333333335,0.0,0.0,0.0,63.13833333333332,10800.0,10800.0,10800.0,148.60819208333334,0.0,0.0,148.60819208333334,0.0,148.60819208333334,0.0
T_base_6000,2025-06-21,2025-06-21,99,2025-06-21 16:30:00,2025-06-21 16:40:00,0.9024,3983.774,3291.2298,4411.5054,2767.3411,274.0273833333333,0.0,274.0273833333333,base,base,28,,274.0273833333333,0.0,0.0,0.0,158.60335000000003,10800.0,10800.0,10800.0,247.28231072,0.0,0.0,247.28231071999997,0.0,247.28231071999997,0.0
T_base_6000,2025-06-21,2025-06-21,100,2025-06-21 16:40:00,2025-06-21 16:50:00,0.9163,3621.8931,2964.175,4246.9867,2513.51,288.9127833333333,0.0,288.9127833333333,base,base,28,,288.9127833333333,0.0,0.0,0.0,179.29310000000007,10800.0,10800.0,10800.0,264.73078336833333,0.0,0.0,264.73078336833333,0.0,264.73078336833333,0.0
T_base_6000,2025-06-21,2025-06-21,101,2025-06-21 16:50:00,2025-06-21 17:00:00,0.9264,3240.3,2623.6125,3538.36,2166.4875,228.64541666666665,0.0,228.64541666666665,base,base,28,,228.64541666666665,0.0,0.0,0.0,125.86416666666663,10800.0,10800.0,10800.0,211.817114,0.0,0.0,211.81711399999998,0.0,211.81711399999998,0.0
T_base_6000,2025-06-21,2025-06-21,102,2025-06-21 17:00:00,2025-06-21 17:10:00,0.9462,3335.0072,2479.2426,3542.8764,1892.5968,275.0466,0.0,275.0466,base,base,28,,275.0466,0.0,0.0,0.0,132.41916666666668,10800.0,10800.0,10800.0,260.24909292,0.0,0.0,260.24909292,0.0,260.24909292,0.0
T_base_6000,2025-06-21,2025-06-21,103,2025-06-21 17:10:00,2025-06-21 17:20:00,0.9742,3462.6248,2185.8548,3659.3145,1730.908,321.4010833333333,0.0,321.4010833333333,base,base,28,,321.4010833333333,0.0,0.0,0.0,108.60608333333332,10800.0,10800.0,10800.0,313.1089353833333,0.0,0.0,313.1089353833333,0.0,313.1089353833333,0.0
T_base_6000,2025-06-21,2025-06-21,104,2025-06-21 17:20:00,2025-06-21 17:30:00,0.9862,3484.27,1750.4625,3539.76,1616.475,320.5475,0.0,320.5475,base,base,28,,320.5475,0.0,0.0,0.0,31.579583333333403,10800.0,10800.0,10800.0,316.1239445,0.0,0.0,316.1239445,0.0,316.1239445,0.0
T_base_6000,2025-06-21,2025-06-21,105,2025-06-21 17:30:00,2025-06-21 17:40:00,0.976,3649.2081,1528.3871,3489.1585,1447.3721,340.2977333333333,0.0,340.2977333333333,base,base,28,,340.2977333333333,0.0,13.172433333333288,0.0,0.0,10800.0,10785.363962962963,10800.0,332.1305877333333,0.0,1.4636037037036993,332.1305877333333,0.0,332.1305877333333,0.0
T_base_6000,2025-06-21,2025-06-21,106,2025-06-21 17:40:00,2025-06-21 17:50:00,1.0742,3604.3529,1310.4274,3482.0899,1250.3672,371.9537833333334,0.0,371.9537833333334,base,base,28,,371.9537833333334,0.0,10.367133333333244,0.0,0.0,10785.363962962963,10773.844925925929,10800.0,399.55275405666674,0.0,1.1519037037036943,399.55275405666674,0.0,399.55275405666674,0.0
T_base_6000,2025-06-21,2025-06-21,107,2025-06-21 17:50:00,2025-06-21 18:00:00,1.2313,3349.51,1034.1,3497.41,1054.575,407.13916666666665,0.0,407.13916666666665,base,base,28,,407.13916666666665,21.237499999999955,0.0,0.0,0.0,10773.844925925929,10792.958675925927,10800.0,501.3104559166667,0.0,2.123749999999995,501.3104559166667,0.0,501.3104559166667,0.0
T_base_6000,2025-06-21,2025-06-21,108,2025-06-21 18:00:00,2025-06-21 18:10:00,1.2561,3274.4828,860.3286,3573.5938,854.5608,453.1721666666667,0.0,453.1721666666667,base,base,28,,0.0,0.0,402.3590333333333,0.0,0.0,10792.958675925927,10345.893083333334,10296.47537037037,0.0,0.0,44.70655925925927,0.0,0.0,0.0,0.0
T_base_6000,2025-06-21,2025-06-21,109,2025-06-21 18:10:00,2025-06-21 18:20:00,1.2447,3297.0032,677.2547,3613.6869,631.3856,497.0502166666666,0.0,497.0502166666666,base,base,28,,497.0502166666666,60.42546666666664,0.0,0.0,0.0,10345.893083333334,10400.276003333334,10296.47537037037,618.6784046849999,0.0,6.042546666666662,618.6784046849998,0.0,618.6784046849998,0.0
T_base_6000,2025-06-21,2025-06-21,110,2025-06-21 18:20:00,2025-06-21 18:30:00,1.2545,3342.79,452.7,3620.91,416.1,534.135,0.0,534.135,base,base,28,,0.0,0.0,481.6816666666667,0.0,0.0,10400.276003333334,9865.074151481482,9702.992037037036,0.0,0.0,53.52018518518521,0.0,0.0,0.0,0.0
T_base_6000,2025-06-21,2025-06-21,111,2025-06-21 18:30:00,2025-06-21 18:40:00,1.2522,3456.8314,276.0564,3681.3967,264.4096,569.49785,0.0,569.49785,base,base,28,,332.8769333333323,0.0,197.2522333333343,0.0,0.0,9865.074151481482,9645.905003333331,9440.079907407406,416.8284959199987,0.0,21.91691481481493,416.8284959199987,0.0,416.8284959199987,0.0
T_base_6000,2025-06-21,2025-06-21,112,2025-06-21 18:40:00,2025-06-21 18:50:00,1.2881,3634.5648,121.8367,3682.0144,122.7855,593.2048166666666,0.0,593.2048166666666,base,base,28,,0.0,0.0,585.4546833333334,0.0,0.0,9645.905003333331,8995.39979962963,8780.963444444444,0.0,0.0,65.0505203703704,0.0,0.0,0.0,0.0
T_base_6000,2025-06-21,2025-06-21,113,2025-06-21 18:50:00,2025-06-21 19:00:00,1.3466,3852.72,7.7625,3671.85,6.7875,610.84375,0.0,610.84375,base,base,28,,0.0,0.0,640.82625,0.0,0.0,8995.39979962963,8283.370632962962,8102.248166666666,0.0,0.0,71.2029166666667,0.0,0.0,0.0,0.0
T_base_6000,2025-06-21,2025-06-21,114,2025-06-21 19:00:00,2025-06-21 19:10:00,1.3523,4004.9442,0.0,3806.9784,0.0,634.4964,0.0,634.4964,base,base,28,,0.0,0.0,667.4907,0.0,0.0,8283.370632962962,7541.714299629629,7397.252166666666,0.0,0.0,74.16563333333336,0.0,0.0,0.0,0.0
T_base_6000,2025-06-21,2025-06-21,115,2025-06-21 19:10:00,2025-06-21 19:20:00,1.3445,3706.7434,3.2619,3830.7687,3.5416,637.8711833333333,0.0,637.8711833333333,base,base,28,,0.0,0.0,617.2469166666666,0.0,0.0,7541.714299629629,6855.884392222221,6688.506407407407,0.0,0.0,68.58299074074077,0.0,0.0,0.0,0.0
T_base_6000,2025-06-21,2025-06-21,116,2025-06-21 19:20:00,2025-06-21 19:30:00,1.3483,3293.48,0.0,3686.48,0.0,614.4133333333333,0.0,614.4133333333333,base,base,28,,0.0,0.0,548.9133333333333,0.0,0.0,6855.884392222221,6245.980688518518,6005.8249259259255,0.0,0.0,60.99037037037039,0.0,0.0,0.0,0.0
T_base_6000,2025-06-21,2025-06-21,117,2025-06-21 19:30:00,2025-06-21 19:40:00,1.349,3492.5254,0.0,3569.6441,0.0,594.9406833333333,0.0,594.9406833333333,base,base,28,,0.0,0.0,582.0875666666666,0.0,0.0,6245.980688518518,5599.216725555555,5344.779722222222,0.0,0.0,64.67639629629632,0.0,0.0,0.0,0.0
T_base_6000,2025-06-21,2025-06-21,118,2025-06-21 19:40:00,2025-06-21 19:50:00,1.3473,3490.6667,0.2342,3471.128,0.2543,578.4789499999999,0.0,578.4789499999999,base,base,28,,0.0,0.0,581.73875,0.0,0.0,5599.216725555555,4952.840336666666,4702.025333333333,0.0,0.0,64.63763888888892,0.0,0.0,0.0,0.0
T_base_6000,2025-06-21,2025-06-21,119,2025-06-21 19:50:00,2025-06-21 20:00:00,1.3482,3189.62,0.0,3506.94,0.0,584.49,0.0,584.49,base,base,28,,0.0,0.0,531.6033333333332,0.0,0.0,4952.840336666666,4362.169966296296,4052.592,0.0,0.0,59.06703703703705,0.0,0.0,0.0,0.0
T_base_6000,2025-06-21,2025-06-21,120,2025-06-21 20:00:00,2025-06-21 20:10:00,1.3513,3348.2366,0.0,3809.9315,0.0,634.9885833333333,0.0,634.9885833333333,base,base,28,,0.0,0.0,558.0394333333334,0.0,0.0,4362.169966296296,3742.126151481481,3347.049129629629,0.0,0.0,62.00438148148151,0.0,0.0,0.0,0.0
T_base_6000,2025-06-21,2025-06-21,121,2025-06-21 20:10:00,2025-06-21 20:20:00,1.34,3725.2052,0.0168,3890.9938,0.0183,648.4959166666666,0.0,648.4959166666666,base,base,28,,0.0,0.0,620.8647333333333,0.0,0.0,3742.126151481481,3052.276447777777,2626.498111111111,0.0,0.0,68.9849703703704,0.0,0.0,0.0,0.0
T_base_6000,2025-06-21,2025-06-21,122,2025-06-21 20:20:00,2025-06-21 20:30:00,1.3489,3960.13,0.0,3770.6,0.0,628.4333333333333,0.0,628.4333333333333,base,base,28,,0.0,0.0,660.0216666666666,0.0,0.0,3052.276447777777,2318.9190403703697,1928.238851851852,0.0,0.0,73.33574074074077,0.0,0.0,0.0,0.0
T_base_6000,2025-06-21,2025-06-21,123,2025-06-21 20:30:00,2025-06-21 20:40:00,1.3952,3881.8245,0.0,3932.4898,0.0,655.4149666666666,0.0,655.4149666666666,base,base,28,,0.0,0.0,646.97075,0.0,0.0,2318.9190403703697,1600.0626514814808,1200.0,0.0,0.0,71.88563888888892,0.0,0.0,0.0,0.0
T_base_6000,2025-06-21,2025-06-21,124,2025-06-21 20:40:00,2025-06-21 20:50:00,1.2226,3513.6729,0.0012,4058.333,0.0013,676.3886166666666,0.0,676.3886166666666,base,base,28,,676.3886166666666,90.77666666666664,0.0,0.0,0.0,1600.0626514814808,1681.7616514814808,1200.0,826.9527227366666,0.0,9.077666666666662,826.9527227366666,0.0,826.9527227366666,0.0
T_base_6000,2025-06-21,2025-06-21,125,2025-06-21 20:50:00,2025-06-21 21:00:00,0.9332,3160.32,0.0,3918.77,0.0,653.1283333333333,0.0,653.1283333333333,base,base,28,,653.1283333333333,126.4083333333333,0.0,0.0,0.0,1681.7616514814808,1795.5291514814808,1200.0,609.4993606666667,0.0,12.640833333333328,609.4993606666667,0.0,609.4993606666667,0.0
T_base_6000,2025-06-21,2025-06-21,126,2025-06-21 21:00:00,2025-06-21 21:10:00,0.9068,3214.7106,0.0,3614.0096,0.0,602.3349333333333,0.0,602.3349333333333,base,base,28,,602.3349333333333,66.54983333333337,0.0,0.0,0.0,1795.5291514814808,1855.424001481481,1200.0,546.1973175466667,0.0,6.654983333333336,546.1973175466667,0.0,546.1973175466667,0.0
T_base_6000,2025-06-21,2025-06-21,127,2025-06-21 21:10:00,2025-06-21 21:20:00,0.9371,3489.1029,0.0,3370.7921,0.0,561.7986833333333,0.0,561.7986833333333,base,base,28,,561.7986833333333,0.0,19.718466666666583,0.0,0.0,1855.424001481481,1833.5145940740736,1200.0,526.4615461516667,0.0,2.190940740740732,526.4615461516667,0.0,526.4615461516667,0.0
T_base_6000,2025-06-21,2025-06-21,128,2025-06-21 21:20:00,2025-06-21 21:30:00,0.9371,3713.49,0.0,3342.58,0.0,557.0966666666666,0.0,557.0966666666666,base,base,28,,557.0966666666666,0.0,61.818333333333385,0.0,0.0,1833.5145940740736,1764.8275570370365,1200.0,522.0552863333332,0.0,6.868703703703712,522.0552863333332,0.0,522.0552863333332,0.0
T_base_6000,2025-06-21,2025-06-21,129,2025-06-21 21:30:00,2025-06-21 21:40:00,0.9871,3715.4477,0.0,3493.8805,0.0,582.3134166666666,0.0,582.3134166666666,base,base,28,,582.3134166666666,0.0,36.92786666666666,0.0,0.0,1764.8275570370365,1723.7965940740737,1200.0,574.8015735916666,0.0,4.103096296296298,574.8015735916666,0.0,574.8015735916666,0.0
T_base_6000,2025-06-21,2025-06-21,130,2025-06-21 21:40:00,2025-06-21 21:50:00,0.7764,3460.6768,0.0,3460.6218,0.0,576.7702999999999,0.0,576.7702999999999,base,base,28,,576.7702999999999,0.0,0.0091666666667151,0.0,0.0,1723.7965940740737,1723.7864088888882,1200.0,447.80446092,0.0,0.0010185185185239004,447.80446091999994,0.0,447.80446091999994,0.0
T_base_6000,2025-06-21,2025-06-21,131,2025-06-21 21:50:00,2025-06-21 22:00:00,0.4209,3169.68,0.0,3267.44,0.0,544.5733333333333,0.0,544.5733333333333,base,base,28,,1377.9066666666663,833.3333333333333,0.0,0.0,16.293333333333294,1723.7864088888882,2473.786408888888,1950.0,579.9609159999999,0.0,83.3333333333333,579.9609159999999,0.0,579.9609159999999,0.0
T_base_6000,2025-06-21,2025-06-21,132,2025-06-21 22:00:00,2025-06-21 22:10:00,0.3859,3161.2424,0.0,3261.2988,0.0,543.5498,0.0,543.5498,base,base,28,,1376.8831333333333,833.3333333333333,0.0,0.0,16.676066666666657,2473.786408888888,3223.786408888888,2700.0,531.3392011533333,0.0,83.3333333333333,531.3392011533333,0.0,531.3392011533333,0.0
T_base_6000,2025-06-21,2025-06-21,133,2025-06-21 22:10:00,2025-06-21 22:20:00,0.4368,3268.4465,0.0,3218.1699,0.0,536.3616499999999,0.0,536.3616499999999,base,base,28,,536.3616499999999,0.0,8.379433333333395,0.0,0.0,3223.786408888888,3214.4759274074067,2700.0,234.28276872,0.0,0.9310481481481554,234.28276871999998,0.0,234.28276871999998,0.0
T_base_6000,2025-06-21,2025-06-21,134,2025-06-21 22:20:00,2025-06-21 22:30:00,0.4198,3317.19,0.0,3190.19,0.0,531.6983333333333,0.0,531.6983333333333,base,base,28,,1365.0316666666663,812.1666666666665,0.0,0.0,0.0,3214.4759274074067,3945.425927407407,3450.0,573.0402936666666,0.0,81.21666666666664,573.0402936666666,0.0,573.0402936666666,0.0
T_base_6000,2025-06-21,2025-06-21,135,2025-06-21 22:30:00,2025-06-21 22:40:00,0.4186,3281.0391,0.0,3472.9639,0.0,578.8273166666667,0.0,578.8273166666667,base,base,28,,1412.1606499999998,833.3333333333333,0.0,0.0,31.98746666666659,3945.425927407407,4695.425927407407,4200.0,591.13044809,0.0,83.3333333333333,591.13044809,0.0,591.13044809,0.0
T_base_6000,2025-06-21,2025-06-21,136,2025-06-21 22:40:00,2025-06-21 22:50:00,0.4241,3250.7574,0.0,3653.9269,0.0,608.9878166666666,0.0,608.9878166666666,base,base,28,,608.9878166666666,67.1949166666667,0.0,0.0,0.0,4695.425927407407,4755.901352407406,4200.0,258.2717330483333,0.0,6.719491666666668,258.2717330483333,0.0,258.2717330483333,0.0
T_base_6000,2025-06-21,2025-06-21,137,2025-06-21 22:50:00,2025-06-21 23:00:00,0.4237,3190.39,0.0,3463.23,0.0,577.2049999999999,0.0,577.2049999999999,base,base,28,,1410.5383333333332,833.3333333333333,0.0,0.0,45.47333333333336,4755.901352407406,5505.901352407406,4950.0,597.6450918333333,0.0,83.3333333333333,597.6450918333333,0.0,597.6450918333333,0.0
T_base_6000,2025-06-21,2025-06-21,138,2025-06-21 23:00:00,2025-06-21 23:10:00,0.4248,2998.9363,0.0,3048.478,0.0,508.0796666666666,0.0,508.0796666666666,base,base,28,,508.0796666666666,8.256950000000018,0.0,0.0,0.0,5505.901352407406,5513.332607407407,4950.0,215.8322424,0.0,0.8256950000000016,215.83224239999996,0.0,215.83224239999996,0.0
T_base_6000,2025-06-21,2025-06-21,139,2025-06-21 23:10:00,2025-06-21 23:20:00,0.424,2920.9743,0.0,2905.5899,0.0,484.2649833333333,0.0,484.2649833333333,base,base,28,,484.2649833333333,0.0,2.5640666666666334,0.0,0.0,5513.332607407407,5510.483644444444,4950.0,205.3283529333333,0.0,0.2848962962962927,205.32835293333332,0.0,205.32835293333332,0.0
T_base_6000,2025-06-21,2025-06-21,140,2025-06-21 23:20:00,2025-06-21 23:30:00,0.422,2989.3,0.0,3071.94,0.0,511.99,0.0,511.99,base,base,28,,1345.3233333333333,833.3333333333333,0.0,0.0,13.773333333333312,5510.483644444444,6260.483644444444,5700.0,567.7264466666667,0.0,83.3333333333333,567.7264466666667,0.0,567.7264466666667,0.0
T_base_6000,2025-06-21,2025-06-21,141,2025-06-21 23:30:00,2025-06-21 23:40:00,0.424,3024.571,0.0,3193.2655,0.0,532.2109166666667,0.0,532.2109166666667,base,base,28,,865.5442499999999,361.4490833333333,0.0,0.0,0.0,6260.483644444444,6585.787819444444,6000.0,366.990762,0.0,36.14490833333332,366.99076199999996,0.0,366.99076199999996,0.0
T_base_6000,2025-06-21,2025-06-21,142,2025-06-21 23:40:00,2025-06-21 23:50:00,0.4271,3193.3141,0.0,3497.8213,0.0,582.9702166666666,0.0,582.9702166666666,base,base,28,,582.9702166666666,50.751199999999926,0.0,0.0,0.0,6585.787819444444,6631.463899444444,6000.0,248.9865795383333,0.0,5.075119999999991,248.9865795383333,0.0,248.9865795383333,0.0
T_base_6000,2025-06-21,2025-06-21,143,2025-06-21 23:50:00,2025-06-22 00:00:00,0.4276,3636.14,0.0,3929.38,0.0,654.8966666666666,0.0,654.8966666666666,base,base,28,,654.8966666666666,48.873333333333335,0.0,0.0,0.0,6631.463899444444,6675.449899444444,6000.0,280.0338146666667,0.0,4.887333333333332,280.0338146666667,0.0,280.0338146666667,0.0
T_base_6000,2025-09-23,2025-09-23,0,2025-09-23 00:00:00,2025-09-23 00:10:00,0.4248,3421.106,0.0,3937.1458,0.0,656.1909666666666,0.0,656.1909666666666,base,base,28,,1489.5242999999998,833.3333333333333,0.0,0.0,86.00663333333318,5901.844597592592,6651.844597592592,6651.844597592592,632.7499226399999,0.0,83.3333333333333,632.7499226399999,0.0,632.7499226399999,0.0
T_base_6000,2025-09-23,2025-09-23,1,2025-09-23 00:10:00,2025-09-23 00:20:00,0.4245,3361.9091,0.0,4000.4017,0.0,666.7336166666666,0.0,666.7336166666666,base,base,28,,1500.06695,833.3333333333333,0.0,0.0,106.41543333333334,6651.844597592592,7401.844597592592,7401.844597592593,636.7784202749999,0.0,83.3333333333333,636.7784202749999,0.0,636.7784202749999,0.0
T_base_6000,2025-09-23,2025-09-23,2,2025-09-23 00:20:00,2025-09-23 00:30:00,0.4269,3388.6,0.0,3751.36,0.0,625.2266666666667,0.0,625.2266666666667,base,base,28,,1458.56,833.3333333333333,0.0,0.0,60.46000000000004,7401.844597592592,8151.844597592592,8151.844597592593,622.659264,0.0,83.3333333333333,622.659264,0.0,622.659264,0.0
T_base_6000,2025-09-23,2025-09-23,3,2025-09-23 00:30:00,2025-09-23 00:40:00,0.4272,3591.0535,0.0,3531.7831,0.0,588.6305166666666,0.0,588.6305166666666,base,base,28,,1421.96385,823.4549333333332,0.0,0.0,0.0,8151.844597592592,8892.954037592592,8901.844597592593,607.46295672,0.0,82.34549333333331,607.4629567200001,0.0,607.4629567200001,0.0
T_base_6000,2025-09-23,2025-09-23,4,2025-09-23 00:40:00,2025-09-23 00:50:00,0.4271,3639.0639,0.0,3436.6857,0.0,572.78095,0.0,572.78095,base,base,28,,1406.114283333333,799.6036333333334,0.0,0.0,0.0,8892.954037592592,9612.597307592592,9651.844597592592,600.5514104116667,0.0,79.96036333333332,600.5514104116666,0.0,600.5514104116666,0.0
T_base_6000,2025-09-23,2025-09-23,5,2025-09-23 00:50:00,2025-09-23 01:00:00,0.4285,3538.62,0.0,3454.54,0.0,575.7566666666667,0.0,575.7566666666667,base,base,28,,575.7566666666667,0.0,14.01333333333332,0.0,0.0,9612.597307592592,9597.02693722222,9651.844597592592,246.71173166666665,0.0,1.557037037037036,246.71173166666665,0.0,246.71173166666665,0.0
T_base_6000,2025-09-23,2025-09-23,6,2025-09-23 01:00:00,2025-09-23 01:10:00,0.4311,3584.1201,0.0,3517.2378,0.0,586.2062999999999,0.0,586.2062999999999,base,base,28,,586.2062999999999,0.0,11.147050000000036,0.0,0.0,9597.02693722222,9584.64132611111,9651.844597592592,252.71353593,0.0,1.2385611111111157,252.71353592999998,0.0,252.71353592999998,0.0
T_base_6000,2025-09-23,2025-09-23,7,2025-09-23 01:10:00,2025-09-23 01:20:00,0.4302,3479.83,0.0,3497.5299,0.0,582.92165,0.0,582.92165,base,base,28,,582.92165,2.949983333333421,0.0,0.0,0.0,9584.64132611111,9587.29631111111,9651.844597592592,250.77289383,0.0,0.294998333333342,250.77289383000002,0.0,250.77289383000002,0.0
T_base_6000,2025-09-23,2025-09-23,8,2025-09-23 01:20:00,2025-09-23 01:30:00,0.4279,3316.08,0.0,3422.74,0.0,570.4566666666666,0.0,570.4566666666666,base,base,28,,1012.8515582304516,460.17155823045175,0.0,0.0,0.0,9587.29631111111,10001.450713518516,10050.0,433.3991817668103,0.0,46.017155823045165,433.3991817668102,0.0,433.3991817668102,0.0
T_base_6000,2025-09-23,2025-09-23,9,2025-09-23 01:30:00,2025-09-23 01:40:00,0.4312,3504.3201,0.0,3457.0954,0.0,576.1825666666666,0.0,576.1825666666666,base,base,28,,576.1825666666666,0.0,7.870783333333293,0.0,0.0,10001.450713518516,9992.705398703702,10050.0,248.44992274666663,0.0,0.8745314814814774,248.44992274666666,0.0,248.44992274666666,0.0
T_base_6000,2025-09-23,2025-09-23,10,2025-09-23 01:40:00,2025-09-23 01:50:00,0.4333,3611.1697,0.0,3628.0075,0.0,604.6679166666667,0.0,604.6679166666667,base,base,28,,604.6679166666667,2.8063000000000784,0.0,0.0,0.0,9992.705398703702,9995.231068703702,10050.0,262.00260829166666,0.0,0.28063000000000776,262.00260829166666,0.0,262.00260829166666,0.0
T_base_6000,2025-09-23,2025-09-23,11,2025-09-23 01:50:00,2025-09-23 02:00:00,0.4311,3543.64,0.0,3727.77,0.0,621.295,0.0,621.295,base,base,28,,621.295,30.68833333333339,0.0,0.0,0.0,9995.231068703702,10022.850568703703,10050.0,267.8402745,0.0,3.0688333333333384,267.84027449999996,0.0,267.84027449999996,0.0
T_base_6000,2025-09-23,2025-09-23,12,2025-09-23 02:00:00,2025-09-23 02:10:00,0.4293,3627.3783,0.0,3520.7314,0.0,586.7885666666666,0.0,586.7885666666666,base,base,28,,586.7885666666666,0.0,17.774483333333364,0.0,0.0,10022.850568703703,10003.101142777778,10050.0,251.90833167,0.0,1.974942592592597,251.90833167,0.0,251.90833167,0.0
T_base_6000,2025-09-23,2025-09-23,13,2025-09-23 02:10:00,2025-09-23 02:20:00,0.4324,3646.7973,0.0,3436.0535,0.0,572.6755833333333,0.0,572.6755833333333,base,base,28,,572.6755833333333,0.0,35.12396666666666,0.0,0.0,10003.101142777778,9964.074513148147,10050.0,247.6249222333333,0.0,3.902662962962964,247.6249222333333,0.0,247.6249222333333,0.0
T_base_6000,2025-09-23,2025-09-23,14,2025-09-23 02:20:00,2025-09-23 02:30:00,0.4367,3569.92,0.0,3624.55,0.0,604.0916666666667,0.0,604.0916666666667,base,base,28,,604.0916666666667,9.105000000000018,0.0,0.0,0.0,9964.074513148147,9972.269013148149,10050.0,263.8068308333333,0.0,0.9105000000000016,263.8068308333333,0.0,263.8068308333333,0.0
T_base_6000,2025-09-23,2025-09-23,15,2025-09-23 02:30:00,2025-09-23 02:40:00,0.4348,3591.0744,0.0,3799.684,0.0,633.2806666666667,0.0,633.2806666666667,base,base,28,,633.2806666666667,34.768266666666705,0.0,0.0,0.0,9972.269013148149,10003.560453148148,10050.0,275.35043386666666,0.0,3.47682666666667,275.35043386666666,0.0,275.35043386666666,0.0
T_base_6000,2025-09-23,2025-09-23,16,2025-09-23 02:40:00,2025-09-23 02:50:00,0.4335,3523.6786,0.0,3729.9253,0.0,621.6542166666666,0.0,621.6542166666666,base,base,28,,621.6542166666666,34.37444999999991,0.0,0.0,0.0,10003.560453148148,10034.497458148147,10050.0,269.487102925,0.0,3.43744499999999,269.48710292499993,0.0,269.48710292499993,0.0
T_base_6000,2025-09-23,2025-09-23,17,2025-09-23 02:50:00,2025-09-23 03:00:00,0.4357,3402.03,0.0,3599.4,0.0,599.9,0.0,599.9,base,base,28,,599.9,32.89499999999998,0.0,0.0,0.0,10034.497458148147,10064.102958148149,10050.0,261.37643,0.0,3.2894999999999976,261.37642999999997,0.0,261.37642999999997,0.0
T_base_6000,2025-09-23,2025-09-23,18,2025-09-23 03:00:00,2025-09-23 03:10:00,0.4374,3470.8796,0.0,3766.8381,0.0,627.80635,0.0,627.80635,base,base,28,,627.80635,49.32641666666666,0.0,0.0,0.0,10064.102958148149,10108.496733148148,10050.0,274.60249749,0.0,4.932641666666665,274.60249748999996,0.0,274.60249748999996,0.0
T_base_6000,2025-09-23,2025-09-23,19,2025-09-23 03:10:00,2025-09-23 03:20:00,0.4371,3546.3118,0.0,3732.5778,0.0,622.0962999999999,0.0,622.0962999999999,base,base,28,,622.0962999999999,31.04433333333327,0.0,0.0,0.0,10108.496733148148,10136.436633148149,10050.0,271.91829273,0.0,3.1044333333333265,271.91829272999996,0.0,271.91829272999996,0.0
T_base_6000,2025-09-23,2025-09-23,20,2025-09-23 03:20:00,2025-09-23 03:30:00,0.4356,3521.1,0.0,3487.16,0.0,581.1933333333333,0.0,581.1933333333333,base,base,28,,581.1933333333333,0.0,5.656666666666638,0.0,0.0,10136.436633148149,10130.151447962962,10050.0,253.167816,0.0,0.6285185185185156,253.16781599999996,0.0,253.16781599999996,0.0
T_base_6000,2025-09-23,2025-09-23,21,2025-09-23 03:30:00,2025-09-23 03:40:00,0.4353,3493.0415,0.0,3542.3682,0.0,590.3947,0.0,590.3947,base,base,28,,590.3947,8.221116666666717,0.0,0.0,0.0,10130.151447962962,10137.550452962962,10050.0,256.99881291,0.0,0.8221116666666715,256.99881290999997,0.0,256.99881290999997,0.0
T_base_6000,2025-09-23,2025-09-23,22,2025-09-23 03:40:00,2025-09-23 03:50:00,0.436,3616.52,0.0,3671.4309,0.0,611.9051499999999,0.0,611.9051499999999,base,base,28,,611.9051499999999,9.151816666666605,0.0,0.0,0.0,10137.550452962962,10145.78708796296,10050.0,266.7906454,0.0,0.9151816666666602,266.79064539999996,0.0,266.79064539999996,0.0
T_base_6000,2025-09-23,2025-09-23,23,2025-09-23 03:50:00,2025-09-23 04:00:00,0.4378,3738.77,0.0,3753.85,0.0,625.6416666666667,0.0,625.6416666666667,base,base,28,,625.6416666666667,2.513333333333321,0.0,0.0,0.0,10145.78708796296,10148.04908796296,10050.0,273.9059216666667,0.0,0.2513333333333321,273.9059216666667,0.0,273.9059216666667,0.0
T_base_6000,2025-09-23,2025-09-23,24,2025-09-23 04:00:00,2025-09-23 04:10:00,0.4401,3573.138,0.0019,3887.5822,0.0021,647.9300166666666,0.0,647.9300166666666,base,base,28,,647.9300166666666,52.40733333333333,0.0,0.0,0.0,10148.04908796296,10195.215687962962,10050.0,285.154000335,0.0,5.240733333333331,285.154000335,0.0,285.154000335,0.0
T_base_6000,2025-09-23,2025-09-23,25,2025-09-23 04:10:00,2025-09-23 04:20:00,0.4389,3548.8256,0.0,3864.8881,0.0,644.1480166666666,0.0,644.1480166666666,base,base,28,,644.1480166666666,52.67708333333337,0.0,0.0,0.0,10195.215687962962,10242.62506296296,10050.0,282.716564515,0.0,5.267708333333336,282.716564515,0.0,282.716564515,0.0
T_base_6000,2025-09-23,2025-09-23,26,2025-09-23 04:20:00,2025-09-23 04:30:00,0.4364,3696.43,0.0,3746.52,0.0,624.42,0.0,624.42,base,base,28,,624.42,8.348333333333358,0.0,0.0,0.0,10242.62506296296,10250.138562962962,10050.0,272.496888,0.0,0.8348333333333355,272.496888,0.0,272.496888,0.0
T_base_6000,2025-09-23,2025-09-23,27,2025-09-23 04:30:00,2025-09-23 04:40:00,0.4393,3629.4046,0.0268,3799.8707,0.029,633.3069499999999,0.0,633.3069499999999,base,base,28,,633.3069499999999,28.410650000000032,0.0,0.0,0.0,10250.138562962962,10275.70814796296,10050.0,278.211743135,0.0,2.8410650000000026,278.211743135,0.0,278.211743135,0.0
T_base_6000,2025-09-23,2025-09-23,28,2025-09-23 04:40:00,2025-09-23 04:50:00,0.4422,3602.4949,0.0,3743.4045,0.0,623.90075,0.0,623.90075,base,base,28,,623.90075,23.4849333333334,0.0,0.0,0.0,10275.70814796296,10296.844587962962,10050.0,275.88891165,0.0,2.3484933333333395,275.88891165,0.0,275.88891165,0.0
T_base_6000,2025-09-23,2025-09-23,29,2025-09-23 04:50:00,2025-09-23 05:00:00,0.4395,3708.74,0.0,3548.17,0.0,591.3616666666667,0.0,591.3616666666667,base,base,28,,591.3616666666667,0.0,26.761666666666542,0.0,0.0,10296.844587962962,10267.109402777776,10050.0,259.9034525,0.0,2.9735185185185062,259.9034525,0.0,259.9034525,0.0
T_base_6000,2025-09-23,2025-09-23,30,2025-09-23 05:00:00,2025-09-23 05:10:00,0.4333,3751.3647,0.3731,3510.4937,0.404,585.01495,0.0,585.01495,base,base,28,,585.01495,0.0,40.15031666666664,0.0,0.0,10267.109402777776,10222.497939814812,10050.0,253.486977835,0.0,4.461146296296295,253.486977835,0.0,253.486977835,0.0
T_base_6000,2025-09-23,2025-09-23,31,2025-09-23 05:10:00,2025-09-23 05:20:00,0.4439,3689.4488,0.0,3645.7435,0.0,607.6239166666667,0.0,607.6239166666667,base,base,28,,607.6239166666667,0.0,7.28421666666668,0.0,0.0,10222.497939814812,10214.40436574074,10050.0,269.7242566083333,0.0,0.8093574074074092,269.72425660833335,0.0,269.72425660833335,0.0
T_base_6000,2025-09-23,2025-09-23,32,2025-09-23 05:20:00,2025-09-23 05:30:00,0.4301,3557.68,0.0,3724.04,0.0,620.6733333333333,0.0,620.6733333333333,base,base,28,,620.6733333333333,27.726666666666688,0.0,0.0,0.0,10214.40436574074,10239.35836574074,10050.0,266.95160066666665,0.0,2.772666666666668,266.95160066666665,0.0,266.95160066666665,0.0
T_base_6000,2025-09-23,2025-09-23,33,2025-09-23 05:30:00,2025-09-23 05:40:00,0.3713,3509.0644,5.1961,3582.2553,5.6274,596.10465,0.0,596.10465,base,base,28,,1429.4379833333332,622.9351491769557,0.0,0.0,222.5247841563776,10239.35836574074,10800.0,10800.0,530.7503232116667,0.0,62.29351491769556,530.7503232116667,0.0,530.7503232116667,0.0
T_base_6000,2025-09-23,2025-09-23,34,2025-09-23 05:40:00,2025-09-23 05:50:00,0.5708,4001.4806,0.0,3957.97,0.0,659.6616666666666,0.0,659.6616666666666,base,base,28,,659.6616666666666,0.0,7.25176666666664,0.0,0.0,10800.0,10791.94248148148,10800.0,376.5348793333333,0.0,0.8057518518518493,376.5348793333333,0.0,376.5348793333333,0.0
T_base_6000,2025-09-23,2025-09-23,35,2025-09-23 05:50:00,2025-09-23 06:00:00,0.9099,4743.74,0.0,4700.49,0.0,783.415,0.0,783.415,base,base,28,,0.0,0.0,790.6233333333332,0.0,0.0,10791.94248148148,9913.47211111111,9929.538888888888,0.0,0.0,87.84703703703707,0.0,0.0,0.0,0.0
T_base_6000,2025-09-23,2025-09-23,36,2025-09-23 06:00:00,2025-09-23 06:10:00,0.9368,4911.4158,148.7833,4861.7696,163.8012,782.9947333333332,0.0,782.9947333333332,base,base,28,,0.0,0.0,793.7720833333333,0.0,0.0,9913.47211111111,9031.50312962963,9059.54474074074,0.0,0.0,88.19689814814818,0.0,0.0,0.0,0.0
T_base_6000,2025-09-23,2025-09-23,37,2025-09-23 06:10:00,2025-09-23 06:20:00,0.8758,4831.9735,376.0146,4752.5347,427.0247,720.9183333333333,0.0,720.9183333333333,base,base,28,,0.0,0.0,742.6598166666665,0.0,0.0,9031.50312962963,8206.325555555555,8258.52437037037,0.0,0.0,82.51775740740743,0.0,0.0,0.0,0.0
T_base_6000,2025-09-23,2025-09-23,38,2025-09-23 06:20:00,2025-09-23 06:30:00,0.8759,4792.2,649.3875,4711.73,733.4625,663.0445833333332,0.0,663.0445833333332,base,base,28,,0.0,0.0,690.46875,0.0,0.0,8206.325555555555,7439.138055555555,7521.808166666668,0.0,0.0,76.71875000000003,0.0,0.0,0.0,0.0
T_base_6000,2025-09-23,2025-09-23,39,2025-09-23 06:30:00,2025-09-23 06:40:00,0.8601,4757.3085,973.8044,4749.8589,1059.8151,615.0073,0.0,615.0073,base,base,28,,0.0,0.0,630.5840166666667,0.0,0.0,7439.138055555555,6738.489148148148,6838.466722222223,0.0,0.0,70.06489074074078,0.0,0.0,0.0,0.0
T_base_6000,2025-09-23,2025-09-23,40,2025-09-23 06:40:00,2025-09-23 06:50:00,0.8442,4755.1526,1245.8597,4762.9137,1370.8696,565.3406833333333,0.0,565.3406833333333,base,base,28,,0.0,0.0,584.88215,0.0,0.0,6738.489148148148,6088.620092592592,6210.310407407408,0.0,0.0,64.98690555555558,0.0,0.0,0.0,0.0
T_base_6000,2025-09-23,2025-09-23,41,2025-09-23 06:50:00,2025-09-23 07:00:00,0.8334,4789.05,1511.775,4720.02,1678.1625,506.9762500000001,0.0,506.9762500000001,base,base,28,,0.0,0.0,546.2125,0.0,0.0,6088.620092592592,5481.717314814815,5647.003462962964,0.0,0.0,60.6902777777778,0.0,0.0,0.0,0.0
T_base_6000,2025-09-23,2025-09-23,42,2025-09-23 07:00:00,2025-09-23 07:10:00,0.8092,4816.282,1907.945,4702.584,2025.7511,446.1388166666666,0.0,446.1388166666666,base,base,28,,0.0,0.0,484.72283333333337,0.0,0.0,5481.717314814815,4943.136388888889,5151.293666666667,0.0,0.0,53.85809259259262,0.0,0.0,0.0,0.0
T_base_6000,2025-09-23,2025-09-23,43,2025-09-23 07:10:00,2025-09-23 07:20:00,0.7972,4786.2179,2234.3678,4833.7499,2388.5754,407.5290833333332,0.0,407.5290833333332,base,base,28,,0.0,0.0,425.3083499999999,0.0,0.0,4943.136388888889,4470.571555555556,4698.483574074075,0.0,0.0,47.25648333333334,0.0,0.0,0.0,0.0
T_base_6000,2025-09-23,2025-09-23,44,2025-09-23 07:20:00,2025-09-23 07:30:00,0.7644,4660.51,2492.5875,4939.54,2753.5875,364.3254166666666,0.0,364.3254166666666,base,base,28,,0.0,0.0,361.3204166666667,0.0,0.0,4470.571555555556,4069.104425925927,4293.677555555556,0.0,0.0,40.14671296296299,0.0,0.0,0.0,0.0
T_base_6000,2025-09-23,2025-09-23,45,2025-09-23 07:30:00,2025-09-23 07:40:00,0.6899,4606.8822,2894.0726,4828.7625,3120.5921,284.69506666666666,0.0,284.69506666666666,base,base,28,,0.0,0.0,285.46826666666664,0.0,0.0,4069.104425925927,3751.917462962964,3977.349703703704,0.0,0.0,31.718696296296308,0.0,0.0,0.0,0.0
T_base_6000,2025-09-23,2025-09-23,46,2025-09-23 07:40:00,2025-09-23 07:50:00,0.86,5489.8417,3343.4604,5406.1206,3426.4951,329.9375833333333,0.0,329.9375833333333,base,base,28,,0.0,0.0,357.73021666666665,0.0,0.0,3751.917462962964,3354.439444444445,3610.752388888889,0.0,0.0,39.74780185185187,0.0,0.0,0.0,0.0
T_base_6000,2025-09-23,2025-09-23,47,2025-09-23 07:50:00,2025-09-23 08:00:00,1.1617,6701.06,3753.1125,6462.55,3707.325,459.2041666666667,0.0,459.2041666666667,base,base,28,,0.0,0.0,491.32458333333335,0.0,0.0,3354.439444444445,2808.5232407407416,3100.5255370370373,0.0,0.0,54.5916203703704,0.0,0.0,0.0,0.0
T_base_6000,2025-09-23,2025-09-23,48,2025-09-23 08:00:00,2025-09-23 08:10:00,1.1683,6664.9869,4119.6249,6779.0099,4082.1536,449.47605,0.0,449.47605,base,base,28,,0.0,0.0,424.227,0.0,0.0,2808.5232407407416,2337.1599074074084,2601.107703703704,0.0,0.0,47.136333333333354,0.0,0.0,0.0,0.0
T_base_6000,2025-09-23,2025-09-23,49,2025-09-23 08:10:00,2025-09-23 08:20:00,1.0956,6469.7028,4427.9049,6649.2879,4538.4547,351.8055333333333,0.0,351.8055333333333,base,base,28,,0.0,0.0,340.29965,0.0,0.0,2337.1599074074084,1959.0491851851864,2210.212666666667,0.0,0.0,37.811072222222236,0.0,0.0,0.0,0.0
T_base_6000,2025-09-23,2025-09-23,50,2025-09-23 08:20:00,2025-09-23 08:30:00,1.0849,6635.97,4698.6375,6494.49,4959.675,255.80249999999992,0.0,255.80249999999992,base,base,28,,0.0,0.0,322.8887500000001,0.0,0.0,1959.0491851851864,1600.2839074074084,1925.9876666666669,0.0,0.0,35.8765277777778,0.0,0.0,0.0,0.0
T_base_6000,2025-09-23,2025-09-23,51,2025-09-23 08:30:00,2025-09-23 08:40:00,1.061,6600.0815,4997.093,6432.8642,5221.4296,201.90576666666655,0.0,201.90576666666655,base,base,28,,0.0,0.0,267.16475,0.0,0.0,1600.2839074074084,1303.4341851851862,1701.6479259259263,0.0,0.0,29.68497222222224,0.0,0.0,0.0,0.0
T_base_6000,2025-09-23,2025-09-23,52,2025-09-23 08:40:00,2025-09-23 08:50:00,1.043,6462.4233,5400.3214,6438.1781,5443.4725,165.7842666666667,0.0,165.7842666666667,base,base,28,,0.0,0.0,93.09076666666752,83.9262166666659,0.0,1303.4341851851862,1200.0,1517.4431851851857,0.0,437.67521991666257,10.343418518518618,0.0,437.6752199166626,437.6752199166626,437.6752199166626
T_base_6000,2025-09-23,2025-09-23,53,2025-09-23 08:50:00,2025-09-23 09:00:00,1.036,6427.57,5807.85,6502.19,5716.7625,130.90458333333328,0.0,130.90458333333328,base,base,28,,0.0,0.0,0.0,103.28666666666656,0.0,1200.0,1200.0,1371.9936481481486,0.0,535.0249333333327,0.0,0.0,535.0249333333328,535.0249333333328,535.0249333333328
T_base_6000,2025-09-23,2025-09-23,54,2025-09-23 09:00:00,2025-09-23 09:10:00,1.0147,6551.7343,6020.5511,6620.0241,6031.6126,98.0685833333332,0.0,98.0685833333332,base,base,28,,0.0,0.0,0.0,88.5305333333334,0.0,1200.0,1200.0,1263.028555555556,0.0,449.1596608666669,0.0,0.0,449.1596608666669,449.1596608666669,449.1596608666669
T_base_6000,2025-09-23,2025-09-23,55,2025-09-23 09:10:00,2025-09-23 09:20:00,0.9922,6611.8297,6159.4673,6603.7913,6339.8082,43.99718333333324,0.0,43.99718333333324,base,base,28,,0.0,0.0,0.0,75.39373333333333,0.0,1200.0,1200.0,1214.1427962962969,0.0,374.0283110666666,0.0,0.0,374.0283110666667,374.0283110666667,374.0283110666667
T_base_6000,2025-09-23,2025-09-23,56,2025-09-23 09:20:00,2025-09-23 09:30:00,0.97,6584.42,6306.2625,6407.33,6622.4625,-35.85541666666661,0.0,-35.85541666666661,base,base,28,,0.0,0.0,0.0,46.359583333333376,0.0,1200.0,1200.0,1246.4126712962968,0.0,224.84397916666688,0.0,0.0,224.84397916666686,224.84397916666686,224.84397916666686
T_base_6000,2025-09-23,2025-09-23,57,2025-09-23 09:30:00,2025-09-23 09:40:00,0.9422,6627.8893,6423.4053,6200.5473,6897.3346,-116.13121666666666,0.0,-116.13121666666666,base,base,28,,0.0,0.0,0.0,34.08066666666657,0.0,1200.0,1200.0,1350.9307662962967,0.0,160.55402066666622,0.0,0.0,160.55402066666625,160.55402066666625,160.55402066666625
T_base_6000,2025-09-23,2025-09-23,58,2025-09-23 09:40:00,2025-09-23 09:50:00,0.9569,6567.1756,6483.305,6249.554,7173.3339,-153.96331666666657,0.0,-153.96331666666657,base,base,28,,0.0,0.0,0.0,13.978433333333214,0.0,1200.0,1200.0,1489.4977512962969,0.0,66.87981428333276,0.0,0.0,66.87981428333276,66.87981428333276,66.87981428333276
T_base_6000,2025-09-23,2025-09-23,59,2025-09-23 09:50:00,2025-09-23 10:00:00,0.9977,6455.96,6487.7625,6480.82,7375.3875,-149.09458333333333,0.0,-149.09458333333333,base,base,28,,0.0,5.30041666666663,0.0,0.0,0.0,1200.0,1204.770375,1623.6828762962966,0.0,0.0,0.5300416666666629,0.0,0.0,0.0,0.0
T_base_6000,2025-09-23,2025-09-23,60,2025-09-23 10:00:00,2025-09-23 10:10:00,0.9919,6527.0912,6506.7574,6557.067,7427.1527,-145.01428333333325,0.0,-145.01428333333325,base,base,28,,0.0,0.0,3.388966666666571,0.0,0.0,1204.770375,1201.0048564814815,1754.1957312962966,0.0,0.0,0.3765518518518414,0.0,0.0,0.0,0.0
T_base_6000,2025-09-23,2025-09-23,61,2025-09-23 10:10:00,2025-09-23 10:20:00,0.9588,6488.4499,6763.9313,6530.2617,7558.6084,-171.39111666666668,0.0,-171.39111666666668,base,base,28,,0.0,45.91356666666676,0.0,0.0,0.0,1201.0048564814815,1242.3270664814818,1908.447736296298,0.0,0.0,4.591356666666675,0.0,0.0,0.0,0.0
T_base_6000,2025-09-23,2025-09-23,62,2025-09-23 10:20:00,2025-09-23 10:30:00,0.9549,6336.11,7139.7,6502.13,7758.4875,-209.39291666666668,0.0,-209.39291666666668,base,base,28,,0.0,133.93166666666667,0.0,0.0,0.0,1242.3270664814818,1362.865566481482,2096.901361296298,0.0,0.0,13.393166666666664,0.0,0.0,0.0,0.0
T_base_6000,2025-09-23,2025-09-23,63,2025-09-23 10:30:00,2025-09-23 10:40:00,0.9839,6376.9432,7257.6775,6501.3745,7803.3333,-216.9931333333334,0.0,-216.9931333333334,base,base,28,,0.0,146.78905,0.0,0.0,0.0,1362.865566481482,1494.975711481482,2292.195181296298,0.0,0.0,14.678904999999997,0.0,0.0,0.0,0.0
T_base_6000,2025-09-23,2025-09-23,64,2025-09-23 10:40:00,2025-09-23 10:50:00,0.799,6473.6947,7240.5731,6474.7018,7884.0347,-234.8888166666667,0.0,-234.8888166666667,base,base,28,,0.0,127.8130666666666,0.0,0.0,0.0,1494.975711481482,1610.0074714814818,2503.595116296298,0.0,0.0,12.781306666666657,0.0,0.0,0.0,0.0
T_base_6000,2025-09-23,2025-09-23,65,2025-09-23 10:50:00,2025-09-23 11:00:00,0.5025,6470.56,7359.675,6439.65,8030.625,-265.1625,0.0,-265.1625,base,base,28,,0.0,148.18583333333328,0.0,0.0,0.0,1610.0074714814818,1743.374721481482,2742.241366296298,0.0,0.0,14.818583333333324,0.0,0.0,0.0,0.0
T_base_6000,2025-09-23,2025-09-23,66,2025-09-23 11:00:00,2025-09-23 11:10:00,0.4662,6357.1346,7784.7849,6473.1896,8066.7709,-265.59688333333344,0.0,-265.59688333333344,base,base,28,,567.7364499999999,805.6781666666664,0.0,0.0,0.0,1743.374721481482,2468.4850714814816,3492.241366296298,264.67873299,0.0,80.56781666666662,264.67873298999996,0.0,264.67873298999996,0.0
T_base_6000,2025-09-23,2025-09-23,67,2025-09-23 11:10:00,2025-09-23 11:20:00,0.5007,6310.6975,8209.6886,6527.364,8058.9692,-255.2675333333333,0.0,-255.2675333333333,base,base,28,,0.0,316.49851666666655,0.0,0.0,0.0,2468.4850714814816,2753.333736481481,3721.982146296298,0.0,0.0,31.64985166666665,0.0,0.0,0.0,0.0
T_base_6000,2025-09-23,2025-09-23,68,2025-09-23 11:20:00,2025-09-23 11:30:00,0.4827,6431.52,8399.7375,6531.11,8058.1875,-254.5129166666667,0.0,-254.5129166666667,base,base,28,,0.0,328.03624999999977,0.0,0.0,0.0,2753.333736481481,3048.566361481481,3951.0437712962985,0.0,0.0,32.80362499999997,0.0,0.0,0.0,0.0
T_base_6000,2025-09-23,2025-09-23,69,2025-09-23 11:30:00,2025-09-23 11:40:00,0.4785,6604.0357,8379.679,6437.2197,8059.3959,-270.36270000000013,0.0,-270.36270000000013,base,base,28,,109.26094855966886,405.2014985596688,0.0,0.0,0.0,3048.566361481481,3413.247710185183,4292.705055,52.28136388580155,0.0,40.52014985596687,52.28136388580155,0.0,52.28136388580155,0.0
T_base_6000,2025-09-23,2025-09-23,70,2025-09-23 11:40:00,2025-09-23 11:50:00,0.4662,6371.5522,8435.4109,6258.0133,8144.2088,-314.36591666666675,0.0,-314.36591666666675,base,base,28,,518.9674166666665,833.3333333333333,0.0,0.0,29.610533333333365,3413.247710185183,4163.247710185184,5042.705055,241.94260964999992,0.0,83.3333333333333,241.94260964999992,0.0,241.94260964999992,0.0
T_base_6000,2025-09-23,2025-09-23,71,2025-09-23 11:50:00,2025-09-23 12:00:00,0.4432,5893.69,8613.5625,6034.17,8278.275,-374.0174999999999,0.0,-374.0174999999999,base,base,28,,459.3158333333333,833.3333333333333,0.0,0.0,79.29458333333343,4163.247710185184,4913.247710185184,5792.705055,203.5687773333333,0.0,83.3333333333333,203.5687773333333,0.0,203.5687773333333,0.0
T_base_6000,2025-09-23,2025-09-23,72,2025-09-23 12:00:00,2025-09-23 12:10:00,0.4411,5815.5593,8690.3915,5857.0228,8321.7803,-410.7929166666668,0.0,-410.7929166666668,base,base,28,,422.5404166666665,833.3333333333333,0.0,0.0,68.3457833333332,4913.247710185184,5663.247710185184,6542.705055,186.3825777916666,0.0,83.3333333333333,186.3825777916666,0.0,186.3825777916666,0.0
T_base_6000,2025-09-23,2025-09-23,73,2025-09-23 12:10:00,2025-09-23 12:20:00,0.4551,5929.8452,8581.2694,5948.518,8267.6048,-386.5144666666665,0.0,-386.5144666666665,base,base,28,,446.81886666666674,833.3333333333333,0.0,0.0,55.38956666666672,5663.247710185184,6413.247710185184,7292.705055,203.34726622,0.0,83.3333333333333,203.34726622000002,0.0,203.34726622000002,0.0
T_base_6000,2025-09-23,2025-09-23,74,2025-09-23 12:20:00,2025-09-23 12:30:00,0.4463,5958.43,8484.4875,6160.56,8156.1,-332.59,0.0,-332.59,base,base,28,,500.7433333333333,833.3333333333333,0.0,0.0,88.4195833333331,6413.247710185184,7163.247710185184,8042.705055,223.48174966666664,0.0,83.3333333333333,223.48174966666664,0.0,223.48174966666664,0.0
T_base_6000,2025-09-23,2025-09-23,75,2025-09-23 12:30:00,2025-09-23 12:40:00,0.4113,5882.5546,8645.3297,6118.0293,8055.8192,-322.9649833333333,0.0,-322.9649833333333,base,base,28,,510.36835,833.3333333333333,0.0,0.0,137.4975333333333,7163.247710185184,7913.247710185184,8792.705055,209.914502355,0.0,83.3333333333333,209.914502355,0.0,209.914502355,0.0
T_base_6000,2025-09-23,2025-09-23,76,2025-09-23 12:40:00,2025-09-23 12:50:00,0.5682,6091.5912,8546.664,6129.9123,8085.3213,-325.90149999999994,0.0,-325.90149999999994,base,base,28,,0.0,409.17880000000014,0.0,0.0,0.0,7913.247710185184,8281.508630185184,9086.016405,0.0,0.0,40.917880000000004,0.0,0.0,0.0,0.0
T_base_6000,2025-09-23,2025-09-23,77,2025-09-23 12:50:00,2025-09-23 13:00:00,0.8279,6408.53,8135.1375,6271.57,8109.4125,-306.3070833333334,0.0,-306.3070833333334,base,base,28,,0.0,287.7679166666667,0.0,0.0,0.0,8281.508630185184,8540.499755185185,9361.69278,0.0,0.0,28.77679166666666,0.0,0.0,0.0,0.0
T_base_6000,2025-09-23,2025-09-23,78,2025-09-23 13:00:00,2025-09-23 13:10:00,0.8636,6253.4833,7884.9488,6267.4025,7864.6337,-266.2052,0.0,-266.2052,base,base,28,,0.0,271.9109166666667,0.0,0.0,0.0,8540.499755185185,8785.219580185185,9601.27746,0.0,0.0,27.191091666666665,0.0,0.0,0.0,0.0
T_base_6000,2025-09-23,2025-09-23,79,2025-09-23 13:10:00,2025-09-23 13:20:00,0.8416,6080.4251,7754.0988,6084.3297,7627.4867,-257.19283333333334,0.0,-257.19283333333334,base,base,28,,0.0,278.9456166666665,0.0,0.0,0.0,8785.219580185185,9036.270635185185,9832.75101,0.0,0.0,27.894561666666647,0.0,0.0,0.0,0.0
T_base_6000,2025-09-23,2025-09-23,80,2025-09-23 13:20:00,2025-09-23 13:30:00,0.8618,6115.63,7607.2875,5983.25,7552.2375,-261.4979166666667,0.0,-261.4979166666667,base,base,28,,0.0,248.60958333333335,0.0,0.0,0.0,9036.270635185185,9260.019260185183,10068.099135,0.0,0.0,24.86095833333333,0.0,0.0,0.0,0.0
T_base_6000,2025-09-23,2025-09-23,81,2025-09-23 13:30:00,2025-09-23 13:40:00,0.8623,6161.9414,7394.5585,6249.9547,7511.7507,-210.2993333333332,0.0,-210.2993333333332,base,base,28,,0.0,205.4361833333334,0.0,0.0,0.0,9260.019260185183,9444.911825185183,10257.368535,0.0,0.0,20.543618333333335,0.0,0.0,0.0,0.0
T_base_6000,2025-09-23,2025-09-23,82,2025-09-23 13:40:00,2025-09-23 13:50:00,0.9026,6291.8498,7228.1769,6377.6378,7307.0291,-154.8985499999999,0.0,-154.8985499999999,base,base,28,,0.0,156.05451666666673,0.0,0.0,0.0,9444.911825185183,9585.360890185186,10396.77723,0.0,0.0,15.605451666666669,0.0,0.0,0.0,0.0
T_base_6000,2025-09-23,2025-09-23,83,2025-09-23 13:50:00,2025-09-23 14:00:00,0.9754,6409.53,7094.9625,6187.65,7022.8875,-139.20625,0.0,-139.20625,base,base,28,,0.0,114.23874999999998,0.0,0.0,0.0,9585.360890185186,9688.175765185186,10522.062855,0.0,0.0,11.423874999999995,0.0,0.0,0.0,0.0
T_base_6000,2025-09-23,2025-09-23,84,2025-09-23 14:00:00,2025-09-23 14:10:00,1.0002,6298.6605,6838.0168,6004.646,6916.3565,-151.95175,0.0,-151.95175,base,base,28,,0.0,89.89271666666673,0.0,0.0,0.0,9688.175765185186,9769.079210185186,10658.81943,0.0,0.0,8.98927166666667,0.0,0.0,0.0,0.0
T_base_6000,2025-09-23,2025-09-23,85,2025-09-23 14:10:00,2025-09-23 14:20:00,0.9978,6212.8259,6393.4647,6039.8719,6750.1107,-118.37313333333334,0.0,-118.37313333333334,base,base,28,,0.0,30.10646666666677,0.0,0.0,0.0,9769.079210185186,9796.175030185186,10765.35525,0.0,0.0,3.010646666666676,0.0,0.0,0.0,0.0
T_base_6000,2025-09-23,2025-09-23,86,2025-09-23 14:20:00,2025-09-23 14:30:00,1.0271,6236.6,5854.05,6212.36,6443.325,-38.494166666666686,0.0,-38.494166666666686,base,base,28,,0.0,0.0,63.75833333333336,0.0,0.0,9796.175030185186,9725.332437592591,10800.0,0.0,0.0,7.084259259259266,0.0,0.0,0.0,0.0
T_base_6000,2025-09-23,2025-09-23,87,2025-09-23 14:30:00,2025-09-23 14:40:00,1.0906,6217.1274,5393.4146,6261.2286,6154.0582,17.861733333333326,0.0,17.861733333333326,base,base,28,,0.0,0.0,137.2854666666667,0.0,0.0,9725.332437592591,9572.793030185185,10780.153629629627,0.0,0.0,15.253940740740752,0.0,0.0,0.0,0.0
T_base_6000,2025-09-23,2025-09-23,88,2025-09-23 14:40:00,2025-09-23 14:50:00,0.9376,6206.2876,4990.8009,6234.7935,5864.7952,61.66638333333336,0.0,61.66638333333336,base,base,28,,0.0,0.0,202.58111666666656,0.0,0.0,9572.793030185185,9347.702900555556,10711.635425925926,0.0,0.0,22.50901296296296,0.0,0.0,0.0,0.0
T_base_6000,2025-09-23,2025-09-23,89,2025-09-23 14:50:00,2025-09-23 15:00:00,0.6694,6262.68,4761.6375,6185.32,5565.3375,103.33041666666668,0.0,103.33041666666668,base,base,28,,103.33041666666668,0.0,146.8433333333334,0.0,0.0,9347.702900555556,9184.543641296295,10711.635425925926,69.16938091666667,0.0,16.31592592592594,69.16938091666667,0.0,69.16938091666667,0.0
T_base_6000,2025-09-23,2025-09-23,90,2025-09-23 15:00:00,2025-09-23 15:10:00,0.66,6377.3851,4842.082,6148.1901,5276.6779,145.25203333333334,0.0,145.25203333333334,base,base,28,,243.43489341563776,0.0,12.448956584362236,0.0,0.0,9184.543641296295,9170.711467313671,10800.0,160.66702965432094,0.0,1.3832173982624714,160.66702965432094,0.0,160.66702965432094,0.0
T_base_6000,2025-09-23,2025-09-23,91,2025-09-23 15:10:00,2025-09-23 15:20:00,0.7217,6461.0017,4734.2965,6373.9324,4931.1252,240.4678666666665,0.0,240.4678666666665,base,base,28,,240.4678666666665,0.0,47.31633333333335,0.0,0.0,9170.711467313671,9118.13776360997,10800.0,173.54565937333325,0.0,5.257370370370374,173.54565937333322,0.0,173.54565937333322,0.0
T_base_6000,2025-09-23,2025-09-23,92,2025-09-23 15:20:00,2025-09-23 15:30:00,0.7308,6382.45,4417.2375,6665.78,4525.725,356.67583333333323,0.0,356.67583333333323,base,base,28,,356.67583333333323,29.140416666666624,0.0,0.0,0.0,9118.13776360997,9144.36413860997,10800.0,260.6586989999999,0.0,2.914041666666662,260.6586989999999,0.0,260.6586989999999,0.0
T_base_6000,2025-09-23,2025-09-23,93,2025-09-23 15:30:00,2025-09-23 15:40:00,0.7534,6120.1976,4306.354,6522.3391,4126.3129,399.3377,0.0,399.3377,base,base,28,,399.3377,97.03043333333336,0.0,0.0,0.0,9144.36413860997,9231.69152860997,10800.0,300.86102318,0.0,9.703043333333333,300.86102317999996,0.0,300.86102317999996,0.0
T_base_6000,2025-09-23,2025-09-23,94,2025-09-23 15:40:00,2025-09-23 15:50:00,0.7823,6153.6297,4035.9346,6227.3075,3727.669,416.6064166666666,0.0,416.6064166666666,base,base,28,,416.6064166666666,63.65723333333324,0.0,0.0,0.0,9231.69152860997,9288.98303860997,10800.0,325.9111997583333,0.0,6.365723333333323,325.9111997583333,0.0,325.9111997583333,0.0
T_base_6000,2025-09-23,2025-09-23,95,2025-09-23 15:50:00,2025-09-23 16:00:00,0.8055,6505.17,3543.675,6173.39,3392.3625,463.50458333333336,0.0,463.50458333333336,base,base,28,,463.50458333333336,0.0,30.077916666666624,0.0,0.0,9288.98303860997,9255.563131202562,10800.0,373.352941875,0.0,3.3419907407407377,373.352941875,0.0,373.352941875,0.0
T_base_6000,2025-09-23,2025-09-23,96,2025-09-23 16:00:00,2025-09-23 16:10:00,0.8271,6704.9712,3168.3753,6477.1231,3188.7577,548.0609,0.0,548.0609,base,base,28,,548.0609,0.0,41.37175000000002,0.0,0.0,9255.563131202562,9209.59452009145,10800.0,453.3011703899999,0.0,4.5968611111111155,453.3011703899999,0.0,453.3011703899999,0.0
T_base_6000,2025-09-23,2025-09-23,97,2025-09-23 16:10:00,2025-09-23 16:20:00,0.8519,6651.3841,2836.5022,6552.0795,2876.8086,612.5451499999999,0.0,612.5451499999999,base,base,28,,612.5451499999999,0.0,23.26850000000013,0.0,0.0,9209.59452009145,9183.74063120256,10800.0,521.827213285,0.0,2.5853888888889047,521.827213285,0.0,521.827213285,0.0
T_base_6000,2025-09-23,2025-09-23,98,2025-09-23 16:20:00,2025-09-23 16:30:00,0.8791,6512.95,2503.5375,6332.94,2467.5375,644.2337499999999,0.0,644.2337499999999,base,base,28,,644.2337499999999,0.0,24.00166666666678,0.0,0.0,9183.74063120256,9157.072112684044,10800.0,566.3458896249999,0.0,2.6668518518518654,566.3458896249999,0.0,566.3458896249999,0.0
T_base_6000,2025-09-23,2025-09-23,99,2025-09-23 16:30:00,2025-09-23 16:40:00,0.9024,6516.7553,2218.6701,6320.4369,2200.0679,686.7281666666665,0.0,686.7281666666665,base,base,28,,686.7281666666665,0.0,29.61936666666668,0.0,0.0,9157.072112684044,9124.161705276636,10800.0,619.7034975999999,0.0,3.2910407407407436,619.7034975999999,0.0,619.7034975999999,0.0
T_base_6000,2025-09-23,2025-09-23,100,2025-09-23 16:40:00,2025-09-23 16:50:00,0.9163,6452.5286,1863.5925,6492.3208,1918.0586,762.3770333333333,0.0,762.3770333333333,base,base,28,,762.3770333333333,0.0,2.4456500000000005,0.0,0.0,9124.161705276636,9121.444316387748,10800.0,698.5660756433333,0.0,0.2717388888888891,698.5660756433333,0.0,698.5660756433333,0.0
T_base_6000,2025-09-23,2025-09-23,101,2025-09-23 16:50:00,2025-09-23 17:00:00,0.9264,6349.71,1465.3875,6599.87,1558.65,840.2033333333331,0.0,840.2033333333331,base,base,28,,840.2033333333331,26.149583333333112,0.0,0.0,0.0,9121.444316387748,9144.978941387748,10800.0,778.3643679999998,0.0,2.6149583333333104,778.3643679999998,0.0,778.3643679999998,0.0
T_base_6000,2025-09-23,2025-09-23,102,2025-09-23 17:00:00,2025-09-23 17:10:00,0.9462,6441.2731,1178.7512,6444.2201,1230.6499,868.9283666666666,0.0,868.9283666666666,base,base,28,,868.9283666666666,0.0,8.158616666666717,0.0,0.0,9144.978941387748,9135.91381175812,10800.0,822.18002054,0.0,0.9065129629629689,822.18002054,0.0,822.18002054,0.0
T_base_6000,2025-09-23,2025-09-23,103,2025-09-23 17:10:00,2025-09-23 17:20:00,0.9742,6397.9351,917.9154,6365.2663,945.4844,903.2969833333332,0.0,903.2969833333332,base,base,28,,903.2969833333332,0.0,10.039633333333311,0.0,0.0,9135.91381175812,9124.758663609971,10800.0,879.9919211633332,0.0,1.1155148148148128,879.9919211633331,0.0,879.9919211633331,0.0
T_base_6000,2025-09-23,2025-09-23,104,2025-09-23 17:20:00,2025-09-23 17:30:00,0.9862,6368.49,630.1875,6543.08,683.6625,976.5695833333332,0.0,976.5695833333332,base,base,28,,976.5695833333332,20.18583333333322,0.0,0.0,0.0,9124.758663609971,9142.925913609972,10800.0,963.0929230833332,0.0,2.018583333333322,963.0929230833332,0.0,963.0929230833332,0.0
T_base_6000,2025-09-23,2025-09-23,105,2025-09-23 17:30:00,2025-09-23 17:40:00,0.976,6667.634,356.458,6702.631,425.9356,1046.1159,0.0,1046.1159,base,base,28,,1046.1159,0.0,5.746766666666645,0.0,0.0,9142.925913609972,9136.540617313676,10800.0,1021.0091184,0.0,0.6385296296296274,1021.0091184,0.0,1021.0091184,0.0
T_base_6000,2025-09-23,2025-09-23,106,2025-09-23 17:40:00,2025-09-23 17:50:00,1.0742,5886.4358,131.4439,5992.5794,174.4761,969.6838833333333,0.0,969.6838833333333,base,base,28,,969.6838833333333,10.51856666666663,0.0,0.0,0.0,9136.540617313676,9146.007327313677,10800.0,1041.6344274766666,0.0,1.0518566666666627,1041.6344274766666,0.0,1041.6344274766666,0.0
T_base_6000,2025-09-23,2025-09-23,107,2025-09-23 17:50:00,2025-09-23 18:00:00,1.2313,4515.87,0.0,4835.08,0.0,805.8466666666666,0.0,805.8466666666666,base,base,28,,805.8466666666666,53.2016666666666,0.0,0.0,0.0,9146.007327313677,9193.888827313676,10800.0,992.2390006666666,0.0,5.320166666666658,992.2390006666666,0.0,992.2390006666666,0.0
T_base_6000,2025-09-23,2025-09-23,108,2025-09-23 18:00:00,2025-09-23 18:10:00,1.2561,4585.9791,0.0,4585.0492,0.0,764.1748666666667,0.0,764.1748666666667,base,base,28,,764.1748666666667,0.0,0.1549833333331207,0.0,0.0,9193.888827313676,9193.716623609973,10800.0,959.88005002,0.0,0.017220370370346752,959.8800500200001,0.0,959.8800500200001,0.0
T_base_6000,2025-09-23,2025-09-23,109,2025-09-23 18:10:00,2025-09-23 18:20:00,1.2447,4985.787,4.4234,4700.096,6.1848,782.3185333333332,0.0,782.3185333333332,base,base,28,,782.3185333333332,0.0,47.90873333333354,0.0,0.0,9193.716623609973,9140.484697684047,10800.0,973.7518784399998,0.0,5.323192592592617,973.7518784399998,0.0,973.7518784399998,0.0
T_base_6000,2025-09-23,2025-09-23,110,2025-09-23 18:20:00,2025-09-23 18:30:00,1.2545,5006.5,0.0,4806.54,0.0,801.0899999999999,0.0,801.0899999999999,base,base,28,,801.0899999999999,0.0,33.32666666666671,0.0,0.0,9140.484697684047,9103.455068054418,10800.0,1004.967405,0.0,3.7029629629629697,1004.9674049999999,0.0,1004.9674049999999,0.0
T_base_6000,2025-09-23,2025-09-23,111,2025-09-23 18:30:00,2025-09-23 18:40:00,1.2522,5016.9579,0.0,5029.1871,0.0,838.19785,0.0,838.19785,base,base,28,,838.19785,2.0381999999999607,0.0,0.0,0.0,9103.455068054418,9105.289448054418,10800.0,1049.59134777,0.0,0.20381999999999603,1049.59134777,0.0,1049.59134777,0.0
T_base_6000,2025-09-23,2025-09-23,112,2025-09-23 18:40:00,2025-09-23 18:50:00,1.2881,4862.5058,0.3176,4889.8514,0.444,814.9012333333332,0.0,814.9012333333332,base,base,28,,814.9012333333332,4.536533333333296,0.0,0.0,0.0,9105.289448054418,9109.372328054418,10800.0,1049.6742786566665,0.0,0.45365333333332947,1049.6742786566665,0.0,1049.6742786566665,0.0
T_base_6000,2025-09-23,2025-09-23,113,2025-09-23 18:50:00,2025-09-23 19:00:00,1.3466,4664.56,0.0,4602.8,0.0,767.1333333333333,0.0,767.1333333333333,base,base,28,,0.0,0.0,777.4266666666667,0.0,0.0,9109.372328054418,8245.564920647012,9947.62962962963,0.0,0.0,86.38074074074079,0.0,0.0,0.0,0.0
T_base_6000,2025-09-23,2025-09-23,114,2025-09-23 19:00:00,2025-09-23 19:10:00,1.3523,4794.5933,0.0,4878.9151,0.0,813.1525166666667,0.0,813.1525166666667,base,base,28,,0.0,0.0,799.0988833333333,0.0,0.0,8245.564920647012,7357.677272498863,9044.126833333334,0.0,0.0,88.78876481481485,0.0,0.0,0.0,0.0
T_base_6000,2025-09-23,2025-09-23,115,2025-09-23 19:10:00,2025-09-23 19:20:00,1.3445,4953.598,0.0228,5049.4296,0.0319,841.5662833333333,0.0,841.5662833333333,base,base,28,,8.232950000000073,0.0,817.3629166666666,0.0,0.0,7357.677272498863,6449.496253980345,8118.200907407408,11.0692012750001,0.0,90.81810185185188,11.069201275000099,0.0,11.069201275000099,0.0
T_base_6000,2025-09-23,2025-09-23,116,2025-09-23 19:20:00,2025-09-23 19:30:00,1.3483,4906.9,0.0,4902.19,0.0,817.0316666666665,0.0,817.0316666666665,base,base,28,,0.0,0.0,817.8166666666666,0.0,0.0,6449.496253980345,5540.811068795159,7210.387944444445,0.0,0.0,90.86851851851856,0.0,0.0,0.0,0.0
T_base_6000,2025-09-23,2025-09-23,117,2025-09-23 19:30:00,2025-09-23 19:40:00,1.349,4721.0181,0.0,4891.8419,0.0,815.3069833333334,0.0,815.3069833333334,base,base,28,,0.0,0.0,786.83635,0.0,0.0,5540.811068795159,4666.548457684048,6304.491296296296,0.0,0.0,87.42626111111116,0.0,0.0,0.0,0.0
T_base_6000,2025-09-23,2025-09-23,118,2025-09-23 19:40:00,2025-09-23 19:50:00,1.3473,4705.315,0.0016,4903.2757,0.0023,817.2122333333333,0.0,817.2122333333333,base,base,28,,0.0,0.0,784.2189,0.0,0.0,4666.548457684048,3795.194124350715,5396.477703703704,0.0,0.0,87.13543333333337,0.0,0.0,0.0,0.0
T_base_6000,2025-09-23,2025-09-23,119,2025-09-23 19:50:00,2025-09-23 20:00:00,1.3482,4871.47,0.0,4818.68,0.0,803.1133333333333,0.0,803.1133333333333,base,base,28,,0.0,0.0,811.9116666666666,0.0,0.0,3795.194124350715,2893.070050276641,4504.129555555555,0.0,0.0,90.21240740740744,0.0,0.0,0.0,0.0
T_base_6000,2025-09-23,2025-09-23,120,2025-09-23 20:00:00,2025-09-23 20:10:00,1.3513,4963.0687,0.0,4696.702,0.0,782.7836666666667,0.0,782.7836666666667,base,base,28,,0.0,0.0,827.1781166666666,0.0,0.0,2893.070050276641,1973.983253980345,3634.3699259259256,0.0,0.0,91.90867962962966,0.0,0.0,0.0,0.0
T_base_6000,2025-09-23,2025-09-23,121,2025-09-23 20:10:00,2025-09-23 20:20:00,1.34,5061.4062,0.0,4700.0445,0.0,783.34075,0.0,783.34075,base,base,28,,233.76865000000043,0.0,609.7990499999996,0.0,0.0,1973.983253980345,1296.428753980345,3023.7342592592595,313.2499910000006,0.0,67.75544999999998,313.2499910000006,0.0,313.2499910000006,0.0
T_base_6000,2025-09-23,2025-09-23,122,2025-09-23 20:20:00,2025-09-23 20:30:00,1.3489,5038.25,0.0,4852.22,0.0,808.7033333333334,0.0,808.7033333333334,base,base,28,,0.0,0.0,86.78587858231045,752.9224547510228,0.0,1296.428753980345,1200.0,2125.175,0.0,5078.085496068274,9.642875398034498,0.0,5078.085496068274,5078.085496068274,0.0
T_base_6000,2025-09-23,2025-09-23,123,2025-09-23 20:30:00,2025-09-23 20:40:00,1.3952,4709.3717,0.0,4995.945,0.0,832.6574999999999,0.0,832.6574999999999,base,base,28,,0.0,0.0,0.0,784.8952833333333,0.0,1200.0,1200.0,1200.0,0.0,5475.429496533333,0.0,0.0,5475.429496533333,5475.429496533333,0.0
T_base_6000,2025-09-23,2025-09-23,124,2025-09-23 20:40:00,2025-09-23 20:50:00,1.2226,4809.9708,0.0,4921.7777,0.0,820.2962833333332,0.0,820.2962833333332,base,base,28,,820.2962833333332,18.634483333333264,0.0,0.0,0.0,1200.0,1216.771035,1200.0,1002.8942360033332,0.0,1.863448333333326,1002.8942360033332,0.0,1002.8942360033332,0.0
T_base_6000,2025-09-23,2025-09-23,125,2025-09-23 20:50:00,2025-09-23 21:00:00,0.9332,5215.3,0.0,4789.94,0.0,798.3233333333333,0.0,798.3233333333333,base,base,28,,798.3233333333333,0.0,15.093931499999986,55.79940183333345,0.0,1216.771035,1200.0,1200.0,744.9953346666666,260.36000895433386,1.6771034999999992,744.9953346666666,260.36000895433386,1005.3553436210004,0.0
T_base_6000,2025-09-23,2025-09-23,126,2025-09-23 21:00:00,2025-09-23 21:10:00,0.9068,5055.1463,0.0,4921.2572,0.0,820.2095333333333,0.0,820.2095333333333,base,base,28,,820.2095333333333,0.0,0.0,22.31485000000009,0.0,1200.0,1200.0,1200.0,743.7660048266666,101.17552990000044,0.0,743.7660048266666,101.17552990000041,844.941534726667,0.0
T_base_6000,2025-09-23,2025-09-23,127,2025-09-23 21:10:00,2025-09-23 21:20:00,0.9371,4827.5711,0.0,4795.1606,0.0,799.1934333333334,0.0,799.1934333333334,base,base,28,,799.1934333333334,0.0,0.0,5.401749999999993,0.0,1200.0,1200.0,1200.0,748.9241663766667,25.309899624999968,0.0,748.9241663766667,25.309899624999968,774.2340660016666,0.0
T_base_6000,2025-09-23,2025-09-23,128,2025-09-23 21:20:00,2025-09-23 21:30:00,0.9371,4880.29,0.0,4582.3,0.0,763.7166666666667,0.0,763.7166666666667,base,base,28,,763.7166666666667,0.0,0.0,49.66499999999997,0.0,1200.0,1200.0,1200.0,715.6788883333334,232.70535749999985,0.0,715.6788883333334,232.70535749999988,948.3842458333332,0.0
T_base_6000,2025-09-23,2025-09-23,129,2025-09-23 21:30:00,2025-09-23 21:40:00,0.9871,4979.2148,0.0,4908.0858,0.0,818.0142999999999,0.0,818.0142999999999,base,base,28,,818.0142999999999,0.0,0.0,11.854833333333318,0.0,1200.0,1200.0,1200.0,807.4619155299999,58.50952991666659,0.0,807.4619155299999,58.509529916666594,865.9714454466665,0.0
T_base_6000,2025-09-23,2025-09-23,130,2025-09-23 21:40:00,2025-09-23 21:50:00,0.7764,4609.119,0.0,4661.9285,0.0,776.9880833333333,0.0,776.9880833333333,base,base,28,,776.9880833333333,8.801583333333383,0.0,0.0,0.0,1200.0,1207.921425,1200.0,603.2535479,0.0,0.8801583333333381,603.2535479,0.0,603.2535479,0.0
T_base_6000,2025-09-23,2025-09-23,131,2025-09-23 21:50:00,2025-09-23 22:00:00,0.4209,3835.46,0.0,3835.63,0.0,639.2716666666666,0.0,639.2716666666666,base,base,28,,1472.605,833.3333333333333,0.0,0.0,0.0283333333334212,1207.921425,1957.921425,1950.0,619.8194445,0.0,83.3333333333333,619.8194445,0.0,619.8194445,0.0
T_base_6000,2025-09-23,2025-09-23,132,2025-09-23 22:00:00,2025-09-23 22:10:00,0.3859,3320.6494,0.0,3598.3753,0.0,599.7292166666666,0.0,599.7292166666666,base,base,28,,1433.06255,833.3333333333333,0.0,0.0,46.28764999999999,1957.921425,2707.921425,2700.0,553.0188380449999,0.0,83.3333333333333,553.018838045,0.0,553.018838045,0.0
T_base_6000,2025-09-23,2025-09-23,133,2025-09-23 22:10:00,2025-09-23 22:20:00,0.4368,3496.0714,0.0,3658.3589,0.0,609.7264833333334,0.0,609.7264833333334,base,base,28,,609.7264833333334,27.047916666666765,0.0,0.0,0.0,2707.921425,2732.26455,2700.0,266.32852792,0.0,2.704791666666676,266.32852792,0.0,266.32852792,0.0
T_base_6000,2025-09-23,2025-09-23,134,2025-09-23 22:20:00,2025-09-23 22:30:00,0.4198,3883.24,0.0,3679.49,0.0,613.2483333333332,0.0,613.2483333333332,base,base,28,,1446.5816666666665,799.3749999999999,0.0,0.0,0.0,2732.26455,3451.70205,3450.0,607.2749836666666,0.0,79.93749999999997,607.2749836666666,0.0,607.2749836666666,0.0
T_base_6000,2025-09-23,2025-09-23,135,2025-09-23 22:30:00,2025-09-23 22:40:00,0.4186,3580.1991,0.0,3675.7073,0.0,612.6178833333333,0.0,612.6178833333333,base,base,28,,1445.9512166666666,833.3333333333333,0.0,0.0,15.91803333333337,3451.70205,4201.70205,4200.0,605.2751792966667,0.0,83.3333333333333,605.2751792966667,0.0,605.2751792966667,0.0
T_base_6000,2025-09-23,2025-09-23,136,2025-09-23 22:40:00,2025-09-23 22:50:00,0.4241,3332.1137,0.0,3704.1898,0.0,617.3649666666666,0.0,617.3649666666666,base,base,28,,617.3649666666666,62.01268333333337,0.0,0.0,0.0,4201.70205,4257.513465,4200.0,261.8244823633333,0.0,6.201268333333336,261.8244823633333,0.0,261.8244823633333,0.0
T_base_6000,2025-09-23,2025-09-23,137,2025-09-23 22:50:00,2025-09-23 23:00:00,0.4237,3416.1,0.0,3714.13,0.0,619.0216666666666,0.0,619.0216666666666,base,base,28,,1452.355,833.3333333333333,0.0,0.0,49.67166666666685,4257.513465,5007.513465,4950.0,615.3628135,0.0,83.3333333333333,615.3628135,0.0,615.3628135,0.0
T_base_6000,2025-09-23,2025-09-23,138,2025-09-23 23:00:00,2025-09-23 23:10:00,0.4248,3387.9352,0.0,3626.4469,0.0,604.4078166666666,0.0,604.4078166666666,base,base,28,,604.4078166666666,39.751949999999965,0.0,0.0,0.0,5007.513465,5043.29022,4950.0,256.75244052,0.0,3.975194999999996,256.75244052,0.0,256.75244052,0.0
T_base_6000,2025-09-23,2025-09-23,139,2025-09-23 23:10:00,2025-09-23 23:20:00,0.424,3459.0094,0.0,3690.0841,0.0,615.0140166666666,0.0,615.0140166666666,base,base,28,,615.0140166666666,38.51245000000006,0.0,0.0,0.0,5043.29022,5077.951425,4950.0,260.76594306666664,0.0,3.851245000000005,260.76594306666664,0.0,260.76594306666664,0.0
T_base_6000,2025-09-23,2025-09-23,140,2025-09-23 23:20:00,2025-09-23 23:30:00,0.422,3661.95,0.0,3800.23,0.0,633.3716666666667,0.0,633.3716666666667,base,base,28,,1466.705,833.3333333333333,0.0,0.0,23.046666666666734,5077.951425,5827.951425,5700.0,618.9495099999999,0.0,83.3333333333333,618.9495099999999,0.0,618.9495099999999,0.0
T_base_6000,2025-09-23,2025-09-23,141,2025-09-23 23:30:00,2025-09-23 23:40:00,0.424,3702.4038,0.0,3632.9661,0.0,605.4943499999999,0.0,605.4943499999999,base,base,28,,938.8276833333332,321.76038333333327,0.0,0.0,0.0,5827.951425,6117.53577,6000.0,398.0629377333333,0.0,32.17603833333332,398.0629377333333,0.0,398.0629377333333,0.0
T_base_6000,2025-09-23,2025-09-23,142,2025-09-23 23:40:00,2025-09-23 23:50:00,0.4271,3409.7885,0.0,3700.6194,0.0,616.7699,0.0,616.7699,base,base,28,,616.7699,48.471816666666655,0.0,0.0,0.0,6117.53577,6161.1604050000005,6000.0,263.42242429,0.0,4.847181666666664,263.42242429,0.0,263.42242429,0.0
T_base_6000,2025-09-23,2025-09-23,143,2025-09-23 23:50:00,2025-09-24 00:00:00,0.4276,3147.61,0.0,3923.31,0.0,653.885,0.0,653.885,base,base,28,,653.885,129.2833333333333,0.0,0.0,0.0,6161.1604050000005,6277.515405,6000.0,279.601226,0.0,12.928333333333327,279.601226,0.0,279.601226,0.0
T_base_6000,2025-12-21,2025-12-21,0,2025-12-21 00:00:00,2025-12-21 00:10:00,0.4248,3576.1063,0.0,3556.1474,0.0,592.6912333333332,0.0,592.6912333333332,base,base,28,,1426.0245666666665,830.0068499999999,0.0,0.0,0.0,5845.238578148149,6592.244743148149,6595.238578148149,605.7752359199999,0.0,83.00068499999998,605.7752359199999,0.0,605.7752359199999,0.0
T_base_6000,2025-12-21,2025-12-21,1,2025-12-21 00:10:00,2025-12-21 00:20:00,0.4245,3537.871,0.0,3367.4634,0.0,561.2438999999999,0.0,561.2438999999999,base,base,28,,1394.5772333333332,804.9320666666665,0.0,0.0,0.0,6592.244743148149,7316.683603148149,7345.23857814815,591.9980355499999,0.0,80.49320666666664,591.9980355499999,0.0,591.9980355499999,0.0
T_base_6000,2025-12-21,2025-12-21,2,2025-12-21 00:20:00,2025-12-21 00:30:00,0.4269,3472.1,0.0,3429.29,0.0,571.5483333333333,0.0,571.5483333333333,base,base,28,,1404.881666666667,826.1983333333334,0.0,0.0,0.0,7316.683603148149,8060.262103148148,8095.23857814815,599.7439835,0.0,82.61983333333332,599.7439835000001,0.0,599.7439835000001,0.0
T_base_6000,2025-12-21,2025-12-21,3,2025-12-21 00:30:00,2025-12-21 00:40:00,0.4272,3388.2602,0.0,3676.387,0.0,612.7311666666667,0.0,612.7311666666667,base,base,28,,1446.0645,833.3333333333333,0.0,0.0,48.02113333333341,8060.262103148148,8810.262103148149,8845.23857814815,617.7587544,0.0,83.3333333333333,617.7587544,0.0,617.7587544,0.0
T_base_6000,2025-12-21,2025-12-21,4,2025-12-21 00:40:00,2025-12-21 00:50:00,0.4271,3299.4233,0.0,3757.6546,0.0,626.2757666666666,0.0,626.2757666666666,base,base,28,,1459.6091,833.3333333333333,0.0,0.0,76.37188333333336,8810.262103148149,9560.262103148149,9595.23857814815,623.3990466099999,0.0,83.3333333333333,623.3990466099999,0.0,623.3990466099999,0.0
T_base_6000,2025-12-21,2025-12-21,5,2025-12-21 00:50:00,2025-12-21 01:00:00,0.4285,3349.26,0.0,3650.77,0.0,608.4616666666666,0.0,608.4616666666666,base,base,28,,608.4616666666666,50.25166666666655,0.0,0.0,0.0,9560.262103148149,9605.48860314815,9595.23857814815,260.72582416666665,0.0,5.025166666666654,260.72582416666665,0.0,260.72582416666665,0.0
T_base_6000,2025-12-21,2025-12-21,6,2025-12-21 01:00:00,2025-12-21 01:10:00,0.4311,3662.0911,0.0,3636.1785,0.0,606.0297499999999,0.0,606.0297499999999,base,base,28,,606.0297499999999,0.0,4.318766666666761,0.0,0.0,9605.48860314815,9600.68997351852,9595.23857814815,261.259425225,0.0,0.47986296296297365,261.259425225,0.0,261.259425225,0.0
T_base_6000,2025-12-21,2025-12-21,7,2025-12-21 01:10:00,2025-12-21 01:20:00,0.4302,3799.4157,0.0,3630.4656,0.0,605.0776,0.0,605.0776,base,base,28,,605.0776,0.0,28.15835000000004,0.0,0.0,9600.68997351852,9569.402917962963,9595.23857814815,260.30438352,0.0,3.1287055555555616,260.30438352,0.0,260.30438352,0.0
T_base_6000,2025-12-21,2025-12-21,8,2025-12-21 01:20:00,2025-12-21 01:30:00,0.4279,3736.18,0.0,3593.03,0.0,598.8383333333334,0.0,598.8383333333334,base,base,28,,1104.1288020576112,481.4321353909446,0.0,0.0,0.0,9569.402917962963,10002.691839814814,10050.0,472.4567144004519,0.0,48.14321353909445,472.45671440045186,0.0,472.45671440045186,0.0
T_base_6000,2025-12-21,2025-12-21,9,2025-12-21 01:30:00,2025-12-21 01:40:00,0.4312,3824.9356,0.0,3602.2286,0.0,600.3714333333332,0.0,600.3714333333332,base,base,28,,600.3714333333332,0.0,37.11783333333335,0.0,0.0,10002.691839814814,9961.449802777775,10050.0,258.8801620533333,0.0,4.124203703703707,258.8801620533333,0.0,258.8801620533333,0.0
T_base_6000,2025-12-21,2025-12-21,10,2025-12-21 01:40:00,2025-12-21 01:50:00,0.4333,3734.208,0.0,3658.5023,0.0,609.7503833333333,0.0,609.7503833333333,base,base,28,,609.7503833333333,0.0,12.617616666666663,0.0,0.0,9961.449802777775,9947.430228703704,10050.0,264.2048410983333,0.0,1.4019574074074077,264.2048410983333,0.0,264.2048410983333,0.0
T_base_6000,2025-12-21,2025-12-21,11,2025-12-21 01:50:00,2025-12-21 02:00:00,0.4311,3587.15,0.0,3712.62,0.0,618.77,0.0,618.77,base,base,28,,618.77,20.911666666666637,0.0,0.0,0.0,9947.430228703704,9966.250728703702,10050.0,266.751747,0.0,2.091166666666663,266.75174699999997,0.0,266.75174699999997,0.0
T_base_6000,2025-12-21,2025-12-21,12,2025-12-21 02:00:00,2025-12-21 02:10:00,0.4293,3856.4774,0.0,3725.8178,0.0,620.9696333333333,0.0,620.9696333333333,base,base,28,,620.9696333333333,0.0,21.77660000000003,0.0,0.0,9966.250728703702,9942.05450648148,10050.0,266.58226359,0.0,2.419622222222227,266.58226358999997,0.0,266.58226358999997,0.0
T_base_6000,2025-12-21,2025-12-21,13,2025-12-21 02:10:00,2025-12-21 02:20:00,0.4324,3923.2147,0.0,3808.8429,0.0,634.80715,0.0,634.80715,base,base,28,,634.80715,0.0,19.06196666666665,0.0,0.0,9942.05450648148,9920.874543518516,10050.0,274.49061166,0.0,2.1179962962962953,274.49061166,0.0,274.49061166,0.0
T_base_6000,2025-12-21,2025-12-21,14,2025-12-21 02:20:00,2025-12-21 02:30:00,0.4367,3730.5,0.0,3949.55,0.0,658.2583333333333,0.0,658.2583333333333,base,base,28,,658.2583333333333,36.508333333333326,0.0,0.0,0.0,9920.874543518516,9953.732043518516,10050.0,287.46141416666666,0.0,3.6508333333333316,287.46141416666666,0.0,287.46141416666666,0.0
T_base_6000,2025-12-21,2025-12-21,15,2025-12-21 02:30:00,2025-12-21 02:40:00,0.4348,3819.86,0.0,4008.5848,0.0,668.0974666666666,0.0,668.0974666666666,base,base,28,,668.0974666666666,31.45413333333329,0.0,0.0,0.0,9953.732043518516,9982.040763518517,10050.0,290.4887785066667,0.0,3.145413333333328,290.4887785066667,0.0,290.4887785066667,0.0
T_base_6000,2025-12-21,2025-12-21,16,2025-12-21 02:40:00,2025-12-21 02:50:00,0.4335,3791.4644,0.0,3980.4251,0.0,663.4041833333333,0.0,663.4041833333333,base,base,28,,663.4041833333333,31.493450000000053,0.0,0.0,0.0,9982.040763518517,10010.384868518517,10050.0,287.585713475,0.0,3.1493450000000047,287.585713475,0.0,287.585713475,0.0
T_base_6000,2025-12-21,2025-12-21,17,2025-12-21 02:50:00,2025-12-21 03:00:00,0.4357,3751.73,0.0,3902.28,0.0,650.38,0.0,650.38,base,base,28,,650.38,25.091666666666697,0.0,0.0,0.0,10010.384868518517,10032.967368518515,10050.0,283.370566,0.0,2.509166666666669,283.370566,0.0,283.370566,0.0
T_base_6000,2025-12-21,2025-12-21,18,2025-12-21 03:00:00,2025-12-21 03:10:00,0.4374,4180.5461,0.0,3841.0019,0.0,640.1669833333333,0.0,640.1669833333333,base,base,28,,640.1669833333333,0.0,56.59069999999997,0.0,0.0,10032.967368518515,9970.088812962962,10050.0,280.00903851,0.0,6.287855555555555,280.00903851,0.0,280.00903851,0.0
T_base_6000,2025-12-21,2025-12-21,19,2025-12-21 03:10:00,2025-12-21 03:20:00,0.4371,4115.3327,0.0,3938.1938,0.0,656.3656333333333,0.0,656.3656333333333,base,base,28,,656.3656333333333,0.0,29.523149999999987,0.0,0.0,9970.088812962962,9937.285312962962,10050.0,286.89741833,0.0,3.28035,286.89741833,0.0,286.89741833,0.0
T_base_6000,2025-12-21,2025-12-21,20,2025-12-21 03:20:00,2025-12-21 03:30:00,0.4356,3748.74,0.0,4040.34,0.0,673.39,0.0,673.39,base,base,28,,673.39,48.60000000000002,0.0,0.0,0.0,9937.285312962962,9981.025312962962,10050.0,293.328684,0.0,4.860000000000001,293.328684,0.0,293.328684,0.0
T_base_6000,2025-12-21,2025-12-21,21,2025-12-21 03:30:00,2025-12-21 03:40:00,0.4353,4220.4858,0.0,3859.3277,0.0,643.2212833333333,0.0,643.2212833333333,base,base,28,,643.2212833333333,0.0,60.19301666666672,0.0,0.0,9981.025312962962,9914.144183333332,10050.0,279.994224635,0.0,6.688112962962972,279.994224635,0.0,279.994224635,0.0
T_base_6000,2025-12-21,2025-12-21,22,2025-12-21 03:40:00,2025-12-21 03:50:00,0.436,4423.9257,0.0,3801.431,0.0,633.5718333333333,0.0,633.5718333333333,base,base,28,,633.5718333333333,0.0,103.74911666666662,0.0,0.0,9914.144183333332,9798.867387037037,10050.0,276.23731933333335,0.0,11.52767962962963,276.23731933333335,0.0,276.23731933333335,0.0
T_base_6000,2025-12-21,2025-12-21,23,2025-12-21 03:50:00,2025-12-21 04:00:00,0.4378,4079.15,0.0,3946.69,0.0,657.7816666666666,0.0,657.7816666666666,base,base,28,,657.7816666666666,0.0,22.07666666666671,0.0,0.0,9798.867387037037,9774.337757407406,10050.0,287.97681366666666,0.0,2.452962962962969,287.97681366666666,0.0,287.97681366666666,0.0
T_base_6000,2025-12-21,2025-12-21,24,2025-12-21 04:00:00,2025-12-21 04:10:00,0.4401,4038.9424,0.0,3984.0426,0.0,664.0071,0.0,664.0071,base,base,28,,664.0071,0.0,9.149966666666614,0.0,0.0,9774.337757407406,9764.171127777776,10050.0,292.22952471,0.0,1.0166629629629576,292.22952471,0.0,292.22952471,0.0
T_base_6000,2025-12-21,2025-12-21,25,2025-12-21 04:10:00,2025-12-21 04:20:00,0.4389,4082.3954,0.0,4043.9085,0.0,673.98475,0.0,673.98475,base,base,28,,673.98475,0.0,6.414483333333351,0.0,0.0,9764.171127777776,9757.043924074072,10050.0,295.811906775,0.0,0.7127203703703726,295.811906775,0.0,295.811906775,0.0
T_base_6000,2025-12-21,2025-12-21,26,2025-12-21 04:20:00,2025-12-21 04:30:00,0.4364,4064.87,0.0,4208.34,0.0,701.39,0.0,701.39,base,base,28,,701.39,23.911666666666747,0.0,0.0,0.0,9757.043924074072,9778.564424074071,10050.0,306.086596,0.0,2.391166666666674,306.086596,0.0,306.086596,0.0
T_base_6000,2025-12-21,2025-12-21,27,2025-12-21 04:30:00,2025-12-21 04:40:00,0.4393,4121.8784,0.0,4361.7707,0.0,726.9617833333333,0.0,726.9617833333333,base,base,28,,726.9617833333333,39.98205000000007,0.0,0.0,0.0,9778.564424074071,9814.548269074074,10050.0,319.35431141833334,0.0,3.9982050000000062,319.35431141833334,0.0,319.35431141833334,0.0
T_base_6000,2025-12-21,2025-12-21,28,2025-12-21 04:40:00,2025-12-21 04:50:00,0.4422,4083.6154,0.0,4272.1393,0.0,712.0232166666666,0.0,712.0232166666666,base,base,28,,712.0232166666666,31.42064999999991,0.0,0.0,0.0,9814.548269074074,9842.826854074074,10050.0,314.85666640999995,0.0,3.1420649999999903,314.85666640999995,0.0,314.85666640999995,0.0
T_base_6000,2025-12-21,2025-12-21,29,2025-12-21 04:50:00,2025-12-21 05:00:00,0.4395,4032.31,0.0,4064.68,0.0,677.4466666666666,0.0,677.4466666666666,base,base,28,,677.4466666666666,5.394999999999982,0.0,0.0,0.0,9842.826854074074,9847.682354074072,10050.0,297.73781,0.0,0.5394999999999981,297.73780999999997,0.0,297.73780999999997,0.0
T_base_6000,2025-12-21,2025-12-21,30,2025-12-21 05:00:00,2025-12-21 05:10:00,0.4333,4217.9422,0.0023,4095.3383,0.002,682.5560499999999,0.0,682.5560499999999,base,base,28,,682.5560499999999,0.0,20.43393333333347,0.0,0.0,9847.682354074072,9824.977983703702,10050.0,295.751536465,0.0,2.2704370370370532,295.75153646499996,0.0,295.75153646499996,0.0
T_base_6000,2025-12-21,2025-12-21,31,2025-12-21 05:10:00,2025-12-21 05:20:00,0.4439,4253.2484,0.0,4118.0415,0.0,686.34025,0.0,686.34025,base,base,28,,686.34025,0.0,22.534483333333355,0.0,0.0,9824.977983703702,9799.939668888888,10050.0,304.666436975,0.0,2.5038314814814853,304.666436975,0.0,304.666436975,0.0
T_base_6000,2025-12-21,2025-12-21,32,2025-12-21 05:20:00,2025-12-21 05:30:00,0.4301,4066.58,0.0,4041.16,0.0,673.5266666666666,0.0,673.5266666666666,base,base,28,,673.5266666666666,0.0,4.236666666666679,0.0,0.0,9799.939668888888,9795.23226148148,10050.0,289.6838193333333,0.0,0.4707407407407423,289.6838193333333,0.0,289.6838193333333,0.0
T_base_6000,2025-12-21,2025-12-21,33,2025-12-21 05:30:00,2025-12-21 05:40:00,0.3713,4077.7781,0.0316,4101.2526,0.0285,683.5373499999998,0.0,683.5373499999998,base,base,28,,1516.870683333333,833.3333333333333,0.0,0.0,3.912933333333172,9795.23226148148,10545.23226148148,10800.0,563.2140847216666,0.0,83.3333333333333,563.2140847216666,0.0,563.2140847216666,0.0
T_base_6000,2025-12-21,2025-12-21,34,2025-12-21 05:40:00,2025-12-21 05:50:00,0.5708,4717.7146,0.0,4586.0753,0.0,764.3458833333334,0.0,764.3458833333334,base,base,28,,764.3458833333334,0.0,21.939883333333228,0.0,0.0,10545.23226148148,10520.854613333331,10800.0,436.2886302066667,0.0,2.437764814814804,436.2886302066667,0.0,436.2886302066667,0.0
T_base_6000,2025-12-21,2025-12-21,35,2025-12-21 05:50:00,2025-12-21 06:00:00,0.9099,5490.65,0.0,5227.27,0.0,871.2116666666667,0.0,871.2116666666667,base,base,28,,871.2116666666667,0.0,43.89666666666653,0.0,0.0,10520.854613333331,10472.08053925926,10800.0,792.7154955000001,0.0,4.877407407407395,792.7154955000001,0.0,792.7154955000001,0.0
T_base_6000,2025-12-21,2025-12-21,36,2025-12-21 06:00:00,2025-12-21 06:10:00,0.9368,5439.318,0.4406,5402.0967,0.3963,900.2833999999999,0.0,900.2833999999999,base,base,28,,225.28339999999992,0.0,681.1961666666667,0.0,0.0,10472.08053925926,9715.19590962963,10050.0,211.0454891199999,0.0,75.688462962963,211.0454891199999,0.0,211.0454891199999,0.0
T_base_6000,2025-12-21,2025-12-21,37,2025-12-21 06:10:00,2025-12-21 06:20:00,0.8758,5407.8325,0.0,5325.5478,0.0,887.5913,0.0,887.5913,base,base,28,,887.5913,0.0,13.714116666666657,0.0,0.0,9715.19590962963,9699.958002222224,10050.0,777.35246054,0.0,1.5237907407407403,777.35246054,0.0,777.35246054,0.0
T_base_6000,2025-12-21,2025-12-21,38,2025-12-21 06:20:00,2025-12-21 06:30:00,0.8759,5587.05,0.0,5273.41,0.0,878.9016666666666,0.0,878.9016666666666,base,base,28,,878.9016666666666,0.0,52.27333333333331,0.0,0.0,9699.958002222224,9641.87652074074,10050.0,769.8299698333333,0.0,5.808148148148148,769.8299698333333,0.0,769.8299698333333,0.0
T_base_6000,2025-12-21,2025-12-21,39,2025-12-21 06:30:00,2025-12-21 06:40:00,0.8601,5351.2866,6.1366,5332.3028,5.5202,887.7971,0.0,887.7971,base,base,28,,887.7971,0.0,3.061233333333348,0.0,0.0,9641.87652074074,9638.47515037037,10050.0,763.59428571,0.0,0.34013703703703885,763.59428571,0.0,763.59428571,0.0
T_base_6000,2025-12-21,2025-12-21,40,2025-12-21 06:40:00,2025-12-21 06:50:00,0.8442,5233.249,0.0,5448.9625,0.0,908.1604166666666,0.0,908.1604166666666,base,base,28,,908.1604166666666,35.95225000000005,0.0,0.0,0.0,9638.47515037037,9670.83217537037,10050.0,766.66902375,0.0,3.595225000000004,766.66902375,0.0,766.66902375,0.0
T_base_6000,2025-12-21,2025-12-21,41,2025-12-21 06:50:00,2025-12-21 07:00:00,0.8334,5374.2,0.0,5477.09,0.0,912.8483333333334,0.0,912.8483333333334,base,base,28,,912.8483333333334,17.148333333333426,0.0,0.0,0.0,9670.83217537037,9686.265675370369,10050.0,760.7678010000001,0.0,1.714833333333342,760.7678010000001,0.0,760.7678010000001,0.0
T_base_6000,2025-12-21,2025-12-21,42,2025-12-21 07:00:00,2025-12-21 07:10:00,0.8092,5360.7841,172.6829,5311.6794,154.8087,859.4784500000001,0.0,859.4784500000001,base,base,28,,859.4784500000001,0.0,5.2050833333332776,0.0,0.0,9686.265675370369,9680.482249444443,10050.0,695.4899617400001,0.0,0.5783425925925867,695.4899617400001,0.0,695.4899617400001,0.0
T_base_6000,2025-12-21,2025-12-21,43,2025-12-21 07:10:00,2025-12-21 07:20:00,0.7972,5321.3096,420.0356,5235.8538,373.5954,810.3763999999999,0.0,810.3763999999999,base,base,28,,810.3763999999999,0.0,6.5026000000000295,0.0,0.0,9680.482249444443,9673.257138333332,10050.0,646.0320660799999,0.0,0.7225111111111147,646.0320660799999,0.0,646.0320660799999,0.0
T_base_6000,2025-12-21,2025-12-21,44,2025-12-21 07:20:00,2025-12-21 07:30:00,0.7644,5231.72,690.675,5263.95,606.525,776.2375,0.0,776.2375,base,base,28,,776.2375,19.396666666666647,0.0,0.0,0.0,9673.257138333332,9690.714138333333,10050.0,593.3559449999999,0.0,1.9396666666666642,593.3559449999999,0.0,593.3559449999999,0.0
T_base_6000,2025-12-21,2025-12-21,45,2025-12-21 07:30:00,2025-12-21 07:40:00,0.6899,5065.8847,996.7377,5254.4509,867.132,731.2198166666667,0.0,731.2198166666667,base,base,28,,1564.55315,833.3333333333333,0.0,0.0,53.0286500000002,9690.714138333333,10440.714138333333,10800.0,1079.385218185,0.0,83.3333333333333,1079.385218185,0.0,1079.385218185,0.0
T_base_6000,2025-12-21,2025-12-21,46,2025-12-21 07:40:00,2025-12-21 07:50:00,0.86,5889.1246,1276.7125,5860.266,1127.5925,788.7789166666666,0.0,788.7789166666666,base,base,28,,788.7789166666666,20.04356666666672,0.0,0.0,0.0,10440.714138333333,10458.753348333334,10800.0,678.3498683333333,0.0,2.0043566666666717,678.3498683333333,0.0,678.3498683333333,0.0
T_base_6000,2025-12-21,2025-12-21,47,2025-12-21 07:50:00,2025-12-21 08:00:00,1.1617,7180.79,1539.8625,6843.61,1391.4,908.7016666666664,0.0,908.7016666666664,base,base,28,,75.36833333333323,0.0,833.3333333333333,31.452916666666734,0.0,10458.753348333334,9532.827422407408,9874.074074074077,87.5553928333332,182.69426645833371,92.59259259259262,87.5553928333332,182.69426645833371,270.24965929166694,182.69426645833371
T_base_6000,2025-12-21,2025-12-21,48,2025-12-21 08:00:00,2025-12-21 08:10:00,1.1683,7254.351,1860.1541,7193.4429,1682.7674,918.4459166666668,0.0,918.4459166666668,base,base,28,,85.11258333333342,0.0,813.9202333333332,0.0,0.0,9532.827422407408,8628.471607592594,8948.14814814815,99.43703110833344,0.0,90.4355814814815,99.43703110833343,0.0,99.43703110833343,0.0
T_base_6000,2025-12-21,2025-12-21,49,2025-12-21 08:10:00,2025-12-21 08:20:00,1.0956,7152.8955,2211.6206,7169.2307,1942.6551,871.0959333333333,0.0,871.0959333333333,base,base,28,,37.76260000000002,0.0,785.7832166666665,0.0,0.0,8628.471607592594,7755.379144629631,8022.222222222223,41.37270456000002,0.0,87.30924629629631,41.37270456000002,0.0,41.37270456000002,0.0
T_base_6000,2025-12-21,2025-12-21,50,2025-12-21 08:20:00,2025-12-21 08:30:00,1.0849,7367.01,2579.625,7137.33,2176.275,826.8425,0.0,826.8425,base,base,28,,0.0,0.0,797.8975,0.0,0.0,7755.379144629631,6868.826366851853,7103.508333333335,0.0,0.0,88.65527777777783,0.0,0.0,0.0,0.0
T_base_6000,2025-12-21,2025-12-21,51,2025-12-21 08:30:00,2025-12-21 08:40:00,1.061,7333.1326,2953.1787,7192.1147,2447.0445,790.8450333333333,0.0,790.8450333333333,base,base,28,,0.0,0.0,729.9923166666667,0.0,0.0,6868.826366851853,6057.723792777779,6224.791629629632,0.0,0.0,81.11025740740745,0.0,0.0,0.0,0.0
T_base_6000,2025-12-21,2025-12-21,52,2025-12-21 08:40:00,2025-12-21 08:50:00,1.043,7276.0603,3195.6035,7234.7979,2711.8548,753.8238499999999,0.0,753.8238499999999,base,base,28,,0.0,0.0,680.0761333333332,0.0,0.0,6057.723792777779,5302.083644629631,5387.209574074076,0.0,0.0,75.56401481481484,0.0,0.0,0.0,0.0
T_base_6000,2025-12-21,2025-12-21,53,2025-12-21 08:50:00,2025-12-21 09:00:00,1.036,7255.65,3341.5875,7206.45,2963.2125,707.2062499999998,0.0,707.2062499999998,base,base,28,,0.0,0.0,652.3437499999999,0.0,0.0,5302.083644629631,4577.257255740742,4601.424851851854,0.0,0.0,72.48263888888891,0.0,0.0,0.0,0.0
T_base_6000,2025-12-21,2025-12-21,54,2025-12-21 09:00:00,2025-12-21 09:10:00,1.0147,7076.8086,3572.7867,7154.2553,3236.2485,653.0011333333332,0.0,653.0011333333332,base,base,28,,0.0,0.0,584.00365,0.0,0.0,4577.257255740742,3928.3643112962977,3875.86803703704,0.0,0.0,64.88929444444447,0.0,0.0,0.0,0.0
T_base_6000,2025-12-21,2025-12-21,55,2025-12-21 09:10:00,2025-12-21 09:20:00,0.9922,7014.1683,3848.0561,7197.8707,3485.5191,618.7252666666667,0.0,618.7252666666667,base,base,28,,0.0,0.0,527.6853666666667,0.0,0.0,3928.3643112962977,3342.047237222224,3188.395518518521,0.0,0.0,58.63170740740744,0.0,0.0,0.0,0.0
T_base_6000,2025-12-21,2025-12-21,56,2025-12-21 09:20:00,2025-12-21 09:30:00,0.97,7150.59,4116.6,7265.28,3682.8375,597.0737499999999,0.0,597.0737499999999,base,base,28,,0.0,0.0,505.665,0.0,0.0,3342.047237222224,2780.197237222224,2524.9802407407437,0.0,0.0,56.18500000000003,0.0,0.0,0.0,0.0
T_base_6000,2025-12-21,2025-12-21,57,2025-12-21 09:30:00,2025-12-21 09:40:00,0.9422,7259.4501,4370.6969,7159.0986,3870.6809,548.0696166666667,0.0,548.0696166666667,base,base,28,,548.0696166666667,66.61075,0.0,0.0,0.0,2780.197237222224,2840.146912222224,2524.9802407407437,516.3911928233333,0.0,6.6610749999999985,516.3911928233333,0.0,516.3911928233333,0.0
T_base_6000,2025-12-21,2025-12-21,58,2025-12-21 09:40:00,2025-12-21 09:50:00,0.9569,7142.682,4583.0793,7013.0091,4209.5459,467.2438666666667,0.0,467.2438666666667,base,base,28,,467.2438666666667,40.64341666666678,0.0,0.0,0.0,2840.146912222224,2876.725987222224,2524.9802407407437,447.1056560133333,0.0,4.064341666666677,447.1056560133333,0.0,447.1056560133333,0.0
T_base_6000,2025-12-21,2025-12-21,59,2025-12-21 09:50:00,2025-12-21 10:00:00,0.9977,6912.23,4750.3875,6980.68,4610.2125,395.07791666666674,0.0,395.07791666666674,base,base,28,,0.0,0.0,360.30708333333325,0.0,0.0,2876.725987222224,2476.38478351852,2086.0047777777804,0.0,0.0,40.03412037037038,0.0,0.0,0.0,0.0
T_base_6000,2025-12-21,2025-12-21,60,2025-12-21 10:00:00,2025-12-21 10:10:00,0.9919,6873.3728,4886.2111,7094.7959,4852.7288,373.67785,0.0,373.67785,base,base,28,,0.0,0.0,331.19361666666657,0.0,0.0,2476.38478351852,2108.3918761111127,1670.8071666666692,0.0,0.0,36.799290740740744,0.0,0.0,0.0,0.0
T_base_6000,2025-12-21,2025-12-21,61,2025-12-21 10:10:00,2025-12-21 10:20:00,0.9588,6913.1885,4956.6279,7168.5149,5281.359,314.5259833333333,0.0,314.5259833333333,base,base,28,,75.0329499999977,0.0,251.0604833333356,0.0,0.0,2108.3918761111127,1829.4357835185176,1404.7037962962963,71.94159245999779,0.0,27.895609259259526,71.94159245999779,0.0,71.94159245999779,0.0
T_base_6000,2025-12-21,2025-12-21,62,2025-12-21 10:20:00,2025-12-21 10:30:00,0.9549,6951.47,4960.7625,7054.17,5746.0125,218.02625000000003,0.0,218.02625000000003,base,base,28,,218.02625000000003,0.0,113.75833333333335,0.0,0.0,1829.4357835185176,1703.0376353703691,1404.7037962962963,208.19326612500004,0.0,12.639814814814823,208.19326612500004,0.0,208.19326612500004,0.0
T_base_6000,2025-12-21,2025-12-21,63,2025-12-21 10:30:00,2025-12-21 10:40:00,0.9839,7040.6919,4946.2149,6816.159,5710.7585,184.2334166666666,0.0,184.2334166666666,base,base,28,,0.0,0.0,349.07949999999994,0.0,0.0,1703.0376353703691,1315.1715242592584,1200.0,0.0,0.0,38.78661111111112,0.0,0.0,0.0,0.0
T_base_6000,2025-12-21,2025-12-21,64,2025-12-21 10:40:00,2025-12-21 10:50:00,0.799,7195.1724,4968.8079,6956.2799,5630.2118,221.01135000000005,0.0,221.01135000000005,base,base,28,,221.01135000000005,0.0,103.65437183333256,46.3950281666675,0.0,1315.1715242592584,1200.0,1200.0,176.58806865000005,185.34813752583668,11.517152425925845,176.58806865000005,185.34813752583668,361.93620617583673,0.0
T_base_6000,2025-12-21,2025-12-21,65,2025-12-21 10:50:00,2025-12-21 11:00:00,0.5025,7266.62,4979.2125,7231.77,5759.025,245.45750000000007,0.0,245.45750000000007,base,base,28,,1078.7908333333337,697.5562500000001,0.0,0.0,0.0,1200.0,1827.800625,1950.0,542.09239375,0.0,69.755625,542.0923937500002,0.0,542.0923937500002,0.0
T_base_6000,2025-12-21,2025-12-21,66,2025-12-21 11:00:00,2025-12-21 11:10:00,0.4662,7080.5804,4907.9946,6895.6312,5911.9944,163.9394666666667,0.0,163.9394666666667,base,base,28,,997.2728,635.1751666666667,0.0,0.0,0.0,1827.800625,2399.458275,2700.0,464.92857936,0.0,63.51751666666665,464.92857935999996,0.0,464.92857935999996,0.0
T_base_6000,2025-12-21,2025-12-21,67,2025-12-21 11:10:00,2025-12-21 11:20:00,0.5007,6948.6094,5015.1025,6569.4148,5966.7895,100.43754999999994,0.0,100.43754999999994,base,base,28,,933.7708833333332,611.5197333333332,0.0,0.0,0.0,2399.458275,2949.826035,3450.0,467.539081285,0.0,61.1519733333333,467.539081285,0.0,467.539081285,0.0
T_base_6000,2025-12-21,2025-12-21,68,2025-12-21 11:20:00,2025-12-21 11:30:00,0.4827,6954.16,5256.3375,6633.54,5909.1375,120.73375,0.0,120.73375,base,base,28,,954.0670833333332,671.0966666666666,0.0,0.0,0.0,2949.826035,3553.813035,4200.0,460.528181125,0.0,67.10966666666664,460.52818112499995,0.0,460.52818112499995,0.0
T_base_6000,2025-12-21,2025-12-21,69,2025-12-21 11:30:00,2025-12-21 11:40:00,0.4785,6860.0706,5348.0182,6836.8731,5820.8581,169.33583333333323,0.0,169.33583333333323,base,base,28,,1002.6691666666665,750.6604333333332,0.0,0.0,0.0,3553.813035,4229.407425,4950.0,479.7771962499999,0.0,75.06604333333331,479.77719624999986,0.0,479.77719624999986,0.0
T_base_6000,2025-12-21,2025-12-21,70,2025-12-21 11:40:00,2025-12-21 11:50:00,0.4662,6565.9337,5577.6892,6790.7755,5813.7308,162.84078333333323,0.0,162.84078333333323,base,base,28,,996.1741166666664,831.4666999999998,0.0,0.0,0.0,4229.407425,4977.727455,5700.0,464.4163731899999,0.0,83.14666999999997,464.41637318999983,0.0,464.41637318999983,0.0
T_base_6000,2025-12-21,2025-12-21,71,2025-12-21 11:50:00,2025-12-21 12:00:00,0.4432,6330.9,5890.8,6491.37,5891.5875,99.96375000000003,0.0,99.96375000000003,base,base,28,,933.2970833333331,833.3333333333333,0.0,0.0,26.613750000000092,4977.727455,5727.727455,6450.0,413.6372673333333,0.0,83.3333333333333,413.6372673333332,0.0,413.6372673333332,0.0
T_base_6000,2025-12-21,2025-12-21,72,2025-12-21 12:00:00,2025-12-21 12:10:00,0.4411,6501.863,5904.8948,6294.9218,5973.4043,53.58624999999999,0.0,53.58624999999999,base,base,28,,886.9195833333332,787.4248833333331,0.0,0.0,0.0,5727.727455,6436.40985,7200.0,391.22022820833325,0.0,78.7424883333333,391.22022820833325,0.0,391.22022820833325,0.0
T_base_6000,2025-12-21,2025-12-21,73,2025-12-21 12:10:00,2025-12-21 12:20:00,0.4551,6520.3344,5868.1645,6333.9076,6089.1559,40.79194999999997,0.0,40.79194999999997,base,base,28,,874.1252833333332,765.4302999999999,0.0,0.0,0.0,6436.40985,7125.29712,7950.0,397.814416445,0.0,76.54302999999997,397.81441644499995,0.0,397.81441644499995,0.0
T_base_6000,2025-12-21,2025-12-21,74,2025-12-21 12:20:00,2025-12-21 12:30:00,0.4463,6273.31,5864.7,6365.04,6127.4625,39.596250000000055,0.0,39.596250000000055,base,base,28,,872.9295833333333,804.8279166666665,0.0,0.0,0.0,7125.29712,7849.642245,8700.0,389.58847304166665,0.0,80.48279166666663,389.58847304166665,0.0,389.58847304166665,0.0
T_base_6000,2025-12-21,2025-12-21,75,2025-12-21 12:30:00,2025-12-21 12:40:00,0.4113,6234.7567,5722.7661,6091.6909,5920.7826,28.484716666666674,0.0,28.484716666666674,base,base,28,,861.81805,776.4862833333333,0.0,0.0,0.0,7849.642245,8548.4799,9450.0,354.465763965,0.0,77.6486283333333,354.465763965,0.0,354.465763965,0.0
T_base_6000,2025-12-21,2025-12-21,76,2025-12-21 12:40:00,2025-12-21 12:50:00,0.5682,6512.763,5549.8704,6220.5541,5742.7536,79.6334166666667,0.0,79.6334166666667,base,base,28,,912.96675,752.4846499999999,0.0,0.0,0.0,8548.4799,9225.716085,10200.0,518.74770735,0.0,75.24846499999997,518.74770735,0.0,518.74770735,0.0
T_base_6000,2025-12-21,2025-12-21,77,2025-12-21 12:50:00,2025-12-21 13:00:00,0.8279,6836.44,5390.4375,6701.4,5623.725,179.61249999999987,0.0,179.61249999999987,base,base,28,,179.61249999999987,0.0,61.38791666666671,0.0,0.0,9225.716085,9157.507288703704,10200.0,148.7011887499999,0.0,6.820879629629638,148.7011887499999,0.0,148.7011887499999,0.0
T_base_6000,2025-12-21,2025-12-21,78,2025-12-21 13:00:00,2025-12-21 13:10:00,0.8636,6797.3346,5211.4597,6744.871,5343.815,233.50933333333344,0.0,233.50933333333344,base,base,28,,233.50933333333344,0.0,30.80314999999985,0.0,0.0,9157.507288703704,9123.281566481484,10200.0,201.65866026666677,0.0,3.422572222222207,201.65866026666677,0.0,201.65866026666677,0.0
T_base_6000,2025-12-21,2025-12-21,79,2025-12-21 13:10:00,2025-12-21 13:20:00,0.8416,6554.3856,5202.0686,6634.9633,5094.9115,256.6753,0.0,256.6753,base,base,28,,256.6753,31.289133333333325,0.0,0.0,0.0,9123.281566481484,9151.441786481482,10200.0,216.01793248,0.0,3.128913333333332,216.01793247999998,0.0,216.01793247999998,0.0
T_base_6000,2025-12-21,2025-12-21,80,2025-12-21 13:20:00,2025-12-21 13:30:00,0.8618,6350.08,5287.95,6593.66,4968.1875,270.91208333333327,0.0,270.91208333333327,base,base,28,,270.91208333333327,93.8904166666666,0.0,0.0,0.0,9151.441786481482,9235.943161481482,10200.0,233.47203341666665,0.0,9.389041666666657,233.47203341666662,0.0,233.47203341666662,0.0
T_base_6000,2025-12-21,2025-12-21,81,2025-12-21 13:30:00,2025-12-21 13:40:00,0.8623,6333.408,5178.3498,6524.9679,4861.622,277.22431666666654,0.0,277.22431666666654,base,base,28,,277.22431666666654,84.71461666666647,0.0,0.0,0.0,9235.943161481482,9312.186316481482,10200.0,239.05052826166656,0.0,8.471461666666645,239.05052826166656,0.0,239.05052826166656,0.0
T_base_6000,2025-12-21,2025-12-21,82,2025-12-21 13:40:00,2025-12-21 13:50:00,0.9026,6515.4464,4993.7017,6428.5754,4729.9833,283.09868333333327,0.0,283.09868333333327,base,base,28,,283.09868333333327,29.47456666666659,0.0,0.0,0.0,9312.186316481482,9338.71342648148,10200.0,255.52487157666656,0.0,2.947456666666658,255.52487157666658,0.0,255.52487157666658,0.0
T_base_6000,2025-12-21,2025-12-21,83,2025-12-21 13:50:00,2025-12-21 14:00:00,0.9754,6658.81,4847.5125,6371.24,4528.9125,307.0545833333332,0.0,307.0545833333332,base,base,28,,0.0,0.0,301.88291666666674,0.0,0.0,9338.71342648148,9003.287963518518,9858.82824074074,0.0,0.0,33.54254629629632,0.0,0.0,0.0,0.0
T_base_6000,2025-12-21,2025-12-21,84,2025-12-21 14:00:00,2025-12-21 14:10:00,1.0002,6474.7834,4705.4039,6434.9471,4241.2745,365.6121,0.0,365.6121,base,base,28,,0.0,0.0,294.8965833333333,0.0,0.0,9003.287963518518,8675.625093148148,9452.592574074071,0.0,0.0,32.766287037037046,0.0,0.0,0.0,0.0
T_base_6000,2025-12-21,2025-12-21,85,2025-12-21 14:10:00,2025-12-21 14:20:00,0.9978,6311.1097,4404.8152,6598.029,4012.9491,430.84665000000007,0.0,430.84665000000007,base,base,28,,0.0,0.0,317.71575,0.0,0.0,8675.625093148148,8322.607593148148,8973.874074074072,0.0,0.0,35.30175000000002,0.0,0.0,0.0,0.0
T_base_6000,2025-12-21,2025-12-21,86,2025-12-21 14:20:00,2025-12-21 14:30:00,1.0271,6293.57,3988.3875,6653.62,3841.8375,468.6304166666666,0.0,468.6304166666666,base,base,28,,0.0,0.0,384.1970833333333,0.0,0.0,8322.607593148148,7895.721945,8453.17361111111,0.0,0.0,42.68856481481483,0.0,0.0,0.0,0.0
T_base_6000,2025-12-21,2025-12-21,87,2025-12-21 14:30:00,2025-12-21 14:40:00,1.0906,6241.0875,3658.7815,6413.1096,3600.3157,468.7989833333333,0.0,468.7989833333333,base,base,28,,0.0,0.0,430.3843333333333,0.0,0.0,7895.721945,7417.517130185185,7932.285851851851,0.0,0.0,47.8204814814815,0.0,0.0,0.0,0.0
T_base_6000,2025-12-21,2025-12-21,88,2025-12-21 14:40:00,2025-12-21 14:50:00,0.9376,6267.633,3321.4365,6368.7625,3406.0952,493.7778833333333,0.0,493.7778833333333,base,base,28,,0.0,0.0,491.03275,0.0,0.0,7417.517130185185,6871.925185740741,7383.643759259258,0.0,0.0,54.55919444444447,0.0,0.0,0.0,0.0
T_base_6000,2025-12-21,2025-12-21,89,2025-12-21 14:50:00,2025-12-21 15:00:00,0.6694,6308.83,2957.5875,6558.06,3254.2875,550.6287500000001,0.0,550.6287500000001,base,base,28,,1383.962083333333,825.4216666666667,0.0,0.0,0.0,6871.925185740741,7614.804685740741,8133.643759259258,926.4242185833332,0.0,82.54216666666666,926.4242185833332,0.0,926.4242185833332,0.0
T_base_6000,2025-12-21,2025-12-21,90,2025-12-21 15:00:00,2025-12-21 15:10:00,0.66,6184.3165,2665.595,6527.0274,3001.2809,587.6244166666665,0.0,587.6244166666665,base,base,28,,1420.9577499999998,833.3333333333333,0.0,0.0,1.1708333333332348,7614.804685740741,8364.80468574074,8883.64375925926,937.832115,0.0,83.3333333333333,937.8321149999999,0.0,937.8321149999999,0.0
T_base_6000,2025-12-21,2025-12-21,91,2025-12-21 15:10:00,2025-12-21 15:20:00,0.7217,6249.441,2404.6045,6364.202,2691.9936,612.0347333333334,0.0,612.0347333333334,base,base,28,,1445.368066666667,804.5619833333334,0.0,0.0,0.0,8364.80468574074,9088.91047074074,9633.64375925926,1043.1221337133334,0.0,80.45619833333332,1043.1221337133336,0.0,1043.1221337133336,0.0
T_base_6000,2025-12-21,2025-12-21,92,2025-12-21 15:20:00,2025-12-21 15:30:00,0.7308,6412.99,2166.8625,6331.14,2406.45,654.115,0.0,654.115,base,base,28,,1487.4483333333333,779.7604166666667,0.0,0.0,0.0,9088.91047074074,9790.69484574074,10383.64375925926,1087.027242,0.0,77.97604166666666,1087.027242,0.0,1087.027242,0.0
T_base_6000,2025-12-21,2025-12-21,93,2025-12-21 15:30:00,2025-12-21 15:40:00,0.7534,6229.2355,1977.0681,6556.5547,2180.4541,729.3500999999999,0.0,729.3500999999999,base,base,28,,1191.9681452674895,483.2735786008228,0.0,0.0,0.0,9790.69484574074,10225.64106648148,10800.0,898.0288006445265,0.0,48.32735786008227,898.0288006445265,0.0,898.0288006445265,0.0
T_base_6000,2025-12-21,2025-12-21,94,2025-12-21 15:40:00,2025-12-21 15:50:00,0.7823,6140.1248,1719.0539,6541.9728,1933.1371,768.1392833333332,0.0,768.1392833333332,base,base,28,,768.1392833333332,31.29413333333332,0.0,0.0,0.0,10225.64106648148,10253.805786481482,10800.0,600.9153613516665,0.0,3.129413333333331,600.9153613516665,0.0,600.9153613516665,0.0
T_base_6000,2025-12-21,2025-12-21,95,2025-12-21 15:50:00,2025-12-21 16:00:00,0.8055,6190.42,1414.8375,6227.88,1643.9625,763.9862499999999,0.0,763.9862499999999,base,base,28,,763.9862499999999,0.0,31.94416666666677,0.0,0.0,10253.805786481482,10218.312267962963,10800.0,615.3909243749999,0.0,3.549351851851865,615.3909243749999,0.0,615.3909243749999,0.0
T_base_6000,2025-12-21,2025-12-21,96,2025-12-21 16:00:00,2025-12-21 16:10:00,0.8271,6007.344,1199.0528,6048.8829,1362.8216,781.0102166666666,0.0,781.0102166666666,base,base,28,,781.0102166666666,0.0,20.371650000000045,0.0,0.0,10218.312267962963,10195.677101296296,10800.0,645.9735502049999,0.0,2.2635166666666726,645.9735502049999,0.0,645.9735502049999,0.0
T_base_6000,2025-12-21,2025-12-21,97,2025-12-21 16:10:00,2025-12-21 16:20:00,0.8519,6021.8302,965.9713,6034.5319,1065.7366,828.1325499999999,0.0,828.1325499999999,base,base,28,,828.1325499999999,0.0,14.510600000000068,0.0,0.0,10195.677101296296,10179.554212407407,10800.0,705.4861193449999,0.0,1.612288888888897,705.4861193449999,0.0,705.4861193449999,0.0
T_base_6000,2025-12-21,2025-12-21,98,2025-12-21 16:20:00,2025-12-21 16:30:00,0.8791,6231.28,680.625,6170.79,750.375,903.4025,0.0,903.4025,base,base,28,,903.4025,0.0,21.706666666666703,0.0,0.0,10179.554212407407,10155.435693888889,10800.0,794.18113775,0.0,2.411851851851857,794.1811377500001,0.0,794.1811377500001,0.0
T_base_6000,2025-12-21,2025-12-21,99,2025-12-21 16:30:00,2025-12-21 16:40:00,0.9024,6177.7882,419.0314,6408.9188,450.0255,993.1488833333334,0.0,993.1488833333334,base,base,28,,993.1488833333334,33.35608333333346,0.0,0.0,0.0,10155.435693888889,10185.456168888888,10800.0,896.2175523200001,0.0,3.335608333333345,896.2175523200001,0.0,896.2175523200001,0.0
T_base_6000,2025-12-21,2025-12-21,100,2025-12-21 16:40:00,2025-12-21 16:50:00,0.9163,6130.9976,173.8125,6333.2123,178.5296,1025.78045,0.0,1025.78045,base,base,28,,1025.78045,32.91626666666673,0.0,0.0,0.0,10185.456168888888,10215.080808888888,10800.0,939.922626335,0.0,3.291626666666672,939.922626335,0.0,939.922626335,0.0
T_base_6000,2025-12-21,2025-12-21,101,2025-12-21 16:50:00,2025-12-21 17:00:00,0.9264,6172.78,0.0,6089.53,0.0,1014.9216666666666,0.0,1014.9216666666666,base,base,28,,1014.9216666666666,0.0,13.875,0.0,0.0,10215.080808888888,10199.664142222222,10800.0,940.223432,0.0,1.5416666666666674,940.223432,0.0,940.223432,0.0
T_base_6000,2025-12-21,2025-12-21,102,2025-12-21 17:00:00,2025-12-21 17:10:00,0.9462,6112.1742,0.0,6226.7838,0.0,1037.7973,0.0,1037.7973,base,base,28,,1037.7973,19.10159999999996,0.0,0.0,0.0,10199.664142222222,10216.855582222222,10800.0,981.96380526,0.0,1.9101599999999954,981.96380526,0.0,981.96380526,0.0
T_base_6000,2025-12-21,2025-12-21,103,2025-12-21 17:10:00,2025-12-21 17:20:00,0.9742,6160.7027,6.2009,6316.685,6.2357,1051.74155,0.0,1051.74155,base,base,28,,1051.74155,25.99125000000004,0.0,0.0,0.0,10216.855582222222,10240.247707222225,10800.0,1024.60661801,0.0,2.5991250000000035,1024.60661801,0.0,1024.60661801,0.0
T_base_6000,2025-12-21,2025-12-21,104,2025-12-21 17:20:00,2025-12-21 17:30:00,0.9862,6338.77,0.0,6285.57,0.0,1047.5949999999998,0.0,1047.5949999999998,base,base,28,,1047.5949999999998,0.0,8.866666666666788,0.0,0.0,10240.247707222225,10230.39585537037,10800.0,1033.1381889999998,0.0,0.985185185185199,1033.1381889999998,0.0,1033.1381889999998,0.0
T_base_6000,2025-12-21,2025-12-21,105,2025-12-21 17:30:00,2025-12-21 17:40:00,0.976,6290.0948,0.0,6346.6991,0.0,1057.7831833333332,0.0,1057.7831833333332,base,base,28,,1057.7831833333332,9.43405000000007,0.0,0.0,0.0,10230.39585537037,10238.88650037037,10800.0,1032.3963869333331,0.0,0.9434050000000068,1032.3963869333331,0.0,1032.3963869333331,0.0
T_base_6000,2025-12-21,2025-12-21,106,2025-12-21 17:40:00,2025-12-21 17:50:00,1.0742,5392.9058,0.4452,5515.747,0.4477,919.21655,0.0,919.21655,base,base,28,,919.21655,20.473116666666783,0.0,0.0,0.0,10238.88650037037,10257.312305370371,10800.0,987.42241801,0.0,2.047311666666678,987.42241801,0.0,987.42241801,0.0
T_base_6000,2025-12-21,2025-12-21,107,2025-12-21 17:50:00,2025-12-21 18:00:00,1.2313,4275.8,0.0,4303.33,0.0,717.2216666666666,0.0,717.2216666666666,base,base,28,,717.2216666666666,4.588333333333253,0.0,0.0,0.0,10257.312305370371,10261.44180537037,10800.0,883.1150381666666,0.0,0.4588333333333252,883.1150381666666,0.0,883.1150381666666,0.0
T_base_6000,2025-12-21,2025-12-21,108,2025-12-21 18:00:00,2025-12-21 18:10:00,1.2561,4292.4867,0.0,4324.9496,0.0,720.8249333333333,0.0,720.8249333333333,base,base,28,,720.8249333333333,5.410483333333332,0.0,0.0,0.0,10261.44180537037,10266.31124037037,10800.0,905.42819876,0.0,0.541048333333333,905.42819876,0.0,905.42819876,0.0
T_base_6000,2025-12-21,2025-12-21,109,2025-12-21 18:10:00,2025-12-21 18:20:00,1.2447,4489.6396,0.032,4468.0789,0.0321,744.6744666666666,0.0,744.6744666666666,base,base,28,,744.6744666666666,0.0,3.5934666666667,0.0,0.0,10266.31124037037,10262.31849962963,10800.0,926.8963086599998,0.0,0.39927407407407794,926.8963086599998,0.0,926.8963086599998,0.0
T_base_6000,2025-12-21,2025-12-21,110,2025-12-21 18:20:00,2025-12-21 18:30:00,1.2545,4380.05,0.0,4202.04,0.0,700.3399999999999,0.0,700.3399999999999,base,base,28,,700.3399999999999,0.0,29.668333333333408,0.0,0.0,10262.31849962963,10229.353684814814,10800.0,878.5765299999998,0.0,3.296481481481491,878.5765299999998,0.0,878.5765299999998,0.0
T_base_6000,2025-12-21,2025-12-21,111,2025-12-21 18:30:00,2025-12-21 18:40:00,1.2522,4406.0663,0.0,4124.9898,0.0,687.4983,0.0,687.4983,base,base,28,,687.4983,0.0,46.84608333333336,0.0,0.0,10229.353684814814,10177.30248111111,10800.0,860.8853712599999,0.0,5.205120370370376,860.8853712599999,0.0,860.8853712599999,0.0
T_base_6000,2025-12-21,2025-12-21,112,2025-12-21 18:40:00,2025-12-21 18:50:00,1.2881,4500.5016,0.0023,4217.5756,0.0023,702.9288833333333,0.0,702.9288833333333,base,base,28,,110.61005000000102,0.0,639.4731666666655,0.0,0.0,10177.30248111111,9466.776740370373,10141.867962962964,142.47680540500133,0.0,71.05257407407397,142.47680540500133,0.0,142.47680540500133,0.0
T_base_6000,2025-12-21,2025-12-21,113,2025-12-21 18:50:00,2025-12-21 19:00:00,1.3466,4490.76,0.0,4331.65,0.0,721.9416666666666,0.0,721.9416666666666,base,base,28,,0.0,0.0,748.46,0.0,0.0,9466.776740370373,8635.154518148149,9339.710555555555,0.0,0.0,83.16222222222227,0.0,0.0,0.0,0.0
T_base_6000,2025-12-21,2025-12-21,114,2025-12-21 19:00:00,2025-12-21 19:10:00,1.3523,4334.8994,0.0,4392.2898,0.0,732.0482999999999,0.0,732.0482999999999,base,base,28,,0.0,0.0,722.4832333333334,0.0,0.0,8635.154518148149,7832.39537,8526.323555555557,0.0,0.0,80.27591481481485,0.0,0.0,0.0,0.0
T_base_6000,2025-12-21,2025-12-21,115,2025-12-21 19:10:00,2025-12-21 19:20:00,1.3445,4356.9931,0.0,4452.6765,0.0,742.1127499999999,0.0,742.1127499999999,base,base,28,,0.0,0.0,726.1655166666666,0.0,0.0,7832.39537,7025.544795925926,7701.753833333334,0.0,0.0,80.68505740740743,0.0,0.0,0.0,0.0
T_base_6000,2025-12-21,2025-12-21,116,2025-12-21 19:20:00,2025-12-21 19:30:00,1.3483,4466.59,0.0,4460.15,0.0,743.3583333333332,0.0,743.3583333333332,base,base,28,,0.0,0.0,744.4316666666666,0.0,0.0,7025.544795925926,6198.39849962963,6875.800129629631,0.0,0.0,82.71462962962966,0.0,0.0,0.0,0.0
T_base_6000,2025-12-21,2025-12-21,117,2025-12-21 19:30:00,2025-12-21 19:40:00,1.349,4301.5722,0.0,4319.3481,0.0,719.89135,0.0,719.89135,base,base,28,,0.0,0.0,716.9286999999999,0.0,0.0,6198.39849962963,5401.811055185186,6075.920851851853,0.0,0.0,79.65874444444447,0.0,0.0,0.0,0.0
T_base_6000,2025-12-21,2025-12-21,118,2025-12-21 19:40:00,2025-12-21 19:50:00,1.3473,4398.717,0.0,4300.7541,0.0,716.7923499999999,0.0,716.7923499999999,base,base,28,,0.0,0.0,733.1194999999999,0.0,0.0,5401.811055185186,4587.233832962964,5279.484907407408,0.0,0.0,81.45772222222224,0.0,0.0,0.0,0.0
T_base_6000,2025-12-21,2025-12-21,119,2025-12-21 19:50:00,2025-12-21 20:00:00,1.3482,4681.61,0.0,4470.43,0.0,745.0716666666667,0.0,745.0716666666667,base,base,28,,0.0,0.0,780.2683333333332,0.0,0.0,4587.233832962964,3720.269018148149,4451.6275000000005,0.0,0.0,86.6964814814815,0.0,0.0,0.0,0.0
T_base_6000,2025-12-21,2025-12-21,120,2025-12-21 20:00:00,2025-12-21 20:10:00,1.3513,4485.5154,0.0,4598.7249,0.0,766.45415,0.0,766.45415,base,base,28,,0.0,0.0,747.5859,0.0,0.0,3720.269018148149,2889.618018148149,3600.0117777777778,0.0,0.0,83.06510000000004,0.0,0.0,0.0,0.0
T_base_6000,2025-12-21,2025-12-21,121,2025-12-21 20:10:00,2025-12-21 20:20:00,1.34,4156.9026,0.0,4477.4264,0.0,746.2377333333334,0.0,746.2377333333334,base,base,28,,0.0,0.0,692.8171,0.0,0.0,2889.618018148149,2119.821240370372,2770.858740740741,0.0,0.0,76.97967777777781,0.0,0.0,0.0,0.0
T_base_6000,2025-12-21,2025-12-21,122,2025-12-21 20:20:00,2025-12-21 20:30:00,1.3489,4090.51,0.0,4241.74,0.0,706.9566666666666,0.0,706.9566666666666,base,base,28,,0.0,0.0,681.7516666666667,0.0,0.0,2119.821240370372,1362.31938851852,1985.3513333333333,0.0,0.0,75.75018518518522,0.0,0.0,0.0,0.0
T_base_6000,2025-12-21,2025-12-21,123,2025-12-21 20:30:00,2025-12-21 20:40:00,1.3952,4322.2266,0.0,4240.8972,0.0,706.8162,0.0,706.8162,base,base,28,,0.0,0.0,146.0874496666681,574.2836503333318,0.0,1362.31938851852,1200.0,1200.0,0.0,4006.202744725323,16.231938851852018,0.0,4006.2027447253226,4006.2027447253226,0.0
T_base_6000,2025-12-21,2025-12-21,124,2025-12-21 20:40:00,2025-12-21 20:50:00,1.2226,4336.801,0.0,4345.2631,0.0,724.2105166666666,0.0,724.2105166666666,base,base,28,,724.2105166666666,1.410349999999994,0.0,0.0,0.0,1200.0,1201.269315,1200.0,885.4197776766666,0.0,0.14103499999999936,885.4197776766666,0.0,885.4197776766666,0.0
T_base_6000,2025-12-21,2025-12-21,125,2025-12-21 20:50:00,2025-12-21 21:00:00,0.9332,4144.46,0.0,4397.1,0.0,732.85,0.0,732.85,base,base,28,,732.85,42.10666666666668,0.0,0.0,0.0,1201.269315,1239.165315,1200.0,683.89562,0.0,4.2106666666666674,683.89562,0.0,683.89562,0.0
T_base_6000,2025-12-21,2025-12-21,126,2025-12-21 21:00:00,2025-12-21 21:10:00,0.9068,4227.261,0.0,4366.5969,0.0,727.7661499999999,0.0,727.7661499999999,base,base,28,,727.7661499999999,23.22264999999993,0.0,0.0,0.0,1239.165315,1260.0657,1200.0,659.93834482,0.0,2.3222649999999927,659.93834482,0.0,659.93834482,0.0
T_base_6000,2025-12-21,2025-12-21,127,2025-12-21 21:10:00,2025-12-21 21:20:00,0.9371,4326.9643,0.0,4352.2444,0.0,725.3740666666665,0.0,725.3740666666665,base,base,28,,725.3740666666665,4.213349999999991,0.0,0.0,0.0,1260.0657,1263.857715,1200.0,679.7480378733333,0.0,0.421334999999999,679.7480378733333,0.0,679.7480378733333,0.0
T_base_6000,2025-12-21,2025-12-21,128,2025-12-21 21:20:00,2025-12-21 21:30:00,0.9371,4357.83,0.0,4432.75,0.0,738.7916666666666,0.0,738.7916666666666,base,base,28,,738.7916666666666,12.48666666666668,0.0,0.0,0.0,1263.857715,1275.095715,1200.0,692.3216708333333,0.0,1.2486666666666677,692.3216708333333,0.0,692.3216708333333,0.0
T_base_6000,2025-12-21,2025-12-21,129,2025-12-21 21:30:00,2025-12-21 21:40:00,0.9871,4437.1142,0.0,4519.7625,0.0,753.2937499999999,0.0,753.2937499999999,base,base,28,,753.2937499999999,13.774716666666675,0.0,0.0,0.0,1275.095715,1287.49296,1200.0,743.5762606249999,0.0,1.3774716666666673,743.5762606249999,0.0,743.5762606249999,0.0
T_base_6000,2025-12-21,2025-12-21,130,2025-12-21 21:40:00,2025-12-21 21:50:00,0.7764,4070.9954,0.0,4098.3811,0.0,683.0635166666666,0.0,683.0635166666666,base,base,28,,683.0635166666666,4.564283333333378,0.0,0.0,0.0,1287.49296,1291.600815,1200.0,530.3305143399999,0.0,0.4564283333333377,530.3305143399999,0.0,530.3305143399999,0.0
T_base_6000,2025-12-21,2025-12-21,131,2025-12-21 21:50:00,2025-12-21 22:00:00,0.4209,3434.4,0.0,3422.17,0.0,570.3616666666667,0.0,570.3616666666667,base,base,28,,1403.695,831.295,0.0,0.0,0.0,1291.600815,2039.766315,1950.0,590.8152255,0.0,83.12949999999998,590.8152255,0.0,590.8152255,0.0
T_base_6000,2025-12-21,2025-12-21,132,2025-12-21 22:00:00,2025-12-21 22:10:00,0.3859,3270.5539,0.0,3317.5117,0.0,552.9186166666666,0.0,552.9186166666666,base,base,28,,1386.25195,833.3333333333333,0.0,0.0,7.826299999999946,2039.766315,2789.766315,2700.0,534.954627505,0.0,83.3333333333333,534.9546275050001,0.0,534.9546275050001,0.0
T_base_6000,2025-12-21,2025-12-21,133,2025-12-21 22:10:00,2025-12-21 22:20:00,0.4368,3305.0168,0.0,3418.9331,0.0,569.8221833333333,0.0,569.8221833333333,base,base,28,,569.8221833333333,18.98605000000009,0.0,0.0,0.0,2789.766315,2806.85376,2700.0,248.89832968,0.0,1.8986050000000088,248.89832968000002,0.0,248.89832968000002,0.0
T_base_6000,2025-12-21,2025-12-21,134,2025-12-21 22:20:00,2025-12-21 22:30:00,0.4198,3255.6,0.0,3395.77,0.0,565.9616666666666,0.0,565.9616666666666,base,base,28,,1399.2949999999998,833.3333333333333,0.0,0.0,23.36166666666668,2806.85376,3556.85376,3450.0,587.424041,0.0,83.3333333333333,587.424041,0.0,587.424041,0.0
T_base_6000,2025-12-21,2025-12-21,135,2025-12-21 22:30:00,2025-12-21 22:40:00,0.4186,3155.514,0.0,3290.1474,0.0,548.3579,0.0,548.3579,base,base,28,,1381.6912333333332,833.3333333333333,0.0,0.0,22.43889999999999,3556.85376,4306.85376,4200.0,578.3759502733333,0.0,83.3333333333333,578.3759502733333,0.0,578.3759502733333,0.0
T_base_6000,2025-12-21,2025-12-21,136,2025-12-21 22:40:00,2025-12-21 22:50:00,0.4241,3260.3635,0.0,3259.769,0.0,543.2948333333333,0.0,543.2948333333333,base,base,28,,543.2948333333333,0.0,0.0990833333333967,0.0,0.0,4306.85376,4306.743667407407,4200.0,230.4113388166666,0.0,0.011009259259266305,230.4113388166666,0.0,230.4113388166666,0.0
T_base_6000,2025-12-21,2025-12-21,137,2025-12-21 22:50:00,2025-12-21 23:00:00,0.4237,3508.97,0.0,3349.95,0.0,558.3249999999999,0.0,558.3249999999999,base,base,28,,1391.6583333333333,806.83,0.0,0.0,0.0,4306.743667407407,5032.890667407407,4950.0,589.6456358333334,0.0,80.68299999999999,589.6456358333334,0.0,589.6456358333334,0.0
T_base_6000,2025-12-21,2025-12-21,138,2025-12-21 23:00:00,2025-12-21 23:10:00,0.4248,3554.7154,0.0,3468.8979,0.0,578.14965,0.0,578.14965,base,base,28,,578.14965,0.0,14.302916666666649,0.0,0.0,5032.890667407407,5016.9985377777775,4950.0,245.59797132,0.0,1.5892129629629617,245.59797132,0.0,245.59797132,0.0
T_base_6000,2025-12-21,2025-12-21,139,2025-12-21 23:10:00,2025-12-21 23:20:00,0.424,3395.6628,0.0,3527.78,0.0,587.9633333333334,0.0,587.9633333333334,base,base,28,,921.2966666666666,355.3528666666666,0.0,0.0,0.0,5016.9985377777775,5336.816117777777,5250.0,390.6297866666666,0.0,35.53528666666665,390.62978666666663,0.0,390.62978666666663,0.0
T_base_6000,2025-12-21,2025-12-21,140,2025-12-21 23:20:00,2025-12-21 23:30:00,0.422,3305.59,0.0,3469.79,0.0,578.2983333333333,0.0,578.2983333333333,base,base,28,,1411.631666666667,833.3333333333333,0.0,0.0,27.366666666666788,5336.816117777777,6086.816117777777,6000.0,595.7085633333334,0.0,83.3333333333333,595.7085633333334,0.0,595.7085633333334,0.0
T_base_6000,2025-12-21,2025-12-21,141,2025-12-21 23:30:00,2025-12-21 23:40:00,0.424,3539.7613,0.0,3342.6141,0.0,557.1023499999999,0.0,557.1023499999999,base,base,28,,557.1023499999999,0.0,32.85786666666672,0.0,0.0,6086.816117777777,6050.3073770370365,6000.0,236.2113964,0.0,3.650874074074082,236.21139639999996,0.0,236.21139639999996,0.0
T_base_6000,2025-12-21,2025-12-21,142,2025-12-21 23:40:00,2025-12-21 23:50:00,0.4271,3571.991,0.0,3467.4898,0.0,577.9149666666666,0.0,577.9149666666666,base,base,28,,577.9149666666666,0.0,17.416866666666692,0.0,0.0,6050.3073770370365,6030.955302962962,6000.0,246.82748226333328,0.0,1.935207407407411,246.82748226333328,0.0,246.82748226333328,0.0
T_base_6000,2025-12-21,2025-12-21,143,2025-12-21 23:50:00,2025-12-22 00:00:00,0.4276,3464.4,0.0,3657.78,0.0,609.63,0.0,609.63,base,base,28,,609.63,32.23000000000002,0.0,0.0,0.0,6030.955302962962,6059.962302962962,6000.0,260.677788,0.0,3.223000000000001,260.67778799999996,0.0,260.67778799999996,0.0
T_q80_6000,2025-03-20,2025-03-20,0,2025-03-20 00:00:00,2025-03-20 00:10:00,0.4248,3299.0689,0.0,3617.1514,0.0,602.8585666666667,18.26366666666672,621.1222333333334,0.8,0.8,28,,1454.4555666666663,833.3333333333333,0.0,0.0,71.27741666666657,6717.952724444446,7467.952724444446,7467.952724444446,617.85272472,0.0,83.3333333333333,617.8527247199999,0.0,617.8527247199999,0.0
T_q80_6000,2025-03-20,2025-03-20,1,2025-03-20 00:10:00,2025-03-20 00:20:00,0.4245,3421.881,0.0,3585.3143,0.0,597.5523833333333,22.6016166666667,620.154,0.8,0.8,28,,1453.4873333333333,833.3333333333333,0.0,0.0,49.84050000000002,7467.952724444446,8217.952724444447,8217.952724444447,617.005373,0.0,83.3333333333333,617.005373,0.0,617.005373,0.0
T_q80_6000,2025-03-20,2025-03-20,2,2025-03-20 00:20:00,2025-03-20 00:30:00,0.4269,3683.11,0.0,3514.21,0.0,585.7016666666666,26.6099999999999,612.3116666666665,0.8,0.8,28,,1445.6449999999998,831.7933333333331,0.0,0.0,0.0,8217.952724444447,8966.566724444447,8967.952724444447,617.1458504999999,0.0,83.17933333333329,617.1458504999999,0.0,617.1458504999999,0.0
T_q80_6000,2025-03-20,2025-03-20,3,2025-03-20 00:30:00,2025-03-20 00:40:00,0.4272,3476.737,0.0,3566.7633,0.0,594.46055,13.075066666666544,607.5356166666666,0.8,0.8,28,,976.4770339506142,397.0208672839476,0.0,0.0,0.0,8966.566724444447,9323.885505,9300.0,417.1509889037024,0.0,39.702086728394754,417.1509889037024,0.0,417.1509889037024,0.0
T_q80_6000,2025-03-20,2025-03-20,4,2025-03-20 00:40:00,2025-03-20 00:50:00,0.4271,3302.6695,0.0,3529.764,0.0,588.294,13.20825000000002,601.50225,0.8,0.8,28,,1434.8355833333333,833.3333333333333,0.0,0.0,51.05733333333342,9323.885505,10073.885505,10050.0,612.8182776416666,0.0,83.3333333333333,612.8182776416666,0.0,612.8182776416666,0.0
T_q80_6000,2025-03-20,2025-03-20,5,2025-03-20 00:50:00,2025-03-20 01:00:00,0.4285,3426.94,0.0,3390.6,0.0,565.0999999999999,22.17666666666668,587.2766666666666,0.8,0.8,28,,587.2766666666666,16.120000000000005,0.0,0.0,0.0,10073.885505,10088.393505,10050.0,251.64805166666665,0.0,1.612,251.64805166666665,0.0,251.64805166666665,0.0
T_q80_6000,2025-03-20,2025-03-20,6,2025-03-20 01:00:00,2025-03-20 01:10:00,0.4311,3609.5343,0.0,3352.8783,0.0,558.81305,12.962949999999978,571.776,0.8,0.8,28,,571.776,0.0,29.813049999999976,0.0,0.0,10088.393505,10055.26789388889,10050.0,246.4926336,0.0,3.3125611111111097,246.49263359999998,0.0,246.49263359999998,0.0
T_q80_6000,2025-03-20,2025-03-20,7,2025-03-20 01:10:00,2025-03-20 01:20:00,0.4302,3668.9025,0.0,3308.9055,0.0,551.48425,18.55611666666664,570.0403666666666,0.8,0.8,28,,570.0403666666666,0.0,41.44338333333337,0.0,0.0,10055.26789388889,10009.219690185186,10050.0,245.23136574,0.0,4.604820370370377,245.23136574,0.0,245.23136574,0.0
T_q80_6000,2025-03-20,2025-03-20,8,2025-03-20 01:20:00,2025-03-20 01:30:00,0.4279,3589.3,0.0,3260.08,0.0,543.3466666666666,3.046666666666738,546.3933333333333,0.8,0.8,28,,546.3933333333333,0.0,51.82333333333338,0.0,0.0,10009.219690185186,9951.638208703704,10050.0,233.80170733333333,0.0,5.758148148148156,233.80170733333333,0.0,233.80170733333333,0.0
T_q80_6000,2025-03-20,2025-03-20,9,2025-03-20 01:30:00,2025-03-20 01:40:00,0.4312,3503.6157,0.0,3353.4584,0.0,558.9097333333333,20.177783333333423,579.0875166666667,0.8,0.8,28,,579.0875166666667,0.0,4.848433333333219,0.0,0.0,9951.638208703704,9946.251060555556,10050.0,249.70253718666672,0.0,0.5387148148148023,249.70253718666672,0.0,249.70253718666672,0.0
T_q80_6000,2025-03-20,2025-03-20,10,2025-03-20 01:40:00,2025-03-20 01:50:00,0.4333,3545.9703,0.0,3552.8392,0.0,592.1398666666666,12.04320000000007,604.1830666666667,0.8,0.8,28,,604.1830666666667,13.188016666666726,0.0,0.0,0.0,9946.251060555556,9958.120275555557,10050.0,261.7925227866667,0.0,1.3188016666666724,261.7925227866667,0.0,261.7925227866667,0.0
T_q80_6000,2025-03-20,2025-03-20,11,2025-03-20 01:50:00,2025-03-20 02:00:00,0.4311,3590.66,0.0,3655.73,0.0,609.2883333333333,31.86500000000001,641.1533333333333,0.8,0.8,28,,641.1533333333333,42.71000000000004,0.0,0.0,0.0,9958.120275555557,9996.559275555555,10050.0,276.401202,0.0,4.2710000000000035,276.40120199999996,0.0,276.40120199999996,0.0
T_q80_6000,2025-03-20,2025-03-20,12,2025-03-20 02:00:00,2025-03-20 02:10:00,0.4293,3395.9017,0.0,3484.6496,0.0,580.7749333333334,17.019266666666624,597.7942,0.8,0.8,28,,597.7942,31.8105833333334,0.0,0.0,0.0,9996.559275555555,10025.188800555556,10050.0,256.63305006,0.0,3.1810583333333393,256.63305006,0.0,256.63305006,0.0
T_q80_6000,2025-03-20,2025-03-20,13,2025-03-20 02:10:00,2025-03-20 02:20:00,0.4324,3276.7246,0.0,3416.4269,0.0,569.4044833333332,16.255583333333334,585.6600666666666,0.8,0.8,28,,585.6600666666666,39.53929999999991,0.0,0.0,0.0,10025.188800555556,10060.774170555558,10050.0,253.23941282666664,0.0,3.9539299999999904,253.23941282666664,0.0,253.23941282666664,0.0
T_q80_6000,2025-03-20,2025-03-20,14,2025-03-20 02:20:00,2025-03-20 02:30:00,0.4367,3394.28,0.0,3529.19,0.0,588.1983333333333,9.516666666666652,597.7149999999999,0.8,0.8,28,,597.7149999999999,32.00166666666655,0.0,0.0,0.0,10060.774170555558,10089.575670555558,10050.0,261.0221405,0.0,3.2001666666666546,261.0221405,0.0,261.0221405,0.0
T_q80_6000,2025-03-20,2025-03-20,15,2025-03-20 02:30:00,2025-03-20 02:40:00,0.4348,3587.5594,0.0,3565.0967,0.0,594.1827833333333,11.649950000000048,605.8327333333334,0.8,0.8,28,,605.8327333333334,7.906166666666763,0.0,0.0,0.0,10089.575670555558,10096.691220555558,10050.0,263.41607245333336,0.0,0.7906166666666762,263.41607245333336,0.0,263.41607245333336,0.0
T_q80_6000,2025-03-20,2025-03-20,16,2025-03-20 02:40:00,2025-03-20 02:50:00,0.4335,3605.7268,0.0,3662.8512,0.0,610.4752,19.866216666666677,630.3414166666666,0.8,0.8,28,,630.3414166666666,29.38695000000007,0.0,0.0,0.0,10096.691220555558,10123.139475555558,10050.0,273.253004125,0.0,2.9386950000000063,273.25300412499996,0.0,273.25300412499996,0.0
T_q80_6000,2025-03-20,2025-03-20,17,2025-03-20 02:50:00,2025-03-20 03:00:00,0.4357,3522.79,0.0,3749.14,0.0,624.8566666666666,30.196666666666715,655.0533333333333,0.8,0.8,28,,655.0533333333333,67.92166666666662,0.0,0.0,0.0,10123.139475555558,10184.268975555557,10050.0,285.4067373333333,0.0,6.792166666666661,285.4067373333333,0.0,285.4067373333333,0.0
T_q80_6000,2025-03-20,2025-03-20,18,2025-03-20 03:00:00,2025-03-20 03:10:00,0.4374,3631.2618,0.0,3576.3344,0.0,596.0557333333334,24.05658333333338,620.1123166666667,0.8,0.8,28,,620.1123166666667,14.902016666666782,0.0,0.0,0.0,10184.268975555557,10197.680790555556,10050.0,271.23712731000006,0.0,1.490201666666678,271.23712731000006,0.0,271.23712731000006,0.0
T_q80_6000,2025-03-20,2025-03-20,19,2025-03-20 03:10:00,2025-03-20 03:20:00,0.4371,3731.3543,0.0,3450.3953,0.0,575.0658833333333,21.91126666666662,596.9771499999999,0.8,0.8,28,,596.9771499999999,0.0,24.91523333333339,0.0,0.0,10197.680790555556,10169.997197962964,10050.0,260.938712265,0.0,2.7683592592592667,260.938712265,0.0,260.938712265,0.0
T_q80_6000,2025-03-20,2025-03-20,20,2025-03-20 03:20:00,2025-03-20 03:30:00,0.4356,3721.01,0.0,3522.37,0.0,587.0616666666666,16.875,603.9366666666666,0.8,0.8,28,,603.9366666666666,0.0,16.231666666666683,0.0,0.0,10169.997197962964,10151.962012777778,10050.0,263.07481199999995,0.0,1.8035185185185212,263.07481199999995,0.0,263.07481199999995,0.0
T_q80_6000,2025-03-20,2025-03-20,21,2025-03-20 03:30:00,2025-03-20 03:40:00,0.4353,3699.7385,0.0,3631.228,0.0,605.2046666666666,6.066683333333344,611.27135,0.8,0.8,28,,611.27135,0.0,5.3517333333333,0.0,0.0,10151.962012777778,10146.015642407408,10050.0,266.086418655,0.0,0.5946370370370336,266.086418655,0.0,266.086418655,0.0
T_q80_6000,2025-03-20,2025-03-20,22,2025-03-20 03:40:00,2025-03-20 03:50:00,0.436,3674.7825,0.0,3569.4386,0.0,594.9064333333333,0.0229333333332988,594.9293666666666,0.8,0.8,28,,594.9293666666666,0.0,17.534383333333267,0.0,0.0,10146.015642407408,10126.53299425926,10050.0,259.38920386666666,0.0,1.9482648148148083,259.38920386666666,0.0,259.38920386666666,0.0
T_q80_6000,2025-03-20,2025-03-20,23,2025-03-20 03:50:00,2025-03-20 04:00:00,0.4378,3623.58,0.0,3455.04,0.0,575.8399999999999,15.306666666666615,591.1466666666665,0.8,0.8,28,,591.1466666666665,0.0,12.783333333333417,0.0,0.0,10126.53299425926,10112.329290555555,10050.0,258.8040106666666,0.0,1.4203703703703803,258.8040106666666,0.0,258.8040106666666,0.0
T_q80_6000,2025-03-20,2025-03-20,24,2025-03-20 04:00:00,2025-03-20 04:10:00,0.4401,3538.7697,0.0019,3583.9838,0.0018,597.3303333333333,11.515883333333363,608.8462166666667,0.8,0.8,28,,608.8462166666667,19.051583333333497,0.0,0.0,0.0,10112.329290555555,10129.475715555556,10050.0,267.953219955,0.0,1.9051583333333493,267.953219955,0.0,267.953219955,0.0
T_q80_6000,2025-03-20,2025-03-20,25,2025-03-20 04:10:00,2025-03-20 04:20:00,0.4389,3488.7843,0.0,3645.8233,0.0,607.6372166666666,14.802016666666702,622.4392333333333,0.8,0.8,28,,622.4392333333333,40.97518333333335,0.0,0.0,0.0,10129.475715555556,10166.353380555556,10050.0,273.18857951,0.0,4.097518333333334,273.18857951,0.0,273.18857951,0.0
T_q80_6000,2025-03-20,2025-03-20,26,2025-03-20 04:20:00,2025-03-20 04:30:00,0.4364,3513.51,0.0,3577.07,0.0,596.1783333333333,16.25666666666666,612.435,0.8,0.8,28,,612.435,26.84999999999991,0.0,0.0,0.0,10166.353380555556,10190.518380555555,10050.0,267.266634,0.0,2.6849999999999903,267.266634,0.0,267.266634,0.0
T_q80_6000,2025-03-20,2025-03-20,27,2025-03-20 04:30:00,2025-03-20 04:40:00,0.4393,3598.3779,0.0271,3630.4401,0.0254,605.0691166666666,25.22930000000008,630.2984166666666,0.8,0.8,28,,630.2984166666666,30.57328333333328,0.0,0.0,0.0,10190.518380555555,10218.034335555556,10050.0,276.8900944416667,0.0,3.057328333333327,276.8900944416667,0.0,276.8900944416667,0.0
T_q80_6000,2025-03-20,2025-03-20,28,2025-03-20 04:40:00,2025-03-20 04:50:00,0.4422,3700.4359,0.0,3717.5034,0.0,619.5839,23.913349999999923,643.4972499999999,0.8,0.8,28,,643.4972499999999,26.757933333333312,0.0,0.0,0.0,10218.034335555556,10242.116475555556,10050.0,284.55448395,0.0,2.675793333333331,284.55448394999996,0.0,284.55448394999996,0.0
T_q80_6000,2025-03-20,2025-03-20,29,2025-03-20 04:50:00,2025-03-20 05:00:00,0.4395,3753.57,0.0,3727.07,0.0,621.1783333333333,7.8916666666666515,629.0699999999999,0.8,0.8,28,,629.0699999999999,3.474999999999909,0.0,0.0,0.0,10242.116475555556,10245.243975555555,10050.0,276.476265,0.0,0.3474999999999908,276.47626499999996,0.0,276.47626499999996,0.0
T_q80_6000,2025-03-20,2025-03-20,30,2025-03-20 05:00:00,2025-03-20 05:10:00,0.4333,3716.9811,0.3776,3652.3286,0.3537,608.6624833333333,17.58761666666669,626.2501,0.8,0.8,28,,626.2501,6.816183333333356,0.0,0.0,0.0,10245.243975555555,10251.378540555555,10050.0,271.35416833,0.0,0.6816183333333354,271.35416833,0.0,271.35416833,0.0
T_q80_6000,2025-03-20,2025-03-20,31,2025-03-20 05:10:00,2025-03-20 05:20:00,0.4439,3707.0664,0.0,3627.5869,0.0,604.5978166666666,13.521849999999972,618.1196666666666,0.8,0.8,28,,618.1196666666666,0.2752666666666528,0.0,0.0,0.0,10251.378540555555,10251.626280555558,10050.0,274.3833200333333,0.0,0.027526666666665273,274.3833200333333,0.0,274.3833200333333,0.0
T_q80_6000,2025-03-20,2025-03-20,32,2025-03-20 05:20:00,2025-03-20 05:30:00,0.4301,3642.69,0.0,3625.87,0.0,604.3116666666666,10.738333333333344,615.05,0.8,0.8,28,,615.05,7.934999999999945,0.0,0.0,0.0,10251.626280555558,10258.767780555558,10050.0,264.53300499999995,0.0,0.7934999999999943,264.53300499999995,0.0,264.53300499999995,0.0
T_q80_6000,2025-03-20,2025-03-20,33,2025-03-20 05:30:00,2025-03-20 05:40:00,0.3713,3457.8398,5.2594,3603.0838,4.9264,599.6929,4.100983333333375,603.7938833333334,0.8,0.8,28,,1437.1272166666668,601.369132716047,0.0,0.0,260.32801728395305,10258.767780555558,10800.0,10800.0,533.6053355483334,0.0,60.13691327160469,533.6053355483334,0.0,533.6053355483334,0.0
T_q80_6000,2025-03-20,2025-03-20,34,2025-03-20 05:40:00,2025-03-20 05:50:00,0.5708,4028.7787,0.0,4178.7819,0.0,696.4636499999999,3.091316666666557,699.5549666666665,0.8,0.8,28,,699.5549666666666,0.0,0.0,0.0,28.091850000000026,10800.0,10800.0,10800.0,399.30597497333326,0.0,0.0,399.30597497333326,0.0,399.30597497333326,0.0
T_q80_6000,2025-03-20,2025-03-20,35,2025-03-20 05:50:00,2025-03-20 06:00:00,0.9099,4962.09,0.0,4976.26,0.0,829.3766666666667,16.161666666666633,845.5383333333333,0.8,0.8,28,,12.205000000000156,0.0,814.8099999999998,0.0,0.0,10800.0,9894.655555555555,9874.074074074077,11.105329500000142,0.0,90.53444444444446,11.105329500000142,0.0,11.105329500000142,0.0
T_q80_6000,2025-03-20,2025-03-20,36,2025-03-20 06:00:00,2025-03-20 06:10:00,0.9368,4905.1198,153.4202,4927.8193,144.6043,797.2025,30.23396666666656,827.4364666666665,0.8,0.8,28,,0.0,0.0,791.9499333333334,0.0,0.0,9894.655555555555,9014.711185185184,8954.700222222224,0.0,0.0,87.99443703703709,0.0,0.0,0.0,0.0
T_q80_6000,2025-03-20,2025-03-20,37,2025-03-20 06:10:00,2025-03-20 06:20:00,0.8758,4660.8239,401.044,4816.9758,383.3165,738.9432166666667,10.583633333333353,749.52685,0.8,0.8,28,,0.0,0.0,709.9633166666667,0.0,0.0,9014.711185185184,8225.863055555554,8121.892611111112,0.0,0.0,78.88481296296301,0.0,0.0,0.0,0.0
T_q80_6000,2025-03-20,2025-03-20,38,2025-03-20 06:20:00,2025-03-20 06:30:00,0.8759,4703.75,675.525,4945.2,669.975,712.5374999999999,9.71791666666661,722.2554166666665,0.8,0.8,28,,0.0,0.0,671.3708333333333,0.0,0.0,8225.863055555554,7479.895462962962,7319.386592592594,0.0,0.0,74.59675925925929,0.0,0.0,0.0,0.0
T_q80_6000,2025-03-20,2025-03-20,39,2025-03-20 06:30:00,2025-03-20 06:40:00,0.8601,4726.9008,952.6316,4841.0708,986.6364,642.4057333333334,13.425100000000045,655.8308333333334,0.8,0.8,28,,0.0,0.0,629.0448666666666,0.0,0.0,7479.895462962962,6780.956722222221,6590.685666666668,0.0,0.0,69.8938740740741,0.0,0.0,0.0,0.0
T_q80_6000,2025-03-20,2025-03-20,40,2025-03-20 06:40:00,2025-03-20 06:50:00,0.8442,4819.4733,1302.5378,4756.7742,1316.594,573.3633666666666,0.9726666666667824,574.3360333333334,0.8,0.8,28,,462.4473499999987,0.0,123.70856666666788,0.0,0.0,6780.956722222221,6643.502759259257,6466.364907407407,390.3980528699989,0.0,13.745396296296438,390.3980528699989,0.0,390.3980528699989,0.0
T_q80_6000,2025-03-20,2025-03-20,41,2025-03-20 06:50:00,2025-03-20 07:00:00,0.8334,4880.33,1693.2375,4785.54,1643.8875,523.60875,11.858333333333292,535.4670833333332,0.8,0.8,28,,535.4670833333332,4.284999999999968,0.0,0.0,0.0,6643.502759259257,6647.359259259257,6466.364907407407,446.2582672499999,0.0,0.4284999999999967,446.2582672499999,0.0,446.2582672499999,0.0
T_q80_6000,2025-03-20,2025-03-20,42,2025-03-20 07:00:00,2025-03-20 07:10:00,0.8092,4689.3761,2009.9231,4770.8891,1956.0234,469.14428333333336,26.975449999999967,496.1197333333333,0.8,0.8,28,,496.1197333333333,49.544233333333295,0.0,0.0,0.0,6647.359259259257,6691.949069259257,6466.364907407407,401.4600882133333,0.0,4.954423333333328,401.4600882133333,0.0,401.4600882133333,0.0
T_q80_6000,2025-03-20,2025-03-20,43,2025-03-20 07:10:00,2025-03-20 07:20:00,0.7972,4713.3646,2305.9149,4933.7109,2250.2085,447.2504,13.486699999999956,460.7371,0.8,0.8,28,,460.7371,59.49548333333337,0.0,0.0,0.0,6691.949069259257,6745.495004259257,6466.364907407407,367.29961612,0.0,5.949548333333335,367.29961612,0.0,367.29961612,0.0
T_q80_6000,2025-03-20,2025-03-20,44,2025-03-20 07:20:00,2025-03-20 07:30:00,0.7644,4827.2,2609.7375,5017.07,2498.925,419.6908333333332,19.148333333333312,438.8391666666665,0.8,0.8,28,,438.8391666666665,69.2620833333333,0.0,0.0,0.0,6745.495004259257,6807.830879259257,6466.364907407407,335.4486589999999,0.0,6.926208333333328,335.44865899999985,0.0,335.44865899999985,0.0
T_q80_6000,2025-03-20,2025-03-20,45,2025-03-20 07:30:00,2025-03-20 07:40:00,0.6899,4578.156,2894.0148,4678.8593,2691.9663,331.1488333333333,24.719433333333317,355.8682666666666,0.8,0.8,28,,355.8682666666666,75.17806666666661,0.0,0.0,0.0,6807.830879259257,6875.491139259257,6466.364907407407,245.51351717333327,0.0,7.517806666666659,245.51351717333327,0.0,245.51351717333327,0.0
T_q80_6000,2025-03-20,2025-03-20,46,2025-03-20 07:40:00,2025-03-20 07:50:00,0.86,5187.0368,3179.5684,5430.5741,2986.3327,407.37356666666665,28.065016666666565,435.4385833333332,0.8,0.8,28,,0.0,0.0,334.5780666666666,0.0,0.0,6875.491139259257,6503.737731851849,5982.544259259259,0.0,0.0,37.17534074074075,0.0,0.0,0.0,0.0
T_q80_6000,2025-03-20,2025-03-20,47,2025-03-20 07:50:00,2025-03-20 08:00:00,1.1617,6405.59,3476.5125,6755.97,3339.9375,569.33875,35.604166666666664,604.9429166666666,0.8,0.8,28,,0.0,0.0,488.17958333333337,0.0,0.0,6503.737731851849,5961.31597259259,5310.385462962962,0.0,0.0,54.242175925925956,0.0,0.0,0.0,0.0
T_q80_6000,2025-03-20,2025-03-20,48,2025-03-20 08:00:00,2025-03-20 08:10:00,1.1683,6658.0486,3761.2255,6545.8122,3552.9582,498.809,26.25363333333337,525.0626333333335,0.8,0.8,28,,0.0,0.0,482.80385,0.0,0.0,5961.31597259259,5424.867250370367,4726.982537037036,0.0,0.0,53.64487222222225,0.0,0.0,0.0,0.0
T_q80_6000,2025-03-20,2025-03-20,49,2025-03-20 08:10:00,2025-03-20 08:20:00,1.0956,6606.6001,3976.3717,6234.5498,3752.2552,413.7157666666666,15.4128166666666,429.1285833333332,0.8,0.8,28,,0.0,0.0,438.3713999999999,0.0,0.0,5424.867250370367,4937.787917037034,4250.173,0.0,0.0,48.707933333333344,0.0,0.0,0.0,0.0
T_q80_6000,2025-03-20,2025-03-20,50,2025-03-20 08:20:00,2025-03-20 08:30:00,1.0849,6687.27,4220.325,6481.09,3987.0,415.6816666666667,25.592499999999973,441.2741666666666,0.8,0.8,28,,0.0,0.0,411.1575000000001,0.0,0.0,4937.787917037034,4480.946250370367,3759.8683703703705,0.0,0.0,45.6841666666667,0.0,0.0,0.0,0.0
T_q80_6000,2025-03-20,2025-03-20,51,2025-03-20 08:30:00,2025-03-20 08:40:00,1.061,6649.776,4653.7429,6510.8474,4178.399,388.7413999999999,19.34095000000013,408.08235,0.8,0.8,28,,0.0,0.0,332.67218333333324,0.0,0.0,4480.946250370367,4111.310491111108,3306.443537037037,0.0,0.0,36.96357592592593,0.0,0.0,0.0,0.0
T_q80_6000,2025-03-20,2025-03-20,52,2025-03-20 08:40:00,2025-03-20 08:50:00,1.043,6705.5335,5037.5027,6551.7773,4381.418,361.72655,35.624116666666765,397.3506666666667,0.8,0.8,28,,0.0,0.0,278.0051333333332,0.0,0.0,4111.310491111108,3802.4158985185154,2864.9427962962964,0.0,0.0,30.88945925925926,0.0,0.0,0.0,0.0
T_q80_6000,2025-03-20,2025-03-20,53,2025-03-20 08:50:00,2025-03-20 09:00:00,1.036,6757.81,5180.8875,6666.06,4631.2125,339.1412500000001,41.14833333333338,380.2895833333335,0.8,0.8,28,,0.0,0.0,262.82041666666674,0.0,0.0,3802.4158985185154,3510.39321333333,2442.3988148148146,0.0,0.0,29.20226851851854,0.0,0.0,0.0,0.0
T_q80_6000,2025-03-20,2025-03-20,54,2025-03-20 09:00:00,2025-03-20 09:10:00,1.0147,6494.2004,5166.4978,6601.3223,4933.6498,277.9454166666666,60.2333666666666,338.1787833333332,0.8,0.8,28,,0.0,0.0,221.2837666666666,0.0,0.0,3510.39321333333,3264.522361481478,2066.6446111111118,0.0,0.0,24.587085185185188,0.0,0.0,0.0,0.0
T_q80_6000,2025-03-20,2025-03-20,55,2025-03-20 09:10:00,2025-03-20 09:20:00,0.9922,6436.4392,5533.329,6573.4361,5388.1737,197.54373333333325,71.2570166666666,268.8007499999999,0.8,0.8,28,,0.0,0.0,150.51836666666668,0.0,0.0,3264.522361481478,3097.2797318518483,1767.9771111111113,0.0,0.0,16.72426296296297,0.0,0.0,0.0,0.0
T_q80_6000,2025-03-20,2025-03-20,56,2025-03-20 09:20:00,2025-03-20 09:30:00,0.97,6570.85,6107.7375,6614.79,5904.4875,118.38374999999996,93.66124999999997,212.04499999999996,0.8,0.8,28,,0.0,0.0,77.1854166666667,0.0,0.0,3097.2797318518483,3011.5181577777744,1532.3715555555557,0.0,0.0,8.576157407407415,0.0,0.0,0.0,0.0
T_q80_6000,2025-03-20,2025-03-20,57,2025-03-20 09:30:00,2025-03-20 09:40:00,0.9422,6399.3635,6182.795,6548.6468,6266.8363,46.96841666666675,124.48673333333316,171.45514999999992,0.8,0.8,28,,0.0,0.0,36.09475000000005,0.0,0.0,3011.5181577777744,2971.4128799999967,1341.8658333333335,0.0,0.0,4.010527777777785,0.0,0.0,0.0,0.0
T_q80_6000,2025-03-20,2025-03-20,58,2025-03-20 09:40:00,2025-03-20 09:50:00,0.9569,6445.9301,6198.386,6569.7745,6602.2852,-5.418449999999969,94.25145000000006,88.8330000000001,0.8,0.8,28,,0.0,0.0,41.25734999999986,0.0,0.0,2971.4128799999967,2925.5713799999967,1243.1625,0.0,0.0,4.584149999999987,0.0,0.0,0.0,0.0
T_q80_6000,2025-03-20,2025-03-20,59,2025-03-20 09:50:00,2025-03-20 10:00:00,0.9977,6697.43,6426.1875,6666.81,6891.525,-37.45249999999987,67.6512500000002,30.19875000000033,0.8,0.8,28,,0.0,0.0,45.20708333333338,0.0,0.0,2925.5713799999967,2875.3412874074043,1209.6083333333331,0.0,0.0,5.023009259259267,0.0,0.0,0.0,0.0
T_q80_6000,2025-03-20,2025-03-20,60,2025-03-20 10:00:00,2025-03-20 10:10:00,0.9919,6577.9956,6675.2481,6615.2017,6963.2464,-58.00745000000006,66.65494999999996,8.647499999999894,0.8,0.8,28,,0.0,16.20874999999993,0.0,0.0,0.0,2875.3412874074043,2889.929162407404,1200.0,0.0,0.0,1.6208749999999927,0.0,0.0,0.0,0.0
T_q80_6000,2025-03-20,2025-03-20,61,2025-03-20 10:10:00,2025-03-20 10:20:00,0.9588,6445.2772,6774.004,6539.3464,6970.7827,-71.9060499999999,63.00276666666681,-8.903283333333086,0.8,0.8,28,,0.0,54.78779999999991,0.0,0.0,0.0,2889.929162407404,2939.238182407404,1208.0129549999997,0.0,0.0,5.47877999999999,0.0,0.0,0.0,0.0
T_q80_6000,2025-03-20,2025-03-20,62,2025-03-20 10:20:00,2025-03-20 10:30:00,0.9549,6473.61,6879.075,6477.96,7035.9375,-92.99625,76.14666666666676,-16.84958333333323,0.8,0.8,28,,0.0,67.57750000000001,0.0,0.0,0.0,2939.238182407404,3000.057932407404,1223.1775799999996,0.0,0.0,6.75775,0.0,0.0,0.0,0.0
T_q80_6000,2025-03-20,2025-03-20,63,2025-03-20 10:30:00,2025-03-20 10:40:00,0.9839,6454.2353,7268.5137,6366.0057,7192.6555,-137.77496666666667,59.82306666666666,-77.95190000000001,0.8,0.8,28,,0.0,135.7130666666667,0.0,0.0,0.0,3000.057932407404,3122.199692407404,1293.3342899999996,0.0,0.0,13.571306666666667,0.0,0.0,0.0,0.0
T_q80_6000,2025-03-20,2025-03-20,64,2025-03-20 10:40:00,2025-03-20 10:50:00,0.799,6352.336,7455.3554,6413.9505,7566.2113,-192.04346666666663,75.47646666666665,-116.567,0.8,0.8,28,,0.0,183.83656666666667,0.0,0.0,0.0,3122.199692407404,3287.652602407404,1398.2445899999996,0.0,0.0,18.383656666666663,0.0,0.0,0.0,0.0
T_q80_6000,2025-03-20,2025-03-20,65,2025-03-20 10:50:00,2025-03-20 11:00:00,0.5025,6279.9,7263.0,6574.38,7889.7,-219.21999999999997,123.65999999999995,-95.55999999999996,0.8,0.8,28,,737.7733333333333,833.3333333333333,0.0,0.0,68.29000000000008,3287.652602407404,4037.652602407404,2148.24459,370.7311,0.0,83.3333333333333,370.73109999999997,0.0,370.73109999999997,0.0
T_q80_6000,2025-03-20,2025-03-20,66,2025-03-20 11:00:00,2025-03-20 11:10:00,0.4662,6362.0436,7021.6679,6549.5232,7767.7134,-203.0317,101.08691666666664,-101.94478333333336,0.8,0.8,28,,731.3885499999999,833.3333333333333,0.0,0.0,7.992600000000039,4037.652602407404,4787.652602407404,2898.24459,340.97334200999995,0.0,83.3333333333333,340.97334200999995,0.0,340.97334200999995,0.0
T_q80_6000,2025-03-20,2025-03-20,67,2025-03-20 11:10:00,2025-03-20 11:20:00,0.5007,6393.8373,7052.8842,6360.3078,7910.4133,-258.3509166666668,84.57076666666671,-173.78015000000005,0.8,0.8,28,,659.5531833333332,769.3943333333333,0.0,0.0,0.0,4787.652602407404,5480.107502407403,3648.2445899999993,330.23827889499995,0.0,76.93943333333331,330.23827889499995,0.0,330.23827889499995,0.0
T_q80_6000,2025-03-20,2025-03-20,68,2025-03-20 11:20:00,2025-03-20 11:30:00,0.4827,6360.1,7317.5625,6232.56,8273.025,-340.0774999999999,106.8258333333333,-233.25166666666652,0.8,0.8,28,,600.0816666666667,759.6587499999999,0.0,0.0,0.0,5480.107502407403,6163.800377407403,4398.244589999999,289.6594205,0.0,75.96587499999998,289.6594205,0.0,289.6594205,0.0
T_q80_6000,2025-03-20,2025-03-20,69,2025-03-20 11:30:00,2025-03-20 11:40:00,0.4785,6424.0276,7505.6333,6357.7494,8103.1089,-290.8932500000001,122.05363333333332,-168.83961666666676,0.8,0.8,28,,664.4937166666665,833.3333333333333,0.0,0.0,11.427999999999884,6163.800377407403,6913.800377407403,5148.244589999999,317.960243425,0.0,83.3333333333333,317.96024342499993,0.0,317.96024342499993,0.0
T_q80_6000,2025-03-20,2025-03-20,70,2025-03-20 11:40:00,2025-03-20 11:50:00,0.4662,6379.6216,7635.0323,6325.6393,7934.0714,-268.0720166666666,135.97571666666664,-132.0963,0.8,0.8,28,,701.2370333333333,833.3333333333333,0.0,0.0,77.13881666666657,6913.800377407403,7663.800377407403,5898.244589999999,326.91670494,0.0,83.3333333333333,326.91670494,0.0,326.91670494,0.0
T_q80_6000,2025-03-20,2025-03-20,71,2025-03-20 11:50:00,2025-03-20 12:00:00,0.4432,6168.32,7818.45,6078.6,8015.4375,-322.8062499999999,148.33416666666676,-174.47208333333316,0.8,0.8,28,,658.8612500000002,833.3333333333333,0.0,0.0,100.54958333333354,7663.800377407403,8413.800377407402,6648.244589999999,292.0073060000001,0.0,83.3333333333333,292.0073060000001,0.0,292.0073060000001,0.0
T_q80_6000,2025-03-20,2025-03-20,72,2025-03-20 12:00:00,2025-03-20 12:10:00,0.4411,5958.8116,8082.9395,5973.117,8091.3897,-353.0454499999999,103.0041166666668,-250.0413333333331,0.8,0.8,28,,583.2920000000001,833.3333333333333,0.0,0.0,103.97998333333362,8413.800377407402,9163.800377407402,7398.244589999999,257.29010120000004,0.0,83.3333333333333,257.29010120000004,0.0,257.29010120000004,0.0
T_q80_6000,2025-03-20,2025-03-20,73,2025-03-20 12:10:00,2025-03-20 12:20:00,0.4551,5855.2299,8090.5707,6003.5669,8333.4204,-388.3089166666669,116.4858833333335,-271.82303333333334,0.8,0.8,28,,561.5102999999999,833.3333333333333,0.0,0.0,100.7337666666666,9163.800377407402,9913.800377407402,8148.244589999999,255.54333753,0.0,83.3333333333333,255.54333752999997,0.0,255.54333752999997,0.0
T_q80_6000,2025-03-20,2025-03-20,74,2025-03-20 12:20:00,2025-03-20 12:30:00,0.4463,5883.66,7709.3625,6043.44,8611.9875,-428.09125,102.875,-325.21624999999995,0.8,0.8,28,,508.1170833333333,812.4008333333334,0.0,0.0,0.0,9913.800377407402,10644.9611274074,8898.244589999998,226.77265429166664,0.0,81.24008333333332,226.77265429166664,0.0,226.77265429166664,0.0
T_q80_6000,2025-03-20,2025-03-20,75,2025-03-20 12:30:00,2025-03-20 12:40:00,0.4113,6006.2794,7205.256,6007.2071,8523.8874,-419.44671666666665,91.9964,-327.45031666666665,0.8,0.8,28,,505.8830166666666,172.26541399177626,0.0,0.0,533.4470360082237,10644.9611274074,10800.0,9648.244589999998,208.069684755,0.0,17.226541399177624,208.06968475499997,0.0,208.06968475499997,0.0
T_q80_6000,2025-03-20,2025-03-20,76,2025-03-20 12:40:00,2025-03-20 12:50:00,0.5682,6168.3548,7206.9442,6064.0725,8228.5618,-360.7482166666665,144.78503333333333,-215.9631833333332,0.8,0.8,28,,318.0791666666686,0.0,0.0,0.0,491.17740000000185,10800.0,10800.0,10128.882705,180.73258250000112,0.0,0.0,180.73258250000112,0.0,180.73258250000112,0.0
T_q80_6000,2025-03-20,2025-03-20,77,2025-03-20 12:50:00,2025-03-20 13:00:00,0.8279,6351.38,7525.8,6254.85,8001.8625,-291.16874999999993,140.6129166666667,-150.55583333333325,0.8,0.8,28,,0.0,0.0,0.0,0.0,195.73666666666668,10800.0,10800.0,10264.382955,0.0,0.0,0.0,0.0,0.0,0.0,0.0
T_q80_6000,2025-03-20,2025-03-20,78,2025-03-20 13:00:00,2025-03-20 13:10:00,0.8636,6510.6216,7339.075,6422.854,7962.5924,-256.62306666666666,68.25711666666672,-188.36594999999997,0.8,0.8,28,,0.0,0.0,0.0,0.0,138.07556666666656,10800.0,10800.0,10433.91231,0.0,0.0,0.0,0.0,0.0,0.0,0.0
T_q80_6000,2025-03-20,2025-03-20,79,2025-03-20 13:10:00,2025-03-20 13:20:00,0.8416,6358.8315,6900.6338,6403.1925,7741.4555,-223.0438333333333,128.15776666666653,-94.88606666666678,0.8,0.8,28,,0.0,0.0,0.0,0.0,90.30038333333324,10800.0,10800.0,10519.30977,0.0,0.0,0.0,0.0,0.0,0.0,0.0
T_q80_6000,2025-03-20,2025-03-20,80,2025-03-20 13:20:00,2025-03-20 13:30:00,0.8618,6039.3,6610.0125,6313.29,7413.1875,-183.31625,104.65166666666664,-78.66458333333335,0.8,0.8,28,,0.0,0.0,0.0,0.0,95.11874999999992,10800.0,10800.0,10590.107895,0.0,0.0,0.0,0.0,0.0,0.0,0.0
T_q80_6000,2025-03-20,2025-03-20,81,2025-03-20 13:30:00,2025-03-20 13:40:00,0.8623,6028.9848,6642.1795,6396.8916,7383.0511,-164.3599166666666,63.109783333333326,-101.25013333333328,0.8,0.8,28,,0.0,0.0,0.0,0.0,102.19911666666668,10800.0,10800.0,10681.233015,0.0,0.0,0.0,0.0,0.0,0.0,0.0
T_q80_6000,2025-03-20,2025-03-20,82,2025-03-20 13:40:00,2025-03-20 13:50:00,0.9026,6177.7813,6806.5377,6299.9773,7147.3017,-141.22073333333338,56.93456666666649,-84.2861666666669,0.8,0.8,28,,0.0,0.0,0.0,0.0,104.79273333333336,10800.0,10800.0,10757.090565,0.0,0.0,0.0,0.0,0.0,0.0,0.0
T_q80_6000,2025-03-20,2025-03-20,83,2025-03-20 13:50:00,2025-03-20 14:00:00,0.9754,6280.02,6799.95,6106.75,6693.1875,-97.73958333333331,51.97541666666666,-45.76416666666667,0.8,0.8,28,,0.0,0.0,0.0,0.0,86.65499999999989,10800.0,10800.0,10798.278315,0.0,0.0,0.0,0.0,0.0,0.0,0.0
T_q80_6000,2025-03-20,2025-03-20,84,2025-03-20 14:00:00,2025-03-20 14:10:00,1.0002,6283.4823,6453.6137,6255.132,6523.1977,-44.67761666666668,42.76463333333322,-1.9129833333334572,0.8,0.8,28,,0.0,0.0,0.0,0.0,28.355233333333366,10800.0,10800.0,10800.0,0.0,0.0,0.0,0.0,0.0,0.0,0.0
T_q80_6000,2025-03-20,2025-03-20,85,2025-03-20 14:10:00,2025-03-20 14:20:00,0.9978,6314.912,6203.5886,6265.1371,6319.7023,-9.0942,37.51568333333336,28.42148333333336,0.8,0.8,28,,0.0,0.0,18.553900000000034,0.0,0.0,10800.0,10779.384555555556,10768.420574074074,0.0,0.0,2.0615444444444493,0.0,0.0,0.0,0.0
T_q80_6000,2025-03-20,2025-03-20,86,2025-03-20 14:20:00,2025-03-20 14:30:00,1.0271,6352.79,6115.6875,6109.64,5933.475,29.360833333333325,41.27291666666679,70.6337500000001,0.8,0.8,28,,0.0,0.0,39.517083333333325,0.0,0.0,10779.384555555556,10735.476685185184,10689.93862962963,0.0,0.0,4.390787037037038,0.0,0.0,0.0,0.0
T_q80_6000,2025-03-20,2025-03-20,87,2025-03-20 14:30:00,2025-03-20 14:40:00,1.0906,6259.4213,5837.6616,6254.7096,5577.5788,112.85513333333331,57.74705,170.6021833333333,0.8,0.8,28,,0.0,0.0,70.29328333333326,0.0,0.0,10735.476685185184,10657.373037037038,10500.38064814815,0.0,0.0,7.81036481481481,0.0,0.0,0.0,0.0
T_q80_6000,2025-03-20,2025-03-20,88,2025-03-20 14:40:00,2025-03-20 14:50:00,0.9376,6190.1146,5431.9635,6398.0053,5382.184,169.30354999999992,55.83074999999994,225.13429999999985,0.8,0.8,28,,0.0,0.0,126.35851666666667,0.0,0.0,10657.373037037038,10516.974685185183,10250.231425925927,0.0,0.0,14.039835185185192,0.0,0.0,0.0,0.0
T_q80_6000,2025-03-20,2025-03-20,89,2025-03-20 14:50:00,2025-03-20 15:00:00,0.6694,6156.64,5072.775,6358.98,5305.2375,175.6237499999999,48.56166666666672,224.1854166666666,0.8,0.8,28,,224.1854166666666,43.54124999999985,0.0,0.0,0.0,10516.974685185183,10556.161810185184,10250.231425925927,150.06971791666663,0.0,4.354124999999984,150.06971791666663,0.0,150.06971791666663,0.0
T_q80_6000,2025-03-20,2025-03-20,90,2025-03-20 15:00:00,2025-03-20 15:10:00,0.66,6039.3659,4855.4545,6262.9226,5169.4135,182.2515166666667,43.22206666666665,225.47358333333332,0.8,0.8,28,,836.3275545267472,270.93132201646057,0.0,0.0,368.0776658436201,10556.161810185184,10800.0,10800.0,551.9761859876533,0.0,27.09313220164605,551.9761859876533,0.0,551.9761859876533,0.0
T_q80_6000,2025-03-20,2025-03-20,91,2025-03-20 15:10:00,2025-03-20 15:20:00,0.7217,6054.6789,4561.8383,6174.0028,4854.5331,219.9116166666668,44.54448333333334,264.4561000000001,0.8,0.8,28,,264.4561000000001,0.0,0.0,0.0,15.649333333333516,10800.0,10800.0,10800.0,190.85796737000007,0.0,0.0,190.85796737000007,0.0,190.85796737000007,0.0
T_q80_6000,2025-03-20,2025-03-20,92,2025-03-20 15:20:00,2025-03-20 15:30:00,0.7308,6187.68,4146.825,6169.43,4461.1125,284.71958333333333,53.41124999999994,338.13083333333327,0.8,0.8,28,,338.13083333333327,0.0,2.0116666666667697,0.0,0.0,10800.0,10797.764814814816,10800.0,247.106013,0.0,0.22351851851853008,247.10601299999996,0.0,247.10601299999996,0.0
T_q80_6000,2025-03-20,2025-03-20,93,2025-03-20 15:30:00,2025-03-20 15:40:00,0.7534,6195.3721,3778.6785,6264.8243,4216.6751,341.35819999999995,41.01813333333348,382.37633333333343,0.8,0.8,28,,382.37633333333343,0.0,20.405933333333167,0.0,0.0,10797.764814814816,10775.091555555557,10800.0,288.0823295333334,0.0,2.2673259259259084,288.0823295333334,0.0,288.0823295333334,0.0
T_q80_6000,2025-03-20,2025-03-20,94,2025-03-20 15:40:00,2025-03-20 15:50:00,0.7823,6186.1376,3471.4229,6126.1485,4038.9704,347.8630166666667,48.2497166666667,396.1127333333334,0.8,0.8,28,,396.1127333333334,0.0,56.33971666666662,0.0,0.0,10775.091555555557,10712.49187037037,10800.0,309.8789912866667,0.0,6.259968518518516,309.8789912866667,0.0,309.8789912866667,0.0
T_q80_6000,2025-03-20,2025-03-20,95,2025-03-20 15:50:00,2025-03-20 16:00:00,0.8055,6200.17,3156.225,5880.11,3796.9125,347.1995833333333,44.73416666666674,391.93375,0.8,0.8,28,,391.93375,0.0,115.39041666666662,0.0,0.0,10712.49187037037,10584.280296296296,10800.0,315.702635625,0.0,12.821157407407409,315.70263562499997,0.0,315.70263562499997,0.0
T_q80_6000,2025-03-20,2025-03-20,96,2025-03-20 16:00:00,2025-03-20 16:10:00,0.8271,6153.3743,2779.805,5993.8657,3419.8851,428.9967666666667,48.861666666666565,477.85843333333327,0.8,0.8,28,,477.8584333333333,0.0,84.40311666666673,0.0,0.0,10584.280296296296,10490.499055555556,10800.0,395.23671021,0.0,9.378124074074085,395.23671020999996,0.0,395.23671020999996,0.0
T_q80_6000,2025-03-20,2025-03-20,97,2025-03-20 16:10:00,2025-03-20 16:20:00,0.8519,6101.7592,2507.3559,6119.1519,2957.1473,527.0007666666666,38.23880000000008,565.2395666666666,0.8,0.8,28,,565.2395666666666,0.0,33.82765000000006,0.0,0.0,10490.499055555556,10452.912777777778,10800.0,481.5275868433333,0.0,3.7586277777777863,481.5275868433333,0.0,481.5275868433333,0.0
T_q80_6000,2025-03-20,2025-03-20,98,2025-03-20 16:20:00,2025-03-20 16:30:00,0.8791,6118.95,2334.4125,6080.34,2520.1125,593.3712499999999,21.862083333333374,615.2333333333333,0.8,0.8,28,,615.2333333333333,0.0,15.52291666666656,0.0,0.0,10452.912777777778,10435.665092592591,10800.0,540.8516233333334,0.0,1.7247685185185075,540.8516233333334,0.0,540.8516233333334,0.0
T_q80_6000,2025-03-20,2025-03-20,99,2025-03-20 16:30:00,2025-03-20 16:40:00,0.9024,6209.4949,2077.0816,6051.7025,2207.5327,640.6949666666667,29.62258333333341,670.3175500000001,0.8,0.8,28,,670.3175500000001,0.0,18.417999999999893,0.0,0.0,10435.665092592591,10415.20064814815,10800.0,604.8945571200001,0.0,2.0464444444444334,604.8945571200001,0.0,604.8945571200001,0.0
T_q80_6000,2025-03-20,2025-03-20,100,2025-03-20 16:40:00,2025-03-20 16:50:00,0.9163,6190.199,1733.8533,6078.2733,1939.6319,689.7735666666665,27.31759999999997,717.0911666666665,0.8,0.8,28,,717.0911666666666,0.0,25.63311666666664,0.0,0.0,10415.20064814815,10386.719407407409,10800.0,657.0706360166666,0.0,2.8481240740740725,657.0706360166666,0.0,657.0706360166666,0.0
T_q80_6000,2025-03-20,2025-03-20,101,2025-03-20 16:50:00,2025-03-20 17:00:00,0.9264,6102.19,1377.7125,6196.49,1642.05,759.0733333333333,24.890416666666624,783.9637499999999,0.8,0.8,28,,783.9637499999999,0.0,3.4491666666665424,0.0,0.0,10386.719407407409,10382.887,10800.0,726.2640179999999,0.0,0.3832407407407271,726.2640179999999,0.0,726.2640179999999,0.0
T_q80_6000,2025-03-20,2025-03-20,102,2025-03-20 17:00:00,2025-03-20 17:10:00,0.9462,6143.2969,1083.9022,6367.7307,1304.9072,843.8039166666667,25.34016666666668,869.1440833333334,0.8,0.8,28,,869.1440833333334,25.91163333333327,0.0,0.0,0.0,10382.887,10406.20747,10800.0,822.3841316500001,0.0,2.5911633333333266,822.3841316500001,0.0,822.3841316500001,0.0
T_q80_6000,2025-03-20,2025-03-20,103,2025-03-20 17:10:00,2025-03-20 17:20:00,0.9742,6075.0134,831.8823,6177.7386,973.3083,867.40505,24.714233333333368,892.1192833333333,0.8,0.8,28,,892.1192833333334,18.26410000000021,0.0,0.0,0.0,10406.20747,10422.645160000002,10800.0,869.1026058233334,0.0,1.8264100000000205,869.1026058233334,0.0,869.1026058233334,0.0
T_q80_6000,2025-03-20,2025-03-20,104,2025-03-20 17:20:00,2025-03-20 17:30:00,0.9862,6025.68,597.3375,5943.23,675.5625,877.9445833333332,20.084999999999923,898.0295833333331,0.8,0.8,28,,898.0295833333331,0.0,6.694166666667002,0.0,0.0,10422.645160000002,10415.207197037038,10800.0,885.6367750833331,0.0,0.7437962962963338,885.6367750833331,0.0,885.6367750833331,0.0
T_q80_6000,2025-03-20,2025-03-20,105,2025-03-20 17:30:00,2025-03-20 17:40:00,0.976,6213.4416,374.8971,6260.5833,408.3651,975.3697,22.11248333333333,997.4821833333332,0.8,0.8,28,,997.4821833333332,24.39143333333334,0.0,0.0,0.0,10415.207197037038,10437.159487037035,10800.0,973.5426109333332,0.0,2.4391433333333334,973.5426109333332,0.0,973.5426109333332,0.0
T_q80_6000,2025-03-20,2025-03-20,106,2025-03-20 17:40:00,2025-03-20 17:50:00,1.0742,5394.1467,156.1276,5643.5605,164.6811,913.1465666666666,21.76908333333336,934.91565,0.8,0.8,28,,934.91565,61.91246666666655,0.0,0.0,0.0,10437.159487037035,10492.880707037037,10800.0,1004.28639123,0.0,6.191246666666654,1004.28639123,0.0,1004.28639123,0.0
T_q80_6000,2025-03-20,2025-03-20,107,2025-03-20 17:50:00,2025-03-20 18:00:00,1.2313,4094.12,0.0,4339.62,0.0,723.27,33.309999999999945,756.5799999999999,0.8,0.8,28,,756.5799999999999,74.22666666666669,0.0,0.0,0.0,10492.880707037037,10559.684707037037,10800.0,931.576954,0.0,7.422666666666667,931.576954,0.0,931.576954,0.0
T_q80_6000,2025-03-20,2025-03-20,108,2025-03-20 18:00:00,2025-03-20 18:10:00,1.2561,4187.9837,0.0,4184.4013,0.0,697.4002166666667,17.745766666666782,715.1459833333334,0.8,0.8,28,,715.1459833333334,17.14870000000019,0.0,0.0,0.0,10559.684707037037,10575.118537037037,10800.0,898.2948696650002,0.0,1.7148700000000185,898.2948696650002,0.0,898.2948696650002,0.0
T_q80_6000,2025-03-20,2025-03-20,109,2025-03-20 18:10:00,2025-03-20 18:20:00,1.2447,4441.4267,5.5774,4355.2005,5.7982,724.9003833333333,18.079366666666715,742.97975,0.8,0.8,28,,742.97975,3.6715333333334,0.0,0.0,0.0,10575.118537037037,10578.422917037036,10800.0,924.786894825,0.0,0.36715333333333994,924.7868948249999,0.0,924.7868948249999,0.0
T_q80_6000,2025-03-20,2025-03-20,110,2025-03-20 18:20:00,2025-03-20 18:30:00,1.2545,4255.45,0.0,4309.15,0.0,718.1916666666666,33.68833333333333,751.8799999999999,0.8,0.8,28,,751.8799999999999,42.63833333333332,0.0,0.0,0.0,10578.422917037036,10616.797417037036,10800.0,943.2334599999998,0.0,4.263833333333332,943.2334599999998,0.0,943.2334599999998,0.0
T_q80_6000,2025-03-20,2025-03-20,111,2025-03-20 18:30:00,2025-03-20 18:40:00,1.2522,4286.5369,0.0,4354.2603,0.0,725.7100499999999,17.864016666666657,743.5740666666666,0.8,0.8,28,,743.5740666666666,29.15124999999989,0.0,0.0,0.0,10616.797417037036,10643.033542037036,10800.0,931.1034462799998,0.0,2.9151249999999886,931.1034462799998,0.0,931.1034462799998,0.0
T_q80_6000,2025-03-20,2025-03-20,112,2025-03-20 18:40:00,2025-03-20 18:50:00,1.2881,4470.2464,0.4004,4338.3067,0.4163,722.9817333333333,17.531433333333325,740.5131666666666,0.8,0.8,28,,412.71763333333456,0.0,332.25669999999866,0.0,0.0,10643.033542037036,10273.859430925926,10435.782740740742,531.6215834966682,0.0,36.91741111111098,531.6215834966682,0.0,531.6215834966682,0.0
T_q80_6000,2025-03-20,2025-03-20,113,2025-03-20 18:50:00,2025-03-20 19:00:00,1.3466,4579.24,0.0,4288.92,0.0,714.8199999999999,19.361666666666626,734.1816666666666,0.8,0.8,28,,0.0,0.0,763.2066666666666,0.0,0.0,10273.859430925926,9425.85202351852,9620.025333333337,0.0,0.0,84.80074074074076,0.0,0.0,0.0,0.0
T_q80_6000,2025-03-20,2025-03-20,114,2025-03-20 19:00:00,2025-03-20 19:10:00,1.3523,4480.3082,0.0,4415.0451,0.0,735.84085,15.542066666666642,751.3829166666667,0.8,0.8,28,,0.0,0.0,746.7180333333333,0.0,0.0,9425.85202351852,8596.165319814816,8785.155425925926,0.0,0.0,82.9686703703704,0.0,0.0,0.0,0.0
T_q80_6000,2025-03-20,2025-03-20,115,2025-03-20 19:10:00,2025-03-20 19:20:00,1.3445,4285.5618,0.0288,4447.7655,0.0299,741.2892666666667,17.82353333333333,759.1128,0.8,0.8,28,,0.0,0.0,714.2555,0.0,0.0,8596.165319814816,7802.548097592594,7941.696759259259,0.0,0.0,79.36172222222226,0.0,0.0,0.0,0.0
T_q80_6000,2025-03-20,2025-03-20,116,2025-03-20 19:20:00,2025-03-20 19:30:00,1.3483,4196.78,0.0,4430.96,0.0,738.4933333333333,24.069999999999936,762.5633333333333,0.8,0.8,28,,0.0,0.0,699.4633333333333,0.0,0.0,7802.548097592594,7025.366616111112,7094.404166666666,0.0,0.0,77.71814814814817,0.0,0.0,0.0,0.0
T_q80_6000,2025-03-20,2025-03-20,117,2025-03-20 19:30:00,2025-03-20 19:40:00,1.349,4330.8684,0.0,4648.3362,0.0,774.7226999999999,17.09996666666666,791.8226666666666,0.8,0.8,28,,0.0,0.0,721.8114,0.0,0.0,7025.366616111112,6223.353949444446,6214.601203703704,0.0,0.0,80.20126666666671,0.0,0.0,0.0,0.0
T_q80_6000,2025-03-20,2025-03-20,118,2025-03-20 19:40:00,2025-03-20 19:50:00,1.3473,4370.9481,0.0021,4630.751,0.0021,771.7914833333334,14.584383333333337,786.3758666666668,0.8,0.8,28,,0.0,0.0,728.491,0.0,0.0,6223.353949444446,5413.919505000002,5340.85024074074,0.0,0.0,80.94344444444448,0.0,0.0,0.0,0.0
T_q80_6000,2025-03-20,2025-03-20,119,2025-03-20 19:50:00,2025-03-20 20:00:00,1.3482,4358.21,0.0,4405.57,0.0,734.2616666666665,18.94999999999993,753.2116666666665,0.8,0.8,28,,0.0,0.0,726.3683333333333,0.0,0.0,5413.919505000002,4606.843579074076,4503.948388888889,0.0,0.0,80.70759259259263,0.0,0.0,0.0,0.0
T_q80_6000,2025-03-20,2025-03-20,120,2025-03-20 20:00:00,2025-03-20 20:10:00,1.3513,4586.0191,0.0,4459.9096,0.0,743.3182666666667,13.912816666666686,757.2310833333333,0.8,0.8,28,,0.0,0.0,764.3365166666667,0.0,0.0,4606.843579074076,3757.58078277778,3662.580518518519,0.0,0.0,84.92627962962968,0.0,0.0,0.0,0.0
T_q80_6000,2025-03-20,2025-03-20,121,2025-03-20 20:10:00,2025-03-20 20:20:00,1.34,4523.6629,0.0,4389.7527,0.0,731.62545,18.0460833333334,749.6715333333334,0.8,0.8,28,,0.0,0.0,753.9438166666666,0.0,0.0,3757.58078277778,2919.865430925928,2829.612148148148,0.0,0.0,83.77153518518521,0.0,0.0,0.0,0.0
T_q80_6000,2025-03-20,2025-03-20,122,2025-03-20 20:20:00,2025-03-20 20:30:00,1.3489,4215.37,0.0,4195.37,0.0,699.2283333333332,22.285000000000025,721.5133333333333,0.8,0.8,28,,0.0,0.0,702.5616666666666,0.0,0.0,2919.865430925928,2139.241356851854,2027.9306666666664,0.0,0.0,78.06240740740743,0.0,0.0,0.0,0.0
T_q80_6000,2025-03-20,2025-03-20,123,2025-03-20 20:30:00,2025-03-20 20:40:00,1.3952,4256.2469,0.0,4327.8811,0.0,721.3135166666666,23.824083333333363,745.1376,0.8,0.8,28,,0.0,0.0,709.3744833333333,0.0,0.0,2139.241356851854,1351.0474864814837,1200.0,0.0,0.0,78.81938703703706,0.0,0.0,0.0,0.0
T_q80_6000,2025-03-20,2025-03-20,124,2025-03-20 20:40:00,2025-03-20 20:50:00,1.2226,4319.0159,0.0,4512.0344,0.0,752.0057333333332,17.779016666666735,769.7847499999999,0.8,0.8,28,,769.7847499999999,49.94876666666653,0.0,0.0,0.0,1351.0474864814837,1396.0013764814837,1200.0,941.1388353499998,0.0,4.994876666666652,941.1388353499998,0.0,941.1388353499998,0.0
T_q80_6000,2025-03-20,2025-03-20,125,2025-03-20 20:50:00,2025-03-20 21:00:00,0.9332,4257.25,0.0,4484.87,0.0,747.4783333333332,28.518333333333374,775.9966666666667,0.8,0.8,28,,775.9966666666667,66.45500000000004,0.0,0.0,0.0,1396.0013764814837,1455.8108764814835,1200.0,724.1600893333333,0.0,6.645500000000003,724.1600893333333,0.0,724.1600893333333,0.0
T_q80_6000,2025-03-20,2025-03-20,126,2025-03-20 21:00:00,2025-03-20 21:10:00,0.9068,4290.2681,0.0,4273.0646,0.0,712.1774333333333,20.06291666666675,732.24035,0.8,0.8,28,,732.24035,17.19566666666674,0.0,0.0,0.0,1455.8108764814835,1471.2869764814836,1200.0,663.99554938,0.0,1.7195666666666736,663.99554938,0.0,663.99554938,0.0
T_q80_6000,2025-03-20,2025-03-20,127,2025-03-20 21:10:00,2025-03-20 21:20:00,0.9371,4418.7036,0.0,4239.7897,0.0,706.6316166666667,22.373416666666685,729.0050333333334,0.8,0.8,28,,729.0050333333334,0.0,7.445566666666536,0.0,0.0,1471.2869764814836,1463.014124629632,1200.0,683.1506167366667,0.0,0.827285185185171,683.1506167366667,0.0,683.1506167366667,0.0
T_q80_6000,2025-03-20,2025-03-20,128,2025-03-20 21:20:00,2025-03-20 21:30:00,0.9371,4553.6,0.0,4406.58,0.0,734.43,22.77666666666664,757.2066666666666,0.8,0.8,28,,757.2066666666666,0.0,1.7266666666668016,0.0,0.0,1463.014124629632,1461.0956061111133,1200.0,709.5783673333333,0.0,0.19185185185186693,709.5783673333333,0.0,709.5783673333333,0.0
T_q80_6000,2025-03-20,2025-03-20,129,2025-03-20 21:30:00,2025-03-20 21:40:00,0.9871,4526.2528,0.0,4390.6494,0.0,731.7749,12.16478333333339,743.9396833333334,0.8,0.8,28,,743.9396833333335,0.0,10.43578333333312,0.0,0.0,1461.0956061111133,1449.5002912962989,1200.0,734.3428614183335,0.0,1.1595314814814583,734.3428614183335,0.0,734.3428614183335,0.0
T_q80_6000,2025-03-20,2025-03-20,130,2025-03-20 21:40:00,2025-03-20 21:50:00,0.7764,4001.6252,0.0,3913.3811,0.0,652.2301833333333,18.00023333333337,670.2304166666668,0.8,0.8,28,,670.2304166666668,3.292883333333521,0.0,0.0,0.0,1449.5002912962989,1452.4638862962988,1200.0,520.3668955,0.0,0.329288333333352,520.3668955,0.0,520.3668955,0.0
T_q80_6000,2025-03-20,2025-03-20,131,2025-03-20 21:50:00,2025-03-20 22:00:00,0.4209,3318.94,0.0,3346.61,0.0,557.7683333333333,30.769999999999985,588.5383333333333,0.8,0.8,28,,1421.8716666666664,833.3333333333333,0.0,0.0,35.38166666666655,1452.4638862962988,2202.463886296299,1950.0,598.4657844999999,0.0,83.3333333333333,598.4657844999999,0.0,598.4657844999999,0.0
T_q80_6000,2025-03-20,2025-03-20,132,2025-03-20 22:00:00,2025-03-20 22:10:00,0.3859,3233.4088,0.0,3373.0005,0.0,562.16675,27.100149999999985,589.2669,0.8,0.8,28,,1422.600233333333,833.3333333333333,0.0,0.0,50.36543333333316,2202.463886296299,2952.463886296299,2700.0,548.9814300433333,0.0,83.3333333333333,548.9814300433333,0.0,548.9814300433333,0.0
T_q80_6000,2025-03-20,2025-03-20,133,2025-03-20 22:10:00,2025-03-20 22:20:00,0.4368,3319.971,0.0,3465.5966,0.0,577.5994333333333,14.584066666666672,592.1835,0.8,0.8,28,,592.1835,38.85500000000002,0.0,0.0,0.0,2952.463886296299,2987.433386296299,2700.0,258.6657528,0.0,3.885500000000001,258.6657528,0.0,258.6657528,0.0
T_q80_6000,2025-03-20,2025-03-20,134,2025-03-20 22:20:00,2025-03-20 22:30:00,0.4198,3255.84,0.0,3381.63,0.0,563.605,22.411666666666747,586.0166666666668,0.8,0.8,28,,1419.35,833.3333333333333,0.0,0.0,43.376666666666665,2987.433386296299,3737.433386296299,3450.0,595.84313,0.0,83.3333333333333,595.84313,0.0,595.84313,0.0
T_q80_6000,2025-03-20,2025-03-20,135,2025-03-20 22:30:00,2025-03-20 22:40:00,0.4186,3144.1326,0.0,3375.153,0.0,562.5255,26.99753333333331,589.5230333333333,0.8,0.8,28,,1422.8563666666664,833.3333333333333,0.0,0.0,65.50093333333325,3737.433386296299,4487.433386296299,4200.0,595.6076750866666,0.0,83.3333333333333,595.6076750866666,0.0,595.6076750866666,0.0
T_q80_6000,2025-03-20,2025-03-20,136,2025-03-20 22:40:00,2025-03-20 22:50:00,0.4241,3161.8174,0.0,3326.3207,0.0,554.3867833333334,28.078083333333325,582.4648666666667,0.8,0.8,28,,582.4648666666667,55.49530000000004,0.0,0.0,0.0,4487.433386296299,4537.3791562963,4200.0,247.0233499533333,0.0,5.549530000000003,247.02334995333334,0.0,247.02334995333334,0.0
T_q80_6000,2025-03-20,2025-03-20,137,2025-03-20 22:50:00,2025-03-20 23:00:00,0.4237,3296.4,0.0,3298.16,0.0,549.6933333333333,27.47166666666669,577.165,0.8,0.8,28,,1410.4983333333332,833.3333333333333,0.0,0.0,27.764999999999983,4537.3791562963,5287.3791562963,4950.0,597.6281438333333,0.0,83.3333333333333,597.6281438333333,0.0,597.6281438333333,0.0
T_q80_6000,2025-03-20,2025-03-20,138,2025-03-20 23:00:00,2025-03-20 23:10:00,0.4248,3356.4081,0.0,3488.4212,0.0,581.4035333333334,20.99095000000011,602.3944833333335,0.8,0.8,28,,602.3944833333335,42.9931333333335,0.0,0.0,0.0,5287.3791562963,5326.0729762963,4950.0,255.89717652000007,0.0,4.299313333333349,255.89717652000007,0.0,255.89717652000007,0.0
T_q80_6000,2025-03-20,2025-03-20,139,2025-03-20 23:10:00,2025-03-20 23:20:00,0.424,3261.7676,0.0,3525.4193,0.0,587.5698833333333,24.53320000000008,612.1030833333334,0.8,0.8,28,,945.4364166666668,401.80848333333336,0.0,0.0,0.0,5326.0729762963,5687.7006112963,5250.0,400.8650406666666,0.0,40.18084833333333,400.8650406666667,0.0,400.8650406666667,0.0
T_q80_6000,2025-03-20,2025-03-20,140,2025-03-20 23:20:00,2025-03-20 23:30:00,0.422,3267.73,0.0,3418.47,0.0,569.7449999999999,23.088333333333367,592.8333333333333,0.8,0.8,28,,1426.1666666666663,833.3333333333333,0.0,0.0,48.21166666666659,5687.7006112963,6437.7006112963,6000.0,601.8423333333333,0.0,83.3333333333333,601.8423333333332,0.0,601.8423333333332,0.0
T_q80_6000,2025-03-20,2025-03-20,141,2025-03-20 23:30:00,2025-03-20 23:40:00,0.424,3604.076,0.0,3469.7557,0.0,578.2926166666666,15.256899999999971,593.5495166666666,0.8,0.8,28,,593.5495166666666,0.0,7.12981666666667,0.0,0.0,6437.7006112963,6429.778592777781,6000.0,251.66499506666665,0.0,0.7922018518518527,251.66499506666662,0.0,251.66499506666662,0.0
T_q80_6000,2025-03-20,2025-03-20,142,2025-03-20 23:40:00,2025-03-20 23:50:00,0.4271,3245.8691,0.0,3090.0777,0.0,515.0129499999999,26.59960000000001,541.6125499999999,0.8,0.8,28,,541.6125499999999,0.634366666666665,0.0,0.0,0.0,6429.778592777781,6430.349522777781,6000.0,231.322720105,0.0,0.06343666666666649,231.32272010499997,0.0,231.32272010499997,0.0
T_q80_6000,2025-03-20,2025-03-20,143,2025-03-20 23:50:00,2025-03-21 00:00:00,0.4276,2401.0,0.0,2440.31,0.0,406.7183333333333,28.039999999999964,434.75833333333327,0.8,0.8,28,,434.75833333333327,34.59166666666664,0.0,0.0,0.0,6430.349522777781,6461.482022777781,6000.0,185.9026633333333,0.0,3.4591666666666634,185.9026633333333,0.0,185.9026633333333,0.0
T_q80_6000,2025-06-21,2025-06-21,0,2025-06-21 00:00:00,2025-06-21 00:10:00,0.4248,3087.9838,0.0,3292.2207,0.0,548.70345,79.98968333333335,628.6931333333333,0.8,0.8,28,,628.6931333333333,114.0291666666667,0.0,0.0,0.0,8384.896603333333,8487.522853333332,8384.896603333333,267.06884304,0.0,11.402916666666668,267.06884304,0.0,267.06884304,0.0
T_q80_6000,2025-06-21,2025-06-21,1,2025-06-21 00:10:00,2025-06-21 00:20:00,0.4245,3200.0919,0.0,3247.762,0.0,541.2936666666667,82.38476666666679,623.6784333333335,0.8,0.8,28,,623.6784333333335,90.32978333333358,0.0,0.0,0.0,8487.522853333332,8568.819658333332,8384.896603333333,264.75149495000005,0.0,9.032978333333356,264.75149495000005,0.0,264.75149495000005,0.0
T_q80_6000,2025-06-21,2025-06-21,2,2025-06-21 00:20:00,2025-06-21 00:30:00,0.4269,3401.46,0.0,3135.42,0.0,522.5699999999999,80.45000000000005,603.02,0.8,0.8,28,,603.02,36.110000000000014,0.0,0.0,0.0,8568.819658333332,8601.318658333332,8384.896603333333,257.429238,0.0,3.6110000000000007,257.429238,0.0,257.429238,0.0
T_q80_6000,2025-06-21,2025-06-21,3,2025-06-21 00:30:00,2025-06-21 00:40:00,0.4272,3063.5261,0.0,3144.8943,0.0,524.14905,83.92328333333342,608.0723333333334,0.8,0.8,28,,608.0723333333334,97.4846500000001,0.0,0.0,0.0,8601.318658333332,8689.054843333332,8384.896603333333,259.7685008,0.0,9.748465000000008,259.7685008,0.0,259.7685008,0.0
T_q80_6000,2025-06-21,2025-06-21,4,2025-06-21 00:40:00,2025-06-21 00:50:00,0.4271,2820.2572,0.0,3189.3566,0.0,531.5594333333333,67.45838333333324,599.0178166666666,0.8,0.8,28,,599.0178166666666,128.97494999999992,0.0,0.0,0.0,8689.054843333332,8805.132298333332,8384.896603333333,255.8405094983333,0.0,12.897494999999989,255.8405094983333,0.0,255.8405094983333,0.0
T_q80_6000,2025-06-21,2025-06-21,5,2025-06-21 00:50:00,2025-06-21 01:00:00,0.4285,2883.38,0.0,3191.86,0.0,531.9766666666667,60.83333333333337,592.8100000000001,0.8,0.8,28,,592.8100000000001,112.24666666666673,0.0,0.0,0.0,8805.132298333332,8906.154298333333,8384.896603333333,254.019085,0.0,11.22466666666667,254.01908500000002,0.0,254.01908500000002,0.0
T_q80_6000,2025-06-21,2025-06-21,6,2025-06-21 01:00:00,2025-06-21 01:10:00,0.4311,2869.9796,0.0,3141.3129,0.0,523.55215,71.39769999999999,594.94985,0.8,0.8,28,,594.94985,116.61991666666664,0.0,0.0,0.0,8906.154298333333,9011.112223333334,8384.896603333333,256.482880335,0.0,11.661991666666662,256.482880335,0.0,256.482880335,0.0
T_q80_6000,2025-06-21,2025-06-21,7,2025-06-21 01:10:00,2025-06-21 01:20:00,0.4302,2985.8287,0.0,2978.2906,0.0,496.3817666666666,75.55776666666668,571.9395333333333,0.8,0.8,28,,571.9395333333333,74.30141666666668,0.0,0.0,0.0,9011.112223333334,9077.983498333331,8384.896603333333,246.04838724,0.0,7.430141666666667,246.04838724,0.0,246.04838724,0.0
T_q80_6000,2025-06-21,2025-06-21,8,2025-06-21 01:20:00,2025-06-21 01:30:00,0.4279,3164.18,0.0,2859.96,0.0,476.66,53.91666666666663,530.5766666666666,0.8,0.8,28,,530.5766666666666,3.2133333333333667,0.0,0.0,0.0,9077.983498333331,9080.875498333333,8384.896603333333,227.03375566666665,0.0,0.3213333333333366,227.03375566666665,0.0,227.03375566666665,0.0
T_q80_6000,2025-06-21,2025-06-21,9,2025-06-21 01:30:00,2025-06-21 01:40:00,0.4312,3064.8457,0.0,2991.4169,0.0,498.5694833333333,52.69899999999996,551.2684833333333,0.8,0.8,28,,551.2684833333333,40.46086666666668,0.0,0.0,0.0,9080.875498333333,9117.290278333332,8384.896603333333,237.7069700133333,0.0,4.0460866666666675,237.70697001333332,0.0,237.70697001333332,0.0
T_q80_6000,2025-06-21,2025-06-21,10,2025-06-21 01:40:00,2025-06-21 01:50:00,0.4333,2954.0459,0.0,2886.449,0.0,481.0748333333333,71.00720000000001,552.0820333333334,0.8,0.8,28,,552.0820333333334,59.74105000000003,0.0,0.0,0.0,9117.290278333332,9171.057223333331,8384.896603333333,239.21714504333332,0.0,5.9741050000000016,239.21714504333335,0.0,239.21714504333335,0.0
T_q80_6000,2025-06-21,2025-06-21,11,2025-06-21 01:50:00,2025-06-21 02:00:00,0.4311,2994.62,0.0,2684.58,0.0,447.43,95.43000000000006,542.86,0.8,0.8,28,,542.86,43.75666666666672,0.0,0.0,0.0,9171.057223333331,9210.43822333333,8384.896603333333,234.026946,0.0,4.375666666666671,234.026946,0.0,234.026946,0.0
T_q80_6000,2025-06-21,2025-06-21,12,2025-06-21 02:00:00,2025-06-21 02:10:00,0.4293,3072.4014,0.0,2981.874,0.0,496.9789999999999,62.86976666666658,559.8487666666665,0.8,0.8,28,,559.8487666666665,47.78186666666648,0.0,0.0,0.0,9210.43822333333,9253.44190333333,8384.896603333333,240.34307552999996,0.0,4.778186666666647,240.34307552999994,0.0,240.34307552999994,0.0
T_q80_6000,2025-06-21,2025-06-21,13,2025-06-21 02:10:00,2025-06-21 02:20:00,0.4324,3013.1015,0.0,3040.3061,0.0,506.7176833333333,34.98633333333328,541.7040166666666,0.8,0.8,28,,541.7040166666666,39.52043333333325,0.0,0.0,0.0,9253.44190333333,9289.010293333333,8384.896603333333,234.23281680666665,0.0,3.9520433333333242,234.23281680666662,0.0,234.23281680666662,0.0
T_q80_6000,2025-06-21,2025-06-21,14,2025-06-21 02:20:00,2025-06-21 02:30:00,0.4367,2838.75,0.0,2782.61,0.0,463.7683333333333,35.389999999999986,499.1583333333333,0.8,0.8,28,,186.5822403333332,0.0,286.5427596666668,0.0,0.0,9289.010293333333,8970.629449259257,8037.589833333332,81.48046435356659,0.0,31.83808440740744,81.4804643535666,0.0,81.4804643535666,0.0
T_q80_6000,2025-06-21,2025-06-21,15,2025-06-21 02:30:00,2025-06-21 02:40:00,0.4348,2749.9199,0.0,2861.4034,0.0,476.9005666666667,34.741166666666686,511.6417333333334,0.8,0.8,28,,511.6417333333334,53.32175000000007,0.0,0.0,0.0,8970.629449259257,9018.619024259257,8037.589833333332,222.46182565333336,0.0,5.332175000000006,222.46182565333336,0.0,222.46182565333336,0.0
T_q80_6000,2025-06-21,2025-06-21,16,2025-06-21 02:40:00,2025-06-21 02:50:00,0.4335,2820.5847,0.0,2863.2888,0.0,477.2148,35.84635000000003,513.06115,0.8,0.8,28,,513.06115,42.96370000000002,0.0,0.0,0.0,9018.619024259257,9057.286354259257,8037.589833333332,222.412008525,0.0,4.2963700000000005,222.412008525,0.0,222.412008525,0.0
T_q80_6000,2025-06-21,2025-06-21,17,2025-06-21 02:50:00,2025-06-21 03:00:00,0.4357,2936.24,0.0,2706.74,0.0,451.1233333333333,46.31499999999994,497.4383333333332,0.8,0.8,28,,497.4383333333333,8.064999999999998,0.0,0.0,0.0,9057.286354259257,9064.544854259257,8037.589833333332,216.7338818333333,0.0,0.8064999999999996,216.7338818333333,0.0,216.7338818333333,0.0
T_q80_6000,2025-06-21,2025-06-21,18,2025-06-21 03:00:00,2025-06-21 03:10:00,0.4374,2920.1894,0.0012,2767.5101,0.0016,461.2514166666666,19.44166666666661,480.6930833333332,0.8,0.8,28,,0.0,0.0,486.6980333333333,0.0,0.0,9064.544854259257,8523.769261666665,7503.486407407407,0.0,0.0,54.077559259259274,0.0,0.0,0.0,0.0
T_q80_6000,2025-06-21,2025-06-21,19,2025-06-21 03:10:00,2025-06-21 03:20:00,0.4371,2951.0328,0.0,2826.5835,0.0,471.09725,25.43703333333337,496.5342833333334,0.8,0.8,28,,0.0,0.0,491.8388,0.0,0.0,8523.769261666665,7977.281706111109,6951.781648148148,0.0,0.0,54.64875555555558,0.0,0.0,0.0,0.0
T_q80_6000,2025-06-21,2025-06-21,20,2025-06-21 03:20:00,2025-06-21 03:30:00,0.4356,2977.51,0.0,2821.38,0.0,470.23,36.261666666666656,506.4916666666667,0.8,0.8,28,,506.4916666666667,10.240000000000007,0.0,0.0,0.0,7977.281706111109,7986.497706111109,6951.781648148148,220.62777,0.0,1.0240000000000005,220.62777,0.0,220.62777,0.0
T_q80_6000,2025-06-21,2025-06-21,21,2025-06-21 03:30:00,2025-06-21 03:40:00,0.4353,2780.298,0.0162,2923.502,0.0221,487.24664999999993,28.029300000000035,515.27595,0.8,0.8,28,,515.27595,51.895650000000046,0.0,0.0,0.0,7986.497706111109,8033.203791111109,6951.781648148148,224.299621035,0.0,5.1895650000000035,224.299621035,0.0,224.299621035,0.0
T_q80_6000,2025-06-21,2025-06-21,22,2025-06-21 03:40:00,2025-06-21 03:50:00,0.436,2728.3059,0.0,2996.6877,0.0,499.44795,30.77184999999997,530.2198,0.8,0.8,28,,530.2198,75.50215000000003,0.0,0.0,0.0,8033.203791111109,8101.155726111109,6951.781648148147,231.1758328,0.0,7.5502150000000015,231.1758328,0.0,231.1758328,0.0
T_q80_6000,2025-06-21,2025-06-21,23,2025-06-21 03:50:00,2025-06-21 04:00:00,0.4378,2862.19,0.0,2885.8,0.0,480.9666666666667,25.46499999999992,506.4316666666666,0.8,0.8,28,,0.0,0.0,477.0316666666666,0.0,0.0,8101.155726111109,7571.120540925924,6389.079796296295,0.0,0.0,53.00351851851853,0.0,0.0,0.0,0.0
T_q80_6000,2025-06-21,2025-06-21,24,2025-06-21 04:00:00,2025-06-21 04:10:00,0.4401,2845.9182,0.2263,2608.6737,0.3079,434.7276333333333,39.03223333333335,473.75986666666665,0.8,0.8,28,,0.0,0.0,474.28198333333336,0.0,0.0,7571.120540925924,7044.140559444442,5862.679944444443,0.0,0.0,52.69799814814817,0.0,0.0,0.0,0.0
T_q80_6000,2025-06-21,2025-06-21,25,2025-06-21 04:10:00,2025-06-21 04:20:00,0.4389,2748.951,0.0,2602.2534,0.0,433.7089,31.74303333333341,465.4519333333334,0.8,0.8,28,,0.0,0.0,458.1585,0.0,0.0,7044.140559444442,6535.075559444443,5345.511129629628,0.0,0.0,50.90650000000002,0.0,0.0,0.0,0.0
T_q80_6000,2025-06-21,2025-06-21,26,2025-06-21 04:20:00,2025-06-21 04:30:00,0.4364,2677.31,0.0,2799.89,0.0,466.6483333333333,27.041666666666742,493.69000000000005,0.8,0.8,28,,493.69000000000005,47.47166666666675,0.0,0.0,0.0,6535.075559444443,6577.800059444443,5345.511129629628,215.446316,0.0,4.747166666666674,215.44631600000002,0.0,215.44631600000002,0.0
T_q80_6000,2025-06-21,2025-06-21,27,2025-06-21 04:30:00,2025-06-21 04:40:00,0.4393,2660.8713,3.1516,2720.8463,4.2881,452.7597,16.610483333333377,469.3701833333333,0.8,0.8,28,,0.0,0.0,442.9532833333333,0.0,0.0,6577.800059444443,6085.6297446296285,4823.988703703702,0.0,0.0,49.2170314814815,0.0,0.0,0.0,0.0
T_q80_6000,2025-06-21,2025-06-21,28,2025-06-21 04:40:00,2025-06-21 04:50:00,0.4422,2702.3205,0.0,2641.2198,0.0,440.2033,25.316533333333386,465.5198333333333,0.8,0.8,28,,0.0,0.0,450.38675,0.0,0.0,6085.6297446296285,5585.200022407406,4306.744444444444,0.0,0.0,50.04297222222225,0.0,0.0,0.0,0.0
T_q80_6000,2025-06-21,2025-06-21,29,2025-06-21 04:50:00,2025-06-21 05:00:00,0.4395,2732.32,7.275,2632.74,8.7375,437.3337499999999,18.423333333333343,455.7570833333333,0.8,0.8,28,,0.0,0.0,454.1741666666667,0.0,0.0,5585.200022407406,5080.562059444444,3800.3476851851847,0.0,0.0,50.46379629629632,0.0,0.0,0.0,0.0
T_q80_6000,2025-06-21,2025-06-21,30,2025-06-21 05:00:00,2025-06-21 05:10:00,0.4333,2664.7178,116.7655,2502.539,152.8995,391.6065833333333,37.46590000000003,429.07248333333337,0.8,0.8,28,,429.07248333333337,4.413766666666732,0.0,0.0,0.0,5080.562059444444,5084.534449444443,3800.3476851851847,185.91710702833336,0.0,0.44137666666667313,185.91710702833336,0.0,185.91710702833336,0.0
T_q80_6000,2025-06-21,2025-06-21,31,2025-06-21 05:10:00,2025-06-21 05:20:00,0.4439,2606.871,263.9703,2578.8036,339.8186,373.1641666666667,27.009900000000016,400.1740666666667,0.8,0.8,28,,0.0,0.0,390.48345,0.0,0.0,5084.534449444443,4650.663949444444,3355.709833333333,0.0,0.0,43.387050000000016,0.0,0.0,0.0,0.0
T_q80_6000,2025-06-21,2025-06-21,32,2025-06-21 05:20:00,2025-06-21 05:30:00,0.4301,2642.15,417.075,2833.56,525.2625,384.71625,23.405000000000086,408.12125,0.8,0.8,28,,408.12125,37.27541666666667,0.0,0.0,0.0,4650.663949444444,4684.211824444444,3355.709833333333,175.532949625,0.0,3.7275416666666663,175.532949625,0.0,175.532949625,0.0
T_q80_6000,2025-06-21,2025-06-21,33,2025-06-21 05:30:00,2025-06-21 05:40:00,0.3713,2745.0641,587.5961,2871.5102,736.5288,355.8302333333333,21.37241666666671,377.20265000000006,0.8,0.8,28,,377.20265000000006,17.624650000000088,0.0,0.0,0.0,4684.211824444444,4700.074009444444,3355.709833333333,140.05534394500003,0.0,1.7624650000000084,140.05534394500003,0.0,140.05534394500003,0.0
T_q80_6000,2025-06-21,2025-06-21,34,2025-06-21 05:40:00,2025-06-21 05:50:00,0.5708,2758.042,735.8325,2789.4328,959.2791,305.0256166666667,21.96738333333332,326.993,0.8,0.8,28,,0.0,0.0,337.0349166666666,0.0,0.0,4700.074009444444,4325.590768703703,2992.384277777777,0.0,0.0,37.44832407407409,0.0,0.0,0.0,0.0
T_q80_6000,2025-06-21,2025-06-21,35,2025-06-21 05:50:00,2025-06-21 06:00:00,0.9099,2741.64,890.7,2768.88,1180.05,264.805,36.95666666666659,301.7616666666666,0.8,0.8,28,,0.0,0.0,308.48999999999995,0.0,0.0,4325.590768703703,3982.824102037037,2657.0935370370366,0.0,0.0,34.27666666666668,0.0,0.0,0.0,0.0
T_q80_6000,2025-06-21,2025-06-21,36,2025-06-21 06:00:00,2025-06-21 06:10:00,0.9368,2888.7304,1136.9554,2863.8437,1397.0577,244.4643333333333,32.949283333333284,277.4136166666666,0.8,0.8,28,,0.0,0.0,291.9625,0.0,0.0,3982.824102037037,3658.421324259259,2348.856185185185,0.0,0.0,32.44027777777779,0.0,0.0,0.0,0.0
T_q80_6000,2025-06-21,2025-06-21,37,2025-06-21 06:10:00,2025-06-21 06:20:00,0.8758,2932.231,1453.4028,2808.6146,1606.6151,200.33325,26.53681666666671,226.87006666666667,0.8,0.8,28,,0.0,0.0,246.47136666666668,0.0,0.0,3658.421324259259,3384.564250185185,2096.778333333333,0.0,0.0,27.38570740740742,0.0,0.0,0.0,0.0
T_q80_6000,2025-06-21,2025-06-21,38,2025-06-21 06:20:00,2025-06-21 06:30:00,0.8759,2764.02,1765.9125,2621.69,1807.2,135.7483333333333,56.85666666666663,192.605,0.8,0.8,28,,0.0,0.0,166.35125,0.0,0.0,3384.564250185185,3199.7295279629625,1882.7727777777775,0.0,0.0,18.48347222222223,0.0,0.0,0.0,0.0
T_q80_6000,2025-06-21,2025-06-21,39,2025-06-21 06:30:00,2025-06-21 06:40:00,0.8601,2606.6137,2022.3026,2617.437,2000.3548,102.8470333333333,50.00861666666674,152.85565000000005,0.8,0.8,28,,0.0,0.0,97.38518333333332,0.0,0.0,3199.7295279629625,3091.523768703704,1712.9331666666667,0.0,0.0,10.82057592592593,0.0,0.0,0.0,0.0
T_q80_6000,2025-06-21,2025-06-21,40,2025-06-21 06:40:00,2025-06-21 06:50:00,0.8442,2867.7649,2350.4923,2834.3885,2192.9589,106.90493333333332,59.9829666666667,166.8879,0.8,0.8,28,,0.0,0.0,86.21210000000004,0.0,0.0,3091.523768703704,2995.732546481481,1527.5021666666669,0.0,0.0,9.57912222222223,0.0,0.0,0.0,0.0
T_q80_6000,2025-06-21,2025-06-21,41,2025-06-21 06:50:00,2025-06-21 07:00:00,0.8334,3304.27,2699.25,3131.11,2488.1625,107.1579166666667,52.93458333333325,160.09249999999994,0.8,0.8,28,,0.0,0.0,100.83666666666666,0.0,0.0,2995.732546481481,2883.6918057407406,1349.6216111111112,0.0,0.0,11.204074074074079,0.0,0.0,0.0,0.0
T_q80_6000,2025-06-21,2025-06-21,42,2025-06-21 07:00:00,2025-06-21 07:10:00,0.8092,3254.3169,2874.6231,3294.7013,2986.6862,51.33585000000001,53.30661666666663,104.64246666666664,0.8,0.8,28,,0.0,0.0,63.2823,0.0,0.0,2883.6918057407406,2813.378139074074,1233.3522037037037,0.0,0.0,7.03136666666667,0.0,0.0,0.0,0.0
T_q80_6000,2025-06-21,2025-06-21,43,2025-06-21 07:10:00,2025-06-21 07:20:00,0.7972,3137.5948,3006.0287,3261.0929,3412.6444,-25.258583333333338,55.27556666666669,30.016983333333357,0.8,0.8,28,,0.0,0.0,21.92768333333333,0.0,0.0,2813.378139074074,2789.0140464814817,1200.0,0.0,0.0,2.43640925925926,0.0,0.0,0.0,0.0
T_q80_6000,2025-06-21,2025-06-21,44,2025-06-21 07:20:00,2025-06-21 07:30:00,0.7644,3174.85,3224.8875,3155.75,3690.2625,-89.08541666666663,46.050416666666536,-43.035000000000096,0.8,0.8,28,,0.0,8.339583333333318,0.0,0.0,0.0,2789.0140464814817,2796.519671481481,1200.0,0.0,0.0,0.8339583333333316,0.0,0.0,0.0,0.0
T_q80_6000,2025-06-21,2025-06-21,45,2025-06-21 07:30:00,2025-06-21 07:40:00,0.6899,3159.7263,3537.527,3173.0118,3974.9372,-133.65423333333325,45.79340000000002,-87.86083333333323,0.8,0.8,28,,0.0,62.96678333333337,0.0,0.0,0.0,2796.519671481481,2853.1897764814817,1200.0,0.0,0.0,6.296678333333335,0.0,0.0,0.0,0.0
T_q80_6000,2025-06-21,2025-06-21,46,2025-06-21 07:40:00,2025-06-21 07:50:00,0.86,3087.5763,3785.3986,3186.3298,4172.0564,-164.28776666666673,55.68689999999998,-108.60086666666676,0.8,0.8,28,,0.0,116.30371666666665,0.0,0.0,0.0,2853.1897764814817,2957.863121481482,1200.0,0.0,0.0,11.630371666666662,0.0,0.0,0.0,0.0
T_q80_6000,2025-06-21,2025-06-21,47,2025-06-21 07:50:00,2025-06-21 08:00:00,1.1617,3062.36,4003.425,3174.31,4269.825,-182.5858333333333,75.08999999999992,-107.4958333333334,0.8,0.8,28,,0.0,156.84416666666667,0.0,0.0,0.0,2957.863121481482,3099.0228714814816,1200.0,0.0,0.0,15.684416666666664,0.0,0.0,0.0,0.0
T_q80_6000,2025-06-21,2025-06-21,48,2025-06-21 08:00:00,2025-06-21 08:10:00,1.1683,3162.0197,4334.7324,3235.6404,4385.3882,-191.62463333333332,85.90065000000004,-105.72398333333332,0.8,0.8,28,,0.0,195.45211666666663,0.0,0.0,0.0,3099.0228714814816,3274.929776481481,1200.0,0.0,0.0,19.54521166666666,0.0,0.0,0.0,0.0
T_q80_6000,2025-06-21,2025-06-21,49,2025-06-21 08:10:00,2025-06-21 08:20:00,1.0956,3160.9922,4441.8035,3211.7119,4557.504,-224.29868333333332,103.44353333333328,-120.85515000000008,0.8,0.8,28,,0.0,213.46855,0.0,0.0,0.0,3274.929776481481,3467.0514714814813,1200.0,0.0,0.0,21.346854999999994,0.0,0.0,0.0,0.0
T_q80_6000,2025-06-21,2025-06-21,50,2025-06-21 08:20:00,2025-06-21 08:30:00,1.0849,3037.59,4358.7,3117.03,4806.1125,-281.51375,111.62999999999997,-169.88375,0.8,0.8,28,,0.0,220.18499999999997,0.0,0.0,0.0,3467.0514714814813,3665.217971481481,1200.0,0.0,0.0,22.018499999999992,0.0,0.0,0.0,0.0
T_q80_6000,2025-06-21,2025-06-21,51,2025-06-21 08:30:00,2025-06-21 08:40:00,1.061,3030.9974,4479.895,3160.411,5092.0224,-321.93523333333326,100.34430000000012,-221.59093333333317,0.8,0.8,28,,0.0,241.48293333333336,0.0,0.0,0.0,3665.217971481481,3882.552611481481,1200.0,0.0,0.0,24.14829333333333,0.0,0.0,0.0,0.0
T_q80_6000,2025-06-21,2025-06-21,52,2025-06-21 08:40:00,2025-06-21 08:50:00,1.043,3289.939,4668.5166,3366.9129,5152.4772,-297.59405000000004,114.85684999999997,-182.7372000000001,0.8,0.8,28,,0.0,229.7629333333333,0.0,0.0,0.0,3882.552611481481,4089.339251481481,1200.0,0.0,0.0,22.976293333333327,0.0,0.0,0.0,0.0
T_q80_6000,2025-06-21,2025-06-21,53,2025-06-21 08:50:00,2025-06-21 09:00:00,1.036,3650.62,4746.075,3644.16,5183.1,-256.49000000000007,121.35708333333348,-135.13291666666657,0.8,0.8,28,,0.0,182.5758333333333,0.0,0.0,0.0,4089.339251481481,4253.657501481481,1200.0,0.0,0.0,18.257583333333326,0.0,0.0,0.0,0.0
T_q80_6000,2025-06-21,2025-06-21,54,2025-06-21 09:00:00,2025-06-21 09:10:00,1.0147,3785.9011,4746.9534,3852.5107,5602.4247,-291.6523333333333,142.82838333333316,-148.8239500000001,0.8,0.8,28,,0.0,160.17538333333337,0.0,0.0,0.0,4253.657501481481,4397.81534648148,1200.0,0.0,0.0,16.017538333333334,0.0,0.0,0.0,0.0
T_q80_6000,2025-06-21,2025-06-21,55,2025-06-21 09:10:00,2025-06-21 09:20:00,0.9922,3849.6183,5139.4381,3939.4047,5705.744,-294.3898833333333,127.4840833333334,-166.90579999999989,0.8,0.8,28,,0.0,214.9699666666667,0.0,0.0,0.0,4397.81534648148,4591.28831648148,1200.0,0.0,0.0,21.496996666666664,0.0,0.0,0.0,0.0
T_q80_6000,2025-06-21,2025-06-21,56,2025-06-21 09:20:00,2025-06-21 09:30:00,0.97,3824.6,5794.3125,3890.66,5464.2375,-262.2629166666667,118.24416666666669,-144.01875,0.8,0.8,28,,0.0,328.28541666666666,0.0,0.0,0.0,4591.28831648148,4886.74519148148,1313.1997349999974,0.0,0.0,32.82854166666666,0.0,0.0,0.0,0.0
T_q80_6000,2025-06-21,2025-06-21,57,2025-06-21 09:30:00,2025-06-21 09:40:00,0.9422,3582.3586,6109.068,3743.0588,5592.3571,-308.2163833333334,121.46611666666672,-186.75026666666668,0.8,0.8,28,,0.0,421.11823333333336,0.0,0.0,0.0,4886.74519148148,5265.75160148148,1481.2749749999975,0.0,0.0,42.11182333333333,0.0,0.0,0.0,0.0
T_q80_6000,2025-06-21,2025-06-21,58,2025-06-21 09:40:00,2025-06-21 09:50:00,0.9569,3687.9447,6385.1018,3668.9743,5934.8802,-377.6509833333333,128.3155666666668,-249.33541666666648,0.8,0.8,28,,0.0,449.5261833333334,0.0,0.0,0.0,5265.75160148148,5670.32516648148,1705.676849999997,0.0,0.0,44.95261833333333,0.0,0.0,0.0,0.0
T_q80_6000,2025-06-21,2025-06-21,59,2025-06-21 09:50:00,2025-06-21 10:00:00,0.9977,4000.14,6643.5375,3763.84,6259.5,-415.94333333333327,137.67583333333337,-278.2674999999999,0.8,0.8,28,,0.0,440.5662500000001,0.0,0.0,0.0,5670.32516648148,6066.834791481479,1956.1175999999973,0.0,0.0,44.056625,0.0,0.0,0.0,0.0
T_q80_6000,2025-06-21,2025-06-21,60,2025-06-21 10:00:00,2025-06-21 10:10:00,0.9919,3826.1041,6589.8893,3940.9272,6487.3724,-424.4075333333333,141.49390000000008,-282.9136333333332,0.8,0.8,28,,0.0,460.6308666666666,0.0,0.0,0.0,6066.834791481479,6481.40257148148,2210.739869999997,0.0,0.0,46.06308666666665,0.0,0.0,0.0,0.0
T_q80_6000,2025-06-21,2025-06-21,61,2025-06-21 10:10:00,2025-06-21 10:20:00,0.9588,3761.4976,6695.6004,3851.4805,6558.8571,-451.2294333333333,163.8027499999999,-287.4266833333334,0.8,0.8,28,,0.0,489.0171333333333,0.0,0.0,0.0,6481.40257148148,6921.51799148148,2469.4238849999974,0.0,0.0,48.90171333333332,0.0,0.0,0.0,0.0
T_q80_6000,2025-06-21,2025-06-21,62,2025-06-21 10:20:00,2025-06-21 10:30:00,0.9549,3901.91,7000.9875,3627.76,6622.0125,-499.04208333333327,149.24666666666667,-349.7954166666666,0.8,0.8,28,,0.0,516.5129166666667,0.0,0.0,0.0,6921.51799148148,7386.379616481479,2784.239759999997,0.0,0.0,51.65129166666666,0.0,0.0,0.0,0.0
T_q80_6000,2025-06-21,2025-06-21,63,2025-06-21 10:30:00,2025-06-21 10:40:00,0.9839,3726.7535,7093.8409,3731.9048,6889.2348,-526.2216666666667,139.0475,-387.1741666666667,0.8,0.8,28,,0.0,561.1812333333334,0.0,0.0,0.0,7386.379616481479,7891.442726481479,3132.696509999997,0.0,0.0,56.11812333333332,0.0,0.0,0.0,0.0
T_q80_6000,2025-06-21,2025-06-21,64,2025-06-21 10:40:00,2025-06-21 10:50:00,0.799,3565.5609,7243.1188,3783.4133,7030.3159,-541.1504333333332,113.69718333333336,-427.4532499999999,0.8,0.8,28,,0.0,612.9263166666667,0.0,0.0,0.0,7891.442726481479,8443.07641148148,3517.4044349999967,0.0,0.0,61.29263166666666,0.0,0.0,0.0,0.0
T_q80_6000,2025-06-21,2025-06-21,65,2025-06-21 10:50:00,2025-06-21 11:00:00,0.5025,3679.21,7400.1,3618.92,6992.85,-562.3216666666667,112.96999999999994,-449.3516666666668,0.8,0.8,28,,0.0,620.1483333333333,0.0,0.0,0.0,8443.07641148148,9001.20991148148,3921.820934999997,0.0,0.0,62.014833333333314,0.0,0.0,0.0,0.0
T_q80_6000,2025-06-21,2025-06-21,66,2025-06-21 11:00:00,2025-06-21 11:10:00,0.4662,3945.6166,7306.5816,3481.824,7042.9006,-593.5127666666666,121.1284999999998,-472.3842666666668,0.8,0.8,28,,0.0,560.1608333333334,0.0,0.0,0.0,9001.20991148148,9505.35466148148,4346.966774999997,0.0,0.0,56.01608333333332,0.0,0.0,0.0,0.0
T_q80_6000,2025-06-21,2025-06-21,67,2025-06-21 11:10:00,2025-06-21 11:20:00,0.5007,3900.6403,7782.8954,3500.7818,7067.4755,-594.4489499999999,126.49885000000006,-467.9500999999998,0.8,0.8,28,,0.0,647.0425166666666,0.0,0.0,0.0,9505.35466148148,10087.69292648148,4768.121864999997,0.0,0.0,64.70425166666665,0.0,0.0,0.0,0.0
T_q80_6000,2025-06-21,2025-06-21,68,2025-06-21 11:20:00,2025-06-21 11:30:00,0.4827,3645.76,8490.225,3619.72,7078.8,-576.5133333333333,107.3258333333333,-469.1875,0.8,0.8,28,,0.0,791.4523039094678,0.0,0.0,15.95852942386557,10087.69292648148,10800.0,5190.3906149999975,0.0,0.0,79.14523039094676,0.0,0.0,0.0,0.0
T_q80_6000,2025-06-21,2025-06-21,69,2025-06-21 11:30:00,2025-06-21 11:40:00,0.4785,3705.1427,8180.7164,3676.5508,7189.044,-585.4155333333333,164.06218333333317,-421.35335000000015,0.8,0.8,28,,0.0,0.0,0.0,0.0,745.9289500000001,10800.0,10800.0,5569.608629999998,0.0,0.0,0.0,0.0,0.0,0.0,0.0
T_q80_6000,2025-06-21,2025-06-21,70,2025-06-21 11:40:00,2025-06-21 11:50:00,0.4662,3724.3133,7677.6706,3689.0127,7033.8841,-557.4785666666667,172.85366666666658,-384.6249000000001,0.8,0.8,28,,0.0,0.0,0.0,0.0,658.8928833333334,10800.0,10800.0,5915.771039999998,0.0,0.0,0.0,0.0,0.0,0.0,0.0
T_q80_6000,2025-06-21,2025-06-21,71,2025-06-21 11:50:00,2025-06-21 12:00:00,0.4432,3631.08,7665.1125,3693.53,6626.2125,-488.78041666666655,130.56833333333338,-358.2120833333332,0.8,0.8,28,,0.0,0.0,0.0,0.0,672.33875,10800.0,10800.0,6238.161914999998,0.0,0.0,0.0,0.0,0.0,0.0,0.0
T_q80_6000,2025-06-21,2025-06-21,72,2025-06-21 12:00:00,2025-06-21 12:10:00,0.4411,3735.5415,8044.2631,3700.2899,6414.5524,-452.3770833333332,133.93081666666677,-318.4462666666664,0.8,0.8,28,,0.0,0.0,0.0,0.0,718.1202666666668,10800.0,10800.0,6524.763554999998,0.0,0.0,0.0,0.0,0.0,0.0,0.0
T_q80_6000,2025-06-21,2025-06-21,73,2025-06-21 12:10:00,2025-06-21 12:20:00,0.4551,3852.2352,8300.9755,3725.1955,6580.7353,-475.9233,133.0395166666667,-342.8837833333333,0.8,0.8,28,,0.0,0.0,0.0,0.0,741.4567166666667,10800.0,10800.0,6833.358959999998,0.0,0.0,0.0,0.0,0.0,0.0,0.0
T_q80_6000,2025-06-21,2025-06-21,74,2025-06-21 12:20:00,2025-06-21 12:30:00,0.4463,3928.56,8383.0125,3761.52,6916.125,-525.7674999999999,130.21291666666653,-395.5545833333334,0.8,0.8,28,,0.0,0.0,0.0,0.0,742.4087500000002,10800.0,10800.0,7189.358084999998,0.0,0.0,0.0,0.0,0.0,0.0,0.0
T_q80_6000,2025-06-21,2025-06-21,75,2025-06-21 12:30:00,2025-06-21 12:40:00,0.4113,4059.9044,8605.7877,3780.9427,6997.9126,-536.1616499999999,131.64124999999996,-404.5204,0.8,0.8,28,,0.0,0.0,0.0,0.0,757.6472166666668,10800.0,10800.0,7553.426444999998,0.0,0.0,0.0,0.0,0.0,0.0,0.0
T_q80_6000,2025-06-21,2025-06-21,76,2025-06-21 12:40:00,2025-06-21 12:50:00,0.5682,3912.5928,8542.7209,3768.4578,6828.0916,-509.9389666666666,143.96201666666673,-365.9769499999999,0.8,0.8,28,,0.0,0.0,0.0,0.0,771.6880166666666,10800.0,10800.0,7882.805699999998,0.0,0.0,0.0,0.0,0.0,0.0,0.0
T_q80_6000,2025-06-21,2025-06-21,77,2025-06-21 12:50:00,2025-06-21 13:00:00,0.8279,3688.01,8049.6,3763.37,6705.9,-490.4216666666666,180.7870833333333,-309.6345833333333,0.8,0.8,28,,0.0,0.0,0.0,0.0,726.9316666666666,10800.0,10800.0,8161.476824999998,0.0,0.0,0.0,0.0,0.0,0.0,0.0
T_q80_6000,2025-06-21,2025-06-21,78,2025-06-21 13:00:00,2025-06-21 13:10:00,0.8636,3910.4683,7493.4162,3817.3428,6883.7552,-511.0687333333333,161.9483166666666,-349.1204166666667,0.8,0.8,28,,0.0,0.0,0.0,0.0,597.1579833333333,10800.0,10800.0,8475.685199999998,0.0,0.0,0.0,0.0,0.0,0.0,0.0
T_q80_6000,2025-06-21,2025-06-21,79,2025-06-21 13:10:00,2025-06-21 13:20:00,0.8416,3862.6154,7354.9231,3834.9581,6717.4275,-480.41156666666666,143.34001666666666,-337.07155,0.8,0.8,28,,0.0,0.0,0.0,0.0,582.0512833333332,10800.0,10800.0,8779.049594999999,0.0,0.0,0.0,0.0,0.0,0.0,0.0
T_q80_6000,2025-06-21,2025-06-21,80,2025-06-21 13:20:00,2025-06-21 13:30:00,0.8618,3589.29,7340.8875,3827.67,6265.05,-406.23,156.60416666666663,-249.6258333333334,0.8,0.8,28,,0.0,0.0,0.0,0.0,625.2662499999999,10800.0,10800.0,9003.712844999998,0.0,0.0,0.0,0.0,0.0,0.0,0.0
T_q80_6000,2025-06-21,2025-06-21,81,2025-06-21 13:30:00,2025-06-21 13:40:00,0.8623,3849.2221,6714.7449,3893.2639,6241.1191,-391.3092,118.45496666666666,-272.8542333333333,0.8,0.8,28,,0.0,0.0,0.0,0.0,477.58713333333327,10800.0,10800.0,9249.281655,0.0,0.0,0.0,0.0,0.0,0.0,0.0
T_q80_6000,2025-06-21,2025-06-21,82,2025-06-21 13:40:00,2025-06-21 13:50:00,0.9026,3978.2382,6127.755,3906.2985,6290.4161,-397.3529333333334,112.68281666666672,-284.6701166666667,0.8,0.8,28,,0.0,0.0,0.0,0.0,358.25280000000004,10800.0,10800.0,9505.48476,0.0,0.0,0.0,0.0,0.0,0.0,0.0
T_q80_6000,2025-06-21,2025-06-21,83,2025-06-21 13:50:00,2025-06-21 14:00:00,0.9754,3861.85,5956.2,3871.55,6216.3,-390.7916666666666,118.6029166666666,-272.18875,0.8,0.8,28,,0.0,0.0,0.0,0.0,349.0583333333333,10800.0,10800.0,9750.454634999998,0.0,0.0,0.0,0.0,0.0,0.0,0.0
T_q80_6000,2025-06-21,2025-06-21,84,2025-06-21 14:00:00,2025-06-21 14:10:00,1.0002,4047.8905,5941.7978,3911.3368,6181.434,-378.3495333333333,121.66505000000006,-256.6844833333333,0.8,0.8,28,,0.0,0.0,0.0,0.0,315.6512166666667,10800.0,10800.0,9981.47067,0.0,0.0,0.0,0.0,0.0,0.0,0.0
T_q80_6000,2025-06-21,2025-06-21,85,2025-06-21 14:10:00,2025-06-21 14:20:00,0.9978,4095.2281,5827.294,3878.1365,6047.9156,-361.62985,95.64298333333332,-265.98686666666674,0.8,0.8,28,,0.0,0.0,0.0,0.0,288.67765,10800.0,10800.0,10220.85885,0.0,0.0,0.0,0.0,0.0,0.0,0.0
T_q80_6000,2025-06-21,2025-06-21,86,2025-06-21 14:20:00,2025-06-21 14:30:00,1.0271,4007.39,5738.1375,3792.1,5758.5375,-327.73958333333337,95.43249999999988,-232.30708333333348,0.8,0.8,28,,0.0,0.0,0.0,0.0,288.4579166666666,10800.0,10800.0,10429.935225,0.0,0.0,0.0,0.0,0.0,0.0,0.0
T_q80_6000,2025-06-21,2025-06-21,87,2025-06-21 14:30:00,2025-06-21 14:40:00,1.0906,4227.0513,5964.2607,3849.9288,5455.4133,-267.58075,131.48446666666663,-136.09628333333333,0.8,0.8,28,,0.0,0.0,0.0,0.0,289.53489999999994,10800.0,10800.0,10552.42188,0.0,0.0,0.0,0.0,0.0,0.0,0.0
T_q80_6000,2025-06-21,2025-06-21,88,2025-06-21 14:40:00,2025-06-21 14:50:00,0.9376,4182.4486,5979.2451,4004.3225,5412.6767,-234.7257,118.78881666666663,-115.93688333333333,0.8,0.8,28,,0.0,0.0,0.0,0.0,299.46608333333336,10800.0,10800.0,10656.765075,0.0,0.0,0.0,0.0,0.0,0.0,0.0
T_q80_6000,2025-06-21,2025-06-21,89,2025-06-21 14:50:00,2025-06-21 15:00:00,0.6694,3879.68,5680.4625,4111.94,5418.3,-217.72666666666677,108.1970833333333,-109.52958333333343,0.8,0.8,28,,0.0,0.0,0.0,0.0,300.13041666666663,10800.0,10800.0,10755.3417,0.0,0.0,0.0,0.0,0.0,0.0,0.0
T_q80_6000,2025-06-21,2025-06-21,90,2025-06-21 15:00:00,2025-06-21 15:10:00,0.66,3916.2335,5457.1539,4048.532,5001.8274,-158.88256666666666,109.2622333333332,-49.62033333333346,0.8,0.8,28,,0.0,0.0,0.0,0.0,256.8200666666667,10800.0,10800.0,10800.0,0.0,0.0,0.0,0.0,0.0,0.0,0.0
T_q80_6000,2025-06-21,2025-06-21,91,2025-06-21 15:10:00,2025-06-21 15:20:00,0.7217,3924.3398,5153.0688,3899.0665,4697.3994,-133.05548333333337,114.90004999999988,-18.15543333333349,0.8,0.8,28,,0.0,0.0,0.0,0.0,204.78816666666663,10800.0,10800.0,10800.0,0.0,0.0,0.0,0.0,0.0,0.0,0.0
T_q80_6000,2025-06-21,2025-06-21,92,2025-06-21 15:20:00,2025-06-21 15:30:00,0.7308,3875.5,4811.1,3872.03,4584.0375,-118.66791666666668,156.12208333333334,37.45416666666665,0.8,0.8,28,,37.45416666666665,0.0,0.0,0.0,193.38750000000005,10800.0,10800.0,10800.0,27.37150499999999,0.0,0.0,27.37150499999999,0.0,27.37150499999999,0.0
T_q80_6000,2025-06-21,2025-06-21,93,2025-06-21 15:30:00,2025-06-21 15:40:00,0.7534,4137.0155,4680.9532,4110.3626,4217.3348,-17.828699999999873,113.71116666666666,95.8824666666668,0.8,0.8,28,,95.8824666666668,0.0,0.0,0.0,186.53875000000005,10800.0,10800.0,10800.0,72.23785038666676,0.0,0.0,72.23785038666676,0.0,72.23785038666676,0.0
T_q80_6000,2025-06-21,2025-06-21,94,2025-06-21 15:40:00,2025-06-21 15:50:00,0.7823,4317.2602,4481.2341,4232.824,3892.0797,56.79071666666664,86.37094999999991,143.16166666666655,0.8,0.8,28,,143.16166666666655,0.0,0.0,0.0,170.49064999999987,10800.0,10800.0,10800.0,111.99537183333324,0.0,0.0,111.99537183333324,0.0,111.99537183333324,0.0
T_q80_6000,2025-06-21,2025-06-21,95,2025-06-21 15:50:00,2025-06-21 16:00:00,0.8055,4217.43,4055.4,4214.01,3756.6375,76.22875000000006,67.47999999999979,143.70874999999984,0.8,0.8,28,,143.70874999999984,0.0,0.0,0.0,116.7037499999998,10800.0,10800.0,10800.0,115.75739812499988,0.0,0.0,115.75739812499987,0.0,115.75739812499987,0.0
T_q80_6000,2025-06-21,2025-06-21,96,2025-06-21 16:00:00,2025-06-21 16:10:00,0.8271,4034.2858,3562.8565,4333.1906,3624.4529,118.12294999999996,68.99091666666675,187.1138666666667,0.8,0.8,28,,187.1138666666667,0.0,0.0,0.0,108.54231666666666,10800.0,10800.0,10800.0,154.76187912,0.0,0.0,154.76187912,0.0,154.76187912,0.0
T_q80_6000,2025-06-21,2025-06-21,97,2025-06-21 16:10:00,2025-06-21 16:20:00,0.8519,3980.7146,3361.4888,4174.9277,3335.8463,139.8469,78.41009999999994,218.25699999999995,0.8,0.8,28,,218.25699999999995,0.0,0.0,0.0,115.0527,10800.0,10800.0,10800.0,185.9331383,0.0,0.0,185.93313829999997,0.0,185.93313829999997,0.0
T_q80_6000,2025-06-21,2025-06-21,98,2025-06-21 16:20:00,2025-06-21 16:30:00,0.8791,4042.02,3406.575,3991.85,2977.575,169.04583333333335,87.96749999999997,257.0133333333333,0.8,0.8,28,,257.0133333333333,0.0,0.0,0.0,151.1058333333333,10800.0,10800.0,10800.0,225.9404213333333,0.0,0.0,225.94042133333332,0.0,225.94042133333332,0.0
T_q80_6000,2025-06-21,2025-06-21,99,2025-06-21 16:30:00,2025-06-21 16:40:00,0.9024,3983.774,3291.2298,4411.5054,2767.3411,274.0273833333333,86.79738333333324,360.82476666666656,0.8,0.8,28,,360.8247666666666,0.0,0.0,0.0,245.4007333333333,10800.0,10800.0,10800.0,325.60826944,0.0,0.0,325.60826943999996,0.0,325.60826943999996,0.0
T_q80_6000,2025-06-21,2025-06-21,100,2025-06-21 16:40:00,2025-06-21 16:50:00,0.9163,3621.8931,2964.175,4246.9867,2513.51,288.9127833333333,85.3331333333332,374.2459166666665,0.8,0.8,28,,374.2459166666665,0.0,0.0,0.0,264.6262333333333,10800.0,10800.0,10800.0,342.9215334416665,0.0,0.0,342.92153344166655,0.0,342.92153344166655,0.0
T_q80_6000,2025-06-21,2025-06-21,101,2025-06-21 16:50:00,2025-06-21 17:00:00,0.9264,3240.3,2623.6125,3538.36,2166.4875,228.64541666666665,104.59500000000004,333.24041666666665,0.8,0.8,28,,333.24041666666665,0.0,0.0,0.0,230.45916666666665,10800.0,10800.0,10800.0,308.713922,0.0,0.0,308.71392199999997,0.0,308.71392199999997,0.0
T_q80_6000,2025-06-21,2025-06-21,102,2025-06-21 17:00:00,2025-06-21 17:10:00,0.9462,3335.0072,2479.2426,3542.8764,1892.5968,275.0466,91.67676666666672,366.7233666666667,0.8,0.8,28,,366.7233666666667,0.0,0.0,0.0,224.0959333333334,10800.0,10800.0,10800.0,346.9936495400001,0.0,0.0,346.9936495400001,0.0,346.9936495400001,0.0
T_q80_6000,2025-06-21,2025-06-21,103,2025-06-21 17:10:00,2025-06-21 17:20:00,0.9742,3462.6248,2185.8548,3659.3145,1730.908,321.4010833333333,89.5143333333333,410.9154166666666,0.8,0.8,28,,410.9154166666666,0.0,0.0,0.0,198.1204166666666,10800.0,10800.0,10800.0,400.3137989166666,0.0,0.0,400.3137989166666,0.0,400.3137989166666,0.0
T_q80_6000,2025-06-21,2025-06-21,104,2025-06-21 17:20:00,2025-06-21 17:30:00,0.9862,3484.27,1750.4625,3539.76,1616.475,320.5475,113.21125,433.75875,0.8,0.8,28,,433.75875,0.0,0.0,0.0,144.7908333333334,10800.0,10800.0,10800.0,427.77287925,0.0,0.0,427.77287925,0.0,427.77287925,0.0
T_q80_6000,2025-06-21,2025-06-21,105,2025-06-21 17:30:00,2025-06-21 17:40:00,0.976,3649.2081,1528.3871,3489.1585,1447.3721,340.2977333333333,103.8852499999998,444.18298333333314,0.8,0.8,28,,444.18298333333314,0.0,0.0,0.0,90.71281666666653,10800.0,10800.0,10800.0,433.5225917333331,0.0,0.0,433.5225917333331,0.0,433.5225917333331,0.0
T_q80_6000,2025-06-21,2025-06-21,106,2025-06-21 17:40:00,2025-06-21 17:50:00,1.0742,3604.3529,1310.4274,3482.0899,1250.3672,371.9537833333334,100.79655000000014,472.7503333333335,0.8,0.8,28,,472.7503333333335,0.0,0.0,0.0,90.4294166666669,10800.0,10800.0,10800.0,507.8284080666669,0.0,0.0,507.8284080666669,0.0,507.8284080666669,0.0
T_q80_6000,2025-06-21,2025-06-21,107,2025-06-21 17:50:00,2025-06-21 18:00:00,1.2313,3349.51,1034.1,3497.41,1054.575,407.13916666666665,57.26458333333335,464.40375,0.8,0.8,28,,464.40375,0.0,0.0,0.0,78.5020833333333,10800.0,10800.0,10800.0,571.820337375,0.0,0.0,571.820337375,0.0,571.820337375,0.0
T_q80_6000,2025-06-21,2025-06-21,108,2025-06-21 18:00:00,2025-06-21 18:10:00,1.2561,3274.4828,860.3286,3573.5938,854.5608,453.1721666666667,61.56266666666659,514.7348333333333,0.8,0.8,28,,159.56985000000128,0.0,242.789183333332,0.0,0.0,10800.0,10530.23424074074,10405.372240740742,200.4356885850016,0.0,26.97657592592579,200.4356885850016,0.0,200.4356885850016,0.0
T_q80_6000,2025-06-21,2025-06-21,109,2025-06-21 18:10:00,2025-06-21 18:20:00,1.2447,3297.0032,677.2547,3613.6869,631.3856,497.0502166666666,62.36346666666645,559.4136833333331,0.8,0.8,28,,559.4136833333331,122.78893333333308,0.0,0.0,0.0,10530.23424074074,10640.74428074074,10405.372240740742,696.3022116449997,0.0,12.278893333333304,696.3022116449997,0.0,696.3022116449997,0.0
T_q80_6000,2025-06-21,2025-06-21,110,2025-06-21 18:20:00,2025-06-21 18:30:00,1.2545,3342.79,452.7,3620.91,416.1,534.135,82.94208333333336,617.0770833333333,0.8,0.8,28,,617.0770833333333,135.39541666666668,0.0,0.0,0.0,10640.74428074074,10762.60015574074,10405.372240740742,774.1232010416667,0.0,13.539541666666665,774.1232010416667,0.0,774.1232010416667,0.0
T_q80_6000,2025-06-21,2025-06-21,111,2025-06-21 18:30:00,2025-06-21 18:40:00,1.2522,3456.8314,276.0564,3681.3967,264.4096,569.49785,76.56960000000015,646.0674500000001,0.8,0.8,28,,646.0674500000001,41.55538251028904,0.0,0.0,74.38290082304448,10762.60015574074,10800.0,10405.372240740742,809.0056608900002,0.0,4.155538251028903,809.0056608900002,0.0,809.0056608900002,0.0
T_q80_6000,2025-06-21,2025-06-21,112,2025-06-21 18:40:00,2025-06-21 18:50:00,1.2881,3634.5648,121.8367,3682.0144,122.7855,593.2048166666666,94.92615000000023,688.1309666666668,0.8,0.8,28,,0.0,0.0,585.4546833333334,0.0,0.0,10800.0,10149.494796296296,9640.782277777778,0.0,0.0,65.0505203703704,0.0,0.0,0.0,0.0
T_q80_6000,2025-06-21,2025-06-21,113,2025-06-21 18:50:00,2025-06-21 19:00:00,1.3466,3852.72,7.7625,3671.85,6.7875,610.84375,67.01666666666665,677.8604166666667,0.8,0.8,28,,0.0,0.0,640.82625,0.0,0.0,10149.494796296296,9437.465629629629,8887.604037037037,0.0,0.0,71.2029166666667,0.0,0.0,0.0,0.0
T_q80_6000,2025-06-21,2025-06-21,114,2025-06-21 19:00:00,2025-06-21 19:10:00,1.3523,4004.9442,0.0,3806.9784,0.0,634.4964,72.04219999999998,706.5386,0.8,0.8,28,,0.0,0.0,667.4907,0.0,0.0,9437.465629629629,8695.809296296296,8102.561148148148,0.0,0.0,74.16563333333336,0.0,0.0,0.0,0.0
T_q80_6000,2025-06-21,2025-06-21,115,2025-06-21 19:10:00,2025-06-21 19:20:00,1.3445,3706.7434,3.2619,3830.7687,3.5416,637.8711833333333,72.30529999999999,710.1764833333333,0.8,0.8,28,,0.0,0.0,617.2469166666666,0.0,0.0,8695.809296296296,8009.979388888889,7313.476166666667,0.0,0.0,68.58299074074077,0.0,0.0,0.0,0.0
T_q80_6000,2025-06-21,2025-06-21,116,2025-06-21 19:20:00,2025-06-21 19:30:00,1.3483,3293.48,0.0,3686.48,0.0,614.4133333333333,80.26833333333343,694.6816666666667,0.8,0.8,28,,0.0,0.0,548.9133333333333,0.0,0.0,8009.979388888889,7400.075685185186,6541.607648148149,0.0,0.0,60.99037037037039,0.0,0.0,0.0,0.0
T_q80_6000,2025-06-21,2025-06-21,117,2025-06-21 19:30:00,2025-06-21 19:40:00,1.349,3492.5254,0.0,3569.6441,0.0,594.9406833333333,51.43788333333339,646.3785666666666,0.8,0.8,28,,0.0,0.0,582.0875666666666,0.0,0.0,7400.075685185186,6753.311722222223,5823.409240740742,0.0,0.0,64.67639629629632,0.0,0.0,0.0,0.0
T_q80_6000,2025-06-21,2025-06-21,118,2025-06-21 19:40:00,2025-06-21 19:50:00,1.3473,3490.6667,0.2342,3471.128,0.2543,578.4789499999999,63.32208333333335,641.8010333333333,0.8,0.8,28,,0.0,0.0,581.73875,0.0,0.0,6753.311722222223,6106.935333333334,5110.296981481482,0.0,0.0,64.63763888888892,0.0,0.0,0.0,0.0
T_q80_6000,2025-06-21,2025-06-21,119,2025-06-21 19:50:00,2025-06-21 20:00:00,1.3482,3189.62,0.0,3506.94,0.0,584.49,65.33500000000004,649.825,0.8,0.8,28,,0.0,0.0,531.6033333333332,0.0,0.0,6106.935333333334,5516.264962962963,4388.269203703704,0.0,0.0,59.06703703703705,0.0,0.0,0.0,0.0
T_q80_6000,2025-06-21,2025-06-21,120,2025-06-21 20:00:00,2025-06-21 20:10:00,1.3513,3348.2366,0.0,3809.9315,0.0,634.9885833333333,52.50258333333335,687.4911666666667,0.8,0.8,28,,0.0,0.0,558.0394333333334,0.0,0.0,5516.264962962963,4896.221148148148,3624.3901296296303,0.0,0.0,62.00438148148151,0.0,0.0,0.0,0.0
T_q80_6000,2025-06-21,2025-06-21,121,2025-06-21 20:10:00,2025-06-21 20:20:00,1.34,3725.2052,0.0168,3890.9938,0.0183,648.4959166666666,89.00003333333325,737.4959499999999,0.8,0.8,28,,0.0,0.0,620.8647333333333,0.0,0.0,4896.221148148148,4206.371444444445,2804.950185185185,0.0,0.0,68.9849703703704,0.0,0.0,0.0,0.0
T_q80_6000,2025-06-21,2025-06-21,122,2025-06-21 20:20:00,2025-06-21 20:30:00,1.3489,3960.13,0.0,3770.6,0.0,628.4333333333333,98.1400000000001,726.5733333333334,0.8,0.8,28,,0.0,0.0,660.0216666666666,0.0,0.0,4206.371444444445,3473.0140370370377,1997.6464814814815,0.0,0.0,73.33574074074077,0.0,0.0,0.0,0.0
T_q80_6000,2025-06-21,2025-06-21,123,2025-06-21 20:30:00,2025-06-21 20:40:00,1.3952,3881.8245,0.0,3932.4898,0.0,655.4149666666666,62.46686666666676,717.8818333333334,0.8,0.8,28,,0.0,0.0,646.97075,0.0,0.0,3473.0140370370377,2754.157648148149,1200.0,0.0,0.0,71.88563888888892,0.0,0.0,0.0,0.0
T_q80_6000,2025-06-21,2025-06-21,124,2025-06-21 20:40:00,2025-06-21 20:50:00,1.2226,3513.6729,0.0012,4058.333,0.0013,676.3886166666666,56.47578333333331,732.8643999999999,0.8,0.8,28,,732.8643999999999,147.25244999999995,0.0,0.0,0.0,2754.157648148149,2886.6848531481487,1200.0,896.0000154399999,0.0,14.725244999999992,896.0000154399999,0.0,896.0000154399999,0.0
T_q80_6000,2025-06-21,2025-06-21,125,2025-06-21 20:50:00,2025-06-21 21:00:00,0.9332,3160.32,0.0,3918.77,0.0,653.1283333333333,72.32333333333327,725.4516666666666,0.8,0.8,28,,725.4516666666666,198.73166666666657,0.0,0.0,0.0,2886.6848531481487,3065.5433531481485,1200.0,676.9914953333333,0.0,19.873166666666652,676.9914953333333,0.0,676.9914953333333,0.0
T_q80_6000,2025-06-21,2025-06-21,126,2025-06-21 21:00:00,2025-06-21 21:10:00,0.9068,3214.7106,0.0,3614.0096,0.0,602.3349333333333,47.02004999999997,649.3549833333333,0.8,0.8,28,,649.3549833333333,113.56988333333334,0.0,0.0,0.0,3065.5433531481485,3167.7562481481486,1200.0,588.8350988866666,0.0,11.356988333333332,588.8350988866666,0.0,588.8350988866666,0.0
T_q80_6000,2025-06-21,2025-06-21,127,2025-06-21 21:10:00,2025-06-21 21:20:00,0.9371,3489.1029,0.0,3370.7921,0.0,561.7986833333333,76.34785000000011,638.1465333333334,0.8,0.8,28,,638.1465333333334,56.62938333333352,0.0,0.0,0.0,3167.7562481481486,3218.7226931481487,1200.0,598.0071163866668,0.0,5.662938333333351,598.0071163866668,0.0,598.0071163866668,0.0
T_q80_6000,2025-06-21,2025-06-21,128,2025-06-21 21:20:00,2025-06-21 21:30:00,0.9371,3713.49,0.0,3342.58,0.0,557.0966666666666,102.49333333333334,659.5899999999999,0.8,0.8,28,,659.5899999999999,40.67499999999996,0.0,0.0,0.0,3218.7226931481487,3255.3301931481487,1200.0,618.1017889999999,0.0,4.0674999999999955,618.1017889999999,0.0,618.1017889999999,0.0
T_q80_6000,2025-06-21,2025-06-21,129,2025-06-21 21:30:00,2025-06-21 21:40:00,0.9871,3715.4477,0.0,3493.8805,0.0,582.3134166666666,70.15336666666656,652.4667833333332,0.8,0.8,28,,652.4667833333332,33.2254999999999,0.0,0.0,0.0,3255.3301931481487,3285.2331431481484,1200.0,644.0499618283332,0.0,3.322549999999989,644.0499618283332,0.0,644.0499618283332,0.0
T_q80_6000,2025-06-21,2025-06-21,130,2025-06-21 21:40:00,2025-06-21 21:50:00,0.7764,3460.6768,0.0,3460.6218,0.0,576.7702999999999,56.5320333333334,633.3023333333333,0.8,0.8,28,,633.3023333333333,56.52286666666669,0.0,0.0,0.0,3285.2331431481484,3336.1037231481487,1200.0,491.6959316,0.0,5.652286666666668,491.6959316,0.0,491.6959316,0.0
T_q80_6000,2025-06-21,2025-06-21,131,2025-06-21 21:50:00,2025-06-21 22:00:00,0.4209,3169.68,0.0,3267.44,0.0,544.5733333333333,82.26999999999998,626.8433333333332,0.8,0.8,28,,1460.1766666666665,833.3333333333333,0.0,0.0,98.56333333333328,3336.1037231481487,4086.1037231481487,1950.0,614.588359,0.0,83.3333333333333,614.588359,0.0,614.588359,0.0
T_q80_6000,2025-06-21,2025-06-21,132,2025-06-21 22:00:00,2025-06-21 22:10:00,0.3859,3161.2424,0.0,3261.2988,0.0,543.5498,88.55083333333334,632.1006333333333,0.8,0.8,28,,1465.4339666666665,833.3333333333333,0.0,0.0,105.22689999999989,4086.1037231481487,4836.103723148149,2700.0,565.5109677366667,0.0,83.3333333333333,565.5109677366667,0.0,565.5109677366667,0.0
T_q80_6000,2025-06-21,2025-06-21,133,2025-06-21 22:10:00,2025-06-21 22:20:00,0.4368,3268.4465,0.0,3218.1699,0.0,536.3616499999999,69.48326666666674,605.8449166666667,0.8,0.8,28,,605.8449166666667,61.10383333333334,0.0,0.0,0.0,4836.103723148149,4891.097173148149,2700.0,264.6330596,0.0,6.110383333333333,264.6330596,0.0,264.6330596,0.0
T_q80_6000,2025-06-21,2025-06-21,134,2025-06-21 22:20:00,2025-06-21 22:30:00,0.4198,3317.19,0.0,3190.19,0.0,531.6983333333333,80.65666666666675,612.355,0.8,0.8,28,,1445.6883333333333,833.3333333333333,0.0,0.0,59.49000000000001,4891.097173148149,5641.097173148149,3450.0,606.8999623333333,0.0,83.3333333333333,606.8999623333333,0.0,606.8999623333333,0.0
T_q80_6000,2025-06-21,2025-06-21,135,2025-06-21 22:30:00,2025-06-21 22:40:00,0.4186,3281.0391,0.0,3472.9639,0.0,578.8273166666667,52.33274999999992,631.1600666666666,0.8,0.8,28,,1464.4933999999998,833.3333333333333,0.0,0.0,84.32021666666662,5641.097173148149,6391.097173148149,4200.0,613.0369372399999,0.0,83.3333333333333,613.0369372399999,0.0,613.0369372399999,0.0
T_q80_6000,2025-06-21,2025-06-21,136,2025-06-21 22:40:00,2025-06-21 22:50:00,0.4241,3250.7574,0.0,3653.9269,0.0,608.9878166666666,61.23646666666673,670.2242833333333,0.8,0.8,28,,670.2242833333333,128.43138333333343,0.0,0.0,0.0,6391.097173148149,6506.6854181481485,4200.0,284.24211856166664,0.0,12.84313833333334,284.24211856166664,0.0,284.24211856166664,0.0
T_q80_6000,2025-06-21,2025-06-21,137,2025-06-21 22:50:00,2025-06-21 23:00:00,0.4237,3190.39,0.0,3463.23,0.0,577.2049999999999,74.59999999999991,651.8049999999998,0.8,0.8,28,,1485.138333333333,833.3333333333333,0.0,0.0,120.07333333333328,6506.6854181481485,7256.685418148148,4950.0,629.2531118333333,0.0,83.3333333333333,629.2531118333333,0.0,629.2531118333333,0.0
T_q80_6000,2025-06-21,2025-06-21,138,2025-06-21 23:00:00,2025-06-21 23:10:00,0.4248,2998.9363,0.0,3048.478,0.0,508.0796666666666,85.78036666666674,593.8600333333334,0.8,0.8,28,,593.8600333333334,94.03731666666675,0.0,0.0,0.0,7256.685418148148,7341.319003148149,4950.0,252.27174216000003,0.0,9.403731666666673,252.27174216000003,0.0,252.27174216000003,0.0
T_q80_6000,2025-06-21,2025-06-21,139,2025-06-21 23:10:00,2025-06-21 23:20:00,0.424,2920.9743,0.0,2905.5899,0.0,484.2649833333333,116.44521666666662,600.7102,0.8,0.8,28,,934.0435333333332,447.2144833333333,0.0,0.0,0.0,7341.319003148149,7743.812038148149,5250.0,396.03445813333326,0.0,44.72144833333332,396.03445813333326,0.0,396.03445813333326,0.0
T_q80_6000,2025-06-21,2025-06-21,140,2025-06-21 23:20:00,2025-06-21 23:30:00,0.422,2989.3,0.0,3071.94,0.0,511.99,82.9183333333333,594.9083333333333,0.8,0.8,28,,1428.2416666666666,833.3333333333333,0.0,0.0,96.6916666666666,7743.812038148149,8493.81203814815,6000.0,602.7179833333332,0.0,83.3333333333333,602.7179833333332,0.0,602.7179833333332,0.0
T_q80_6000,2025-06-21,2025-06-21,141,2025-06-21 23:30:00,2025-06-21 23:40:00,0.424,3024.571,0.0,3193.2655,0.0,532.2109166666667,76.49556666666672,608.7064833333334,0.8,0.8,28,,608.7064833333334,104.61131666666677,0.0,0.0,0.0,8493.81203814815,8587.96222314815,6000.0,258.09154893333334,0.0,10.461131666666674,258.09154893333334,0.0,258.09154893333334,0.0
T_q80_6000,2025-06-21,2025-06-21,142,2025-06-21 23:40:00,2025-06-21 23:50:00,0.4271,3193.3141,0.0,3497.8213,0.0,582.9702166666666,73.48784999999998,656.4580666666666,0.8,0.8,28,,656.4580666666666,124.2390499999999,0.0,0.0,0.0,8587.96222314815,8699.77736814815,6000.0,280.3732402733333,0.0,12.423904999999987,280.3732402733333,0.0,280.3732402733333,0.0
T_q80_6000,2025-06-21,2025-06-21,143,2025-06-21 23:50:00,2025-06-22 00:00:00,0.4276,3636.14,0.0,3929.38,0.0,654.8966666666666,90.43333333333334,745.3299999999999,0.8,0.8,28,,745.3299999999999,139.30666666666662,0.0,0.0,0.0,8699.77736814815,8825.15336814815,6000.0,318.703108,0.0,13.930666666666658,318.70310799999993,0.0,318.70310799999993,0.0
T_q80_6000,2025-09-23,2025-09-23,0,2025-09-23 00:00:00,2025-09-23 00:10:00,0.4248,3421.106,0.0,3937.1458,0.0,656.1909666666666,26.41375000000005,682.6047166666666,0.8,0.8,28,,1515.9380499999995,833.3333333333333,0.0,0.0,112.42038333333312,6066.475940185187,6816.475940185187,6816.475940185187,643.9704836399999,0.0,83.3333333333333,643.9704836399998,0.0,643.9704836399998,0.0
T_q80_6000,2025-09-23,2025-09-23,1,2025-09-23 00:10:00,2025-09-23 00:20:00,0.4245,3361.9091,0.0,4000.4017,0.0,666.7336166666666,9.156000000000065,675.8896166666667,0.8,0.8,28,,1509.22295,833.3333333333333,0.0,0.0,115.57143333333327,6816.475940185187,7566.475940185187,7566.475940185188,640.6651422749999,0.0,83.3333333333333,640.665142275,0.0,640.665142275,0.0
T_q80_6000,2025-09-23,2025-09-23,2,2025-09-23 00:20:00,2025-09-23 00:30:00,0.4269,3388.6,0.0,3751.36,0.0,625.2266666666667,5.526666666666756,630.7533333333334,0.8,0.8,28,,1464.0866666666666,833.3333333333333,0.0,0.0,65.98666666666668,7566.475940185187,8316.475940185188,8316.475940185188,625.018598,0.0,83.3333333333333,625.018598,0.0,625.018598,0.0
T_q80_6000,2025-09-23,2025-09-23,3,2025-09-23 00:30:00,2025-09-23 00:40:00,0.4272,3591.0535,0.0,3531.7831,0.0,588.6305166666666,10.763516666666646,599.3940333333333,0.8,0.8,28,,1432.7273666666665,833.3333333333333,0.0,0.0,0.8851166666665904,8316.475940185188,9066.475940185188,9066.475940185188,612.06113104,0.0,83.3333333333333,612.06113104,0.0,612.06113104,0.0
T_q80_6000,2025-09-23,2025-09-23,4,2025-09-23 00:40:00,2025-09-23 00:50:00,0.4271,3639.0639,0.0,3436.6857,0.0,572.78095,19.60598333333337,592.3869333333333,0.8,0.8,28,,1425.7202666666667,819.2096166666668,0.0,0.0,0.0,9066.475940185188,9803.764595185188,9816.475940185188,608.9251258933333,0.0,81.92096166666666,608.9251258933333,0.0,608.9251258933333,0.0
T_q80_6000,2025-09-23,2025-09-23,5,2025-09-23 00:50:00,2025-09-23 01:00:00,0.4285,3538.62,0.0,3454.54,0.0,575.7566666666667,17.34333333333342,593.1000000000001,0.8,0.8,28,,593.1000000000001,3.3300000000001546,0.0,0.0,0.0,9803.764595185188,9806.761595185188,9816.475940185188,254.14335000000003,0.0,0.3330000000000154,254.14335000000005,0.0,254.14335000000005,0.0
T_q80_6000,2025-09-23,2025-09-23,6,2025-09-23 01:00:00,2025-09-23 01:10:00,0.4311,3584.1201,0.0,3517.2378,0.0,586.2062999999999,18.69735000000003,604.90365,0.8,0.8,28,,604.90365,7.550299999999993,0.0,0.0,0.0,9806.761595185188,9813.556865185188,9816.475940185188,260.773963515,0.0,0.7550299999999991,260.773963515,0.0,260.773963515,0.0
T_q80_6000,2025-09-23,2025-09-23,7,2025-09-23 01:10:00,2025-09-23 01:20:00,0.4302,3479.83,0.0,3497.5299,0.0,582.92165,15.241133333333435,598.1627833333334,0.8,0.8,28,,598.1627833333334,18.191116666666854,0.0,0.0,0.0,9813.556865185188,9829.928870185187,9816.475940185188,257.32962939000004,0.0,1.8191116666666851,257.32962939000004,0.0,257.32962939000004,0.0
T_q80_6000,2025-09-23,2025-09-23,8,2025-09-23 01:20:00,2025-09-23 01:30:00,0.4279,3316.08,0.0,3422.74,0.0,570.4566666666666,6.810000000000059,577.2666666666667,0.8,0.8,28,,836.73784423868,284.0578442386801,0.0,0.0,0.0,9829.928870185187,10085.58093,10050.0,358.0401235497312,0.0,28.405784423868003,358.0401235497312,0.0,358.0401235497312,0.0
T_q80_6000,2025-09-23,2025-09-23,9,2025-09-23 01:30:00,2025-09-23 01:40:00,0.4312,3504.3201,0.0,3457.0954,0.0,576.1825666666666,15.631066666666698,591.8136333333333,0.8,0.8,28,,591.8136333333333,7.760283333333405,0.0,0.0,0.0,10085.58093,10092.565185,10050.0,255.19003869333332,0.0,0.7760283333333403,255.19003869333335,0.0,255.19003869333335,0.0
T_q80_6000,2025-09-23,2025-09-23,10,2025-09-23 01:40:00,2025-09-23 01:50:00,0.4333,3611.1697,0.0,3628.0075,0.0,604.6679166666667,11.45603333333338,616.12395,0.8,0.8,28,,616.12395,14.26233333333346,0.0,0.0,0.0,10092.565185,10105.401285,10050.0,266.966507535,0.0,1.4262333333333457,266.966507535,0.0,266.966507535,0.0
T_q80_6000,2025-09-23,2025-09-23,11,2025-09-23 01:50:00,2025-09-23 02:00:00,0.4311,3543.64,0.0,3727.77,0.0,621.295,15.934999999999944,637.2299999999999,0.8,0.8,28,,637.2299999999999,46.623333333333335,0.0,0.0,0.0,10105.401285,10147.362285,10050.0,274.70985299999995,0.0,4.662333333333333,274.70985299999995,0.0,274.70985299999995,0.0
T_q80_6000,2025-09-23,2025-09-23,12,2025-09-23 02:00:00,2025-09-23 02:10:00,0.4293,3627.3783,0.0,3520.7314,0.0,586.7885666666666,25.5542333333334,612.3428,0.8,0.8,28,,612.3428,7.7797500000000355,0.0,0.0,0.0,10147.362285,10154.36406,10050.0,262.87876404,0.0,0.7779750000000034,262.87876404,0.0,262.87876404,0.0
T_q80_6000,2025-09-23,2025-09-23,13,2025-09-23 02:10:00,2025-09-23 02:20:00,0.4324,3646.7973,0.0,3436.0535,0.0,572.6755833333333,20.89740000000006,593.5729833333334,0.8,0.8,28,,593.5729833333334,0.0,14.2265666666666,0.0,0.0,10154.36406,10138.556763703704,10050.0,256.66095799333334,0.0,1.580729629629623,256.66095799333334,0.0,256.66095799333334,0.0
T_q80_6000,2025-09-23,2025-09-23,14,2025-09-23 02:20:00,2025-09-23 02:30:00,0.4367,3569.92,0.0,3624.55,0.0,604.0916666666667,8.653333333333308,612.745,0.8,0.8,28,,612.745,17.758333333333326,0.0,0.0,0.0,10138.556763703704,10154.539263703704,10050.0,267.5857415,0.0,1.7758333333333323,267.5857415,0.0,267.5857415,0.0
T_q80_6000,2025-09-23,2025-09-23,15,2025-09-23 02:30:00,2025-09-23 02:40:00,0.4348,3591.0744,0.0,3799.684,0.0,633.2806666666667,14.718883333333338,647.99955,0.8,0.8,28,,647.99955,49.48715000000004,0.0,0.0,0.0,10154.539263703704,10199.077698703704,10050.0,281.75020434000004,0.0,4.9487150000000035,281.75020434000004,0.0,281.75020434000004,0.0
T_q80_6000,2025-09-23,2025-09-23,16,2025-09-23 02:40:00,2025-09-23 02:50:00,0.4335,3523.6786,0.0,3729.9253,0.0,621.6542166666666,14.436566666666636,636.0907833333332,0.8,0.8,28,,636.0907833333332,48.81101666666655,0.0,0.0,0.0,10199.077698703704,10243.007613703703,10050.0,275.745354575,0.0,4.8811016666666545,275.74535457499996,0.0,275.74535457499996,0.0
T_q80_6000,2025-09-23,2025-09-23,17,2025-09-23 02:50:00,2025-09-23 03:00:00,0.4357,3402.03,0.0,3599.4,0.0,599.9,9.160000000000082,609.0600000000001,0.8,0.8,28,,609.0600000000001,42.055000000000064,0.0,0.0,0.0,10243.007613703703,10280.857113703703,10050.0,265.36744200000004,0.0,4.205500000000005,265.36744200000004,0.0,265.36744200000004,0.0
T_q80_6000,2025-09-23,2025-09-23,18,2025-09-23 03:00:00,2025-09-23 03:10:00,0.4374,3470.8796,0.0,3766.8381,0.0,627.80635,21.30906666666669,649.1154166666666,0.8,0.8,28,,649.1154166666666,70.63548333333335,0.0,0.0,0.0,10280.857113703703,10344.429048703703,10050.0,283.92308325,0.0,7.063548333333334,283.92308325,0.0,283.92308325,0.0
T_q80_6000,2025-09-23,2025-09-23,19,2025-09-23 03:10:00,2025-09-23 03:20:00,0.4371,3546.3118,0.0,3732.5778,0.0,622.0962999999999,9.255300000000034,631.3516,0.8,0.8,28,,631.3516,40.2996333333333,0.0,0.0,0.0,10344.429048703703,10380.698718703705,10050.0,275.96378436,0.0,4.0299633333333285,275.96378436,0.0,275.96378436,0.0
T_q80_6000,2025-09-23,2025-09-23,20,2025-09-23 03:20:00,2025-09-23 03:30:00,0.4356,3521.1,0.0,3487.16,0.0,581.1933333333333,12.38833333333332,593.5816666666666,0.8,0.8,28,,593.5816666666666,6.731666666666683,0.0,0.0,0.0,10380.698718703705,10386.757218703704,10050.0,258.564174,0.0,0.6731666666666681,258.564174,0.0,258.564174,0.0
T_q80_6000,2025-09-23,2025-09-23,21,2025-09-23 03:30:00,2025-09-23 03:40:00,0.4353,3493.0415,0.0,3542.3682,0.0,590.3947,17.248833333333323,607.6435333333333,0.8,0.8,28,,607.6435333333333,25.46995000000004,0.0,0.0,0.0,10386.757218703704,10409.680173703704,10050.0,264.50723006,0.0,2.5469950000000035,264.50723006,0.0,264.50723006,0.0
T_q80_6000,2025-09-23,2025-09-23,22,2025-09-23 03:40:00,2025-09-23 03:50:00,0.436,3616.52,0.0,3671.4309,0.0,611.9051499999999,18.882066666666677,630.7872166666666,0.8,0.8,28,,630.7872166666666,28.03388333333328,0.0,0.0,0.0,10409.680173703704,10434.910668703704,10050.0,275.02322646666664,0.0,2.803388333333327,275.02322646666664,0.0,275.02322646666664,0.0
T_q80_6000,2025-09-23,2025-09-23,23,2025-09-23 03:50:00,2025-09-23 04:00:00,0.4378,3738.77,0.0,3753.85,0.0,625.6416666666667,20.09833333333336,645.74,0.8,0.8,28,,645.74,22.61166666666668,0.0,0.0,0.0,10434.910668703704,10455.261168703704,10050.0,282.704972,0.0,2.2611666666666674,282.704972,0.0,282.704972,0.0
T_q80_6000,2025-09-23,2025-09-23,24,2025-09-23 04:00:00,2025-09-23 04:10:00,0.4401,3573.138,0.0019,3887.5822,0.0021,647.9300166666666,19.383016666666663,667.3130333333332,0.8,0.8,28,,667.3130333333332,71.79034999999999,0.0,0.0,0.0,10455.261168703704,10519.872483703704,10050.0,293.68446597,0.0,7.179034999999997,293.68446596999996,0.0,293.68446596999996,0.0
T_q80_6000,2025-09-23,2025-09-23,25,2025-09-23 04:10:00,2025-09-23 04:20:00,0.4389,3548.8256,0.0,3864.8881,0.0,644.1480166666666,31.31488333333334,675.4629,0.8,0.8,28,,675.4629,83.99196666666671,0.0,0.0,0.0,10519.872483703704,10595.465253703704,10050.0,296.46066681,0.0,8.39919666666667,296.46066681,0.0,296.46066681,0.0
T_q80_6000,2025-09-23,2025-09-23,26,2025-09-23 04:20:00,2025-09-23 04:30:00,0.4364,3696.43,0.0,3746.52,0.0,624.42,19.32499999999999,643.7449999999999,0.8,0.8,28,,643.7449999999999,27.67333333333329,0.0,0.0,0.0,10595.465253703704,10620.371253703704,10050.0,280.93031799999994,0.0,2.7673333333333283,280.93031799999994,0.0,280.93031799999994,0.0
T_q80_6000,2025-09-23,2025-09-23,27,2025-09-23 04:30:00,2025-09-23 04:40:00,0.4393,3629.4046,0.0268,3799.8707,0.029,633.3069499999999,24.950066666666714,658.2570166666667,0.8,0.8,28,,658.2570166666667,53.3607166666668,0.0,0.0,0.0,10620.371253703704,10668.395898703704,10050.0,289.1723074216667,0.0,5.336071666666679,289.1723074216667,0.0,289.1723074216667,0.0
T_q80_6000,2025-09-23,2025-09-23,28,2025-09-23 04:40:00,2025-09-23 04:50:00,0.4422,3602.4949,0.0,3743.4045,0.0,623.90075,5.214283333333356,629.1150333333334,0.8,0.8,28,,629.1150333333334,28.69921666666676,0.0,0.0,0.0,10668.395898703704,10694.225193703704,10050.0,278.19466774,0.0,2.8699216666666754,278.19466774,0.0,278.19466774,0.0
T_q80_6000,2025-09-23,2025-09-23,29,2025-09-23 04:50:00,2025-09-23 05:00:00,0.4395,3708.74,0.0,3548.17,0.0,591.3616666666667,11.821666666666715,603.1833333333334,0.8,0.8,28,,603.1833333333334,0.0,14.939999999999827,0.0,0.0,10694.225193703704,10677.625193703703,10050.0,265.099075,0.0,1.6599999999999815,265.099075,0.0,265.099075,0.0
T_q80_6000,2025-09-23,2025-09-23,30,2025-09-23 05:00:00,2025-09-23 05:10:00,0.4333,3751.3647,0.3731,3510.4937,0.404,585.01495,4.940116666666654,589.9550666666667,0.8,0.8,28,,589.9550666666667,0.0,35.210199999999986,0.0,0.0,10677.625193703703,10638.502749259258,10050.0,255.62753038666668,0.0,3.9122444444444446,255.62753038666668,0.0,255.62753038666668,0.0
T_q80_6000,2025-09-23,2025-09-23,31,2025-09-23 05:10:00,2025-09-23 05:20:00,0.4439,3689.4488,0.0,3645.7435,0.0,607.6239166666667,22.572916666666742,630.1968333333334,0.8,0.8,28,,630.1968333333334,15.288700000000064,0.0,0.0,0.0,10638.502749259258,10652.26257925926,10050.0,279.7443743166667,0.0,1.5288700000000062,279.7443743166667,0.0,279.7443743166667,0.0
T_q80_6000,2025-09-23,2025-09-23,32,2025-09-23 05:20:00,2025-09-23 05:30:00,0.4301,3557.68,0.0,3724.04,0.0,620.6733333333333,35.63333333333327,656.3066666666666,0.8,0.8,28,,656.3066666666666,63.360000000000014,0.0,0.0,0.0,10652.26257925926,10709.286579259258,10050.0,282.2774973333333,0.0,6.336,282.2774973333333,0.0,282.2774973333333,0.0
T_q80_6000,2025-09-23,2025-09-23,33,2025-09-23 05:30:00,2025-09-23 05:40:00,0.3713,3509.0644,5.1961,3582.2553,5.6274,596.10465,9.526466666666693,605.6311166666667,0.8,0.8,28,,1438.96445,100.79268971193515,0.0,0.0,754.1937102880648,10709.286579259258,10800.0,10800.0,534.287500285,0.0,10.079268971193514,534.287500285,0.0,534.287500285,0.0
T_q80_6000,2025-09-23,2025-09-23,34,2025-09-23 05:40:00,2025-09-23 05:50:00,0.5708,4001.4806,0.0,3957.97,0.0,659.6616666666666,15.503116666666756,675.1647833333334,0.8,0.8,28,,675.1647833333334,0.0,0.0,0.0,8.251350000000116,10800.0,10800.0,10800.0,385.38405832666666,0.0,0.0,385.38405832666666,0.0,385.38405832666666,0.0
T_q80_6000,2025-09-23,2025-09-23,35,2025-09-23 05:50:00,2025-09-23 06:00:00,0.9099,4743.74,0.0,4700.49,0.0,783.415,29.81708333333336,813.2320833333333,0.8,0.8,28,,0.0,0.0,790.6233333333332,0.0,0.0,10800.0,9921.52962962963,9896.408796296297,0.0,0.0,87.84703703703707,0.0,0.0,0.0,0.0
T_q80_6000,2025-09-23,2025-09-23,36,2025-09-23 06:00:00,2025-09-23 06:10:00,0.9368,4911.4158,148.7833,4861.7696,163.8012,782.9947333333332,29.079549999999983,812.0742833333331,0.8,0.8,28,,0.0,0.0,793.7720833333333,0.0,0.0,9921.52962962963,9039.560648148148,8994.104037037037,0.0,0.0,88.19689814814818,0.0,0.0,0.0,0.0
T_q80_6000,2025-09-23,2025-09-23,37,2025-09-23 06:10:00,2025-09-23 06:20:00,0.8758,4831.9735,376.0146,4752.5347,427.0247,720.9183333333333,16.06804999999997,736.9863833333333,0.8,0.8,28,,0.0,0.0,742.6598166666665,0.0,0.0,9039.560648148148,8214.383074074074,8175.230277777778,0.0,0.0,82.51775740740743,0.0,0.0,0.0,0.0
T_q80_6000,2025-09-23,2025-09-23,38,2025-09-23 06:20:00,2025-09-23 06:30:00,0.8759,4792.2,649.3875,4711.73,733.4625,663.0445833333332,23.132499999999936,686.1770833333331,0.8,0.8,28,,0.0,0.0,690.46875,0.0,0.0,8214.383074074074,7447.195574074074,7412.811296296297,0.0,0.0,76.71875000000003,0.0,0.0,0.0,0.0
T_q80_6000,2025-09-23,2025-09-23,39,2025-09-23 06:30:00,2025-09-23 06:40:00,0.8601,4757.3085,973.8044,4749.8589,1059.8151,615.0073,17.009499999999974,632.0168,0.8,0.8,28,,0.0,0.0,630.5840166666667,0.0,0.0,7447.195574074074,6746.546666666667,6710.570407407408,0.0,0.0,70.06489074074078,0.0,0.0,0.0,0.0
T_q80_6000,2025-09-23,2025-09-23,40,2025-09-23 06:40:00,2025-09-23 06:50:00,0.8442,4755.1526,1245.8597,4762.9137,1370.8696,565.3406833333333,31.02644999999984,596.3671333333332,0.8,0.8,28,,0.0,0.0,584.88215,0.0,0.0,6746.546666666667,6096.677611111111,6047.9402592592605,0.0,0.0,64.98690555555558,0.0,0.0,0.0,0.0
T_q80_6000,2025-09-23,2025-09-23,41,2025-09-23 06:50:00,2025-09-23 07:00:00,0.8334,4789.05,1511.775,4720.02,1678.1625,506.9762500000001,44.56458333333336,551.5408333333335,0.8,0.8,28,,0.0,0.0,546.2125,0.0,0.0,6096.677611111111,5489.774833333334,5435.1171111111125,0.0,0.0,60.6902777777778,0.0,0.0,0.0,0.0
T_q80_6000,2025-09-23,2025-09-23,42,2025-09-23 07:00:00,2025-09-23 07:10:00,0.8092,4816.282,1907.945,4702.584,2025.7511,446.1388166666666,48.85218333333334,494.991,0.8,0.8,28,,80.86594999999801,0.0,403.85688333333536,0.0,0.0,5489.774833333334,5041.044962962961,4974.978166666666,65.43672673999839,0.0,44.872987037037284,65.43672673999839,0.0,65.43672673999839,0.0
T_q80_6000,2025-09-23,2025-09-23,43,2025-09-23 07:10:00,2025-09-23 07:20:00,0.7972,4786.2179,2234.3678,4833.7499,2388.5754,407.5290833333332,57.359366666666745,464.88845,0.8,0.8,28,,464.88845,39.58010000000007,0.0,0.0,0.0,5041.044962962961,5076.667052962961,4974.978166666666,370.60907234,0.0,3.9580100000000065,370.60907234,0.0,370.60907234,0.0
T_q80_6000,2025-09-23,2025-09-23,44,2025-09-23 07:20:00,2025-09-23 07:30:00,0.7644,4660.51,2492.5875,4939.54,2753.5875,364.3254166666666,66.7245833333333,431.05,0.8,0.8,28,,431.05,69.72958333333327,0.0,0.0,0.0,5076.667052962961,5139.423677962961,4974.978166666666,329.49461999999994,0.0,6.972958333333325,329.49462,0.0,329.49462,0.0
T_q80_6000,2025-09-23,2025-09-23,45,2025-09-23 07:30:00,2025-09-23 07:40:00,0.6899,4606.8822,2894.0726,4828.7625,3120.5921,284.69506666666666,65.57900000000011,350.2740666666668,0.8,0.8,28,,350.27406666666684,64.8058000000002,0.0,0.0,0.0,5139.423677962961,5197.748897962962,4974.978166666666,241.65407859333345,0.0,6.480580000000019,241.65407859333345,0.0,241.65407859333345,0.0
T_q80_6000,2025-09-23,2025-09-23,46,2025-09-23 07:40:00,2025-09-23 07:50:00,0.86,5489.8417,3343.4604,5406.1206,3426.4951,329.9375833333333,74.05264999999991,403.99023333333326,0.8,0.8,28,,0.0,0.0,357.73021666666665,0.0,0.0,5197.748897962962,4800.270879444443,4526.100129629629,0.0,0.0,39.74780185185187,0.0,0.0,0.0,0.0
T_q80_6000,2025-09-23,2025-09-23,47,2025-09-23 07:50:00,2025-09-23 08:00:00,1.1617,6701.06,3753.1125,6462.55,3707.325,459.2041666666667,77.36291666666669,536.5670833333334,0.8,0.8,28,,0.0,0.0,491.32458333333335,0.0,0.0,4800.270879444443,4254.354675740739,3929.914481481481,0.0,0.0,54.5916203703704,0.0,0.0,0.0,0.0
T_q80_6000,2025-09-23,2025-09-23,48,2025-09-23 08:00:00,2025-09-23 08:10:00,1.1683,6664.9869,4119.6249,6779.0099,4082.1536,449.47605,69.59383333333335,519.0698833333333,0.8,0.8,28,,0.0,0.0,424.227,0.0,0.0,4254.354675740739,3782.991342407406,3353.1701666666663,0.0,0.0,47.136333333333354,0.0,0.0,0.0,0.0
T_q80_6000,2025-09-23,2025-09-23,49,2025-09-23 08:10:00,2025-09-23 08:20:00,1.0956,6469.7028,4427.9049,6649.2879,4538.4547,351.8055333333333,66.46295,418.2684833333333,0.8,0.8,28,,0.0,0.0,340.29965,0.0,0.0,3782.991342407406,3404.880620185184,2888.427407407407,0.0,0.0,37.811072222222236,0.0,0.0,0.0,0.0
T_q80_6000,2025-09-23,2025-09-23,50,2025-09-23 08:20:00,2025-09-23 08:30:00,1.0849,6635.97,4698.6375,6494.49,4959.675,255.80249999999992,103.7074999999998,359.50999999999976,0.8,0.8,28,,0.0,0.0,322.8887500000001,0.0,0.0,3404.880620185184,3046.115342407406,2488.971851851852,0.0,0.0,35.8765277777778,0.0,0.0,0.0,0.0
T_q80_6000,2025-09-23,2025-09-23,51,2025-09-23 08:30:00,2025-09-23 08:40:00,1.061,6600.0815,4997.093,6432.8642,5221.4296,201.90576666666655,64.09188333333321,265.9976499999998,0.8,0.8,28,,0.0,0.0,267.16475,0.0,0.0,3046.115342407406,2749.265620185184,2193.4189074074075,0.0,0.0,29.68497222222224,0.0,0.0,0.0,0.0
T_q80_6000,2025-09-23,2025-09-23,52,2025-09-23 08:40:00,2025-09-23 08:50:00,1.043,6462.4233,5400.3214,6438.1781,5443.4725,165.7842666666667,80.72340000000001,246.5076666666667,0.8,0.8,28,,0.0,0.0,177.01698333333343,0.0,0.0,2749.265620185184,2552.5800831481465,1919.5215,0.0,0.0,19.668553703703722,0.0,0.0,0.0,0.0
T_q80_6000,2025-09-23,2025-09-23,53,2025-09-23 08:50:00,2025-09-23 09:00:00,1.036,6427.57,5807.85,6502.19,5716.7625,130.90458333333328,107.26416666666668,238.16874999999996,0.8,0.8,28,,0.0,0.0,103.28666666666656,0.0,0.0,2552.5800831481465,2437.817120185184,1654.8895555555555,0.0,0.0,11.47629629629629,0.0,0.0,0.0,0.0
T_q80_6000,2025-09-23,2025-09-23,54,2025-09-23 09:00:00,2025-09-23 09:10:00,1.0147,6551.7343,6020.5511,6620.0241,6031.6126,98.0685833333332,122.36253333333345,220.43111666666664,0.8,0.8,28,,0.0,0.0,88.5305333333334,0.0,0.0,2437.817120185184,2339.4498609259244,1409.9660925925923,0.0,0.0,9.836725925925936,0.0,0.0,0.0,0.0
T_q80_6000,2025-09-23,2025-09-23,55,2025-09-23 09:10:00,2025-09-23 09:20:00,0.9922,6611.8297,6159.4673,6603.7913,6339.8082,43.99718333333324,95.76605000000004,139.7632333333333,0.8,0.8,28,,0.0,0.0,75.39373333333333,0.0,0.0,2339.4498609259244,2255.679046111109,1254.673611111111,0.0,0.0,8.377081481481484,0.0,0.0,0.0,0.0
T_q80_6000,2025-09-23,2025-09-23,56,2025-09-23 09:20:00,2025-09-23 09:30:00,0.97,6584.42,6306.2625,6407.33,6622.4625,-35.85541666666661,85.06166666666661,49.20625,0.8,0.8,28,,0.0,0.0,46.359583333333376,0.0,0.0,2255.679046111109,2204.168397962961,1200.0,0.0,0.0,5.151064814814822,0.0,0.0,0.0,0.0
T_q80_6000,2025-09-23,2025-09-23,57,2025-09-23 09:30:00,2025-09-23 09:40:00,0.9422,6627.8893,6423.4053,6200.5473,6897.3346,-116.13121666666666,113.01015000000008,-3.121066666666593,0.8,0.8,28,,0.0,0.0,34.08066666666657,0.0,0.0,2204.168397962961,2166.300990555554,1202.8089599999998,0.0,0.0,3.786740740740732,0.0,0.0,0.0,0.0
T_q80_6000,2025-09-23,2025-09-23,58,2025-09-23 09:40:00,2025-09-23 09:50:00,0.9569,6567.1756,6483.305,6249.554,7173.3339,-153.96331666666657,104.1708166666666,-49.79249999999996,0.8,0.8,28,,0.0,0.0,13.978433333333214,0.0,0.0,2166.300990555554,2150.7693979629616,1247.6222099999998,0.0,0.0,1.5531592592592467,0.0,0.0,0.0,0.0
T_q80_6000,2025-09-23,2025-09-23,59,2025-09-23 09:50:00,2025-09-23 10:00:00,0.9977,6455.96,6487.7625,6480.82,7375.3875,-149.09458333333333,148.54583333333323,-0.5487500000000978,0.8,0.8,28,,0.0,5.30041666666663,0.0,0.0,0.0,2150.7693979629616,2155.5397729629617,1248.116085,0.0,0.0,0.5300416666666629,0.0,0.0,0.0,0.0
T_q80_6000,2025-09-23,2025-09-23,60,2025-09-23 10:00:00,2025-09-23 10:10:00,0.9919,6527.0912,6506.7574,6557.067,7427.1527,-145.01428333333325,108.45718333333328,-36.55709999999996,0.8,0.8,28,,0.0,0.0,3.388966666666571,0.0,0.0,2155.5397729629617,2151.774254444443,1281.017475,0.0,0.0,0.3765518518518414,0.0,0.0,0.0,0.0
T_q80_6000,2025-09-23,2025-09-23,61,2025-09-23 10:10:00,2025-09-23 10:20:00,0.9588,6488.4499,6763.9313,6530.2617,7558.6084,-171.39111666666668,99.33836666666662,-72.05275000000006,0.8,0.8,28,,0.0,45.91356666666676,0.0,0.0,0.0,2151.774254444443,2193.0964644444434,1345.86495,0.0,0.0,4.591356666666675,0.0,0.0,0.0,0.0
T_q80_6000,2025-09-23,2025-09-23,62,2025-09-23 10:20:00,2025-09-23 10:30:00,0.9549,6336.11,7139.7,6502.13,7758.4875,-209.39291666666668,143.02124999999978,-66.3716666666669,0.8,0.8,28,,0.0,133.93166666666667,0.0,0.0,0.0,2193.0964644444434,2313.6349644444435,1405.5994500000002,0.0,0.0,13.393166666666664,0.0,0.0,0.0,0.0
T_q80_6000,2025-09-23,2025-09-23,63,2025-09-23 10:30:00,2025-09-23 10:40:00,0.9839,6376.9432,7257.6775,6501.3745,7803.3333,-216.9931333333334,157.95738333333327,-59.03575000000012,0.8,0.8,28,,0.0,146.78905,0.0,0.0,0.0,2313.6349644444435,2445.745109444444,1458.7316250000003,0.0,0.0,14.678904999999997,0.0,0.0,0.0,0.0
T_q80_6000,2025-09-23,2025-09-23,64,2025-09-23 10:40:00,2025-09-23 10:50:00,0.799,6473.6947,7240.5731,6474.7018,7884.0347,-234.8888166666667,151.34778333333315,-83.54103333333356,0.8,0.8,28,,0.0,127.8130666666666,0.0,0.0,0.0,2445.745109444444,2560.7768694444435,1533.9185550000009,0.0,0.0,12.781306666666657,0.0,0.0,0.0,0.0
T_q80_6000,2025-09-23,2025-09-23,65,2025-09-23 10:50:00,2025-09-23 11:00:00,0.5025,6470.56,7359.675,6439.65,8030.625,-265.1625,123.5895833333334,-141.57291666666663,0.8,0.8,28,,367.919416666665,516.1052499999983,0.0,0.0,0.0,2560.7768694444435,3025.2715944444417,1992.4616549999992,184.87950687499915,0.0,51.61052499999981,184.87950687499912,0.0,184.87950687499912,0.0
T_q80_6000,2025-09-23,2025-09-23,66,2025-09-23 11:00:00,2025-09-23 11:10:00,0.4662,6357.1346,7784.7849,6473.1896,8066.7709,-265.59688333333344,139.59955000000008,-125.99733333333336,0.8,0.8,28,,707.3359999999999,833.3333333333333,0.0,0.0,111.94438333333323,3025.2715944444417,3775.2715944444417,2742.461654999999,329.7600431999999,0.0,83.3333333333333,329.7600431999999,0.0,329.7600431999999,0.0
T_q80_6000,2025-09-23,2025-09-23,67,2025-09-23 11:10:00,2025-09-23 11:20:00,0.5007,6310.6975,8209.6886,6527.364,8058.9692,-255.2675333333333,143.61113333333333,-111.6564,0.8,0.8,28,,721.6769333333333,833.3333333333333,0.0,0.0,204.84211666666647,3775.2715944444417,4525.271594444442,3492.461654999999,361.34364052,0.0,83.3333333333333,361.34364052,0.0,361.34364052,0.0
T_q80_6000,2025-09-23,2025-09-23,68,2025-09-23 11:20:00,2025-09-23 11:30:00,0.4827,6431.52,8399.7375,6531.11,8058.1875,-254.5129166666667,110.86374999999988,-143.64916666666684,0.8,0.8,28,,689.6841666666664,833.3333333333333,0.0,0.0,184.38708333333292,4525.271594444442,5275.271594444442,4242.461654999999,332.9105472499999,0.0,83.3333333333333,332.9105472499999,0.0,332.9105472499999,0.0
T_q80_6000,2025-09-23,2025-09-23,69,2025-09-23 11:30:00,2025-09-23 11:40:00,0.4785,6604.0357,8379.679,6437.2197,8059.3959,-270.36270000000013,53.99166666666662,-216.37103333333351,0.8,0.8,28,,616.9622999999997,833.3333333333333,0.0,0.0,79.56951666666635,5275.271594444442,6025.271594444442,4992.461654999999,295.21646054999985,0.0,83.3333333333333,295.21646054999985,0.0,295.21646054999985,0.0
T_q80_6000,2025-09-23,2025-09-23,70,2025-09-23 11:40:00,2025-09-23 11:50:00,0.4662,6371.5522,8435.4109,6258.0133,8144.2088,-314.36591666666675,98.22424999999993,-216.1416666666668,0.8,0.8,28,,617.1916666666664,833.3333333333333,0.0,0.0,127.83478333333323,6025.271594444442,6775.271594444442,5742.461654999999,287.7347549999999,0.0,83.3333333333333,287.7347549999999,0.0,287.7347549999999,0.0
T_q80_6000,2025-09-23,2025-09-23,71,2025-09-23 11:50:00,2025-09-23 12:00:00,0.4432,5893.69,8613.5625,6034.17,8278.275,-374.0174999999999,158.67333333333318,-215.34416666666675,0.8,0.8,28,,617.9891666666665,833.3333333333333,0.0,0.0,237.96791666666672,6775.271594444442,7525.271594444442,6492.461654999999,273.8927986666666,0.0,83.3333333333333,273.8927986666666,0.0,273.8927986666666,0.0
T_q80_6000,2025-09-23,2025-09-23,72,2025-09-23 12:00:00,2025-09-23 12:10:00,0.4411,5815.5593,8690.3915,5857.0228,8321.7803,-410.7929166666668,151.25543333333314,-259.5374833333336,0.8,0.8,28,,573.7958499999996,833.3333333333333,0.0,0.0,219.60121666666623,7525.271594444442,8275.271594444443,7242.461654999999,253.10134943499983,0.0,83.3333333333333,253.10134943499983,0.0,253.10134943499983,0.0
T_q80_6000,2025-09-23,2025-09-23,73,2025-09-23 12:10:00,2025-09-23 12:20:00,0.4551,5929.8452,8581.2694,5948.518,8267.6048,-386.5144666666665,122.1221499999998,-264.3923166666667,0.8,0.8,28,,568.9410166666665,833.3333333333333,0.0,0.0,177.51171666666653,8275.271594444443,9025.271594444444,7992.461654999999,258.925056685,0.0,83.3333333333333,258.92505668499996,0.0,258.92505668499996,0.0
T_q80_6000,2025-09-23,2025-09-23,74,2025-09-23 12:20:00,2025-09-23 12:30:00,0.4463,5958.43,8484.4875,6160.56,8156.1,-332.59,132.46083333333354,-200.12916666666644,0.8,0.8,28,,633.2041666666669,833.3333333333333,0.0,0.0,220.88041666666663,9025.271594444444,9775.271594444444,8742.461655,282.5990195833334,0.0,83.3333333333333,282.5990195833334,0.0,282.5990195833334,0.0
T_q80_6000,2025-09-23,2025-09-23,75,2025-09-23 12:30:00,2025-09-23 12:40:00,0.4113,5882.5546,8645.3297,6118.0293,8055.8192,-322.9649833333333,162.45529999999997,-160.50968333333333,0.8,0.8,28,,672.8236499999999,833.3333333333333,0.0,0.0,299.9528333333333,9775.271594444444,10525.271594444444,9492.461655,276.732367245,0.0,83.3333333333333,276.732367245,0.0,276.732367245,0.0
T_q80_6000,2025-09-23,2025-09-23,76,2025-09-23 12:40:00,2025-09-23 12:50:00,0.5682,6091.5912,8546.664,6129.9123,8085.3213,-325.90149999999994,130.6118666666668,-195.28963333333317,0.8,0.8,28,,0.0,305.2537839506193,0.0,0.0,103.92501604938082,10525.271594444444,10800.0,9668.222325,0.0,0.0,30.525378395061924,0.0,0.0,0.0,0.0
T_q80_6000,2025-09-23,2025-09-23,77,2025-09-23 12:50:00,2025-09-23 13:00:00,0.8279,6408.53,8135.1375,6271.57,8109.4125,-306.3070833333334,131.93916666666655,-174.36791666666687,0.8,0.8,28,,0.0,0.0,0.0,0.0,287.7679166666667,10800.0,10800.0,9825.15345,0.0,0.0,0.0,0.0,0.0,0.0,0.0
T_q80_6000,2025-09-23,2025-09-23,78,2025-09-23 13:00:00,2025-09-23 13:10:00,0.8636,6253.4833,7884.9488,6267.4025,7864.6337,-266.2052,89.57320000000016,-176.63199999999983,0.8,0.8,28,,0.0,0.0,0.0,0.0,271.9109166666667,10800.0,10800.0,9984.12225,0.0,0.0,0.0,0.0,0.0,0.0,0.0
T_q80_6000,2025-09-23,2025-09-23,79,2025-09-23 13:10:00,2025-09-23 13:20:00,0.8416,6080.4251,7754.0988,6084.3297,7627.4867,-257.19283333333334,55.44526666666661,-201.74756666666676,0.8,0.8,28,,0.0,0.0,0.0,0.0,278.9456166666665,10800.0,10800.0,10165.69506,0.0,0.0,0.0,0.0,0.0,0.0,0.0
T_q80_6000,2025-09-23,2025-09-23,80,2025-09-23 13:20:00,2025-09-23 13:30:00,0.8618,6115.63,7607.2875,5983.25,7552.2375,-261.4979166666667,32.2929166666666,-229.2050000000001,0.8,0.8,28,,0.0,0.0,0.0,0.0,248.60958333333335,10800.0,10800.0,10371.97956,0.0,0.0,0.0,0.0,0.0,0.0,0.0
T_q80_6000,2025-09-23,2025-09-23,81,2025-09-23 13:30:00,2025-09-23 13:40:00,0.8623,6161.9414,7394.5585,6249.9547,7511.7507,-210.2993333333332,59.67995000000019,-150.61938333333302,0.8,0.8,28,,0.0,0.0,0.0,0.0,205.4361833333334,10800.0,10800.0,10507.537005,0.0,0.0,0.0,0.0,0.0,0.0,0.0
T_q80_6000,2025-09-23,2025-09-23,82,2025-09-23 13:40:00,2025-09-23 13:50:00,0.9026,6291.8498,7228.1769,6377.6378,7307.0291,-154.8985499999999,59.45085,-95.44769999999988,0.8,0.8,28,,0.0,0.0,0.0,0.0,156.05451666666673,10800.0,10800.0,10593.439935,0.0,0.0,0.0,0.0,0.0,0.0,0.0
T_q80_6000,2025-09-23,2025-09-23,83,2025-09-23 13:50:00,2025-09-23 14:00:00,0.9754,6409.53,7094.9625,6187.65,7022.8875,-139.20625,70.27833333333331,-68.9279166666667,0.8,0.8,28,,0.0,0.0,0.0,0.0,114.23874999999998,10800.0,10800.0,10655.47506,0.0,0.0,0.0,0.0,0.0,0.0,0.0
T_q80_6000,2025-09-23,2025-09-23,84,2025-09-23 14:00:00,2025-09-23 14:10:00,1.0002,6298.6605,6838.0168,6004.646,6916.3565,-151.95175,66.6666,-85.28515,0.8,0.8,28,,0.0,0.0,0.0,0.0,89.89271666666673,10800.0,10800.0,10732.231695,0.0,0.0,0.0,0.0,0.0,0.0,0.0
T_q80_6000,2025-09-23,2025-09-23,85,2025-09-23 14:10:00,2025-09-23 14:20:00,0.9978,6212.8259,6393.4647,6039.8719,6750.1107,-118.37313333333334,43.07501666666661,-75.29811666666673,0.8,0.8,28,,0.0,0.0,0.0,0.0,30.10646666666677,10800.0,10800.0,10800.0,0.0,0.0,0.0,0.0,0.0,0.0,0.0
T_q80_6000,2025-09-23,2025-09-23,86,2025-09-23 14:20:00,2025-09-23 14:30:00,1.0271,6236.6,5854.05,6212.36,6443.325,-38.494166666666686,62.7833333333333,24.289166666666617,0.8,0.8,28,,0.0,0.0,63.75833333333336,0.0,0.0,10800.0,10729.157407407409,10773.012037037037,0.0,0.0,7.084259259259266,0.0,0.0,0.0,0.0
T_q80_6000,2025-09-23,2025-09-23,87,2025-09-23 14:30:00,2025-09-23 14:40:00,1.0906,6217.1274,5393.4146,6261.2286,6154.0582,17.861733333333326,64.66748333333331,82.52921666666663,0.8,0.8,28,,0.0,0.0,137.2854666666667,0.0,0.0,10729.157407407409,10576.618,10681.312907407408,0.0,0.0,15.253940740740752,0.0,0.0,0.0,0.0
T_q80_6000,2025-09-23,2025-09-23,88,2025-09-23 14:40:00,2025-09-23 14:50:00,0.9376,6206.2876,4990.8009,6234.7935,5864.7952,61.66638333333336,55.87338333333338,117.53976666666674,0.8,0.8,28,,0.0,0.0,202.58111666666656,0.0,0.0,10576.618,10351.52787037037,10550.713166666666,0.0,0.0,22.50901296296296,0.0,0.0,0.0,0.0
T_q80_6000,2025-09-23,2025-09-23,89,2025-09-23 14:50:00,2025-09-23 15:00:00,0.6694,6262.68,4761.6375,6185.32,5565.3375,103.33041666666668,44.77416666666674,148.10458333333344,0.8,0.8,28,,148.10458333333344,0.0,102.06916666666665,0.0,0.0,10351.52787037037,10238.117685185183,10550.713166666666,99.1412080833334,0.0,11.34101851851852,99.1412080833334,0.0,99.1412080833334,0.0
T_q80_6000,2025-09-23,2025-09-23,90,2025-09-23 15:00:00,2025-09-23 15:10:00,0.66,6377.3851,4842.082,6148.1901,5276.6779,145.25203333333334,78.54066666666677,223.7927000000001,0.8,0.8,28,,500.7780703703708,244.8942203703708,0.0,0.0,0.0,10238.117685185183,10458.522483518518,10800.0,330.5135264444447,0.0,24.489422037037073,330.5135264444448,0.0,330.5135264444448,0.0
T_q80_6000,2025-09-23,2025-09-23,91,2025-09-23 15:10:00,2025-09-23 15:20:00,0.7217,6461.0017,4734.2965,6373.9324,4931.1252,240.4678666666665,72.63701666666657,313.1048833333331,0.8,0.8,28,,313.1048833333331,25.320683333333196,0.0,0.0,0.0,10458.522483518518,10481.311098518518,10800.0,225.9677943016665,0.0,2.532068333333319,225.9677943016665,0.0,225.9677943016665,0.0
T_q80_6000,2025-09-23,2025-09-23,92,2025-09-23 15:20:00,2025-09-23 15:30:00,0.7308,6382.45,4417.2375,6665.78,4525.725,356.67583333333323,73.79208333333341,430.4679166666666,0.8,0.8,28,,430.4679166666666,102.9325,0.0,0.0,0.0,10481.311098518518,10573.950348518518,10800.0,314.5859535,0.0,10.293249999999999,314.58595349999996,0.0,314.58595349999996,0.0
T_q80_6000,2025-09-23,2025-09-23,93,2025-09-23 15:30:00,2025-09-23 15:40:00,0.7534,6120.1976,4306.354,6522.3391,4126.3129,399.3377,46.22411666666676,445.5618166666668,0.8,0.8,28,,445.5618166666668,143.2545500000001,0.0,0.0,0.0,10573.950348518518,10702.879443518515,10800.0,335.6862726766668,0.0,14.325455000000007,335.68627267666676,0.0,335.68627267666676,0.0
T_q80_6000,2025-09-23,2025-09-23,94,2025-09-23 15:40:00,2025-09-23 15:50:00,0.7823,6153.6297,4035.9346,6227.3075,3727.669,416.6064166666666,61.40128333333329,478.0077,0.8,0.8,28,,478.0077,107.91172942386967,0.0,0.0,17.146787242796876,10702.879443518515,10800.0,10800.0,373.94542371,0.0,10.791172942386964,373.94542371,0.0,373.94542371,0.0
T_q80_6000,2025-09-23,2025-09-23,95,2025-09-23 15:50:00,2025-09-23 16:00:00,0.8055,6505.17,3543.675,6173.39,3392.3625,463.50458333333336,58.726666666666574,522.2312499999999,0.8,0.8,28,,522.2312499999999,0.0,0.0,0.0,28.64874999999995,10800.0,10800.0,10800.0,420.657271875,0.0,0.0,420.65727187499994,0.0,420.65727187499994,0.0
T_q80_6000,2025-09-23,2025-09-23,96,2025-09-23 16:00:00,2025-09-23 16:10:00,0.8271,6704.9712,3168.3753,6477.1231,3188.7577,548.0609,40.40701666666661,588.4679166666665,0.8,0.8,28,,588.4679166666665,0.0,0.96473333333347,0.0,0.0,10800.0,10798.928074074074,10800.0,486.72181387499984,0.0,0.10719259259260783,486.72181387499984,0.0,486.72181387499984,0.0
T_q80_6000,2025-09-23,2025-09-23,97,2025-09-23 16:10:00,2025-09-23 16:20:00,0.8519,6651.3841,2836.5022,6552.0795,2876.8086,612.5451499999999,44.36301666666657,656.9081666666665,0.8,0.8,28,,656.9081666666665,1.19102880658425,0.0,0.0,19.903487860082187,10798.928074074074,10800.0,10800.0,559.6200671833332,0.0,0.11910288065842498,559.6200671833332,0.0,559.6200671833332,0.0
T_q80_6000,2025-09-23,2025-09-23,98,2025-09-23 16:20:00,2025-09-23 16:30:00,0.8791,6512.95,2503.5375,6332.94,2467.5375,644.2337499999999,33.45416666666665,677.6879166666665,0.8,0.8,28,,677.6879166666665,0.0,0.0,0.0,9.452499999999873,10800.0,10800.0,10800.0,595.7554475416665,0.0,0.0,595.7554475416665,0.0,595.7554475416665,0.0
T_q80_6000,2025-09-23,2025-09-23,99,2025-09-23 16:30:00,2025-09-23 16:40:00,0.9024,6516.7553,2218.6701,6320.4369,2200.0679,686.7281666666665,32.99040000000002,719.7185666666666,0.8,0.8,28,,719.7185666666666,0.0,0.0,0.0,3.371033333333344,10800.0,10800.0,10800.0,649.4740345599998,0.0,0.0,649.4740345599998,0.0,649.4740345599998,0.0
T_q80_6000,2025-09-23,2025-09-23,100,2025-09-23 16:40:00,2025-09-23 16:50:00,0.9163,6452.5286,1863.5925,6492.3208,1918.0586,762.3770333333333,44.55761666666649,806.9346499999998,0.8,0.8,28,,806.9346499999998,0.0,0.0,0.0,42.11196666666649,10800.0,10800.0,10800.0,739.3942197949998,0.0,0.0,739.3942197949998,0.0,739.3942197949998,0.0
T_q80_6000,2025-09-23,2025-09-23,101,2025-09-23 16:50:00,2025-09-23 17:00:00,0.9264,6349.71,1465.3875,6599.87,1558.65,840.2033333333331,51.05875,891.2620833333332,0.8,0.8,28,,891.2620833333332,0.0,0.0,0.0,77.20833333333314,10800.0,10800.0,10800.0,825.6651939999998,0.0,0.0,825.6651939999998,0.0,825.6651939999998,0.0
T_q80_6000,2025-09-23,2025-09-23,102,2025-09-23 17:00:00,2025-09-23 17:10:00,0.9462,6441.2731,1178.7512,6444.2201,1230.6499,868.9283666666666,39.52376666666669,908.4521333333332,0.8,0.8,28,,908.4521333333332,0.0,0.0,0.0,31.36514999999997,10800.0,10800.0,10800.0,859.5774085600001,0.0,0.0,859.57740856,0.0,859.57740856,0.0
T_q80_6000,2025-09-23,2025-09-23,103,2025-09-23 17:10:00,2025-09-23 17:20:00,0.9742,6397.9351,917.9154,6365.2663,945.4844,903.2969833333332,20.78593333333333,924.0829166666666,0.8,0.8,28,,924.0829166666668,0.0,0.0,0.0,10.746300000000131,10800.0,10800.0,10800.0,900.2415774166667,0.0,0.0,900.2415774166668,0.0,900.2415774166668,0.0
T_q80_6000,2025-09-23,2025-09-23,104,2025-09-23 17:20:00,2025-09-23 17:30:00,0.9862,6368.49,630.1875,6543.08,683.6625,976.5695833333332,23.29499999999996,999.8645833333331,0.8,0.8,28,,999.8645833333331,0.0,0.0,0.0,43.48083333333318,10800.0,10800.0,10800.0,986.0664520833332,0.0,0.0,986.0664520833332,0.0,986.0664520833332,0.0
T_q80_6000,2025-09-23,2025-09-23,105,2025-09-23 17:30:00,2025-09-23 17:40:00,0.976,6667.634,356.458,6702.631,425.9356,1046.1159,27.75071666666679,1073.8666166666667,0.8,0.8,28,,1073.8666166666667,0.0,0.0,0.0,22.00395000000003,10800.0,10800.0,10800.0,1048.0938178666668,0.0,0.0,1048.0938178666668,0.0,1048.0938178666668,0.0
T_q80_6000,2025-09-23,2025-09-23,106,2025-09-23 17:40:00,2025-09-23 17:50:00,1.0742,5886.4358,131.4439,5992.5794,174.4761,969.6838833333333,12.449833333333345,982.1337166666666,0.8,0.8,28,,982.1337166666668,0.0,0.0,0.0,22.968400000000088,10800.0,10800.0,10800.0,1055.0080384433334,0.0,0.0,1055.0080384433336,0.0,1055.0080384433336,0.0
T_q80_6000,2025-09-23,2025-09-23,107,2025-09-23 17:50:00,2025-09-23 18:00:00,1.2313,4515.87,0.0,4835.08,0.0,805.8466666666666,19.54166666666663,825.3883333333332,0.8,0.8,28,,825.3883333333333,0.0,0.0,0.0,72.74333333333334,10800.0,10800.0,10800.0,1016.3006548333334,0.0,0.0,1016.3006548333334,0.0,1016.3006548333334,0.0
T_q80_6000,2025-09-23,2025-09-23,108,2025-09-23 18:00:00,2025-09-23 18:10:00,1.2561,4585.9791,0.0,4585.0492,0.0,764.1748666666667,15.513500000000022,779.6883666666668,0.8,0.8,28,,779.6883666666668,0.0,0.0,0.0,15.3585166666669,10800.0,10800.0,10800.0,979.36655737,0.0,0.0,979.3665573700001,0.0,979.3665573700001,0.0
T_q80_6000,2025-09-23,2025-09-23,109,2025-09-23 18:10:00,2025-09-23 18:20:00,1.2447,4985.787,4.4234,4700.096,6.1848,782.3185333333332,28.99523333333332,811.3137666666665,0.8,0.8,28,,811.3137666666667,0.0,18.913500000000116,0.0,0.0,10800.0,10778.985,10800.0,1009.84224537,0.0,2.101500000000014,1009.8422453699999,0.0,1009.8422453699999,0.0
T_q80_6000,2025-09-23,2025-09-23,110,2025-09-23 18:20:00,2025-09-23 18:30:00,1.2545,5006.5,0.0,4806.54,0.0,801.0899999999999,51.5183333333332,852.6083333333331,0.8,0.8,28,,852.6083333333331,18.19166666666649,0.0,0.0,0.0,10778.985,10795.3575,10800.0,1069.5971541666663,0.0,1.8191666666666484,1069.5971541666663,0.0,1069.5971541666663,0.0
T_q80_6000,2025-09-23,2025-09-23,111,2025-09-23 18:30:00,2025-09-23 18:40:00,1.2522,5016.9579,0.0,5029.1871,0.0,838.19785,17.764650000000074,855.9625000000001,0.8,0.8,28,,855.9625000000001,5.158333333333252,0.0,0.0,14.644516666666782,10795.3575,10800.0,10800.0,1071.8362425,0.0,0.5158333333333252,1071.8362425,0.0,1071.8362425,0.0
T_q80_6000,2025-09-23,2025-09-23,112,2025-09-23 18:40:00,2025-09-23 18:50:00,1.2881,4862.5058,0.3176,4889.8514,0.444,814.9012333333332,-4.275449999999978,810.6257833333332,0.8,0.8,28,,810.6257833333332,0.0,0.0,0.0,0.2610833333333175,10800.0,10800.0,10800.0,1044.1670715116666,0.0,0.0,1044.1670715116666,0.0,1044.1670715116666,0.0
T_q80_6000,2025-09-23,2025-09-23,113,2025-09-23 18:50:00,2025-09-23 19:00:00,1.3466,4664.56,0.0,4602.8,0.0,767.1333333333333,18.329999999999927,785.4633333333333,0.8,0.8,28,,0.0,0.0,777.4266666666667,0.0,0.0,10800.0,9936.192592592592,9927.262962962965,0.0,0.0,86.38074074074079,0.0,0.0,0.0,0.0
T_q80_6000,2025-09-23,2025-09-23,114,2025-09-23 19:00:00,2025-09-23 19:10:00,1.3523,4794.5933,0.0,4878.9151,0.0,813.1525166666667,25.73595000000012,838.8884666666668,0.8,0.8,28,,5.555133333333515,0.0,793.5437499999998,0.0,0.0,9936.192592592592,9054.477314814816,9001.337037037038,7.512206806666913,0.0,88.1715277777778,7.512206806666913,0.0,7.512206806666913,0.0
T_q80_6000,2025-09-23,2025-09-23,115,2025-09-23 19:10:00,2025-09-23 19:20:00,1.3445,4953.598,0.0228,5049.4296,0.0319,841.5662833333333,21.326583333333247,862.8928666666666,0.8,0.8,28,,29.55953333333332,0.0,796.0363333333333,0.0,0.0,9054.477314814816,8169.992500000001,8075.411111111111,39.74279256666665,0.0,88.44848148148152,39.74279256666665,0.0,39.74279256666665,0.0
T_q80_6000,2025-09-23,2025-09-23,116,2025-09-23 19:20:00,2025-09-23 19:30:00,1.3483,4906.9,0.0,4902.19,0.0,817.0316666666665,11.69833333333338,828.7299999999999,0.8,0.8,28,,0.0,0.0,817.8166666666666,0.0,0.0,8169.992500000001,7261.307314814816,7154.6,0.0,0.0,90.86851851851856,0.0,0.0,0.0,0.0
T_q80_6000,2025-09-23,2025-09-23,117,2025-09-23 19:30:00,2025-09-23 19:40:00,1.349,4721.0181,0.0,4891.8419,0.0,815.3069833333334,-3.372216666666759,811.9347666666666,0.8,0.8,28,,0.0,0.0,786.83635,0.0,0.0,7261.307314814816,6387.044703703705,6252.45025925926,0.0,0.0,87.42626111111116,0.0,0.0,0.0,0.0
T_q80_6000,2025-09-23,2025-09-23,118,2025-09-23 19:40:00,2025-09-23 19:50:00,1.3473,4705.315,0.0016,4903.2757,0.0023,817.2122333333333,8.95578333333333,826.1680166666666,0.8,0.8,28,,0.0,0.0,784.2189,0.0,0.0,6387.044703703705,5515.690370370372,5334.485796296297,0.0,0.0,87.13543333333337,0.0,0.0,0.0,0.0
T_q80_6000,2025-09-23,2025-09-23,119,2025-09-23 19:50:00,2025-09-23 20:00:00,1.3482,4871.47,0.0,4818.68,0.0,803.1133333333333,30.225000000000023,833.3383333333334,0.8,0.8,28,,0.0050000000001091,0.0,811.9066666666665,0.0,0.0,5515.690370370372,4613.571851851853,4408.559870370371,0.0067410000001471,0.0,90.21185185185188,0.006741000000147089,0.0,0.006741000000147089,0.0
T_q80_6000,2025-09-23,2025-09-23,120,2025-09-23 20:00:00,2025-09-23 20:10:00,1.3513,4963.0687,0.0,4696.702,0.0,782.7836666666667,23.82991666666669,806.6135833333334,0.8,0.8,28,,0.0,0.0,827.1781166666666,0.0,0.0,4613.571851851853,3694.485055555557,3512.322555555556,0.0,0.0,91.90867962962966,0.0,0.0,0.0,0.0
T_q80_6000,2025-09-23,2025-09-23,121,2025-09-23 20:10:00,2025-09-23 20:20:00,1.34,5061.4062,0.0,4700.0445,0.0,783.34075,22.708849999999984,806.0495999999999,0.8,0.8,28,,379.407633333333,0.0,464.16006666666703,0.0,0.0,3694.485055555557,3178.7516481481493,3038.275925925926,508.4062286666663,0.0,51.573340740740804,508.40622866666627,0.0,508.40622866666627,0.0
T_q80_6000,2025-09-23,2025-09-23,122,2025-09-23 20:20:00,2025-09-23 20:30:00,1.3489,5038.25,0.0,4852.22,0.0,808.7033333333334,12.41166666666652,821.1149999999999,0.8,0.8,28,,0.0,0.0,833.3333333333333,6.375,0.0,3178.7516481481493,2252.825722222224,2125.925925925926,0.0,42.9961875,92.59259259259262,0.0,42.996187500000005,42.996187500000005,0.0
T_q80_6000,2025-09-23,2025-09-23,123,2025-09-23 20:30:00,2025-09-23 20:40:00,1.3952,4709.3717,0.0,4995.945,0.0,832.6574999999999,18.17769999999996,850.8351999999999,0.8,0.8,28,,17.50186666666673,0.0,767.3934166666666,0.0,0.0,2252.825722222224,1400.166370370372,1200.0,24.41860437333342,0.0,85.26593518518521,24.41860437333342,0.0,24.41860437333342,0.0
T_q80_6000,2025-09-23,2025-09-23,124,2025-09-23 20:40:00,2025-09-23 20:50:00,1.2226,4809.9708,0.0,4921.7777,0.0,820.2962833333332,19.999766666666574,840.2960499999998,0.8,0.8,28,,840.2960499999999,38.63424999999995,0.0,0.0,0.0,1400.166370370372,1434.937195370372,1200.0,1027.34595073,0.0,3.863424999999994,1027.34595073,0.0,1027.34595073,0.0
T_q80_6000,2025-09-23,2025-09-23,125,2025-09-23 20:50:00,2025-09-23 21:00:00,0.9332,5215.3,0.0,4789.94,0.0,798.3233333333333,12.735000000000014,811.0583333333333,0.8,0.8,28,,811.0583333333334,0.0,58.1583333333333,0.0,0.0,1434.937195370372,1370.3168250000017,1200.0,756.8796366666668,0.0,6.462037037037036,756.8796366666668,0.0,756.8796366666668,0.0
T_q80_6000,2025-09-23,2025-09-23,126,2025-09-23 21:00:00,2025-09-23 21:10:00,0.9068,5055.1463,0.0,4921.2572,0.0,820.2095333333333,7.107683333333284,827.3172166666666,0.8,0.8,28,,827.3172166666666,0.0,15.207166666666808,0.0,0.0,1370.3168250000017,1353.4199731481497,1200.0,750.2112520733333,0.0,1.6896851851852017,750.2112520733333,0.0,750.2112520733333,0.0
T_q80_6000,2025-09-23,2025-09-23,127,2025-09-23 21:10:00,2025-09-23 21:20:00,0.9371,4827.5711,0.0,4795.1606,0.0,799.1934333333334,26.71623333333332,825.9096666666667,0.8,0.8,28,,825.9096666666667,21.314483333333328,0.0,0.0,0.0,1353.4199731481497,1372.6030081481497,1200.0,773.9599486333334,0.0,2.1314483333333323,773.9599486333334,0.0,773.9599486333334,0.0
T_q80_6000,2025-09-23,2025-09-23,128,2025-09-23 21:20:00,2025-09-23 21:30:00,0.9371,4880.29,0.0,4582.3,0.0,763.7166666666667,20.644999999999985,784.3616666666667,0.8,0.8,28,,784.3616666666667,0.0,29.019999999999985,0.0,0.0,1372.6030081481497,1340.3585637037052,1200.0,735.0253178333334,0.0,3.2244444444444444,735.0253178333334,0.0,735.0253178333334,0.0
T_q80_6000,2025-09-23,2025-09-23,129,2025-09-23 21:30:00,2025-09-23 21:40:00,0.9871,4979.2148,0.0,4908.0858,0.0,818.0142999999999,28.93528333333336,846.9495833333333,0.8,0.8,28,,846.9495833333333,17.08045000000004,0.0,0.0,0.0,1340.3585637037052,1355.7309687037052,1200.0,836.0239337083333,0.0,1.7080450000000038,836.0239337083333,0.0,836.0239337083333,0.0
T_q80_6000,2025-09-23,2025-09-23,130,2025-09-23 21:40:00,2025-09-23 21:50:00,0.7764,4609.119,0.0,4661.9285,0.0,776.9880833333333,38.16666666666663,815.1547499999999,0.8,0.8,28,,815.1547499999999,46.96825000000001,0.0,0.0,0.0,1355.7309687037052,1398.0023937037051,1200.0,632.8861479,0.0,4.6968250000000005,632.8861479,0.0,632.8861479,0.0
T_q80_6000,2025-09-23,2025-09-23,131,2025-09-23 21:50:00,2025-09-23 22:00:00,0.4209,3835.46,0.0,3835.63,0.0,639.2716666666666,23.821666666666488,663.0933333333331,0.8,0.8,28,,1496.4266666666665,833.3333333333333,0.0,0.0,23.84999999999968,1398.0023937037051,2148.002393703705,1950.0,629.8459839999998,0.0,83.3333333333333,629.8459839999999,0.0,629.8459839999999,0.0
T_q80_6000,2025-09-23,2025-09-23,132,2025-09-23 22:00:00,2025-09-23 22:10:00,0.3859,3320.6494,0.0,3598.3753,0.0,599.7292166666666,3.282283333333225,603.0114999999998,0.8,0.8,28,,1436.344833333333,833.3333333333333,0.0,0.0,49.56993333333321,2148.002393703705,2898.002393703705,2700.0,554.2854711833332,0.0,83.3333333333333,554.2854711833332,0.0,554.2854711833332,0.0
T_q80_6000,2025-09-23,2025-09-23,133,2025-09-23 22:10:00,2025-09-23 22:20:00,0.4368,3496.0714,0.0,3658.3589,0.0,609.7264833333334,4.705800000000068,614.4322833333334,0.8,0.8,28,,614.4322833333334,31.753716666666836,0.0,0.0,0.0,2898.002393703705,2926.5807387037053,2700.0,268.3840213600001,0.0,3.175371666666683,268.3840213600001,0.0,268.3840213600001,0.0
T_q80_6000,2025-09-23,2025-09-23,134,2025-09-23 22:20:00,2025-09-23 22:30:00,0.4198,3883.24,0.0,3679.49,0.0,613.2483333333332,20.729999999999905,633.9783333333331,0.8,0.8,28,,1467.3116666666665,820.1049999999999,0.0,0.0,0.0,2926.5807387037053,3664.675238703705,3450.0,615.9774376666666,0.0,82.01049999999998,615.9774376666666,0.0,615.9774376666666,0.0
T_q80_6000,2025-09-23,2025-09-23,135,2025-09-23 22:30:00,2025-09-23 22:40:00,0.4186,3580.1991,0.0,3675.7073,0.0,612.6178833333333,26.84140000000002,639.4592833333334,0.8,0.8,28,,1472.7926166666666,833.3333333333333,0.0,0.0,42.75943333333339,3664.675238703705,4414.675238703705,4200.0,616.5109893366667,0.0,83.3333333333333,616.5109893366667,0.0,616.5109893366667,0.0
T_q80_6000,2025-09-23,2025-09-23,136,2025-09-23 22:40:00,2025-09-23 22:50:00,0.4241,3332.1137,0.0,3704.1898,0.0,617.3649666666666,29.20451666666668,646.5694833333333,0.8,0.8,28,,646.5694833333333,91.21720000000003,0.0,0.0,0.0,4414.675238703705,4496.770718703705,4200.0,274.21011788166663,0.0,9.121720000000002,274.21011788166663,0.0,274.21011788166663,0.0
T_q80_6000,2025-09-23,2025-09-23,137,2025-09-23 22:50:00,2025-09-23 23:00:00,0.4237,3416.1,0.0,3714.13,0.0,619.0216666666666,34.49333333333334,653.515,0.8,0.8,28,,1486.8483333333334,833.3333333333333,0.0,0.0,84.16500000000019,4496.770718703705,5246.770718703705,4950.0,629.9776388333333,0.0,83.3333333333333,629.9776388333333,0.0,629.9776388333333,0.0
T_q80_6000,2025-09-23,2025-09-23,138,2025-09-23 23:00:00,2025-09-23 23:10:00,0.4248,3387.9352,0.0,3626.4469,0.0,604.4078166666666,12.844966666666664,617.2527833333332,0.8,0.8,28,,617.2527833333332,52.59691666666663,0.0,0.0,0.0,5246.770718703705,5294.107943703705,4950.0,262.20898236,0.0,5.2596916666666615,262.20898236,0.0,262.20898236,0.0
T_q80_6000,2025-09-23,2025-09-23,139,2025-09-23 23:10:00,2025-09-23 23:20:00,0.424,3459.0094,0.0,3690.0841,0.0,615.0140166666666,4.450550000000021,619.4645666666667,0.8,0.8,28,,619.4645666666667,42.96300000000008,0.0,0.0,0.0,5294.107943703705,5332.774643703705,4950.0,262.65297626666666,0.0,4.296300000000007,262.65297626666666,0.0,262.65297626666666,0.0
T_q80_6000,2025-09-23,2025-09-23,140,2025-09-23 23:20:00,2025-09-23 23:30:00,0.422,3661.95,0.0,3800.23,0.0,633.3716666666667,31.328333333333376,664.7,0.8,0.8,28,,1498.0333333333333,833.3333333333333,0.0,0.0,54.375000000000114,5332.774643703705,6082.774643703705,5700.0,632.1700666666667,0.0,83.3333333333333,632.1700666666667,0.0,632.1700666666667,0.0
T_q80_6000,2025-09-23,2025-09-23,141,2025-09-23 23:30:00,2025-09-23 23:40:00,0.424,3702.4038,0.0,3632.9661,0.0,605.4943499999999,12.267283333333353,617.7616333333333,0.8,0.8,28,,951.0949666666666,334.0276666666666,0.0,0.0,0.0,6082.774643703705,6383.399543703705,6000.0,403.2642658666666,0.0,33.40276666666666,403.2642658666666,0.0,403.2642658666666,0.0
T_q80_6000,2025-09-23,2025-09-23,142,2025-09-23 23:40:00,2025-09-23 23:50:00,0.4271,3409.7885,0.0,3700.6194,0.0,616.7699,11.342966666666712,628.1128666666667,0.8,0.8,28,,628.1128666666667,59.81478333333337,0.0,0.0,0.0,6383.399543703705,6437.232848703705,6000.0,268.26700535333333,0.0,5.981478333333335,268.26700535333333,0.0,268.26700535333333,0.0
T_q80_6000,2025-09-23,2025-09-23,143,2025-09-23 23:50:00,2025-09-24 00:00:00,0.4276,3147.61,0.0,3923.31,0.0,653.885,21.319999999999997,675.2049999999999,0.8,0.8,28,,675.2049999999999,150.60333333333324,0.0,0.0,0.0,6437.232848703705,6572.7758487037045,6000.0,288.717658,0.0,15.06033333333332,288.717658,0.0,288.717658,0.0
T_q80_6000,2025-12-21,2025-12-21,0,2025-12-21 00:00:00,2025-12-21 00:10:00,0.4248,3576.1063,0.0,3556.1474,0.0,592.6912333333332,45.61368333333337,638.3049166666666,0.8,0.8,28,,1471.63825,833.3333333333333,0.0,0.0,42.2872000000001,6771.598737222225,7521.598737222225,7521.598737222225,625.1519286,0.0,83.3333333333333,625.1519286,0.0,625.1519286,0.0
T_q80_6000,2025-12-21,2025-12-21,1,2025-12-21 00:10:00,2025-12-21 00:20:00,0.4245,3537.871,0.0,3367.4634,0.0,561.2438999999999,34.25221666666664,595.4961166666666,0.8,0.8,28,,1428.8294499999995,833.3333333333333,0.0,0.0,5.850949999999784,7521.598737222225,8271.598737222226,8271.598737222226,606.5381015249999,0.0,83.3333333333333,606.5381015249998,0.0,606.5381015249998,0.0
T_q80_6000,2025-12-21,2025-12-21,2,2025-12-21 00:20:00,2025-12-21 00:30:00,0.4269,3472.1,0.0,3429.29,0.0,571.5483333333333,35.35500000000002,606.9033333333333,0.8,0.8,28,,1440.236666666667,833.3333333333333,0.0,0.0,28.22000000000014,8271.598737222226,9021.598737222226,9021.598737222226,614.837033,0.0,83.3333333333333,614.8370330000001,0.0,614.8370330000001,0.0
T_q80_6000,2025-12-21,2025-12-21,3,2025-12-21 00:30:00,2025-12-21 00:40:00,0.4272,3388.2602,0.0,3676.387,0.0,612.7311666666667,37.508133333333376,650.2393000000001,0.8,0.8,28,,959.5740364197488,394.8640030864154,0.0,0.0,0.0,9021.598737222226,9376.97634,9300.0,409.9300283585167,0.0,39.48640030864153,409.9300283585167,0.0,409.9300283585167,0.0
T_q80_6000,2025-12-21,2025-12-21,4,2025-12-21 00:40:00,2025-12-21 00:50:00,0.4271,3299.4233,0.0,3757.6546,0.0,626.2757666666666,34.384283333333315,660.66005,0.8,0.8,28,,1493.9933833333332,833.3333333333333,0.0,0.0,110.75616666666669,9376.97634,10126.97634,10050.0,638.0845740216666,0.0,83.3333333333333,638.0845740216666,0.0,638.0845740216666,0.0
T_q80_6000,2025-12-21,2025-12-21,5,2025-12-21 00:50:00,2025-12-21 01:00:00,0.4285,3349.26,0.0,3650.77,0.0,608.4616666666666,30.79000000000008,639.2516666666667,0.8,0.8,28,,639.2516666666667,81.04166666666663,0.0,0.0,0.0,10126.97634,10199.91384,10050.0,273.91933916666665,0.0,8.10416666666666,273.91933916666665,0.0,273.91933916666665,0.0
T_q80_6000,2025-12-21,2025-12-21,6,2025-12-21 01:00:00,2025-12-21 01:10:00,0.4311,3662.0911,0.0,3636.1785,0.0,606.0297499999999,34.88784999999996,640.9175999999999,0.8,0.8,28,,640.9175999999999,30.5690833333332,0.0,0.0,0.0,10199.91384,10227.426015,10050.0,276.29957735999994,0.0,3.056908333333319,276.29957735999994,0.0,276.29957735999994,0.0
T_q80_6000,2025-12-21,2025-12-21,7,2025-12-21 01:10:00,2025-12-21 01:20:00,0.4302,3799.4157,0.0,3630.4656,0.0,605.0776,32.436000000000035,637.5136,0.8,0.8,28,,637.5136,4.277649999999994,0.0,0.0,0.0,10227.426015,10231.2759,10050.0,274.25835072,0.0,0.42776499999999934,274.25835072,0.0,274.25835072,0.0
T_q80_6000,2025-12-21,2025-12-21,8,2025-12-21 01:20:00,2025-12-21 01:30:00,0.4279,3736.18,0.0,3593.03,0.0,598.8383333333334,55.61000000000013,654.4483333333335,0.8,0.8,28,,654.4483333333335,31.751666666666893,0.0,0.0,0.0,10231.2759,10259.8524,10050.0,280.0384418333334,0.0,3.1751666666666885,280.0384418333334,0.0,280.0384418333334,0.0
T_q80_6000,2025-12-21,2025-12-21,9,2025-12-21 01:30:00,2025-12-21 01:40:00,0.4312,3824.9356,0.0,3602.2286,0.0,600.3714333333332,39.22818333333339,639.5996166666666,0.8,0.8,28,,639.5996166666666,2.1103500000000395,0.0,0.0,0.0,10259.8524,10261.751715,10050.0,275.79535470666667,0.0,0.21103500000000391,275.79535470666667,0.0,275.79535470666667,0.0
T_q80_6000,2025-12-21,2025-12-21,10,2025-12-21 01:40:00,2025-12-21 01:50:00,0.4333,3734.208,0.0,3658.5023,0.0,609.7503833333333,43.14986666666664,652.9002499999999,0.8,0.8,28,,652.9002499999999,30.532249999999976,0.0,0.0,0.0,10261.751715,10289.23074,10050.0,282.901678325,0.0,3.0532249999999967,282.901678325,0.0,282.901678325,0.0
T_q80_6000,2025-12-21,2025-12-21,11,2025-12-21 01:50:00,2025-12-21 02:00:00,0.4311,3587.15,0.0,3712.62,0.0,618.77,50.02666666666664,668.7966666666666,0.8,0.8,28,,668.7966666666666,70.93833333333328,0.0,0.0,0.0,10289.23074,10353.07524,10050.0,288.318243,0.0,7.093833333333326,288.318243,0.0,288.318243,0.0
T_q80_6000,2025-12-21,2025-12-21,12,2025-12-21 02:00:00,2025-12-21 02:10:00,0.4293,3856.4774,0.0,3725.8178,0.0,620.9696333333333,50.243600000000015,671.2132333333333,0.8,0.8,28,,671.2132333333333,28.466999999999985,0.0,0.0,0.0,10353.07524,10378.69554,10050.0,288.15184107,0.0,2.846699999999998,288.15184107,0.0,288.15184107,0.0
T_q80_6000,2025-12-21,2025-12-21,13,2025-12-21 02:10:00,2025-12-21 02:20:00,0.4324,3923.2147,0.0,3808.8429,0.0,634.80715,35.94059999999996,670.74775,0.8,0.8,28,,670.74775,16.87863333333337,0.0,0.0,0.0,10378.69554,10393.88631,10050.0,290.0313271,0.0,1.6878633333333366,290.0313271,0.0,290.0313271,0.0
T_q80_6000,2025-12-21,2025-12-21,14,2025-12-21 02:20:00,2025-12-21 02:30:00,0.4367,3730.5,0.0,3949.55,0.0,658.2583333333333,46.82499999999993,705.0833333333333,0.8,0.8,28,,705.0833333333333,83.33333333333326,0.0,0.0,0.0,10393.88631,10468.88631,10050.0,307.9098916666666,0.0,8.333333333333323,307.9098916666666,0.0,307.9098916666666,0.0
T_q80_6000,2025-12-21,2025-12-21,15,2025-12-21 02:30:00,2025-12-21 02:40:00,0.4348,3819.86,0.0,4008.5848,0.0,668.0974666666666,49.69853333333339,717.796,0.8,0.8,28,,717.796,81.15266666666673,0.0,0.0,0.0,10468.88631,10541.92371,10050.0,312.09770080000004,0.0,8.115266666666672,312.09770080000004,0.0,312.09770080000004,0.0
T_q80_6000,2025-12-21,2025-12-21,16,2025-12-21 02:40:00,2025-12-21 02:50:00,0.4335,3791.4644,0.0,3980.4251,0.0,663.4041833333333,74.54241666666667,737.9466,0.8,0.8,28,,737.9466,106.03586666666672,0.0,0.0,0.0,10541.92371,10637.35599,10050.0,319.8998511,0.0,10.60358666666667,319.8998511,0.0,319.8998511,0.0
T_q80_6000,2025-12-21,2025-12-21,17,2025-12-21 02:50:00,2025-12-21 03:00:00,0.4357,3751.73,0.0,3902.28,0.0,650.38,62.350000000000136,712.7300000000001,0.8,0.8,28,,712.7300000000001,87.44166666666683,0.0,0.0,0.0,10637.35599,10716.05349,10050.0,310.53646100000003,0.0,8.74416666666668,310.53646100000003,0.0,310.53646100000003,0.0
T_q80_6000,2025-12-21,2025-12-21,18,2025-12-21 03:00:00,2025-12-21 03:10:00,0.4374,4180.5461,0.0,3841.0019,0.0,640.1669833333333,61.44855000000007,701.6155333333334,0.8,0.8,28,,701.6155333333334,4.857850000000099,0.0,0.0,0.0,10716.05349,10720.425555,10050.0,306.88663428,0.0,0.48578500000000974,306.88663428,0.0,306.88663428,0.0
T_q80_6000,2025-12-21,2025-12-21,19,2025-12-21 03:10:00,2025-12-21 03:20:00,0.4371,4115.3327,0.0,3938.1938,0.0,656.3656333333333,60.89666666666665,717.2623,0.8,0.8,28,,717.2623,31.37351666666666,0.0,0.0,0.0,10720.425555,10748.66172,10050.0,313.51535133,0.0,3.137351666666665,313.51535133,0.0,313.51535133,0.0
T_q80_6000,2025-12-21,2025-12-21,20,2025-12-21 03:20:00,2025-12-21 03:30:00,0.4356,3748.74,0.0,4040.34,0.0,673.39,43.10166666666669,716.4916666666667,0.8,0.8,28,,716.4916666666668,57.04253333333327,0.0,0.0,34.65913333333356,10748.66172,10800.0,10050.0,312.10377000000005,0.0,5.704253333333326,312.10377000000005,0.0,312.10377000000005,0.0
T_q80_6000,2025-12-21,2025-12-21,21,2025-12-21 03:30:00,2025-12-21 03:40:00,0.4353,4220.4858,0.0,3859.3277,0.0,643.2212833333333,41.82411666666667,685.0454,0.8,0.8,28,,685.0454,0.0,18.368900000000053,0.0,0.0,10800.0,10779.59011111111,10050.0,298.20026262,0.0,2.040988888888896,298.20026262,0.0,298.20026262,0.0
T_q80_6000,2025-12-21,2025-12-21,22,2025-12-21 03:40:00,2025-12-21 03:50:00,0.436,4423.9257,0.0,3801.431,0.0,633.5718333333333,55.73093333333327,689.3027666666666,0.8,0.8,28,,689.3027666666667,0.0,48.01818333333324,0.0,0.0,10779.59011111111,10726.236574074072,10050.0,300.5360062666667,0.0,5.335353703703696,300.5360062666667,0.0,300.5360062666667,0.0
T_q80_6000,2025-12-21,2025-12-21,23,2025-12-21 03:50:00,2025-12-21 04:00:00,0.4378,4079.15,0.0,3946.69,0.0,657.7816666666666,61.735000000000014,719.5166666666667,0.8,0.8,28,,719.5166666666667,39.6583333333333,0.0,0.0,0.0,10726.236574074072,10761.929074074073,10050.0,315.00439666666665,0.0,3.9658333333333293,315.00439666666665,0.0,315.00439666666665,0.0
T_q80_6000,2025-12-21,2025-12-21,24,2025-12-21 04:00:00,2025-12-21 04:10:00,0.4401,4038.9424,0.0,3984.0426,0.0,664.0071,59.606700000000046,723.6138000000001,0.8,0.8,28,,723.6138000000001,42.30102880658605,0.0,0.0,8.155704526747385,10761.929074074073,10800.0,10050.0,318.46243338000005,0.0,4.230102880658603,318.46243338000005,0.0,318.46243338000005,0.0
T_q80_6000,2025-12-21,2025-12-21,25,2025-12-21 04:10:00,2025-12-21 04:20:00,0.4389,4082.3954,0.0,4043.9085,0.0,673.98475,61.1744333333333,735.1591833333332,0.8,0.8,28,,735.1591833333332,0.0,0.0,0.0,54.75994999999989,10800.0,10800.0,10050.0,322.6613655649999,0.0,0.0,322.6613655649999,0.0,322.6613655649999,0.0
T_q80_6000,2025-12-21,2025-12-21,26,2025-12-21 04:20:00,2025-12-21 04:30:00,0.4364,4064.87,0.0,4208.34,0.0,701.39,54.535000000000025,755.925,0.8,0.8,28,,755.925,0.0,0.0,0.0,78.44666666666672,10800.0,10800.0,10050.0,329.88567,0.0,0.0,329.88567,0.0,329.88567,0.0
T_q80_6000,2025-12-21,2025-12-21,27,2025-12-21 04:30:00,2025-12-21 04:40:00,0.4393,4121.8784,0.0,4361.7707,0.0,726.9617833333333,66.09614999999997,793.0579333333333,0.8,0.8,28,,793.0579333333333,0.0,0.0,0.0,106.07820000000004,10800.0,10800.0,10050.0,348.39035011333334,0.0,0.0,348.39035011333334,0.0,348.39035011333334,0.0
T_q80_6000,2025-12-21,2025-12-21,28,2025-12-21 04:40:00,2025-12-21 04:50:00,0.4422,4083.6154,0.0,4272.1393,0.0,712.0232166666666,66.36520000000019,778.3884166666668,0.8,0.8,28,,778.3884166666668,0.0,0.0,0.0,97.7858500000001,10800.0,10800.0,10050.0,344.20335785000003,0.0,0.0,344.20335785000003,0.0,344.20335785000003,0.0
T_q80_6000,2025-12-21,2025-12-21,29,2025-12-21 04:50:00,2025-12-21 05:00:00,0.4395,4032.31,0.0,4064.68,0.0,677.4466666666666,66.45499999999993,743.9016666666665,0.8,0.8,28,,743.9016666666666,0.0,0.0,0.0,71.85000000000002,10800.0,10800.0,10050.0,326.9447825,0.0,0.0,326.9447825,0.0,326.9447825,0.0
T_q80_6000,2025-12-21,2025-12-21,30,2025-12-21 05:00:00,2025-12-21 05:10:00,0.4333,4217.9422,0.0023,4095.3383,0.002,682.5560499999999,76.0046666666666,758.5607166666665,0.8,0.8,28,,758.5607166666665,0.0,0.0,0.0,55.57073333333312,10800.0,10800.0,10050.0,328.6843585316666,0.0,0.0,328.6843585316666,0.0,328.6843585316666,0.0
T_q80_6000,2025-12-21,2025-12-21,31,2025-12-21 05:10:00,2025-12-21 05:20:00,0.4439,4253.2484,0.0,4118.0415,0.0,686.34025,57.380716666666615,743.7209666666665,0.8,0.8,28,,743.7209666666665,0.0,0.0,0.0,34.8462333333332,10800.0,10800.0,10050.0,330.1377371033333,0.0,0.0,330.1377371033333,0.0,330.1377371033333,0.0
T_q80_6000,2025-12-21,2025-12-21,32,2025-12-21 05:20:00,2025-12-21 05:30:00,0.4301,4066.58,0.0,4041.16,0.0,673.5266666666666,57.02666666666676,730.5533333333334,0.8,0.8,28,,730.5533333333334,0.0,0.0,0.0,52.79000000000008,10800.0,10800.0,10050.0,314.2109886666667,0.0,0.0,314.2109886666667,0.0,314.2109886666667,0.0
T_q80_6000,2025-12-21,2025-12-21,33,2025-12-21 05:30:00,2025-12-21 05:40:00,0.3713,4077.7781,0.0316,4101.2526,0.0285,683.5373499999998,67.31061666666665,750.8479666666665,0.8,0.8,28,,1584.1812999999995,0.0,0.0,0.0,904.5568833333332,10800.0,10800.0,10800.0,588.20651669,0.0,0.0,588.2065166899998,0.0,588.2065166899998,0.0
T_q80_6000,2025-12-21,2025-12-21,34,2025-12-21 05:40:00,2025-12-21 05:50:00,0.5708,4717.7146,0.0,4586.0753,0.0,764.3458833333334,84.02178333333336,848.3676666666668,0.8,0.8,28,,848.3676666666668,0.0,0.0,0.0,62.08190000000013,10800.0,10800.0,10800.0,484.24826413333335,0.0,0.0,484.24826413333335,0.0,484.24826413333335,0.0
T_q80_6000,2025-12-21,2025-12-21,35,2025-12-21 05:50:00,2025-12-21 06:00:00,0.9099,5490.65,0.0,5227.27,0.0,871.2116666666667,77.75,948.9616666666668,0.8,0.8,28,,948.9616666666668,0.0,0.0,0.0,33.85333333333347,10800.0,10800.0,10800.0,863.4602205000001,0.0,0.0,863.4602205000002,0.0,863.4602205000002,0.0
T_q80_6000,2025-12-21,2025-12-21,36,2025-12-21 06:00:00,2025-12-21 06:10:00,0.9368,5439.318,0.4406,5402.0967,0.3963,900.2833999999999,63.97019999999986,964.2535999999998,0.8,0.8,28,,289.2535999999998,0.0,617.2259666666669,0.0,0.0,10800.0,10114.19337037037,10050.0,270.9727724799998,0.0,68.58066296296302,270.9727724799998,0.0,270.9727724799998,0.0
T_q80_6000,2025-12-21,2025-12-21,37,2025-12-21 06:10:00,2025-12-21 06:20:00,0.8758,5407.8325,0.0,5325.5478,0.0,887.5913,62.784516666666605,950.3758166666668,0.8,0.8,28,,950.3758166666668,49.07039999999995,0.0,0.0,0.0,10114.19337037037,10158.356730370371,10050.0,832.3391402366667,0.0,4.907039999999994,832.3391402366668,0.0,832.3391402366668,0.0
T_q80_6000,2025-12-21,2025-12-21,38,2025-12-21 06:20:00,2025-12-21 06:30:00,0.8759,5587.05,0.0,5273.41,0.0,878.9016666666666,84.72000000000003,963.6216666666668,0.8,0.8,28,,963.6216666666668,32.446666666666715,0.0,0.0,0.0,10158.356730370371,10187.55873037037,10050.0,844.0362178333334,0.0,3.244666666666671,844.0362178333335,0.0,844.0362178333335,0.0
T_q80_6000,2025-12-21,2025-12-21,39,2025-12-21 06:30:00,2025-12-21 06:40:00,0.8601,5351.2866,6.1366,5332.3028,5.5202,887.7971,77.0084666666666,964.8055666666668,0.8,0.8,28,,964.8055666666668,73.94723333333332,0.0,0.0,0.0,10187.55873037037,10254.11124037037,10050.0,829.82926789,0.0,7.39472333333333,829.8292678900001,0.0,829.8292678900001,0.0
T_q80_6000,2025-12-21,2025-12-21,40,2025-12-21 06:40:00,2025-12-21 06:50:00,0.8442,5233.249,0.0,5448.9625,0.0,908.1604166666666,79.75866666666661,987.9190833333332,0.8,0.8,28,,987.9190833333332,115.71091666666666,0.0,0.0,0.0,10254.11124037037,10358.25106537037,10050.0,834.0012901499998,0.0,11.571091666666664,834.0012901499998,0.0,834.0012901499998,0.0
T_q80_6000,2025-12-21,2025-12-21,41,2025-12-21 06:50:00,2025-12-21 07:00:00,0.8334,5374.2,0.0,5477.09,0.0,912.8483333333334,95.00833333333344,1007.8566666666668,0.8,0.8,28,,1007.8566666666668,112.15666666666688,0.0,0.0,0.0,10358.25106537037,10459.192065370373,10050.0,839.9477460000002,0.0,11.215666666666685,839.9477460000002,0.0,839.9477460000002,0.0
T_q80_6000,2025-12-21,2025-12-21,42,2025-12-21 07:00:00,2025-12-21 07:10:00,0.8092,5360.7841,172.6829,5311.6794,154.8087,859.4784500000001,79.15160000000014,938.6300500000002,0.8,0.8,28,,938.6300500000002,73.94651666666687,0.0,0.0,0.0,10459.192065370373,10525.74393037037,10050.0,759.5394364600002,0.0,7.394651666666685,759.5394364600002,0.0,759.5394364600002,0.0
T_q80_6000,2025-12-21,2025-12-21,43,2025-12-21 07:10:00,2025-12-21 07:20:00,0.7972,5321.3096,420.0356,5235.8538,373.5954,810.3763999999999,83.5605333333333,893.9369333333332,0.8,0.8,28,,893.9369333333332,77.05793333333327,0.0,0.0,0.0,10525.74393037037,10595.09607037037,10050.0,712.6465232533333,0.0,7.705793333333325,712.6465232533333,0.0,712.6465232533333,0.0
T_q80_6000,2025-12-21,2025-12-21,44,2025-12-21 07:20:00,2025-12-21 07:30:00,0.7644,5231.72,690.675,5263.95,606.525,776.2375,85.64458333333323,861.8820833333332,0.8,0.8,28,,861.8820833333332,105.04124999999988,0.0,0.0,0.0,10595.09607037037,10689.63319537037,10050.0,658.8226644999999,0.0,10.504124999999986,658.8226644999999,0.0,658.8226644999999,0.0
T_q80_6000,2025-12-21,2025-12-21,45,2025-12-21 07:30:00,2025-12-21 07:40:00,0.6899,5065.8847,996.7377,5254.4509,867.132,731.2198166666667,94.91668333333348,826.1365000000002,0.8,0.8,28,,1659.4698333333336,122.62978292181086,0.0,0.0,858.6488837448562,10689.63319537037,10800.0,10800.0,1144.8682380166667,0.0,12.262978292181083,1144.8682380166667,0.0,1144.8682380166667,0.0
T_q80_6000,2025-12-21,2025-12-21,46,2025-12-21 07:40:00,2025-12-21 07:50:00,0.86,5889.1246,1276.7125,5860.266,1127.5925,788.7789166666666,81.91808333333336,870.697,0.8,0.8,28,,870.6970000000001,0.0,0.0,0.0,101.9616500000002,10800.0,10800.0,10800.0,748.79942,0.0,0.0,748.79942,0.0,748.79942,0.0
T_q80_6000,2025-12-21,2025-12-21,47,2025-12-21 07:50:00,2025-12-21 08:00:00,1.1617,7180.79,1539.8625,6843.61,1391.4,908.7016666666664,65.18666666666672,973.8883333333332,0.8,0.8,28,,140.55500000000006,0.0,799.5995833333332,0.0,0.0,10800.0,9911.55601851852,9874.074074074077,163.28274350000007,0.0,88.84439814814817,163.28274350000007,0.0,163.28274350000007,0.0
T_q80_6000,2025-12-21,2025-12-21,48,2025-12-21 08:00:00,2025-12-21 08:10:00,1.1683,7254.351,1860.1541,7193.4429,1682.7674,918.4459166666668,67.08479999999997,985.5307166666666,0.8,0.8,28,,152.1973833333334,0.0,746.8354333333332,0.0,0.0,9911.55601851852,9081.738870370373,8948.14814814815,177.81220294833338,0.0,82.98171481481484,177.81220294833338,0.0,177.81220294833338,0.0
T_q80_6000,2025-12-21,2025-12-21,49,2025-12-21 08:10:00,2025-12-21 08:20:00,1.0956,7152.8955,2211.6206,7169.2307,1942.6551,871.0959333333333,67.4456166666667,938.54155,0.8,0.8,28,,105.20821666666666,0.0,718.3375999999998,0.0,0.0,9081.738870370373,8283.585981481483,8022.222222222223,115.26612217999998,0.0,79.8152888888889,115.26612217999998,0.0,115.26612217999998,0.0
T_q80_6000,2025-12-21,2025-12-21,50,2025-12-21 08:20:00,2025-12-21 08:30:00,1.0849,7367.01,2579.625,7137.33,2176.275,826.8425,70.89374999999995,897.7362499999999,0.8,0.8,28,,64.40291666666667,0.0,733.4945833333334,0.0,0.0,8283.585981481483,7468.5920000000015,7096.296296296297,69.87072429166666,0.0,81.49939814814819,69.87072429166666,0.0,69.87072429166666,0.0
T_q80_6000,2025-12-21,2025-12-21,51,2025-12-21 08:30:00,2025-12-21 08:40:00,1.061,7333.1326,2953.1787,7192.1147,2447.0445,790.8450333333333,62.75283333333334,853.5978666666666,0.8,0.8,28,,20.26453333333336,0.0,709.7277833333334,0.0,0.0,7468.5920000000015,6680.005574074075,6170.370370370371,21.50066986666669,0.0,78.85864259259263,21.500669866666694,0.0,21.500669866666694,0.0
T_q80_6000,2025-12-21,2025-12-21,52,2025-12-21 08:40:00,2025-12-21 08:50:00,1.043,7276.0603,3195.6035,7234.7979,2711.8548,753.8238499999999,69.29015000000004,823.1139999999999,0.8,0.8,28,,0.0,0.0,680.0761333333332,0.0,0.0,6680.005574074075,5924.365425925927,5255.79925925926,0.0,0.0,75.56401481481484,0.0,0.0,0.0,0.0
T_q80_6000,2025-12-21,2025-12-21,53,2025-12-21 08:50:00,2025-12-21 09:00:00,1.036,7255.65,3341.5875,7206.45,2963.2125,707.2062499999998,69.20125000000007,776.4074999999999,0.8,0.8,28,,0.0,0.0,652.3437499999999,0.0,0.0,5924.365425925927,5199.539037037039,4393.12425925926,0.0,0.0,72.48263888888891,0.0,0.0,0.0,0.0
T_q80_6000,2025-12-21,2025-12-21,54,2025-12-21 09:00:00,2025-12-21 09:10:00,1.0147,7076.8086,3572.7867,7154.2553,3236.2485,653.0011333333332,91.57009999999995,744.5712333333331,0.8,0.8,28,,0.0,0.0,584.00365,0.0,0.0,5199.539037037039,4550.646092592594,3565.82288888889,0.0,0.0,64.88929444444447,0.0,0.0,0.0,0.0
T_q80_6000,2025-12-21,2025-12-21,55,2025-12-21 09:10:00,2025-12-21 09:20:00,0.9922,7014.1683,3848.0561,7197.8707,3485.5191,618.7252666666667,77.27456666666666,695.9998333333333,0.8,0.8,28,,0.0,0.0,527.6853666666667,0.0,0.0,4550.646092592594,3964.32901851852,2792.4897407407416,0.0,0.0,58.63170740740744,0.0,0.0,0.0,0.0
T_q80_6000,2025-12-21,2025-12-21,56,2025-12-21 09:20:00,2025-12-21 09:30:00,0.97,7150.59,4116.6,7265.28,3682.8375,597.0737499999999,94.38250000000004,691.45625,0.8,0.8,28,,487.063766666666,0.0,18.601233333333997,0.0,0.0,3964.32901851852,3943.660981481482,2565.3869814814816,472.451853666666,0.0,2.0668037037037785,472.451853666666,0.0,472.451853666666,0.0
T_q80_6000,2025-12-21,2025-12-21,57,2025-12-21 09:30:00,2025-12-21 09:40:00,0.9422,7259.4501,4370.6969,7159.0986,3870.6809,548.0696166666667,64.79355000000001,612.8631666666666,0.8,0.8,28,,612.8631666666666,131.40429999999998,0.0,0.0,0.0,3943.660981481482,4061.9248514814817,2565.3869814814816,577.4396756333333,0.0,13.140429999999995,577.4396756333333,0.0,577.4396756333333,0.0
T_q80_6000,2025-12-21,2025-12-21,58,2025-12-21 09:40:00,2025-12-21 09:50:00,0.9569,7142.682,4583.0793,7013.0091,4209.5459,467.2438666666667,82.73276666666669,549.9766333333334,0.8,0.8,28,,549.9766333333334,123.37618333333351,0.0,0.0,0.0,4061.9248514814817,4172.9634164814815,2565.3869814814816,526.2726404366667,0.0,12.33761833333335,526.2726404366667,0.0,526.2726404366667,0.0
T_q80_6000,2025-12-21,2025-12-21,59,2025-12-21 09:50:00,2025-12-21 10:00:00,0.9977,6912.23,4750.3875,6980.68,4610.2125,395.07791666666674,89.04958333333326,484.1275,0.8,0.8,28,,0.0,0.0,360.30708333333325,0.0,0.0,4172.9634164814815,3772.622212777778,2027.467537037037,0.0,0.0,40.03412037037038,0.0,0.0,0.0,0.0
T_q80_6000,2025-12-21,2025-12-21,60,2025-12-21 10:00:00,2025-12-21 10:10:00,0.9919,6873.3728,4886.2111,7094.7959,4852.7288,373.67785,82.10660000000007,455.7844500000001,0.8,0.8,28,,0.0,0.0,331.19361666666657,0.0,0.0,3772.622212777778,3404.6293053703703,1521.0403703703705,0.0,0.0,36.799290740740744,0.0,0.0,0.0,0.0
T_q80_6000,2025-12-21,2025-12-21,61,2025-12-21 10:10:00,2025-12-21 10:20:00,0.9588,6913.1885,4956.6279,7168.5149,5281.359,314.5259833333333,104.00708333333338,418.5330666666666,0.8,0.8,28,,418.5330666666666,92.43963333333336,0.0,0.0,0.0,3404.6293053703703,3487.8249753703703,1521.0403703703705,401.28950431999993,0.0,9.243963333333333,401.28950431999993,0.0,401.28950431999993,0.0
T_q80_6000,2025-12-21,2025-12-21,62,2025-12-21 10:20:00,2025-12-21 10:30:00,0.9549,6951.47,4960.7625,7054.17,5746.0125,218.02625000000003,111.8895833333334,329.91583333333347,0.8,0.8,28,,329.91583333333347,0.0,1.8687499999999204,0.0,0.0,3487.8249753703703,3485.7485864814817,1521.0403703703705,315.0366292500001,0.0,0.20763888888888013,315.0366292500001,0.0,315.0366292500001,0.0
T_q80_6000,2025-12-21,2025-12-21,63,2025-12-21 10:30:00,2025-12-21 10:40:00,0.9839,7040.6919,4946.2149,6816.159,5710.7585,184.2334166666666,104.70291666666655,288.9363333333332,0.8,0.8,28,,0.0,0.0,349.07949999999994,0.0,0.0,3485.7485864814817,3097.8824753703707,1200.0,0.0,0.0,38.78661111111112,0.0,0.0,0.0,0.0
T_q80_6000,2025-12-21,2025-12-21,64,2025-12-21 10:40:00,2025-12-21 10:50:00,0.799,7195.1724,4968.8079,6956.2799,5630.2118,221.01135000000005,104.12333333333328,325.1346833333333,0.8,0.8,28,,325.1346833333333,0.0,45.92606666666677,0.0,0.0,3097.8824753703707,3046.853512407408,1200.0,259.78261198333337,0.0,5.1028962962963105,259.78261198333337,0.0,259.78261198333337,0.0
T_q80_6000,2025-12-21,2025-12-21,65,2025-12-21 10:50:00,2025-12-21 11:00:00,0.5025,7266.62,4979.2125,7231.77,5759.025,245.45750000000007,77.66083333333336,323.11833333333345,0.8,0.8,28,,1156.4516666666668,775.2170833333334,0.0,0.0,0.0,3046.853512407408,3744.548887407408,1950.0,581.1169625,0.0,77.52170833333332,581.1169625,0.0,581.1169625,0.0
T_q80_6000,2025-12-21,2025-12-21,66,2025-12-21 11:00:00,2025-12-21 11:10:00,0.4662,7080.5804,4907.9946,6895.6312,5911.9944,163.9394666666667,83.75086666666658,247.69033333333329,0.8,0.8,28,,1081.0236666666665,718.9260333333332,0.0,0.0,0.0,3744.548887407408,4391.582317407408,2700.0,503.9732333999999,0.0,71.8926033333333,503.9732333999999,0.0,503.9732333999999,0.0
T_q80_6000,2025-12-21,2025-12-21,67,2025-12-21 11:10:00,2025-12-21 11:20:00,0.5007,6948.6094,5015.1025,6569.4148,5966.7895,100.43754999999994,99.65031666666675,200.08786666666668,0.8,0.8,28,,1033.4212,711.17005,0.0,0.0,0.0,4391.582317407408,5031.635362407407,3450.0,517.4339948400001,0.0,71.11700499999998,517.4339948400001,0.0,517.4339948400001,0.0
T_q80_6000,2025-12-21,2025-12-21,68,2025-12-21 11:20:00,2025-12-21 11:30:00,0.4827,6954.16,5256.3375,6633.54,5909.1375,120.73375,95.79583333333336,216.52958333333336,0.8,0.8,28,,1049.8629166666667,766.8925,0.0,0.0,0.0,5031.635362407407,5721.838612407408,4200.0,506.7688298750001,0.0,76.68924999999999,506.76882987500005,0.0,506.76882987500005,0.0
T_q80_6000,2025-12-21,2025-12-21,69,2025-12-21 11:30:00,2025-12-21 11:40:00,0.4785,6860.0706,5348.0182,6836.8731,5820.8581,169.33583333333323,80.85508333333335,250.19091666666657,0.8,0.8,28,,1083.52425,831.5155166666667,0.0,0.0,0.0,5721.838612407408,6470.202577407408,4950.0,518.4663536249999,0.0,83.15155166666665,518.4663536249999,0.0,518.4663536249999,0.0
T_q80_6000,2025-12-21,2025-12-21,70,2025-12-21 11:40:00,2025-12-21 11:50:00,0.4662,6565.9337,5577.6892,6790.7755,5813.7308,162.84078333333323,66.45886666666667,229.2996499999999,0.8,0.8,28,,1062.6329833333332,833.3333333333333,0.0,0.0,64.5922333333333,6470.202577407408,7220.202577407408,5700.0,495.3994968299999,0.0,83.3333333333333,495.3994968299999,0.0,495.3994968299999,0.0
T_q80_6000,2025-12-21,2025-12-21,71,2025-12-21 11:50:00,2025-12-21 12:00:00,0.4432,6330.9,5890.8,6491.37,5891.5875,99.96375000000003,110.00375,209.96750000000003,0.8,0.8,28,,1043.3008333333332,833.3333333333333,0.0,0.0,136.61750000000006,7220.202577407408,7970.202577407408,6450.0,462.3909293333333,0.0,83.3333333333333,462.39092933333325,0.0,462.39092933333325,0.0
T_q80_6000,2025-12-21,2025-12-21,72,2025-12-21 12:00:00,2025-12-21 12:10:00,0.4411,6501.863,5904.8948,6294.9218,5973.4043,53.58624999999999,99.36674999999984,152.95299999999983,0.8,0.8,28,,986.2863333333332,833.3333333333333,0.0,0.0,53.45829999999978,7970.202577407408,8720.202577407408,7200.0,435.0509016333333,0.0,83.3333333333333,435.0509016333333,0.0,435.0509016333333,0.0
T_q80_6000,2025-12-21,2025-12-21,73,2025-12-21 12:10:00,2025-12-21 12:20:00,0.4551,6520.3344,5868.1645,6333.9076,6089.1559,40.79194999999997,108.11289999999995,148.90484999999993,0.8,0.8,28,,982.2381833333332,833.3333333333333,0.0,0.0,40.209866666666585,8720.202577407408,9470.202577407408,7950.0,447.016597235,0.0,83.3333333333333,447.01659723499995,0.0,447.01659723499995,0.0
T_q80_6000,2025-12-21,2025-12-21,74,2025-12-21 12:20:00,2025-12-21 12:30:00,0.4463,6273.31,5864.7,6365.04,6127.4625,39.596250000000055,112.25583333333348,151.85208333333352,0.8,0.8,28,,985.1854166666668,833.3333333333333,0.0,0.0,83.75041666666675,9470.202577407408,10220.202577407408,8700.0,439.68825145833335,0.0,83.3333333333333,439.68825145833335,0.0,439.68825145833335,0.0
T_q80_6000,2025-12-21,2025-12-21,75,2025-12-21 12:30:00,2025-12-21 12:40:00,0.4113,6234.7567,5722.7661,6091.6909,5920.7826,28.484716666666674,108.7851666666666,137.2698833333333,0.8,0.8,28,,970.6032166666664,644.2193584362132,0.0,0.0,241.0520915637867,10220.202577407408,10800.0,9450.0,399.2091030149999,0.0,64.4219358436213,399.20910301499987,0.0,399.20910301499987,0.0
T_q80_6000,2025-12-21,2025-12-21,76,2025-12-21 12:40:00,2025-12-21 12:50:00,0.5682,6512.763,5549.8704,6220.5541,5742.7536,79.6334166666667,106.29104999999988,185.92446666666655,0.8,0.8,28,,1019.2578,0.0,0.0,0.0,858.7756999999999,10800.0,10800.0,10200.0,579.14228196,0.0,0.0,579.14228196,0.0,579.14228196,0.0
T_q80_6000,2025-12-21,2025-12-21,77,2025-12-21 12:50:00,2025-12-21 13:00:00,0.8279,6836.44,5390.4375,6701.4,5623.725,179.61249999999987,119.49291666666664,299.10541666666654,0.8,0.8,28,,299.10541666666654,0.0,0.0,0.0,58.10499999999996,10800.0,10800.0,10200.0,247.6293744583332,0.0,0.0,247.62937445833322,0.0,247.62937445833322,0.0
T_q80_6000,2025-12-21,2025-12-21,78,2025-12-21 13:00:00,2025-12-21 13:10:00,0.8636,6797.3346,5211.4597,6744.871,5343.815,233.50933333333344,91.12375000000004,324.63308333333345,0.8,0.8,28,,324.63308333333345,0.0,0.0,0.0,60.32060000000018,10800.0,10800.0,10200.0,280.3531307666668,0.0,0.0,280.35313076666677,0.0,280.35313076666677,0.0
T_q80_6000,2025-12-21,2025-12-21,79,2025-12-21 13:10:00,2025-12-21 13:20:00,0.8416,6554.3856,5202.0686,6634.9633,5094.9115,256.6753,88.37720000000007,345.05250000000007,0.8,0.8,28,,345.05250000000007,0.0,0.0,0.0,119.6663333333334,10800.0,10800.0,10200.0,290.39618400000006,0.0,0.0,290.39618400000006,0.0,290.39618400000006,0.0
T_q80_6000,2025-12-21,2025-12-21,80,2025-12-21 13:20:00,2025-12-21 13:30:00,0.8618,6350.08,5287.95,6593.66,4968.1875,270.91208333333327,104.75666666666666,375.66874999999993,0.8,0.8,28,,375.66874999999993,0.0,0.0,0.0,198.64708333333328,10800.0,10800.0,10200.0,323.75132875,0.0,0.0,323.75132874999997,0.0,323.75132874999997,0.0
T_q80_6000,2025-12-21,2025-12-21,81,2025-12-21 13:30:00,2025-12-21 13:40:00,0.8623,6333.408,5178.3498,6524.9679,4861.622,277.22431666666654,105.21206666666676,382.4363833333333,0.8,0.8,28,,382.4363833333333,0.0,0.0,0.0,189.92668333333324,10800.0,10800.0,10200.0,329.7748933483333,0.0,0.0,329.7748933483333,0.0,329.7748933483333,0.0
T_q80_6000,2025-12-21,2025-12-21,82,2025-12-21 13:40:00,2025-12-21 13:50:00,0.9026,6515.4464,4993.7017,6428.5754,4729.9833,283.09868333333327,93.2789333333334,376.37761666666665,0.8,0.8,28,,376.37761666666665,0.0,0.0,0.0,122.75349999999996,10800.0,10800.0,10200.0,339.7184368033333,0.0,0.0,339.7184368033333,0.0,339.7184368033333,0.0
T_q80_6000,2025-12-21,2025-12-21,83,2025-12-21 13:50:00,2025-12-21 14:00:00,0.9754,6658.81,4847.5125,6371.24,4528.9125,307.0545833333332,72.14583333333348,379.2004166666667,0.8,0.8,28,,0.0,0.0,301.88291666666674,0.0,0.0,10800.0,10464.574537037037,9778.666203703704,0.0,0.0,33.54254629629632,0.0,0.0,0.0,0.0
T_q80_6000,2025-12-21,2025-12-21,84,2025-12-21 14:00:00,2025-12-21 14:10:00,1.0002,6474.7834,4705.4039,6434.9471,4241.2745,365.6121,70.15556666666652,435.76766666666646,0.8,0.8,28,,0.0,0.0,294.8965833333333,0.0,0.0,10464.574537037037,10136.911666666669,9294.479907407407,0.0,0.0,32.766287037037046,0.0,0.0,0.0,0.0
T_q80_6000,2025-12-21,2025-12-21,85,2025-12-21 14:10:00,2025-12-21 14:20:00,0.9978,6311.1097,4404.8152,6598.029,4012.9491,430.84665000000007,61.98201666666665,492.8286666666667,0.8,0.8,28,,0.0,0.0,317.71575,0.0,0.0,10136.911666666669,9783.894166666669,8746.8925,0.0,0.0,35.30175000000002,0.0,0.0,0.0,0.0
T_q80_6000,2025-12-21,2025-12-21,86,2025-12-21 14:20:00,2025-12-21 14:30:00,1.0271,6293.57,3988.3875,6653.62,3841.8375,468.6304166666666,52.13708333333346,520.7675000000002,0.8,0.8,28,,0.0,0.0,384.1970833333333,0.0,0.0,9783.894166666669,9357.008518518518,8168.261944444444,0.0,0.0,42.68856481481483,0.0,0.0,0.0,0.0
T_q80_6000,2025-12-21,2025-12-21,87,2025-12-21 14:30:00,2025-12-21 14:40:00,1.0906,6241.0875,3658.7815,6413.1096,3600.3157,468.7989833333333,84.22313333333335,553.0221166666665,0.8,0.8,28,,0.0,0.0,430.3843333333333,0.0,0.0,9357.008518518518,8878.803703703703,7553.792925925926,0.0,0.0,47.8204814814815,0.0,0.0,0.0,0.0
T_q80_6000,2025-12-21,2025-12-21,88,2025-12-21 14:40:00,2025-12-21 14:50:00,0.9376,6267.633,3321.4365,6368.7625,3406.0952,493.7778833333333,71.32433333333336,565.1022166666667,0.8,0.8,28,,111.68858333333304,0.0,379.3441666666669,0.0,0.0,8878.803703703703,8457.310185185184,7050.0,104.71921573333306,0.0,42.1493518518519,104.71921573333306,0.0,104.71921573333306,0.0
T_q80_6000,2025-12-21,2025-12-21,89,2025-12-21 14:50:00,2025-12-21 15:00:00,0.6694,6308.83,2957.5875,6558.06,3254.2875,550.6287500000001,61.748333333333335,612.3770833333334,0.8,0.8,28,,1445.7104166666668,833.3333333333333,0.0,0.0,53.83666666666693,8457.310185185184,9207.310185185184,7800.0,967.7585529166668,0.0,83.3333333333333,967.7585529166668,0.0,967.7585529166668,0.0
T_q80_6000,2025-12-21,2025-12-21,90,2025-12-21 15:00:00,2025-12-21 15:10:00,0.66,6184.3165,2665.595,6527.0274,3001.2809,587.6244166666665,45.19518333333326,632.8195999999998,0.8,0.8,28,,1466.152933333333,833.3333333333333,0.0,0.0,46.366016666666496,9207.310185185184,9957.310185185184,8550.0,967.660936,0.0,83.3333333333333,967.6609359999999,0.0,967.6609359999999,0.0
T_q80_6000,2025-12-21,2025-12-21,91,2025-12-21 15:10:00,2025-12-21 15:20:00,0.7217,6249.441,2404.6045,6364.202,2691.9936,612.0347333333334,49.07054999999991,661.1052833333333,0.8,0.8,28,,1494.4386166666666,833.3333333333333,0.0,0.0,20.29920000000004,9957.310185185184,10707.310185185184,9300.0,1078.5363496483333,0.0,83.3333333333333,1078.5363496483333,0.0,1078.5363496483333,0.0
T_q80_6000,2025-12-21,2025-12-21,92,2025-12-21 15:20:00,2025-12-21 15:30:00,0.7308,6412.99,2166.8625,6331.14,2406.45,654.115,52.57916666666665,706.6941666666667,0.8,0.8,28,,1540.0275,102.98868312757298,0.0,0.0,729.3509002057604,10707.310185185184,10800.0,10050.0,1125.452097,0.0,10.298868312757296,1125.4520969999999,0.0,1125.4520969999999,0.0
T_q80_6000,2025-12-21,2025-12-21,93,2025-12-21 15:30:00,2025-12-21 15:40:00,0.7534,6229.2355,1977.0681,6556.5547,2180.4541,729.3500999999999,54.40685000000008,783.75695,0.8,0.8,28,,1617.0902833333332,0.0,0.0,0.0,908.3957166666664,10800.0,10800.0,10800.0,1218.3158194633331,0.0,0.0,1218.3158194633331,0.0,1218.3158194633331,0.0
T_q80_6000,2025-12-21,2025-12-21,94,2025-12-21 15:40:00,2025-12-21 15:50:00,0.7823,6140.1248,1719.0539,6541.9728,1933.1371,768.1392833333332,46.86108333333323,815.0003666666664,0.8,0.8,28,,815.0003666666664,0.0,0.0,0.0,78.15521666666655,10800.0,10800.0,10800.0,637.5747868433332,0.0,0.0,637.5747868433332,0.0,637.5747868433332,0.0
T_q80_6000,2025-12-21,2025-12-21,95,2025-12-21 15:50:00,2025-12-21 16:00:00,0.8055,6190.42,1414.8375,6227.88,1643.9625,763.9862499999999,47.27500000000009,811.26125,0.8,0.8,28,,811.26125,0.0,0.0,0.0,15.330833333333317,10800.0,10800.0,10800.0,653.470936875,0.0,0.0,653.470936875,0.0,653.470936875,0.0
T_q80_6000,2025-12-21,2025-12-21,96,2025-12-21 16:00:00,2025-12-21 16:10:00,0.8271,6007.344,1199.0528,6048.8829,1362.8216,781.0102166666666,41.07883333333336,822.0890499999999,0.8,0.8,28,,822.08905,0.0,0.0,0.0,20.707183333333436,10800.0,10800.0,10800.0,679.949853255,0.0,0.0,679.949853255,0.0,679.949853255,0.0
T_q80_6000,2025-12-21,2025-12-21,97,2025-12-21 16:10:00,2025-12-21 16:20:00,0.8519,6021.8302,965.9713,6034.5319,1065.7366,828.1325499999999,21.98946666666677,850.1220166666667,0.8,0.8,28,,850.1220166666667,0.0,0.0,0.0,7.478866666666704,10800.0,10800.0,10800.0,724.2189459983333,0.0,0.0,724.2189459983333,0.0,724.2189459983333,0.0
T_q80_6000,2025-12-21,2025-12-21,98,2025-12-21 16:20:00,2025-12-21 16:30:00,0.8791,6231.28,680.625,6170.79,750.375,903.4025,31.37833333333333,934.7808333333332,0.8,0.8,28,,934.7808333333332,0.0,0.0,0.0,9.671666666666624,10800.0,10800.0,10800.0,821.7658305833332,0.0,0.0,821.7658305833332,0.0,821.7658305833332,0.0
T_q80_6000,2025-12-21,2025-12-21,99,2025-12-21 16:30:00,2025-12-21 16:40:00,0.9024,6177.7882,419.0314,6408.9188,450.0255,993.1488833333334,39.714316666666605,1032.8632,0.8,0.8,28,,1032.8632,0.0,0.0,0.0,73.07040000000006,10800.0,10800.0,10800.0,932.05575168,0.0,0.0,932.05575168,0.0,932.05575168,0.0
T_q80_6000,2025-12-21,2025-12-21,100,2025-12-21 16:40:00,2025-12-21 16:50:00,0.9163,6130.9976,173.8125,6333.2123,178.5296,1025.78045,34.81453333333343,1060.5949833333334,0.8,0.8,28,,1060.5949833333334,0.0,0.0,0.0,67.73080000000016,10800.0,10800.0,10800.0,971.8231832283334,0.0,0.0,971.8231832283334,0.0,971.8231832283334,0.0
T_q80_6000,2025-12-21,2025-12-21,101,2025-12-21 16:50:00,2025-12-21 17:00:00,0.9264,6172.78,0.0,6089.53,0.0,1014.9216666666666,23.937500000000117,1038.8591666666666,0.8,0.8,28,,1038.8591666666666,0.0,0.0,0.0,10.0625,10800.0,10800.0,10800.0,962.399132,0.0,0.0,962.399132,0.0,962.399132,0.0
T_q80_6000,2025-12-21,2025-12-21,102,2025-12-21 17:00:00,2025-12-21 17:10:00,0.9462,6112.1742,0.0,6226.7838,0.0,1037.7973,21.505333333333283,1059.3026333333332,0.8,0.8,28,,1059.3026333333332,0.0,0.0,0.0,40.606933333333245,10800.0,10800.0,10800.0,1002.31215166,0.0,0.0,1002.3121516599999,0.0,1002.3121516599999,0.0
T_q80_6000,2025-12-21,2025-12-21,103,2025-12-21 17:10:00,2025-12-21 17:20:00,0.9742,6160.7027,6.2009,6316.685,6.2357,1051.74155,24.909400000000005,1076.65095,0.8,0.8,28,,1076.65095,0.0,0.0,0.0,50.90065000000004,10800.0,10800.0,10800.0,1048.87335549,0.0,0.0,1048.87335549,0.0,1048.87335549,0.0
T_q80_6000,2025-12-21,2025-12-21,104,2025-12-21 17:20:00,2025-12-21 17:30:00,0.9862,6338.77,0.0,6285.57,0.0,1047.5949999999998,31.04833333333329,1078.643333333333,0.8,0.8,28,,1078.643333333333,0.0,0.0,0.0,22.181666666666388,10800.0,10800.0,10800.0,1063.758055333333,0.0,0.0,1063.758055333333,0.0,1063.758055333333,0.0
T_q80_6000,2025-12-21,2025-12-21,105,2025-12-21 17:30:00,2025-12-21 17:40:00,0.976,6290.0948,0.0,6346.6991,0.0,1057.7831833333332,25.46358333333319,1083.2467666666664,0.8,0.8,28,,1083.2467666666664,0.0,0.0,0.0,34.89763333333326,10800.0,10800.0,10800.0,1057.2488442666663,0.0,0.0,1057.2488442666663,0.0,1057.2488442666663,0.0
T_q80_6000,2025-12-21,2025-12-21,106,2025-12-21 17:40:00,2025-12-21 17:50:00,1.0742,5392.9058,0.4452,5515.747,0.4477,919.21655,22.94428333333332,942.1608333333334,0.8,0.8,28,,942.1608333333334,0.0,0.0,0.0,43.41740000000004,10800.0,10800.0,10800.0,1012.0691671666668,0.0,0.0,1012.0691671666667,0.0,1012.0691671666667,0.0
T_q80_6000,2025-12-21,2025-12-21,107,2025-12-21 17:50:00,2025-12-21 18:00:00,1.2313,4275.8,0.0,4303.33,0.0,717.2216666666666,24.061666666666667,741.2833333333333,0.8,0.8,28,,741.2833333333333,0.0,0.0,0.0,28.649999999999977,10800.0,10800.0,10800.0,912.7421683333332,0.0,0.0,912.7421683333333,0.0,912.7421683333333,0.0
T_q80_6000,2025-12-21,2025-12-21,108,2025-12-21 18:00:00,2025-12-21 18:10:00,1.2561,4292.4867,0.0,4324.9496,0.0,720.8249333333333,29.477333333333377,750.3022666666667,0.8,0.8,28,,750.3022666666667,0.0,0.0,0.0,34.88781666666671,10800.0,10800.0,10800.0,942.45467716,0.0,0.0,942.4546771600001,0.0,942.4546771600001,0.0
T_q80_6000,2025-12-21,2025-12-21,109,2025-12-21 18:10:00,2025-12-21 18:20:00,1.2447,4489.6396,0.032,4468.0789,0.0321,744.6744666666666,21.6006000000001,766.2750666666667,0.8,0.8,28,,766.2750666666667,0.0,0.0,0.0,18.0071333333334,10800.0,10800.0,10800.0,953.78257548,0.0,0.0,953.78257548,0.0,953.78257548,0.0
T_q80_6000,2025-12-21,2025-12-21,110,2025-12-21 18:20:00,2025-12-21 18:30:00,1.2545,4380.05,0.0,4202.04,0.0,700.3399999999999,26.408333333333303,726.7483333333332,0.8,0.8,28,,726.7483333333332,0.0,3.2600000000001046,0.0,0.0,10800.0,10796.377777777778,10800.0,911.7057841666664,0.0,0.362222222222234,911.7057841666665,0.0,911.7057841666665,0.0
T_q80_6000,2025-12-21,2025-12-21,111,2025-12-21 18:30:00,2025-12-21 18:40:00,1.2522,4406.0663,0.0,4124.9898,0.0,687.4983,28.866966666666716,716.3652666666667,0.8,0.8,28,,716.3652666666667,0.0,17.97911666666664,0.0,0.0,10796.377777777778,10776.400981481482,10800.0,897.03258692,0.0,1.9976796296296278,897.03258692,0.0,897.03258692,0.0
T_q80_6000,2025-12-21,2025-12-21,112,2025-12-21 18:40:00,2025-12-21 18:50:00,1.2881,4500.5016,0.0023,4217.5756,0.0023,702.9288833333333,34.11613333333344,737.0450166666667,0.8,0.8,28,,409.84193333333366,0.0,340.2412833333329,0.0,0.0,10776.400981481482,10398.355111111112,10436.44101851852,527.9173943266671,0.0,37.804587037037,527.9173943266671,0.0,527.9173943266671,0.0
T_q80_6000,2025-12-21,2025-12-21,113,2025-12-21 18:50:00,2025-12-21 19:00:00,1.3466,4490.76,0.0,4331.65,0.0,721.9416666666666,27.795000000000076,749.7366666666667,0.8,0.8,28,,0.0,0.0,748.46,0.0,0.0,10398.355111111112,9566.73288888889,9603.40027777778,0.0,0.0,83.16222222222227,0.0,0.0,0.0,0.0
T_q80_6000,2025-12-21,2025-12-21,114,2025-12-21 19:00:00,2025-12-21 19:10:00,1.3523,4334.8994,0.0,4392.2898,0.0,732.0482999999999,18.563416666666683,750.6117166666666,0.8,0.8,28,,0.0,0.0,722.4832333333334,0.0,0.0,9566.73288888889,8763.973740740741,8769.38725925926,0.0,0.0,80.27591481481485,0.0,0.0,0.0,0.0
T_q80_6000,2025-12-21,2025-12-21,115,2025-12-21 19:10:00,2025-12-21 19:20:00,1.3445,4356.9931,0.0,4452.6765,0.0,742.1127499999999,14.107333333333372,756.2200833333333,0.8,0.8,28,,0.0,0.0,726.1655166666666,0.0,0.0,8763.973740740741,7957.123166666667,7929.142722222223,0.0,0.0,80.68505740740743,0.0,0.0,0.0,0.0
T_q80_6000,2025-12-21,2025-12-21,116,2025-12-21 19:20:00,2025-12-21 19:30:00,1.3483,4466.59,0.0,4460.15,0.0,743.3583333333332,23.299999999999955,766.6583333333332,0.8,0.8,28,,0.0,0.0,744.4316666666666,0.0,0.0,7957.123166666667,7129.976870370371,7077.300129629631,0.0,0.0,82.71462962962966,0.0,0.0,0.0,0.0
T_q80_6000,2025-12-21,2025-12-21,117,2025-12-21 19:30:00,2025-12-21 19:40:00,1.349,4301.5722,0.0,4319.3481,0.0,719.89135,18.98303333333331,738.8743833333333,0.8,0.8,28,,0.0,0.0,716.9286999999999,0.0,0.0,7129.976870370371,6333.389425925927,6256.328592592594,0.0,0.0,79.65874444444447,0.0,0.0,0.0,0.0
T_q80_6000,2025-12-21,2025-12-21,118,2025-12-21 19:40:00,2025-12-21 19:50:00,1.3473,4398.717,0.0,4300.7541,0.0,716.7923499999999,26.729533333333396,743.5218833333333,0.8,0.8,28,,0.0,0.0,733.1194999999999,0.0,0.0,6333.389425925927,5518.812203703705,5430.193166666668,0.0,0.0,81.45772222222224,0.0,0.0,0.0,0.0
T_q80_6000,2025-12-21,2025-12-21,119,2025-12-21 19:50:00,2025-12-21 20:00:00,1.3482,4681.61,0.0,4470.43,0.0,745.0716666666667,32.273333333333426,777.3450000000001,0.8,0.8,28,,0.0,0.0,780.2683333333332,0.0,0.0,5518.812203703705,4651.84738888889,4566.476500000001,0.0,0.0,86.6964814814815,0.0,0.0,0.0,0.0
T_q80_6000,2025-12-21,2025-12-21,120,2025-12-21 20:00:00,2025-12-21 20:10:00,1.3513,4485.5154,0.0,4598.7249,0.0,766.45415,17.728750000000105,784.1829000000001,0.8,0.8,28,,0.0,0.0,747.5859,0.0,0.0,4651.84738888889,3821.1963888888895,3695.162166666667,0.0,0.0,83.06510000000004,0.0,0.0,0.0,0.0
T_q80_6000,2025-12-21,2025-12-21,121,2025-12-21 20:10:00,2025-12-21 20:20:00,1.34,4156.9026,0.0,4477.4264,0.0,746.2377333333334,23.264416666666648,769.50215,0.8,0.8,28,,0.0,0.0,692.8171,0.0,0.0,3821.1963888888895,3051.399611111113,2840.159777777778,0.0,0.0,76.97967777777781,0.0,0.0,0.0,0.0
T_q80_6000,2025-12-21,2025-12-21,122,2025-12-21 20:20:00,2025-12-21 20:30:00,1.3489,4090.51,0.0,4241.74,0.0,706.9566666666666,36.03166666666675,742.9883333333333,0.8,0.8,28,,0.0,0.0,681.7516666666667,0.0,0.0,3051.399611111113,2293.897759259261,2014.617185185185,0.0,0.0,75.75018518518522,0.0,0.0,0.0,0.0
T_q80_6000,2025-12-21,2025-12-21,123,2025-12-21 20:30:00,2025-12-21 20:40:00,1.3952,4322.2266,0.0,4240.8972,0.0,706.8162,26.339266666666617,733.1554666666666,0.8,0.8,28,,0.0,0.0,720.3711,0.0,0.0,2293.897759259261,1493.4854259259278,1200.0,0.0,0.0,80.04123333333337,0.0,0.0,0.0,0.0
T_q80_6000,2025-12-21,2025-12-21,124,2025-12-21 20:40:00,2025-12-21 20:50:00,1.2226,4336.801,0.0,4345.2631,0.0,724.2105166666666,22.6952,746.9057166666666,0.8,0.8,28,,746.9057166666666,24.105549999999997,0.0,0.0,0.0,1493.4854259259278,1515.1804209259278,1200.0,913.1669291966666,0.0,2.410554999999999,913.1669291966666,0.0,913.1669291966666,0.0
T_q80_6000,2025-12-21,2025-12-21,125,2025-12-21 20:50:00,2025-12-21 21:00:00,0.9332,4144.46,0.0,4397.1,0.0,732.85,23.73333333333335,756.5833333333334,0.8,0.8,28,,756.5833333333335,65.84000000000015,0.0,0.0,0.0,1515.1804209259278,1574.436420925928,1200.0,706.0435666666668,0.0,6.584000000000013,706.0435666666668,0.0,706.0435666666668,0.0
T_q80_6000,2025-12-21,2025-12-21,126,2025-12-21 21:00:00,2025-12-21 21:10:00,0.9068,4227.261,0.0,4366.5969,0.0,727.7661499999999,25.41083333333336,753.1769833333333,0.8,0.8,28,,753.1769833333333,48.63348333333329,0.0,0.0,0.0,1574.436420925928,1618.206555925928,1200.0,682.9808884866667,0.0,4.863348333333327,682.9808884866667,0.0,682.9808884866667,0.0
T_q80_6000,2025-12-21,2025-12-21,127,2025-12-21 21:10:00,2025-12-21 21:20:00,0.9371,4326.9643,0.0,4352.2444,0.0,725.3740666666665,21.78684999999996,747.1609166666665,0.8,0.8,28,,747.1609166666665,26.00019999999995,0.0,0.0,0.0,1618.206555925928,1641.6067359259278,1200.0,700.1644950083332,0.0,2.6000199999999944,700.1644950083332,0.0,700.1644950083332,0.0
T_q80_6000,2025-12-21,2025-12-21,128,2025-12-21 21:20:00,2025-12-21 21:30:00,0.9371,4357.83,0.0,4432.75,0.0,738.7916666666666,21.00833333333333,759.8,0.8,0.8,28,,759.8,33.495000000000005,0.0,0.0,0.0,1641.6067359259278,1671.7522359259278,1200.0,712.0085799999999,0.0,3.3495,712.0085799999999,0.0,712.0085799999999,0.0
T_q80_6000,2025-12-21,2025-12-21,129,2025-12-21 21:30:00,2025-12-21 21:40:00,0.9871,4437.1142,0.0,4519.7625,0.0,753.2937499999999,34.64473333333342,787.9384833333334,0.8,0.8,28,,787.9384833333334,48.4194500000001,0.0,0.0,0.0,1671.7522359259278,1715.329740925928,1200.0,777.7740768983333,0.0,4.841945000000009,777.7740768983333,0.0,777.7740768983333,0.0
T_q80_6000,2025-12-21,2025-12-21,130,2025-12-21 21:40:00,2025-12-21 21:50:00,0.7764,4070.9954,0.0,4098.3811,0.0,683.0635166666666,22.0881,705.1516166666665,0.8,0.8,28,,705.1516166666665,26.65238333333332,0.0,0.0,0.0,1715.329740925928,1739.316885925928,1200.0,547.4797151799999,0.0,2.665238333333331,547.4797151799999,0.0,547.4797151799999,0.0
T_q80_6000,2025-12-21,2025-12-21,131,2025-12-21 21:50:00,2025-12-21 22:00:00,0.4209,3434.4,0.0,3422.17,0.0,570.3616666666667,22.116666666666788,592.4783333333335,0.8,0.8,28,,1425.8116666666667,833.3333333333333,0.0,0.0,20.07833333333349,1739.316885925928,2489.316885925928,1950.0,600.1241305,0.0,83.3333333333333,600.1241305,0.0,600.1241305,0.0
T_q80_6000,2025-12-21,2025-12-21,132,2025-12-21 22:00:00,2025-12-21 22:10:00,0.3859,3270.5539,0.0,3317.5117,0.0,552.9186166666666,24.751750000000012,577.6703666666666,0.8,0.8,28,,1411.0036999999998,833.3333333333333,0.0,0.0,32.57804999999985,2489.316885925928,3239.316885925928,2700.0,544.5063278299999,0.0,83.3333333333333,544.5063278299999,0.0,544.5063278299999,0.0
T_q80_6000,2025-12-21,2025-12-21,133,2025-12-21 22:10:00,2025-12-21 22:20:00,0.4368,3305.0168,0.0,3418.9331,0.0,569.8221833333333,20.71839999999997,590.5405833333333,0.8,0.8,28,,590.5405833333333,39.70445000000007,0.0,0.0,0.0,3239.316885925928,3275.0508909259283,2700.0,257.9481268,0.0,3.9704450000000064,257.9481268,0.0,257.9481268,0.0
T_q80_6000,2025-12-21,2025-12-21,134,2025-12-21 22:20:00,2025-12-21 22:30:00,0.4198,3255.6,0.0,3395.77,0.0,565.9616666666666,20.664999999999964,586.6266666666666,0.8,0.8,28,,1419.9599999999998,833.3333333333333,0.0,0.0,44.02666666666664,3275.0508909259283,4025.050890925928,3450.0,596.099208,0.0,83.3333333333333,596.099208,0.0,596.099208,0.0
T_q80_6000,2025-12-21,2025-12-21,135,2025-12-21 22:30:00,2025-12-21 22:40:00,0.4186,3155.514,0.0,3290.1474,0.0,548.3579,19.160616666666783,567.5185166666668,0.8,0.8,28,,1400.85185,833.3333333333333,0.0,0.0,41.59951666666677,4025.050890925928,4775.050890925928,4200.0,586.3965844100001,0.0,83.3333333333333,586.3965844100001,0.0,586.3965844100001,0.0
T_q80_6000,2025-12-21,2025-12-21,136,2025-12-21 22:40:00,2025-12-21 22:50:00,0.4241,3260.3635,0.0,3259.769,0.0,543.2948333333333,31.588700000000017,574.8835333333333,0.8,0.8,28,,574.8835333333333,31.48961666666662,0.0,0.0,0.0,4775.050890925928,4803.391545925928,4200.0,243.80810648666665,0.0,3.1489616666666613,243.80810648666662,0.0,243.80810648666662,0.0
T_q80_6000,2025-12-21,2025-12-21,137,2025-12-21 22:50:00,2025-12-21 23:00:00,0.4237,3508.97,0.0,3349.95,0.0,558.3249999999999,31.21499999999997,589.54,0.8,0.8,28,,1422.8733333333332,833.3333333333333,0.0,0.0,4.7116666666667015,4803.391545925928,5553.391545925928,4950.0,602.8714313333334,0.0,83.3333333333333,602.8714313333334,0.0,602.8714313333334,0.0
T_q80_6000,2025-12-21,2025-12-21,138,2025-12-21 23:00:00,2025-12-21 23:10:00,0.4248,3554.7154,0.0,3468.8979,0.0,578.14965,27.06600000000003,605.21565,0.8,0.8,28,,605.21565,12.763083333333384,0.0,0.0,0.0,5553.391545925928,5564.878320925928,4950.0,257.09560812,0.0,1.276308333333338,257.09560812,0.0,257.09560812,0.0
T_q80_6000,2025-12-21,2025-12-21,139,2025-12-21 23:10:00,2025-12-21 23:20:00,0.424,3395.6628,0.0,3527.78,0.0,587.9633333333334,33.338866666666604,621.3022,0.8,0.8,28,,954.6355333333332,388.6917333333333,0.0,0.0,0.0,5564.878320925928,5914.700880925928,5250.0,404.76546613333335,0.0,38.86917333333332,404.7654661333333,0.0,404.7654661333333,0.0
T_q80_6000,2025-12-21,2025-12-21,140,2025-12-21 23:20:00,2025-12-21 23:30:00,0.422,3305.59,0.0,3469.79,0.0,578.2983333333333,30.67999999999995,608.9783333333332,0.8,0.8,28,,1442.3116666666665,833.3333333333333,0.0,0.0,58.046666666666624,5914.700880925928,6664.700880925928,6000.0,608.6555233333332,0.0,83.3333333333333,608.6555233333332,0.0,608.6555233333332,0.0
T_q80_6000,2025-12-21,2025-12-21,141,2025-12-21 23:30:00,2025-12-21 23:40:00,0.424,3539.7613,0.0,3342.6141,0.0,557.1023499999999,40.921633333333375,598.0239833333333,0.8,0.8,28,,598.0239833333333,8.063766666666652,0.0,0.0,0.0,6664.700880925928,6671.958270925928,6000.0,253.56216893333328,0.0,0.806376666666665,253.56216893333328,0.0,253.56216893333328,0.0
T_q80_6000,2025-12-21,2025-12-21,142,2025-12-21 23:40:00,2025-12-21 23:50:00,0.4271,3571.991,0.0,3467.4898,0.0,577.9149666666666,28.397583333333277,606.3125499999999,0.8,0.8,28,,606.3125499999999,10.98071666666658,0.0,0.0,0.0,6671.958270925928,6681.840915925927,6000.0,258.956090105,0.0,1.098071666666658,258.95609010499993,0.0,258.95609010499993,0.0
T_q80_6000,2025-12-21,2025-12-21,143,2025-12-21 23:50:00,2025-12-22 00:00:00,0.4276,3464.4,0.0,3657.78,0.0,609.63,27.33333333333337,636.9633333333334,0.8,0.8,28,,636.9633333333334,59.56333333333339,0.0,0.0,0.0,6681.840915925927,6735.447915925927,6000.0,272.36552133333333,0.0,5.956333333333338,272.36552133333333,0.0,272.36552133333333,0.0
B_adaptive,2025-03-20,2025-03-20,0,2025-03-20 00:00:00,2025-03-20 00:10:00,0.4248,3299.0689,0.0,3617.1514,0.0,602.8585666666667,18.26366666666672,621.1222333333334,0.80,adaptive,28,,621.1222333333335,0.0,0.0,0.0,71.2774166666668,10800.0,10800.0,10800.0,263.8527247200001,0.0,0.0,263.8527247200001,0.0,263.8527247200001,0.0
B_adaptive,2025-03-20,2025-03-20,1,2025-03-20 00:10:00,2025-03-20 00:20:00,0.4245,3421.881,0.0,3585.3143,0.0,597.5523833333333,22.6016166666667,620.154,0.80,adaptive,28,,620.154,0.0,0.0,0.0,49.84050000000002,10800.0,10800.0,10800.0,263.255373,0.0,0.0,263.25537299999996,0.0,263.25537299999996,0.0
B_adaptive,2025-03-20,2025-03-20,2,2025-03-20 00:20:00,2025-03-20 00:30:00,0.4269,3683.11,0.0,3514.21,0.0,585.7016666666666,26.6099999999999,612.3116666666665,0.80,adaptive,28,,612.3116666666665,0.0,1.540000000000191,0.0,0.0,10800.0,10798.288888888888,10800.0,261.39585049999994,0.0,0.17111111111113242,261.39585049999994,0.0,261.39585049999994,0.0
B_adaptive,2025-03-20,2025-03-20,3,2025-03-20 00:30:00,2025-03-20 00:40:00,0.4272,3476.737,0.0,3566.7633,0.0,594.46055,13.075066666666544,607.5356166666666,0.80,adaptive,28,,607.5356166666666,1.9012345679018636,0.0,0.0,26.17821543209809,10798.288888888888,10800.0,10800.0,259.53921544,0.0,0.19012345679018633,259.53921543999996,0.0,259.53921543999996,0.0
B_adaptive,2025-03-20,2025-03-20,4,2025-03-20 00:40:00,2025-03-20 00:50:00,0.4271,3302.6695,0.0,3529.764,0.0,588.294,13.20825000000002,601.50225,0.80,adaptive,28,,601.50225,0.0,0.0,0.0,51.05733333333342,10800.0,10800.0,10800.0,256.901610975,0.0,0.0,256.901610975,0.0,256.901610975,0.0
B_adaptive,2025-03-20,2025-03-20,5,2025-03-20 00:50:00,2025-03-20 01:00:00,0.4285,3426.94,0.0,3390.6,0.0,565.0999999999999,22.17666666666668,587.2766666666666,0.80,adaptive,28,,587.2766666666666,0.0,0.0,0.0,16.120000000000005,10800.0,10800.0,10800.0,251.64805166666665,0.0,0.0,251.64805166666665,0.0,251.64805166666665,0.0
B_adaptive,2025-03-20,2025-03-20,6,2025-03-20 01:00:00,2025-03-20 01:10:00,0.4311,3609.5343,0.0,3352.8783,0.0,558.81305,12.962949999999978,571.776,0.80,adaptive,28,,571.776,0.0,29.813049999999976,0.0,0.0,10800.0,10766.87438888889,10800.0,246.4926336,0.0,3.3125611111111097,246.49263359999998,0.0,246.49263359999998,0.0
B_adaptive,2025-03-20,2025-03-20,7,2025-03-20 01:10:00,2025-03-20 01:20:00,0.4302,3668.9025,0.0,3308.9055,0.0,551.48425,18.55611666666664,570.0403666666666,0.80,adaptive,28,,570.0403666666666,0.0,41.44338333333337,0.0,0.0,10766.87438888889,10720.826185185186,10800.0,245.23136574,0.0,4.604820370370377,245.23136574,0.0,245.23136574,0.0
B_adaptive,2025-03-20,2025-03-20,8,2025-03-20 01:20:00,2025-03-20 01:30:00,0.4279,3589.3,0.0,3260.08,0.0,543.3466666666666,3.046666666666738,546.3933333333333,0.80,adaptive,28,,546.3933333333333,0.0,51.82333333333338,0.0,0.0,10720.826185185186,10663.244703703704,10800.0,233.80170733333333,0.0,5.758148148148156,233.80170733333333,0.0,233.80170733333333,0.0
B_adaptive,2025-03-20,2025-03-20,9,2025-03-20 01:30:00,2025-03-20 01:40:00,0.4312,3503.6157,0.0,3353.4584,0.0,558.9097333333333,20.177783333333423,579.0875166666667,0.80,adaptive,28,,579.0875166666667,0.0,4.848433333333219,0.0,0.0,10663.244703703704,10657.857555555556,10800.0,249.70253718666672,0.0,0.5387148148148023,249.70253718666672,0.0,249.70253718666672,0.0
B_adaptive,2025-03-20,2025-03-20,10,2025-03-20 01:40:00,2025-03-20 01:50:00,0.4333,3545.9703,0.0,3552.8392,0.0,592.1398666666666,12.04320000000007,604.1830666666667,0.80,adaptive,28,,604.1830666666667,13.188016666666726,0.0,0.0,0.0,10657.857555555556,10669.726770555557,10800.0,261.7925227866667,0.0,1.3188016666666724,261.7925227866667,0.0,261.7925227866667,0.0
B_adaptive,2025-03-20,2025-03-20,11,2025-03-20 01:50:00,2025-03-20 02:00:00,0.4311,3590.66,0.0,3655.73,0.0,609.2883333333333,31.86500000000001,641.1533333333333,0.80,adaptive,28,,641.1533333333333,42.71000000000004,0.0,0.0,0.0,10669.726770555557,10708.165770555555,10800.0,276.401202,0.0,4.2710000000000035,276.40120199999996,0.0,276.40120199999996,0.0
B_adaptive,2025-03-20,2025-03-20,12,2025-03-20 02:00:00,2025-03-20 02:10:00,0.4293,3395.9017,0.0,3484.6496,0.0,580.7749333333334,17.019266666666624,597.7942,0.80,adaptive,28,,597.7942,31.8105833333334,0.0,0.0,0.0,10708.165770555555,10736.795295555556,10800.0,256.63305006,0.0,3.1810583333333393,256.63305006,0.0,256.63305006,0.0
B_adaptive,2025-03-20,2025-03-20,13,2025-03-20 02:10:00,2025-03-20 02:20:00,0.4324,3276.7246,0.0,3416.4269,0.0,569.4044833333332,16.255583333333334,585.6600666666666,0.80,adaptive,28,,585.6600666666666,39.53929999999991,0.0,0.0,0.0,10736.795295555556,10772.380665555558,10800.0,253.23941282666664,0.0,3.9539299999999904,253.23941282666664,0.0,253.23941282666664,0.0
B_adaptive,2025-03-20,2025-03-20,14,2025-03-20 02:20:00,2025-03-20 02:30:00,0.4367,3394.28,0.0,3529.19,0.0,588.1983333333333,9.516666666666652,597.7149999999999,0.80,adaptive,28,,597.7149999999999,30.688149382713164,0.0,0.0,1.313517283953388,10772.380665555558,10800.0,10800.0,261.0221405,0.0,3.0688149382713155,261.0221405,0.0,261.0221405,0.0
B_adaptive,2025-03-20,2025-03-20,15,2025-03-20 02:30:00,2025-03-20 02:40:00,0.4348,3587.5594,0.0,3565.0967,0.0,594.1827833333333,11.649950000000048,605.8327333333334,0.80,adaptive,28,,605.8327333333334,0.0,0.0,0.0,7.906166666666763,10800.0,10800.0,10800.0,263.41607245333336,0.0,0.0,263.41607245333336,0.0,263.41607245333336,0.0
B_adaptive,2025-03-20,2025-03-20,16,2025-03-20 02:40:00,2025-03-20 02:50:00,0.4335,3605.7268,0.0,3662.8512,0.0,610.4752,19.866216666666677,630.3414166666666,0.80,adaptive,28,,630.3414166666666,0.0,0.0,0.0,29.38695000000007,10800.0,10800.0,10800.0,273.253004125,0.0,0.0,273.25300412499996,0.0,273.25300412499996,0.0
B_adaptive,2025-03-20,2025-03-20,17,2025-03-20 02:50:00,2025-03-20 03:00:00,0.4357,3522.79,0.0,3749.14,0.0,624.8566666666666,30.196666666666715,655.0533333333333,0.80,adaptive,28,,655.0533333333333,0.0,0.0,0.0,67.92166666666662,10800.0,10800.0,10800.0,285.4067373333333,0.0,0.0,285.4067373333333,0.0,285.4067373333333,0.0
B_adaptive,2025-03-20,2025-03-20,18,2025-03-20 03:00:00,2025-03-20 03:10:00,0.4374,3631.2618,0.0,3576.3344,0.0,596.0557333333334,24.05658333333338,620.1123166666667,0.80,adaptive,28,,620.1123166666667,0.0,0.0,0.0,14.902016666666782,10800.0,10800.0,10800.0,271.23712731000006,0.0,0.0,271.23712731000006,0.0,271.23712731000006,0.0
B_adaptive,2025-03-20,2025-03-20,19,2025-03-20 03:10:00,2025-03-20 03:20:00,0.4371,3731.3543,0.0,3450.3953,0.0,575.0658833333333,21.91126666666662,596.9771499999999,0.80,adaptive,28,,596.9771499999999,0.0,24.91523333333339,0.0,0.0,10800.0,10772.316407407408,10800.0,260.938712265,0.0,2.7683592592592667,260.938712265,0.0,260.938712265,0.0
B_adaptive,2025-03-20,2025-03-20,20,2025-03-20 03:20:00,2025-03-20 03:30:00,0.4356,3721.01,0.0,3522.37,0.0,587.0616666666666,16.875,603.9366666666666,0.80,adaptive,28,,603.9366666666666,0.0,16.231666666666683,0.0,0.0,10772.316407407408,10754.281222222222,10800.0,263.07481199999995,0.0,1.8035185185185212,263.07481199999995,0.0,263.07481199999995,0.0
B_adaptive,2025-03-20,2025-03-20,21,2025-03-20 03:30:00,2025-03-20 03:40:00,0.4353,3699.7385,0.0,3631.228,0.0,605.2046666666666,6.066683333333344,611.27135,0.80,adaptive,28,,611.27135,0.0,5.3517333333333,0.0,0.0,10754.281222222222,10748.334851851852,10800.0,266.086418655,0.0,0.5946370370370336,266.086418655,0.0,266.086418655,0.0
B_adaptive,2025-03-20,2025-03-20,22,2025-03-20 03:40:00,2025-03-20 03:50:00,0.436,3674.7825,0.0,3569.4386,0.0,594.9064333333333,0.0229333333332988,594.9293666666666,0.80,adaptive,28,,594.9293666666666,0.0,17.534383333333267,0.0,0.0,10748.334851851852,10728.852203703704,10800.0,259.38920386666666,0.0,1.9482648148148083,259.38920386666666,0.0,259.38920386666666,0.0
B_adaptive,2025-03-20,2025-03-20,23,2025-03-20 03:50:00,2025-03-20 04:00:00,0.4378,3623.58,0.0,3455.04,0.0,575.8399999999999,15.306666666666615,591.1466666666665,0.80,adaptive,28,,591.1466666666665,0.0,12.783333333333417,0.0,0.0,10728.852203703704,10714.6485,10800.0,258.8040106666666,0.0,1.4203703703703803,258.8040106666666,0.0,258.8040106666666,0.0
B_adaptive,2025-03-20,2025-03-20,24,2025-03-20 04:00:00,2025-03-20 04:10:00,0.4401,3538.7697,0.0019,3583.9838,0.0018,597.3303333333333,11.515883333333363,608.8462166666667,0.80,adaptive,28,,608.8462166666667,19.051583333333497,0.0,0.0,0.0,10714.6485,10731.794925,10800.0,267.953219955,0.0,1.9051583333333493,267.953219955,0.0,267.953219955,0.0
B_adaptive,2025-03-20,2025-03-20,25,2025-03-20 04:10:00,2025-03-20 04:20:00,0.4389,3488.7843,0.0,3645.8233,0.0,607.6372166666666,14.802016666666702,622.4392333333333,0.80,adaptive,28,,622.4392333333333,40.97518333333335,0.0,0.0,0.0,10731.794925,10768.67259,10800.0,273.18857951,0.0,4.097518333333334,273.18857951,0.0,273.18857951,0.0
B_adaptive,2025-03-20,2025-03-20,26,2025-03-20 04:20:00,2025-03-20 04:30:00,0.4364,3513.51,0.0,3577.07,0.0,596.1783333333333,16.25666666666666,612.435,0.80,adaptive,28,,612.435,26.84999999999991,0.0,0.0,0.0,10768.67259,10792.83759,10800.0,267.266634,0.0,2.6849999999999903,267.266634,0.0,267.266634,0.0
B_adaptive,2025-03-20,2025-03-20,27,2025-03-20 04:30:00,2025-03-20 04:40:00,0.4393,3598.3779,0.0271,3630.4401,0.0254,605.0691166666666,25.22930000000008,630.2984166666666,0.80,adaptive,28,,630.2984166666666,7.958233333334243,0.0,0.0,22.61504999999904,10792.83759,10800.0,10800.0,276.8900944416667,0.0,0.7958233333334241,276.8900944416667,0.0,276.8900944416667,0.0
B_adaptive,2025-03-20,2025-03-20,28,2025-03-20 04:40:00,2025-03-20 04:50:00,0.4422,3700.4359,0.0,3717.5034,0.0,619.5839,23.913349999999923,643.4972499999999,0.80,adaptive,28,,643.4972499999999,0.0,0.0,0.0,26.757933333333312,10800.0,10800.0,10800.0,284.55448395,0.0,0.0,284.55448394999996,0.0,284.55448394999996,0.0
B_adaptive,2025-03-20,2025-03-20,29,2025-03-20 04:50:00,2025-03-20 05:00:00,0.4395,3753.57,0.0,3727.07,0.0,621.1783333333333,7.8916666666666515,629.0699999999999,0.80,adaptive,28,,629.0699999999999,0.0,0.0,0.0,3.474999999999909,10800.0,10800.0,10800.0,276.476265,0.0,0.0,276.47626499999996,0.0,276.47626499999996,0.0
B_adaptive,2025-03-20,2025-03-20,30,2025-03-20 05:00:00,2025-03-20 05:10:00,0.4333,3716.9811,0.3776,3652.3286,0.3537,608.6624833333333,17.58761666666669,626.2501,0.80,adaptive,28,,626.2501,0.0,0.0,0.0,6.816183333333356,10800.0,10800.0,10800.0,271.35416833,0.0,0.0,271.35416833,0.0,271.35416833,0.0
B_adaptive,2025-03-20,2025-03-20,31,2025-03-20 05:10:00,2025-03-20 05:20:00,0.4439,3707.0664,0.0,3627.5869,0.0,604.5978166666666,13.521849999999972,618.1196666666666,0.80,adaptive,28,,618.1196666666666,0.0,0.0,0.0,0.2752666666666528,10800.0,10800.0,10800.0,274.3833200333333,0.0,0.0,274.3833200333333,0.0,274.3833200333333,0.0
B_adaptive,2025-03-20,2025-03-20,32,2025-03-20 05:20:00,2025-03-20 05:30:00,0.4301,3642.69,0.0,3625.87,0.0,604.3116666666666,10.738333333333344,615.05,0.80,adaptive,28,,615.05,0.0,0.0,0.0,7.934999999999945,10800.0,10800.0,10800.0,264.53300499999995,0.0,0.0,264.53300499999995,0.0,264.53300499999995,0.0
B_adaptive,2025-03-20,2025-03-20,33,2025-03-20 05:30:00,2025-03-20 05:40:00,0.3713,3457.8398,5.2594,3603.0838,4.9264,599.6929,4.100983333333375,603.7938833333334,0.80,adaptive,28,,603.7938833333334,0.0,0.0,0.0,28.363816666666708,10800.0,10800.0,10800.0,224.1886688816667,0.0,0.0,224.1886688816667,0.0,224.1886688816667,0.0
B_adaptive,2025-03-20,2025-03-20,34,2025-03-20 05:40:00,2025-03-20 05:50:00,0.5708,4028.7787,0.0,4178.7819,0.0,696.4636499999999,3.091316666666557,699.5549666666665,0.80,adaptive,28,,699.5549666666666,0.0,0.0,0.0,28.091850000000026,10800.0,10800.0,10800.0,399.30597497333326,0.0,0.0,399.30597497333326,0.0,399.30597497333326,0.0
B_adaptive,2025-03-20,2025-03-20,35,2025-03-20 05:50:00,2025-03-20 06:00:00,0.9099,4962.09,0.0,4976.26,0.0,829.3766666666667,16.161666666666633,845.5383333333333,0.80,adaptive,28,,12.205000000000156,0.0,814.8099999999998,0.0,0.0,10800.0,9894.655555555555,9874.074074074077,11.105329500000142,0.0,90.53444444444446,11.105329500000142,0.0,11.105329500000142,0.0
B_adaptive,2025-03-20,2025-03-20,36,2025-03-20 06:00:00,2025-03-20 06:10:00,0.9368,4905.1198,153.4202,4927.8193,144.6043,797.2025,30.23396666666656,827.4364666666665,0.80,adaptive,28,,0.0,0.0,791.9499333333334,0.0,0.0,9894.655555555555,9014.711185185184,8954.700222222224,0.0,0.0,87.99443703703709,0.0,0.0,0.0,0.0
B_adaptive,2025-03-20,2025-03-20,37,2025-03-20 06:10:00,2025-03-20 06:20:00,0.8758,4660.8239,401.044,4816.9758,383.3165,738.9432166666667,10.583633333333353,749.52685,0.80,adaptive,28,,0.0,0.0,709.9633166666667,0.0,0.0,9014.711185185184,8225.863055555554,8121.892611111112,0.0,0.0,78.88481296296301,0.0,0.0,0.0,0.0
B_adaptive,2025-03-20,2025-03-20,38,2025-03-20 06:20:00,2025-03-20 06:30:00,0.8759,4703.75,675.525,4945.2,669.975,712.5374999999999,9.71791666666661,722.2554166666665,0.80,adaptive,28,,0.0,0.0,671.3708333333333,0.0,0.0,8225.863055555554,7479.895462962962,7319.386592592594,0.0,0.0,74.59675925925929,0.0,0.0,0.0,0.0
B_adaptive,2025-03-20,2025-03-20,39,2025-03-20 06:30:00,2025-03-20 06:40:00,0.8601,4726.9008,952.6316,4841.0708,986.6364,642.4057333333334,13.425100000000045,655.8308333333334,0.80,adaptive,28,,0.0,0.0,629.0448666666666,0.0,0.0,7479.895462962962,6780.956722222221,6590.685666666668,0.0,0.0,69.8938740740741,0.0,0.0,0.0,0.0
B_adaptive,2025-03-20,2025-03-20,40,2025-03-20 06:40:00,2025-03-20 06:50:00,0.8442,4819.4733,1302.5378,4756.7742,1316.594,573.3633666666666,0.9726666666667824,574.3360333333334,0.80,adaptive,28,,462.4473499999987,0.0,123.70856666666788,0.0,0.0,6780.956722222221,6643.502759259257,6466.364907407407,390.3980528699989,0.0,13.745396296296438,390.3980528699989,0.0,390.3980528699989,0.0
B_adaptive,2025-03-20,2025-03-20,41,2025-03-20 06:50:00,2025-03-20 07:00:00,0.8334,4880.33,1693.2375,4785.54,1643.8875,523.60875,11.858333333333292,535.4670833333332,0.80,adaptive,28,,535.4670833333332,4.284999999999968,0.0,0.0,0.0,6643.502759259257,6647.359259259257,6466.364907407407,446.2582672499999,0.0,0.4284999999999967,446.2582672499999,0.0,446.2582672499999,0.0
B_adaptive,2025-03-20,2025-03-20,42,2025-03-20 07:00:00,2025-03-20 07:10:00,0.8092,4689.3761,2009.9231,4770.8891,1956.0234,469.14428333333336,26.975449999999967,496.1197333333333,0.80,adaptive,28,,496.1197333333333,49.544233333333295,0.0,0.0,0.0,6647.359259259257,6691.949069259257,6466.364907407407,401.4600882133333,0.0,4.954423333333328,401.4600882133333,0.0,401.4600882133333,0.0
B_adaptive,2025-03-20,2025-03-20,43,2025-03-20 07:10:00,2025-03-20 07:20:00,0.7972,4713.3646,2305.9149,4933.7109,2250.2085,447.2504,13.486699999999956,460.7371,0.80,adaptive,28,,460.7371,59.49548333333337,0.0,0.0,0.0,6691.949069259257,6745.495004259257,6466.364907407407,367.29961612,0.0,5.949548333333335,367.29961612,0.0,367.29961612,0.0
B_adaptive,2025-03-20,2025-03-20,44,2025-03-20 07:20:00,2025-03-20 07:30:00,0.7644,4827.2,2609.7375,5017.07,2498.925,419.6908333333332,19.148333333333312,438.8391666666665,0.80,adaptive,28,,438.8391666666665,69.2620833333333,0.0,0.0,0.0,6745.495004259257,6807.830879259257,6466.364907407407,335.4486589999999,0.0,6.926208333333328,335.44865899999985,0.0,335.44865899999985,0.0
B_adaptive,2025-03-20,2025-03-20,45,2025-03-20 07:30:00,2025-03-20 07:40:00,0.6899,4578.156,2894.0148,4678.8593,2691.9663,331.1488333333333,24.719433333333317,355.8682666666666,0.80,adaptive,28,,355.8682666666666,75.17806666666661,0.0,0.0,0.0,6807.830879259257,6875.491139259257,6466.364907407407,245.51351717333327,0.0,7.517806666666659,245.51351717333327,0.0,245.51351717333327,0.0
B_adaptive,2025-03-20,2025-03-20,46,2025-03-20 07:40:00,2025-03-20 07:50:00,0.86,5187.0368,3179.5684,5430.5741,2986.3327,407.37356666666665,28.065016666666565,435.4385833333332,0.80,adaptive,28,,0.0,0.0,334.5780666666666,0.0,0.0,6875.491139259257,6503.737731851849,5982.544259259259,0.0,0.0,37.17534074074075,0.0,0.0,0.0,0.0
B_adaptive,2025-03-20,2025-03-20,47,2025-03-20 07:50:00,2025-03-20 08:00:00,1.1617,6405.59,3476.5125,6755.97,3339.9375,569.33875,35.604166666666664,604.9429166666666,0.80,adaptive,28,,0.0,0.0,488.17958333333337,0.0,0.0,6503.737731851849,5961.31597259259,5310.385462962962,0.0,0.0,54.242175925925956,0.0,0.0,0.0,0.0
B_adaptive,2025-03-20,2025-03-20,48,2025-03-20 08:00:00,2025-03-20 08:10:00,1.1683,6658.0486,3761.2255,6545.8122,3552.9582,498.809,26.25363333333337,525.0626333333335,0.80,adaptive,28,,0.0,0.0,482.80385,0.0,0.0,5961.31597259259,5424.867250370367,4726.982537037036,0.0,0.0,53.64487222222225,0.0,0.0,0.0,0.0
B_adaptive,2025-03-20,2025-03-20,49,2025-03-20 08:10:00,2025-03-20 08:20:00,1.0956,6606.6001,3976.3717,6234.5498,3752.2552,413.7157666666666,15.4128166666666,429.1285833333332,0.80,adaptive,28,,0.0,0.0,438.3713999999999,0.0,0.0,5424.867250370367,4937.787917037034,4250.173,0.0,0.0,48.707933333333344,0.0,0.0,0.0,0.0
B_adaptive,2025-03-20,2025-03-20,50,2025-03-20 08:20:00,2025-03-20 08:30:00,1.0849,6687.27,4220.325,6481.09,3987.0,415.6816666666667,25.592499999999973,441.2741666666666,0.80,adaptive,28,,0.0,0.0,411.1575000000001,0.0,0.0,4937.787917037034,4480.946250370367,3759.8683703703705,0.0,0.0,45.6841666666667,0.0,0.0,0.0,0.0
B_adaptive,2025-03-20,2025-03-20,51,2025-03-20 08:30:00,2025-03-20 08:40:00,1.061,6649.776,4653.7429,6510.8474,4178.399,388.7413999999999,19.34095000000013,408.08235,0.80,adaptive,28,,0.0,0.0,332.67218333333324,0.0,0.0,4480.946250370367,4111.310491111108,3306.443537037037,0.0,0.0,36.96357592592593,0.0,0.0,0.0,0.0
B_adaptive,2025-03-20,2025-03-20,52,2025-03-20 08:40:00,2025-03-20 08:50:00,1.043,6705.5335,5037.5027,6551.7773,4381.418,361.72655,35.624116666666765,397.3506666666667,0.80,adaptive,28,,0.0,0.0,278.0051333333332,0.0,0.0,4111.310491111108,3802.4158985185154,2864.9427962962964,0.0,0.0,30.88945925925926,0.0,0.0,0.0,0.0
B_adaptive,2025-03-20,2025-03-20,53,2025-03-20 08:50:00,2025-03-20 09:00:00,1.036,6757.81,5180.8875,6666.06,4631.2125,339.1412500000001,41.14833333333338,380.2895833333335,0.80,adaptive,28,,0.0,0.0,262.82041666666674,0.0,0.0,3802.4158985185154,3510.39321333333,2442.3988148148146,0.0,0.0,29.20226851851854,0.0,0.0,0.0,0.0
B_adaptive,2025-03-20,2025-03-20,54,2025-03-20 09:00:00,2025-03-20 09:10:00,1.0147,6494.2004,5166.4978,6601.3223,4933.6498,277.9454166666666,60.2333666666666,338.1787833333332,0.80,adaptive,28,,0.0,0.0,221.2837666666666,0.0,0.0,3510.39321333333,3264.522361481478,2066.6446111111118,0.0,0.0,24.587085185185188,0.0,0.0,0.0,0.0
B_adaptive,2025-03-20,2025-03-20,55,2025-03-20 09:10:00,2025-03-20 09:20:00,0.9922,6436.4392,5533.329,6573.4361,5388.1737,197.54373333333325,71.2570166666666,268.8007499999999,0.80,adaptive,28,,0.0,0.0,150.51836666666668,0.0,0.0,3264.522361481478,3097.2797318518483,1767.9771111111113,0.0,0.0,16.72426296296297,0.0,0.0,0.0,0.0
B_adaptive,2025-03-20,2025-03-20,56,2025-03-20 09:20:00,2025-03-20 09:30:00,0.97,6570.85,6107.7375,6614.79,5904.4875,118.38374999999996,93.66124999999997,212.04499999999996,0.80,adaptive,28,,0.0,0.0,77.1854166666667,0.0,0.0,3097.2797318518483,3011.5181577777744,1532.3715555555557,0.0,0.0,8.576157407407415,0.0,0.0,0.0,0.0
B_adaptive,2025-03-20,2025-03-20,57,2025-03-20 09:30:00,2025-03-20 09:40:00,0.9422,6399.3635,6182.795,6548.6468,6266.8363,46.96841666666675,124.48673333333316,171.45514999999992,0.80,adaptive,28,,0.0,0.0,36.09475000000005,0.0,0.0,3011.5181577777744,2971.4128799999967,1341.8658333333335,0.0,0.0,4.010527777777785,0.0,0.0,0.0,0.0
B_adaptive,2025-03-20,2025-03-20,58,2025-03-20 09:40:00,2025-03-20 09:50:00,0.9569,6445.9301,6198.386,6569.7745,6602.2852,-5.418449999999969,94.25145000000006,88.8330000000001,0.80,adaptive,28,,0.0,0.0,41.25734999999986,0.0,0.0,2971.4128799999967,2925.5713799999967,1243.1625,0.0,0.0,4.584149999999987,0.0,0.0,0.0,0.0
B_adaptive,2025-03-20,2025-03-20,59,2025-03-20 09:50:00,2025-03-20 10:00:00,0.9977,6697.43,6426.1875,6666.81,6891.525,-37.45249999999987,67.6512500000002,30.19875000000033,0.80,adaptive,28,,0.0,0.0,45.20708333333338,0.0,0.0,2925.5713799999967,2875.3412874074043,1209.6083333333331,0.0,0.0,5.023009259259267,0.0,0.0,0.0,0.0
B_adaptive,2025-03-20,2025-03-20,60,2025-03-20 10:00:00,2025-03-20 10:10:00,0.9919,6577.9956,6675.2481,6615.2017,6963.2464,-58.00745000000006,66.65494999999996,8.647499999999894,0.80,adaptive,28,,0.0,16.20874999999993,0.0,0.0,0.0,2875.3412874074043,2889.929162407404,1200.0,0.0,0.0,1.6208749999999927,0.0,0.0,0.0,0.0
B_adaptive,2025-03-20,2025-03-20,61,2025-03-20 10:10:00,2025-03-20 10:20:00,0.9588,6445.2772,6774.004,6539.3464,6970.7827,-71.9060499999999,63.00276666666681,-8.903283333333086,0.80,adaptive,28,,0.0,54.78779999999991,0.0,0.0,0.0,2889.929162407404,2939.238182407404,1208.0129549999997,0.0,0.0,5.47877999999999,0.0,0.0,0.0,0.0
B_adaptive,2025-03-20,2025-03-20,62,2025-03-20 10:20:00,2025-03-20 10:30:00,0.9549,6473.61,6879.075,6477.96,7035.9375,-92.99625,76.14666666666676,-16.84958333333323,0.80,adaptive,28,,0.0,67.57750000000001,0.0,0.0,0.0,2939.238182407404,3000.057932407404,1223.1775799999996,0.0,0.0,6.75775,0.0,0.0,0.0,0.0
B_adaptive,2025-03-20,2025-03-20,63,2025-03-20 10:30:00,2025-03-20 10:40:00,0.9839,6454.2353,7268.5137,6366.0057,7192.6555,-137.77496666666667,59.82306666666666,-77.95190000000001,0.80,adaptive,28,,0.0,135.7130666666667,0.0,0.0,0.0,3000.057932407404,3122.199692407404,1293.3342899999996,0.0,0.0,13.571306666666667,0.0,0.0,0.0,0.0
B_adaptive,2025-03-20,2025-03-20,64,2025-03-20 10:40:00,2025-03-20 10:50:00,0.799,6352.336,7455.3554,6413.9505,7566.2113,-192.04346666666663,75.47646666666665,-116.567,0.80,adaptive,28,,0.0,183.83656666666667,0.0,0.0,0.0,3122.199692407404,3287.652602407404,1398.2445899999996,0.0,0.0,18.383656666666663,0.0,0.0,0.0,0.0
B_adaptive,2025-03-20,2025-03-20,65,2025-03-20 10:50:00,2025-03-20 11:00:00,0.5025,6279.9,7263.0,6574.38,7889.7,-219.21999999999997,123.65999999999995,-95.55999999999996,0.80,adaptive,28,,737.7733333333333,833.3333333333333,0.0,0.0,68.29000000000008,3287.652602407404,4037.652602407404,2148.24459,370.7311,0.0,83.3333333333333,370.73109999999997,0.0,370.73109999999997,0.0
B_adaptive,2025-03-20,2025-03-20,66,2025-03-20 11:00:00,2025-03-20 11:10:00,0.4662,6362.0436,7021.6679,6549.5232,7767.7134,-203.0317,101.08691666666664,-101.94478333333336,0.80,adaptive,28,,731.3885499999999,833.3333333333333,0.0,0.0,7.992600000000039,4037.652602407404,4787.652602407404,2898.24459,340.97334200999995,0.0,83.3333333333333,340.97334200999995,0.0,340.97334200999995,0.0
B_adaptive,2025-03-20,2025-03-20,67,2025-03-20 11:10:00,2025-03-20 11:20:00,0.5007,6393.8373,7052.8842,6360.3078,7910.4133,-258.3509166666668,84.57076666666671,-173.78015000000005,0.80,adaptive,28,,659.5531833333332,769.3943333333333,0.0,0.0,0.0,4787.652602407404,5480.107502407403,3648.2445899999993,330.23827889499995,0.0,76.93943333333331,330.23827889499995,0.0,330.23827889499995,0.0
B_adaptive,2025-03-20,2025-03-20,68,2025-03-20 11:20:00,2025-03-20 11:30:00,0.4827,6360.1,7317.5625,6232.56,8273.025,-340.0774999999999,106.8258333333333,-233.25166666666652,0.80,adaptive,28,,600.0816666666667,759.6587499999999,0.0,0.0,0.0,5480.107502407403,6163.800377407403,4398.244589999999,289.6594205,0.0,75.96587499999998,289.6594205,0.0,289.6594205,0.0
B_adaptive,2025-03-20,2025-03-20,69,2025-03-20 11:30:00,2025-03-20 11:40:00,0.4785,6424.0276,7505.6333,6357.7494,8103.1089,-290.8932500000001,122.05363333333332,-168.83961666666676,0.80,adaptive,28,,664.4937166666665,833.3333333333333,0.0,0.0,11.427999999999884,6163.800377407403,6913.800377407403,5148.244589999999,317.960243425,0.0,83.3333333333333,317.96024342499993,0.0,317.96024342499993,0.0
B_adaptive,2025-03-20,2025-03-20,70,2025-03-20 11:40:00,2025-03-20 11:50:00,0.4662,6379.6216,7635.0323,6325.6393,7934.0714,-268.0720166666666,135.97571666666664,-132.0963,0.80,adaptive,28,,701.2370333333333,833.3333333333333,0.0,0.0,77.13881666666657,6913.800377407403,7663.800377407403,5898.244589999999,326.91670494,0.0,83.3333333333333,326.91670494,0.0,326.91670494,0.0
B_adaptive,2025-03-20,2025-03-20,71,2025-03-20 11:50:00,2025-03-20 12:00:00,0.4432,6168.32,7818.45,6078.6,8015.4375,-322.8062499999999,148.33416666666676,-174.47208333333316,0.80,adaptive,28,,658.8612500000002,833.3333333333333,0.0,0.0,100.54958333333354,7663.800377407403,8413.800377407402,6648.244589999999,292.0073060000001,0.0,83.3333333333333,292.0073060000001,0.0,292.0073060000001,0.0
B_adaptive,2025-03-20,2025-03-20,72,2025-03-20 12:00:00,2025-03-20 12:10:00,0.4411,5958.8116,8082.9395,5973.117,8091.3897,-353.0454499999999,103.0041166666668,-250.0413333333331,0.80,adaptive,28,,583.2920000000001,833.3333333333333,0.0,0.0,103.97998333333362,8413.800377407402,9163.800377407402,7398.244589999999,257.29010120000004,0.0,83.3333333333333,257.29010120000004,0.0,257.29010120000004,0.0
B_adaptive,2025-03-20,2025-03-20,73,2025-03-20 12:10:00,2025-03-20 12:20:00,0.4551,5855.2299,8090.5707,6003.5669,8333.4204,-388.3089166666669,116.4858833333335,-271.82303333333334,0.80,adaptive,28,,561.5102999999999,833.3333333333333,0.0,0.0,100.7337666666666,9163.800377407402,9913.800377407402,8148.244589999999,255.54333753,0.0,83.3333333333333,255.54333752999997,0.0,255.54333752999997,0.0
B_adaptive,2025-03-20,2025-03-20,74,2025-03-20 12:20:00,2025-03-20 12:30:00,0.4463,5883.66,7709.3625,6043.44,8611.9875,-428.09125,102.875,-325.21624999999995,0.80,adaptive,28,,508.1170833333333,812.4008333333334,0.0,0.0,0.0,9913.800377407402,10644.9611274074,8898.244589999998,226.77265429166664,0.0,81.24008333333332,226.77265429166664,0.0,226.77265429166664,0.0
B_adaptive,2025-03-20,2025-03-20,75,2025-03-20 12:30:00,2025-03-20 12:40:00,0.4113,6006.2794,7205.256,6007.2071,8523.8874,-419.44671666666665,91.9964,-327.45031666666665,0.80,adaptive,28,,505.8830166666666,172.26541399177626,0.0,0.0,533.4470360082237,10644.9611274074,10800.0,9648.244589999998,208.069684755,0.0,17.226541399177624,208.06968475499997,0.0,208.06968475499997,0.0
B_adaptive,2025-03-20,2025-03-20,76,2025-03-20 12:40:00,2025-03-20 12:50:00,0.5682,6168.3548,7206.9442,6064.0725,8228.5618,-360.7482166666665,144.78503333333333,-215.9631833333332,0.80,adaptive,28,,318.0791666666686,0.0,0.0,0.0,491.17740000000185,10800.0,10800.0,10128.882705,180.73258250000112,0.0,0.0,180.73258250000112,0.0,180.73258250000112,0.0
B_adaptive,2025-03-20,2025-03-20,77,2025-03-20 12:50:00,2025-03-20 13:00:00,0.8279,6351.38,7525.8,6254.85,8001.8625,-291.16874999999993,140.6129166666667,-150.55583333333325,0.80,adaptive,28,,0.0,0.0,0.0,0.0,195.73666666666668,10800.0,10800.0,10264.382955,0.0,0.0,0.0,0.0,0.0,0.0,0.0
B_adaptive,2025-03-20,2025-03-20,78,2025-03-20 13:00:00,2025-03-20 13:10:00,0.8636,6510.6216,7339.075,6422.854,7962.5924,-256.62306666666666,68.25711666666672,-188.36594999999997,0.80,adaptive,28,,0.0,0.0,0.0,0.0,138.07556666666656,10800.0,10800.0,10433.91231,0.0,0.0,0.0,0.0,0.0,0.0,0.0
B_adaptive,2025-03-20,2025-03-20,79,2025-03-20 13:10:00,2025-03-20 13:20:00,0.8416,6358.8315,6900.6338,6403.1925,7741.4555,-223.0438333333333,128.15776666666653,-94.88606666666678,0.80,adaptive,28,,0.0,0.0,0.0,0.0,90.30038333333324,10800.0,10800.0,10519.30977,0.0,0.0,0.0,0.0,0.0,0.0,0.0
B_adaptive,2025-03-20,2025-03-20,80,2025-03-20 13:20:00,2025-03-20 13:30:00,0.8618,6039.3,6610.0125,6313.29,7413.1875,-183.31625,104.65166666666664,-78.66458333333335,0.80,adaptive,28,,0.0,0.0,0.0,0.0,95.11874999999992,10800.0,10800.0,10590.107895,0.0,0.0,0.0,0.0,0.0,0.0,0.0
B_adaptive,2025-03-20,2025-03-20,81,2025-03-20 13:30:00,2025-03-20 13:40:00,0.8623,6028.9848,6642.1795,6396.8916,7383.0511,-164.3599166666666,63.109783333333326,-101.25013333333328,0.80,adaptive,28,,0.0,0.0,0.0,0.0,102.19911666666668,10800.0,10800.0,10681.233015,0.0,0.0,0.0,0.0,0.0,0.0,0.0
B_adaptive,2025-03-20,2025-03-20,82,2025-03-20 13:40:00,2025-03-20 13:50:00,0.9026,6177.7813,6806.5377,6299.9773,7147.3017,-141.22073333333338,56.93456666666649,-84.2861666666669,0.80,adaptive,28,,0.0,0.0,0.0,0.0,104.79273333333336,10800.0,10800.0,10757.090565,0.0,0.0,0.0,0.0,0.0,0.0,0.0
B_adaptive,2025-03-20,2025-03-20,83,2025-03-20 13:50:00,2025-03-20 14:00:00,0.9754,6280.02,6799.95,6106.75,6693.1875,-97.73958333333331,51.97541666666666,-45.76416666666667,0.80,adaptive,28,,0.0,0.0,0.0,0.0,86.65499999999989,10800.0,10800.0,10798.278315,0.0,0.0,0.0,0.0,0.0,0.0,0.0
B_adaptive,2025-03-20,2025-03-20,84,2025-03-20 14:00:00,2025-03-20 14:10:00,1.0002,6283.4823,6453.6137,6255.132,6523.1977,-44.67761666666668,42.76463333333322,-1.9129833333334572,0.80,adaptive,28,,0.0,0.0,0.0,0.0,28.355233333333366,10800.0,10800.0,10800.0,0.0,0.0,0.0,0.0,0.0,0.0,0.0
B_adaptive,2025-03-20,2025-03-20,85,2025-03-20 14:10:00,2025-03-20 14:20:00,0.9978,6314.912,6203.5886,6265.1371,6319.7023,-9.0942,37.51568333333336,28.42148333333336,0.80,adaptive,28,,0.0,0.0,18.553900000000034,0.0,0.0,10800.0,10779.384555555556,10768.420574074074,0.0,0.0,2.0615444444444493,0.0,0.0,0.0,0.0
B_adaptive,2025-03-20,2025-03-20,86,2025-03-20 14:20:00,2025-03-20 14:30:00,1.0271,6352.79,6115.6875,6109.64,5933.475,29.360833333333325,41.27291666666679,70.6337500000001,0.80,adaptive,28,,0.0,0.0,39.517083333333325,0.0,0.0,10779.384555555556,10735.476685185184,10689.93862962963,0.0,0.0,4.390787037037038,0.0,0.0,0.0,0.0
B_adaptive,2025-03-20,2025-03-20,87,2025-03-20 14:30:00,2025-03-20 14:40:00,1.0906,6259.4213,5837.6616,6254.7096,5577.5788,112.85513333333331,57.74705,170.6021833333333,0.80,adaptive,28,,0.0,0.0,70.29328333333326,0.0,0.0,10735.476685185184,10657.373037037038,10500.38064814815,0.0,0.0,7.81036481481481,0.0,0.0,0.0,0.0
B_adaptive,2025-03-20,2025-03-20,88,2025-03-20 14:40:00,2025-03-20 14:50:00,0.9376,6190.1146,5431.9635,6398.0053,5382.184,169.30354999999992,55.83074999999994,225.13429999999985,0.80,adaptive,28,,0.0,0.0,126.35851666666667,0.0,0.0,10657.373037037038,10516.974685185183,10250.231425925927,0.0,0.0,14.039835185185192,0.0,0.0,0.0,0.0
B_adaptive,2025-03-20,2025-03-20,89,2025-03-20 14:50:00,2025-03-20 15:00:00,0.6694,6156.64,5072.775,6358.98,5305.2375,175.6237499999999,48.56166666666672,224.1854166666666,0.80,adaptive,28,,224.1854166666666,43.54124999999985,0.0,0.0,0.0,10516.974685185183,10556.161810185184,10250.231425925927,150.06971791666663,0.0,4.354124999999984,150.06971791666663,0.0,150.06971791666663,0.0
B_adaptive,2025-03-20,2025-03-20,90,2025-03-20 15:00:00,2025-03-20 15:10:00,0.66,6039.3659,4855.4545,6262.9226,5169.4135,182.2515166666667,43.22206666666665,225.47358333333332,0.80,adaptive,28,,836.3275545267472,270.93132201646057,0.0,0.0,368.0776658436201,10556.161810185184,10800.0,10800.0,551.9761859876533,0.0,27.09313220164605,551.9761859876533,0.0,551.9761859876533,0.0
B_adaptive,2025-03-20,2025-03-20,91,2025-03-20 15:10:00,2025-03-20 15:20:00,0.7217,6054.6789,4561.8383,6174.0028,4854.5331,219.9116166666668,44.54448333333334,264.4561000000001,0.80,adaptive,28,,264.4561000000001,0.0,0.0,0.0,15.649333333333516,10800.0,10800.0,10800.0,190.85796737000007,0.0,0.0,190.85796737000007,0.0,190.85796737000007,0.0
B_adaptive,2025-03-20,2025-03-20,92,2025-03-20 15:20:00,2025-03-20 15:30:00,0.7308,6187.68,4146.825,6169.43,4461.1125,284.71958333333333,53.41124999999994,338.13083333333327,0.80,adaptive,28,,338.13083333333327,0.0,2.0116666666667697,0.0,0.0,10800.0,10797.764814814816,10800.0,247.106013,0.0,0.22351851851853008,247.10601299999996,0.0,247.10601299999996,0.0
B_adaptive,2025-03-20,2025-03-20,93,2025-03-20 15:30:00,2025-03-20 15:40:00,0.7534,6195.3721,3778.6785,6264.8243,4216.6751,341.35819999999995,41.01813333333348,382.37633333333343,0.80,adaptive,28,,382.37633333333343,0.0,20.405933333333167,0.0,0.0,10797.764814814816,10775.091555555557,10800.0,288.0823295333334,0.0,2.2673259259259084,288.0823295333334,0.0,288.0823295333334,0.0
B_adaptive,2025-03-20,2025-03-20,94,2025-03-20 15:40:00,2025-03-20 15:50:00,0.7823,6186.1376,3471.4229,6126.1485,4038.9704,347.8630166666667,48.2497166666667,396.1127333333334,0.80,adaptive,28,,396.1127333333334,0.0,56.33971666666662,0.0,0.0,10775.091555555557,10712.49187037037,10800.0,309.8789912866667,0.0,6.259968518518516,309.8789912866667,0.0,309.8789912866667,0.0
B_adaptive,2025-03-20,2025-03-20,95,2025-03-20 15:50:00,2025-03-20 16:00:00,0.8055,6200.17,3156.225,5880.11,3796.9125,347.1995833333333,44.73416666666674,391.93375,0.80,adaptive,28,,391.93375,0.0,115.39041666666662,0.0,0.0,10712.49187037037,10584.280296296296,10800.0,315.702635625,0.0,12.821157407407409,315.70263562499997,0.0,315.70263562499997,0.0
B_adaptive,2025-03-20,2025-03-20,96,2025-03-20 16:00:00,2025-03-20 16:10:00,0.8271,6153.3743,2779.805,5993.8657,3419.8851,428.9967666666667,48.861666666666565,477.85843333333327,0.80,adaptive,28,,477.8584333333333,0.0,84.40311666666673,0.0,0.0,10584.280296296296,10490.499055555556,10800.0,395.23671021,0.0,9.378124074074085,395.23671020999996,0.0,395.23671020999996,0.0
B_adaptive,2025-03-20,2025-03-20,97,2025-03-20 16:10:00,2025-03-20 16:20:00,0.8519,6101.7592,2507.3559,6119.1519,2957.1473,527.0007666666666,38.23880000000008,565.2395666666666,0.80,adaptive,28,,565.2395666666666,0.0,33.82765000000006,0.0,0.0,10490.499055555556,10452.912777777778,10800.0,481.5275868433333,0.0,3.7586277777777863,481.5275868433333,0.0,481.5275868433333,0.0
B_adaptive,2025-03-20,2025-03-20,98,2025-03-20 16:20:00,2025-03-20 16:30:00,0.8791,6118.95,2334.4125,6080.34,2520.1125,593.3712499999999,21.862083333333374,615.2333333333333,0.80,adaptive,28,,615.2333333333333,0.0,15.52291666666656,0.0,0.0,10452.912777777778,10435.665092592591,10800.0,540.8516233333334,0.0,1.7247685185185075,540.8516233333334,0.0,540.8516233333334,0.0
B_adaptive,2025-03-20,2025-03-20,99,2025-03-20 16:30:00,2025-03-20 16:40:00,0.9024,6209.4949,2077.0816,6051.7025,2207.5327,640.6949666666667,29.62258333333341,670.3175500000001,0.80,adaptive,28,,670.3175500000001,0.0,18.417999999999893,0.0,0.0,10435.665092592591,10415.20064814815,10800.0,604.8945571200001,0.0,2.0464444444444334,604.8945571200001,0.0,604.8945571200001,0.0
B_adaptive,2025-03-20,2025-03-20,100,2025-03-20 16:40:00,2025-03-20 16:50:00,0.9163,6190.199,1733.8533,6078.2733,1939.6319,689.7735666666665,27.31759999999997,717.0911666666665,0.80,adaptive,28,,717.0911666666666,0.0,25.63311666666664,0.0,0.0,10415.20064814815,10386.719407407409,10800.0,657.0706360166666,0.0,2.8481240740740725,657.0706360166666,0.0,657.0706360166666,0.0
B_adaptive,2025-03-20,2025-03-20,101,2025-03-20 16:50:00,2025-03-20 17:00:00,0.9264,6102.19,1377.7125,6196.49,1642.05,759.0733333333333,24.890416666666624,783.9637499999999,0.80,adaptive,28,,783.9637499999999,0.0,3.4491666666665424,0.0,0.0,10386.719407407409,10382.887,10800.0,726.2640179999999,0.0,0.3832407407407271,726.2640179999999,0.0,726.2640179999999,0.0
B_adaptive,2025-03-20,2025-03-20,102,2025-03-20 17:00:00,2025-03-20 17:10:00,0.9462,6143.2969,1083.9022,6367.7307,1304.9072,843.8039166666667,25.34016666666668,869.1440833333334,0.80,adaptive,28,,869.1440833333334,25.91163333333327,0.0,0.0,0.0,10382.887,10406.20747,10800.0,822.3841316500001,0.0,2.5911633333333266,822.3841316500001,0.0,822.3841316500001,0.0
B_adaptive,2025-03-20,2025-03-20,103,2025-03-20 17:10:00,2025-03-20 17:20:00,0.9742,6075.0134,831.8823,6177.7386,973.3083,867.40505,24.714233333333368,892.1192833333333,0.80,adaptive,28,,892.1192833333334,18.26410000000021,0.0,0.0,0.0,10406.20747,10422.645160000002,10800.0,869.1026058233334,0.0,1.8264100000000205,869.1026058233334,0.0,869.1026058233334,0.0
B_adaptive,2025-03-20,2025-03-20,104,2025-03-20 17:20:00,2025-03-20 17:30:00,0.9862,6025.68,597.3375,5943.23,675.5625,877.9445833333332,20.084999999999923,898.0295833333331,0.80,adaptive,28,,898.0295833333331,0.0,6.694166666667002,0.0,0.0,10422.645160000002,10415.207197037038,10800.0,885.6367750833331,0.0,0.7437962962963338,885.6367750833331,0.0,885.6367750833331,0.0
B_adaptive,2025-03-20,2025-03-20,105,2025-03-20 17:30:00,2025-03-20 17:40:00,0.976,6213.4416,374.8971,6260.5833,408.3651,975.3697,22.11248333333333,997.4821833333332,0.80,adaptive,28,,997.4821833333332,24.39143333333334,0.0,0.0,0.0,10415.207197037038,10437.159487037035,10800.0,973.5426109333332,0.0,2.4391433333333334,973.5426109333332,0.0,973.5426109333332,0.0
B_adaptive,2025-03-20,2025-03-20,106,2025-03-20 17:40:00,2025-03-20 17:50:00,1.0742,5394.1467,156.1276,5643.5605,164.6811,913.1465666666666,21.76908333333336,934.91565,0.80,adaptive,28,,934.91565,61.91246666666655,0.0,0.0,0.0,10437.159487037035,10492.880707037037,10800.0,1004.28639123,0.0,6.191246666666654,1004.28639123,0.0,1004.28639123,0.0
B_adaptive,2025-03-20,2025-03-20,107,2025-03-20 17:50:00,2025-03-20 18:00:00,1.2313,4094.12,0.0,4339.62,0.0,723.27,33.309999999999945,756.5799999999999,0.80,adaptive,28,,756.5799999999999,74.22666666666669,0.0,0.0,0.0,10492.880707037037,10559.684707037037,10800.0,931.576954,0.0,7.422666666666667,931.576954,0.0,931.576954,0.0
B_adaptive,2025-03-20,2025-03-20,108,2025-03-20 18:00:00,2025-03-20 18:10:00,1.2561,4187.9837,0.0,4184.4013,0.0,697.4002166666667,17.745766666666782,715.1459833333334,0.80,adaptive,28,,715.1459833333334,17.14870000000019,0.0,0.0,0.0,10559.684707037037,10575.118537037037,10800.0,898.2948696650002,0.0,1.7148700000000185,898.2948696650002,0.0,898.2948696650002,0.0
B_adaptive,2025-03-20,2025-03-20,109,2025-03-20 18:10:00,2025-03-20 18:20:00,1.2447,4441.4267,5.5774,4355.2005,5.7982,724.9003833333333,18.079366666666715,742.97975,0.80,adaptive,28,,742.97975,3.6715333333334,0.0,0.0,0.0,10575.118537037037,10578.422917037036,10800.0,924.786894825,0.0,0.36715333333333994,924.7868948249999,0.0,924.7868948249999,0.0
B_adaptive,2025-03-20,2025-03-20,110,2025-03-20 18:20:00,2025-03-20 18:30:00,1.2545,4255.45,0.0,4309.15,0.0,718.1916666666666,33.68833333333333,751.8799999999999,0.80,adaptive,28,,751.8799999999999,42.63833333333332,0.0,0.0,0.0,10578.422917037036,10616.797417037036,10800.0,943.2334599999998,0.0,4.263833333333332,943.2334599999998,0.0,943.2334599999998,0.0
B_adaptive,2025-03-20,2025-03-20,111,2025-03-20 18:30:00,2025-03-20 18:40:00,1.2522,4286.5369,0.0,4354.2603,0.0,725.7100499999999,17.864016666666657,743.5740666666666,0.80,adaptive,28,,743.5740666666666,29.15124999999989,0.0,0.0,0.0,10616.797417037036,10643.033542037036,10800.0,931.1034462799998,0.0,2.9151249999999886,931.1034462799998,0.0,931.1034462799998,0.0
B_adaptive,2025-03-20,2025-03-20,112,2025-03-20 18:40:00,2025-03-20 18:50:00,1.2881,4470.2464,0.4004,4338.3067,0.4163,722.9817333333333,17.531433333333325,740.5131666666666,0.80,adaptive,28,,412.71763333333456,0.0,332.25669999999866,0.0,0.0,10643.033542037036,10273.859430925926,10435.782740740742,531.6215834966682,0.0,36.91741111111098,531.6215834966682,0.0,531.6215834966682,0.0
B_adaptive,2025-03-20,2025-03-20,113,2025-03-20 18:50:00,2025-03-20 19:00:00,1.3466,4579.24,0.0,4288.92,0.0,714.8199999999999,19.361666666666626,734.1816666666666,0.80,adaptive,28,,0.0,0.0,763.2066666666666,0.0,0.0,10273.859430925926,9425.85202351852,9620.025333333337,0.0,0.0,84.80074074074076,0.0,0.0,0.0,0.0
B_adaptive,2025-03-20,2025-03-20,114,2025-03-20 19:00:00,2025-03-20 19:10:00,1.3523,4480.3082,0.0,4415.0451,0.0,735.84085,15.542066666666642,751.3829166666667,0.80,adaptive,28,,0.0,0.0,746.7180333333333,0.0,0.0,9425.85202351852,8596.165319814816,8785.155425925926,0.0,0.0,82.9686703703704,0.0,0.0,0.0,0.0
B_adaptive,2025-03-20,2025-03-20,115,2025-03-20 19:10:00,2025-03-20 19:20:00,1.3445,4285.5618,0.0288,4447.7655,0.0299,741.2892666666667,17.82353333333333,759.1128,0.80,adaptive,28,,0.0,0.0,714.2555,0.0,0.0,8596.165319814816,7802.548097592594,7941.696759259259,0.0,0.0,79.36172222222226,0.0,0.0,0.0,0.0
B_adaptive,2025-03-20,2025-03-20,116,2025-03-20 19:20:00,2025-03-20 19:30:00,1.3483,4196.78,0.0,4430.96,0.0,738.4933333333333,24.069999999999936,762.5633333333333,0.80,adaptive,28,,0.0,0.0,699.4633333333333,0.0,0.0,7802.548097592594,7025.366616111112,7094.404166666666,0.0,0.0,77.71814814814817,0.0,0.0,0.0,0.0
B_adaptive,2025-03-20,2025-03-20,117,2025-03-20 19:30:00,2025-03-20 19:40:00,1.349,4330.8684,0.0,4648.3362,0.0,774.7226999999999,17.09996666666666,791.8226666666666,0.80,adaptive,28,,0.0,0.0,721.8114,0.0,0.0,7025.366616111112,6223.353949444446,6214.601203703704,0.0,0.0,80.20126666666671,0.0,0.0,0.0,0.0
B_adaptive,2025-03-20,2025-03-20,118,2025-03-20 19:40:00,2025-03-20 19:50:00,1.3473,4370.9481,0.0021,4630.751,0.0021,771.7914833333334,14.584383333333337,786.3758666666668,0.80,adaptive,28,,0.0,0.0,728.491,0.0,0.0,6223.353949444446,5413.919505000002,5340.85024074074,0.0,0.0,80.94344444444448,0.0,0.0,0.0,0.0
B_adaptive,2025-03-20,2025-03-20,119,2025-03-20 19:50:00,2025-03-20 20:00:00,1.3482,4358.21,0.0,4405.57,0.0,734.2616666666665,18.94999999999993,753.2116666666665,0.80,adaptive,28,,0.0,0.0,726.3683333333333,0.0,0.0,5413.919505000002,4606.843579074076,4503.948388888889,0.0,0.0,80.70759259259263,0.0,0.0,0.0,0.0
B_adaptive,2025-03-20,2025-03-20,120,2025-03-20 20:00:00,2025-03-20 20:10:00,1.3513,4586.0191,0.0,4459.9096,0.0,743.3182666666667,13.912816666666686,757.2310833333333,0.80,adaptive,28,,0.0,0.0,764.3365166666667,0.0,0.0,4606.843579074076,3757.58078277778,3662.580518518519,0.0,0.0,84.92627962962968,0.0,0.0,0.0,0.0
B_adaptive,2025-03-20,2025-03-20,121,2025-03-20 20:10:00,2025-03-20 20:20:00,1.34,4523.6629,0.0,4389.7527,0.0,731.62545,18.0460833333334,749.6715333333334,0.80,adaptive,28,,0.0,0.0,753.9438166666666,0.0,0.0,3757.58078277778,2919.865430925928,2829.612148148148,0.0,0.0,83.77153518518521,0.0,0.0,0.0,0.0
B_adaptive,2025-03-20,2025-03-20,122,2025-03-20 20:20:00,2025-03-20 20:30:00,1.3489,4215.37,0.0,4195.37,0.0,699.2283333333332,22.285000000000025,721.5133333333333,0.80,adaptive,28,,0.0,0.0,702.5616666666666,0.0,0.0,2919.865430925928,2139.241356851854,2027.9306666666664,0.0,0.0,78.06240740740743,0.0,0.0,0.0,0.0
B_adaptive,2025-03-20,2025-03-20,123,2025-03-20 20:30:00,2025-03-20 20:40:00,1.3952,4256.2469,0.0,4327.8811,0.0,721.3135166666666,23.824083333333363,745.1376,0.80,adaptive,28,,0.0,0.0,709.3744833333333,0.0,0.0,2139.241356851854,1351.0474864814837,1200.0,0.0,0.0,78.81938703703706,0.0,0.0,0.0,0.0
B_adaptive,2025-03-20,2025-03-20,124,2025-03-20 20:40:00,2025-03-20 20:50:00,1.2226,4319.0159,0.0,4512.0344,0.0,752.0057333333332,17.779016666666735,769.7847499999999,0.80,adaptive,28,,769.7847499999999,49.94876666666653,0.0,0.0,0.0,1351.0474864814837,1396.0013764814837,1200.0,941.1388353499998,0.0,4.994876666666652,941.1388353499998,0.0,941.1388353499998,0.0
B_adaptive,2025-03-20,2025-03-20,125,2025-03-20 20:50:00,2025-03-20 21:00:00,0.9332,4257.25,0.0,4484.87,0.0,747.4783333333332,28.518333333333374,775.9966666666667,0.80,adaptive,28,,775.9966666666667,66.45500000000004,0.0,0.0,0.0,1396.0013764814837,1455.8108764814835,1200.0,724.1600893333333,0.0,6.645500000000003,724.1600893333333,0.0,724.1600893333333,0.0
B_adaptive,2025-03-20,2025-03-20,126,2025-03-20 21:00:00,2025-03-20 21:10:00,0.9068,4290.2681,0.0,4273.0646,0.0,712.1774333333333,20.06291666666675,732.24035,0.80,adaptive,28,,732.24035,17.19566666666674,0.0,0.0,0.0,1455.8108764814835,1471.2869764814836,1200.0,663.99554938,0.0,1.7195666666666736,663.99554938,0.0,663.99554938,0.0
B_adaptive,2025-03-20,2025-03-20,127,2025-03-20 21:10:00,2025-03-20 21:20:00,0.9371,4418.7036,0.0,4239.7897,0.0,706.6316166666667,22.373416666666685,729.0050333333334,0.80,adaptive,28,,729.0050333333334,0.0,7.445566666666536,0.0,0.0,1471.2869764814836,1463.014124629632,1200.0,683.1506167366667,0.0,0.827285185185171,683.1506167366667,0.0,683.1506167366667,0.0
B_adaptive,2025-03-20,2025-03-20,128,2025-03-20 21:20:00,2025-03-20 21:30:00,0.9371,4553.6,0.0,4406.58,0.0,734.43,22.77666666666664,757.2066666666666,0.80,adaptive,28,,757.2066666666666,0.0,1.7266666666668016,0.0,0.0,1463.014124629632,1461.0956061111133,1200.0,709.5783673333333,0.0,0.19185185185186693,709.5783673333333,0.0,709.5783673333333,0.0
B_adaptive,2025-03-20,2025-03-20,129,2025-03-20 21:30:00,2025-03-20 21:40:00,0.9871,4526.2528,0.0,4390.6494,0.0,731.7749,12.16478333333339,743.9396833333334,0.80,adaptive,28,,743.9396833333335,0.0,10.43578333333312,0.0,0.0,1461.0956061111133,1449.5002912962989,1200.0,734.3428614183335,0.0,1.1595314814814583,734.3428614183335,0.0,734.3428614183335,0.0
B_adaptive,2025-03-20,2025-03-20,130,2025-03-20 21:40:00,2025-03-20 21:50:00,0.7764,4001.6252,0.0,3913.3811,0.0,652.2301833333333,18.00023333333337,670.2304166666668,0.80,adaptive,28,,670.2304166666668,3.292883333333521,0.0,0.0,0.0,1449.5002912962989,1452.4638862962988,1200.0,520.3668955,0.0,0.329288333333352,520.3668955,0.0,520.3668955,0.0
B_adaptive,2025-03-20,2025-03-20,131,2025-03-20 21:50:00,2025-03-20 22:00:00,0.4209,3318.94,0.0,3346.61,0.0,557.7683333333333,30.769999999999985,588.5383333333333,0.80,adaptive,28,,1421.8716666666664,833.3333333333333,0.0,0.0,35.38166666666655,1452.4638862962988,2202.463886296299,1950.0,598.4657844999999,0.0,83.3333333333333,598.4657844999999,0.0,598.4657844999999,0.0
B_adaptive,2025-03-20,2025-03-20,132,2025-03-20 22:00:00,2025-03-20 22:10:00,0.3859,3233.4088,0.0,3373.0005,0.0,562.16675,27.100149999999985,589.2669,0.80,adaptive,28,,1422.600233333333,833.3333333333333,0.0,0.0,50.36543333333316,2202.463886296299,2952.463886296299,2700.0,548.9814300433333,0.0,83.3333333333333,548.9814300433333,0.0,548.9814300433333,0.0
B_adaptive,2025-03-20,2025-03-20,133,2025-03-20 22:10:00,2025-03-20 22:20:00,0.4368,3319.971,0.0,3465.5966,0.0,577.5994333333333,14.584066666666672,592.1835,0.80,adaptive,28,,1258.8501666666646,705.5216666666646,0.0,0.0,0.0,2952.463886296299,3587.4333862962967,3299.999999999998,549.8657527999991,0.0,70.55216666666644,549.8657527999991,0.0,549.8657527999991,0.0
B_adaptive,2025-03-20,2025-03-20,134,2025-03-20 22:20:00,2025-03-20 22:30:00,0.4198,3255.84,0.0,3381.63,0.0,563.605,22.411666666666747,586.0166666666668,0.80,adaptive,28,,1419.35,833.3333333333333,0.0,0.0,43.376666666666665,3587.4333862962967,4337.433386296297,4049.999999999998,595.84313,0.0,83.3333333333333,595.84313,0.0,595.84313,0.0
B_adaptive,2025-03-20,2025-03-20,135,2025-03-20 22:30:00,2025-03-20 22:40:00,0.4186,3144.1326,0.0,3375.153,0.0,562.5255,26.99753333333331,589.5230333333333,0.80,adaptive,28,,1422.8563666666664,833.3333333333333,0.0,0.0,65.50093333333325,4337.433386296297,5087.433386296297,4799.999999999998,595.6076750866666,0.0,83.3333333333333,595.6076750866666,0.0,595.6076750866666,0.0
B_adaptive,2025-03-20,2025-03-20,136,2025-03-20 22:40:00,2025-03-20 22:50:00,0.4241,3161.8174,0.0,3326.3207,0.0,554.3867833333334,28.078083333333325,582.4648666666667,0.80,adaptive,28,,1415.7982,833.3333333333333,0.0,0.0,55.49530000000004,5087.433386296297,5837.433386296297,5549.999999999998,600.4400166199999,0.0,83.3333333333333,600.4400166199999,0.0,600.4400166199999,0.0
B_adaptive,2025-03-20,2025-03-20,137,2025-03-20 22:50:00,2025-03-20 23:00:00,0.4237,3296.4,0.0,3298.16,0.0,549.6933333333333,27.47166666666669,577.165,0.80,adaptive,28,,1410.4983333333332,833.3333333333333,0.0,0.0,27.764999999999983,5837.433386296297,6587.433386296297,6299.999999999998,597.6281438333333,0.0,83.3333333333333,597.6281438333333,0.0,597.6281438333333,0.0
B_adaptive,2025-03-20,2025-03-20,138,2025-03-20 23:00:00,2025-03-20 23:10:00,0.4248,3356.4081,0.0,3488.4212,0.0,581.4035333333334,20.99095000000011,602.3944833333335,0.80,adaptive,28,,1435.7278166666667,833.3333333333333,0.0,0.0,42.9931333333335,6587.433386296297,7337.433386296297,7049.999999999998,609.89717652,0.0,83.3333333333333,609.89717652,0.0,609.89717652,0.0
B_adaptive,2025-03-20,2025-03-20,139,2025-03-20 23:10:00,2025-03-20 23:20:00,0.424,3261.7676,0.0,3525.4193,0.0,587.5698833333333,24.53320000000008,612.1030833333334,0.80,adaptive,28,,1445.436416666667,833.3333333333333,0.0,0.0,68.4751500000001,7337.433386296297,8087.433386296297,7799.999999999998,612.8650406666667,0.0,83.3333333333333,612.8650406666668,0.0,612.8650406666668,0.0
B_adaptive,2025-03-20,2025-03-20,140,2025-03-20 23:20:00,2025-03-20 23:30:00,0.422,3267.73,0.0,3418.47,0.0,569.7449999999999,23.088333333333367,592.8333333333333,0.80,adaptive,28,,1426.1666666666663,833.3333333333333,0.0,0.0,48.21166666666659,8087.433386296297,8837.433386296296,8549.999999999998,601.8423333333333,0.0,83.3333333333333,601.8423333333332,0.0,601.8423333333332,0.0
B_adaptive,2025-03-20,2025-03-20,141,2025-03-20 23:30:00,2025-03-20 23:40:00,0.424,3604.076,0.0,3469.7557,0.0,578.2926166666666,15.256899999999971,593.5495166666666,0.80,adaptive,28,,1426.88285,826.2035166666667,0.0,0.0,0.0,8837.433386296296,9581.016551296296,9299.999999999998,604.9983284,0.0,82.62035166666665,604.9983284,0.0,604.9983284,0.0
B_adaptive,2025-03-20,2025-03-20,142,2025-03-20 23:40:00,2025-03-20 23:50:00,0.4271,3245.8691,0.0,3090.0777,0.0,515.0129499999999,26.59960000000001,541.6125499999999,0.80,adaptive,28,,1374.9458833333333,833.3333333333333,0.0,0.0,0.6343666666667787,9581.016551296296,10331.016551296296,10049.999999999998,587.2393867716667,0.0,83.3333333333333,587.2393867716667,0.0,587.2393867716667,0.0
B_adaptive,2025-03-20,2025-03-20,143,2025-03-20 23:50:00,2025-03-21 00:00:00,0.4276,2401.0,0.0,2440.31,0.0,406.7183333333333,28.039999999999964,434.75833333333327,0.80,adaptive,28,,1268.091666666669,521.0927207818935,0.0,0.0,346.83227921810885,10331.016551296296,10800.0,10800.0,542.2359966666676,0.0,52.109272078189335,542.2359966666676,0.0,542.2359966666676,0.0
B_adaptive,2025-06-21,2025-06-21,0,2025-06-21 00:00:00,2025-06-21 00:10:00,0.4248,3087.9838,0.0,3292.2207,0.0,548.70345,31.37731666666673,580.0807666666667,0.65,adaptive,28,,580.080766666666,0.0,0.0,0.0,65.4167999999994,10800.0,10800.0,10800.0,246.4183096799997,0.0,0.0,246.41830967999974,0.0,246.41830967999974,0.0
B_adaptive,2025-06-21,2025-06-21,1,2025-06-21 00:10:00,2025-06-21 00:20:00,0.4245,3200.0919,0.0,3247.762,0.0,541.2936666666667,37.111916666666616,578.4055833333333,0.65,adaptive,28,,578.4055833333333,0.0,0.0,0.0,45.05693333333341,10800.0,10800.0,10800.0,245.533170125,0.0,0.0,245.533170125,0.0,245.533170125,0.0
B_adaptive,2025-06-21,2025-06-21,2,2025-06-21 00:20:00,2025-06-21 00:30:00,0.4269,3401.46,0.0,3135.42,0.0,522.5699999999999,51.72333333333336,574.2933333333333,0.65,adaptive,28,,574.2933333333333,0.0,0.0,0.0,7.383333333333326,10800.0,10800.0,10800.0,245.165824,0.0,0.0,245.165824,0.0,245.165824,0.0
B_adaptive,2025-06-21,2025-06-21,3,2025-06-21 00:30:00,2025-06-21 00:40:00,0.4272,3063.5261,0.0,3144.8943,0.0,524.14905,27.316583333333256,551.4656333333332,0.65,adaptive,28,,551.4656333333332,0.0,0.0,0.0,40.87794999999994,10800.0,10800.0,10800.0,235.58611856,0.0,0.0,235.58611856,0.0,235.58611856,0.0
B_adaptive,2025-06-21,2025-06-21,4,2025-06-21 00:40:00,2025-06-21 00:50:00,0.4271,2820.2572,0.0,3189.3566,0.0,531.5594333333333,31.747799999999984,563.3072333333333,0.65,adaptive,28,,563.3072333333333,0.0,0.0,0.0,93.26436666666666,10800.0,10800.0,10800.0,240.5885193566667,0.0,0.0,240.58851935666667,0.0,240.58851935666667,0.0
B_adaptive,2025-06-21,2025-06-21,5,2025-06-21 00:50:00,2025-06-21 01:00:00,0.4285,2883.38,0.0,3191.86,0.0,531.9766666666667,36.13499999999999,568.1116666666667,0.65,adaptive,28,,568.1116666666667,0.0,0.0,0.0,87.54833333333335,10800.0,10800.0,10800.0,243.43584916666663,0.0,0.0,243.43584916666666,0.0,243.43584916666666,0.0
B_adaptive,2025-06-21,2025-06-21,6,2025-06-21 01:00:00,2025-06-21 01:10:00,0.4311,2869.9796,0.0,3141.3129,0.0,523.55215,30.94768333333332,554.4998333333333,0.65,adaptive,28,,554.4998333333333,0.0,0.0,0.0,76.16989999999998,10800.0,10800.0,10800.0,239.04487815,0.0,0.0,239.04487815,0.0,239.04487815,0.0
B_adaptive,2025-06-21,2025-06-21,7,2025-06-21 01:10:00,2025-06-21 01:20:00,0.4302,2985.8287,0.0,2978.2906,0.0,496.3817666666666,18.857849999999985,515.2396166666666,0.65,adaptive,28,,515.2396166666666,0.0,0.0,0.0,17.601499999999987,10800.0,10800.0,10800.0,221.65608309,0.0,0.0,221.65608308999998,0.0,221.65608308999998,0.0
B_adaptive,2025-06-21,2025-06-21,8,2025-06-21 01:20:00,2025-06-21 01:30:00,0.4279,3164.18,0.0,2859.96,0.0,476.66,24.00666666666666,500.6666666666666,0.65,adaptive,28,,500.6666666666666,0.0,26.6966666666666,0.0,0.0,10800.0,10770.337037037038,10800.0,214.23526666666663,0.0,2.9662962962962904,214.23526666666663,0.0,214.23526666666663,0.0
B_adaptive,2025-06-21,2025-06-21,9,2025-06-21 01:30:00,2025-06-21 01:40:00,0.4312,3064.8457,0.0,2991.4169,0.0,498.5694833333333,21.18583333333328,519.7553166666667,0.65,adaptive,28,,519.7553166666667,8.947700000000054,0.0,0.0,0.0,10770.337037037038,10778.389967037036,10800.0,224.1184925466667,0.0,0.8947700000000053,224.1184925466667,0.0,224.1184925466667,0.0
B_adaptive,2025-06-21,2025-06-21,10,2025-06-21 01:40:00,2025-06-21 01:50:00,0.4333,2954.0459,0.0,2886.449,0.0,481.0748333333333,9.363816666666594,490.43865,0.65,adaptive,28,,490.43865,0.0,1.902333333333388,0.0,0.0,10778.389967037036,10776.276263333331,10800.0,212.507067045,0.0,0.21137037037037654,212.507067045,0.0,212.507067045,0.0
B_adaptive,2025-06-21,2025-06-21,11,2025-06-21 01:50:00,2025-06-21 02:00:00,0.4311,2994.62,0.0,2684.58,0.0,447.43,8.831666666666592,456.26166666666654,0.65,adaptive,28,,456.26166666666654,0.0,42.841666666666754,0.0,0.0,10776.276263333331,10728.67441148148,10800.0,196.69440449999996,0.0,4.760185185185197,196.69440449999993,0.0,196.69440449999993,0.0
B_adaptive,2025-06-21,2025-06-21,12,2025-06-21 02:00:00,2025-06-21 02:10:00,0.4293,3072.4014,0.0,2981.874,0.0,496.9789999999999,19.1971166666666,516.1761166666665,0.65,adaptive,28,,516.1761166666665,4.109216666666498,0.0,0.0,0.0,10728.67441148148,10732.37270648148,10800.0,221.594406885,0.0,0.4109216666666497,221.59440688499996,0.0,221.59440688499996,0.0
B_adaptive,2025-06-21,2025-06-21,13,2025-06-21 02:10:00,2025-06-21 02:20:00,0.4324,3013.1015,0.0,3040.3061,0.0,506.7176833333333,23.29253333333338,530.0102166666667,0.65,adaptive,28,,530.0102166666667,27.826633333333348,0.0,0.0,0.0,10732.37270648148,10757.416676481482,10800.0,229.17641768666667,0.0,2.782663333333334,229.17641768666667,0.0,229.17641768666667,0.0
B_adaptive,2025-06-21,2025-06-21,14,2025-06-21 02:20:00,2025-06-21 02:30:00,0.4367,2838.75,0.0,2782.61,0.0,463.7683333333333,20.13833333333332,483.9066666666666,0.65,adaptive,28,,0.0,0.0,473.125,0.0,0.0,10757.416676481482,10231.722232037037,10262.325925925928,0.0,0.0,52.56944444444447,0.0,0.0,0.0,0.0
B_adaptive,2025-06-21,2025-06-21,15,2025-06-21 02:30:00,2025-06-21 02:40:00,0.4348,2749.9199,0.0,2861.4034,0.0,476.9005666666667,30.80843333333325,507.709,0.65,adaptive,28,,507.709,49.38901666666664,0.0,0.0,0.0,10231.722232037037,10276.172347037036,10262.325925925928,220.7518732,0.0,4.938901666666663,220.7518732,0.0,220.7518732,0.0
B_adaptive,2025-06-21,2025-06-21,16,2025-06-21 02:40:00,2025-06-21 02:50:00,0.4335,2820.5847,0.0,2863.2888,0.0,477.2148,21.223749999999995,498.43855,0.65,adaptive,28,,498.43855,28.341099999999983,0.0,0.0,0.0,10276.172347037036,10301.679337037036,10262.325925925928,216.073111425,0.0,2.8341099999999977,216.073111425,0.0,216.073111425,0.0
B_adaptive,2025-06-21,2025-06-21,17,2025-06-21 02:50:00,2025-06-21 03:00:00,0.4357,2936.24,0.0,2706.74,0.0,451.1233333333333,18.36500000000001,469.4883333333333,0.65,adaptive,28,,0.0,0.0,489.3733333333333,0.0,0.0,10301.679337037036,9757.931188888888,9740.672222222223,0.0,0.0,54.37481481481483,0.0,0.0,0.0,0.0
B_adaptive,2025-06-21,2025-06-21,18,2025-06-21 03:00:00,2025-06-21 03:10:00,0.4374,2920.1894,0.0012,2767.5101,0.0016,461.2514166666666,15.797199999999975,477.0486166666666,0.65,adaptive,28,,0.0,0.0,486.6980333333333,0.0,0.0,9757.931188888888,9217.155596296296,9210.618203703703,0.0,0.0,54.077559259259274,0.0,0.0,0.0,0.0
B_adaptive,2025-06-21,2025-06-21,19,2025-06-21 03:10:00,2025-06-21 03:20:00,0.4371,2951.0328,0.0,2826.5835,0.0,471.09725,12.96244999999999,484.0597,0.65,adaptive,28,,0.0,0.0,491.8388,0.0,0.0,9217.155596296296,8670.66804074074,8672.774092592594,0.0,0.0,54.64875555555558,0.0,0.0,0.0,0.0
B_adaptive,2025-06-21,2025-06-21,20,2025-06-21 03:20:00,2025-06-21 03:30:00,0.4356,2977.51,0.0,2821.38,0.0,470.23,19.924999999999955,490.155,0.65,adaptive,28,,0.0,0.0,496.25166666666667,0.0,0.0,8670.66804074074,8119.2773,8128.157425925927,0.0,0.0,55.139074074074095,0.0,0.0,0.0,0.0
B_adaptive,2025-06-21,2025-06-21,21,2025-06-21 03:30:00,2025-06-21 03:40:00,0.4353,2780.298,0.0162,2923.502,0.0221,487.24664999999993,20.226466666666624,507.47311666666656,0.65,adaptive,28,,126.78848333333326,0.0,336.59181666666666,0.0,0.0,8119.2773,7745.286392592592,7705.174500000001,55.19102679499997,0.0,37.39909074074075,55.19102679499997,0.0,55.19102679499997,0.0
B_adaptive,2025-06-21,2025-06-21,22,2025-06-21 03:40:00,2025-06-21 03:50:00,0.436,2728.3059,0.0,2996.6877,0.0,499.44795,14.47823333333332,513.9261833333333,0.65,adaptive,28,,0.0,0.0,454.71765,0.0,0.0,7745.286392592592,7240.044559259259,7134.145407407408,0.0,0.0,50.524183333333355,0.0,0.0,0.0,0.0
B_adaptive,2025-06-21,2025-06-21,23,2025-06-21 03:50:00,2025-06-21 04:00:00,0.4378,2862.19,0.0,2885.8,0.0,480.9666666666667,7.288333333333298,488.255,0.65,adaptive,28,,0.0,0.0,477.0316666666666,0.0,0.0,7240.044559259259,6710.009374074074,6591.639851851853,0.0,0.0,53.00351851851853,0.0,0.0,0.0,0.0
B_adaptive,2025-06-21,2025-06-21,24,2025-06-21 04:00:00,2025-06-21 04:10:00,0.4401,2845.9182,0.2263,2608.6737,0.3079,434.7276333333333,19.128450000000043,453.8560833333333,0.65,adaptive,28,,0.0,0.0,474.28198333333336,0.0,0.0,6710.009374074074,6183.029392592593,6087.355314814816,0.0,0.0,52.69799814814817,0.0,0.0,0.0,0.0
B_adaptive,2025-06-21,2025-06-21,25,2025-06-21 04:10:00,2025-06-21 04:20:00,0.4389,2748.951,0.0,2602.2534,0.0,433.7089,14.051500000000033,447.7604,0.65,adaptive,28,,0.0,0.0,458.1585,0.0,0.0,6183.029392592593,5673.964392592593,5589.84375925926,0.0,0.0,50.90650000000002,0.0,0.0,0.0,0.0
B_adaptive,2025-06-21,2025-06-21,26,2025-06-21 04:20:00,2025-06-21 04:30:00,0.4364,2677.31,0.0,2799.89,0.0,466.6483333333333,21.061666666666667,487.71,0.65,adaptive,28,,0.0,0.0,446.2183333333333,0.0,0.0,5673.964392592593,5178.166244444445,5047.943759259259,0.0,0.0,49.57981481481483,0.0,0.0,0.0,0.0
B_adaptive,2025-06-21,2025-06-21,27,2025-06-21 04:30:00,2025-06-21 04:40:00,0.4393,2660.8713,3.1516,2720.8463,4.2881,452.7597,12.856416666666746,465.6161166666667,0.65,adaptive,28,,0.0,0.0,442.9532833333333,0.0,0.0,5178.166244444445,4685.99592962963,4530.592518518519,0.0,0.0,49.2170314814815,0.0,0.0,0.0,0.0
B_adaptive,2025-06-21,2025-06-21,28,2025-06-21 04:40:00,2025-06-21 04:50:00,0.4422,2702.3205,0.0,2641.2198,0.0,440.2033,13.731750000000034,453.93505,0.65,adaptive,28,,0.0,0.0,450.38675,0.0,0.0,4685.99592962963,4185.566207407408,4026.220240740741,0.0,0.0,50.04297222222225,0.0,0.0,0.0,0.0
B_adaptive,2025-06-21,2025-06-21,29,2025-06-21 04:50:00,2025-06-21 05:00:00,0.4395,2732.32,7.275,2632.74,8.7375,437.3337499999999,7.269583333333287,444.6033333333332,0.65,adaptive,28,,0.0,0.0,454.1741666666667,0.0,0.0,4185.566207407408,3680.928244444445,3532.216537037037,0.0,0.0,50.46379629629632,0.0,0.0,0.0,0.0
B_adaptive,2025-06-21,2025-06-21,30,2025-06-21 05:00:00,2025-06-21 05:10:00,0.4333,2664.7178,116.7655,2502.539,152.8995,391.6065833333333,9.051999999999907,400.6585833333333,0.65,adaptive,28,,400.6585833333333,0.0,24.000133333333395,0.0,0.0,3680.928244444445,3654.26142962963,3532.216537037037,173.6053641583333,0.0,2.6666814814814894,173.60536415833332,0.0,173.60536415833332,0.0
B_adaptive,2025-06-21,2025-06-21,31,2025-06-21 05:10:00,2025-06-21 05:20:00,0.4439,2606.871,263.9703,2578.8036,339.8186,373.1641666666667,9.657600000000002,382.8217666666667,0.65,adaptive,28,,0.0,0.0,390.48345,0.0,0.0,3654.26142962963,3220.39092962963,3106.8590185185185,0.0,0.0,43.387050000000016,0.0,0.0,0.0,0.0
B_adaptive,2025-06-21,2025-06-21,32,2025-06-21 05:20:00,2025-06-21 05:30:00,0.4301,2642.15,417.075,2833.56,525.2625,384.71625,13.706666666666706,398.42291666666665,0.65,adaptive,28,,398.42291666666665,27.57708333333329,0.0,0.0,0.0,3220.39092962963,3245.21030462963,3106.8590185185185,171.3616964583333,0.0,2.7577083333333285,171.3616964583333,0.0,171.3616964583333,0.0
B_adaptive,2025-06-21,2025-06-21,33,2025-06-21 05:30:00,2025-06-21 05:40:00,0.3713,2745.0641,587.5961,2871.5102,736.5288,355.8302333333333,12.352516666666588,368.18275,0.65,adaptive,28,,368.18275,8.604749999999967,0.0,0.0,0.0,3245.21030462963,3252.95457962963,3106.8590185185185,136.70625507499997,0.0,0.8604749999999965,136.706255075,0.0,136.706255075,0.0
B_adaptive,2025-06-21,2025-06-21,34,2025-06-21 05:40:00,2025-06-21 05:50:00,0.5708,2758.042,735.8325,2789.4328,959.2791,305.0256166666667,10.631316666666637,315.6569333333333,0.65,adaptive,28,,0.0,0.0,337.0349166666666,0.0,0.0,3252.95457962963,2878.471338888889,2756.1290925925928,0.0,0.0,37.44832407407409,0.0,0.0,0.0,0.0
B_adaptive,2025-06-21,2025-06-21,35,2025-06-21 05:50:00,2025-06-21 06:00:00,0.9099,2741.64,890.7,2768.88,1180.05,264.805,14.023333333333312,278.8283333333333,0.65,adaptive,28,,0.0,0.0,308.48999999999995,0.0,0.0,2878.471338888889,2535.704672222223,2446.319833333333,0.0,0.0,34.27666666666668,0.0,0.0,0.0,0.0
B_adaptive,2025-06-21,2025-06-21,36,2025-06-21 06:00:00,2025-06-21 06:10:00,0.9368,2888.7304,1136.9554,2863.8437,1397.0577,244.4643333333333,19.188366666666752,263.65270000000004,0.65,adaptive,28,,0.0,0.0,291.9625,0.0,0.0,2535.704672222223,2211.301894444445,2153.372388888889,0.0,0.0,32.44027777777779,0.0,0.0,0.0,0.0
B_adaptive,2025-06-21,2025-06-21,37,2025-06-21 06:10:00,2025-06-21 06:20:00,0.8758,2932.231,1453.4028,2808.6146,1606.6151,200.33325,18.568616666666514,218.90186666666648,0.65,adaptive,28,,0.0,0.0,246.47136666666668,0.0,0.0,2211.301894444445,1937.4448203703712,1910.148092592593,0.0,0.0,27.38570740740742,0.0,0.0,0.0,0.0
B_adaptive,2025-06-21,2025-06-21,38,2025-06-21 06:20:00,2025-06-21 06:30:00,0.8759,2764.02,1765.9125,2621.69,1807.2,135.7483333333333,21.00708333333353,156.75541666666686,0.65,adaptive,28,,0.0,0.0,166.35125,0.0,0.0,1937.4448203703712,1752.610098148149,1735.9754074074076,0.0,0.0,18.48347222222223,0.0,0.0,0.0,0.0
B_adaptive,2025-06-21,2025-06-21,39,2025-06-21 06:30:00,2025-06-21 06:40:00,0.8601,2606.6137,2022.3026,2617.437,2000.3548,102.8470333333333,26.014499999999984,128.86153333333328,0.65,adaptive,28,,0.0,0.0,97.38518333333332,0.0,0.0,1752.610098148149,1644.40433888889,1592.7959259259262,0.0,0.0,10.82057592592593,0.0,0.0,0.0,0.0
B_adaptive,2025-06-21,2025-06-21,40,2025-06-21 06:40:00,2025-06-21 06:50:00,0.8442,2867.7649,2350.4923,2834.3885,2192.9589,106.90493333333332,23.115899999999925,130.02083333333326,0.65,adaptive,28,,0.0,0.0,86.21210000000004,0.0,0.0,1644.40433888889,1548.6131166666676,1448.3283333333336,0.0,0.0,9.57912222222223,0.0,0.0,0.0,0.0
B_adaptive,2025-06-21,2025-06-21,41,2025-06-21 06:50:00,2025-06-21 07:00:00,0.8334,3304.27,2699.25,3131.11,2488.1625,107.1579166666667,34.38625000000002,141.5441666666667,0.65,adaptive,28,,0.0,0.0,100.83666666666666,0.0,0.0,1548.6131166666676,1436.5723759259267,1291.0570370370372,0.0,0.0,11.204074074074079,0.0,0.0,0.0,0.0
B_adaptive,2025-06-21,2025-06-21,42,2025-06-21 07:00:00,2025-06-21 07:10:00,0.8092,3254.3169,2874.6231,3294.7013,2986.6862,51.33585000000001,26.09623333333332,77.43208333333332,0.65,adaptive,28,,0.0,0.0,63.2823,0.0,0.0,1436.5723759259267,1366.25870925926,1205.021388888889,0.0,0.0,7.03136666666667,0.0,0.0,0.0,0.0
B_adaptive,2025-06-21,2025-06-21,43,2025-06-21 07:10:00,2025-06-21 07:20:00,0.7972,3137.5948,3006.0287,3261.0929,3412.6444,-25.258583333333338,29.77783333333349,4.519250000000152,0.65,adaptive,28,,0.0,0.0,21.92768333333333,0.0,0.0,1366.25870925926,1341.8946166666674,1200.0,0.0,0.0,2.43640925925926,0.0,0.0,0.0,0.0
B_adaptive,2025-06-21,2025-06-21,44,2025-06-21 07:20:00,2025-06-21 07:30:00,0.7644,3174.85,3224.8875,3155.75,3690.2625,-89.08541666666663,34.706250000000125,-54.37916666666651,0.65,adaptive,28,,0.0,8.339583333333318,0.0,0.0,0.0,1341.8946166666674,1349.4002416666674,1200.0,0.0,0.0,0.8339583333333316,0.0,0.0,0.0,0.0
B_adaptive,2025-06-21,2025-06-21,45,2025-06-21 07:30:00,2025-06-21 07:40:00,0.6899,3159.7263,3537.527,3173.0118,3974.9372,-133.65423333333325,10.867733333333264,-122.7865,0.65,adaptive,28,,0.0,62.96678333333337,0.0,0.0,0.0,1349.4002416666674,1406.070346666667,1200.0,0.0,0.0,6.296678333333335,0.0,0.0,0.0,0.0
B_adaptive,2025-06-21,2025-06-21,46,2025-06-21 07:40:00,2025-06-21 07:50:00,0.86,3087.5763,3785.3986,3186.3298,4172.0564,-164.28776666666673,35.19425000000001,-129.09351666666672,0.65,adaptive,28,,0.0,116.30371666666665,0.0,0.0,0.0,1406.070346666667,1510.7436916666672,1200.0,0.0,0.0,11.630371666666662,0.0,0.0,0.0,0.0
B_adaptive,2025-06-21,2025-06-21,47,2025-06-21 07:50:00,2025-06-21 08:00:00,1.1617,3062.36,4003.425,3174.31,4269.825,-182.5858333333333,58.5916666666667,-123.99416666666662,0.65,adaptive,28,,0.0,156.84416666666667,0.0,0.0,0.0,1510.7436916666672,1651.9034416666673,1200.0,0.0,0.0,15.684416666666664,0.0,0.0,0.0,0.0
B_adaptive,2025-06-21,2025-06-21,48,2025-06-21 08:00:00,2025-06-21 08:10:00,1.1683,3162.0197,4334.7324,3235.6404,4385.3882,-191.62463333333332,62.21058333333326,-129.4140500000001,0.65,adaptive,28,,0.0,195.45211666666663,0.0,0.0,0.0,1651.9034416666673,1827.8103466666676,1200.0,0.0,0.0,19.54521166666666,0.0,0.0,0.0,0.0
B_adaptive,2025-06-21,2025-06-21,49,2025-06-21 08:10:00,2025-06-21 08:20:00,1.0956,3160.9922,4441.8035,3211.7119,4557.504,-224.29868333333332,49.05364999999995,-175.2450333333334,0.65,adaptive,28,,0.0,213.46855,0.0,0.0,0.0,1827.8103466666676,2019.9320416666676,1200.0,0.0,0.0,21.346854999999994,0.0,0.0,0.0,0.0
B_adaptive,2025-06-21,2025-06-21,50,2025-06-21 08:20:00,2025-06-21 08:30:00,1.0849,3037.59,4358.7,3117.03,4806.1125,-281.51375,65.78958333333333,-215.72416666666663,0.65,adaptive,28,,0.0,220.18499999999997,0.0,0.0,0.0,2019.9320416666676,2218.098541666667,1200.0,0.0,0.0,22.018499999999992,0.0,0.0,0.0,0.0
B_adaptive,2025-06-21,2025-06-21,51,2025-06-21 08:30:00,2025-06-21 08:40:00,1.061,3030.9974,4479.895,3160.411,5092.0224,-321.93523333333326,60.427116666666905,-261.50811666666635,0.65,adaptive,28,,0.0,241.48293333333336,0.0,0.0,0.0,2218.098541666667,2435.433181666667,1200.0,0.0,0.0,24.14829333333333,0.0,0.0,0.0,0.0
B_adaptive,2025-06-21,2025-06-21,52,2025-06-21 08:40:00,2025-06-21 08:50:00,1.043,3289.939,4668.5166,3366.9129,5152.4772,-297.59405000000004,42.41191666666645,-255.1821333333336,0.65,adaptive,28,,0.0,229.7629333333333,0.0,0.0,0.0,2435.433181666667,2642.219821666667,1200.0,0.0,0.0,22.976293333333327,0.0,0.0,0.0,0.0
B_adaptive,2025-06-21,2025-06-21,53,2025-06-21 08:50:00,2025-06-21 09:00:00,1.036,3650.62,4746.075,3644.16,5183.1,-256.49000000000007,66.38500000000006,-190.105,0.65,adaptive,28,,0.0,182.5758333333333,0.0,0.0,0.0,2642.219821666667,2806.538071666667,1200.0,0.0,0.0,18.257583333333326,0.0,0.0,0.0,0.0
B_adaptive,2025-06-21,2025-06-21,54,2025-06-21 09:00:00,2025-06-21 09:10:00,1.0147,3785.9011,4746.9534,3852.5107,5602.4247,-291.6523333333333,42.41531666666663,-249.23701666666665,0.65,adaptive,28,,0.0,160.17538333333337,0.0,0.0,0.0,2806.538071666667,2950.695916666667,1200.0,0.0,0.0,16.017538333333334,0.0,0.0,0.0,0.0
B_adaptive,2025-06-21,2025-06-21,55,2025-06-21 09:10:00,2025-06-21 09:20:00,0.9922,3849.6183,5139.4381,3939.4047,5705.744,-294.3898833333333,74.33611666666668,-220.0537666666666,0.65,adaptive,28,,0.0,214.9699666666667,0.0,0.0,0.0,2950.695916666667,3144.1688866666677,1200.0,0.0,0.0,21.496996666666664,0.0,0.0,0.0,0.0
B_adaptive,2025-06-21,2025-06-21,56,2025-06-21 09:20:00,2025-06-21 09:30:00,0.97,3824.6,5794.3125,3890.66,5464.2375,-262.2629166666667,71.57583333333326,-190.68708333333345,0.65,adaptive,28,,0.0,328.28541666666666,0.0,0.0,0.0,3144.1688866666677,3439.625761666667,1200.0,0.0,0.0,32.82854166666666,0.0,0.0,0.0,0.0
B_adaptive,2025-06-21,2025-06-21,57,2025-06-21 09:30:00,2025-06-21 09:40:00,0.9422,3582.3586,6109.068,3743.0588,5592.3571,-308.2163833333334,103.38649999999993,-204.8298833333335,0.65,adaptive,28,,0.0,421.11823333333336,0.0,0.0,0.0,3439.625761666667,3818.632171666667,1200.0,0.0,0.0,42.11182333333333,0.0,0.0,0.0,0.0
B_adaptive,2025-06-21,2025-06-21,58,2025-06-21 09:40:00,2025-06-21 09:50:00,0.9569,3687.9447,6385.1018,3668.9743,5934.8802,-377.6509833333333,96.79278333333347,-280.8581999999998,0.65,adaptive,28,,0.0,449.5261833333334,0.0,0.0,0.0,3818.632171666667,4223.205736666667,1200.0,0.0,0.0,44.95261833333333,0.0,0.0,0.0,0.0
B_adaptive,2025-06-21,2025-06-21,59,2025-06-21 09:50:00,2025-06-21 10:00:00,0.9977,4000.14,6643.5375,3763.84,6259.5,-415.94333333333327,87.44374999999997,-328.4995833333333,0.65,adaptive,28,,0.0,440.5662500000001,0.0,0.0,0.0,4223.205736666667,4619.7153616666665,1272.577800000001,0.0,0.0,44.056625,0.0,0.0,0.0,0.0
B_adaptive,2025-06-21,2025-06-21,60,2025-06-21 10:00:00,2025-06-21 10:10:00,0.9919,3826.1041,6589.8893,3940.9272,6487.3724,-424.4075333333333,96.8752666666666,-327.5322666666667,0.65,adaptive,28,,0.0,460.6308666666666,0.0,0.0,0.0,4619.7153616666665,5034.283141666667,1272.577800000001,0.0,0.0,46.06308666666665,0.0,0.0,0.0,0.0
B_adaptive,2025-06-21,2025-06-21,61,2025-06-21 10:10:00,2025-06-21 10:20:00,0.9588,3761.4976,6695.6004,3851.4805,6558.8571,-451.2294333333333,94.13273333333348,-357.0966999999998,0.65,adaptive,28,,0.0,489.0171333333333,0.0,0.0,0.0,5034.283141666667,5474.398561666667,1593.9648300000008,0.0,0.0,48.90171333333332,0.0,0.0,0.0,0.0
B_adaptive,2025-06-21,2025-06-21,62,2025-06-21 10:20:00,2025-06-21 10:30:00,0.9549,3901.91,7000.9875,3627.76,6622.0125,-499.04208333333327,110.36583333333328,-388.67625,0.65,adaptive,28,,0.0,516.5129166666667,0.0,0.0,0.0,5474.398561666667,5939.260186666666,1593.9648300000008,0.0,0.0,51.65129166666666,0.0,0.0,0.0,0.0
B_adaptive,2025-06-21,2025-06-21,63,2025-06-21 10:30:00,2025-06-21 10:40:00,0.9839,3726.7535,7093.8409,3731.9048,6889.2348,-526.2216666666667,84.15516666666656,-442.0665000000001,0.65,adaptive,28,,0.0,561.1812333333334,0.0,0.0,0.0,5939.260186666666,6444.3232966666665,1593.9648300000003,0.0,0.0,56.11812333333332,0.0,0.0,0.0,0.0
B_adaptive,2025-06-21,2025-06-21,64,2025-06-21 10:40:00,2025-06-21 10:50:00,0.799,3565.5609,7243.1188,3783.4133,7030.3159,-541.1504333333332,80.72700000000009,-460.4234333333332,0.65,adaptive,28,,0.0,612.9263166666667,0.0,0.0,0.0,6444.3232966666665,6995.956981666666,2008.34592,0.0,0.0,61.29263166666666,0.0,0.0,0.0,0.0
B_adaptive,2025-06-21,2025-06-21,65,2025-06-21 10:50:00,2025-06-21 11:00:00,0.5025,3679.21,7400.1,3618.92,6992.85,-562.3216666666667,57.314583333333445,-505.0070833333333,0.65,adaptive,28,,0.0,620.1483333333333,0.0,0.0,0.0,6995.956981666666,7554.090481666666,2462.852295,0.0,0.0,62.014833333333314,0.0,0.0,0.0,0.0
B_adaptive,2025-06-21,2025-06-21,66,2025-06-21 11:00:00,2025-06-21 11:10:00,0.4662,3945.6166,7306.5816,3481.824,7042.9006,-593.5127666666666,63.41985000000005,-530.0929166666665,0.65,adaptive,28,,0.0,560.1608333333334,0.0,0.0,0.0,7554.090481666666,8058.235231666667,2939.93592,0.0,0.0,56.01608333333332,0.0,0.0,0.0,0.0
B_adaptive,2025-06-21,2025-06-21,67,2025-06-21 11:10:00,2025-06-21 11:20:00,0.5007,3900.6403,7782.8954,3500.7818,7067.4755,-594.4489499999999,54.290349999999904,-540.1586,0.65,adaptive,28,,0.0,647.0425166666666,0.0,0.0,0.0,8058.235231666667,8640.573496666666,3426.07866,0.0,0.0,64.70425166666665,0.0,0.0,0.0,0.0
B_adaptive,2025-06-21,2025-06-21,68,2025-06-21 11:20:00,2025-06-21 11:30:00,0.4827,3645.76,8490.225,3619.72,7078.8,-576.5133333333333,78.57499999999993,-497.9383333333334,0.65,adaptive,28,,0.0,807.4108333333334,0.0,0.0,0.0,8640.573496666666,9367.243246666663,3874.22316,0.0,0.0,80.74108333333332,0.0,0.0,0.0,0.0
B_adaptive,2025-06-21,2025-06-21,69,2025-06-21 11:30:00,2025-06-21 11:40:00,0.4785,3705.1427,8180.7164,3676.5508,7189.044,-585.4155333333333,64.75468333333326,-520.6608500000001,0.65,adaptive,28,,0.0,745.9289500000001,0.0,0.0,0.0,9367.243246666663,10038.579301666665,4342.817925,0.0,0.0,74.592895,0.0,0.0,0.0,0.0
B_adaptive,2025-06-21,2025-06-21,70,2025-06-21 11:40:00,2025-06-21 11:50:00,0.4662,3724.3133,7677.6706,3689.0127,7033.8841,-557.4785666666667,77.49118333333338,-479.9873833333333,0.65,adaptive,28,,0.0,658.8928833333334,0.0,0.0,0.0,10038.579301666665,10631.582896666663,4774.806570000001,0.0,0.0,65.88928833333333,0.0,0.0,0.0,0.0
B_adaptive,2025-06-21,2025-06-21,71,2025-06-21 11:50:00,2025-06-21 12:00:00,0.4432,3631.08,7665.1125,3693.53,6626.2125,-488.78041666666655,82.53583333333336,-406.2445833333332,0.65,adaptive,28,,0.0,187.1301148148167,0.0,0.0,485.2086351851833,10631.582896666663,10800.0,5140.426695,0.0,0.0,18.713011481481665,0.0,0.0,0.0,0.0
B_adaptive,2025-06-21,2025-06-21,72,2025-06-21 12:00:00,2025-06-21 12:10:00,0.4411,3735.5415,8044.2631,3700.2899,6414.5524,-452.3770833333332,92.86125000000004,-359.51583333333315,0.65,adaptive,28,,0.0,0.0,0.0,0.0,718.1202666666668,10800.0,10800.0,5463.990945,0.0,0.0,0.0,0.0,0.0,0.0,0.0
B_adaptive,2025-06-21,2025-06-21,73,2025-06-21 12:10:00,2025-06-21 12:20:00,0.4551,3852.2352,8300.9755,3725.1955,6580.7353,-475.9233,83.80434999999989,-392.11895000000015,0.65,adaptive,28,,0.0,0.0,0.0,0.0,741.4567166666667,10800.0,10800.0,5816.897999999999,0.0,0.0,0.0,0.0,0.0,0.0,0.0
B_adaptive,2025-06-21,2025-06-21,74,2025-06-21 12:20:00,2025-06-21 12:30:00,0.4463,3928.56,8383.0125,3761.52,6916.125,-525.7674999999999,54.85375000000022,-470.9137499999997,0.65,adaptive,28,,0.0,0.0,0.0,0.0,742.4087500000002,10800.0,10800.0,6240.720374999999,0.0,0.0,0.0,0.0,0.0,0.0,0.0
B_adaptive,2025-06-21,2025-06-21,75,2025-06-21 12:30:00,2025-06-21 12:40:00,0.4113,4059.9044,8605.7877,3780.9427,6997.9126,-536.1616499999999,75.54415000000002,-460.6174999999999,0.65,adaptive,28,,0.0,0.0,0.0,0.0,757.6472166666668,10800.0,10800.0,6655.276124999999,0.0,0.0,0.0,0.0,0.0,0.0,0.0
B_adaptive,2025-06-21,2025-06-21,76,2025-06-21 12:40:00,2025-06-21 12:50:00,0.5682,3912.5928,8542.7209,3768.4578,6828.0916,-509.9389666666666,74.99206666666646,-434.94690000000014,0.65,adaptive,28,,0.0,0.0,0.0,0.0,771.6880166666666,10800.0,10800.0,7046.728334999999,0.0,0.0,0.0,0.0,0.0,0.0,0.0
B_adaptive,2025-06-21,2025-06-21,77,2025-06-21 12:50:00,2025-06-21 13:00:00,0.8279,3688.01,8049.6,3763.37,6705.9,-490.4216666666666,71.4333333333334,-418.9883333333332,0.65,adaptive,28,,0.0,0.0,0.0,0.0,726.9316666666666,10800.0,10800.0,7423.817834999999,0.0,0.0,0.0,0.0,0.0,0.0,0.0
B_adaptive,2025-06-21,2025-06-21,78,2025-06-21 13:00:00,2025-06-21 13:10:00,0.8636,3910.4683,7493.4162,3817.3428,6883.7552,-511.0687333333333,103.9689166666666,-407.0998166666667,0.65,adaptive,28,,0.0,0.0,0.0,0.0,597.1579833333333,10800.0,10800.0,7790.207669999999,0.0,0.0,0.0,0.0,0.0,0.0,0.0
B_adaptive,2025-06-21,2025-06-21,79,2025-06-21 13:10:00,2025-06-21 13:20:00,0.8416,3862.6154,7354.9231,3834.9581,6717.4275,-480.41156666666666,97.44660000000005,-382.9649666666666,0.65,adaptive,28,,0.0,0.0,0.0,0.0,582.0512833333332,10800.0,10800.0,8134.8761399999985,0.0,0.0,0.0,0.0,0.0,0.0,0.0
B_adaptive,2025-06-21,2025-06-21,80,2025-06-21 13:20:00,2025-06-21 13:30:00,0.8618,3589.29,7340.8875,3827.67,6265.05,-406.23,78.97416666666669,-327.2558333333333,0.65,adaptive,28,,0.0,0.0,0.0,0.0,625.2662499999999,10800.0,10800.0,8429.406389999998,0.0,0.0,0.0,0.0,0.0,0.0,0.0
B_adaptive,2025-06-21,2025-06-21,81,2025-06-21 13:30:00,2025-06-21 13:40:00,0.8623,3849.2221,6714.7449,3893.2639,6241.1191,-391.3092,81.7997666666667,-309.5094333333333,0.65,adaptive,28,,0.0,0.0,0.0,0.0,477.58713333333327,10800.0,10800.0,8707.964879999998,0.0,0.0,0.0,0.0,0.0,0.0,0.0
B_adaptive,2025-06-21,2025-06-21,82,2025-06-21 13:40:00,2025-06-21 13:50:00,0.9026,3978.2382,6127.755,3906.2985,6290.4161,-397.3529333333334,69.78606666666667,-327.5668666666667,0.65,adaptive,28,,0.0,0.0,0.0,0.0,358.25280000000004,10800.0,10800.0,9002.775059999998,0.0,0.0,0.0,0.0,0.0,0.0,0.0
B_adaptive,2025-06-21,2025-06-21,83,2025-06-21 13:50:00,2025-06-21 14:00:00,0.9754,3861.85,5956.2,3871.55,6216.3,-390.7916666666666,72.86625000000004,-317.9254166666666,0.65,adaptive,28,,0.0,0.0,0.0,0.0,349.0583333333333,10800.0,10800.0,9288.907934999996,0.0,0.0,0.0,0.0,0.0,0.0,0.0
B_adaptive,2025-06-21,2025-06-21,84,2025-06-21 14:00:00,2025-06-21 14:10:00,1.0002,4047.8905,5941.7978,3911.3368,6181.434,-378.3495333333333,55.95718333333343,-322.3923499999999,0.65,adaptive,28,,0.0,0.0,0.0,0.0,315.6512166666667,10800.0,10800.0,9579.061049999998,0.0,0.0,0.0,0.0,0.0,0.0,0.0
B_adaptive,2025-06-21,2025-06-21,85,2025-06-21 14:10:00,2025-06-21 14:20:00,0.9978,4095.2281,5827.294,3878.1365,6047.9156,-361.62985,77.77785000000006,-283.852,0.65,adaptive,28,,0.0,0.0,0.0,0.0,288.67765,10800.0,10800.0,9834.52785,0.0,0.0,0.0,0.0,0.0,0.0,0.0
B_adaptive,2025-06-21,2025-06-21,86,2025-06-21 14:20:00,2025-06-21 14:30:00,1.0271,4007.39,5738.1375,3792.1,5758.5375,-327.73958333333337,33.451250000000016,-294.28833333333336,0.65,adaptive,28,,0.0,0.0,0.0,0.0,288.4579166666666,10800.0,10800.0,10099.38735,0.0,0.0,0.0,0.0,0.0,0.0,0.0
B_adaptive,2025-06-21,2025-06-21,87,2025-06-21 14:30:00,2025-06-21 14:40:00,1.0906,4227.0513,5964.2607,3849.9288,5455.4133,-267.58075,75.67723333333333,-191.90351666666663,0.65,adaptive,28,,0.0,0.0,0.0,0.0,289.53489999999994,10800.0,10800.0,10272.100514999998,0.0,0.0,0.0,0.0,0.0,0.0,0.0
B_adaptive,2025-06-21,2025-06-21,88,2025-06-21 14:40:00,2025-06-21 14:50:00,0.9376,4182.4486,5979.2451,4004.3225,5412.6767,-234.7257,87.89681666666667,-146.8288833333333,0.65,adaptive,28,,0.0,0.0,0.0,0.0,299.46608333333336,10800.0,10800.0,10404.24651,0.0,0.0,0.0,0.0,0.0,0.0,0.0
B_adaptive,2025-06-21,2025-06-21,89,2025-06-21 14:50:00,2025-06-21 15:00:00,0.6694,3879.68,5680.4625,4111.94,5418.3,-217.72666666666677,55.976249999999865,-161.7504166666669,0.65,adaptive,28,,0.0,0.0,0.0,0.0,300.13041666666663,10800.0,10800.0,10549.821885,0.0,0.0,0.0,0.0,0.0,0.0,0.0
B_adaptive,2025-06-21,2025-06-21,90,2025-06-21 15:00:00,2025-06-21 15:10:00,0.66,3916.2335,5457.1539,4048.532,5001.8274,-158.88256666666666,47.92395000000002,-110.95861666666664,0.65,adaptive,28,,0.0,0.0,0.0,0.0,256.8200666666667,10800.0,10800.0,10649.68464,0.0,0.0,0.0,0.0,0.0,0.0,0.0
B_adaptive,2025-06-21,2025-06-21,91,2025-06-21 15:10:00,2025-06-21 15:20:00,0.7217,3924.3398,5153.0688,3899.0665,4697.3994,-133.05548333333337,44.68071666666674,-88.37476666666663,0.65,adaptive,28,,0.0,0.0,0.0,0.0,204.78816666666663,10800.0,10800.0,10729.22193,0.0,0.0,0.0,0.0,0.0,0.0,0.0
B_adaptive,2025-06-21,2025-06-21,92,2025-06-21 15:20:00,2025-06-21 15:30:00,0.7308,3875.5,4811.1,3872.03,4584.0375,-118.66791666666668,49.57333333333327,-69.09458333333342,0.65,adaptive,28,,0.0,0.0,0.0,0.0,155.9333333333334,10800.0,10800.0,10791.407055,0.0,0.0,0.0,0.0,0.0,0.0,0.0
B_adaptive,2025-06-21,2025-06-21,93,2025-06-21 15:30:00,2025-06-21 15:40:00,0.7534,4137.0155,4680.9532,4110.3626,4217.3348,-17.828699999999873,8.280983333333474,-9.5477166666664,0.65,adaptive,28,,0.0,0.0,0.0,0.0,90.65628333333323,10800.0,10800.0,10800.0,0.0,0.0,0.0,0.0,0.0,0.0,0.0
B_adaptive,2025-06-21,2025-06-21,94,2025-06-21 15:40:00,2025-06-21 15:50:00,0.7823,4317.2602,4481.2341,4232.824,3892.0797,56.79071666666664,46.954016666666746,103.7447333333334,0.65,adaptive,28,,103.7447333333334,0.0,0.0,0.0,131.0737166666667,10800.0,10800.0,10800.0,81.15950488666671,0.0,0.0,81.15950488666672,0.0,81.15950488666672,0.0
B_adaptive,2025-06-21,2025-06-21,95,2025-06-21 15:50:00,2025-06-21 16:00:00,0.8055,4217.43,4055.4,4214.01,3756.6375,76.22875000000006,47.16166666666662,123.39041666666668,0.65,adaptive,28,,123.39041666666668,0.0,0.0,0.0,96.38541666666666,10800.0,10800.0,10800.0,99.390980625,0.0,0.0,99.39098062500001,0.0,99.39098062500001,0.0
B_adaptive,2025-06-21,2025-06-21,96,2025-06-21 16:00:00,2025-06-21 16:10:00,0.8271,4034.2858,3562.8565,4333.1906,3624.4529,118.12294999999996,52.6724999999999,170.79544999999985,0.65,adaptive,28,,170.79544999999985,0.0,0.0,0.0,92.22389999999982,10800.0,10800.0,10800.0,141.26491669499987,0.0,0.0,141.26491669499987,0.0,141.26491669499987,0.0
B_adaptive,2025-06-21,2025-06-21,97,2025-06-21 16:10:00,2025-06-21 16:20:00,0.8519,3980.7146,3361.4888,4174.9277,3335.8463,139.8469,51.68633333333341,191.5332333333334,0.65,adaptive,28,,191.53323333333344,0.0,0.0,0.0,88.3289333333335,10800.0,10800.0,10800.0,163.16716147666676,0.0,0.0,163.16716147666676,0.0,163.16716147666676,0.0
B_adaptive,2025-06-21,2025-06-21,98,2025-06-21 16:20:00,2025-06-21 16:30:00,0.8791,4042.02,3406.575,3991.85,2977.575,169.04583333333335,54.22541666666666,223.27125,0.65,adaptive,28,,223.27125,0.0,0.0,0.0,117.36374999999998,10800.0,10800.0,10800.0,196.277755875,0.0,0.0,196.277755875,0.0,196.277755875,0.0
B_adaptive,2025-06-21,2025-06-21,99,2025-06-21 16:30:00,2025-06-21 16:40:00,0.9024,3983.774,3291.2298,4411.5054,2767.3411,274.0273833333333,49.454733333333365,323.4821166666667,0.65,adaptive,28,,323.4821166666667,0.0,0.0,0.0,208.0580833333334,10800.0,10800.0,10800.0,291.91026208,0.0,0.0,291.91026208,0.0,291.91026208,0.0
B_adaptive,2025-06-21,2025-06-21,100,2025-06-21 16:40:00,2025-06-21 16:50:00,0.9163,3621.8931,2964.175,4246.9867,2513.51,288.9127833333333,60.4629000000001,349.3756833333334,0.65,adaptive,28,,349.3756833333334,0.0,0.0,0.0,239.75600000000017,10800.0,10800.0,10800.0,320.1329386383334,0.0,0.0,320.1329386383334,0.0,320.1329386383334,0.0
B_adaptive,2025-06-21,2025-06-21,101,2025-06-21 16:50:00,2025-06-21 17:00:00,0.9264,3240.3,2623.6125,3538.36,2166.4875,228.64541666666665,74.9445833333333,303.5899999999999,0.65,adaptive,28,,303.5899999999999,0.0,0.0,0.0,200.80874999999992,10800.0,10800.0,10800.0,281.2457759999999,0.0,0.0,281.2457759999999,0.0,281.2457759999999,0.0
B_adaptive,2025-06-21,2025-06-21,102,2025-06-21 17:00:00,2025-06-21 17:10:00,0.9462,3335.0072,2479.2426,3542.8764,1892.5968,275.0466,52.01931666666656,327.06591666666657,0.65,adaptive,28,,327.06591666666657,0.0,0.0,0.0,184.43848333333324,10800.0,10800.0,10800.0,309.4697703499999,0.0,0.0,309.4697703499999,0.0,309.4697703499999,0.0
B_adaptive,2025-06-21,2025-06-21,103,2025-06-21 17:10:00,2025-06-21 17:20:00,0.9742,3462.6248,2185.8548,3659.3145,1730.908,321.4010833333333,59.248350000000016,380.6494333333333,0.65,adaptive,28,,380.6494333333333,0.0,0.0,0.0,167.85443333333333,10800.0,10800.0,10800.0,370.8286779533333,0.0,0.0,370.8286779533333,0.0,370.8286779533333,0.0
B_adaptive,2025-06-21,2025-06-21,104,2025-06-21 17:20:00,2025-06-21 17:30:00,0.9862,3484.27,1750.4625,3539.76,1616.475,320.5475,89.46374999999989,410.0112499999999,0.65,adaptive,28,,410.0112499999999,0.0,0.0,0.0,121.0433333333333,10800.0,10800.0,10800.0,404.3530947499999,0.0,0.0,404.3530947499999,0.0,404.3530947499999,0.0
B_adaptive,2025-06-21,2025-06-21,105,2025-06-21 17:30:00,2025-06-21 17:40:00,0.976,3649.2081,1528.3871,3489.1585,1447.3721,340.2977333333333,64.54371666666668,404.84145,0.65,adaptive,28,,404.84145,0.0,0.0,0.0,51.3712833333334,10800.0,10800.0,10800.0,395.1252552,0.0,0.0,395.1252552,0.0,395.1252552,0.0
B_adaptive,2025-06-21,2025-06-21,106,2025-06-21 17:40:00,2025-06-21 17:50:00,1.0742,3604.3529,1310.4274,3482.0899,1250.3672,371.9537833333334,36.93818333333343,408.8919666666668,0.65,adaptive,28,,408.8919666666668,0.0,0.0,0.0,26.571050000000184,10800.0,10800.0,10800.0,439.2317505933335,0.0,0.0,439.2317505933335,0.0,439.2317505933335,0.0
B_adaptive,2025-06-21,2025-06-21,107,2025-06-21 17:50:00,2025-06-21 18:00:00,1.2313,3349.51,1034.1,3497.41,1054.575,407.13916666666665,42.7591666666666,449.89833333333326,0.65,adaptive,28,,449.8983333333333,0.0,0.0,0.0,63.99666666666661,10800.0,10800.0,10800.0,553.9598178333333,0.0,0.0,553.9598178333333,0.0,553.9598178333333,0.0
B_adaptive,2025-06-21,2025-06-21,108,2025-06-21 18:00:00,2025-06-21 18:10:00,1.2561,3274.4828,860.3286,3573.5938,854.5608,453.1721666666667,35.61926666666659,488.7914333333333,0.65,adaptive,28,,0.0,0.0,402.3590333333333,0.0,0.0,10800.0,10352.934407407409,10256.898407407409,0.0,0.0,44.70655925925927,0.0,0.0,0.0,0.0
B_adaptive,2025-06-21,2025-06-21,109,2025-06-21 18:10:00,2025-06-21 18:20:00,1.2447,3297.0032,677.2547,3613.6869,631.3856,497.0502166666666,29.85185000000024,526.9020666666669,0.65,adaptive,28,,526.9020666666669,90.27731666666688,0.0,0.0,0.0,10352.934407407409,10434.183992407408,10256.898407407409,655.8350023800002,0.0,9.027731666666686,655.8350023800002,0.0,655.8350023800002,0.0
B_adaptive,2025-06-21,2025-06-21,110,2025-06-21 18:20:00,2025-06-21 18:30:00,1.2545,3342.79,452.7,3620.91,416.1,534.135,36.521666666666704,570.6566666666668,0.65,adaptive,28,,247.62168333333372,0.0,234.05998333333287,0.0,0.0,10434.183992407408,10174.11734425926,9897.970648148148,310.64140174166715,0.0,26.006664814814773,310.64140174166715,0.0,310.64140174166715,0.0
B_adaptive,2025-06-21,2025-06-21,111,2025-06-21 18:30:00,2025-06-21 18:40:00,1.2522,3456.8314,276.0564,3681.3967,264.4096,569.49785,44.52188333333322,614.0197333333332,0.65,adaptive,28,,614.0197333333332,83.89056666666659,0.0,0.0,0.0,10174.11734425926,10249.61885425926,9897.970648148148,768.8755100799998,0.0,8.389056666666656,768.8755100799998,0.0,768.8755100799998,0.0
B_adaptive,2025-06-21,2025-06-21,112,2025-06-21 18:40:00,2025-06-21 18:50:00,1.2881,3634.5648,121.8367,3682.0144,122.7855,593.2048166666666,24.245066666666844,617.4498833333334,0.65,adaptive,28,,0.0,0.0,585.4546833333334,0.0,0.0,10249.61885425926,9599.113650555557,9211.915222222222,0.0,0.0,65.0505203703704,0.0,0.0,0.0,0.0
B_adaptive,2025-06-21,2025-06-21,113,2025-06-21 18:50:00,2025-06-21 19:00:00,1.3466,3852.72,7.7625,3671.85,6.7875,610.84375,40.92499999999996,651.76875,0.65,adaptive,28,,0.0,0.0,640.82625,0.0,0.0,9599.113650555557,8887.084483888888,8487.727722222222,0.0,0.0,71.2029166666667,0.0,0.0,0.0,0.0
B_adaptive,2025-06-21,2025-06-21,114,2025-06-21 19:00:00,2025-06-21 19:10:00,1.3523,4004.9442,0.0,3806.9784,0.0,634.4964,30.646516666666685,665.1429166666667,0.65,adaptive,28,,0.0,0.0,667.4907,0.0,0.0,8887.084483888888,8145.428150555555,7748.680037037037,0.0,0.0,74.16563333333336,0.0,0.0,0.0,0.0
B_adaptive,2025-06-21,2025-06-21,115,2025-06-21 19:10:00,2025-06-21 19:20:00,1.3445,3706.7434,3.2619,3830.7687,3.5416,637.8711833333333,47.92941666666656,685.8005999999998,0.65,adaptive,28,,0.0,0.0,617.2469166666666,0.0,0.0,8145.428150555555,7459.598243148147,6986.679370370371,0.0,0.0,68.58299074074077,0.0,0.0,0.0,0.0
B_adaptive,2025-06-21,2025-06-21,116,2025-06-21 19:20:00,2025-06-21 19:30:00,1.3483,3293.48,0.0,3686.48,0.0,614.4133333333333,46.37166666666667,660.785,0.65,adaptive,28,,0.0,0.0,548.9133333333333,0.0,0.0,7459.598243148147,6849.694539444444,6252.473814814815,0.0,0.0,60.99037037037039,0.0,0.0,0.0,0.0
B_adaptive,2025-06-21,2025-06-21,117,2025-06-21 19:30:00,2025-06-21 19:40:00,1.349,3492.5254,0.0,3569.6441,0.0,594.9406833333333,19.083616666666785,614.0243,0.65,adaptive,28,,0.0,0.0,582.0875666666666,0.0,0.0,6849.694539444444,6202.930576481481,5570.224592592593,0.0,0.0,64.67639629629632,0.0,0.0,0.0,0.0
B_adaptive,2025-06-21,2025-06-21,118,2025-06-21 19:40:00,2025-06-21 19:50:00,1.3473,3490.6667,0.2342,3471.128,0.2543,578.4789499999999,26.972516666666703,605.4514666666666,0.65,adaptive,28,,0.0,0.0,581.73875,0.0,0.0,6202.930576481481,5556.554187592592,4897.500740740741,0.0,0.0,64.63763888888892,0.0,0.0,0.0,0.0
B_adaptive,2025-06-21,2025-06-21,119,2025-06-21 19:50:00,2025-06-21 20:00:00,1.3482,3189.62,0.0,3506.94,0.0,584.49,38.97833333333335,623.4683333333334,0.65,adaptive,28,,0.0,0.0,531.6033333333332,0.0,0.0,5556.554187592592,4965.883817222221,4204.758148148148,0.0,0.0,59.06703703703705,0.0,0.0,0.0,0.0
B_adaptive,2025-06-21,2025-06-21,120,2025-06-21 20:00:00,2025-06-21 20:10:00,1.3513,3348.2366,0.0,3809.9315,0.0,634.9885833333333,35.056100000000015,670.0446833333333,0.65,adaptive,28,,0.0,0.0,558.0394333333334,0.0,0.0,4965.883817222221,4345.840002407406,3460.264055555556,0.0,0.0,62.00438148148151,0.0,0.0,0.0,0.0
B_adaptive,2025-06-21,2025-06-21,121,2025-06-21 20:10:00,2025-06-21 20:20:00,1.34,3725.2052,0.0168,3890.9938,0.0183,648.4959166666666,23.997333333333472,672.4932500000001,0.65,adaptive,28,,0.0,0.0,620.8647333333333,0.0,0.0,4345.840002407406,3655.990298703703,2713.0493333333334,0.0,0.0,68.9849703703704,0.0,0.0,0.0,0.0
B_adaptive,2025-06-21,2025-06-21,122,2025-06-21 20:20:00,2025-06-21 20:30:00,1.3489,3960.13,0.0,3770.6,0.0,628.4333333333333,47.32166666666672,675.755,0.65,adaptive,28,,0.0,0.0,660.0216666666666,0.0,0.0,3655.990298703703,2922.6328912962954,1962.2104444444444,0.0,0.0,73.33574074074077,0.0,0.0,0.0,0.0
B_adaptive,2025-06-21,2025-06-21,123,2025-06-21 20:30:00,2025-06-21 20:40:00,1.3952,3881.8245,0.0,3932.4898,0.0,655.4149666666666,30.574433333333214,685.9893999999998,0.65,adaptive,28,,0.0,0.0,646.97075,0.0,0.0,2922.6328912962954,2203.7765024074065,1200.0,0.0,0.0,71.88563888888892,0.0,0.0,0.0,0.0
B_adaptive,2025-06-21,2025-06-21,124,2025-06-21 20:40:00,2025-06-21 20:50:00,1.2226,3513.6729,0.0012,4058.333,0.0013,676.3886166666666,35.724050000000034,712.1126666666667,0.65,adaptive,28,,712.1126666666667,126.50071666666668,0.0,0.0,0.0,2203.7765024074065,2317.6271474074065,1200.0,870.6289462666666,0.0,12.650071666666665,870.6289462666666,0.0,870.6289462666666,0.0
B_adaptive,2025-06-21,2025-06-21,125,2025-06-21 20:50:00,2025-06-21 21:00:00,0.9332,3160.32,0.0,3918.77,0.0,653.1283333333333,49.24666666666678,702.3750000000001,0.65,adaptive,28,,702.3750000000001,175.6550000000001,0.0,0.0,0.0,2317.6271474074065,2475.7166474074065,1200.0,655.4563500000002,0.0,17.565500000000004,655.4563500000002,0.0,655.4563500000002,0.0
B_adaptive,2025-06-21,2025-06-21,126,2025-06-21 21:00:00,2025-06-21 21:10:00,0.9068,3214.7106,0.0,3614.0096,0.0,602.3349333333333,34.93539999999996,637.2703333333333,0.65,adaptive,28,,637.2703333333333,101.48523333333333,0.0,0.0,0.0,2475.7166474074065,2567.0533574074066,1200.0,577.8767382666666,0.0,10.14852333333333,577.8767382666666,0.0,577.8767382666666,0.0
B_adaptive,2025-06-21,2025-06-21,127,2025-06-21 21:10:00,2025-06-21 21:20:00,0.9371,3489.1029,0.0,3370.7921,0.0,561.7986833333333,42.81976666666674,604.61845,0.65,adaptive,28,,604.61845,23.10130000000015,0.0,0.0,0.0,2567.0533574074066,2587.8445274074065,1200.0,566.5879494950001,0.0,2.3101300000000147,566.5879494950001,0.0,566.5879494950001,0.0
B_adaptive,2025-06-21,2025-06-21,128,2025-06-21 21:20:00,2025-06-21 21:30:00,0.9371,3713.49,0.0,3342.58,0.0,557.0966666666666,52.85166666666669,609.9483333333333,0.65,adaptive,28,,609.9483333333333,0.0,8.966666666666697,0.0,0.0,2587.8445274074065,2577.8815644444435,1200.0,571.5825831666666,0.0,0.9962962962963001,571.5825831666666,0.0,571.5825831666666,0.0
B_adaptive,2025-06-21,2025-06-21,129,2025-06-21 21:30:00,2025-06-21 21:40:00,0.9871,3715.4477,0.0,3493.8805,0.0,582.3134166666666,35.02793333333341,617.34135,0.65,adaptive,28,,617.34135,0.0,1.8999333333332515,0.0,0.0,2577.8815644444435,2575.7705274074065,1200.0,609.377646585,0.0,0.21110370370369472,609.377646585,0.0,609.377646585,0.0
B_adaptive,2025-06-21,2025-06-21,130,2025-06-21 21:40:00,2025-06-21 21:50:00,0.7764,3460.6768,0.0,3460.6218,0.0,576.7702999999999,33.235149999999976,610.0054499999999,0.65,adaptive,28,,610.0054499999999,33.22598333333326,0.0,0.0,0.0,2575.7705274074065,2605.6739124074065,1200.0,473.6082313799999,0.0,3.3225983333333255,473.6082313799999,0.0,473.6082313799999,0.0
B_adaptive,2025-06-21,2025-06-21,131,2025-06-21 21:50:00,2025-06-21 22:00:00,0.4209,3169.68,0.0,3267.44,0.0,544.5733333333333,39.31499999999994,583.8883333333332,0.65,adaptive,28,,1417.2216666666664,833.3333333333333,0.0,0.0,55.60833333333312,2605.6739124074065,3355.6739124074065,1950.0,596.5085994999998,0.0,83.3333333333333,596.5085994999998,0.0,596.5085994999998,0.0
B_adaptive,2025-06-21,2025-06-21,132,2025-06-21 22:00:00,2025-06-21 22:10:00,0.3859,3161.2424,0.0,3261.2988,0.0,543.5498,18.334583333333285,561.8843833333333,0.65,adaptive,28,,1395.2177166666663,833.3333333333333,0.0,0.0,35.01064999999994,3355.6739124074065,4105.673912407407,2700.0,538.4145168616667,0.0,83.3333333333333,538.4145168616666,0.0,538.4145168616666,0.0
B_adaptive,2025-06-21,2025-06-21,133,2025-06-21 22:10:00,2025-06-21 22:20:00,0.4368,3268.4465,0.0,3218.1699,0.0,536.3616499999999,14.31018333333327,550.6718333333332,0.65,adaptive,28,,1217.3384999999978,672.5974166666645,0.0,0.0,0.0,4105.673912407407,4711.0115874074045,3299.999999999998,531.7334567999991,0.0,67.25974166666643,531.7334567999991,0.0,531.7334567999991,0.0
B_adaptive,2025-06-21,2025-06-21,134,2025-06-21 22:20:00,2025-06-21 22:30:00,0.4198,3317.19,0.0,3190.19,0.0,531.6983333333333,35.450000000000045,567.1483333333333,0.65,adaptive,28,,1400.4816666666666,833.3333333333333,0.0,0.0,14.283333333333305,4711.0115874074045,5461.0115874074045,4049.999999999998,587.9222036666666,0.0,83.3333333333333,587.9222036666666,0.0,587.9222036666666,0.0
B_adaptive,2025-06-21,2025-06-21,135,2025-06-21 22:30:00,2025-06-21 22:40:00,0.4186,3281.0391,0.0,3472.9639,0.0,578.8273166666667,42.04673333333329,620.8740499999999,0.65,adaptive,28,,1454.2073833333332,833.3333333333333,0.0,0.0,74.03419999999994,5461.0115874074045,6211.0115874074045,4799.999999999998,608.7312106633333,0.0,83.3333333333333,608.7312106633333,0.0,608.7312106633333,0.0
B_adaptive,2025-06-21,2025-06-21,136,2025-06-21 22:40:00,2025-06-21 22:50:00,0.4241,3250.7574,0.0,3653.9269,0.0,608.9878166666666,43.536550000000034,652.5243666666667,0.65,adaptive,28,,1485.8577,833.3333333333333,0.0,0.0,110.73146666666683,6211.0115874074045,6961.0115874074045,5549.999999999998,630.15225057,0.0,83.3333333333333,630.15225057,0.0,630.15225057,0.0
B_adaptive,2025-06-21,2025-06-21,137,2025-06-21 22:50:00,2025-06-21 23:00:00,0.4237,3190.39,0.0,3463.23,0.0,577.2049999999999,48.82499999999993,626.0299999999999,0.65,adaptive,28,,1459.3633333333332,833.3333333333333,0.0,0.0,94.2983333333334,6961.0115874074045,7711.0115874074045,6299.999999999998,618.3322443333333,0.0,83.3333333333333,618.3322443333333,0.0,618.3322443333333,0.0
B_adaptive,2025-06-21,2025-06-21,138,2025-06-21 23:00:00,2025-06-21 23:10:00,0.4248,2998.9363,0.0,3048.478,0.0,508.0796666666666,29.248550000000023,537.3282166666667,0.65,adaptive,28,,1370.6615499999998,833.3333333333333,0.0,0.0,37.505499999999984,7711.0115874074045,8461.011587407404,7049.999999999998,582.2570264399999,0.0,83.3333333333333,582.2570264399999,0.0,582.2570264399999,0.0
B_adaptive,2025-06-21,2025-06-21,139,2025-06-21 23:10:00,2025-06-21 23:20:00,0.424,2920.9743,0.0,2905.5899,0.0,484.2649833333333,25.82685000000004,510.0918333333333,0.65,adaptive,28,,1343.4251666666669,833.3333333333333,0.0,0.0,23.26278333333346,8461.011587407404,9211.011587407404,7799.999999999998,569.6122706666666,0.0,83.3333333333333,569.6122706666667,0.0,569.6122706666667,0.0
B_adaptive,2025-06-21,2025-06-21,140,2025-06-21 23:20:00,2025-06-21 23:30:00,0.422,2989.3,0.0,3071.94,0.0,511.99,26.616666666666674,538.6066666666667,0.65,adaptive,28,,1371.94,833.3333333333333,0.0,0.0,40.3900000000001,9211.011587407404,9961.011587407404,8549.999999999998,578.95868,0.0,83.3333333333333,578.95868,0.0,578.95868,0.0
B_adaptive,2025-06-21,2025-06-21,141,2025-06-21 23:30:00,2025-06-21 23:40:00,0.424,3024.571,0.0,3193.2655,0.0,532.2109166666667,32.02798333333334,564.2389000000001,0.65,adaptive,28,,1397.572233333333,833.3333333333333,0.0,0.0,60.14373333333344,9961.011587407404,10711.011587407404,9299.999999999998,592.5706269333333,0.0,83.3333333333333,592.5706269333332,0.0,592.5706269333332,0.0
B_adaptive,2025-06-21,2025-06-21,142,2025-06-21 23:40:00,2025-06-21 23:50:00,0.4271,3193.3141,0.0,3497.8213,0.0,582.9702166666666,31.37586666666664,614.3460833333332,0.65,adaptive,28,,1447.6794166666664,98.87601399177382,0.0,0.0,816.5843860082259,10711.011587407404,10800.0,10049.999999999998,618.3038788583332,0.0,9.88760139917738,618.3038788583332,0.0,618.3038788583332,0.0
B_adaptive,2025-06-21,2025-06-21,143,2025-06-21 23:50:00,2025-06-22 00:00:00,0.4276,3636.14,0.0,3929.38,0.0,654.8966666666666,35.72500000000002,690.6216666666667,0.65,adaptive,28,,1523.9550000000015,0.0,0.0,0.0,917.9316666666684,10800.0,10800.0,10800.0,651.6431580000008,0.0,0.0,651.6431580000007,0.0,651.6431580000007,0.0
B_adaptive,2025-09-23,2025-09-23,0,2025-09-23 00:00:00,2025-09-23 00:10:00,0.4248,3421.106,0.0,3937.1458,0.0,656.1909666666666,26.41375000000005,682.6047166666666,0.80,adaptive,28,,682.6047166666666,35.62543333333451,0.0,0.0,76.79494999999872,10767.93711,10800.0,10767.93711,289.97048364,0.0,3.5625433333334504,289.97048364,0.0,289.97048364,0.0
B_adaptive,2025-09-23,2025-09-23,1,2025-09-23 00:10:00,2025-09-23 00:20:00,0.4245,3361.9091,0.0,4000.4017,0.0,666.7336166666666,9.156000000000065,675.8896166666667,0.80,adaptive,28,,675.8896166666667,0.0,0.0,0.0,115.5714333333334,10800.0,10800.0,10767.93711,286.915142275,0.0,0.0,286.915142275,0.0,286.915142275,0.0
B_adaptive,2025-09-23,2025-09-23,2,2025-09-23 00:20:00,2025-09-23 00:30:00,0.4269,3388.6,0.0,3751.36,0.0,625.2266666666667,5.526666666666756,630.7533333333334,0.80,adaptive,28,,630.7533333333334,0.0,0.0,0.0,65.98666666666679,10800.0,10800.0,10767.93711,269.26859800000005,0.0,0.0,269.26859800000005,0.0,269.26859800000005,0.0
B_adaptive,2025-09-23,2025-09-23,3,2025-09-23 00:30:00,2025-09-23 00:40:00,0.4272,3591.0535,0.0,3531.7831,0.0,588.6305166666666,10.763516666666646,599.3940333333333,0.80,adaptive,28,,599.3940333333333,0.0,0.0,0.0,0.8851166666665904,10800.0,10800.0,10767.93711,256.06113104,0.0,0.0,256.06113103999996,0.0,256.06113103999996,0.0
B_adaptive,2025-09-23,2025-09-23,4,2025-09-23 00:40:00,2025-09-23 00:50:00,0.4271,3639.0639,0.0,3436.6857,0.0,572.78095,19.60598333333337,592.3869333333333,0.80,adaptive,28,,592.3869333333333,0.0,14.12371666666661,0.0,0.0,10800.0,10784.30698148148,10767.93711,253.00845922666664,0.0,1.5693018518518462,253.00845922666664,0.0,253.00845922666664,0.0
B_adaptive,2025-09-23,2025-09-23,5,2025-09-23 00:50:00,2025-09-23 01:00:00,0.4285,3538.62,0.0,3454.54,0.0,575.7566666666667,17.34333333333342,593.1000000000001,0.80,adaptive,28,,593.1000000000001,3.3300000000001546,0.0,0.0,0.0,10784.30698148148,10787.30398148148,10767.93711,254.14335000000003,0.0,0.3330000000000154,254.14335000000005,0.0,254.14335000000005,0.0
B_adaptive,2025-09-23,2025-09-23,6,2025-09-23 01:00:00,2025-09-23 01:10:00,0.4311,3584.1201,0.0,3517.2378,0.0,586.2062999999999,18.69735000000003,604.90365,0.80,adaptive,28,,604.90365,7.550299999999993,0.0,0.0,0.0,10787.30398148148,10794.09925148148,10767.93711,260.773963515,0.0,0.7550299999999991,260.773963515,0.0,260.773963515,0.0
B_adaptive,2025-09-23,2025-09-23,7,2025-09-23 01:10:00,2025-09-23 01:20:00,0.4302,3479.83,0.0,3497.5299,0.0,582.92165,15.241133333333435,598.1627833333334,0.80,adaptive,28,,598.1627833333334,6.556387242799247,0.0,0.0,11.634729423867611,10794.09925148148,10800.0,10767.93711,257.32962939000004,0.0,0.6556387242799245,257.32962939000004,0.0,257.32962939000004,0.0
B_adaptive,2025-09-23,2025-09-23,8,2025-09-23 01:20:00,2025-09-23 01:30:00,0.4279,3316.08,0.0,3422.74,0.0,570.4566666666666,6.810000000000059,577.2666666666667,0.80,adaptive,28,,577.2666666666667,0.0,0.0,0.0,24.5866666666667,10800.0,10800.0,10767.93711,247.01240666666664,0.0,0.0,247.01240666666666,0.0,247.01240666666666,0.0
B_adaptive,2025-09-23,2025-09-23,9,2025-09-23 01:30:00,2025-09-23 01:40:00,0.4312,3504.3201,0.0,3457.0954,0.0,576.1825666666666,15.631066666666698,591.8136333333333,0.80,adaptive,28,,591.8136333333333,0.0,0.0,0.0,7.760283333333405,10800.0,10800.0,10767.93711,255.19003869333332,0.0,0.0,255.19003869333335,0.0,255.19003869333335,0.0
B_adaptive,2025-09-23,2025-09-23,10,2025-09-23 01:40:00,2025-09-23 01:50:00,0.4333,3611.1697,0.0,3628.0075,0.0,604.6679166666667,11.45603333333338,616.12395,0.80,adaptive,28,,616.12395,0.0,0.0,0.0,14.26233333333346,10800.0,10800.0,10767.93711,266.966507535,0.0,0.0,266.966507535,0.0,266.966507535,0.0
B_adaptive,2025-09-23,2025-09-23,11,2025-09-23 01:50:00,2025-09-23 02:00:00,0.4311,3543.64,0.0,3727.77,0.0,621.295,15.934999999999944,637.2299999999999,0.80,adaptive,28,,637.2299999999999,0.0,0.0,0.0,46.623333333333335,10800.0,10800.0,10767.93711,274.70985299999995,0.0,0.0,274.70985299999995,0.0,274.70985299999995,0.0
B_adaptive,2025-09-23,2025-09-23,12,2025-09-23 02:00:00,2025-09-23 02:10:00,0.4293,3627.3783,0.0,3520.7314,0.0,586.7885666666666,25.5542333333334,612.3428,0.80,adaptive,28,,612.3428,0.0,0.0,0.0,7.7797500000000355,10800.0,10800.0,10767.93711,262.87876404,0.0,0.0,262.87876404,0.0,262.87876404,0.0
B_adaptive,2025-09-23,2025-09-23,13,2025-09-23 02:10:00,2025-09-23 02:20:00,0.4324,3646.7973,0.0,3436.0535,0.0,572.6755833333333,20.89740000000006,593.5729833333334,0.80,adaptive,28,,593.5729833333334,0.0,14.2265666666666,0.0,0.0,10800.0,10784.192703703704,10767.93711,256.66095799333334,0.0,1.580729629629623,256.66095799333334,0.0,256.66095799333334,0.0
B_adaptive,2025-09-23,2025-09-23,14,2025-09-23 02:20:00,2025-09-23 02:30:00,0.4367,3569.92,0.0,3624.55,0.0,604.0916666666667,8.653333333333308,612.745,0.80,adaptive,28,,612.745,17.56366255144005,0.0,0.0,0.1946707818932758,10784.192703703704,10800.0,10767.93711,267.5857415,0.0,1.7563662551440047,267.5857415,0.0,267.5857415,0.0
B_adaptive,2025-09-23,2025-09-23,15,2025-09-23 02:30:00,2025-09-23 02:40:00,0.4348,3591.0744,0.0,3799.684,0.0,633.2806666666667,14.718883333333338,647.99955,0.80,adaptive,28,,647.99955,0.0,0.0,0.0,49.48715000000004,10800.0,10800.0,10767.93711,281.75020434000004,0.0,0.0,281.75020434000004,0.0,281.75020434000004,0.0
B_adaptive,2025-09-23,2025-09-23,16,2025-09-23 02:40:00,2025-09-23 02:50:00,0.4335,3523.6786,0.0,3729.9253,0.0,621.6542166666666,14.436566666666636,636.0907833333332,0.80,adaptive,28,,636.0907833333332,0.0,0.0,0.0,48.81101666666655,10800.0,10800.0,10767.93711,275.745354575,0.0,0.0,275.74535457499996,0.0,275.74535457499996,0.0
B_adaptive,2025-09-23,2025-09-23,17,2025-09-23 02:50:00,2025-09-23 03:00:00,0.4357,3402.03,0.0,3599.4,0.0,599.9,9.160000000000082,609.0600000000001,0.80,adaptive,28,,609.0600000000001,0.0,0.0,0.0,42.055000000000064,10800.0,10800.0,10767.93711,265.36744200000004,0.0,0.0,265.36744200000004,0.0,265.36744200000004,0.0
B_adaptive,2025-09-23,2025-09-23,18,2025-09-23 03:00:00,2025-09-23 03:10:00,0.4374,3470.8796,0.0,3766.8381,0.0,627.80635,21.30906666666669,649.1154166666666,0.80,adaptive,28,,649.1154166666666,0.0,0.0,0.0,70.63548333333335,10800.0,10800.0,10767.93711,283.92308325,0.0,0.0,283.92308325,0.0,283.92308325,0.0
B_adaptive,2025-09-23,2025-09-23,19,2025-09-23 03:10:00,2025-09-23 03:20:00,0.4371,3546.3118,0.0,3732.5778,0.0,622.0962999999999,9.255300000000034,631.3516,0.80,adaptive,28,,631.3516,0.0,0.0,0.0,40.2996333333333,10800.0,10800.0,10767.93711,275.96378436,0.0,0.0,275.96378436,0.0,275.96378436,0.0
B_adaptive,2025-09-23,2025-09-23,20,2025-09-23 03:20:00,2025-09-23 03:30:00,0.4356,3521.1,0.0,3487.16,0.0,581.1933333333333,12.38833333333332,593.5816666666666,0.80,adaptive,28,,593.5816666666666,0.0,0.0,0.0,6.731666666666683,10800.0,10800.0,10767.93711,258.564174,0.0,0.0,258.564174,0.0,258.564174,0.0
B_adaptive,2025-09-23,2025-09-23,21,2025-09-23 03:30:00,2025-09-23 03:40:00,0.4353,3493.0415,0.0,3542.3682,0.0,590.3947,17.248833333333323,607.6435333333333,0.80,adaptive,28,,607.6435333333333,0.0,0.0,0.0,25.46995000000004,10800.0,10800.0,10767.93711,264.50723006,0.0,0.0,264.50723006,0.0,264.50723006,0.0
B_adaptive,2025-09-23,2025-09-23,22,2025-09-23 03:40:00,2025-09-23 03:50:00,0.436,3616.52,0.0,3671.4309,0.0,611.9051499999999,18.882066666666677,630.7872166666666,0.80,adaptive,28,,630.7872166666666,0.0,0.0,0.0,28.03388333333328,10800.0,10800.0,10767.93711,275.02322646666664,0.0,0.0,275.02322646666664,0.0,275.02322646666664,0.0
B_adaptive,2025-09-23,2025-09-23,23,2025-09-23 03:50:00,2025-09-23 04:00:00,0.4378,3738.77,0.0,3753.85,0.0,625.6416666666667,20.09833333333336,645.74,0.80,adaptive,28,,645.74,0.0,0.0,0.0,22.61166666666668,10800.0,10800.0,10767.93711,282.704972,0.0,0.0,282.704972,0.0,282.704972,0.0
B_adaptive,2025-09-23,2025-09-23,24,2025-09-23 04:00:00,2025-09-23 04:10:00,0.4401,3573.138,0.0019,3887.5822,0.0021,647.9300166666666,19.383016666666663,667.3130333333332,0.80,adaptive,28,,667.3130333333332,0.0,0.0,0.0,71.79034999999999,10800.0,10800.0,10767.93711,293.68446597,0.0,0.0,293.68446596999996,0.0,293.68446596999996,0.0
B_adaptive,2025-09-23,2025-09-23,25,2025-09-23 04:10:00,2025-09-23 04:20:00,0.4389,3548.8256,0.0,3864.8881,0.0,644.1480166666666,31.31488333333334,675.4629,0.80,adaptive,28,,675.4629,0.0,0.0,0.0,83.99196666666671,10800.0,10800.0,10767.93711,296.46066681,0.0,0.0,296.46066681,0.0,296.46066681,0.0
B_adaptive,2025-09-23,2025-09-23,26,2025-09-23 04:20:00,2025-09-23 04:30:00,0.4364,3696.43,0.0,3746.52,0.0,624.42,19.32499999999999,643.7449999999999,0.80,adaptive,28,,643.7449999999999,0.0,0.0,0.0,27.67333333333329,10800.0,10800.0,10767.93711,280.93031799999994,0.0,0.0,280.93031799999994,0.0,280.93031799999994,0.0
B_adaptive,2025-09-23,2025-09-23,27,2025-09-23 04:30:00,2025-09-23 04:40:00,0.4393,3629.4046,0.0268,3799.8707,0.029,633.3069499999999,24.950066666666714,658.2570166666667,0.80,adaptive,28,,658.2570166666667,0.0,0.0,0.0,53.3607166666668,10800.0,10800.0,10767.93711,289.1723074216667,0.0,0.0,289.1723074216667,0.0,289.1723074216667,0.0
B_adaptive,2025-09-23,2025-09-23,28,2025-09-23 04:40:00,2025-09-23 04:50:00,0.4422,3602.4949,0.0,3743.4045,0.0,623.90075,5.214283333333356,629.1150333333334,0.80,adaptive,28,,629.1150333333334,0.0,0.0,0.0,28.69921666666676,10800.0,10800.0,10767.93711,278.19466774,0.0,0.0,278.19466774,0.0,278.19466774,0.0
B_adaptive,2025-09-23,2025-09-23,29,2025-09-23 04:50:00,2025-09-23 05:00:00,0.4395,3708.74,0.0,3548.17,0.0,591.3616666666667,11.821666666666715,603.1833333333334,0.80,adaptive,28,,603.1833333333334,0.0,14.939999999999827,0.0,0.0,10800.0,10783.4,10767.93711,265.099075,0.0,1.6599999999999815,265.099075,0.0,265.099075,0.0
B_adaptive,2025-09-23,2025-09-23,30,2025-09-23 05:00:00,2025-09-23 05:10:00,0.4333,3751.3647,0.3731,3510.4937,0.404,585.01495,4.940116666666654,589.9550666666667,0.80,adaptive,28,,589.9550666666667,0.0,35.210199999999986,0.0,0.0,10783.4,10744.277555555554,10767.93711,255.62753038666668,0.0,3.9122444444444446,255.62753038666668,0.0,255.62753038666668,0.0
B_adaptive,2025-09-23,2025-09-23,31,2025-09-23 05:10:00,2025-09-23 05:20:00,0.4439,3689.4488,0.0,3645.7435,0.0,607.6239166666667,22.572916666666742,630.1968333333334,0.80,adaptive,28,,630.1968333333334,15.288700000000064,0.0,0.0,0.0,10744.277555555554,10758.037385555555,10767.93711,279.7443743166667,0.0,1.5288700000000062,279.7443743166667,0.0,279.7443743166667,0.0
B_adaptive,2025-09-23,2025-09-23,32,2025-09-23 05:20:00,2025-09-23 05:30:00,0.4301,3557.68,0.0,3724.04,0.0,620.6733333333333,35.63333333333327,656.3066666666666,0.80,adaptive,28,,656.3066666666666,46.62512716049402,0.0,0.0,16.73487283950599,10758.037385555555,10800.0,10767.93711,282.2774973333333,0.0,4.662512716049401,282.2774973333333,0.0,282.2774973333333,0.0
B_adaptive,2025-09-23,2025-09-23,33,2025-09-23 05:30:00,2025-09-23 05:40:00,0.3713,3509.0644,5.1961,3582.2553,5.6274,596.10465,9.526466666666693,605.6311166666667,0.80,adaptive,28,,641.2565500000012,0.0,0.0,0.0,57.27850000000126,10800.0,10800.0,10800.0,238.09855701500047,0.0,0.0,238.09855701500047,0.0,238.09855701500047,0.0
B_adaptive,2025-09-23,2025-09-23,34,2025-09-23 05:40:00,2025-09-23 05:50:00,0.5708,4001.4806,0.0,3957.97,0.0,659.6616666666666,15.503116666666756,675.1647833333334,0.80,adaptive,28,,675.1647833333334,0.0,0.0,0.0,8.251350000000116,10800.0,10800.0,10800.0,385.38405832666666,0.0,0.0,385.38405832666666,0.0,385.38405832666666,0.0
B_adaptive,2025-09-23,2025-09-23,35,2025-09-23 05:50:00,2025-09-23 06:00:00,0.9099,4743.74,0.0,4700.49,0.0,783.415,29.81708333333336,813.2320833333333,0.80,adaptive,28,,0.0,0.0,790.6233333333332,0.0,0.0,10800.0,9921.52962962963,9896.408796296297,0.0,0.0,87.84703703703707,0.0,0.0,0.0,0.0
B_adaptive,2025-09-23,2025-09-23,36,2025-09-23 06:00:00,2025-09-23 06:10:00,0.9368,4911.4158,148.7833,4861.7696,163.8012,782.9947333333332,29.079549999999983,812.0742833333331,0.80,adaptive,28,,0.0,0.0,793.7720833333333,0.0,0.0,9921.52962962963,9039.560648148148,8994.104037037037,0.0,0.0,88.19689814814818,0.0,0.0,0.0,0.0
B_adaptive,2025-09-23,2025-09-23,37,2025-09-23 06:10:00,2025-09-23 06:20:00,0.8758,4831.9735,376.0146,4752.5347,427.0247,720.9183333333333,16.06804999999997,736.9863833333333,0.80,adaptive,28,,0.0,0.0,742.6598166666665,0.0,0.0,9039.560648148148,8214.383074074074,8175.230277777778,0.0,0.0,82.51775740740743,0.0,0.0,0.0,0.0
B_adaptive,2025-09-23,2025-09-23,38,2025-09-23 06:20:00,2025-09-23 06:30:00,0.8759,4792.2,649.3875,4711.73,733.4625,663.0445833333332,23.132499999999936,686.1770833333331,0.80,adaptive,28,,0.0,0.0,690.46875,0.0,0.0,8214.383074074074,7447.195574074074,7412.811296296297,0.0,0.0,76.71875000000003,0.0,0.0,0.0,0.0
B_adaptive,2025-09-23,2025-09-23,39,2025-09-23 06:30:00,2025-09-23 06:40:00,0.8601,4757.3085,973.8044,4749.8589,1059.8151,615.0073,17.009499999999974,632.0168,0.80,adaptive,28,,0.0,0.0,630.5840166666667,0.0,0.0,7447.195574074074,6746.546666666667,6710.570407407408,0.0,0.0,70.06489074074078,0.0,0.0,0.0,0.0
B_adaptive,2025-09-23,2025-09-23,40,2025-09-23 06:40:00,2025-09-23 06:50:00,0.8442,4755.1526,1245.8597,4762.9137,1370.8696,565.3406833333333,31.02644999999984,596.3671333333332,0.80,adaptive,28,,0.0,0.0,584.88215,0.0,0.0,6746.546666666667,6096.677611111111,6047.9402592592605,0.0,0.0,64.98690555555558,0.0,0.0,0.0,0.0
B_adaptive,2025-09-23,2025-09-23,41,2025-09-23 06:50:00,2025-09-23 07:00:00,0.8334,4789.05,1511.775,4720.02,1678.1625,506.9762500000001,44.56458333333336,551.5408333333335,0.80,adaptive,28,,0.0,0.0,546.2125,0.0,0.0,6096.677611111111,5489.774833333334,5435.1171111111125,0.0,0.0,60.6902777777778,0.0,0.0,0.0,0.0
B_adaptive,2025-09-23,2025-09-23,42,2025-09-23 07:00:00,2025-09-23 07:10:00,0.8092,4816.282,1907.945,4702.584,2025.7511,446.1388166666666,48.85218333333334,494.991,0.80,adaptive,28,,80.86594999999801,0.0,403.85688333333536,0.0,0.0,5489.774833333334,5041.044962962961,4974.978166666666,65.43672673999839,0.0,44.872987037037284,65.43672673999839,0.0,65.43672673999839,0.0
B_adaptive,2025-09-23,2025-09-23,43,2025-09-23 07:10:00,2025-09-23 07:20:00,0.7972,4786.2179,2234.3678,4833.7499,2388.5754,407.5290833333332,57.359366666666745,464.88845,0.80,adaptive,28,,464.88845,39.58010000000007,0.0,0.0,0.0,5041.044962962961,5076.667052962961,4974.978166666666,370.60907234,0.0,3.9580100000000065,370.60907234,0.0,370.60907234,0.0
B_adaptive,2025-09-23,2025-09-23,44,2025-09-23 07:20:00,2025-09-23 07:30:00,0.7644,4660.51,2492.5875,4939.54,2753.5875,364.3254166666666,66.7245833333333,431.05,0.80,adaptive,28,,431.05,69.72958333333327,0.0,0.0,0.0,5076.667052962961,5139.423677962961,4974.978166666666,329.49461999999994,0.0,6.972958333333325,329.49462,0.0,329.49462,0.0
B_adaptive,2025-09-23,2025-09-23,45,2025-09-23 07:30:00,2025-09-23 07:40:00,0.6899,4606.8822,2894.0726,4828.7625,3120.5921,284.69506666666666,65.57900000000011,350.2740666666668,0.80,adaptive,28,,350.27406666666684,64.8058000000002,0.0,0.0,0.0,5139.423677962961,5197.748897962962,4974.978166666666,241.65407859333345,0.0,6.480580000000019,241.65407859333345,0.0,241.65407859333345,0.0
B_adaptive,2025-09-23,2025-09-23,46,2025-09-23 07:40:00,2025-09-23 07:50:00,0.86,5489.8417,3343.4604,5406.1206,3426.4951,329.9375833333333,74.05264999999991,403.99023333333326,0.80,adaptive,28,,0.0,0.0,357.73021666666665,0.0,0.0,5197.748897962962,4800.270879444443,4526.100129629629,0.0,0.0,39.74780185185187,0.0,0.0,0.0,0.0
B_adaptive,2025-09-23,2025-09-23,47,2025-09-23 07:50:00,2025-09-23 08:00:00,1.1617,6701.06,3753.1125,6462.55,3707.325,459.2041666666667,77.36291666666669,536.5670833333334,0.80,adaptive,28,,0.0,0.0,491.32458333333335,0.0,0.0,4800.270879444443,4254.354675740739,3929.914481481481,0.0,0.0,54.5916203703704,0.0,0.0,0.0,0.0
B_adaptive,2025-09-23,2025-09-23,48,2025-09-23 08:00:00,2025-09-23 08:10:00,1.1683,6664.9869,4119.6249,6779.0099,4082.1536,449.47605,69.59383333333335,519.0698833333333,0.80,adaptive,28,,0.0,0.0,424.227,0.0,0.0,4254.354675740739,3782.991342407406,3353.1701666666663,0.0,0.0,47.136333333333354,0.0,0.0,0.0,0.0
B_adaptive,2025-09-23,2025-09-23,49,2025-09-23 08:10:00,2025-09-23 08:20:00,1.0956,6469.7028,4427.9049,6649.2879,4538.4547,351.8055333333333,66.46295,418.2684833333333,0.80,adaptive,28,,0.0,0.0,340.29965,0.0,0.0,3782.991342407406,3404.880620185184,2888.427407407407,0.0,0.0,37.811072222222236,0.0,0.0,0.0,0.0
B_adaptive,2025-09-23,2025-09-23,50,2025-09-23 08:20:00,2025-09-23 08:30:00,1.0849,6635.97,4698.6375,6494.49,4959.675,255.80249999999992,103.7074999999998,359.50999999999976,0.80,adaptive,28,,0.0,0.0,322.8887500000001,0.0,0.0,3404.880620185184,3046.115342407406,2488.971851851852,0.0,0.0,35.8765277777778,0.0,0.0,0.0,0.0
B_adaptive,2025-09-23,2025-09-23,51,2025-09-23 08:30:00,2025-09-23 08:40:00,1.061,6600.0815,4997.093,6432.8642,5221.4296,201.90576666666655,64.09188333333321,265.9976499999998,0.80,adaptive,28,,0.0,0.0,267.16475,0.0,0.0,3046.115342407406,2749.265620185184,2193.4189074074075,0.0,0.0,29.68497222222224,0.0,0.0,0.0,0.0
B_adaptive,2025-09-23,2025-09-23,52,2025-09-23 08:40:00,2025-09-23 08:50:00,1.043,6462.4233,5400.3214,6438.1781,5443.4725,165.7842666666667,80.72340000000001,246.5076666666667,0.80,adaptive,28,,0.0,0.0,177.01698333333343,0.0,0.0,2749.265620185184,2552.5800831481465,1919.5215,0.0,0.0,19.668553703703722,0.0,0.0,0.0,0.0
B_adaptive,2025-09-23,2025-09-23,53,2025-09-23 08:50:00,2025-09-23 09:00:00,1.036,6427.57,5807.85,6502.19,5716.7625,130.90458333333328,107.26416666666668,238.16874999999996,0.80,adaptive,28,,0.0,0.0,103.28666666666656,0.0,0.0,2552.5800831481465,2437.817120185184,1654.8895555555555,0.0,0.0,11.47629629629629,0.0,0.0,0.0,0.0
B_adaptive,2025-09-23,2025-09-23,54,2025-09-23 09:00:00,2025-09-23 09:10:00,1.0147,6551.7343,6020.5511,6620.0241,6031.6126,98.0685833333332,122.36253333333345,220.43111666666664,0.80,adaptive,28,,0.0,0.0,88.5305333333334,0.0,0.0,2437.817120185184,2339.4498609259244,1409.9660925925923,0.0,0.0,9.836725925925936,0.0,0.0,0.0,0.0
B_adaptive,2025-09-23,2025-09-23,55,2025-09-23 09:10:00,2025-09-23 09:20:00,0.9922,6611.8297,6159.4673,6603.7913,6339.8082,43.99718333333324,95.76605000000004,139.7632333333333,0.80,adaptive,28,,0.0,0.0,75.39373333333333,0.0,0.0,2339.4498609259244,2255.679046111109,1254.673611111111,0.0,0.0,8.377081481481484,0.0,0.0,0.0,0.0
B_adaptive,2025-09-23,2025-09-23,56,2025-09-23 09:20:00,2025-09-23 09:30:00,0.97,6584.42,6306.2625,6407.33,6622.4625,-35.85541666666661,85.06166666666661,49.20625,0.80,adaptive,28,,0.0,0.0,46.359583333333376,0.0,0.0,2255.679046111109,2204.168397962961,1200.0,0.0,0.0,5.151064814814822,0.0,0.0,0.0,0.0
B_adaptive,2025-09-23,2025-09-23,57,2025-09-23 09:30:00,2025-09-23 09:40:00,0.9422,6627.8893,6423.4053,6200.5473,6897.3346,-116.13121666666666,113.01015000000008,-3.121066666666593,0.80,adaptive,28,,0.0,0.0,34.08066666666657,0.0,0.0,2204.168397962961,2166.300990555554,1202.8089599999998,0.0,0.0,3.786740740740732,0.0,0.0,0.0,0.0
B_adaptive,2025-09-23,2025-09-23,58,2025-09-23 09:40:00,2025-09-23 09:50:00,0.9569,6567.1756,6483.305,6249.554,7173.3339,-153.96331666666657,104.1708166666666,-49.79249999999996,0.80,adaptive,28,,0.0,0.0,13.978433333333214,0.0,0.0,2166.300990555554,2150.7693979629616,1247.6222099999998,0.0,0.0,1.5531592592592467,0.0,0.0,0.0,0.0
B_adaptive,2025-09-23,2025-09-23,59,2025-09-23 09:50:00,2025-09-23 10:00:00,0.9977,6455.96,6487.7625,6480.82,7375.3875,-149.09458333333333,148.54583333333323,-0.5487500000000978,0.80,adaptive,28,,0.0,5.30041666666663,0.0,0.0,0.0,2150.7693979629616,2155.5397729629617,1248.116085,0.0,0.0,0.5300416666666629,0.0,0.0,0.0,0.0
B_adaptive,2025-09-23,2025-09-23,60,2025-09-23 10:00:00,2025-09-23 10:10:00,0.9919,6527.0912,6506.7574,6557.067,7427.1527,-145.01428333333325,108.45718333333328,-36.55709999999996,0.80,adaptive,28,,0.0,0.0,3.388966666666571,0.0,0.0,2155.5397729629617,2151.774254444443,1281.017475,0.0,0.0,0.3765518518518414,0.0,0.0,0.0,0.0
B_adaptive,2025-09-23,2025-09-23,61,2025-09-23 10:10:00,2025-09-23 10:20:00,0.9588,6488.4499,6763.9313,6530.2617,7558.6084,-171.39111666666668,99.33836666666662,-72.05275000000006,0.80,adaptive,28,,0.0,45.91356666666676,0.0,0.0,0.0,2151.774254444443,2193.0964644444434,1345.86495,0.0,0.0,4.591356666666675,0.0,0.0,0.0,0.0
B_adaptive,2025-09-23,2025-09-23,62,2025-09-23 10:20:00,2025-09-23 10:30:00,0.9549,6336.11,7139.7,6502.13,7758.4875,-209.39291666666668,143.02124999999978,-66.3716666666669,0.80,adaptive,28,,0.0,133.93166666666667,0.0,0.0,0.0,2193.0964644444434,2313.6349644444435,1405.5994500000002,0.0,0.0,13.393166666666664,0.0,0.0,0.0,0.0
B_adaptive,2025-09-23,2025-09-23,63,2025-09-23 10:30:00,2025-09-23 10:40:00,0.9839,6376.9432,7257.6775,6501.3745,7803.3333,-216.9931333333334,157.95738333333327,-59.03575000000012,0.80,adaptive,28,,0.0,146.78905,0.0,0.0,0.0,2313.6349644444435,2445.745109444444,1458.7316250000003,0.0,0.0,14.678904999999997,0.0,0.0,0.0,0.0
B_adaptive,2025-09-23,2025-09-23,64,2025-09-23 10:40:00,2025-09-23 10:50:00,0.799,6473.6947,7240.5731,6474.7018,7884.0347,-234.8888166666667,151.34778333333315,-83.54103333333356,0.80,adaptive,28,,0.0,127.8130666666666,0.0,0.0,0.0,2445.745109444444,2560.7768694444435,1533.9185550000009,0.0,0.0,12.781306666666657,0.0,0.0,0.0,0.0
B_adaptive,2025-09-23,2025-09-23,65,2025-09-23 10:50:00,2025-09-23 11:00:00,0.5025,6470.56,7359.675,6439.65,8030.625,-265.1625,123.5895833333334,-141.57291666666663,0.80,adaptive,28,,367.919416666665,516.1052499999983,0.0,0.0,0.0,2560.7768694444435,3025.2715944444417,1992.4616549999992,184.87950687499915,0.0,51.61052499999981,184.87950687499912,0.0,184.87950687499912,0.0
B_adaptive,2025-09-23,2025-09-23,66,2025-09-23 11:00:00,2025-09-23 11:10:00,0.4662,6357.1346,7784.7849,6473.1896,8066.7709,-265.59688333333344,139.59955000000008,-125.99733333333336,0.80,adaptive,28,,707.3359999999999,833.3333333333333,0.0,0.0,111.94438333333323,3025.2715944444417,3775.2715944444417,2742.461654999999,329.7600431999999,0.0,83.3333333333333,329.7600431999999,0.0,329.7600431999999,0.0
B_adaptive,2025-09-23,2025-09-23,67,2025-09-23 11:10:00,2025-09-23 11:20:00,0.5007,6310.6975,8209.6886,6527.364,8058.9692,-255.2675333333333,143.61113333333333,-111.6564,0.80,adaptive,28,,721.6769333333333,833.3333333333333,0.0,0.0,204.84211666666647,3775.2715944444417,4525.271594444442,3492.461654999999,361.34364052,0.0,83.3333333333333,361.34364052,0.0,361.34364052,0.0
B_adaptive,2025-09-23,2025-09-23,68,2025-09-23 11:20:00,2025-09-23 11:30:00,0.4827,6431.52,8399.7375,6531.11,8058.1875,-254.5129166666667,110.86374999999988,-143.64916666666684,0.80,adaptive,28,,689.6841666666664,833.3333333333333,0.0,0.0,184.38708333333292,4525.271594444442,5275.271594444442,4242.461654999999,332.9105472499999,0.0,83.3333333333333,332.9105472499999,0.0,332.9105472499999,0.0
B_adaptive,2025-09-23,2025-09-23,69,2025-09-23 11:30:00,2025-09-23 11:40:00,0.4785,6604.0357,8379.679,6437.2197,8059.3959,-270.36270000000013,53.99166666666662,-216.37103333333351,0.80,adaptive,28,,616.9622999999997,833.3333333333333,0.0,0.0,79.56951666666635,5275.271594444442,6025.271594444442,4992.461654999999,295.21646054999985,0.0,83.3333333333333,295.21646054999985,0.0,295.21646054999985,0.0
B_adaptive,2025-09-23,2025-09-23,70,2025-09-23 11:40:00,2025-09-23 11:50:00,0.4662,6371.5522,8435.4109,6258.0133,8144.2088,-314.36591666666675,98.22424999999993,-216.1416666666668,0.80,adaptive,28,,617.1916666666664,833.3333333333333,0.0,0.0,127.83478333333323,6025.271594444442,6775.271594444442,5742.461654999999,287.7347549999999,0.0,83.3333333333333,287.7347549999999,0.0,287.7347549999999,0.0
B_adaptive,2025-09-23,2025-09-23,71,2025-09-23 11:50:00,2025-09-23 12:00:00,0.4432,5893.69,8613.5625,6034.17,8278.275,-374.0174999999999,158.67333333333318,-215.34416666666675,0.80,adaptive,28,,617.9891666666665,833.3333333333333,0.0,0.0,237.96791666666672,6775.271594444442,7525.271594444442,6492.461654999999,273.8927986666666,0.0,83.3333333333333,273.8927986666666,0.0,273.8927986666666,0.0
B_adaptive,2025-09-23,2025-09-23,72,2025-09-23 12:00:00,2025-09-23 12:10:00,0.4411,5815.5593,8690.3915,5857.0228,8321.7803,-410.7929166666668,151.25543333333314,-259.5374833333336,0.80,adaptive,28,,573.7958499999996,833.3333333333333,0.0,0.0,219.60121666666623,7525.271594444442,8275.271594444443,7242.461654999999,253.10134943499983,0.0,83.3333333333333,253.10134943499983,0.0,253.10134943499983,0.0
B_adaptive,2025-09-23,2025-09-23,73,2025-09-23 12:10:00,2025-09-23 12:20:00,0.4551,5929.8452,8581.2694,5948.518,8267.6048,-386.5144666666665,122.1221499999998,-264.3923166666667,0.80,adaptive,28,,568.9410166666665,833.3333333333333,0.0,0.0,177.51171666666653,8275.271594444443,9025.271594444444,7992.461654999999,258.925056685,0.0,83.3333333333333,258.92505668499996,0.0,258.92505668499996,0.0
B_adaptive,2025-09-23,2025-09-23,74,2025-09-23 12:20:00,2025-09-23 12:30:00,0.4463,5958.43,8484.4875,6160.56,8156.1,-332.59,132.46083333333354,-200.12916666666644,0.80,adaptive,28,,633.2041666666669,833.3333333333333,0.0,0.0,220.88041666666663,9025.271594444444,9775.271594444444,8742.461655,282.5990195833334,0.0,83.3333333333333,282.5990195833334,0.0,282.5990195833334,0.0
B_adaptive,2025-09-23,2025-09-23,75,2025-09-23 12:30:00,2025-09-23 12:40:00,0.4113,5882.5546,8645.3297,6118.0293,8055.8192,-322.9649833333333,162.45529999999997,-160.50968333333333,0.80,adaptive,28,,672.8236499999999,833.3333333333333,0.0,0.0,299.9528333333333,9775.271594444444,10525.271594444444,9492.461655,276.732367245,0.0,83.3333333333333,276.732367245,0.0,276.732367245,0.0
B_adaptive,2025-09-23,2025-09-23,76,2025-09-23 12:40:00,2025-09-23 12:50:00,0.5682,6091.5912,8546.664,6129.9123,8085.3213,-325.90149999999994,130.6118666666668,-195.28963333333317,0.80,adaptive,28,,0.0,305.2537839506193,0.0,0.0,103.92501604938082,10525.271594444444,10800.0,9668.222325,0.0,0.0,30.525378395061924,0.0,0.0,0.0,0.0
B_adaptive,2025-09-23,2025-09-23,77,2025-09-23 12:50:00,2025-09-23 13:00:00,0.8279,6408.53,8135.1375,6271.57,8109.4125,-306.3070833333334,131.93916666666655,-174.36791666666687,0.80,adaptive,28,,0.0,0.0,0.0,0.0,287.7679166666667,10800.0,10800.0,9825.15345,0.0,0.0,0.0,0.0,0.0,0.0,0.0
B_adaptive,2025-09-23,2025-09-23,78,2025-09-23 13:00:00,2025-09-23 13:10:00,0.8636,6253.4833,7884.9488,6267.4025,7864.6337,-266.2052,89.57320000000016,-176.63199999999983,0.80,adaptive,28,,0.0,0.0,0.0,0.0,271.9109166666667,10800.0,10800.0,9984.12225,0.0,0.0,0.0,0.0,0.0,0.0,0.0
B_adaptive,2025-09-23,2025-09-23,79,2025-09-23 13:10:00,2025-09-23 13:20:00,0.8416,6080.4251,7754.0988,6084.3297,7627.4867,-257.19283333333334,55.44526666666661,-201.74756666666676,0.80,adaptive,28,,0.0,0.0,0.0,0.0,278.9456166666665,10800.0,10800.0,10165.69506,0.0,0.0,0.0,0.0,0.0,0.0,0.0
B_adaptive,2025-09-23,2025-09-23,80,2025-09-23 13:20:00,2025-09-23 13:30:00,0.8618,6115.63,7607.2875,5983.25,7552.2375,-261.4979166666667,32.2929166666666,-229.2050000000001,0.80,adaptive,28,,0.0,0.0,0.0,0.0,248.60958333333335,10800.0,10800.0,10371.97956,0.0,0.0,0.0,0.0,0.0,0.0,0.0
B_adaptive,2025-09-23,2025-09-23,81,2025-09-23 13:30:00,2025-09-23 13:40:00,0.8623,6161.9414,7394.5585,6249.9547,7511.7507,-210.2993333333332,59.67995000000019,-150.61938333333302,0.80,adaptive,28,,0.0,0.0,0.0,0.0,205.4361833333334,10800.0,10800.0,10507.537005,0.0,0.0,0.0,0.0,0.0,0.0,0.0
B_adaptive,2025-09-23,2025-09-23,82,2025-09-23 13:40:00,2025-09-23 13:50:00,0.9026,6291.8498,7228.1769,6377.6378,7307.0291,-154.8985499999999,59.45085,-95.44769999999988,0.80,adaptive,28,,0.0,0.0,0.0,0.0,156.05451666666673,10800.0,10800.0,10593.439935,0.0,0.0,0.0,0.0,0.0,0.0,0.0
B_adaptive,2025-09-23,2025-09-23,83,2025-09-23 13:50:00,2025-09-23 14:00:00,0.9754,6409.53,7094.9625,6187.65,7022.8875,-139.20625,70.27833333333331,-68.9279166666667,0.80,adaptive,28,,0.0,0.0,0.0,0.0,114.23874999999998,10800.0,10800.0,10655.47506,0.0,0.0,0.0,0.0,0.0,0.0,0.0
B_adaptive,2025-09-23,2025-09-23,84,2025-09-23 14:00:00,2025-09-23 14:10:00,1.0002,6298.6605,6838.0168,6004.646,6916.3565,-151.95175,66.6666,-85.28515,0.80,adaptive,28,,0.0,0.0,0.0,0.0,89.89271666666673,10800.0,10800.0,10732.231695,0.0,0.0,0.0,0.0,0.0,0.0,0.0
B_adaptive,2025-09-23,2025-09-23,85,2025-09-23 14:10:00,2025-09-23 14:20:00,0.9978,6212.8259,6393.4647,6039.8719,6750.1107,-118.37313333333334,43.07501666666661,-75.29811666666673,0.80,adaptive,28,,0.0,0.0,0.0,0.0,30.10646666666677,10800.0,10800.0,10800.0,0.0,0.0,0.0,0.0,0.0,0.0,0.0
B_adaptive,2025-09-23,2025-09-23,86,2025-09-23 14:20:00,2025-09-23 14:30:00,1.0271,6236.6,5854.05,6212.36,6443.325,-38.494166666666686,62.7833333333333,24.289166666666617,0.80,adaptive,28,,0.0,0.0,63.75833333333336,0.0,0.0,10800.0,10729.157407407409,10773.012037037037,0.0,0.0,7.084259259259266,0.0,0.0,0.0,0.0
B_adaptive,2025-09-23,2025-09-23,87,2025-09-23 14:30:00,2025-09-23 14:40:00,1.0906,6217.1274,5393.4146,6261.2286,6154.0582,17.861733333333326,64.66748333333331,82.52921666666663,0.80,adaptive,28,,0.0,0.0,137.2854666666667,0.0,0.0,10729.157407407409,10576.618,10681.312907407408,0.0,0.0,15.253940740740752,0.0,0.0,0.0,0.0
B_adaptive,2025-09-23,2025-09-23,88,2025-09-23 14:40:00,2025-09-23 14:50:00,0.9376,6206.2876,4990.8009,6234.7935,5864.7952,61.66638333333336,55.87338333333338,117.53976666666674,0.80,adaptive,28,,0.0,0.0,202.58111666666656,0.0,0.0,10576.618,10351.52787037037,10550.713166666666,0.0,0.0,22.50901296296296,0.0,0.0,0.0,0.0
B_adaptive,2025-09-23,2025-09-23,89,2025-09-23 14:50:00,2025-09-23 15:00:00,0.6694,6262.68,4761.6375,6185.32,5565.3375,103.33041666666668,44.77416666666674,148.10458333333344,0.80,adaptive,28,,148.10458333333344,0.0,102.06916666666665,0.0,0.0,10351.52787037037,10238.117685185183,10550.713166666666,99.1412080833334,0.0,11.34101851851852,99.1412080833334,0.0,99.1412080833334,0.0
B_adaptive,2025-09-23,2025-09-23,90,2025-09-23 15:00:00,2025-09-23 15:10:00,0.66,6377.3851,4842.082,6148.1901,5276.6779,145.25203333333334,78.54066666666677,223.7927000000001,0.80,adaptive,28,,500.7780703703708,244.8942203703708,0.0,0.0,0.0,10238.117685185183,10458.522483518518,10800.0,330.5135264444447,0.0,24.489422037037073,330.5135264444448,0.0,330.5135264444448,0.0
B_adaptive,2025-09-23,2025-09-23,91,2025-09-23 15:10:00,2025-09-23 15:20:00,0.7217,6461.0017,4734.2965,6373.9324,4931.1252,240.4678666666665,72.63701666666657,313.1048833333331,0.80,adaptive,28,,313.1048833333331,25.320683333333196,0.0,0.0,0.0,10458.522483518518,10481.311098518518,10800.0,225.9677943016665,0.0,2.532068333333319,225.9677943016665,0.0,225.9677943016665,0.0
B_adaptive,2025-09-23,2025-09-23,92,2025-09-23 15:20:00,2025-09-23 15:30:00,0.7308,6382.45,4417.2375,6665.78,4525.725,356.67583333333323,73.79208333333341,430.4679166666666,0.80,adaptive,28,,430.4679166666666,102.9325,0.0,0.0,0.0,10481.311098518518,10573.950348518518,10800.0,314.5859535,0.0,10.293249999999999,314.58595349999996,0.0,314.58595349999996,0.0
B_adaptive,2025-09-23,2025-09-23,93,2025-09-23 15:30:00,2025-09-23 15:40:00,0.7534,6120.1976,4306.354,6522.3391,4126.3129,399.3377,46.22411666666676,445.5618166666668,0.80,adaptive,28,,445.5618166666668,143.2545500000001,0.0,0.0,0.0,10573.950348518518,10702.879443518515,10800.0,335.6862726766668,0.0,14.325455000000007,335.68627267666676,0.0,335.68627267666676,0.0
B_adaptive,2025-09-23,2025-09-23,94,2025-09-23 15:40:00,2025-09-23 15:50:00,0.7823,6153.6297,4035.9346,6227.3075,3727.669,416.6064166666666,61.40128333333329,478.0077,0.80,adaptive,28,,478.0077,107.91172942386967,0.0,0.0,17.146787242796876,10702.879443518515,10800.0,10800.0,373.94542371,0.0,10.791172942386964,373.94542371,0.0,373.94542371,0.0
B_adaptive,2025-09-23,2025-09-23,95,2025-09-23 15:50:00,2025-09-23 16:00:00,0.8055,6505.17,3543.675,6173.39,3392.3625,463.50458333333336,58.726666666666574,522.2312499999999,0.80,adaptive,28,,522.2312499999999,0.0,0.0,0.0,28.64874999999995,10800.0,10800.0,10800.0,420.657271875,0.0,0.0,420.65727187499994,0.0,420.65727187499994,0.0
B_adaptive,2025-09-23,2025-09-23,96,2025-09-23 16:00:00,2025-09-23 16:10:00,0.8271,6704.9712,3168.3753,6477.1231,3188.7577,548.0609,40.40701666666661,588.4679166666665,0.80,adaptive,28,,588.4679166666665,0.0,0.96473333333347,0.0,0.0,10800.0,10798.928074074074,10800.0,486.72181387499984,0.0,0.10719259259260783,486.72181387499984,0.0,486.72181387499984,0.0
B_adaptive,2025-09-23,2025-09-23,97,2025-09-23 16:10:00,2025-09-23 16:20:00,0.8519,6651.3841,2836.5022,6552.0795,2876.8086,612.5451499999999,44.36301666666657,656.9081666666665,0.80,adaptive,28,,656.9081666666665,1.19102880658425,0.0,0.0,19.903487860082187,10798.928074074074,10800.0,10800.0,559.6200671833332,0.0,0.11910288065842498,559.6200671833332,0.0,559.6200671833332,0.0
B_adaptive,2025-09-23,2025-09-23,98,2025-09-23 16:20:00,2025-09-23 16:30:00,0.8791,6512.95,2503.5375,6332.94,2467.5375,644.2337499999999,33.45416666666665,677.6879166666665,0.80,adaptive,28,,677.6879166666665,0.0,0.0,0.0,9.452499999999873,10800.0,10800.0,10800.0,595.7554475416665,0.0,0.0,595.7554475416665,0.0,595.7554475416665,0.0
B_adaptive,2025-09-23,2025-09-23,99,2025-09-23 16:30:00,2025-09-23 16:40:00,0.9024,6516.7553,2218.6701,6320.4369,2200.0679,686.7281666666665,32.99040000000002,719.7185666666666,0.80,adaptive,28,,719.7185666666666,0.0,0.0,0.0,3.371033333333344,10800.0,10800.0,10800.0,649.4740345599998,0.0,0.0,649.4740345599998,0.0,649.4740345599998,0.0
B_adaptive,2025-09-23,2025-09-23,100,2025-09-23 16:40:00,2025-09-23 16:50:00,0.9163,6452.5286,1863.5925,6492.3208,1918.0586,762.3770333333333,44.55761666666649,806.9346499999998,0.80,adaptive,28,,806.9346499999998,0.0,0.0,0.0,42.11196666666649,10800.0,10800.0,10800.0,739.3942197949998,0.0,0.0,739.3942197949998,0.0,739.3942197949998,0.0
B_adaptive,2025-09-23,2025-09-23,101,2025-09-23 16:50:00,2025-09-23 17:00:00,0.9264,6349.71,1465.3875,6599.87,1558.65,840.2033333333331,51.05875,891.2620833333332,0.80,adaptive,28,,891.2620833333332,0.0,0.0,0.0,77.20833333333314,10800.0,10800.0,10800.0,825.6651939999998,0.0,0.0,825.6651939999998,0.0,825.6651939999998,0.0
B_adaptive,2025-09-23,2025-09-23,102,2025-09-23 17:00:00,2025-09-23 17:10:00,0.9462,6441.2731,1178.7512,6444.2201,1230.6499,868.9283666666666,39.52376666666669,908.4521333333332,0.80,adaptive,28,,908.4521333333332,0.0,0.0,0.0,31.36514999999997,10800.0,10800.0,10800.0,859.5774085600001,0.0,0.0,859.57740856,0.0,859.57740856,0.0
B_adaptive,2025-09-23,2025-09-23,103,2025-09-23 17:10:00,2025-09-23 17:20:00,0.9742,6397.9351,917.9154,6365.2663,945.4844,903.2969833333332,20.78593333333333,924.0829166666666,0.80,adaptive,28,,924.0829166666668,0.0,0.0,0.0,10.746300000000131,10800.0,10800.0,10800.0,900.2415774166667,0.0,0.0,900.2415774166668,0.0,900.2415774166668,0.0
B_adaptive,2025-09-23,2025-09-23,104,2025-09-23 17:20:00,2025-09-23 17:30:00,0.9862,6368.49,630.1875,6543.08,683.6625,976.5695833333332,23.29499999999996,999.8645833333331,0.80,adaptive,28,,999.8645833333331,0.0,0.0,0.0,43.48083333333318,10800.0,10800.0,10800.0,986.0664520833332,0.0,0.0,986.0664520833332,0.0,986.0664520833332,0.0
B_adaptive,2025-09-23,2025-09-23,105,2025-09-23 17:30:00,2025-09-23 17:40:00,0.976,6667.634,356.458,6702.631,425.9356,1046.1159,27.75071666666679,1073.8666166666667,0.80,adaptive,28,,1073.8666166666667,0.0,0.0,0.0,22.00395000000003,10800.0,10800.0,10800.0,1048.0938178666668,0.0,0.0,1048.0938178666668,0.0,1048.0938178666668,0.0
B_adaptive,2025-09-23,2025-09-23,106,2025-09-23 17:40:00,2025-09-23 17:50:00,1.0742,5886.4358,131.4439,5992.5794,174.4761,969.6838833333333,12.449833333333345,982.1337166666666,0.80,adaptive,28,,982.1337166666668,0.0,0.0,0.0,22.968400000000088,10800.0,10800.0,10800.0,1055.0080384433334,0.0,0.0,1055.0080384433336,0.0,1055.0080384433336,0.0
B_adaptive,2025-09-23,2025-09-23,107,2025-09-23 17:50:00,2025-09-23 18:00:00,1.2313,4515.87,0.0,4835.08,0.0,805.8466666666666,19.54166666666663,825.3883333333332,0.80,adaptive,28,,825.3883333333333,0.0,0.0,0.0,72.74333333333334,10800.0,10800.0,10800.0,1016.3006548333334,0.0,0.0,1016.3006548333334,0.0,1016.3006548333334,0.0
B_adaptive,2025-09-23,2025-09-23,108,2025-09-23 18:00:00,2025-09-23 18:10:00,1.2561,4585.9791,0.0,4585.0492,0.0,764.1748666666667,15.513500000000022,779.6883666666668,0.80,adaptive,28,,779.6883666666668,0.0,0.0,0.0,15.3585166666669,10800.0,10800.0,10800.0,979.36655737,0.0,0.0,979.3665573700001,0.0,979.3665573700001,0.0
B_adaptive,2025-09-23,2025-09-23,109,2025-09-23 18:10:00,2025-09-23 18:20:00,1.2447,4985.787,4.4234,4700.096,6.1848,782.3185333333332,28.99523333333332,811.3137666666665,0.80,adaptive,28,,811.3137666666667,0.0,18.913500000000116,0.0,0.0,10800.0,10778.985,10800.0,1009.84224537,0.0,2.101500000000014,1009.8422453699999,0.0,1009.8422453699999,0.0
B_adaptive,2025-09-23,2025-09-23,110,2025-09-23 18:20:00,2025-09-23 18:30:00,1.2545,5006.5,0.0,4806.54,0.0,801.0899999999999,51.5183333333332,852.6083333333331,0.80,adaptive,28,,852.6083333333331,18.19166666666649,0.0,0.0,0.0,10778.985,10795.3575,10800.0,1069.5971541666663,0.0,1.8191666666666484,1069.5971541666663,0.0,1069.5971541666663,0.0
B_adaptive,2025-09-23,2025-09-23,111,2025-09-23 18:30:00,2025-09-23 18:40:00,1.2522,5016.9579,0.0,5029.1871,0.0,838.19785,17.764650000000074,855.9625000000001,0.80,adaptive,28,,855.9625000000001,5.158333333333252,0.0,0.0,14.644516666666782,10795.3575,10800.0,10800.0,1071.8362425,0.0,0.5158333333333252,1071.8362425,0.0,1071.8362425,0.0
B_adaptive,2025-09-23,2025-09-23,112,2025-09-23 18:40:00,2025-09-23 18:50:00,1.2881,4862.5058,0.3176,4889.8514,0.444,814.9012333333332,-4.275449999999978,810.6257833333332,0.80,adaptive,28,,810.6257833333332,0.0,0.0,0.0,0.2610833333333175,10800.0,10800.0,10800.0,1044.1670715116666,0.0,0.0,1044.1670715116666,0.0,1044.1670715116666,0.0
B_adaptive,2025-09-23,2025-09-23,113,2025-09-23 18:50:00,2025-09-23 19:00:00,1.3466,4664.56,0.0,4602.8,0.0,767.1333333333333,18.329999999999927,785.4633333333333,0.80,adaptive,28,,0.0,0.0,777.4266666666667,0.0,0.0,10800.0,9936.192592592592,9927.262962962965,0.0,0.0,86.38074074074079,0.0,0.0,0.0,0.0
B_adaptive,2025-09-23,2025-09-23,114,2025-09-23 19:00:00,2025-09-23 19:10:00,1.3523,4794.5933,0.0,4878.9151,0.0,813.1525166666667,25.73595000000012,838.8884666666668,0.80,adaptive,28,,5.555133333333515,0.0,793.5437499999998,0.0,0.0,9936.192592592592,9054.477314814816,9001.337037037038,7.512206806666913,0.0,88.1715277777778,7.512206806666913,0.0,7.512206806666913,0.0
B_adaptive,2025-09-23,2025-09-23,115,2025-09-23 19:10:00,2025-09-23 19:20:00,1.3445,4953.598,0.0228,5049.4296,0.0319,841.5662833333333,21.326583333333247,862.8928666666666,0.80,adaptive,28,,29.55953333333332,0.0,796.0363333333333,0.0,0.0,9054.477314814816,8169.992500000001,8075.411111111111,39.74279256666665,0.0,88.44848148148152,39.74279256666665,0.0,39.74279256666665,0.0
B_adaptive,2025-09-23,2025-09-23,116,2025-09-23 19:20:00,2025-09-23 19:30:00,1.3483,4906.9,0.0,4902.19,0.0,817.0316666666665,11.69833333333338,828.7299999999999,0.80,adaptive,28,,0.0,0.0,817.8166666666666,0.0,0.0,8169.992500000001,7261.307314814816,7154.6,0.0,0.0,90.86851851851856,0.0,0.0,0.0,0.0
B_adaptive,2025-09-23,2025-09-23,117,2025-09-23 19:30:00,2025-09-23 19:40:00,1.349,4721.0181,0.0,4891.8419,0.0,815.3069833333334,-3.372216666666759,811.9347666666666,0.80,adaptive,28,,0.0,0.0,786.83635,0.0,0.0,7261.307314814816,6387.044703703705,6252.45025925926,0.0,0.0,87.42626111111116,0.0,0.0,0.0,0.0
B_adaptive,2025-09-23,2025-09-23,118,2025-09-23 19:40:00,2025-09-23 19:50:00,1.3473,4705.315,0.0016,4903.2757,0.0023,817.2122333333333,8.95578333333333,826.1680166666666,0.80,adaptive,28,,0.0,0.0,784.2189,0.0,0.0,6387.044703703705,5515.690370370372,5334.485796296297,0.0,0.0,87.13543333333337,0.0,0.0,0.0,0.0
B_adaptive,2025-09-23,2025-09-23,119,2025-09-23 19:50:00,2025-09-23 20:00:00,1.3482,4871.47,0.0,4818.68,0.0,803.1133333333333,30.225000000000023,833.3383333333334,0.80,adaptive,28,,0.0050000000001091,0.0,811.9066666666665,0.0,0.0,5515.690370370372,4613.571851851853,4408.559870370371,0.0067410000001471,0.0,90.21185185185188,0.006741000000147089,0.0,0.006741000000147089,0.0
B_adaptive,2025-09-23,2025-09-23,120,2025-09-23 20:00:00,2025-09-23 20:10:00,1.3513,4963.0687,0.0,4696.702,0.0,782.7836666666667,23.82991666666669,806.6135833333334,0.80,adaptive,28,,0.0,0.0,827.1781166666666,0.0,0.0,4613.571851851853,3694.485055555557,3512.322555555556,0.0,0.0,91.90867962962966,0.0,0.0,0.0,0.0
B_adaptive,2025-09-23,2025-09-23,121,2025-09-23 20:10:00,2025-09-23 20:20:00,1.34,5061.4062,0.0,4700.0445,0.0,783.34075,22.708849999999984,806.0495999999999,0.80,adaptive,28,,379.407633333333,0.0,464.16006666666703,0.0,0.0,3694.485055555557,3178.7516481481493,3038.275925925926,508.4062286666663,0.0,51.573340740740804,508.40622866666627,0.0,508.40622866666627,0.0
B_adaptive,2025-09-23,2025-09-23,122,2025-09-23 20:20:00,2025-09-23 20:30:00,1.3489,5038.25,0.0,4852.22,0.0,808.7033333333334,12.41166666666652,821.1149999999999,0.80,adaptive,28,,0.0,0.0,833.3333333333333,6.375,0.0,3178.7516481481493,2252.825722222224,2125.925925925926,0.0,42.9961875,92.59259259259262,0.0,42.996187500000005,42.996187500000005,0.0
B_adaptive,2025-09-23,2025-09-23,123,2025-09-23 20:30:00,2025-09-23 20:40:00,1.3952,4709.3717,0.0,4995.945,0.0,832.6574999999999,18.17769999999996,850.8351999999999,0.80,adaptive,28,,17.50186666666673,0.0,767.3934166666666,0.0,0.0,2252.825722222224,1400.166370370372,1200.0,24.41860437333342,0.0,85.26593518518521,24.41860437333342,0.0,24.41860437333342,0.0
B_adaptive,2025-09-23,2025-09-23,124,2025-09-23 20:40:00,2025-09-23 20:50:00,1.2226,4809.9708,0.0,4921.7777,0.0,820.2962833333332,19.999766666666574,840.2960499999998,0.80,adaptive,28,,840.2960499999999,38.63424999999995,0.0,0.0,0.0,1400.166370370372,1434.937195370372,1200.0,1027.34595073,0.0,3.863424999999994,1027.34595073,0.0,1027.34595073,0.0
B_adaptive,2025-09-23,2025-09-23,125,2025-09-23 20:50:00,2025-09-23 21:00:00,0.9332,5215.3,0.0,4789.94,0.0,798.3233333333333,12.735000000000014,811.0583333333333,0.80,adaptive,28,,811.0583333333334,0.0,58.1583333333333,0.0,0.0,1434.937195370372,1370.3168250000017,1200.0,756.8796366666668,0.0,6.462037037037036,756.8796366666668,0.0,756.8796366666668,0.0
B_adaptive,2025-09-23,2025-09-23,126,2025-09-23 21:00:00,2025-09-23 21:10:00,0.9068,5055.1463,0.0,4921.2572,0.0,820.2095333333333,7.107683333333284,827.3172166666666,0.80,adaptive,28,,827.3172166666666,0.0,15.207166666666808,0.0,0.0,1370.3168250000017,1353.4199731481497,1200.0,750.2112520733333,0.0,1.6896851851852017,750.2112520733333,0.0,750.2112520733333,0.0
B_adaptive,2025-09-23,2025-09-23,127,2025-09-23 21:10:00,2025-09-23 21:20:00,0.9371,4827.5711,0.0,4795.1606,0.0,799.1934333333334,26.71623333333332,825.9096666666667,0.80,adaptive,28,,825.9096666666667,21.314483333333328,0.0,0.0,0.0,1353.4199731481497,1372.6030081481497,1200.0,773.9599486333334,0.0,2.1314483333333323,773.9599486333334,0.0,773.9599486333334,0.0
B_adaptive,2025-09-23,2025-09-23,128,2025-09-23 21:20:00,2025-09-23 21:30:00,0.9371,4880.29,0.0,4582.3,0.0,763.7166666666667,20.644999999999985,784.3616666666667,0.80,adaptive,28,,784.3616666666667,0.0,29.019999999999985,0.0,0.0,1372.6030081481497,1340.3585637037052,1200.0,735.0253178333334,0.0,3.2244444444444444,735.0253178333334,0.0,735.0253178333334,0.0
B_adaptive,2025-09-23,2025-09-23,129,2025-09-23 21:30:00,2025-09-23 21:40:00,0.9871,4979.2148,0.0,4908.0858,0.0,818.0142999999999,28.93528333333336,846.9495833333333,0.80,adaptive,28,,846.9495833333333,17.08045000000004,0.0,0.0,0.0,1340.3585637037052,1355.7309687037052,1200.0,836.0239337083333,0.0,1.7080450000000038,836.0239337083333,0.0,836.0239337083333,0.0
B_adaptive,2025-09-23,2025-09-23,130,2025-09-23 21:40:00,2025-09-23 21:50:00,0.7764,4609.119,0.0,4661.9285,0.0,776.9880833333333,38.16666666666663,815.1547499999999,0.80,adaptive,28,,815.1547499999999,46.96825000000001,0.0,0.0,0.0,1355.7309687037052,1398.0023937037051,1200.0,632.8861479,0.0,4.6968250000000005,632.8861479,0.0,632.8861479,0.0
B_adaptive,2025-09-23,2025-09-23,131,2025-09-23 21:50:00,2025-09-23 22:00:00,0.4209,3835.46,0.0,3835.63,0.0,639.2716666666666,23.821666666666488,663.0933333333331,0.80,adaptive,28,,1496.4266666666665,833.3333333333333,0.0,0.0,23.84999999999968,1398.0023937037051,2148.002393703705,1950.0,629.8459839999998,0.0,83.3333333333333,629.8459839999999,0.0,629.8459839999999,0.0
B_adaptive,2025-09-23,2025-09-23,132,2025-09-23 22:00:00,2025-09-23 22:10:00,0.3859,3320.6494,0.0,3598.3753,0.0,599.7292166666666,3.282283333333225,603.0114999999998,0.80,adaptive,28,,1436.344833333333,833.3333333333333,0.0,0.0,49.56993333333321,2148.002393703705,2898.002393703705,2700.0,554.2854711833332,0.0,83.3333333333333,554.2854711833332,0.0,554.2854711833332,0.0
B_adaptive,2025-09-23,2025-09-23,133,2025-09-23 22:10:00,2025-09-23 22:20:00,0.4368,3496.0714,0.0,3658.3589,0.0,609.7264833333334,4.705800000000068,614.4322833333334,0.80,adaptive,28,,1245.4735166666655,662.794949999999,0.0,0.0,0.0,2898.002393703705,3494.517848703704,3267.937109999999,544.0228320799995,0.0,66.27949499999988,544.0228320799995,0.0,544.0228320799995,0.0
B_adaptive,2025-09-23,2025-09-23,134,2025-09-23 22:20:00,2025-09-23 22:30:00,0.4198,3883.24,0.0,3679.49,0.0,613.2483333333332,20.729999999999905,633.9783333333331,0.80,adaptive,28,,1467.3116666666665,820.1049999999999,0.0,0.0,0.0,3494.517848703704,4232.612348703704,4017.937109999999,615.9774376666666,0.0,82.01049999999998,615.9774376666666,0.0,615.9774376666666,0.0
B_adaptive,2025-09-23,2025-09-23,135,2025-09-23 22:30:00,2025-09-23 22:40:00,0.4186,3580.1991,0.0,3675.7073,0.0,612.6178833333333,26.84140000000002,639.4592833333334,0.80,adaptive,28,,1472.7926166666666,833.3333333333333,0.0,0.0,42.75943333333339,4232.612348703704,4982.612348703704,4767.937109999999,616.5109893366667,0.0,83.3333333333333,616.5109893366667,0.0,616.5109893366667,0.0
B_adaptive,2025-09-23,2025-09-23,136,2025-09-23 22:40:00,2025-09-23 22:50:00,0.4241,3332.1137,0.0,3704.1898,0.0,617.3649666666666,29.20451666666668,646.5694833333333,0.80,adaptive,28,,1479.9028166666667,833.3333333333333,0.0,0.0,91.21720000000016,4982.612348703704,5732.612348703704,5517.937109999999,627.6267845483333,0.0,83.3333333333333,627.6267845483333,0.0,627.6267845483333,0.0
B_adaptive,2025-09-23,2025-09-23,137,2025-09-23 22:50:00,2025-09-23 23:00:00,0.4237,3416.1,0.0,3714.13,0.0,619.0216666666666,34.49333333333334,653.515,0.80,adaptive,28,,1486.8483333333334,833.3333333333333,0.0,0.0,84.16500000000019,5732.612348703704,6482.612348703704,6267.937109999999,629.9776388333333,0.0,83.3333333333333,629.9776388333333,0.0,629.9776388333333,0.0
B_adaptive,2025-09-23,2025-09-23,138,2025-09-23 23:00:00,2025-09-23 23:10:00,0.4248,3387.9352,0.0,3626.4469,0.0,604.4078166666666,12.844966666666664,617.2527833333332,0.80,adaptive,28,,1450.5861166666664,833.3333333333333,0.0,0.0,52.59691666666652,6482.612348703704,7232.612348703704,7017.937109999999,616.2089823599999,0.0,83.3333333333333,616.2089823599999,0.0,616.2089823599999,0.0
B_adaptive,2025-09-23,2025-09-23,139,2025-09-23 23:10:00,2025-09-23 23:20:00,0.424,3459.0094,0.0,3690.0841,0.0,615.0140166666666,4.450550000000021,619.4645666666667,0.80,adaptive,28,,1452.7979,833.3333333333333,0.0,0.0,42.96300000000019,7232.612348703704,7982.612348703704,7767.937109999999,615.9863096,0.0,83.3333333333333,615.9863096,0.0,615.9863096,0.0
B_adaptive,2025-09-23,2025-09-23,140,2025-09-23 23:20:00,2025-09-23 23:30:00,0.422,3661.95,0.0,3800.23,0.0,633.3716666666667,31.328333333333376,664.7,0.80,adaptive,28,,1498.0333333333333,833.3333333333333,0.0,0.0,54.375000000000114,7982.612348703704,8732.612348703704,8517.937109999999,632.1700666666667,0.0,83.3333333333333,632.1700666666667,0.0,632.1700666666667,0.0
B_adaptive,2025-09-23,2025-09-23,141,2025-09-23 23:30:00,2025-09-23 23:40:00,0.424,3702.4038,0.0,3632.9661,0.0,605.4943499999999,12.267283333333353,617.7616333333333,0.80,adaptive,28,,1451.0949666666666,833.3333333333333,0.0,0.0,0.6943333333333612,8732.612348703704,9482.612348703704,9267.93711,615.2642658666666,0.0,83.3333333333333,615.2642658666666,0.0,615.2642658666666,0.0
B_adaptive,2025-09-23,2025-09-23,142,2025-09-23 23:40:00,2025-09-23 23:50:00,0.4271,3409.7885,0.0,3700.6194,0.0,616.7699,11.342966666666712,628.1128666666667,0.80,adaptive,28,,1461.4462,833.3333333333333,0.0,0.0,59.81478333333325,9482.612348703704,10232.612348703704,10017.93711,624.1836720199999,0.0,83.3333333333333,624.18367202,0.0,624.18367202,0.0
B_adaptive,2025-09-23,2025-09-23,143,2025-09-23 23:50:00,2025-09-24 00:00:00,0.4276,3147.61,0.0,3923.31,0.0,653.885,21.319999999999997,675.2049999999999,0.80,adaptive,28,,1508.5383333333332,630.4307236625513,0.0,0.0,353.50594300411524,10232.612348703704,10800.0,10767.93711,645.0509913333333,0.0,63.04307236625511,645.0509913333333,0.0,645.0509913333333,0.0
B_adaptive,2025-12-21,2025-12-21,0,2025-12-21 00:00:00,2025-12-21 00:10:00,0.4248,3576.1063,0.0,3556.1474,0.0,592.6912333333332,14.572033333333366,607.2632666666666,0.65,adaptive,28,,607.2632666666668,0.0,0.0,0.0,11.245550000000208,10800.0,10800.0,10800.0,257.9654356800001,0.0,0.0,257.9654356800001,0.0,257.9654356800001,0.0
B_adaptive,2025-12-21,2025-12-21,1,2025-12-21 00:10:00,2025-12-21 00:20:00,0.4245,3537.871,0.0,3367.4634,0.0,561.2438999999999,19.9444166666666,581.1883166666665,0.65,adaptive,28,,581.1883166666665,0.0,8.456850000000145,0.0,0.0,10800.0,10790.6035,10800.0,246.71444042499996,0.0,0.9396500000000165,246.71444042499994,0.0,246.71444042499994,0.0
B_adaptive,2025-12-21,2025-12-21,2,2025-12-21 00:20:00,2025-12-21 00:30:00,0.4269,3472.1,0.0,3429.29,0.0,571.5483333333333,19.379999999999995,590.9283333333333,0.65,adaptive,28,,590.9283333333333,10.44055555555638,0.0,0.0,1.8044444444436247,10790.6035,10800.0,10800.0,252.2673055,0.0,1.0440555555556377,252.2673055,0.0,252.2673055,0.0
B_adaptive,2025-12-21,2025-12-21,3,2025-12-21 00:30:00,2025-12-21 00:40:00,0.4272,3388.2602,0.0,3676.387,0.0,612.7311666666667,26.17180000000002,638.9029666666668,0.65,adaptive,28,,638.9029666666668,0.0,0.0,0.0,74.19293333333349,10800.0,10800.0,10800.0,272.93934736000006,0.0,0.0,272.93934736000006,0.0,272.93934736000006,0.0
B_adaptive,2025-12-21,2025-12-21,4,2025-12-21 00:40:00,2025-12-21 00:50:00,0.4271,3299.4233,0.0,3757.6546,0.0,626.2757666666666,26.13425000000001,652.4100166666667,0.65,adaptive,28,,652.4100166666667,0.0,0.0,0.0,102.50613333333342,10800.0,10800.0,10800.0,278.64431811833333,0.0,0.0,278.64431811833333,0.0,278.64431811833333,0.0
B_adaptive,2025-12-21,2025-12-21,5,2025-12-21 00:50:00,2025-12-21 01:00:00,0.4285,3349.26,0.0,3650.77,0.0,608.4616666666666,14.07666666666671,622.5383333333333,0.65,adaptive,28,,622.5383333333333,0.0,0.0,0.0,64.32833333333326,10800.0,10800.0,10800.0,266.75767583333334,0.0,0.0,266.75767583333334,0.0,266.75767583333334,0.0
B_adaptive,2025-12-21,2025-12-21,6,2025-12-21 01:00:00,2025-12-21 01:10:00,0.4311,3662.0911,0.0,3636.1785,0.0,606.0297499999999,17.12869999999998,623.1584499999999,0.65,adaptive,28,,623.1584499999999,0.0,0.0,0.0,12.80993333333322,10800.0,10800.0,10800.0,268.6436077949999,0.0,0.0,268.6436077949999,0.0,268.6436077949999,0.0
B_adaptive,2025-12-21,2025-12-21,7,2025-12-21 01:10:00,2025-12-21 01:20:00,0.4302,3799.4157,0.0,3630.4656,0.0,605.0776,19.204733333333365,624.2823333333333,0.65,adaptive,28,,624.2823333333333,0.0,8.953616666666676,0.0,0.0,10800.0,10790.051537037038,10800.0,268.5662598,0.0,0.9948462962962977,268.5662598,0.0,268.5662598,0.0
B_adaptive,2025-12-21,2025-12-21,8,2025-12-21 01:20:00,2025-12-21 01:30:00,0.4279,3736.18,0.0,3593.03,0.0,598.8383333333334,39.73333333333335,638.5716666666667,0.65,adaptive,28,,638.5716666666667,11.053847736624853,0.0,0.0,4.821152263375263,10790.051537037038,10800.0,10800.0,273.2448161666667,0.0,1.105384773662485,273.2448161666667,0.0,273.2448161666667,0.0
B_adaptive,2025-12-21,2025-12-21,9,2025-12-21 01:30:00,2025-12-21 01:40:00,0.4312,3824.9356,0.0,3602.2286,0.0,600.3714333333332,23.309966666666696,623.6813999999999,0.65,adaptive,28,,623.6813999999999,0.0,13.807866666666657,0.0,0.0,10800.0,10784.657925925923,10800.0,268.93141968,0.0,1.534207407407407,268.93141968,0.0,268.93141968,0.0
B_adaptive,2025-12-21,2025-12-21,10,2025-12-21 01:40:00,2025-12-21 01:50:00,0.4333,3734.208,0.0,3658.5023,0.0,609.7503833333333,24.80393333333336,634.5543166666666,0.65,adaptive,28,,634.5543166666666,12.186316666666698,0.0,0.0,0.0,10784.657925925923,10795.625610925925,10800.0,274.9523854116667,0.0,1.2186316666666697,274.9523854116667,0.0,274.9523854116667,0.0
B_adaptive,2025-12-21,2025-12-21,11,2025-12-21 01:50:00,2025-12-21 02:00:00,0.4311,3587.15,0.0,3712.62,0.0,618.77,39.63499999999999,658.405,0.65,adaptive,28,,658.405,4.860432304528028,0.0,0.0,55.6862343621386,10795.625610925925,10800.0,10800.0,283.8383955,0.0,0.4860432304528027,283.8383955,0.0,283.8383955,0.0
B_adaptive,2025-12-21,2025-12-21,12,2025-12-21 02:00:00,2025-12-21 02:10:00,0.4293,3856.4774,0.0,3725.8178,0.0,620.9696333333333,27.272400000000005,648.2420333333332,0.65,adaptive,28,,648.2420333333332,0.0,0.0,0.0,5.495799999999917,10800.0,10800.0,10800.0,278.29030491,0.0,0.0,278.29030491,0.0,278.29030491,0.0
B_adaptive,2025-12-21,2025-12-21,13,2025-12-21 02:10:00,2025-12-21 02:20:00,0.4324,3923.2147,0.0,3808.8429,0.0,634.80715,23.83138333333329,658.6385333333333,0.65,adaptive,28,,658.6385333333333,0.0,0.0,0.0,4.769416666666643,10800.0,10800.0,10800.0,284.7953018133333,0.0,0.0,284.7953018133333,0.0,284.7953018133333,0.0
B_adaptive,2025-12-21,2025-12-21,14,2025-12-21 02:20:00,2025-12-21 02:30:00,0.4367,3730.5,0.0,3949.55,0.0,658.2583333333333,23.148333333333422,681.4066666666668,0.65,adaptive,28,,681.4066666666668,0.0,0.0,0.0,59.65666666666675,10800.0,10800.0,10800.0,297.57029133333333,0.0,0.0,297.57029133333333,0.0,297.57029133333333,0.0
B_adaptive,2025-12-21,2025-12-21,15,2025-12-21 02:30:00,2025-12-21 02:40:00,0.4348,3819.86,0.0,4008.5848,0.0,668.0974666666666,14.205266666666605,682.3027333333332,0.65,adaptive,28,,682.3027333333332,0.0,0.0,0.0,45.65939999999989,10800.0,10800.0,10800.0,296.66522845333327,0.0,0.0,296.66522845333327,0.0,296.66522845333327,0.0
B_adaptive,2025-12-21,2025-12-21,16,2025-12-21 02:40:00,2025-12-21 02:50:00,0.4335,3791.4644,0.0,3980.4251,0.0,663.4041833333333,24.722966666666597,688.1271499999999,0.65,adaptive,28,,688.1271499999999,0.0,0.0,0.0,56.216416666666646,10800.0,10800.0,10800.0,298.30311952499994,0.0,0.0,298.30311952499994,0.0,298.30311952499994,0.0
B_adaptive,2025-12-21,2025-12-21,17,2025-12-21 02:50:00,2025-12-21 03:00:00,0.4357,3751.73,0.0,3902.28,0.0,650.38,23.65666666666664,674.0366666666666,0.65,adaptive,28,,674.0366666666666,0.0,0.0,0.0,48.748333333333335,10800.0,10800.0,10800.0,293.67777566666666,0.0,0.0,293.67777566666666,0.0,293.67777566666666,0.0
B_adaptive,2025-12-21,2025-12-21,18,2025-12-21 03:00:00,2025-12-21 03:10:00,0.4374,4180.5461,0.0,3841.0019,0.0,640.1669833333333,15.23090000000002,655.3978833333333,0.65,adaptive,28,,655.3978833333333,0.0,41.35979999999995,0.0,0.0,10800.0,10754.044666666668,10800.0,286.67103417,0.0,4.5955333333333295,286.67103417,0.0,286.67103417,0.0
B_adaptive,2025-12-21,2025-12-21,19,2025-12-21 03:10:00,2025-12-21 03:20:00,0.4371,4115.3327,0.0,3938.1938,0.0,656.3656333333333,20.323766666666643,676.6894,0.65,adaptive,28,,676.6894,0.0,9.199383333333344,0.0,0.0,10754.044666666668,10743.823129629627,10800.0,295.78093674,0.0,1.0221537037037054,295.78093673999996,0.0,295.78093673999996,0.0
B_adaptive,2025-12-21,2025-12-21,20,2025-12-21 03:20:00,2025-12-21 03:30:00,0.4356,3748.74,0.0,4040.34,0.0,673.39,25.64166666666665,699.0316666666666,0.65,adaptive,28,,699.0316666666668,62.418744855967816,0.0,0.0,11.822921810698972,10743.823129629627,10800.0,10800.0,304.498194,0.0,6.24187448559678,304.498194,0.0,304.498194,0.0
B_adaptive,2025-12-21,2025-12-21,21,2025-12-21 03:30:00,2025-12-21 03:40:00,0.4353,4220.4858,0.0,3859.3277,0.0,643.2212833333333,15.127533333333416,658.3488166666667,0.65,adaptive,28,,658.3488166666667,0.0,45.0654833333333,0.0,0.0,10800.0,10749.92724074074,10800.0,286.57923989500006,0.0,5.007275925925924,286.57923989500006,0.0,286.57923989500006,0.0
B_adaptive,2025-12-21,2025-12-21,22,2025-12-21 03:40:00,2025-12-21 03:50:00,0.436,4423.9257,0.0,3801.431,0.0,633.5718333333333,29.13165000000004,662.7034833333333,0.65,adaptive,28,,662.7034833333333,0.0,74.61746666666659,0.0,0.0,10749.92724074074,10667.018944444444,10800.0,288.93871873333336,0.0,8.290829629629625,288.93871873333336,0.0,288.93871873333336,0.0
B_adaptive,2025-12-21,2025-12-21,23,2025-12-21 03:50:00,2025-12-21 04:00:00,0.4378,4079.15,0.0,3946.69,0.0,657.7816666666666,49.1516666666667,706.9333333333334,0.65,adaptive,28,,706.9333333333334,27.075000000000045,0.0,0.0,0.0,10667.018944444444,10691.386444444444,10800.0,309.4954133333334,0.0,2.707500000000004,309.4954133333334,0.0,309.4954133333334,0.0
B_adaptive,2025-12-21,2025-12-21,24,2025-12-21 04:00:00,2025-12-21 04:10:00,0.4401,4038.9424,0.0,3984.0426,0.0,664.0071,23.09445000000005,687.1015500000001,0.65,adaptive,28,,687.1015500000001,13.944483333333435,0.0,0.0,0.0,10691.386444444444,10703.936479444445,10800.0,302.393392155,0.0,1.3944483333333433,302.393392155,0.0,302.393392155,0.0
B_adaptive,2025-12-21,2025-12-21,25,2025-12-21 04:10:00,2025-12-21 04:20:00,0.4389,4082.3954,0.0,4043.9085,0.0,673.98475,28.5540166666666,702.5387666666666,0.65,adaptive,28,,702.5387666666666,22.139533333333247,0.0,0.0,0.0,10703.936479444445,10723.862059444444,10800.0,308.34426469,0.0,2.213953333333324,308.34426469,0.0,308.34426469,0.0
B_adaptive,2025-12-21,2025-12-21,26,2025-12-21 04:20:00,2025-12-21 04:30:00,0.4364,4064.87,0.0,4208.34,0.0,701.39,36.54666666666668,737.9366666666667,0.65,adaptive,28,,737.9366666666667,60.458333333333485,0.0,0.0,0.0,10723.862059444444,10778.274559444444,10800.0,322.03556133333336,0.0,6.045833333333347,322.03556133333336,0.0,322.03556133333336,0.0
B_adaptive,2025-12-21,2025-12-21,27,2025-12-21 04:30:00,2025-12-21 04:40:00,0.4393,4121.8784,0.0,4361.7707,0.0,726.9617833333333,31.81009999999992,758.7718833333332,0.65,adaptive,28,,758.7718833333333,24.13937839506212,0.0,0.0,47.65277160493799,10778.274559444444,10800.0,10800.0,333.32848834833334,0.0,2.4139378395062114,333.32848834833334,0.0,333.32848834833334,0.0
B_adaptive,2025-12-21,2025-12-21,28,2025-12-21 04:40:00,2025-12-21 04:50:00,0.4422,4083.6154,0.0,4272.1393,0.0,712.0232166666666,16.46923333333325,728.4924499999998,0.65,adaptive,28,,728.4924499999998,0.0,0.0,0.0,47.88988333333316,10800.0,10800.0,10800.0,322.1393613899999,0.0,0.0,322.1393613899999,0.0,322.1393613899999,0.0
B_adaptive,2025-12-21,2025-12-21,29,2025-12-21 04:50:00,2025-12-21 05:00:00,0.4395,4032.31,0.0,4064.68,0.0,677.4466666666666,38.35500000000002,715.8016666666666,0.65,adaptive,28,,715.8016666666667,0.0,0.0,0.0,43.750000000000114,10800.0,10800.0,10800.0,314.59483250000005,0.0,0.0,314.59483250000005,0.0,314.59483250000005,0.0
B_adaptive,2025-12-21,2025-12-21,30,2025-12-21 05:00:00,2025-12-21 05:10:00,0.4333,4217.9422,0.0023,4095.3383,0.002,682.5560499999999,23.633083333333275,706.1891333333332,0.65,adaptive,28,,706.1891333333333,0.0,0.0,0.0,3.199149999999918,10800.0,10800.0,10800.0,305.9917514733333,0.0,0.0,305.99175147333335,0.0,305.99175147333335,0.0
B_adaptive,2025-12-21,2025-12-21,31,2025-12-21 05:10:00,2025-12-21 05:20:00,0.4439,4253.2484,0.0,4118.0415,0.0,686.34025,25.635883333333368,711.9761333333333,0.65,adaptive,28,,711.9761333333333,0.0,0.0,0.0,3.1014000000000124,10800.0,10800.0,10800.0,316.0462055866667,0.0,0.0,316.0462055866667,0.0,316.0462055866667,0.0
B_adaptive,2025-12-21,2025-12-21,32,2025-12-21 05:20:00,2025-12-21 05:30:00,0.4301,4066.58,0.0,4041.16,0.0,673.5266666666666,38.183333333333394,711.71,0.65,adaptive,28,,711.71,0.0,0.0,0.0,33.946666666666715,10800.0,10800.0,10800.0,306.106471,0.0,0.0,306.106471,0.0,306.106471,0.0
B_adaptive,2025-12-21,2025-12-21,33,2025-12-21 05:30:00,2025-12-21 05:40:00,0.3713,4077.7781,0.0316,4101.2526,0.0285,683.5373499999998,35.64148333333344,719.1788333333333,0.65,adaptive,28,,719.1788333333334,0.0,0.0,0.0,39.554416666666725,10800.0,10800.0,10800.0,267.0311008166667,0.0,0.0,267.0311008166667,0.0,267.0311008166667,0.0
B_adaptive,2025-12-21,2025-12-21,34,2025-12-21 05:40:00,2025-12-21 05:50:00,0.5708,4717.7146,0.0,4586.0753,0.0,764.3458833333334,20.103083333333306,784.4489666666667,0.65,adaptive,28,,784.4489666666668,0.0,1.836799999999812,0.0,0.0,10800.0,10797.959111111111,10800.0,447.7634701733334,0.0,0.2040888888888681,447.7634701733334,0.0,447.7634701733334,0.0
B_adaptive,2025-12-21,2025-12-21,35,2025-12-21 05:50:00,2025-12-21 06:00:00,0.9099,5490.65,0.0,5227.27,0.0,871.2116666666667,34.72166666666664,905.9333333333334,0.65,adaptive,28,,905.9333333333334,0.0,9.17499999999984,0.0,0.0,10797.959111111111,10787.764666666668,10800.0,824.3087400000001,0.0,1.0194444444444273,824.3087400000001,0.0,824.3087400000001,0.0
B_adaptive,2025-12-21,2025-12-21,36,2025-12-21 06:00:00,2025-12-21 06:10:00,0.9368,5439.318,0.4406,5402.0967,0.3963,900.2833999999999,47.31128333333345,947.5946833333334,0.65,adaptive,28,,272.59468333333336,0.0,633.8848833333333,0.0,0.0,10787.764666666668,10083.44812962963,10050.0,255.36669934666668,0.0,70.43165370370373,255.36669934666668,0.0,255.36669934666668,0.0
B_adaptive,2025-12-21,2025-12-21,37,2025-12-21 06:10:00,2025-12-21 06:20:00,0.8758,5407.8325,0.0,5325.5478,0.0,887.5913,39.745099999999866,927.3364,0.65,adaptive,28,,927.3364,26.03098333333321,0.0,0.0,0.0,10083.44812962963,10106.87601462963,10050.0,812.1612191199999,0.0,2.6030983333333206,812.16121912,0.0,812.16121912,0.0
B_adaptive,2025-12-21,2025-12-21,38,2025-12-21 06:20:00,2025-12-21 06:30:00,0.8759,5587.05,0.0,5273.41,0.0,878.9016666666666,31.838333333333367,910.74,0.65,adaptive,28,,910.74,0.0,20.434999999999945,0.0,0.0,10106.87601462963,10084.170459074074,10050.0,797.717166,0.0,2.2705555555555503,797.717166,0.0,797.717166,0.0
B_adaptive,2025-12-21,2025-12-21,39,2025-12-21 06:30:00,2025-12-21 06:40:00,0.8601,5351.2866,6.1366,5332.3028,5.5202,887.7971,22.274633333333327,910.0717333333332,0.65,adaptive,28,,910.0717333333332,19.21339999999998,0.0,0.0,0.0,10084.170459074074,10101.462519074072,10050.0,782.75269784,0.0,1.9213399999999974,782.7526978399999,0.0,782.7526978399999,0.0
B_adaptive,2025-12-21,2025-12-21,40,2025-12-21 06:40:00,2025-12-21 06:50:00,0.8442,5233.249,0.0,5448.9625,0.0,908.1604166666666,45.09434999999985,953.2547666666665,0.65,adaptive,28,,953.2547666666665,81.0465999999999,0.0,0.0,0.0,10101.462519074072,10174.404459074074,10050.0,804.7376740199998,0.0,8.104659999999988,804.7376740199998,0.0,804.7376740199998,0.0
B_adaptive,2025-12-21,2025-12-21,41,2025-12-21 06:50:00,2025-12-21 07:00:00,0.8334,5374.2,0.0,5477.09,0.0,912.8483333333334,29.66083333333336,942.5091666666668,0.65,adaptive,28,,942.5091666666668,46.80916666666678,0.0,0.0,0.0,10174.404459074074,10216.532709074074,10050.0,785.4871395,0.0,4.680916666666677,785.4871395000001,0.0,785.4871395000001,0.0
B_adaptive,2025-12-21,2025-12-21,42,2025-12-21 07:00:00,2025-12-21 07:10:00,0.8092,5360.7841,172.6829,5311.6794,154.8087,859.4784500000001,25.155033333333336,884.6334833333334,0.65,adaptive,28,,884.6334833333335,19.94995000000017,0.0,0.0,0.0,10216.532709074074,10234.487664074071,10050.0,715.8454147133335,0.0,1.9949950000000167,715.8454147133335,0.0,715.8454147133335,0.0
B_adaptive,2025-12-21,2025-12-21,43,2025-12-21 07:10:00,2025-12-21 07:20:00,0.7972,5321.3096,420.0356,5235.8538,373.5954,810.3763999999999,44.82349999999997,855.1998999999998,0.65,adaptive,28,,855.1998999999998,38.32089999999994,0.0,0.0,0.0,10234.487664074071,10268.976474074074,10050.0,681.7653602799999,0.0,3.832089999999993,681.7653602799999,0.0,681.7653602799999,0.0
B_adaptive,2025-12-21,2025-12-21,44,2025-12-21 07:20:00,2025-12-21 07:30:00,0.7644,5231.72,690.675,5263.95,606.525,776.2375,40.50083333333333,816.7383333333332,0.65,adaptive,28,,816.7383333333332,59.89749999999992,0.0,0.0,0.0,10268.976474074074,10322.884224074074,10050.0,624.3147819999999,0.0,5.989749999999991,624.3147819999999,0.0,624.3147819999999,0.0
B_adaptive,2025-12-21,2025-12-21,45,2025-12-21 07:30:00,2025-12-21 07:40:00,0.6899,5065.8847,996.7377,5254.4509,867.132,731.2198166666667,41.53429999999992,772.7541166666666,0.65,adaptive,28,,1606.08745,530.1286399176954,0.0,0.0,397.7676434156381,10322.884224074074,10800.0,10800.0,1108.0397317549998,0.0,53.01286399176953,1108.0397317549998,0.0,1108.0397317549998,0.0
B_adaptive,2025-12-21,2025-12-21,46,2025-12-21 07:40:00,2025-12-21 07:50:00,0.86,5889.1246,1276.7125,5860.266,1127.5925,788.7789166666666,47.90645000000018,836.6853666666668,0.65,adaptive,28,,836.6853666666668,0.0,0.0,0.0,67.9500166666669,10800.0,10800.0,10800.0,719.5494153333335,0.0,0.0,719.5494153333335,0.0,719.5494153333335,0.0
B_adaptive,2025-12-21,2025-12-21,47,2025-12-21 07:50:00,2025-12-21 08:00:00,1.1617,7180.79,1539.8625,6843.61,1391.4,908.7016666666664,45.44,954.1416666666664,0.65,adaptive,28,,120.80833333333317,0.0,819.34625,0.0,0.0,10800.0,9889.615277777775,9874.074074074077,140.3430408333331,0.0,91.03847222222227,140.34304083333313,0.0,140.34304083333313,0.0
B_adaptive,2025-12-21,2025-12-21,48,2025-12-21 08:00:00,2025-12-21 08:10:00,1.1683,7254.351,1860.1541,7193.4429,1682.7674,918.4459166666668,46.34978333333322,964.7957,0.65,adaptive,28,,131.46236666666664,0.0,767.5704499999999,0.0,0.0,9889.615277777775,9036.75922222222,8948.14814814815,153.58748297666662,0.0,85.28560555555559,153.58748297666662,0.0,153.58748297666662,0.0
B_adaptive,2025-12-21,2025-12-21,49,2025-12-21 08:10:00,2025-12-21 08:20:00,1.0956,7152.8955,2211.6206,7169.2307,1942.6551,871.0959333333333,36.12519999999995,907.2211333333332,0.65,adaptive,28,,73.88779999999997,0.0,749.6580166666665,0.0,0.0,9036.75922222222,8203.80587037037,8022.222222222223,80.95147367999996,0.0,83.29533518518521,80.95147367999996,0.0,80.95147367999996,0.0
B_adaptive,2025-12-21,2025-12-21,50,2025-12-21 08:20:00,2025-12-21 08:30:00,1.0849,7367.01,2579.625,7137.33,2176.275,826.8425,34.75041666666664,861.5929166666666,0.65,adaptive,28,,28.259583333333357,0.0,769.6379166666667,0.0,0.0,8203.80587037037,7348.652629629629,7096.296296296297,30.658821958333355,0.0,85.51532407407412,30.65882195833336,0.0,30.65882195833336,0.0
B_adaptive,2025-12-21,2025-12-21,51,2025-12-21 08:30:00,2025-12-21 08:40:00,1.061,7333.1326,2953.1787,7192.1147,2447.0445,790.8450333333333,50.44290000000001,841.2879333333333,0.65,adaptive,28,,7.954600000000028,0.0,722.0377166666667,0.0,0.0,7348.652629629629,6546.388499999999,6170.370370370371,8.439830600000029,0.0,80.22641296296301,8.439830600000029,0.0,8.439830600000029,0.0
B_adaptive,2025-12-21,2025-12-21,52,2025-12-21 08:40:00,2025-12-21 08:50:00,1.043,7276.0603,3195.6035,7234.7979,2711.8548,753.8238499999999,54.383566666666695,808.2074166666666,0.65,adaptive,28,,0.0,0.0,680.0761333333332,0.0,0.0,6546.388499999999,5790.748351851851,5272.362129629631,0.0,0.0,75.56401481481484,0.0,0.0,0.0,0.0
B_adaptive,2025-12-21,2025-12-21,53,2025-12-21 08:50:00,2025-12-21 09:00:00,1.036,7255.65,3341.5875,7206.45,2963.2125,707.2062499999998,45.19041666666658,752.3966666666664,0.65,adaptive,28,,0.0,0.0,652.3437499999999,0.0,0.0,5790.748351851851,5065.921962962962,4436.365833333334,0.0,0.0,72.48263888888891,0.0,0.0,0.0,0.0
B_adaptive,2025-12-21,2025-12-21,54,2025-12-21 09:00:00,2025-12-21 09:10:00,1.0147,7076.8086,3572.7867,7154.2553,3236.2485,653.0011333333332,53.77805000000001,706.7791833333332,0.65,adaptive,28,,0.0,0.0,584.00365,0.0,0.0,5065.921962962962,4417.029018518518,3651.055629629631,0.0,0.0,64.88929444444447,0.0,0.0,0.0,0.0
B_adaptive,2025-12-21,2025-12-21,55,2025-12-21 09:10:00,2025-12-21 09:20:00,0.9922,7014.1683,3848.0561,7197.8707,3485.5191,618.7252666666667,38.95163333333335,657.6769,0.65,adaptive,28,,0.0,0.0,527.6853666666667,0.0,0.0,4417.029018518518,3830.7119444444434,2920.30351851852,0.0,0.0,58.63170740740744,0.0,0.0,0.0,0.0
B_adaptive,2025-12-21,2025-12-21,56,2025-12-21 09:20:00,2025-12-21 09:30:00,0.97,7150.59,4116.6,7265.28,3682.8375,597.0737499999999,34.004583333333244,631.0783333333331,0.65,adaptive,28,,220.29644999999945,0.0,285.36855000000054,0.0,0.0,3830.7119444444434,3513.635777777776,2463.8792037037047,213.68755649999943,0.0,31.70761666666674,213.68755649999946,0.0,213.68755649999946,0.0
B_adaptive,2025-12-21,2025-12-21,57,2025-12-21 09:30:00,2025-12-21 09:40:00,0.9422,7259.4501,4370.6969,7159.0986,3870.6809,548.0696166666667,38.28163333333333,586.3512499999999,0.65,adaptive,28,,586.3512499999999,104.89238333333329,0.0,0.0,0.0,3513.635777777776,3608.038922777776,2463.8792037037047,552.4601477499999,0.0,10.489238333333326,552.4601477499999,0.0,552.4601477499999,0.0
B_adaptive,2025-12-21,2025-12-21,58,2025-12-21 09:40:00,2025-12-21 09:50:00,0.9569,7142.682,4583.0793,7013.0091,4209.5459,467.2438666666667,35.67583333333323,502.9196999999999,0.65,adaptive,28,,502.9196999999999,76.31925000000001,0.0,0.0,0.0,3608.038922777776,3676.726247777776,2463.8792037037047,481.2438609299999,0.0,7.631924999999999,481.2438609299999,0.0,481.2438609299999,0.0
B_adaptive,2025-12-21,2025-12-21,59,2025-12-21 09:50:00,2025-12-21 10:00:00,0.9977,6912.23,4750.3875,6980.68,4610.2125,395.07791666666674,61.70958333333344,456.7875000000002,0.65,adaptive,28,,0.0,0.0,360.30708333333325,0.0,0.0,3676.726247777776,3276.385044074072,1956.3375370370377,0.0,0.0,40.03412037037038,0.0,0.0,0.0,0.0
B_adaptive,2025-12-21,2025-12-21,60,2025-12-21 10:00:00,2025-12-21 10:10:00,0.9919,6873.3728,4886.2111,7094.7959,4852.7288,373.67785,52.29343333333358,425.9712833333336,0.65,adaptive,28,,0.0,0.0,331.19361666666657,0.0,0.0,3276.385044074072,2908.392136666665,1483.0361111111113,0.0,0.0,36.799290740740744,0.0,0.0,0.0,0.0
B_adaptive,2025-12-21,2025-12-21,61,2025-12-21 10:10:00,2025-12-21 10:20:00,0.9588,6913.1885,4956.6279,7168.5149,5281.359,314.5259833333333,39.1216166666668,353.64760000000007,0.65,adaptive,28,,353.64760000000007,27.554166666666788,0.0,0.0,0.0,2908.392136666665,2933.1908866666645,1483.0361111111113,339.07731888000006,0.0,2.755416666666678,339.07731888000006,0.0,339.07731888000006,0.0
B_adaptive,2025-12-21,2025-12-21,62,2025-12-21 10:20:00,2025-12-21 10:30:00,0.9549,6951.47,4960.7625,7054.17,5746.0125,218.02625000000003,60.40624999999994,278.4325,0.65,adaptive,28,,278.4325,0.0,53.35208333333338,0.0,0.0,2933.1908866666645,2873.910794074072,1483.0361111111113,265.87519425,0.0,5.928009259259268,265.87519425,0.0,265.87519425,0.0
B_adaptive,2025-12-21,2025-12-21,63,2025-12-21 10:30:00,2025-12-21 10:40:00,0.9839,7040.6919,4946.2149,6816.159,5710.7585,184.2334166666666,70.49908333333345,254.73250000000007,0.65,adaptive,28,,0.0,0.0,349.07949999999994,0.0,0.0,2873.910794074072,2486.044682962961,1200.0,0.0,0.0,38.78661111111112,0.0,0.0,0.0,0.0
B_adaptive,2025-12-21,2025-12-21,64,2025-12-21 10:40:00,2025-12-21 10:50:00,0.799,7195.1724,4968.8079,6956.2799,5630.2118,221.01135000000005,64.87460000000009,285.8859500000001,0.65,adaptive,28,,285.8859500000001,0.0,85.17479999999995,0.0,0.0,2486.044682962961,2391.406016296294,1200.0,228.42287405000013,0.0,9.463866666666664,228.42287405000008,0.0,228.42287405000008,0.0
B_adaptive,2025-12-21,2025-12-21,65,2025-12-21 10:50:00,2025-12-21 11:00:00,0.5025,7266.62,4979.2125,7231.77,5759.025,245.45750000000007,65.3045833333332,310.7620833333333,0.65,adaptive,28,,1144.0954166666666,762.8608333333332,0.0,0.0,0.0,2391.406016296294,3077.980766296294,1950.0,574.9079468749999,0.0,76.2860833333333,574.9079468749999,0.0,574.9079468749999,0.0
B_adaptive,2025-12-21,2025-12-21,66,2025-12-21 11:00:00,2025-12-21 11:10:00,0.4662,7080.5804,4907.9946,6895.6312,5911.9944,163.9394666666667,32.98840000000001,196.92786666666672,0.65,adaptive,28,,1030.2612,668.1635666666666,0.0,0.0,0.0,3077.980766296294,3679.327976296294,2700.0,480.30777144,0.0,66.81635666666665,480.30777143999995,0.0,480.30777143999995,0.0
B_adaptive,2025-12-21,2025-12-21,67,2025-12-21 11:10:00,2025-12-21 11:20:00,0.5007,6948.6094,5015.1025,6569.4148,5966.7895,100.43754999999994,60.42281666666662,160.86036666666655,0.65,adaptive,28,,994.1936999999998,671.9425499999998,0.0,0.0,0.0,3679.327976296294,4284.076271296293,3450.0,497.79278559,0.0,67.19425499999996,497.79278558999994,0.0,497.79278558999994,0.0
B_adaptive,2025-12-21,2025-12-21,68,2025-12-21 11:20:00,2025-12-21 11:30:00,0.4827,6954.16,5256.3375,6633.54,5909.1375,120.73375,59.769583333333344,180.50333333333336,0.65,adaptive,28,,1013.8366666666666,730.8662499999999,0.0,0.0,0.0,4284.076271296293,4941.855896296293,4200.0,489.378959,0.0,73.08662499999997,489.37895899999995,0.0,489.37895899999995,0.0
B_adaptive,2025-12-21,2025-12-21,69,2025-12-21 11:30:00,2025-12-21 11:40:00,0.4785,6860.0706,5348.0182,6836.8731,5820.8581,169.33583333333323,37.2013666666665,206.53719999999973,0.65,adaptive,28,,1039.870533333333,787.8617999999998,0.0,0.0,0.0,4941.855896296293,5650.931516296293,4950.0,497.57805019999984,0.0,78.78617999999996,497.57805019999984,0.0,497.57805019999984,0.0
B_adaptive,2025-12-21,2025-12-21,70,2025-12-21 11:40:00,2025-12-21 11:50:00,0.4662,6565.9337,5577.6892,6790.7755,5813.7308,162.84078333333323,55.56803333333316,218.4088166666664,0.65,adaptive,28,,1051.7421499999996,833.3333333333333,0.0,0.0,53.701399999999694,5650.931516296293,6400.931516296293,5700.0,490.3221903299998,0.0,83.3333333333333,490.3221903299998,0.0,490.3221903299998,0.0
B_adaptive,2025-12-21,2025-12-21,71,2025-12-21 11:50:00,2025-12-21 12:00:00,0.4432,6330.9,5890.8,6491.37,5891.5875,99.96375000000003,80.33875000000005,180.30250000000007,0.65,adaptive,28,,1013.6358333333332,833.3333333333333,0.0,0.0,106.9525000000001,6400.931516296293,7150.931516296293,6450.0,449.2434013333333,0.0,83.3333333333333,449.2434013333332,0.0,449.2434013333332,0.0
B_adaptive,2025-12-21,2025-12-21,72,2025-12-21 12:00:00,2025-12-21 12:10:00,0.4411,6501.863,5904.8948,6294.9218,5973.4043,53.58624999999999,67.78093333333331,121.36718333333329,0.65,adaptive,28,,954.7005166666664,833.3333333333333,0.0,0.0,21.872483333333207,7150.931516296293,7900.931516296293,7200.0,421.1183979016666,0.0,83.3333333333333,421.1183979016666,0.0,421.1183979016666,0.0
B_adaptive,2025-12-21,2025-12-21,73,2025-12-21 12:10:00,2025-12-21 12:20:00,0.4551,6520.3344,5868.1645,6333.9076,6089.1559,40.79194999999997,68.62681666666654,109.4187666666665,0.65,adaptive,28,,942.7520999999996,833.3333333333333,0.0,0.0,0.7237833333331309,7900.931516296293,8650.931516296292,7950.0,429.0464807099999,0.0,83.3333333333333,429.0464807099998,0.0,429.0464807099998,0.0
B_adaptive,2025-12-21,2025-12-21,74,2025-12-21 12:20:00,2025-12-21 12:30:00,0.4463,6273.31,5864.7,6365.04,6127.4625,39.596250000000055,70.83833333333337,110.43458333333342,0.65,adaptive,28,,943.7679166666668,833.3333333333333,0.0,0.0,42.33291666666662,8650.931516296292,9400.931516296292,8700.0,421.2036212083333,0.0,83.3333333333333,421.20362120833335,0.0,421.20362120833335,0.0
B_adaptive,2025-12-21,2025-12-21,75,2025-12-21 12:30:00,2025-12-21 12:40:00,0.4113,6234.7567,5722.7661,6091.6909,5920.7826,28.484716666666674,70.92568333333344,99.41040000000012,0.65,adaptive,28,,932.7437333333334,833.3333333333333,0.0,0.0,14.078633333333414,9400.931516296292,10150.931516296292,9450.0,383.63749752,0.0,83.3333333333333,383.63749752,0.0,383.63749752,0.0
B_adaptive,2025-12-21,2025-12-21,76,2025-12-21 12:40:00,2025-12-21 12:50:00,0.5682,6512.763,5549.8704,6220.5541,5742.7536,79.6334166666667,67.48445000000007,147.11786666666677,0.65,adaptive,28,,980.4512,721.187204115231,0.0,0.0,98.78189588476904,10150.931516296292,10800.0,10200.0,557.09237184,0.0,72.11872041152309,557.09237184,0.0,557.09237184,0.0
B_adaptive,2025-12-21,2025-12-21,77,2025-12-21 12:50:00,2025-12-21 13:00:00,0.8279,6836.44,5390.4375,6701.4,5623.725,179.61249999999987,46.347083333333416,225.95958333333328,0.65,adaptive,28,,225.95958333333328,0.0,15.040833333333296,0.0,0.0,10800.0,10783.287962962962,10200.0,187.0719390416666,0.0,1.6712037037037004,187.0719390416666,0.0,187.0719390416666,0.0
B_adaptive,2025-12-21,2025-12-21,78,2025-12-21 13:00:00,2025-12-21 13:10:00,0.8636,6797.3346,5211.4597,6744.871,5343.815,233.50933333333344,52.13343333333341,285.64276666666683,0.65,adaptive,28,,285.64276666666683,18.56893004115288,0.0,0.0,2.76135329218069,10783.287962962962,10800.0,10200.0,246.68109329333348,0.0,1.8568930041152873,246.68109329333348,0.0,246.68109329333348,0.0
B_adaptive,2025-12-21,2025-12-21,79,2025-12-21 13:10:00,2025-12-21 13:20:00,0.8416,6554.3856,5202.0686,6634.9633,5094.9115,256.6753,31.85015000000004,288.52545000000003,0.65,adaptive,28,,288.52545000000003,0.0,0.0,0.0,63.13928333333337,10800.0,10800.0,10200.0,242.82301872,0.0,0.0,242.82301872000002,0.0,242.82301872000002,0.0
B_adaptive,2025-12-21,2025-12-21,80,2025-12-21 13:20:00,2025-12-21 13:30:00,0.8618,6350.08,5287.95,6593.66,4968.1875,270.91208333333327,60.28999999999997,331.20208333333323,0.65,adaptive,28,,331.20208333333323,0.0,0.0,0.0,154.18041666666656,10800.0,10800.0,10200.0,285.4299554166666,0.0,0.0,285.4299554166666,0.0,285.4299554166666,0.0
B_adaptive,2025-12-21,2025-12-21,81,2025-12-21 13:30:00,2025-12-21 13:40:00,0.8623,6333.408,5178.3498,6524.9679,4861.622,277.22431666666654,37.594716666666656,314.8190333333332,0.65,adaptive,28,,314.8190333333332,0.0,0.0,0.0,122.30933333333314,10800.0,10800.0,10200.0,271.4684524433332,0.0,0.0,271.4684524433332,0.0,271.4684524433332,0.0
B_adaptive,2025-12-21,2025-12-21,82,2025-12-21 13:40:00,2025-12-21 13:50:00,0.9026,6515.4464,4993.7017,6428.5754,4729.9833,283.09868333333327,46.79088333333342,329.88956666666667,0.65,adaptive,28,,329.88956666666667,0.0,0.0,0.0,76.26544999999999,10800.0,10800.0,10200.0,297.7583228733333,0.0,0.0,297.7583228733333,0.0,297.7583228733333,0.0
B_adaptive,2025-12-21,2025-12-21,83,2025-12-21 13:50:00,2025-12-21 14:00:00,0.9754,6658.81,4847.5125,6371.24,4528.9125,307.0545833333332,40.35125000000005,347.40583333333325,0.65,adaptive,28,,0.0,0.0,301.88291666666674,0.0,0.0,10800.0,10464.574537037037,9813.99351851852,0.0,0.0,33.54254629629632,0.0,0.0,0.0,0.0
B_adaptive,2025-12-21,2025-12-21,84,2025-12-21 14:00:00,2025-12-21 14:10:00,1.0002,6474.7834,4705.4039,6434.9471,4241.2745,365.6121,51.2398666666665,416.8519666666664,0.65,adaptive,28,,0.0,0.0,294.8965833333333,0.0,0.0,10464.574537037037,10136.911666666669,9350.824666666667,0.0,0.0,32.766287037037046,0.0,0.0,0.0,0.0
B_adaptive,2025-12-21,2025-12-21,85,2025-12-21 14:10:00,2025-12-21 14:20:00,0.9978,6311.1097,4404.8152,6598.029,4012.9491,430.84665000000007,51.36996666666661,482.2166166666667,0.65,adaptive,28,,0.0,0.0,317.71575,0.0,0.0,10136.911666666669,9783.894166666669,8815.028425925926,0.0,0.0,35.30175000000002,0.0,0.0,0.0,0.0
B_adaptive,2025-12-21,2025-12-21,86,2025-12-21 14:20:00,2025-12-21 14:30:00,1.0271,6293.57,3988.3875,6653.62,3841.8375,468.6304166666666,36.51333333333332,505.14375,0.65,adaptive,28,,0.0,0.0,384.1970833333333,0.0,0.0,9783.894166666669,9357.008518518518,8253.757592592592,0.0,0.0,42.68856481481483,0.0,0.0,0.0,0.0
B_adaptive,2025-12-21,2025-12-21,87,2025-12-21 14:30:00,2025-12-21 14:40:00,1.0906,6241.0875,3658.7815,6413.1096,3600.3157,468.7989833333333,21.176783333333447,489.9757666666667,0.65,adaptive,28,,0.0,0.0,430.3843333333333,0.0,0.0,9357.008518518518,8878.803703703703,7709.3400740740735,0.0,0.0,47.8204814814815,0.0,0.0,0.0,0.0
B_adaptive,2025-12-21,2025-12-21,88,2025-12-21 14:40:00,2025-12-21 14:50:00,0.9376,6267.633,3321.4365,6368.7625,3406.0952,493.7778833333333,53.79524999999995,547.5731333333332,0.65,adaptive,28,,0.0,0.0,491.03275,0.0,0.0,8878.803703703703,8333.211759259259,7100.925481481481,0.0,0.0,54.55919444444447,0.0,0.0,0.0,0.0
B_adaptive,2025-12-21,2025-12-21,89,2025-12-21 14:50:00,2025-12-21 15:00:00,0.6694,6308.83,2957.5875,6558.06,3254.2875,550.6287500000001,48.74499999999989,599.37375,0.65,adaptive,28,,1432.7070833333332,833.3333333333333,0.0,0.0,40.83333333333337,8333.211759259259,9083.21175925926,7850.925481481481,959.0541215833332,0.0,83.3333333333333,959.0541215833333,0.0,959.0541215833333,0.0
B_adaptive,2025-12-21,2025-12-21,90,2025-12-21 15:00:00,2025-12-21 15:10:00,0.66,6184.3165,2665.595,6527.0274,3001.2809,587.6244166666665,37.60093333333327,625.2253499999998,0.65,adaptive,28,,1458.5586833333332,833.3333333333333,0.0,0.0,38.77176666666662,9083.21175925926,9833.21175925926,8600.925481481481,962.648731,0.0,83.3333333333333,962.648731,0.0,962.648731,0.0
B_adaptive,2025-12-21,2025-12-21,91,2025-12-21 15:10:00,2025-12-21 15:20:00,0.7217,6249.441,2404.6045,6364.202,2691.9936,612.0347333333334,25.837716666666665,637.8724500000001,0.65,adaptive,28,,1471.205783333333,830.3997,0.0,0.0,0.0,9833.21175925926,10580.57148925926,9350.92548148148,1061.7692138316668,0.0,83.03996999999998,1061.7692138316665,0.0,1061.7692138316665,0.0
B_adaptive,2025-12-21,2025-12-21,92,2025-12-21 15:20:00,2025-12-21 15:30:00,0.7308,6412.99,2166.8625,6331.14,2406.45,654.115,26.21749999999986,680.3324999999999,0.65,adaptive,28,,1513.665833333333,243.80945637860148,0.0,0.0,562.168460288065,10580.57148925926,10800.0,10100.92548148148,1106.1869909999998,0.0,24.380945637860144,1106.1869909999998,0.0,1106.1869909999998,0.0
B_adaptive,2025-12-21,2025-12-21,93,2025-12-21 15:30:00,2025-12-21 15:40:00,0.7534,6229.2355,1977.0681,6556.5547,2180.4541,729.3500999999999,37.57673333333344,766.9268333333333,0.65,adaptive,28,,1543.6762983539095,0.0,0.0,0.0,834.981731687243,10800.0,10800.0,10800.0,1163.0057231798355,0.0,0.0,1163.0057231798353,0.0,1163.0057231798353,0.0
B_adaptive,2025-12-21,2025-12-21,94,2025-12-21 15:40:00,2025-12-21 15:50:00,0.7823,6140.1248,1719.0539,6541.9728,1933.1371,768.1392833333332,30.36805000000004,798.5073333333332,0.65,adaptive,28,,798.5073333333332,0.0,0.0,0.0,61.66218333333336,10800.0,10800.0,10800.0,624.6722868666666,0.0,0.0,624.6722868666666,0.0,624.6722868666666,0.0
B_adaptive,2025-12-21,2025-12-21,95,2025-12-21 15:50:00,2025-12-21 16:00:00,0.8055,6190.42,1414.8375,6227.88,1643.9625,763.9862499999999,36.74125000000004,800.7275,0.65,adaptive,28,,800.7275,0.0,0.0,0.0,4.797083333333262,10800.0,10800.0,10800.0,644.98600125,0.0,0.0,644.98600125,0.0,644.98600125,0.0
B_adaptive,2025-12-21,2025-12-21,96,2025-12-21 16:00:00,2025-12-21 16:10:00,0.8271,6007.344,1199.0528,6048.8829,1362.8216,781.0102166666666,15.896666666666531,796.9068833333331,0.65,adaptive,28,,796.9068833333331,0.0,4.474983333333512,0.0,0.0,10800.0,10795.027796296295,10800.0,659.1216832049997,0.0,0.4972203703703904,659.1216832049997,0.0,659.1216832049997,0.0
B_adaptive,2025-12-21,2025-12-21,97,2025-12-21 16:10:00,2025-12-21 16:20:00,0.8519,6021.8302,965.9713,6034.5319,1065.7366,828.1325499999999,18.09493333333336,846.2274833333333,0.65,adaptive,28,,846.2274833333333,3.584333333333348,0.0,0.0,0.0,10795.027796296295,10798.253696296297,10800.0,720.9011930516666,0.0,0.3584333333333347,720.9011930516666,0.0,720.9011930516666,0.0
B_adaptive,2025-12-21,2025-12-21,98,2025-12-21 16:20:00,2025-12-21 16:30:00,0.8791,6231.28,680.625,6170.79,750.375,903.4025,21.35833333333335,924.7608333333332,0.65,adaptive,28,,924.7608333333332,0.0,0.3483333333333576,0.0,0.0,10798.253696296297,10797.866659259258,10800.0,812.9572485833332,0.0,0.03870370370370642,812.9572485833331,0.0,812.9572485833331,0.0
B_adaptive,2025-12-21,2025-12-21,99,2025-12-21 16:30:00,2025-12-21 16:40:00,0.9024,6177.7882,419.0314,6408.9188,450.0255,993.1488833333334,21.15568333333329,1014.3045666666668,0.65,adaptive,28,,1014.3045666666668,2.370378600824349,0.0,0.0,52.14138806584239,10797.866659259258,10800.0,10800.0,915.30844096,0.0,0.23703786008243485,915.3084409600001,0.0,915.3084409600001,0.0
B_adaptive,2025-12-21,2025-12-21,100,2025-12-21 16:40:00,2025-12-21 16:50:00,0.9163,6130.9976,173.8125,6333.2123,178.5296,1025.78045,17.082000000000107,1042.86245,0.65,adaptive,28,,1042.86245,0.0,0.0,0.0,49.99826666666684,10800.0,10800.0,10800.0,955.574862935,0.0,0.0,955.574862935,0.0,955.574862935,0.0
B_adaptive,2025-12-21,2025-12-21,101,2025-12-21 16:50:00,2025-12-21 17:00:00,0.9264,6172.78,0.0,6089.53,0.0,1014.9216666666666,7.62166666666667,1022.5433333333332,0.65,adaptive,28,,1022.5433333333332,0.0,6.25333333333333,0.0,0.0,10800.0,10793.051851851851,10800.0,947.284144,0.0,0.6948148148148148,947.2841439999999,0.0,947.2841439999999,0.0
B_adaptive,2025-12-21,2025-12-21,102,2025-12-21 17:00:00,2025-12-21 17:10:00,0.9462,6112.1742,0.0,6226.7838,0.0,1037.7973,8.86704999999995,1046.66435,0.65,adaptive,28,,1046.66435,7.720164609054336,0.0,0.0,20.24848539094569,10793.051851851851,10800.0,10800.0,990.35380797,0.0,0.7720164609054334,990.35380797,0.0,990.35380797,0.0
B_adaptive,2025-12-21,2025-12-21,103,2025-12-21 17:10:00,2025-12-21 17:20:00,0.9742,6160.7027,6.2009,6316.685,6.2357,1051.74155,16.862866666666605,1068.6044166666666,0.65,adaptive,28,,1068.6044166666666,0.0,0.0,0.0,42.85411666666664,10800.0,10800.0,10800.0,1041.0344227166663,0.0,0.0,1041.0344227166665,0.0,1041.0344227166665,0.0
B_adaptive,2025-12-21,2025-12-21,104,2025-12-21 17:20:00,2025-12-21 17:30:00,0.9862,6338.77,0.0,6285.57,0.0,1047.5949999999998,15.921666666666624,1063.5166666666664,0.65,adaptive,28,,1063.5166666666664,0.0,0.0,0.0,7.054999999999836,10800.0,10800.0,10800.0,1048.8401366666665,0.0,0.0,1048.8401366666665,0.0,1048.8401366666665,0.0
B_adaptive,2025-12-21,2025-12-21,105,2025-12-21 17:30:00,2025-12-21 17:40:00,0.976,6290.0948,0.0,6346.6991,0.0,1057.7831833333332,11.080566666666757,1068.86375,0.65,adaptive,28,,1068.86375,0.0,0.0,0.0,20.514616666666825,10800.0,10800.0,10800.0,1043.21102,0.0,0.0,1043.21102,0.0,1043.21102,0.0
B_adaptive,2025-12-21,2025-12-21,106,2025-12-21 17:40:00,2025-12-21 17:50:00,1.0742,5392.9058,0.4452,5515.747,0.4477,919.21655,19.485783333333305,938.7023333333334,0.65,adaptive,28,,938.7023333333334,0.0,0.0,0.0,39.958900000000085,10800.0,10800.0,10800.0,1008.3540464666668,0.0,0.0,1008.3540464666668,0.0,1008.3540464666668,0.0
B_adaptive,2025-12-21,2025-12-21,107,2025-12-21 17:50:00,2025-12-21 18:00:00,1.2313,4275.8,0.0,4303.33,0.0,717.2216666666666,1.588333333333253,718.8099999999998,0.65,adaptive,28,,718.81,0.0,0.0,0.0,6.17666666666662,10800.0,10800.0,10800.0,885.070753,0.0,0.0,885.070753,0.0,885.070753,0.0
B_adaptive,2025-12-21,2025-12-21,108,2025-12-21 18:00:00,2025-12-21 18:10:00,1.2561,4292.4867,0.0,4324.9496,0.0,720.8249333333333,15.859633333333363,736.6845666666667,0.65,adaptive,28,,736.6845666666668,0.0,0.0,0.0,21.27011666666681,10800.0,10800.0,10800.0,925.34948419,0.0,0.0,925.3494841900001,0.0,925.3494841900001,0.0
B_adaptive,2025-12-21,2025-12-21,109,2025-12-21 18:10:00,2025-12-21 18:20:00,1.2447,4489.6396,0.032,4468.0789,0.0321,744.6744666666666,10.673200000000008,755.3476666666666,0.65,adaptive,28,,755.3476666666666,0.0,0.0,0.0,7.079733333333252,10800.0,10800.0,10800.0,940.1812406999998,0.0,0.0,940.1812406999998,0.0,940.1812406999998,0.0
B_adaptive,2025-12-21,2025-12-21,110,2025-12-21 18:20:00,2025-12-21 18:30:00,1.2545,4380.05,0.0,4202.04,0.0,700.3399999999999,18.84333333333348,719.1833333333334,0.65,adaptive,28,,719.1833333333334,0.0,10.824999999999932,0.0,0.0,10800.0,10787.972222222224,10800.0,902.2154916666668,0.0,1.2027777777777708,902.2154916666667,0.0,902.2154916666667,0.0
B_adaptive,2025-12-21,2025-12-21,111,2025-12-21 18:30:00,2025-12-21 18:40:00,1.2522,4406.0663,0.0,4124.9898,0.0,687.4983,11.893599999999878,699.3918999999999,0.65,adaptive,28,,699.3918999999999,0.0,34.952483333333475,0.0,0.0,10787.972222222224,10749.136129629627,10800.0,875.7785371799998,0.0,3.8836092592592766,875.7785371799998,0.0,875.7785371799998,0.0
B_adaptive,2025-12-21,2025-12-21,112,2025-12-21 18:40:00,2025-12-21 18:50:00,1.2881,4500.5016,0.0023,4217.5756,0.0023,702.9288833333333,16.458650000000034,719.3875333333333,0.65,adaptive,28,,257.9932833333339,0.0,492.0899333333326,0.0,0.0,10749.136129629627,10202.369537037035,10287.339722222225,332.3211482616674,0.0,54.6766592592592,332.3211482616674,0.0,332.3211482616674,0.0
B_adaptive,2025-12-21,2025-12-21,113,2025-12-21 18:50:00,2025-12-21 19:00:00,1.3466,4490.76,0.0,4331.65,0.0,721.9416666666666,18.34333333333325,740.2849999999999,0.65,adaptive,28,,0.0,0.0,748.46,0.0,0.0,10202.369537037035,9370.747314814816,9464.800833333336,0.0,0.0,83.16222222222227,0.0,0.0,0.0,0.0
B_adaptive,2025-12-21,2025-12-21,114,2025-12-21 19:00:00,2025-12-21 19:10:00,1.3523,4334.8994,0.0,4392.2898,0.0,732.0482999999999,11.571849999999928,743.6201499999999,0.65,adaptive,28,,0.0,0.0,722.4832333333334,0.0,0.0,9370.747314814816,8567.988166666666,8638.556222222223,0.0,0.0,80.27591481481485,0.0,0.0,0.0,0.0
B_adaptive,2025-12-21,2025-12-21,115,2025-12-21 19:10:00,2025-12-21 19:20:00,1.3445,4356.9931,0.0,4452.6765,0.0,742.1127499999999,7.127700000000004,749.2404499999999,0.65,adaptive,28,,0.0,0.0,726.1655166666666,0.0,0.0,8567.988166666666,7761.137592592592,7806.066833333334,0.0,0.0,80.68505740740743,0.0,0.0,0.0,0.0
B_adaptive,2025-12-21,2025-12-21,116,2025-12-21 19:20:00,2025-12-21 19:30:00,1.3483,4466.59,0.0,4460.15,0.0,743.3583333333332,14.37666666666678,757.735,0.65,adaptive,28,,0.0,0.0,744.4316666666666,0.0,0.0,7761.137592592592,6933.991296296296,6964.139055555556,0.0,0.0,82.71462962962966,0.0,0.0,0.0,0.0
B_adaptive,2025-12-21,2025-12-21,117,2025-12-21 19:30:00,2025-12-21 19:40:00,1.349,4301.5722,0.0,4319.3481,0.0,719.89135,7.619716666666648,727.5110666666667,0.65,adaptive,28,,0.0,0.0,716.9286999999999,0.0,0.0,6933.991296296296,6137.403851851852,6155.793425925926,0.0,0.0,79.65874444444447,0.0,0.0,0.0,0.0
B_adaptive,2025-12-21,2025-12-21,118,2025-12-21 19:40:00,2025-12-21 19:50:00,1.3473,4398.717,0.0,4300.7541,0.0,716.7923499999999,15.750616666666588,732.5429666666665,0.65,adaptive,28,,0.0,0.0,733.1194999999999,0.0,0.0,6137.403851851852,5322.82662962963,5341.856796296297,0.0,0.0,81.45772222222224,0.0,0.0,0.0,0.0
B_adaptive,2025-12-21,2025-12-21,119,2025-12-21 19:50:00,2025-12-21 20:00:00,1.3482,4681.61,0.0,4470.43,0.0,745.0716666666667,14.965000000000032,760.0366666666667,0.65,adaptive,28,,0.0,0.0,780.2683333333332,0.0,0.0,5322.82662962963,4455.861814814815,4497.371611111112,0.0,0.0,86.6964814814815,0.0,0.0,0.0,0.0
B_adaptive,2025-12-21,2025-12-21,120,2025-12-21 20:00:00,2025-12-21 20:10:00,1.3513,4485.5154,0.0,4598.7249,0.0,766.45415,10.044366666666631,776.4985166666667,0.65,adaptive,28,,0.0,0.0,747.5859,0.0,0.0,4455.861814814815,3625.210814814816,3634.595481481482,0.0,0.0,83.06510000000004,0.0,0.0,0.0,0.0
B_adaptive,2025-12-21,2025-12-21,121,2025-12-21 20:10:00,2025-12-21 20:20:00,1.34,4156.9026,0.0,4477.4264,0.0,746.2377333333334,8.813483333333352,755.0512166666667,0.65,adaptive,28,,0.0,0.0,692.8171,0.0,0.0,3625.210814814816,2855.414037037038,2795.6496851851853,0.0,0.0,76.97967777777781,0.0,0.0,0.0,0.0
B_adaptive,2025-12-21,2025-12-21,122,2025-12-21 20:20:00,2025-12-21 20:30:00,1.3489,4090.51,0.0,4241.74,0.0,706.9566666666666,18.921666666666624,725.8783333333332,0.65,adaptive,28,,0.0,0.0,681.7516666666667,0.0,0.0,2855.414037037038,2097.912185185186,1989.118203703704,0.0,0.0,75.75018518518522,0.0,0.0,0.0,0.0
B_adaptive,2025-12-21,2025-12-21,123,2025-12-21 20:30:00,2025-12-21 20:40:00,1.3952,4322.2266,0.0,4240.8972,0.0,706.8162,3.390183333333312,710.2063833333333,0.65,adaptive,28,,0.0,0.0,720.3711,0.0,0.0,2097.912185185186,1297.4998518518528,1200.0,0.0,0.0,80.04123333333337,0.0,0.0,0.0,0.0
B_adaptive,2025-12-21,2025-12-21,124,2025-12-21 20:40:00,2025-12-21 20:50:00,1.2226,4336.801,0.0,4345.2631,0.0,724.2105166666666,12.151616666666769,736.3621333333334,0.65,adaptive,28,,736.3621333333335,13.561966666666876,0.0,0.0,0.0,1297.4998518518528,1309.705621851853,1200.0,900.2763442133335,0.0,1.3561966666666874,900.2763442133335,0.0,900.2763442133335,0.0
B_adaptive,2025-12-21,2025-12-21,125,2025-12-21 20:50:00,2025-12-21 21:00:00,0.9332,4144.46,0.0,4397.1,0.0,732.85,11.698333333333494,744.5483333333335,0.65,adaptive,28,,744.5483333333336,53.80500000000029,0.0,0.0,0.0,1309.705621851853,1358.1301218518531,1200.0,694.812504666667,0.0,5.380500000000028,694.812504666667,0.0,694.812504666667,0.0
B_adaptive,2025-12-21,2025-12-21,126,2025-12-21 21:00:00,2025-12-21 21:10:00,0.9068,4227.261,0.0,4366.5969,0.0,727.7661499999999,12.960000000000036,740.72615,0.65,adaptive,28,,740.72615,36.18264999999997,0.0,0.0,0.0,1358.1301218518531,1390.6945068518532,1200.0,671.69047282,0.0,3.618264999999996,671.69047282,0.0,671.69047282,0.0
B_adaptive,2025-12-21,2025-12-21,127,2025-12-21 21:10:00,2025-12-21 21:20:00,0.9371,4326.9643,0.0,4352.2444,0.0,725.3740666666665,12.530950000000075,737.9050166666666,0.65,adaptive,28,,737.9050166666666,16.744300000000067,0.0,0.0,0.0,1390.6945068518532,1405.7643768518533,1200.0,691.4907911183333,0.0,1.6744300000000063,691.4907911183333,0.0,691.4907911183333,0.0
B_adaptive,2025-12-21,2025-12-21,128,2025-12-21 21:20:00,2025-12-21 21:30:00,0.9371,4357.83,0.0,4432.75,0.0,738.7916666666666,6.916666666666743,745.7083333333334,0.65,adaptive,28,,745.7083333333335,19.40333333333353,0.0,0.0,0.0,1405.7643768518533,1423.2273768518537,1200.0,698.8032791666668,0.0,1.9403333333333528,698.8032791666668,0.0,698.8032791666668,0.0
B_adaptive,2025-12-21,2025-12-21,129,2025-12-21 21:30:00,2025-12-21 21:40:00,0.9871,4437.1142,0.0,4519.7625,0.0,753.2937499999999,13.793983333333244,767.0877333333332,0.65,adaptive,28,,767.0877333333333,27.568700000000035,0.0,0.0,0.0,1423.2273768518537,1448.0392068518536,1200.0,757.1923015733332,0.0,2.756870000000003,757.1923015733332,0.0,757.1923015733332,0.0
B_adaptive,2025-12-21,2025-12-21,130,2025-12-21 21:40:00,2025-12-21 21:50:00,0.7764,4070.9954,0.0,4098.3811,0.0,683.0635166666666,11.604449999999929,694.6679666666665,0.65,adaptive,28,,694.6679666666665,16.168733333333307,0.0,0.0,0.0,1448.0392068518536,1462.5910668518536,1200.0,539.3402093199999,0.0,1.6168733333333303,539.3402093199999,0.0,539.3402093199999,0.0
B_adaptive,2025-12-21,2025-12-21,131,2025-12-21 21:50:00,2025-12-21 22:00:00,0.4209,3434.4,0.0,3422.17,0.0,570.3616666666667,10.198333333333268,580.56,0.65,adaptive,28,,1413.8933333333332,833.3333333333333,0.0,0.0,8.159999999999968,1462.5910668518536,2212.5910668518536,1950.0,595.1077039999999,0.0,83.3333333333333,595.1077039999999,0.0,595.1077039999999,0.0
B_adaptive,2025-12-21,2025-12-21,132,2025-12-21 22:00:00,2025-12-21 22:10:00,0.3859,3270.5539,0.0,3317.5117,0.0,552.9186166666666,18.950399999999945,571.8690166666665,0.65,adaptive,28,,1405.2023499999998,833.3333333333333,0.0,0.0,26.77669999999989,2212.5910668518536,2962.5910668518536,2700.0,542.267586865,0.0,83.3333333333333,542.267586865,0.0,542.267586865,0.0
B_adaptive,2025-12-21,2025-12-21,133,2025-12-21 22:10:00,2025-12-21 22:20:00,0.4368,3305.0168,0.0,3418.9331,0.0,569.8221833333333,10.97580000000005,580.7979833333334,0.65,adaptive,28,,1247.464649999998,696.6285166666648,0.0,0.0,0.0,2962.5910668518536,3589.556731851852,3299.999999999998,544.8925591199992,0.0,69.66285166666647,544.8925591199992,0.0,544.8925591199992,0.0
B_adaptive,2025-12-21,2025-12-21,134,2025-12-21 22:20:00,2025-12-21 22:30:00,0.4198,3255.6,0.0,3395.77,0.0,565.9616666666666,7.786666666666747,573.7483333333333,0.65,adaptive,28,,1407.0816666666665,833.3333333333333,0.0,0.0,31.148333333333312,3589.556731851852,4339.556731851852,4049.999999999998,590.6928836666666,0.0,83.3333333333333,590.6928836666666,0.0,590.6928836666666,0.0
B_adaptive,2025-12-21,2025-12-21,135,2025-12-21 22:30:00,2025-12-21 22:40:00,0.4186,3155.514,0.0,3290.1474,0.0,548.3579,11.322900000000004,559.6808,0.65,adaptive,28,,1393.0141333333331,833.3333333333333,0.0,0.0,33.76179999999988,4339.556731851852,5089.556731851852,4799.999999999998,583.1157162133333,0.0,83.3333333333333,583.1157162133333,0.0,583.1157162133333,0.0
B_adaptive,2025-12-21,2025-12-21,136,2025-12-21 22:40:00,2025-12-21 22:50:00,0.4241,3260.3635,0.0,3259.769,0.0,543.2948333333333,17.30749999999989,560.6023333333331,0.65,adaptive,28,,1393.9356666666663,833.3333333333333,0.0,0.0,17.20841666666638,5089.556731851852,5839.556731851852,5549.999999999998,591.1681162333332,0.0,83.3333333333333,591.1681162333332,0.0,591.1681162333332,0.0
B_adaptive,2025-12-21,2025-12-21,137,2025-12-21 22:50:00,2025-12-21 23:00:00,0.4237,3508.97,0.0,3349.95,0.0,558.3249999999999,16.383333333333326,574.7083333333333,0.65,adaptive,28,,1408.0416666666663,823.2133333333333,0.0,0.0,0.0,5839.556731851852,6580.448731851851,6299.999999999998,596.5872541666666,0.0,82.32133333333331,596.5872541666665,0.0,596.5872541666665,0.0
B_adaptive,2025-12-21,2025-12-21,138,2025-12-21 23:00:00,2025-12-21 23:10:00,0.4248,3554.7154,0.0,3468.8979,0.0,578.14965,17.122133333333295,595.2717833333332,0.65,adaptive,28,,1428.6051166666666,833.3333333333333,0.0,0.0,2.8192166666667617,6580.448731851851,7330.448731851851,7049.999999999998,606.87145356,0.0,83.3333333333333,606.87145356,0.0,606.87145356,0.0
B_adaptive,2025-12-21,2025-12-21,139,2025-12-21 23:10:00,2025-12-21 23:20:00,0.424,3395.6628,0.0,3527.78,0.0,587.9633333333334,22.522916666666674,610.48625,0.65,adaptive,28,,1443.8195833333334,833.3333333333333,0.0,0.0,44.542450000000144,7330.448731851851,8080.448731851851,7799.999999999998,612.1795033333334,0.0,83.3333333333333,612.1795033333334,0.0,612.1795033333334,0.0
B_adaptive,2025-12-21,2025-12-21,140,2025-12-21 23:20:00,2025-12-21 23:30:00,0.422,3305.59,0.0,3469.79,0.0,578.2983333333333,18.59999999999997,596.8983333333333,0.65,adaptive,28,,1430.2316666666666,833.3333333333333,0.0,0.0,45.9666666666667,8080.448731851851,8830.448731851851,8549.999999999998,603.5577633333332,0.0,83.3333333333333,603.5577633333332,0.0,603.5577633333332,0.0
B_adaptive,2025-12-21,2025-12-21,141,2025-12-21 23:30:00,2025-12-21 23:40:00,0.424,3539.7613,0.0,3342.6141,0.0,557.1023499999999,13.506150000000048,570.6084999999999,0.65,adaptive,28,,1403.9418333333333,813.9816166666667,0.0,0.0,0.0,8830.448731851851,9563.032186851851,9299.999999999998,595.2713373333333,0.0,81.39816166666665,595.2713373333333,0.0,595.2713373333333,0.0
B_adaptive,2025-12-21,2025-12-21,142,2025-12-21 23:40:00,2025-12-21 23:50:00,0.4271,3571.991,0.0,3467.4898,0.0,577.9149666666666,12.960316666666586,590.8752833333332,0.65,adaptive,28,,1424.2086166666663,828.876783333333,0.0,0.0,0.0,9563.032186851851,10309.021291851852,10049.999999999998,608.2795001783331,0.0,82.88767833333328,608.2795001783331,0.0,608.2795001783331,0.0
B_adaptive,2025-12-21,2025-12-21,143,2025-12-21 23:50:00,2025-12-22 00:00:00,0.4276,3464.4,0.0,3657.78,0.0,609.63,16.33333333333337,625.9633333333334,0.65,adaptive,28,,1459.296666666669,545.5318979423868,0.0,0.0,336.36476872428216,10309.021291851852,10800.0,10800.0,623.9952546666676,0.0,54.55318979423866,623.9952546666676,0.0,623.9952546666676,0.0
